"_primaryKey","_firstSeenAt","_lastSeenAt","listingId","eventId","pricePrefee","priceTotal","priceFaceValue","salesTax","preTaxTotal","availableLots","section","row","sectionGroup","seats","deliveryType","transferType","ticketType","deal","savingsAmount","savingsPercent","disclosures","inHandDate","eventName","eventCategory","eventDatetimeUtc","eventVenueId"
"6a97443f2924f336bea4f3fd","2026-09-01 23:59:59.121","2026-09-01 23:59:59.121","6a97443f2924f336bea4f3fd","68af5b7131b0417b2a9d6279","[PREMIUM]","[PREMIUM]","[PREMIUM]","[PREMIUM]","[PREMIUM]","[2]","120","AA","Senate","['*','*']","direct",,"tdc",,"[PREMIUM]","[PREMIUM]","[]","2026-09-09 00:00:00","Toronto Blue Jays at Athletics","mlb","2026-09-09 19:05:00","55313d1878fea568e6000001"
"6a97442e2924f336bea10260","2026-09-01 23:59:59.121","2026-09-01 23:59:59.121","6a97442e2924f336bea10260","68af5b7131b0417b2a9d6279","[PREMIUM]","[PREMIUM]","[PREMIUM]","[PREMIUM]","[PREMIUM]","[2]","113","2","Senate","['*','*']","direct",,"tdc",,"[PREMIUM]","[PREMIUM]","[]","2026-09-09 00:00:00","Toronto Blue Jays at Athletics","mlb","2026-09-09 19:05:00","55313d1878fea568e6000001"
"6a97446f2924f336beb1db40","2026-09-01 23:59:59.121","2026-09-01 23:59:59.121","6a97446f2924f336beb1db40","68af5b7131b0417b2a9d6279","[PREMIUM]","[PREMIUM]","[PREMIUM]","[PREMIUM]","[PREMIUM]","[2]","102","12","Assembly","['*','*']","direct",,"tdc",,"[PREMIUM]","[PREMIUM]","[]","2026-09-09 00:00:00","Toronto Blue Jays at Athletics","mlb","2026-09-09 19:05:00","55313d1878fea568e6000001"
"6a97443d2924f336bea48c47","2026-09-01 23:59:59.121","2026-09-01 23:59:59.121","6a97443d2924f336bea48c47","68af5b7131b0417b2a9d6279","[PREMIUM]","[PREMIUM]","[PREMIUM]","[PREMIUM]","[PREMIUM]","[2,4]","112","25","Senate","['*','*','*','*']","direct",,"tdc",,"[PREMIUM]","[PREMIUM]","[]","2026-09-09 00:00:00","Toronto Blue Jays at Athletics","mlb","2026-09-09 19:05:00","55313d1878fea568e6000001"
"6a97445e2924f336beace0b9","2026-09-01 23:59:59.121","2026-09-01 23:59:59.121","6a97445e2924f336beace0b9","68af5b7131b0417b2a9d6279","[PREMIUM]","[PREMIUM]","[PREMIUM]","[PREMIUM]","[PREMIUM]","[2]","106","4","Senate","['*','*']","direct",,"tdc",,"[PREMIUM]","[PREMIUM]","[]","2026-09-09 00:00:00","Toronto Blue Jays at Athletics","mlb","2026-09-09 19:05:00","55313d1878fea568e6000001"
"6a9744642924f336beae91e0","2026-09-01 23:59:59.121","2026-09-01 23:59:59.121","6a9744642924f336beae91e0","68af5b7131b0417b2a9d6279","[PREMIUM]","[PREMIUM]","[PREMIUM]","[PREMIUM]","[PREMIUM]","[2,4]","C","1","Dugout Club","['*','*','*','*']","direct",,"tdc",,"[PREMIUM]","[PREMIUM]","[]","2026-09-09 00:00:00","Toronto Blue Jays at Athletics","mlb","2026-09-09 19:05:00","55313d1878fea568e6000001"
"6a9744672924f336beaf6d12","2026-09-01 23:59:59.121","2026-09-01 23:59:59.121","6a9744672924f336beaf6d12","68af5b7131b0417b2a9d6279","[PREMIUM]","[PREMIUM]","[PREMIUM]","[PREMIUM]","[PREMIUM]","[2]","201","2","Solon Club","['*','*']","direct",,"tdc",,"[PREMIUM]","[PREMIUM]","[]","2026-09-09 00:00:00","Toronto Blue Jays at Athletics","mlb","2026-09-09 19:05:00","55313d1878fea568e6000001"
"6a96d5e59e9f46bba59bead6","2026-09-01 23:59:59.121","2026-09-01 23:59:59.121","6a96d5e59e9f46bba59bead6","68af5b7131b0417b2a9d6279","[PREMIUM]","[PREMIUM]","[PREMIUM]","[PREMIUM]","[PREMIUM]","[1,2,3,4,5,6,7,8]","115","27","Senate","['*','*','*','*','*','*','*','*']","direct",,"tdc",,"[PREMIUM]","[PREMIUM]","[]","2026-09-08 00:00:00","Toronto Blue Jays at Athletics","mlb","2026-09-09 19:05:00","55313d1878fea568e6000001"
"6a96d5e1e5436e9eeb3ff9d4","2026-09-01 23:59:59.121","2026-09-01 23:59:59.121","6a96d5e1e5436e9eeb3ff9d4","68af5b7131b0417b2a9d6279","[PREMIUM]","[PREMIUM]","[PREMIUM]","[PREMIUM]","[PREMIUM]","[2]","114","29","Senate","['*','*']","direct",,"tdc",,"[PREMIUM]","[PREMIUM]","[]","2026-09-08 00:00:00","Toronto Blue Jays at Athletics","mlb","2026-09-09 19:05:00","55313d1878fea568e6000001"
"6a96d5e5e5436e9eeb3ff9e1","2026-09-01 23:59:59.121","2026-09-01 23:59:59.121","6a96d5e5e5436e9eeb3ff9e1","68af5b7131b0417b2a9d6279","[PREMIUM]","[PREMIUM]","[PREMIUM]","[PREMIUM]","[PREMIUM]","[1,2,3,4,5,6,7,8]","115","22","Senate","['*','*','*','*','*','*','*','*']","direct",,"tdc",,"[PREMIUM]","[PREMIUM]","[]","2026-09-08 00:00:00","Toronto Blue Jays at Athletics","mlb","2026-09-09 19:05:00","55313d1878fea568e6000001"
"6a972d35685dbf2b64b58bd0","2026-09-01 23:59:59.121","2026-09-01 23:59:59.121","6a972d35685dbf2b64b58bd0","68af5b7131b0417b2a9d6279","[PREMIUM]","[PREMIUM]","[PREMIUM]","[PREMIUM]","[PREMIUM]","[1,2,3,4,5,6,7,8]","121","16","Assembly","['*','*','*','*','*','*','*','*']","direct",,"tdc",,"[PREMIUM]","[PREMIUM]","[]","2026-09-08 00:00:00","Toronto Blue Jays at Athletics","mlb","2026-09-09 19:05:00","55313d1878fea568e6000001"
"6a97030ceba0965f92038f71","2026-09-01 23:59:59.121","2026-09-03 03:23:59.719","6a97030ceba0965f92038f71","68af5b7131b0417b2a9d6279","[PREMIUM]","[PREMIUM]","[PREMIUM]","[PREMIUM]","[PREMIUM]","[1,2,3,5]","118","29","Senate","['*','*','*','*','*']","direct",,"tdc",,"[PREMIUM]","[PREMIUM]","[]","2026-09-08 00:00:00","Toronto Blue Jays at Athletics","mlb","2026-09-09 19:05:00","55313d1878fea568e6000001"
"6a97030d4e27e9d5e0984260","2026-09-01 23:59:59.121","2026-09-01 23:59:59.121","6a97030d4e27e9d5e0984260","68af5b7131b0417b2a9d6279","[PREMIUM]","[PREMIUM]","[PREMIUM]","[PREMIUM]","[PREMIUM]","[2]","119","29","Senate","['*','*']","direct",,"tdc",,"[PREMIUM]","[PREMIUM]","[]","2026-09-08 00:00:00","Toronto Blue Jays at Athletics","mlb","2026-09-09 19:05:00","55313d1878fea568e6000001"
"6a97030cdf7bfab2f9cab48e","2026-09-01 23:59:59.121","2026-09-01 23:59:59.121","6a97030cdf7bfab2f9cab48e","68af5b7131b0417b2a9d6279","[PREMIUM]","[PREMIUM]","[PREMIUM]","[PREMIUM]","[PREMIUM]","[2,4]","119","22","Senate","['*','*','*','*']","direct",,"tdc",,"[PREMIUM]","[PREMIUM]","[]","2026-09-08 00:00:00","Toronto Blue Jays at Athletics","mlb","2026-09-09 19:05:00","55313d1878fea568e6000001"
"6a96e96b2924f336be35d5a4","2026-09-01 23:59:59.121","2026-09-08 19:43:09.070","6a96e96b2924f336be35d5a4","68af5b7131b0417b2a9d6279","[PREMIUM]","[PREMIUM]","[PREMIUM]","[PREMIUM]","[PREMIUM]","[1,2,3,4,6]","112","10","Senate","['1','2','3','4','5','6']","direct",,"tdc",,"[PREMIUM]","[PREMIUM]","[]",,"Toronto Blue Jays at Athletics","mlb","2026-09-09 19:05:00","55313d1878fea568e6000001"
"6a96e6cc40d82c81e452a59d","2026-09-01 23:59:59.121","2026-09-01 23:59:59.121","6a96e6cc40d82c81e452a59d","68af5b7131b0417b2a9d6279","[PREMIUM]","[PREMIUM]","[PREMIUM]","[PREMIUM]","[PREMIUM]","[1,2,3,4,5,6,7,8]","116","27","Senate","['*','*','*','*','*','*','*','*']","direct",,"tdc",,"[PREMIUM]","[PREMIUM]","[]","2026-09-08 00:00:00","Toronto Blue Jays at Athletics","mlb","2026-09-09 19:05:00","55313d1878fea568e6000001"
"6a9669182615fa009a7aad6b","2026-09-01 23:59:59.121","2026-09-03 03:23:59.719","6a9669182615fa009a7aad6b","68af5b7131b0417b2a9d6279","[PREMIUM]","[PREMIUM]","[PREMIUM]","[PREMIUM]","[PREMIUM]","[2]","108","21","Senate","['*','*']","direct",,"tdc",,"[PREMIUM]","[PREMIUM]","[]","2026-09-08 00:00:00","Toronto Blue Jays at Athletics","mlb","2026-09-09 19:05:00","55313d1878fea568e6000001"
"6a966918368ff6ef52f9a78a","2026-09-01 23:59:59.121","2026-09-03 03:23:59.719","6a966918368ff6ef52f9a78a","68af5b7131b0417b2a9d6279","[PREMIUM]","[PREMIUM]","[PREMIUM]","[PREMIUM]","[PREMIUM]","[1,2,3,4,5,6,7,8]","108","29","Senate","['*','*','*','*','*','*','*','*']","direct",,"tdc",,"[PREMIUM]","[PREMIUM]","[]","2026-09-08 00:00:00","Toronto Blue Jays at Athletics","mlb","2026-09-09 19:05:00","55313d1878fea568e6000001"
"6a9669184e27e9d5e0971cff","2026-09-01 23:59:59.121","2026-09-01 23:59:59.121","6a9669184e27e9d5e0971cff","68af5b7131b0417b2a9d6279","[PREMIUM]","[PREMIUM]","[PREMIUM]","[PREMIUM]","[PREMIUM]","[1,2,3,4,5,7]","103","29","Assembly","['*','*','*','*','*','*','*']","direct",,"tdc",,"[PREMIUM]","[PREMIUM]","[]","2026-09-08 00:00:00","Toronto Blue Jays at Athletics","mlb","2026-09-09 19:05:00","55313d1878fea568e6000001"
"6a96691850a7985ec858a6f3","2026-09-01 23:59:59.121","2026-09-03 03:23:59.719","6a96691850a7985ec858a6f3","68af5b7131b0417b2a9d6279","[PREMIUM]","[PREMIUM]","[PREMIUM]","[PREMIUM]","[PREMIUM]","[1,2,3,5]","106","29","Senate","['*','*','*','*','*']","direct",,"tdc",,"[PREMIUM]","[PREMIUM]","[]","2026-09-08 00:00:00","Toronto Blue Jays at Athletics","mlb","2026-09-09 19:05:00","55313d1878fea568e6000001"
"6a966918e50f810c43f40c5d","2026-09-01 23:59:59.121","2026-09-03 03:23:59.719","6a966918e50f810c43f40c5d","68af5b7131b0417b2a9d6279","[PREMIUM]","[PREMIUM]","[PREMIUM]","[PREMIUM]","[PREMIUM]","[1,2,3,4,5,6,7,8]","108","25","Senate","['*','*','*','*','*','*','*','*']","direct",,"tdc",,"[PREMIUM]","[PREMIUM]","[]","2026-09-08 00:00:00","Toronto Blue Jays at Athletics","mlb","2026-09-09 19:05:00","55313d1878fea568e6000001"
"6a966919d83c2529993fb6ae","2026-09-01 23:59:59.121","2026-09-03 03:23:59.719","6a966919d83c2529993fb6ae","68af5b7131b0417b2a9d6279","[PREMIUM]","[PREMIUM]","[PREMIUM]","[PREMIUM]","[PREMIUM]","[1,2,3,4,5,6,7,8]","107","27","Senate","['*','*','*','*','*','*','*','*']","direct",,"tdc",,"[PREMIUM]","[PREMIUM]","[]","2026-09-08 00:00:00","Toronto Blue Jays at Athletics","mlb","2026-09-09 19:05:00","55313d1878fea568e6000001"
"6a9665c34e27e9d5e0971862","2026-09-01 23:59:59.121","2026-09-01 23:59:59.121","6a9665c34e27e9d5e0971862","68af5b7131b0417b2a9d6279","[PREMIUM]","[PREMIUM]","[PREMIUM]","[PREMIUM]","[PREMIUM]","[1,2,3,4,5,7]","105","26","Senate","['*','*','*','*','*','*','*']","direct",,"tdc",,"[PREMIUM]","[PREMIUM]","[]","2026-09-08 00:00:00","Toronto Blue Jays at Athletics","mlb","2026-09-09 19:05:00","55313d1878fea568e6000001"
"6a960a111f87ae9fb7170c13","2026-09-01 23:59:59.121","2026-09-03 03:23:59.719","6a960a111f87ae9fb7170c13","68af5b7131b0417b2a9d6279","[PREMIUM]","[PREMIUM]","[PREMIUM]","[PREMIUM]","[PREMIUM]","[2,4]","103","11","Assembly","['*','*','*','*']","direct",,"tdc",,"[PREMIUM]","[PREMIUM]","[]","2026-09-08 00:00:00","Toronto Blue Jays at Athletics","mlb","2026-09-09 19:05:00","55313d1878fea568e6000001"
"6a960a1158984a6d4edb2a4e","2026-09-01 23:59:59.121","2026-09-03 03:23:59.719","6a960a1158984a6d4edb2a4e","68af5b7131b0417b2a9d6279","[PREMIUM]","[PREMIUM]","[PREMIUM]","[PREMIUM]","[PREMIUM]","[1,2,3,4,5,6,7,8]","103","17","Assembly","['*','*','*','*','*','*','*','*']","direct",,"tdc",,"[PREMIUM]","[PREMIUM]","[]","2026-09-08 00:00:00","Toronto Blue Jays at Athletics","mlb","2026-09-09 19:05:00","55313d1878fea568e6000001"
"6a960a1265b94b08885459ba","2026-09-01 23:59:59.121","2026-09-03 03:23:59.719","6a960a1265b94b08885459ba","68af5b7131b0417b2a9d6279","[PREMIUM]","[PREMIUM]","[PREMIUM]","[PREMIUM]","[PREMIUM]","[1,2,3,4,5,6,7,8]","101","17","Assembly","['*','*','*','*','*','*','*','*']","direct",,"tdc",,"[PREMIUM]","[PREMIUM]","[]","2026-09-08 00:00:00","Toronto Blue Jays at Athletics","mlb","2026-09-09 19:05:00","55313d1878fea568e6000001"
"693297994c87f865d0753ad6","2026-09-01 23:59:59.121","2026-09-01 23:59:59.121","693297994c87f865d0753ad6","68af5b7131b0417b2a9d6279","[PREMIUM]","[PREMIUM]","[PREMIUM]","[PREMIUM]","[PREMIUM]","[1,2,3,4,5,7]","120","1","Senate","['7','8','9','10','11','12','13']","direct",,"tdc",,"[PREMIUM]","[PREMIUM]","[]","2026-09-08 00:00:00","Toronto Blue Jays at Athletics","mlb","2026-09-09 19:05:00","55313d1878fea568e6000001"
"6a95c03c27874af2a431a07a","2026-09-01 23:59:59.121","2026-09-01 23:59:59.121","6a95c03c27874af2a431a07a","68af5b7131b0417b2a9d6279","[PREMIUM]","[PREMIUM]","[PREMIUM]","[PREMIUM]","[PREMIUM]","[2,4]","120","28","Senate","['*','*','*','*']","direct",,"tdc",,"[PREMIUM]","[PREMIUM]","[]","2026-09-08 00:00:00","Toronto Blue Jays at Athletics","mlb","2026-09-09 19:05:00","55313d1878fea568e6000001"
"6a95c03c821fecbf2d53b3ee","2026-09-01 23:59:59.121","2026-09-01 23:59:59.121","6a95c03c821fecbf2d53b3ee","68af5b7131b0417b2a9d6279","[PREMIUM]","[PREMIUM]","[PREMIUM]","[PREMIUM]","[PREMIUM]","[1,2,3,4,5,6,7,8]","123","13","Assembly","['*','*','*','*','*','*','*','*']","direct",,"tdc",,"[PREMIUM]","[PREMIUM]","[]","2026-09-08 00:00:00","Toronto Blue Jays at Athletics","mlb","2026-09-09 19:05:00","55313d1878fea568e6000001"
"6a9468b9db2757915b5e567b","2026-09-01 23:59:59.121","2026-09-07 16:30:01.145","6a9468b9db2757915b5e567b","68af5b7131b0417b2a9d6279","[PREMIUM]","[PREMIUM]","[PREMIUM]","[PREMIUM]","[PREMIUM]","[2]","123","8","Assembly","['*','*']","mobile","mlb","tdc",,"[PREMIUM]","[PREMIUM]","[]","2026-09-08 19:05:00","Toronto Blue Jays at Athletics","mlb","2026-09-09 19:05:00","55313d1878fea568e6000001"
"6a97389577acf7a9eb6ce230","2026-09-01 23:59:59.121","2026-09-03 03:23:59.719","6a97389577acf7a9eb6ce230","68af5b7131b0417b2a9d6279","[PREMIUM]","[PREMIUM]","[PREMIUM]","[PREMIUM]","[PREMIUM]","[1,2,3,4,5,7]","125","20","Value Corner","['*','*','*','*','*','*','*']","direct",,"tdc","great","[PREMIUM]","[PREMIUM]","[]","2026-09-08 00:00:00","Toronto Blue Jays at Athletics","mlb","2026-09-09 19:05:00","55313d1878fea568e6000001"
"6a9730a5fcfcd4d95b201165","2026-09-01 23:59:59.121","2026-09-03 03:23:59.719","6a9730a5fcfcd4d95b201165","68af5b7131b0417b2a9d6279","[PREMIUM]","[PREMIUM]","[PREMIUM]","[PREMIUM]","[PREMIUM]","[1,2,3,4,5,6,7,8]","124","20","Assembly","['*','*','*','*','*','*','*','*']","direct",,"tdc",,"[PREMIUM]","[PREMIUM]","[]","2026-09-08 00:00:00","Toronto Blue Jays at Athletics","mlb","2026-09-09 19:05:00","55313d1878fea568e6000001"
"6a9737825fd1c8f19187d72b","2026-09-01 23:59:59.121","2026-09-01 23:59:59.121","6a9737825fd1c8f19187d72b","68af5b7131b0417b2a9d6279","[PREMIUM]","[PREMIUM]","[PREMIUM]","[PREMIUM]","[PREMIUM]","[2,4]","117","29","Senate","['*','*','*','*']","direct",,"tdc",,"[PREMIUM]","[PREMIUM]","[]","2026-09-08 00:00:00","Toronto Blue Jays at Athletics","mlb","2026-09-09 19:05:00","55313d1878fea568e6000001"
"6a972f381de3379052963e46","2026-09-01 23:59:59.121","2026-09-01 23:59:59.121","6a972f381de3379052963e46","68af5b7131b0417b2a9d6279","[PREMIUM]","[PREMIUM]","[PREMIUM]","[PREMIUM]","[PREMIUM]","[1,2,3,4,5,6,7,8]","121","22","Assembly","['*','*','*','*','*','*','*','*']","direct",,"tdc",,"[PREMIUM]","[PREMIUM]","[]","2026-09-08 00:00:00","Toronto Blue Jays at Athletics","mlb","2026-09-09 19:05:00","55313d1878fea568e6000001"
"6a9730a5ec0885fdefeff9ee","2026-09-01 23:59:59.121","2026-09-01 23:59:59.121","6a9730a5ec0885fdefeff9ee","68af5b7131b0417b2a9d6279","[PREMIUM]","[PREMIUM]","[PREMIUM]","[PREMIUM]","[PREMIUM]","[1,2,3,4,5,6,7,8]","HRHILL","GA","Lawn","['*','*','*','*','*','*','*','*']","direct",,"tdc","great","[PREMIUM]","[PREMIUM]","[]","2026-09-08 00:00:00","Toronto Blue Jays at Athletics","mlb","2026-09-09 19:05:00","55313d1878fea568e6000001"
"6a9730a5a02c80c2d28bf303","2026-09-01 23:59:59.121","2026-09-03 03:23:59.719","6a9730a5a02c80c2d28bf303","68af5b7131b0417b2a9d6279","[PREMIUM]","[PREMIUM]","[PREMIUM]","[PREMIUM]","[PREMIUM]","[2]","204","6","Solon Club","['*','*']","direct",,"tdc",,"[PREMIUM]","[PREMIUM]","[]","2026-09-08 00:00:00","Toronto Blue Jays at Athletics","mlb","2026-09-09 19:05:00","55313d1878fea568e6000001"
"6a9730a2bd7087abe009c905","2026-09-01 23:59:59.121","2026-09-03 03:23:59.719","6a9730a2bd7087abe009c905","68af5b7131b0417b2a9d6279","[PREMIUM]","[PREMIUM]","[PREMIUM]","[PREMIUM]","[PREMIUM]","[2,4]","205","6","Solon Club","['*','*','*','*']","direct",,"tdc",,"[PREMIUM]","[PREMIUM]","[]","2026-09-08 00:00:00","Toronto Blue Jays at Athletics","mlb","2026-09-09 19:05:00","55313d1878fea568e6000001"
"6a9730a2a02c80c2d28bf2ff","2026-09-01 23:59:59.121","2026-09-01 23:59:59.121","6a9730a2a02c80c2d28bf2ff","68af5b7131b0417b2a9d6279","[PREMIUM]","[PREMIUM]","[PREMIUM]","[PREMIUM]","[PREMIUM]","[1,2,3,4,5,6,7,8]","106","25","Senate","['*','*','*','*','*','*','*','*']","direct",,"tdc",,"[PREMIUM]","[PREMIUM]","[]","2026-09-08 00:00:00","Toronto Blue Jays at Athletics","mlb","2026-09-09 19:05:00","55313d1878fea568e6000001"
"6a97389458984a6d4eddc796","2026-09-01 23:59:59.121","2026-09-03 03:23:59.719","6a97389458984a6d4eddc796","68af5b7131b0417b2a9d6279","[PREMIUM]","[PREMIUM]","[PREMIUM]","[PREMIUM]","[PREMIUM]","[2,4]","201","6","Solon Club","['*','*','*','*']","direct",,"tdc",,"[PREMIUM]","[PREMIUM]","[]","2026-09-08 00:00:00","Toronto Blue Jays at Athletics","mlb","2026-09-09 19:05:00","55313d1878fea568e6000001"
"6a96c1c6113cf395576b21c1","2026-09-01 23:59:59.121","2026-09-01 23:59:59.121","6a96c1c6113cf395576b21c1","68af5b7131b0417b2a9d6279","[PREMIUM]","[PREMIUM]","[PREMIUM]","[PREMIUM]","[PREMIUM]","[1,2,3,4,5,6,7,8]","109","23","Senate","['*','*','*','*','*','*','*','*']","direct",,"tdc",,"[PREMIUM]","[PREMIUM]","[]","2026-09-08 00:00:00","Toronto Blue Jays at Athletics","mlb","2026-09-09 19:05:00","55313d1878fea568e6000001"
"6a96bae5113cf395576b15a8","2026-09-01 23:59:59.121","2026-09-01 23:59:59.121","6a96bae5113cf395576b15a8","68af5b7131b0417b2a9d6279","[PREMIUM]","[PREMIUM]","[PREMIUM]","[PREMIUM]","[PREMIUM]","[1,2,3,4,5,6,7,8]","114","23","Senate","['*','*','*','*','*','*','*','*']","direct",,"tdc",,"[PREMIUM]","[PREMIUM]","[]","2026-09-08 00:00:00","Toronto Blue Jays at Athletics","mlb","2026-09-09 19:05:00","55313d1878fea568e6000001"
"6a96c1c658984a6d4edca2ea","2026-09-01 23:59:59.121","2026-09-01 23:59:59.121","6a96c1c658984a6d4edca2ea","68af5b7131b0417b2a9d6279","[PREMIUM]","[PREMIUM]","[PREMIUM]","[PREMIUM]","[PREMIUM]","[1,2,3,4,5,6,7,8]","110","27","Senate","['*','*','*','*','*','*','*','*']","direct",,"tdc",,"[PREMIUM]","[PREMIUM]","[]","2026-09-08 00:00:00","Toronto Blue Jays at Athletics","mlb","2026-09-09 19:05:00","55313d1878fea568e6000001"
"6a96bae51176448f05b88641","2026-09-01 23:59:59.121","2026-09-01 23:59:59.121","6a96bae51176448f05b88641","68af5b7131b0417b2a9d6279","[PREMIUM]","[PREMIUM]","[PREMIUM]","[PREMIUM]","[PREMIUM]","[1,2,3,4,5,6,7,8]","109","28","Senate","['*','*','*','*','*','*','*','*']","direct",,"tdc",,"[PREMIUM]","[PREMIUM]","[]","2026-09-08 00:00:00","Toronto Blue Jays at Athletics","mlb","2026-09-09 19:05:00","55313d1878fea568e6000001"
"6a96bc7740d82c81e4523f77","2026-09-01 23:59:59.121","2026-09-01 23:59:59.121","6a96bc7740d82c81e4523f77","68af5b7131b0417b2a9d6279","[PREMIUM]","[PREMIUM]","[PREMIUM]","[PREMIUM]","[PREMIUM]","[1,2,3,4,5,6,7,8]","111","25","Senate","['*','*','*','*','*','*','*','*']","direct",,"tdc",,"[PREMIUM]","[PREMIUM]","[]","2026-09-08 00:00:00","Toronto Blue Jays at Athletics","mlb","2026-09-09 19:05:00","55313d1878fea568e6000001"
"6a95ddc74899d7ba0476d174","2026-09-01 23:59:59.121","2026-09-01 23:59:59.121","6a95ddc74899d7ba0476d174","68af5b7131b0417b2a9d6279","[PREMIUM]","[PREMIUM]","[PREMIUM]","[PREMIUM]","[PREMIUM]","[1,2,3,4,5,6,7,8]","123","17","Assembly","['*','*','*','*','*','*','*','*']","direct",,"tdc",,"[PREMIUM]","[PREMIUM]","[]","2026-09-08 00:00:00","Toronto Blue Jays at Athletics","mlb","2026-09-09 19:05:00","55313d1878fea568e6000001"
"69a1ff6bc42be979a8d16499","2026-09-01 23:59:59.121","2026-09-08 19:43:09.070","69a1ff6bc42be979a8d16499","68af5b7131b0417b2a9d6279","[PREMIUM]","[PREMIUM]","[PREMIUM]","[PREMIUM]","[PREMIUM]","[1,2,3,4,5,6,8]","119","6","Senate","['5','6','7','8','9','10','11','12']","direct",,"tdc",,"[PREMIUM]","[PREMIUM]","[]",,"Toronto Blue Jays at Athletics","mlb","2026-09-09 19:05:00","55313d1878fea568e6000001"
"6a964bc904e80deada246f24","2026-09-01 23:59:59.121","2026-09-03 03:23:59.719","6a964bc904e80deada246f24","68af5b7131b0417b2a9d6279","[PREMIUM]","[PREMIUM]","[PREMIUM]","[PREMIUM]","[PREMIUM]","[1,2,3,4,5,6,7,8]","104","18","Senate","['*','*','*','*','*','*','*','*']","direct",,"tdc",,"[PREMIUM]","[PREMIUM]","[]","2026-09-08 00:00:00","Toronto Blue Jays at Athletics","mlb","2026-09-09 19:05:00","55313d1878fea568e6000001"
"6a964bc965b94b0888550959","2026-09-01 23:59:59.121","2026-09-03 03:23:59.719","6a964bc965b94b0888550959","68af5b7131b0417b2a9d6279","[PREMIUM]","[PREMIUM]","[PREMIUM]","[PREMIUM]","[PREMIUM]","[2]","103","21","Assembly","['*','*']","direct",,"tdc",,"[PREMIUM]","[PREMIUM]","[]","2026-09-08 00:00:00","Toronto Blue Jays at Athletics","mlb","2026-09-09 19:05:00","55313d1878fea568e6000001"
"6a964bca2615fa009a7a6805","2026-09-01 23:59:59.121","2026-09-03 03:23:59.719","6a964bca2615fa009a7a6805","68af5b7131b0417b2a9d6279","[PREMIUM]","[PREMIUM]","[PREMIUM]","[PREMIUM]","[PREMIUM]","[1,2,3,4,5,6,7,8]","101","13","Assembly","['*','*','*','*','*','*','*','*']","direct",,"tdc",,"[PREMIUM]","[PREMIUM]","[]","2026-09-08 00:00:00","Toronto Blue Jays at Athletics","mlb","2026-09-09 19:05:00","55313d1878fea568e6000001"
"6a964bca40d82c81e45180a3","2026-09-01 23:59:59.121","2026-09-01 23:59:59.121","6a964bca40d82c81e45180a3","68af5b7131b0417b2a9d6279","[PREMIUM]","[PREMIUM]","[PREMIUM]","[PREMIUM]","[PREMIUM]","[1,2,3,4,5,6,7,8]","103","25","Assembly","['*','*','*','*','*','*','*','*']","direct",,"tdc",,"[PREMIUM]","[PREMIUM]","[]","2026-09-08 00:00:00","Toronto Blue Jays at Athletics","mlb","2026-09-09 19:05:00","55313d1878fea568e6000001"
"6a964bdcda435fedb647b91a","2026-09-01 23:59:59.121","2026-09-01 23:59:59.121","6a964bdcda435fedb647b91a","68af5b7131b0417b2a9d6279","[PREMIUM]","[PREMIUM]","[PREMIUM]","[PREMIUM]","[PREMIUM]","[2]","106","21","Senate","['*','*']","direct",,"tdc",,"[PREMIUM]","[PREMIUM]","[]","2026-09-08 00:00:00","Toronto Blue Jays at Athletics","mlb","2026-09-09 19:05:00","55313d1878fea568e6000001"
"6a964bca113cf395576a589d","2026-09-01 23:59:59.121","2026-09-01 23:59:59.121","6a964bca113cf395576a589d","68af5b7131b0417b2a9d6279","[PREMIUM]","[PREMIUM]","[PREMIUM]","[PREMIUM]","[PREMIUM]","[1,2,3,4,5,6,7,8]","102","AA","Assembly","['*','*','*','*','*','*','*','*']","direct",,"tdc",,"[PREMIUM]","[PREMIUM]","[]","2026-09-08 00:00:00","Toronto Blue Jays at Athletics","mlb","2026-09-09 19:05:00","55313d1878fea568e6000001"
"6a975d8a9b2fa93c6495743f","2026-09-01 23:59:59.121","2026-09-01 23:59:59.121","6a975d8a9b2fa93c6495743f","68af5b7131b0417b2a9d6279","[PREMIUM]","[PREMIUM]","[PREMIUM]","[PREMIUM]","[PREMIUM]","[1,2,3,4,5,6,7,8]","113","23","Senate","['*','*','*','*','*','*','*','*']","direct",,"tdc",,"[PREMIUM]","[PREMIUM]","[]","2026-09-08 00:00:00","Toronto Blue Jays at Athletics","mlb","2026-09-09 19:05:00","55313d1878fea568e6000001"
"6a8f275dcffaf861605df852","2026-09-01 23:59:59.121","2026-09-08 19:43:09.070","6a8f275dcffaf861605df852","68af5b7131b0417b2a9d6279","[PREMIUM]","[PREMIUM]","[PREMIUM]","[PREMIUM]","[PREMIUM]","[2,4]","118","6","Senate","['7','8','9','10']","direct",,"tdc","great","[PREMIUM]","[PREMIUM]","[]",,"Toronto Blue Jays at Athletics","mlb","2026-09-09 19:05:00","55313d1878fea568e6000001"
"6a971c1e743432a78f3d9bb0","2026-09-01 23:59:59.121","2026-09-03 03:23:59.719","6a971c1e743432a78f3d9bb0","68af5b7131b0417b2a9d6279","[PREMIUM]","[PREMIUM]","[PREMIUM]","[PREMIUM]","[PREMIUM]","[1,2,3,4,6]","118","23","Senate","['*','*','*','*','*','*']","direct",,"tdc",,"[PREMIUM]","[PREMIUM]","[]","2026-09-08 00:00:00","Toronto Blue Jays at Athletics","mlb","2026-09-09 19:05:00","55313d1878fea568e6000001"
"6a971c1550a7985ec85a0427","2026-09-01 23:59:59.121","2026-09-03 03:23:59.719","6a971c1550a7985ec85a0427","68af5b7131b0417b2a9d6279","[PREMIUM]","[PREMIUM]","[PREMIUM]","[PREMIUM]","[PREMIUM]","[1,2,3,4,5,6,7,8]","122","17","Assembly","['*','*','*','*','*','*','*','*']","direct",,"tdc",,"[PREMIUM]","[PREMIUM]","[]","2026-09-08 00:00:00","Toronto Blue Jays at Athletics","mlb","2026-09-09 19:05:00","55313d1878fea568e6000001"
"6a971c1d18b121545d0b7469","2026-09-01 23:59:59.121","2026-09-03 03:23:59.719","6a971c1d18b121545d0b7469","68af5b7131b0417b2a9d6279","[PREMIUM]","[PREMIUM]","[PREMIUM]","[PREMIUM]","[PREMIUM]","[1,2,3,4,5,6,7,8]","122","11","Assembly","['*','*','*','*','*','*','*','*']","direct",,"tdc",,"[PREMIUM]","[PREMIUM]","[]","2026-09-08 00:00:00","Toronto Blue Jays at Athletics","mlb","2026-09-09 19:05:00","55313d1878fea568e6000001"
"6a971c1d50a7985ec85a043a","2026-09-01 23:59:59.121","2026-09-01 23:59:59.121","6a971c1d50a7985ec85a043a","68af5b7131b0417b2a9d6279","[PREMIUM]","[PREMIUM]","[PREMIUM]","[PREMIUM]","[PREMIUM]","[1,2,3,5]","121","27","Assembly","['*','*','*','*','*']","direct",,"tdc",,"[PREMIUM]","[PREMIUM]","[]","2026-09-08 00:00:00","Toronto Blue Jays at Athletics","mlb","2026-09-09 19:05:00","55313d1878fea568e6000001"
"6a971c2418b121545d0b747f","2026-09-01 23:59:59.121","2026-09-03 03:23:59.719","6a971c2418b121545d0b747f","68af5b7131b0417b2a9d6279","[PREMIUM]","[PREMIUM]","[PREMIUM]","[PREMIUM]","[PREMIUM]","[1,2,3,4,5,6,7,8]","117","23","Senate","['*','*','*','*','*','*','*','*']","direct",,"tdc",,"[PREMIUM]","[PREMIUM]","[]","2026-09-08 00:00:00","Toronto Blue Jays at Athletics","mlb","2026-09-09 19:05:00","55313d1878fea568e6000001"
"6a971c1757b1fc100a7373e4","2026-09-01 23:59:59.121","2026-09-01 23:59:59.121","6a971c1757b1fc100a7373e4","68af5b7131b0417b2a9d6279","[PREMIUM]","[PREMIUM]","[PREMIUM]","[PREMIUM]","[PREMIUM]","[1,2,3,4,5,6,7,8]","121","11","Assembly","['*','*','*','*','*','*','*','*']","direct",,"tdc",,"[PREMIUM]","[PREMIUM]","[]","2026-09-08 00:00:00","Toronto Blue Jays at Athletics","mlb","2026-09-09 19:05:00","55313d1878fea568e6000001"
"6a9705bd2924f336beb37b49","2026-09-01 23:59:58.990","2026-09-03 03:23:57.281","6a9705bd2924f336beb37b49","6893b9b344290f04950c4f92","[PREMIUM]","[PREMIUM]","[PREMIUM]","[PREMIUM]","[PREMIUM]","[2]","P","4","Club Box","['*','*']","mobile","my_pro_venue","tmqr","great","[PREMIUM]","[PREMIUM]","[]","2026-09-08 00:00:00","Toledo Mud Hens at Iowa Cubs","milb","2026-09-09 17:08:00","5aa01f755501d90012f6ebba"
"6a96b0622924f336be0439a4","2026-09-01 23:59:58.990","2026-09-03 03:23:57.281","6a96b0622924f336be0439a4","6893b9b344290f04950c4f92","[PREMIUM]","[PREMIUM]","[PREMIUM]","[PREMIUM]","[PREMIUM]","[1,2,3,5]","F","10","Club Box","['*','*','*','*','*']","mobile","my_pro_venue","tmqr",,"[PREMIUM]","[PREMIUM]","[]","2026-09-08 00:00:00","Toledo Mud Hens at Iowa Cubs","milb","2026-09-09 17:08:00","5aa01f755501d90012f6ebba"
"698d3c90b870c142b3f41929","2026-09-01 23:59:58.990","2026-09-01 23:59:58.990","698d3c90b870c142b3f41929","6893b9b344290f04950c4f92","[PREMIUM]","[PREMIUM]","[PREMIUM]","[PREMIUM]","[PREMIUM]","[1,2,3,4,5,6,7,8,10]","16","10","Reserved Grandstand","['*','*','*','*','*','*','*','*','*','*']","mobile","my_pro_venue","tmqr",,"[PREMIUM]","[PREMIUM]","[]","2026-09-07 00:00:00","Toledo Mud Hens at Iowa Cubs","milb","2026-09-09 17:08:00","5aa01f755501d90012f6ebba"
"6a96d572d83c2529994069dc","2026-09-01 23:59:58.949","2026-09-01 23:59:58.949","6a96d572d83c2529994069dc","68ad1d6b6bb39449b88a96a2","[PREMIUM]","[PREMIUM]","[PREMIUM]","[PREMIUM]","[PREMIUM]","[2]","7","A","Upper","['*','*']","mobile","tm","tmqr",,"[PREMIUM]","[PREMIUM]","[]","2026-09-08 00:00:00","Sugar Land Space Cowboys at Oklahoma City Comets","milb","2026-09-09 17:05:00","5a78e924210eb900145aaec6"
"6a7da09a2e8fd425a026a388","2026-09-01 23:59:58.949","2026-09-06 13:11:35.245","6a7da09a2e8fd425a026a388","68ad1d6b6bb39449b88a96a2","[PREMIUM]","[PREMIUM]","[PREMIUM]","[PREMIUM]","[PREMIUM]","[1,2,3,4]","112","E","Field","['*','*','*','*']","mobile","tm","tmqr",,"[PREMIUM]","[PREMIUM]","[]","2026-09-08 00:00:00","Sugar Land Space Cowboys at Oklahoma City Comets","milb","2026-09-09 17:05:00","5a78e924210eb900145aaec6"
"698e487ff065733470c908e5","2026-09-01 23:59:58.949","2026-09-08 19:43:11.238","698e487ff065733470c908e5","68ad1d6b6bb39449b88a96a2","[PREMIUM]","[PREMIUM]","[PREMIUM]","[PREMIUM]","[PREMIUM]","[2]","103","C","Field","['17','18']","mobile","tm","tmqr","cheapest","[PREMIUM]","[PREMIUM]","[]",,"Sugar Land Space Cowboys at Oklahoma City Comets","milb","2026-09-09 17:05:00","5a78e924210eb900145aaec6"
"6a9738515fd1c8f19187d8e4","2026-09-01 23:59:58.949","2026-09-01 23:59:58.949","6a9738515fd1c8f19187d8e4","68ad1d6b6bb39449b88a96a2","[PREMIUM]","[PREMIUM]","[PREMIUM]","[PREMIUM]","[PREMIUM]","[1,2,3,4]","119","T","Field","['*','*','*','*']","mobile","tm","tmqr","cheapest","[PREMIUM]","[PREMIUM]","[]","2026-09-08 00:00:00","Sugar Land Space Cowboys at Oklahoma City Comets","milb","2026-09-09 17:05:00","5a78e924210eb900145aaec6"
"6a974eba2924f336bedbecbf","2026-09-01 23:59:58.949","2026-09-04 06:40:42.102","6a974eba2924f336bedbecbf","68ad1d6b6bb39449b88a96a2","[PREMIUM]","[PREMIUM]","[PREMIUM]","[PREMIUM]","[PREMIUM]","[1,2]","5","C","Upper","['*','*']","mobile","tm","tmqr",,"[PREMIUM]","[PREMIUM]","[]","2026-09-08 00:00:00","Sugar Land Space Cowboys at Oklahoma City Comets","milb","2026-09-09 17:05:00","5a78e924210eb900145aaec6"
"6a974ead2924f336bed94a66","2026-09-01 23:59:58.949","2026-09-01 23:59:58.949","6a974ead2924f336bed94a66","68ad1d6b6bb39449b88a96a2","[PREMIUM]","[PREMIUM]","[PREMIUM]","[PREMIUM]","[PREMIUM]","[1,2,3,5]","110","E","Field","['*','*','*','*','*']","mobile","tm","tmqr",,"[PREMIUM]","[PREMIUM]","[]","2026-09-08 00:00:00","Sugar Land Space Cowboys at Oklahoma City Comets","milb","2026-09-09 17:05:00","5a78e924210eb900145aaec6"
"6a974eb42924f336bedab30b","2026-09-01 23:59:58.949","2026-09-04 06:40:42.102","6a974eb42924f336bedab30b","68ad1d6b6bb39449b88a96a2","[PREMIUM]","[PREMIUM]","[PREMIUM]","[PREMIUM]","[PREMIUM]","[1,2,3,4]","8","B","Upper","['*','*','*','*']","mobile","tm","tmqr","great","[PREMIUM]","[PREMIUM]","[]","2026-09-08 00:00:00","Sugar Land Space Cowboys at Oklahoma City Comets","milb","2026-09-09 17:05:00","5a78e924210eb900145aaec6"
"6a974ee12924f336bee51470","2026-09-01 23:59:58.949","2026-09-04 06:40:42.102","6a974ee12924f336bee51470","68ad1d6b6bb39449b88a96a2","[PREMIUM]","[PREMIUM]","[PREMIUM]","[PREMIUM]","[PREMIUM]","[1,2,3]","108","C","Field","['*','*','*']","mobile","tm","tmqr",,"[PREMIUM]","[PREMIUM]","[]","2026-09-08 00:00:00","Sugar Land Space Cowboys at Oklahoma City Comets","milb","2026-09-09 17:05:00","5a78e924210eb900145aaec6"
"6a974ede2924f336bee46d1c","2026-09-01 23:59:58.949","2026-09-04 06:40:42.102","6a974ede2924f336bee46d1c","68ad1d6b6bb39449b88a96a2","[PREMIUM]","[PREMIUM]","[PREMIUM]","[PREMIUM]","[PREMIUM]","[1,2]","4","C","Upper","['*','*']","mobile","tm","tmqr","great","[PREMIUM]","[PREMIUM]","[]","2026-09-08 00:00:00","Sugar Land Space Cowboys at Oklahoma City Comets","milb","2026-09-09 17:05:00","5a78e924210eb900145aaec6"
"6a974ed22924f336bee1f058","2026-09-01 23:59:58.949","2026-09-04 06:40:42.102","6a974ed22924f336bee1f058","68ad1d6b6bb39449b88a96a2","[PREMIUM]","[PREMIUM]","[PREMIUM]","[PREMIUM]","[PREMIUM]","[1,2,3,4,5,6]","9","C","Upper","['*','*','*','*','*','*']","mobile","tm","tmqr","amazing","[PREMIUM]","[PREMIUM]","[]","2026-09-08 00:00:00","Sugar Land Space Cowboys at Oklahoma City Comets","milb","2026-09-09 17:05:00","5a78e924210eb900145aaec6"
"6a95e4fe4e27e9d5e0959fef","2026-09-01 23:59:58.949","2026-09-06 13:11:35.245","6a95e4fe4e27e9d5e0959fef","68ad1d6b6bb39449b88a96a2","[PREMIUM]","[PREMIUM]","[PREMIUM]","[PREMIUM]","[PREMIUM]","[1,2,3,4,5,6,7,8]","111","K","Field","['*','*','*','*','*','*','*','*']","mobile","tm","tmqr",,"[PREMIUM]","[PREMIUM]","[]","2026-09-08 00:00:00","Sugar Land Space Cowboys at Oklahoma City Comets","milb","2026-09-09 17:05:00","5a78e924210eb900145aaec6"
"6a95e45246c2bfdf0f6e40a3","2026-09-01 23:59:58.949","2026-09-01 23:59:58.949","6a95e45246c2bfdf0f6e40a3","68ad1d6b6bb39449b88a96a2","[PREMIUM]","[PREMIUM]","[PREMIUM]","[PREMIUM]","[PREMIUM]","[1,2,3,4]","7","C","Upper","['*','*','*','*']","mobile","tm","tmqr",,"[PREMIUM]","[PREMIUM]","[]","2026-09-08 00:00:00","Sugar Land Space Cowboys at Oklahoma City Comets","milb","2026-09-09 17:05:00","5a78e924210eb900145aaec6"
"6a973e2466b4d6f7ec43e318","2026-09-01 23:59:58.949","2026-09-07 16:30:00.910","6a973e2466b4d6f7ec43e318","68ad1d6b6bb39449b88a96a2","[PREMIUM]","[PREMIUM]","[PREMIUM]","[PREMIUM]","[PREMIUM]","[2]","110","B","Field","['*','*']","mobile","tm","tmqr",,"[PREMIUM]","[PREMIUM]","[]",,"Sugar Land Space Cowboys at Oklahoma City Comets","milb","2026-09-09 17:05:00","5a78e924210eb900145aaec6"
"6a9744732924f336beb301e7","2026-09-01 23:59:57.859","2026-09-01 23:59:57.859","6a9744732924f336beb301e7","68af4bbc561870a68b9890eb","[PREMIUM]","[PREMIUM]","[PREMIUM]","[PREMIUM]","[PREMIUM]","[2,4]","119","16","Main Level","['*','*','*','*']","direct",,"tm-official",,"[PREMIUM]","[PREMIUM]","[]","2026-09-09 00:00:00","Texas Rangers at Seattle Mariners (Andrés Muñoz POP Collectible Giveaway)","mlb","2026-09-09 20:10:00","538526c321efd33afb000001"
"6a9744422924f336bea5c1ab","2026-09-01 23:59:57.859","2026-09-01 23:59:57.859","6a9744422924f336bea5c1ab","68af4bbc561870a68b9890eb","[PREMIUM]","[PREMIUM]","[PREMIUM]","[PREMIUM]","[PREMIUM]","[2]","121","20","Main Level","['*','*']","direct",,"tm-official",,"[PREMIUM]","[PREMIUM]","[]","2026-09-09 00:00:00","Texas Rangers at Seattle Mariners (Andrés Muñoz POP Collectible Giveaway)","mlb","2026-09-09 20:10:00","538526c321efd33afb000001"
"6a9744382924f336bea351d7","2026-09-01 23:59:57.859","2026-09-01 23:59:57.859","6a9744382924f336bea351d7","68af4bbc561870a68b9890eb","[PREMIUM]","[PREMIUM]","[PREMIUM]","[PREMIUM]","[PREMIUM]","[1,2]","190","1","Bleachers","['*','*']","direct",,"tm-official",,"[PREMIUM]","[PREMIUM]","[]","2026-09-09 00:00:00","Texas Rangers at Seattle Mariners (Andrés Muñoz POP Collectible Giveaway)","mlb","2026-09-09 20:10:00","538526c321efd33afb000001"
"6a9744312924f336bea1aee2","2026-09-01 23:59:57.859","2026-09-01 23:59:57.859","6a9744312924f336bea1aee2","68af4bbc561870a68b9890eb","[PREMIUM]","[PREMIUM]","[PREMIUM]","[PREMIUM]","[PREMIUM]","[2,4]","139","12","Main Level","['*','*','*','*']","direct",,"tm-official",,"[PREMIUM]","[PREMIUM]","[]","2026-09-09 00:00:00","Texas Rangers at Seattle Mariners (Andrés Muñoz POP Collectible Giveaway)","mlb","2026-09-09 20:10:00","538526c321efd33afb000001"
"6a9744222924f336be9e66cd","2026-09-01 23:59:57.859","2026-09-01 23:59:57.859","6a9744222924f336be9e66cd","68af4bbc561870a68b9890eb","[PREMIUM]","[PREMIUM]","[PREMIUM]","[PREMIUM]","[PREMIUM]","[2]","122","13","Main Level","['*','*']","direct",,"tm-official",,"[PREMIUM]","[PREMIUM]","[]","2026-09-09 00:00:00","Texas Rangers at Seattle Mariners (Andrés Muñoz POP Collectible Giveaway)","mlb","2026-09-09 20:10:00","538526c321efd33afb000001"
"6a97445d2924f336beaccd3a","2026-09-01 23:59:57.859","2026-09-01 23:59:57.859","6a97445d2924f336beaccd3a","68af4bbc561870a68b9890eb","[PREMIUM]","[PREMIUM]","[PREMIUM]","[PREMIUM]","[PREMIUM]","[2]","238","11","Terrace Club Level","['*','*']","direct",,"tm-official",,"[PREMIUM]","[PREMIUM]","[]","2026-09-09 00:00:00","Texas Rangers at Seattle Mariners (Andrés Muñoz POP Collectible Giveaway)","mlb","2026-09-09 20:10:00","538526c321efd33afb000001"
"6a97445e2924f336beaccf17","2026-09-01 23:59:57.859","2026-09-01 23:59:57.859","6a97445e2924f336beaccf17","68af4bbc561870a68b9890eb","[PREMIUM]","[PREMIUM]","[PREMIUM]","[PREMIUM]","[PREMIUM]","[1,2,3,5]","126","34","Main Level","['*','*','*','*','*']","direct",,"tm-official",,"[PREMIUM]","[PREMIUM]","[]","2026-09-09 00:00:00","Texas Rangers at Seattle Mariners (Andrés Muñoz POP Collectible Giveaway)","mlb","2026-09-09 20:10:00","538526c321efd33afb000001"
"6a9744282924f336be9faa5b","2026-09-01 23:59:57.859","2026-09-01 23:59:57.859","6a9744282924f336be9faa5b","68af4bbc561870a68b9890eb","[PREMIUM]","[PREMIUM]","[PREMIUM]","[PREMIUM]","[PREMIUM]","[2]","194","1","Bleachers","['*','*']","direct",,"tm-official",,"[PREMIUM]","[PREMIUM]","[]","2026-09-09 00:00:00","Texas Rangers at Seattle Mariners (Andrés Muñoz POP Collectible Giveaway)","mlb","2026-09-09 20:10:00","538526c321efd33afb000001"
"6a97446f2924f336beb1d952","2026-09-01 23:59:57.859","2026-09-01 23:59:57.859","6a97446f2924f336beb1d952","68af4bbc561870a68b9890eb","[PREMIUM]","[PREMIUM]","[PREMIUM]","[PREMIUM]","[PREMIUM]","[2]","123","28","Main Level","['*','*']","direct",,"tm-official",,"[PREMIUM]","[PREMIUM]","[]","2026-09-09 00:00:00","Texas Rangers at Seattle Mariners (Andrés Muñoz POP Collectible Giveaway)","mlb","2026-09-09 20:10:00","538526c321efd33afb000001"
"6a97444b2924f336bea7e597","2026-09-01 23:59:57.859","2026-09-01 23:59:57.859","6a97444b2924f336bea7e597","68af4bbc561870a68b9890eb","[PREMIUM]","[PREMIUM]","[PREMIUM]","[PREMIUM]","[PREMIUM]","[2]","218","12","Terrace Club Level","['*','*']","direct",,"tm-official",,"[PREMIUM]","[PREMIUM]","[]","2026-09-09 00:00:00","Texas Rangers at Seattle Mariners (Andrés Muñoz POP Collectible Giveaway)","mlb","2026-09-09 20:10:00","538526c321efd33afb000001"
"6a9744622924f336beadf986","2026-09-01 23:59:57.859","2026-09-01 23:59:57.859","6a9744622924f336beadf986","68af4bbc561870a68b9890eb","[PREMIUM]","[PREMIUM]","[PREMIUM]","[PREMIUM]","[PREMIUM]","[2]","308","1","View Level","['*','*']","direct",,"tm-official",,"[PREMIUM]","[PREMIUM]","[]","2026-09-09 00:00:00","Texas Rangers at Seattle Mariners (Andrés Muñoz POP Collectible Giveaway)","mlb","2026-09-09 20:10:00","538526c321efd33afb000001"
"6a9744222924f336be9e35c1","2026-09-01 23:59:57.859","2026-09-01 23:59:57.859","6a9744222924f336be9e35c1","68af4bbc561870a68b9890eb","[PREMIUM]","[PREMIUM]","[PREMIUM]","[PREMIUM]","[PREMIUM]","[1,2,3,4]","120","8","Main Level","['*','*','*','*']","direct",,"tm-official",,"[PREMIUM]","[PREMIUM]","[]","2026-09-09 00:00:00","Texas Rangers at Seattle Mariners (Andrés Muñoz POP Collectible Giveaway)","mlb","2026-09-09 20:10:00","538526c321efd33afb000001"
"6a97446e2924f336beb1728d","2026-09-01 23:59:57.859","2026-09-01 23:59:57.859","6a97446e2924f336beb1728d","68af4bbc561870a68b9890eb","[PREMIUM]","[PREMIUM]","[PREMIUM]","[PREMIUM]","[PREMIUM]","[2]","104","25","Main Level","['*','*']","direct",,"tm-official",,"[PREMIUM]","[PREMIUM]","[]","2026-09-09 00:00:00","Texas Rangers at Seattle Mariners (Andrés Muñoz POP Collectible Giveaway)","mlb","2026-09-09 20:10:00","538526c321efd33afb000001"
"6a97441b2924f336be9cbda7","2026-09-01 23:59:57.859","2026-09-01 23:59:57.859","6a97441b2924f336be9cbda7","68af4bbc561870a68b9890eb","[PREMIUM]","[PREMIUM]","[PREMIUM]","[PREMIUM]","[PREMIUM]","[2]","103","23","Main Level","['*','*']","direct",,"tm-official",,"[PREMIUM]","[PREMIUM]","[]","2026-09-09 00:00:00","Texas Rangers at Seattle Mariners (Andrés Muñoz POP Collectible Giveaway)","mlb","2026-09-09 20:10:00","538526c321efd33afb000001"
"6a9744242924f336be9ed733","2026-09-01 23:59:57.859","2026-09-01 23:59:57.859","6a9744242924f336be9ed733","68af4bbc561870a68b9890eb","[PREMIUM]","[PREMIUM]","[PREMIUM]","[PREMIUM]","[PREMIUM]","[2]","227","1","Terrace Club Level","['*','*']","direct",,"tm-official",,"[PREMIUM]","[PREMIUM]","[]","2026-09-09 00:00:00","Texas Rangers at Seattle Mariners (Andrés Muñoz POP Collectible Giveaway)","mlb","2026-09-09 20:10:00","538526c321efd33afb000001"
"6a9744242924f336be9ed937","2026-09-01 23:59:57.859","2026-09-01 23:59:57.859","6a9744242924f336be9ed937","68af4bbc561870a68b9890eb","[PREMIUM]","[PREMIUM]","[PREMIUM]","[PREMIUM]","[PREMIUM]","[2]","211","4","Terrace Club Level","['*','*']","direct",,"tm-official",,"[PREMIUM]","[PREMIUM]","[]","2026-09-09 00:00:00","Texas Rangers at Seattle Mariners (Andrés Muñoz POP Collectible Giveaway)","mlb","2026-09-09 20:10:00","538526c321efd33afb000001"
"6a97444b2924f336bea7e366","2026-09-01 23:59:57.859","2026-09-01 23:59:57.859","6a97444b2924f336bea7e366","68af4bbc561870a68b9890eb","[PREMIUM]","[PREMIUM]","[PREMIUM]","[PREMIUM]","[PREMIUM]","[2]","330","1","View Level","['*','*']","direct",,"tm-official",,"[PREMIUM]","[PREMIUM]","[]","2026-09-09 00:00:00","Texas Rangers at Seattle Mariners (Andrés Muñoz POP Collectible Giveaway)","mlb","2026-09-09 20:10:00","538526c321efd33afb000001"
"6a97443d2924f336bea4918b","2026-09-01 23:59:57.859","2026-09-01 23:59:57.859","6a97443d2924f336bea4918b","68af4bbc561870a68b9890eb","[PREMIUM]","[PREMIUM]","[PREMIUM]","[PREMIUM]","[PREMIUM]","[2]","134","15","Main Level","['*','*']","direct",,"tm-official",,"[PREMIUM]","[PREMIUM]","[]","2026-09-09 00:00:00","Texas Rangers at Seattle Mariners (Andrés Muñoz POP Collectible Giveaway)","mlb","2026-09-09 20:10:00","538526c321efd33afb000001"
"6a9744752924f336beb3803a","2026-09-01 23:59:57.859","2026-09-01 23:59:57.859","6a9744752924f336beb3803a","68af4bbc561870a68b9890eb","[PREMIUM]","[PREMIUM]","[PREMIUM]","[PREMIUM]","[PREMIUM]","[2]","238","4","Terrace Club Level","['*','*']","direct",,"tm-official",,"[PREMIUM]","[PREMIUM]","[]","2026-09-09 00:00:00","Texas Rangers at Seattle Mariners (Andrés Muñoz POP Collectible Giveaway)","mlb","2026-09-09 20:10:00","538526c321efd33afb000001"
"6a9744612924f336beade751","2026-09-01 23:59:57.859","2026-09-01 23:59:57.859","6a9744612924f336beade751","68af4bbc561870a68b9890eb","[PREMIUM]","[PREMIUM]","[PREMIUM]","[PREMIUM]","[PREMIUM]","[2]","127","10","Main Level","['*','*']","direct",,"tm-official",,"[PREMIUM]","[PREMIUM]","[]","2026-09-09 00:00:00","Texas Rangers at Seattle Mariners (Andrés Muñoz POP Collectible Giveaway)","mlb","2026-09-09 20:10:00","538526c321efd33afb000001"
"6a9744702924f336beb1efb0","2026-09-01 23:59:57.859","2026-09-01 23:59:57.859","6a9744702924f336beb1efb0","68af4bbc561870a68b9890eb","[PREMIUM]","[PREMIUM]","[PREMIUM]","[PREMIUM]","[PREMIUM]","[2]","125","16","Main Level","['*','*']","direct",,"tm-official",,"[PREMIUM]","[PREMIUM]","[]","2026-09-09 00:00:00","Texas Rangers at Seattle Mariners (Andrés Muñoz POP Collectible Giveaway)","mlb","2026-09-09 20:10:00","538526c321efd33afb000001"
"6a9744332924f336bea1fba3","2026-09-01 23:59:57.859","2026-09-01 23:59:57.859","6a9744332924f336bea1fba3","68af4bbc561870a68b9890eb","[PREMIUM]","[PREMIUM]","[PREMIUM]","[PREMIUM]","[PREMIUM]","[2]","219","1","Terrace Club Level","['*','*']","direct",,"tm-official",,"[PREMIUM]","[PREMIUM]","[]","2026-09-09 00:00:00","Texas Rangers at Seattle Mariners (Andrés Muñoz POP Collectible Giveaway)","mlb","2026-09-09 20:10:00","538526c321efd33afb000001"
"6a9744442924f336bea634be","2026-09-01 23:59:57.859","2026-09-01 23:59:57.859","6a9744442924f336bea634be","68af4bbc561870a68b9890eb","[PREMIUM]","[PREMIUM]","[PREMIUM]","[PREMIUM]","[PREMIUM]","[2]","142","1","Main Level","['*','*']","direct",,"tm-official",,"[PREMIUM]","[PREMIUM]","[]","2026-09-09 00:00:00","Texas Rangers at Seattle Mariners (Andrés Muñoz POP Collectible Giveaway)","mlb","2026-09-09 20:10:00","538526c321efd33afb000001"
"6a9744632924f336beae806c","2026-09-01 23:59:57.859","2026-09-01 23:59:57.859","6a9744632924f336beae806c","68af4bbc561870a68b9890eb","[PREMIUM]","[PREMIUM]","[PREMIUM]","[PREMIUM]","[PREMIUM]","[2,4]","104","23","Main Level","['*','*','*','*']","direct",,"tm-official",,"[PREMIUM]","[PREMIUM]","[]","2026-09-09 00:00:00","Texas Rangers at Seattle Mariners (Andrés Muñoz POP Collectible Giveaway)","mlb","2026-09-09 20:10:00","538526c321efd33afb000001"
"6a9744562924f336beaae6cc","2026-09-01 23:59:57.859","2026-09-01 23:59:57.859","6a9744562924f336beaae6cc","68af4bbc561870a68b9890eb","[PREMIUM]","[PREMIUM]","[PREMIUM]","[PREMIUM]","[PREMIUM]","[2,4]","233","1","Terrace Club Level","['*','*','*','*']","direct",,"tm-official",,"[PREMIUM]","[PREMIUM]","[]","2026-09-09 00:00:00","Texas Rangers at Seattle Mariners (Andrés Muñoz POP Collectible Giveaway)","mlb","2026-09-09 20:10:00","538526c321efd33afb000001"
"6a9744672924f336beaf8085","2026-09-01 23:59:57.859","2026-09-01 23:59:57.859","6a9744672924f336beaf8085","68af4bbc561870a68b9890eb","[PREMIUM]","[PREMIUM]","[PREMIUM]","[PREMIUM]","[PREMIUM]","[2]","131","19","Main Level","['*','*']","direct",,"tm-official",,"[PREMIUM]","[PREMIUM]","[]","2026-09-09 00:00:00","Texas Rangers at Seattle Mariners (Andrés Muñoz POP Collectible Giveaway)","mlb","2026-09-09 20:10:00","538526c321efd33afb000001"
"6a9744532924f336beaa04d2","2026-09-01 23:59:57.859","2026-09-01 23:59:57.859","6a9744532924f336beaa04d2","68af4bbc561870a68b9890eb","[PREMIUM]","[PREMIUM]","[PREMIUM]","[PREMIUM]","[PREMIUM]","[2,4]","128","18","Main Level","['*','*','*','*']","direct",,"tm-official",,"[PREMIUM]","[PREMIUM]","[]","2026-09-09 00:00:00","Texas Rangers at Seattle Mariners (Andrés Muñoz POP Collectible Giveaway)","mlb","2026-09-09 20:10:00","538526c321efd33afb000001"
"6a97446e2924f336beb15ae7","2026-09-01 23:59:57.859","2026-09-01 23:59:57.859","6a97446e2924f336beb15ae7","68af4bbc561870a68b9890eb","[PREMIUM]","[PREMIUM]","[PREMIUM]","[PREMIUM]","[PREMIUM]","[2,4]","124","6","Main Level","['*','*','*','*']","direct",,"tm-official",,"[PREMIUM]","[PREMIUM]","[]","2026-09-09 00:00:00","Texas Rangers at Seattle Mariners (Andrés Muñoz POP Collectible Giveaway)","mlb","2026-09-09 20:10:00","538526c321efd33afb000001"
"6a97442e2924f336bea0ff8e","2026-09-01 23:59:57.859","2026-09-01 23:59:57.859","6a97442e2924f336bea0ff8e","68af4bbc561870a68b9890eb","[PREMIUM]","[PREMIUM]","[PREMIUM]","[PREMIUM]","[PREMIUM]","[2,4]","222","5","Terrace Club Level","['*','*','*','*']","direct",,"tm-official",,"[PREMIUM]","[PREMIUM]","[]","2026-09-09 00:00:00","Texas Rangers at Seattle Mariners (Andrés Muñoz POP Collectible Giveaway)","mlb","2026-09-09 20:10:00","538526c321efd33afb000001"
"6a9744502924f336bea9409d","2026-09-01 23:59:57.859","2026-09-01 23:59:57.859","6a9744502924f336bea9409d","68af4bbc561870a68b9890eb","[PREMIUM]","[PREMIUM]","[PREMIUM]","[PREMIUM]","[PREMIUM]","[1,2,3,4,5,6]","121","36","Main Level","['*','*','*','*','*','*']","direct",,"tm-official",,"[PREMIUM]","[PREMIUM]","[]","2026-09-09 00:00:00","Texas Rangers at Seattle Mariners (Andrés Muñoz POP Collectible Giveaway)","mlb","2026-09-09 20:10:00","538526c321efd33afb000001"
"6a9744412924f336bea56b64","2026-09-01 23:59:57.859","2026-09-01 23:59:57.859","6a9744412924f336bea56b64","68af4bbc561870a68b9890eb","[PREMIUM]","[PREMIUM]","[PREMIUM]","[PREMIUM]","[PREMIUM]","[1,2,3]","129","41","Main Level","['*','*','*']","direct",,"tm-official",,"[PREMIUM]","[PREMIUM]","[]","2026-09-09 00:00:00","Texas Rangers at Seattle Mariners (Andrés Muñoz POP Collectible Giveaway)","mlb","2026-09-09 20:10:00","538526c321efd33afb000001"
"6a97445f2924f336bead587a","2026-09-01 23:59:57.859","2026-09-01 23:59:57.859","6a97445f2924f336bead587a","68af4bbc561870a68b9890eb","[PREMIUM]","[PREMIUM]","[PREMIUM]","[PREMIUM]","[PREMIUM]","[2,4]","121","5","Main Level","['*','*','*','*']","direct",,"tm-official",,"[PREMIUM]","[PREMIUM]","[]","2026-09-09 00:00:00","Texas Rangers at Seattle Mariners (Andrés Muñoz POP Collectible Giveaway)","mlb","2026-09-09 20:10:00","538526c321efd33afb000001"
"6a9744632924f336beae7b83","2026-09-01 23:59:57.859","2026-09-01 23:59:57.859","6a9744632924f336beae7b83","68af4bbc561870a68b9890eb","[PREMIUM]","[PREMIUM]","[PREMIUM]","[PREMIUM]","[PREMIUM]","[2]","237","1","Terrace Club Level","['*','*']","direct",,"tm-official",,"[PREMIUM]","[PREMIUM]","[]","2026-09-09 00:00:00","Texas Rangers at Seattle Mariners (Andrés Muñoz POP Collectible Giveaway)","mlb","2026-09-09 20:10:00","538526c321efd33afb000001"
"6a96d2d12924f336be4387fc","2026-09-01 23:59:57.859","2026-09-07 16:29:57.621","6a96d2d12924f336be4387fc","68af4bbc561870a68b9890eb","[PREMIUM]","[PREMIUM]","[PREMIUM]","[PREMIUM]","[PREMIUM]","[2]","148","12","Main Level","['15','16']","mobile","tm","tm-official",,"[PREMIUM]","[PREMIUM]","[]","2026-09-08 00:00:00","Texas Rangers at Seattle Mariners (Andrés Muñoz POP Collectible Giveaway)","mlb","2026-09-09 20:10:00","538526c321efd33afb000001"
"6a96cf6f18a5728cd862e161","2026-09-01 23:59:57.859","2026-09-01 23:59:57.859","6a96cf6f18a5728cd862e161","68af4bbc561870a68b9890eb","[PREMIUM]","[PREMIUM]","[PREMIUM]","[PREMIUM]","[PREMIUM]","[2]","240","12","Terrace Club Level","['*','*']","direct",,"tm-official",,"[PREMIUM]","[PREMIUM]","[]","2026-09-08 00:00:00","Texas Rangers at Seattle Mariners (Andrés Muñoz POP Collectible Giveaway)","mlb","2026-09-09 20:10:00","538526c321efd33afb000001"
"6a96d2d12924f336be438858","2026-09-01 23:59:57.859","2026-09-03 03:23:56.052","6a96d2d12924f336be438858","68af4bbc561870a68b9890eb","[PREMIUM]","[PREMIUM]","[PREMIUM]","[PREMIUM]","[PREMIUM]","[1,2,3,5]","128","38","Main Level","['12','13','14','15','16']","mobile","tm","tm-official","great","[PREMIUM]","[PREMIUM]","[]","2026-09-08 00:00:00","Texas Rangers at Seattle Mariners (Andrés Muñoz POP Collectible Giveaway)","mlb","2026-09-09 20:10:00","538526c321efd33afb000001"
"6a96cfe747d23c91166d93a0","2026-09-01 23:59:57.859","2026-09-01 23:59:57.859","6a96cfe747d23c91166d93a0","68af4bbc561870a68b9890eb","[PREMIUM]","[PREMIUM]","[PREMIUM]","[PREMIUM]","[PREMIUM]","[2]","242","7","Terrace Club Level","['*','*']","direct",,"tm-official",,"[PREMIUM]","[PREMIUM]","[]","2026-09-08 00:00:00","Texas Rangers at Seattle Mariners (Andrés Muñoz POP Collectible Giveaway)","mlb","2026-09-09 20:10:00","538526c321efd33afb000001"
"6a96cfb2d83c252999405afa","2026-09-01 23:59:57.859","2026-09-01 23:59:57.859","6a96cfb2d83c252999405afa","68af4bbc561870a68b9890eb","[PREMIUM]","[PREMIUM]","[PREMIUM]","[PREMIUM]","[PREMIUM]","[2,3,4,6]","140","22","Main Level","['*','*','*','*','*','*']","direct",,"tm-official",,"[PREMIUM]","[PREMIUM]","[]","2026-09-08 00:00:00","Texas Rangers at Seattle Mariners (Andrés Muñoz POP Collectible Giveaway)","mlb","2026-09-09 20:10:00","538526c321efd33afb000001"
"6a96d2cd2924f336be425f43","2026-09-01 23:59:57.859","2026-09-08 19:43:07.872","6a96d2cd2924f336be425f43","68af4bbc561870a68b9890eb","[PREMIUM]","[PREMIUM]","[PREMIUM]","[PREMIUM]","[PREMIUM]","[2,4]","115","17","Main Level","['5','6','7','8']","mobile","tm","tm-official",,"[PREMIUM]","[PREMIUM]","[]",,"Texas Rangers at Seattle Mariners (Andrés Muñoz POP Collectible Giveaway)","mlb","2026-09-09 20:10:00","538526c321efd33afb000001"
"6a96cfd6a5e6577faf7b1720","2026-09-01 23:59:57.859","2026-09-01 23:59:57.859","6a96cfd6a5e6577faf7b1720","68af4bbc561870a68b9890eb","[PREMIUM]","[PREMIUM]","[PREMIUM]","[PREMIUM]","[PREMIUM]","[2,3,5]","140","15","Main Level","['*','*','*','*','*']","direct",,"tm-official",,"[PREMIUM]","[PREMIUM]","[]","2026-09-08 00:00:00","Texas Rangers at Seattle Mariners (Andrés Muñoz POP Collectible Giveaway)","mlb","2026-09-09 20:10:00","538526c321efd33afb000001"
"6a96cff5e5436e9eeb3fea04","2026-09-01 23:59:57.859","2026-09-01 23:59:57.859","6a96cff5e5436e9eeb3fea04","68af4bbc561870a68b9890eb","[PREMIUM]","[PREMIUM]","[PREMIUM]","[PREMIUM]","[PREMIUM]","[2,3,4,6]","114","14","Main Level","['*','*','*','*','*','*']","direct",,"tm-official",,"[PREMIUM]","[PREMIUM]","[]","2026-09-08 00:00:00","Texas Rangers at Seattle Mariners (Andrés Muñoz POP Collectible Giveaway)","mlb","2026-09-09 20:10:00","538526c321efd33afb000001"
"6a96cfefe5436e9eeb3fe9f5","2026-09-01 23:59:57.859","2026-09-01 23:59:57.859","6a96cfefe5436e9eeb3fe9f5","68af4bbc561870a68b9890eb","[PREMIUM]","[PREMIUM]","[PREMIUM]","[PREMIUM]","[PREMIUM]","[2,3,4,6]","139","27","Main Level","['*','*','*','*','*','*']","direct",,"tm-official",,"[PREMIUM]","[PREMIUM]","[]","2026-09-08 00:00:00","Texas Rangers at Seattle Mariners (Andrés Muñoz POP Collectible Giveaway)","mlb","2026-09-09 20:10:00","538526c321efd33afb000001"
"6a9346942924f336be2b51e1","2026-09-01 23:59:57.859","2026-09-03 03:23:56.052","6a9346942924f336be2b51e1","68af4bbc561870a68b9890eb","[PREMIUM]","[PREMIUM]","[PREMIUM]","[PREMIUM]","[PREMIUM]","[1,2,3,4,5,6,8]","108","29","Main Level","['3','4','5','6','7','8','9','10']","direct",,"tm-official",,"[PREMIUM]","[PREMIUM]","[]",,"Texas Rangers at Seattle Mariners (Andrés Muñoz POP Collectible Giveaway)","mlb","2026-09-09 20:10:00","538526c321efd33afb000001"
"6a90e6e3d6d5104a5d32b430","2026-09-01 23:59:57.859","2026-09-04 06:40:40.938","6a90e6e3d6d5104a5d32b430","68af4bbc561870a68b9890eb","[PREMIUM]","[PREMIUM]","[PREMIUM]","[PREMIUM]","[PREMIUM]","[2]","213","1","Terrace Club Level","['*','*']","mobile","tm","tm-official",,"[PREMIUM]","[PREMIUM]","[]","2026-09-08 20:10:00","Texas Rangers at Seattle Mariners (Andrés Muñoz POP Collectible Giveaway)","mlb","2026-09-09 20:10:00","538526c321efd33afb000001"
"6a912bc79fb61a63deb6e623","2026-09-01 23:59:57.859","2026-09-01 23:59:57.859","6a912bc79fb61a63deb6e623","68af4bbc561870a68b9890eb","[PREMIUM]","[PREMIUM]","[PREMIUM]","[PREMIUM]","[PREMIUM]","[2,4]","224","1","Terrace Club Level","['*','*','*','*']","mobile","tm","tm-official",,"[PREMIUM]","[PREMIUM]","[]","2026-09-08 20:10:00","Texas Rangers at Seattle Mariners (Andrés Muñoz POP Collectible Giveaway)","mlb","2026-09-09 20:10:00","538526c321efd33afb000001"
"6a95b9f42924f336be748396","2026-09-01 23:59:57.859","2026-09-04 06:40:40.938","6a95b9f42924f336be748396","68af4bbc561870a68b9890eb","[PREMIUM]","[PREMIUM]","[PREMIUM]","[PREMIUM]","[PREMIUM]","[2]","135","11","Main Level","['8','9']","direct",,"tm-official",,"[PREMIUM]","[PREMIUM]","[]","2026-09-08 00:00:00","Texas Rangers at Seattle Mariners (Andrés Muñoz POP Collectible Giveaway)","mlb","2026-09-09 20:10:00","538526c321efd33afb000001"
"6a88b1a268a2be55332e458d","2026-09-01 23:59:57.859","2026-09-01 23:59:57.859","6a88b1a268a2be55332e458d","68af4bbc561870a68b9890eb","[PREMIUM]","[PREMIUM]","[PREMIUM]","[PREMIUM]","[PREMIUM]","[1,2,3,4,5,6,7,8,9]","114","5","Main Level","['*','*','*','*','*','*','*','*','*']","direct",,"tm-official",,"[PREMIUM]","[PREMIUM]","[]","2026-09-08 00:00:00","Texas Rangers at Seattle Mariners (Andrés Muñoz POP Collectible Giveaway)","mlb","2026-09-09 20:10:00","538526c321efd33afb000001"
"6a88b1a031263279e49e7c0c","2026-09-01 23:59:57.859","2026-09-01 23:59:57.859","6a88b1a031263279e49e7c0c","68af4bbc561870a68b9890eb","[PREMIUM]","[PREMIUM]","[PREMIUM]","[PREMIUM]","[PREMIUM]","[1,2,3,4]","122","27","Main Level","['*','*','*','*']","direct",,"tm-official",,"[PREMIUM]","[PREMIUM]","[]","2026-09-08 00:00:00","Texas Rangers at Seattle Mariners (Andrés Muñoz POP Collectible Giveaway)","mlb","2026-09-09 20:10:00","538526c321efd33afb000001"
"6a88b19fc6e1acc28f16c762","2026-09-01 23:59:57.859","2026-09-01 23:59:57.859","6a88b19fc6e1acc28f16c762","68af4bbc561870a68b9890eb","[PREMIUM]","[PREMIUM]","[PREMIUM]","[PREMIUM]","[PREMIUM]","[1,2,3,4,5,6]","127","37","Main Level","['*','*','*','*','*','*']","direct",,"tm-official",,"[PREMIUM]","[PREMIUM]","[]","2026-09-08 00:00:00","Texas Rangers at Seattle Mariners (Andrés Muñoz POP Collectible Giveaway)","mlb","2026-09-09 20:10:00","538526c321efd33afb000001"
"6a8f630acffaf86160a1a7ee","2026-09-01 23:59:57.859","2026-09-01 23:59:57.859","6a8f630acffaf86160a1a7ee","68af4bbc561870a68b9890eb","[PREMIUM]","[PREMIUM]","[PREMIUM]","[PREMIUM]","[PREMIUM]","[1,2,3,5]","125–135","TBD","Main Level","['*','*','*','*','*']","direct",,"tm-official","zone","[PREMIUM]","[PREMIUM]","['zone_deal']","2026-09-08 00:00:00","Texas Rangers at Seattle Mariners (Andrés Muñoz POP Collectible Giveaway)","mlb","2026-09-09 20:10:00","538526c321efd33afb000001"
"6a92003b9d51580c49accef0","2026-09-01 23:59:57.859","2026-09-08 19:43:07.872","6a92003b9d51580c49accef0","68af4bbc561870a68b9890eb","[PREMIUM]","[PREMIUM]","[PREMIUM]","[PREMIUM]","[PREMIUM]","[1,2,3,4,5,6,7,8,9,10,12]","128","33","Main Level","['*','*','*','*','*','*','*','*','*','*','*','*']","mobile","tm","tm-official",,"[PREMIUM]","[PREMIUM]","[]",,"Texas Rangers at Seattle Mariners (Andrés Muñoz POP Collectible Giveaway)","mlb","2026-09-09 20:10:00","538526c321efd33afb000001"
"6a921b1217f718c64611a3db","2026-09-01 23:59:57.859","2026-09-07 16:29:57.621","6a921b1217f718c64611a3db","68af4bbc561870a68b9890eb","[PREMIUM]","[PREMIUM]","[PREMIUM]","[PREMIUM]","[PREMIUM]","[2]","129","10","Main Level","['*','*']","mobile","tm","tm-official",,"[PREMIUM]","[PREMIUM]","[]","2026-09-08 20:10:00","Texas Rangers at Seattle Mariners (Andrés Muñoz POP Collectible Giveaway)","mlb","2026-09-09 20:10:00","538526c321efd33afb000001"
"6a965f7da5e6577faf7a619c","2026-09-01 23:59:57.859","2026-09-01 23:59:57.859","6a965f7da5e6577faf7a619c","68af4bbc561870a68b9890eb","[PREMIUM]","[PREMIUM]","[PREMIUM]","[PREMIUM]","[PREMIUM]","[1,2,3,4,5,6,7,8,9,10,11]","306","3","View Level","['*','*','*','*','*','*','*','*','*','*','*']","direct",,"tm-official",,"[PREMIUM]","[PREMIUM]","[]","2026-09-08 00:00:00","Texas Rangers at Seattle Mariners (Andrés Muñoz POP Collectible Giveaway)","mlb","2026-09-09 20:10:00","538526c321efd33afb000001"
"6a89433928d524b6dfc2cd12","2026-09-01 23:59:57.859","2026-09-04 06:40:40.938","6a89433928d524b6dfc2cd12","68af4bbc561870a68b9890eb","[PREMIUM]","[PREMIUM]","[PREMIUM]","[PREMIUM]","[PREMIUM]","[2]","139","4","Main Level","['*','*']","mobile","tm","tm-official",,"[PREMIUM]","[PREMIUM]","[]","2026-09-08 20:10:00","Texas Rangers at Seattle Mariners (Andrés Muñoz POP Collectible Giveaway)","mlb","2026-09-09 20:10:00","538526c321efd33afb000001"
"693b31de4c87f865d06d8c36","2026-09-01 23:59:57.859","2026-09-01 23:59:57.859","693b31de4c87f865d06d8c36","68af4bbc561870a68b9890eb","[PREMIUM]","[PREMIUM]","[PREMIUM]","[PREMIUM]","[PREMIUM]","[1,2,3,5]","127","15","Main Level","['*','*','*','*','*']","mobile","tm","tm-official",,"[PREMIUM]","[PREMIUM]","[]","2026-09-08 00:00:00","Texas Rangers at Seattle Mariners (Andrés Muñoz POP Collectible Giveaway)","mlb","2026-09-09 20:10:00","538526c321efd33afb000001"
"6924a7a14c87f865d028c5f2","2026-09-01 23:59:57.859","2026-09-06 13:11:32.072","6924a7a14c87f865d028c5f2","68af4bbc561870a68b9890eb","[PREMIUM]","[PREMIUM]","[PREMIUM]","[PREMIUM]","[PREMIUM]","[2,4,6]","126","30","Main Level","['9','10','11','12','13','14']","direct",,"tm-official",,"[PREMIUM]","[PREMIUM]","[]",,"Texas Rangers at Seattle Mariners (Andrés Muñoz POP Collectible Giveaway)","mlb","2026-09-09 20:10:00","538526c321efd33afb000001"
"693c76474c87f865d09b65f8","2026-09-01 23:59:57.859","2026-09-05 09:47:32.335","693c76474c87f865d09b65f8","68af4bbc561870a68b9890eb","[PREMIUM]","[PREMIUM]","[PREMIUM]","[PREMIUM]","[PREMIUM]","[2,4]","117","5","Main Level","['*','*','*','*']","mobile","tm","tm-official",,"[PREMIUM]","[PREMIUM]","[]","2026-09-08 00:00:00","Texas Rangers at Seattle Mariners (Andrés Muñoz POP Collectible Giveaway)","mlb","2026-09-09 20:10:00","538526c321efd33afb000001"
"6a74d9f5b059222305034d80","2026-09-01 23:59:57.859","2026-09-08 19:43:07.872","6a74d9f5b059222305034d80","68af4bbc561870a68b9890eb","[PREMIUM]","[PREMIUM]","[PREMIUM]","[PREMIUM]","[PREMIUM]","[1,2,3,4,5,6,7,8,9,10,12]","136","33","Main Level","['*','*','*','*','*','*','*','*','*','*','*','*']","mobile","tm","tm-official",,"[PREMIUM]","[PREMIUM]","[]",,"Texas Rangers at Seattle Mariners (Andrés Muñoz POP Collectible Giveaway)","mlb","2026-09-09 20:10:00","538526c321efd33afb000001"
"693c76434c87f865d09a5d9e","2026-09-01 23:59:57.859","2026-09-04 06:40:40.938","693c76434c87f865d09a5d9e","68af4bbc561870a68b9890eb","[PREMIUM]","[PREMIUM]","[PREMIUM]","[PREMIUM]","[PREMIUM]","[1,2,3,4,5,6,7,8,10]","143","4","Main Level","['*','*','*','*','*','*','*','*','*','*']","mobile","tm","tm-official",,"[PREMIUM]","[PREMIUM]","[]","2026-09-08 00:00:00","Texas Rangers at Seattle Mariners (Andrés Muñoz POP Collectible Giveaway)","mlb","2026-09-09 20:10:00","538526c321efd33afb000001"
"693898c54c87f865d0df19ae","2026-09-01 23:59:57.859","2026-09-08 19:43:07.872","693898c54c87f865d0df19ae","68af4bbc561870a68b9890eb","[PREMIUM]","[PREMIUM]","[PREMIUM]","[PREMIUM]","[PREMIUM]","[2]","321","10","View Level","['5','6']","mobile","tm","tm-official","amazing","[PREMIUM]","[PREMIUM]","[]",,"Texas Rangers at Seattle Mariners (Andrés Muñoz POP Collectible Giveaway)","mlb","2026-09-09 20:10:00","538526c321efd33afb000001"
"6a8dfe1707acc4c965ada8ca","2026-09-01 23:59:57.859","2026-09-01 23:59:57.859","6a8dfe1707acc4c965ada8ca","68af4bbc561870a68b9890eb","[PREMIUM]","[PREMIUM]","[PREMIUM]","[PREMIUM]","[PREMIUM]","[2,4]","116","1","Main Level","['*','*','*','*']","mobile","tm","tm-official",,"[PREMIUM]","[PREMIUM]","[]","2026-09-08 20:10:00","Texas Rangers at Seattle Mariners (Andrés Muñoz POP Collectible Giveaway)","mlb","2026-09-09 20:10:00","538526c321efd33afb000001"
"6a8dfe17ec79d30a0e6a0ef8","2026-09-01 23:59:57.859","2026-09-01 23:59:57.859","6a8dfe17ec79d30a0e6a0ef8","68af4bbc561870a68b9890eb","[PREMIUM]","[PREMIUM]","[PREMIUM]","[PREMIUM]","[PREMIUM]","[2]","119","5","Main Level","['*','*']","mobile","tm","tm-official",,"[PREMIUM]","[PREMIUM]","[]","2026-09-08 20:10:00","Texas Rangers at Seattle Mariners (Andrés Muñoz POP Collectible Giveaway)","mlb","2026-09-09 20:10:00","538526c321efd33afb000001"
"6a8dfe42a1ea0bd794c39908","2026-09-01 23:59:57.859","2026-09-01 23:59:57.859","6a8dfe42a1ea0bd794c39908","68af4bbc561870a68b9890eb","[PREMIUM]","[PREMIUM]","[PREMIUM]","[PREMIUM]","[PREMIUM]","[1,2,3,4,5,6,8]","144","1","Main Level","['*','*','*','*','*','*','*','*']","mobile","tm","tm-official",,"[PREMIUM]","[PREMIUM]","[]","2026-09-08 20:10:00","Texas Rangers at Seattle Mariners (Andrés Muñoz POP Collectible Giveaway)","mlb","2026-09-09 20:10:00","538526c321efd33afb000001"
"6a8dfe1880b5c776ee969497","2026-09-01 23:59:57.859","2026-09-01 23:59:57.859","6a8dfe1880b5c776ee969497","68af4bbc561870a68b9890eb","[PREMIUM]","[PREMIUM]","[PREMIUM]","[PREMIUM]","[PREMIUM]","[1,2,3,5]","141","2","Main Level","['*','*','*','*','*']","mobile","tm","tm-official",,"[PREMIUM]","[PREMIUM]","[]","2026-09-08 20:10:00","Texas Rangers at Seattle Mariners (Andrés Muñoz POP Collectible Giveaway)","mlb","2026-09-09 20:10:00","538526c321efd33afb000001"
"6a8dfbf0cffaf861608df67e","2026-09-01 23:59:57.859","2026-09-06 13:11:32.072","6a8dfbf0cffaf861608df67e","68af4bbc561870a68b9890eb","[PREMIUM]","[PREMIUM]","[PREMIUM]","[PREMIUM]","[PREMIUM]","[1,2,3,4,5,7]","142","3","Main Level","['1','2','3','4','5','6','7']","direct",,"tm-official",,"[PREMIUM]","[PREMIUM]","[]",,"Texas Rangers at Seattle Mariners (Andrés Muñoz POP Collectible Giveaway)","mlb","2026-09-09 20:10:00","538526c321efd33afb000001"
"6a9738781f3957aa59e6b8e8","2026-09-01 23:59:57.859","2026-09-08 19:43:07.872","6a9738781f3957aa59e6b8e8","68af4bbc561870a68b9890eb","[PREMIUM]","[PREMIUM]","[PREMIUM]","[PREMIUM]","[PREMIUM]","[2,4,6]","323","10","View Level","['16','17','18','19','20','21']","direct",,"tm-official",,"[PREMIUM]","[PREMIUM]","[]",,"Texas Rangers at Seattle Mariners (Andrés Muñoz POP Collectible Giveaway)","mlb","2026-09-09 20:10:00","538526c321efd33afb000001"
"6a7f1a622217d4ed191f328f","2026-09-01 23:59:57.859","2026-09-08 19:43:07.872","6a7f1a622217d4ed191f328f","68af4bbc561870a68b9890eb","[PREMIUM]","[PREMIUM]","[PREMIUM]","[PREMIUM]","[PREMIUM]","[1,2,3,4]","114","1","Main Level","['*','*','*','*']","mobile","tm","tm-official",,"[PREMIUM]","[PREMIUM]","[]",,"Texas Rangers at Seattle Mariners (Andrés Muñoz POP Collectible Giveaway)","mlb","2026-09-09 20:10:00","538526c321efd33afb000001"
"6a7fa1d69537199089748a37","2026-09-01 23:59:57.859","2026-09-03 03:23:56.052","6a7fa1d69537199089748a37","68af4bbc561870a68b9890eb","[PREMIUM]","[PREMIUM]","[PREMIUM]","[PREMIUM]","[PREMIUM]","[2]","108","25","Main Level","['18','19']","direct",,"tm-official",,"[PREMIUM]","[PREMIUM]","[]",,"Texas Rangers at Seattle Mariners (Andrés Muñoz POP Collectible Giveaway)","mlb","2026-09-09 20:10:00","538526c321efd33afb000001"
"6a7f7a769537199089b33d1d","2026-09-01 23:59:57.859","2026-09-08 19:43:07.872","6a7f7a769537199089b33d1d","68af4bbc561870a68b9890eb","[PREMIUM]","[PREMIUM]","[PREMIUM]","[PREMIUM]","[PREMIUM]","[2,4,6]","136","29","Main Level","['1','2','3','4','5','6']","direct",,"tm-official",,"[PREMIUM]","[PREMIUM]","[]",,"Texas Rangers at Seattle Mariners (Andrés Muñoz POP Collectible Giveaway)","mlb","2026-09-09 20:10:00","538526c321efd33afb000001"
"6a8ca885cffaf86160131a2c","2026-09-01 23:59:57.859","2026-09-06 13:11:32.072","6a8ca885cffaf86160131a2c","68af4bbc561870a68b9890eb","[PREMIUM]","[PREMIUM]","[PREMIUM]","[PREMIUM]","[PREMIUM]","[2,4]","320","10","View Level","['11','12','13','14']","direct",,"tm-official",,"[PREMIUM]","[PREMIUM]","[]",,"Texas Rangers at Seattle Mariners (Andrés Muñoz POP Collectible Giveaway)","mlb","2026-09-09 20:10:00","538526c321efd33afb000001"
"6a9744142924f336be9b1bc5","2026-09-01 23:59:57.859","2026-09-01 23:59:57.859","6a9744142924f336be9b1bc5","68af4bbc561870a68b9890eb","[PREMIUM]","[PREMIUM]","[PREMIUM]","[PREMIUM]","[PREMIUM]","[2]","333","3","View Level","['*','*']","direct",,"tm-official",,"[PREMIUM]","[PREMIUM]","[]","2026-09-09 00:00:00","Texas Rangers at Seattle Mariners (Andrés Muñoz POP Collectible Giveaway)","mlb","2026-09-09 20:10:00","538526c321efd33afb000001"
"6a9744132924f336be9af2ca","2026-09-01 23:59:57.859","2026-09-01 23:59:57.859","6a9744132924f336be9af2ca","68af4bbc561870a68b9890eb","[PREMIUM]","[PREMIUM]","[PREMIUM]","[PREMIUM]","[PREMIUM]","[2]","132","9","Main Level","['*','*']","direct",,"tm-official",,"[PREMIUM]","[PREMIUM]","[]","2026-09-09 00:00:00","Texas Rangers at Seattle Mariners (Andrés Muñoz POP Collectible Giveaway)","mlb","2026-09-09 20:10:00","538526c321efd33afb000001"
"6a97441b2924f336be9c9a72","2026-09-01 23:59:57.859","2026-09-01 23:59:57.859","6a97441b2924f336be9c9a72","68af4bbc561870a68b9890eb","[PREMIUM]","[PREMIUM]","[PREMIUM]","[PREMIUM]","[PREMIUM]","[2,4]","109","23","Main Level","['*','*','*','*']","direct",,"tm-official",,"[PREMIUM]","[PREMIUM]","[]","2026-09-09 00:00:00","Texas Rangers at Seattle Mariners (Andrés Muñoz POP Collectible Giveaway)","mlb","2026-09-09 20:10:00","538526c321efd33afb000001"
"6a9744142924f336be9b15c1","2026-09-01 23:59:57.859","2026-09-01 23:59:57.859","6a9744142924f336be9b15c1","68af4bbc561870a68b9890eb","[PREMIUM]","[PREMIUM]","[PREMIUM]","[PREMIUM]","[PREMIUM]","[2,4]","220","7","Terrace Club Level","['*','*','*','*']","direct",,"tm-official",,"[PREMIUM]","[PREMIUM]","[]","2026-09-09 00:00:00","Texas Rangers at Seattle Mariners (Andrés Muñoz POP Collectible Giveaway)","mlb","2026-09-09 20:10:00","538526c321efd33afb000001"
"6a902b6f1b28f6874f6497d1","2026-09-01 23:59:57.859","2026-09-03 03:23:56.052","6a902b6f1b28f6874f6497d1","68af4bbc561870a68b9890eb","[PREMIUM]","[PREMIUM]","[PREMIUM]","[PREMIUM]","[PREMIUM]","[2]","234","9","Terrace Club Level","['*','*']","mobile","tm","tm-official",,"[PREMIUM]","[PREMIUM]","[]","2026-09-08 20:10:00","Texas Rangers at Seattle Mariners (Andrés Muñoz POP Collectible Giveaway)","mlb","2026-09-09 20:10:00","538526c321efd33afb000001"
"6a97137e66b4d6f7ec437295","2026-09-01 23:59:57.859","2026-09-01 23:59:57.859","6a97137e66b4d6f7ec437295","68af4bbc561870a68b9890eb","[PREMIUM]","[PREMIUM]","[PREMIUM]","[PREMIUM]","[PREMIUM]","[2,3,5]","243","7","Terrace Club Level","['*','*','*','*','*']","direct",,"tm-official",,"[PREMIUM]","[PREMIUM]","[]","2026-09-08 00:00:00","Texas Rangers at Seattle Mariners (Andrés Muñoz POP Collectible Giveaway)","mlb","2026-09-09 20:10:00","538526c321efd33afb000001"
"69ad9ae389f0a636aec19994","2026-09-01 23:59:57.859","2026-09-08 19:43:07.872","69ad9ae389f0a636aec19994","68af4bbc561870a68b9890eb","[PREMIUM]","[PREMIUM]","[PREMIUM]","[PREMIUM]","[PREMIUM]","[2]","144","4","Main Level","['*','*']","mobile","tm","tm-official",,"[PREMIUM]","[PREMIUM]","[]",,"Texas Rangers at Seattle Mariners (Andrés Muñoz POP Collectible Giveaway)","mlb","2026-09-09 20:10:00","538526c321efd33afb000001"
"6a96473f58984a6d4edbca7c","2026-09-01 23:59:57.859","2026-09-03 03:23:56.052","6a96473f58984a6d4edbca7c","68af4bbc561870a68b9890eb","[PREMIUM]","[PREMIUM]","[PREMIUM]","[PREMIUM]","[PREMIUM]","[2]","220","3","Terrace Club Level","['*','*']","mobile","tm","tm-official",,"[PREMIUM]","[PREMIUM]","[]","2026-09-08 20:10:00","Texas Rangers at Seattle Mariners (Andrés Muñoz POP Collectible Giveaway)","mlb","2026-09-09 20:10:00","538526c321efd33afb000001"
"6a975ab666b4d6f7ec442e51","2026-09-01 23:59:57.859","2026-09-08 19:43:07.872","6a975ab666b4d6f7ec442e51","68af4bbc561870a68b9890eb","[PREMIUM]","[PREMIUM]","[PREMIUM]","[PREMIUM]","[PREMIUM]","[2,4]","186","1","Bleachers","['25','26','27','28']","direct",,"tm-official",,"[PREMIUM]","[PREMIUM]","[]",,"Texas Rangers at Seattle Mariners (Andrés Muñoz POP Collectible Giveaway)","mlb","2026-09-09 20:10:00","538526c321efd33afb000001"
"6a5413bab5c540d2983641d8","2026-09-01 23:59:57.859","2026-09-07 16:29:57.621","6a5413bab5c540d2983641d8","68af4bbc561870a68b9890eb","[PREMIUM]","[PREMIUM]","[PREMIUM]","[PREMIUM]","[PREMIUM]","[2]","124","25","Main Level","['*','*']","mobile","tm","tm-official",,"[PREMIUM]","[PREMIUM]","[]","2026-09-08 20:10:00","Texas Rangers at Seattle Mariners (Andrés Muñoz POP Collectible Giveaway)","mlb","2026-09-09 20:10:00","538526c321efd33afb000001"
"6a8dd3a3caa45efbe16b6ae8","2026-09-01 23:59:57.859","2026-09-01 23:59:57.859","6a8dd3a3caa45efbe16b6ae8","68af4bbc561870a68b9890eb","[PREMIUM]","[PREMIUM]","[PREMIUM]","[PREMIUM]","[PREMIUM]","[1,2,3]","337","12","View Level","['*','*','*']","direct",,"tm-official",,"[PREMIUM]","[PREMIUM]","[]","2026-09-08 00:00:00","Texas Rangers at Seattle Mariners (Andrés Muñoz POP Collectible Giveaway)","mlb","2026-09-09 20:10:00","538526c321efd33afb000001"
"6a9088f7ecc71caf6a8ecc6e","2026-09-01 23:59:57.859","2026-09-01 23:59:57.859","6a9088f7ecc71caf6a8ecc6e","68af4bbc561870a68b9890eb","[PREMIUM]","[PREMIUM]","[PREMIUM]","[PREMIUM]","[PREMIUM]","[1,2,3,4,5,6,7]","246","3","Terrace Club Level","['*','*','*','*','*','*','*']","direct",,"tm-official",,"[PREMIUM]","[PREMIUM]","[]","2026-09-08 00:00:00","Texas Rangers at Seattle Mariners (Andrés Muñoz POP Collectible Giveaway)","mlb","2026-09-09 20:10:00","538526c321efd33afb000001"
"6a94def7fded26e55a095298","2026-09-01 23:59:57.859","2026-09-01 23:59:57.859","6a94def7fded26e55a095298","68af4bbc561870a68b9890eb","[PREMIUM]","[PREMIUM]","[PREMIUM]","[PREMIUM]","[PREMIUM]","[1,2,3,4,5,6]","131","33","Main Level","['*','*','*','*','*','*']","direct",,"tm-official",,"[PREMIUM]","[PREMIUM]","[]","2026-09-08 00:00:00","Texas Rangers at Seattle Mariners (Andrés Muñoz POP Collectible Giveaway)","mlb","2026-09-09 20:10:00","538526c321efd33afb000001"
"6a94d02468d6fd7dc76bb02c","2026-09-01 23:59:57.859","2026-09-01 23:59:57.859","6a94d02468d6fd7dc76bb02c","68af4bbc561870a68b9890eb","[PREMIUM]","[PREMIUM]","[PREMIUM]","[PREMIUM]","[PREMIUM]","[1,2,3,4]","194","5","Bleachers","['*','*','*','*']","direct",,"tm-official",,"[PREMIUM]","[PREMIUM]","[]","2026-09-08 00:00:00","Texas Rangers at Seattle Mariners (Andrés Muñoz POP Collectible Giveaway)","mlb","2026-09-09 20:10:00","538526c321efd33afb000001"
"6a97444c2924f336bea8633a","2026-09-01 23:59:57.339","2026-09-01 23:59:57.339","6a97444c2924f336bea8633a","68af56aa1ca2cb21ee10d579","[PREMIUM]","[PREMIUM]","[PREMIUM]","[PREMIUM]","[PREMIUM]","[2,4]","117","1","Outfield Box","['*','*','*','*']","direct",,"tdc",,"[PREMIUM]","[PREMIUM]","[]","2026-09-09 00:00:00","Minnesota Twins at Detroit Tigers","mlb","2026-09-09 17:10:00","53c03a3b3bf37612c4000002"
"6a9744362924f336bea2cd75","2026-09-01 23:59:57.339","2026-09-01 23:59:57.339","6a9744362924f336bea2cd75","68af56aa1ca2cb21ee10d579","[PREMIUM]","[PREMIUM]","[PREMIUM]","[PREMIUM]","[PREMIUM]","[2]","328","B","Club","['*','*']","direct",,"tdc",,"[PREMIUM]","[PREMIUM]","[]","2026-09-09 00:00:00","Minnesota Twins at Detroit Tigers","mlb","2026-09-09 17:10:00","53c03a3b3bf37612c4000002"
"6a9744672924f336beaf6f7b","2026-09-01 23:59:57.339","2026-09-01 23:59:57.339","6a9744672924f336beaf6f7b","68af56aa1ca2cb21ee10d579","[PREMIUM]","[PREMIUM]","[PREMIUM]","[PREMIUM]","[PREMIUM]","[2,4]","120","10","Infield Box","['*','*','*','*']","direct",,"tdc",,"[PREMIUM]","[PREMIUM]","[]","2026-09-09 00:00:00","Minnesota Twins at Detroit Tigers","mlb","2026-09-09 17:10:00","53c03a3b3bf37612c4000002"
"6a9744672924f336beaf764e","2026-09-01 23:59:57.339","2026-09-01 23:59:57.339","6a9744672924f336beaf764e","68af56aa1ca2cb21ee10d579","[PREMIUM]","[PREMIUM]","[PREMIUM]","[PREMIUM]","[PREMIUM]","[2,4]","123","25","Infield Box","['*','*','*','*']","direct",,"tdc",,"[PREMIUM]","[PREMIUM]","[]","2026-09-09 00:00:00","Minnesota Twins at Detroit Tigers","mlb","2026-09-09 17:10:00","53c03a3b3bf37612c4000002"
"6a97444c2924f336bea86a44","2026-09-01 23:59:57.339","2026-09-01 23:59:57.339","6a97444c2924f336bea86a44","68af56aa1ca2cb21ee10d579","[PREMIUM]","[PREMIUM]","[PREMIUM]","[PREMIUM]","[PREMIUM]","[2]","TD126","C","Tiger Den","['*','*']","direct",,"tdc",,"[PREMIUM]","[PREMIUM]","[]","2026-09-09 00:00:00","Minnesota Twins at Detroit Tigers","mlb","2026-09-09 17:10:00","53c03a3b3bf37612c4000002"
"6a9744352924f336bea2664f","2026-09-01 23:59:57.339","2026-09-01 23:59:57.339","6a9744352924f336bea2664f","68af56aa1ca2cb21ee10d579","[PREMIUM]","[PREMIUM]","[PREMIUM]","[PREMIUM]","[PREMIUM]","[2]","TD127B","D","Tiger Den","['*','*']","direct",,"tdc",,"[PREMIUM]","[PREMIUM]","[]","2026-09-09 00:00:00","Minnesota Twins at Detroit Tigers","mlb","2026-09-09 17:10:00","53c03a3b3bf37612c4000002"
"6a9744572924f336beaaf93f","2026-09-01 23:59:57.339","2026-09-01 23:59:57.339","6a9744572924f336beaaf93f","68af56aa1ca2cb21ee10d579","[PREMIUM]","[PREMIUM]","[PREMIUM]","[PREMIUM]","[PREMIUM]","[2]","338","1","Upper Reserved","['*','*']","direct",,"tdc",,"[PREMIUM]","[PREMIUM]","[]","2026-09-09 00:00:00","Minnesota Twins at Detroit Tigers","mlb","2026-09-09 17:10:00","53c03a3b3bf37612c4000002"
"6a97443f2924f336bea511eb","2026-09-01 23:59:57.339","2026-09-01 23:59:57.339","6a97443f2924f336bea511eb","68af56aa1ca2cb21ee10d579","[PREMIUM]","[PREMIUM]","[PREMIUM]","[PREMIUM]","[PREMIUM]","[2,4]","101","E","RF Grandstand","['*','*','*','*']","direct",,"tdc",,"[PREMIUM]","[PREMIUM]","[]","2026-09-09 00:00:00","Minnesota Twins at Detroit Tigers","mlb","2026-09-09 17:10:00","53c03a3b3bf37612c4000002"
"6a9744752924f336beb37838","2026-09-01 23:59:57.339","2026-09-01 23:59:57.339","6a9744752924f336beb37838","68af56aa1ca2cb21ee10d579","[PREMIUM]","[PREMIUM]","[PREMIUM]","[PREMIUM]","[PREMIUM]","[2]","133","7","Infield Box","['*','*']","direct",,"tdc",,"[PREMIUM]","[PREMIUM]","[]","2026-09-09 00:00:00","Minnesota Twins at Detroit Tigers","mlb","2026-09-09 17:10:00","53c03a3b3bf37612c4000002"
"6a9744472924f336bea71845","2026-09-01 23:59:57.339","2026-09-01 23:59:57.339","6a9744472924f336bea71845","68af56aa1ca2cb21ee10d579","[PREMIUM]","[PREMIUM]","[PREMIUM]","[PREMIUM]","[PREMIUM]","[2]","139","E","Terrace","['*','*']","direct",,"tdc",,"[PREMIUM]","[PREMIUM]","[]","2026-09-09 00:00:00","Minnesota Twins at Detroit Tigers","mlb","2026-09-09 17:10:00","53c03a3b3bf37612c4000002"
"6a9744412924f336bea56839","2026-09-01 23:59:57.339","2026-09-01 23:59:57.339","6a9744412924f336bea56839","68af56aa1ca2cb21ee10d579","[PREMIUM]","[PREMIUM]","[PREMIUM]","[PREMIUM]","[PREMIUM]","[2]","114","12","Lower Baseline Box","['*','*']","direct",,"tdc",,"[PREMIUM]","[PREMIUM]","[]","2026-09-09 00:00:00","Minnesota Twins at Detroit Tigers","mlb","2026-09-09 17:10:00","53c03a3b3bf37612c4000002"
"6a97443f2924f336bea5014a","2026-09-01 23:59:57.339","2026-09-01 23:59:57.339","6a97443f2924f336bea5014a","68af56aa1ca2cb21ee10d579","[PREMIUM]","[PREMIUM]","[PREMIUM]","[PREMIUM]","[PREMIUM]","[2]","148","A","Pavilion","['*','*']","direct",,"tdc",,"[PREMIUM]","[PREMIUM]","[]","2026-09-09 00:00:00","Minnesota Twins at Detroit Tigers","mlb","2026-09-09 17:10:00","53c03a3b3bf37612c4000002"
"6a9744422924f336bea5bb04","2026-09-01 23:59:57.339","2026-09-01 23:59:57.339","6a9744422924f336bea5bb04","68af56aa1ca2cb21ee10d579","[PREMIUM]","[PREMIUM]","[PREMIUM]","[PREMIUM]","[PREMIUM]","[2]","TD134","H","Tiger Den","['*','*']","direct",,"tdc",,"[PREMIUM]","[PREMIUM]","[]","2026-09-09 00:00:00","Minnesota Twins at Detroit Tigers","mlb","2026-09-09 17:10:00","53c03a3b3bf37612c4000002"
"6a9744692924f336beb010dc","2026-09-01 23:59:57.339","2026-09-01 23:59:57.339","6a9744692924f336beb010dc","68af56aa1ca2cb21ee10d579","[PREMIUM]","[PREMIUM]","[PREMIUM]","[PREMIUM]","[PREMIUM]","[2,4]","TD127A","B","Tiger Den","['*','*','*','*']","direct",,"tdc",,"[PREMIUM]","[PREMIUM]","[]","2026-09-09 00:00:00","Minnesota Twins at Detroit Tigers","mlb","2026-09-09 17:10:00","53c03a3b3bf37612c4000002"
"6a9744752924f336beb39bde","2026-09-01 23:59:57.339","2026-09-01 23:59:57.339","6a9744752924f336beb39bde","68af56aa1ca2cb21ee10d579","[PREMIUM]","[PREMIUM]","[PREMIUM]","[PREMIUM]","[PREMIUM]","[2]","106","B","RF Grandstand","['*','*']","direct",,"tdc",,"[PREMIUM]","[PREMIUM]","[]","2026-09-09 00:00:00","Minnesota Twins at Detroit Tigers","mlb","2026-09-09 17:10:00","53c03a3b3bf37612c4000002"
"6a9744702924f336beb1f4f7","2026-09-01 23:59:57.339","2026-09-01 23:59:57.339","6a9744702924f336beb1f4f7","68af56aa1ca2cb21ee10d579","[PREMIUM]","[PREMIUM]","[PREMIUM]","[PREMIUM]","[PREMIUM]","[2]","138","18","Lower Outfield","['*','*']","direct",,"tdc",,"[PREMIUM]","[PREMIUM]","[]","2026-09-09 00:00:00","Minnesota Twins at Detroit Tigers","mlb","2026-09-09 17:10:00","53c03a3b3bf37612c4000002"
"6a9744492924f336bea78cdd","2026-09-01 23:59:57.339","2026-09-01 23:59:57.339","6a9744492924f336bea78cdd","68af56aa1ca2cb21ee10d579","[PREMIUM]","[PREMIUM]","[PREMIUM]","[PREMIUM]","[PREMIUM]","[1,2,3,5]","219","A","Upper Box Right Field","['*','*','*','*','*']","direct",,"tdc",,"[PREMIUM]","[PREMIUM]","[]","2026-09-09 00:00:00","Minnesota Twins at Detroit Tigers","mlb","2026-09-09 17:10:00","53c03a3b3bf37612c4000002"
"6a9744332924f336bea1f6ce","2026-09-01 23:59:57.339","2026-09-01 23:59:57.339","6a9744332924f336bea1f6ce","68af56aa1ca2cb21ee10d579","[PREMIUM]","[PREMIUM]","[PREMIUM]","[PREMIUM]","[PREMIUM]","[2]","TD129A","C","Tiger Den","['*','*']","direct",,"tdc",,"[PREMIUM]","[PREMIUM]","[]","2026-09-09 00:00:00","Minnesota Twins at Detroit Tigers","mlb","2026-09-09 17:10:00","53c03a3b3bf37612c4000002"
"6a9744502924f336bea92f21","2026-09-01 23:59:57.339","2026-09-01 23:59:57.339","6a9744502924f336bea92f21","68af56aa1ca2cb21ee10d579","[PREMIUM]","[PREMIUM]","[PREMIUM]","[PREMIUM]","[PREMIUM]","[2,4]","115","42","Outfield Box","['*','*','*','*']","direct",,"tdc",,"[PREMIUM]","[PREMIUM]","[]","2026-09-09 00:00:00","Minnesota Twins at Detroit Tigers","mlb","2026-09-09 17:10:00","53c03a3b3bf37612c4000002"
"6a9744462924f336bea69eee","2026-09-01 23:59:57.339","2026-09-01 23:59:57.339","6a9744462924f336bea69eee","68af56aa1ca2cb21ee10d579","[PREMIUM]","[PREMIUM]","[PREMIUM]","[PREMIUM]","[PREMIUM]","[2]","TD126","A","Tiger Den","['*','*']","direct",,"tdc",,"[PREMIUM]","[PREMIUM]","[]","2026-09-09 00:00:00","Minnesota Twins at Detroit Tigers","mlb","2026-09-09 17:10:00","53c03a3b3bf37612c4000002"
"6a9744442924f336bea62b08","2026-09-01 23:59:57.339","2026-09-01 23:59:57.339","6a9744442924f336bea62b08","68af56aa1ca2cb21ee10d579","[PREMIUM]","[PREMIUM]","[PREMIUM]","[PREMIUM]","[PREMIUM]","[2,4]","107","45","Kalines Corner","['*','*','*','*']","direct",,"tdc",,"[PREMIUM]","[PREMIUM]","[]","2026-09-09 00:00:00","Minnesota Twins at Detroit Tigers","mlb","2026-09-09 17:10:00","53c03a3b3bf37612c4000002"
"6a97445c2924f336beac801e","2026-09-01 23:59:57.339","2026-09-01 23:59:57.339","6a97445c2924f336beac801e","68af56aa1ca2cb21ee10d579","[PREMIUM]","[PREMIUM]","[PREMIUM]","[PREMIUM]","[PREMIUM]","[2,4]","139B","C","Terrace","['*','*','*','*']","direct",,"tdc",,"[PREMIUM]","[PREMIUM]","[]","2026-09-09 00:00:00","Minnesota Twins at Detroit Tigers","mlb","2026-09-09 17:10:00","53c03a3b3bf37612c4000002"
"6a9744282924f336be9fbceb","2026-09-01 23:59:57.339","2026-09-01 23:59:57.339","6a9744282924f336be9fbceb","68af56aa1ca2cb21ee10d579","[PREMIUM]","[PREMIUM]","[PREMIUM]","[PREMIUM]","[PREMIUM]","[2]","TD135B","B","Tiger Den","['*','*']","direct",,"tdc",,"[PREMIUM]","[PREMIUM]","[]","2026-09-09 00:00:00","Minnesota Twins at Detroit Tigers","mlb","2026-09-09 17:10:00","53c03a3b3bf37612c4000002"
"6a9744442924f336bea63005","2026-09-01 23:59:57.339","2026-09-01 23:59:57.339","6a9744442924f336bea63005","68af56aa1ca2cb21ee10d579","[PREMIUM]","[PREMIUM]","[PREMIUM]","[PREMIUM]","[PREMIUM]","[2]","126","15","Infield Box","['*','*']","direct",,"tdc",,"[PREMIUM]","[PREMIUM]","[]","2026-09-09 00:00:00","Minnesota Twins at Detroit Tigers","mlb","2026-09-09 17:10:00","53c03a3b3bf37612c4000002"
"6a9744462924f336bea6a3a7","2026-09-01 23:59:57.339","2026-09-01 23:59:57.339","6a9744462924f336bea6a3a7","68af56aa1ca2cb21ee10d579","[PREMIUM]","[PREMIUM]","[PREMIUM]","[PREMIUM]","[PREMIUM]","[2]","142","3","Lower Outfield","['*','*']","direct",,"tdc",,"[PREMIUM]","[PREMIUM]","[]","2026-09-09 00:00:00","Minnesota Twins at Detroit Tigers","mlb","2026-09-09 17:10:00","53c03a3b3bf37612c4000002"
"6a9744242924f336be9ed349","2026-09-01 23:59:57.339","2026-09-01 23:59:57.339","6a9744242924f336be9ed349","68af56aa1ca2cb21ee10d579","[PREMIUM]","[PREMIUM]","[PREMIUM]","[PREMIUM]","[PREMIUM]","[2]","118","D","Terrace","['*','*']","direct",,"tdc",,"[PREMIUM]","[PREMIUM]","[]","2026-09-09 00:00:00","Minnesota Twins at Detroit Tigers","mlb","2026-09-09 17:10:00","53c03a3b3bf37612c4000002"
"6a9744362924f336bea2e4e5","2026-09-01 23:59:57.339","2026-09-01 23:59:57.339","6a9744362924f336bea2e4e5","68af56aa1ca2cb21ee10d579","[PREMIUM]","[PREMIUM]","[PREMIUM]","[PREMIUM]","[PREMIUM]","[2]","117B","A","Terrace","['*','*']","direct",,"tdc",,"[PREMIUM]","[PREMIUM]","[]","2026-09-09 00:00:00","Minnesota Twins at Detroit Tigers","mlb","2026-09-09 17:10:00","53c03a3b3bf37612c4000002"
"6a9744422924f336bea5b510","2026-09-01 23:59:57.339","2026-09-01 23:59:57.339","6a9744422924f336bea5b510","68af56aa1ca2cb21ee10d579","[PREMIUM]","[PREMIUM]","[PREMIUM]","[PREMIUM]","[PREMIUM]","[2]","TD133B","A","Tiger Den","['*','*']","direct",,"tdc",,"[PREMIUM]","[PREMIUM]","[]","2026-09-09 00:00:00","Minnesota Twins at Detroit Tigers","mlb","2026-09-09 17:10:00","53c03a3b3bf37612c4000002"
"6a9744692924f336beafecc2","2026-09-01 23:59:57.339","2026-09-01 23:59:57.339","6a9744692924f336beafecc2","68af56aa1ca2cb21ee10d579","[PREMIUM]","[PREMIUM]","[PREMIUM]","[PREMIUM]","[PREMIUM]","[2]","131","8","Infield Box","['*','*']","direct",,"tdc",,"[PREMIUM]","[PREMIUM]","[]","2026-09-09 00:00:00","Minnesota Twins at Detroit Tigers","mlb","2026-09-09 17:10:00","53c03a3b3bf37612c4000002"
"6a97445f2924f336bead46c4","2026-09-01 23:59:57.339","2026-09-01 23:59:57.339","6a97445f2924f336bead46c4","68af56aa1ca2cb21ee10d579","[PREMIUM]","[PREMIUM]","[PREMIUM]","[PREMIUM]","[PREMIUM]","[2]","136","22","Infield Box","['*','*']","direct",,"tdc",,"[PREMIUM]","[PREMIUM]","[]","2026-09-09 00:00:00","Minnesota Twins at Detroit Tigers","mlb","2026-09-09 17:10:00","53c03a3b3bf37612c4000002"
"6a96d16e2924f336be089db3","2026-09-01 23:59:57.339","2026-09-08 19:43:07.513","6a96d16e2924f336be089db3","68af56aa1ca2cb21ee10d579","[PREMIUM]","[PREMIUM]","[PREMIUM]","[PREMIUM]","[PREMIUM]","[2]","329","17","Upper Box Infield","['1','2']","mobile","mlb","tdc",,"[PREMIUM]","[PREMIUM]","[]",,"Minnesota Twins at Detroit Tigers","mlb","2026-09-09 17:10:00","53c03a3b3bf37612c4000002"
"6a96d1692924f336be07a715","2026-09-01 23:59:57.339","2026-09-08 19:43:07.513","6a96d1692924f336be07a715","68af56aa1ca2cb21ee10d579","[PREMIUM]","[PREMIUM]","[PREMIUM]","[PREMIUM]","[PREMIUM]","[2,4]","330","12","Upper Box Infield","['2','3','4','5']","mobile","mlb","tdc",,"[PREMIUM]","[PREMIUM]","[]",,"Minnesota Twins at Detroit Tigers","mlb","2026-09-09 17:10:00","53c03a3b3bf37612c4000002"
"6a96d7c8d83c252999407098","2026-09-01 23:59:57.339","2026-09-03 03:23:55.707","6a96d7c8d83c252999407098","68af56aa1ca2cb21ee10d579","[PREMIUM]","[PREMIUM]","[PREMIUM]","[PREMIUM]","[PREMIUM]","[2]","132","20","Infield Box","['*','*']","direct",,"tdc",,"[PREMIUM]","[PREMIUM]","[]","2026-09-08 00:00:00","Minnesota Twins at Detroit Tigers","mlb","2026-09-09 17:10:00","53c03a3b3bf37612c4000002"
"69c31addf6fbc8b3544b6b54","2026-09-01 23:59:57.339","2026-09-04 06:40:40.788","69c31addf6fbc8b3544b6b54","68af56aa1ca2cb21ee10d579","[PREMIUM]","[PREMIUM]","[PREMIUM]","[PREMIUM]","[PREMIUM]","[2]","328","11","Upper Box Infield","['*','*']","mobile","mlb","tdc",,"[PREMIUM]","[PREMIUM]","[]","2026-09-07 00:00:00","Minnesota Twins at Detroit Tigers","mlb","2026-09-09 17:10:00","53c03a3b3bf37612c4000002"
"69dd5952a0981b03c37b990c","2026-09-01 23:59:57.339","2026-09-05 09:47:31.713","69dd5952a0981b03c37b990c","68af56aa1ca2cb21ee10d579","[PREMIUM]","[PREMIUM]","[PREMIUM]","[PREMIUM]","[PREMIUM]","[2]","114","8","Lower Baseline Box","['3','4']","direct",,"tdc",,"[PREMIUM]","[PREMIUM]","[]","2026-09-08 00:00:00","Minnesota Twins at Detroit Tigers","mlb","2026-09-09 17:10:00","53c03a3b3bf37612c4000002"
"6a70df0c5d5b5a5db78e6b7d","2026-09-01 23:59:57.339","2026-09-03 03:23:55.707","6a70df0c5d5b5a5db78e6b7d","68af56aa1ca2cb21ee10d579","[PREMIUM]","[PREMIUM]","[PREMIUM]","[PREMIUM]","[PREMIUM]","[2,4]","119","10","Infield Box","['1','2','3','4']","mobile","mlb","tdc",,"[PREMIUM]","[PREMIUM]","[]","2026-09-08 00:00:00","Minnesota Twins at Detroit Tigers","mlb","2026-09-09 17:10:00","53c03a3b3bf37612c4000002"
"6a80a24cac9d1fc9cd5fdfe8","2026-09-01 23:59:57.339","2026-09-01 23:59:57.339","6a80a24cac9d1fc9cd5fdfe8","68af56aa1ca2cb21ee10d579","[PREMIUM]","[PREMIUM]","[PREMIUM]","[PREMIUM]","[PREMIUM]","[2,4]","140A","A","Terrace","['*','*','*','*']","mobile","mlb","tdc",,"[PREMIUM]","[PREMIUM]","[]","2026-09-08 17:10:00","Minnesota Twins at Detroit Tigers","mlb","2026-09-09 17:10:00","53c03a3b3bf37612c4000002"
"6a806d07bfbb3b04c7af1dfa","2026-09-01 23:59:57.339","2026-09-08 19:43:07.513","6a806d07bfbb3b04c7af1dfa","68af56aa1ca2cb21ee10d579","[PREMIUM]","[PREMIUM]","[PREMIUM]","[PREMIUM]","[PREMIUM]","[2]","218","1","Upper Box Right Field","['*','*']","mobile","mlb","tdc",,"[PREMIUM]","[PREMIUM]","[]",,"Minnesota Twins at Detroit Tigers","mlb","2026-09-09 17:10:00","53c03a3b3bf37612c4000002"
"6a8068ccbfbb3b04c7af19d6","2026-09-01 23:59:57.339","2026-09-01 23:59:57.339","6a8068ccbfbb3b04c7af19d6","68af56aa1ca2cb21ee10d579","[PREMIUM]","[PREMIUM]","[PREMIUM]","[PREMIUM]","[PREMIUM]","[2,4]","130","32","Infield Box","['*','*','*','*']","mobile","mlb","tdc",,"[PREMIUM]","[PREMIUM]","[]","2026-09-08 17:10:00","Minnesota Twins at Detroit Tigers","mlb","2026-09-09 17:10:00","53c03a3b3bf37612c4000002"
"6a805bc25dc947268f4a5beb","2026-09-01 23:59:57.339","2026-09-01 23:59:57.339","6a805bc25dc947268f4a5beb","68af56aa1ca2cb21ee10d579","[PREMIUM]","[PREMIUM]","[PREMIUM]","[PREMIUM]","[PREMIUM]","[2,4]","106","BB","Bleachers","['*','*','*','*']","mobile","mlb","tdc",,"[PREMIUM]","[PREMIUM]","[]","2026-09-08 17:10:00","Minnesota Twins at Detroit Tigers","mlb","2026-09-09 17:10:00","53c03a3b3bf37612c4000002"
"6a81c5c06bbb4f513c169dbc","2026-09-01 23:59:57.339","2026-09-01 23:59:57.339","6a81c5c06bbb4f513c169dbc","68af56aa1ca2cb21ee10d579","[PREMIUM]","[PREMIUM]","[PREMIUM]","[PREMIUM]","[PREMIUM]","[1,2,3,5]","126","24","Infield Box","['*','*','*','*','*']","mobile","mlb","tdc",,"[PREMIUM]","[PREMIUM]","[]","2026-09-08 17:10:00","Minnesota Twins at Detroit Tigers","mlb","2026-09-09 17:10:00","53c03a3b3bf37612c4000002"
"6a96d7d84e27e9d5e097d516","2026-09-01 23:59:57.339","2026-09-01 23:59:57.339","6a96d7d84e27e9d5e097d516","68af56aa1ca2cb21ee10d579","[PREMIUM]","[PREMIUM]","[PREMIUM]","[PREMIUM]","[PREMIUM]","[1,2,3,4,5,6,7,8]","133","32","Infield Box","['*','*','*','*','*','*','*','*']","direct",,"tdc",,"[PREMIUM]","[PREMIUM]","[]","2026-09-08 00:00:00","Minnesota Twins at Detroit Tigers","mlb","2026-09-09 17:10:00","53c03a3b3bf37612c4000002"
"6a96d7d9e0e5113e1e5e6437","2026-09-01 23:59:57.339","2026-09-03 03:23:55.707","6a96d7d9e0e5113e1e5e6437","68af56aa1ca2cb21ee10d579","[PREMIUM]","[PREMIUM]","[PREMIUM]","[PREMIUM]","[PREMIUM]","[1,2,3,4,5,6,8]","133","28","Infield Box","['*','*','*','*','*','*','*','*']","direct",,"tdc",,"[PREMIUM]","[PREMIUM]","[]","2026-09-08 00:00:00","Minnesota Twins at Detroit Tigers","mlb","2026-09-09 17:10:00","53c03a3b3bf37612c4000002"
"6a96687eb63dd3654f3de808","2026-09-01 23:59:57.339","2026-09-03 03:23:55.707","6a96687eb63dd3654f3de808","68af56aa1ca2cb21ee10d579","[PREMIUM]","[PREMIUM]","[PREMIUM]","[PREMIUM]","[PREMIUM]","[2,4]","119","32","Infield Box","['*','*','*','*']","direct",,"tdc",,"[PREMIUM]","[PREMIUM]","[]","2026-09-08 00:00:00","Minnesota Twins at Detroit Tigers","mlb","2026-09-09 17:10:00","53c03a3b3bf37612c4000002"
"693203af4c87f865d058be6e","2026-09-01 23:59:57.339","2026-09-06 13:11:31.602","693203af4c87f865d058be6e","68af56aa1ca2cb21ee10d579","[PREMIUM]","[PREMIUM]","[PREMIUM]","[PREMIUM]","[PREMIUM]","[2]","134","25","Infield Box","['9','10']","direct",,"tdc",,"[PREMIUM]","[PREMIUM]","[]","2026-09-08 03:30:00","Minnesota Twins at Detroit Tigers","mlb","2026-09-09 17:10:00","53c03a3b3bf37612c4000002"
"693203aa4c87f865d057b42a","2026-09-01 23:59:57.339","2026-09-08 19:43:07.513","693203aa4c87f865d057b42a","68af56aa1ca2cb21ee10d579","[PREMIUM]","[PREMIUM]","[PREMIUM]","[PREMIUM]","[PREMIUM]","[1,2,3,4,5,6,8]","113","7","Lower Baseline Box","['12','13','14','15','16','17','18','19']","direct",,"tdc",,"[PREMIUM]","[PREMIUM]","[]",,"Minnesota Twins at Detroit Tigers","mlb","2026-09-09 17:10:00","53c03a3b3bf37612c4000002"
"6939aa8e4c87f865d05083c0","2026-09-01 23:59:57.339","2026-09-04 06:40:40.788","6939aa8e4c87f865d05083c0","68af56aa1ca2cb21ee10d579","[PREMIUM]","[PREMIUM]","[PREMIUM]","[PREMIUM]","[PREMIUM]","[2]","142","29","Lower Outfield","['*','*']","mobile","mlb","tdc","great","[PREMIUM]","[PREMIUM]","[]","2026-09-08 00:00:00","Minnesota Twins at Detroit Tigers","mlb","2026-09-09 17:10:00","53c03a3b3bf37612c4000002"
"6902583d9fd9918f9c461895","2026-09-01 23:59:57.339","2026-09-08 19:43:07.513","6902583d9fd9918f9c461895","68af56aa1ca2cb21ee10d579","[PREMIUM]","[PREMIUM]","[PREMIUM]","[PREMIUM]","[PREMIUM]","[2,4]","141","29","Lower Outfield","['*','*','*','*']","mobile","mlb","tdc",,"[PREMIUM]","[PREMIUM]","[]",,"Minnesota Twins at Detroit Tigers","mlb","2026-09-09 17:10:00","53c03a3b3bf37612c4000002"
"6a8c6218c6cc23a1062e96e2","2026-09-01 23:59:57.339","2026-09-01 23:59:57.339","6a8c6218c6cc23a1062e96e2","68af56aa1ca2cb21ee10d579","[PREMIUM]","[PREMIUM]","[PREMIUM]","[PREMIUM]","[PREMIUM]","[1,2,3,4,5,6,8]","129","24","Infield Box","['*','*','*','*','*','*','*','*']","mobile","mlb","tdc",,"[PREMIUM]","[PREMIUM]","[]","2026-09-08 17:10:00","Minnesota Twins at Detroit Tigers","mlb","2026-09-09 17:10:00","53c03a3b3bf37612c4000002"
"6a95d14947d23c91166b41bb","2026-09-01 23:59:57.339","2026-09-06 13:11:31.602","6a95d14947d23c91166b41bb","68af56aa1ca2cb21ee10d579","[PREMIUM]","[PREMIUM]","[PREMIUM]","[PREMIUM]","[PREMIUM]","[1,2]","PC5","FFF","Priority Club","['*','*']","direct",,"tdc",,"[PREMIUM]","[PREMIUM]","['food_beverage_included','club_access']","2026-09-08 00:00:00","Minnesota Twins at Detroit Tigers","mlb","2026-09-09 17:10:00","53c03a3b3bf37612c4000002"
"6a8e164ca5a12e4fa4c283c1","2026-09-01 23:59:57.339","2026-09-01 23:59:57.339","6a8e164ca5a12e4fa4c283c1","68af56aa1ca2cb21ee10d579","[PREMIUM]","[PREMIUM]","[PREMIUM]","[PREMIUM]","[PREMIUM]","[2,4,6]","128","17","Infield Box","['*','*','*','*','*','*']","mobile","mlb","tdc",,"[PREMIUM]","[PREMIUM]","[]","2026-09-08 17:10:00","Minnesota Twins at Detroit Tigers","mlb","2026-09-09 17:10:00","53c03a3b3bf37612c4000002"
"6a42e2f903a952e5fbcb0b88","2026-09-01 23:59:57.339","2026-09-01 23:59:57.339","6a42e2f903a952e5fbcb0b88","68af56aa1ca2cb21ee10d579","[PREMIUM]","[PREMIUM]","[PREMIUM]","[PREMIUM]","[PREMIUM]","[2]","136","5","Infield Box","['5','6']","direct",,"tdc",,"[PREMIUM]","[PREMIUM]","[]","2026-09-08 00:00:00","Minnesota Twins at Detroit Tigers","mlb","2026-09-09 17:10:00","53c03a3b3bf37612c4000002"
"6a968e3bb5a1d145d2fb22eb","2026-09-01 23:59:57.339","2026-09-01 23:59:57.339","6a968e3bb5a1d145d2fb22eb","68af56aa1ca2cb21ee10d579","[PREMIUM]","[PREMIUM]","[PREMIUM]","[PREMIUM]","[PREMIUM]","[2]","117B","H","Terrace","['*','*']","direct",,"tdc",,"[PREMIUM]","[PREMIUM]","[]","2026-09-08 00:00:00","Minnesota Twins at Detroit Tigers","mlb","2026-09-09 17:10:00","53c03a3b3bf37612c4000002"
"698cf799a30d668b47e75933","2026-09-01 23:59:57.339","2026-09-01 23:59:57.339","698cf799a30d668b47e75933","68af56aa1ca2cb21ee10d579","[PREMIUM]","[PREMIUM]","[PREMIUM]","[PREMIUM]","[PREMIUM]","[1,2,3,4]","331","11","Upper Box Infield","['*','*','*','*']","mobile","mlb","tdc",,"[PREMIUM]","[PREMIUM]","[]","2026-09-08 00:00:00","Minnesota Twins at Detroit Tigers","mlb","2026-09-09 17:10:00","53c03a3b3bf37612c4000002"
"6a86242ca2171fa42fb9882e","2026-09-01 23:59:57.339","2026-09-03 03:23:55.707","6a86242ca2171fa42fb9882e","68af56aa1ca2cb21ee10d579","[PREMIUM]","[PREMIUM]","[PREMIUM]","[PREMIUM]","[PREMIUM]","[2]","119","6","Infield Box","['*','*']","mobile","mlb","tdc",,"[PREMIUM]","[PREMIUM]","[]","2026-09-08 17:10:00","Minnesota Twins at Detroit Tigers","mlb","2026-09-09 17:10:00","53c03a3b3bf37612c4000002"
"6a974f36e5436e9eeb412803","2026-09-01 23:59:57.339","2026-09-08 19:43:07.513","6a974f36e5436e9eeb412803","68af56aa1ca2cb21ee10d579","[PREMIUM]","[PREMIUM]","[PREMIUM]","[PREMIUM]","[PREMIUM]","[2,4]","149","A","Pavilion","['5','6','7','8']","direct",,"tdc",,"[PREMIUM]","[PREMIUM]","[]",,"Minnesota Twins at Detroit Tigers","mlb","2026-09-09 17:10:00","53c03a3b3bf37612c4000002"
"6a96b1deec0885fdefeecfce","2026-09-01 23:59:57.339","2026-09-03 03:23:55.707","6a96b1deec0885fdefeecfce","68af56aa1ca2cb21ee10d579","[PREMIUM]","[PREMIUM]","[PREMIUM]","[PREMIUM]","[PREMIUM]","[1,2,3,5]","119","20","Infield Box","['*','*','*','*','*']","direct",,"tdc",,"[PREMIUM]","[PREMIUM]","[]","2026-09-08 00:00:00","Minnesota Twins at Detroit Tigers","mlb","2026-09-09 17:10:00","53c03a3b3bf37612c4000002"
"6a9744142924f336be9b0baf","2026-09-01 23:59:57.339","2026-09-01 23:59:57.339","6a9744142924f336be9b0baf","68af56aa1ca2cb21ee10d579","[PREMIUM]","[PREMIUM]","[PREMIUM]","[PREMIUM]","[PREMIUM]","[2]","PC4","EEE","Priority Club","['*','*']","direct",,"tdc",,"[PREMIUM]","[PREMIUM]","[]","2026-09-09 00:00:00","Minnesota Twins at Detroit Tigers","mlb","2026-09-09 17:10:00","53c03a3b3bf37612c4000002"
"6a9744102924f336be9a6783","2026-09-01 23:59:57.339","2026-09-01 23:59:57.339","6a9744102924f336be9a6783","68af56aa1ca2cb21ee10d579","[PREMIUM]","[PREMIUM]","[PREMIUM]","[PREMIUM]","[PREMIUM]","[2,4]","TD122","C","Tiger Den","['*','*','*','*']","direct",,"tdc",,"[PREMIUM]","[PREMIUM]","[]","2026-09-09 00:00:00","Minnesota Twins at Detroit Tigers","mlb","2026-09-09 17:10:00","53c03a3b3bf37612c4000002"
"6a9744142924f336be9b140b","2026-09-01 23:59:57.339","2026-09-01 23:59:57.339","6a9744142924f336be9b140b","68af56aa1ca2cb21ee10d579","[PREMIUM]","[PREMIUM]","[PREMIUM]","[PREMIUM]","[PREMIUM]","[2,4]","119","25","Infield Box","['*','*','*','*']","direct",,"tdc",,"[PREMIUM]","[PREMIUM]","[]","2026-09-09 00:00:00","Minnesota Twins at Detroit Tigers","mlb","2026-09-09 17:10:00","53c03a3b3bf37612c4000002"
"6a973b9258984a6d4eddcebe","2026-09-01 23:59:57.339","2026-09-05 09:47:31.713","6a973b9258984a6d4eddcebe","68af56aa1ca2cb21ee10d579","[PREMIUM]","[PREMIUM]","[PREMIUM]","[PREMIUM]","[PREMIUM]","[2]","114","2","Lower Baseline Box","['9','10']","direct",,"tdc",,"[PREMIUM]","[PREMIUM]","[]",,"Minnesota Twins at Detroit Tigers","mlb","2026-09-09 17:10:00","53c03a3b3bf37612c4000002"
"6a9744132924f336be9affe5","2026-09-01 23:59:57.339","2026-09-01 23:59:57.339","6a9744132924f336be9affe5","68af56aa1ca2cb21ee10d579","[PREMIUM]","[PREMIUM]","[PREMIUM]","[PREMIUM]","[PREMIUM]","[2]","138B","F","Terrace","['*','*']","direct",,"tdc",,"[PREMIUM]","[PREMIUM]","[]","2026-09-09 00:00:00","Minnesota Twins at Detroit Tigers","mlb","2026-09-09 17:10:00","53c03a3b3bf37612c4000002"
"6a9744182924f336be9c26dc","2026-09-01 23:59:57.339","2026-09-01 23:59:57.339","6a9744182924f336be9c26dc","68af56aa1ca2cb21ee10d579","[PREMIUM]","[PREMIUM]","[PREMIUM]","[PREMIUM]","[PREMIUM]","[2]","116A","G","Terrace","['*','*']","direct",,"tdc",,"[PREMIUM]","[PREMIUM]","[]","2026-09-09 00:00:00","Minnesota Twins at Detroit Tigers","mlb","2026-09-09 17:10:00","53c03a3b3bf37612c4000002"
"6a9744192924f336be9c39e7","2026-09-01 23:59:57.339","2026-09-01 23:59:57.339","6a9744192924f336be9c39e7","68af56aa1ca2cb21ee10d579","[PREMIUM]","[PREMIUM]","[PREMIUM]","[PREMIUM]","[PREMIUM]","[2]","TD135C","E","Tiger Den","['*','*']","direct",,"tdc",,"[PREMIUM]","[PREMIUM]","[]","2026-09-09 00:00:00","Minnesota Twins at Detroit Tigers","mlb","2026-09-09 17:10:00","53c03a3b3bf37612c4000002"
"6a970c1518b121545d0b4f90","2026-09-01 23:59:57.339","2026-09-03 03:23:55.707","6a970c1518b121545d0b4f90","68af56aa1ca2cb21ee10d579","[PREMIUM]","[PREMIUM]","[PREMIUM]","[PREMIUM]","[PREMIUM]","[1,2,3,4,5,6,7,8]","136","31","Infield Box","['*','*','*','*','*','*','*','*']","direct",,"tdc",,"[PREMIUM]","[PREMIUM]","[]","2026-09-08 00:00:00","Minnesota Twins at Detroit Tigers","mlb","2026-09-09 17:10:00","53c03a3b3bf37612c4000002"
"6a970c1596b47a3ce332ad65","2026-09-01 23:59:57.339","2026-09-03 03:23:55.707","6a970c1596b47a3ce332ad65","68af56aa1ca2cb21ee10d579","[PREMIUM]","[PREMIUM]","[PREMIUM]","[PREMIUM]","[PREMIUM]","[1,2,3,4,5,6,7,8]","137","3","Infield Box","['*','*','*','*','*','*','*','*']","direct",,"tdc",,"[PREMIUM]","[PREMIUM]","[]","2026-09-08 00:00:00","Minnesota Twins at Detroit Tigers","mlb","2026-09-09 17:10:00","53c03a3b3bf37612c4000002"
"6a971736ec0885fdefefb1c4","2026-09-01 23:59:57.339","2026-09-07 16:29:57.528","6a971736ec0885fdefefb1c4","68af56aa1ca2cb21ee10d579","[PREMIUM]","[PREMIUM]","[PREMIUM]","[PREMIUM]","[PREMIUM]","[2]","136","17","Infield Box","['*','*']","mobile","mlb","tdc",,"[PREMIUM]","[PREMIUM]","[]","2026-09-08 17:10:00","Minnesota Twins at Detroit Tigers","mlb","2026-09-09 17:10:00","53c03a3b3bf37612c4000002"
"69ad98bd89f0a636ae532966","2026-09-01 23:59:57.339","2026-09-01 23:59:57.339","69ad98bd89f0a636ae532966","68af56aa1ca2cb21ee10d579","[PREMIUM]","[PREMIUM]","[PREMIUM]","[PREMIUM]","[PREMIUM]","[2,4]","331","16","Upper Box Infield","['*','*','*','*']","mobile","mlb","tdc",,"[PREMIUM]","[PREMIUM]","[]","2026-09-08 00:00:00","Minnesota Twins at Detroit Tigers","mlb","2026-09-09 17:10:00","53c03a3b3bf37612c4000002"
"69ad98b989f0a636ae524c89","2026-09-01 23:59:57.339","2026-09-07 16:29:57.528","69ad98b989f0a636ae524c89","68af56aa1ca2cb21ee10d579","[PREMIUM]","[PREMIUM]","[PREMIUM]","[PREMIUM]","[PREMIUM]","[2,4]","327","16","Upper Box Infield","['*','*','*','*']","mobile","mlb","tdc",,"[PREMIUM]","[PREMIUM]","[]","2026-09-08 00:00:00","Minnesota Twins at Detroit Tigers","mlb","2026-09-09 17:10:00","53c03a3b3bf37612c4000002"
"69ad98b189f0a636ae50b5f3","2026-09-01 23:59:57.339","2026-09-08 19:43:07.513","69ad98b189f0a636ae50b5f3","68af56aa1ca2cb21ee10d579","[PREMIUM]","[PREMIUM]","[PREMIUM]","[PREMIUM]","[PREMIUM]","[2]","333","4","Upper Box Infield","['*','*']","mobile","mlb","tdc",,"[PREMIUM]","[PREMIUM]","[]",,"Minnesota Twins at Detroit Tigers","mlb","2026-09-09 17:10:00","53c03a3b3bf37612c4000002"
"69ad98ae89f0a636ae502b66","2026-09-01 23:59:57.339","2026-09-04 06:40:40.788","69ad98ae89f0a636ae502b66","68af56aa1ca2cb21ee10d579","[PREMIUM]","[PREMIUM]","[PREMIUM]","[PREMIUM]","[PREMIUM]","[2,4]","326","12","Upper Box Infield","['*','*','*','*']","mobile","mlb","tdc",,"[PREMIUM]","[PREMIUM]","[]","2026-09-08 00:00:00","Minnesota Twins at Detroit Tigers","mlb","2026-09-09 17:10:00","53c03a3b3bf37612c4000002"
"6a964ea6e59c8e6f0ef33ba3","2026-09-01 23:59:57.339","2026-09-08 19:43:07.513","6a964ea6e59c8e6f0ef33ba3","68af56aa1ca2cb21ee10d579","[PREMIUM]","[PREMIUM]","[PREMIUM]","[PREMIUM]","[PREMIUM]","[2,4]","119","2","Infield Box","['13','14','15','16']","direct",,"tdc",,"[PREMIUM]","[PREMIUM]","[]",,"Minnesota Twins at Detroit Tigers","mlb","2026-09-09 17:10:00","53c03a3b3bf37612c4000002"
"6a9760f656bf16f83eed9129","2026-09-01 23:59:57.339","2026-09-08 19:43:07.513","6a9760f656bf16f83eed9129","68af56aa1ca2cb21ee10d579","[PREMIUM]","[PREMIUM]","[PREMIUM]","[PREMIUM]","[PREMIUM]","[2]","124","14","Infield Box","['*','*']","mobile","mlb","tdc",,"[PREMIUM]","[PREMIUM]","[]",,"Minnesota Twins at Detroit Tigers","mlb","2026-09-09 17:10:00","53c03a3b3bf37612c4000002"
"6a975d3819c6828c2741097f","2026-09-01 23:59:57.339","2026-09-08 19:43:07.513","6a975d3819c6828c2741097f","68af56aa1ca2cb21ee10d579","[PREMIUM]","[PREMIUM]","[PREMIUM]","[PREMIUM]","[PREMIUM]","[2]","128","27","Infield Box","['10','11']","direct",,"tdc",,"[PREMIUM]","[PREMIUM]","[]",,"Minnesota Twins at Detroit Tigers","mlb","2026-09-09 17:10:00","53c03a3b3bf37612c4000002"
"6a8efb49e321e5bb13df674a","2026-09-01 23:59:57.339","2026-09-01 23:59:57.339","6a8efb49e321e5bb13df674a","68af56aa1ca2cb21ee10d579","[PREMIUM]","[PREMIUM]","[PREMIUM]","[PREMIUM]","[PREMIUM]","[2,4]","127","21","Infield Box","['*','*','*','*']","mobile","mlb","tdc",,"[PREMIUM]","[PREMIUM]","[]","2026-09-08 17:10:00","Minnesota Twins at Detroit Tigers","mlb","2026-09-09 17:10:00","53c03a3b3bf37612c4000002"
"6a8f3cd0545545bebe6c777c","2026-09-01 23:59:57.339","2026-09-01 23:59:57.339","6a8f3cd0545545bebe6c777c","68af56aa1ca2cb21ee10d579","[PREMIUM]","[PREMIUM]","[PREMIUM]","[PREMIUM]","[PREMIUM]","[2]","116C","H","Terrace","['*','*']","mobile","mlb","tdc",,"[PREMIUM]","[PREMIUM]","[]","2026-09-08 17:10:00","Minnesota Twins at Detroit Tigers","mlb","2026-09-09 17:10:00","53c03a3b3bf37612c4000002"
"6a8f2f02234f8698d5ec6a71","2026-09-01 23:59:57.339","2026-09-01 23:59:57.339","6a8f2f02234f8698d5ec6a71","68af56aa1ca2cb21ee10d579","[PREMIUM]","[PREMIUM]","[PREMIUM]","[PREMIUM]","[PREMIUM]","[2]","322","A","Club","['*','*']","mobile","mlb","tdc",,"[PREMIUM]","[PREMIUM]","[]","2026-09-08 17:10:00","Minnesota Twins at Detroit Tigers","mlb","2026-09-09 17:10:00","53c03a3b3bf37612c4000002"
"6a971b2a58984a6d4edd7a66","2026-09-01 23:59:57.339","2026-09-03 03:23:55.707","6a971b2a58984a6d4edd7a66","68af56aa1ca2cb21ee10d579","[PREMIUM]","[PREMIUM]","[PREMIUM]","[PREMIUM]","[PREMIUM]","[2]","137B","H","Terrace","['*','*']","direct",,"tdc",,"[PREMIUM]","[PREMIUM]","[]","2026-09-08 00:00:00","Minnesota Twins at Detroit Tigers","mlb","2026-09-09 17:10:00","53c03a3b3bf37612c4000002"
"6a971b25293dcde7d3280666","2026-09-01 23:59:57.339","2026-09-01 23:59:57.339","6a971b25293dcde7d3280666","68af56aa1ca2cb21ee10d579","[PREMIUM]","[PREMIUM]","[PREMIUM]","[PREMIUM]","[PREMIUM]","[1,2,3,4,6]","136","27","Infield Box","['*','*','*','*','*','*']","direct",,"tdc",,"[PREMIUM]","[PREMIUM]","[]","2026-09-08 00:00:00","Minnesota Twins at Detroit Tigers","mlb","2026-09-09 17:10:00","53c03a3b3bf37612c4000002"
"6a9600cc76ce0d50435f3f7b","2026-09-01 23:59:56.526","2026-09-01 23:59:56.526","6a9600cc76ce0d50435f3f7b","6973de96a6c8e4f80dc1b29d","[PREMIUM]","[PREMIUM]","[PREMIUM]","[PREMIUM]","[PREMIUM]","[1,2]","ORCHL","P","Orchestra","['*','*']","electronic",,"tmqr","amazing","[PREMIUM]","[PREMIUM]","[]","2026-09-09 00:00:00","MJ - The Musical","theater","2026-09-09 17:00:00","64a7067be62cf3000132fc45"
"6a962b1e1f87ae9fb71765c8","2026-09-01 23:59:56.526","2026-09-01 23:59:56.526","6a962b1e1f87ae9fb71765c8","6973de96a6c8e4f80dc1b29d","[PREMIUM]","[PREMIUM]","[PREMIUM]","[PREMIUM]","[PREMIUM]","[1,2]","ORCHR","O","Orchestra","['*','*']","electronic",,"tmqr","amazing","[PREMIUM]","[PREMIUM]","[]","2026-09-09 00:00:00","MJ - The Musical","theater","2026-09-09 17:00:00","64a7067be62cf3000132fc45"
"6a969dbdd83c252999400513","2026-09-01 23:59:56.526","2026-09-01 23:59:56.526","6a969dbdd83c252999400513","6973de96a6c8e4f80dc1b29d","[PREMIUM]","[PREMIUM]","[PREMIUM]","[PREMIUM]","[PREMIUM]","[2]","ORCHC","BB","Orchestra","['*','*']","mobile","tm","tmqr",,"[PREMIUM]","[PREMIUM]","[]","2026-09-07 00:00:00","MJ - The Musical","theater","2026-09-09 17:00:00","64a7067be62cf3000132fc45"
"6a969de4da3ea8819825836c","2026-09-01 23:59:56.526","2026-09-01 23:59:56.526","6a969de4da3ea8819825836c","6973de96a6c8e4f80dc1b29d","[PREMIUM]","[PREMIUM]","[PREMIUM]","[PREMIUM]","[PREMIUM]","[1,2,3,4,6]","ORCHC","T","Orchestra","['*','*','*','*','*','*']","mobile","tm","tmqr",,"[PREMIUM]","[PREMIUM]","[]","2026-09-07 00:00:00","MJ - The Musical","theater","2026-09-09 17:00:00","64a7067be62cf3000132fc45"
"6a942ff23d5e7c3fab34c97e","2026-09-01 23:59:56.526","2026-09-01 23:59:56.526","6a942ff23d5e7c3fab34c97e","6973de96a6c8e4f80dc1b29d","[PREMIUM]","[PREMIUM]","[PREMIUM]","[PREMIUM]","[PREMIUM]","[2,4,6,8,10]","ORCH","P","Orchestra","['*','*','*','*','*','*','*','*','*','*']","mobile","tm","tmqr",,"[PREMIUM]","[PREMIUM]","[]","2026-09-08 00:00:00","MJ - The Musical","theater","2026-09-09 17:00:00","64a7067be62cf3000132fc45"
"6a96efee0e9e04d6f2d1d29d","2026-09-01 23:59:56.526","2026-09-01 23:59:56.526","6a96efee0e9e04d6f2d1d29d","6973de96a6c8e4f80dc1b29d","[PREMIUM]","[PREMIUM]","[PREMIUM]","[PREMIUM]","[PREMIUM]","[1,2,3,4,6]","ORCHC","B","Orchestra","['*','*','*','*','*','*']","mobile","tm","tmqr",,"[PREMIUM]","[PREMIUM]","[]","2026-09-07 00:00:00","MJ - The Musical","theater","2026-09-09 17:00:00","64a7067be62cf3000132fc45"
"6a9763c89b2fa93c64958297","2026-09-01 23:59:56.508","2026-09-01 23:59:56.508","6a9763c89b2fa93c64958297","696f1e7423fcdcd664d000a1","[PREMIUM]","[PREMIUM]","[PREMIUM]","[PREMIUM]","[PREMIUM]","[2,4]","SEC3","F","Section","['*','*','*','*']","electronic",,"tmqr","amazing","[PREMIUM]","[PREMIUM]","[]","2026-09-08 00:00:00","Come From Away","theater","2026-09-09 18:00:00","67c0f56e8e71e88677355e3c"
"6a960022aaebda656ef3ea02","2026-09-01 23:59:55.516","2026-09-05 09:47:31.511","6a960022aaebda656ef3ea02","68af5a6e5a8fe92ebf9ae752","[PREMIUM]","[PREMIUM]","[PREMIUM]","[PREMIUM]","[PREMIUM]","[2]","H","4","Premier Club","['*','*']","mobile","mlb_ballpark","tdc",,"[PREMIUM]","[PREMIUM]","[]","2026-09-08 20:10:00","Washington Nationals at San Diego Padres","mlb","2026-09-09 20:10:00","53692f0a3bf3760f90000001"
"6a8351b50c97acb72620347e","2026-09-01 23:59:55.516","2026-09-01 23:59:55.516","6a8351b50c97acb72620347e","68af5a6e5a8fe92ebf9ae752","[PREMIUM]","[PREMIUM]","[PREMIUM]","[PREMIUM]","[PREMIUM]","[2]","104","15","Field Box VIP","['*','*']","mobile","mlb_ballpark","tdc",,"[PREMIUM]","[PREMIUM]","[]","2026-09-08 20:10:00","Washington Nationals at San Diego Padres","mlb","2026-09-09 20:10:00","53692f0a3bf3760f90000001"
"6a8352210c97acb726203590","2026-09-01 23:59:55.516","2026-09-01 23:59:55.516","6a8352210c97acb726203590","68af5a6e5a8fe92ebf9ae752","[PREMIUM]","[PREMIUM]","[PREMIUM]","[PREMIUM]","[PREMIUM]","[2,4]","I","14","Premier Club","['*','*','*','*']","mobile","mlb_ballpark","tdc",,"[PREMIUM]","[PREMIUM]","[]","2026-09-08 20:10:00","Washington Nationals at San Diego Padres","mlb","2026-09-09 20:10:00","53692f0a3bf3760f90000001"
"6a835257bddb6acb813b37e3","2026-09-01 23:59:55.516","2026-09-01 23:59:55.516","6a835257bddb6acb813b37e3","68af5a6e5a8fe92ebf9ae752","[PREMIUM]","[PREMIUM]","[PREMIUM]","[PREMIUM]","[PREMIUM]","[2]","J","14","Premier Club","['*','*']","mobile","mlb_ballpark","tdc",,"[PREMIUM]","[PREMIUM]","[]","2026-09-08 20:10:00","Washington Nationals at San Diego Padres","mlb","2026-09-09 20:10:00","53692f0a3bf3760f90000001"
"6a8352b161b67440c4d865d3","2026-09-01 23:59:55.516","2026-09-01 23:59:55.516","6a8352b161b67440c4d865d3","68af5a6e5a8fe92ebf9ae752","[PREMIUM]","[PREMIUM]","[PREMIUM]","[PREMIUM]","[PREMIUM]","[2]","207","1","Toyota Terrace IF","['*','*']","mobile","mlb_ballpark","tdc",,"[PREMIUM]","[PREMIUM]","[]","2026-09-08 20:10:00","Washington Nationals at San Diego Padres","mlb","2026-09-09 20:10:00","53692f0a3bf3760f90000001"
"6a83376897a5b0bcbf3cbfe9","2026-09-01 23:59:55.516","2026-09-01 23:59:55.516","6a83376897a5b0bcbf3cbfe9","68af5a6e5a8fe92ebf9ae752","[PREMIUM]","[PREMIUM]","[PREMIUM]","[PREMIUM]","[PREMIUM]","[2]","106","12","Field Box VIP","['*','*']","mobile","mlb_ballpark","tdc",,"[PREMIUM]","[PREMIUM]","[]","2026-09-08 20:10:00","Washington Nationals at San Diego Padres","mlb","2026-09-09 20:10:00","53692f0a3bf3760f90000001"
"6a83518afd052a67ca1e7405","2026-09-01 23:59:55.516","2026-09-01 23:59:55.516","6a83518afd052a67ca1e7405","68af5a6e5a8fe92ebf9ae752","[PREMIUM]","[PREMIUM]","[PREMIUM]","[PREMIUM]","[PREMIUM]","[2,4,6]","110","10","Field Box VIP","['*','*','*','*','*','*']","mobile","mlb_ballpark","tdc",,"[PREMIUM]","[PREMIUM]","[]","2026-09-08 20:10:00","Washington Nationals at San Diego Padres","mlb","2026-09-09 20:10:00","53692f0a3bf3760f90000001"
"6a9110242924f336bee6d8e7","2026-09-01 23:59:55.516","2026-09-06 13:11:31.666","6a9110242924f336bee6d8e7","68af5a6e5a8fe92ebf9ae752","[PREMIUM]","[PREMIUM]","[PREMIUM]","[PREMIUM]","[PREMIUM]","[2]","207","13","Toyota Terrace IF","['*','*']","direct",,"tdc",,"[PREMIUM]","[PREMIUM]","[]","2026-09-09 00:00:00","Washington Nationals at San Diego Padres","mlb","2026-09-09 20:10:00","53692f0a3bf3760f90000001"
"6a972a0066b4d6f7ec43b221","2026-09-01 23:59:55.516","2026-09-03 03:23:55.647","6a972a0066b4d6f7ec43b221","68af5a6e5a8fe92ebf9ae752","[PREMIUM]","[PREMIUM]","[PREMIUM]","[PREMIUM]","[PREMIUM]","[2]","118","24","Field Plaza","['14','15']","direct",,"tdc","great","[PREMIUM]","[PREMIUM]","[]","2026-09-07 00:00:00","Washington Nationals at San Diego Padres","mlb","2026-09-09 20:10:00","53692f0a3bf3760f90000001"
"6a7259e5092bd91998df8428","2026-09-01 23:59:55.516","2026-09-07 16:29:57.061","6a7259e5092bd91998df8428","68af5a6e5a8fe92ebf9ae752","[PREMIUM]","[PREMIUM]","[PREMIUM]","[PREMIUM]","[PREMIUM]","[2]","301","12","Upper Box Infield","['*','*']","mobile","mlb_ballpark","tdc",,"[PREMIUM]","[PREMIUM]","[]",,"Washington Nationals at San Diego Padres","mlb","2026-09-09 20:10:00","53692f0a3bf3760f90000001"
"6a7259ded76262e054f9244c","2026-09-01 23:59:55.516","2026-09-08 19:43:07.598","6a7259ded76262e054f9244c","68af5a6e5a8fe92ebf9ae752","[PREMIUM]","[PREMIUM]","[PREMIUM]","[PREMIUM]","[PREMIUM]","[2]","310","11","Upper Box Infield","['*','*']","mobile","mlb_ballpark","tdc",,"[PREMIUM]","[PREMIUM]","[]",,"Washington Nationals at San Diego Padres","mlb","2026-09-09 20:10:00","53692f0a3bf3760f90000001"
"6a7259df57d8fc5d94e26665","2026-09-01 23:59:55.516","2026-09-03 03:23:55.647","6a7259df57d8fc5d94e26665","68af5a6e5a8fe92ebf9ae752","[PREMIUM]","[PREMIUM]","[PREMIUM]","[PREMIUM]","[PREMIUM]","[1,2,3,5]","G","20","Premier Club","['*','*','*','*','*']","mobile","mlb_ballpark","tdc",,"[PREMIUM]","[PREMIUM]","[]","2026-09-07 00:00:00","Washington Nationals at San Diego Padres","mlb","2026-09-09 20:10:00","53692f0a3bf3760f90000001"
"6a7259dfde2a3a59fecefa84","2026-09-01 23:59:55.516","2026-09-08 19:43:07.598","6a7259dfde2a3a59fecefa84","68af5a6e5a8fe92ebf9ae752","[PREMIUM]","[PREMIUM]","[PREMIUM]","[PREMIUM]","[PREMIUM]","[2,4]","304","16","Upper Box Infield","['*','*','*','*']","mobile","mlb_ballpark","tdc",,"[PREMIUM]","[PREMIUM]","[]",,"Washington Nationals at San Diego Padres","mlb","2026-09-09 20:10:00","53692f0a3bf3760f90000001"
"6a7259e4ce304878e0afb128","2026-09-01 23:59:55.516","2026-09-08 19:43:07.598","6a7259e4ce304878e0afb128","68af5a6e5a8fe92ebf9ae752","[PREMIUM]","[PREMIUM]","[PREMIUM]","[PREMIUM]","[PREMIUM]","[2]","133","10","RF Lower Box","['*','*']","mobile","mlb_ballpark","tdc",,"[PREMIUM]","[PREMIUM]","[]",,"Washington Nationals at San Diego Padres","mlb","2026-09-09 20:10:00","53692f0a3bf3760f90000001"
"6a7259ede671a89c06699976","2026-09-01 23:59:55.516","2026-09-07 16:29:57.061","6a7259ede671a89c06699976","68af5a6e5a8fe92ebf9ae752","[PREMIUM]","[PREMIUM]","[PREMIUM]","[PREMIUM]","[PREMIUM]","[2]","116","13","Field Plaza","['*','*']","mobile","mlb_ballpark","tdc",,"[PREMIUM]","[PREMIUM]","[]",,"Washington Nationals at San Diego Padres","mlb","2026-09-09 20:10:00","53692f0a3bf3760f90000001"
"6a7259edc7a143f9b8dc67fe","2026-09-01 23:59:55.516","2026-09-03 03:23:55.647","6a7259edc7a143f9b8dc67fe","68af5a6e5a8fe92ebf9ae752","[PREMIUM]","[PREMIUM]","[PREMIUM]","[PREMIUM]","[PREMIUM]","[2,4]","227","10","RF Upper Box","['*','*','*','*']","mobile","mlb_ballpark","tdc",,"[PREMIUM]","[PREMIUM]","[]","2026-09-07 00:00:00","Washington Nationals at San Diego Padres","mlb","2026-09-09 20:10:00","53692f0a3bf3760f90000001"
"6a9632bf18a5728cd861b720","2026-09-01 23:59:55.516","2026-09-07 16:29:57.061","6a9632bf18a5728cd861b720","68af5a6e5a8fe92ebf9ae752","[PREMIUM]","[PREMIUM]","[PREMIUM]","[PREMIUM]","[PREMIUM]","[2,4]","110","42","Field Box VIP","['*','*','*','*']","mobile","mlb_ballpark","tdc",,"[PREMIUM]","[PREMIUM]","[]",,"Washington Nationals at San Diego Padres","mlb","2026-09-09 20:10:00","53692f0a3bf3760f90000001"
"6a8f6713df5dc62439bfa917","2026-09-01 23:59:55.516","2026-09-06 13:11:31.666","6a8f6713df5dc62439bfa917","68af5a6e5a8fe92ebf9ae752","[PREMIUM]","[PREMIUM]","[PREMIUM]","[PREMIUM]","[PREMIUM]","[2,4]","318","8","Upper Box Reserved","['*','*','*','*']","mobile","mlb_ballpark","tdc",,"[PREMIUM]","[PREMIUM]","[]","2026-09-07 00:00:00","Washington Nationals at San Diego Padres","mlb","2026-09-09 20:10:00","53692f0a3bf3760f90000001"
"6a8f67134a55c6b8a2f3ea6a","2026-09-01 23:59:55.516","2026-09-07 16:29:57.061","6a8f67134a55c6b8a2f3ea6a","68af5a6e5a8fe92ebf9ae752","[PREMIUM]","[PREMIUM]","[PREMIUM]","[PREMIUM]","[PREMIUM]","[2]","316","12","Upper Box Reserved","['*','*']","mobile","mlb_ballpark","tdc",,"[PREMIUM]","[PREMIUM]","[]",,"Washington Nationals at San Diego Padres","mlb","2026-09-09 20:10:00","53692f0a3bf3760f90000001"
"6a8f67127e55f7ee4dbcc328","2026-09-01 23:59:55.516","2026-09-01 23:59:55.516","6a8f67127e55f7ee4dbcc328","68af5a6e5a8fe92ebf9ae752","[PREMIUM]","[PREMIUM]","[PREMIUM]","[PREMIUM]","[PREMIUM]","[2]","315","10","Upper Box Reserved","['*','*']","mobile","mlb_ballpark","tdc",,"[PREMIUM]","[PREMIUM]","[]","2026-09-07 00:00:00","Washington Nationals at San Diego Padres","mlb","2026-09-09 20:10:00","53692f0a3bf3760f90000001"
"6a8f671606b10dd912c985d9","2026-09-01 23:59:55.516","2026-09-01 23:59:55.516","6a8f671606b10dd912c985d9","68af5a6e5a8fe92ebf9ae752","[PREMIUM]","[PREMIUM]","[PREMIUM]","[PREMIUM]","[PREMIUM]","[2]","319","12","Upper Box Reserved","['*','*']","mobile","mlb_ballpark","tdc","great","[PREMIUM]","[PREMIUM]","[]","2026-09-07 00:00:00","Washington Nationals at San Diego Padres","mlb","2026-09-09 20:10:00","53692f0a3bf3760f90000001"
"693320f64c87f865d026e927","2026-09-01 23:59:55.516","2026-09-01 23:59:55.516","693320f64c87f865d026e927","68af5a6e5a8fe92ebf9ae752","[PREMIUM]","[PREMIUM]","[PREMIUM]","[PREMIUM]","[PREMIUM]","[2]","120","43","Field Reserved","['*','*']","mobile","mlb_ballpark","tdc",,"[PREMIUM]","[PREMIUM]","[]","2026-09-08 00:00:00","Washington Nationals at San Diego Padres","mlb","2026-09-09 20:10:00","53692f0a3bf3760f90000001"
"6939b1bf4c87f865d0d3ce25","2026-09-01 23:59:55.516","2026-09-07 16:29:57.061","6939b1bf4c87f865d0d3ce25","68af5a6e5a8fe92ebf9ae752","[PREMIUM]","[PREMIUM]","[PREMIUM]","[PREMIUM]","[PREMIUM]","[2]","110","38","Field Box VIP","['5','6']","mobile","mlb_ballpark","tdc",,"[PREMIUM]","[PREMIUM]","[]","2026-09-08 00:00:00","Washington Nationals at San Diego Padres","mlb","2026-09-09 20:10:00","53692f0a3bf3760f90000001"
"6938710b4c87f865d09a0788","2026-09-01 23:59:55.516","2026-09-01 23:59:55.516","6938710b4c87f865d09a0788","68af5a6e5a8fe92ebf9ae752","[PREMIUM]","[PREMIUM]","[PREMIUM]","[PREMIUM]","[PREMIUM]","[2]","106","16","Field Box VIP","['3','4']","direct",,"tdc",,"[PREMIUM]","[PREMIUM]","[]","2026-09-08 03:30:00","Washington Nationals at San Diego Padres","mlb","2026-09-09 20:10:00","53692f0a3bf3760f90000001"
"6a318b0423dbe19d618f5fd6","2026-09-01 23:59:55.516","2026-09-07 16:29:57.061","6a318b0423dbe19d618f5fd6","68af5a6e5a8fe92ebf9ae752","[PREMIUM]","[PREMIUM]","[PREMIUM]","[PREMIUM]","[PREMIUM]","[2]","104","21","Field Box VIP","['*','*']","mobile","mlb_ballpark","tdc",,"[PREMIUM]","[PREMIUM]","[]","2026-09-08 20:10:00","Washington Nationals at San Diego Padres","mlb","2026-09-09 20:10:00","53692f0a3bf3760f90000001"
"6a846efff113edc37e28129e","2026-09-01 23:59:55.516","2026-09-08 19:43:07.598","6a846efff113edc37e28129e","68af5a6e5a8fe92ebf9ae752","[PREMIUM]","[PREMIUM]","[PREMIUM]","[PREMIUM]","[PREMIUM]","[2]","113","19","Field Box Infield","['*','*']","mobile","mlb_ballpark","tdc",,"[PREMIUM]","[PREMIUM]","[]",,"Washington Nationals at San Diego Padres","mlb","2026-09-09 20:10:00","53692f0a3bf3760f90000001"
"6a846f0ce95f1e4f172d2367","2026-09-01 23:59:55.516","2026-09-06 13:11:31.666","6a846f0ce95f1e4f172d2367","68af5a6e5a8fe92ebf9ae752","[PREMIUM]","[PREMIUM]","[PREMIUM]","[PREMIUM]","[PREMIUM]","[2]","120","39","Field Reserved","['*','*']","mobile","mlb_ballpark","tdc",,"[PREMIUM]","[PREMIUM]","[]","2026-09-07 00:00:00","Washington Nationals at San Diego Padres","mlb","2026-09-09 20:10:00","53692f0a3bf3760f90000001"
"6a4700d4239cabfa2c44d397","2026-09-01 23:59:55.516","2026-09-01 23:59:55.516","6a4700d4239cabfa2c44d397","68af5a6e5a8fe92ebf9ae752","[PREMIUM]","[PREMIUM]","[PREMIUM]","[PREMIUM]","[PREMIUM]","[2]","111","35","Field Box Infield","['*','*']","direct",,"tdc",,"[PREMIUM]","[PREMIUM]","[]","2026-09-09 00:00:00","Washington Nationals at San Diego Padres","mlb","2026-09-09 20:10:00","53692f0a3bf3760f90000001"
"6a427a3c239cabfa2c4cb915","2026-09-01 23:59:55.516","2026-09-06 13:11:31.666","6a427a3c239cabfa2c4cb915","68af5a6e5a8fe92ebf9ae752","[PREMIUM]","[PREMIUM]","[PREMIUM]","[PREMIUM]","[PREMIUM]","[1,2,3,4]","109","21","Field Box VIP","['11','12','13','14']","mobile","mlb_ballpark","tdc",,"[PREMIUM]","[PREMIUM]","[]","2026-09-08 00:00:00","Washington Nationals at San Diego Padres","mlb","2026-09-09 20:10:00","53692f0a3bf3760f90000001"
"6a96a5450e9e04d6f2d1324a","2026-09-01 23:59:55.516","2026-09-01 23:59:55.516","6a96a5450e9e04d6f2d1324a","68af5a6e5a8fe92ebf9ae752","[PREMIUM]","[PREMIUM]","[PREMIUM]","[PREMIUM]","[PREMIUM]","[2]","134","1","LF Lower Box","['*','*']","mobile","mlb_ballpark","tdc",,"[PREMIUM]","[PREMIUM]","[]","2026-09-08 20:10:00","Washington Nationals at San Diego Padres","mlb","2026-09-09 20:10:00","53692f0a3bf3760f90000001"
"697a93af5fa9cbf67fc0f1d6","2026-09-01 23:59:55.516","2026-09-08 19:43:07.598","697a93af5fa9cbf67fc0f1d6","68af5a6e5a8fe92ebf9ae752","[PREMIUM]","[PREMIUM]","[PREMIUM]","[PREMIUM]","[PREMIUM]","[1,2,3]","106","20","Field Box VIP","['*','*','*']","mobile","mlb_ballpark","tdc",,"[PREMIUM]","[PREMIUM]","[]",,"Washington Nationals at San Diego Padres","mlb","2026-09-09 20:10:00","53692f0a3bf3760f90000001"
"69f3e79c26c3d999a4857f12","2026-09-01 23:59:55.516","2026-09-01 23:59:55.516","69f3e79c26c3d999a4857f12","68af5a6e5a8fe92ebf9ae752","[PREMIUM]","[PREMIUM]","[PREMIUM]","[PREMIUM]","[PREMIUM]","[2]","108","16","Field Box VIP","['1','2']","mobile","mlb_ballpark","tdc",,"[PREMIUM]","[PREMIUM]","[]","2026-09-08 00:00:00","Washington Nationals at San Diego Padres","mlb","2026-09-09 20:10:00","53692f0a3bf3760f90000001"
"69e811dd5d3b4e7cfcf7b0ce","2026-09-01 23:59:55.516","2026-09-01 23:59:55.516","69e811dd5d3b4e7cfcf7b0ce","68af5a6e5a8fe92ebf9ae752","[PREMIUM]","[PREMIUM]","[PREMIUM]","[PREMIUM]","[PREMIUM]","[1,2,3]","135","11","RF Lower Box","['*','*','*']","mobile","mlb_ballpark","tdc",,"[PREMIUM]","[PREMIUM]","[]","2026-09-08 00:00:00","Washington Nationals at San Diego Padres","mlb","2026-09-09 20:10:00","53692f0a3bf3760f90000001"
"69ed62ca5d3b4e7cfc1c9ded","2026-09-01 23:59:55.516","2026-09-01 23:59:55.516","69ed62ca5d3b4e7cfc1c9ded","68af5a6e5a8fe92ebf9ae752","[PREMIUM]","[PREMIUM]","[PREMIUM]","[PREMIUM]","[PREMIUM]","[2]","109","17","Field Box VIP","['14','15']","direct",,"tdc",,"[PREMIUM]","[PREMIUM]","[]","2026-09-08 03:30:00","Washington Nationals at San Diego Padres","mlb","2026-09-09 20:10:00","53692f0a3bf3760f90000001"
"6a974dc22924f336bea4a9c9","2026-09-01 23:59:55.516","2026-09-01 23:59:55.516","6a974dc22924f336bea4a9c9","68af5a6e5a8fe92ebf9ae752","[PREMIUM]","[PREMIUM]","[PREMIUM]","[PREMIUM]","[PREMIUM]","[2]","228","5","LF Upper Box","['*','*']","direct",,"tdc",,"[PREMIUM]","[PREMIUM]","[]","2026-09-09 00:00:00","Washington Nationals at San Diego Padres","mlb","2026-09-09 20:10:00","53692f0a3bf3760f90000001"
"6a974dc22924f336bea4a01a","2026-09-01 23:59:55.516","2026-09-01 23:59:55.516","6a974dc22924f336bea4a01a","68af5a6e5a8fe92ebf9ae752","[PREMIUM]","[PREMIUM]","[PREMIUM]","[PREMIUM]","[PREMIUM]","[2]","109","12","Field Box VIP","['*','*']","direct",,"tdc",,"[PREMIUM]","[PREMIUM]","[]","2026-09-09 00:00:00","Washington Nationals at San Diego Padres","mlb","2026-09-09 20:10:00","53692f0a3bf3760f90000001"
"6a974dbe2924f336bea3b43c","2026-09-01 23:59:55.516","2026-09-01 23:59:55.516","6a974dbe2924f336bea3b43c","68af5a6e5a8fe92ebf9ae752","[PREMIUM]","[PREMIUM]","[PREMIUM]","[PREMIUM]","[PREMIUM]","[2]","D13","3","Dugout","['*','*']","direct",,"tdc",,"[PREMIUM]","[PREMIUM]","[]","2026-09-09 00:00:00","Washington Nationals at San Diego Padres","mlb","2026-09-09 20:10:00","53692f0a3bf3760f90000001"
"6a974dc32924f336bea503c2","2026-09-01 23:59:55.516","2026-09-01 23:59:55.516","6a974dc32924f336bea503c2","68af5a6e5a8fe92ebf9ae752","[PREMIUM]","[PREMIUM]","[PREMIUM]","[PREMIUM]","[PREMIUM]","[2]","208","10","Toyota Terrace IF","['*','*']","direct",,"tdc",,"[PREMIUM]","[PREMIUM]","[]","2026-09-09 00:00:00","Washington Nationals at San Diego Padres","mlb","2026-09-09 20:10:00","53692f0a3bf3760f90000001"
"6a974dbe2924f336bea3b9d4","2026-09-01 23:59:55.516","2026-09-01 23:59:55.516","6a974dbe2924f336bea3b9d4","68af5a6e5a8fe92ebf9ae752","[PREMIUM]","[PREMIUM]","[PREMIUM]","[PREMIUM]","[PREMIUM]","[1,2,3]","G","2","Premier Club","['*','*','*']","direct",,"tdc",,"[PREMIUM]","[PREMIUM]","[]","2026-09-09 00:00:00","Washington Nationals at San Diego Padres","mlb","2026-09-09 20:10:00","53692f0a3bf3760f90000001"
"6a974dc22924f336bea4a84a","2026-09-01 23:59:55.516","2026-09-01 23:59:55.516","6a974dc22924f336bea4a84a","68af5a6e5a8fe92ebf9ae752","[PREMIUM]","[PREMIUM]","[PREMIUM]","[PREMIUM]","[PREMIUM]","[1,2,3]","107","8","Field Box VIP","['*','*','*']","direct",,"tdc",,"[PREMIUM]","[PREMIUM]","[]","2026-09-09 00:00:00","Washington Nationals at San Diego Padres","mlb","2026-09-09 20:10:00","53692f0a3bf3760f90000001"
"6a974dc02924f336bea442d6","2026-09-01 23:59:55.516","2026-09-01 23:59:55.516","6a974dc02924f336bea442d6","68af5a6e5a8fe92ebf9ae752","[PREMIUM]","[PREMIUM]","[PREMIUM]","[PREMIUM]","[PREMIUM]","[2,4]","LB","1A","Loge Box","['*','*','*','*']","direct",,"tdc",,"[PREMIUM]","[PREMIUM]","[]","2026-09-09 00:00:00","Washington Nationals at San Diego Padres","mlb","2026-09-09 20:10:00","53692f0a3bf3760f90000001"
"6a974dc02924f336bea444e0","2026-09-01 23:59:55.516","2026-09-01 23:59:55.516","6a974dc02924f336bea444e0","68af5a6e5a8fe92ebf9ae752","[PREMIUM]","[PREMIUM]","[PREMIUM]","[PREMIUM]","[PREMIUM]","[2,4]","114","1","Field Box Infield","['*','*','*','*']","direct",,"tdc",,"[PREMIUM]","[PREMIUM]","[]","2026-09-09 00:00:00","Washington Nationals at San Diego Padres","mlb","2026-09-09 20:10:00","53692f0a3bf3760f90000001"
"6a974dc22924f336bea4a7a5","2026-09-01 23:59:55.516","2026-09-01 23:59:55.516","6a974dc22924f336bea4a7a5","68af5a6e5a8fe92ebf9ae752","[PREMIUM]","[PREMIUM]","[PREMIUM]","[PREMIUM]","[PREMIUM]","[2]","I","3","Premier Club","['*','*']","direct",,"tdc","great","[PREMIUM]","[PREMIUM]","[]","2026-09-09 00:00:00","Washington Nationals at San Diego Padres","mlb","2026-09-09 20:10:00","53692f0a3bf3760f90000001"
"6a974dc32924f336bea50367","2026-09-01 23:59:55.516","2026-09-01 23:59:55.516","6a974dc32924f336bea50367","68af5a6e5a8fe92ebf9ae752","[PREMIUM]","[PREMIUM]","[PREMIUM]","[PREMIUM]","[PREMIUM]","[2]","117","29","Field Plaza","['*','*']","direct",,"tdc",,"[PREMIUM]","[PREMIUM]","[]","2026-09-09 00:00:00","Washington Nationals at San Diego Padres","mlb","2026-09-09 20:10:00","53692f0a3bf3760f90000001"
"6a974dc22924f336bea4a488","2026-09-01 23:59:55.516","2026-09-01 23:59:55.516","6a974dc22924f336bea4a488","68af5a6e5a8fe92ebf9ae752","[PREMIUM]","[PREMIUM]","[PREMIUM]","[PREMIUM]","[PREMIUM]","[2]","D7","1","Dugout","['*','*']","direct",,"tdc",,"[PREMIUM]","[PREMIUM]","[]","2026-09-09 00:00:00","Washington Nationals at San Diego Padres","mlb","2026-09-09 20:10:00","53692f0a3bf3760f90000001"
"6a974dc22924f336bea4af0a","2026-09-01 23:59:55.516","2026-09-01 23:59:55.516","6a974dc22924f336bea4af0a","68af5a6e5a8fe92ebf9ae752","[PREMIUM]","[PREMIUM]","[PREMIUM]","[PREMIUM]","[PREMIUM]","[2]","204","1","Toyota Terrace VIP","['*','*']","direct",,"tdc",,"[PREMIUM]","[PREMIUM]","[]","2026-09-09 00:00:00","Washington Nationals at San Diego Padres","mlb","2026-09-09 20:10:00","53692f0a3bf3760f90000001"
"6a974dc22924f336bea4a2fe","2026-09-01 23:59:55.516","2026-09-01 23:59:55.516","6a974dc22924f336bea4a2fe","68af5a6e5a8fe92ebf9ae752","[PREMIUM]","[PREMIUM]","[PREMIUM]","[PREMIUM]","[PREMIUM]","[2]","J","4","Premier Club","['*','*']","direct",,"tdc",,"[PREMIUM]","[PREMIUM]","[]","2026-09-09 00:00:00","Washington Nationals at San Diego Padres","mlb","2026-09-09 20:10:00","53692f0a3bf3760f90000001"
"6a974dc02924f336bea43550","2026-09-01 23:59:55.516","2026-09-01 23:59:55.516","6a974dc02924f336bea43550","68af5a6e5a8fe92ebf9ae752","[PREMIUM]","[PREMIUM]","[PREMIUM]","[PREMIUM]","[PREMIUM]","[2,4]","B1","1","Box","['*','*','*','*']","direct",,"tdc",,"[PREMIUM]","[PREMIUM]","[]","2026-09-09 00:00:00","Washington Nationals at San Diego Padres","mlb","2026-09-09 20:10:00","53692f0a3bf3760f90000001"
"6a974dc02924f336bea4480d","2026-09-01 23:59:55.516","2026-09-01 23:59:55.516","6a974dc02924f336bea4480d","68af5a6e5a8fe92ebf9ae752","[PREMIUM]","[PREMIUM]","[PREMIUM]","[PREMIUM]","[PREMIUM]","[2,4]","D10","2","Dugout","['*','*','*','*']","direct",,"tdc",,"[PREMIUM]","[PREMIUM]","[]","2026-09-09 00:00:00","Washington Nationals at San Diego Padres","mlb","2026-09-09 20:10:00","53692f0a3bf3760f90000001"
"6a974cca2924f336be6dfb6f","2026-09-01 23:59:55.516","2026-09-01 23:59:55.516","6a974cca2924f336be6dfb6f","68af5a6e5a8fe92ebf9ae752","[PREMIUM]","[PREMIUM]","[PREMIUM]","[PREMIUM]","[PREMIUM]","[2]","119","28","Field Plaza","['*','*']","direct",,"tdc",,"[PREMIUM]","[PREMIUM]","[]","2026-09-09 00:00:00","Washington Nationals at San Diego Padres","mlb","2026-09-09 20:10:00","53692f0a3bf3760f90000001"
"6a974dc32924f336bea4fd69","2026-09-01 23:59:55.516","2026-09-01 23:59:55.516","6a974dc32924f336bea4fd69","68af5a6e5a8fe92ebf9ae752","[PREMIUM]","[PREMIUM]","[PREMIUM]","[PREMIUM]","[PREMIUM]","[2,4]","109","7","Field Box VIP","['*','*','*','*']","direct",,"tdc",,"[PREMIUM]","[PREMIUM]","[]","2026-09-09 00:00:00","Washington Nationals at San Diego Padres","mlb","2026-09-09 20:10:00","53692f0a3bf3760f90000001"
"6a974dc02924f336bea44a98","2026-09-01 23:59:55.516","2026-09-01 23:59:55.516","6a974dc02924f336bea44a98","68af5a6e5a8fe92ebf9ae752","[PREMIUM]","[PREMIUM]","[PREMIUM]","[PREMIUM]","[PREMIUM]","[2]","206","1","Toyota Terrace IF","['*','*']","direct",,"tdc",,"[PREMIUM]","[PREMIUM]","[]","2026-09-09 00:00:00","Washington Nationals at San Diego Padres","mlb","2026-09-09 20:10:00","53692f0a3bf3760f90000001"
"6a974dbe2924f336bea3c7d7","2026-09-01 23:59:55.516","2026-09-01 23:59:55.516","6a974dbe2924f336bea3c7d7","68af5a6e5a8fe92ebf9ae752","[PREMIUM]","[PREMIUM]","[PREMIUM]","[PREMIUM]","[PREMIUM]","[2]","102","15","Field Box VIP","['*','*']","direct",,"tdc","great","[PREMIUM]","[PREMIUM]","[]","2026-09-09 00:00:00","Washington Nationals at San Diego Padres","mlb","2026-09-09 20:10:00","53692f0a3bf3760f90000001"
"6a974dc02924f336bea44b98","2026-09-01 23:59:55.516","2026-09-01 23:59:55.516","6a974dc02924f336bea44b98","68af5a6e5a8fe92ebf9ae752","[PREMIUM]","[PREMIUM]","[PREMIUM]","[PREMIUM]","[PREMIUM]","[2]","102","8","Field Box VIP","['*','*']","direct",,"tdc",,"[PREMIUM]","[PREMIUM]","[]","2026-09-09 00:00:00","Washington Nationals at San Diego Padres","mlb","2026-09-09 20:10:00","53692f0a3bf3760f90000001"
"6a974dc32924f336bea4fbbc","2026-09-01 23:59:55.516","2026-09-01 23:59:55.516","6a974dc32924f336bea4fbbc","68af5a6e5a8fe92ebf9ae752","[PREMIUM]","[PREMIUM]","[PREMIUM]","[PREMIUM]","[PREMIUM]","[2]","D0","2","Home Plate Club","['*','*']","direct",,"tdc",,"[PREMIUM]","[PREMIUM]","[]","2026-09-09 00:00:00","Washington Nationals at San Diego Padres","mlb","2026-09-09 20:10:00","53692f0a3bf3760f90000001"
"6a974dc32924f336bea4f82c","2026-09-01 23:59:55.516","2026-09-01 23:59:55.516","6a974dc32924f336bea4f82c","68af5a6e5a8fe92ebf9ae752","[PREMIUM]","[PREMIUM]","[PREMIUM]","[PREMIUM]","[PREMIUM]","[2]","113","5","Field Box Infield","['*','*']","direct",,"tdc","amazing","[PREMIUM]","[PREMIUM]","[]","2026-09-09 00:00:00","Washington Nationals at San Diego Padres","mlb","2026-09-09 20:10:00","53692f0a3bf3760f90000001"
"6a974dc32924f336bea4f7e0","2026-09-01 23:59:55.516","2026-09-01 23:59:55.516","6a974dc32924f336bea4f7e0","68af5a6e5a8fe92ebf9ae752","[PREMIUM]","[PREMIUM]","[PREMIUM]","[PREMIUM]","[PREMIUM]","[2]","L","7","Premier Club","['*','*']","direct",,"tdc",,"[PREMIUM]","[PREMIUM]","[]","2026-09-09 00:00:00","Washington Nationals at San Diego Padres","mlb","2026-09-09 20:10:00","53692f0a3bf3760f90000001"
"6a974dc02924f336bea43b1b","2026-09-01 23:59:55.516","2026-09-01 23:59:55.516","6a974dc02924f336bea43b1b","68af5a6e5a8fe92ebf9ae752","[PREMIUM]","[PREMIUM]","[PREMIUM]","[PREMIUM]","[PREMIUM]","[2,4]","LB","1C","Loge Box","['*','*','*','*']","direct",,"tdc",,"[PREMIUM]","[PREMIUM]","[]","2026-09-09 00:00:00","Washington Nationals at San Diego Padres","mlb","2026-09-09 20:10:00","53692f0a3bf3760f90000001"
"6a974dc02924f336bea44d4d","2026-09-01 23:59:55.516","2026-09-01 23:59:55.516","6a974dc02924f336bea44d4d","68af5a6e5a8fe92ebf9ae752","[PREMIUM]","[PREMIUM]","[PREMIUM]","[PREMIUM]","[PREMIUM]","[2,4]","F","5","Premier Club","['*','*','*','*']","direct",,"tdc",,"[PREMIUM]","[PREMIUM]","[]","2026-09-09 00:00:00","Washington Nationals at San Diego Padres","mlb","2026-09-09 20:10:00","53692f0a3bf3760f90000001"
"6a974dc02924f336bea44e1e","2026-09-01 23:59:55.516","2026-09-01 23:59:55.516","6a974dc02924f336bea44e1e","68af5a6e5a8fe92ebf9ae752","[PREMIUM]","[PREMIUM]","[PREMIUM]","[PREMIUM]","[PREMIUM]","[2]","118","19","Field Plaza","['*','*']","direct",,"tdc",,"[PREMIUM]","[PREMIUM]","[]","2026-09-09 00:00:00","Washington Nationals at San Diego Padres","mlb","2026-09-09 20:10:00","53692f0a3bf3760f90000001"
"6a974dc22924f336bea4afe6","2026-09-01 23:59:55.516","2026-09-01 23:59:55.516","6a974dc22924f336bea4afe6","68af5a6e5a8fe92ebf9ae752","[PREMIUM]","[PREMIUM]","[PREMIUM]","[PREMIUM]","[PREMIUM]","[2]","110","28","Field Box VIP","['*','*']","direct",,"tdc",,"[PREMIUM]","[PREMIUM]","[]","2026-09-09 00:00:00","Washington Nationals at San Diego Padres","mlb","2026-09-09 20:10:00","53692f0a3bf3760f90000001"
"6a974dbe2924f336bea3b157","2026-09-01 23:59:55.516","2026-09-01 23:59:55.516","6a974dbe2924f336bea3b157","68af5a6e5a8fe92ebf9ae752","[PREMIUM]","[PREMIUM]","[PREMIUM]","[PREMIUM]","[PREMIUM]","[2,4]","D4","3","Home Plate Club","['*','*','*','*']","direct",,"tdc",,"[PREMIUM]","[PREMIUM]","[]","2026-09-09 00:00:00","Washington Nationals at San Diego Padres","mlb","2026-09-09 20:10:00","53692f0a3bf3760f90000001"
"6a974dc02924f336bea44e84","2026-09-01 23:59:55.516","2026-09-01 23:59:55.516","6a974dc02924f336bea44e84","68af5a6e5a8fe92ebf9ae752","[PREMIUM]","[PREMIUM]","[PREMIUM]","[PREMIUM]","[PREMIUM]","[2]","130","A","LF Lower Box","['*','*']","direct",,"tdc",,"[PREMIUM]","[PREMIUM]","[]","2026-09-09 00:00:00","Washington Nationals at San Diego Padres","mlb","2026-09-09 20:10:00","53692f0a3bf3760f90000001"
"6a974dc32924f336bea50839","2026-09-01 23:59:55.516","2026-09-01 23:59:55.516","6a974dc32924f336bea50839","68af5a6e5a8fe92ebf9ae752","[PREMIUM]","[PREMIUM]","[PREMIUM]","[PREMIUM]","[PREMIUM]","[2]","116","31","Field Plaza","['*','*']","direct",,"tdc",,"[PREMIUM]","[PREMIUM]","[]","2026-09-09 00:00:00","Washington Nationals at San Diego Padres","mlb","2026-09-09 20:10:00","53692f0a3bf3760f90000001"
"6a974dc32924f336bea50b9e","2026-09-01 23:59:55.516","2026-09-01 23:59:55.516","6a974dc32924f336bea50b9e","68af5a6e5a8fe92ebf9ae752","[PREMIUM]","[PREMIUM]","[PREMIUM]","[PREMIUM]","[PREMIUM]","[2,4]","104","8","Field Box VIP","['*','*','*','*']","direct",,"tdc",,"[PREMIUM]","[PREMIUM]","[]","2026-09-09 00:00:00","Washington Nationals at San Diego Padres","mlb","2026-09-09 20:10:00","53692f0a3bf3760f90000001"
"6a974dc22924f336bea49b28","2026-09-01 23:59:55.516","2026-09-01 23:59:55.516","6a974dc22924f336bea49b28","68af5a6e5a8fe92ebf9ae752","[PREMIUM]","[PREMIUM]","[PREMIUM]","[PREMIUM]","[PREMIUM]","[2]","107","10","Field Box VIP","['*','*']","direct",,"tdc",,"[PREMIUM]","[PREMIUM]","[]","2026-09-09 00:00:00","Washington Nationals at San Diego Padres","mlb","2026-09-09 20:10:00","53692f0a3bf3760f90000001"
"6a974dc32924f336bea51108","2026-09-01 23:59:55.516","2026-09-01 23:59:55.516","6a974dc32924f336bea51108","68af5a6e5a8fe92ebf9ae752","[PREMIUM]","[PREMIUM]","[PREMIUM]","[PREMIUM]","[PREMIUM]","[2]","105","14","Field Box VIP","['*','*']","direct",,"tdc",,"[PREMIUM]","[PREMIUM]","[]","2026-09-09 00:00:00","Washington Nationals at San Diego Padres","mlb","2026-09-09 20:10:00","53692f0a3bf3760f90000001"
"6a974dc02924f336bea42903","2026-09-01 23:59:55.516","2026-09-01 23:59:55.516","6a974dc02924f336bea42903","68af5a6e5a8fe92ebf9ae752","[PREMIUM]","[PREMIUM]","[PREMIUM]","[PREMIUM]","[PREMIUM]","[2,4]","D6","3","Home Plate Club","['*','*','*','*']","direct",,"tdc",,"[PREMIUM]","[PREMIUM]","[]","2026-09-09 00:00:00","Washington Nationals at San Diego Padres","mlb","2026-09-09 20:10:00","53692f0a3bf3760f90000001"
"6a974cc62924f336be6ce21a","2026-09-01 23:59:55.516","2026-09-01 23:59:55.516","6a974cc62924f336be6ce21a","68af5a6e5a8fe92ebf9ae752","[PREMIUM]","[PREMIUM]","[PREMIUM]","[PREMIUM]","[PREMIUM]","[2]","218","8","Toyota Terrace Pavilion","['*','*']","direct",,"tdc",,"[PREMIUM]","[PREMIUM]","[]","2026-09-09 00:00:00","Washington Nationals at San Diego Padres","mlb","2026-09-09 20:10:00","53692f0a3bf3760f90000001"
"6a974dc22924f336bea49b55","2026-09-01 23:59:55.516","2026-09-01 23:59:55.516","6a974dc22924f336bea49b55","68af5a6e5a8fe92ebf9ae752","[PREMIUM]","[PREMIUM]","[PREMIUM]","[PREMIUM]","[PREMIUM]","[2]","109","34","Field Box VIP","['*','*']","direct",,"tdc",,"[PREMIUM]","[PREMIUM]","[]","2026-09-09 00:00:00","Washington Nationals at San Diego Padres","mlb","2026-09-09 20:10:00","53692f0a3bf3760f90000001"
"6a974dbe2924f336bea3cba3","2026-09-01 23:59:55.516","2026-09-01 23:59:55.516","6a974dbe2924f336bea3cba3","68af5a6e5a8fe92ebf9ae752","[PREMIUM]","[PREMIUM]","[PREMIUM]","[PREMIUM]","[PREMIUM]","[2]","218","4","Toyota Terrace Pavilion","['*','*']","direct",,"tdc",,"[PREMIUM]","[PREMIUM]","[]","2026-09-09 00:00:00","Washington Nationals at San Diego Padres","mlb","2026-09-09 20:10:00","53692f0a3bf3760f90000001"
"6a974dc02924f336bea42be0","2026-09-01 23:59:55.516","2026-09-01 23:59:55.516","6a974dc02924f336bea42be0","68af5a6e5a8fe92ebf9ae752","[PREMIUM]","[PREMIUM]","[PREMIUM]","[PREMIUM]","[PREMIUM]","[2,4]","107","14","Field Box VIP","['*','*','*','*']","direct",,"tdc",,"[PREMIUM]","[PREMIUM]","[]","2026-09-09 00:00:00","Washington Nationals at San Diego Padres","mlb","2026-09-09 20:10:00","53692f0a3bf3760f90000001"
"6a974dc22924f336bea4a056","2026-09-01 23:59:55.516","2026-09-01 23:59:55.516","6a974dc22924f336bea4a056","68af5a6e5a8fe92ebf9ae752","[PREMIUM]","[PREMIUM]","[PREMIUM]","[PREMIUM]","[PREMIUM]","[1,2,3,4,5,6]","102","11","Field Box VIP","['*','*','*','*','*','*']","direct",,"tdc",,"[PREMIUM]","[PREMIUM]","[]","2026-09-09 00:00:00","Washington Nationals at San Diego Padres","mlb","2026-09-09 20:10:00","53692f0a3bf3760f90000001"
"6a974dc22924f336bea4bb3b","2026-09-01 23:59:55.516","2026-09-01 23:59:55.516","6a974dc22924f336bea4bb3b","68af5a6e5a8fe92ebf9ae752","[PREMIUM]","[PREMIUM]","[PREMIUM]","[PREMIUM]","[PREMIUM]","[2]","309","1","Upper Box Infield","['*','*']","direct",,"tdc",,"[PREMIUM]","[PREMIUM]","[]","2026-09-09 00:00:00","Washington Nationals at San Diego Padres","mlb","2026-09-09 20:10:00","53692f0a3bf3760f90000001"
"6a974dc22924f336bea49c95","2026-09-01 23:59:55.516","2026-09-01 23:59:55.516","6a974dc22924f336bea49c95","68af5a6e5a8fe92ebf9ae752","[PREMIUM]","[PREMIUM]","[PREMIUM]","[PREMIUM]","[PREMIUM]","[2]","117","23","Field Plaza","['*','*']","direct",,"tdc",,"[PREMIUM]","[PREMIUM]","[]","2026-09-09 00:00:00","Washington Nationals at San Diego Padres","mlb","2026-09-09 20:10:00","53692f0a3bf3760f90000001"
"6a974dc22924f336bea49caa","2026-09-01 23:59:55.516","2026-09-01 23:59:55.516","6a974dc22924f336bea49caa","68af5a6e5a8fe92ebf9ae752","[PREMIUM]","[PREMIUM]","[PREMIUM]","[PREMIUM]","[PREMIUM]","[2]","220","1","Toyota Terrace Pavilion","['*','*']","direct",,"tdc",,"[PREMIUM]","[PREMIUM]","[]","2026-09-09 00:00:00","Washington Nationals at San Diego Padres","mlb","2026-09-09 20:10:00","53692f0a3bf3760f90000001"
"6a974dc02924f336bea43cf8","2026-09-01 23:59:55.516","2026-09-01 23:59:55.516","6a974dc02924f336bea43cf8","68af5a6e5a8fe92ebf9ae752","[PREMIUM]","[PREMIUM]","[PREMIUM]","[PREMIUM]","[PREMIUM]","[2]","201","1","Toyota Terrace VIP","['*','*']","direct",,"tdc",,"[PREMIUM]","[PREMIUM]","[]","2026-09-09 00:00:00","Washington Nationals at San Diego Padres","mlb","2026-09-09 20:10:00","53692f0a3bf3760f90000001"
"6a974dc22924f336bea4b8c7","2026-09-01 23:59:55.516","2026-09-01 23:59:55.516","6a974dc22924f336bea4b8c7","68af5a6e5a8fe92ebf9ae752","[PREMIUM]","[PREMIUM]","[PREMIUM]","[PREMIUM]","[PREMIUM]","[2]","LB","1B","Loge Box","['*','*']","direct",,"tdc",,"[PREMIUM]","[PREMIUM]","[]","2026-09-09 00:00:00","Washington Nationals at San Diego Padres","mlb","2026-09-09 20:10:00","53692f0a3bf3760f90000001"
"6a974dbe2924f336bea3bf82","2026-09-01 23:59:55.516","2026-09-01 23:59:55.516","6a974dbe2924f336bea3bf82","68af5a6e5a8fe92ebf9ae752","[PREMIUM]","[PREMIUM]","[PREMIUM]","[PREMIUM]","[PREMIUM]","[2]","113","37","Field Box Infield","['*','*']","direct",,"tdc",,"[PREMIUM]","[PREMIUM]","[]","2026-09-09 00:00:00","Washington Nationals at San Diego Padres","mlb","2026-09-09 20:10:00","53692f0a3bf3760f90000001"
"6a974dbe2924f336bea3beae","2026-09-01 23:59:55.516","2026-09-01 23:59:55.516","6a974dbe2924f336bea3beae","68af5a6e5a8fe92ebf9ae752","[PREMIUM]","[PREMIUM]","[PREMIUM]","[PREMIUM]","[PREMIUM]","[2]","A","3","Premier Club","['*','*']","direct",,"tdc",,"[PREMIUM]","[PREMIUM]","[]","2026-09-09 00:00:00","Washington Nationals at San Diego Padres","mlb","2026-09-09 20:10:00","53692f0a3bf3760f90000001"
"6a974dc22924f336bea4b0ae","2026-09-01 23:59:55.516","2026-09-01 23:59:55.516","6a974dc22924f336bea4b0ae","68af5a6e5a8fe92ebf9ae752","[PREMIUM]","[PREMIUM]","[PREMIUM]","[PREMIUM]","[PREMIUM]","[2]","D11","2","Dugout","['*','*']","direct",,"tdc",,"[PREMIUM]","[PREMIUM]","[]","2026-09-09 00:00:00","Washington Nationals at San Diego Padres","mlb","2026-09-09 20:10:00","53692f0a3bf3760f90000001"
"6a974dbe2924f336bea3b547","2026-09-01 23:59:55.516","2026-09-01 23:59:55.516","6a974dbe2924f336bea3b547","68af5a6e5a8fe92ebf9ae752","[PREMIUM]","[PREMIUM]","[PREMIUM]","[PREMIUM]","[PREMIUM]","[2]","108","29","Field Box VIP","['*','*']","direct",,"tdc",,"[PREMIUM]","[PREMIUM]","[]","2026-09-09 00:00:00","Washington Nationals at San Diego Padres","mlb","2026-09-09 20:10:00","53692f0a3bf3760f90000001"
"6a1f285599548238fd75bf49","2026-09-01 23:59:55.516","2026-09-01 23:59:55.516","6a1f285599548238fd75bf49","68af5a6e5a8fe92ebf9ae752","[PREMIUM]","[PREMIUM]","[PREMIUM]","[PREMIUM]","[PREMIUM]","[2]","135","7","RF Lower Box","['13','14']","direct",,"tdc",,"[PREMIUM]","[PREMIUM]","[]","2026-09-08 03:30:00","Washington Nationals at San Diego Padres","mlb","2026-09-09 20:10:00","53692f0a3bf3760f90000001"
"6a96c734d7c0782d1d496990","2026-09-01 23:59:55.516","2026-09-04 06:40:38.882","6a96c734d7c0782d1d496990","68af5a6e5a8fe92ebf9ae752","[PREMIUM]","[PREMIUM]","[PREMIUM]","[PREMIUM]","[PREMIUM]","[2,4]","129","17","RF Lower Box","['*','*','*','*']","mobile","mlb_ballpark","tdc",,"[PREMIUM]","[PREMIUM]","[]","2026-09-08 00:00:00","Washington Nationals at San Diego Padres","mlb","2026-09-09 20:10:00","53692f0a3bf3760f90000001"
"6a96c73419da80d5121b3b52","2026-09-01 23:59:55.516","2026-09-07 16:29:57.061","6a96c73419da80d5121b3b52","68af5a6e5a8fe92ebf9ae752","[PREMIUM]","[PREMIUM]","[PREMIUM]","[PREMIUM]","[PREMIUM]","[2]","121","29","Field Reserved","['*','*']","mobile","mlb_ballpark","tdc","super","[PREMIUM]","[PREMIUM]","[]","2026-09-08 00:00:00","Washington Nationals at San Diego Padres","mlb","2026-09-09 20:10:00","53692f0a3bf3760f90000001"
"6a611a76ddc6607c76780e52","2026-09-01 23:59:55.516","2026-09-06 13:11:31.666","6a611a76ddc6607c76780e52","68af5a6e5a8fe92ebf9ae752","[PREMIUM]","[PREMIUM]","[PREMIUM]","[PREMIUM]","[PREMIUM]","[2,4]","112","39","Field Box Infield","['1','2','3','4']","mobile","mlb_ballpark","tdc",,"[PREMIUM]","[PREMIUM]","[]","2026-09-07 00:00:00","Washington Nationals at San Diego Padres","mlb","2026-09-09 20:10:00","53692f0a3bf3760f90000001"
"6a9756e92924f336be725f80","2026-09-01 23:59:55.516","2026-09-01 23:59:55.516","6a9756e92924f336be725f80","68af5a6e5a8fe92ebf9ae752","[PREMIUM]","[PREMIUM]","[PREMIUM]","[PREMIUM]","[PREMIUM]","[2]","109","29","Field Box VIP","['*','*']","direct",,"tdc",,"[PREMIUM]","[PREMIUM]","[]","2026-09-09 00:00:00","Washington Nationals at San Diego Padres","mlb","2026-09-09 20:10:00","53692f0a3bf3760f90000001"
"6a95c4001f01dfca29e67905","2026-09-01 23:59:54.449","2026-09-01 23:59:54.449","6a95c4001f01dfca29e67905","68e1311dc16ba96eb49bf329","[PREMIUM]","[PREMIUM]","[PREMIUM]","[PREMIUM]","[PREMIUM]","[2,4]","ORCHR","M","Orchestra","['*','*','*','*']","mobile","sg","tmqr","amazing","[PREMIUM]","[PREMIUM]","[]","2026-09-07 00:00:00","Hadestown","theater","2026-09-09 18:00:00","5997347a9da0d48c0d33a3a1"
"6a95c40747d23c91166b16ef","2026-09-01 23:59:54.449","2026-09-01 23:59:54.449","6a95c40747d23c91166b16ef","68e1311dc16ba96eb49bf329","[PREMIUM]","[PREMIUM]","[PREMIUM]","[PREMIUM]","[PREMIUM]","[1,2,3,4,6]","MEZZC","E","Mezzanine","['*','*','*','*','*','*']","mobile","sg","tmqr","amazing","[PREMIUM]","[PREMIUM]","[]","2026-09-07 00:00:00","Hadestown","theater","2026-09-09 18:00:00","5997347a9da0d48c0d33a3a1"
"6a95c41196b554ca77f74e15","2026-09-01 23:59:54.449","2026-09-01 23:59:54.449","6a95c41196b554ca77f74e15","68e1311dc16ba96eb49bf329","[PREMIUM]","[PREMIUM]","[PREMIUM]","[PREMIUM]","[PREMIUM]","[2,4]","MEZZL","J","Mezzanine","['*','*','*','*']","mobile","sg","tmqr","great","[PREMIUM]","[PREMIUM]","[]","2026-09-07 00:00:00","Hadestown","theater","2026-09-09 18:00:00","5997347a9da0d48c0d33a3a1"
"6a95c4121ab3f4ee51a5af33","2026-09-01 23:59:54.449","2026-09-01 23:59:54.449","6a95c4121ab3f4ee51a5af33","68e1311dc16ba96eb49bf329","[PREMIUM]","[PREMIUM]","[PREMIUM]","[PREMIUM]","[PREMIUM]","[2,4]","ORCHL","K","Orchestra","['*','*','*','*']","mobile","sg","tmqr","amazing","[PREMIUM]","[PREMIUM]","[]","2026-09-07 00:00:00","Hadestown","theater","2026-09-09 18:00:00","5997347a9da0d48c0d33a3a1"
"6a95c3f30d334730ce0424c0","2026-09-01 23:59:54.449","2026-09-01 23:59:54.449","6a95c3f30d334730ce0424c0","68e1311dc16ba96eb49bf329","[PREMIUM]","[PREMIUM]","[PREMIUM]","[PREMIUM]","[PREMIUM]","[2,4]","MEZZL","C","Mezzanine","['*','*','*','*']","mobile","sg","tmqr","amazing","[PREMIUM]","[PREMIUM]","[]","2026-09-07 00:00:00","Hadestown","theater","2026-09-09 18:00:00","5997347a9da0d48c0d33a3a1"
"69f0ded65d3b4e7cfc266514","2026-09-01 23:59:54.449","2026-09-08 19:43:05.495","69f0ded65d3b4e7cfc266514","68e1311dc16ba96eb49bf329","[PREMIUM]","[PREMIUM]","[PREMIUM]","[PREMIUM]","[PREMIUM]","[2]","ORCHL","R","Orchestra","['*','*']","electronic",,"tmqr","amazing","[PREMIUM]","[PREMIUM]","[]",,"Hadestown","theater","2026-09-09 18:00:00","5997347a9da0d48c0d33a3a1"
"6a974cb3f5a6bf4ba67563c0","2026-09-01 23:59:54.306","2026-09-01 23:59:54.306","6a974cb3f5a6bf4ba67563c0","6a3829fcad47a1b752f96472","[PREMIUM]","[PREMIUM]","[PREMIUM]","[PREMIUM]","[PREMIUM]","[2]","Orchestra One","H",,"['*','*']","electronic",,"tmqr",,"[PREMIUM]","[PREMIUM]","[]","2026-09-08 00:00:00","Mean Girls - The Musical","theater","2026-09-09 18:30:00","67e3124ca2665db1ef52e202"
"6a9655271176448f05b7e3da","2026-09-01 23:59:53.481","2026-09-07 16:29:54.046","6a9655271176448f05b7e3da","697154ad0249fcb747dccd18","[PREMIUM]","[PREMIUM]","[PREMIUM]","[PREMIUM]","[PREMIUM]","[1,2]","ORCH L","Z",,"['*','*']","electronic",,"tmqr","cheapest","[PREMIUM]","[PREMIUM]","['limited_view']","2026-09-09 00:00:00","The Lost Boys","theater","2026-09-09 18:00:00","67f99229c6ae74fe10d87f17"
"6a9655271176448f05b7e3db","2026-09-01 23:59:53.481","2026-09-07 16:29:54.046","6a9655271176448f05b7e3db","697154ad0249fcb747dccd18","[PREMIUM]","[PREMIUM]","[PREMIUM]","[PREMIUM]","[PREMIUM]","[1,2]","ORCH R","X",,"['*','*']","electronic",,"tmqr",,"[PREMIUM]","[PREMIUM]","[]","2026-09-09 00:00:00","The Lost Boys","theater","2026-09-09 18:00:00","67f99229c6ae74fe10d87f17"
"6a96552718b121545d09eacc","2026-09-01 23:59:53.481","2026-09-07 16:29:54.046","6a96552718b121545d09eacc","697154ad0249fcb747dccd18","[PREMIUM]","[PREMIUM]","[PREMIUM]","[PREMIUM]","[PREMIUM]","[1,2]","ORCH L","Y",,"['*','*']","electronic",,"tmqr",,"[PREMIUM]","[PREMIUM]","['limited_view']","2026-09-09 00:00:00","The Lost Boys","theater","2026-09-09 18:00:00","67f99229c6ae74fe10d87f17"
"6a965527b63dd3654f3dbc3d","2026-09-01 23:59:53.481","2026-09-01 23:59:53.481","6a965527b63dd3654f3dbc3d","697154ad0249fcb747dccd18","[PREMIUM]","[PREMIUM]","[PREMIUM]","[PREMIUM]","[PREMIUM]","[1,2]","MEZZ R","D",,"['*','*']","electronic",,"tmqr",,"[PREMIUM]","[PREMIUM]","[]","2026-09-09 00:00:00","The Lost Boys","theater","2026-09-09 18:00:00","67f99229c6ae74fe10d87f17"
"6a965527b63dd3654f3dbc3f","2026-09-01 23:59:53.481","2026-09-03 03:23:52.411","6a965527b63dd3654f3dbc3f","697154ad0249fcb747dccd18","[PREMIUM]","[PREMIUM]","[PREMIUM]","[PREMIUM]","[PREMIUM]","[1,2]","MEZZ C","D",,"['*','*']","electronic",,"tmqr",,"[PREMIUM]","[PREMIUM]","[]","2026-09-09 00:00:00","The Lost Boys","theater","2026-09-09 18:00:00","67f99229c6ae74fe10d87f17"
"6a965527c85b224f006dbc34","2026-09-01 23:59:53.481","2026-09-07 16:29:54.046","6a965527c85b224f006dbc34","697154ad0249fcb747dccd18","[PREMIUM]","[PREMIUM]","[PREMIUM]","[PREMIUM]","[PREMIUM]","[1,2,3,4]","ORCH R","Y",,"['*','*','*','*']","electronic",,"tmqr",,"[PREMIUM]","[PREMIUM]","['limited_view']","2026-09-09 00:00:00","The Lost Boys","theater","2026-09-09 18:00:00","67f99229c6ae74fe10d87f17"
"6a97364a4d6df097241f1b74","2026-09-01 23:59:53.481","2026-09-01 23:59:53.481","6a97364a4d6df097241f1b74","697154ad0249fcb747dccd18","[PREMIUM]","[PREMIUM]","[PREMIUM]","[PREMIUM]","[PREMIUM]","[1,2]","ORCH R","M",,"['*','*']","electronic",,"tmqr",,"[PREMIUM]","[PREMIUM]","[]","2026-09-09 00:00:00","The Lost Boys","theater","2026-09-09 18:00:00","67f99229c6ae74fe10d87f17"
"6a97364d50a7985ec85a4a2e","2026-09-01 23:59:53.481","2026-09-03 03:23:52.411","6a97364d50a7985ec85a4a2e","697154ad0249fcb747dccd18","[PREMIUM]","[PREMIUM]","[PREMIUM]","[PREMIUM]","[PREMIUM]","[1,2,3,4]","MEZZ R","F",,"['*','*','*','*']","electronic",,"tmqr",,"[PREMIUM]","[PREMIUM]","[]","2026-09-09 00:00:00","The Lost Boys","theater","2026-09-09 18:00:00","67f99229c6ae74fe10d87f17"
"6a97364d4d6df097241f1b87","2026-09-01 23:59:53.481","2026-09-03 03:23:52.411","6a97364d4d6df097241f1b87","697154ad0249fcb747dccd18","[PREMIUM]","[PREMIUM]","[PREMIUM]","[PREMIUM]","[PREMIUM]","[1,2]","MEZZ L","F",,"['*','*']","electronic",,"tmqr",,"[PREMIUM]","[PREMIUM]","[]","2026-09-09 00:00:00","The Lost Boys","theater","2026-09-09 18:00:00","67f99229c6ae74fe10d87f17"
"6a97364e77acf7a9eb6cdbeb","2026-09-01 23:59:53.481","2026-09-03 03:23:52.411","6a97364e77acf7a9eb6cdbeb","697154ad0249fcb747dccd18","[PREMIUM]","[PREMIUM]","[PREMIUM]","[PREMIUM]","[PREMIUM]","[1,2,3,4]","MEZZ L","G",,"['*','*','*','*']","electronic",,"tmqr",,"[PREMIUM]","[PREMIUM]","[]","2026-09-09 00:00:00","The Lost Boys","theater","2026-09-09 18:00:00","67f99229c6ae74fe10d87f17"
"6a97364e06838bd132b9bbfc","2026-09-01 23:59:53.481","2026-09-01 23:59:53.481","6a97364e06838bd132b9bbfc","697154ad0249fcb747dccd18","[PREMIUM]","[PREMIUM]","[PREMIUM]","[PREMIUM]","[PREMIUM]","[1,2]","ORCH L","J",,"['*','*']","electronic",,"tmqr",,"[PREMIUM]","[PREMIUM]","[]","2026-09-09 00:00:00","The Lost Boys","theater","2026-09-09 18:00:00","67f99229c6ae74fe10d87f17"
"6a97364919c6828c2740a71c","2026-09-01 23:59:53.481","2026-09-01 23:59:53.481","6a97364919c6828c2740a71c","697154ad0249fcb747dccd18","[PREMIUM]","[PREMIUM]","[PREMIUM]","[PREMIUM]","[PREMIUM]","[1,2,3,4]","ORCH R","Q",,"['*','*','*','*']","electronic",,"tmqr",,"[PREMIUM]","[PREMIUM]","[]","2026-09-09 00:00:00","The Lost Boys","theater","2026-09-09 18:00:00","67f99229c6ae74fe10d87f17"
"6a973649aaea3fe1355f3cf7","2026-09-01 23:59:53.481","2026-09-01 23:59:53.481","6a973649aaea3fe1355f3cf7","697154ad0249fcb747dccd18","[PREMIUM]","[PREMIUM]","[PREMIUM]","[PREMIUM]","[PREMIUM]","[1,2,3,4,5,6]","RMEZ R","M",,"['*','*','*','*','*','*']","electronic",,"tmqr",,"[PREMIUM]","[PREMIUM]","[]","2026-09-09 00:00:00","The Lost Boys","theater","2026-09-09 18:00:00","67f99229c6ae74fe10d87f17"
"6a973649bd7087abe009d64e","2026-09-01 23:59:53.481","2026-09-01 23:59:53.481","6a973649bd7087abe009d64e","697154ad0249fcb747dccd18","[PREMIUM]","[PREMIUM]","[PREMIUM]","[PREMIUM]","[PREMIUM]","[1,2,3,4,5,6]","RMEZ L","N",,"['*','*','*','*','*','*']","electronic",,"tmqr",,"[PREMIUM]","[PREMIUM]","[]","2026-09-09 00:00:00","The Lost Boys","theater","2026-09-09 18:00:00","67f99229c6ae74fe10d87f17"
"6a973649fcfcd4d95b201edb","2026-09-01 23:59:53.481","2026-09-07 16:29:54.046","6a973649fcfcd4d95b201edb","697154ad0249fcb747dccd18","[PREMIUM]","[PREMIUM]","[PREMIUM]","[PREMIUM]","[PREMIUM]","[1,2]","RMEZ R","O",,"['*','*']","electronic",,"tmqr",,"[PREMIUM]","[PREMIUM]","['limited_view']","2026-09-09 00:00:00","The Lost Boys","theater","2026-09-09 18:00:00","67f99229c6ae74fe10d87f17"
"6a973b248bac4990c31cf58f","2026-09-01 23:59:53.481","2026-09-01 23:59:53.481","6a973b248bac4990c31cf58f","697154ad0249fcb747dccd18","[PREMIUM]","[PREMIUM]","[PREMIUM]","[PREMIUM]","[PREMIUM]","[1,2,3,4,5]","Mezzanine Left","C",,"['1','3','5','7','9']","mobile","paciolan","tmqr",,"[PREMIUM]","[PREMIUM]","[]","2026-09-08 00:00:00","The Lost Boys","theater","2026-09-09 18:00:00","67f99229c6ae74fe10d87f17"
"6a973b24f7d4b998763af78f","2026-09-01 23:59:53.481","2026-09-03 03:23:52.411","6a973b24f7d4b998763af78f","697154ad0249fcb747dccd18","[PREMIUM]","[PREMIUM]","[PREMIUM]","[PREMIUM]","[PREMIUM]","[1,2]","Mezzanine Left","H",,"['15','17']","mobile","paciolan","tmqr",,"[PREMIUM]","[PREMIUM]","[]","2026-09-08 00:00:00","The Lost Boys","theater","2026-09-09 18:00:00","67f99229c6ae74fe10d87f17"
"6a973ae2b6e46b5c2bd00403","2026-09-01 23:59:53.481","2026-09-07 16:29:54.046","6a973ae2b6e46b5c2bd00403","697154ad0249fcb747dccd18","[PREMIUM]","[PREMIUM]","[PREMIUM]","[PREMIUM]","[PREMIUM]","[1,2,3,4,5]","Rear Mezzanine Right Center","M",,"['110','112','114','116','118']","mobile","paciolan","tmqr",,"[PREMIUM]","[PREMIUM]","[]","2026-09-08 00:00:00","The Lost Boys","theater","2026-09-09 18:00:00","67f99229c6ae74fe10d87f17"
"6a973ae1135d5edea6275308","2026-09-01 23:59:53.481","2026-09-07 16:29:54.046","6a973ae1135d5edea6275308","697154ad0249fcb747dccd18","[PREMIUM]","[PREMIUM]","[PREMIUM]","[PREMIUM]","[PREMIUM]","[1,2,3,4,5]","Rear Mezzanine Left Center","N",,"['101','103','105','107','109']","mobile","paciolan","tmqr",,"[PREMIUM]","[PREMIUM]","[]","2026-09-08 00:00:00","The Lost Boys","theater","2026-09-09 18:00:00","67f99229c6ae74fe10d87f17"
"6a976086dfd70ac2b6b94ff4","2026-09-01 23:59:53.481","2026-09-01 23:59:53.481","6a976086dfd70ac2b6b94ff4","697154ad0249fcb747dccd18","[PREMIUM]","[PREMIUM]","[PREMIUM]","[PREMIUM]","[PREMIUM]","[1,2]","RMEZ L","M",,"['*','*']","electronic",,"tmqr",,"[PREMIUM]","[PREMIUM]","[]","2026-09-09 00:00:00","The Lost Boys","theater","2026-09-09 18:00:00","67f99229c6ae74fe10d87f17"
"6a9760861de337905296b6d4","2026-09-01 23:59:53.481","2026-09-01 23:59:53.481","6a9760861de337905296b6d4","697154ad0249fcb747dccd18","[PREMIUM]","[PREMIUM]","[PREMIUM]","[PREMIUM]","[PREMIUM]","[1,2]","RMEZ R","L",,"['*','*']","electronic",,"tmqr",,"[PREMIUM]","[PREMIUM]","[]","2026-09-09 00:00:00","The Lost Boys","theater","2026-09-09 18:00:00","67f99229c6ae74fe10d87f17"
"6a7b5e9f3e7923223e1e0a9b","2026-09-01 23:59:53.418","2026-09-07 16:29:52.934","6a7b5e9f3e7923223e1e0a9b","6990f9b26bf0ca81b5211437","[PREMIUM]","[PREMIUM]","[PREMIUM]","[PREMIUM]","[PREMIUM]","[1,2,3,4]","ORCHC","Q","Orchestra","['*','*','*','*']","electronic",,"tmqr","super","[PREMIUM]","[PREMIUM]","[]","2026-09-08 00:00:00","Operation Mincemeat","theater","2026-09-09 18:00:00","5ad8dd1783f680001326334a"
"6a961cfd1f87ae9fb7174028","2026-09-01 23:59:53.418","2026-09-01 23:59:53.418","6a961cfd1f87ae9fb7174028","6990f9b26bf0ca81b5211437","[PREMIUM]","[PREMIUM]","[PREMIUM]","[PREMIUM]","[PREMIUM]","[1,2]","FMEZZAR","A","Front Mezzanine","['*','*']","electronic",,"tmqr",,"[PREMIUM]","[PREMIUM]","[]","2026-09-09 00:00:00","Operation Mincemeat","theater","2026-09-09 18:00:00","5ad8dd1783f680001326334a"
"6a639c4e6803c0f3c3b7acd5","2026-09-01 23:59:53.411","2026-09-01 23:59:53.411","6a639c4e6803c0f3c3b7acd5","68f3fb6d4a4f096ed5418c22","[PREMIUM]","[PREMIUM]","[PREMIUM]","[PREMIUM]","[PREMIUM]","[2,4]","MEZZC","H","Mezzanine","['*','*','*','*']","electronic",,"tmqr","great","[PREMIUM]","[PREMIUM]","[]","2026-09-07 00:00:00","The Outsiders","theater","2026-09-09 18:00:00","5ad8dbbee5ba620013159b21"
"6a95ac89842cf8fa1b1229f9","2026-09-01 23:59:53.411","2026-09-01 23:59:53.411","6a95ac89842cf8fa1b1229f9","68f3fb6d4a4f096ed5418c22","[PREMIUM]","[PREMIUM]","[PREMIUM]","[PREMIUM]","[PREMIUM]","[1,2,3,4,5,6]","MEZZL","K","Mezzanine","['*','*','*','*','*','*']","electronic",,"tmqr","amazing","[PREMIUM]","[PREMIUM]","[]","2026-09-09 00:00:00","The Outsiders","theater","2026-09-09 18:00:00","5ad8dbbee5ba620013159b21"
"6a95ac897d7a0a3d16e1415a","2026-09-01 23:59:53.411","2026-09-07 16:29:54.143","6a95ac897d7a0a3d16e1415a","68f3fb6d4a4f096ed5418c22","[PREMIUM]","[PREMIUM]","[PREMIUM]","[PREMIUM]","[PREMIUM]","[1,2,3,4]","MEZZR","K","Mezzanine","['*','*','*','*']","electronic",,"tmqr","cheapest","[PREMIUM]","[PREMIUM]","[]","2026-09-09 00:00:00","The Outsiders","theater","2026-09-09 18:00:00","5ad8dbbee5ba620013159b21"
"6a95ac89ac9576eb54420c80","2026-09-01 23:59:53.411","2026-09-01 23:59:53.411","6a95ac89ac9576eb54420c80","68f3fb6d4a4f096ed5418c22","[PREMIUM]","[PREMIUM]","[PREMIUM]","[PREMIUM]","[PREMIUM]","[1,2]","ORCHR","K","Orchestra","['*','*']","electronic",,"tmqr",,"[PREMIUM]","[PREMIUM]","[]","2026-09-09 00:00:00","The Outsiders","theater","2026-09-09 18:00:00","5ad8dbbee5ba620013159b21"
"6a84952895371990897c1c1f","2026-09-01 23:59:53.411","2026-09-01 23:59:53.411","6a84952895371990897c1c1f","68f3fb6d4a4f096ed5418c22","[PREMIUM]","[PREMIUM]","[PREMIUM]","[PREMIUM]","[PREMIUM]","[2]","MEZZL","E","Mezzanine","['*','*']","electronic",,"tmqr",,"[PREMIUM]","[PREMIUM]","[]","2026-09-08 00:00:00","The Outsiders","theater","2026-09-09 18:00:00","5ad8dbbee5ba620013159b21"
"6a974a7657b1fc100a73ee21","2026-09-01 23:59:53.411","2026-09-01 23:59:53.411","6a974a7657b1fc100a73ee21","68f3fb6d4a4f096ed5418c22","[PREMIUM]","[PREMIUM]","[PREMIUM]","[PREMIUM]","[PREMIUM]","[1,2,3,4,6]","MEZZ","K","Mezzanine","['*','*','*','*','*','*']","mobile",,"tmqr","cheapest","[PREMIUM]","[PREMIUM]","[]","2026-09-07 00:00:00","The Outsiders","theater","2026-09-09 18:00:00","5ad8dbbee5ba620013159b21"
"6a974a8ccb2419137047d755","2026-09-01 23:59:53.411","2026-09-01 23:59:53.411","6a974a8ccb2419137047d755","68f3fb6d4a4f096ed5418c22","[PREMIUM]","[PREMIUM]","[PREMIUM]","[PREMIUM]","[PREMIUM]","[2,4]","MEZZ","A","Mezzanine","['*','*','*','*']","mobile",,"tmqr",,"[PREMIUM]","[PREMIUM]","[]","2026-09-07 00:00:00","The Outsiders","theater","2026-09-09 18:00:00","5ad8dbbee5ba620013159b21"
"6a974aa71f3957aa59e6e979","2026-09-01 23:59:53.411","2026-09-01 23:59:53.411","6a974aa71f3957aa59e6e979","68f3fb6d4a4f096ed5418c22","[PREMIUM]","[PREMIUM]","[PREMIUM]","[PREMIUM]","[PREMIUM]","[2,4]","MEZZ","E","Mezzanine","['*','*','*','*']","mobile",,"tmqr",,"[PREMIUM]","[PREMIUM]","[]","2026-09-07 00:00:00","The Outsiders","theater","2026-09-09 18:00:00","5ad8dbbee5ba620013159b21"
"6a974a989b2fa93c649547d6","2026-09-01 23:59:53.411","2026-09-01 23:59:53.411","6a974a989b2fa93c649547d6","68f3fb6d4a4f096ed5418c22","[PREMIUM]","[PREMIUM]","[PREMIUM]","[PREMIUM]","[PREMIUM]","[2,4]","ORCH","M","Orchestra","['*','*','*','*']","mobile",,"tmqr",,"[PREMIUM]","[PREMIUM]","[]","2026-09-07 00:00:00","The Outsiders","theater","2026-09-09 18:00:00","5ad8dbbee5ba620013159b21"
"6a9726f066b4d6f7ec43a877","2026-09-01 23:59:52.441","2026-09-01 23:59:52.441","6a9726f066b4d6f7ec43a877","69ba2be83cd207a9e0fc0727","[PREMIUM]","[PREMIUM]","[PREMIUM]","[PREMIUM]","[PREMIUM]","[2]","406","11","Section","['*','*']","mobile","tm","tmqr","amazing","[PREMIUM]","[PREMIUM]","[]","2026-09-08 00:00:00","The Wizard of Oz at Sphere","theater","2026-09-09 21:00:00","6448453e2c18960001831a9c"
"6a96e45bf5a6bf4ba6746350","2026-09-01 23:59:52.441","2026-09-06 13:11:27.812","6a96e45bf5a6bf4ba6746350","69ba2be83cd207a9e0fc0727","[PREMIUM]","[PREMIUM]","[PREMIUM]","[PREMIUM]","[PREMIUM]","[1,2,3,4,5,6,7,8]","307","15","Section","['*','*','*','*','*','*','*','*']","mobile","tm","tmqr","amazing","[PREMIUM]","[PREMIUM]","[]","2026-09-08 00:00:00","The Wizard of Oz at Sphere","theater","2026-09-09 21:00:00","6448453e2c18960001831a9c"
"6a8f4e2ccffaf8616070c3f9","2026-09-01 23:59:52.441","2026-09-01 23:59:52.441","6a8f4e2ccffaf8616070c3f9","69ba2be83cd207a9e0fc0727","[PREMIUM]","[PREMIUM]","[PREMIUM]","[PREMIUM]","[PREMIUM]","[2]","304","1","Section","['*','*']","mobile","tm","tmqr",,"[PREMIUM]","[PREMIUM]","[]","2026-09-09 00:00:00","The Wizard of Oz at Sphere","theater","2026-09-09 21:00:00","6448453e2c18960001831a9c"
"6a9668d918a5728cd8623eba","2026-09-01 23:59:52.441","2026-09-03 03:23:51.550","6a9668d918a5728cd8623eba","69ba2be83cd207a9e0fc0727","[PREMIUM]","[PREMIUM]","[PREMIUM]","[PREMIUM]","[PREMIUM]","[1,2,3,4,5,6,7,8]","208","11","Section","['*','*','*','*','*','*','*','*']","mobile","tm","tmqr","amazing","[PREMIUM]","[PREMIUM]","[]","2026-09-08 00:00:00","The Wizard of Oz at Sphere","theater","2026-09-09 21:00:00","6448453e2c18960001831a9c"
"6a9602a22924f336be2f1907","2026-09-01 23:59:52.441","2026-09-03 03:23:51.550","6a9602a22924f336be2f1907","69ba2be83cd207a9e0fc0727","[PREMIUM]","[PREMIUM]","[PREMIUM]","[PREMIUM]","[PREMIUM]","[1,2,3,4,5,6,7,8]","204","9","Section","['*','*','*','*','*','*','*','*']","mobile","tm","tmqr","amazing","[PREMIUM]","[PREMIUM]","[]","2026-09-08 00:00:00","The Wizard of Oz at Sphere","theater","2026-09-09 21:00:00","6448453e2c18960001831a9c"
"6a9606962924f336be1e7c7e","2026-09-01 23:59:52.441","2026-09-01 23:59:52.441","6a9606962924f336be1e7c7e","69ba2be83cd207a9e0fc0727","[PREMIUM]","[PREMIUM]","[PREMIUM]","[PREMIUM]","[PREMIUM]","[1,2,3]","308","6","Section","['*','*','*']","mobile","tm","tmqr",,"[PREMIUM]","[PREMIUM]","[]","2026-09-09 00:00:00","The Wizard of Oz at Sphere","theater","2026-09-09 21:00:00","6448453e2c18960001831a9c"
"6a9602c22924f336be36b8a2","2026-09-01 23:59:52.441","2026-09-03 03:23:51.550","6a9602c22924f336be36b8a2","69ba2be83cd207a9e0fc0727","[PREMIUM]","[PREMIUM]","[PREMIUM]","[PREMIUM]","[PREMIUM]","[1,2,3,4,5,6]","304","6","Section","['*','*','*','*','*','*']","mobile","tm","tmqr","great","[PREMIUM]","[PREMIUM]","[]","2026-09-08 00:00:00","The Wizard of Oz at Sphere","theater","2026-09-09 21:00:00","6448453e2c18960001831a9c"
"6a96afb1d1017b35a9518968","2026-09-01 23:59:52.441","2026-09-03 03:23:51.550","6a96afb1d1017b35a9518968","69ba2be83cd207a9e0fc0727","[PREMIUM]","[PREMIUM]","[PREMIUM]","[PREMIUM]","[PREMIUM]","[1,2,3]","306","18","Section","['*','*','*']","mobile","tm","tmqr",,"[PREMIUM]","[PREMIUM]","[]","2026-09-08 00:00:00","The Wizard of Oz at Sphere","theater","2026-09-09 21:00:00","6448453e2c18960001831a9c"
"6a96a11b4e27e9d5e0976f31","2026-09-01 23:59:52.441","2026-09-01 23:59:52.441","6a96a11b4e27e9d5e0976f31","69ba2be83cd207a9e0fc0727","[PREMIUM]","[PREMIUM]","[PREMIUM]","[PREMIUM]","[PREMIUM]","[1,2,3,4,6]","204","14","Section","['*','*','*','*','*','*']","mobile","tm","tmqr",,"[PREMIUM]","[PREMIUM]","[]","2026-09-07 00:00:00","The Wizard of Oz at Sphere","theater","2026-09-09 21:00:00","6448453e2c18960001831a9c"
"6a96a12cd44593b3e9984419","2026-09-01 23:59:52.441","2026-09-01 23:59:52.441","6a96a12cd44593b3e9984419","69ba2be83cd207a9e0fc0727","[PREMIUM]","[PREMIUM]","[PREMIUM]","[PREMIUM]","[PREMIUM]","[1,2,3,4,6]","208","17","Section","['*','*','*','*','*','*']","mobile","tm","tmqr",,"[PREMIUM]","[PREMIUM]","[]","2026-09-07 00:00:00","The Wizard of Oz at Sphere","theater","2026-09-09 21:00:00","6448453e2c18960001831a9c"
"6a96f65ed102e88c96f5708b","2026-09-01 23:59:52.441","2026-09-01 23:59:52.441","6a96f65ed102e88c96f5708b","69ba2be83cd207a9e0fc0727","[PREMIUM]","[PREMIUM]","[PREMIUM]","[PREMIUM]","[PREMIUM]","[1,2,3,4]","206","15","Section","['*','*','*','*']","mobile","tm","tmqr",,"[PREMIUM]","[PREMIUM]","[]","2026-09-08 00:00:00","The Wizard of Oz at Sphere","theater","2026-09-09 21:00:00","6448453e2c18960001831a9c"
"6a908ed83bcb356ba903713f","2026-09-01 23:59:52.441","2026-09-03 03:23:51.550","6a908ed83bcb356ba903713f","69ba2be83cd207a9e0fc0727","[PREMIUM]","[PREMIUM]","[PREMIUM]","[PREMIUM]","[PREMIUM]","[1,2,3,4,5,6,7,8]","308","18","Section","['*','*','*','*','*','*','*','*']","mobile","tm","tmqr",,"[PREMIUM]","[PREMIUM]","[]","2026-09-08 00:00:00","The Wizard of Oz at Sphere","theater","2026-09-09 21:00:00","6448453e2c18960001831a9c"
"6a908ed8dcfe97f1b1db605b","2026-09-01 23:59:52.441","2026-09-03 03:23:51.550","6a908ed8dcfe97f1b1db605b","69ba2be83cd207a9e0fc0727","[PREMIUM]","[PREMIUM]","[PREMIUM]","[PREMIUM]","[PREMIUM]","[1,2,3,4,5,6,7,8]","406","23","Section","['*','*','*','*','*','*','*','*']","mobile","tm","tmqr",,"[PREMIUM]","[PREMIUM]","[]","2026-09-08 00:00:00","The Wizard of Oz at Sphere","theater","2026-09-09 21:00:00","6448453e2c18960001831a9c"
"6a908ed8ccbe933b3daaa4df","2026-09-01 23:59:52.441","2026-09-01 23:59:52.441","6a908ed8ccbe933b3daaa4df","69ba2be83cd207a9e0fc0727","[PREMIUM]","[PREMIUM]","[PREMIUM]","[PREMIUM]","[PREMIUM]","[1,2,3,4,5,6,7,8]","406","17","Section","['*','*','*','*','*','*','*','*']","mobile","tm","tmqr",,"[PREMIUM]","[PREMIUM]","[]","2026-09-08 00:00:00","The Wizard of Oz at Sphere","theater","2026-09-09 21:00:00","6448453e2c18960001831a9c"
"6a95009d41e3f2cb650b631c","2026-09-01 23:59:52.441","2026-09-01 23:59:52.441","6a95009d41e3f2cb650b631c","69ba2be83cd207a9e0fc0727","[PREMIUM]","[PREMIUM]","[PREMIUM]","[PREMIUM]","[PREMIUM]","[2]","205","14","Section","['*','*']","mobile","tm","tmqr",,"[PREMIUM]","[PREMIUM]","[]","2026-09-08 00:00:00","The Wizard of Oz at Sphere","theater","2026-09-09 21:00:00","6448453e2c18960001831a9c"
"6a971f71fd496ba327af2315","2026-09-01 23:59:52.441","2026-09-04 06:40:36.122","6a971f71fd496ba327af2315","69ba2be83cd207a9e0fc0727","[PREMIUM]","[PREMIUM]","[PREMIUM]","[PREMIUM]","[PREMIUM]","[1,2,3,4,5,6,7]","305","16","Section","['*','*','*','*','*','*','*']","mobile","tm","tmqr","great","[PREMIUM]","[PREMIUM]","[]","2026-09-08 00:00:00","The Wizard of Oz at Sphere","theater","2026-09-09 21:00:00","6448453e2c18960001831a9c"
"6a9641a52924f336be5e5aa2","2026-09-01 23:59:52.256","2026-09-05 09:47:28.605","6a9641a52924f336be5e5aa2","699eec6cfda7968790b0dd5f","[PREMIUM]","[PREMIUM]","[PREMIUM]","[PREMIUM]","[PREMIUM]","[2]","Orchestra Left","L",,"['*','*']","electronic",,"url",,"[PREMIUM]","[PREMIUM]","['print_only']","2026-09-08 00:00:00","Two Strangers (Carry a Cake Across New York)","theater","2026-09-09 18:00:00","5a9ed01a593d25001363a6fe"
"6a85af4e9537199089b3341a","2026-09-01 23:59:52.256","2026-09-08 19:43:04.599","6a85af4e9537199089b3341a","699eec6cfda7968790b0dd5f","[PREMIUM]","[PREMIUM]","[PREMIUM]","[PREMIUM]","[PREMIUM]","[2,4]","Mezzanine Center","C",,"['*','*','*','*']","electronic",,"url",,"[PREMIUM]","[PREMIUM]","['print_only']",,"Two Strangers (Carry a Cake Across New York)","theater","2026-09-09 18:00:00","5a9ed01a593d25001363a6fe"
"6a97527a44575cf61a22fb1a","2026-09-01 23:59:52.116","2026-09-01 23:59:52.116","6a97527a44575cf61a22fb1a","69b17e5b563236056adbc6c7","[PREMIUM]","[PREMIUM]","[PREMIUM]","[PREMIUM]","[PREMIUM]","[1,2]","ORCHR","L","Orchestra","['*','*']","electronic",,"tmqr",,"[PREMIUM]","[PREMIUM]","[]","2026-09-09 00:00:00","& Juliet","theater","2026-09-09 18:00:00","5ad8d9a1c8260e0013d1e79f"
"6a97527ab63dd3654f3fd6ac","2026-09-01 23:59:52.116","2026-09-01 23:59:52.116","6a97527ab63dd3654f3fd6ac","69b17e5b563236056adbc6c7","[PREMIUM]","[PREMIUM]","[PREMIUM]","[PREMIUM]","[PREMIUM]","[1,2]","ORCHC","B","Orchestra","['*','*']","electronic",,"tmqr",,"[PREMIUM]","[PREMIUM]","[]","2026-09-09 00:00:00","& Juliet","theater","2026-09-09 18:00:00","5ad8d9a1c8260e0013d1e79f"
"6a97527adf7bfab2f9cb7c5e","2026-09-01 23:59:52.116","2026-09-01 23:59:52.116","6a97527adf7bfab2f9cb7c5e","69b17e5b563236056adbc6c7","[PREMIUM]","[PREMIUM]","[PREMIUM]","[PREMIUM]","[PREMIUM]","[1,2]","ORCHL","K","Orchestra","['*','*']","electronic",,"tmqr",,"[PREMIUM]","[PREMIUM]","[]","2026-09-09 00:00:00","& Juliet","theater","2026-09-09 18:00:00","5ad8d9a1c8260e0013d1e79f"
"6a97527ae66b4ac7d00c8ef4","2026-09-01 23:59:52.116","2026-09-01 23:59:52.116","6a97527ae66b4ac7d00c8ef4","69b17e5b563236056adbc6c7","[PREMIUM]","[PREMIUM]","[PREMIUM]","[PREMIUM]","[PREMIUM]","[1,2,3,4]","MEZZC","HH","Mezzanine","['*','*','*','*']","electronic",,"tmqr","great","[PREMIUM]","[PREMIUM]","[]","2026-09-09 00:00:00","& Juliet","theater","2026-09-09 18:00:00","5ad8d9a1c8260e0013d1e79f"
"6a97527adfd70ac2b6b93166","2026-09-01 23:59:52.116","2026-09-01 23:59:52.116","6a97527adfd70ac2b6b93166","69b17e5b563236056adbc6c7","[PREMIUM]","[PREMIUM]","[PREMIUM]","[PREMIUM]","[PREMIUM]","[1,2,3,4]","MEZZR","HH","Mezzanine","['*','*','*','*']","electronic",,"tmqr","amazing","[PREMIUM]","[PREMIUM]","[]","2026-09-09 00:00:00","& Juliet","theater","2026-09-09 18:00:00","5ad8d9a1c8260e0013d1e79f"
"6a96473004e80deada245f92","2026-09-01 23:59:52.116","2026-09-01 23:59:52.116","6a96473004e80deada245f92","69b17e5b563236056adbc6c7","[PREMIUM]","[PREMIUM]","[PREMIUM]","[PREMIUM]","[PREMIUM]","[1,2,3,4]","ORCHC","Q","Orchestra","['*','*','*','*']","electronic",,"tmqr",,"[PREMIUM]","[PREMIUM]","[]","2026-09-09 00:00:00","& Juliet","theater","2026-09-09 18:00:00","5ad8d9a1c8260e0013d1e79f"
"6a97471b1de3379052967c81","2026-09-01 23:59:52.092","2026-09-01 23:59:52.092","6a97471b1de3379052967c81","69f25c82811bdf4a92b31a2b","[PREMIUM]","[PREMIUM]","[PREMIUM]","[PREMIUM]","[PREMIUM]","[1,2,3,5]","MEZZS","C","Mezzanine","['*','*','*','*','*']","mobile","paciolan","tmqr",,"[PREMIUM]","[PREMIUM]","[]","2026-09-07 00:00:00","Buena Vista Social Club","theater","2026-09-09 18:00:00","5a9ed26fea5962001400e390"
"6a97471b702153592ff04b28","2026-09-01 23:59:52.092","2026-09-01 23:59:52.092","6a97471b702153592ff04b28","69f25c82811bdf4a92b31a2b","[PREMIUM]","[PREMIUM]","[PREMIUM]","[PREMIUM]","[PREMIUM]","[2]","ORCHC","F","Orchestra","['*','*']","mobile","paciolan","tmqr",,"[PREMIUM]","[PREMIUM]","[]","2026-09-07 00:00:00","Buena Vista Social Club","theater","2026-09-09 18:00:00","5a9ed26fea5962001400e390"
"6a97471cec0885fdeff035cf","2026-09-01 23:59:52.092","2026-09-01 23:59:52.092","6a97471cec0885fdeff035cf","69f25c82811bdf4a92b31a2b","[PREMIUM]","[PREMIUM]","[PREMIUM]","[PREMIUM]","[PREMIUM]","[1,2,3,4,6]","MEZZC","H","Mezzanine","['*','*','*','*','*','*']","mobile","paciolan","tmqr","amazing","[PREMIUM]","[PREMIUM]","[]","2026-09-07 00:00:00","Buena Vista Social Club","theater","2026-09-09 18:00:00","5a9ed26fea5962001400e390"
"6a97471ce66b4ac7d00c72ea","2026-09-01 23:59:52.092","2026-09-01 23:59:52.092","6a97471ce66b4ac7d00c72ea","69f25c82811bdf4a92b31a2b","[PREMIUM]","[PREMIUM]","[PREMIUM]","[PREMIUM]","[PREMIUM]","[1,2,3,5]","ORCHC","A","Orchestra","['*','*','*','*','*']","mobile","paciolan","tmqr",,"[PREMIUM]","[PREMIUM]","[]","2026-09-07 00:00:00","Buena Vista Social Club","theater","2026-09-09 18:00:00","5a9ed26fea5962001400e390"
"6a97471bbd7087abe00a0468","2026-09-01 23:59:52.092","2026-09-01 23:59:52.092","6a97471bbd7087abe00a0468","69f25c82811bdf4a92b31a2b","[PREMIUM]","[PREMIUM]","[PREMIUM]","[PREMIUM]","[PREMIUM]","[2,4]","MEZZC","B","Mezzanine","['*','*','*','*']","mobile","paciolan","tmqr",,"[PREMIUM]","[PREMIUM]","[]","2026-09-07 00:00:00","Buena Vista Social Club","theater","2026-09-09 18:00:00","5a9ed26fea5962001400e390"
"6a97471dd102e88c96f63867","2026-09-01 23:59:52.092","2026-09-01 23:59:52.092","6a97471dd102e88c96f63867","69f25c82811bdf4a92b31a2b","[PREMIUM]","[PREMIUM]","[PREMIUM]","[PREMIUM]","[PREMIUM]","[2,4]","MEZZS","H","Mezzanine","['*','*','*','*']","mobile","paciolan","tmqr","cheapest","[PREMIUM]","[PREMIUM]","[]","2026-09-07 00:00:00","Buena Vista Social Club","theater","2026-09-09 18:00:00","5a9ed26fea5962001400e390"
"6a97471bdf7bfab2f9cb60aa","2026-09-01 23:59:52.092","2026-09-01 23:59:52.092","6a97471bdf7bfab2f9cb60aa","69f25c82811bdf4a92b31a2b","[PREMIUM]","[PREMIUM]","[PREMIUM]","[PREMIUM]","[PREMIUM]","[2]","ORCHC","L","Orchestra","['*','*']","mobile","paciolan","tmqr",,"[PREMIUM]","[PREMIUM]","[]","2026-09-07 00:00:00","Buena Vista Social Club","theater","2026-09-09 18:00:00","5a9ed26fea5962001400e390"
"6a84700ba257e301f9a24241","2026-09-01 23:59:51.177","2026-09-07 16:29:51.835","6a84700ba257e301f9a24241","69fcab97ac359f88c05c81f1","[PREMIUM]","[PREMIUM]","[PREMIUM]","[PREMIUM]","[PREMIUM]","[1,2,3,4]","ORCHC","G","Orchestra","['*','*','*','*']","electronic",,"tmqr","amazing","[PREMIUM]","[PREMIUM]","[]","2026-09-08 00:00:00","Schmigadoon!","theater","2026-09-09 18:00:00","5a6f770901d651000f71d158"
"6a972ad8fcfcd4d95b200342","2026-09-01 23:59:51.155","2026-09-03 03:23:50.191","6a972ad8fcfcd4d95b200342","6a57a87ddd25ad31d18132b2","[PREMIUM]","[PREMIUM]","[PREMIUM]","[PREMIUM]","[PREMIUM]","[2]","Orchestra","E",,"['*','*']","mobile",,"tmqr",,"[PREMIUM]","[PREMIUM]","[]","2026-09-08 00:00:00","Hairspray","theater","2026-09-09 21:00:00","68ace06628449cb0983207af"
"6a9657da2924f336be73886c","2026-09-01 23:59:50.257","2026-09-01 23:59:50.257","6a9657da2924f336be73886c","68eed651076c1efcc0fbd8a6","[PREMIUM]","[PREMIUM]","[PREMIUM]","[PREMIUM]","[PREMIUM]","[1,2,3,4,6]","102","K","Lower","['*','*','*','*','*','*']","mobile",,"tmqr",,"[PREMIUM]","[PREMIUM]","[]","2026-09-08 00:00:00","DAVID - Play","theater","2026-09-09 20:30:00","67ae894622430c8efd16b166"
"6a974eb88bac4990c31d286d","2026-09-01 23:59:50.257","2026-09-06 13:11:25.593","6a974eb88bac4990c31d286d","68eed651076c1efcc0fbd8a6","[PREMIUM]","[PREMIUM]","[PREMIUM]","[PREMIUM]","[PREMIUM]","[1,2,3,4,6]","201","MM","Upper","['*','*','*','*','*','*']","mobile",,"tmqr","cheapest","[PREMIUM]","[PREMIUM]","[]","2026-09-08 00:00:00","DAVID - Play","theater","2026-09-09 20:30:00","67ae894622430c8efd16b166"
"6a96acc52924f336be9591f6","2026-09-01 23:59:50.219","2026-09-01 23:59:50.219","6a96acc52924f336be9591f6","6a160c156bd7a575a49e4067","[PREMIUM]","[PREMIUM]","[PREMIUM]","[PREMIUM]","[PREMIUM]","[1,2,3,5]","BALCRR","B","Balcony","['*','*','*','*','*']","mobile","tm","tmqr","amazing","[PREMIUM]","[PREMIUM]","[]","2026-09-08 00:00:00","Hatebreed","music","2026-09-09 20:45:00","57d325c550575d33c85ae9b5"
"6a96ace12924f336be994ead","2026-09-01 23:59:50.219","2026-09-01 23:59:50.219","6a96ace12924f336be994ead","6a160c156bd7a575a49e4067","[PREMIUM]","[PREMIUM]","[PREMIUM]","[PREMIUM]","[PREMIUM]","[1,2]","BALCLR","A","Balcony","['*','*']","mobile","tm","tmqr","super","[PREMIUM]","[PREMIUM]","[]","2026-09-08 00:00:00","Hatebreed","music","2026-09-09 20:45:00","57d325c550575d33c85ae9b5"
"6a69a032263f58b9dede1e75","2026-09-01 23:59:49.331","2026-09-01 23:59:49.331","6a69a032263f58b9dede1e75","695daa775ed8364041e5da6b","[PREMIUM]","[PREMIUM]","[PREMIUM]","[PREMIUM]","[PREMIUM]","[2]","340","A","Upper Level Sideline","['7','8']","mobile","tm","tmqr",,"[PREMIUM]","[PREMIUM]","[]","2026-09-09 00:20:00","New England Patriots at Seattle Seahawks","nfl","2026-09-10 00:20:00","53acb8a13bf3760237000003"
"6a938ee0fd42689fb552ac60","2026-09-01 23:59:49.331","2026-09-01 23:59:49.331","6a938ee0fd42689fb552ac60","695daa775ed8364041e5da6b","[PREMIUM]","[PREMIUM]","[PREMIUM]","[PREMIUM]","[PREMIUM]","[2]","231","Q","Club","['*','*']","mobile","tm","tmqr",,"[PREMIUM]","[PREMIUM]","[]","2026-09-08 00:00:00","New England Patriots at Seattle Seahawks","nfl","2026-09-10 00:20:00","53acb8a13bf3760237000003"
"6a95f6fed44593b3e996afe4","2026-09-01 23:59:49.331","2026-09-03 03:23:48.445","6a95f6fed44593b3e996afe4","695daa775ed8364041e5da6b","[PREMIUM]","[PREMIUM]","[PREMIUM]","[PREMIUM]","[PREMIUM]","[2]","316","J","Upper Level Corner","['*','*']","mobile","tm","tmqr",,"[PREMIUM]","[PREMIUM]","[]","2026-09-08 00:00:00","New England Patriots at Seattle Seahawks","nfl","2026-09-10 00:20:00","53acb8a13bf3760237000003"
"6a972ac39b2fa93c6494f609","2026-09-01 23:59:49.331","2026-09-01 23:59:49.331","6a972ac39b2fa93c6494f609","695daa775ed8364041e5da6b","[PREMIUM]","[PREMIUM]","[PREMIUM]","[PREMIUM]","[PREMIUM]","[2]","100","E","Lower Level Corner","['4','5']","mobile","tm","tmqr","great","[PREMIUM]","[PREMIUM]","[]","2026-09-07 00:00:00","New England Patriots at Seattle Seahawks","nfl","2026-09-10 00:20:00","53acb8a13bf3760237000003"
"6a972b5f77acf7a9eb6cc1df","2026-09-01 23:59:49.331","2026-09-04 06:40:32.170","6a972b5f77acf7a9eb6cc1df","695daa775ed8364041e5da6b","[PREMIUM]","[PREMIUM]","[PREMIUM]","[PREMIUM]","[PREMIUM]","[2]","206","I","Club","['15','16']","mobile","tm","tmqr","great","[PREMIUM]","[PREMIUM]","[]","2026-09-09 00:00:00","New England Patriots at Seattle Seahawks","nfl","2026-09-10 00:20:00","53acb8a13bf3760237000003"
"6a6f298a4b4dc74fc3284bee","2026-09-01 23:59:49.331","2026-09-09 23:04:54.197","6a6f298a4b4dc74fc3284bee","695daa775ed8364041e5da6b","[PREMIUM]","[PREMIUM]","[PREMIUM]","[PREMIUM]","[PREMIUM]","[2]","231","B","Club","['*','*']","mobile","tm","tmqr",,"[PREMIUM]","[PREMIUM]","[]",,"New England Patriots at Seattle Seahawks","nfl","2026-09-10 00:20:00","53acb8a13bf3760237000003"
"6a97482b1f3957aa59e6e43c","2026-09-01 23:59:49.331","2026-09-01 23:59:49.331","6a97482b1f3957aa59e6e43c","695daa775ed8364041e5da6b","[PREMIUM]","[PREMIUM]","[PREMIUM]","[PREMIUM]","[PREMIUM]","[1,2,3,4]","234","M","Club","['15','16','17','18']","mobile","tm","tmqr",,"[PREMIUM]","[PREMIUM]","[]",,"New England Patriots at Seattle Seahawks","nfl","2026-09-10 00:20:00","53acb8a13bf3760237000003"
"6a96f9fc2924f336be67e45f","2026-09-01 23:59:49.331","2026-09-04 06:40:32.170","6a96f9fc2924f336be67e45f","695daa775ed8364041e5da6b","[PREMIUM]","[PREMIUM]","[PREMIUM]","[PREMIUM]","[PREMIUM]","[2]","232","N","Club","['9','10']","mobile","tm","tmqr",,"[PREMIUM]","[PREMIUM]","[]","2026-09-09 00:00:00","New England Patriots at Seattle Seahawks","nfl","2026-09-10 00:20:00","53acb8a13bf3760237000003"
"6a96da9da02c80c2d28b1cb7","2026-09-01 23:59:49.331","2026-09-01 23:59:49.331","6a96da9da02c80c2d28b1cb7","695daa775ed8364041e5da6b","[PREMIUM]","[PREMIUM]","[PREMIUM]","[PREMIUM]","[PREMIUM]","[2]","149","AA","Section","['3','4']","mobile","tm","tmqr","super","[PREMIUM]","[PREMIUM]","[]",,"New England Patriots at Seattle Seahawks","nfl","2026-09-10 00:20:00","53acb8a13bf3760237000003"
"6a96dc16e0e5113e1e5e6f21","2026-09-01 23:59:49.331","2026-09-01 23:59:49.331","6a96dc16e0e5113e1e5e6f21","695daa775ed8364041e5da6b","[PREMIUM]","[PREMIUM]","[PREMIUM]","[PREMIUM]","[PREMIUM]","[2]","319","C","Upper Level End Zone","['11','12']","mobile","tm","tmqr",,"[PREMIUM]","[PREMIUM]","[]","2026-09-09 00:20:00","New England Patriots at Seattle Seahawks","nfl","2026-09-10 00:20:00","53acb8a13bf3760237000003"
"6a96e0ceec0885fdefef32b5","2026-09-01 23:59:49.331","2026-09-03 03:23:48.445","6a96e0ceec0885fdefef32b5","695daa775ed8364041e5da6b","[PREMIUM]","[PREMIUM]","[PREMIUM]","[PREMIUM]","[PREMIUM]","[2]","139","X","Lower Level Sideline","['*','*']","mobile","tm","tmqr",,"[PREMIUM]","[PREMIUM]","[]","2026-09-08 00:00:00","New England Patriots at Seattle Seahawks","nfl","2026-09-10 00:20:00","53acb8a13bf3760237000003"
"6a96e0cfa5e6577faf7b4275","2026-09-01 23:59:49.331","2026-09-01 23:59:49.331","6a96e0cfa5e6577faf7b4275","695daa775ed8364041e5da6b","[PREMIUM]","[PREMIUM]","[PREMIUM]","[PREMIUM]","[PREMIUM]","[2]","300","I","Upper Level Corner","['*','*']","mobile","tm","tmqr",,"[PREMIUM]","[PREMIUM]","[]","2026-09-08 00:00:00","New England Patriots at Seattle Seahawks","nfl","2026-09-10 00:20:00","53acb8a13bf3760237000003"
"6a9628f840d82c81e4512649","2026-09-01 23:59:49.331","2026-09-01 23:59:49.331","6a9628f840d82c81e4512649","695daa775ed8364041e5da6b","[PREMIUM]","[PREMIUM]","[PREMIUM]","[PREMIUM]","[PREMIUM]","[2]","338","LL","Upper Level Sideline","['*','*']","mobile","tm","tmqr","amazing","[PREMIUM]","[PREMIUM]","[]","2026-09-08 00:00:00","New England Patriots at Seattle Seahawks","nfl","2026-09-10 00:20:00","53acb8a13bf3760237000003"
"6a922e97ec55c7484e98aeeb","2026-09-01 23:59:49.331","2026-09-01 23:59:49.331","6a922e97ec55c7484e98aeeb","695daa775ed8364041e5da6b","[PREMIUM]","[PREMIUM]","[PREMIUM]","[PREMIUM]","[PREMIUM]","[2]","332","T","Upper Level Sideline","['*','*']","mobile","tm","tmqr",,"[PREMIUM]","[PREMIUM]","[]","2026-09-08 00:00:00","New England Patriots at Seattle Seahawks","nfl","2026-09-10 00:20:00","53acb8a13bf3760237000003"
"6a765cb26d27898665f9bfb7","2026-09-01 23:59:49.331","2026-09-01 23:59:49.331","6a765cb26d27898665f9bfb7","695daa775ed8364041e5da6b","[PREMIUM]","[PREMIUM]","[PREMIUM]","[PREMIUM]","[PREMIUM]","[2]","328","K","Upper Level Corner","['15','16']","mobile","tm","tmqr",,"[PREMIUM]","[PREMIUM]","[]","2026-09-09 00:20:00","New England Patriots at Seattle Seahawks","nfl","2026-09-10 00:20:00","53acb8a13bf3760237000003"
"6a766624a197431d442888ea","2026-09-01 23:59:49.331","2026-09-04 06:40:32.170","6a766624a197431d442888ea","695daa775ed8364041e5da6b","[PREMIUM]","[PREMIUM]","[PREMIUM]","[PREMIUM]","[PREMIUM]","[2]","310","AA","Upper Level Sideline","['5','6']","mobile","tm","tmqr",,"[PREMIUM]","[PREMIUM]","[]","2026-09-07 00:00:00","New England Patriots at Seattle Seahawks","nfl","2026-09-10 00:20:00","53acb8a13bf3760237000003"
"6a91f7fbc5d99c02be268655","2026-09-01 23:59:49.331","2026-09-01 23:59:49.331","6a91f7fbc5d99c02be268655","695daa775ed8364041e5da6b","[PREMIUM]","[PREMIUM]","[PREMIUM]","[PREMIUM]","[PREMIUM]","[2,4]","104","Q","Lower Level Corner","['1','2','3','4']","mobile","tm","tmqr",,"[PREMIUM]","[PREMIUM]","[]","2026-09-09 00:20:00","New England Patriots at Seattle Seahawks","nfl","2026-09-10 00:20:00","53acb8a13bf3760237000003"
"6a967d0a06ebb8d0daa29949","2026-09-01 23:59:49.331","2026-09-01 23:59:49.331","6a967d0a06ebb8d0daa29949","695daa775ed8364041e5da6b","[PREMIUM]","[PREMIUM]","[PREMIUM]","[PREMIUM]","[PREMIUM]","[2]","337","J","Upper Level Sideline","['*','*']","mobile","tm","tmqr",,"[PREMIUM]","[PREMIUM]","[]","2026-09-08 00:00:00","New England Patriots at Seattle Seahawks","nfl","2026-09-10 00:20:00","53acb8a13bf3760237000003"
"6a96772372dbecb23bb77f8b","2026-09-01 23:59:49.331","2026-09-05 09:47:24.129","6a96772372dbecb23bb77f8b","695daa775ed8364041e5da6b","[PREMIUM]","[PREMIUM]","[PREMIUM]","[PREMIUM]","[PREMIUM]","[2]","131","D","Lower Level Sideline","['16','17']","mobile","tm","tmqr",,"[PREMIUM]","[PREMIUM]","[]","2026-09-09 00:20:00","New England Patriots at Seattle Seahawks","nfl","2026-09-10 00:20:00","53acb8a13bf3760237000003"
"6a967d12ec0885fdefee8ce3","2026-09-01 23:59:49.331","2026-09-01 23:59:49.331","6a967d12ec0885fdefee8ce3","695daa775ed8364041e5da6b","[PREMIUM]","[PREMIUM]","[PREMIUM]","[PREMIUM]","[PREMIUM]","[2]","308","Y","Upper Level Sideline","['*','*']","mobile","tm","tmqr",,"[PREMIUM]","[PREMIUM]","[]","2026-09-08 00:00:00","New England Patriots at Seattle Seahawks","nfl","2026-09-10 00:20:00","53acb8a13bf3760237000003"
"6a89f632cffaf86160f786ec","2026-09-01 23:59:49.331","2026-09-08 19:43:00.411","6a89f632cffaf86160f786ec","695daa775ed8364041e5da6b","[PREMIUM]","[PREMIUM]","[PREMIUM]","[PREMIUM]","[PREMIUM]","[2]","330","GG","Upper Level Sideline","['*','*']","mobile","tm","tmqr",,"[PREMIUM]","[PREMIUM]","[]",,"New England Patriots at Seattle Seahawks","nfl","2026-09-10 00:20:00","53acb8a13bf3760237000003"
"6a960c532924f336be4f81d3","2026-09-01 23:59:49.331","2026-09-01 23:59:49.331","6a960c532924f336be4f81d3","695daa775ed8364041e5da6b","[PREMIUM]","[PREMIUM]","[PREMIUM]","[PREMIUM]","[PREMIUM]","[2]","110","M","Charter","['13','14']","mobile","tm","tmqr",,"[PREMIUM]","[PREMIUM]","[]","2026-09-09 00:00:00","New England Patriots at Seattle Seahawks","nfl","2026-09-10 00:20:00","53acb8a13bf3760237000003"
"6a96047006ebb8d0daa16605","2026-09-01 23:59:49.331","2026-09-01 23:59:49.331","6a96047006ebb8d0daa16605","695daa775ed8364041e5da6b","[PREMIUM]","[PREMIUM]","[PREMIUM]","[PREMIUM]","[PREMIUM]","[2]","340","P","Upper Level Sideline","['*','*']","mobile","tm","tmqr",,"[PREMIUM]","[PREMIUM]","[]","2026-09-08 00:00:00","New England Patriots at Seattle Seahawks","nfl","2026-09-10 00:20:00","53acb8a13bf3760237000003"
"6a070a1bc54581d4f501b80c","2026-09-01 23:59:49.331","2026-09-01 23:59:49.331","6a070a1bc54581d4f501b80c","695daa775ed8364041e5da6b","[PREMIUM]","[PREMIUM]","[PREMIUM]","[PREMIUM]","[PREMIUM]","[2,4]","144","W","Lower Level Corner","['5','6','7','8']","mobile","tm","tmqr",,"[PREMIUM]","[PREMIUM]","[]","2026-09-09 00:20:00","New England Patriots at Seattle Seahawks","nfl","2026-09-10 00:20:00","53acb8a13bf3760237000003"
"6a5db62cb7404080b6141bb8","2026-09-01 23:59:49.331","2026-09-04 06:40:32.170","6a5db62cb7404080b6141bb8","695daa775ed8364041e5da6b","[PREMIUM]","[PREMIUM]","[PREMIUM]","[PREMIUM]","[PREMIUM]","[2]","231","K","Club","['13','14']","mobile","tm","tmqr",,"[PREMIUM]","[PREMIUM]","[]","2026-09-09 00:20:00","New England Patriots at Seattle Seahawks","nfl","2026-09-10 00:20:00","53acb8a13bf3760237000003"
"6a32150c38cd8488c5ae5362","2026-09-01 23:59:49.331","2026-09-08 19:43:00.411","6a32150c38cd8488c5ae5362","695daa775ed8364041e5da6b","[PREMIUM]","[PREMIUM]","[PREMIUM]","[PREMIUM]","[PREMIUM]","[2]","210","E","Club","['*','*']","mobile","tm","tmqr",,"[PREMIUM]","[PREMIUM]","[]",,"New England Patriots at Seattle Seahawks","nfl","2026-09-10 00:20:00","53acb8a13bf3760237000003"
"6a84badd12a8269bad6ded1b","2026-09-01 23:59:49.331","2026-09-01 23:59:49.331","6a84badd12a8269bad6ded1b","695daa775ed8364041e5da6b","[PREMIUM]","[PREMIUM]","[PREMIUM]","[PREMIUM]","[PREMIUM]","[2]","333","B","Upper Level Sideline","['13','14']","mobile","tm","tmqr",,"[PREMIUM]","[PREMIUM]","[]","2026-09-09 00:20:00","New England Patriots at Seattle Seahawks","nfl","2026-09-10 00:20:00","53acb8a13bf3760237000003"
"6a95d0be1f87ae9fb716503e","2026-09-01 23:59:49.331","2026-09-08 19:43:00.411","6a95d0be1f87ae9fb716503e","695daa775ed8364041e5da6b","[PREMIUM]","[PREMIUM]","[PREMIUM]","[PREMIUM]","[PREMIUM]","[2]","137","F","Charter","['3','4']","mobile","tm","tmqr",,"[PREMIUM]","[PREMIUM]","[]",,"New England Patriots at Seattle Seahawks","nfl","2026-09-10 00:20:00","53acb8a13bf3760237000003"
"6a95cb749fca1ee43b328eb0","2026-09-01 23:59:49.331","2026-09-06 13:11:23.659","6a95cb749fca1ee43b328eb0","695daa775ed8364041e5da6b","[PREMIUM]","[PREMIUM]","[PREMIUM]","[PREMIUM]","[PREMIUM]","[2]","235","B","Club","['13','14']","mobile","tm","tmqr",,"[PREMIUM]","[PREMIUM]","[]","2026-09-09 00:20:00","New England Patriots at Seattle Seahawks","nfl","2026-09-10 00:20:00","53acb8a13bf3760237000003"
"6a8e60d0c86777db326d7915","2026-09-01 23:59:49.331","2026-09-01 23:59:49.331","6a8e60d0c86777db326d7915","695daa775ed8364041e5da6b","[PREMIUM]","[PREMIUM]","[PREMIUM]","[PREMIUM]","[PREMIUM]","[2]","325","B","Upper Level End Zone","['7','8']","mobile","tm","tmqr",,"[PREMIUM]","[PREMIUM]","[]","2026-09-09 00:20:00","New England Patriots at Seattle Seahawks","nfl","2026-09-10 00:20:00","53acb8a13bf3760237000003"
"6a8de4b101727d108617a345","2026-09-01 23:59:49.331","2026-09-01 23:59:49.331","6a8de4b101727d108617a345","695daa775ed8364041e5da6b","[PREMIUM]","[PREMIUM]","[PREMIUM]","[PREMIUM]","[PREMIUM]","[2]","312","N","Upper Level Sideline","['*','*']","mobile","tm","tmqr",,"[PREMIUM]","[PREMIUM]","[]","2026-09-08 00:00:00","New England Patriots at Seattle Seahawks","nfl","2026-09-10 00:20:00","53acb8a13bf3760237000003"
"6a8e2810df5dc62439bd7811","2026-09-01 23:59:49.331","2026-09-01 23:59:49.331","6a8e2810df5dc62439bd7811","695daa775ed8364041e5da6b","[PREMIUM]","[PREMIUM]","[PREMIUM]","[PREMIUM]","[PREMIUM]","[2]","336","G","Upper Level Sideline","['19','20']","mobile","tm","tmqr",,"[PREMIUM]","[PREMIUM]","[]","2026-09-09 00:20:00","New England Patriots at Seattle Seahawks","nfl","2026-09-10 00:20:00","53acb8a13bf3760237000003"
"6a4ddfb62e072edce33368fa","2026-09-01 23:59:49.331","2026-09-01 23:59:49.331","6a4ddfb62e072edce33368fa","695daa775ed8364041e5da6b","[PREMIUM]","[PREMIUM]","[PREMIUM]","[PREMIUM]","[PREMIUM]","[2]","112","A","Charter","['1','2']","mobile","tm","tmqr",,"[PREMIUM]","[PREMIUM]","[]","2026-09-09 00:20:00","New England Patriots at Seattle Seahawks","nfl","2026-09-10 00:20:00","53acb8a13bf3760237000003"
"6a9425aabb4b79d2085737ae","2026-09-01 23:59:49.331","2026-09-01 23:59:49.331","6a9425aabb4b79d2085737ae","695daa775ed8364041e5da6b","[PREMIUM]","[PREMIUM]","[PREMIUM]","[PREMIUM]","[PREMIUM]","[1,2]","136","U","Charter","['15','16']","mobile","tm","tmqr",,"[PREMIUM]","[PREMIUM]","[]","2026-09-09 00:00:00","New England Patriots at Seattle Seahawks","nfl","2026-09-10 00:20:00","53acb8a13bf3760237000003"
"6a947e1194268e819d4cd254","2026-09-01 23:59:49.331","2026-09-01 23:59:49.331","6a947e1194268e819d4cd254","695daa775ed8364041e5da6b","[PREMIUM]","[PREMIUM]","[PREMIUM]","[PREMIUM]","[PREMIUM]","[2]","304","GG","Upper Level Sideline","['*','*']","mobile","tm","tmqr",,"[PREMIUM]","[PREMIUM]","[]","2026-09-08 00:00:00","New England Patriots at Seattle Seahawks","nfl","2026-09-10 00:20:00","53acb8a13bf3760237000003"
"6a973581e5436e9eeb40e5cc","2026-09-01 23:59:49.331","2026-09-04 06:40:32.170","6a973581e5436e9eeb40e5cc","695daa775ed8364041e5da6b","[PREMIUM]","[PREMIUM]","[PREMIUM]","[PREMIUM]","[PREMIUM]","[2]","143","U","Lower Level Corner","['66608862','66608863']","mobile","tm","tmqr","great","[PREMIUM]","[PREMIUM]","[]","2026-09-08 00:00:00","New England Patriots at Seattle Seahawks","nfl","2026-09-10 00:20:00","53acb8a13bf3760237000003"
"6a97356c19c6828c2740a4df","2026-09-01 23:59:49.331","2026-09-08 19:43:00.411","6a97356c19c6828c2740a4df","695daa775ed8364041e5da6b","[PREMIUM]","[PREMIUM]","[PREMIUM]","[PREMIUM]","[PREMIUM]","[2]","108","D","Charter","['15','16']","mobile","tm","tmqr",,"[PREMIUM]","[PREMIUM]","[]",,"New England Patriots at Seattle Seahawks","nfl","2026-09-10 00:20:00","53acb8a13bf3760237000003"
"6a97391b5d3b498146c2a27b","2026-09-01 23:59:49.331","2026-09-04 06:40:32.170","6a97391b5d3b498146c2a27b","695daa775ed8364041e5da6b","[PREMIUM]","[PREMIUM]","[PREMIUM]","[PREMIUM]","[PREMIUM]","[2]","234","H","Club","['11','12']","mobile","tm","tmqr",,"[PREMIUM]","[PREMIUM]","[]","2026-09-08 00:00:00","New England Patriots at Seattle Seahawks","nfl","2026-09-10 00:20:00","53acb8a13bf3760237000003"
"6a9735765d3b498146c2987d","2026-09-01 23:59:49.331","2026-09-07 16:29:47.030","6a9735765d3b498146c2987d","695daa775ed8364041e5da6b","[PREMIUM]","[PREMIUM]","[PREMIUM]","[PREMIUM]","[PREMIUM]","[2]","119","JJ","Lower Level End Zone","['9','10']","mobile","tm","tmqr","amazing","[PREMIUM]","[PREMIUM]","[]","2026-09-08 00:00:00","New England Patriots at Seattle Seahawks","nfl","2026-09-10 00:20:00","53acb8a13bf3760237000003"
"6a8758d1ac9dcbde0a03c7da","2026-09-01 23:59:49.331","2026-09-06 13:11:23.659","6a8758d1ac9dcbde0a03c7da","695daa775ed8364041e5da6b","[PREMIUM]","[PREMIUM]","[PREMIUM]","[PREMIUM]","[PREMIUM]","[2]","333","Y","Upper Level Sideline","['*','*']","mobile","tm","tmqr",,"[PREMIUM]","[PREMIUM]","[]","2026-09-08 00:00:00","New England Patriots at Seattle Seahawks","nfl","2026-09-10 00:20:00","53acb8a13bf3760237000003"
"6a9753c61f3957aa59e701d5","2026-09-01 23:59:49.331","2026-09-01 23:59:49.331","6a9753c61f3957aa59e701d5","695daa775ed8364041e5da6b","[PREMIUM]","[PREMIUM]","[PREMIUM]","[PREMIUM]","[PREMIUM]","[2]","307","KK","Upper Level Sideline","['*','*']","mobile","tm","tmqr",,"[PREMIUM]","[PREMIUM]","[]","2026-09-08 00:00:00","New England Patriots at Seattle Seahawks","nfl","2026-09-10 00:20:00","53acb8a13bf3760237000003"
"6a97499bdf7bfab2f9cb65be","2026-09-01 23:59:49.331","2026-09-03 03:23:48.445","6a97499bdf7bfab2f9cb65be","695daa775ed8364041e5da6b","[PREMIUM]","[PREMIUM]","[PREMIUM]","[PREMIUM]","[PREMIUM]","[2]","307","A","Upper Level Sideline","['1','2']","mobile","tm","tmqr",,"[PREMIUM]","[PREMIUM]","[]","2026-09-09 00:20:00","New England Patriots at Seattle Seahawks","nfl","2026-09-10 00:20:00","53acb8a13bf3760237000003"
"6a96f56e0e9e04d6f2d1e0e9","2026-09-01 23:59:49.331","2026-09-01 23:59:49.331","6a96f56e0e9e04d6f2d1e0e9","695daa775ed8364041e5da6b","[PREMIUM]","[PREMIUM]","[PREMIUM]","[PREMIUM]","[PREMIUM]","[2]","214","Q","Middle Level","['*','*']","mobile","tm","tmqr",,"[PREMIUM]","[PREMIUM]","[]","2026-09-08 00:00:00","New England Patriots at Seattle Seahawks","nfl","2026-09-10 00:20:00","53acb8a13bf3760237000003"
"6a96f18f47d23c91166ded9d","2026-09-01 23:59:49.331","2026-09-05 09:47:24.129","6a96f18f47d23c91166ded9d","695daa775ed8364041e5da6b","[PREMIUM]","[PREMIUM]","[PREMIUM]","[PREMIUM]","[PREMIUM]","[1,2]","232","G","Club","['1','2']","mobile","tm","tmqr",,"[PREMIUM]","[PREMIUM]","['aisle']",,"New England Patriots at Seattle Seahawks","nfl","2026-09-10 00:20:00","53acb8a13bf3760237000003"
"6a1f500b99548238fdaa80e7","2026-09-01 23:59:49.331","2026-09-03 03:23:48.445","6a1f500b99548238fdaa80e7","695daa775ed8364041e5da6b","[PREMIUM]","[PREMIUM]","[PREMIUM]","[PREMIUM]","[PREMIUM]","[1,2,3,4,5,6,7,8,9,10,11,12,13,14,15,16,17,18,19,21]","326","V","Upper Level End Zone","['*','*','*','*','*','*','*','*','*','*','*','*','*','*','*','*','*','*','*','*','*']","mobile","tm","tmqr",,"[PREMIUM]","[PREMIUM]","[]","2026-09-09 00:00:00","New England Patriots at Seattle Seahawks","nfl","2026-09-10 00:20:00","53acb8a13bf3760237000003"
"6a1dfab2c95b5cffad48b661","2026-09-01 23:59:49.331","2026-09-01 23:59:49.331","6a1dfab2c95b5cffad48b661","695daa775ed8364041e5da6b","[PREMIUM]","[PREMIUM]","[PREMIUM]","[PREMIUM]","[PREMIUM]","[2]","312","DD","Upper Level Sideline","['11','12']","mobile","tm","tmqr",,"[PREMIUM]","[PREMIUM]","[]","2026-09-09 00:20:00","New England Patriots at Seattle Seahawks","nfl","2026-09-10 00:20:00","53acb8a13bf3760237000003"
"6a15cc843828919bf0eba7e6","2026-09-01 23:59:49.331","2026-09-07 16:29:47.030","6a15cc843828919bf0eba7e6","695daa775ed8364041e5da6b","[PREMIUM]","[PREMIUM]","[PREMIUM]","[PREMIUM]","[PREMIUM]","[2,4]","330","Y","Upper Level Sideline","['*','*','*','*']","mobile","tm","tmqr",,"[PREMIUM]","[PREMIUM]","[]","2026-09-08 00:00:00","New England Patriots at Seattle Seahawks","nfl","2026-09-10 00:20:00","53acb8a13bf3760237000003"
"6a63797bca1daf76b3a1a252","2026-09-01 23:59:49.331","2026-09-01 23:59:49.331","6a63797bca1daf76b3a1a252","695daa775ed8364041e5da6b","[PREMIUM]","[PREMIUM]","[PREMIUM]","[PREMIUM]","[PREMIUM]","[2]","150","B","Section","['14','15']","mobile","tm","tmqr",,"[PREMIUM]","[PREMIUM]","[]","2026-09-09 00:20:00","New England Patriots at Seattle Seahawks","nfl","2026-09-10 00:20:00","53acb8a13bf3760237000003"
"6a6a7512cc335ac40b4663e9","2026-09-01 23:59:49.331","2026-09-01 23:59:49.331","6a6a7512cc335ac40b4663e9","695daa775ed8364041e5da6b","[PREMIUM]","[PREMIUM]","[PREMIUM]","[PREMIUM]","[PREMIUM]","[2]","306","AA","Upper Level Sideline","['10','11']","mobile","tm","tmqr",,"[PREMIUM]","[PREMIUM]","[]","2026-09-09 00:20:00","New England Patriots at Seattle Seahawks","nfl","2026-09-10 00:20:00","53acb8a13bf3760237000003"
"6a7ec36ebae18f073c234874","2026-09-01 23:59:49.331","2026-09-06 13:11:23.659","6a7ec36ebae18f073c234874","695daa775ed8364041e5da6b","[PREMIUM]","[PREMIUM]","[PREMIUM]","[PREMIUM]","[PREMIUM]","[2]","324","L","Upper Level End Zone","['11','12']","mobile","tm","tmqr",,"[PREMIUM]","[PREMIUM]","[]","2026-09-09 00:20:00","New England Patriots at Seattle Seahawks","nfl","2026-09-10 00:20:00","53acb8a13bf3760237000003"
"6a95ea1b58984a6d4edab6ab","2026-09-01 23:59:49.331","2026-09-01 23:59:49.331","6a95ea1b58984a6d4edab6ab","695daa775ed8364041e5da6b","[PREMIUM]","[PREMIUM]","[PREMIUM]","[PREMIUM]","[PREMIUM]","[2]","132","T","Charter","['6','7']","mobile","tm","tmqr",,"[PREMIUM]","[PREMIUM]","[]",,"New England Patriots at Seattle Seahawks","nfl","2026-09-10 00:20:00","53acb8a13bf3760237000003"
"6a8cc7393ad20fbcb2d59789","2026-09-01 23:59:49.331","2026-09-01 23:59:49.331","6a8cc7393ad20fbcb2d59789","695daa775ed8364041e5da6b","[PREMIUM]","[PREMIUM]","[PREMIUM]","[PREMIUM]","[PREMIUM]","[2]","310","P","Upper Level Sideline","['*','*']","mobile","tm","tmqr",,"[PREMIUM]","[PREMIUM]","[]","2026-09-08 00:00:00","New England Patriots at Seattle Seahawks","nfl","2026-09-10 00:20:00","53acb8a13bf3760237000003"
"6a8cd1d6d1da8eb571e950c2","2026-09-01 23:59:49.331","2026-09-04 06:40:32.170","6a8cd1d6d1da8eb571e950c2","695daa775ed8364041e5da6b","[PREMIUM]","[PREMIUM]","[PREMIUM]","[PREMIUM]","[PREMIUM]","[2]","119","F","Lower Level End Zone","['*','*']","mobile","tm","tmqr",,"[PREMIUM]","[PREMIUM]","[]","2026-09-08 00:00:00","New England Patriots at Seattle Seahawks","nfl","2026-09-10 00:20:00","53acb8a13bf3760237000003"
"6a8ccb68ddb46d1ba5aa234e","2026-09-01 23:59:49.331","2026-09-04 06:40:32.170","6a8ccb68ddb46d1ba5aa234e","695daa775ed8364041e5da6b","[PREMIUM]","[PREMIUM]","[PREMIUM]","[PREMIUM]","[PREMIUM]","[2]","150","Q","Section","['*','*']","mobile","tm","tmqr",,"[PREMIUM]","[PREMIUM]","[]","2026-09-08 00:00:00","New England Patriots at Seattle Seahawks","nfl","2026-09-10 00:20:00","53acb8a13bf3760237000003"
"6a8cc2f1358d08cca7281e73","2026-09-01 23:59:49.331","2026-09-01 23:59:49.331","6a8cc2f1358d08cca7281e73","695daa775ed8364041e5da6b","[PREMIUM]","[PREMIUM]","[PREMIUM]","[PREMIUM]","[PREMIUM]","[2]","138","R","Charter","['*','*']","mobile","tm","tmqr",,"[PREMIUM]","[PREMIUM]","[]","2026-09-08 00:00:00","New England Patriots at Seattle Seahawks","nfl","2026-09-10 00:20:00","53acb8a13bf3760237000003"
"6a8ccb11e905932640ba4506","2026-09-01 23:59:49.331","2026-09-04 06:40:32.170","6a8ccb11e905932640ba4506","695daa775ed8364041e5da6b","[PREMIUM]","[PREMIUM]","[PREMIUM]","[PREMIUM]","[PREMIUM]","[2]","133","M","Charter","['*','*']","mobile","tm","tmqr",,"[PREMIUM]","[PREMIUM]","[]","2026-09-08 00:00:00","New England Patriots at Seattle Seahawks","nfl","2026-09-10 00:20:00","53acb8a13bf3760237000003"
"6a8cbde5006c64609016108f","2026-09-01 23:59:49.331","2026-09-04 06:40:32.170","6a8cbde5006c64609016108f","695daa775ed8364041e5da6b","[PREMIUM]","[PREMIUM]","[PREMIUM]","[PREMIUM]","[PREMIUM]","[2]","329","S","Upper Level Corner","['*','*']","mobile","tm","tmqr",,"[PREMIUM]","[PREMIUM]","[]","2026-09-08 00:00:00","New England Patriots at Seattle Seahawks","nfl","2026-09-10 00:20:00","53acb8a13bf3760237000003"
"6a8cbd76d682ae7c58eb77cf","2026-09-01 23:59:49.331","2026-09-04 06:40:32.170","6a8cbd76d682ae7c58eb77cf","695daa775ed8364041e5da6b","[PREMIUM]","[PREMIUM]","[PREMIUM]","[PREMIUM]","[PREMIUM]","[2]","334","P","Upper Level Sideline","['*','*']","mobile","tm","tmqr",,"[PREMIUM]","[PREMIUM]","[]","2026-09-08 00:00:00","New England Patriots at Seattle Seahawks","nfl","2026-09-10 00:20:00","53acb8a13bf3760237000003"
"6a8ccdfc8ccef0578966bf2d","2026-09-01 23:59:49.331","2026-09-01 23:59:49.331","6a8ccdfc8ccef0578966bf2d","695daa775ed8364041e5da6b","[PREMIUM]","[PREMIUM]","[PREMIUM]","[PREMIUM]","[PREMIUM]","[2]","121","X","Lower Level End Zone","['*','*']","mobile","tm","tmqr",,"[PREMIUM]","[PREMIUM]","[]","2026-09-08 00:00:00","New England Patriots at Seattle Seahawks","nfl","2026-09-10 00:20:00","53acb8a13bf3760237000003"
"6a8cce1d3abfe573930924f9","2026-09-01 23:59:49.331","2026-09-03 03:23:48.445","6a8cce1d3abfe573930924f9","695daa775ed8364041e5da6b","[PREMIUM]","[PREMIUM]","[PREMIUM]","[PREMIUM]","[PREMIUM]","[2]","113","G","Lower Level Sideline","['*','*']","mobile","tm","tmqr",,"[PREMIUM]","[PREMIUM]","[]","2026-09-08 00:00:00","New England Patriots at Seattle Seahawks","nfl","2026-09-10 00:20:00","53acb8a13bf3760237000003"
"6a8cbeb911894ad06ca912e3","2026-09-01 23:59:49.331","2026-09-01 23:59:49.331","6a8cbeb911894ad06ca912e3","695daa775ed8364041e5da6b","[PREMIUM]","[PREMIUM]","[PREMIUM]","[PREMIUM]","[PREMIUM]","[2]","313","S","Upper Level Sideline","['*','*']","mobile","tm","tmqr",,"[PREMIUM]","[PREMIUM]","[]","2026-09-08 00:00:00","New England Patriots at Seattle Seahawks","nfl","2026-09-10 00:20:00","53acb8a13bf3760237000003"
"6a8cc5fcddb46d1ba5aa0b9d","2026-09-01 23:59:49.331","2026-09-01 23:59:49.331","6a8cc5fcddb46d1ba5aa0b9d","695daa775ed8364041e5da6b","[PREMIUM]","[PREMIUM]","[PREMIUM]","[PREMIUM]","[PREMIUM]","[2]","139","G","Lower Level Sideline","['*','*']","mobile","tm","tmqr",,"[PREMIUM]","[PREMIUM]","[]","2026-09-08 00:00:00","New England Patriots at Seattle Seahawks","nfl","2026-09-10 00:20:00","53acb8a13bf3760237000003"
"6a9646cab63dd3654f3d9166","2026-09-01 23:59:49.331","2026-09-01 23:59:49.331","6a9646cab63dd3654f3d9166","695daa775ed8364041e5da6b","[PREMIUM]","[PREMIUM]","[PREMIUM]","[PREMIUM]","[PREMIUM]","[2]","147","T","Section","['21','22']","mobile","tm","tmqr","great","[PREMIUM]","[PREMIUM]","[]",,"New England Patriots at Seattle Seahawks","nfl","2026-09-10 00:20:00","53acb8a13bf3760237000003"
"6a964af150a7985ec8585de8","2026-09-01 23:59:49.331","2026-09-03 03:23:48.445","6a964af150a7985ec8585de8","695daa775ed8364041e5da6b","[PREMIUM]","[PREMIUM]","[PREMIUM]","[PREMIUM]","[PREMIUM]","[2,4]","139","S","Lower Level Sideline","['15','16','17','18']","mobile","tm","tmqr",,"[PREMIUM]","[PREMIUM]","[]","2026-09-08 00:00:00","New England Patriots at Seattle Seahawks","nfl","2026-09-10 00:20:00","53acb8a13bf3760237000003"
"6a9764482924f336be3915bd","2026-09-01 23:59:49.331","2026-09-03 03:23:48.445","6a9764482924f336be3915bd","695daa775ed8364041e5da6b","[PREMIUM]","[PREMIUM]","[PREMIUM]","[PREMIUM]","[PREMIUM]","[2]","338","FF","Upper Level Sideline","['*','*']","mobile","tm","tmqr",,"[PREMIUM]","[PREMIUM]","[]","2026-09-08 00:00:00","New England Patriots at Seattle Seahawks","nfl","2026-09-10 00:20:00","53acb8a13bf3760237000003"
"6a97592a1f3957aa59e70e42","2026-09-01 23:59:49.331","2026-09-08 19:43:00.411","6a97592a1f3957aa59e70e42","695daa775ed8364041e5da6b","[PREMIUM]","[PREMIUM]","[PREMIUM]","[PREMIUM]","[PREMIUM]","[2]","102","AA","Lower Level Corner","['*','*']","mobile","tm","tmqr","great","[PREMIUM]","[PREMIUM]","[]",,"New England Patriots at Seattle Seahawks","nfl","2026-09-10 00:20:00","53acb8a13bf3760237000003"
"6a56895bfc3591cffa492a51","2026-09-01 23:59:49.331","2026-09-08 19:43:00.411","6a56895bfc3591cffa492a51","695daa775ed8364041e5da6b","[PREMIUM]","[PREMIUM]","[PREMIUM]","[PREMIUM]","[PREMIUM]","[1,2,3,4,5,6,8]","302","AA","Upper Level Corner","['1','2','3','4','5','6','7','8']","mobile","tm","tmqr",,"[PREMIUM]","[PREMIUM]","[]",,"New England Patriots at Seattle Seahawks","nfl","2026-09-10 00:20:00","53acb8a13bf3760237000003"
"6a5625e19db524acb942b336","2026-09-01 23:59:49.331","2026-09-03 03:23:48.445","6a5625e19db524acb942b336","695daa775ed8364041e5da6b","[PREMIUM]","[PREMIUM]","[PREMIUM]","[PREMIUM]","[PREMIUM]","[2]","311","N","Upper Level Sideline","['5','6']","mobile","tm","tmqr",,"[PREMIUM]","[PREMIUM]","[]","2026-09-09 00:20:00","New England Patriots at Seattle Seahawks","nfl","2026-09-10 00:20:00","53acb8a13bf3760237000003"
"6a84de1de171340fc44103cd","2026-09-01 23:59:49.331","2026-09-01 23:59:49.331","6a84de1de171340fc44103cd","695daa775ed8364041e5da6b","[PREMIUM]","[PREMIUM]","[PREMIUM]","[PREMIUM]","[PREMIUM]","[2]","310","D","Upper Level Sideline","['19','20']","mobile","tm","tmqr",,"[PREMIUM]","[PREMIUM]","[]","2026-09-09 00:20:00","New England Patriots at Seattle Seahawks","nfl","2026-09-10 00:20:00","53acb8a13bf3760237000003"
"6a8ef5adec79d30a0e6bc11c","2026-09-01 23:59:49.331","2026-09-04 06:40:32.170","6a8ef5adec79d30a0e6bc11c","695daa775ed8364041e5da6b","[PREMIUM]","[PREMIUM]","[PREMIUM]","[PREMIUM]","[PREMIUM]","[1,2,3,4]","123","Y","Lower Level End Zone","['3','4','5','6']","mobile","tm","tmqr",,"[PREMIUM]","[PREMIUM]","[]",,"New England Patriots at Seattle Seahawks","nfl","2026-09-10 00:20:00","53acb8a13bf3760237000003"
"6a961aa1b63dd3654f3d2209","2026-09-01 23:59:49.331","2026-09-03 03:23:48.445","6a961aa1b63dd3654f3d2209","695daa775ed8364041e5da6b","[PREMIUM]","[PREMIUM]","[PREMIUM]","[PREMIUM]","[PREMIUM]","[2]","127","P","Lower Level Corner","['*','*']","mobile","tm","tmqr",,"[PREMIUM]","[PREMIUM]","[]","2026-09-08 00:00:00","New England Patriots at Seattle Seahawks","nfl","2026-09-10 00:20:00","53acb8a13bf3760237000003"
"6a8cda32eb2c57daea0d4e9c","2026-09-01 23:59:49.331","2026-09-01 23:59:49.331","6a8cda32eb2c57daea0d4e9c","695daa775ed8364041e5da6b","[PREMIUM]","[PREMIUM]","[PREMIUM]","[PREMIUM]","[PREMIUM]","[2]","339","P","Upper Level Sideline","['*','*']","mobile","tm","tmqr",,"[PREMIUM]","[PREMIUM]","[]","2026-09-08 00:00:00","New England Patriots at Seattle Seahawks","nfl","2026-09-10 00:20:00","53acb8a13bf3760237000003"
"6a8cdaeaccc35ae72a5fac17","2026-09-01 23:59:49.331","2026-09-04 06:40:32.170","6a8cdaeaccc35ae72a5fac17","695daa775ed8364041e5da6b","[PREMIUM]","[PREMIUM]","[PREMIUM]","[PREMIUM]","[PREMIUM]","[2]","333","Q","Upper Level Sideline","['*','*']","mobile","tm","tmqr",,"[PREMIUM]","[PREMIUM]","[]","2026-09-08 00:00:00","New England Patriots at Seattle Seahawks","nfl","2026-09-10 00:20:00","53acb8a13bf3760237000003"
"6a8cdb2ad682ae7c58ebdc2c","2026-09-01 23:59:49.331","2026-09-03 03:23:48.445","6a8cdb2ad682ae7c58ebdc2c","695daa775ed8364041e5da6b","[PREMIUM]","[PREMIUM]","[PREMIUM]","[PREMIUM]","[PREMIUM]","[2]","151","F","Lower Level Corner","['*','*']","mobile","tm","tmqr",,"[PREMIUM]","[PREMIUM]","[]","2026-09-08 00:00:00","New England Patriots at Seattle Seahawks","nfl","2026-09-10 00:20:00","53acb8a13bf3760237000003"
"6a8cd6bba5cb7f24df459c6d","2026-09-01 23:59:49.331","2026-09-03 03:23:48.445","6a8cd6bba5cb7f24df459c6d","695daa775ed8364041e5da6b","[PREMIUM]","[PREMIUM]","[PREMIUM]","[PREMIUM]","[PREMIUM]","[2]","317","R","Upper Level Corner","['*','*']","mobile","tm","tmqr",,"[PREMIUM]","[PREMIUM]","[]","2026-09-08 00:00:00","New England Patriots at Seattle Seahawks","nfl","2026-09-10 00:20:00","53acb8a13bf3760237000003"
"6a9303f8eb50cc1c327ca359","2026-09-01 23:59:49.331","2026-09-03 03:23:48.445","6a9303f8eb50cc1c327ca359","695daa775ed8364041e5da6b","[PREMIUM]","[PREMIUM]","[PREMIUM]","[PREMIUM]","[PREMIUM]","[2]","116","GG","Lower Level Corner","['*','*']","mobile","tm","tmqr",,"[PREMIUM]","[PREMIUM]","[]","2026-09-08 00:00:00","New England Patriots at Seattle Seahawks","nfl","2026-09-10 00:20:00","53acb8a13bf3760237000003"
"6a92f7ec0e0cb851aa896281","2026-09-01 23:59:49.331","2026-09-03 03:23:48.445","6a92f7ec0e0cb851aa896281","695daa775ed8364041e5da6b","[PREMIUM]","[PREMIUM]","[PREMIUM]","[PREMIUM]","[PREMIUM]","[2]","305","I","Upper Level Sideline","['*','*']","mobile","tm","tmqr",,"[PREMIUM]","[PREMIUM]","[]","2026-09-08 00:00:00","New England Patriots at Seattle Seahawks","nfl","2026-09-10 00:20:00","53acb8a13bf3760237000003"
"6a930323899e233734dfbab4","2026-09-01 23:59:49.331","2026-09-03 03:23:48.445","6a930323899e233734dfbab4","695daa775ed8364041e5da6b","[PREMIUM]","[PREMIUM]","[PREMIUM]","[PREMIUM]","[PREMIUM]","[2]","313","D","Upper Level Sideline","['7','8']","mobile","tm","tmqr",,"[PREMIUM]","[PREMIUM]","[]","2026-09-09 00:20:00","New England Patriots at Seattle Seahawks","nfl","2026-09-10 00:20:00","53acb8a13bf3760237000003"
"6a952ca241e3f2cb650baf47","2026-09-01 23:59:49.331","2026-09-01 23:59:49.331","6a952ca241e3f2cb650baf47","695daa775ed8364041e5da6b","[PREMIUM]","[PREMIUM]","[PREMIUM]","[PREMIUM]","[PREMIUM]","[2]","342","N","Upper Level Corner","['*','*']","mobile","tm","tmqr",,"[PREMIUM]","[PREMIUM]","[]","2026-09-08 00:00:00","New England Patriots at Seattle Seahawks","nfl","2026-09-10 00:20:00","53acb8a13bf3760237000003"
"6a9719dc2924f336be51d4da","2026-09-01 23:59:49.331","2026-09-01 23:59:49.331","6a9719dc2924f336be51d4da","695daa775ed8364041e5da6b","[PREMIUM]","[PREMIUM]","[PREMIUM]","[PREMIUM]","[PREMIUM]","[2]","137","L","Charter","['11','12']","mobile","tm","tmqr",,"[PREMIUM]","[PREMIUM]","[]","2026-09-09 00:00:00","New England Patriots at Seattle Seahawks","nfl","2026-09-10 00:20:00","53acb8a13bf3760237000003"
"6a9719fed46aaebe3cf0e420","2026-09-01 23:59:49.331","2026-09-01 23:59:49.331","6a9719fed46aaebe3cf0e420","695daa775ed8364041e5da6b","[PREMIUM]","[PREMIUM]","[PREMIUM]","[PREMIUM]","[PREMIUM]","[2]","237","N","Club","['*','*']","mobile","tm","tmqr",,"[PREMIUM]","[PREMIUM]","[]","2026-09-08 00:00:00","New England Patriots at Seattle Seahawks","nfl","2026-09-10 00:20:00","53acb8a13bf3760237000003"
"6a971eb3eba0965f9203cff4","2026-09-01 23:59:49.331","2026-09-01 23:59:49.331","6a971eb3eba0965f9203cff4","695daa775ed8364041e5da6b","[PREMIUM]","[PREMIUM]","[PREMIUM]","[PREMIUM]","[PREMIUM]","[2]","214","K","Middle Level","['*','*']","mobile","tm","tmqr","amazing","[PREMIUM]","[PREMIUM]","[]","2026-09-08 00:00:00","New England Patriots at Seattle Seahawks","nfl","2026-09-10 00:20:00","53acb8a13bf3760237000003"
"6a971a7758984a6d4edd791c","2026-09-01 23:59:49.331","2026-09-05 09:47:24.129","6a971a7758984a6d4edd791c","695daa775ed8364041e5da6b","[PREMIUM]","[PREMIUM]","[PREMIUM]","[PREMIUM]","[PREMIUM]","[1,2,3,4]","340","FF","Upper Level Sideline","['5','6','7','8']","mobile","tm","tmqr","great","[PREMIUM]","[PREMIUM]","[]","2026-09-08 00:00:00","New England Patriots at Seattle Seahawks","nfl","2026-09-10 00:20:00","53acb8a13bf3760237000003"
"6a971a9f50a7985ec85a0096","2026-09-01 23:59:49.331","2026-09-05 09:47:24.129","6a971a9f50a7985ec85a0096","695daa775ed8364041e5da6b","[PREMIUM]","[PREMIUM]","[PREMIUM]","[PREMIUM]","[PREMIUM]","[1,2,3]","211","F","Club","['9','10','11']","mobile","tm","tmqr",,"[PREMIUM]","[PREMIUM]","[]","2026-09-08 00:00:00","New England Patriots at Seattle Seahawks","nfl","2026-09-10 00:20:00","53acb8a13bf3760237000003"
"6a96b14018a5728cd862a989","2026-09-01 23:59:47.986","2026-09-01 23:59:47.986","6a96b14018a5728cd862a989","6908f59cfa134ee1ed196ef1","[PREMIUM]","[PREMIUM]","[PREMIUM]","[PREMIUM]","[PREMIUM]","[1,2,3,4]","551","35","Upper","['334','335','336','337']","mobile","tm","tmqr","cheapest","[PREMIUM]","[PREMIUM]","['limited_view']","2026-09-08 00:00:00","Bon Jovi","music","2026-09-09 21:00:00","631bc3a9453fbb00011cd54f"
"6a971dfe2924f336be4800a7","2026-09-01 23:59:47.986","2026-09-01 23:59:47.986","6a971dfe2924f336be4800a7","6908f59cfa134ee1ed196ef1","[PREMIUM]","[PREMIUM]","[PREMIUM]","[PREMIUM]","[PREMIUM]","[1,2]","123","18","Lower","['*','*']","mobile","tm","tmqr","great","[PREMIUM]","[PREMIUM]","[]","2026-09-08 00:00:00","Bon Jovi","music","2026-09-09 21:00:00","631bc3a9453fbb00011cd54f"
"6a970193eba0965f92038cd0","2026-09-01 23:59:46.896","2026-09-05 09:47:21.286","6a970193eba0965f92038cd0","68afa0ab3edac2b884b8daf7","[PREMIUM]","[PREMIUM]","[PREMIUM]","[PREMIUM]","[PREMIUM]","[2]","207","A","Middle","['*','*']","mobile","my_pro_venue","tmqr","great","[PREMIUM]","[PREMIUM]","[]","2026-09-07 00:00:00","Binghamton Rumble Ponies at Portland Sea Dogs","milb","2026-09-09 22:00:00","66b66fce2b763ca71ee645d6"
"6a974eb447d23c91166ed0e6","2026-09-01 23:59:46.713","2026-09-03 03:23:46.725","6a974eb447d23c91166ed0e6","689cd865b1b46959a782631b","[PREMIUM]","[PREMIUM]","[PREMIUM]","[PREMIUM]","[PREMIUM]","[2,4]","2","F3",,"['*','*','*','*']","mobile","tm","tmqr",,"[PREMIUM]","[PREMIUM]","[]","2026-09-08 00:00:00","Jabbawockeez","theater","2026-09-10 00:30:00","65d922171e8767f8399758d2"
"6a963f1040d82c81e4515ba4","2026-09-01 23:59:46.713","2026-09-06 13:11:22.171","6a963f1040d82c81e4515ba4","689cd865b1b46959a782631b","[PREMIUM]","[PREMIUM]","[PREMIUM]","[PREMIUM]","[PREMIUM]","[1,2,3,4]","2","E1",,"['*','*','*','*']","mobile","tm","tmqr",,"[PREMIUM]","[PREMIUM]","[]","2026-09-08 00:00:00","Jabbawockeez","theater","2026-09-10 00:30:00","65d922171e8767f8399758d2"
"6a963f0fd44593b3e9978758","2026-09-01 23:59:46.713","2026-09-01 23:59:46.713","6a963f0fd44593b3e9978758","689cd865b1b46959a782631b","[PREMIUM]","[PREMIUM]","[PREMIUM]","[PREMIUM]","[PREMIUM]","[1,2,3,4,5,6,8]","3","L6",,"['*','*','*','*','*','*','*','*']","mobile","tm","tmqr",,"[PREMIUM]","[PREMIUM]","[]","2026-09-08 00:00:00","Jabbawockeez","theater","2026-09-10 00:30:00","65d922171e8767f8399758d2"
"6a96d576d7c0782d1d498b42","2026-09-01 23:59:45.905","2026-09-01 23:59:45.905","6a96d576d7c0782d1d498b42","68fc1b6212856ce41fa4c78a","[PREMIUM]","[PREMIUM]","[PREMIUM]","[PREMIUM]","[PREMIUM]","[2]","E9","9","Section","['*','*']","mobile","tm","tmqr","amazing","[PREMIUM]","[PREMIUM]","[]","2026-09-08 00:00:00","Colin Cloud","other","2026-09-10 01:00:00","65f200855af108e82a8c4c7a"
"6a96d57feba0965f92031c53","2026-09-01 23:59:45.818","2026-09-01 23:59:45.818","6a96d57feba0965f92031c53","68daed97b6980b1a3d790d2c","[PREMIUM]","[PREMIUM]","[PREMIUM]","[PREMIUM]","[PREMIUM]","[2,3,4,6]","101","K","Lower","['*','*','*','*','*','*']","mobile","tm","tmqr",,"[PREMIUM]","[PREMIUM]","[]","2026-09-08 00:00:00","Cirque du Soleil KA","theater","2026-09-10 01:00:00","62cdd6c24e408a00016016cb"
"6a75436bfabca87a0ebaec4f","2026-09-01 23:59:45.548","2026-09-01 23:59:45.548","6a75436bfabca87a0ebaec4f","6981777e2c9adb7c2f98dd40","[PREMIUM]","[PREMIUM]","[PREMIUM]","[PREMIUM]","[PREMIUM]","[1,2]","GA","GA","General Admission","['*','*']","mobile","tm","tmqr","cheapest","[PREMIUM]","[PREMIUM]","['standing_room']","2026-09-08 00:00:00","Godsmack","music","2026-09-10 00:00:00","66bbdd36c47689b595595238"
"6a96d47247d23c91166da00a","2026-09-01 23:59:44.824","2026-09-01 23:59:44.824","6a96d47247d23c91166da00a","6a31f24866f193873021ced7","[PREMIUM]","[PREMIUM]","[PREMIUM]","[PREMIUM]","[PREMIUM]","[2,3,4,6]","FLOOR","GA",,"['*','*','*','*','*','*']","mobile","tm","tmqr","great","[PREMIUM]","[PREMIUM]","['standing_room']","2026-09-08 00:00:00","Elevation Rhythm","music","2026-09-09 22:00:00","578ffca0f80c412206b11457"
"6a974de22924f336beac939d","2026-09-01 23:59:44.824","2026-09-01 23:59:44.824","6a974de22924f336beac939d","6a31f24866f193873021ced7","[PREMIUM]","[PREMIUM]","[PREMIUM]","[PREMIUM]","[PREMIUM]","[1,2]","B1","C","Box","['*','*']","mobile","tm","tmqr","amazing","[PREMIUM]","[PREMIUM]","[]","2026-09-08 00:00:00","Elevation Rhythm","music","2026-09-09 22:00:00","578ffca0f80c412206b11457"
"6a974ddf2924f336beabf15b","2026-09-01 23:59:44.824","2026-09-04 06:40:27.707","6a974ddf2924f336beabf15b","6a31f24866f193873021ced7","[PREMIUM]","[PREMIUM]","[PREMIUM]","[PREMIUM]","[PREMIUM]","[1,2,3,4]","B6","F","Box","['*','*','*','*']","mobile","tm","tmqr","great","[PREMIUM]","[PREMIUM]","[]","2026-09-08 00:00:00","Elevation Rhythm","music","2026-09-09 22:00:00","578ffca0f80c412206b11457"
"6a974dca2924f336bea6ca2d","2026-09-01 23:59:44.824","2026-09-04 06:40:27.707","6a974dca2924f336bea6ca2d","6a31f24866f193873021ced7","[PREMIUM]","[PREMIUM]","[PREMIUM]","[PREMIUM]","[PREMIUM]","[2]","B2","C","Box","['*','*']","mobile","tm","tmqr","amazing","[PREMIUM]","[PREMIUM]","[]","2026-09-08 00:00:00","Elevation Rhythm","music","2026-09-09 22:00:00","578ffca0f80c412206b11457"
"6a974dfa2924f336beb1d74e","2026-09-01 23:59:44.824","2026-09-03 03:23:43.750","6a974dfa2924f336beb1d74e","6a31f24866f193873021ced7","[PREMIUM]","[PREMIUM]","[PREMIUM]","[PREMIUM]","[PREMIUM]","[1,2]","B3","A","Box","['*','*']","mobile","tm","tmqr","amazing","[PREMIUM]","[PREMIUM]","[]","2026-09-08 00:00:00","Elevation Rhythm","music","2026-09-09 22:00:00","578ffca0f80c412206b11457"
"6a96f88296b47a3ce332828d","2026-09-01 23:59:44.824","2026-09-01 23:59:44.824","6a96f88296b47a3ce332828d","6a31f24866f193873021ced7","[PREMIUM]","[PREMIUM]","[PREMIUM]","[PREMIUM]","[PREMIUM]","[2]","B4","D","Box","['*','*']","mobile","tm","tmqr","amazing","[PREMIUM]","[PREMIUM]","[]","2026-09-08 00:00:00","Elevation Rhythm","music","2026-09-09 22:00:00","578ffca0f80c412206b11457"
"6a96f8827a2d69847413059c","2026-09-01 23:59:44.824","2026-09-01 23:59:44.824","6a96f8827a2d69847413059c","6a31f24866f193873021ced7","[PREMIUM]","[PREMIUM]","[PREMIUM]","[PREMIUM]","[PREMIUM]","[2]","B1","A","Box","['*','*']","mobile","tm","tmqr","great","[PREMIUM]","[PREMIUM]","[]","2026-09-08 00:00:00","Elevation Rhythm","music","2026-09-09 22:00:00","578ffca0f80c412206b11457"
"6a96f882041fa5d3cad49368","2026-09-01 23:59:44.824","2026-09-01 23:59:44.824","6a96f882041fa5d3cad49368","6a31f24866f193873021ced7","[PREMIUM]","[PREMIUM]","[PREMIUM]","[PREMIUM]","[PREMIUM]","[2]","B2","A","Box","['*','*']","mobile","tm","tmqr","great","[PREMIUM]","[PREMIUM]","[]","2026-09-08 00:00:00","Elevation Rhythm","music","2026-09-09 22:00:00","578ffca0f80c412206b11457"
"6a970c71bd7087abe0096ceb","2026-09-01 23:59:44.824","2026-09-06 13:11:19.334","6a970c71bd7087abe0096ceb","6a31f24866f193873021ced7","[PREMIUM]","[PREMIUM]","[PREMIUM]","[PREMIUM]","[PREMIUM]","[2]","STD","B","Stadium","['319','320']","mobile","tm","tmqr","super","[PREMIUM]","[PREMIUM]","[]","2026-09-07 00:00:00","Elevation Rhythm","music","2026-09-09 22:00:00","578ffca0f80c412206b11457"
"6a8cd72f059b085967947c15","2026-09-01 23:59:44.824","2026-09-01 23:59:44.824","6a8cd72f059b085967947c15","6a31f24866f193873021ced7","[PREMIUM]","[PREMIUM]","[PREMIUM]","[PREMIUM]","[PREMIUM]","[1,2,4,6]","STD","G","Stadium","['*','*','*','*','*','*']","mobile","tm","tmqr","great","[PREMIUM]","[PREMIUM]","[]","2026-09-07 00:00:00","Elevation Rhythm","music","2026-09-09 22:00:00","578ffca0f80c412206b11457"
"6a960a3772dbecb23bb66609","2026-09-01 23:59:44.706","2026-09-01 23:59:44.706","6a960a3772dbecb23bb66609","6a0a2445c4dfaa43eabe4eec","[PREMIUM]","[PREMIUM]","[PREMIUM]","[PREMIUM]","[PREMIUM]","[1,2]","MIDDLE","U",,"['*','*']","electronic",,"tmqr","cheapest","[PREMIUM]","[PREMIUM]","[]","2026-09-09 00:00:00","Michael Blaustein","comedy","2026-09-10 01:00:00","6377e6ae4616f90001f737cf"
"6a271ac3d050b85c22788e7f","2026-09-01 23:59:43.844","2026-09-06 13:11:18.354","6a271ac3d050b85c22788e7f","68af6daf0322779c79d27e2c","[PREMIUM]","[PREMIUM]","[PREMIUM]","[PREMIUM]","[PREMIUM]","[1,2,3,5]","112","G","Lower","['7','8','9','10','11']","mobile","my_pro_venue","tmqr",,"[PREMIUM]","[PREMIUM]","[]","2026-09-07 00:00:00","Harrisburg Senators at New Hampshire Fisher Cats","milb","2026-09-09 22:03:00","66db7c94fedabbac75fbe94a"
"6a07600a8588378c2a79bc8f","2026-09-01 23:59:43.844","2026-09-08 19:42:49.458","6a07600a8588378c2a79bc8f","68af6daf0322779c79d27e2c","[PREMIUM]","[PREMIUM]","[PREMIUM]","[PREMIUM]","[PREMIUM]","[1,2,3,4,5,6,7,8,10]","103","R","Lower","['*','*','*','*','*','*','*','*','*','*']","mobile","my_pro_venue","tmqr",,"[PREMIUM]","[PREMIUM]","[]",,"Harrisburg Senators at New Hampshire Fisher Cats","milb","2026-09-09 22:03:00","66db7c94fedabbac75fbe94a"
"6a96a7a22924f336bef45739","2026-09-01 23:59:43.844","2026-09-04 06:40:26.612","6a96a7a22924f336bef45739","68af6daf0322779c79d27e2c","[PREMIUM]","[PREMIUM]","[PREMIUM]","[PREMIUM]","[PREMIUM]","[2]","109","A","Lower","['*','*']","mobile","my_pro_venue","tmqr","great","[PREMIUM]","[PREMIUM]","[]","2026-09-07 00:00:00","Harrisburg Senators at New Hampshire Fisher Cats","milb","2026-09-09 22:03:00","66db7c94fedabbac75fbe94a"
"6a96a7a22924f336bef4572a","2026-09-01 23:59:43.844","2026-09-04 06:40:26.612","6a96a7a22924f336bef4572a","68af6daf0322779c79d27e2c","[PREMIUM]","[PREMIUM]","[PREMIUM]","[PREMIUM]","[PREMIUM]","[1,2,3,4,5,6,7,8,10]","104","K","Lower","['*','*','*','*','*','*','*','*','*','*']","mobile","my_pro_venue","tmqr",,"[PREMIUM]","[PREMIUM]","[]","2026-09-07 00:00:00","Harrisburg Senators at New Hampshire Fisher Cats","milb","2026-09-09 22:03:00","66db7c94fedabbac75fbe94a"
"6a96a79f2924f336bef3ed8f","2026-09-01 23:59:43.844","2026-09-04 06:40:26.612","6a96a79f2924f336bef3ed8f","68af6daf0322779c79d27e2c","[PREMIUM]","[PREMIUM]","[PREMIUM]","[PREMIUM]","[PREMIUM]","[1,2,3,4,5,6,7,8,10]","102","S","Lower","['*','*','*','*','*','*','*','*','*','*']","mobile","my_pro_venue","tmqr","super","[PREMIUM]","[PREMIUM]","[]","2026-09-07 00:00:00","Harrisburg Senators at New Hampshire Fisher Cats","milb","2026-09-09 22:03:00","66db7c94fedabbac75fbe94a"
"6a96a79f2924f336bef3ed6c","2026-09-01 23:59:43.844","2026-09-04 06:40:26.612","6a96a79f2924f336bef3ed6c","68af6daf0322779c79d27e2c","[PREMIUM]","[PREMIUM]","[PREMIUM]","[PREMIUM]","[PREMIUM]","[1,2,3,4,5,6,7,8,10]","104","Q","Lower","['*','*','*','*','*','*','*','*','*','*']","mobile","my_pro_venue","tmqr",,"[PREMIUM]","[PREMIUM]","[]","2026-09-07 00:00:00","Harrisburg Senators at New Hampshire Fisher Cats","milb","2026-09-09 22:03:00","66db7c94fedabbac75fbe94a"
"6a96a78e2924f336bef1dcb3","2026-09-01 23:59:43.844","2026-09-04 06:40:26.612","6a96a78e2924f336bef1dcb3","68af6daf0322779c79d27e2c","[PREMIUM]","[PREMIUM]","[PREMIUM]","[PREMIUM]","[PREMIUM]","[1,2,3,4,5,6,7,8,10]","108","Q","Lower","['*','*','*','*','*','*','*','*','*','*']","mobile","my_pro_venue","tmqr",,"[PREMIUM]","[PREMIUM]","[]","2026-09-07 00:00:00","Harrisburg Senators at New Hampshire Fisher Cats","milb","2026-09-09 22:03:00","66db7c94fedabbac75fbe94a"
"6a878c70cffaf86160e6919f","2026-09-01 23:59:43.844","2026-09-04 06:40:26.612","6a878c70cffaf86160e6919f","68af6daf0322779c79d27e2c","[PREMIUM]","[PREMIUM]","[PREMIUM]","[PREMIUM]","[PREMIUM]","[1,2,3,4,5,6,7,8]","110","S","Lower","['*','*','*','*','*','*','*','*']","mobile","my_pro_venue","tmqr",,"[PREMIUM]","[PREMIUM]","[]","2026-09-08 00:00:00","Harrisburg Senators at New Hampshire Fisher Cats","milb","2026-09-09 22:03:00","66db7c94fedabbac75fbe94a"
"6a973ec52924f336be6b5054","2026-09-01 23:59:43.844","2026-09-04 06:40:26.612","6a973ec52924f336be6b5054","68af6daf0322779c79d27e2c","[PREMIUM]","[PREMIUM]","[PREMIUM]","[PREMIUM]","[PREMIUM]","[2,4]","104","C","Lower","['*','*','*','*']","mobile","my_pro_venue","tmqr","amazing","[PREMIUM]","[PREMIUM]","[]","2026-09-07 00:00:00","Harrisburg Senators at New Hampshire Fisher Cats","milb","2026-09-09 22:03:00","66db7c94fedabbac75fbe94a"
"6a973ec92924f336be6c5550","2026-09-01 23:59:43.844","2026-09-04 06:40:26.612","6a973ec92924f336be6c5550","68af6daf0322779c79d27e2c","[PREMIUM]","[PREMIUM]","[PREMIUM]","[PREMIUM]","[PREMIUM]","[2,4]","110","M","Lower","['*','*','*','*']","mobile","my_pro_venue","tmqr","amazing","[PREMIUM]","[PREMIUM]","[]","2026-09-07 00:00:00","Harrisburg Senators at New Hampshire Fisher Cats","milb","2026-09-09 22:03:00","66db7c94fedabbac75fbe94a"
"69b8681ef6fbc8b3549646dd","2026-09-01 23:59:43.844","2026-09-06 13:11:18.354","69b8681ef6fbc8b3549646dd","68af6daf0322779c79d27e2c","[PREMIUM]","[PREMIUM]","[PREMIUM]","[PREMIUM]","[PREMIUM]","[2,4]","113","G","Lower","['5','6','7','8']","mobile","my_pro_venue","tmqr","amazing","[PREMIUM]","[PREMIUM]","[]","2026-09-07 00:00:00","Harrisburg Senators at New Hampshire Fisher Cats","milb","2026-09-09 22:03:00","66db7c94fedabbac75fbe94a"
"6a96fcdeeba0965f9203810d","2026-09-01 23:59:43.830","2026-09-01 23:59:43.830","6a96fcdeeba0965f9203810d","6a56a49d40a1c1b3b4c66edf","[PREMIUM]","[PREMIUM]","[PREMIUM]","[PREMIUM]","[PREMIUM]","[1,2,3,4,6]","107","J","Lower","['*','*','*','*','*','*']","mobile",,"tmqr",,"[PREMIUM]","[PREMIUM]","[]","2026-09-08 00:00:00","Stetson Hatters at UCF Knights Womens Volleyball","vball","2026-09-09 22:00:00","66aab2d55b3b38a839b78845"
"6a7a3e47f902b111e268ed71","2026-09-01 23:59:43.830","2026-09-01 23:59:43.830","6a7a3e47f902b111e268ed71","6a56a49d40a1c1b3b4c66edf","[PREMIUM]","[PREMIUM]","[PREMIUM]","[PREMIUM]","[PREMIUM]","[2]","108","B","Lower","['*','*']","mobile",,"tmqr",,"[PREMIUM]","[PREMIUM]","[]","2026-09-08 00:00:00","Stetson Hatters at UCF Knights Womens Volleyball","vball","2026-09-09 22:00:00","66aab2d55b3b38a839b78845"
"6a97538b1de3379052969c38","2026-09-01 23:59:43.830","2026-09-03 03:23:42.540","6a97538b1de3379052969c38","6a56a49d40a1c1b3b4c66edf","[PREMIUM]","[PREMIUM]","[PREMIUM]","[PREMIUM]","[PREMIUM]","[2,4]","103","C","Lower","['*','*','*','*']","mobile",,"tmqr","amazing","[PREMIUM]","[PREMIUM]","[]","2026-09-08 00:00:00","Stetson Hatters at UCF Knights Womens Volleyball","vball","2026-09-09 22:00:00","66aab2d55b3b38a839b78845"
"6a96ef961176448f05b906b7","2026-09-01 23:59:43.627","2026-09-01 23:59:43.627","6a96ef961176448f05b906b7","6a3c369da36986d6bff2ed61","[PREMIUM]","[PREMIUM]","[PREMIUM]","[PREMIUM]","[PREMIUM]","[2]","GA","GA","General Admission","['*','*']","mobile","text","tmqr","cheapest","[PREMIUM]","[PREMIUM]","[]","2026-09-08 00:00:00","Mike D","music","2026-09-09 22:00:00","64b7194bcd4cfd0001cc4522"
"6a96d2feda3ea8819825e1b7","2026-09-01 23:59:42.868","2026-09-01 23:59:42.868","6a96d2feda3ea8819825e1b7","69247b28553e36f03ef8b846","[PREMIUM]","[PREMIUM]","[PREMIUM]","[PREMIUM]","[PREMIUM]","[2]","FLRL","7","Floor","['*','*']","mobile","tm","tmqr",,"[PREMIUM]","[PREMIUM]","[]","2026-09-08 00:00:00","Guns N Roses","music","2026-09-09 23:25:00","5d9f4ea483e7d2003a7aa81a"
"6a96d09e2924f336bee0e216","2026-09-01 23:59:42.868","2026-09-01 23:59:42.868","6a96d09e2924f336bee0e216","69247b28553e36f03ef8b846","[PREMIUM]","[PREMIUM]","[PREMIUM]","[PREMIUM]","[PREMIUM]","[2]","215","6","Middle","['*','*']","mobile","tm","tmqr",,"[PREMIUM]","[PREMIUM]","[]","2026-09-09 00:00:00","Guns N Roses","music","2026-09-09 23:25:00","5d9f4ea483e7d2003a7aa81a"
"6a96d0a22924f336bee18678","2026-09-01 23:59:42.868","2026-09-07 16:29:38.193","6a96d0a22924f336bee18678","69247b28553e36f03ef8b846","[PREMIUM]","[PREMIUM]","[PREMIUM]","[PREMIUM]","[PREMIUM]","[2]","306","2","Upper","['*','*']","mobile","tm","tmqr",,"[PREMIUM]","[PREMIUM]","[]","2026-09-09 00:00:00","Guns N Roses","music","2026-09-09 23:25:00","5d9f4ea483e7d2003a7aa81a"
"6a96d0a22924f336bee182b7","2026-09-01 23:59:42.868","2026-09-04 06:40:25.567","6a96d0a22924f336bee182b7","69247b28553e36f03ef8b846","[PREMIUM]","[PREMIUM]","[PREMIUM]","[PREMIUM]","[PREMIUM]","[2]","223","8","Middle","['*','*']","mobile","tm","tmqr",,"[PREMIUM]","[PREMIUM]","[]","2026-09-09 00:00:00","Guns N Roses","music","2026-09-09 23:25:00","5d9f4ea483e7d2003a7aa81a"
"6a96d0a52924f336bee2198d","2026-09-01 23:59:42.868","2026-09-01 23:59:42.868","6a96d0a52924f336bee2198d","69247b28553e36f03ef8b846","[PREMIUM]","[PREMIUM]","[PREMIUM]","[PREMIUM]","[PREMIUM]","[2]","307","1","Upper","['*','*']","mobile","tm","tmqr",,"[PREMIUM]","[PREMIUM]","[]","2026-09-09 00:00:00","Guns N Roses","music","2026-09-09 23:25:00","5d9f4ea483e7d2003a7aa81a"
"6a9390f16bc22c0d6e9ace00","2026-09-01 23:59:42.868","2026-09-03 03:23:41.654","6a9390f16bc22c0d6e9ace00","69247b28553e36f03ef8b846","[PREMIUM]","[PREMIUM]","[PREMIUM]","[PREMIUM]","[PREMIUM]","[2]","110","4","Lower","['4','5']","mobile","tm","tmqr",,"[PREMIUM]","[PREMIUM]","[]","2026-09-08 23:25:00","Guns N Roses","music","2026-09-09 23:25:00","5d9f4ea483e7d2003a7aa81a"
"6a9727e007c7ce8410f4cd33","2026-09-01 23:59:42.868","2026-09-01 23:59:42.868","6a9727e007c7ce8410f4cd33","69247b28553e36f03ef8b846","[PREMIUM]","[PREMIUM]","[PREMIUM]","[PREMIUM]","[PREMIUM]","[2,4]","14","15","Grandstand","['*','*','*','*']","mobile","tm","tmqr",,"[PREMIUM]","[PREMIUM]","[]","2026-09-07 00:00:00","Guns N Roses","music","2026-09-09 23:25:00","5d9f4ea483e7d2003a7aa81a"
"6a9727c73ef569d553e76710","2026-09-01 23:59:42.868","2026-09-01 23:59:42.868","6a9727c73ef569d553e76710","69247b28553e36f03ef8b846","[PREMIUM]","[PREMIUM]","[PREMIUM]","[PREMIUM]","[PREMIUM]","[2,4]","209","5","Middle","['*','*','*','*']","mobile","tm","tmqr",,"[PREMIUM]","[PREMIUM]","[]","2026-09-07 00:00:00","Guns N Roses","music","2026-09-09 23:25:00","5d9f4ea483e7d2003a7aa81a"
"6a97254bf601c8450f3c930e","2026-09-01 23:59:42.868","2026-09-01 23:59:42.868","6a97254bf601c8450f3c930e","69247b28553e36f03ef8b846","[PREMIUM]","[PREMIUM]","[PREMIUM]","[PREMIUM]","[PREMIUM]","[2]","304","7","Upper","['*','*']","mobile","tm","tmqr",,"[PREMIUM]","[PREMIUM]","[]","2026-09-07 00:00:00","Guns N Roses","music","2026-09-09 23:25:00","5d9f4ea483e7d2003a7aa81a"
"6a972a7018a5728cd863c549","2026-09-01 23:59:42.868","2026-09-01 23:59:42.868","6a972a7018a5728cd863c549","69247b28553e36f03ef8b846","[PREMIUM]","[PREMIUM]","[PREMIUM]","[PREMIUM]","[PREMIUM]","[2]","125","4","Lower","['9','10']","mobile","tm","tmqr","amazing","[PREMIUM]","[PREMIUM]","[]","2026-09-08 00:00:00","Guns N Roses","music","2026-09-09 23:25:00","5d9f4ea483e7d2003a7aa81a"
"6a9599502924f336bef3ca3d","2026-09-01 23:59:42.868","2026-09-01 23:59:42.868","6a9599502924f336bef3ca3d","69247b28553e36f03ef8b846","[PREMIUM]","[PREMIUM]","[PREMIUM]","[PREMIUM]","[PREMIUM]","[2]","125","13","Lower","['*','*']","mobile","tm","tmqr",,"[PREMIUM]","[PREMIUM]","[]","2026-09-08 00:00:00","Guns N Roses","music","2026-09-09 23:25:00","5d9f4ea483e7d2003a7aa81a"
"6a95a5fa4f2f8d8449e4786e","2026-09-01 23:59:42.868","2026-09-01 23:59:42.868","6a95a5fa4f2f8d8449e4786e","69247b28553e36f03ef8b846","[PREMIUM]","[PREMIUM]","[PREMIUM]","[PREMIUM]","[PREMIUM]","[2]","FLRN","2","Floor","['*','*']","mobile","tm","tmqr",,"[PREMIUM]","[PREMIUM]","[]","2026-09-07 00:00:00","Guns N Roses","music","2026-09-09 23:25:00","5d9f4ea483e7d2003a7aa81a"
"6a88ce8bad3bfb8228088c9c","2026-09-01 23:59:42.868","2026-09-01 23:59:42.868","6a88ce8bad3bfb8228088c9c","69247b28553e36f03ef8b846","[PREMIUM]","[PREMIUM]","[PREMIUM]","[PREMIUM]","[PREMIUM]","[2]","105","10","Lower","['*','*']","mobile","tm","tmqr",,"[PREMIUM]","[PREMIUM]","[]","2026-09-08 18:25:00","Guns N Roses","music","2026-09-09 23:25:00","5d9f4ea483e7d2003a7aa81a"
"6a95a97e9f9e6c71b0468c25","2026-09-01 23:59:42.868","2026-09-01 23:59:42.868","6a95a97e9f9e6c71b0468c25","69247b28553e36f03ef8b846","[PREMIUM]","[PREMIUM]","[PREMIUM]","[PREMIUM]","[PREMIUM]","[1,2,3,4,5,6,7,8,9,10]","FLRC","13","Floor","['*','*','*','*','*','*','*','*','*','*']","mobile","tm","tmqr",,"[PREMIUM]","[PREMIUM]","[]","2026-09-08 00:00:00","Guns N Roses","music","2026-09-09 23:25:00","5d9f4ea483e7d2003a7aa81a"
"6a88b3f948c996aa5be8e4bc","2026-09-01 23:59:42.868","2026-09-01 23:59:42.868","6a88b3f948c996aa5be8e4bc","69247b28553e36f03ef8b846","[PREMIUM]","[PREMIUM]","[PREMIUM]","[PREMIUM]","[PREMIUM]","[2]","206","6","Middle","['*','*']","mobile","tm","tmqr",,"[PREMIUM]","[PREMIUM]","[]","2026-09-07 00:00:00","Guns N Roses","music","2026-09-09 23:25:00","5d9f4ea483e7d2003a7aa81a"
"6a95add2cbb6bf0c0b3f5a36","2026-09-01 23:59:42.868","2026-09-01 23:59:42.868","6a95add2cbb6bf0c0b3f5a36","69247b28553e36f03ef8b846","[PREMIUM]","[PREMIUM]","[PREMIUM]","[PREMIUM]","[PREMIUM]","[2]","FLRB","17","Floor","['*','*']","mobile","tm","tmqr",,"[PREMIUM]","[PREMIUM]","[]","2026-09-07 00:00:00","Guns N Roses","music","2026-09-09 23:25:00","5d9f4ea483e7d2003a7aa81a"
"6a95a83feb50cc1c32817080","2026-09-01 23:59:42.868","2026-09-01 23:59:42.868","6a95a83feb50cc1c32817080","69247b28553e36f03ef8b846","[PREMIUM]","[PREMIUM]","[PREMIUM]","[PREMIUM]","[PREMIUM]","[2]","FLRF","3","Floor","['*','*']","mobile","tm","tmqr",,"[PREMIUM]","[PREMIUM]","[]","2026-09-07 00:00:00","Guns N Roses","music","2026-09-09 23:25:00","5d9f4ea483e7d2003a7aa81a"
"6a95a844763dae220bf001bb","2026-09-01 23:59:42.868","2026-09-01 23:59:42.868","6a95a844763dae220bf001bb","69247b28553e36f03ef8b846","[PREMIUM]","[PREMIUM]","[PREMIUM]","[PREMIUM]","[PREMIUM]","[1,2,3,4,6,8]","FLRC","9","Floor","['*','*','*','*','*','*','*','*']","mobile","tm","tmqr",,"[PREMIUM]","[PREMIUM]","[]","2026-09-07 00:00:00","Guns N Roses","music","2026-09-09 23:25:00","5d9f4ea483e7d2003a7aa81a"
"6a95add264b6fb4d0cb708a0","2026-09-01 23:59:42.868","2026-09-01 23:59:42.868","6a95add264b6fb4d0cb708a0","69247b28553e36f03ef8b846","[PREMIUM]","[PREMIUM]","[PREMIUM]","[PREMIUM]","[PREMIUM]","[2]","FLRE","7","Floor","['*','*']","mobile","tm","tmqr",,"[PREMIUM]","[PREMIUM]","[]","2026-09-07 00:00:00","Guns N Roses","music","2026-09-09 23:25:00","5d9f4ea483e7d2003a7aa81a"
"6a96de5611850fea61f9a93f","2026-09-01 23:59:42.868","2026-09-01 23:59:42.868","6a96de5611850fea61f9a93f","69247b28553e36f03ef8b846","[PREMIUM]","[PREMIUM]","[PREMIUM]","[PREMIUM]","[PREMIUM]","[2]","FLRB","12","Floor","['*','*']","mobile","tm","tmqr","great","[PREMIUM]","[PREMIUM]","[]","2026-09-09 00:00:00","Guns N Roses","music","2026-09-09 23:25:00","5d9f4ea483e7d2003a7aa81a"
"6a7d368536bb69a30b49b3d3","2026-09-01 23:59:42.868","2026-09-08 19:42:48.160","6a7d368536bb69a30b49b3d3","69247b28553e36f03ef8b846","[PREMIUM]","[PREMIUM]","[PREMIUM]","[PREMIUM]","[PREMIUM]","[2]","322","6","Upper","['3','4']","mobile","tm","tmqr",,"[PREMIUM]","[PREMIUM]","[]","2026-09-08 23:25:00","Guns N Roses","music","2026-09-09 23:25:00","5d9f4ea483e7d2003a7aa81a"
"6a96241896f6293fc5f4fdcb","2026-09-01 23:59:42.868","2026-09-06 13:11:17.251","6a96241896f6293fc5f4fdcb","69247b28553e36f03ef8b846","[PREMIUM]","[PREMIUM]","[PREMIUM]","[PREMIUM]","[PREMIUM]","[2]","5","9","Grandstand","['6','7']","mobile","tm","tmqr",,"[PREMIUM]","[PREMIUM]","[]","2026-09-08 23:25:00","Guns N Roses","music","2026-09-09 23:25:00","5d9f4ea483e7d2003a7aa81a"
"6a8f75b43bcb356ba901946d","2026-09-01 23:59:42.868","2026-09-01 23:59:42.868","6a8f75b43bcb356ba901946d","69247b28553e36f03ef8b846","[PREMIUM]","[PREMIUM]","[PREMIUM]","[PREMIUM]","[PREMIUM]","[2]","106","15","Lower","['*','*']","mobile","tm","tmqr",,"[PREMIUM]","[PREMIUM]","[]","2026-09-07 00:00:00","Guns N Roses","music","2026-09-09 23:25:00","5d9f4ea483e7d2003a7aa81a"
"6a8fc8833bcb356ba9022355","2026-09-01 23:59:42.868","2026-09-01 23:59:42.868","6a8fc8833bcb356ba9022355","69247b28553e36f03ef8b846","[PREMIUM]","[PREMIUM]","[PREMIUM]","[PREMIUM]","[PREMIUM]","[2]","119","15","Lower","['*','*']","mobile","tm","tmqr",,"[PREMIUM]","[PREMIUM]","[]","2026-09-07 00:00:00","Guns N Roses","music","2026-09-09 23:25:00","5d9f4ea483e7d2003a7aa81a"
"6a8fa99e96eac0dcf61625d6","2026-09-01 23:59:42.868","2026-09-03 03:23:41.654","6a8fa99e96eac0dcf61625d6","69247b28553e36f03ef8b846","[PREMIUM]","[PREMIUM]","[PREMIUM]","[PREMIUM]","[PREMIUM]","[2]","105","16","Lower","['*','*']","mobile","tm","tmqr",,"[PREMIUM]","[PREMIUM]","[]","2026-09-08 00:00:00","Guns N Roses","music","2026-09-09 23:25:00","5d9f4ea483e7d2003a7aa81a"
"6a8f6f2003ca01de9fcb0fde","2026-09-01 23:59:42.868","2026-09-05 09:47:17.475","6a8f6f2003ca01de9fcb0fde","69247b28553e36f03ef8b846","[PREMIUM]","[PREMIUM]","[PREMIUM]","[PREMIUM]","[PREMIUM]","[2]","FLRE","2","Floor","['*','*']","mobile","tm","tmqr",,"[PREMIUM]","[PREMIUM]","[]","2026-09-08 23:25:00","Guns N Roses","music","2026-09-09 23:25:00","5d9f4ea483e7d2003a7aa81a"
"6a91d4452924f336beb9a047","2026-09-01 23:59:42.868","2026-09-07 16:29:38.193","6a91d4452924f336beb9a047","69247b28553e36f03ef8b846","[PREMIUM]","[PREMIUM]","[PREMIUM]","[PREMIUM]","[PREMIUM]","[1,2,3,5]","306","6","Upper","['*','*','*','*','*']","mobile","tm","tmqr","great","[PREMIUM]","[PREMIUM]","[]","2026-09-08 00:00:00","Guns N Roses","music","2026-09-09 23:25:00","5d9f4ea483e7d2003a7aa81a"
"6a9678ba40d82c81e451e79b","2026-09-01 23:59:42.868","2026-09-08 19:42:48.160","6a9678ba40d82c81e451e79b","69247b28553e36f03ef8b846","[PREMIUM]","[PREMIUM]","[PREMIUM]","[PREMIUM]","[PREMIUM]","[2,4]","6","2","Grandstand","['3','4','5','6']","mobile","tm","tmqr",,"[PREMIUM]","[PREMIUM]","[]","2026-09-08 23:25:00","Guns N Roses","music","2026-09-09 23:25:00","5d9f4ea483e7d2003a7aa81a"
"6a9678ba4e27e9d5e0973e59","2026-09-01 23:59:42.868","2026-09-01 23:59:42.868","6a9678ba4e27e9d5e0973e59","69247b28553e36f03ef8b846","[PREMIUM]","[PREMIUM]","[PREMIUM]","[PREMIUM]","[PREMIUM]","[2]","111","5","Lower","['18','19']","mobile","tm","tmqr",,"[PREMIUM]","[PREMIUM]","[]","2026-09-08 23:25:00","Guns N Roses","music","2026-09-09 23:25:00","5d9f4ea483e7d2003a7aa81a"
"6a965ef8d44593b3e997dde7","2026-09-01 23:59:42.868","2026-09-01 23:59:42.868","6a965ef8d44593b3e997dde7","69247b28553e36f03ef8b846","[PREMIUM]","[PREMIUM]","[PREMIUM]","[PREMIUM]","[PREMIUM]","[2,4]","FLRB","3","Floor","['*','*','*','*']","mobile","tm","tmqr",,"[PREMIUM]","[PREMIUM]","[]","2026-09-07 00:00:00","Guns N Roses","music","2026-09-09 23:25:00","5d9f4ea483e7d2003a7aa81a"
"6a96648c18b121545d0a1122","2026-09-01 23:59:42.868","2026-09-01 23:59:42.868","6a96648c18b121545d0a1122","69247b28553e36f03ef8b846","[PREMIUM]","[PREMIUM]","[PREMIUM]","[PREMIUM]","[PREMIUM]","[2,4]","FLRF","15","Floor","['*','*','*','*']","mobile","tm","tmqr",,"[PREMIUM]","[PREMIUM]","[]","2026-09-07 00:00:00","Guns N Roses","music","2026-09-09 23:25:00","5d9f4ea483e7d2003a7aa81a"
"6a9678bab63dd3654f3e0a32","2026-09-01 23:59:42.868","2026-09-08 19:42:48.160","6a9678bab63dd3654f3e0a32","69247b28553e36f03ef8b846","[PREMIUM]","[PREMIUM]","[PREMIUM]","[PREMIUM]","[PREMIUM]","[2]","216","1","Middle","['15','16']","mobile","tm","tmqr",,"[PREMIUM]","[PREMIUM]","[]","2026-09-08 23:25:00","Guns N Roses","music","2026-09-09 23:25:00","5d9f4ea483e7d2003a7aa81a"
"6a9678ba4e27e9d5e0973e5b","2026-09-01 23:59:42.868","2026-09-04 06:40:25.567","6a9678ba4e27e9d5e0973e5b","69247b28553e36f03ef8b846","[PREMIUM]","[PREMIUM]","[PREMIUM]","[PREMIUM]","[PREMIUM]","[2]","24","8","Grandstand","['15','16']","mobile","tm","tmqr",,"[PREMIUM]","[PREMIUM]","[]","2026-09-08 23:25:00","Guns N Roses","music","2026-09-09 23:25:00","5d9f4ea483e7d2003a7aa81a"
"6a9678ba4e27e9d5e0973e5a","2026-09-01 23:59:42.868","2026-09-07 16:29:38.193","6a9678ba4e27e9d5e0973e5a","69247b28553e36f03ef8b846","[PREMIUM]","[PREMIUM]","[PREMIUM]","[PREMIUM]","[PREMIUM]","[2]","110","1","Lower","['18','19']","mobile","tm","tmqr",,"[PREMIUM]","[PREMIUM]","[]","2026-09-08 23:25:00","Guns N Roses","music","2026-09-09 23:25:00","5d9f4ea483e7d2003a7aa81a"
"6a9655c540d82c81e4519cf3","2026-09-01 23:59:42.868","2026-09-01 23:59:42.868","6a9655c540d82c81e4519cf3","69247b28553e36f03ef8b846","[PREMIUM]","[PREMIUM]","[PREMIUM]","[PREMIUM]","[PREMIUM]","[2]","110","9","Lower","['*','*']","mobile","tm","tmqr",,"[PREMIUM]","[PREMIUM]","[]","2026-09-08 18:25:00","Guns N Roses","music","2026-09-09 23:25:00","5d9f4ea483e7d2003a7aa81a"
"6a9678ba06ebb8d0daa2929a","2026-09-01 23:59:42.868","2026-09-07 16:29:38.193","6a9678ba06ebb8d0daa2929a","69247b28553e36f03ef8b846","[PREMIUM]","[PREMIUM]","[PREMIUM]","[PREMIUM]","[PREMIUM]","[2]","116","7","Lower","['13','14']","mobile","tm","tmqr",,"[PREMIUM]","[PREMIUM]","[]","2026-09-08 23:25:00","Guns N Roses","music","2026-09-09 23:25:00","5d9f4ea483e7d2003a7aa81a"
"6a9678baec0885fdefee85dd","2026-09-01 23:59:42.868","2026-09-04 06:40:25.567","6a9678baec0885fdefee85dd","69247b28553e36f03ef8b846","[PREMIUM]","[PREMIUM]","[PREMIUM]","[PREMIUM]","[PREMIUM]","[2]","303","7","Upper","['21','22']","mobile","tm","tmqr",,"[PREMIUM]","[PREMIUM]","[]","2026-09-08 23:25:00","Guns N Roses","music","2026-09-09 23:25:00","5d9f4ea483e7d2003a7aa81a"
"6a8a037ccffaf86160967792","2026-09-01 23:59:42.868","2026-09-08 19:42:48.160","6a8a037ccffaf86160967792","69247b28553e36f03ef8b846","[PREMIUM]","[PREMIUM]","[PREMIUM]","[PREMIUM]","[PREMIUM]","[2]","222","7","Middle","['*','*']","mobile","tm","tmqr",,"[PREMIUM]","[PREMIUM]","[]",,"Guns N Roses","music","2026-09-09 23:25:00","5d9f4ea483e7d2003a7aa81a"
"6a8b082e1dee4bab5ed75745","2026-09-01 23:59:42.868","2026-09-01 23:59:42.868","6a8b082e1dee4bab5ed75745","69247b28553e36f03ef8b846","[PREMIUM]","[PREMIUM]","[PREMIUM]","[PREMIUM]","[PREMIUM]","[1,2,3,4,5,6]","318","9","Upper","['*','*','*','*','*','*']","mobile","tm","tmqr",,"[PREMIUM]","[PREMIUM]","[]","2026-09-08 00:00:00","Guns N Roses","music","2026-09-09 23:25:00","5d9f4ea483e7d2003a7aa81a"
"6a97663406838bd132ba3137","2026-09-01 23:59:42.868","2026-09-06 13:11:17.251","6a97663406838bd132ba3137","69247b28553e36f03ef8b846","[PREMIUM]","[PREMIUM]","[PREMIUM]","[PREMIUM]","[PREMIUM]","[2]","14","9","Grandstand","['1','2']","mobile","tm","tmqr",,"[PREMIUM]","[PREMIUM]","[]","2026-09-08 23:25:00","Guns N Roses","music","2026-09-09 23:25:00","5d9f4ea483e7d2003a7aa81a"
"6a90b16bf4a6a74248dbecd8","2026-09-01 23:59:42.868","2026-09-01 23:59:42.868","6a90b16bf4a6a74248dbecd8","69247b28553e36f03ef8b846","[PREMIUM]","[PREMIUM]","[PREMIUM]","[PREMIUM]","[PREMIUM]","[2]","112","16","Lower","['*','*']","mobile","tm","tmqr",,"[PREMIUM]","[PREMIUM]","[]","2026-09-08 00:00:00","Guns N Roses","music","2026-09-09 23:25:00","5d9f4ea483e7d2003a7aa81a"
"6a90ba65d375f54724e3b4d7","2026-09-01 23:59:42.868","2026-09-01 23:59:42.868","6a90ba65d375f54724e3b4d7","69247b28553e36f03ef8b846","[PREMIUM]","[PREMIUM]","[PREMIUM]","[PREMIUM]","[PREMIUM]","[2]","229","6","Middle","['*','*']","mobile","tm","tmqr",,"[PREMIUM]","[PREMIUM]","[]","2026-09-08 00:00:00","Guns N Roses","music","2026-09-09 23:25:00","5d9f4ea483e7d2003a7aa81a"
"6a32fe3dac65f64931d1ccb6","2026-09-01 23:59:42.868","2026-09-06 13:11:17.251","6a32fe3dac65f64931d1ccb6","69247b28553e36f03ef8b846","[PREMIUM]","[PREMIUM]","[PREMIUM]","[PREMIUM]","[PREMIUM]","[2,4]","310","1","Upper","['11','12','13','14']","mobile","tm","tmqr",,"[PREMIUM]","[PREMIUM]","[]","2026-09-08 23:25:00","Guns N Roses","music","2026-09-09 23:25:00","5d9f4ea483e7d2003a7aa81a"
"6a90ae6e229003b5201e9f5c","2026-09-01 23:59:42.868","2026-09-01 23:59:42.868","6a90ae6e229003b5201e9f5c","69247b28553e36f03ef8b846","[PREMIUM]","[PREMIUM]","[PREMIUM]","[PREMIUM]","[PREMIUM]","[2]","FLRJ","15","Floor","['*','*']","mobile","tm","tmqr",,"[PREMIUM]","[PREMIUM]","[]","2026-09-08 00:00:00","Guns N Roses","music","2026-09-09 23:25:00","5d9f4ea483e7d2003a7aa81a"
"6a90ad587ab77ef0a9505cbf","2026-09-01 23:59:42.868","2026-09-01 23:59:42.868","6a90ad587ab77ef0a9505cbf","69247b28553e36f03ef8b846","[PREMIUM]","[PREMIUM]","[PREMIUM]","[PREMIUM]","[PREMIUM]","[2]","317","11","Upper","['*','*']","mobile","tm","tmqr",,"[PREMIUM]","[PREMIUM]","[]","2026-09-08 00:00:00","Guns N Roses","music","2026-09-09 23:25:00","5d9f4ea483e7d2003a7aa81a"
"6a8375eb93e45b8580793f74","2026-09-01 23:59:42.868","2026-09-08 19:42:48.160","6a8375eb93e45b8580793f74","69247b28553e36f03ef8b846","[PREMIUM]","[PREMIUM]","[PREMIUM]","[PREMIUM]","[PREMIUM]","[2]","109","10","Lower","['19','20']","mobile","tm","tmqr",,"[PREMIUM]","[PREMIUM]","[]","2026-09-08 23:25:00","Guns N Roses","music","2026-09-09 23:25:00","5d9f4ea483e7d2003a7aa81a"
"6a95d6c5113cf3955768fc99","2026-09-01 23:59:42.868","2026-09-01 23:59:42.868","6a95d6c5113cf3955768fc99","69247b28553e36f03ef8b846","[PREMIUM]","[PREMIUM]","[PREMIUM]","[PREMIUM]","[PREMIUM]","[2]","FLRC","5","Floor","['*','*']","mobile","tm","tmqr",,"[PREMIUM]","[PREMIUM]","[]","2026-09-07 00:00:00","Guns N Roses","music","2026-09-09 23:25:00","5d9f4ea483e7d2003a7aa81a"
"6a95cb477a2d698474103a7a","2026-09-01 23:59:42.868","2026-09-01 23:59:42.868","6a95cb477a2d698474103a7a","69247b28553e36f03ef8b846","[PREMIUM]","[PREMIUM]","[PREMIUM]","[PREMIUM]","[PREMIUM]","[1,2,3,4,6,8]","20","11","Grandstand","['*','*','*','*','*','*','*','*']","mobile","tm","tmqr",,"[PREMIUM]","[PREMIUM]","[]","2026-09-07 00:00:00","Guns N Roses","music","2026-09-09 23:25:00","5d9f4ea483e7d2003a7aa81a"
"6a8df6c2d8250ed6f6eb1458","2026-09-01 23:59:42.868","2026-09-06 13:11:17.251","6a8df6c2d8250ed6f6eb1458","69247b28553e36f03ef8b846","[PREMIUM]","[PREMIUM]","[PREMIUM]","[PREMIUM]","[PREMIUM]","[2]","124","7","Lower","['20','21']","mobile","tm","tmqr",,"[PREMIUM]","[PREMIUM]","[]","2026-09-08 23:25:00","Guns N Roses","music","2026-09-09 23:25:00","5d9f4ea483e7d2003a7aa81a"
"6a4ea9f6734f2797cdcabc2e","2026-09-01 23:59:42.868","2026-09-03 03:23:41.654","6a4ea9f6734f2797cdcabc2e","69247b28553e36f03ef8b846","[PREMIUM]","[PREMIUM]","[PREMIUM]","[PREMIUM]","[PREMIUM]","[2]","25","5","Grandstand","['1','2']","mobile","tm","tmqr",,"[PREMIUM]","[PREMIUM]","[]","2026-09-08 23:25:00","Guns N Roses","music","2026-09-09 23:25:00","5d9f4ea483e7d2003a7aa81a"
"69f3b0d250ae950bcbf1f84b","2026-09-01 23:59:42.868","2026-09-06 13:11:17.251","69f3b0d250ae950bcbf1f84b","69247b28553e36f03ef8b846","[PREMIUM]","[PREMIUM]","[PREMIUM]","[PREMIUM]","[PREMIUM]","[2]","314","12","Upper","['*','*']","mobile","tm","tmqr",,"[PREMIUM]","[PREMIUM]","[]","2026-09-08 00:00:00","Guns N Roses","music","2026-09-09 23:25:00","5d9f4ea483e7d2003a7aa81a"
"69eb959a5d3b4e7cfc181747","2026-09-01 23:59:42.868","2026-09-08 19:42:48.160","69eb959a5d3b4e7cfc181747","69247b28553e36f03ef8b846","[PREMIUM]","[PREMIUM]","[PREMIUM]","[PREMIUM]","[PREMIUM]","[2,4]","225","8","Middle","['7','8','9','10']","mobile","tm","tmqr",,"[PREMIUM]","[PREMIUM]","[]",,"Guns N Roses","music","2026-09-09 23:25:00","5d9f4ea483e7d2003a7aa81a"
"6a94970c32c5404eab4e2384","2026-09-01 23:59:42.868","2026-09-01 23:59:42.868","6a94970c32c5404eab4e2384","69247b28553e36f03ef8b846","[PREMIUM]","[PREMIUM]","[PREMIUM]","[PREMIUM]","[PREMIUM]","[2]","120","15","Lower","['*','*']","mobile","tm","tmqr",,"[PREMIUM]","[PREMIUM]","[]","2026-09-07 00:00:00","Guns N Roses","music","2026-09-09 23:25:00","5d9f4ea483e7d2003a7aa81a"
"69f3b49750ae950bcbb29358","2026-09-01 23:59:42.868","2026-09-01 23:59:42.868","69f3b49750ae950bcbb29358","69247b28553e36f03ef8b846","[PREMIUM]","[PREMIUM]","[PREMIUM]","[PREMIUM]","[PREMIUM]","[2]","312","10","Upper","['*','*']","mobile","tm","tmqr",,"[PREMIUM]","[PREMIUM]","[]","2026-09-08 00:00:00","Guns N Roses","music","2026-09-09 23:25:00","5d9f4ea483e7d2003a7aa81a"
"6a94a03eafb2ddcefe94ef62","2026-09-01 23:59:42.868","2026-09-06 13:11:17.251","6a94a03eafb2ddcefe94ef62","69247b28553e36f03ef8b846","[PREMIUM]","[PREMIUM]","[PREMIUM]","[PREMIUM]","[PREMIUM]","[2]","213","8","Middle","['4','5']","mobile","tm","tmqr",,"[PREMIUM]","[PREMIUM]","[]","2026-09-08 00:00:00","Guns N Roses","music","2026-09-09 23:25:00","5d9f4ea483e7d2003a7aa81a"
"6a9738ad2924f336be06f379","2026-09-01 23:59:42.868","2026-09-01 23:59:42.868","6a9738ad2924f336be06f379","69247b28553e36f03ef8b846","[PREMIUM]","[PREMIUM]","[PREMIUM]","[PREMIUM]","[PREMIUM]","[2]","108","12","Lower","['*','*']","mobile","tm","tmqr",,"[PREMIUM]","[PREMIUM]","[]","2026-09-09 00:00:00","Guns N Roses","music","2026-09-09 23:25:00","5d9f4ea483e7d2003a7aa81a"
"6a97364bbd7087abe009d65a","2026-09-01 23:59:42.868","2026-09-01 23:59:42.868","6a97364bbd7087abe009d65a","69247b28553e36f03ef8b846","[PREMIUM]","[PREMIUM]","[PREMIUM]","[PREMIUM]","[PREMIUM]","[1,2,3,4,6,8]","FLRK","15","Floor","['*','*','*','*','*','*','*','*']","mobile","tm","tmqr",,"[PREMIUM]","[PREMIUM]","[]","2026-09-07 00:00:00","Guns N Roses","music","2026-09-09 23:25:00","5d9f4ea483e7d2003a7aa81a"
"6a9733f3fcfcd4d95b20187c","2026-09-01 23:59:42.868","2026-09-01 23:59:42.868","6a9733f3fcfcd4d95b20187c","69247b28553e36f03ef8b846","[PREMIUM]","[PREMIUM]","[PREMIUM]","[PREMIUM]","[PREMIUM]","[2,4]","FLRK","9","Floor","['*','*','*','*']","mobile","tm","tmqr","great","[PREMIUM]","[PREMIUM]","[]","2026-09-07 00:00:00","Guns N Roses","music","2026-09-09 23:25:00","5d9f4ea483e7d2003a7aa81a"
"6a972e26c936f63fd02cb8bc","2026-09-01 23:59:42.868","2026-09-01 23:59:42.868","6a972e26c936f63fd02cb8bc","69247b28553e36f03ef8b846","[PREMIUM]","[PREMIUM]","[PREMIUM]","[PREMIUM]","[PREMIUM]","[2,4,6]","228","6","Middle","['13','14','15','16','17','18']","mobile","tm","tmqr",,"[PREMIUM]","[PREMIUM]","[]","2026-09-08 00:00:00","Guns N Roses","music","2026-09-09 23:25:00","5d9f4ea483e7d2003a7aa81a"
"6a975467fcfcd4d95b206ea6","2026-09-01 23:59:42.868","2026-09-01 23:59:42.868","6a975467fcfcd4d95b206ea6","69247b28553e36f03ef8b846","[PREMIUM]","[PREMIUM]","[PREMIUM]","[PREMIUM]","[PREMIUM]","[2]","103","15","Lower","['*','*']","mobile","tm","tmqr","amazing","[PREMIUM]","[PREMIUM]","[]","2026-09-07 00:00:00","Guns N Roses","music","2026-09-09 23:25:00","5d9f4ea483e7d2003a7aa81a"
"6a9755402924f336be21d944","2026-09-01 23:59:42.868","2026-09-01 23:59:42.868","6a9755402924f336be21d944","69247b28553e36f03ef8b846","[PREMIUM]","[PREMIUM]","[PREMIUM]","[PREMIUM]","[PREMIUM]","[2]","FLRM","9","Floor","['*','*']","mobile","tm","tmqr",,"[PREMIUM]","[PREMIUM]","[]","2026-09-09 00:00:00","Guns N Roses","music","2026-09-09 23:25:00","5d9f4ea483e7d2003a7aa81a"
"6a96efd22924f336be78c7bb","2026-09-01 23:59:42.868","2026-09-06 13:11:17.251","6a96efd22924f336be78c7bb","69247b28553e36f03ef8b846","[PREMIUM]","[PREMIUM]","[PREMIUM]","[PREMIUM]","[PREMIUM]","[2]","314","2","Upper","['*','*']","mobile","tm","tmqr",,"[PREMIUM]","[PREMIUM]","[]","2026-09-08 00:00:00","Guns N Roses","music","2026-09-09 23:25:00","5d9f4ea483e7d2003a7aa81a"
"6a88dd89ce790c1e1ccdae1a","2026-09-01 23:59:42.868","2026-09-01 23:59:42.868","6a88dd89ce790c1e1ccdae1a","69247b28553e36f03ef8b846","[PREMIUM]","[PREMIUM]","[PREMIUM]","[PREMIUM]","[PREMIUM]","[2]","21","15","Grandstand","['*','*']","mobile","tm","tmqr",,"[PREMIUM]","[PREMIUM]","[]","2026-09-07 00:00:00","Guns N Roses","music","2026-09-09 23:25:00","5d9f4ea483e7d2003a7aa81a"
"6a96b156d1017b35a9518cc5","2026-09-01 23:59:42.868","2026-09-01 23:59:42.868","6a96b156d1017b35a9518cc5","69247b28553e36f03ef8b846","[PREMIUM]","[PREMIUM]","[PREMIUM]","[PREMIUM]","[PREMIUM]","[2]","109","14","Lower","['*','*']","mobile","tm","tmqr",,"[PREMIUM]","[PREMIUM]","[]","2026-09-07 00:00:00","Guns N Roses","music","2026-09-09 23:25:00","5d9f4ea483e7d2003a7aa81a"
"6a96bacefcfcd4d95b1ef2bd","2026-09-01 23:59:42.868","2026-09-09 23:04:51.375","6a96bacefcfcd4d95b1ef2bd","69247b28553e36f03ef8b846","[PREMIUM]","[PREMIUM]","[PREMIUM]","[PREMIUM]","[PREMIUM]","[2]","208","7","Middle","['10','11']","mobile","tm","tmqr","great","[PREMIUM]","[PREMIUM]","[]",,"Guns N Roses","music","2026-09-09 23:25:00","5d9f4ea483e7d2003a7aa81a"
"6a6289fc263f58b9de528698","2026-09-01 23:59:42.868","2026-09-01 23:59:42.868","6a6289fc263f58b9de528698","69247b28553e36f03ef8b846","[PREMIUM]","[PREMIUM]","[PREMIUM]","[PREMIUM]","[PREMIUM]","[2]","306","10","Upper","['*','*']","mobile","tm","tmqr",,"[PREMIUM]","[PREMIUM]","[]","2026-09-08 00:00:00","Guns N Roses","music","2026-09-09 23:25:00","5d9f4ea483e7d2003a7aa81a"
"6a6bd8e0f76df108174f6f90","2026-09-01 23:59:42.868","2026-09-01 23:59:42.868","6a6bd8e0f76df108174f6f90","69247b28553e36f03ef8b846","[PREMIUM]","[PREMIUM]","[PREMIUM]","[PREMIUM]","[PREMIUM]","[2]","113","13","Lower","['9','10']","mobile","tm","tmqr",,"[PREMIUM]","[PREMIUM]","[]","2026-09-08 23:25:00","Guns N Roses","music","2026-09-09 23:25:00","5d9f4ea483e7d2003a7aa81a"
"6a7e914ad806431ba8f0c25b","2026-09-01 23:59:42.868","2026-09-04 06:40:25.567","6a7e914ad806431ba8f0c25b","69247b28553e36f03ef8b846","[PREMIUM]","[PREMIUM]","[PREMIUM]","[PREMIUM]","[PREMIUM]","[2,4,6]","8","4","Grandstand","['13','14','15','16','17','18']","mobile","tm","tmqr",,"[PREMIUM]","[PREMIUM]","[]","2026-09-08 23:25:00","Guns N Roses","music","2026-09-09 23:25:00","5d9f4ea483e7d2003a7aa81a"
"69fde8939e5c236387a8a579","2026-09-01 23:59:42.868","2026-09-01 23:59:42.868","69fde8939e5c236387a8a579","69247b28553e36f03ef8b846","[PREMIUM]","[PREMIUM]","[PREMIUM]","[PREMIUM]","[PREMIUM]","[2]","221","7","Middle","['6','7']","mobile","tm","tmqr",,"[PREMIUM]","[PREMIUM]","['limited_view']","2026-09-08 00:00:00","Guns N Roses","music","2026-09-09 23:25:00","5d9f4ea483e7d2003a7aa81a"
"6a876f1672e18152980e70c4","2026-09-01 23:59:42.868","2026-09-01 23:59:42.868","6a876f1672e18152980e70c4","69247b28553e36f03ef8b846","[PREMIUM]","[PREMIUM]","[PREMIUM]","[PREMIUM]","[PREMIUM]","[2]","119","19","Lower","['*','*']","mobile","tm","tmqr",,"[PREMIUM]","[PREMIUM]","[]","2026-09-07 00:00:00","Guns N Roses","music","2026-09-09 23:25:00","5d9f4ea483e7d2003a7aa81a"
"6a9743f8fcfcd4d95b204437","2026-09-01 23:59:42.868","2026-09-01 23:59:42.868","6a9743f8fcfcd4d95b204437","69247b28553e36f03ef8b846","[PREMIUM]","[PREMIUM]","[PREMIUM]","[PREMIUM]","[PREMIUM]","[2]","122","13","Lower","['*','*']","mobile","tm","tmqr",,"[PREMIUM]","[PREMIUM]","[]","2026-09-07 00:00:00","Guns N Roses","music","2026-09-09 23:25:00","5d9f4ea483e7d2003a7aa81a"
"6a9743f266b4d6f7ec43f515","2026-09-01 23:59:42.868","2026-09-01 23:59:42.868","6a9743f266b4d6f7ec43f515","69247b28553e36f03ef8b846","[PREMIUM]","[PREMIUM]","[PREMIUM]","[PREMIUM]","[PREMIUM]","[2]","116","14","Lower","['*','*']","mobile","tm","tmqr","great","[PREMIUM]","[PREMIUM]","[]","2026-09-07 00:00:00","Guns N Roses","music","2026-09-09 23:25:00","5d9f4ea483e7d2003a7aa81a"
"6a9743fc06838bd132b9e155","2026-09-01 23:59:42.868","2026-09-01 23:59:42.868","6a9743fc06838bd132b9e155","69247b28553e36f03ef8b846","[PREMIUM]","[PREMIUM]","[PREMIUM]","[PREMIUM]","[PREMIUM]","[2]","124","16","Lower","['*','*']","mobile","tm","tmqr",,"[PREMIUM]","[PREMIUM]","[]","2026-09-07 00:00:00","Guns N Roses","music","2026-09-09 23:25:00","5d9f4ea483e7d2003a7aa81a"
"6a9743f557b1fc100a73dd83","2026-09-01 23:59:42.868","2026-09-01 23:59:42.868","6a9743f557b1fc100a73dd83","69247b28553e36f03ef8b846","[PREMIUM]","[PREMIUM]","[PREMIUM]","[PREMIUM]","[PREMIUM]","[2]","112","12","Lower","['*','*']","mobile","tm","tmqr",,"[PREMIUM]","[PREMIUM]","[]","2026-09-07 00:00:00","Guns N Roses","music","2026-09-09 23:25:00","5d9f4ea483e7d2003a7aa81a"
"6a974400bd42ed058eb1dcfd","2026-09-01 23:59:42.868","2026-09-01 23:59:42.868","6a974400bd42ed058eb1dcfd","69247b28553e36f03ef8b846","[PREMIUM]","[PREMIUM]","[PREMIUM]","[PREMIUM]","[PREMIUM]","[2]","120","11","Lower","['*','*']","mobile","tm","tmqr",,"[PREMIUM]","[PREMIUM]","[]","2026-09-07 00:00:00","Guns N Roses","music","2026-09-09 23:25:00","5d9f4ea483e7d2003a7aa81a"
"6a97440111850fea61faaa31","2026-09-01 23:59:42.868","2026-09-01 23:59:42.868","6a97440111850fea61faaa31","69247b28553e36f03ef8b846","[PREMIUM]","[PREMIUM]","[PREMIUM]","[PREMIUM]","[PREMIUM]","[2]","118","8","Lower","['*','*']","mobile","tm","tmqr",,"[PREMIUM]","[PREMIUM]","[]","2026-09-07 00:00:00","Guns N Roses","music","2026-09-09 23:25:00","5d9f4ea483e7d2003a7aa81a"
"6a9743fadfd70ac2b6b90ce4","2026-09-01 23:59:42.868","2026-09-01 23:59:42.868","6a9743fadfd70ac2b6b90ce4","69247b28553e36f03ef8b846","[PREMIUM]","[PREMIUM]","[PREMIUM]","[PREMIUM]","[PREMIUM]","[2]","FLRB","7","Floor","['*','*']","mobile","tm","tmqr",,"[PREMIUM]","[PREMIUM]","[]","2026-09-07 00:00:00","Guns N Roses","music","2026-09-09 23:25:00","5d9f4ea483e7d2003a7aa81a"
"6a9743fa9e9f46bba59cffd6","2026-09-01 23:59:42.868","2026-09-01 23:59:42.868","6a9743fa9e9f46bba59cffd6","69247b28553e36f03ef8b846","[PREMIUM]","[PREMIUM]","[PREMIUM]","[PREMIUM]","[PREMIUM]","[2,4]","24","15","Grandstand","['*','*','*','*']","mobile","tm","tmqr",,"[PREMIUM]","[PREMIUM]","[]","2026-09-07 00:00:00","Guns N Roses","music","2026-09-09 23:25:00","5d9f4ea483e7d2003a7aa81a"
"6a97440056bf16f83eed4c9c","2026-09-01 23:59:42.868","2026-09-01 23:59:42.868","6a97440056bf16f83eed4c9c","69247b28553e36f03ef8b846","[PREMIUM]","[PREMIUM]","[PREMIUM]","[PREMIUM]","[PREMIUM]","[2,4]","19","14","Grandstand","['*','*','*','*']","mobile","tm","tmqr",,"[PREMIUM]","[PREMIUM]","[]","2026-09-07 00:00:00","Guns N Roses","music","2026-09-09 23:25:00","5d9f4ea483e7d2003a7aa81a"
"6a97440266b4d6f7ec43f55e","2026-09-01 23:59:42.868","2026-09-01 23:59:42.868","6a97440266b4d6f7ec43f55e","69247b28553e36f03ef8b846","[PREMIUM]","[PREMIUM]","[PREMIUM]","[PREMIUM]","[PREMIUM]","[2]","122","18","Lower","['*','*']","mobile","tm","tmqr",,"[PREMIUM]","[PREMIUM]","[]","2026-09-07 00:00:00","Guns N Roses","music","2026-09-09 23:25:00","5d9f4ea483e7d2003a7aa81a"
"6a9743f8aaea3fe1355f62f6","2026-09-01 23:59:42.868","2026-09-01 23:59:42.868","6a9743f8aaea3fe1355f62f6","69247b28553e36f03ef8b846","[PREMIUM]","[PREMIUM]","[PREMIUM]","[PREMIUM]","[PREMIUM]","[2]","117","12","Lower","['*','*']","mobile","tm","tmqr","amazing","[PREMIUM]","[PREMIUM]","[]","2026-09-07 00:00:00","Guns N Roses","music","2026-09-09 23:25:00","5d9f4ea483e7d2003a7aa81a"
"6a974400dfd70ac2b6b90cf8","2026-09-01 23:59:42.868","2026-09-01 23:59:42.868","6a974400dfd70ac2b6b90cf8","69247b28553e36f03ef8b846","[PREMIUM]","[PREMIUM]","[PREMIUM]","[PREMIUM]","[PREMIUM]","[2]","19","10","Grandstand","['*','*']","mobile","tm","tmqr",,"[PREMIUM]","[PREMIUM]","[]","2026-09-07 00:00:00","Guns N Roses","music","2026-09-09 23:25:00","5d9f4ea483e7d2003a7aa81a"
"6a9743f5a5b856d9b63383aa","2026-09-01 23:59:42.868","2026-09-01 23:59:42.868","6a9743f5a5b856d9b63383aa","69247b28553e36f03ef8b846","[PREMIUM]","[PREMIUM]","[PREMIUM]","[PREMIUM]","[PREMIUM]","[2]","121","14","Lower","['*','*']","mobile","tm","tmqr",,"[PREMIUM]","[PREMIUM]","[]","2026-09-07 00:00:00","Guns N Roses","music","2026-09-09 23:25:00","5d9f4ea483e7d2003a7aa81a"
"6a9743f7a308b5366737a336","2026-09-01 23:59:42.868","2026-09-01 23:59:42.868","6a9743f7a308b5366737a336","69247b28553e36f03ef8b846","[PREMIUM]","[PREMIUM]","[PREMIUM]","[PREMIUM]","[PREMIUM]","[2]","119","11","Lower","['*','*']","mobile","tm","tmqr",,"[PREMIUM]","[PREMIUM]","[]","2026-09-07 00:00:00","Guns N Roses","music","2026-09-09 23:25:00","5d9f4ea483e7d2003a7aa81a"
"6a9743f65d3b498146c2c058","2026-09-01 23:59:42.868","2026-09-01 23:59:42.868","6a9743f65d3b498146c2c058","69247b28553e36f03ef8b846","[PREMIUM]","[PREMIUM]","[PREMIUM]","[PREMIUM]","[PREMIUM]","[2]","111","9","Lower","['*','*']","mobile","tm","tmqr",,"[PREMIUM]","[PREMIUM]","[]","2026-09-07 00:00:00","Guns N Roses","music","2026-09-09 23:25:00","5d9f4ea483e7d2003a7aa81a"
"6a9743f706838bd132b9e138","2026-09-01 23:59:42.868","2026-09-01 23:59:42.868","6a9743f706838bd132b9e138","69247b28553e36f03ef8b846","[PREMIUM]","[PREMIUM]","[PREMIUM]","[PREMIUM]","[PREMIUM]","[2,4]","12","15","Grandstand","['*','*','*','*']","mobile","tm","tmqr",,"[PREMIUM]","[PREMIUM]","[]","2026-09-07 00:00:00","Guns N Roses","music","2026-09-09 23:25:00","5d9f4ea483e7d2003a7aa81a"
"6a9743f6b63dd3654f3fb156","2026-09-01 23:59:42.868","2026-09-01 23:59:42.868","6a9743f6b63dd3654f3fb156","69247b28553e36f03ef8b846","[PREMIUM]","[PREMIUM]","[PREMIUM]","[PREMIUM]","[PREMIUM]","[2]","6","12","Grandstand","['*','*']","mobile","tm","tmqr",,"[PREMIUM]","[PREMIUM]","[]","2026-09-07 00:00:00","Guns N Roses","music","2026-09-09 23:25:00","5d9f4ea483e7d2003a7aa81a"
"6a9743fc1de337905296731a","2026-09-01 23:59:42.868","2026-09-01 23:59:42.868","6a9743fc1de337905296731a","69247b28553e36f03ef8b846","[PREMIUM]","[PREMIUM]","[PREMIUM]","[PREMIUM]","[PREMIUM]","[2]","7","12","Grandstand","['*','*']","mobile","tm","tmqr","great","[PREMIUM]","[PREMIUM]","[]","2026-09-07 00:00:00","Guns N Roses","music","2026-09-09 23:25:00","5d9f4ea483e7d2003a7aa81a"
"6a9744005fd1c8f19187f95d","2026-09-01 23:59:42.868","2026-09-01 23:59:42.868","6a9744005fd1c8f19187f95d","69247b28553e36f03ef8b846","[PREMIUM]","[PREMIUM]","[PREMIUM]","[PREMIUM]","[PREMIUM]","[2]","3","16","Grandstand","['*','*']","mobile","tm","tmqr",,"[PREMIUM]","[PREMIUM]","[]","2026-09-07 00:00:00","Guns N Roses","music","2026-09-09 23:25:00","5d9f4ea483e7d2003a7aa81a"
"6a974406f7d4b998763b108f","2026-09-01 23:59:42.868","2026-09-01 23:59:42.868","6a974406f7d4b998763b108f","69247b28553e36f03ef8b846","[PREMIUM]","[PREMIUM]","[PREMIUM]","[PREMIUM]","[PREMIUM]","[1,2,3,4,6]","16","11","Grandstand","['*','*','*','*','*','*']","mobile","tm","tmqr","great","[PREMIUM]","[PREMIUM]","[]","2026-09-07 00:00:00","Guns N Roses","music","2026-09-09 23:25:00","5d9f4ea483e7d2003a7aa81a"
"6a9743f1df7bfab2f9cb5748","2026-09-01 23:59:42.868","2026-09-01 23:59:42.868","6a9743f1df7bfab2f9cb5748","69247b28553e36f03ef8b846","[PREMIUM]","[PREMIUM]","[PREMIUM]","[PREMIUM]","[PREMIUM]","[2,4]","22","13","Grandstand","['*','*','*','*']","mobile","tm","tmqr",,"[PREMIUM]","[PREMIUM]","[]","2026-09-07 00:00:00","Guns N Roses","music","2026-09-09 23:25:00","5d9f4ea483e7d2003a7aa81a"
"6a9743f277acf7a9eb6d01a1","2026-09-01 23:59:42.868","2026-09-01 23:59:42.868","6a9743f277acf7a9eb6d01a1","69247b28553e36f03ef8b846","[PREMIUM]","[PREMIUM]","[PREMIUM]","[PREMIUM]","[PREMIUM]","[2]","106","11","Lower","['*','*']","mobile","tm","tmqr","great","[PREMIUM]","[PREMIUM]","[]","2026-09-07 00:00:00","Guns N Roses","music","2026-09-09 23:25:00","5d9f4ea483e7d2003a7aa81a"
"6a970dbe79dbacdb4c271665","2026-09-01 23:59:42.868","2026-09-01 23:59:42.868","6a970dbe79dbacdb4c271665","69247b28553e36f03ef8b846","[PREMIUM]","[PREMIUM]","[PREMIUM]","[PREMIUM]","[PREMIUM]","[1,2,3,4]","17","6","Grandstand","['*','*','*','*']","mobile","tm","tmqr",,"[PREMIUM]","[PREMIUM]","[]","2026-09-09 00:00:00","Guns N Roses","music","2026-09-09 23:25:00","5d9f4ea483e7d2003a7aa81a"
"6a971032e5436e9eeb408494","2026-09-01 23:59:42.868","2026-09-01 23:59:42.868","6a971032e5436e9eeb408494","69247b28553e36f03ef8b846","[PREMIUM]","[PREMIUM]","[PREMIUM]","[PREMIUM]","[PREMIUM]","[2]","107","20","Lower","['*','*']","mobile","tm","tmqr",,"[PREMIUM]","[PREMIUM]","[]","2026-09-08 00:00:00","Guns N Roses","music","2026-09-09 23:25:00","5d9f4ea483e7d2003a7aa81a"
"6a963bb9d83c2529993f4491","2026-09-01 23:59:42.868","2026-09-01 23:59:42.868","6a963bb9d83c2529993f4491","69247b28553e36f03ef8b846","[PREMIUM]","[PREMIUM]","[PREMIUM]","[PREMIUM]","[PREMIUM]","[1,2,3,5,7]","FLRN","22","Floor","['*','*','*','*','*','*','*']","mobile","tm","tmqr",,"[PREMIUM]","[PREMIUM]","[]","2026-09-07 00:00:00","Guns N Roses","music","2026-09-09 23:25:00","5d9f4ea483e7d2003a7aa81a"
"6a963f1804e80deada244a33","2026-09-01 23:59:42.868","2026-09-01 23:59:42.868","6a963f1804e80deada244a33","69247b28553e36f03ef8b846","[PREMIUM]","[PREMIUM]","[PREMIUM]","[PREMIUM]","[PREMIUM]","[1,2,3,4,5,6]","FLRF","9","Floor","['*','*','*','*','*','*']","mobile","tm","tmqr",,"[PREMIUM]","[PREMIUM]","[]","2026-09-08 00:00:00","Guns N Roses","music","2026-09-09 23:25:00","5d9f4ea483e7d2003a7aa81a"
"6a963e7e9dc335535a9c83fa","2026-09-01 23:59:42.868","2026-09-01 23:59:42.868","6a963e7e9dc335535a9c83fa","69247b28553e36f03ef8b846","[PREMIUM]","[PREMIUM]","[PREMIUM]","[PREMIUM]","[PREMIUM]","[2]","20","7","Grandstand","['*','*']","mobile","tm","tmqr",,"[PREMIUM]","[PREMIUM]","[]","2026-09-08 00:00:00","Guns N Roses","music","2026-09-09 23:25:00","5d9f4ea483e7d2003a7aa81a"
"6a9757fa56bf16f83eed7ed0","2026-09-01 23:59:42.868","2026-09-01 23:59:42.868","6a9757fa56bf16f83eed7ed0","69247b28553e36f03ef8b846","[PREMIUM]","[PREMIUM]","[PREMIUM]","[PREMIUM]","[PREMIUM]","[2]","FLRM","13","Floor","['*','*']","mobile","tm","tmqr",,"[PREMIUM]","[PREMIUM]","[]","2026-09-07 00:00:00","Guns N Roses","music","2026-09-09 23:25:00","5d9f4ea483e7d2003a7aa81a"
"6a9763d306838bd132ba2d12","2026-09-01 23:59:42.868","2026-09-03 03:23:41.654","6a9763d306838bd132ba2d12","69247b28553e36f03ef8b846","[PREMIUM]","[PREMIUM]","[PREMIUM]","[PREMIUM]","[PREMIUM]","[2]","112","4","Lower","['11','12']","mobile","tm","tmqr",,"[PREMIUM]","[PREMIUM]","[]","2026-09-08 23:25:00","Guns N Roses","music","2026-09-09 23:25:00","5d9f4ea483e7d2003a7aa81a"
"6a52c4e085a1570330f77374","2026-09-01 23:59:42.868","2026-09-01 23:59:42.868","6a52c4e085a1570330f77374","69247b28553e36f03ef8b846","[PREMIUM]","[PREMIUM]","[PREMIUM]","[PREMIUM]","[PREMIUM]","[2]","102","14","Lower","['9','10']","mobile","tm","tmqr",,"[PREMIUM]","[PREMIUM]","[]","2026-09-08 23:25:00","Guns N Roses","music","2026-09-09 23:25:00","5d9f4ea483e7d2003a7aa81a"
"6a514ab363d38d17e7fdfd13","2026-09-01 23:59:42.868","2026-09-01 23:59:42.868","6a514ab363d38d17e7fdfd13","69247b28553e36f03ef8b846","[PREMIUM]","[PREMIUM]","[PREMIUM]","[PREMIUM]","[PREMIUM]","[1,2,3,4]","117","16","Lower","['*','*','*','*']","mobile","tm","tmqr",,"[PREMIUM]","[PREMIUM]","[]","2026-09-08 00:00:00","Guns N Roses","music","2026-09-09 23:25:00","5d9f4ea483e7d2003a7aa81a"
"6a514ab663d38d17e7fedbe2","2026-09-01 23:59:42.868","2026-09-01 23:59:42.868","6a514ab663d38d17e7fedbe2","69247b28553e36f03ef8b846","[PREMIUM]","[PREMIUM]","[PREMIUM]","[PREMIUM]","[PREMIUM]","[1,2,3,4]","112","20","Lower","['*','*','*','*']","mobile","tm","tmqr",,"[PREMIUM]","[PREMIUM]","[]","2026-09-08 00:00:00","Guns N Roses","music","2026-09-09 23:25:00","5d9f4ea483e7d2003a7aa81a"
"6a514ac263d38d17e701aee6","2026-09-01 23:59:42.868","2026-09-04 06:40:25.567","6a514ac263d38d17e701aee6","69247b28553e36f03ef8b846","[PREMIUM]","[PREMIUM]","[PREMIUM]","[PREMIUM]","[PREMIUM]","[1,2,3,4]","125","20","Lower","['*','*','*','*']","mobile","tm","tmqr",,"[PREMIUM]","[PREMIUM]","[]","2026-09-08 00:00:00","Guns N Roses","music","2026-09-09 23:25:00","5d9f4ea483e7d2003a7aa81a"
"6a514ad463d38d17e70628f3","2026-09-01 23:59:42.868","2026-09-01 23:59:42.868","6a514ad463d38d17e70628f3","69247b28553e36f03ef8b846","[PREMIUM]","[PREMIUM]","[PREMIUM]","[PREMIUM]","[PREMIUM]","[1,2,3,4]","306","14","Upper","['*','*','*','*']","mobile","tm","tmqr",,"[PREMIUM]","[PREMIUM]","[]","2026-09-08 00:00:00","Guns N Roses","music","2026-09-09 23:25:00","5d9f4ea483e7d2003a7aa81a"
"6a514ad663d38d17e706dddf","2026-09-01 23:59:42.868","2026-09-01 23:59:42.868","6a514ad663d38d17e706dddf","69247b28553e36f03ef8b846","[PREMIUM]","[PREMIUM]","[PREMIUM]","[PREMIUM]","[PREMIUM]","[1,2,3,4]","118","20","Lower","['*','*','*','*']","mobile","tm","tmqr",,"[PREMIUM]","[PREMIUM]","[]","2026-09-08 00:00:00","Guns N Roses","music","2026-09-09 23:25:00","5d9f4ea483e7d2003a7aa81a"
"6a94b81fc1ac0701b679481b","2026-09-01 23:59:42.868","2026-09-01 23:59:42.868","6a94b81fc1ac0701b679481b","69247b28553e36f03ef8b846","[PREMIUM]","[PREMIUM]","[PREMIUM]","[PREMIUM]","[PREMIUM]","[2]","227","9","Middle","['*','*']","mobile","tm","tmqr",,"[PREMIUM]","[PREMIUM]","[]","2026-09-07 00:00:00","Guns N Roses","music","2026-09-09 23:25:00","5d9f4ea483e7d2003a7aa81a"
"6a94be0782472bfe92c098a8","2026-09-01 23:59:42.868","2026-09-01 23:59:42.868","6a94be0782472bfe92c098a8","69247b28553e36f03ef8b846","[PREMIUM]","[PREMIUM]","[PREMIUM]","[PREMIUM]","[PREMIUM]","[1,2,4,6]","320","11","Upper","['*','*','*','*','*','*']","mobile","tm","tmqr",,"[PREMIUM]","[PREMIUM]","[]","2026-09-07 00:00:00","Guns N Roses","music","2026-09-09 23:25:00","5d9f4ea483e7d2003a7aa81a"
"6a94b9fe68028661ec8f3144","2026-09-01 23:59:42.868","2026-09-01 23:59:42.868","6a94b9fe68028661ec8f3144","69247b28553e36f03ef8b846","[PREMIUM]","[PREMIUM]","[PREMIUM]","[PREMIUM]","[PREMIUM]","[1,2,4,6]","13","15","Grandstand","['*','*','*','*','*','*']","mobile","tm","tmqr",,"[PREMIUM]","[PREMIUM]","[]","2026-09-07 00:00:00","Guns N Roses","music","2026-09-09 23:25:00","5d9f4ea483e7d2003a7aa81a"
"6a94b3a99f27ea7880dad7c6","2026-09-01 23:59:42.868","2026-09-01 23:59:42.868","6a94b3a99f27ea7880dad7c6","69247b28553e36f03ef8b846","[PREMIUM]","[PREMIUM]","[PREMIUM]","[PREMIUM]","[PREMIUM]","[2]","23","15","Grandstand","['*','*']","mobile","tm","tmqr",,"[PREMIUM]","[PREMIUM]","[]","2026-09-07 00:00:00","Guns N Roses","music","2026-09-09 23:25:00","5d9f4ea483e7d2003a7aa81a"
"6a96129b46c2bfdf0f6edfb4","2026-09-01 23:59:42.868","2026-09-01 23:59:42.868","6a96129b46c2bfdf0f6edfb4","69247b28553e36f03ef8b846","[PREMIUM]","[PREMIUM]","[PREMIUM]","[PREMIUM]","[PREMIUM]","[2]","FLRJ","10","Floor","['*','*']","mobile","tm","tmqr",,"[PREMIUM]","[PREMIUM]","[]","2026-09-07 00:00:00","Guns N Roses","music","2026-09-09 23:25:00","5d9f4ea483e7d2003a7aa81a"
"6a9618989e9f46bba59a6c37","2026-09-01 23:59:42.868","2026-09-01 23:59:42.868","6a9618989e9f46bba59a6c37","69247b28553e36f03ef8b846","[PREMIUM]","[PREMIUM]","[PREMIUM]","[PREMIUM]","[PREMIUM]","[2]","FLRJ","4","Floor","['*','*']","mobile","tm","tmqr",,"[PREMIUM]","[PREMIUM]","[]","2026-09-07 00:00:00","Guns N Roses","music","2026-09-09 23:25:00","5d9f4ea483e7d2003a7aa81a"
"6a923eb3f6cf95defd3e39a2","2026-09-01 23:59:42.868","2026-09-08 19:42:48.160","6a923eb3f6cf95defd3e39a2","69247b28553e36f03ef8b846","[PREMIUM]","[PREMIUM]","[PREMIUM]","[PREMIUM]","[PREMIUM]","[2]","321","9","Upper","['4','5']","mobile","tm","tmqr",,"[PREMIUM]","[PREMIUM]","[]","2026-09-08 23:25:00","Guns N Roses","music","2026-09-09 23:25:00","5d9f4ea483e7d2003a7aa81a"
"6a93162f48938d0b5aa5e91a","2026-09-01 23:59:42.868","2026-09-07 16:29:38.193","6a93162f48938d0b5aa5e91a","69247b28553e36f03ef8b846","[PREMIUM]","[PREMIUM]","[PREMIUM]","[PREMIUM]","[PREMIUM]","[2,4]","116","2","Lower","['16','17','18','19']","mobile","tm","tmqr",,"[PREMIUM]","[PREMIUM]","[]","2026-09-08 23:25:00","Guns N Roses","music","2026-09-09 23:25:00","5d9f4ea483e7d2003a7aa81a"
"6a923713a5a5ad27bcbc2120","2026-09-01 23:59:42.868","2026-09-01 23:59:42.868","6a923713a5a5ad27bcbc2120","69247b28553e36f03ef8b846","[PREMIUM]","[PREMIUM]","[PREMIUM]","[PREMIUM]","[PREMIUM]","[2]","118","12","Lower","['*','*']","mobile","tm","tmqr",,"[PREMIUM]","[PREMIUM]","[]","2026-09-07 00:00:00","Guns N Roses","music","2026-09-09 23:25:00","5d9f4ea483e7d2003a7aa81a"
"6a932863f6cf95defd4007ea","2026-09-01 23:59:42.868","2026-09-01 23:59:42.868","6a932863f6cf95defd4007ea","69247b28553e36f03ef8b846","[PREMIUM]","[PREMIUM]","[PREMIUM]","[PREMIUM]","[PREMIUM]","[2]","2","15","Grandstand","['*','*']","mobile","tm","tmqr",,"[PREMIUM]","[PREMIUM]","[]","2026-09-08 18:25:00","Guns N Roses","music","2026-09-09 23:25:00","5d9f4ea483e7d2003a7aa81a"
"6a94f8da0bb325d2314c3dfc","2026-09-01 23:59:42.868","2026-09-01 23:59:42.868","6a94f8da0bb325d2314c3dfc","69247b28553e36f03ef8b846","[PREMIUM]","[PREMIUM]","[PREMIUM]","[PREMIUM]","[PREMIUM]","[2]","212","6","Middle","['*','*']","mobile","tm","tmqr",,"[PREMIUM]","[PREMIUM]","[]","2026-09-07 00:00:00","Guns N Roses","music","2026-09-09 23:25:00","5d9f4ea483e7d2003a7aa81a"
"6a94dd920bb325d2314c03a8","2026-09-01 23:59:42.868","2026-09-01 23:59:42.868","6a94dd920bb325d2314c03a8","69247b28553e36f03ef8b846","[PREMIUM]","[PREMIUM]","[PREMIUM]","[PREMIUM]","[PREMIUM]","[2]","110","14","Lower","['*','*']","mobile","tm","tmqr",,"[PREMIUM]","[PREMIUM]","[]","2026-09-07 00:00:00","Guns N Roses","music","2026-09-09 23:25:00","5d9f4ea483e7d2003a7aa81a"
"6a94fd24eacd49152be6a01f","2026-09-01 23:59:42.868","2026-09-03 03:23:41.654","6a94fd24eacd49152be6a01f","69247b28553e36f03ef8b846","[PREMIUM]","[PREMIUM]","[PREMIUM]","[PREMIUM]","[PREMIUM]","[2]","206","10","Middle","['*','*']","mobile","tm","tmqr",,"[PREMIUM]","[PREMIUM]","[]","2026-09-08 00:00:00","Guns N Roses","music","2026-09-09 23:25:00","5d9f4ea483e7d2003a7aa81a"
"6a94c43d490593f8283ea848","2026-09-01 23:59:42.868","2026-09-01 23:59:42.868","6a94c43d490593f8283ea848","69247b28553e36f03ef8b846","[PREMIUM]","[PREMIUM]","[PREMIUM]","[PREMIUM]","[PREMIUM]","[2]","317","7","Upper","['*','*']","mobile","tm","tmqr",,"[PREMIUM]","[PREMIUM]","[]","2026-09-07 00:00:00","Guns N Roses","music","2026-09-09 23:25:00","5d9f4ea483e7d2003a7aa81a"
"6a9736195d3b498146c299da","2026-09-01 23:59:41.292","2026-09-09 23:04:50.024","6a9736195d3b498146c299da","68af854c6d6358b084490d7f","[PREMIUM]","[PREMIUM]","[PREMIUM]","[PREMIUM]","[PREMIUM]","[2]","13","I","Lower","['*','*']","mobile","my_pro_venue","tmqr","great","[PREMIUM]","[PREMIUM]","[]",,"Corpus Christi Hooks at Midland RockHounds","milb","2026-09-09 23:30:00","652f109db2756925af4c50d8"
"69c4213bf6fbc8b3542430ee","2026-09-01 23:59:41.249","2026-09-07 16:29:39.918","69c4213bf6fbc8b3542430ee","689cdfb1c7f58c0edb49b120","[PREMIUM]","[PREMIUM]","[PREMIUM]","[PREMIUM]","[PREMIUM]","[2]","C","2","Upper","['10','11']","mobile","tm","tmqr","amazing","[PREMIUM]","[PREMIUM]","[]","2026-09-08 00:00:00","El Paso Chihuahuas at Tacoma Rainiers","milb","2026-09-10 01:05:00","5aa02146af2d0e0012970af9"
"6a95f2702924f336be930e0e","2026-09-01 23:59:41.249","2026-09-01 23:59:41.249","6a95f2702924f336be930e0e","689cdfb1c7f58c0edb49b120","[PREMIUM]","[PREMIUM]","[PREMIUM]","[PREMIUM]","[PREMIUM]","[2,3,4,5,7]","D","11","Upper","['*','*','*','*','*','*','*']","mobile","tm","tmqr",,"[PREMIUM]","[PREMIUM]","[]","2026-09-08 00:00:00","El Paso Chihuahuas at Tacoma Rainiers","milb","2026-09-10 01:05:00","5aa02146af2d0e0012970af9"
"6a95f2702924f336be930e80","2026-09-01 23:59:41.249","2026-09-03 03:23:42.587","6a95f2702924f336be930e80","689cdfb1c7f58c0edb49b120","[PREMIUM]","[PREMIUM]","[PREMIUM]","[PREMIUM]","[PREMIUM]","[2,3,4,5,6,7,8]","L","12","Upper","['*','*','*','*','*','*','*','*']","mobile","tm","tmqr",,"[PREMIUM]","[PREMIUM]","[]","2026-09-08 00:00:00","El Paso Chihuahuas at Tacoma Rainiers","milb","2026-09-10 01:05:00","5aa02146af2d0e0012970af9"
"6a95f2702924f336be93119d","2026-09-01 23:59:41.249","2026-09-03 03:23:42.587","6a95f2702924f336be93119d","689cdfb1c7f58c0edb49b120","[PREMIUM]","[PREMIUM]","[PREMIUM]","[PREMIUM]","[PREMIUM]","[2,3,4,5,6,7,8]","O","12","Upper","['*','*','*','*','*','*','*','*']","mobile","tm","tmqr",,"[PREMIUM]","[PREMIUM]","[]","2026-09-08 00:00:00","El Paso Chihuahuas at Tacoma Rainiers","milb","2026-09-10 01:05:00","5aa02146af2d0e0012970af9"
"6a95d5bc368ff6ef52f80335","2026-09-01 23:59:41.249","2026-09-01 23:59:41.249","6a95d5bc368ff6ef52f80335","689cdfb1c7f58c0edb49b120","[PREMIUM]","[PREMIUM]","[PREMIUM]","[PREMIUM]","[PREMIUM]","[1,2,3,4,6,8]","G","14","Upper","['*','*','*','*','*','*','*','*']","mobile","tm","tmqr",,"[PREMIUM]","[PREMIUM]","[]","2026-09-08 00:00:00","El Paso Chihuahuas at Tacoma Rainiers","milb","2026-09-10 01:05:00","5aa02146af2d0e0012970af9"
"6a96b2482924f336be5190d0","2026-09-01 23:59:41.249","2026-09-01 23:59:41.249","6a96b2482924f336be5190d0","689cdfb1c7f58c0edb49b120","[PREMIUM]","[PREMIUM]","[PREMIUM]","[PREMIUM]","[PREMIUM]","[1,2,3,4,5,6,7,8]","J","11","Upper","['*','*','*','*','*','*','*','*']","mobile","tm","tmqr",,"[PREMIUM]","[PREMIUM]","[]","2026-09-08 00:00:00","El Paso Chihuahuas at Tacoma Rainiers","milb","2026-09-10 01:05:00","5aa02146af2d0e0012970af9"
"6a95e1ad58984a6d4eda9ce8","2026-09-01 23:59:41.249","2026-09-01 23:59:41.249","6a95e1ad58984a6d4eda9ce8","689cdfb1c7f58c0edb49b120","[PREMIUM]","[PREMIUM]","[PREMIUM]","[PREMIUM]","[PREMIUM]","[1,2,3,4,5,6,7,8,9,10,11,12]","N","11","Upper","['*','*','*','*','*','*','*','*','*','*','*','*']","mobile","tm","tmqr",,"[PREMIUM]","[PREMIUM]","[]","2026-09-08 00:00:00","El Paso Chihuahuas at Tacoma Rainiers","milb","2026-09-10 01:05:00","5aa02146af2d0e0012970af9"
"6a94bdc368d6fd7dc76b806a","2026-09-01 23:59:41.249","2026-09-01 23:59:41.249","6a94bdc368d6fd7dc76b806a","689cdfb1c7f58c0edb49b120","[PREMIUM]","[PREMIUM]","[PREMIUM]","[PREMIUM]","[PREMIUM]","[1,2,3,4,6,8]","N","5","Upper","['*','*','*','*','*','*','*','*']","mobile","tm","tmqr","great","[PREMIUM]","[PREMIUM]","[]","2026-09-08 00:00:00","El Paso Chihuahuas at Tacoma Rainiers","milb","2026-09-10 01:05:00","5aa02146af2d0e0012970af9"
"6a97184d2924f336beeef93b","2026-09-01 23:59:41.230","2026-09-01 23:59:41.230","6a97184d2924f336beeef93b","68ad1b10b0c13f009d5c0e87","[PREMIUM]","[PREMIUM]","[PREMIUM]","[PREMIUM]","[PREMIUM]","[2]","100","E","Reserved","['*','*']","mobile","my_pro_venue","tmqr","great","[PREMIUM]","[PREMIUM]","[]","2026-09-08 00:00:00","Biloxi Shuckers at Pensacola Blue Wahoos","milb","2026-09-09 23:05:00","650a1fc55093a80001cc5602"
"6a95fbddc5c465c48dbdb7f1","2026-09-01 23:59:40.256","2026-09-03 03:23:38.986","6a95fbddc5c465c48dbdb7f1","69696e19a6fbcb47aed0fd60","[PREMIUM]","[PREMIUM]","[PREMIUM]","[PREMIUM]","[PREMIUM]","[1,2]","PIT","GA","Pit","['*','*']","mobile","tm","tmqr","amazing","[PREMIUM]","[PREMIUM]","[]","2026-09-07 00:00:00","Rob Zombie and Marilyn Manson","music","2026-09-09 23:15:00","57928f09f80c41558f19e516"
"6a970711685dbf2b64b52b1f","2026-09-01 23:59:40.256","2026-09-08 19:42:45.793","6a970711685dbf2b64b52b1f","69696e19a6fbcb47aed0fd60","[PREMIUM]","[PREMIUM]","[PREMIUM]","[PREMIUM]","[PREMIUM]","[2]","207","MM","Upper","['23','24']","mobile","tm","tmqr",,"[PREMIUM]","[PREMIUM]","[]","2026-09-09 00:00:00","Rob Zombie and Marilyn Manson","music","2026-09-09 23:15:00","57928f09f80c41558f19e516"
"6a9765402924f336be6e9e2c","2026-09-01 23:59:40.256","2026-09-03 03:23:38.986","6a9765402924f336be6e9e2c","69696e19a6fbcb47aed0fd60","[PREMIUM]","[PREMIUM]","[PREMIUM]","[PREMIUM]","[PREMIUM]","[1,2]","103","K","Lower","['*','*']","mobile","tm","tmqr",,"[PREMIUM]","[PREMIUM]","[]","2026-09-08 00:00:00","Rob Zombie and Marilyn Manson","music","2026-09-09 23:15:00","57928f09f80c41558f19e516"
"6a9765642924f336be783e25","2026-09-01 23:59:40.256","2026-09-04 06:40:23.379","6a9765642924f336be783e25","69696e19a6fbcb47aed0fd60","[PREMIUM]","[PREMIUM]","[PREMIUM]","[PREMIUM]","[PREMIUM]","[1,2,3,4,5,6]","204","EE","Upper","['*','*','*','*','*','*']","mobile","tm","tmqr",,"[PREMIUM]","[PREMIUM]","[]","2026-09-08 00:00:00","Rob Zombie and Marilyn Manson","music","2026-09-09 23:15:00","57928f09f80c41558f19e516"
"6a9765552924f336be747576","2026-09-01 23:59:40.256","2026-09-04 06:40:23.379","6a9765552924f336be747576","69696e19a6fbcb47aed0fd60","[PREMIUM]","[PREMIUM]","[PREMIUM]","[PREMIUM]","[PREMIUM]","[1,2,3,4,5,6]","204","MM","Upper","['*','*','*','*','*','*']","mobile","tm","tmqr","great","[PREMIUM]","[PREMIUM]","[]","2026-09-08 00:00:00","Rob Zombie and Marilyn Manson","music","2026-09-09 23:15:00","57928f09f80c41558f19e516"
"6a9765142924f336be64fc05","2026-09-01 23:59:40.256","2026-09-03 03:23:38.986","6a9765142924f336be64fc05","69696e19a6fbcb47aed0fd60","[PREMIUM]","[PREMIUM]","[PREMIUM]","[PREMIUM]","[PREMIUM]","[1,2,3,4,5,6,7,8]","205","HH","Upper","['*','*','*','*','*','*','*','*']","mobile","tm","tmqr",,"[PREMIUM]","[PREMIUM]","[]","2026-09-08 00:00:00","Rob Zombie and Marilyn Manson","music","2026-09-09 23:15:00","57928f09f80c41558f19e516"
"6a97653d2924f336be6df041","2026-09-01 23:59:40.256","2026-09-03 03:23:38.986","6a97653d2924f336be6df041","69696e19a6fbcb47aed0fd60","[PREMIUM]","[PREMIUM]","[PREMIUM]","[PREMIUM]","[PREMIUM]","[1,2,3,4,5,6,7,8]","203","EE","Upper","['*','*','*','*','*','*','*','*']","mobile","tm","tmqr","amazing","[PREMIUM]","[PREMIUM]","[]","2026-09-08 00:00:00","Rob Zombie and Marilyn Manson","music","2026-09-09 23:15:00","57928f09f80c41558f19e516"
"6a9765432924f336be6f8bdd","2026-09-01 23:59:40.256","2026-09-01 23:59:40.256","6a9765432924f336be6f8bdd","69696e19a6fbcb47aed0fd60","[PREMIUM]","[PREMIUM]","[PREMIUM]","[PREMIUM]","[PREMIUM]","[1,2,3,4,5,6,7,8]","207","CC","Upper","['*','*','*','*','*','*','*','*']","mobile","tm","tmqr",,"[PREMIUM]","[PREMIUM]","[]","2026-09-08 00:00:00","Rob Zombie and Marilyn Manson","music","2026-09-09 23:15:00","57928f09f80c41558f19e516"
"6a97651b2924f336be666747","2026-09-01 23:59:40.256","2026-09-04 06:40:23.379","6a97651b2924f336be666747","69696e19a6fbcb47aed0fd60","[PREMIUM]","[PREMIUM]","[PREMIUM]","[PREMIUM]","[PREMIUM]","[1,2,3]","202","HH","Upper","['*','*','*']","mobile","tm","tmqr","great","[PREMIUM]","[PREMIUM]","[]","2026-09-08 00:00:00","Rob Zombie and Marilyn Manson","music","2026-09-09 23:15:00","57928f09f80c41558f19e516"
"6a8bbe77e029889a69af494d","2026-09-01 23:59:40.256","2026-09-01 23:59:40.256","6a8bbe77e029889a69af494d","69696e19a6fbcb47aed0fd60","[PREMIUM]","[PREMIUM]","[PREMIUM]","[PREMIUM]","[PREMIUM]","[2,3,5]","206","GG","Upper","['*','*','*','*','*']","mobile","tm","tmqr",,"[PREMIUM]","[PREMIUM]","[]","2026-09-07 00:00:00","Rob Zombie and Marilyn Manson","music","2026-09-09 23:15:00","57928f09f80c41558f19e516"
"6a8baf86cffaf86160943c1b","2026-09-01 23:59:40.256","2026-09-06 13:11:13.897","6a8baf86cffaf86160943c1b","69696e19a6fbcb47aed0fd60","[PREMIUM]","[PREMIUM]","[PREMIUM]","[PREMIUM]","[PREMIUM]","[2]","205","NN","Upper","['*','*']","mobile","tm","tmqr",,"[PREMIUM]","[PREMIUM]","[]","2026-09-09 00:00:00","Rob Zombie and Marilyn Manson","music","2026-09-09 23:15:00","57928f09f80c41558f19e516"
"6a8e3539ff76bec595ce0b43","2026-09-01 23:59:40.256","2026-09-08 19:42:45.793","6a8e3539ff76bec595ce0b43","69696e19a6fbcb47aed0fd60","[PREMIUM]","[PREMIUM]","[PREMIUM]","[PREMIUM]","[PREMIUM]","[2]","204","RR","Upper","['52','53']","mobile","tm","tmqr",,"[PREMIUM]","[PREMIUM]","[]","2026-09-08 23:15:00","Rob Zombie and Marilyn Manson","music","2026-09-09 23:15:00","57928f09f80c41558f19e516"
"6a9730749e9f46bba59ccc9d","2026-09-01 23:59:40.256","2026-09-01 23:59:40.256","6a9730749e9f46bba59ccc9d","69696e19a6fbcb47aed0fd60","[PREMIUM]","[PREMIUM]","[PREMIUM]","[PREMIUM]","[PREMIUM]","[1,2]","LAWN","GA","Vintage Credit Union Lawn","['*','*']","mobile","tm","tmqr","cheapest","[PREMIUM]","[PREMIUM]","[]","2026-09-09 00:00:00","Rob Zombie and Marilyn Manson","music","2026-09-09 23:15:00","57928f09f80c41558f19e516"
"6a974cf7e5436e9eeb4122db","2026-09-01 23:59:40.256","2026-09-05 09:47:14.853","6a974cf7e5436e9eeb4122db","69696e19a6fbcb47aed0fd60","[PREMIUM]","[PREMIUM]","[PREMIUM]","[PREMIUM]","[PREMIUM]","[1,2,4,6]","206","MM","Upper","['*','*','*','*','*','*']","mobile","tm","tmqr",,"[PREMIUM]","[PREMIUM]","[]","2026-09-07 00:00:00","Rob Zombie and Marilyn Manson","music","2026-09-09 23:15:00","57928f09f80c41558f19e516"
"6a973eaa06838bd132b9d109","2026-09-01 23:59:40.256","2026-09-01 23:59:40.256","6a973eaa06838bd132b9d109","69696e19a6fbcb47aed0fd60","[PREMIUM]","[PREMIUM]","[PREMIUM]","[PREMIUM]","[PREMIUM]","[2]","103","F","Lower","['19','20']","mobile","tm","tmqr","super","[PREMIUM]","[PREMIUM]","[]","2026-09-08 23:15:00","Rob Zombie and Marilyn Manson","music","2026-09-09 23:15:00","57928f09f80c41558f19e516"
"6a9743e7bd42ed058eb1dc91","2026-09-01 23:59:40.256","2026-09-05 09:47:14.853","6a9743e7bd42ed058eb1dc91","69696e19a6fbcb47aed0fd60","[PREMIUM]","[PREMIUM]","[PREMIUM]","[PREMIUM]","[PREMIUM]","[1,2,3,4,6,8]","207","UU","Upper","['*','*','*','*','*','*','*','*']","mobile","tm","tmqr","great","[PREMIUM]","[PREMIUM]","[]","2026-09-07 00:00:00","Rob Zombie and Marilyn Manson","music","2026-09-09 23:15:00","57928f09f80c41558f19e516"
"6a96404c368ff6ef52f93f11","2026-09-01 23:59:40.256","2026-09-03 03:23:38.986","6a96404c368ff6ef52f93f11","69696e19a6fbcb47aed0fd60","[PREMIUM]","[PREMIUM]","[PREMIUM]","[PREMIUM]","[PREMIUM]","[2]","101","K","Lower","['6','7']","mobile","tm","tmqr","amazing","[PREMIUM]","[PREMIUM]","[]","2026-09-08 00:00:00","Rob Zombie and Marilyn Manson","music","2026-09-09 23:15:00","57928f09f80c41558f19e516"
"6a975d0528c7ce1ebbb66296","2026-09-01 23:59:40.256","2026-09-01 23:59:40.256","6a975d0528c7ce1ebbb66296","69696e19a6fbcb47aed0fd60","[PREMIUM]","[PREMIUM]","[PREMIUM]","[PREMIUM]","[PREMIUM]","[1,2,3,4,5]","207","QQ","Upper","['*','*','*','*','*']","mobile","tm","tmqr",,"[PREMIUM]","[PREMIUM]","[]","2026-09-08 00:00:00","Rob Zombie and Marilyn Manson","music","2026-09-09 23:15:00","57928f09f80c41558f19e516"
"6a94bf98af4f4c1eb094ee88","2026-09-01 23:59:40.256","2026-09-01 23:59:40.256","6a94bf98af4f4c1eb094ee88","69696e19a6fbcb47aed0fd60","[PREMIUM]","[PREMIUM]","[PREMIUM]","[PREMIUM]","[PREMIUM]","[1,2,3,4,6,8]","201","WW","Upper","['*','*','*','*','*','*','*','*']","mobile","tm","tmqr","great","[PREMIUM]","[PREMIUM]","[]","2026-09-07 00:00:00","Rob Zombie and Marilyn Manson","music","2026-09-09 23:15:00","57928f09f80c41558f19e516"
"6a94bfa994268e819d4d415a","2026-09-01 23:59:40.256","2026-09-05 09:47:14.853","6a94bfa994268e819d4d415a","69696e19a6fbcb47aed0fd60","[PREMIUM]","[PREMIUM]","[PREMIUM]","[PREMIUM]","[PREMIUM]","[2]","202","DD","Upper","['*','*']","mobile","tm","tmqr","great","[PREMIUM]","[PREMIUM]","[]","2026-09-07 00:00:00","Rob Zombie and Marilyn Manson","music","2026-09-09 23:15:00","57928f09f80c41558f19e516"
"6a94bc408860a79c155c3b13","2026-09-01 23:59:40.256","2026-09-01 23:59:40.256","6a94bc408860a79c155c3b13","69696e19a6fbcb47aed0fd60","[PREMIUM]","[PREMIUM]","[PREMIUM]","[PREMIUM]","[PREMIUM]","[1,2,3,4,6,8]","101","Q","Lower","['*','*','*','*','*','*','*','*']","mobile","tm","tmqr",,"[PREMIUM]","[PREMIUM]","[]","2026-09-07 00:00:00","Rob Zombie and Marilyn Manson","music","2026-09-09 23:15:00","57928f09f80c41558f19e516"
"6a96102be41452900b28df16","2026-09-01 23:59:40.256","2026-09-05 09:47:14.853","6a96102be41452900b28df16","69696e19a6fbcb47aed0fd60","[PREMIUM]","[PREMIUM]","[PREMIUM]","[PREMIUM]","[PREMIUM]","[2]","102","G","Lower","['*','*']","mobile","tm","tmqr",,"[PREMIUM]","[PREMIUM]","[]","2026-09-08 00:00:00","Rob Zombie and Marilyn Manson","music","2026-09-09 23:15:00","57928f09f80c41558f19e516"
"6a9095cd25713e4a9be04e06","2026-09-01 23:59:40.256","2026-09-03 03:23:38.986","6a9095cd25713e4a9be04e06","69696e19a6fbcb47aed0fd60","[PREMIUM]","[PREMIUM]","[PREMIUM]","[PREMIUM]","[PREMIUM]","[2]","201","QQ","Upper","['*','*']","mobile","tm","tmqr",,"[PREMIUM]","[PREMIUM]","[]","2026-09-08 00:00:00","Rob Zombie and Marilyn Manson","music","2026-09-09 23:15:00","57928f09f80c41558f19e516"
"6a94c32a23f4891c33a886fc","2026-09-01 23:59:40.256","2026-09-01 23:59:40.256","6a94c32a23f4891c33a886fc","69696e19a6fbcb47aed0fd60","[PREMIUM]","[PREMIUM]","[PREMIUM]","[PREMIUM]","[PREMIUM]","[1,2,3,4,6,8]","103","R","Lower","['*','*','*','*','*','*','*','*']","mobile","tm","tmqr",,"[PREMIUM]","[PREMIUM]","[]","2026-09-07 00:00:00","Rob Zombie and Marilyn Manson","music","2026-09-09 23:15:00","57928f09f80c41558f19e516"
"6a9734ac2924f336be312b88","2026-09-01 23:59:40.126","2026-09-08 19:42:45.261","6a9734ac2924f336be312b88","697fef5059f46b04f6f84ae9","[PREMIUM]","[PREMIUM]","[PREMIUM]","[PREMIUM]","[PREMIUM]","[2,4]","GA2","GA",,"['*','*','*','*']","mobile","tm","tmqr","cheapest","[PREMIUM]","[PREMIUM]","[]",,"DeVotchKa","music","2026-09-09 22:30:00","643079aeaf2a9a0001d3d49e"
"6a9726ddbd7087abe009ae83","2026-09-01 23:59:39.983","2026-09-01 23:59:39.983","6a9726ddbd7087abe009ae83","68daed2ea840ea1349ed17db","[PREMIUM]","[PREMIUM]","[PREMIUM]","[PREMIUM]","[PREMIUM]","[2]","304","EE","Balcony","['*','*']","mobile","tm","tmqr","cheapest","[PREMIUM]","[PREMIUM]","[]","2026-09-08 00:00:00","Cirque Du Soleil O","theater","2026-09-10 01:30:00","568d94b2f80c417330000001"
"6a97275344575cf61a228a9d","2026-09-01 23:59:39.983","2026-09-01 23:59:39.983","6a97275344575cf61a228a9d","68daed2ea840ea1349ed17db","[PREMIUM]","[PREMIUM]","[PREMIUM]","[PREMIUM]","[PREMIUM]","[2]","101","B","Lower Orchestra","['*','*']","mobile","tm","tmqr","great","[PREMIUM]","[PREMIUM]","[]","2026-09-08 00:00:00","Cirque Du Soleil O","theater","2026-09-10 01:30:00","568d94b2f80c417330000001"
"6a96609b2924f336be0efe19","2026-09-01 23:59:39.983","2026-09-01 23:59:39.983","6a96609b2924f336be0efe19","68daed2ea840ea1349ed17db","[PREMIUM]","[PREMIUM]","[PREMIUM]","[PREMIUM]","[PREMIUM]","[1,2,3]","201","P","Upper Orchestra","['*','*','*']","mobile","tm","tmqr","great","[PREMIUM]","[PREMIUM]","[]","2026-09-08 00:00:00","Cirque Du Soleil O","theater","2026-09-10 01:30:00","568d94b2f80c417330000001"
"6a94b80041e3f2cb650ac5db","2026-09-01 23:59:39.983","2026-09-01 23:59:39.983","6a94b80041e3f2cb650ac5db","68daed2ea840ea1349ed17db","[PREMIUM]","[PREMIUM]","[PREMIUM]","[PREMIUM]","[PREMIUM]","[2]","105","B","Lower Orchestra","['*','*']","mobile","tm","tmqr","great","[PREMIUM]","[PREMIUM]","[]","2026-09-08 00:00:00","Cirque Du Soleil O","theater","2026-09-10 01:30:00","568d94b2f80c417330000001"
"6a971df418a5728cd863a126","2026-09-01 23:59:39.983","2026-09-01 23:59:39.983","6a971df418a5728cd863a126","68daed2ea840ea1349ed17db","[PREMIUM]","[PREMIUM]","[PREMIUM]","[PREMIUM]","[PREMIUM]","[2]","203","X","Upper Orchestra","['*','*']","mobile","tm","tmqr","great","[PREMIUM]","[PREMIUM]","[]","2026-09-08 00:00:00","Cirque Du Soleil O","theater","2026-09-10 01:30:00","568d94b2f80c417330000001"
"6a971c1e2924f336bed8020f","2026-09-01 23:59:39.983","2026-09-01 23:59:39.983","6a971c1e2924f336bed8020f","68daed2ea840ea1349ed17db","[PREMIUM]","[PREMIUM]","[PREMIUM]","[PREMIUM]","[PREMIUM]","[1,2]","205","P","Upper Orchestra","['*','*']","mobile","tm","tmqr","great","[PREMIUM]","[PREMIUM]","[]","2026-09-08 00:00:00","Cirque Du Soleil O","theater","2026-09-10 01:30:00","568d94b2f80c417330000001"
"6a3d6e8f239cabfa2cd0fe5a","2026-09-01 23:59:39.018","2026-09-01 23:59:39.018","6a3d6e8f239cabfa2cd0fe5a","699c9fcb684ce42d75289a69","[PREMIUM]","[PREMIUM]","[PREMIUM]","[PREMIUM]","[PREMIUM]","[2,4]","MLC","7","Middle Left Center","['*','*','*','*']","mobile","axs","tmqr","great","[PREMIUM]","[PREMIUM]","[]","2026-09-08 00:00:00","Cole Swindell","music","2026-09-10 00:30:00","56038372f80c41109a000001"
"6a86391ca105e8d60bb40d08","2026-09-01 23:59:39.018","2026-09-01 23:59:39.018","6a86391ca105e8d60bb40d08","699c9fcb684ce42d75289a69","[PREMIUM]","[PREMIUM]","[PREMIUM]","[PREMIUM]","[PREMIUM]","[2,4]","RIGHT","20","Right","['*','*','*','*']","mobile","axs","tmqr",,"[PREMIUM]","[PREMIUM]","[]","2026-09-07 00:00:00","Cole Swindell","music","2026-09-10 00:30:00","56038372f80c41109a000001"
"69a21349c42be979a8bb75ec","2026-09-01 23:59:39.018","2026-09-03 03:23:38.973","69a21349c42be979a8bb75ec","699c9fcb684ce42d75289a69","[PREMIUM]","[PREMIUM]","[PREMIUM]","[PREMIUM]","[PREMIUM]","[2]","BR","33","Back Right","['*','*']","mobile","axs","tmqr","amazing","[PREMIUM]","[PREMIUM]","[]","2026-09-07 00:00:00","Cole Swindell","music","2026-09-10 00:30:00","56038372f80c41109a000001"
"6a964ea118b121545d09db09","2026-09-01 23:59:39.018","2026-09-05 09:47:14.359","6a964ea118b121545d09db09","699c9fcb684ce42d75289a69","[PREMIUM]","[PREMIUM]","[PREMIUM]","[PREMIUM]","[PREMIUM]","[2,4]","BLC","38","Back Left Center","['*','*','*','*']","mobile","axs","tmqr","great","[PREMIUM]","[PREMIUM]","[]","2026-09-07 00:00:00","Cole Swindell","music","2026-09-10 00:30:00","56038372f80c41109a000001"
"6a94bdbf2924f336be8ab81c","2026-09-01 23:59:39.018","2026-09-01 23:59:39.018","6a94bdbf2924f336be8ab81c","699c9fcb684ce42d75289a69","[PREMIUM]","[PREMIUM]","[PREMIUM]","[PREMIUM]","[PREMIUM]","[1,2,4]","RIGHT","8","Right","['*','*','*','*']","mobile","axs","tmqr","great","[PREMIUM]","[PREMIUM]","[]","2026-09-07 00:00:00","Cole Swindell","music","2026-09-10 00:30:00","56038372f80c41109a000001"
"6a95fa5b58984a6d4edae858","2026-09-01 23:59:38.957","2026-09-03 03:23:38.912","6a95fa5b58984a6d4edae858","698bae24cf649c242c4c9345","[PREMIUM]","[PREMIUM]","[PREMIUM]","[PREMIUM]","[PREMIUM]","[1,2,3,5]","102","X","Lower","['7','8','9','10','11']","mobile","tm","tmqr","great","[PREMIUM]","[PREMIUM]","[]","2026-09-08 23:30:00","Jimmy Eat World","music","2026-09-09 23:30:00","6101e79fa20ef2000134a6bd"
"6a96df5047d23c91166db9ce","2026-09-01 23:59:38.957","2026-09-03 03:23:38.912","6a96df5047d23c91166db9ce","698bae24cf649c242c4c9345","[PREMIUM]","[PREMIUM]","[PREMIUM]","[PREMIUM]","[PREMIUM]","[2]","105","V","Lower","['14','15']","mobile","tm","tmqr","great","[PREMIUM]","[PREMIUM]","[]","2026-09-08 23:30:00","Jimmy Eat World","music","2026-09-09 23:30:00","6101e79fa20ef2000134a6bd"
"6a8a11007839fc60f23cea0f","2026-09-01 23:59:38.957","2026-09-05 09:47:14.447","6a8a11007839fc60f23cea0f","698bae24cf649c242c4c9345","[PREMIUM]","[PREMIUM]","[PREMIUM]","[PREMIUM]","[PREMIUM]","[2]","105","P","Lower","['14','15']","mobile","tm","tmqr","great","[PREMIUM]","[PREMIUM]","[]","2026-09-08 23:30:00","Jimmy Eat World","music","2026-09-09 23:30:00","6101e79fa20ef2000134a6bd"
"6a3c837797c791990d4907d3","2026-09-01 23:59:38.957","2026-09-01 23:59:38.957","6a3c837797c791990d4907d3","698bae24cf649c242c4c9345","[PREMIUM]","[PREMIUM]","[PREMIUM]","[PREMIUM]","[PREMIUM]","[1,2]","LAWN","GA","Lawn","['*','*']","mobile","tm","tmqr","amazing","[PREMIUM]","[PREMIUM]","[]","2026-09-08 00:00:00","Jimmy Eat World","music","2026-09-09 23:30:00","6101e79fa20ef2000134a6bd"
"6a97357ed102e88c96f60780","2026-09-01 23:59:38.957","2026-09-01 23:59:38.957","6a97357ed102e88c96f60780","698bae24cf649c242c4c9345","[PREMIUM]","[PREMIUM]","[PREMIUM]","[PREMIUM]","[PREMIUM]","[2]","204","P","Middle","['25','26']","mobile","tm","tmqr","cheapest","[PREMIUM]","[PREMIUM]","[]","2026-09-08 00:00:00","Jimmy Eat World","music","2026-09-09 23:30:00","6101e79fa20ef2000134a6bd"
"6a96f71818b121545d0b225a","2026-09-01 23:59:38.957","2026-09-01 23:59:38.957","6a96f71818b121545d0b225a","698bae24cf649c242c4c9345","[PREMIUM]","[PREMIUM]","[PREMIUM]","[PREMIUM]","[PREMIUM]","[2,3,4,5,7]","105","DD","Lower","['*','*','*','*','*','*','*']","mobile","tm","tmqr","great","[PREMIUM]","[PREMIUM]","[]","2026-09-07 00:00:00","Jimmy Eat World","music","2026-09-09 23:30:00","6101e79fa20ef2000134a6bd"
"6a96f3d92924f336be374d5d","2026-09-01 23:59:38.957","2026-09-08 19:42:45.569","6a96f3d92924f336be374d5d","698bae24cf649c242c4c9345","[PREMIUM]","[PREMIUM]","[PREMIUM]","[PREMIUM]","[PREMIUM]","[2]","103","S","Lower","['3','4']","mobile","tm","tmqr","amazing","[PREMIUM]","[PREMIUM]","[]",,"Jimmy Eat World","music","2026-09-09 23:30:00","6101e79fa20ef2000134a6bd"
"6a961d88a5e6577faf79b241","2026-09-01 23:59:38.957","2026-09-01 23:59:38.957","6a961d88a5e6577faf79b241","698bae24cf649c242c4c9345","[PREMIUM]","[PREMIUM]","[PREMIUM]","[PREMIUM]","[PREMIUM]","[2]","104","V","Lower","['15','16']","mobile","tm","tmqr","amazing","[PREMIUM]","[PREMIUM]","[]","2026-09-08 23:30:00","Jimmy Eat World","music","2026-09-09 23:30:00","6101e79fa20ef2000134a6bd"
"6a9721a59b2fa93c6494dd98","2026-09-01 23:59:38.957","2026-09-08 19:42:45.569","6a9721a59b2fa93c6494dd98","698bae24cf649c242c4c9345","[PREMIUM]","[PREMIUM]","[PREMIUM]","[PREMIUM]","[PREMIUM]","[2]","101","D","Lower","['4','5']","mobile","tm","tmqr","great","[PREMIUM]","[PREMIUM]","[]","2026-09-08 23:30:00","Jimmy Eat World","music","2026-09-09 23:30:00","6101e79fa20ef2000134a6bd"
"6a951eca7d7a0a3d16e02053","2026-09-01 23:59:38.954","2026-09-04 06:40:21.697","6a951eca7d7a0a3d16e02053","69cdb6f18ce7aab6b21a3e02","[PREMIUM]","[PREMIUM]","[PREMIUM]","[PREMIUM]","[PREMIUM]","[1,2,3,4]","N","3","Preferred","['*','*','*','*']","mobile","axs","tmqr","amazing","[PREMIUM]","[PREMIUM]","[]","2026-09-08 00:00:00","Johnny Blue Skies and the Dark Clouds","music","2026-09-10 01:30:00","599f43ba9da0d48c0d9b2f71"
"69f39ecd50ae950bcb175ddb","2026-09-01 23:59:38.801","2026-09-03 03:23:37.692","69f39ecd50ae950bcb175ddb","69f1332152b0d2b94cd9da8c","[PREMIUM]","[PREMIUM]","[PREMIUM]","[PREMIUM]","[PREMIUM]","[1,2,3,4,5,6,7,8]","GA","GA","GA","['*','*','*','*','*','*','*','*']","mobile","tm","tmqr","cheapest","[PREMIUM]","[PREMIUM]","[]","2026-09-08 00:00:00","Liz Phair with Sleater-Kinney","music","2026-09-10 01:00:00","56e73f96f80c4150b1000001"
"6a9750cb50a7985ec85a900f","2026-09-01 23:59:37.903","2026-09-09 23:04:48.574","6a9750cb50a7985ec85a900f","68911a5562d65c1d5c12a149","[PREMIUM]","[PREMIUM]","[PREMIUM]","[PREMIUM]","[PREMIUM]","[2]","12","3","Lower","['*','*']","mobile","my_pro_venue","tmqr","great","[PREMIUM]","[PREMIUM]","[]",,"Frisco Roughriders at Wichita Turbo Tubs","milb","2026-09-09 23:35:00","66bfd662866f7326548faf07"
"6a9718aab63dd3654f3f3cd2","2026-09-01 23:59:37.903","2026-09-05 09:47:11.394","6a9718aab63dd3654f3f3cd2","68911a5562d65c1d5c12a149","[PREMIUM]","[PREMIUM]","[PREMIUM]","[PREMIUM]","[PREMIUM]","[1,2,3,4,5,6,8]","16","12","Lower","['*','*','*','*','*','*','*','*']","mobile","my_pro_venue","tmqr",,"[PREMIUM]","[PREMIUM]","[]","2026-09-07 00:00:00","Frisco Roughriders at Wichita Turbo Tubs","milb","2026-09-09 23:35:00","66bfd662866f7326548faf07"
"6a95fc1518a5728cd8610a92","2026-09-01 23:59:37.890","2026-09-07 16:29:32.446","6a95fc1518a5728cd8610a92","6a3c8b1dfb71ebf47c38590d","[PREMIUM]","[PREMIUM]","[PREMIUM]","[PREMIUM]","[PREMIUM]","[2]","2","7","East Sideline","['*','*']","mobile",,"tmqr","amazing","[PREMIUM]","[PREMIUM]","[]","2026-09-08 22:30:00","IU Indy Jaguars at Purdue Boilermakers Womens Volleyball","vball","2026-09-09 22:30:00","68499ca7729bb8b4b84b379d"
"6a81f8aebe95c52a0fc3f9a2","2026-09-01 23:59:37.890","2026-09-03 03:23:36.695","6a81f8aebe95c52a0fc3f9a2","6a3c8b1dfb71ebf47c38590d","[PREMIUM]","[PREMIUM]","[PREMIUM]","[PREMIUM]","[PREMIUM]","[2]","11","11","East Sideline","['*','*']","mobile",,"tmqr","amazing","[PREMIUM]","[PREMIUM]","[]","2026-09-08 22:30:00","IU Indy Jaguars at Purdue Boilermakers Womens Volleyball","vball","2026-09-09 22:30:00","68499ca7729bb8b4b84b379d"
"6a9626674142374427a1f3cb","2026-09-01 23:59:37.890","2026-09-08 19:42:43.254","6a9626674142374427a1f3cb","6a3c8b1dfb71ebf47c38590d","[PREMIUM]","[PREMIUM]","[PREMIUM]","[PREMIUM]","[PREMIUM]","[1,2,3,4,5,6,7,8,9,10,12]","12","1","East Sideline","['4','5','6','7','8','9','10','11','12','13','14','15']","mobile",,"tmqr",,"[PREMIUM]","[PREMIUM]","[]",,"IU Indy Jaguars at Purdue Boilermakers Womens Volleyball","vball","2026-09-09 22:30:00","68499ca7729bb8b4b84b379d"
"6a7d2dd87fdd155124d5f5a1","2026-09-01 23:59:36.944","2026-09-07 16:29:27.989","6a7d2dd87fdd155124d5f5a1","68a66ad1d375b78ec2ecd35b","[PREMIUM]","[PREMIUM]","[PREMIUM]","[PREMIUM]","[PREMIUM]","[1,2,3,4,5,6,7,8,10]","111","L","100 Level","['*','*','*','*','*','*','*','*','*','*']","mobile","my_pro_venue","tmqr",,"[PREMIUM]","[PREMIUM]","[]",,"Omaha Storm Chasers at Indianapolis Indians","milb","2026-09-09 22:35:00","54eba92e64f96251e1000002"
"6a97394a2924f336be298d00","2026-09-01 23:59:36.944","2026-09-01 23:59:36.944","6a97394a2924f336be298d00","68a66ad1d375b78ec2ecd35b","[PREMIUM]","[PREMIUM]","[PREMIUM]","[PREMIUM]","[PREMIUM]","[1,2,3,4,5,7]","123","N","100 Level","['*','*','*','*','*','*','*']","mobile","my_pro_venue","tmqr","great","[PREMIUM]","[PREMIUM]","[]","2026-09-08 00:00:00","Omaha Storm Chasers at Indianapolis Indians","milb","2026-09-09 22:35:00","54eba92e64f96251e1000002"
"69b4449ef6fbc8b354eeefa3","2026-09-01 23:59:36.944","2026-09-07 16:29:27.989","69b4449ef6fbc8b354eeefa3","68a66ad1d375b78ec2ecd35b","[PREMIUM]","[PREMIUM]","[PREMIUM]","[PREMIUM]","[PREMIUM]","[1,2,3,4,5,6,7,8,9,10,11]","116","F","100 Level","['1','2','3','4','5','6','7','8','9','10','11']","electronic",,"tmqr","amazing","[PREMIUM]","[PREMIUM]","[]","2026-09-09 00:00:00","Omaha Storm Chasers at Indianapolis Indians","milb","2026-09-09 22:35:00","54eba92e64f96251e1000002"
"69a3170fc42be979a83d1a3e","2026-09-01 23:59:36.944","2026-09-07 16:29:27.989","69a3170fc42be979a83d1a3e","68a66ad1d375b78ec2ecd35b","[PREMIUM]","[PREMIUM]","[PREMIUM]","[PREMIUM]","[PREMIUM]","[1,2,3,4,5,6,8]","115","J","100 Level","['15','16','17','18','19','20','21','22']","mobile","my_pro_venue","tmqr","great","[PREMIUM]","[PREMIUM]","[]","2026-09-08 00:00:00","Omaha Storm Chasers at Indianapolis Indians","milb","2026-09-09 22:35:00","54eba92e64f96251e1000002"
"6a63c842de35e9c3022d5381","2026-09-01 23:59:36.901","2026-09-08 19:42:42.205","6a63c842de35e9c3022d5381","689cda0cc7f58c0edb49a93e","[PREMIUM]","[PREMIUM]","[PREMIUM]","[PREMIUM]","[PREMIUM]","[2,4]","109–112","TBD","Section","['*','*','*','*']","mobile","my_pro_venue","tmqr","zone","[PREMIUM]","[PREMIUM]","['zone_deal']",,"Buffalo Bisons at Charlotte Knights","milb","2026-09-09 22:35:00","54fde39964f9622fa4000001"
"6a95781e2924f336be17b69a","2026-09-01 23:59:36.901","2026-09-04 06:40:19.623","6a95781e2924f336be17b69a","689cda0cc7f58c0edb49a93e","[PREMIUM]","[PREMIUM]","[PREMIUM]","[PREMIUM]","[PREMIUM]","[2,4]","105","P","Field Box Seats","['*','*','*','*']","mobile","my_pro_venue","tmqr",,"[PREMIUM]","[PREMIUM]","[]","2026-09-07 00:00:00","Buffalo Bisons at Charlotte Knights","milb","2026-09-09 22:35:00","54fde39964f9622fa4000001"
"6a9578202924f336be180cfd","2026-09-01 23:59:36.901","2026-09-04 06:40:19.623","6a9578202924f336be180cfd","689cda0cc7f58c0edb49a93e","[PREMIUM]","[PREMIUM]","[PREMIUM]","[PREMIUM]","[PREMIUM]","[1,2,3,4,5,6,7,9]","117","G","Field Box Seats","['*','*','*','*','*','*','*','*','*']","mobile","my_pro_venue","tmqr",,"[PREMIUM]","[PREMIUM]","[]","2026-09-07 00:00:00","Buffalo Bisons at Charlotte Knights","milb","2026-09-09 22:35:00","54fde39964f9622fa4000001"
"6a91c9cb2924f336be443de6","2026-09-01 23:59:36.901","2026-09-08 19:42:42.205","6a91c9cb2924f336be443de6","689cda0cc7f58c0edb49a93e","[PREMIUM]","[PREMIUM]","[PREMIUM]","[PREMIUM]","[PREMIUM]","[1,2,3,4,5,6,7,8]","112","P","Budweiser Home Plate Club","['*','*','*','*','*','*','*','*']","mobile","my_pro_venue","tmqr","great","[PREMIUM]","[PREMIUM]","[]",,"Buffalo Bisons at Charlotte Knights","milb","2026-09-09 22:35:00","54fde39964f9622fa4000001"
"698ccd62a30d668b47027e83","2026-09-01 23:59:36.901","2026-09-08 19:42:42.205","698ccd62a30d668b47027e83","689cda0cc7f58c0edb49a93e","[PREMIUM]","[PREMIUM]","[PREMIUM]","[PREMIUM]","[PREMIUM]","[1,2,3,4,5,6,7,8,10]","103","N","Field Box Seats","['*','*','*','*','*','*','*','*','*','*']","mobile","my_pro_venue","tmqr",,"[PREMIUM]","[PREMIUM]","[]",,"Buffalo Bisons at Charlotte Knights","milb","2026-09-09 22:35:00","54fde39964f9622fa4000001"
"698ccd66a30d668b470390b6","2026-09-01 23:59:36.901","2026-09-01 23:59:36.901","698ccd66a30d668b470390b6","689cda0cc7f58c0edb49a93e","[PREMIUM]","[PREMIUM]","[PREMIUM]","[PREMIUM]","[PREMIUM]","[1,2,3,4,5,6,7,8,10]","120","M","Field Box Seats","['*','*','*','*','*','*','*','*','*','*']","mobile","my_pro_venue","tmqr",,"[PREMIUM]","[PREMIUM]","[]","2026-09-07 00:00:00","Buffalo Bisons at Charlotte Knights","milb","2026-09-09 22:35:00","54fde39964f9622fa4000001"
"698fa3d37f68d3e8aea2ef4e","2026-09-01 23:59:36.901","2026-09-04 06:40:19.623","698fa3d37f68d3e8aea2ef4e","689cda0cc7f58c0edb49a93e","[PREMIUM]","[PREMIUM]","[PREMIUM]","[PREMIUM]","[PREMIUM]","[2,4]","105","D","Field Box Seats","['17','18','19','20']","mobile","my_pro_venue","tmqr","amazing","[PREMIUM]","[PREMIUM]","[]","2026-09-07 00:00:00","Buffalo Bisons at Charlotte Knights","milb","2026-09-09 22:35:00","54fde39964f9622fa4000001"
"698fa3e47f68d3e8aea7d73f","2026-09-01 23:59:36.901","2026-09-03 03:23:36.885","698fa3e47f68d3e8aea7d73f","689cda0cc7f58c0edb49a93e","[PREMIUM]","[PREMIUM]","[PREMIUM]","[PREMIUM]","[PREMIUM]","[1,2,3,4,6]","106–108","TBD","Section","['*','*','*','*','*','*']","mobile","my_pro_venue","tmqr","zone","[PREMIUM]","[PREMIUM]","['zone_deal']","2026-09-07 00:00:00","Buffalo Bisons at Charlotte Knights","milb","2026-09-09 22:35:00","54fde39964f9622fa4000001"
"698ccd55a30d668b47ff89b9","2026-09-01 23:59:36.901","2026-09-04 06:40:19.623","698ccd55a30d668b47ff89b9","689cda0cc7f58c0edb49a93e","[PREMIUM]","[PREMIUM]","[PREMIUM]","[PREMIUM]","[PREMIUM]","[2,4]","116","M","Field Box Seats","['*','*','*','*']","mobile","my_pro_venue","tmqr",,"[PREMIUM]","[PREMIUM]","[]","2026-09-07 00:00:00","Buffalo Bisons at Charlotte Knights","milb","2026-09-09 22:35:00","54fde39964f9622fa4000001"
"698ccd59a30d668b47009886","2026-09-01 23:59:36.901","2026-09-01 23:59:36.901","698ccd59a30d668b47009886","689cda0cc7f58c0edb49a93e","[PREMIUM]","[PREMIUM]","[PREMIUM]","[PREMIUM]","[PREMIUM]","[2]","HR5","E","RF Home Run Seats","['*','*']","mobile","my_pro_venue","tmqr",,"[PREMIUM]","[PREMIUM]","[]","2026-09-07 00:00:00","Buffalo Bisons at Charlotte Knights","milb","2026-09-09 22:35:00","54fde39964f9622fa4000001"
"6a972f212924f336be03fd55","2026-09-01 23:59:36.901","2026-09-01 23:59:36.901","6a972f212924f336be03fd55","689cda0cc7f58c0edb49a93e","[PREMIUM]","[PREMIUM]","[PREMIUM]","[PREMIUM]","[PREMIUM]","[2]","202","B","Upper Club Seats","['*','*']","mobile","my_pro_venue","tmqr","great","[PREMIUM]","[PREMIUM]","[]","2026-09-08 00:00:00","Buffalo Bisons at Charlotte Knights","milb","2026-09-09 22:35:00","54fde39964f9622fa4000001"
"6a972ef92924f336befb832c","2026-09-01 23:59:36.901","2026-09-01 23:59:36.901","6a972ef92924f336befb832c","689cda0cc7f58c0edb49a93e","[PREMIUM]","[PREMIUM]","[PREMIUM]","[PREMIUM]","[PREMIUM]","[1,2,3,4,5,6,7,8]","HR4","C","RF Home Run Seats","['*','*','*','*','*','*','*','*']","mobile","my_pro_venue","tmqr","great","[PREMIUM]","[PREMIUM]","[]","2026-09-08 00:00:00","Buffalo Bisons at Charlotte Knights","milb","2026-09-09 22:35:00","54fde39964f9622fa4000001"
"6a972eea2924f336bef85bbc","2026-09-01 23:59:36.901","2026-09-01 23:59:36.901","6a972eea2924f336bef85bbc","689cda0cc7f58c0edb49a93e","[PREMIUM]","[PREMIUM]","[PREMIUM]","[PREMIUM]","[PREMIUM]","[1,2,4]","203","B","Upper Club Seats","['*','*','*','*']","mobile","my_pro_venue","tmqr",,"[PREMIUM]","[PREMIUM]","[]","2026-09-08 00:00:00","Buffalo Bisons at Charlotte Knights","milb","2026-09-09 22:35:00","54fde39964f9622fa4000001"
"6a972eea2924f336bef85ee0","2026-09-01 23:59:36.901","2026-09-01 23:59:36.901","6a972eea2924f336bef85ee0","689cda0cc7f58c0edb49a93e","[PREMIUM]","[PREMIUM]","[PREMIUM]","[PREMIUM]","[PREMIUM]","[1,2,3,4,6]","204","B","Upper Club Seats","['*','*','*','*','*','*']","mobile","my_pro_venue","tmqr","great","[PREMIUM]","[PREMIUM]","[]","2026-09-08 00:00:00","Buffalo Bisons at Charlotte Knights","milb","2026-09-09 22:35:00","54fde39964f9622fa4000001"
"6a8783eccffaf86160791279","2026-09-01 23:59:36.901","2026-09-08 19:42:42.205","6a8783eccffaf86160791279","689cda0cc7f58c0edb49a93e","[PREMIUM]","[PREMIUM]","[PREMIUM]","[PREMIUM]","[PREMIUM]","[1,2,3,4,5,6,7,8]","104","U","Field Box Seats","['*','*','*','*','*','*','*','*']","mobile","my_pro_venue","tmqr",,"[PREMIUM]","[PREMIUM]","[]",,"Buffalo Bisons at Charlotte Knights","milb","2026-09-09 22:35:00","54fde39964f9622fa4000001"
"6a8783abcffaf8616067a38e","2026-09-01 23:59:36.901","2026-09-04 06:40:19.623","6a8783abcffaf8616067a38e","689cda0cc7f58c0edb49a93e","[PREMIUM]","[PREMIUM]","[PREMIUM]","[PREMIUM]","[PREMIUM]","[1,2,3,4,5,6,7,8]","109","U","Budweiser Home Plate Club","['*','*','*','*','*','*','*','*']","mobile","my_pro_venue","tmqr",,"[PREMIUM]","[PREMIUM]","[]","2026-09-08 00:00:00","Buffalo Bisons at Charlotte Knights","milb","2026-09-09 22:35:00","54fde39964f9622fa4000001"
"6a970f722924f336beca4856","2026-09-01 23:59:36.901","2026-09-03 03:23:36.885","6a970f722924f336beca4856","689cda0cc7f58c0edb49a93e","[PREMIUM]","[PREMIUM]","[PREMIUM]","[PREMIUM]","[PREMIUM]","[1,2,3,4,5,6,7,8,10]","106","H","Field Box Seats","['*','*','*','*','*','*','*','*','*','*']","mobile","my_pro_venue","tmqr",,"[PREMIUM]","[PREMIUM]","[]","2026-09-07 00:00:00","Buffalo Bisons at Charlotte Knights","milb","2026-09-09 22:35:00","54fde39964f9622fa4000001"
"6a970f1fec0885fdefefa241","2026-09-01 23:59:36.901","2026-09-03 03:23:36.885","6a970f1fec0885fdefefa241","689cda0cc7f58c0edb49a93e","[PREMIUM]","[PREMIUM]","[PREMIUM]","[PREMIUM]","[PREMIUM]","[2,4]","115","R","Field Box Seats","['*','*','*','*']","mobile","my_pro_venue","tmqr","amazing","[PREMIUM]","[PREMIUM]","[]","2026-09-07 00:00:00","Buffalo Bisons at Charlotte Knights","milb","2026-09-09 22:35:00","54fde39964f9622fa4000001"
"6a970f682924f336bec81f93","2026-09-01 23:59:36.901","2026-09-03 03:23:36.885","6a970f682924f336bec81f93","689cda0cc7f58c0edb49a93e","[PREMIUM]","[PREMIUM]","[PREMIUM]","[PREMIUM]","[PREMIUM]","[2]","107","R","Field Box Seats","['*','*']","mobile","my_pro_venue","tmqr",,"[PREMIUM]","[PREMIUM]","[]","2026-09-07 00:00:00","Buffalo Bisons at Charlotte Knights","milb","2026-09-09 22:35:00","54fde39964f9622fa4000001"
"6a970f20eba0965f9203a731","2026-09-01 23:59:36.901","2026-09-03 03:23:36.885","6a970f20eba0965f9203a731","689cda0cc7f58c0edb49a93e","[PREMIUM]","[PREMIUM]","[PREMIUM]","[PREMIUM]","[PREMIUM]","[2,4]","116","H","Field Box Seats","['*','*','*','*']","mobile","my_pro_venue","tmqr",,"[PREMIUM]","[PREMIUM]","[]","2026-09-07 00:00:00","Buffalo Bisons at Charlotte Knights","milb","2026-09-09 22:35:00","54fde39964f9622fa4000001"
"6a970f682924f336bec81f9a","2026-09-01 23:59:36.901","2026-09-04 06:40:19.623","6a970f682924f336bec81f9a","689cda0cc7f58c0edb49a93e","[PREMIUM]","[PREMIUM]","[PREMIUM]","[PREMIUM]","[PREMIUM]","[2,4]","109","P","Budweiser Home Plate Club","['*','*','*','*']","mobile","my_pro_venue","tmqr",,"[PREMIUM]","[PREMIUM]","[]","2026-09-07 00:00:00","Buffalo Bisons at Charlotte Knights","milb","2026-09-09 22:35:00","54fde39964f9622fa4000001"
"6a970f1f82c1ec735bcecbb2","2026-09-01 23:59:36.901","2026-09-03 03:23:36.885","6a970f1f82c1ec735bcecbb2","689cda0cc7f58c0edb49a93e","[PREMIUM]","[PREMIUM]","[PREMIUM]","[PREMIUM]","[PREMIUM]","[1,2,3,4,6]","114","R","Field Box Seats","['*','*','*','*','*','*']","mobile","my_pro_venue","tmqr","amazing","[PREMIUM]","[PREMIUM]","[]","2026-09-07 00:00:00","Buffalo Bisons at Charlotte Knights","milb","2026-09-09 22:35:00","54fde39964f9622fa4000001"
"6a970f21fcfcd4d95b1fb9e2","2026-09-01 23:59:36.901","2026-09-04 06:40:19.623","6a970f21fcfcd4d95b1fb9e2","689cda0cc7f58c0edb49a93e","[PREMIUM]","[PREMIUM]","[PREMIUM]","[PREMIUM]","[PREMIUM]","[2,4]","113","D","Budweiser Home Plate Club","['*','*','*','*']","mobile","my_pro_venue","tmqr","great","[PREMIUM]","[PREMIUM]","[]","2026-09-07 00:00:00","Buffalo Bisons at Charlotte Knights","milb","2026-09-09 22:35:00","54fde39964f9622fa4000001"
"6a970f922924f336bed0b1aa","2026-09-01 23:59:36.901","2026-09-03 03:23:36.885","6a970f922924f336bed0b1aa","689cda0cc7f58c0edb49a93e","[PREMIUM]","[PREMIUM]","[PREMIUM]","[PREMIUM]","[PREMIUM]","[2]","117","L","Field Box Seats","['*','*']","mobile","my_pro_venue","tmqr",,"[PREMIUM]","[PREMIUM]","[]","2026-09-07 00:00:00","Buffalo Bisons at Charlotte Knights","milb","2026-09-09 22:35:00","54fde39964f9622fa4000001"
"6a970f6b2924f336bec8f576","2026-09-01 23:59:36.901","2026-09-04 06:40:19.623","6a970f6b2924f336bec8f576","689cda0cc7f58c0edb49a93e","[PREMIUM]","[PREMIUM]","[PREMIUM]","[PREMIUM]","[PREMIUM]","[1,2,3,4,5,6,8]","112","K","Budweiser Home Plate Club","['*','*','*','*','*','*','*','*']","mobile","my_pro_venue","tmqr","great","[PREMIUM]","[PREMIUM]","[]","2026-09-07 00:00:00","Buffalo Bisons at Charlotte Knights","milb","2026-09-09 22:35:00","54fde39964f9622fa4000001"
"6a970f952924f336bed153ca","2026-09-01 23:59:36.901","2026-09-03 03:23:36.885","6a970f952924f336bed153ca","689cda0cc7f58c0edb49a93e","[PREMIUM]","[PREMIUM]","[PREMIUM]","[PREMIUM]","[PREMIUM]","[2,4]","118","Q","Field Box Seats","['*','*','*','*']","mobile","my_pro_venue","tmqr","great","[PREMIUM]","[PREMIUM]","[]","2026-09-07 00:00:00","Buffalo Bisons at Charlotte Knights","milb","2026-09-09 22:35:00","54fde39964f9622fa4000001"
"6a970f772924f336becb3c6c","2026-09-01 23:59:36.901","2026-09-04 06:40:19.623","6a970f772924f336becb3c6c","689cda0cc7f58c0edb49a93e","[PREMIUM]","[PREMIUM]","[PREMIUM]","[PREMIUM]","[PREMIUM]","[1,2,3,4,6]","109","K","Budweiser Home Plate Club","['*','*','*','*','*','*']","mobile","my_pro_venue","tmqr",,"[PREMIUM]","[PREMIUM]","[]","2026-09-07 00:00:00","Buffalo Bisons at Charlotte Knights","milb","2026-09-09 22:35:00","54fde39964f9622fa4000001"
"6a970f722924f336beca4863","2026-09-01 23:59:36.901","2026-09-03 03:23:36.885","6a970f722924f336beca4863","689cda0cc7f58c0edb49a93e","[PREMIUM]","[PREMIUM]","[PREMIUM]","[PREMIUM]","[PREMIUM]","[2,4]","106","R","Field Box Seats","['*','*','*','*']","mobile","my_pro_venue","tmqr",,"[PREMIUM]","[PREMIUM]","[]","2026-09-07 00:00:00","Buffalo Bisons at Charlotte Knights","milb","2026-09-09 22:35:00","54fde39964f9622fa4000001"
"6a9645662924f336be157f61","2026-09-01 23:59:36.901","2026-09-06 13:11:11.711","6a9645662924f336be157f61","689cda0cc7f58c0edb49a93e","[PREMIUM]","[PREMIUM]","[PREMIUM]","[PREMIUM]","[PREMIUM]","[2]","108","V","Field Box Seats","['*','*']","mobile","my_pro_venue","tmqr",,"[PREMIUM]","[PREMIUM]","[]","2026-09-08 00:00:00","Buffalo Bisons at Charlotte Knights","milb","2026-09-09 22:35:00","54fde39964f9622fa4000001"
"6a95fe62694d5ef705bdb035","2026-09-01 23:59:36.828","2026-09-01 23:59:36.828","6a95fe62694d5ef705bdb035","68adc4335d12b4e5a2d0fdc2","[PREMIUM]","[PREMIUM]","[PREMIUM]","[PREMIUM]","[PREMIUM]","[1,2,3,4,6,8]","120","DR","Reserved","['*','*','*','*','*','*','*','*']","mobile","tm","tmqr","great","[PREMIUM]","[PREMIUM]","[]","2026-09-08 00:00:00","Round Rock Express at Salt Lake Bees","milb","2026-09-10 00:35:00","67f02256192ef5bcfb19620f"
"6a95f436fcfcd4d95b1d34aa","2026-09-01 23:59:36.828","2026-09-03 03:23:35.156","6a95f436fcfcd4d95b1d34aa","68adc4335d12b4e5a2d0fdc2","[PREMIUM]","[PREMIUM]","[PREMIUM]","[PREMIUM]","[PREMIUM]","[1,2,3,4,6,8]","118","DR","Reserved","['*','*','*','*','*','*','*','*']","mobile","tm","tmqr","great","[PREMIUM]","[PREMIUM]","[]","2026-09-08 00:00:00","Round Rock Express at Salt Lake Bees","milb","2026-09-10 00:35:00","67f02256192ef5bcfb19620f"
"6a95fa7c2924f336be23cf43","2026-09-01 23:59:36.828","2026-09-03 03:23:35.156","6a95fa7c2924f336be23cf43","68adc4335d12b4e5a2d0fdc2","[PREMIUM]","[PREMIUM]","[PREMIUM]","[PREMIUM]","[PREMIUM]","[2,4,6]","106","9","Reserved","['9','10','11','12','13','14']","mobile","tm","tmqr","great","[PREMIUM]","[PREMIUM]","[]",,"Round Rock Express at Salt Lake Bees","milb","2026-09-10 00:35:00","67f02256192ef5bcfb19620f"
"6a970770a8148a806fa86611","2026-09-01 23:59:36.828","2026-09-01 23:59:36.828","6a970770a8148a806fa86611","68adc4335d12b4e5a2d0fdc2","[PREMIUM]","[PREMIUM]","[PREMIUM]","[PREMIUM]","[PREMIUM]","[1,2,3,4,5]","102","13","Reserved","['*','*','*','*','*']","mobile","tm","tmqr",,"[PREMIUM]","[PREMIUM]","[]","2026-09-08 00:00:00","Round Rock Express at Salt Lake Bees","milb","2026-09-10 00:35:00","67f02256192ef5bcfb19620f"
"6a961fd058984a6d4edb65da","2026-09-01 23:59:36.828","2026-09-01 23:59:36.828","6a961fd058984a6d4edb65da","68adc4335d12b4e5a2d0fdc2","[PREMIUM]","[PREMIUM]","[PREMIUM]","[PREMIUM]","[PREMIUM]","[1,2,3]","212","1","Terrace Club","['*','*','*']","mobile","tm","tmqr",,"[PREMIUM]","[PREMIUM]","[]","2026-09-08 00:00:00","Round Rock Express at Salt Lake Bees","milb","2026-09-10 00:35:00","67f02256192ef5bcfb19620f"
"6a95be164f2f8d8449e4ccf4","2026-09-01 23:59:36.828","2026-09-01 23:59:36.828","6a95be164f2f8d8449e4ccf4","68adc4335d12b4e5a2d0fdc2","[PREMIUM]","[PREMIUM]","[PREMIUM]","[PREMIUM]","[PREMIUM]","[1,2,4,6]","114","DR","Reserved","['*','*','*','*','*','*']","mobile","tm","tmqr",,"[PREMIUM]","[PREMIUM]","[]","2026-09-08 00:00:00","Round Rock Express at Salt Lake Bees","milb","2026-09-10 00:35:00","67f02256192ef5bcfb19620f"
"6a96c73747d23c91166d800d","2026-09-01 23:59:36.828","2026-09-01 23:59:36.828","6a96c73747d23c91166d800d","68adc4335d12b4e5a2d0fdc2","[PREMIUM]","[PREMIUM]","[PREMIUM]","[PREMIUM]","[PREMIUM]","[2,3,4,6]","110","15","Diamond Club","['*','*','*','*','*','*']","mobile","tm","tmqr",,"[PREMIUM]","[PREMIUM]","[]","2026-09-08 00:00:00","Round Rock Express at Salt Lake Bees","milb","2026-09-10 00:35:00","67f02256192ef5bcfb19620f"
"6a96c5ba96b47a3ce331feb6","2026-09-01 23:59:36.828","2026-09-01 23:59:36.828","6a96c5ba96b47a3ce331feb6","68adc4335d12b4e5a2d0fdc2","[PREMIUM]","[PREMIUM]","[PREMIUM]","[PREMIUM]","[PREMIUM]","[2,3,4,6]","111","13","Diamond Club","['*','*','*','*','*','*']","mobile","tm","tmqr",,"[PREMIUM]","[PREMIUM]","[]","2026-09-08 00:00:00","Round Rock Express at Salt Lake Bees","milb","2026-09-10 00:35:00","67f02256192ef5bcfb19620f"
"6996507e7f68d3e8ae48718b","2026-09-01 23:59:36.828","2026-09-08 19:42:41.901","6996507e7f68d3e8ae48718b","68adc4335d12b4e5a2d0fdc2","[PREMIUM]","[PREMIUM]","[PREMIUM]","[PREMIUM]","[PREMIUM]","[2]","103","2","Reserved","['*','*']","mobile","tm","tmqr","amazing","[PREMIUM]","[PREMIUM]","[]",,"Round Rock Express at Salt Lake Bees","milb","2026-09-10 00:35:00","67f02256192ef5bcfb19620f"
"6a9648162924f336be97575b","2026-09-01 23:59:36.828","2026-09-01 23:59:36.828","6a9648162924f336be97575b","68adc4335d12b4e5a2d0fdc2","[PREMIUM]","[PREMIUM]","[PREMIUM]","[PREMIUM]","[PREMIUM]","[1,2,3,4]","109","8","Diamond Club","['*','*','*','*']","mobile","tm","tmqr","great","[PREMIUM]","[PREMIUM]","[]","2026-09-08 00:00:00","Round Rock Express at Salt Lake Bees","milb","2026-09-10 00:35:00","67f02256192ef5bcfb19620f"
"6a975c14eba0965f92046dc5","2026-09-01 23:59:36.828","2026-09-01 23:59:36.828","6a975c14eba0965f92046dc5","68adc4335d12b4e5a2d0fdc2","[PREMIUM]","[PREMIUM]","[PREMIUM]","[PREMIUM]","[PREMIUM]","[1,2]","LAWN","GA","LAWN","['*','*']","mobile","tm","tmqr","amazing","[PREMIUM]","[PREMIUM]","[]","2026-09-08 00:00:00","Round Rock Express at Salt Lake Bees","milb","2026-09-10 00:35:00","67f02256192ef5bcfb19620f"
"6a9611672924f336be401afe","2026-09-01 23:59:36.828","2026-09-01 23:59:36.828","6a9611672924f336be401afe","68adc4335d12b4e5a2d0fdc2","[PREMIUM]","[PREMIUM]","[PREMIUM]","[PREMIUM]","[PREMIUM]","[2]","107","6","Reserved","['*','*']","mobile","tm","tmqr",,"[PREMIUM]","[PREMIUM]","[]","2026-09-09 00:00:00","Round Rock Express at Salt Lake Bees","milb","2026-09-10 00:35:00","67f02256192ef5bcfb19620f"
"6a9611732924f336be42a911","2026-09-01 23:59:36.828","2026-09-03 03:23:35.156","6a9611732924f336be42a911","68adc4335d12b4e5a2d0fdc2","[PREMIUM]","[PREMIUM]","[PREMIUM]","[PREMIUM]","[PREMIUM]","[2]","119","D","Reserved","['*','*']","mobile","tm","tmqr",,"[PREMIUM]","[PREMIUM]","[]","2026-09-09 00:00:00","Round Rock Express at Salt Lake Bees","milb","2026-09-10 00:35:00","67f02256192ef5bcfb19620f"
"6a96116d2924f336be416c64","2026-09-01 23:59:36.828","2026-09-01 23:59:36.828","6a96116d2924f336be416c64","68adc4335d12b4e5a2d0fdc2","[PREMIUM]","[PREMIUM]","[PREMIUM]","[PREMIUM]","[PREMIUM]","[2]","120","1","Reserved","['*','*']","mobile","tm","tmqr",,"[PREMIUM]","[PREMIUM]","[]","2026-09-09 00:00:00","Round Rock Express at Salt Lake Bees","milb","2026-09-10 00:35:00","67f02256192ef5bcfb19620f"
"6a9713e1d46aaebe3cf0d271","2026-09-01 23:59:36.771","2026-09-03 03:23:36.895","6a9713e1d46aaebe3cf0d271","689cd746321cb2df5f856b70","[PREMIUM]","[PREMIUM]","[PREMIUM]","[PREMIUM]","[PREMIUM]","[2,4]","101","C","Section","['6','7','8','9']","electronic",,"tmqr","great","[PREMIUM]","[PREMIUM]","[]",,"Hartford Yard Goats at Somerset Patriots","milb","2026-09-09 22:35:00","64ac6f8f22d7e400012d2f5c"
"6a9713e1ec0885fdefefaae9","2026-09-01 23:59:36.771","2026-09-03 03:23:36.895","6a9713e1ec0885fdefefaae9","689cd746321cb2df5f856b70","[PREMIUM]","[PREMIUM]","[PREMIUM]","[PREMIUM]","[PREMIUM]","[2,4]","103","B","Section","['3','4','5','6']","electronic",,"tmqr",,"[PREMIUM]","[PREMIUM]","[]",,"Hartford Yard Goats at Somerset Patriots","milb","2026-09-09 22:35:00","64ac6f8f22d7e400012d2f5c"
"6a9713e1e5436e9eeb408c42","2026-09-01 23:59:36.771","2026-09-03 03:23:36.895","6a9713e1e5436e9eeb408c42","689cd746321cb2df5f856b70","[PREMIUM]","[PREMIUM]","[PREMIUM]","[PREMIUM]","[PREMIUM]","[1,2,3,5]","106","D","Section","['5','6','7','8','9']","electronic",,"tmqr","great","[PREMIUM]","[PREMIUM]","[]",,"Hartford Yard Goats at Somerset Patriots","milb","2026-09-09 22:35:00","64ac6f8f22d7e400012d2f5c"
"6a9713e15fd1c8f19187760e","2026-09-01 23:59:36.771","2026-09-03 03:23:36.895","6a9713e15fd1c8f19187760e","689cd746321cb2df5f856b70","[PREMIUM]","[PREMIUM]","[PREMIUM]","[PREMIUM]","[PREMIUM]","[2]","102","C","Section","['4','5']","electronic",,"tmqr","great","[PREMIUM]","[PREMIUM]","[]",,"Hartford Yard Goats at Somerset Patriots","milb","2026-09-09 22:35:00","64ac6f8f22d7e400012d2f5c"
"6a9713e1293dcde7d327f216","2026-09-01 23:59:36.771","2026-09-03 03:23:36.895","6a9713e1293dcde7d327f216","689cd746321cb2df5f856b70","[PREMIUM]","[PREMIUM]","[PREMIUM]","[PREMIUM]","[PREMIUM]","[2]","110","A","Section","['3','4']","electronic",,"tmqr",,"[PREMIUM]","[PREMIUM]","[]",,"Hartford Yard Goats at Somerset Patriots","milb","2026-09-09 22:35:00","64ac6f8f22d7e400012d2f5c"
"6a9744442924f336bea624db","2026-09-01 23:59:35.768","2026-09-01 23:59:35.768","6a9744442924f336bea624db","68af5a57486ac15b7e7f736a","[PREMIUM]","[PREMIUM]","[PREMIUM]","[PREMIUM]","[PREMIUM]","[2]","28","8","Field Box","['*','*']","direct",,"tdc",,"[PREMIUM]","[PREMIUM]","[]","2026-09-09 00:00:00","Cleveland Guardians at Baltimore Orioles","mlb","2026-09-09 22:35:00","53bb068c3bf37624c3000004"
"6a97445f2924f336bead4fe9","2026-09-01 23:59:35.768","2026-09-01 23:59:35.768","6a97445f2924f336bead4fe9","68af5a57486ac15b7e7f736a","[PREMIUM]","[PREMIUM]","[PREMIUM]","[PREMIUM]","[PREMIUM]","[2]","53","6","Terrace Box - Infield","['*','*']","direct",,"tdc",,"[PREMIUM]","[PREMIUM]","[]","2026-09-09 00:00:00","Cleveland Guardians at Baltimore Orioles","mlb","2026-09-09 22:35:00","53bb068c3bf37624c3000004"
"6a9744442924f336bea63281","2026-09-01 23:59:35.768","2026-09-01 23:59:35.768","6a9744442924f336bea63281","68af5a57486ac15b7e7f736a","[PREMIUM]","[PREMIUM]","[PREMIUM]","[PREMIUM]","[PREMIUM]","[2,4]","59","1","Terrace Box - Outfield","['*','*','*','*']","direct",,"tdc",,"[PREMIUM]","[PREMIUM]","[]","2026-09-09 00:00:00","Cleveland Guardians at Baltimore Orioles","mlb","2026-09-09 22:35:00","53bb068c3bf37624c3000004"
"6a97445c2924f336beac6e21","2026-09-01 23:59:35.768","2026-09-01 23:59:35.768","6a97445c2924f336beac6e21","68af5a57486ac15b7e7f736a","[PREMIUM]","[PREMIUM]","[PREMIUM]","[PREMIUM]","[PREMIUM]","[2,4]","16","13","Field Box II","['*','*','*','*']","direct",,"tdc",,"[PREMIUM]","[PREMIUM]","[]","2026-09-09 00:00:00","Cleveland Guardians at Baltimore Orioles","mlb","2026-09-09 22:35:00","53bb068c3bf37624c3000004"
"6a97441b2924f336be9cb01e","2026-09-01 23:59:35.768","2026-09-01 23:59:35.768","6a97441b2924f336be9cb01e","68af5a57486ac15b7e7f736a","[PREMIUM]","[PREMIUM]","[PREMIUM]","[PREMIUM]","[PREMIUM]","[2]","42","22","Field Box","['*','*']","direct",,"tdc",,"[PREMIUM]","[PREMIUM]","[]","2026-09-09 00:00:00","Cleveland Guardians at Baltimore Orioles","mlb","2026-09-09 22:35:00","53bb068c3bf37624c3000004"
"6a97442f2924f336bea145c7","2026-09-01 23:59:35.768","2026-09-01 23:59:35.768","6a97442f2924f336bea145c7","68af5a57486ac15b7e7f736a","[PREMIUM]","[PREMIUM]","[PREMIUM]","[PREMIUM]","[PREMIUM]","[2]","98","1","Eutaw St Bleachers","['*','*']","direct",,"tdc",,"[PREMIUM]","[PREMIUM]","[]","2026-09-09 00:00:00","Cleveland Guardians at Baltimore Orioles","mlb","2026-09-09 22:35:00","53bb068c3bf37624c3000004"
"6a9744752924f336beb37d4e","2026-09-01 23:59:35.768","2026-09-01 23:59:35.768","6a9744752924f336beb37d4e","68af5a57486ac15b7e7f736a","[PREMIUM]","[PREMIUM]","[PREMIUM]","[PREMIUM]","[PREMIUM]","[2]","18","14","Field Box II","['*','*']","direct",,"tdc",,"[PREMIUM]","[PREMIUM]","[]","2026-09-09 00:00:00","Cleveland Guardians at Baltimore Orioles","mlb","2026-09-09 22:35:00","53bb068c3bf37624c3000004"
"6a9744332924f336bea211f7","2026-09-01 23:59:35.768","2026-09-01 23:59:35.768","6a9744332924f336bea211f7","68af5a57486ac15b7e7f736a","[PREMIUM]","[PREMIUM]","[PREMIUM]","[PREMIUM]","[PREMIUM]","[1,2,3]","72","5","LF Lower Box","['*','*','*']","direct",,"tdc",,"[PREMIUM]","[PREMIUM]","[]","2026-09-09 00:00:00","Cleveland Guardians at Baltimore Orioles","mlb","2026-09-09 22:35:00","53bb068c3bf37624c3000004"
"6a9744242924f336be9ebb39","2026-09-01 23:59:35.768","2026-09-01 23:59:35.768","6a9744242924f336be9ebb39","68af5a57486ac15b7e7f736a","[PREMIUM]","[PREMIUM]","[PREMIUM]","[PREMIUM]","[PREMIUM]","[2]","362","1","Upper Box - Outfield","['*','*']","direct",,"tdc",,"[PREMIUM]","[PREMIUM]","[]","2026-09-09 00:00:00","Cleveland Guardians at Baltimore Orioles","mlb","2026-09-09 22:35:00","53bb068c3bf37624c3000004"
"6a9744492924f336bea782e0","2026-09-01 23:59:35.768","2026-09-01 23:59:35.768","6a9744492924f336bea782e0","68af5a57486ac15b7e7f736a","[PREMIUM]","[PREMIUM]","[PREMIUM]","[PREMIUM]","[PREMIUM]","[2]","43","1","Terrace Box - Infield","['*','*']","direct",,"tdc",,"[PREMIUM]","[PREMIUM]","[]","2026-09-09 00:00:00","Cleveland Guardians at Baltimore Orioles","mlb","2026-09-09 22:35:00","53bb068c3bf37624c3000004"
"6a9744672924f336beaf6cbd","2026-09-01 23:59:35.768","2026-09-01 23:59:35.768","6a9744672924f336beaf6cbd","68af5a57486ac15b7e7f736a","[PREMIUM]","[PREMIUM]","[PREMIUM]","[PREMIUM]","[PREMIUM]","[2]","16","26","Field Box II","['*','*']","direct",,"tdc",,"[PREMIUM]","[PREMIUM]","[]","2026-09-09 00:00:00","Cleveland Guardians at Baltimore Orioles","mlb","2026-09-09 22:35:00","53bb068c3bf37624c3000004"
"6a97444e2924f336bea8ce18","2026-09-01 23:59:35.768","2026-09-01 23:59:35.768","6a97444e2924f336bea8ce18","68af5a57486ac15b7e7f736a","[PREMIUM]","[PREMIUM]","[PREMIUM]","[PREMIUM]","[PREMIUM]","[2]","46","20","Field Box","['*','*']","direct",,"tdc",,"[PREMIUM]","[PREMIUM]","[]","2026-09-09 00:00:00","Cleveland Guardians at Baltimore Orioles","mlb","2026-09-09 22:35:00","53bb068c3bf37624c3000004"
"6a9744772924f336beb41fae","2026-09-01 23:59:35.768","2026-09-01 23:59:35.768","6a9744772924f336beb41fae","68af5a57486ac15b7e7f736a","[PREMIUM]","[PREMIUM]","[PREMIUM]","[PREMIUM]","[PREMIUM]","[2]","50","19","Field Box","['*','*']","direct",,"tdc",,"[PREMIUM]","[PREMIUM]","[]","2026-09-09 00:00:00","Cleveland Guardians at Baltimore Orioles","mlb","2026-09-09 22:35:00","53bb068c3bf37624c3000004"
"6a9744532924f336bea9f6bd","2026-09-01 23:59:35.768","2026-09-01 23:59:35.768","6a9744532924f336bea9f6bd","68af5a57486ac15b7e7f736a","[PREMIUM]","[PREMIUM]","[PREMIUM]","[PREMIUM]","[PREMIUM]","[2]","22","2","Field Box","['*','*']","direct",,"tdc",,"[PREMIUM]","[PREMIUM]","[]","2026-09-09 00:00:00","Cleveland Guardians at Baltimore Orioles","mlb","2026-09-09 22:35:00","53bb068c3bf37624c3000004"
"6a9744422924f336bea5c583","2026-09-01 23:59:35.768","2026-09-01 23:59:35.768","6a9744422924f336bea5c583","68af5a57486ac15b7e7f736a","[PREMIUM]","[PREMIUM]","[PREMIUM]","[PREMIUM]","[PREMIUM]","[2]","248","9","Club Box - Infield","['*','*']","direct",,"tdc",,"[PREMIUM]","[PREMIUM]","[]","2026-09-09 00:00:00","Cleveland Guardians at Baltimore Orioles","mlb","2026-09-09 22:35:00","53bb068c3bf37624c3000004"
"6a9744712924f336beb280f9","2026-09-01 23:59:35.768","2026-09-01 23:59:35.768","6a9744712924f336beb280f9","68af5a57486ac15b7e7f736a","[PREMIUM]","[PREMIUM]","[PREMIUM]","[PREMIUM]","[PREMIUM]","[2]","326","1","Upper Box - Infield","['*','*']","direct",,"tdc",,"[PREMIUM]","[PREMIUM]","[]","2026-09-09 00:00:00","Cleveland Guardians at Baltimore Orioles","mlb","2026-09-09 22:35:00","53bb068c3bf37624c3000004"
"6a9744282924f336be9fb908","2026-09-01 23:59:35.768","2026-09-01 23:59:35.768","6a9744282924f336be9fb908","68af5a57486ac15b7e7f736a","[PREMIUM]","[PREMIUM]","[PREMIUM]","[PREMIUM]","[PREMIUM]","[2]","348","2","Upper Box - Infield","['*','*']","direct",,"tdc",,"[PREMIUM]","[PREMIUM]","[]","2026-09-09 00:00:00","Cleveland Guardians at Baltimore Orioles","mlb","2026-09-09 22:35:00","53bb068c3bf37624c3000004"
"6a97446b2924f336beb07c0b","2026-09-01 23:59:35.768","2026-09-01 23:59:35.768","6a97446b2924f336beb07c0b","68af5a57486ac15b7e7f736a","[PREMIUM]","[PREMIUM]","[PREMIUM]","[PREMIUM]","[PREMIUM]","[2]","14","1","Lower Box","['*','*']","direct",,"tdc",,"[PREMIUM]","[PREMIUM]","[]","2026-09-09 00:00:00","Cleveland Guardians at Baltimore Orioles","mlb","2026-09-09 22:35:00","53bb068c3bf37624c3000004"
"6a9744492924f336bea79788","2026-09-01 23:59:35.768","2026-09-01 23:59:35.768","6a9744492924f336bea79788","68af5a57486ac15b7e7f736a","[PREMIUM]","[PREMIUM]","[PREMIUM]","[PREMIUM]","[PREMIUM]","[2]","368","1","Upper Box - Outfield","['*','*']","direct",,"tdc",,"[PREMIUM]","[PREMIUM]","[]","2026-09-09 00:00:00","Cleveland Guardians at Baltimore Orioles","mlb","2026-09-09 22:35:00","53bb068c3bf37624c3000004"
"6a9744502924f336bea942e0","2026-09-01 23:59:35.768","2026-09-01 23:59:35.768","6a9744502924f336bea942e0","68af5a57486ac15b7e7f736a","[PREMIUM]","[PREMIUM]","[PREMIUM]","[PREMIUM]","[PREMIUM]","[2]","83","1","Lower Reserve - Outfield","['*','*']","direct",,"tdc",,"[PREMIUM]","[PREMIUM]","[]","2026-09-09 00:00:00","Cleveland Guardians at Baltimore Orioles","mlb","2026-09-09 22:35:00","53bb068c3bf37624c3000004"
"6a9744752924f336beb383bc","2026-09-01 23:59:35.768","2026-09-01 23:59:35.768","6a9744752924f336beb383bc","68af5a57486ac15b7e7f736a","[PREMIUM]","[PREMIUM]","[PREMIUM]","[PREMIUM]","[PREMIUM]","[2]","36","24","Field Box","['*','*']","direct",,"tdc",,"[PREMIUM]","[PREMIUM]","[]","2026-09-09 00:00:00","Cleveland Guardians at Baltimore Orioles","mlb","2026-09-09 22:35:00","53bb068c3bf37624c3000004"
"6a7ca268dc5d586e75e271f4","2026-09-01 23:59:35.768","2026-09-08 19:42:40.285","6a7ca268dc5d586e75e271f4","68af5a57486ac15b7e7f736a","[PREMIUM]","[PREMIUM]","[PREMIUM]","[PREMIUM]","[PREMIUM]","[2]","78","1","LF Lower Box","['9','10']","direct",,"tdc","great","[PREMIUM]","[PREMIUM]","[]",,"Cleveland Guardians at Baltimore Orioles","mlb","2026-09-09 22:35:00","53bb068c3bf37624c3000004"
"69dd5fbfa0981b03c3f22327","2026-09-01 23:59:35.768","2026-09-08 19:42:40.285","69dd5fbfa0981b03c3f22327","68af5a57486ac15b7e7f736a","[PREMIUM]","[PREMIUM]","[PREMIUM]","[PREMIUM]","[PREMIUM]","[2,4]","59","3","Terrace Box - Outfield","['5','6','7','8']","mobile","mlb","tdc",,"[PREMIUM]","[PREMIUM]","[]",,"Cleveland Guardians at Baltimore Orioles","mlb","2026-09-09 22:35:00","53bb068c3bf37624c3000004"
"69d95073a0981b03c31cd070","2026-09-01 23:59:35.768","2026-09-08 19:42:40.285","69d95073a0981b03c31cd070","68af5a57486ac15b7e7f736a","[PREMIUM]","[PREMIUM]","[PREMIUM]","[PREMIUM]","[PREMIUM]","[1,2,3,5]","61","4","Terrace Box - Outfield","['*','*','*','*','*']","mobile","mlb","tdc",,"[PREMIUM]","[PREMIUM]","[]",,"Cleveland Guardians at Baltimore Orioles","mlb","2026-09-09 22:35:00","53bb068c3bf37624c3000004"
"6a90c3702924f336be26c2df","2026-09-01 23:59:35.768","2026-09-01 23:59:35.768","6a90c3702924f336be26c2df","68af5a57486ac15b7e7f736a","[PREMIUM]","[PREMIUM]","[PREMIUM]","[PREMIUM]","[PREMIUM]","[1,2,3,4,5,6,8]","20","22","Field Box","['3','4','5','6','7','8','9','10']","direct",,"tdc",,"[PREMIUM]","[PREMIUM]","['padded_seating']",,"Cleveland Guardians at Baltimore Orioles","mlb","2026-09-09 22:35:00","53bb068c3bf37624c3000004"
"6a90c3722924f336be27457d","2026-09-01 23:59:35.768","2026-09-08 19:42:40.285","6a90c3722924f336be27457d","68af5a57486ac15b7e7f736a","[PREMIUM]","[PREMIUM]","[PREMIUM]","[PREMIUM]","[PREMIUM]","[2,4,6]","20","6","Field Box","['5','6','7','8','9','10']","direct",,"tdc",,"[PREMIUM]","[PREMIUM]","['padded_seating']",,"Cleveland Guardians at Baltimore Orioles","mlb","2026-09-09 22:35:00","53bb068c3bf37624c3000004"
"6a91b363a6ef2fad613e9eaf","2026-09-01 23:59:35.768","2026-09-01 23:59:35.768","6a91b363a6ef2fad613e9eaf","68af5a57486ac15b7e7f736a","[PREMIUM]","[PREMIUM]","[PREMIUM]","[PREMIUM]","[PREMIUM]","[2,4,6]","10","18","Lower Box","['*','*','*','*','*','*']","mobile","mlb","tdc",,"[PREMIUM]","[PREMIUM]","[]","2026-09-08 22:35:00","Cleveland Guardians at Baltimore Orioles","mlb","2026-09-09 22:35:00","53bb068c3bf37624c3000004"
"6a90e158406839b73d40dcbe","2026-09-01 23:59:35.768","2026-09-01 23:59:35.768","6a90e158406839b73d40dcbe","68af5a57486ac15b7e7f736a","[PREMIUM]","[PREMIUM]","[PREMIUM]","[PREMIUM]","[PREMIUM]","[1,2,3,4,5,7]","94","3","Eutaw St Bleachers","['*','*','*','*','*','*','*']","mobile","mlb","tdc",,"[PREMIUM]","[PREMIUM]","[]","2026-09-08 22:35:00","Cleveland Guardians at Baltimore Orioles","mlb","2026-09-09 22:35:00","53bb068c3bf37624c3000004"
"6a8252390f478abc1ef7315f","2026-09-01 23:59:35.768","2026-09-01 23:59:35.768","6a8252390f478abc1ef7315f","68af5a57486ac15b7e7f736a","[PREMIUM]","[PREMIUM]","[PREMIUM]","[PREMIUM]","[PREMIUM]","[2]","30","25","Field Box","['*','*']","mobile","mlb","tdc",,"[PREMIUM]","[PREMIUM]","['padded_seating']","2026-09-08 22:35:00","Cleveland Guardians at Baltimore Orioles","mlb","2026-09-09 22:35:00","53bb068c3bf37624c3000004"
"6a80add2be95c52a0fc2ee55","2026-09-01 23:59:35.768","2026-09-01 23:59:35.768","6a80add2be95c52a0fc2ee55","68af5a57486ac15b7e7f736a","[PREMIUM]","[PREMIUM]","[PREMIUM]","[PREMIUM]","[PREMIUM]","[2]","34","12","Field Box","['*','*']","mobile","mlb","tdc",,"[PREMIUM]","[PREMIUM]","['padded_seating']","2026-09-08 22:35:00","Cleveland Guardians at Baltimore Orioles","mlb","2026-09-09 22:35:00","53bb068c3bf37624c3000004"
"6a81cf526ac8c9696f1d3684","2026-09-01 23:59:35.768","2026-09-01 23:59:35.768","6a81cf526ac8c9696f1d3684","68af5a57486ac15b7e7f736a","[PREMIUM]","[PREMIUM]","[PREMIUM]","[PREMIUM]","[PREMIUM]","[2]","218","3","Club Box - Infield","['*','*']","mobile","mlb","tdc",,"[PREMIUM]","[PREMIUM]","['club_access']","2026-09-08 22:35:00","Cleveland Guardians at Baltimore Orioles","mlb","2026-09-09 22:35:00","53bb068c3bf37624c3000004"
"6a92315d2924f336be7511b7","2026-09-01 23:59:35.768","2026-09-01 23:59:35.768","6a92315d2924f336be7511b7","68af5a57486ac15b7e7f736a","[PREMIUM]","[PREMIUM]","[PREMIUM]","[PREMIUM]","[PREMIUM]","[2]","22","13","Field Box","['*','*']","direct",,"tdc",,"[PREMIUM]","[PREMIUM]","[]","2026-09-09 00:00:00","Cleveland Guardians at Baltimore Orioles","mlb","2026-09-09 22:35:00","53bb068c3bf37624c3000004"
"6a89c5c8cffaf86160b425cb","2026-09-01 23:59:35.768","2026-09-08 19:42:40.285","6a89c5c8cffaf86160b425cb","68af5a57486ac15b7e7f736a","[PREMIUM]","[PREMIUM]","[PREMIUM]","[PREMIUM]","[PREMIUM]","[1,2,3,4,5,7]","23","11","Lower Reserve - Infield","['8','9','10','11','12','13','14']","direct",,"tdc",,"[PREMIUM]","[PREMIUM]","[]",,"Cleveland Guardians at Baltimore Orioles","mlb","2026-09-09 22:35:00","53bb068c3bf37624c3000004"
"6a960a75527d25ab912f0d54","2026-09-01 23:59:35.768","2026-09-01 23:59:35.768","6a960a75527d25ab912f0d54","68af5a57486ac15b7e7f736a","[PREMIUM]","[PREMIUM]","[PREMIUM]","[PREMIUM]","[PREMIUM]","[2,4,6]","98","7","Eutaw St Bleachers","['*','*','*','*','*','*']","mobile","mlb","tdc",,"[PREMIUM]","[PREMIUM]","[]","2026-09-08 22:35:00","Cleveland Guardians at Baltimore Orioles","mlb","2026-09-09 22:35:00","53bb068c3bf37624c3000004"
"693a0d804c87f865d0906db3","2026-09-01 23:59:35.768","2026-09-08 19:42:40.285","693a0d804c87f865d0906db3","68af5a57486ac15b7e7f736a","[PREMIUM]","[PREMIUM]","[PREMIUM]","[PREMIUM]","[PREMIUM]","[2]","54","2","Field Box","['5','6']","direct",,"tdc",,"[PREMIUM]","[PREMIUM]","['padded_seating']",,"Cleveland Guardians at Baltimore Orioles","mlb","2026-09-09 22:35:00","53bb068c3bf37624c3000004"
"693a0d854c87f865d0917747","2026-09-01 23:59:35.768","2026-09-01 23:59:35.768","693a0d854c87f865d0917747","68af5a57486ac15b7e7f736a","[PREMIUM]","[PREMIUM]","[PREMIUM]","[PREMIUM]","[PREMIUM]","[1,2,3,4,5,7]","338","2","Upper Box - Infield","['5','6','7','8','9','10','11']","direct",,"tdc",,"[PREMIUM]","[PREMIUM]","[]",,"Cleveland Guardians at Baltimore Orioles","mlb","2026-09-09 22:35:00","53bb068c3bf37624c3000004"
"6a8b39fd54924c9a24be76c4","2026-09-01 23:59:35.768","2026-09-01 23:59:35.768","6a8b39fd54924c9a24be76c4","68af5a57486ac15b7e7f736a","[PREMIUM]","[PREMIUM]","[PREMIUM]","[PREMIUM]","[PREMIUM]","[2]","42","11","Field Box","['*','*']","mobile","mlb","tdc",,"[PREMIUM]","[PREMIUM]","['padded_seating']","2026-09-08 22:35:00","Cleveland Guardians at Baltimore Orioles","mlb","2026-09-09 22:35:00","53bb068c3bf37624c3000004"
"6a8b473a56a9f62c31682769","2026-09-01 23:59:35.768","2026-09-01 23:59:35.768","6a8b473a56a9f62c31682769","68af5a57486ac15b7e7f736a","[PREMIUM]","[PREMIUM]","[PREMIUM]","[PREMIUM]","[PREMIUM]","[2]","44","12","Field Box","['*','*']","mobile","mlb","tdc",,"[PREMIUM]","[PREMIUM]","['padded_seating']","2026-09-08 22:35:00","Cleveland Guardians at Baltimore Orioles","mlb","2026-09-09 22:35:00","53bb068c3bf37624c3000004"
"6a8379b3214bd16e58f6410a","2026-09-01 23:59:35.768","2026-09-01 23:59:35.768","6a8379b3214bd16e58f6410a","68af5a57486ac15b7e7f736a","[PREMIUM]","[PREMIUM]","[PREMIUM]","[PREMIUM]","[PREMIUM]","[1,2,3,5]","32","26","Field Box","['*','*','*','*','*']","mobile","mlb","tdc",,"[PREMIUM]","[PREMIUM]","['padded_seating']","2026-09-08 22:35:00","Cleveland Guardians at Baltimore Orioles","mlb","2026-09-09 22:35:00","53bb068c3bf37624c3000004"
"6a836c5eeab60fd60fbddb47","2026-09-01 23:59:35.768","2026-09-01 23:59:35.768","6a836c5eeab60fd60fbddb47","68af5a57486ac15b7e7f736a","[PREMIUM]","[PREMIUM]","[PREMIUM]","[PREMIUM]","[PREMIUM]","[1,2,3,4,5,6,7,9]","40","21","Field Box","['*','*','*','*','*','*','*','*','*']","mobile","mlb","tdc",,"[PREMIUM]","[PREMIUM]","['padded_seating']","2026-09-08 22:35:00","Cleveland Guardians at Baltimore Orioles","mlb","2026-09-09 22:35:00","53bb068c3bf37624c3000004"
"6a836c62d84694da62d6bc90","2026-09-01 23:59:35.768","2026-09-01 23:59:35.768","6a836c62d84694da62d6bc90","68af5a57486ac15b7e7f736a","[PREMIUM]","[PREMIUM]","[PREMIUM]","[PREMIUM]","[PREMIUM]","[1,2,3,5]","34","29","Field Box","['*','*','*','*','*']","mobile","mlb","tdc",,"[PREMIUM]","[PREMIUM]","['padded_seating']","2026-09-08 22:35:00","Cleveland Guardians at Baltimore Orioles","mlb","2026-09-09 22:35:00","53bb068c3bf37624c3000004"
"6a8e20cc6ec3653cbb514b5b","2026-09-01 23:59:35.768","2026-09-01 23:59:35.768","6a8e20cc6ec3653cbb514b5b","68af5a57486ac15b7e7f736a","[PREMIUM]","[PREMIUM]","[PREMIUM]","[PREMIUM]","[PREMIUM]","[1,2,3,4,5,6,8]","28","27","Field Box","['*','*','*','*','*','*','*','*']","mobile","mlb","tdc",,"[PREMIUM]","[PREMIUM]","['padded_seating']","2026-09-08 22:35:00","Cleveland Guardians at Baltimore Orioles","mlb","2026-09-09 22:35:00","53bb068c3bf37624c3000004"
"6a96a9ad11850fea61f93e31","2026-09-01 23:59:35.768","2026-09-01 23:59:35.768","6a96a9ad11850fea61f93e31","68af5a57486ac15b7e7f736a","[PREMIUM]","[PREMIUM]","[PREMIUM]","[PREMIUM]","[PREMIUM]","[1,2,3,4,5,6,8]","13","10","Lower Reserve - Outfield","['*','*','*','*','*','*','*','*']","mobile","mlb","tdc",,"[PREMIUM]","[PREMIUM]","[]","2026-09-08 22:35:00","Cleveland Guardians at Baltimore Orioles","mlb","2026-09-09 22:35:00","53bb068c3bf37624c3000004"
"6a972f019e9f46bba59cc992","2026-09-01 23:59:35.768","2026-09-01 23:59:35.768","6a972f019e9f46bba59cc992","68af5a57486ac15b7e7f736a","[PREMIUM]","[PREMIUM]","[PREMIUM]","[PREMIUM]","[PREMIUM]","[1,2,3,4,5,6,8]","46–54","TBD","Infield Box Visitor","['*','*','*','*','*','*','*','*']","direct",,"tdc","zone","[PREMIUM]","[PREMIUM]","['zone_deal']","2026-09-08 00:00:00","Cleveland Guardians at Baltimore Orioles","mlb","2026-09-09 22:35:00","53bb068c3bf37624c3000004"
"6a972f7277acf7a9eb6cccca","2026-09-01 23:59:35.768","2026-09-01 23:59:35.768","6a972f7277acf7a9eb6cccca","68af5a57486ac15b7e7f736a","[PREMIUM]","[PREMIUM]","[PREMIUM]","[PREMIUM]","[PREMIUM]","[2,4]","316–328","TBD","Upper Box 1B","['*','*','*','*']","direct",,"tdc","zone","[PREMIUM]","[PREMIUM]","['zone_deal']","2026-09-08 00:00:00","Cleveland Guardians at Baltimore Orioles","mlb","2026-09-09 22:35:00","53bb068c3bf37624c3000004"
"6a8c8b1d4d3e5ab19556a6c8","2026-09-01 23:59:35.768","2026-09-01 23:59:35.768","6a8c8b1d4d3e5ab19556a6c8","68af5a57486ac15b7e7f736a","[PREMIUM]","[PREMIUM]","[PREMIUM]","[PREMIUM]","[PREMIUM]","[2]","26","9","Field Box","['*','*']","mobile","mlb","tdc",,"[PREMIUM]","[PREMIUM]","['padded_seating']","2026-09-08 22:35:00","Cleveland Guardians at Baltimore Orioles","mlb","2026-09-09 22:35:00","53bb068c3bf37624c3000004"
"6a973f925fd1c8f19187eb86","2026-09-01 23:59:35.768","2026-09-07 16:29:26.866","6a973f925fd1c8f19187eb86","68af5a57486ac15b7e7f736a","[PREMIUM]","[PREMIUM]","[PREMIUM]","[PREMIUM]","[PREMIUM]","[2]","24","7","Field Box","['7','8']","direct",,"tdc",,"[PREMIUM]","[PREMIUM]","['padded_seating']",,"Cleveland Guardians at Baltimore Orioles","mlb","2026-09-09 22:35:00","53bb068c3bf37624c3000004"
"6a97421018a5728cd8640162","2026-09-01 23:59:35.768","2026-09-01 23:59:35.768","6a97421018a5728cd8640162","68af5a57486ac15b7e7f736a","[PREMIUM]","[PREMIUM]","[PREMIUM]","[PREMIUM]","[PREMIUM]","[2]","28","23","Field Box","['*','*']","mobile","mlb","tdc",,"[PREMIUM]","[PREMIUM]","['padded_seating']","2026-09-08 22:35:00","Cleveland Guardians at Baltimore Orioles","mlb","2026-09-09 22:35:00","53bb068c3bf37624c3000004"
"6a56b1c663d38d17e7f84010","2026-09-01 23:59:35.768","2026-09-08 19:42:40.285","6a56b1c663d38d17e7f84010","68af5a57486ac15b7e7f736a","[PREMIUM]","[PREMIUM]","[PREMIUM]","[PREMIUM]","[PREMIUM]","[2,4]","14","13","Lower Box","['*','*','*','*']","mobile","mlb","tdc","great","[PREMIUM]","[PREMIUM]","[]",,"Cleveland Guardians at Baltimore Orioles","mlb","2026-09-09 22:35:00","53bb068c3bf37624c3000004"
"6a56b1c663d38d17e7f84168","2026-09-01 23:59:35.768","2026-09-08 19:42:40.285","6a56b1c663d38d17e7f84168","68af5a57486ac15b7e7f736a","[PREMIUM]","[PREMIUM]","[PREMIUM]","[PREMIUM]","[PREMIUM]","[1,2,3,5]","13","5","Terrace Box - Outfield","['*','*','*','*','*']","mobile","mlb","tdc","amazing","[PREMIUM]","[PREMIUM]","[]",,"Cleveland Guardians at Baltimore Orioles","mlb","2026-09-09 22:35:00","53bb068c3bf37624c3000004"
"6a94aad42924f336bef7a82c","2026-09-01 23:59:35.768","2026-09-08 19:42:40.285","6a94aad42924f336bef7a82c","68af5a57486ac15b7e7f736a","[PREMIUM]","[PREMIUM]","[PREMIUM]","[PREMIUM]","[PREMIUM]","[2,4]","30","13","Field Box","['*','*','*','*']","direct",,"tdc",,"[PREMIUM]","[PREMIUM]","[]",,"Cleveland Guardians at Baltimore Orioles","mlb","2026-09-09 22:35:00","53bb068c3bf37624c3000004"
"6a94ba1bdbc2820f4d515931","2026-09-01 23:59:35.768","2026-09-01 23:59:35.768","6a94ba1bdbc2820f4d515931","68af5a57486ac15b7e7f736a","[PREMIUM]","[PREMIUM]","[PREMIUM]","[PREMIUM]","[PREMIUM]","[2,4]","98","3","Eutaw St Bleachers","['*','*','*','*']","mobile","mlb","tdc",,"[PREMIUM]","[PREMIUM]","[]","2026-09-08 22:35:00","Cleveland Guardians at Baltimore Orioles","mlb","2026-09-09 22:35:00","53bb068c3bf37624c3000004"
"6a8f3cf8c7a7cc4f8036e212","2026-09-01 23:59:35.768","2026-09-01 23:59:35.768","6a8f3cf8c7a7cc4f8036e212","68af5a57486ac15b7e7f736a","[PREMIUM]","[PREMIUM]","[PREMIUM]","[PREMIUM]","[PREMIUM]","[2,4]","27","3","Terrace Box - Infield","['*','*','*','*']","mobile","mlb","tdc",,"[PREMIUM]","[PREMIUM]","[]","2026-09-08 22:35:00","Cleveland Guardians at Baltimore Orioles","mlb","2026-09-09 22:35:00","53bb068c3bf37624c3000004"
"6a8ed9deef3bb2203c2c5b99","2026-09-01 23:59:35.768","2026-09-01 23:59:35.768","6a8ed9deef3bb2203c2c5b99","68af5a57486ac15b7e7f736a","[PREMIUM]","[PREMIUM]","[PREMIUM]","[PREMIUM]","[PREMIUM]","[1,2,3,4,5,7]","20","10","Field Box","['*','*','*','*','*','*','*']","mobile","mlb","tdc",,"[PREMIUM]","[PREMIUM]","['padded_seating']","2026-09-08 22:35:00","Cleveland Guardians at Baltimore Orioles","mlb","2026-09-09 22:35:00","53bb068c3bf37624c3000004"
"6a9615fcb7408adf1e6dffa7","2026-09-01 23:59:35.768","2026-09-07 16:29:26.866","6a9615fcb7408adf1e6dffa7","68af5a57486ac15b7e7f736a","[PREMIUM]","[PREMIUM]","[PREMIUM]","[PREMIUM]","[PREMIUM]","[2]","346","14","Upper Reserved","['*','*']","mobile","mlb","tdc",,"[PREMIUM]","[PREMIUM]","[]","2026-09-08 22:35:00","Cleveland Guardians at Baltimore Orioles","mlb","2026-09-09 22:35:00","53bb068c3bf37624c3000004"
"6a960d308fdb99379b692ecb","2026-09-01 23:59:35.768","2026-09-01 23:59:35.768","6a960d308fdb99379b692ecb","68af5a57486ac15b7e7f736a","[PREMIUM]","[PREMIUM]","[PREMIUM]","[PREMIUM]","[PREMIUM]","[1,2,3,4,5,6,8]","12","21","Lower Box","['*','*','*','*','*','*','*','*']","mobile","mlb","tdc",,"[PREMIUM]","[PREMIUM]","[]","2026-09-08 22:35:00","Cleveland Guardians at Baltimore Orioles","mlb","2026-09-09 22:35:00","53bb068c3bf37624c3000004"
"6a8dcd876cebb279abc323d1","2026-09-01 23:59:35.768","2026-09-01 23:59:35.768","6a8dcd876cebb279abc323d1","68af5a57486ac15b7e7f736a","[PREMIUM]","[PREMIUM]","[PREMIUM]","[PREMIUM]","[PREMIUM]","[1,2,3,4,5,6,8]","26","21","Field Box","['*','*','*','*','*','*','*','*']","mobile","mlb","tdc",,"[PREMIUM]","[PREMIUM]","['padded_seating']","2026-09-08 22:35:00","Cleveland Guardians at Baltimore Orioles","mlb","2026-09-09 22:35:00","53bb068c3bf37624c3000004"
"6a8cd6904cf768f8c11a5c6d","2026-09-01 23:59:35.768","2026-09-01 23:59:35.768","6a8cd6904cf768f8c11a5c6d","68af5a57486ac15b7e7f736a","[PREMIUM]","[PREMIUM]","[PREMIUM]","[PREMIUM]","[PREMIUM]","[2]","6","12","Lower Box","['*','*']","mobile","mlb","tdc",,"[PREMIUM]","[PREMIUM]","[]","2026-09-08 22:35:00","Cleveland Guardians at Baltimore Orioles","mlb","2026-09-09 22:35:00","53bb068c3bf37624c3000004"
"6a92cd2138d24e0aa32a565e","2026-09-01 23:59:35.768","2026-09-01 23:59:35.768","6a92cd2138d24e0aa32a565e","68af5a57486ac15b7e7f736a","[PREMIUM]","[PREMIUM]","[PREMIUM]","[PREMIUM]","[PREMIUM]","[1,2,3,4,5,6,8]","11","10","Lower Reserve - Outfield","['*','*','*','*','*','*','*','*']","mobile","mlb","tdc",,"[PREMIUM]","[PREMIUM]","[]","2026-09-08 22:35:00","Cleveland Guardians at Baltimore Orioles","mlb","2026-09-09 22:35:00","53bb068c3bf37624c3000004"
"6a971e675fd1c8f1918794a5","2026-09-01 23:59:35.768","2026-09-01 23:59:35.768","6a971e675fd1c8f1918794a5","68af5a57486ac15b7e7f736a","[PREMIUM]","[PREMIUM]","[PREMIUM]","[PREMIUM]","[PREMIUM]","[2]","38","24","Field Box","['*','*']","mobile","mlb","tdc",,"[PREMIUM]","[PREMIUM]","[]","2026-09-08 22:35:00","Cleveland Guardians at Baltimore Orioles","mlb","2026-09-09 22:35:00","53bb068c3bf37624c3000004"
"69d519f501b756e3d5c44a97","2026-09-01 23:59:35.240","2026-09-01 23:59:35.240","69d519f501b756e3d5c44a97","68af4b6dc2578edd67b4715a","[PREMIUM]","[PREMIUM]","[PREMIUM]","[PREMIUM]","[PREMIUM]","[1,2,3,5]","M","1","Lower","['*','*','*','*','*']","mobile","my_pro_venue","tmqr","great","[PREMIUM]","[PREMIUM]","[]","2026-09-07 00:00:00","Arkansas Travelers at Springfield Cardinals","milb","2026-09-09 23:35:00","64f7b20310522a0001930224"
"69d4216153c05bd14558d0ce","2026-09-01 23:59:35.240","2026-09-07 16:29:22.382","69d4216153c05bd14558d0ce","68af4b6dc2578edd67b4715a","[PREMIUM]","[PREMIUM]","[PREMIUM]","[PREMIUM]","[PREMIUM]","[2,4]","C","4","Lower","['12','13','14','15']","mobile","my_pro_venue","tmqr",,"[PREMIUM]","[PREMIUM]","[]",,"Arkansas Travelers at Springfield Cardinals","milb","2026-09-09 23:35:00","64f7b20310522a0001930224"
"6a96df680e9e04d6f2d1a38f","2026-09-01 23:59:35.240","2026-09-09 23:04:47.662","6a96df680e9e04d6f2d1a38f","68af4b6dc2578edd67b4715a","[PREMIUM]","[PREMIUM]","[PREMIUM]","[PREMIUM]","[PREMIUM]","[1,2,3,5]","K","4","Lower","['*','*','*','*','*']","mobile","my_pro_venue","tmqr",,"[PREMIUM]","[PREMIUM]","[]",,"Arkansas Travelers at Springfield Cardinals","milb","2026-09-09 23:35:00","64f7b20310522a0001930224"
"6a92261d47fda4635578ae9a","2026-09-01 23:59:35.240","2026-09-01 23:59:35.240","6a92261d47fda4635578ae9a","68af4b6dc2578edd67b4715a","[PREMIUM]","[PREMIUM]","[PREMIUM]","[PREMIUM]","[PREMIUM]","[2]","H","21","Lower","['*','*']","mobile","my_pro_venue","tmqr",,"[PREMIUM]","[PREMIUM]","[]","2026-09-07 00:00:00","Arkansas Travelers at Springfield Cardinals","milb","2026-09-09 23:35:00","64f7b20310522a0001930224"
"6a5010c963d38d17e7b71f75","2026-09-01 23:59:35.240","2026-09-01 23:59:35.240","6a5010c963d38d17e7b71f75","68af4b6dc2578edd67b4715a","[PREMIUM]","[PREMIUM]","[PREMIUM]","[PREMIUM]","[PREMIUM]","[1,2,3,4,5,6,7,8,10]","F","13","Lower","['*','*','*','*','*','*','*','*','*','*']","mobile","my_pro_venue","tmqr",,"[PREMIUM]","[PREMIUM]","[]","2026-09-07 00:00:00","Arkansas Travelers at Springfield Cardinals","milb","2026-09-09 23:35:00","64f7b20310522a0001930224"
"6a5010c463d38d17e7b5a8ba","2026-09-01 23:59:35.240","2026-09-01 23:59:35.240","6a5010c463d38d17e7b5a8ba","68af4b6dc2578edd67b4715a","[PREMIUM]","[PREMIUM]","[PREMIUM]","[PREMIUM]","[PREMIUM]","[1,2,3,4,5,6,7,8,10]","F","2","Lower","['*','*','*','*','*','*','*','*','*','*']","mobile","my_pro_venue","tmqr",,"[PREMIUM]","[PREMIUM]","[]","2026-09-07 00:00:00","Arkansas Travelers at Springfield Cardinals","milb","2026-09-09 23:35:00","64f7b20310522a0001930224"
"6a973eec2924f336be770ea5","2026-09-01 23:59:35.240","2026-09-03 03:23:35.542","6a973eec2924f336be770ea5","68af4b6dc2578edd67b4715a","[PREMIUM]","[PREMIUM]","[PREMIUM]","[PREMIUM]","[PREMIUM]","[2,4]","F","8","Lower","['*','*','*','*']","mobile","my_pro_venue","tmqr","great","[PREMIUM]","[PREMIUM]","[]","2026-09-07 00:00:00","Arkansas Travelers at Springfield Cardinals","milb","2026-09-09 23:35:00","64f7b20310522a0001930224"
"6a973ef02924f336be78399d","2026-09-01 23:59:35.240","2026-09-04 06:40:18.090","6a973ef02924f336be78399d","68af4b6dc2578edd67b4715a","[PREMIUM]","[PREMIUM]","[PREMIUM]","[PREMIUM]","[PREMIUM]","[2]","H","10","Lower","['*','*']","mobile","my_pro_venue","tmqr","great","[PREMIUM]","[PREMIUM]","[]","2026-09-07 00:00:00","Arkansas Travelers at Springfield Cardinals","milb","2026-09-09 23:35:00","64f7b20310522a0001930224"
"6a961a9546c2bfdf0f6ef7ac","2026-09-01 23:59:35.240","2026-09-08 19:42:41.911","6a961a9546c2bfdf0f6ef7ac","68af4b6dc2578edd67b4715a","[PREMIUM]","[PREMIUM]","[PREMIUM]","[PREMIUM]","[PREMIUM]","[1,2,3,4,5,7]","H","15","Lower","['*','*','*','*','*','*','*']","mobile","my_pro_venue","tmqr",,"[PREMIUM]","[PREMIUM]","[]",,"Arkansas Travelers at Springfield Cardinals","milb","2026-09-09 23:35:00","64f7b20310522a0001930224"
"6a9744652924f336beaf0c33","2026-09-01 23:59:34.167","2026-09-01 23:59:34.167","6a9744652924f336beaf0c33","68af586a247244404743fbe7","[PREMIUM]","[PREMIUM]","[PREMIUM]","[PREMIUM]","[PREMIUM]","[2]","120","1","Gold Box","['*','*']","direct",,"tm-official",,"[PREMIUM]","[PREMIUM]","[]","2026-09-09 00:00:00","Pittsburgh Pirates at Chicago White Sox","mlb","2026-09-09 23:40:00","5362ccf73bf37627c6000004"
"6a97442c2924f336bea0975c","2026-09-01 23:59:34.167","2026-09-01 23:59:34.167","6a97442c2924f336bea0975c","68af586a247244404743fbe7","[PREMIUM]","[PREMIUM]","[PREMIUM]","[PREMIUM]","[PREMIUM]","[2]","137","5","Gold Box","['*','*']","direct",,"tm-official",,"[PREMIUM]","[PREMIUM]","[]","2026-09-09 00:00:00","Pittsburgh Pirates at Chicago White Sox","mlb","2026-09-09 23:40:00","5362ccf73bf37627c6000004"
"6a9744752924f336beb38c03","2026-09-01 23:59:34.167","2026-09-01 23:59:34.167","6a9744752924f336beb38c03","68af586a247244404743fbe7","[PREMIUM]","[PREMIUM]","[PREMIUM]","[PREMIUM]","[PREMIUM]","[2]","146","34","Lower Box","['*','*']","direct",,"tm-official",,"[PREMIUM]","[PREMIUM]","[]","2026-09-09 00:00:00","Pittsburgh Pirates at Chicago White Sox","mlb","2026-09-09 23:40:00","5362ccf73bf37627c6000004"
"6a9744732924f336beb3073d","2026-09-01 23:59:34.167","2026-09-01 23:59:34.167","6a9744732924f336beb3073d","68af586a247244404743fbe7","[PREMIUM]","[PREMIUM]","[PREMIUM]","[PREMIUM]","[PREMIUM]","[2]","118","21","Lower Box","['*','*']","direct",,"tm-official",,"[PREMIUM]","[PREMIUM]","[]","2026-09-09 00:00:00","Pittsburgh Pirates at Chicago White Sox","mlb","2026-09-09 23:40:00","5362ccf73bf37627c6000004"
"6a97444e2924f336bea8d793","2026-09-01 23:59:34.167","2026-09-01 23:59:34.167","6a97444e2924f336bea8d793","68af586a247244404743fbe7","[PREMIUM]","[PREMIUM]","[PREMIUM]","[PREMIUM]","[PREMIUM]","[2]","151","AA","Lower Box","['*','*']","direct",,"tm-official",,"[PREMIUM]","[PREMIUM]","[]","2026-09-09 00:00:00","Pittsburgh Pirates at Chicago White Sox","mlb","2026-09-09 23:40:00","5362ccf73bf37627c6000004"
"6a9744612924f336beade7d3","2026-09-01 23:59:34.167","2026-09-01 23:59:34.167","6a9744612924f336beade7d3","68af586a247244404743fbe7","[PREMIUM]","[PREMIUM]","[PREMIUM]","[PREMIUM]","[PREMIUM]","[2]","111","2","Lower Box","['*','*']","direct",,"tm-official",,"[PREMIUM]","[PREMIUM]","[]","2026-09-09 00:00:00","Pittsburgh Pirates at Chicago White Sox","mlb","2026-09-09 23:40:00","5362ccf73bf37627c6000004"
"6a97442e2924f336bea0ef7c","2026-09-01 23:59:34.167","2026-09-01 23:59:34.167","6a97442e2924f336bea0ef7c","68af586a247244404743fbe7","[PREMIUM]","[PREMIUM]","[PREMIUM]","[PREMIUM]","[PREMIUM]","[2]","120","26","Gold Box","['*','*']","direct",,"tm-official",,"[PREMIUM]","[PREMIUM]","[]","2026-09-09 00:00:00","Pittsburgh Pirates at Chicago White Sox","mlb","2026-09-09 23:40:00","5362ccf73bf37627c6000004"
"6a9744642924f336beae99e4","2026-09-01 23:59:34.167","2026-09-01 23:59:34.167","6a9744642924f336beae99e4","68af586a247244404743fbe7","[PREMIUM]","[PREMIUM]","[PREMIUM]","[PREMIUM]","[PREMIUM]","[2,4]","141","9","Gold Box","['*','*','*','*']","direct",,"tm-official",,"[PREMIUM]","[PREMIUM]","[]","2026-09-09 00:00:00","Pittsburgh Pirates at Chicago White Sox","mlb","2026-09-09 23:40:00","5362ccf73bf37627c6000004"
"6a97445e2924f336beacd250","2026-09-01 23:59:34.167","2026-09-01 23:59:34.167","6a97445e2924f336beacd250","68af586a247244404743fbe7","[PREMIUM]","[PREMIUM]","[PREMIUM]","[PREMIUM]","[PREMIUM]","[2]","340","1","Club","['*','*']","direct",,"tm-official",,"[PREMIUM]","[PREMIUM]","[]","2026-09-09 00:00:00","Pittsburgh Pirates at Chicago White Sox","mlb","2026-09-09 23:40:00","5362ccf73bf37627c6000004"
"6a97445a2924f336beabe476","2026-09-01 23:59:34.167","2026-09-01 23:59:34.167","6a97445a2924f336beabe476","68af586a247244404743fbe7","[PREMIUM]","[PREMIUM]","[PREMIUM]","[PREMIUM]","[PREMIUM]","[2]","134S","2","Wintrust Scout","['*','*']","direct",,"tm-official",,"[PREMIUM]","[PREMIUM]","[]","2026-09-09 00:00:00","Pittsburgh Pirates at Chicago White Sox","mlb","2026-09-09 23:40:00","5362ccf73bf37627c6000004"
"6a9744562924f336beaad881","2026-09-01 23:59:34.167","2026-09-01 23:59:34.167","6a9744562924f336beaad881","68af586a247244404743fbe7","[PREMIUM]","[PREMIUM]","[PREMIUM]","[PREMIUM]","[PREMIUM]","[2]","135","8","Gold Box","['*','*']","direct",,"tm-official",,"[PREMIUM]","[PREMIUM]","[]","2026-09-09 00:00:00","Pittsburgh Pirates at Chicago White Sox","mlb","2026-09-09 23:40:00","5362ccf73bf37627c6000004"
"6a9744712924f336beb28a3e","2026-09-01 23:59:34.167","2026-09-01 23:59:34.167","6a9744712924f336beb28a3e","68af586a247244404743fbe7","[PREMIUM]","[PREMIUM]","[PREMIUM]","[PREMIUM]","[PREMIUM]","[2]","329","3","Club","['*','*']","direct",,"tm-official","great","[PREMIUM]","[PREMIUM]","[]","2026-09-09 00:00:00","Pittsburgh Pirates at Chicago White Sox","mlb","2026-09-09 23:40:00","5362ccf73bf37627c6000004"
"6a96d25c2924f336be3065c8","2026-09-01 23:59:34.167","2026-09-03 03:23:32.060","6a96d25c2924f336be3065c8","68af586a247244404743fbe7","[PREMIUM]","[PREMIUM]","[PREMIUM]","[PREMIUM]","[PREMIUM]","[2,4]","146","14","Lower Box","['*','*','*','*']","mobile","tm","tm-official","great","[PREMIUM]","[PREMIUM]","[]","2026-09-08 00:00:00","Pittsburgh Pirates at Chicago White Sox","mlb","2026-09-09 23:40:00","5362ccf73bf37627c6000004"
"6a972d758bac4990c31cd51a","2026-09-01 23:59:34.167","2026-09-01 23:59:34.167","6a972d758bac4990c31cd51a","68af586a247244404743fbe7","[PREMIUM]","[PREMIUM]","[PREMIUM]","[PREMIUM]","[PREMIUM]","[1,2,3,4,5]","102","22","Outfield Reserved","['*','*','*','*','*']","direct",,"tm-official",,"[PREMIUM]","[PREMIUM]","[]","2026-09-08 00:00:00","Pittsburgh Pirates at Chicago White Sox","mlb","2026-09-09 23:40:00","5362ccf73bf37627c6000004"
"6a970170bd6a8c8e73d3dc9f","2026-09-01 23:59:34.167","2026-09-01 23:59:34.167","6a970170bd6a8c8e73d3dc9f","68af586a247244404743fbe7","[PREMIUM]","[PREMIUM]","[PREMIUM]","[PREMIUM]","[PREMIUM]","[1,2,3,4]","114","6","Lower Box","['*','*','*','*']","direct",,"tm-official",,"[PREMIUM]","[PREMIUM]","[]","2026-09-06 00:00:00","Pittsburgh Pirates at Chicago White Sox","mlb","2026-09-09 23:40:00","5362ccf73bf37627c6000004"
"6a97017666b4d6f7ec435038","2026-09-01 23:59:34.167","2026-09-01 23:59:34.167","6a97017666b4d6f7ec435038","68af586a247244404743fbe7","[PREMIUM]","[PREMIUM]","[PREMIUM]","[PREMIUM]","[PREMIUM]","[1,2]","123","35","Gold Box","['*','*']","direct",,"tm-official",,"[PREMIUM]","[PREMIUM]","[]","2026-09-06 00:00:00","Pittsburgh Pirates at Chicago White Sox","mlb","2026-09-09 23:40:00","5362ccf73bf37627c6000004"
"6a97016feba0965f92038c93","2026-09-01 23:59:34.167","2026-09-01 23:59:34.167","6a97016feba0965f92038c93","68af586a247244404743fbe7","[PREMIUM]","[PREMIUM]","[PREMIUM]","[PREMIUM]","[PREMIUM]","[1,2]","148","8","Lower Box","['*','*']","direct",,"tm-official",,"[PREMIUM]","[PREMIUM]","[]","2026-09-06 00:00:00","Pittsburgh Pirates at Chicago White Sox","mlb","2026-09-09 23:40:00","5362ccf73bf37627c6000004"
"6a970175a8148a806fa859f5","2026-09-01 23:59:34.167","2026-09-01 23:59:34.167","6a970175a8148a806fa859f5","68af586a247244404743fbe7","[PREMIUM]","[PREMIUM]","[PREMIUM]","[PREMIUM]","[PREMIUM]","[1,2]","133","27","Gold Box","['*','*']","direct",,"tm-official",,"[PREMIUM]","[PREMIUM]","[]","2026-09-06 00:00:00","Pittsburgh Pirates at Chicago White Sox","mlb","2026-09-09 23:40:00","5362ccf73bf37627c6000004"
"6a970174f5a6bf4ba674ab02","2026-09-01 23:59:34.167","2026-09-01 23:59:34.167","6a970174f5a6bf4ba674ab02","68af586a247244404743fbe7","[PREMIUM]","[PREMIUM]","[PREMIUM]","[PREMIUM]","[PREMIUM]","[1,2,3,4,5,6]","119","9","Gold Box","['*','*','*','*','*','*']","direct",,"tm-official",,"[PREMIUM]","[PREMIUM]","[]","2026-09-06 00:00:00","Pittsburgh Pirates at Chicago White Sox","mlb","2026-09-09 23:40:00","5362ccf73bf37627c6000004"
"6a97017018b121545d0b39c5","2026-09-01 23:59:34.167","2026-09-01 23:59:34.167","6a97017018b121545d0b39c5","68af586a247244404743fbe7","[PREMIUM]","[PREMIUM]","[PREMIUM]","[PREMIUM]","[PREMIUM]","[1,2]","116","22","Lower Box","['*','*']","direct",,"tm-official",,"[PREMIUM]","[PREMIUM]","[]","2026-09-06 00:00:00","Pittsburgh Pirates at Chicago White Sox","mlb","2026-09-09 23:40:00","5362ccf73bf37627c6000004"
"6a9701741176448f05b9320f","2026-09-01 23:59:34.167","2026-09-01 23:59:34.167","6a9701741176448f05b9320f","68af586a247244404743fbe7","[PREMIUM]","[PREMIUM]","[PREMIUM]","[PREMIUM]","[PREMIUM]","[1,2]","125","27","Gold Box","['*','*']","direct",,"tm-official",,"[PREMIUM]","[PREMIUM]","[]","2026-09-06 00:00:00","Pittsburgh Pirates at Chicago White Sox","mlb","2026-09-09 23:40:00","5362ccf73bf37627c6000004"
"6a970171d102e88c96f58977","2026-09-01 23:59:34.167","2026-09-01 23:59:34.167","6a970171d102e88c96f58977","68af586a247244404743fbe7","[PREMIUM]","[PREMIUM]","[PREMIUM]","[PREMIUM]","[PREMIUM]","[1,2,3,4,5,6]","149","7","Lower Box","['*','*','*','*','*','*']","direct",,"tm-official",,"[PREMIUM]","[PREMIUM]","[]","2026-09-06 00:00:00","Pittsburgh Pirates at Chicago White Sox","mlb","2026-09-09 23:40:00","5362ccf73bf37627c6000004"
"6a970175d102e88c96f58980","2026-09-01 23:59:34.167","2026-09-01 23:59:34.167","6a970175d102e88c96f58980","68af586a247244404743fbe7","[PREMIUM]","[PREMIUM]","[PREMIUM]","[PREMIUM]","[PREMIUM]","[1,2,3,4,5,6,7,8]","352","2","Club","['*','*','*','*','*','*','*','*']","direct",,"tm-official",,"[PREMIUM]","[PREMIUM]","[]","2026-09-06 00:00:00","Pittsburgh Pirates at Chicago White Sox","mlb","2026-09-09 23:40:00","5362ccf73bf37627c6000004"
"6a96fc1a47d23c91166e04e8","2026-09-01 23:59:34.167","2026-09-01 23:59:34.167","6a96fc1a47d23c91166e04e8","68af586a247244404743fbe7","[PREMIUM]","[PREMIUM]","[PREMIUM]","[PREMIUM]","[PREMIUM]","[1,2]","153","25","Lower Box","['*','*']","direct",,"tm-official",,"[PREMIUM]","[PREMIUM]","[]","2026-09-06 00:00:00","Pittsburgh Pirates at Chicago White Sox","mlb","2026-09-09 23:40:00","5362ccf73bf37627c6000004"
"6a970170685dbf2b64b51fef","2026-09-01 23:59:34.167","2026-09-01 23:59:34.167","6a970170685dbf2b64b51fef","68af586a247244404743fbe7","[PREMIUM]","[PREMIUM]","[PREMIUM]","[PREMIUM]","[PREMIUM]","[1,2]","146","27","Lower Box","['*','*']","direct",,"tm-official",,"[PREMIUM]","[PREMIUM]","[]","2026-09-06 00:00:00","Pittsburgh Pirates at Chicago White Sox","mlb","2026-09-09 23:40:00","5362ccf73bf37627c6000004"
"6a96fab9a8148a806fa84b26","2026-09-01 23:59:34.167","2026-09-01 23:59:34.167","6a96fab9a8148a806fa84b26","68af586a247244404743fbe7","[PREMIUM]","[PREMIUM]","[PREMIUM]","[PREMIUM]","[PREMIUM]","[2,4]","127","27","Gold Box","['*','*','*','*']","direct",,"tm-official",,"[PREMIUM]","[PREMIUM]","[]","2026-09-08 00:00:00","Pittsburgh Pirates at Chicago White Sox","mlb","2026-09-09 23:40:00","5362ccf73bf37627c6000004"
"6a959870414e1d0da259a2d2","2026-09-01 23:59:34.167","2026-09-01 23:59:34.167","6a959870414e1d0da259a2d2","68af586a247244404743fbe7","[PREMIUM]","[PREMIUM]","[PREMIUM]","[PREMIUM]","[PREMIUM]","[1,2,3,4]","357","5","Club","['*','*','*','*']","direct",,"tm-official",,"[PREMIUM]","[PREMIUM]","[]","2026-09-08 00:00:00","Pittsburgh Pirates at Chicago White Sox","mlb","2026-09-09 23:40:00","5362ccf73bf37627c6000004"
"6a88c4b8517544591a92a275","2026-09-01 23:59:34.167","2026-09-08 19:42:38.651","6a88c4b8517544591a92a275","68af586a247244404743fbe7","[PREMIUM]","[PREMIUM]","[PREMIUM]","[PREMIUM]","[PREMIUM]","[2]","156","11","Lower Box","['*','*']","mobile","tm","tm-official",,"[PREMIUM]","[PREMIUM]","[]","2026-09-08 23:40:00","Pittsburgh Pirates at Chicago White Sox","mlb","2026-09-09 23:40:00","5362ccf73bf37627c6000004"
"6a9622f0b51b2720e5d68a3d","2026-09-01 23:59:34.167","2026-09-06 13:11:06.580","6a9622f0b51b2720e5d68a3d","68af586a247244404743fbe7","[PREMIUM]","[PREMIUM]","[PREMIUM]","[PREMIUM]","[PREMIUM]","[2]","118","2","Lower Box","['*','*']","direct",,"tm-official",,"[PREMIUM]","[PREMIUM]","[]","2026-09-08 00:00:00","Pittsburgh Pirates at Chicago White Sox","mlb","2026-09-09 23:40:00","5362ccf73bf37627c6000004"
"6a8aff0da5e218fb541c99da","2026-09-01 23:59:34.167","2026-09-01 23:59:34.167","6a8aff0da5e218fb541c99da","68af586a247244404743fbe7","[PREMIUM]","[PREMIUM]","[PREMIUM]","[PREMIUM]","[PREMIUM]","[1,2,3,4,5,6,7,8,9,10]","100","6","Outfield Reserved","['*','*','*','*','*','*','*','*','*','*']","direct",,"tm-official",,"[PREMIUM]","[PREMIUM]","[]","2026-09-08 00:00:00","Pittsburgh Pirates at Chicago White Sox","mlb","2026-09-09 23:40:00","5362ccf73bf37627c6000004"
"6a8afd6e9f08caefa80a75b6","2026-09-01 23:59:34.167","2026-09-01 23:59:34.167","6a8afd6e9f08caefa80a75b6","68af586a247244404743fbe7","[PREMIUM]","[PREMIUM]","[PREMIUM]","[PREMIUM]","[PREMIUM]","[1,2,3,4]","140","30","Gold Box","['*','*','*','*']","direct",,"tm-official",,"[PREMIUM]","[PREMIUM]","[]","2026-09-08 00:00:00","Pittsburgh Pirates at Chicago White Sox","mlb","2026-09-09 23:40:00","5362ccf73bf37627c6000004"
"6a8afd312b6a58523f60d32e","2026-09-01 23:59:34.167","2026-09-01 23:59:34.167","6a8afd312b6a58523f60d32e","68af586a247244404743fbe7","[PREMIUM]","[PREMIUM]","[PREMIUM]","[PREMIUM]","[PREMIUM]","[1,2,3,4,5,6,7,8,9]","141","29","Gold Box","['*','*','*','*','*','*','*','*','*']","direct",,"tm-official",,"[PREMIUM]","[PREMIUM]","[]","2026-09-08 00:00:00","Pittsburgh Pirates at Chicago White Sox","mlb","2026-09-09 23:40:00","5362ccf73bf37627c6000004"
"6a9604e58fd15cd15e9bc4e9","2026-09-01 23:59:34.167","2026-09-08 19:42:38.651","6a9604e58fd15cd15e9bc4e9","68af586a247244404743fbe7","[PREMIUM]","[PREMIUM]","[PREMIUM]","[PREMIUM]","[PREMIUM]","[1,2,3,4,5,6,7,8,9,10,11,12,13,14,15,16,17,18,20]","356","1","Club","['*','*','*','*','*','*','*','*','*','*','*','*','*','*','*','*','*','*','*','*']","mobile","tm","tm-official",,"[PREMIUM]","[PREMIUM]","[]","2026-09-08 23:40:00","Pittsburgh Pirates at Chicago White Sox","mlb","2026-09-09 23:40:00","5362ccf73bf37627c6000004"
"6a9604c718a5728cd861367b","2026-09-01 23:59:34.167","2026-09-01 23:59:34.167","6a9604c718a5728cd861367b","68af586a247244404743fbe7","[PREMIUM]","[PREMIUM]","[PREMIUM]","[PREMIUM]","[PREMIUM]","[1,2,3,4]","132","22","Gold Box","['*','*','*','*']","direct",,"tm-official",,"[PREMIUM]","[PREMIUM]","[]","2026-09-08 00:00:00","Pittsburgh Pirates at Chicago White Sox","mlb","2026-09-09 23:40:00","5362ccf73bf37627c6000004"
"69277f5a4c87f865d0cb83ee","2026-09-01 23:59:34.167","2026-09-01 23:59:34.167","69277f5a4c87f865d0cb83ee","68af586a247244404743fbe7","[PREMIUM]","[PREMIUM]","[PREMIUM]","[PREMIUM]","[PREMIUM]","[2]","105","11","Outfield Reserved","['7','8']","direct",,"tm-official",,"[PREMIUM]","[PREMIUM]","[]","2026-09-07 00:00:00","Pittsburgh Pirates at Chicago White Sox","mlb","2026-09-09 23:40:00","5362ccf73bf37627c6000004"
"693afc654c87f865d033ea5f","2026-09-01 23:59:34.167","2026-09-08 19:42:38.651","693afc654c87f865d033ea5f","68af586a247244404743fbe7","[PREMIUM]","[PREMIUM]","[PREMIUM]","[PREMIUM]","[PREMIUM]","[1,2]","147","AA","Lower Box","['*','*']","mobile","tm","tm-official",,"[PREMIUM]","[PREMIUM]","[]",,"Pittsburgh Pirates at Chicago White Sox","mlb","2026-09-09 23:40:00","5362ccf73bf37627c6000004"
"695f012623dd69cbf93d9ea7","2026-09-01 23:59:34.167","2026-09-01 23:59:34.167","695f012623dd69cbf93d9ea7","68af586a247244404743fbe7","[PREMIUM]","[PREMIUM]","[PREMIUM]","[PREMIUM]","[PREMIUM]","[2,4]","159","9","Lower Box","['3','4','5','6']","direct",,"tm-official",,"[PREMIUM]","[PREMIUM]","[]","2026-09-08 00:00:00","Pittsburgh Pirates at Chicago White Sox","mlb","2026-09-09 23:40:00","5362ccf73bf37627c6000004"
"695ae64123dd69cbf96592fe","2026-09-01 23:59:34.167","2026-09-01 23:59:34.167","695ae64123dd69cbf96592fe","68af586a247244404743fbe7","[PREMIUM]","[PREMIUM]","[PREMIUM]","[PREMIUM]","[PREMIUM]","[2,4]","137","10","Gold Box","['*','*','*','*']","direct",,"tm-official",,"[PREMIUM]","[PREMIUM]","[]","2026-09-04 00:00:00","Pittsburgh Pirates at Chicago White Sox","mlb","2026-09-09 23:40:00","5362ccf73bf37627c6000004"
"6981fcaa80822b968ba935cb","2026-09-01 23:59:34.167","2026-09-04 06:40:16.644","6981fcaa80822b968ba935cb","68af586a247244404743fbe7","[PREMIUM]","[PREMIUM]","[PREMIUM]","[PREMIUM]","[PREMIUM]","[1,2,3,4,5,7]","510","4","Upper Reserved","['2','3','4','5','6','7','8']","direct",,"tm-official","cheapest","[PREMIUM]","[PREMIUM]","[]","2026-09-08 00:00:00","Pittsburgh Pirates at Chicago White Sox","mlb","2026-09-09 23:40:00","5362ccf73bf37627c6000004"
"6a972f7d2924f336be1aa3b0","2026-09-01 23:59:34.167","2026-09-08 19:42:38.651","6a972f7d2924f336be1aa3b0","68af586a247244404743fbe7","[PREMIUM]","[PREMIUM]","[PREMIUM]","[PREMIUM]","[PREMIUM]","[2,4]","161","7","Bleachers","['*','*','*','*']","mobile","tm","tm-official","amazing","[PREMIUM]","[PREMIUM]","[]",,"Pittsburgh Pirates at Chicago White Sox","mlb","2026-09-09 23:40:00","5362ccf73bf37627c6000004"
"6a97323e1de3379052964441","2026-09-01 23:59:34.167","2026-09-08 19:42:38.651","6a97323e1de3379052964441","68af586a247244404743fbe7","[PREMIUM]","[PREMIUM]","[PREMIUM]","[PREMIUM]","[PREMIUM]","[2]","110","15","Lower Corner","['*','*']","direct",,"tm-official",,"[PREMIUM]","[PREMIUM]","[]",,"Pittsburgh Pirates at Chicago White Sox","mlb","2026-09-09 23:40:00","5362ccf73bf37627c6000004"
"6a96cab719da80d5121b42b5","2026-09-01 23:59:34.167","2026-09-01 23:59:34.167","6a96cab719da80d5121b42b5","68af586a247244404743fbe7","[PREMIUM]","[PREMIUM]","[PREMIUM]","[PREMIUM]","[PREMIUM]","[2,3,4,6]","129","21","Gold Box","['*','*','*','*','*','*']","direct",,"tm-official",,"[PREMIUM]","[PREMIUM]","[]","2026-09-08 00:00:00","Pittsburgh Pirates at Chicago White Sox","mlb","2026-09-09 23:40:00","5362ccf73bf37627c6000004"
"6a96cbc247d23c91166d8914","2026-09-01 23:59:34.167","2026-09-01 23:59:34.167","6a96cbc247d23c91166d8914","68af586a247244404743fbe7","[PREMIUM]","[PREMIUM]","[PREMIUM]","[PREMIUM]","[PREMIUM]","[2,4]","124","19","Gold Box","['*','*','*','*']","direct",,"tm-official",,"[PREMIUM]","[PREMIUM]","[]","2026-09-08 00:00:00","Pittsburgh Pirates at Chicago White Sox","mlb","2026-09-09 23:40:00","5362ccf73bf37627c6000004"
"6a96cb09da3ea8819825cd8d","2026-09-01 23:59:34.167","2026-09-01 23:59:34.167","6a96cb09da3ea8819825cd8d","68af586a247244404743fbe7","[PREMIUM]","[PREMIUM]","[PREMIUM]","[PREMIUM]","[PREMIUM]","[2,3,4,6]","314","1","Club","['*','*','*','*','*','*']","direct",,"tm-official",,"[PREMIUM]","[PREMIUM]","[]","2026-09-08 00:00:00","Pittsburgh Pirates at Chicago White Sox","mlb","2026-09-09 23:40:00","5362ccf73bf37627c6000004"
"6a96cbe250a7985ec8593fcd","2026-09-01 23:59:34.167","2026-09-01 23:59:34.167","6a96cbe250a7985ec8593fcd","68af586a247244404743fbe7","[PREMIUM]","[PREMIUM]","[PREMIUM]","[PREMIUM]","[PREMIUM]","[2,3,4,6]","121","9","Gold Box","['*','*','*','*','*','*']","direct",,"tm-official",,"[PREMIUM]","[PREMIUM]","[]","2026-09-08 00:00:00","Pittsburgh Pirates at Chicago White Sox","mlb","2026-09-09 23:40:00","5362ccf73bf37627c6000004"
"6a96cc52da3ea8819825d08a","2026-09-01 23:59:34.167","2026-09-01 23:59:34.167","6a96cc52da3ea8819825d08a","68af586a247244404743fbe7","[PREMIUM]","[PREMIUM]","[PREMIUM]","[PREMIUM]","[PREMIUM]","[2]","112","5","Lower Box","['*','*']","direct",,"tm-official",,"[PREMIUM]","[PREMIUM]","[]","2026-09-08 00:00:00","Pittsburgh Pirates at Chicago White Sox","mlb","2026-09-09 23:40:00","5362ccf73bf37627c6000004"
"6a96cb0a476ea62094be9830","2026-09-01 23:59:34.167","2026-09-01 23:59:34.167","6a96cb0a476ea62094be9830","68af586a247244404743fbe7","[PREMIUM]","[PREMIUM]","[PREMIUM]","[PREMIUM]","[PREMIUM]","[2]","130S","11","Wintrust Scout","['*','*']","direct",,"tm-official",,"[PREMIUM]","[PREMIUM]","[]","2026-09-08 00:00:00","Pittsburgh Pirates at Chicago White Sox","mlb","2026-09-09 23:40:00","5362ccf73bf37627c6000004"
"6a96cbba4e27e9d5e097b54f","2026-09-01 23:59:34.167","2026-09-01 23:59:34.167","6a96cbba4e27e9d5e097b54f","68af586a247244404743fbe7","[PREMIUM]","[PREMIUM]","[PREMIUM]","[PREMIUM]","[PREMIUM]","[2,3,4,6]","121","13","Gold Box","['*','*','*','*','*','*']","direct",,"tm-official",,"[PREMIUM]","[PREMIUM]","[]","2026-09-08 00:00:00","Pittsburgh Pirates at Chicago White Sox","mlb","2026-09-09 23:40:00","5362ccf73bf37627c6000004"
"6a96cbe811850fea61f97b64","2026-09-01 23:59:34.167","2026-09-01 23:59:34.167","6a96cbe811850fea61f97b64","68af586a247244404743fbe7","[PREMIUM]","[PREMIUM]","[PREMIUM]","[PREMIUM]","[PREMIUM]","[2,3,4,6]","127","17","Gold Box","['*','*','*','*','*','*']","direct",,"tm-official",,"[PREMIUM]","[PREMIUM]","[]","2026-09-08 00:00:00","Pittsburgh Pirates at Chicago White Sox","mlb","2026-09-09 23:40:00","5362ccf73bf37627c6000004"
"6a96cbc840d82c81e4525f99","2026-09-01 23:59:34.167","2026-09-01 23:59:34.167","6a96cbc840d82c81e4525f99","68af586a247244404743fbe7","[PREMIUM]","[PREMIUM]","[PREMIUM]","[PREMIUM]","[PREMIUM]","[2,4]","120","11","Gold Box","['*','*','*','*']","direct",,"tm-official",,"[PREMIUM]","[PREMIUM]","[]","2026-09-08 00:00:00","Pittsburgh Pirates at Chicago White Sox","mlb","2026-09-09 23:40:00","5362ccf73bf37627c6000004"
"6a96cb100e9e04d6f2d17180","2026-09-01 23:59:34.167","2026-09-01 23:59:34.167","6a96cb100e9e04d6f2d17180","68af586a247244404743fbe7","[PREMIUM]","[PREMIUM]","[PREMIUM]","[PREMIUM]","[PREMIUM]","[2]","133S","10","Wintrust Scout","['*','*']","direct",,"tm-official",,"[PREMIUM]","[PREMIUM]","[]","2026-09-08 00:00:00","Pittsburgh Pirates at Chicago White Sox","mlb","2026-09-09 23:40:00","5362ccf73bf37627c6000004"
"6a96cc530e9e04d6f2d17464","2026-09-01 23:59:34.167","2026-09-01 23:59:34.167","6a96cc530e9e04d6f2d17464","68af586a247244404743fbe7","[PREMIUM]","[PREMIUM]","[PREMIUM]","[PREMIUM]","[PREMIUM]","[2]","153","2","Lower Box","['*','*']","direct",,"tm-official",,"[PREMIUM]","[PREMIUM]","[]","2026-09-08 00:00:00","Pittsburgh Pirates at Chicago White Sox","mlb","2026-09-09 23:40:00","5362ccf73bf37627c6000004"
"6a96cbcd7a2d698474129120","2026-09-01 23:59:34.167","2026-09-01 23:59:34.167","6a96cbcd7a2d698474129120","68af586a247244404743fbe7","[PREMIUM]","[PREMIUM]","[PREMIUM]","[PREMIUM]","[PREMIUM]","[2,4]","131","22","Gold Box","['*','*','*','*']","direct",,"tm-official",,"[PREMIUM]","[PREMIUM]","[]","2026-09-08 00:00:00","Pittsburgh Pirates at Chicago White Sox","mlb","2026-09-09 23:40:00","5362ccf73bf37627c6000004"
"6a96caf118a5728cd862d641","2026-09-01 23:59:34.167","2026-09-01 23:59:34.167","6a96caf118a5728cd862d641","68af586a247244404743fbe7","[PREMIUM]","[PREMIUM]","[PREMIUM]","[PREMIUM]","[PREMIUM]","[2]","111","7","Lower Box","['*','*']","direct",,"tm-official",,"[PREMIUM]","[PREMIUM]","[]","2026-09-08 00:00:00","Pittsburgh Pirates at Chicago White Sox","mlb","2026-09-09 23:40:00","5362ccf73bf37627c6000004"
"6a96cb0719da80d5121b436b","2026-09-01 23:59:34.167","2026-09-01 23:59:34.167","6a96cb0719da80d5121b436b","68af586a247244404743fbe7","[PREMIUM]","[PREMIUM]","[PREMIUM]","[PREMIUM]","[PREMIUM]","[2,3,4,6]","139","16","Gold Box","['*','*','*','*','*','*']","direct",,"tm-official",,"[PREMIUM]","[PREMIUM]","[]","2026-09-08 00:00:00","Pittsburgh Pirates at Chicago White Sox","mlb","2026-09-09 23:40:00","5362ccf73bf37627c6000004"
"6a96cc659e9f46bba59bd226","2026-09-01 23:59:34.167","2026-09-01 23:59:34.167","6a96cc659e9f46bba59bd226","68af586a247244404743fbe7","[PREMIUM]","[PREMIUM]","[PREMIUM]","[PREMIUM]","[PREMIUM]","[2,4]","137","19","Gold Box","['*','*','*','*']","direct",,"tm-official",,"[PREMIUM]","[PREMIUM]","[]","2026-09-08 00:00:00","Pittsburgh Pirates at Chicago White Sox","mlb","2026-09-09 23:40:00","5362ccf73bf37627c6000004"
"6a9744192924f336be9c33ec","2026-09-01 23:59:34.167","2026-09-01 23:59:34.167","6a9744192924f336be9c33ec","68af586a247244404743fbe7","[PREMIUM]","[PREMIUM]","[PREMIUM]","[PREMIUM]","[PREMIUM]","[2]","MLSTN","G9","Miller Light Landing","['*','*']","direct",,"tm-official",,"[PREMIUM]","[PREMIUM]","[]","2026-09-09 00:00:00","Pittsburgh Pirates at Chicago White Sox","mlb","2026-09-09 23:40:00","5362ccf73bf37627c6000004"
"6a9744102924f336be9a59f5","2026-09-01 23:59:34.167","2026-09-01 23:59:34.167","6a9744102924f336be9a59f5","68af586a247244404743fbe7","[PREMIUM]","[PREMIUM]","[PREMIUM]","[PREMIUM]","[PREMIUM]","[1,2,3,5]","127","13","Gold Box","['*','*','*','*','*']","direct",,"tm-official",,"[PREMIUM]","[PREMIUM]","[]","2026-09-09 00:00:00","Pittsburgh Pirates at Chicago White Sox","mlb","2026-09-09 23:40:00","5362ccf73bf37627c6000004"
"6a90635c8a0db0c556243bd2","2026-09-01 23:59:34.167","2026-09-03 03:23:32.060","6a90635c8a0db0c556243bd2","68af586a247244404743fbe7","[PREMIUM]","[PREMIUM]","[PREMIUM]","[PREMIUM]","[PREMIUM]","[2]","133S","5","Wintrust Scout","['*','*']","mobile","tm","tm-official",,"[PREMIUM]","[PREMIUM]","[]","2026-09-08 23:40:00","Pittsburgh Pirates at Chicago White Sox","mlb","2026-09-09 23:40:00","5362ccf73bf37627c6000004"
"6a9637df9e9f46bba59abe3b","2026-09-01 23:59:34.167","2026-09-01 23:59:34.167","6a9637df9e9f46bba59abe3b","68af586a247244404743fbe7","[PREMIUM]","[PREMIUM]","[PREMIUM]","[PREMIUM]","[PREMIUM]","[2]","132","17","Gold Box","['*','*']","mobile","tm","tm-official",,"[PREMIUM]","[PREMIUM]","[]","2026-09-08 23:40:00","Pittsburgh Pirates at Chicago White Sox","mlb","2026-09-09 23:40:00","5362ccf73bf37627c6000004"
"6a975f97dfd70ac2b6b94e02","2026-09-01 23:59:34.167","2026-09-01 23:59:34.167","6a975f97dfd70ac2b6b94e02","68af586a247244404743fbe7","[PREMIUM]","[PREMIUM]","[PREMIUM]","[PREMIUM]","[PREMIUM]","[2]","326","1","Club","['*','*']","mobile","tm","tm-official",,"[PREMIUM]","[PREMIUM]","[]","2026-09-08 23:40:00","Pittsburgh Pirates at Chicago White Sox","mlb","2026-09-09 23:40:00","5362ccf73bf37627c6000004"
"6a8559ce9537199089f8ace2","2026-09-01 23:59:34.167","2026-09-08 19:42:38.651","6a8559ce9537199089f8ace2","68af586a247244404743fbe7","[PREMIUM]","[PREMIUM]","[PREMIUM]","[PREMIUM]","[PREMIUM]","[1,2,3]","147","2","Lower Box","['*','*','*']","mobile","tm","tm-official",,"[PREMIUM]","[PREMIUM]","[]",,"Pittsburgh Pirates at Chicago White Sox","mlb","2026-09-09 23:40:00","5362ccf73bf37627c6000004"
"6a97223ebd7087abe009a32e","2026-09-01 23:59:34.167","2026-09-06 13:11:06.580","6a97223ebd7087abe009a32e","68af586a247244404743fbe7","[PREMIUM]","[PREMIUM]","[PREMIUM]","[PREMIUM]","[PREMIUM]","[2,4]","103","14","Outfield Reserved","['*','*','*','*']","direct",,"tm-official",,"[PREMIUM]","[PREMIUM]","[]",,"Pittsburgh Pirates at Chicago White Sox","mlb","2026-09-09 23:40:00","5362ccf73bf37627c6000004"
"6a97208b18a5728cd863aacc","2026-09-01 23:59:34.167","2026-09-01 23:59:34.167","6a97208b18a5728cd863aacc","68af586a247244404743fbe7","[PREMIUM]","[PREMIUM]","[PREMIUM]","[PREMIUM]","[PREMIUM]","[1,2]","137","36","Gold Box","['*','*']","direct",,"tm-official",,"[PREMIUM]","[PREMIUM]","[]","2026-09-06 00:00:00","Pittsburgh Pirates at Chicago White Sox","mlb","2026-09-09 23:40:00","5362ccf73bf37627c6000004"
"6a971c30c08309f06e650a54","2026-09-01 23:59:34.167","2026-09-01 23:59:34.167","6a971c30c08309f06e650a54","68af586a247244404743fbe7","[PREMIUM]","[PREMIUM]","[PREMIUM]","[PREMIUM]","[PREMIUM]","[2,3,4,6]","115","25","Lower Box","['*','*','*','*','*','*']","direct",,"tm-official",,"[PREMIUM]","[PREMIUM]","[]","2026-09-08 00:00:00","Pittsburgh Pirates at Chicago White Sox","mlb","2026-09-09 23:40:00","5362ccf73bf37627c6000004"
"6a97218e57b1fc100a73850f","2026-09-01 23:59:34.167","2026-09-01 23:59:34.167","6a97218e57b1fc100a73850f","68af586a247244404743fbe7","[PREMIUM]","[PREMIUM]","[PREMIUM]","[PREMIUM]","[PREMIUM]","[1,2,3]","326","4","Club","['*','*','*']","direct",,"tm-official",,"[PREMIUM]","[PREMIUM]","[]","2026-09-08 00:00:00","Pittsburgh Pirates at Chicago White Sox","mlb","2026-09-09 23:40:00","5362ccf73bf37627c6000004"
"6a9718868bac4990c31c993f","2026-09-01 23:59:34.167","2026-09-04 06:40:16.644","6a9718868bac4990c31c993f","68af586a247244404743fbe7","[PREMIUM]","[PREMIUM]","[PREMIUM]","[PREMIUM]","[PREMIUM]","[2,4]","136","8","Gold Box","['*','*','*','*']","mobile","tm","tm-official",,"[PREMIUM]","[PREMIUM]","[]","2026-09-08 23:40:00","Pittsburgh Pirates at Chicago White Sox","mlb","2026-09-09 23:40:00","5362ccf73bf37627c6000004"
"6a971e4ad46aaebe3cf0f018","2026-09-01 23:59:34.167","2026-09-08 19:42:38.651","6a971e4ad46aaebe3cf0f018","68af586a247244404743fbe7","[PREMIUM]","[PREMIUM]","[PREMIUM]","[PREMIUM]","[PREMIUM]","[2,4]","328","1","Club","['*','*','*','*']","mobile","tm","tm-official",,"[PREMIUM]","[PREMIUM]","[]","2026-09-08 23:40:00","Pittsburgh Pirates at Chicago White Sox","mlb","2026-09-09 23:40:00","5362ccf73bf37627c6000004"
"6a971e55b63dd3654f3f4da2","2026-09-01 23:59:34.167","2026-09-03 03:23:32.060","6a971e55b63dd3654f3f4da2","68af586a247244404743fbe7","[PREMIUM]","[PREMIUM]","[PREMIUM]","[PREMIUM]","[PREMIUM]","[2,4]","554","1","Upper Reserved","['*','*','*','*']","mobile","tm","tm-official",,"[PREMIUM]","[PREMIUM]","[]","2026-09-08 00:00:00","Pittsburgh Pirates at Chicago White Sox","mlb","2026-09-09 23:40:00","5362ccf73bf37627c6000004"
"6a97218ee9a997e8bf48cd6f","2026-09-01 23:59:34.167","2026-09-01 23:59:34.167","6a97218ee9a997e8bf48cd6f","68af586a247244404743fbe7","[PREMIUM]","[PREMIUM]","[PREMIUM]","[PREMIUM]","[PREMIUM]","[1,2,3,4,5,6]","125","22","Gold Box","['*','*','*','*','*','*']","direct",,"tm-official",,"[PREMIUM]","[PREMIUM]","[]","2026-09-08 00:00:00","Pittsburgh Pirates at Chicago White Sox","mlb","2026-09-09 23:40:00","5362ccf73bf37627c6000004"
"6a9719e38bac4990c31c9e48","2026-09-01 23:59:34.167","2026-09-01 23:59:34.167","6a9719e38bac4990c31c9e48","68af586a247244404743fbe7","[PREMIUM]","[PREMIUM]","[PREMIUM]","[PREMIUM]","[PREMIUM]","[1,2,3,4]","128","17","Gold Box","['*','*','*','*']","direct",,"tm-official",,"[PREMIUM]","[PREMIUM]","[]","2026-09-09 00:00:00","Pittsburgh Pirates at Chicago White Sox","mlb","2026-09-09 23:40:00","5362ccf73bf37627c6000004"
"6a9719e2743432a78f3d968d","2026-09-01 23:59:34.167","2026-09-01 23:59:34.167","6a9719e2743432a78f3d968d","68af586a247244404743fbe7","[PREMIUM]","[PREMIUM]","[PREMIUM]","[PREMIUM]","[PREMIUM]","[1,2,3,4]","140","16","Gold Box","['*','*','*','*']","direct",,"tm-official",,"[PREMIUM]","[PREMIUM]","[]","2026-09-09 00:00:00","Pittsburgh Pirates at Chicago White Sox","mlb","2026-09-09 23:40:00","5362ccf73bf37627c6000004"
"6a95ff8040d82c81e4509f8e","2026-09-01 23:59:33.267","2026-09-05 09:47:07.850","6a95ff8040d82c81e4509f8e","68af4c14ec76d2757005340b","[PREMIUM]","[PREMIUM]","[PREMIUM]","[PREMIUM]","[PREMIUM]","[2]","109","13","Baseline","['*','*']","mobile","mlb","tdc","amazing","[PREMIUM]","[PREMIUM]","[]","2026-09-08 22:40:00","Houston Astros at Philadelphia Phillies","mlb","2026-09-09 22:40:00","539619523bf37601f6000001"
"6a96d740e0e5113e1e5e6273","2026-09-01 23:59:33.267","2026-09-03 03:23:34.143","6a96d740e0e5113e1e5e6273","68af4c14ec76d2757005340b","[PREMIUM]","[PREMIUM]","[PREMIUM]","[PREMIUM]","[PREMIUM]","[2,4]","137","8","Baseline","['7','8','9','10']","direct",,"tdc",,"[PREMIUM]","[PREMIUM]","[]",,"Houston Astros at Philadelphia Phillies","mlb","2026-09-09 22:40:00","539619523bf37601f6000001"
"6a96d2f896b47a3ce332202d","2026-09-01 23:59:33.267","2026-09-03 03:23:34.143","6a96d2f896b47a3ce332202d","68af4c14ec76d2757005340b","[PREMIUM]","[PREMIUM]","[PREMIUM]","[PREMIUM]","[PREMIUM]","[1,2,3,4,5,6,7,8]","114","31","Baseline","['*','*','*','*','*','*','*','*']","direct",,"tdc",,"[PREMIUM]","[PREMIUM]","[]","2026-09-08 00:00:00","Houston Astros at Philadelphia Phillies","mlb","2026-09-09 22:40:00","539619523bf37601f6000001"
"69bc8fc572ed9138652867f6","2026-09-01 23:59:33.267","2026-09-08 19:42:40.792","69bc8fc572ed9138652867f6","68af4c14ec76d2757005340b","[PREMIUM]","[PREMIUM]","[PREMIUM]","[PREMIUM]","[PREMIUM]","[2]","124","29","Infield","['*','*']","mobile","mlb","tdc",,"[PREMIUM]","[PREMIUM]","[]","2026-09-08 22:40:00","Houston Astros at Philadelphia Phillies","mlb","2026-09-09 22:40:00","539619523bf37601f6000001"
"6a7cb4359816d12ced89f976","2026-09-01 23:59:33.267","2026-09-06 13:11:08.723","6a7cb4359816d12ced89f976","68af4c14ec76d2757005340b","[PREMIUM]","[PREMIUM]","[PREMIUM]","[PREMIUM]","[PREMIUM]","[1,2]","101","4","Outfield","['14','15']","direct",,"tdc",,"[PREMIUM]","[PREMIUM]","[]","2026-09-08 00:00:00","Houston Astros at Philadelphia Phillies","mlb","2026-09-09 22:40:00","539619523bf37601f6000001"
"6a7b134f1a33289985b2098b","2026-09-01 23:59:33.267","2026-09-03 03:23:34.143","6a7b134f1a33289985b2098b","68af4c14ec76d2757005340b","[PREMIUM]","[PREMIUM]","[PREMIUM]","[PREMIUM]","[PREMIUM]","[2]","117","24","Infield","['*','*']","mobile","mlb","tdc",,"[PREMIUM]","[PREMIUM]","[]","2026-09-08 22:40:00","Houston Astros at Philadelphia Phillies","mlb","2026-09-09 22:40:00","539619523bf37601f6000001"
"6a95fbf40ca8ebe7b117dccd","2026-09-01 23:59:33.267","2026-09-07 16:29:21.288","6a95fbf40ca8ebe7b117dccd","68af4c14ec76d2757005340b","[PREMIUM]","[PREMIUM]","[PREMIUM]","[PREMIUM]","[PREMIUM]","[2,4]","315","4","Terrace","['*','*','*','*']","mobile","mlb","tdc",,"[PREMIUM]","[PREMIUM]","[]","2026-09-08 22:40:00","Houston Astros at Philadelphia Phillies","mlb","2026-09-09 22:40:00","539619523bf37601f6000001"
"6a95fc63a410ffa95c68587b","2026-09-01 23:59:33.267","2026-09-05 09:47:07.850","6a95fc63a410ffa95c68587b","68af4c14ec76d2757005340b","[PREMIUM]","[PREMIUM]","[PREMIUM]","[PREMIUM]","[PREMIUM]","[2,4]","110","2","Baseline","['3','4','5','6']","direct",,"tdc",,"[PREMIUM]","[PREMIUM]","[]",,"Houston Astros at Philadelphia Phillies","mlb","2026-09-09 22:40:00","539619523bf37601f6000001"
"6a972cc890dadebf5aa5043b","2026-09-01 23:59:33.267","2026-09-01 23:59:33.267","6a972cc890dadebf5aa5043b","68af4c14ec76d2757005340b","[PREMIUM]","[PREMIUM]","[PREMIUM]","[PREMIUM]","[PREMIUM]","[2]","202","13","Pavilion","['*','*']","direct",,"tdc",,"[PREMIUM]","[PREMIUM]","[]","2026-09-08 00:00:00","Houston Astros at Philadelphia Phillies","mlb","2026-09-09 22:40:00","539619523bf37601f6000001"
"6a972cc956bf16f83eed1156","2026-09-01 23:59:33.267","2026-09-01 23:59:33.267","6a972cc956bf16f83eed1156","68af4c14ec76d2757005340b","[PREMIUM]","[PREMIUM]","[PREMIUM]","[PREMIUM]","[PREMIUM]","[1,2,3,5]","140","17","Outfield","['*','*','*','*','*']","direct",,"tdc",,"[PREMIUM]","[PREMIUM]","[]","2026-09-08 00:00:00","Houston Astros at Philadelphia Phillies","mlb","2026-09-09 22:40:00","539619523bf37601f6000001"
"6a97232d8bac4990c31cb85c","2026-09-01 23:59:33.267","2026-09-01 23:59:33.267","6a97232d8bac4990c31cb85c","68af4c14ec76d2757005340b","[PREMIUM]","[PREMIUM]","[PREMIUM]","[PREMIUM]","[PREMIUM]","[2]","306","8","Pavilion Deck","['*','*']","direct",,"tdc",,"[PREMIUM]","[PREMIUM]","[]","2026-09-08 00:00:00","Houston Astros at Philadelphia Phillies","mlb","2026-09-09 22:40:00","539619523bf37601f6000001"
"6a70f5030e7e677f978a48da","2026-09-01 23:59:33.267","2026-09-07 16:29:21.288","6a70f5030e7e677f978a48da","68af4c14ec76d2757005340b","[PREMIUM]","[PREMIUM]","[PREMIUM]","[PREMIUM]","[PREMIUM]","[2]","332","2","Terrace","['*','*']","direct",,"tdc",,"[PREMIUM]","[PREMIUM]","[]",,"Houston Astros at Philadelphia Phillies","mlb","2026-09-09 22:40:00","539619523bf37601f6000001"
"6a9708bb66b4d6f7ec435e8f","2026-09-01 23:59:33.267","2026-09-01 23:59:33.267","6a9708bb66b4d6f7ec435e8f","68af4c14ec76d2757005340b","[PREMIUM]","[PREMIUM]","[PREMIUM]","[PREMIUM]","[PREMIUM]","[2]","138","28","Baseline","['*','*']","direct",,"tdc",,"[PREMIUM]","[PREMIUM]","[]","2026-09-08 00:00:00","Houston Astros at Philadelphia Phillies","mlb","2026-09-09 22:40:00","539619523bf37601f6000001"
"6a9573b47b2443ddc75bebc6","2026-09-01 23:59:33.267","2026-09-01 23:59:33.267","6a9573b47b2443ddc75bebc6","68af4c14ec76d2757005340b","[PREMIUM]","[PREMIUM]","[PREMIUM]","[PREMIUM]","[PREMIUM]","[2,4,6,8]","135","11","Baseline","['5','6','7','8','9','10','11','12']","direct",,"tdc",,"[PREMIUM]","[PREMIUM]","[]",,"Houston Astros at Philadelphia Phillies","mlb","2026-09-09 22:40:00","539619523bf37601f6000001"
"6a96e42bec0885fdefef3ec7","2026-09-01 23:59:33.267","2026-09-01 23:59:33.267","6a96e42bec0885fdefef3ec7","68af4c14ec76d2757005340b","[PREMIUM]","[PREMIUM]","[PREMIUM]","[PREMIUM]","[PREMIUM]","[2,4,6]","303","3","Pavilion Deck","['3','4','5','6','7','8']","direct",,"tdc",,"[PREMIUM]","[PREMIUM]","[]",,"Houston Astros at Philadelphia Phillies","mlb","2026-09-09 22:40:00","539619523bf37601f6000001"
"6a96326e527d25ab912f7a2b","2026-09-01 23:59:33.267","2026-09-03 03:23:34.143","6a96326e527d25ab912f7a2b","68af4c14ec76d2757005340b","[PREMIUM]","[PREMIUM]","[PREMIUM]","[PREMIUM]","[PREMIUM]","[2,4]","117","33","Infield","['13','14','15','16']","mobile","mlb","tdc",,"[PREMIUM]","[PREMIUM]","[]","2026-09-07 00:00:00","Houston Astros at Philadelphia Phillies","mlb","2026-09-09 22:40:00","539619523bf37601f6000001"
"6a96286fd44593b3e99750dc","2026-09-01 23:59:33.267","2026-09-04 06:40:16.966","6a96286fd44593b3e99750dc","68af4c14ec76d2757005340b","[PREMIUM]","[PREMIUM]","[PREMIUM]","[PREMIUM]","[PREMIUM]","[2]","202","1","Pavilion","['*','*']","mobile","mlb","tdc",,"[PREMIUM]","[PREMIUM]","[]","2026-09-08 22:40:00","Houston Astros at Philadelphia Phillies","mlb","2026-09-09 22:40:00","539619523bf37601f6000001"
"6a961f00b7408adf1e6e18bb","2026-09-01 23:59:33.267","2026-09-06 13:11:08.723","6a961f00b7408adf1e6e18bb","68af4c14ec76d2757005340b","[PREMIUM]","[PREMIUM]","[PREMIUM]","[PREMIUM]","[PREMIUM]","[2]","132","27","Infield","['*','*']","mobile","mlb","tdc",,"[PREMIUM]","[PREMIUM]","[]","2026-09-08 22:40:00","Houston Astros at Philadelphia Phillies","mlb","2026-09-09 22:40:00","539619523bf37601f6000001"
"6a8f7ad57ab77ef0a94e507b","2026-09-01 23:59:33.267","2026-09-07 16:29:21.288","6a8f7ad57ab77ef0a94e507b","68af4c14ec76d2757005340b","[PREMIUM]","[PREMIUM]","[PREMIUM]","[PREMIUM]","[PREMIUM]","[2]","228","7","Hall of Fame Club","['*','*']","mobile","mlb","tdc",,"[PREMIUM]","[PREMIUM]","[]","2026-09-08 22:40:00","Houston Astros at Philadelphia Phillies","mlb","2026-09-09 22:40:00","539619523bf37601f6000001"
"6a9665c447d23c91166cec9e","2026-09-01 23:59:33.267","2026-09-03 03:23:34.143","6a9665c447d23c91166cec9e","68af4c14ec76d2757005340b","[PREMIUM]","[PREMIUM]","[PREMIUM]","[PREMIUM]","[PREMIUM]","[2]","329","8","Terrace","['*','*']","direct",,"tdc",,"[PREMIUM]","[PREMIUM]","[]","2026-09-08 00:00:00","Houston Astros at Philadelphia Phillies","mlb","2026-09-09 22:40:00","539619523bf37601f6000001"
"6a9665c49e9f46bba59b33f2","2026-09-01 23:59:33.267","2026-09-01 23:59:33.267","6a9665c49e9f46bba59b33f2","68af4c14ec76d2757005340b","[PREMIUM]","[PREMIUM]","[PREMIUM]","[PREMIUM]","[PREMIUM]","[1,2,3,4,5,6,7,8]","109","29","Baseline","['*','*','*','*','*','*','*','*']","direct",,"tdc",,"[PREMIUM]","[PREMIUM]","[]","2026-09-08 00:00:00","Houston Astros at Philadelphia Phillies","mlb","2026-09-09 22:40:00","539619523bf37601f6000001"
"6a96655b18b121545d0a123f","2026-09-01 23:59:33.267","2026-09-03 03:23:34.143","6a96655b18b121545d0a123f","68af4c14ec76d2757005340b","[PREMIUM]","[PREMIUM]","[PREMIUM]","[PREMIUM]","[PREMIUM]","[2]","306","1","Pavilion Deck","['*','*']","direct",,"tdc",,"[PREMIUM]","[PREMIUM]","[]","2026-09-08 00:00:00","Houston Astros at Philadelphia Phillies","mlb","2026-09-09 22:40:00","539619523bf37601f6000001"
"6a9665c4a5e6577faf7a6f64","2026-09-01 23:59:33.267","2026-09-01 23:59:33.267","6a9665c4a5e6577faf7a6f64","68af4c14ec76d2757005340b","[PREMIUM]","[PREMIUM]","[PREMIUM]","[PREMIUM]","[PREMIUM]","[2,4]","306","20","Pavilion Deck","['*','*','*','*']","direct",,"tdc",,"[PREMIUM]","[PREMIUM]","[]","2026-09-08 00:00:00","Houston Astros at Philadelphia Phillies","mlb","2026-09-09 22:40:00","539619523bf37601f6000001"
"6a966636b63dd3654f3de4f6","2026-09-01 23:59:33.267","2026-09-04 06:40:16.966","6a966636b63dd3654f3de4f6","68af4c14ec76d2757005340b","[PREMIUM]","[PREMIUM]","[PREMIUM]","[PREMIUM]","[PREMIUM]","[2]","129","14","Infield","['3','4']","direct",,"tdc",,"[PREMIUM]","[PREMIUM]","[]",,"Houston Astros at Philadelphia Phillies","mlb","2026-09-09 22:40:00","539619523bf37601f6000001"
"6a960285fcfcd4d95b1d6921","2026-09-01 23:59:33.267","2026-09-01 23:59:33.267","6a960285fcfcd4d95b1d6921","68af4c14ec76d2757005340b","[PREMIUM]","[PREMIUM]","[PREMIUM]","[PREMIUM]","[PREMIUM]","[1,2,3,5]","312","5","Terrace","['*','*','*','*','*']","mobile","mlb","tdc",,"[PREMIUM]","[PREMIUM]","[]","2026-09-08 22:40:00","Houston Astros at Philadelphia Phillies","mlb","2026-09-09 22:40:00","539619523bf37601f6000001"
"6a9606a27df29cce4b559598","2026-09-01 23:59:33.267","2026-09-08 19:42:40.792","6a9606a27df29cce4b559598","68af4c14ec76d2757005340b","[PREMIUM]","[PREMIUM]","[PREMIUM]","[PREMIUM]","[PREMIUM]","[2,4]","236","5","Arcade","['*','*','*','*']","mobile","mlb","tdc",,"[PREMIUM]","[PREMIUM]","[]","2026-09-08 22:40:00","Houston Astros at Philadelphia Phillies","mlb","2026-09-09 22:40:00","539619523bf37601f6000001"
"690cb7cceb508bceec7fafb4","2026-09-01 23:59:33.267","2026-09-08 19:42:40.792","690cb7cceb508bceec7fafb4","68af4c14ec76d2757005340b","[PREMIUM]","[PREMIUM]","[PREMIUM]","[PREMIUM]","[PREMIUM]","[2]","142","4","Outfield","['10','11']","direct",,"tdc",,"[PREMIUM]","[PREMIUM]","[]",,"Houston Astros at Philadelphia Phillies","mlb","2026-09-09 22:40:00","539619523bf37601f6000001"
"6a97665fc28e8cb5d7d48540","2026-09-01 23:59:33.267","2026-09-01 23:59:33.267","6a97665fc28e8cb5d7d48540","68af4c14ec76d2757005340b","[PREMIUM]","[PREMIUM]","[PREMIUM]","[PREMIUM]","[PREMIUM]","[1,2,3,4,5,6,7,8]","427","15","Terrace Deck","['*','*','*','*','*','*','*','*']","direct",,"tdc",,"[PREMIUM]","[PREMIUM]","[]","2026-09-08 00:00:00","Houston Astros at Philadelphia Phillies","mlb","2026-09-09 22:40:00","539619523bf37601f6000001"
"6a97665b77bb96df191a7ada","2026-09-01 23:59:33.267","2026-09-01 23:59:33.267","6a97665b77bb96df191a7ada","68af4c14ec76d2757005340b","[PREMIUM]","[PREMIUM]","[PREMIUM]","[PREMIUM]","[PREMIUM]","[2]","206","2","Pavilion","['*','*']","direct",,"tdc",,"[PREMIUM]","[PREMIUM]","[]","2026-09-08 00:00:00","Houston Astros at Philadelphia Phillies","mlb","2026-09-09 22:40:00","539619523bf37601f6000001"
"6a976660e66b4ac7d00cb97c","2026-09-01 23:59:33.267","2026-09-03 03:23:34.143","6a976660e66b4ac7d00cb97c","68af4c14ec76d2757005340b","[PREMIUM]","[PREMIUM]","[PREMIUM]","[PREMIUM]","[PREMIUM]","[1,2,3,4,5,6,7,8]","432","3","Terrace Deck","['*','*','*','*','*','*','*','*']","direct",,"tdc",,"[PREMIUM]","[PREMIUM]","[]","2026-09-08 00:00:00","Houston Astros at Philadelphia Phillies","mlb","2026-09-09 22:40:00","539619523bf37601f6000001"
"6a976660dfd70ac2b6b95c8c","2026-09-01 23:59:33.267","2026-09-01 23:59:33.267","6a976660dfd70ac2b6b95c8c","68af4c14ec76d2757005340b","[PREMIUM]","[PREMIUM]","[PREMIUM]","[PREMIUM]","[PREMIUM]","[2,4]","207","5","Pavilion","['*','*','*','*']","direct",,"tdc",,"[PREMIUM]","[PREMIUM]","[]","2026-09-08 00:00:00","Houston Astros at Philadelphia Phillies","mlb","2026-09-09 22:40:00","539619523bf37601f6000001"
"6a97665f1f3957aa59e72898","2026-09-01 23:59:33.267","2026-09-01 23:59:33.267","6a97665f1f3957aa59e72898","68af4c14ec76d2757005340b","[PREMIUM]","[PREMIUM]","[PREMIUM]","[PREMIUM]","[PREMIUM]","[1,2,3,4,5,7]","204","11","Pavilion","['*','*','*','*','*','*','*']","direct",,"tdc",,"[PREMIUM]","[PREMIUM]","[]","2026-09-08 00:00:00","Houston Astros at Philadelphia Phillies","mlb","2026-09-09 22:40:00","539619523bf37601f6000001"
"6a976609e5436e9eeb415bd1","2026-09-01 23:59:33.267","2026-09-06 13:11:08.723","6a976609e5436e9eeb415bd1","68af4c14ec76d2757005340b","[PREMIUM]","[PREMIUM]","[PREMIUM]","[PREMIUM]","[PREMIUM]","[2,4]","113","40","Baseline","['*','*','*','*']","mobile","mlb","tdc",,"[PREMIUM]","[PREMIUM]","[]","2026-09-08 22:40:00","Houston Astros at Philadelphia Phillies","mlb","2026-09-09 22:40:00","539619523bf37601f6000001"
"6a97665fd102e88c96f67f1e","2026-09-01 23:59:33.267","2026-09-01 23:59:33.267","6a97665fd102e88c96f67f1e","68af4c14ec76d2757005340b","[PREMIUM]","[PREMIUM]","[PREMIUM]","[PREMIUM]","[PREMIUM]","[1,2,3,4,5,6,7,8]","205","7","Pavilion","['*','*','*','*','*','*','*','*']","direct",,"tdc",,"[PREMIUM]","[PREMIUM]","[]","2026-09-08 00:00:00","Houston Astros at Philadelphia Phillies","mlb","2026-09-09 22:40:00","539619523bf37601f6000001"
"6a97665f28c7ce1ebbb67668","2026-09-01 23:59:33.267","2026-09-01 23:59:33.267","6a97665f28c7ce1ebbb67668","68af4c14ec76d2757005340b","[PREMIUM]","[PREMIUM]","[PREMIUM]","[PREMIUM]","[PREMIUM]","[2]","204","6","Pavilion","['*','*']","direct",,"tdc",,"[PREMIUM]","[PREMIUM]","[]","2026-09-08 00:00:00","Houston Astros at Philadelphia Phillies","mlb","2026-09-09 22:40:00","539619523bf37601f6000001"
"6a97665fd102e88c96f67f1d","2026-09-01 23:59:33.267","2026-09-01 23:59:33.267","6a97665fd102e88c96f67f1d","68af4c14ec76d2757005340b","[PREMIUM]","[PREMIUM]","[PREMIUM]","[PREMIUM]","[PREMIUM]","[1,2,3,4,5,6,7,8]","428","7","Terrace Deck","['*','*','*','*','*','*','*','*']","direct",,"tdc",,"[PREMIUM]","[PREMIUM]","[]","2026-09-08 00:00:00","Houston Astros at Philadelphia Phillies","mlb","2026-09-09 22:40:00","539619523bf37601f6000001"
"6a97665f6858068f88f2c167","2026-09-01 23:59:33.267","2026-09-03 03:23:34.143","6a97665f6858068f88f2c167","68af4c14ec76d2757005340b","[PREMIUM]","[PREMIUM]","[PREMIUM]","[PREMIUM]","[PREMIUM]","[1,2,3,4,5,6,7,8]","427","4","Terrace Deck","['*','*','*','*','*','*','*','*']","direct",,"tdc",,"[PREMIUM]","[PREMIUM]","[]","2026-09-08 00:00:00","Houston Astros at Philadelphia Phillies","mlb","2026-09-09 22:40:00","539619523bf37601f6000001"
"6a97665f9e9f46bba59d4fa3","2026-09-01 23:59:33.267","2026-09-01 23:59:33.267","6a97665f9e9f46bba59d4fa3","68af4c14ec76d2757005340b","[PREMIUM]","[PREMIUM]","[PREMIUM]","[PREMIUM]","[PREMIUM]","[1,2,3,4,5,6,7,8]","428","2","Terrace Deck","['*','*','*','*','*','*','*','*']","direct",,"tdc",,"[PREMIUM]","[PREMIUM]","[]","2026-09-08 00:00:00","Houston Astros at Philadelphia Phillies","mlb","2026-09-09 22:40:00","539619523bf37601f6000001"
"6a97665f1de337905296c370","2026-09-01 23:59:33.267","2026-09-01 23:59:33.267","6a97665f1de337905296c370","68af4c14ec76d2757005340b","[PREMIUM]","[PREMIUM]","[PREMIUM]","[PREMIUM]","[PREMIUM]","[1,2,3,4,5,6,7,8]","427","10","Terrace Deck","['*','*','*','*','*','*','*','*']","direct",,"tdc",,"[PREMIUM]","[PREMIUM]","[]","2026-09-08 00:00:00","Houston Astros at Philadelphia Phillies","mlb","2026-09-09 22:40:00","539619523bf37601f6000001"
"6a97665fa5b856d9b633d3b5","2026-09-01 23:59:33.267","2026-09-01 23:59:33.267","6a97665fa5b856d9b633d3b5","68af4c14ec76d2757005340b","[PREMIUM]","[PREMIUM]","[PREMIUM]","[PREMIUM]","[PREMIUM]","[1,2,3,4,5,6,7,8]","431","3","Terrace Deck","['*','*','*','*','*','*','*','*']","direct",,"tdc",,"[PREMIUM]","[PREMIUM]","[]","2026-09-08 00:00:00","Houston Astros at Philadelphia Phillies","mlb","2026-09-09 22:40:00","539619523bf37601f6000001"
"6a8e292703c71f5417021515","2026-09-01 23:59:33.267","2026-09-04 06:40:16.966","6a8e292703c71f5417021515","68af4c14ec76d2757005340b","[PREMIUM]","[PREMIUM]","[PREMIUM]","[PREMIUM]","[PREMIUM]","[1,2,3,5]","115","24","Infield","['*','*','*','*','*']","mobile","mlb","tdc",,"[PREMIUM]","[PREMIUM]","[]","2026-09-07 00:00:00","Houston Astros at Philadelphia Phillies","mlb","2026-09-09 22:40:00","539619523bf37601f6000001"
"6a8e139c1eb369ddab8f3721","2026-09-01 23:59:33.267","2026-09-08 19:42:40.792","6a8e139c1eb369ddab8f3721","68af4c14ec76d2757005340b","[PREMIUM]","[PREMIUM]","[PREMIUM]","[PREMIUM]","[PREMIUM]","[2,4]","122","34","Infield","['*','*','*','*']","mobile","mlb","tdc",,"[PREMIUM]","[PREMIUM]","[]","2026-09-08 22:40:00","Houston Astros at Philadelphia Phillies","mlb","2026-09-09 22:40:00","539619523bf37601f6000001"
"6a8e324a3d2c54a231f9e2f7","2026-09-01 23:59:33.267","2026-09-07 16:29:21.288","6a8e324a3d2c54a231f9e2f7","68af4c14ec76d2757005340b","[PREMIUM]","[PREMIUM]","[PREMIUM]","[PREMIUM]","[PREMIUM]","[2]","133","37","Baseline","['*','*']","mobile","mlb","tdc",,"[PREMIUM]","[PREMIUM]","[]","2026-09-08 22:40:00","Houston Astros at Philadelphia Phillies","mlb","2026-09-09 22:40:00","539619523bf37601f6000001"
"6a8dda5eb000f53046ea2e9b","2026-09-01 23:59:33.267","2026-09-04 06:40:16.966","6a8dda5eb000f53046ea2e9b","68af4c14ec76d2757005340b","[PREMIUM]","[PREMIUM]","[PREMIUM]","[PREMIUM]","[PREMIUM]","[2]","131","7","Infield","['*','*']","mobile","mlb","tdc",,"[PREMIUM]","[PREMIUM]","[]","2026-09-08 22:40:00","Houston Astros at Philadelphia Phillies","mlb","2026-09-09 22:40:00","539619523bf37601f6000001"
"6a8e28ea7d6eaf81c0c4fb44","2026-09-01 23:59:33.267","2026-09-01 23:59:33.267","6a8e28ea7d6eaf81c0c4fb44","68af4c14ec76d2757005340b","[PREMIUM]","[PREMIUM]","[PREMIUM]","[PREMIUM]","[PREMIUM]","[2,4]","114","24","Baseline","['*','*','*','*']","mobile","mlb","tdc",,"[PREMIUM]","[PREMIUM]","[]","2026-09-07 00:00:00","Houston Astros at Philadelphia Phillies","mlb","2026-09-09 22:40:00","539619523bf37601f6000001"
"6a8e29155bd53fc0af485bf2","2026-09-01 23:59:33.267","2026-09-06 13:11:08.723","6a8e29155bd53fc0af485bf2","68af4c14ec76d2757005340b","[PREMIUM]","[PREMIUM]","[PREMIUM]","[PREMIUM]","[PREMIUM]","[2,4,6,8]","131","26","Infield","['*','*','*','*','*','*','*','*']","mobile","mlb","tdc",,"[PREMIUM]","[PREMIUM]","[]","2026-09-07 00:00:00","Houston Astros at Philadelphia Phillies","mlb","2026-09-09 22:40:00","539619523bf37601f6000001"
"6a96a9bfe50f810c43f4684d","2026-09-01 23:59:33.267","2026-09-04 06:40:16.966","6a96a9bfe50f810c43f4684d","68af4c14ec76d2757005340b","[PREMIUM]","[PREMIUM]","[PREMIUM]","[PREMIUM]","[PREMIUM]","[2]","232","3","Hall of Fame Club","['*','*']","mobile","mlb","tdc",,"[PREMIUM]","[PREMIUM]","[]","2026-09-08 22:40:00","Houston Astros at Philadelphia Phillies","mlb","2026-09-09 22:40:00","539619523bf37601f6000001"
"6a969e97368ff6ef52f9f687","2026-09-01 23:59:33.267","2026-09-01 23:59:33.267","6a969e97368ff6ef52f9f687","68af4c14ec76d2757005340b","[PREMIUM]","[PREMIUM]","[PREMIUM]","[PREMIUM]","[PREMIUM]","[1,2,3,5]","107","5","Outfield","['*','*','*','*','*']","direct",,"tdc",,"[PREMIUM]","[PREMIUM]","[]","2026-09-08 00:00:00","Houston Astros at Philadelphia Phillies","mlb","2026-09-09 22:40:00","539619523bf37601f6000001"
"6a96a9bfd44593b3e9984da3","2026-09-01 23:59:33.267","2026-09-06 13:11:08.723","6a96a9bfd44593b3e9984da3","68af4c14ec76d2757005340b","[PREMIUM]","[PREMIUM]","[PREMIUM]","[PREMIUM]","[PREMIUM]","[2]","105","7","Outfield","['*','*']","mobile","mlb","tdc",,"[PREMIUM]","[PREMIUM]","[]","2026-09-08 22:40:00","Houston Astros at Philadelphia Phillies","mlb","2026-09-09 22:40:00","539619523bf37601f6000001"
"6a96a9bfca5e010c90abbcab","2026-09-01 23:59:33.267","2026-09-04 06:40:16.966","6a96a9bfca5e010c90abbcab","68af4c14ec76d2757005340b","[PREMIUM]","[PREMIUM]","[PREMIUM]","[PREMIUM]","[PREMIUM]","[2]","128","30","Infield","['*','*']","mobile","mlb","tdc",,"[PREMIUM]","[PREMIUM]","[]","2026-09-08 22:40:00","Houston Astros at Philadelphia Phillies","mlb","2026-09-09 22:40:00","539619523bf37601f6000001"
"6a96a9bfb63dd3654f3e4499","2026-09-01 23:59:33.267","2026-09-03 03:23:34.143","6a96a9bfb63dd3654f3e4499","68af4c14ec76d2757005340b","[PREMIUM]","[PREMIUM]","[PREMIUM]","[PREMIUM]","[PREMIUM]","[2]","147","10","Outfield","['*','*']","mobile","mlb","tdc",,"[PREMIUM]","[PREMIUM]","[]","2026-09-08 22:40:00","Houston Astros at Philadelphia Phillies","mlb","2026-09-09 22:40:00","539619523bf37601f6000001"
"6a96a9bf11850fea61f93e59","2026-09-01 23:59:33.267","2026-09-04 06:40:16.966","6a96a9bf11850fea61f93e59","68af4c14ec76d2757005340b","[PREMIUM]","[PREMIUM]","[PREMIUM]","[PREMIUM]","[PREMIUM]","[2]","122","24","Infield","['*','*']","mobile","mlb","tdc",,"[PREMIUM]","[PREMIUM]","[]","2026-09-08 22:40:00","Houston Astros at Philadelphia Phillies","mlb","2026-09-09 22:40:00","539619523bf37601f6000001"
"698d132aa30d668b478d2ffc","2026-09-01 23:59:33.267","2026-09-06 13:11:08.723","698d132aa30d668b478d2ffc","68af4c14ec76d2757005340b","[PREMIUM]","[PREMIUM]","[PREMIUM]","[PREMIUM]","[PREMIUM]","[2]","209","5","Pavilion","['*','*']","mobile","mlb","tdc",,"[PREMIUM]","[PREMIUM]","[]","2026-09-08 00:00:00","Houston Astros at Philadelphia Phillies","mlb","2026-09-09 22:40:00","539619523bf37601f6000001"
"698d1324a30d668b478c4ab6","2026-09-01 23:59:33.267","2026-09-08 19:42:40.792","698d1324a30d668b478c4ab6","68af4c14ec76d2757005340b","[PREMIUM]","[PREMIUM]","[PREMIUM]","[PREMIUM]","[PREMIUM]","[2]","123","32","Infield","['*','*']","mobile","mlb","tdc",,"[PREMIUM]","[PREMIUM]","[]",,"Houston Astros at Philadelphia Phillies","mlb","2026-09-09 22:40:00","539619523bf37601f6000001"
"6a4c1154239cabfa2cd9f848","2026-09-01 23:59:33.267","2026-09-06 13:11:08.723","6a4c1154239cabfa2cd9f848","68af4c14ec76d2757005340b","[PREMIUM]","[PREMIUM]","[PREMIUM]","[PREMIUM]","[PREMIUM]","[2]","B","9","Diamond Club","['*','*']","mobile","mlb","tdc",,"[PREMIUM]","[PREMIUM]","[]","2026-09-08 22:40:00","Houston Astros at Philadelphia Phillies","mlb","2026-09-09 22:40:00","539619523bf37601f6000001"
"6a949206492422fc9fb0c21b","2026-09-01 23:59:33.267","2026-09-05 09:47:07.850","6a949206492422fc9fb0c21b","68af4c14ec76d2757005340b","[PREMIUM]","[PREMIUM]","[PREMIUM]","[PREMIUM]","[PREMIUM]","[2]","147","14","Outfield","['*','*']","mobile","mlb","tdc",,"[PREMIUM]","[PREMIUM]","[]","2026-09-08 22:40:00","Houston Astros at Philadelphia Phillies","mlb","2026-09-09 22:40:00","539619523bf37601f6000001"
"6a948991dec756cc28295ce3","2026-09-01 23:59:33.267","2026-09-06 13:11:08.723","6a948991dec756cc28295ce3","68af4c14ec76d2757005340b","[PREMIUM]","[PREMIUM]","[PREMIUM]","[PREMIUM]","[PREMIUM]","[2]","144","1","Outfield","['*','*']","mobile","mlb","tdc",,"[PREMIUM]","[PREMIUM]","[]","2026-09-08 22:40:00","Houston Astros at Philadelphia Phillies","mlb","2026-09-09 22:40:00","539619523bf37601f6000001"
"6a9445c1d44c6c3b26f6448b","2026-09-01 23:59:33.267","2026-09-05 09:47:07.850","6a9445c1d44c6c3b26f6448b","68af4c14ec76d2757005340b","[PREMIUM]","[PREMIUM]","[PREMIUM]","[PREMIUM]","[PREMIUM]","[2]","426","4","Terrace Deck","['*','*']","mobile","mlb","tdc",,"[PREMIUM]","[PREMIUM]","[]","2026-09-08 22:40:00","Houston Astros at Philadelphia Phillies","mlb","2026-09-09 22:40:00","539619523bf37601f6000001"
"6a9471a4f7cf47a342acb6fd","2026-09-01 23:59:33.267","2026-09-07 16:29:21.288","6a9471a4f7cf47a342acb6fd","68af4c14ec76d2757005340b","[PREMIUM]","[PREMIUM]","[PREMIUM]","[PREMIUM]","[PREMIUM]","[2,4]","120","32","Infield","['*','*','*','*']","mobile","mlb","tdc",,"[PREMIUM]","[PREMIUM]","[]","2026-09-08 22:40:00","Houston Astros at Philadelphia Phillies","mlb","2026-09-09 22:40:00","539619523bf37601f6000001"
"6a94a00168dd0f4fec3e99f8","2026-09-01 23:59:33.267","2026-09-04 06:40:16.966","6a94a00168dd0f4fec3e99f8","68af4c14ec76d2757005340b","[PREMIUM]","[PREMIUM]","[PREMIUM]","[PREMIUM]","[PREMIUM]","[2]","145","16","Outfield","['*','*']","mobile","mlb","tdc",,"[PREMIUM]","[PREMIUM]","[]","2026-09-08 22:40:00","Houston Astros at Philadelphia Phillies","mlb","2026-09-09 22:40:00","539619523bf37601f6000001"
"6a94487d5c60632dca41ee10","2026-09-01 23:59:33.267","2026-09-07 16:29:21.288","6a94487d5c60632dca41ee10","68af4c14ec76d2757005340b","[PREMIUM]","[PREMIUM]","[PREMIUM]","[PREMIUM]","[PREMIUM]","[2]","136","36","Baseline","['*','*']","mobile","mlb","tdc",,"[PREMIUM]","[PREMIUM]","[]","2026-09-08 22:40:00","Houston Astros at Philadelphia Phillies","mlb","2026-09-09 22:40:00","539619523bf37601f6000001"
"6a94730aeb14cdd8cf6fa0cb","2026-09-01 23:59:33.267","2026-09-05 09:47:07.850","6a94730aeb14cdd8cf6fa0cb","68af4c14ec76d2757005340b","[PREMIUM]","[PREMIUM]","[PREMIUM]","[PREMIUM]","[PREMIUM]","[2]","143","16","Outfield","['*','*']","mobile","mlb","tdc",,"[PREMIUM]","[PREMIUM]","[]","2026-09-08 22:40:00","Houston Astros at Philadelphia Phillies","mlb","2026-09-09 22:40:00","539619523bf37601f6000001"
"6a86ceb8e2eb7de9996c94e7","2026-09-01 23:59:33.267","2026-09-07 16:29:21.288","6a86ceb8e2eb7de9996c94e7","68af4c14ec76d2757005340b","[PREMIUM]","[PREMIUM]","[PREMIUM]","[PREMIUM]","[PREMIUM]","[2]","102","6","Outfield","['*','*']","mobile","mlb","tdc","great","[PREMIUM]","[PREMIUM]","[]","2026-09-08 22:40:00","Houston Astros at Philadelphia Phillies","mlb","2026-09-09 22:40:00","539619523bf37601f6000001"
"6a97495d702153592ff04f7e","2026-09-01 23:59:33.267","2026-09-06 13:11:08.723","6a97495d702153592ff04f7e","68af4c14ec76d2757005340b","[PREMIUM]","[PREMIUM]","[PREMIUM]","[PREMIUM]","[PREMIUM]","[2]","220","6","Hall of Fame Club","['10','11']","direct",,"tdc",,"[PREMIUM]","[PREMIUM]","[]",,"Houston Astros at Philadelphia Phillies","mlb","2026-09-09 22:40:00","539619523bf37601f6000001"
"6a974a10ec0885fdeff03c1a","2026-09-01 23:59:33.267","2026-09-01 23:59:33.267","6a974a10ec0885fdeff03c1a","68af4c14ec76d2757005340b","[PREMIUM]","[PREMIUM]","[PREMIUM]","[PREMIUM]","[PREMIUM]","[1,2,3,4,5,6,7,8]","206","6","Pavilion","['*','*','*','*','*','*','*','*']","direct",,"tdc",,"[PREMIUM]","[PREMIUM]","[]","2026-09-08 00:00:00","Houston Astros at Philadelphia Phillies","mlb","2026-09-09 22:40:00","539619523bf37601f6000001"
"6a974a11a308b5366737b316","2026-09-01 23:59:33.267","2026-09-01 23:59:33.267","6a974a11a308b5366737b316","68af4c14ec76d2757005340b","[PREMIUM]","[PREMIUM]","[PREMIUM]","[PREMIUM]","[PREMIUM]","[2,4]","206","10","Pavilion","['*','*','*','*']","direct",,"tdc",,"[PREMIUM]","[PREMIUM]","[]","2026-09-08 00:00:00","Houston Astros at Philadelphia Phillies","mlb","2026-09-09 22:40:00","539619523bf37601f6000001"
"6a974d4cc936f63fd02d0603","2026-09-01 23:59:33.267","2026-09-03 03:23:34.143","6a974d4cc936f63fd02d0603","68af4c14ec76d2757005340b","[PREMIUM]","[PREMIUM]","[PREMIUM]","[PREMIUM]","[PREMIUM]","[2,4]","142","9","Outfield","['*','*','*','*']","mobile","mlb","tdc",,"[PREMIUM]","[PREMIUM]","[]","2026-09-08 22:40:00","Houston Astros at Philadelphia Phillies","mlb","2026-09-09 22:40:00","539619523bf37601f6000001"
"6a97512b56bf16f83eed6d35","2026-09-01 23:59:33.267","2026-09-01 23:59:33.267","6a97512b56bf16f83eed6d35","68af4c14ec76d2757005340b","[PREMIUM]","[PREMIUM]","[PREMIUM]","[PREMIUM]","[PREMIUM]","[1,2,3,4,5,6,7,8]","205","11","Pavilion","['*','*','*','*','*','*','*','*']","direct",,"tdc",,"[PREMIUM]","[PREMIUM]","[]","2026-09-08 00:00:00","Houston Astros at Philadelphia Phillies","mlb","2026-09-09 22:40:00","539619523bf37601f6000001"
"6a97512b50a7985ec85a913d","2026-09-01 23:59:33.267","2026-09-01 23:59:33.267","6a97512b50a7985ec85a913d","68af4c14ec76d2757005340b","[PREMIUM]","[PREMIUM]","[PREMIUM]","[PREMIUM]","[PREMIUM]","[1,2,3,4,6]","205","3","Pavilion","['*','*','*','*','*','*']","direct",,"tdc",,"[PREMIUM]","[PREMIUM]","[]","2026-09-08 00:00:00","Houston Astros at Philadelphia Phillies","mlb","2026-09-09 22:40:00","539619523bf37601f6000001"
"6a96f0f7c33d0a1e7cdb5d3f","2026-09-01 23:59:33.267","2026-09-01 23:59:33.267","6a96f0f7c33d0a1e7cdb5d3f","68af4c14ec76d2757005340b","[PREMIUM]","[PREMIUM]","[PREMIUM]","[PREMIUM]","[PREMIUM]","[2]","124","23","Infield","['*','*']","direct",,"tdc",,"[PREMIUM]","[PREMIUM]","[]","2026-09-08 00:00:00","Houston Astros at Philadelphia Phillies","mlb","2026-09-09 22:40:00","539619523bf37601f6000001"
"6a96f86166b4d6f7ec433ac0","2026-09-01 23:59:33.267","2026-09-03 03:23:34.143","6a96f86166b4d6f7ec433ac0","68af4c14ec76d2757005340b","[PREMIUM]","[PREMIUM]","[PREMIUM]","[PREMIUM]","[PREMIUM]","[2,4]","140","8","Outfield","['*','*','*','*']","direct",,"tdc",,"[PREMIUM]","[PREMIUM]","[]","2026-09-08 00:00:00","Houston Astros at Philadelphia Phillies","mlb","2026-09-09 22:40:00","539619523bf37601f6000001"
"6a96b6e5ec0885fdefeed6b5","2026-09-01 23:59:33.267","2026-09-01 23:59:33.267","6a96b6e5ec0885fdefeed6b5","68af4c14ec76d2757005340b","[PREMIUM]","[PREMIUM]","[PREMIUM]","[PREMIUM]","[PREMIUM]","[2]","306","12","Pavilion Deck","['*','*']","direct",,"tdc",,"[PREMIUM]","[PREMIUM]","[]","2026-09-08 00:00:00","Houston Astros at Philadelphia Phillies","mlb","2026-09-09 22:40:00","539619523bf37601f6000001"
"6a600c2e1da659fbdab15065","2026-09-01 23:59:33.267","2026-09-07 16:29:21.288","6a600c2e1da659fbdab15065","68af4c14ec76d2757005340b","[PREMIUM]","[PREMIUM]","[PREMIUM]","[PREMIUM]","[PREMIUM]","[2]","115","37","Infield","['*','*']","mobile","mlb","tdc",,"[PREMIUM]","[PREMIUM]","[]","2026-09-08 22:40:00","Houston Astros at Philadelphia Phillies","mlb","2026-09-09 22:40:00","539619523bf37601f6000001"
"6a95e106fc6d634b09f0656e","2026-09-01 23:59:33.267","2026-09-01 23:59:33.267","6a95e106fc6d634b09f0656e","68af4c14ec76d2757005340b","[PREMIUM]","[PREMIUM]","[PREMIUM]","[PREMIUM]","[PREMIUM]","[1,2,3,4,5,6,7,8]","305","11","Pavilion Deck","['*','*','*','*','*','*','*','*']","direct",,"tdc",,"[PREMIUM]","[PREMIUM]","[]","2026-09-08 00:00:00","Houston Astros at Philadelphia Phillies","mlb","2026-09-09 22:40:00","539619523bf37601f6000001"
"6a95eebd40d82c81e4506901","2026-09-01 23:59:33.267","2026-09-07 16:29:21.288","6a95eebd40d82c81e4506901","68af4c14ec76d2757005340b","[PREMIUM]","[PREMIUM]","[PREMIUM]","[PREMIUM]","[PREMIUM]","[2]","236","1","Arcade","['15','16']","direct",,"tdc","great","[PREMIUM]","[PREMIUM]","[]",,"Houston Astros at Philadelphia Phillies","mlb","2026-09-09 22:40:00","539619523bf37601f6000001"
"6a95e112d44593b3e9966af2","2026-09-01 23:59:33.267","2026-09-01 23:59:33.267","6a95e112d44593b3e9966af2","68af4c14ec76d2757005340b","[PREMIUM]","[PREMIUM]","[PREMIUM]","[PREMIUM]","[PREMIUM]","[1,2,3,4,5,6,7,8]","305","15","Pavilion Deck","['*','*','*','*','*','*','*','*']","direct",,"tdc",,"[PREMIUM]","[PREMIUM]","[]","2026-09-08 00:00:00","Houston Astros at Philadelphia Phillies","mlb","2026-09-09 22:40:00","539619523bf37601f6000001"
"6a95e115b51b2720e5d5b49f","2026-09-01 23:59:33.267","2026-09-01 23:59:33.267","6a95e115b51b2720e5d5b49f","68af4c14ec76d2757005340b","[PREMIUM]","[PREMIUM]","[PREMIUM]","[PREMIUM]","[PREMIUM]","[1,2,3,4,5,6,7,8]","305","19","Pavilion Deck","['*','*','*','*','*','*','*','*']","direct",,"tdc",,"[PREMIUM]","[PREMIUM]","[]","2026-09-08 00:00:00","Houston Astros at Philadelphia Phillies","mlb","2026-09-09 22:40:00","539619523bf37601f6000001"
"6a8c9cc5cccd8c04c1fbc024","2026-09-01 23:59:33.267","2026-09-03 03:23:34.143","6a8c9cc5cccd8c04c1fbc024","68af4c14ec76d2757005340b","[PREMIUM]","[PREMIUM]","[PREMIUM]","[PREMIUM]","[PREMIUM]","[2]","325","1","Terrace","['19','20']","direct",,"tdc",,"[PREMIUM]","[PREMIUM]","[]",,"Houston Astros at Philadelphia Phillies","mlb","2026-09-09 22:40:00","539619523bf37601f6000001"
"6a973afcdf7bfab2f9cb3e40","2026-09-01 23:59:33.267","2026-09-03 03:23:34.143","6a973afcdf7bfab2f9cb3e40","68af4c14ec76d2757005340b","[PREMIUM]","[PREMIUM]","[PREMIUM]","[PREMIUM]","[PREMIUM]","[2,4]","306","3","Pavilion Deck","['*','*','*','*']","direct",,"tdc",,"[PREMIUM]","[PREMIUM]","[]","2026-09-08 00:00:00","Houston Astros at Philadelphia Phillies","mlb","2026-09-09 22:40:00","539619523bf37601f6000001"
"6a97174719c6828c27405104","2026-09-01 23:59:33.267","2026-09-08 19:42:40.792","6a97174719c6828c27405104","68af4c14ec76d2757005340b","[PREMIUM]","[PREMIUM]","[PREMIUM]","[PREMIUM]","[PREMIUM]","[2]","116","31","Infield","['*','*']","mobile","mlb","tdc",,"[PREMIUM]","[PREMIUM]","[]","2026-09-08 22:40:00","Houston Astros at Philadelphia Phillies","mlb","2026-09-09 22:40:00","539619523bf37601f6000001"
"6a97164a3b1d0de9239ec703","2026-09-01 23:59:33.267","2026-09-08 19:42:40.792","6a97164a3b1d0de9239ec703","68af4c14ec76d2757005340b","[PREMIUM]","[PREMIUM]","[PREMIUM]","[PREMIUM]","[PREMIUM]","[2,4]","314","1","Terrace","['*','*','*','*']","mobile","mlb","tdc",,"[PREMIUM]","[PREMIUM]","[]","2026-09-08 22:40:00","Houston Astros at Philadelphia Phillies","mlb","2026-09-09 22:40:00","539619523bf37601f6000001"
"6a970cbc18b121545d0b50ce","2026-09-01 23:59:33.267","2026-09-01 23:59:33.267","6a970cbc18b121545d0b50ce","68af4c14ec76d2757005340b","[PREMIUM]","[PREMIUM]","[PREMIUM]","[PREMIUM]","[PREMIUM]","[2]","138","33","Baseline","['*','*']","direct",,"tdc",,"[PREMIUM]","[PREMIUM]","[]","2026-09-08 00:00:00","Houston Astros at Philadelphia Phillies","mlb","2026-09-09 22:40:00","539619523bf37601f6000001"
"6a971187e5436e9eeb4087d6","2026-09-01 23:59:33.267","2026-09-06 13:11:08.723","6a971187e5436e9eeb4087d6","68af4c14ec76d2757005340b","[PREMIUM]","[PREMIUM]","[PREMIUM]","[PREMIUM]","[PREMIUM]","[1,2,4]","326","8","Terrace","['*','*','*','*']","mobile","mlb","tdc",,"[PREMIUM]","[PREMIUM]","[]","2026-09-08 22:40:00","Houston Astros at Philadelphia Phillies","mlb","2026-09-09 22:40:00","539619523bf37601f6000001"
"699436547f68d3e8ae6d66de","2026-09-01 23:59:33.267","2026-09-07 16:29:21.288","699436547f68d3e8ae6d66de","68af4c14ec76d2757005340b","[PREMIUM]","[PREMIUM]","[PREMIUM]","[PREMIUM]","[PREMIUM]","[2]","125","27","Infield","['9','10']","direct",,"tdc",,"[PREMIUM]","[PREMIUM]","[]","2026-09-08 00:00:00","Houston Astros at Philadelphia Phillies","mlb","2026-09-09 22:40:00","539619523bf37601f6000001"
"6a963db918a5728cd861d15a","2026-09-01 23:59:33.267","2026-09-08 19:42:40.792","6a963db918a5728cd861d15a","68af4c14ec76d2757005340b","[PREMIUM]","[PREMIUM]","[PREMIUM]","[PREMIUM]","[PREMIUM]","[2]","210","3","Pavilion","['*','*']","mobile","mlb","tdc",,"[PREMIUM]","[PREMIUM]","[]","2026-09-08 22:40:00","Houston Astros at Philadelphia Phillies","mlb","2026-09-09 22:40:00","539619523bf37601f6000001"
"6a964501b7408adf1e6e77f7","2026-09-01 23:59:33.267","2026-09-05 09:47:07.850","6a964501b7408adf1e6e77f7","68af4c14ec76d2757005340b","[PREMIUM]","[PREMIUM]","[PREMIUM]","[PREMIUM]","[PREMIUM]","[2,4]","423","4","Terrace Deck","['*','*','*','*']","mobile","mlb","tdc",,"[PREMIUM]","[PREMIUM]","[]","2026-09-08 22:40:00","Houston Astros at Philadelphia Phillies","mlb","2026-09-09 22:40:00","539619523bf37601f6000001"
"6a964277d83c2529993f5348","2026-09-01 23:59:33.267","2026-09-01 23:59:33.267","6a964277d83c2529993f5348","68af4c14ec76d2757005340b","[PREMIUM]","[PREMIUM]","[PREMIUM]","[PREMIUM]","[PREMIUM]","[2]","243","7","Scoreboard Porch","['*','*']","direct",,"tdc",,"[PREMIUM]","[PREMIUM]","[]","2026-09-08 00:00:00","Houston Astros at Philadelphia Phillies","mlb","2026-09-09 22:40:00","539619523bf37601f6000001"
"6a9760fda5b856d9b633c83c","2026-09-01 23:59:33.267","2026-09-04 06:40:16.966","6a9760fda5b856d9b633c83c","68af4c14ec76d2757005340b","[PREMIUM]","[PREMIUM]","[PREMIUM]","[PREMIUM]","[PREMIUM]","[2]","134","22","Baseline","['*','*']","mobile","mlb","tdc",,"[PREMIUM]","[PREMIUM]","[]","2026-09-08 22:40:00","Houston Astros at Philadelphia Phillies","mlb","2026-09-09 22:40:00","539619523bf37601f6000001"
"6a975b638bac4990c31d4925","2026-09-01 23:59:33.267","2026-09-06 13:11:08.723","6a975b638bac4990c31d4925","68af4c14ec76d2757005340b","[PREMIUM]","[PREMIUM]","[PREMIUM]","[PREMIUM]","[PREMIUM]","[2]","134","28","Baseline","['*','*']","mobile","mlb","tdc",,"[PREMIUM]","[PREMIUM]","[]","2026-09-08 22:40:00","Houston Astros at Philadelphia Phillies","mlb","2026-09-09 22:40:00","539619523bf37601f6000001"
"6a9760fcfcfcd4d95b208938","2026-09-01 23:59:33.267","2026-09-07 16:29:21.288","6a9760fcfcfcd4d95b208938","68af4c14ec76d2757005340b","[PREMIUM]","[PREMIUM]","[PREMIUM]","[PREMIUM]","[PREMIUM]","[2]","144","9","Outfield","['*','*']","mobile","mlb","tdc",,"[PREMIUM]","[PREMIUM]","[]","2026-09-08 22:40:00","Houston Astros at Philadelphia Phillies","mlb","2026-09-09 22:40:00","539619523bf37601f6000001"
"6a975a3e90dadebf5aa57856","2026-09-01 23:59:33.267","2026-09-03 03:23:34.143","6a975a3e90dadebf5aa57856","68af4c14ec76d2757005340b","[PREMIUM]","[PREMIUM]","[PREMIUM]","[PREMIUM]","[PREMIUM]","[2]","301","2","Pavilion Deck","['22','23']","direct",,"tdc",,"[PREMIUM]","[PREMIUM]","[]",,"Houston Astros at Philadelphia Phillies","mlb","2026-09-09 22:40:00","539619523bf37601f6000001"
"6a975a2ddf7bfab2f9cb8f43","2026-09-01 23:59:33.267","2026-09-06 13:11:08.723","6a975a2ddf7bfab2f9cb8f43","68af4c14ec76d2757005340b","[PREMIUM]","[PREMIUM]","[PREMIUM]","[PREMIUM]","[PREMIUM]","[2]","112","22","Baseline","['*','*']","mobile","mlb","tdc",,"[PREMIUM]","[PREMIUM]","[]","2026-09-08 22:40:00","Houston Astros at Philadelphia Phillies","mlb","2026-09-09 22:40:00","539619523bf37601f6000001"
"6a97569019c6828c2740fbe2","2026-09-01 23:59:33.267","2026-09-01 23:59:33.267","6a97569019c6828c2740fbe2","68af4c14ec76d2757005340b","[PREMIUM]","[PREMIUM]","[PREMIUM]","[PREMIUM]","[PREMIUM]","[2]","201","9","Pavilion","['*','*']","direct",,"tdc",,"[PREMIUM]","[PREMIUM]","[]","2026-09-08 00:00:00","Houston Astros at Philadelphia Phillies","mlb","2026-09-09 22:40:00","539619523bf37601f6000001"
"6a94a5ac23f4891c33a84be6","2026-09-01 23:59:33.267","2026-09-05 09:47:07.850","6a94a5ac23f4891c33a84be6","68af4c14ec76d2757005340b","[PREMIUM]","[PREMIUM]","[PREMIUM]","[PREMIUM]","[PREMIUM]","[2]","131","32","Infield","['*','*']","mobile","mlb","tdc",,"[PREMIUM]","[PREMIUM]","[]","2026-09-08 22:40:00","Houston Astros at Philadelphia Phillies","mlb","2026-09-09 22:40:00","539619523bf37601f6000001"
"6a94af862f41009d96232f18","2026-09-01 23:59:33.267","2026-09-05 09:47:07.850","6a94af862f41009d96232f18","68af4c14ec76d2757005340b","[PREMIUM]","[PREMIUM]","[PREMIUM]","[PREMIUM]","[PREMIUM]","[2]","145","11","Outfield","['*','*']","mobile","mlb","tdc",,"[PREMIUM]","[PREMIUM]","[]","2026-09-08 22:40:00","Houston Astros at Philadelphia Phillies","mlb","2026-09-09 22:40:00","539619523bf37601f6000001"
"6a961dd2b7408adf1e6e1582","2026-09-01 23:59:33.267","2026-09-08 19:42:40.792","6a961dd2b7408adf1e6e1582","68af4c14ec76d2757005340b","[PREMIUM]","[PREMIUM]","[PREMIUM]","[PREMIUM]","[PREMIUM]","[2]","223","4","Hall of Fame Club","['7','8']","direct",,"tdc",,"[PREMIUM]","[PREMIUM]","[]",,"Houston Astros at Philadelphia Phillies","mlb","2026-09-09 22:40:00","539619523bf37601f6000001"
"6a9617c1b7408adf1e6e0588","2026-09-01 23:59:33.267","2026-09-01 23:59:33.267","6a9617c1b7408adf1e6e0588","68af4c14ec76d2757005340b","[PREMIUM]","[PREMIUM]","[PREMIUM]","[PREMIUM]","[PREMIUM]","[2,4]","113","22","Baseline","['*','*','*','*']","mobile","mlb","tdc",,"[PREMIUM]","[PREMIUM]","[]","2026-09-08 22:40:00","Houston Astros at Philadelphia Phillies","mlb","2026-09-09 22:40:00","539619523bf37601f6000001"
"6a94f7f0437536b66ae60f79","2026-09-01 23:59:33.267","2026-09-01 23:59:33.267","6a94f7f0437536b66ae60f79","68af4c14ec76d2757005340b","[PREMIUM]","[PREMIUM]","[PREMIUM]","[PREMIUM]","[PREMIUM]","[2]","208","4","Pavilion","['*','*']","direct",,"tdc",,"[PREMIUM]","[PREMIUM]","[]","2026-09-08 00:00:00","Houston Astros at Philadelphia Phillies","mlb","2026-09-09 22:40:00","539619523bf37601f6000001"
