"_primaryKey","_firstSeenAt","_lastSeenAt","listingId","eventId","pricePrefee","priceTotal","priceFaceValue","salesTax","preTaxTotal","availableLots","section","row","sectionGroup","seats","deliveryType","transferType","ticketType","deal","savingsAmount","savingsPercent","disclosures","inHandDate","eventName","eventCategory","eventDatetimeUtc","eventVenueId"
"6970ea99319dd7a7f281bb86","2026-01-28 19:04:31.017","2026-02-09 21:02:38.110","6970ea99319dd7a7f281bb86","68c1fafb2eb8762fa000ccb4","[PREMIUM]","[PREMIUM]","[PREMIUM]","[PREMIUM]","[PREMIUM]","[2]","302","DDD","Lower Level","['11','12']","mobile","axs","tmqr","great","[PREMIUM]","[PREMIUM]","[]","2026-02-26 00:00:00","Camila (Rescheduled from 11/21/2025)","music","2026-02-28 02:00:00","57a4e75cf80c417f4e9c45cd"
"6978f2355fa9cbf67f169caa","2026-01-28 19:04:31.017","2026-02-14 12:44:16.050","6978f2355fa9cbf67f169caa","68c1fafb2eb8762fa000ccb4","[PREMIUM]","[PREMIUM]","[PREMIUM]","[PREMIUM]","[PREMIUM]","[2]","101","M","Lower Level","['*','*']","mobile","axs","tmqr","amazing","[PREMIUM]","[PREMIUM]","[]","2026-02-25 00:00:00","Camila (Rescheduled from 11/21/2025)","music","2026-02-28 02:00:00","57a4e75cf80c417f4e9c45cd"
"697a5a005fa9cbf67f853977","2026-01-28 19:04:31.017","2026-01-29 22:40:36.821","697a5a005fa9cbf67f853977","68c1fafb2eb8762fa000ccb4","[PREMIUM]","[PREMIUM]","[PREMIUM]","[PREMIUM]","[PREMIUM]","[2]","204","BB","Lower Level","['*','*']","mobile","axs","tmqr",,"[PREMIUM]","[PREMIUM]","[]","2026-02-26 00:00:00","Camila (Rescheduled from 11/21/2025)","music","2026-02-28 02:00:00","57a4e75cf80c417f4e9c45cd"
"697a5a585fa9cbf67f9a92bc","2026-01-28 19:04:31.017","2026-01-29 22:40:36.821","697a5a585fa9cbf67f9a92bc","68c1fafb2eb8762fa000ccb4","[PREMIUM]","[PREMIUM]","[PREMIUM]","[PREMIUM]","[PREMIUM]","[2]","104","C","Lower Level","['*','*']","mobile","axs","tmqr",,"[PREMIUM]","[PREMIUM]","[]","2026-02-26 00:00:00","Camila (Rescheduled from 11/21/2025)","music","2026-02-28 02:00:00","57a4e75cf80c417f4e9c45cd"
"697a5a585fa9cbf67f9a9018","2026-01-28 19:04:31.017","2026-01-29 22:40:36.821","697a5a585fa9cbf67f9a9018","68c1fafb2eb8762fa000ccb4","[PREMIUM]","[PREMIUM]","[PREMIUM]","[PREMIUM]","[PREMIUM]","[2,3,4]","101","F","Lower Level","['*','*','*','*']","mobile","axs","tmqr",,"[PREMIUM]","[PREMIUM]","[]","2026-02-26 00:00:00","Camila (Rescheduled from 11/21/2025)","music","2026-02-28 02:00:00","57a4e75cf80c417f4e9c45cd"
"697a5a2f5fa9cbf67f9107dc","2026-01-28 19:04:31.017","2026-01-29 22:40:36.821","697a5a2f5fa9cbf67f9107dc","68c1fafb2eb8762fa000ccb4","[PREMIUM]","[PREMIUM]","[PREMIUM]","[PREMIUM]","[PREMIUM]","[2,3]","105","E","Lower Level","['*','*','*']","mobile","axs","tmqr",,"[PREMIUM]","[PREMIUM]","[]","2026-02-26 00:00:00","Camila (Rescheduled from 11/21/2025)","music","2026-02-28 02:00:00","57a4e75cf80c417f4e9c45cd"
"697a5a2d5fa9cbf67f9050a8","2026-01-28 19:04:31.017","2026-01-29 22:40:36.821","697a5a2d5fa9cbf67f9050a8","68c1fafb2eb8762fa000ccb4","[PREMIUM]","[PREMIUM]","[PREMIUM]","[PREMIUM]","[PREMIUM]","[2,3,4]","102","J","Lower Level","['*','*','*','*']","mobile","axs","tmqr",,"[PREMIUM]","[PREMIUM]","[]","2026-02-26 00:00:00","Camila (Rescheduled from 11/21/2025)","music","2026-02-28 02:00:00","57a4e75cf80c417f4e9c45cd"
"697a5a185fa9cbf67f8af360","2026-01-28 19:04:31.017","2026-01-29 22:40:36.821","697a5a185fa9cbf67f8af360","68c1fafb2eb8762fa000ccb4","[PREMIUM]","[PREMIUM]","[PREMIUM]","[PREMIUM]","[PREMIUM]","[2,3]","102","D","Lower Level","['*','*','*']","mobile","axs","tmqr",,"[PREMIUM]","[PREMIUM]","[]","2026-02-26 00:00:00","Camila (Rescheduled from 11/21/2025)","music","2026-02-28 02:00:00","57a4e75cf80c417f4e9c45cd"
"697982795fa9cbf67f920cce","2026-01-28 19:04:29.804","2026-01-28 19:04:29.804","697982795fa9cbf67f920cce","68b78ea0c3784b587f28ca5b","[PREMIUM]","[PREMIUM]","[PREMIUM]","[PREMIUM]","[PREMIUM]","[2,4]","TIER4L","V","Tier","['*','*','*','*']","mobile","tm","tmqr","cheapest","[PREMIUM]","[PREMIUM]","[]","2026-02-21 00:00:00","Engelbert Humperdinck (Rescheduled from 11/23/2025)","music","2026-02-23 04:00:00","5dbc51e0e06ad80038a78b6f"
"6979be035fa9cbf67f32aec0","2026-01-28 19:04:28.763","2026-01-29 22:40:25.019","6979be035fa9cbf67f32aec0","690d77149848982bc9e44cb4","[PREMIUM]","[PREMIUM]","[PREMIUM]","[PREMIUM]","[PREMIUM]","[1,2,3,4,5,6,7,8]","MEZZL","B","Mezzanine","['*','*','*','*','*','*','*','*']","mobile","axs","tmqr","great","[PREMIUM]","[PREMIUM]","[]","2026-02-26 00:00:00","Eric Floyd's Legends Of Hip-Hop (Rescheduled from 11/30/2025)","music","2026-02-28 03:00:00","564cff8af80c410bf1000002"
"6979be035fa9cbf67f32ae47","2026-01-28 19:04:28.763","2026-01-29 22:40:25.019","6979be035fa9cbf67f32ae47","690d77149848982bc9e44cb4","[PREMIUM]","[PREMIUM]","[PREMIUM]","[PREMIUM]","[PREMIUM]","[1,2,3,4,5,6,7,8]","MEZZLC","B","Mezzanine","['*','*','*','*','*','*','*','*']","mobile","axs","tmqr","amazing","[PREMIUM]","[PREMIUM]","[]","2026-02-26 00:00:00","Eric Floyd's Legends Of Hip-Hop (Rescheduled from 11/30/2025)","music","2026-02-28 03:00:00","564cff8af80c410bf1000002"
"6979bdfd5fa9cbf67f314170","2026-01-28 19:04:28.763","2026-01-29 22:40:25.019","6979bdfd5fa9cbf67f314170","690d77149848982bc9e44cb4","[PREMIUM]","[PREMIUM]","[PREMIUM]","[PREMIUM]","[PREMIUM]","[1,2,3,4,5,6,7,8]","MEZZR","B","Mezzanine","['*','*','*','*','*','*','*','*']","mobile","axs","tmqr",,"[PREMIUM]","[PREMIUM]","[]","2026-02-26 00:00:00","Eric Floyd's Legends Of Hip-Hop (Rescheduled from 11/30/2025)","music","2026-02-28 03:00:00","564cff8af80c410bf1000002"
"6979be035fa9cbf67f32ae7a","2026-01-28 19:04:28.763","2026-01-29 22:40:25.019","6979be035fa9cbf67f32ae7a","690d77149848982bc9e44cb4","[PREMIUM]","[PREMIUM]","[PREMIUM]","[PREMIUM]","[PREMIUM]","[1,2,3,4,5,6,7,8]","MEZZRC","C","Mezzanine","['*','*','*','*','*','*','*','*']","mobile","axs","tmqr","great","[PREMIUM]","[PREMIUM]","[]","2026-02-26 00:00:00","Eric Floyd's Legends Of Hip-Hop (Rescheduled from 11/30/2025)","music","2026-02-28 03:00:00","564cff8af80c410bf1000002"
"69797d8d5fa9cbf67f55559a","2026-01-28 19:04:28.683","2026-01-31 02:22:41.798","69797d8d5fa9cbf67f55559a","68b9b111d328dcbc14d984f3","[PREMIUM]","[PREMIUM]","[PREMIUM]","[PREMIUM]","[PREMIUM]","[1,2,3,4,5,6,7,9]","BALC5","G","Balcony","['*','*','*','*','*','*','*','*','*']","mobile","axs","tmqr","amazing","[PREMIUM]","[PREMIUM]","[]","2026-03-04 00:00:00","The Band of Heathens and Jamestown Revival (Rescheduled from 11/29/2025)","music","2026-03-07 02:00:00","5bb38a9d61022b001432f380"
"6976effce7fbadfb8ee76e34","2026-01-28 19:04:28.634","2026-01-29 22:40:25.005","6976effce7fbadfb8ee76e34","67c9461e0f12a2da92f6e660","[PREMIUM]","[PREMIUM]","[PREMIUM]","[PREMIUM]","[PREMIUM]","[2,4]","MEZZ","L","Mezzanine","['*','*','*','*']","mobile","tm","tmqr","amazing","[PREMIUM]","[PREMIUM]","[]","2026-03-21 00:00:00","Los Tigres del Norte (Rescheduled from 11/30/2025)","music","2026-03-23 00:00:00","585c59cfcde6626ebed288fa"
"697832d2e7fbadfb8e39190f","2026-01-28 19:04:28.634","2026-02-14 12:44:13.471","697832d2e7fbadfb8e39190f","67c9461e0f12a2da92f6e660","[PREMIUM]","[PREMIUM]","[PREMIUM]","[PREMIUM]","[PREMIUM]","[1,2,3,4]","BALL","L","Balcony","['*','*','*','*']","mobile","tm","tmqr","amazing","[PREMIUM]","[PREMIUM]","[]","2026-03-21 00:00:00","Los Tigres del Norte (Rescheduled from 11/30/2025)","music","2026-03-23 00:00:00","585c59cfcde6626ebed288fa"
"697832d4e7fbadfb8e39d557","2026-01-28 19:04:28.634","2026-02-09 21:02:35.657","697832d4e7fbadfb8e39d557","67c9461e0f12a2da92f6e660","[PREMIUM]","[PREMIUM]","[PREMIUM]","[PREMIUM]","[PREMIUM]","[1,2,3,4]","ORCH","S","Orchestra","['*','*','*','*']","mobile","tm","tmqr",,"[PREMIUM]","[PREMIUM]","[]","2026-03-21 00:00:00","Los Tigres del Norte (Rescheduled from 11/30/2025)","music","2026-03-23 00:00:00","585c59cfcde6626ebed288fa"
"697832d7e7fbadfb8e3a7a52","2026-01-28 19:04:28.634","2026-02-14 12:44:13.471","697832d7e7fbadfb8e3a7a52","67c9461e0f12a2da92f6e660","[PREMIUM]","[PREMIUM]","[PREMIUM]","[PREMIUM]","[PREMIUM]","[1,2,3,4]","MEZZ","T","Mezzanine","['*','*','*','*']","mobile","tm","tmqr",,"[PREMIUM]","[PREMIUM]","[]","2026-03-21 00:00:00","Los Tigres del Norte (Rescheduled from 11/30/2025)","music","2026-03-23 00:00:00","585c59cfcde6626ebed288fa"
"6979006e5fa9cbf67f870f9d","2026-01-28 19:04:27.636","2026-02-02 14:19:33.224","6979006e5fa9cbf67f870f9d","685d929900a95316605fc38d","[PREMIUM]","[PREMIUM]","[PREMIUM]","[PREMIUM]","[PREMIUM]","[1,2,3,4,5,6]","117","C","Lower","['*','*','*','*','*','*']","mobile","tm","tmqr",,"[PREMIUM]","[PREMIUM]","[]","2026-03-30 00:00:00","Des Moines Buccaneers at Sioux Falls Stampede (Rescheduled from 12/2/2025)","other","2026-04-01 00:05:00","62c5e7af6a9190000116db26"
"6979005c5fa9cbf67f82b7b7","2026-01-28 19:04:27.636","2026-02-02 14:19:33.224","6979005c5fa9cbf67f82b7b7","685d929900a95316605fc38d","[PREMIUM]","[PREMIUM]","[PREMIUM]","[PREMIUM]","[PREMIUM]","[1,2,3,4,5,6,7,8]","118","B","Lower","['*','*','*','*','*','*','*','*']","mobile","tm","tmqr",,"[PREMIUM]","[PREMIUM]","[]","2026-03-30 00:00:00","Des Moines Buccaneers at Sioux Falls Stampede (Rescheduled from 12/2/2025)","other","2026-04-01 00:05:00","62c5e7af6a9190000116db26"
"697900965fa9cbf67f9194af","2026-01-28 19:04:27.636","2026-02-02 14:19:33.224","697900965fa9cbf67f9194af","685d929900a95316605fc38d","[PREMIUM]","[PREMIUM]","[PREMIUM]","[PREMIUM]","[PREMIUM]","[1,2,3,4,5,6,7,8]","116","C","Lower","['*','*','*','*','*','*','*','*']","mobile","tm","tmqr","great","[PREMIUM]","[PREMIUM]","[]","2026-03-30 00:00:00","Des Moines Buccaneers at Sioux Falls Stampede (Rescheduled from 12/2/2025)","other","2026-04-01 00:05:00","62c5e7af6a9190000116db26"
"697900745fa9cbf67f88e31c","2026-01-28 19:04:27.636","2026-02-02 14:19:33.224","697900745fa9cbf67f88e31c","685d929900a95316605fc38d","[PREMIUM]","[PREMIUM]","[PREMIUM]","[PREMIUM]","[PREMIUM]","[1,2,3,4,5,6]","104","B","Lower","['*','*','*','*','*','*']","mobile","tm","tmqr","amazing","[PREMIUM]","[PREMIUM]","[]","2026-03-30 00:00:00","Des Moines Buccaneers at Sioux Falls Stampede (Rescheduled from 12/2/2025)","other","2026-04-01 00:05:00","62c5e7af6a9190000116db26"
"6979007e5fa9cbf67f8b9388","2026-01-28 19:04:27.636","2026-02-02 14:19:33.224","6979007e5fa9cbf67f8b9388","685d929900a95316605fc38d","[PREMIUM]","[PREMIUM]","[PREMIUM]","[PREMIUM]","[PREMIUM]","[1,2]","112","D","Lower","['*','*']","mobile","tm","tmqr",,"[PREMIUM]","[PREMIUM]","[]","2026-03-30 00:00:00","Des Moines Buccaneers at Sioux Falls Stampede (Rescheduled from 12/2/2025)","other","2026-04-01 00:05:00","62c5e7af6a9190000116db26"
"6979006a5fa9cbf67f85fe6f","2026-01-28 19:04:27.636","2026-02-02 14:19:33.224","6979006a5fa9cbf67f85fe6f","685d929900a95316605fc38d","[PREMIUM]","[PREMIUM]","[PREMIUM]","[PREMIUM]","[PREMIUM]","[1,2,3,4,5,6]","106","D","Lower","['*','*','*','*','*','*']","mobile","tm","tmqr",,"[PREMIUM]","[PREMIUM]","[]","2026-03-30 00:00:00","Des Moines Buccaneers at Sioux Falls Stampede (Rescheduled from 12/2/2025)","other","2026-04-01 00:05:00","62c5e7af6a9190000116db26"
"6979006d5fa9cbf67f86fc0b","2026-01-28 19:04:27.636","2026-02-02 14:19:33.224","6979006d5fa9cbf67f86fc0b","685d929900a95316605fc38d","[PREMIUM]","[PREMIUM]","[PREMIUM]","[PREMIUM]","[PREMIUM]","[1,2,3,4,5,6,7,8]","115","C","Lower","['*','*','*','*','*','*','*','*']","mobile","tm","tmqr","amazing","[PREMIUM]","[PREMIUM]","[]","2026-03-30 00:00:00","Des Moines Buccaneers at Sioux Falls Stampede (Rescheduled from 12/2/2025)","other","2026-04-01 00:05:00","62c5e7af6a9190000116db26"
"6979007e5fa9cbf67f8b9479","2026-01-28 19:04:27.636","2026-02-02 14:19:33.224","6979007e5fa9cbf67f8b9479","685d929900a95316605fc38d","[PREMIUM]","[PREMIUM]","[PREMIUM]","[PREMIUM]","[PREMIUM]","[1,2,3,4,5,6]","114","D","Lower","['*','*','*','*','*','*']","mobile","tm","tmqr",,"[PREMIUM]","[PREMIUM]","[]","2026-03-30 00:00:00","Des Moines Buccaneers at Sioux Falls Stampede (Rescheduled from 12/2/2025)","other","2026-04-01 00:05:00","62c5e7af6a9190000116db26"
"697900515fa9cbf67f7fe9a0","2026-01-28 19:04:27.636","2026-02-02 14:19:33.224","697900515fa9cbf67f7fe9a0","685d929900a95316605fc38d","[PREMIUM]","[PREMIUM]","[PREMIUM]","[PREMIUM]","[PREMIUM]","[1,2,3,4,5,6]","109","C","Lower","['*','*','*','*','*','*']","mobile","tm","tmqr",,"[PREMIUM]","[PREMIUM]","[]","2026-03-30 00:00:00","Des Moines Buccaneers at Sioux Falls Stampede (Rescheduled from 12/2/2025)","other","2026-04-01 00:05:00","62c5e7af6a9190000116db26"
"697900905fa9cbf67f90105c","2026-01-28 19:04:27.636","2026-02-02 14:19:33.224","697900905fa9cbf67f90105c","685d929900a95316605fc38d","[PREMIUM]","[PREMIUM]","[PREMIUM]","[PREMIUM]","[PREMIUM]","[1,2,3,4]","119","G","Lower","['*','*','*','*']","mobile","tm","tmqr",,"[PREMIUM]","[PREMIUM]","[]","2026-03-30 00:00:00","Des Moines Buccaneers at Sioux Falls Stampede (Rescheduled from 12/2/2025)","other","2026-04-01 00:05:00","62c5e7af6a9190000116db26"
"6979004a5fa9cbf67f7e29c9","2026-01-28 19:04:27.636","2026-02-02 14:19:33.224","6979004a5fa9cbf67f7e29c9","685d929900a95316605fc38d","[PREMIUM]","[PREMIUM]","[PREMIUM]","[PREMIUM]","[PREMIUM]","[1,2,3,4,5,6]","107","K","Lower","['*','*','*','*','*','*']","mobile","tm","tmqr",,"[PREMIUM]","[PREMIUM]","[]","2026-03-30 00:00:00","Des Moines Buccaneers at Sioux Falls Stampede (Rescheduled from 12/2/2025)","other","2026-04-01 00:05:00","62c5e7af6a9190000116db26"
"697900775fa9cbf67f89c774","2026-01-28 19:04:27.636","2026-02-02 14:19:33.224","697900775fa9cbf67f89c774","685d929900a95316605fc38d","[PREMIUM]","[PREMIUM]","[PREMIUM]","[PREMIUM]","[PREMIUM]","[1,2,3,4,5,6,7,8]","102","C","Lower","['*','*','*','*','*','*','*','*']","mobile","tm","tmqr","great","[PREMIUM]","[PREMIUM]","[]","2026-03-30 00:00:00","Des Moines Buccaneers at Sioux Falls Stampede (Rescheduled from 12/2/2025)","other","2026-04-01 00:05:00","62c5e7af6a9190000116db26"
"697900775fa9cbf67f89c7db","2026-01-28 19:04:27.636","2026-02-02 14:19:33.224","697900775fa9cbf67f89c7db","685d929900a95316605fc38d","[PREMIUM]","[PREMIUM]","[PREMIUM]","[PREMIUM]","[PREMIUM]","[1,2,3,4,5,6,7,8]","103","C","Lower","['*','*','*','*','*','*','*','*']","mobile","tm","tmqr","great","[PREMIUM]","[PREMIUM]","[]","2026-03-30 00:00:00","Des Moines Buccaneers at Sioux Falls Stampede (Rescheduled from 12/2/2025)","other","2026-04-01 00:05:00","62c5e7af6a9190000116db26"
"697900825fa9cbf67f8c7d5e","2026-01-28 19:04:27.636","2026-02-02 14:19:33.224","697900825fa9cbf67f8c7d5e","685d929900a95316605fc38d","[PREMIUM]","[PREMIUM]","[PREMIUM]","[PREMIUM]","[PREMIUM]","[1,2,3,4,5,6]","111","C","Lower","['*','*','*','*','*','*']","mobile","tm","tmqr",,"[PREMIUM]","[PREMIUM]","[]","2026-03-30 00:00:00","Des Moines Buccaneers at Sioux Falls Stampede (Rescheduled from 12/2/2025)","other","2026-04-01 00:05:00","62c5e7af6a9190000116db26"
"697900785fa9cbf67f89d68b","2026-01-28 19:04:27.636","2026-02-02 14:19:33.224","697900785fa9cbf67f89d68b","685d929900a95316605fc38d","[PREMIUM]","[PREMIUM]","[PREMIUM]","[PREMIUM]","[PREMIUM]","[1,2,3,4,5,6]","110","D","Lower","['*','*','*','*','*','*']","mobile","tm","tmqr",,"[PREMIUM]","[PREMIUM]","[]","2026-03-30 00:00:00","Des Moines Buccaneers at Sioux Falls Stampede (Rescheduled from 12/2/2025)","other","2026-04-01 00:05:00","62c5e7af6a9190000116db26"
"697900465fa9cbf67f7d1340","2026-01-28 19:04:27.636","2026-02-02 14:19:33.224","697900465fa9cbf67f7d1340","685d929900a95316605fc38d","[PREMIUM]","[PREMIUM]","[PREMIUM]","[PREMIUM]","[PREMIUM]","[1,2,3,4,5,6]","113","K","Lower","['*','*','*','*','*','*']","mobile","tm","tmqr",,"[PREMIUM]","[PREMIUM]","[]","2026-03-30 00:00:00","Des Moines Buccaneers at Sioux Falls Stampede (Rescheduled from 12/2/2025)","other","2026-04-01 00:05:00","62c5e7af6a9190000116db26"
"697900555fa9cbf67f80d08a","2026-01-28 19:04:27.636","2026-02-02 14:19:33.224","697900555fa9cbf67f80d08a","685d929900a95316605fc38d","[PREMIUM]","[PREMIUM]","[PREMIUM]","[PREMIUM]","[PREMIUM]","[1,2,3,4,5,6,7,8]","101","B","Lower","['*','*','*','*','*','*','*','*']","mobile","tm","tmqr",,"[PREMIUM]","[PREMIUM]","[]","2026-03-30 00:00:00","Des Moines Buccaneers at Sioux Falls Stampede (Rescheduled from 12/2/2025)","other","2026-04-01 00:05:00","62c5e7af6a9190000116db26"
"6979009e5fa9cbf67f936828","2026-01-28 19:04:27.636","2026-02-02 14:19:33.224","6979009e5fa9cbf67f936828","685d929900a95316605fc38d","[PREMIUM]","[PREMIUM]","[PREMIUM]","[PREMIUM]","[PREMIUM]","[1,2,3,4,5,6]","105","C","Lower","['*','*','*','*','*','*']","mobile","tm","tmqr","great","[PREMIUM]","[PREMIUM]","[]","2026-03-30 00:00:00","Des Moines Buccaneers at Sioux Falls Stampede (Rescheduled from 12/2/2025)","other","2026-04-01 00:05:00","62c5e7af6a9190000116db26"
"697957fbbc7dfae6ec962fd3","2026-01-28 19:04:26.358","2026-01-29 22:40:23.033","697957fbbc7dfae6ec962fd3","6851b84e203403384c545ebf","[PREMIUM]","[PREMIUM]","[PREMIUM]","[PREMIUM]","[PREMIUM]","[2,4]","202","I","Lower","['*','*','*','*']","mobile","tm","tmqr","amazing","[PREMIUM]","[PREMIUM]","[]","2026-01-30 00:00:00","Gipsy Kings and Nicolas Reyes (21+ Event) (Rescheduled from 12/6/2025)","music","2026-02-01 03:00:00","63d316c91b353800015e9b96"
"6979568f083dfcde581df3cd","2026-01-28 19:04:26.358","2026-01-31 02:22:39.626","6979568f083dfcde581df3cd","6851b84e203403384c545ebf","[PREMIUM]","[PREMIUM]","[PREMIUM]","[PREMIUM]","[PREMIUM]","[2]","201","I","Lower","['16','17']","mobile","tm","tmqr","amazing","[PREMIUM]","[PREMIUM]","[]",,"Gipsy Kings and Nicolas Reyes (21+ Event) (Rescheduled from 12/6/2025)","music","2026-02-01 03:00:00","63d316c91b353800015e9b96"
"697a0ffa474ec21455d91f9d","2026-01-28 19:04:26.358","2026-01-28 19:04:26.358","697a0ffa474ec21455d91f9d","6851b84e203403384c545ebf","[PREMIUM]","[PREMIUM]","[PREMIUM]","[PREMIUM]","[PREMIUM]","[2]","203","I","Lower","['*','*']","mobile","tm","tmqr","amazing","[PREMIUM]","[PREMIUM]","[]","2026-01-30 00:00:00","Gipsy Kings and Nicolas Reyes (21+ Event) (Rescheduled from 12/6/2025)","music","2026-02-01 03:00:00","63d316c91b353800015e9b96"
"697a3a637dd1c19e7c8d5086","2026-01-28 19:04:26.358","2026-01-29 22:40:23.033","697a3a637dd1c19e7c8d5086","6851b84e203403384c545ebf","[PREMIUM]","[PREMIUM]","[PREMIUM]","[PREMIUM]","[PREMIUM]","[2]","101","B","Lower","['3','4']","mobile","tm","tmqr","amazing","[PREMIUM]","[PREMIUM]","[]",,"Gipsy Kings and Nicolas Reyes (21+ Event) (Rescheduled from 12/6/2025)","music","2026-02-01 03:00:00","63d316c91b353800015e9b96"
"696840392b2f117f02c35d3d","2026-01-28 19:04:25.371","2026-01-31 02:22:37.529","696840392b2f117f02c35d3d","68bb7dd677376e8d8cc50f4d","[PREMIUM]","[PREMIUM]","[PREMIUM]","[PREMIUM]","[PREMIUM]","[1,2,3,4]","BOX211","BOX",,"['*','*','*','*']","mobile","tm","tmqr",,"[PREMIUM]","[PREMIUM]","[]","2026-04-14 00:00:00","Blood Sweat and Tears (Rescheduled from 12/12/2025)","music","2026-04-16 02:30:00","67e31239ea08bd8ee026f685"
"697926d15fa9cbf67fd4ed7b","2026-01-28 19:04:25.371","2026-02-11 01:20:12.662","697926d15fa9cbf67fd4ed7b","68bb7dd677376e8d8cc50f4d","[PREMIUM]","[PREMIUM]","[PREMIUM]","[PREMIUM]","[PREMIUM]","[1,2,3,4]","ORCHR","BB",,"['*','*','*','*']","mobile","tm","tmqr",,"[PREMIUM]","[PREMIUM]","[]","2026-04-14 00:00:00","Blood Sweat and Tears (Rescheduled from 12/12/2025)","music","2026-04-16 02:30:00","67e31239ea08bd8ee026f685"
"697927235fa9cbf67fe8db67","2026-01-28 19:04:25.371","2026-02-14 12:44:08.437","697927235fa9cbf67fe8db67","68bb7dd677376e8d8cc50f4d","[PREMIUM]","[PREMIUM]","[PREMIUM]","[PREMIUM]","[PREMIUM]","[1,2,3,4]","GOLDC","C",,"['*','*','*','*']","mobile","tm","tmqr",,"[PREMIUM]","[PREMIUM]","[]","2026-04-14 00:00:00","Blood Sweat and Tears (Rescheduled from 12/12/2025)","music","2026-04-16 02:30:00","67e31239ea08bd8ee026f685"
"697927b55fa9cbf67f0d63ae","2026-01-28 19:04:25.371","2026-02-14 12:44:08.437","697927b55fa9cbf67f0d63ae","68bb7dd677376e8d8cc50f4d","[PREMIUM]","[PREMIUM]","[PREMIUM]","[PREMIUM]","[PREMIUM]","[1,2]","GRANDL","B",,"['*','*']","mobile","tm","tmqr",,"[PREMIUM]","[PREMIUM]","[]","2026-04-14 00:00:00","Blood Sweat and Tears (Rescheduled from 12/12/2025)","music","2026-04-16 02:30:00","67e31239ea08bd8ee026f685"
"697927655fa9cbf67ff80c7b","2026-01-28 19:04:25.371","2026-02-14 12:44:08.437","697927655fa9cbf67ff80c7b","68bb7dd677376e8d8cc50f4d","[PREMIUM]","[PREMIUM]","[PREMIUM]","[PREMIUM]","[PREMIUM]","[1,2]","BOX107","BOX",,"['*','*']","mobile","tm","tmqr",,"[PREMIUM]","[PREMIUM]","[]","2026-04-14 00:00:00","Blood Sweat and Tears (Rescheduled from 12/12/2025)","music","2026-04-16 02:30:00","67e31239ea08bd8ee026f685"
"697927a15fa9cbf67f07e70d","2026-01-28 19:04:25.371","2026-01-29 22:40:20.454","697927a15fa9cbf67f07e70d","68bb7dd677376e8d8cc50f4d","[PREMIUM]","[PREMIUM]","[PREMIUM]","[PREMIUM]","[PREMIUM]","[1,2,4]","ORCHC","CC",,"['*','*','*','*']","mobile","tm","tmqr",,"[PREMIUM]","[PREMIUM]","[]","2026-04-14 00:00:00","Blood Sweat and Tears (Rescheduled from 12/12/2025)","music","2026-04-16 02:30:00","67e31239ea08bd8ee026f685"
"6979271e5fa9cbf67fe798ea","2026-01-28 19:04:25.371","2026-02-02 14:19:30.931","6979271e5fa9cbf67fe798ea","68bb7dd677376e8d8cc50f4d","[PREMIUM]","[PREMIUM]","[PREMIUM]","[PREMIUM]","[PREMIUM]","[1,2]","BOX208","BOX",,"['*','*']","mobile","tm","tmqr",,"[PREMIUM]","[PREMIUM]","[]","2026-04-14 00:00:00","Blood Sweat and Tears (Rescheduled from 12/12/2025)","music","2026-04-16 02:30:00","67e31239ea08bd8ee026f685"
"697927b95fa9cbf67f0e641c","2026-01-28 19:04:25.371","2026-02-14 12:44:08.437","697927b95fa9cbf67f0e641c","68bb7dd677376e8d8cc50f4d","[PREMIUM]","[PREMIUM]","[PREMIUM]","[PREMIUM]","[PREMIUM]","[1,2,3,4]","ORCHL","BB",,"['*','*','*','*']","mobile","tm","tmqr",,"[PREMIUM]","[PREMIUM]","[]","2026-04-14 00:00:00","Blood Sweat and Tears (Rescheduled from 12/12/2025)","music","2026-04-16 02:30:00","67e31239ea08bd8ee026f685"
"6978e55b5fa9cbf67ff47103","2026-01-28 19:04:25.135","2026-02-01 11:00:41.864","6978e55b5fa9cbf67ff47103","68bccfaa58829b491be82f9a","[PREMIUM]","[PREMIUM]","[PREMIUM]","[PREMIUM]","[PREMIUM]","[1,2]","ORCHL","Q","Orchestra","['*','*']","mobile","tm","tmqr","amazing","[PREMIUM]","[PREMIUM]","[]","2026-02-18 00:00:00","Roy Wood Jr (Rescheduled from 12/11/25)","comedy","2026-02-20 00:00:00","57d325c550575d33c85ae9b5"
"697a40f05fa9cbf67f6139d6","2026-01-28 19:04:25.135","2026-02-08 17:12:37.240","697a40f05fa9cbf67f6139d6","68bccfaa58829b491be82f9a","[PREMIUM]","[PREMIUM]","[PREMIUM]","[PREMIUM]","[PREMIUM]","[1,2]","ORCHR","P","Orchestra","['*','*']","mobile","tm","tmqr","cheapest","[PREMIUM]","[PREMIUM]","[]","2026-02-18 00:00:00","Roy Wood Jr (Rescheduled from 12/11/25)","comedy","2026-02-20 00:00:00","57d325c550575d33c85ae9b5"
"696682ce23dd69cbf90c5235","2026-01-28 19:04:24.065","2026-02-12 04:39:32.363","696682ce23dd69cbf90c5235","6849c934e467fab5c156061b","[PREMIUM]","[PREMIUM]","[PREMIUM]","[PREMIUM]","[PREMIUM]","[2]","GL","A","Grand Tier Left","['*','*']","mobile","tm","tmqr",,"[PREMIUM]","[PREMIUM]","[]","2026-04-17 00:00:00","Manuel Medrano (Rescheduled from 12/12)","music","2026-04-18 00:00:00","63c887686462680001f0a0f4"
"697525f0e7fbadfb8e729661","2026-01-28 19:04:24.065","2026-01-28 19:04:24.065","697525f0e7fbadfb8e729661","6849c934e467fab5c156061b","[PREMIUM]","[PREMIUM]","[PREMIUM]","[PREMIUM]","[PREMIUM]","[1,2,3,4,5,6,7]","GR","B","Grand Tier Right","['*','*','*','*','*','*','*']","mobile","tm","tmqr",,"[PREMIUM]","[PREMIUM]","[]","2026-04-16 00:00:00","Manuel Medrano (Rescheduled from 12/12)","music","2026-04-18 00:00:00","63c887686462680001f0a0f4"
"697926d65fa9cbf67fd64d3f","2026-01-28 19:04:24.065","2026-02-14 12:44:08.502","697926d65fa9cbf67fd64d3f","6849c934e467fab5c156061b","[PREMIUM]","[PREMIUM]","[PREMIUM]","[PREMIUM]","[PREMIUM]","[1,2,3,4,5,6]","TIER1L","B","First Tier Left","['*','*','*','*','*','*']","mobile","tm","tmqr","great","[PREMIUM]","[PREMIUM]","[]","2026-04-16 00:00:00","Manuel Medrano (Rescheduled from 12/12)","music","2026-04-18 00:00:00","63c887686462680001f0a0f4"
"697926d15fa9cbf67fd503d4","2026-01-28 19:04:24.065","2026-02-16 19:25:09.125","697926d15fa9cbf67fd503d4","6849c934e467fab5c156061b","[PREMIUM]","[PREMIUM]","[PREMIUM]","[PREMIUM]","[PREMIUM]","[1,2,3,4,5,6,7,8]","TIER3","A","Third Tier","['*','*','*','*','*','*','*','*']","mobile","tm","tmqr","amazing","[PREMIUM]","[PREMIUM]","[]","2026-04-16 00:00:00","Manuel Medrano (Rescheduled from 12/12)","music","2026-04-18 00:00:00","63c887686462680001f0a0f4"
"697927165fa9cbf67fe590c3","2026-01-28 19:04:24.065","2026-02-16 19:25:09.125","697927165fa9cbf67fe590c3","6849c934e467fab5c156061b","[PREMIUM]","[PREMIUM]","[PREMIUM]","[PREMIUM]","[PREMIUM]","[1,2,3,4,5,6]","ORCHL","F","Orchestar Left","['*','*','*','*','*','*']","mobile","tm","tmqr",,"[PREMIUM]","[PREMIUM]","[]","2026-04-16 00:00:00","Manuel Medrano (Rescheduled from 12/12)","music","2026-04-18 00:00:00","63c887686462680001f0a0f4"
"6979273f5fa9cbf67fef4804","2026-01-28 19:04:24.065","2026-02-16 19:25:09.125","6979273f5fa9cbf67fef4804","6849c934e467fab5c156061b","[PREMIUM]","[PREMIUM]","[PREMIUM]","[PREMIUM]","[PREMIUM]","[1,2,3,4,5,6]","TIER1R","B","First Tier Right","['*','*','*','*','*','*']","mobile","tm","tmqr","great","[PREMIUM]","[PREMIUM]","[]","2026-04-16 00:00:00","Manuel Medrano (Rescheduled from 12/12)","music","2026-04-18 00:00:00","63c887686462680001f0a0f4"
"697927305fa9cbf67febfdb9","2026-01-28 19:04:24.065","2026-02-16 19:25:09.125","697927305fa9cbf67febfdb9","6849c934e467fab5c156061b","[PREMIUM]","[PREMIUM]","[PREMIUM]","[PREMIUM]","[PREMIUM]","[1,2,3,4,5,6,7,8]","TIER2","A","Second Tier","['*','*','*','*','*','*','*','*']","mobile","tm","tmqr","great","[PREMIUM]","[PREMIUM]","[]","2026-04-16 00:00:00","Manuel Medrano (Rescheduled from 12/12)","music","2026-04-18 00:00:00","63c887686462680001f0a0f4"
"697927df5fa9cbf67f183205","2026-01-28 19:04:24.065","2026-02-02 14:19:31.027","697927df5fa9cbf67f183205","6849c934e467fab5c156061b","[PREMIUM]","[PREMIUM]","[PREMIUM]","[PREMIUM]","[PREMIUM]","[1,2,4]","GC","C","Grand Tier Center","['*','*','*','*']","mobile","tm","tmqr","great","[PREMIUM]","[PREMIUM]","[]","2026-04-16 00:00:00","Manuel Medrano (Rescheduled from 12/12)","music","2026-04-18 00:00:00","63c887686462680001f0a0f4"
"697927ce5fa9cbf67f138f3e","2026-01-28 19:04:24.065","2026-02-16 19:25:09.125","697927ce5fa9cbf67f138f3e","6849c934e467fab5c156061b","[PREMIUM]","[PREMIUM]","[PREMIUM]","[PREMIUM]","[PREMIUM]","[1,2,3,4]","ORCHC","C","Orchestar Center","['*','*','*','*']","mobile","tm","tmqr","great","[PREMIUM]","[PREMIUM]","[]","2026-04-16 00:00:00","Manuel Medrano (Rescheduled from 12/12)","music","2026-04-18 00:00:00","63c887686462680001f0a0f4"
"697927ba5fa9cbf67f0e875d","2026-01-28 19:04:24.065","2026-02-16 19:25:09.125","697927ba5fa9cbf67f0e875d","6849c934e467fab5c156061b","[PREMIUM]","[PREMIUM]","[PREMIUM]","[PREMIUM]","[PREMIUM]","[1,2]","GTBOXK","C","Grand Tier Box","['*','*']","mobile","tm","tmqr",,"[PREMIUM]","[PREMIUM]","[]","2026-04-16 00:00:00","Manuel Medrano (Rescheduled from 12/12)","music","2026-04-18 00:00:00","63c887686462680001f0a0f4"
"697927f65fa9cbf67f1df592","2026-01-28 19:04:24.065","2026-02-16 19:25:09.125","697927f65fa9cbf67f1df592","6849c934e467fab5c156061b","[PREMIUM]","[PREMIUM]","[PREMIUM]","[PREMIUM]","[PREMIUM]","[1,2,3,5]","ORCHR","F","Orchestar Right","['*','*','*','*','*']","mobile","tm","tmqr","great","[PREMIUM]","[PREMIUM]","[]","2026-04-16 00:00:00","Manuel Medrano (Rescheduled from 12/12)","music","2026-04-18 00:00:00","63c887686462680001f0a0f4"
"697a2b815fa9cbf67f33a7d2","2026-01-28 19:04:24.065","2026-01-28 19:04:24.065","697a2b815fa9cbf67f33a7d2","6849c934e467fab5c156061b","[PREMIUM]","[PREMIUM]","[PREMIUM]","[PREMIUM]","[PREMIUM]","[2]","GL","D","Grand Tier Left","['*','*']","mobile","tm","tmqr",,"[PREMIUM]","[PREMIUM]","[]","2026-04-16 00:00:00","Manuel Medrano (Rescheduled from 12/12)","music","2026-04-18 00:00:00","63c887686462680001f0a0f4"
"65b175d4c726c3bde56d894c","2026-01-28 19:04:24.054","2026-02-01 11:00:35.417","65b175d4c726c3bde56d894c","6849ce2db003f3468f2cf7d4","[PREMIUM]","[PREMIUM]","[PREMIUM]","[PREMIUM]","[PREMIUM]","[2]","ORCHC","K","Orchestra Center","['*','*']","mobile","tm","tmqr",,"[PREMIUM]","[PREMIUM]","[]","2026-04-18 00:00:00","Manuel Medrano (Rescheduled from 12/14/2025)","music","2026-04-19 00:00:00","5798426cf80c417b17e73961"
"6977e813e7fbadfb8ebae7bd","2026-01-28 19:04:24.054","2026-02-16 19:25:07.861","6977e813e7fbadfb8ebae7bd","6849ce2db003f3468f2cf7d4","[PREMIUM]","[PREMIUM]","[PREMIUM]","[PREMIUM]","[PREMIUM]","[2]","ORCHR","F","Orchestra Right","['*','*']","mobile","tm","tmqr",,"[PREMIUM]","[PREMIUM]","[]","2026-04-18 00:00:00","Manuel Medrano (Rescheduled from 12/14/2025)","music","2026-04-19 00:00:00","5798426cf80c417b17e73961"
"697927655fa9cbf67ff80f7a","2026-01-28 19:04:24.054","2026-02-02 14:19:29.958","697927655fa9cbf67ff80f7a","6849ce2db003f3468f2cf7d4","[PREMIUM]","[PREMIUM]","[PREMIUM]","[PREMIUM]","[PREMIUM]","[2,4,6]","ORCHL","L","Orchestra Left","['*','*','*','*','*','*']","mobile","tm","tmqr","amazing","[PREMIUM]","[PREMIUM]","[]","2026-04-17 00:00:00","Manuel Medrano (Rescheduled from 12/14/2025)","music","2026-04-19 00:00:00","5798426cf80c417b17e73961"
"6979270a5fa9cbf67fe27a15","2026-01-28 19:04:24.054","2026-02-17 23:22:29.112","6979270a5fa9cbf67fe27a15","6849ce2db003f3468f2cf7d4","[PREMIUM]","[PREMIUM]","[PREMIUM]","[PREMIUM]","[PREMIUM]","[1,2,3,4]","MEZZC","E","Mezzanine Center","['*','*','*','*']","mobile","tm","tmqr",,"[PREMIUM]","[PREMIUM]","[]","2026-04-17 00:00:00","Manuel Medrano (Rescheduled from 12/14/2025)","music","2026-04-19 00:00:00","5798426cf80c417b17e73961"
"697927165fa9cbf67fe59b71","2026-01-28 19:04:24.054","2026-01-29 22:40:19.280","697927165fa9cbf67fe59b71","6849ce2db003f3468f2cf7d4","[PREMIUM]","[PREMIUM]","[PREMIUM]","[PREMIUM]","[PREMIUM]","[2,4,6]","ORCHR","L","Orchestra Right","['*','*','*','*','*','*']","mobile","tm","tmqr","super","[PREMIUM]","[PREMIUM]","[]","2026-04-17 00:00:00","Manuel Medrano (Rescheduled from 12/14/2025)","music","2026-04-19 00:00:00","5798426cf80c417b17e73961"
"697927835fa9cbf67fffc3ef","2026-01-28 19:04:24.054","2026-02-17 23:22:29.112","697927835fa9cbf67fffc3ef","6849ce2db003f3468f2cf7d4","[PREMIUM]","[PREMIUM]","[PREMIUM]","[PREMIUM]","[PREMIUM]","[1,2,3,4]","MEZZR","A","Mezzanine Right","['*','*','*','*']","mobile","tm","tmqr",,"[PREMIUM]","[PREMIUM]","[]","2026-04-17 00:00:00","Manuel Medrano (Rescheduled from 12/14/2025)","music","2026-04-19 00:00:00","5798426cf80c417b17e73961"
"697927c65fa9cbf67f119230","2026-01-28 19:04:24.054","2026-02-17 23:22:29.112","697927c65fa9cbf67f119230","6849ce2db003f3468f2cf7d4","[PREMIUM]","[PREMIUM]","[PREMIUM]","[PREMIUM]","[PREMIUM]","[2]","MEZZL","B","Mezzanine Left","['*','*']","mobile","tm","tmqr","amazing","[PREMIUM]","[PREMIUM]","[]","2026-04-17 00:00:00","Manuel Medrano (Rescheduled from 12/14/2025)","music","2026-04-19 00:00:00","5798426cf80c417b17e73961"
"697926df5fa9cbf67fd87158","2026-01-28 19:04:22.924","2026-02-14 12:44:04.904","697926df5fa9cbf67fd87158","682a28a5b23e447c108f157b","[PREMIUM]","[PREMIUM]","[PREMIUM]","[PREMIUM]","[PREMIUM]","[2]","113","MM","Lower","['*','*']","mobile","tm","tmqr",,"[PREMIUM]","[PREMIUM]","[]","2026-04-15 00:00:00","Norfolk Admirals at Greensboro Gargoyles (Rescheduled from 12/26)","echl","2026-04-16 14:30:00","5758b8caf80c41206da73335"
"697926df5fa9cbf67fd888b5","2026-01-28 19:04:22.924","2026-02-14 12:44:04.904","697926df5fa9cbf67fd888b5","682a28a5b23e447c108f157b","[PREMIUM]","[PREMIUM]","[PREMIUM]","[PREMIUM]","[PREMIUM]","[1,2,3,4,5,6]","110","BB","Lower","['*','*','*','*','*','*']","mobile","tm","tmqr",,"[PREMIUM]","[PREMIUM]","[]","2026-04-15 00:00:00","Norfolk Admirals at Greensboro Gargoyles (Rescheduled from 12/26)","echl","2026-04-16 14:30:00","5758b8caf80c41206da73335"
"697926e85fa9cbf67fdada16","2026-01-28 19:04:22.924","2026-02-14 12:44:04.904","697926e85fa9cbf67fdada16","682a28a5b23e447c108f157b","[PREMIUM]","[PREMIUM]","[PREMIUM]","[PREMIUM]","[PREMIUM]","[1,2]","202","E","Upper","['*','*']","mobile","tm","tmqr",,"[PREMIUM]","[PREMIUM]","[]","2026-04-15 00:00:00","Norfolk Admirals at Greensboro Gargoyles (Rescheduled from 12/26)","echl","2026-04-16 14:30:00","5758b8caf80c41206da73335"
"697926f55fa9cbf67fddcd1f","2026-01-28 19:04:22.924","2026-02-14 12:44:04.904","697926f55fa9cbf67fddcd1f","682a28a5b23e447c108f157b","[PREMIUM]","[PREMIUM]","[PREMIUM]","[PREMIUM]","[PREMIUM]","[1,2,3,4,5,6]","120","MM","Lower","['*','*','*','*','*','*']","mobile","tm","tmqr",,"[PREMIUM]","[PREMIUM]","[]","2026-04-15 00:00:00","Norfolk Admirals at Greensboro Gargoyles (Rescheduled from 12/26)","echl","2026-04-16 14:30:00","5758b8caf80c41206da73335"
"6979271a5fa9cbf67fe6b46d","2026-01-28 19:04:22.924","2026-02-14 12:44:04.904","6979271a5fa9cbf67fe6b46d","682a28a5b23e447c108f157b","[PREMIUM]","[PREMIUM]","[PREMIUM]","[PREMIUM]","[PREMIUM]","[1,2,3,4,5,6,7,8]","203","A","Upper","['*','*','*','*','*','*','*','*']","mobile","tm","tmqr","great","[PREMIUM]","[PREMIUM]","[]","2026-04-15 00:00:00","Norfolk Admirals at Greensboro Gargoyles (Rescheduled from 12/26)","echl","2026-04-16 14:30:00","5758b8caf80c41206da73335"
"697927615fa9cbf67ff7053e","2026-01-28 19:04:22.924","2026-02-14 12:44:04.904","697927615fa9cbf67ff7053e","682a28a5b23e447c108f157b","[PREMIUM]","[PREMIUM]","[PREMIUM]","[PREMIUM]","[PREMIUM]","[1,2,3,4,5,6]","214","A","Upper","['*','*','*','*','*','*']","mobile","tm","tmqr","great","[PREMIUM]","[PREMIUM]","[]","2026-04-15 00:00:00","Norfolk Admirals at Greensboro Gargoyles (Rescheduled from 12/26)","echl","2026-04-16 14:30:00","5758b8caf80c41206da73335"
"697927485fa9cbf67ff12140","2026-01-28 19:04:22.924","2026-02-14 12:44:04.904","697927485fa9cbf67ff12140","682a28a5b23e447c108f157b","[PREMIUM]","[PREMIUM]","[PREMIUM]","[PREMIUM]","[PREMIUM]","[1,2]","232","E","Upper","['*','*']","mobile","tm","tmqr","great","[PREMIUM]","[PREMIUM]","[]","2026-04-15 00:00:00","Norfolk Admirals at Greensboro Gargoyles (Rescheduled from 12/26)","echl","2026-04-16 14:30:00","5758b8caf80c41206da73335"
"6979276e5fa9cbf67ffa520e","2026-01-28 19:04:22.924","2026-02-14 12:44:04.904","6979276e5fa9cbf67ffa520e","682a28a5b23e447c108f157b","[PREMIUM]","[PREMIUM]","[PREMIUM]","[PREMIUM]","[PREMIUM]","[1,2,3,4,5,6,7,8]","237","A","Upper","['*','*','*','*','*','*','*','*']","mobile","tm","tmqr","great","[PREMIUM]","[PREMIUM]","[]","2026-04-15 00:00:00","Norfolk Admirals at Greensboro Gargoyles (Rescheduled from 12/26)","echl","2026-04-16 14:30:00","5758b8caf80c41206da73335"
"697927905fa9cbf67f03567c","2026-01-28 19:04:22.924","2026-01-29 22:40:18.167","697927905fa9cbf67f03567c","682a28a5b23e447c108f157b","[PREMIUM]","[PREMIUM]","[PREMIUM]","[PREMIUM]","[PREMIUM]","[1,2,3]","117","BB","Lower","['*','*','*']","mobile","tm","tmqr",,"[PREMIUM]","[PREMIUM]","[]","2026-04-15 00:00:00","Norfolk Admirals at Greensboro Gargoyles (Rescheduled from 12/26)","echl","2026-04-16 14:30:00","5758b8caf80c41206da73335"
"6979271e5fa9cbf67fe7a784","2026-01-28 19:04:22.924","2026-02-14 12:44:04.904","6979271e5fa9cbf67fe7a784","682a28a5b23e447c108f157b","[PREMIUM]","[PREMIUM]","[PREMIUM]","[PREMIUM]","[PREMIUM]","[1,2,3,4,5,6,7,8]","205","A","Upper","['*','*','*','*','*','*','*','*']","mobile","tm","tmqr","great","[PREMIUM]","[PREMIUM]","[]","2026-04-15 00:00:00","Norfolk Admirals at Greensboro Gargoyles (Rescheduled from 12/26)","echl","2026-04-16 14:30:00","5758b8caf80c41206da73335"
"697927aa5fa9cbf67f0a438f","2026-01-28 19:04:22.924","2026-02-14 12:44:04.904","697927aa5fa9cbf67f0a438f","682a28a5b23e447c108f157b","[PREMIUM]","[PREMIUM]","[PREMIUM]","[PREMIUM]","[PREMIUM]","[1,2,3,4,5,6]","123","DD","Lower","['*','*','*','*','*','*']","mobile","tm","tmqr",,"[PREMIUM]","[PREMIUM]","[]","2026-04-15 00:00:00","Norfolk Admirals at Greensboro Gargoyles (Rescheduled from 12/26)","echl","2026-04-16 14:30:00","5758b8caf80c41206da73335"
"697927a15fa9cbf67f07fa4c","2026-01-28 19:04:22.924","2026-02-14 12:44:04.904","697927a15fa9cbf67f07fa4c","682a28a5b23e447c108f157b","[PREMIUM]","[PREMIUM]","[PREMIUM]","[PREMIUM]","[PREMIUM]","[1,2]","219","A","Upper","['*','*']","mobile","tm","tmqr",,"[PREMIUM]","[PREMIUM]","[]","2026-04-15 00:00:00","Norfolk Admirals at Greensboro Gargoyles (Rescheduled from 12/26)","echl","2026-04-16 14:30:00","5758b8caf80c41206da73335"
"697927615fa9cbf67ff6fab2","2026-01-28 19:04:22.924","2026-02-14 12:44:04.904","697927615fa9cbf67ff6fab2","682a28a5b23e447c108f157b","[PREMIUM]","[PREMIUM]","[PREMIUM]","[PREMIUM]","[PREMIUM]","[1,2]","103","PP","Lower","['*','*']","mobile","tm","tmqr",,"[PREMIUM]","[PREMIUM]","[]","2026-04-15 00:00:00","Norfolk Admirals at Greensboro Gargoyles (Rescheduled from 12/26)","echl","2026-04-16 14:30:00","5758b8caf80c41206da73335"
"697927445fa9cbf67ff0431c","2026-01-28 19:04:22.924","2026-02-14 12:44:04.904","697927445fa9cbf67ff0431c","682a28a5b23e447c108f157b","[PREMIUM]","[PREMIUM]","[PREMIUM]","[PREMIUM]","[PREMIUM]","[1,2,3,4,5,6,7,8]","213","E","Upper","['*','*','*','*','*','*','*','*']","mobile","tm","tmqr",,"[PREMIUM]","[PREMIUM]","[]","2026-04-15 00:00:00","Norfolk Admirals at Greensboro Gargoyles (Rescheduled from 12/26)","echl","2026-04-16 14:30:00","5758b8caf80c41206da73335"
"697927aa5fa9cbf67f0a426d","2026-01-28 19:04:22.924","2026-02-14 12:44:04.904","697927aa5fa9cbf67f0a426d","682a28a5b23e447c108f157b","[PREMIUM]","[PREMIUM]","[PREMIUM]","[PREMIUM]","[PREMIUM]","[1,2,3,4,5,6,7,8]","115","LL","Lower","['*','*','*','*','*','*','*','*']","mobile","tm","tmqr",,"[PREMIUM]","[PREMIUM]","[]","2026-04-15 00:00:00","Norfolk Admirals at Greensboro Gargoyles (Rescheduled from 12/26)","echl","2026-04-16 14:30:00","5758b8caf80c41206da73335"
"697927595fa9cbf67ff4d781","2026-01-28 19:04:22.924","2026-02-14 12:44:04.904","697927595fa9cbf67ff4d781","682a28a5b23e447c108f157b","[PREMIUM]","[PREMIUM]","[PREMIUM]","[PREMIUM]","[PREMIUM]","[1,2,3,4,5,6,7,8]","207","A","Upper","['*','*','*','*','*','*','*','*']","mobile","tm","tmqr",,"[PREMIUM]","[PREMIUM]","[]","2026-04-15 00:00:00","Norfolk Admirals at Greensboro Gargoyles (Rescheduled from 12/26)","echl","2026-04-16 14:30:00","5758b8caf80c41206da73335"
"697927725fa9cbf67ffb4864","2026-01-28 19:04:22.924","2026-02-14 12:44:04.904","697927725fa9cbf67ffb4864","682a28a5b23e447c108f157b","[PREMIUM]","[PREMIUM]","[PREMIUM]","[PREMIUM]","[PREMIUM]","[1,2,3,4,5,6,7,8]","223","A","Upper","['*','*','*','*','*','*','*','*']","mobile","tm","tmqr",,"[PREMIUM]","[PREMIUM]","[]","2026-04-15 00:00:00","Norfolk Admirals at Greensboro Gargoyles (Rescheduled from 12/26)","echl","2026-04-16 14:30:00","5758b8caf80c41206da73335"
"6979274c5fa9cbf67ff22042","2026-01-28 19:04:22.924","2026-02-14 12:44:04.904","6979274c5fa9cbf67ff22042","682a28a5b23e447c108f157b","[PREMIUM]","[PREMIUM]","[PREMIUM]","[PREMIUM]","[PREMIUM]","[1,2,3,4,5,6,7,8]","227","A","Upper","['*','*','*','*','*','*','*','*']","mobile","tm","tmqr",,"[PREMIUM]","[PREMIUM]","[]","2026-04-15 00:00:00","Norfolk Admirals at Greensboro Gargoyles (Rescheduled from 12/26)","echl","2026-04-16 14:30:00","5758b8caf80c41206da73335"
"697927235fa9cbf67fe8dcfd","2026-01-28 19:04:22.924","2026-02-14 12:44:04.904","697927235fa9cbf67fe8dcfd","682a28a5b23e447c108f157b","[PREMIUM]","[PREMIUM]","[PREMIUM]","[PREMIUM]","[PREMIUM]","[1,2,3,4,5,6]","128","DD","Lower","['*','*','*','*','*','*']","mobile","tm","tmqr",,"[PREMIUM]","[PREMIUM]","[]","2026-04-15 00:00:00","Norfolk Admirals at Greensboro Gargoyles (Rescheduled from 12/26)","echl","2026-04-16 14:30:00","5758b8caf80c41206da73335"
"697927305fa9cbf67febfc1c","2026-01-28 19:04:22.924","2026-02-14 12:44:04.904","697927305fa9cbf67febfc1c","682a28a5b23e447c108f157b","[PREMIUM]","[PREMIUM]","[PREMIUM]","[PREMIUM]","[PREMIUM]","[1,2,3,4,5,6]","217","A","Upper","['*','*','*','*','*','*']","mobile","tm","tmqr","great","[PREMIUM]","[PREMIUM]","[]","2026-04-15 00:00:00","Norfolk Admirals at Greensboro Gargoyles (Rescheduled from 12/26)","echl","2026-04-16 14:30:00","5758b8caf80c41206da73335"
"6979272c5fa9cbf67feb1def","2026-01-28 19:04:22.924","2026-02-14 12:44:04.904","6979272c5fa9cbf67feb1def","682a28a5b23e447c108f157b","[PREMIUM]","[PREMIUM]","[PREMIUM]","[PREMIUM]","[PREMIUM]","[2]","224","F","Upper","['*','*']","mobile","tm","tmqr",,"[PREMIUM]","[PREMIUM]","[]","2026-04-15 00:00:00","Norfolk Admirals at Greensboro Gargoyles (Rescheduled from 12/26)","echl","2026-04-16 14:30:00","5758b8caf80c41206da73335"
"697927375fa9cbf67fedb193","2026-01-28 19:04:22.924","2026-02-14 12:44:04.904","697927375fa9cbf67fedb193","682a28a5b23e447c108f157b","[PREMIUM]","[PREMIUM]","[PREMIUM]","[PREMIUM]","[PREMIUM]","[1,2,3,4,5,6]","106","CC","Lower","['*','*','*','*','*','*']","mobile","tm","tmqr",,"[PREMIUM]","[PREMIUM]","[]","2026-04-15 00:00:00","Norfolk Admirals at Greensboro Gargoyles (Rescheduled from 12/26)","echl","2026-04-16 14:30:00","5758b8caf80c41206da73335"
"6979279d5fa9cbf67f06e84b","2026-01-28 19:04:22.924","2026-01-29 22:40:18.167","6979279d5fa9cbf67f06e84b","682a28a5b23e447c108f157b","[PREMIUM]","[PREMIUM]","[PREMIUM]","[PREMIUM]","[PREMIUM]","[1,2,3,4]","105","HH","Lower","['*','*','*','*']","mobile","tm","tmqr","great","[PREMIUM]","[PREMIUM]","[]","2026-04-15 00:00:00","Norfolk Admirals at Greensboro Gargoyles (Rescheduled from 12/26)","echl","2026-04-16 14:30:00","5758b8caf80c41206da73335"
"697927835fa9cbf67fffccfe","2026-01-28 19:04:22.924","2026-02-14 12:44:04.904","697927835fa9cbf67fffccfe","682a28a5b23e447c108f157b","[PREMIUM]","[PREMIUM]","[PREMIUM]","[PREMIUM]","[PREMIUM]","[2]","218","F","Upper","['*','*']","mobile","tm","tmqr",,"[PREMIUM]","[PREMIUM]","[]","2026-04-15 00:00:00","Norfolk Admirals at Greensboro Gargoyles (Rescheduled from 12/26)","echl","2026-04-16 14:30:00","5758b8caf80c41206da73335"
"697927875fa9cbf67f00ff81","2026-01-28 19:04:22.924","2026-02-14 12:44:04.904","697927875fa9cbf67f00ff81","682a28a5b23e447c108f157b","[PREMIUM]","[PREMIUM]","[PREMIUM]","[PREMIUM]","[PREMIUM]","[1,2,3,4,5,6,7,8]","235","A","Upper","['*','*','*','*','*','*','*','*']","mobile","tm","tmqr",,"[PREMIUM]","[PREMIUM]","[]","2026-04-15 00:00:00","Norfolk Admirals at Greensboro Gargoyles (Rescheduled from 12/26)","echl","2026-04-16 14:30:00","5758b8caf80c41206da73335"
"697927615fa9cbf67ff703df","2026-01-28 19:04:22.924","2026-02-14 12:44:04.904","697927615fa9cbf67ff703df","682a28a5b23e447c108f157b","[PREMIUM]","[PREMIUM]","[PREMIUM]","[PREMIUM]","[PREMIUM]","[1,2]","210","E","Upper","['*','*']","mobile","tm","tmqr","great","[PREMIUM]","[PREMIUM]","[]","2026-04-15 00:00:00","Norfolk Admirals at Greensboro Gargoyles (Rescheduled from 12/26)","echl","2026-04-16 14:30:00","5758b8caf80c41206da73335"
"6979279d5fa9cbf67f06de7f","2026-01-28 19:04:22.924","2026-02-14 12:44:04.904","6979279d5fa9cbf67f06de7f","682a28a5b23e447c108f157b","[PREMIUM]","[PREMIUM]","[PREMIUM]","[PREMIUM]","[PREMIUM]","[1,2,3,4,5,6]","122","BB","Lower","['*','*','*','*','*','*']","mobile","tm","tmqr",,"[PREMIUM]","[PREMIUM]","[]","2026-04-15 00:00:00","Norfolk Admirals at Greensboro Gargoyles (Rescheduled from 12/26)","echl","2026-04-16 14:30:00","5758b8caf80c41206da73335"
"697927875fa9cbf67f00fd8b","2026-01-28 19:04:22.924","2026-02-14 12:44:04.904","697927875fa9cbf67f00fd8b","682a28a5b23e447c108f157b","[PREMIUM]","[PREMIUM]","[PREMIUM]","[PREMIUM]","[PREMIUM]","[1,2]","212","E","Upper","['*','*']","mobile","tm","tmqr",,"[PREMIUM]","[PREMIUM]","[]","2026-04-15 00:00:00","Norfolk Admirals at Greensboro Gargoyles (Rescheduled from 12/26)","echl","2026-04-16 14:30:00","5758b8caf80c41206da73335"
"697927905fa9cbf67f0363f3","2026-01-28 19:04:22.924","2026-02-14 12:44:04.904","697927905fa9cbf67f0363f3","682a28a5b23e447c108f157b","[PREMIUM]","[PREMIUM]","[PREMIUM]","[PREMIUM]","[PREMIUM]","[1,2,3,4,5,6]","215","A","Upper","['*','*','*','*','*','*']","mobile","tm","tmqr",,"[PREMIUM]","[PREMIUM]","[]","2026-04-15 00:00:00","Norfolk Admirals at Greensboro Gargoyles (Rescheduled from 12/26)","echl","2026-04-16 14:30:00","5758b8caf80c41206da73335"
"6979275d5fa9cbf67ff5ffff","2026-01-28 19:04:22.924","2026-02-11 01:20:10.434","6979275d5fa9cbf67ff5ffff","682a28a5b23e447c108f157b","[PREMIUM]","[PREMIUM]","[PREMIUM]","[PREMIUM]","[PREMIUM]","[1,2,3,4,5,6]","118","BB","Lower","['*','*','*','*','*','*']","mobile","tm","tmqr",,"[PREMIUM]","[PREMIUM]","[]","2026-04-15 00:00:00","Norfolk Admirals at Greensboro Gargoyles (Rescheduled from 12/26)","echl","2026-04-16 14:30:00","5758b8caf80c41206da73335"
"697927aa5fa9cbf67f0a3e27","2026-01-28 19:04:22.924","2026-02-14 12:44:04.904","697927aa5fa9cbf67f0a3e27","682a28a5b23e447c108f157b","[PREMIUM]","[PREMIUM]","[PREMIUM]","[PREMIUM]","[PREMIUM]","[1,2]","104","GG","Lower","['*','*']","mobile","tm","tmqr",,"[PREMIUM]","[PREMIUM]","[]","2026-04-15 00:00:00","Norfolk Admirals at Greensboro Gargoyles (Rescheduled from 12/26)","echl","2026-04-16 14:30:00","5758b8caf80c41206da73335"
"6979271e5fa9cbf67fe794d4","2026-01-28 19:04:22.924","2026-02-14 12:44:04.904","6979271e5fa9cbf67fe794d4","682a28a5b23e447c108f157b","[PREMIUM]","[PREMIUM]","[PREMIUM]","[PREMIUM]","[PREMIUM]","[2]","238","F","Upper","['*','*']","mobile","tm","tmqr",,"[PREMIUM]","[PREMIUM]","[]","2026-04-15 00:00:00","Norfolk Admirals at Greensboro Gargoyles (Rescheduled from 12/26)","echl","2026-04-16 14:30:00","5758b8caf80c41206da73335"
"697927835fa9cbf67fffbb32","2026-01-28 19:04:22.924","2026-02-14 12:44:04.904","697927835fa9cbf67fffbb32","682a28a5b23e447c108f157b","[PREMIUM]","[PREMIUM]","[PREMIUM]","[PREMIUM]","[PREMIUM]","[1,2,4]","220","F","Upper","['*','*','*','*']","mobile","tm","tmqr",,"[PREMIUM]","[PREMIUM]","[]","2026-04-15 00:00:00","Norfolk Admirals at Greensboro Gargoyles (Rescheduled from 12/26)","echl","2026-04-16 14:30:00","5758b8caf80c41206da73335"
"697927875fa9cbf67f00f7fc","2026-01-28 19:04:22.924","2026-02-14 12:44:04.904","697927875fa9cbf67f00f7fc","682a28a5b23e447c108f157b","[PREMIUM]","[PREMIUM]","[PREMIUM]","[PREMIUM]","[PREMIUM]","[1,2,3,4,5,6,7,8]","229","E","Upper","['*','*','*','*','*','*','*','*']","mobile","tm","tmqr","great","[PREMIUM]","[PREMIUM]","[]","2026-04-15 00:00:00","Norfolk Admirals at Greensboro Gargoyles (Rescheduled from 12/26)","echl","2026-04-16 14:30:00","5758b8caf80c41206da73335"
"697927345fa9cbf67fecdf29","2026-01-28 19:04:22.924","2026-02-14 12:44:04.904","697927345fa9cbf67fecdf29","682a28a5b23e447c108f157b","[PREMIUM]","[PREMIUM]","[PREMIUM]","[PREMIUM]","[PREMIUM]","[1,2,3,4,5,6]","112","BB","Lower","['*','*','*','*','*','*']","mobile","tm","tmqr",,"[PREMIUM]","[PREMIUM]","[]","2026-04-15 00:00:00","Norfolk Admirals at Greensboro Gargoyles (Rescheduled from 12/26)","echl","2026-04-16 14:30:00","5758b8caf80c41206da73335"
"697927a65fa9cbf67f091ece","2026-01-28 19:04:22.924","2026-02-02 14:19:27.903","697927a65fa9cbf67f091ece","682a28a5b23e447c108f157b","[PREMIUM]","[PREMIUM]","[PREMIUM]","[PREMIUM]","[PREMIUM]","[1,2,3,4]","108","CC","Lower","['*','*','*','*']","mobile","tm","tmqr",,"[PREMIUM]","[PREMIUM]","[]","2026-04-15 00:00:00","Norfolk Admirals at Greensboro Gargoyles (Rescheduled from 12/26)","echl","2026-04-16 14:30:00","5758b8caf80c41206da73335"
"697927015fa9cbf67fe09b3a","2026-01-28 19:04:22.924","2026-02-14 12:44:04.904","697927015fa9cbf67fe09b3a","682a28a5b23e447c108f157b","[PREMIUM]","[PREMIUM]","[PREMIUM]","[PREMIUM]","[PREMIUM]","[1,2,3,4]","114","LL","Lower","['*','*','*','*']","mobile","tm","tmqr","great","[PREMIUM]","[PREMIUM]","[]","2026-04-15 00:00:00","Norfolk Admirals at Greensboro Gargoyles (Rescheduled from 12/26)","echl","2026-04-16 14:30:00","5758b8caf80c41206da73335"
"6979279d5fa9cbf67f06f1d5","2026-01-28 19:04:22.924","2026-02-14 12:44:04.904","6979279d5fa9cbf67f06f1d5","682a28a5b23e447c108f157b","[PREMIUM]","[PREMIUM]","[PREMIUM]","[PREMIUM]","[PREMIUM]","[1,2,3,4,5,6,7,8]","231","F","Upper","['*','*','*','*','*','*','*','*']","mobile","tm","tmqr","great","[PREMIUM]","[PREMIUM]","[]","2026-04-15 00:00:00","Norfolk Admirals at Greensboro Gargoyles (Rescheduled from 12/26)","echl","2026-04-16 14:30:00","5758b8caf80c41206da73335"
"697927445fa9cbf67ff03138","2026-01-28 19:04:22.924","2026-02-14 12:44:04.904","697927445fa9cbf67ff03138","682a28a5b23e447c108f157b","[PREMIUM]","[PREMIUM]","[PREMIUM]","[PREMIUM]","[PREMIUM]","[1,2]","228","E","Upper","['*','*']","mobile","tm","tmqr",,"[PREMIUM]","[PREMIUM]","[]","2026-04-15 00:00:00","Norfolk Admirals at Greensboro Gargoyles (Rescheduled from 12/26)","echl","2026-04-16 14:30:00","5758b8caf80c41206da73335"
"697927ba5fa9cbf67f0e7b09","2026-01-28 19:04:22.924","2026-02-14 12:44:04.904","697927ba5fa9cbf67f0e7b09","682a28a5b23e447c108f157b","[PREMIUM]","[PREMIUM]","[PREMIUM]","[PREMIUM]","[PREMIUM]","[1,2,3,4,5,6]","234","A","Upper","['*','*','*','*','*','*']","mobile","tm","tmqr",,"[PREMIUM]","[PREMIUM]","[]","2026-04-15 00:00:00","Norfolk Admirals at Greensboro Gargoyles (Rescheduled from 12/26)","echl","2026-04-16 14:30:00","5758b8caf80c41206da73335"
"697927d25fa9cbf67f14babc","2026-01-28 19:04:22.924","2026-02-14 12:44:04.904","697927d25fa9cbf67f14babc","682a28a5b23e447c108f157b","[PREMIUM]","[PREMIUM]","[PREMIUM]","[PREMIUM]","[PREMIUM]","[1,2,3,4,5,6,7,8]","107","DD","Lower","['*','*','*','*','*','*','*','*']","mobile","tm","tmqr",,"[PREMIUM]","[PREMIUM]","[]","2026-04-15 00:00:00","Norfolk Admirals at Greensboro Gargoyles (Rescheduled from 12/26)","echl","2026-04-16 14:30:00","5758b8caf80c41206da73335"
"697927d75fa9cbf67f15cd3f","2026-01-28 19:04:22.924","2026-02-14 12:44:04.904","697927d75fa9cbf67f15cd3f","682a28a5b23e447c108f157b","[PREMIUM]","[PREMIUM]","[PREMIUM]","[PREMIUM]","[PREMIUM]","[1,2,3,4,5,6]","209","A","Upper","['*','*','*','*','*','*']","mobile","tm","tmqr","great","[PREMIUM]","[PREMIUM]","[]","2026-04-15 00:00:00","Norfolk Admirals at Greensboro Gargoyles (Rescheduled from 12/26)","echl","2026-04-16 14:30:00","5758b8caf80c41206da73335"
"697927f85fa9cbf67f1e8f0a","2026-01-28 19:04:22.924","2026-02-14 12:44:04.904","697927f85fa9cbf67f1e8f0a","682a28a5b23e447c108f157b","[PREMIUM]","[PREMIUM]","[PREMIUM]","[PREMIUM]","[PREMIUM]","[1,2,3,4,5,6,7,8]","119","LL","Lower","['*','*','*','*','*','*','*','*']","mobile","tm","tmqr","great","[PREMIUM]","[PREMIUM]","[]","2026-04-15 00:00:00","Norfolk Admirals at Greensboro Gargoyles (Rescheduled from 12/26)","echl","2026-04-16 14:30:00","5758b8caf80c41206da73335"
"697927bd5fa9cbf67f0f7ed5","2026-01-28 19:04:22.924","2026-02-11 01:20:10.434","697927bd5fa9cbf67f0f7ed5","682a28a5b23e447c108f157b","[PREMIUM]","[PREMIUM]","[PREMIUM]","[PREMIUM]","[PREMIUM]","[1,2,3,4,5,6]","102","BB","Lower","['*','*','*','*','*','*']","mobile","tm","tmqr","amazing","[PREMIUM]","[PREMIUM]","[]","2026-04-15 00:00:00","Norfolk Admirals at Greensboro Gargoyles (Rescheduled from 12/26)","echl","2026-04-16 14:30:00","5758b8caf80c41206da73335"
"697927b95fa9cbf67f0e600a","2026-01-28 19:04:22.924","2026-02-14 12:44:04.904","697927b95fa9cbf67f0e600a","682a28a5b23e447c108f157b","[PREMIUM]","[PREMIUM]","[PREMIUM]","[PREMIUM]","[PREMIUM]","[1,2,4]","230","F","Upper","['*','*','*','*']","mobile","tm","tmqr",,"[PREMIUM]","[PREMIUM]","[]","2026-04-15 00:00:00","Norfolk Admirals at Greensboro Gargoyles (Rescheduled from 12/26)","echl","2026-04-16 14:30:00","5758b8caf80c41206da73335"
"697927d35fa9cbf67f14ccf9","2026-01-28 19:04:22.924","2026-02-14 12:44:04.904","697927d35fa9cbf67f14ccf9","682a28a5b23e447c108f157b","[PREMIUM]","[PREMIUM]","[PREMIUM]","[PREMIUM]","[PREMIUM]","[1,2]","208","E","Upper","['*','*']","mobile","tm","tmqr",,"[PREMIUM]","[PREMIUM]","[]","2026-04-15 00:00:00","Norfolk Admirals at Greensboro Gargoyles (Rescheduled from 12/26)","echl","2026-04-16 14:30:00","5758b8caf80c41206da73335"
"697927ce5fa9cbf67f13b0cb","2026-01-28 19:04:22.924","2026-02-02 14:19:27.903","697927ce5fa9cbf67f13b0cb","682a28a5b23e447c108f157b","[PREMIUM]","[PREMIUM]","[PREMIUM]","[PREMIUM]","[PREMIUM]","[1,2]","211","E","Upper","['*','*']","mobile","tm","tmqr",,"[PREMIUM]","[PREMIUM]","[]","2026-04-15 00:00:00","Norfolk Admirals at Greensboro Gargoyles (Rescheduled from 12/26)","echl","2026-04-16 14:30:00","5758b8caf80c41206da73335"
"697927c15fa9cbf67f106b54","2026-01-28 19:04:22.924","2026-02-14 12:44:04.904","697927c15fa9cbf67f106b54","682a28a5b23e447c108f157b","[PREMIUM]","[PREMIUM]","[PREMIUM]","[PREMIUM]","[PREMIUM]","[1,2,3,4,5,6,7,8]","225","A","Upper","['*','*','*','*','*','*','*','*']","mobile","tm","tmqr","great","[PREMIUM]","[PREMIUM]","[]","2026-04-15 00:00:00","Norfolk Admirals at Greensboro Gargoyles (Rescheduled from 12/26)","echl","2026-04-16 14:30:00","5758b8caf80c41206da73335"
"697927c25fa9cbf67f1073f4","2026-01-28 19:04:22.924","2026-02-12 04:39:28.910","697927c25fa9cbf67f1073f4","682a28a5b23e447c108f157b","[PREMIUM]","[PREMIUM]","[PREMIUM]","[PREMIUM]","[PREMIUM]","[1,2,3,4]","130","PP","Lower","['*','*','*','*']","mobile","tm","tmqr",,"[PREMIUM]","[PREMIUM]","[]","2026-04-15 00:00:00","Norfolk Admirals at Greensboro Gargoyles (Rescheduled from 12/26)","echl","2026-04-16 14:30:00","5758b8caf80c41206da73335"
"697927df5fa9cbf67f183534","2026-01-28 19:04:22.924","2026-02-14 12:44:04.904","697927df5fa9cbf67f183534","682a28a5b23e447c108f157b","[PREMIUM]","[PREMIUM]","[PREMIUM]","[PREMIUM]","[PREMIUM]","[1,2,3,4,5,6]","233","E","Upper","['*','*','*','*','*','*']","mobile","tm","tmqr",,"[PREMIUM]","[PREMIUM]","[]","2026-04-15 00:00:00","Norfolk Admirals at Greensboro Gargoyles (Rescheduled from 12/26)","echl","2026-04-16 14:30:00","5758b8caf80c41206da73335"
"697927c65fa9cbf67f118f2c","2026-01-28 19:04:22.924","2026-02-02 14:19:27.903","697927c65fa9cbf67f118f2c","682a28a5b23e447c108f157b","[PREMIUM]","[PREMIUM]","[PREMIUM]","[PREMIUM]","[PREMIUM]","[1,2,3,4,5,6]","127","DD","Lower","['*','*','*','*','*','*']","mobile","tm","tmqr",,"[PREMIUM]","[PREMIUM]","[]","2026-04-15 00:00:00","Norfolk Admirals at Greensboro Gargoyles (Rescheduled from 12/26)","echl","2026-04-16 14:30:00","5758b8caf80c41206da73335"
"697927ca5fa9cbf67f127387","2026-01-28 19:04:22.924","2026-02-14 12:44:04.904","697927ca5fa9cbf67f127387","682a28a5b23e447c108f157b","[PREMIUM]","[PREMIUM]","[PREMIUM]","[PREMIUM]","[PREMIUM]","[1,2,3,4,5,6]","124","BB","Lower","['*','*','*','*','*','*']","mobile","tm","tmqr",,"[PREMIUM]","[PREMIUM]","[]","2026-04-15 00:00:00","Norfolk Admirals at Greensboro Gargoyles (Rescheduled from 12/26)","echl","2026-04-16 14:30:00","5758b8caf80c41206da73335"
"697927d35fa9cbf67f14c6d4","2026-01-28 19:04:22.924","2026-02-14 12:44:04.904","697927d35fa9cbf67f14c6d4","682a28a5b23e447c108f157b","[PREMIUM]","[PREMIUM]","[PREMIUM]","[PREMIUM]","[PREMIUM]","[1,2]","222","E","Upper","['*','*']","mobile","tm","tmqr",,"[PREMIUM]","[PREMIUM]","[]","2026-04-15 00:00:00","Norfolk Admirals at Greensboro Gargoyles (Rescheduled from 12/26)","echl","2026-04-16 14:30:00","5758b8caf80c41206da73335"
"697927ca5fa9cbf67f127349","2026-01-28 19:04:22.924","2026-02-04 04:23:21.565","697927ca5fa9cbf67f127349","682a28a5b23e447c108f157b","[PREMIUM]","[PREMIUM]","[PREMIUM]","[PREMIUM]","[PREMIUM]","[1,2,3,4,5,6]","129","JJ","Lower","['*','*','*','*','*','*']","mobile","tm","tmqr","amazing","[PREMIUM]","[PREMIUM]","[]","2026-04-15 00:00:00","Norfolk Admirals at Greensboro Gargoyles (Rescheduled from 12/26)","echl","2026-04-16 14:30:00","5758b8caf80c41206da73335"
"69796ad45fa9cbf67f8f398b","2026-01-28 19:04:22.924","2026-02-14 12:44:04.904","69796ad45fa9cbf67f8f398b","682a28a5b23e447c108f157b","[PREMIUM]","[PREMIUM]","[PREMIUM]","[PREMIUM]","[PREMIUM]","[1,2,3,4]","131","GG","Lower","['*','*','*','*']","mobile","tm","tmqr",,"[PREMIUM]","[PREMIUM]","[]","2026-04-15 00:00:00","Norfolk Admirals at Greensboro Gargoyles (Rescheduled from 12/26)","echl","2026-04-16 14:30:00","5758b8caf80c41206da73335"
"697917c55fa9cbf67f33f589","2026-01-28 19:04:22.689","2026-03-03 16:20:09.913","697917c55fa9cbf67f33f589","682a24aff991300c8ec4c227","[PREMIUM]","[PREMIUM]","[PREMIUM]","[PREMIUM]","[PREMIUM]","[2]","102","V","Lower","['7','8']","mobile","tm","tmqr","great","[PREMIUM]","[PREMIUM]","[]","2026-04-18 00:00:00","Orlando Solar Bears at Jacksonville Icemen (Rescheduled from 12/26)","echl","2026-04-19 22:00:00","56e1e5d9f80c416f7e000001"
"697a0da05fa9cbf67fbbffbe","2026-01-28 19:04:22.632","2026-02-15 15:41:59.673","697a0da05fa9cbf67fbbffbe","6828d8cfb30745a26222efc7","[PREMIUM]","[PREMIUM]","[PREMIUM]","[PREMIUM]","[PREMIUM]","[1,2,3,4,5,7]","V","6","Section","['4','5','6','7','8','9','10']","mobile","sg","tmqr","amazing","[PREMIUM]","[PREMIUM]","[]","2026-04-16 00:00:00","Trois-Rivieres Lions at Adirondack Thunder (Rescheduled from 12/26/2025)","echl","2026-04-17 23:00:00","6584b73882e912c22cf930cd"
"697a0d865fa9cbf67fb5603f","2026-01-28 19:04:22.632","2026-02-15 15:41:59.673","697a0d865fa9cbf67fb5603f","6828d8cfb30745a26222efc7","[PREMIUM]","[PREMIUM]","[PREMIUM]","[PREMIUM]","[PREMIUM]","[1,2,3,4,5,6,7,9]","J","8","Section","['3','4','5','6','7','8','9','10','11']","mobile","sg","tmqr","amazing","[PREMIUM]","[PREMIUM]","[]","2026-04-16 00:00:00","Trois-Rivieres Lions at Adirondack Thunder (Rescheduled from 12/26/2025)","echl","2026-04-17 23:00:00","6584b73882e912c22cf930cd"
"697a0d805fa9cbf67fb3d0d1","2026-01-28 19:04:22.632","2026-02-15 15:41:59.673","697a0d805fa9cbf67fb3d0d1","6828d8cfb30745a26222efc7","[PREMIUM]","[PREMIUM]","[PREMIUM]","[PREMIUM]","[PREMIUM]","[1,2,3,4,5,7]","K","11","Section","['9','10','11','12','13','14','15']","mobile","sg","tmqr","super","[PREMIUM]","[PREMIUM]","[]","2026-04-16 00:00:00","Trois-Rivieres Lions at Adirondack Thunder (Rescheduled from 12/26/2025)","echl","2026-04-17 23:00:00","6584b73882e912c22cf930cd"
"697a0d975fa9cbf67fb9b56b","2026-01-28 19:04:22.632","2026-02-15 15:41:59.673","697a0d975fa9cbf67fb9b56b","6828d8cfb30745a26222efc7","[PREMIUM]","[PREMIUM]","[PREMIUM]","[PREMIUM]","[PREMIUM]","[1,2,3,4,5,7]","P","5","Section","['1','2','3','4','5','6','7']","mobile","sg","tmqr","amazing","[PREMIUM]","[PREMIUM]","[]","2026-04-16 00:00:00","Trois-Rivieres Lions at Adirondack Thunder (Rescheduled from 12/26/2025)","echl","2026-04-17 23:00:00","6584b73882e912c22cf930cd"
"697a0d7c5fa9cbf67fb2db94","2026-01-28 19:04:22.632","2026-02-15 15:41:59.673","697a0d7c5fa9cbf67fb2db94","6828d8cfb30745a26222efc7","[PREMIUM]","[PREMIUM]","[PREMIUM]","[PREMIUM]","[PREMIUM]","[1,2,3,4,6]","O","12","Section","['2','3','4','5','6','7']","mobile","sg","tmqr","cheapest","[PREMIUM]","[PREMIUM]","[]","2026-04-16 00:00:00","Trois-Rivieres Lions at Adirondack Thunder (Rescheduled from 12/26/2025)","echl","2026-04-17 23:00:00","6584b73882e912c22cf930cd"
"697a0d995fa9cbf67fba2568","2026-01-28 19:04:22.632","2026-02-15 15:41:59.673","697a0d995fa9cbf67fba2568","6828d8cfb30745a26222efc7","[PREMIUM]","[PREMIUM]","[PREMIUM]","[PREMIUM]","[PREMIUM]","[1,2,3,4,5,6,7,8,10]","C","6","Section","['4','5','6','7','8','9','10','11','12','13']","mobile","sg","tmqr","amazing","[PREMIUM]","[PREMIUM]","[]","2026-04-16 00:00:00","Trois-Rivieres Lions at Adirondack Thunder (Rescheduled from 12/26/2025)","echl","2026-04-17 23:00:00","6584b73882e912c22cf930cd"
"697a0d805fa9cbf67fb3d0d6","2026-01-28 19:04:22.632","2026-02-15 15:41:59.673","697a0d805fa9cbf67fb3d0d6","6828d8cfb30745a26222efc7","[PREMIUM]","[PREMIUM]","[PREMIUM]","[PREMIUM]","[PREMIUM]","[1,2,3,4,6]","U","6","Section","['3','4','5','6','7','8']","mobile","sg","tmqr","amazing","[PREMIUM]","[PREMIUM]","[]","2026-04-16 00:00:00","Trois-Rivieres Lions at Adirondack Thunder (Rescheduled from 12/26/2025)","echl","2026-04-17 23:00:00","6584b73882e912c22cf930cd"
"697a0d7a5fa9cbf67fb26560","2026-01-28 19:04:22.632","2026-02-15 15:41:59.673","697a0d7a5fa9cbf67fb26560","6828d8cfb30745a26222efc7","[PREMIUM]","[PREMIUM]","[PREMIUM]","[PREMIUM]","[PREMIUM]","[2,4]","N","3","Section","['1','2','3','4']","mobile","sg","tmqr","amazing","[PREMIUM]","[PREMIUM]","[]","2026-04-16 00:00:00","Trois-Rivieres Lions at Adirondack Thunder (Rescheduled from 12/26/2025)","echl","2026-04-17 23:00:00","6584b73882e912c22cf930cd"
"697798d6e7fbadfb8e2d70d1","2026-01-28 19:04:21.650","2026-02-13 08:47:46.916","697798d6e7fbadfb8e2d70d1","682cc77db8ac82124b7ca636","[PREMIUM]","[PREMIUM]","[PREMIUM]","[PREMIUM]","[PREMIUM]","[1,2,3,4]","122","T","Lower","['*','*','*','*']","mobile","tm","tmqr",,"[PREMIUM]","[PREMIUM]","[]","2026-04-16 00:00:00","Kansas City Mavericks at Tulsa Oilers (Rescheduled from 12/26/2025)","echl","2026-04-18 00:05:00","58119eb5cde6626ebe0f6914"
"697798cde7fbadfb8e2b21d0","2026-01-28 19:04:21.650","2026-02-19 02:34:24.366","697798cde7fbadfb8e2b21d0","682cc77db8ac82124b7ca636","[PREMIUM]","[PREMIUM]","[PREMIUM]","[PREMIUM]","[PREMIUM]","[1,2,3,4]","108","X","Lower","['*','*','*','*']","mobile","tm","tmqr",,"[PREMIUM]","[PREMIUM]","[]","2026-04-16 00:00:00","Kansas City Mavericks at Tulsa Oilers (Rescheduled from 12/26/2025)","echl","2026-04-18 00:05:00","58119eb5cde6626ebe0f6914"
"697926f95fa9cbf67fdebb89","2026-01-28 19:04:21.650","2026-02-16 19:25:04.267","697926f95fa9cbf67fdebb89","682cc77db8ac82124b7ca636","[PREMIUM]","[PREMIUM]","[PREMIUM]","[PREMIUM]","[PREMIUM]","[1,2,3,4,5,6]","116","K","Lower","['*','*','*','*','*','*']","mobile","tm","tmqr",,"[PREMIUM]","[PREMIUM]","[]","2026-04-16 00:00:00","Kansas City Mavericks at Tulsa Oilers (Rescheduled from 12/26/2025)","echl","2026-04-18 00:05:00","58119eb5cde6626ebe0f6914"
"697926db5fa9cbf67fd76e70","2026-01-28 19:04:21.650","2026-02-16 19:25:04.267","697926db5fa9cbf67fd76e70","682cc77db8ac82124b7ca636","[PREMIUM]","[PREMIUM]","[PREMIUM]","[PREMIUM]","[PREMIUM]","[1,2,3,4]","103","L","Lower","['*','*','*','*']","mobile","tm","tmqr","amazing","[PREMIUM]","[PREMIUM]","[]","2026-04-16 00:00:00","Kansas City Mavericks at Tulsa Oilers (Rescheduled from 12/26/2025)","echl","2026-04-18 00:05:00","58119eb5cde6626ebe0f6914"
"697926d15fa9cbf67fd5025e","2026-01-28 19:04:21.650","2026-01-28 19:04:21.650","697926d15fa9cbf67fd5025e","682cc77db8ac82124b7ca636","[PREMIUM]","[PREMIUM]","[PREMIUM]","[PREMIUM]","[PREMIUM]","[1,2,3,4,5,6]","112","F","Lower","['*','*','*','*','*','*']","mobile","tm","tmqr","amazing","[PREMIUM]","[PREMIUM]","[]","2026-04-16 00:00:00","Kansas City Mavericks at Tulsa Oilers (Rescheduled from 12/26/2025)","echl","2026-04-18 00:05:00","58119eb5cde6626ebe0f6914"
"6979273b5fa9cbf67fee76da","2026-01-28 19:04:21.650","2026-02-16 19:25:04.267","6979273b5fa9cbf67fee76da","682cc77db8ac82124b7ca636","[PREMIUM]","[PREMIUM]","[PREMIUM]","[PREMIUM]","[PREMIUM]","[1,2]","121","L","Lower","['*','*']","mobile","tm","tmqr","great","[PREMIUM]","[PREMIUM]","[]","2026-04-16 00:00:00","Kansas City Mavericks at Tulsa Oilers (Rescheduled from 12/26/2025)","echl","2026-04-18 00:05:00","58119eb5cde6626ebe0f6914"
"697927b15fa9cbf67f0c51ee","2026-01-28 19:04:21.650","2026-02-05 07:41:03.568","697927b15fa9cbf67f0c51ee","682cc77db8ac82124b7ca636","[PREMIUM]","[PREMIUM]","[PREMIUM]","[PREMIUM]","[PREMIUM]","[1,2,3,4]","101","G","Lower","['*','*','*','*']","mobile","tm","tmqr","great","[PREMIUM]","[PREMIUM]","[]","2026-04-16 00:00:00","Kansas City Mavericks at Tulsa Oilers (Rescheduled from 12/26/2025)","echl","2026-04-18 00:05:00","58119eb5cde6626ebe0f6914"
"6979272c5fa9cbf67feb284d","2026-01-28 19:04:21.650","2026-02-12 04:39:27.766","6979272c5fa9cbf67feb284d","682cc77db8ac82124b7ca636","[PREMIUM]","[PREMIUM]","[PREMIUM]","[PREMIUM]","[PREMIUM]","[2]","111","B","Lower","['*','*']","mobile","tm","tmqr",,"[PREMIUM]","[PREMIUM]","[]","2026-04-16 00:00:00","Kansas City Mavericks at Tulsa Oilers (Rescheduled from 12/26/2025)","echl","2026-04-18 00:05:00","58119eb5cde6626ebe0f6914"
"6979273c5fa9cbf67fee8818","2026-01-28 19:04:21.650","2026-01-28 19:04:21.650","6979273c5fa9cbf67fee8818","682cc77db8ac82124b7ca636","[PREMIUM]","[PREMIUM]","[PREMIUM]","[PREMIUM]","[PREMIUM]","[1,2,3,4,5,6,7,8]","119","L","Lower","['*','*','*','*','*','*','*','*']","mobile","tm","tmqr","great","[PREMIUM]","[PREMIUM]","[]","2026-04-16 00:00:00","Kansas City Mavericks at Tulsa Oilers (Rescheduled from 12/26/2025)","echl","2026-04-18 00:05:00","58119eb5cde6626ebe0f6914"
"6979273c5fa9cbf67fee84b9","2026-01-28 19:04:21.650","2026-02-16 19:25:04.267","6979273c5fa9cbf67fee84b9","682cc77db8ac82124b7ca636","[PREMIUM]","[PREMIUM]","[PREMIUM]","[PREMIUM]","[PREMIUM]","[2]","118","H","Lower","['*','*']","mobile","tm","tmqr","amazing","[PREMIUM]","[PREMIUM]","[]","2026-04-16 00:00:00","Kansas City Mavericks at Tulsa Oilers (Rescheduled from 12/26/2025)","echl","2026-04-18 00:05:00","58119eb5cde6626ebe0f6914"
"697926fd5fa9cbf67fdfcf89","2026-01-28 19:04:21.650","2026-02-16 19:25:04.267","697926fd5fa9cbf67fdfcf89","682cc77db8ac82124b7ca636","[PREMIUM]","[PREMIUM]","[PREMIUM]","[PREMIUM]","[PREMIUM]","[1,2,3,4]","109","H","Lower","['*','*','*','*']","mobile","tm","tmqr","amazing","[PREMIUM]","[PREMIUM]","[]","2026-04-16 00:00:00","Kansas City Mavericks at Tulsa Oilers (Rescheduled from 12/26/2025)","echl","2026-04-18 00:05:00","58119eb5cde6626ebe0f6914"
"697927de5fa9cbf67f17b830","2026-01-28 19:04:21.650","2026-02-16 19:25:04.267","697927de5fa9cbf67f17b830","682cc77db8ac82124b7ca636","[PREMIUM]","[PREMIUM]","[PREMIUM]","[PREMIUM]","[PREMIUM]","[1,2,3,4,5,6,7,8]","102","P","Lower","['*','*','*','*','*','*','*','*']","mobile","tm","tmqr",,"[PREMIUM]","[PREMIUM]","[]","2026-04-16 00:00:00","Kansas City Mavericks at Tulsa Oilers (Rescheduled from 12/26/2025)","echl","2026-04-18 00:05:00","58119eb5cde6626ebe0f6914"
"697927be5fa9cbf67f0f88f0","2026-01-28 19:04:21.650","2026-02-16 19:25:04.267","697927be5fa9cbf67f0f88f0","682cc77db8ac82124b7ca636","[PREMIUM]","[PREMIUM]","[PREMIUM]","[PREMIUM]","[PREMIUM]","[1,2,3,4,5,6,7,8]","105","K","Lower","['*','*','*','*','*','*','*','*']","mobile","tm","tmqr",,"[PREMIUM]","[PREMIUM]","[]","2026-04-16 00:00:00","Kansas City Mavericks at Tulsa Oilers (Rescheduled from 12/26/2025)","echl","2026-04-18 00:05:00","58119eb5cde6626ebe0f6914"
"697927ba5fa9cbf67f0e8770","2026-01-28 19:04:21.650","2026-02-16 19:25:04.267","697927ba5fa9cbf67f0e8770","682cc77db8ac82124b7ca636","[PREMIUM]","[PREMIUM]","[PREMIUM]","[PREMIUM]","[PREMIUM]","[2]","108","H","Lower","['*','*']","mobile","tm","tmqr","great","[PREMIUM]","[PREMIUM]","[]","2026-04-16 00:00:00","Kansas City Mavericks at Tulsa Oilers (Rescheduled from 12/26/2025)","echl","2026-04-18 00:05:00","58119eb5cde6626ebe0f6914"
"697927b95fa9cbf67f0e6d76","2026-01-28 19:04:21.650","2026-02-16 19:25:04.267","697927b95fa9cbf67f0e6d76","682cc77db8ac82124b7ca636","[PREMIUM]","[PREMIUM]","[PREMIUM]","[PREMIUM]","[PREMIUM]","[1,2,3,4,5,6,7,8]","107","M","Lower","['*','*','*','*','*','*','*','*']","mobile","tm","tmqr","great","[PREMIUM]","[PREMIUM]","[]","2026-04-16 00:00:00","Kansas City Mavericks at Tulsa Oilers (Rescheduled from 12/26/2025)","echl","2026-04-18 00:05:00","58119eb5cde6626ebe0f6914"
"697927c65fa9cbf67f117379","2026-01-28 19:04:21.650","2026-02-16 19:25:04.267","697927c65fa9cbf67f117379","682cc77db8ac82124b7ca636","[PREMIUM]","[PREMIUM]","[PREMIUM]","[PREMIUM]","[PREMIUM]","[1,2,3,4,5,6]","120","L","Lower","['*','*','*','*','*','*']","mobile","tm","tmqr","amazing","[PREMIUM]","[PREMIUM]","[]","2026-04-16 00:00:00","Kansas City Mavericks at Tulsa Oilers (Rescheduled from 12/26/2025)","echl","2026-04-18 00:05:00","58119eb5cde6626ebe0f6914"
"697927ce5fa9cbf67f13b0f9","2026-01-28 19:04:21.650","2026-02-16 19:25:04.267","697927ce5fa9cbf67f13b0f9","682cc77db8ac82124b7ca636","[PREMIUM]","[PREMIUM]","[PREMIUM]","[PREMIUM]","[PREMIUM]","[1,2,3,4,5,6,7,8]","104","J","Lower","['*','*','*','*','*','*','*','*']","mobile","tm","tmqr","great","[PREMIUM]","[PREMIUM]","[]","2026-04-16 00:00:00","Kansas City Mavericks at Tulsa Oilers (Rescheduled from 12/26/2025)","echl","2026-04-18 00:05:00","58119eb5cde6626ebe0f6914"
"697927b55fa9cbf67f0d6ae6","2026-01-28 19:04:21.650","2026-02-15 15:41:57.471","697927b55fa9cbf67f0d6ae6","682cc77db8ac82124b7ca636","[PREMIUM]","[PREMIUM]","[PREMIUM]","[PREMIUM]","[PREMIUM]","[2]","110","F","Lower","['*','*']","mobile","tm","tmqr","great","[PREMIUM]","[PREMIUM]","[]","2026-04-16 00:00:00","Kansas City Mavericks at Tulsa Oilers (Rescheduled from 12/26/2025)","echl","2026-04-18 00:05:00","58119eb5cde6626ebe0f6914"
"6979b71e5fa9cbf67f7775df","2026-01-28 19:04:21.650","2026-01-29 22:40:16.865","6979b71e5fa9cbf67f7775df","682cc77db8ac82124b7ca636","[PREMIUM]","[PREMIUM]","[PREMIUM]","[PREMIUM]","[PREMIUM]","[1,2,3,4]","122","G","Lower","['*','*','*','*']","mobile","tm","tmqr","amazing","[PREMIUM]","[PREMIUM]","[]","2026-04-16 00:00:00","Kansas City Mavericks at Tulsa Oilers (Rescheduled from 12/26/2025)","echl","2026-04-18 00:05:00","58119eb5cde6626ebe0f6914"
"697a2c72953651aa97136d34","2026-01-28 19:04:21.650","2026-01-29 22:40:16.865","697a2c72953651aa97136d34","682cc77db8ac82124b7ca636","[PREMIUM]","[PREMIUM]","[PREMIUM]","[PREMIUM]","[PREMIUM]","[2]","121","R","Lower","['*','*']","mobile","tm","tmqr","great","[PREMIUM]","[PREMIUM]","[]","2026-04-16 00:00:00","Kansas City Mavericks at Tulsa Oilers (Rescheduled from 12/26/2025)","echl","2026-04-18 00:05:00","58119eb5cde6626ebe0f6914"
"697a2c6d80b21763fd010349","2026-01-28 19:04:21.650","2026-01-29 22:40:16.865","697a2c6d80b21763fd010349","682cc77db8ac82124b7ca636","[PREMIUM]","[PREMIUM]","[PREMIUM]","[PREMIUM]","[PREMIUM]","[1,2,3,4,5,6,8]","103","U","Lower","['*','*','*','*','*','*','*','*']","mobile","tm","tmqr","cheapest","[PREMIUM]","[PREMIUM]","[]","2026-04-16 00:00:00","Kansas City Mavericks at Tulsa Oilers (Rescheduled from 12/26/2025)","echl","2026-04-18 00:05:00","58119eb5cde6626ebe0f6914"
"697a2c6f14c2f8ae9b0a5bd1","2026-01-28 19:04:21.650","2026-01-29 22:40:16.865","697a2c6f14c2f8ae9b0a5bd1","682cc77db8ac82124b7ca636","[PREMIUM]","[PREMIUM]","[PREMIUM]","[PREMIUM]","[PREMIUM]","[1,2,3,4,5,6,8]","113","N","Lower","['*','*','*','*','*','*','*','*']","mobile","tm","tmqr","great","[PREMIUM]","[PREMIUM]","[]","2026-04-16 00:00:00","Kansas City Mavericks at Tulsa Oilers (Rescheduled from 12/26/2025)","echl","2026-04-18 00:05:00","58119eb5cde6626ebe0f6914"
"697a2c6c972fac593f349ef3","2026-01-28 19:04:21.650","2026-01-29 22:40:16.865","697a2c6c972fac593f349ef3","682cc77db8ac82124b7ca636","[PREMIUM]","[PREMIUM]","[PREMIUM]","[PREMIUM]","[PREMIUM]","[2,4]","117","K","Lower","['*','*','*','*']","mobile","tm","tmqr",,"[PREMIUM]","[PREMIUM]","[]","2026-04-16 00:00:00","Kansas City Mavericks at Tulsa Oilers (Rescheduled from 12/26/2025)","echl","2026-04-18 00:05:00","58119eb5cde6626ebe0f6914"
"697a2c70637f085a0b43cdf8","2026-01-28 19:04:21.650","2026-01-29 22:40:16.865","697a2c70637f085a0b43cdf8","682cc77db8ac82124b7ca636","[PREMIUM]","[PREMIUM]","[PREMIUM]","[PREMIUM]","[PREMIUM]","[2,4]","114","M","Lower","['*','*','*','*']","mobile","tm","tmqr","great","[PREMIUM]","[PREMIUM]","[]","2026-04-16 00:00:00","Kansas City Mavericks at Tulsa Oilers (Rescheduled from 12/26/2025)","echl","2026-04-18 00:05:00","58119eb5cde6626ebe0f6914"
"697a2c72f5ff5fb9947c07a7","2026-01-28 19:04:21.650","2026-01-29 22:40:16.865","697a2c72f5ff5fb9947c07a7","682cc77db8ac82124b7ca636","[PREMIUM]","[PREMIUM]","[PREMIUM]","[PREMIUM]","[PREMIUM]","[1,2,3,4,6]","109","T","Lower","['*','*','*','*','*','*']","mobile","tm","tmqr",,"[PREMIUM]","[PREMIUM]","[]","2026-04-16 00:00:00","Kansas City Mavericks at Tulsa Oilers (Rescheduled from 12/26/2025)","echl","2026-04-18 00:05:00","58119eb5cde6626ebe0f6914"
"697a2c70d47e669bdb12725a","2026-01-28 19:04:21.650","2026-01-29 22:40:16.865","697a2c70d47e669bdb12725a","682cc77db8ac82124b7ca636","[PREMIUM]","[PREMIUM]","[PREMIUM]","[PREMIUM]","[PREMIUM]","[1,2,3,4,5,6,8]","118","Q","Lower","['*','*','*','*','*','*','*','*']","mobile","tm","tmqr","great","[PREMIUM]","[PREMIUM]","[]","2026-04-16 00:00:00","Kansas City Mavericks at Tulsa Oilers (Rescheduled from 12/26/2025)","echl","2026-04-18 00:05:00","58119eb5cde6626ebe0f6914"
"697a2c71db4d98545525a280","2026-01-28 19:04:21.650","2026-01-29 22:40:16.865","697a2c71db4d98545525a280","682cc77db8ac82124b7ca636","[PREMIUM]","[PREMIUM]","[PREMIUM]","[PREMIUM]","[PREMIUM]","[1,2,3,4,6]","106","V","Lower","['*','*','*','*','*','*']","mobile","tm","tmqr","great","[PREMIUM]","[PREMIUM]","[]","2026-04-16 00:00:00","Kansas City Mavericks at Tulsa Oilers (Rescheduled from 12/26/2025)","echl","2026-04-18 00:05:00","58119eb5cde6626ebe0f6914"
"697a2c6c03c586a7ffc8a94c","2026-01-28 19:04:21.650","2026-01-29 22:40:16.865","697a2c6c03c586a7ffc8a94c","682cc77db8ac82124b7ca636","[PREMIUM]","[PREMIUM]","[PREMIUM]","[PREMIUM]","[PREMIUM]","[1,2,3,4,5,6,8]","108","P","Lower","['*','*','*','*','*','*','*','*']","mobile","tm","tmqr",,"[PREMIUM]","[PREMIUM]","[]","2026-04-16 00:00:00","Kansas City Mavericks at Tulsa Oilers (Rescheduled from 12/26/2025)","echl","2026-04-18 00:05:00","58119eb5cde6626ebe0f6914"
"697a07365fa9cbf67f129374","2026-01-28 19:04:21.641","2026-03-03 16:20:07.084","697a07365fa9cbf67f129374","682cc921e3a99adc22e850ca","[PREMIUM]","[PREMIUM]","[PREMIUM]","[PREMIUM]","[PREMIUM]","[1,2,3,4,5,6,7,9]","114","P","Lower","['1','2','3','4','5','6','7','8','9']","mobile","tm","tmqr","amazing","[PREMIUM]","[PREMIUM]","[]",,"South Carolina Stingrays at Savannah Ghost Pirates (Rescheduled from 12/26/2025)","echl","2026-04-17 23:00:00","63bc7d8f7beef60001824d58"
"68406adef9a255bef5a105b7","2026-01-28 19:04:20.502","2026-02-02 14:19:26.753","68406adef9a255bef5a105b7","682cc95cdd287da684eb8849","[PREMIUM]","[PREMIUM]","[PREMIUM]","[PREMIUM]","[PREMIUM]","[2,4]","107","5","Lower","['11','12','13','14']","mobile","tm","tmqr","cheapest","[PREMIUM]","[PREMIUM]","[]",,"Idaho Steelheads at Utah Grizzlies (Postponed - Date TBA)","echl","2026-02-11 02:10:00","633f626f4a75d1000181f039"
"69729318e7fbadfb8e831e25","2026-01-28 19:04:20.502","2026-02-05 07:41:03.800","69729318e7fbadfb8e831e25","682cc95cdd287da684eb8849","[PREMIUM]","[PREMIUM]","[PREMIUM]","[PREMIUM]","[PREMIUM]","[2,4]","107","11","Lower","['5','6','7','8']","mobile","tm","tmqr","great","[PREMIUM]","[PREMIUM]","[]","2026-02-08 00:00:00","Idaho Steelheads at Utah Grizzlies (Postponed - Date TBA)","echl","2026-02-11 02:10:00","633f626f4a75d1000181f039"
"6978e5335fa9cbf67fea6aa0","2026-01-28 19:04:20.502","2026-02-02 14:19:26.753","6978e5335fa9cbf67fea6aa0","682cc95cdd287da684eb8849","[PREMIUM]","[PREMIUM]","[PREMIUM]","[PREMIUM]","[PREMIUM]","[1,2,3,4,5,6]","108","7","Lower","['*','*','*','*','*','*']","mobile","tm","tmqr",,"[PREMIUM]","[PREMIUM]","[]","2026-02-09 00:00:00","Idaho Steelheads at Utah Grizzlies (Postponed - Date TBA)","echl","2026-02-11 02:10:00","633f626f4a75d1000181f039"
"6978e5435fa9cbf67feea676","2026-01-28 19:04:20.502","2026-02-02 14:19:26.753","6978e5435fa9cbf67feea676","682cc95cdd287da684eb8849","[PREMIUM]","[PREMIUM]","[PREMIUM]","[PREMIUM]","[PREMIUM]","[1,2,3,4,5,6]","119","6","Lower","['*','*','*','*','*','*']","mobile","tm","tmqr","great","[PREMIUM]","[PREMIUM]","[]","2026-02-09 00:00:00","Idaho Steelheads at Utah Grizzlies (Postponed - Date TBA)","echl","2026-02-11 02:10:00","633f626f4a75d1000181f039"
"6978e5525fa9cbf67ff2793a","2026-01-28 19:04:20.502","2026-02-01 11:00:27.928","6978e5525fa9cbf67ff2793a","682cc95cdd287da684eb8849","[PREMIUM]","[PREMIUM]","[PREMIUM]","[PREMIUM]","[PREMIUM]","[1,2,3,4]","110","6","Lower","['*','*','*','*']","mobile","tm","tmqr","great","[PREMIUM]","[PREMIUM]","[]","2026-02-09 00:00:00","Idaho Steelheads at Utah Grizzlies (Postponed - Date TBA)","echl","2026-02-11 02:10:00","633f626f4a75d1000181f039"
"6978e5575fa9cbf67ff36706","2026-01-28 19:04:20.502","2026-02-02 14:19:26.753","6978e5575fa9cbf67ff36706","682cc95cdd287da684eb8849","[PREMIUM]","[PREMIUM]","[PREMIUM]","[PREMIUM]","[PREMIUM]","[1,2,3,4,5,6]","105","9","Lower","['*','*','*','*','*','*']","mobile","tm","tmqr","great","[PREMIUM]","[PREMIUM]","[]","2026-02-09 00:00:00","Idaho Steelheads at Utah Grizzlies (Postponed - Date TBA)","echl","2026-02-11 02:10:00","633f626f4a75d1000181f039"
"6978e5335fa9cbf67fea677f","2026-01-28 19:04:20.502","2026-02-02 14:19:26.753","6978e5335fa9cbf67fea677f","682cc95cdd287da684eb8849","[PREMIUM]","[PREMIUM]","[PREMIUM]","[PREMIUM]","[PREMIUM]","[1,2,3,4,5,6]","109","9","Lower","['*','*','*','*','*','*']","mobile","tm","tmqr","great","[PREMIUM]","[PREMIUM]","[]","2026-02-09 00:00:00","Idaho Steelheads at Utah Grizzlies (Postponed - Date TBA)","echl","2026-02-11 02:10:00","633f626f4a75d1000181f039"
"6978e59f5fa9cbf67f052750","2026-01-28 19:04:20.502","2026-01-28 19:04:20.502","6978e59f5fa9cbf67f052750","682cc95cdd287da684eb8849","[PREMIUM]","[PREMIUM]","[PREMIUM]","[PREMIUM]","[PREMIUM]","[1,2,3,4,5,6]","126","8","Lower","['*','*','*','*','*','*']","mobile","tm","tmqr",,"[PREMIUM]","[PREMIUM]","[]","2026-02-09 00:00:00","Idaho Steelheads at Utah Grizzlies (Postponed - Date TBA)","echl","2026-02-11 02:10:00","633f626f4a75d1000181f039"
"6978e59f5fa9cbf67f051b4d","2026-01-28 19:04:20.502","2026-02-02 14:19:26.753","6978e59f5fa9cbf67f051b4d","682cc95cdd287da684eb8849","[PREMIUM]","[PREMIUM]","[PREMIUM]","[PREMIUM]","[PREMIUM]","[1,2,3,4,5,6]","115","3","Lower","['*','*','*','*','*','*']","mobile","tm","tmqr","great","[PREMIUM]","[PREMIUM]","[]","2026-02-09 00:00:00","Idaho Steelheads at Utah Grizzlies (Postponed - Date TBA)","echl","2026-02-11 02:10:00","633f626f4a75d1000181f039"
"6978e57f5fa9cbf67ffd4641","2026-01-28 19:04:20.502","2026-02-02 14:19:26.753","6978e57f5fa9cbf67ffd4641","682cc95cdd287da684eb8849","[PREMIUM]","[PREMIUM]","[PREMIUM]","[PREMIUM]","[PREMIUM]","[1,2,3,4,5,6]","104","16","Lower","['*','*','*','*','*','*']","mobile","tm","tmqr",,"[PREMIUM]","[PREMIUM]","[]","2026-02-09 00:00:00","Idaho Steelheads at Utah Grizzlies (Postponed - Date TBA)","echl","2026-02-11 02:10:00","633f626f4a75d1000181f039"
"6978e5a65fa9cbf67f06c9e6","2026-01-28 19:04:20.502","2026-02-02 14:19:26.753","6978e5a65fa9cbf67f06c9e6","682cc95cdd287da684eb8849","[PREMIUM]","[PREMIUM]","[PREMIUM]","[PREMIUM]","[PREMIUM]","[1,2,3,4,5,6,7,8]","125","3","Lower","['*','*','*','*','*','*','*','*']","mobile","tm","tmqr","great","[PREMIUM]","[PREMIUM]","[]","2026-02-09 00:00:00","Idaho Steelheads at Utah Grizzlies (Postponed - Date TBA)","echl","2026-02-11 02:10:00","633f626f4a75d1000181f039"
"6978e5bd5fa9cbf67f0c7381","2026-01-28 19:04:20.502","2026-02-01 11:00:27.928","6978e5bd5fa9cbf67f0c7381","682cc95cdd287da684eb8849","[PREMIUM]","[PREMIUM]","[PREMIUM]","[PREMIUM]","[PREMIUM]","[1,2,3,4]","118","10","Lower","['*','*','*','*']","mobile","tm","tmqr","great","[PREMIUM]","[PREMIUM]","[]","2026-02-09 00:00:00","Idaho Steelheads at Utah Grizzlies (Postponed - Date TBA)","echl","2026-02-11 02:10:00","633f626f4a75d1000181f039"
"6978e5cc5fa9cbf67f0fea63","2026-01-28 19:04:20.502","2026-02-02 14:19:26.753","6978e5cc5fa9cbf67f0fea63","682cc95cdd287da684eb8849","[PREMIUM]","[PREMIUM]","[PREMIUM]","[PREMIUM]","[PREMIUM]","[1,2,3,4,5,6,7,8]","103","17","Lower","['*','*','*','*','*','*','*','*']","mobile","tm","tmqr","great","[PREMIUM]","[PREMIUM]","[]","2026-02-09 00:00:00","Idaho Steelheads at Utah Grizzlies (Postponed - Date TBA)","echl","2026-02-11 02:10:00","633f626f4a75d1000181f039"
"6979126f1a83c0bd359a3176","2026-01-28 19:04:20.502","2026-02-01 11:00:27.928","6979126f1a83c0bd359a3176","682cc95cdd287da684eb8849","[PREMIUM]","[PREMIUM]","[PREMIUM]","[PREMIUM]","[PREMIUM]","[1,2,3,4,5,6]","109","17","Lower","['*','*','*','*','*','*']","mobile","tm","tmqr",,"[PREMIUM]","[PREMIUM]","[]","2026-02-09 00:00:00","Idaho Steelheads at Utah Grizzlies (Postponed - Date TBA)","echl","2026-02-11 02:10:00","633f626f4a75d1000181f039"
"697916133c5bce98ff237a1a","2026-01-28 19:04:20.502","2026-02-02 14:19:26.753","697916133c5bce98ff237a1a","682cc95cdd287da684eb8849","[PREMIUM]","[PREMIUM]","[PREMIUM]","[PREMIUM]","[PREMIUM]","[1,2,3,4]","115","22","Lower","['*','*','*','*']","mobile","tm","tmqr",,"[PREMIUM]","[PREMIUM]","[]","2026-02-09 00:00:00","Idaho Steelheads at Utah Grizzlies (Postponed - Date TBA)","echl","2026-02-11 02:10:00","633f626f4a75d1000181f039"
"697920d19a608901b6cf90aa","2026-01-28 19:04:20.502","2026-02-01 11:00:27.928","697920d19a608901b6cf90aa","682cc95cdd287da684eb8849","[PREMIUM]","[PREMIUM]","[PREMIUM]","[PREMIUM]","[PREMIUM]","[1,2,3,4]","102","22","Lower","['*','*','*','*']","mobile","tm","tmqr",,"[PREMIUM]","[PREMIUM]","[]","2026-02-09 00:00:00","Idaho Steelheads at Utah Grizzlies (Postponed - Date TBA)","echl","2026-02-11 02:10:00","633f626f4a75d1000181f039"
"6979683c5fa9cbf67feaf6f6","2026-01-28 19:04:20.502","2026-02-02 14:19:26.753","6979683c5fa9cbf67feaf6f6","682cc95cdd287da684eb8849","[PREMIUM]","[PREMIUM]","[PREMIUM]","[PREMIUM]","[PREMIUM]","[1,2,3,4,5,6,7,8]","112","4","Lower","['*','*','*','*','*','*','*','*']","mobile","tm","tmqr",,"[PREMIUM]","[PREMIUM]","[]","2026-02-09 00:00:00","Idaho Steelheads at Utah Grizzlies (Postponed - Date TBA)","echl","2026-02-11 02:10:00","633f626f4a75d1000181f039"
"69796155a1595cf9b1452ea4","2026-01-28 19:04:20.502","2026-02-08 17:12:31.887","69796155a1595cf9b1452ea4","682cc95cdd287da684eb8849","[PREMIUM]","[PREMIUM]","[PREMIUM]","[PREMIUM]","[PREMIUM]","[2]","112","1","Lower","['1','2']","mobile","tm","tmqr",,"[PREMIUM]","[PREMIUM]","[]",,"Idaho Steelheads at Utah Grizzlies (Postponed - Date TBA)","echl","2026-02-11 02:10:00","633f626f4a75d1000181f039"
"697a0e36ba521ec819400e23","2026-01-28 19:04:20.502","2026-01-28 19:04:20.502","697a0e36ba521ec819400e23","682cc95cdd287da684eb8849","[PREMIUM]","[PREMIUM]","[PREMIUM]","[PREMIUM]","[PREMIUM]","[2]","121","6","Lower","['*','*']","mobile","tm","tmqr",,"[PREMIUM]","[PREMIUM]","[]","2026-02-09 00:00:00","Idaho Steelheads at Utah Grizzlies (Postponed - Date TBA)","echl","2026-02-11 02:10:00","633f626f4a75d1000181f039"
"697a0e34943aec466d23e0da","2026-01-28 19:04:20.502","2026-01-28 19:04:20.502","697a0e34943aec466d23e0da","682cc95cdd287da684eb8849","[PREMIUM]","[PREMIUM]","[PREMIUM]","[PREMIUM]","[PREMIUM]","[1,2,3,4]","116","15","Lower","['*','*','*','*']","mobile","tm","tmqr","great","[PREMIUM]","[PREMIUM]","[]","2026-02-09 00:00:00","Idaho Steelheads at Utah Grizzlies (Postponed - Date TBA)","echl","2026-02-11 02:10:00","633f626f4a75d1000181f039"
"697a0e36a8896e86100c61e5","2026-01-28 19:04:20.502","2026-01-28 19:04:20.502","697a0e36a8896e86100c61e5","682cc95cdd287da684eb8849","[PREMIUM]","[PREMIUM]","[PREMIUM]","[PREMIUM]","[PREMIUM]","[1,2,3,4,5,6,7,8]","106","17","Lower","['*','*','*','*','*','*','*','*']","mobile","tm","tmqr",,"[PREMIUM]","[PREMIUM]","[]","2026-02-09 00:00:00","Idaho Steelheads at Utah Grizzlies (Postponed - Date TBA)","echl","2026-02-11 02:10:00","633f626f4a75d1000181f039"
"697a0e367e2e7dcf98746124","2026-01-28 19:04:20.502","2026-01-28 19:04:20.502","697a0e367e2e7dcf98746124","682cc95cdd287da684eb8849","[PREMIUM]","[PREMIUM]","[PREMIUM]","[PREMIUM]","[PREMIUM]","[1,2,3,4,6]","103","2","Lower","['*','*','*','*','*','*']","mobile","tm","tmqr",,"[PREMIUM]","[PREMIUM]","[]","2026-02-09 00:00:00","Idaho Steelheads at Utah Grizzlies (Postponed - Date TBA)","echl","2026-02-11 02:10:00","633f626f4a75d1000181f039"
"697a0e36943aec466d23e0db","2026-01-28 19:04:20.502","2026-01-28 19:04:20.502","697a0e36943aec466d23e0db","682cc95cdd287da684eb8849","[PREMIUM]","[PREMIUM]","[PREMIUM]","[PREMIUM]","[PREMIUM]","[1,2,3,4,6]","118","16","Lower","['*','*','*','*','*','*']","mobile","tm","tmqr","great","[PREMIUM]","[PREMIUM]","[]","2026-02-09 00:00:00","Idaho Steelheads at Utah Grizzlies (Postponed - Date TBA)","echl","2026-02-11 02:10:00","633f626f4a75d1000181f039"
"69778e11e7fbadfb8e8653bf","2026-01-28 19:04:20.464","2026-02-16 19:25:02.954","69778e11e7fbadfb8e8653bf","6828d543ded2cde642f5b313","[PREMIUM]","[PREMIUM]","[PREMIUM]","[PREMIUM]","[PREMIUM]","[1,2,3,4]","233","J","Upper","['*','*','*','*']","mobile","tm","tmqr",,"[PREMIUM]","[PREMIUM]","[]","2026-04-16 00:00:00","Kalamazoo Wings at Cincinnati Cyclones (Postponed - Date TBD)","echl","2026-04-17 23:30:00","57aba98ff80c4115bab50ab1"
"697905085fa9cbf67fa745dc","2026-01-28 19:04:20.464","2026-02-23 15:48:29.606","697905085fa9cbf67fa745dc","6828d543ded2cde642f5b313","[PREMIUM]","[PREMIUM]","[PREMIUM]","[PREMIUM]","[PREMIUM]","[2]","126","B","Lower","['3','4']","mobile","tm","tmqr","super","[PREMIUM]","[PREMIUM]","[]","2026-04-15 00:00:00","Kalamazoo Wings at Cincinnati Cyclones (Postponed - Date TBD)","echl","2026-04-17 23:30:00","57aba98ff80c4115bab50ab1"
"697926f95fa9cbf67fdec1e8","2026-01-28 19:04:20.464","2026-02-16 19:25:02.954","697926f95fa9cbf67fdec1e8","6828d543ded2cde642f5b313","[PREMIUM]","[PREMIUM]","[PREMIUM]","[PREMIUM]","[PREMIUM]","[1,2]","108","K","Lower","['*','*']","mobile","tm","tmqr",,"[PREMIUM]","[PREMIUM]","[]","2026-04-16 00:00:00","Kalamazoo Wings at Cincinnati Cyclones (Postponed - Date TBD)","echl","2026-04-17 23:30:00","57aba98ff80c4115bab50ab1"
"697926db5fa9cbf67fd77048","2026-01-28 19:04:20.464","2026-02-13 08:47:46.903","697926db5fa9cbf67fd77048","6828d543ded2cde642f5b313","[PREMIUM]","[PREMIUM]","[PREMIUM]","[PREMIUM]","[PREMIUM]","[1,2]","106","D","Lower","['*','*']","mobile","tm","tmqr","great","[PREMIUM]","[PREMIUM]","[]","2026-04-16 00:00:00","Kalamazoo Wings at Cincinnati Cyclones (Postponed - Date TBD)","echl","2026-04-17 23:30:00","57aba98ff80c4115bab50ab1"
"697926f55fa9cbf67fddd7b5","2026-01-28 19:04:20.464","2026-02-16 19:25:02.954","697926f55fa9cbf67fddd7b5","6828d543ded2cde642f5b313","[PREMIUM]","[PREMIUM]","[PREMIUM]","[PREMIUM]","[PREMIUM]","[1,2,3,4]","238","A","Upper","['*','*','*','*']","mobile","tm","tmqr","great","[PREMIUM]","[PREMIUM]","[]","2026-04-16 00:00:00","Kalamazoo Wings at Cincinnati Cyclones (Postponed - Date TBD)","echl","2026-04-17 23:30:00","57aba98ff80c4115bab50ab1"
"697926e85fa9cbf67fdae30a","2026-01-28 19:04:20.464","2026-02-16 19:25:02.954","697926e85fa9cbf67fdae30a","6828d543ded2cde642f5b313","[PREMIUM]","[PREMIUM]","[PREMIUM]","[PREMIUM]","[PREMIUM]","[1,2,3,4,5,6,7,8]","229","E","Upper","['*','*','*','*','*','*','*','*']","mobile","tm","tmqr",,"[PREMIUM]","[PREMIUM]","[]","2026-04-16 00:00:00","Kalamazoo Wings at Cincinnati Cyclones (Postponed - Date TBD)","echl","2026-04-17 23:30:00","57aba98ff80c4115bab50ab1"
"697927b15fa9cbf67f0c44b3","2026-01-28 19:04:20.464","2026-02-16 19:25:02.954","697927b15fa9cbf67f0c44b3","6828d543ded2cde642f5b313","[PREMIUM]","[PREMIUM]","[PREMIUM]","[PREMIUM]","[PREMIUM]","[1,2]","233","C","Upper","['*','*']","mobile","tm","tmqr","great","[PREMIUM]","[PREMIUM]","[]","2026-04-16 00:00:00","Kalamazoo Wings at Cincinnati Cyclones (Postponed - Date TBD)","echl","2026-04-17 23:30:00","57aba98ff80c4115bab50ab1"
"697927445fa9cbf67ff02e5e","2026-01-28 19:04:20.464","2026-02-16 19:25:02.954","697927445fa9cbf67ff02e5e","6828d543ded2cde642f5b313","[PREMIUM]","[PREMIUM]","[PREMIUM]","[PREMIUM]","[PREMIUM]","[1,2,3,4,5,6,7,8]","237","E","Upper","['*','*','*','*','*','*','*','*']","mobile","tm","tmqr",,"[PREMIUM]","[PREMIUM]","[]","2026-04-16 00:00:00","Kalamazoo Wings at Cincinnati Cyclones (Postponed - Date TBD)","echl","2026-04-17 23:30:00","57aba98ff80c4115bab50ab1"
"6979273c5fa9cbf67fee86bb","2026-01-28 19:04:20.464","2026-02-04 04:23:19.140","6979273c5fa9cbf67fee86bb","6828d543ded2cde642f5b313","[PREMIUM]","[PREMIUM]","[PREMIUM]","[PREMIUM]","[PREMIUM]","[1,2,3,4]","139","G","Lower","['*','*','*','*']","mobile","tm","tmqr",,"[PREMIUM]","[PREMIUM]","[]","2026-04-16 00:00:00","Kalamazoo Wings at Cincinnati Cyclones (Postponed - Date TBD)","echl","2026-04-17 23:30:00","57aba98ff80c4115bab50ab1"
"697927165fa9cbf67fe58e76","2026-01-28 19:04:20.464","2026-02-16 19:25:02.954","697927165fa9cbf67fe58e76","6828d543ded2cde642f5b313","[PREMIUM]","[PREMIUM]","[PREMIUM]","[PREMIUM]","[PREMIUM]","[1,2,3,4,5,6,7,8]","225","E","Upper","['*','*','*','*','*','*','*','*']","mobile","tm","tmqr",,"[PREMIUM]","[PREMIUM]","[]","2026-04-16 00:00:00","Kalamazoo Wings at Cincinnati Cyclones (Postponed - Date TBD)","echl","2026-04-17 23:30:00","57aba98ff80c4115bab50ab1"
"6979278b5fa9cbf67f021c98","2026-01-28 19:04:20.464","2026-01-29 22:40:16.513","6979278b5fa9cbf67f021c98","6828d543ded2cde642f5b313","[PREMIUM]","[PREMIUM]","[PREMIUM]","[PREMIUM]","[PREMIUM]","[1,2,4]","117","F","Lower","['*','*','*','*']","mobile","tm","tmqr",,"[PREMIUM]","[PREMIUM]","[]","2026-04-16 00:00:00","Kalamazoo Wings at Cincinnati Cyclones (Postponed - Date TBD)","echl","2026-04-17 23:30:00","57aba98ff80c4115bab50ab1"
"697927a15fa9cbf67f07f7e4","2026-01-28 19:04:20.464","2026-02-07 14:02:44.846","697927a15fa9cbf67f07f7e4","6828d543ded2cde642f5b313","[PREMIUM]","[PREMIUM]","[PREMIUM]","[PREMIUM]","[PREMIUM]","[1,2]","128","Q","Lower","['*','*']","mobile","tm","tmqr",,"[PREMIUM]","[PREMIUM]","[]","2026-04-16 00:00:00","Kalamazoo Wings at Cincinnati Cyclones (Postponed - Date TBD)","echl","2026-04-17 23:30:00","57aba98ff80c4115bab50ab1"
"697927015fa9cbf67fe0a939","2026-01-28 19:04:20.464","2026-02-02 14:19:26.759","697927015fa9cbf67fe0a939","6828d543ded2cde642f5b313","[PREMIUM]","[PREMIUM]","[PREMIUM]","[PREMIUM]","[PREMIUM]","[1,2]","120","N","Lower","['*','*']","mobile","tm","tmqr","great","[PREMIUM]","[PREMIUM]","[]","2026-04-16 00:00:00","Kalamazoo Wings at Cincinnati Cyclones (Postponed - Date TBD)","echl","2026-04-17 23:30:00","57aba98ff80c4115bab50ab1"
"697927445fa9cbf67ff0331d","2026-01-28 19:04:20.464","2026-02-16 19:25:02.954","697927445fa9cbf67ff0331d","6828d543ded2cde642f5b313","[PREMIUM]","[PREMIUM]","[PREMIUM]","[PREMIUM]","[PREMIUM]","[1,2,3,4,5,6]","234","B","Upper","['*','*','*','*','*','*']","mobile","tm","tmqr","great","[PREMIUM]","[PREMIUM]","[]","2026-04-16 00:00:00","Kalamazoo Wings at Cincinnati Cyclones (Postponed - Date TBD)","echl","2026-04-17 23:30:00","57aba98ff80c4115bab50ab1"
"697927875fa9cbf67f00f3ad","2026-01-28 19:04:20.464","2026-02-16 19:25:02.954","697927875fa9cbf67f00f3ad","6828d543ded2cde642f5b313","[PREMIUM]","[PREMIUM]","[PREMIUM]","[PREMIUM]","[PREMIUM]","[1,2,3,4,5,6]","227","E","Upper","['*','*','*','*','*','*']","mobile","tm","tmqr",,"[PREMIUM]","[PREMIUM]","[]","2026-04-16 00:00:00","Kalamazoo Wings at Cincinnati Cyclones (Postponed - Date TBD)","echl","2026-04-17 23:30:00","57aba98ff80c4115bab50ab1"
"697927375fa9cbf67feda9e9","2026-01-28 19:04:20.464","2026-02-16 19:25:02.954","697927375fa9cbf67feda9e9","6828d543ded2cde642f5b313","[PREMIUM]","[PREMIUM]","[PREMIUM]","[PREMIUM]","[PREMIUM]","[1,2,3,4,5,6,7,8]","231","G","Upper","['*','*','*','*','*','*','*','*']","mobile","tm","tmqr","great","[PREMIUM]","[PREMIUM]","[]","2026-04-16 00:00:00","Kalamazoo Wings at Cincinnati Cyclones (Postponed - Date TBD)","echl","2026-04-17 23:30:00","57aba98ff80c4115bab50ab1"
"697927655fa9cbf67ff80f55","2026-01-28 19:04:20.464","2026-02-02 14:19:26.759","697927655fa9cbf67ff80f55","6828d543ded2cde642f5b313","[PREMIUM]","[PREMIUM]","[PREMIUM]","[PREMIUM]","[PREMIUM]","[1,2]","114","G","Lower","['*','*']","mobile","tm","tmqr","great","[PREMIUM]","[PREMIUM]","[]","2026-04-16 00:00:00","Kalamazoo Wings at Cincinnati Cyclones (Postponed - Date TBD)","echl","2026-04-17 23:30:00","57aba98ff80c4115bab50ab1"
"697927485fa9cbf67ff12989","2026-01-28 19:04:20.464","2026-02-08 17:12:31.883","697927485fa9cbf67ff12989","6828d543ded2cde642f5b313","[PREMIUM]","[PREMIUM]","[PREMIUM]","[PREMIUM]","[PREMIUM]","[1,2,3,4]","230","A","Upper","['*','*','*','*']","mobile","tm","tmqr",,"[PREMIUM]","[PREMIUM]","[]","2026-04-16 00:00:00","Kalamazoo Wings at Cincinnati Cyclones (Postponed - Date TBD)","echl","2026-04-17 23:30:00","57aba98ff80c4115bab50ab1"
"697927f05fa9cbf67f1c5cb1","2026-01-28 19:04:20.464","2026-02-13 08:47:46.903","697927f05fa9cbf67f1c5cb1","6828d543ded2cde642f5b313","[PREMIUM]","[PREMIUM]","[PREMIUM]","[PREMIUM]","[PREMIUM]","[1,2]","132","L","Lower","['*','*']","mobile","tm","tmqr","great","[PREMIUM]","[PREMIUM]","[]","2026-04-16 00:00:00","Kalamazoo Wings at Cincinnati Cyclones (Postponed - Date TBD)","echl","2026-04-17 23:30:00","57aba98ff80c4115bab50ab1"
"697927ba5fa9cbf67f0e7c50","2026-01-28 19:04:20.464","2026-02-16 19:25:02.954","697927ba5fa9cbf67f0e7c50","6828d543ded2cde642f5b313","[PREMIUM]","[PREMIUM]","[PREMIUM]","[PREMIUM]","[PREMIUM]","[1,2,3,4,5,6]","235","E","Upper","['*','*','*','*','*','*']","mobile","tm","tmqr",,"[PREMIUM]","[PREMIUM]","[]","2026-04-16 00:00:00","Kalamazoo Wings at Cincinnati Cyclones (Postponed - Date TBD)","echl","2026-04-17 23:30:00","57aba98ff80c4115bab50ab1"
"697927dd5fa9cbf67f17b3cb","2026-01-28 19:04:20.464","2026-01-28 19:04:20.464","697927dd5fa9cbf67f17b3cb","6828d543ded2cde642f5b313","[PREMIUM]","[PREMIUM]","[PREMIUM]","[PREMIUM]","[PREMIUM]","[1,2,3,4,5,6]","134","M","Lower","['*','*','*','*','*','*']","mobile","tm","tmqr","great","[PREMIUM]","[PREMIUM]","[]","2026-04-16 00:00:00","Kalamazoo Wings at Cincinnati Cyclones (Postponed - Date TBD)","echl","2026-04-17 23:30:00","57aba98ff80c4115bab50ab1"
"697927b95fa9cbf67f0e747d","2026-01-28 19:04:20.464","2026-02-13 08:47:46.903","697927b95fa9cbf67f0e747d","6828d543ded2cde642f5b313","[PREMIUM]","[PREMIUM]","[PREMIUM]","[PREMIUM]","[PREMIUM]","[2]","136","D","Lower","['*','*']","mobile","tm","tmqr","great","[PREMIUM]","[PREMIUM]","[]","2026-04-16 00:00:00","Kalamazoo Wings at Cincinnati Cyclones (Postponed - Date TBD)","echl","2026-04-17 23:30:00","57aba98ff80c4115bab50ab1"
"697927ea5fa9cbf67f1b08c0","2026-01-28 19:04:20.464","2026-01-29 22:40:16.513","697927ea5fa9cbf67f1b08c0","6828d543ded2cde642f5b313","[PREMIUM]","[PREMIUM]","[PREMIUM]","[PREMIUM]","[PREMIUM]","[1,2]","126","H","Lower","['*','*']","mobile","tm","tmqr",,"[PREMIUM]","[PREMIUM]","[]","2026-04-16 00:00:00","Kalamazoo Wings at Cincinnati Cyclones (Postponed - Date TBD)","echl","2026-04-17 23:30:00","57aba98ff80c4115bab50ab1"
"697981d55fa9cbf67f6a22ed","2026-01-28 19:04:20.464","2026-03-02 12:17:21.890","697981d55fa9cbf67f6a22ed","6828d543ded2cde642f5b313","[PREMIUM]","[PREMIUM]","[PREMIUM]","[PREMIUM]","[PREMIUM]","[1,2,3,4,5]","101","P","Lower","['*','*','*','*','*']","mobile","tm","tmqr",,"[PREMIUM]","[PREMIUM]","[]","2026-04-16 00:00:00","Kalamazoo Wings at Cincinnati Cyclones (Postponed - Date TBD)","echl","2026-04-17 23:30:00","57aba98ff80c4115bab50ab1"
"697981f35fa9cbf67f71e753","2026-01-28 19:04:20.464","2026-03-02 12:17:21.890","697981f35fa9cbf67f71e753","6828d543ded2cde642f5b313","[PREMIUM]","[PREMIUM]","[PREMIUM]","[PREMIUM]","[PREMIUM]","[1,2,3,4,5,6,7,8]","105","M","Lower","['*','*','*','*','*','*','*','*']","mobile","tm","tmqr",,"[PREMIUM]","[PREMIUM]","[]","2026-04-16 00:00:00","Kalamazoo Wings at Cincinnati Cyclones (Postponed - Date TBD)","echl","2026-04-17 23:30:00","57aba98ff80c4115bab50ab1"
"697981f35fa9cbf67f71e748","2026-01-28 19:04:20.464","2026-03-02 12:17:21.890","697981f35fa9cbf67f71e748","6828d543ded2cde642f5b313","[PREMIUM]","[PREMIUM]","[PREMIUM]","[PREMIUM]","[PREMIUM]","[1,2,3,4,5,6,7,8]","140","T","Lower","['*','*','*','*','*','*','*','*']","mobile","tm","tmqr",,"[PREMIUM]","[PREMIUM]","[]","2026-04-16 00:00:00","Kalamazoo Wings at Cincinnati Cyclones (Postponed - Date TBD)","echl","2026-04-17 23:30:00","57aba98ff80c4115bab50ab1"
"697981f05fa9cbf67f7114c4","2026-01-28 19:04:20.464","2026-03-02 12:17:21.890","697981f05fa9cbf67f7114c4","6828d543ded2cde642f5b313","[PREMIUM]","[PREMIUM]","[PREMIUM]","[PREMIUM]","[PREMIUM]","[1,2,3,4,5,6,7,8]","116","P","Lower","['*','*','*','*','*','*','*','*']","mobile","tm","tmqr",,"[PREMIUM]","[PREMIUM]","[]","2026-04-16 00:00:00","Kalamazoo Wings at Cincinnati Cyclones (Postponed - Date TBD)","echl","2026-04-17 23:30:00","57aba98ff80c4115bab50ab1"
"697981f05fa9cbf67f7114a6","2026-01-28 19:04:20.464","2026-03-02 12:17:21.890","697981f05fa9cbf67f7114a6","6828d543ded2cde642f5b313","[PREMIUM]","[PREMIUM]","[PREMIUM]","[PREMIUM]","[PREMIUM]","[1,2,3,4,5,6,7,8]","104","T","Lower","['*','*','*','*','*','*','*','*']","mobile","tm","tmqr",,"[PREMIUM]","[PREMIUM]","[]","2026-04-16 00:00:00","Kalamazoo Wings at Cincinnati Cyclones (Postponed - Date TBD)","echl","2026-04-17 23:30:00","57aba98ff80c4115bab50ab1"
"697981ea5fa9cbf67f6f9904","2026-01-28 19:04:20.464","2026-03-02 12:17:21.890","697981ea5fa9cbf67f6f9904","6828d543ded2cde642f5b313","[PREMIUM]","[PREMIUM]","[PREMIUM]","[PREMIUM]","[PREMIUM]","[1,2,3,4,5,6]","121","S","Lower","['*','*','*','*','*','*']","mobile","tm","tmqr",,"[PREMIUM]","[PREMIUM]","[]","2026-04-16 00:00:00","Kalamazoo Wings at Cincinnati Cyclones (Postponed - Date TBD)","echl","2026-04-17 23:30:00","57aba98ff80c4115bab50ab1"
"697981ea5fa9cbf67f6f98d4","2026-01-28 19:04:20.464","2026-02-05 07:41:03.588","697981ea5fa9cbf67f6f98d4","6828d543ded2cde642f5b313","[PREMIUM]","[PREMIUM]","[PREMIUM]","[PREMIUM]","[PREMIUM]","[1,2,3,4,5,6,7]","136","T","Lower","['*','*','*','*','*','*','*']","mobile","tm","tmqr",,"[PREMIUM]","[PREMIUM]","[]","2026-04-16 00:00:00","Kalamazoo Wings at Cincinnati Cyclones (Postponed - Date TBD)","echl","2026-04-17 23:30:00","57aba98ff80c4115bab50ab1"
"697981e45fa9cbf67f6e035a","2026-01-28 19:04:20.464","2026-03-02 12:17:21.890","697981e45fa9cbf67f6e035a","6828d543ded2cde642f5b313","[PREMIUM]","[PREMIUM]","[PREMIUM]","[PREMIUM]","[PREMIUM]","[1,2,3,4,5,6,7,8,9]","137","V","Lower","['*','*','*','*','*','*','*','*','*']","mobile","tm","tmqr",,"[PREMIUM]","[PREMIUM]","[]","2026-04-16 00:00:00","Kalamazoo Wings at Cincinnati Cyclones (Postponed - Date TBD)","echl","2026-04-17 23:30:00","57aba98ff80c4115bab50ab1"
"697981e15fa9cbf67f6d4593","2026-01-28 19:04:20.464","2026-02-22 12:34:50.262","697981e15fa9cbf67f6d4593","6828d543ded2cde642f5b313","[PREMIUM]","[PREMIUM]","[PREMIUM]","[PREMIUM]","[PREMIUM]","[1,2,3,4,5,6,7]","125","Q","Lower","['*','*','*','*','*','*','*']","mobile","tm","tmqr",,"[PREMIUM]","[PREMIUM]","[]","2026-04-16 00:00:00","Kalamazoo Wings at Cincinnati Cyclones (Postponed - Date TBD)","echl","2026-04-17 23:30:00","57aba98ff80c4115bab50ab1"
"697981db5fa9cbf67f6bb5a7","2026-01-28 19:04:20.464","2026-03-02 12:17:21.890","697981db5fa9cbf67f6bb5a7","6828d543ded2cde642f5b313","[PREMIUM]","[PREMIUM]","[PREMIUM]","[PREMIUM]","[PREMIUM]","[1,2,3,4,5,6,7]","122","P","Lower","['*','*','*','*','*','*','*']","mobile","tm","tmqr",,"[PREMIUM]","[PREMIUM]","[]","2026-04-16 00:00:00","Kalamazoo Wings at Cincinnati Cyclones (Postponed - Date TBD)","echl","2026-04-17 23:30:00","57aba98ff80c4115bab50ab1"
"6979a0fa98a866e3d270901b","2026-01-28 19:04:20.448","2026-02-07 14:02:43.757","6979a0fa98a866e3d270901b","682a23c45ca1970fabab3308","[PREMIUM]","[PREMIUM]","[PREMIUM]","[PREMIUM]","[PREMIUM]","[2,4]","225","5","Lower","['*','*','*','*']","mobile","tm","tmqr","great","[PREMIUM]","[PREMIUM]","[]","2026-04-14 00:00:00","Indy Fuel at Fort Wayne Komets (Rescheduled from 12/26/2025)","echl","2026-04-16 00:35:00","63c9d24e0d5fff000179f4ef"
"6978da1760b5f17899b704be","2026-01-28 19:04:19.414","2026-01-31 02:22:31.420","6978da1760b5f17899b704be","682a28a5ff36d8d9ff1ac8d5","[PREMIUM]","[PREMIUM]","[PREMIUM]","[PREMIUM]","[PREMIUM]","[1,2,3,4,5,6,7,8]","106","SS","Lower","['*','*','*','*','*','*','*','*']","mobile","tm","tmqr",,"[PREMIUM]","[PREMIUM]","[]","2026-04-16 00:00:00","Norfolk Admirals at Greensboro Gargoyles (Rescheduled from 12/27)","echl","2026-04-17 23:00:00","5758b8caf80c41206da73335"
"697926df5fa9cbf67fd87c9e","2026-01-28 19:04:19.414","2026-02-02 14:19:24.460","697926df5fa9cbf67fd87c9e","682a28a5ff36d8d9ff1ac8d5","[PREMIUM]","[PREMIUM]","[PREMIUM]","[PREMIUM]","[PREMIUM]","[1,2,3]","111","HH","Lower","['*','*','*']","mobile","tm","tmqr",,"[PREMIUM]","[PREMIUM]","[]","2026-04-16 00:00:00","Norfolk Admirals at Greensboro Gargoyles (Rescheduled from 12/27)","echl","2026-04-17 23:00:00","5758b8caf80c41206da73335"
"697926f15fa9cbf67fdce871","2026-01-28 19:04:19.414","2026-02-16 19:25:01.687","697926f15fa9cbf67fdce871","682a28a5ff36d8d9ff1ac8d5","[PREMIUM]","[PREMIUM]","[PREMIUM]","[PREMIUM]","[PREMIUM]","[1,2,3,4,5,6,7,8]","225","A","Upper","['*','*','*','*','*','*','*','*']","mobile","tm","tmqr","great","[PREMIUM]","[PREMIUM]","[]","2026-04-16 00:00:00","Norfolk Admirals at Greensboro Gargoyles (Rescheduled from 12/27)","echl","2026-04-17 23:00:00","5758b8caf80c41206da73335"
"697926f55fa9cbf67fddcaf8","2026-01-28 19:04:19.414","2026-02-04 04:23:17.959","697926f55fa9cbf67fddcaf8","682a28a5ff36d8d9ff1ac8d5","[PREMIUM]","[PREMIUM]","[PREMIUM]","[PREMIUM]","[PREMIUM]","[1,2]","114","NN","Lower","['*','*']","mobile","tm","tmqr",,"[PREMIUM]","[PREMIUM]","[]","2026-04-16 00:00:00","Norfolk Admirals at Greensboro Gargoyles (Rescheduled from 12/27)","echl","2026-04-17 23:00:00","5758b8caf80c41206da73335"
"697926f55fa9cbf67fddd40b","2026-01-28 19:04:19.414","2026-02-16 19:25:01.687","697926f55fa9cbf67fddd40b","682a28a5ff36d8d9ff1ac8d5","[PREMIUM]","[PREMIUM]","[PREMIUM]","[PREMIUM]","[PREMIUM]","[1,2]","222","E","Upper","['*','*']","mobile","tm","tmqr",,"[PREMIUM]","[PREMIUM]","[]","2026-04-16 00:00:00","Norfolk Admirals at Greensboro Gargoyles (Rescheduled from 12/27)","echl","2026-04-17 23:00:00","5758b8caf80c41206da73335"
"697926db5fa9cbf67fd76d8c","2026-01-28 19:04:19.414","2026-02-16 19:25:01.687","697926db5fa9cbf67fd76d8c","682a28a5ff36d8d9ff1ac8d5","[PREMIUM]","[PREMIUM]","[PREMIUM]","[PREMIUM]","[PREMIUM]","[1,2,3,4,5,6,7,8]","215","A","Upper","['*','*','*','*','*','*','*','*']","mobile","tm","tmqr",,"[PREMIUM]","[PREMIUM]","[]","2026-04-16 00:00:00","Norfolk Admirals at Greensboro Gargoyles (Rescheduled from 12/27)","echl","2026-04-17 23:00:00","5758b8caf80c41206da73335"
"697926e05fa9cbf67fd89366","2026-01-28 19:04:19.414","2026-02-16 19:25:01.687","697926e05fa9cbf67fd89366","682a28a5ff36d8d9ff1ac8d5","[PREMIUM]","[PREMIUM]","[PREMIUM]","[PREMIUM]","[PREMIUM]","[1,2]","113","A","Lower","['*','*']","mobile","tm","tmqr",,"[PREMIUM]","[PREMIUM]","[]","2026-04-16 00:00:00","Norfolk Admirals at Greensboro Gargoyles (Rescheduled from 12/27)","echl","2026-04-17 23:00:00","5758b8caf80c41206da73335"
"697926f95fa9cbf67fdebcb7","2026-01-28 19:04:19.414","2026-02-16 19:25:01.687","697926f95fa9cbf67fdebcb7","682a28a5ff36d8d9ff1ac8d5","[PREMIUM]","[PREMIUM]","[PREMIUM]","[PREMIUM]","[PREMIUM]","[2]","224","F","Upper","['*','*']","mobile","tm","tmqr",,"[PREMIUM]","[PREMIUM]","[]","2026-04-16 00:00:00","Norfolk Admirals at Greensboro Gargoyles (Rescheduled from 12/27)","echl","2026-04-17 23:00:00","5758b8caf80c41206da73335"
"697927615fa9cbf67ff7036d","2026-01-28 19:04:19.414","2026-02-16 19:25:01.687","697927615fa9cbf67ff7036d","682a28a5ff36d8d9ff1ac8d5","[PREMIUM]","[PREMIUM]","[PREMIUM]","[PREMIUM]","[PREMIUM]","[2]","238","F","Upper","['*','*']","mobile","tm","tmqr",,"[PREMIUM]","[PREMIUM]","[]","2026-04-16 00:00:00","Norfolk Admirals at Greensboro Gargoyles (Rescheduled from 12/27)","echl","2026-04-17 23:00:00","5758b8caf80c41206da73335"
"697927605fa9cbf67ff6f917","2026-01-28 19:04:19.414","2026-02-16 19:25:01.687","697927605fa9cbf67ff6f917","682a28a5ff36d8d9ff1ac8d5","[PREMIUM]","[PREMIUM]","[PREMIUM]","[PREMIUM]","[PREMIUM]","[1,2,3,4,5,6,7,8]","207","A","Upper","['*','*','*','*','*','*','*','*']","mobile","tm","tmqr",,"[PREMIUM]","[PREMIUM]","[]","2026-04-16 00:00:00","Norfolk Admirals at Greensboro Gargoyles (Rescheduled from 12/27)","echl","2026-04-17 23:00:00","5758b8caf80c41206da73335"
"6979272b5fa9cbf67feb12ae","2026-01-28 19:04:19.414","2026-02-16 19:25:01.687","6979272b5fa9cbf67feb12ae","682a28a5ff36d8d9ff1ac8d5","[PREMIUM]","[PREMIUM]","[PREMIUM]","[PREMIUM]","[PREMIUM]","[1,2,3,4,5,6,7,8]","235","A","Upper","['*','*','*','*','*','*','*','*']","mobile","tm","tmqr",,"[PREMIUM]","[PREMIUM]","[]","2026-04-16 00:00:00","Norfolk Admirals at Greensboro Gargoyles (Rescheduled from 12/27)","echl","2026-04-17 23:00:00","5758b8caf80c41206da73335"
"697927345fa9cbf67fecd977","2026-01-28 19:04:19.414","2026-02-16 19:25:01.687","697927345fa9cbf67fecd977","682a28a5ff36d8d9ff1ac8d5","[PREMIUM]","[PREMIUM]","[PREMIUM]","[PREMIUM]","[PREMIUM]","[1,2]","230","E","Upper","['*','*']","mobile","tm","tmqr",,"[PREMIUM]","[PREMIUM]","[]","2026-04-16 00:00:00","Norfolk Admirals at Greensboro Gargoyles (Rescheduled from 12/27)","echl","2026-04-17 23:00:00","5758b8caf80c41206da73335"
"697927695fa9cbf67ff932c0","2026-01-28 19:04:19.414","2026-02-16 19:25:01.687","697927695fa9cbf67ff932c0","682a28a5ff36d8d9ff1ac8d5","[PREMIUM]","[PREMIUM]","[PREMIUM]","[PREMIUM]","[PREMIUM]","[1,2]","202","E","Upper","['*','*']","mobile","tm","tmqr",,"[PREMIUM]","[PREMIUM]","[]","2026-04-16 00:00:00","Norfolk Admirals at Greensboro Gargoyles (Rescheduled from 12/27)","echl","2026-04-17 23:00:00","5758b8caf80c41206da73335"
"697927875fa9cbf67f010f8e","2026-01-28 19:04:19.414","2026-02-16 19:25:01.687","697927875fa9cbf67f010f8e","682a28a5ff36d8d9ff1ac8d5","[PREMIUM]","[PREMIUM]","[PREMIUM]","[PREMIUM]","[PREMIUM]","[1,2,3]","121","B","Lower","['*','*','*']","mobile","tm","tmqr",,"[PREMIUM]","[PREMIUM]","[]","2026-04-16 00:00:00","Norfolk Admirals at Greensboro Gargoyles (Rescheduled from 12/27)","echl","2026-04-17 23:00:00","5758b8caf80c41206da73335"
"697927a65fa9cbf67f091f45","2026-01-28 19:04:19.414","2026-02-16 19:25:01.687","697927a65fa9cbf67f091f45","682a28a5ff36d8d9ff1ac8d5","[PREMIUM]","[PREMIUM]","[PREMIUM]","[PREMIUM]","[PREMIUM]","[1,2,3,4,5,6,7,8]","223","A","Upper","['*','*','*','*','*','*','*','*']","mobile","tm","tmqr",,"[PREMIUM]","[PREMIUM]","[]","2026-04-16 00:00:00","Norfolk Admirals at Greensboro Gargoyles (Rescheduled from 12/27)","echl","2026-04-17 23:00:00","5758b8caf80c41206da73335"
"697927875fa9cbf67f0110b1","2026-01-28 19:04:19.414","2026-02-16 19:25:01.687","697927875fa9cbf67f0110b1","682a28a5ff36d8d9ff1ac8d5","[PREMIUM]","[PREMIUM]","[PREMIUM]","[PREMIUM]","[PREMIUM]","[1,2,3,4,5,6]","105","DD","Lower","['*','*','*','*','*','*']","mobile","tm","tmqr",,"[PREMIUM]","[PREMIUM]","[]","2026-04-16 00:00:00","Norfolk Admirals at Greensboro Gargoyles (Rescheduled from 12/27)","echl","2026-04-17 23:00:00","5758b8caf80c41206da73335"
"697926fd5fa9cbf67fdfc301","2026-01-28 19:04:19.414","2026-02-16 19:25:01.687","697926fd5fa9cbf67fdfc301","682a28a5ff36d8d9ff1ac8d5","[PREMIUM]","[PREMIUM]","[PREMIUM]","[PREMIUM]","[PREMIUM]","[1,2]","210","E","Upper","['*','*']","mobile","tm","tmqr",,"[PREMIUM]","[PREMIUM]","[]","2026-04-16 00:00:00","Norfolk Admirals at Greensboro Gargoyles (Rescheduled from 12/27)","echl","2026-04-17 23:00:00","5758b8caf80c41206da73335"
"6979270e5fa9cbf67fe394ae","2026-01-28 19:04:19.414","2026-02-16 19:25:01.687","6979270e5fa9cbf67fe394ae","682a28a5ff36d8d9ff1ac8d5","[PREMIUM]","[PREMIUM]","[PREMIUM]","[PREMIUM]","[PREMIUM]","[1,2,3,4,5,6,7,8]","209","A","Upper","['*','*','*','*','*','*','*','*']","mobile","tm","tmqr","great","[PREMIUM]","[PREMIUM]","[]","2026-04-16 00:00:00","Norfolk Admirals at Greensboro Gargoyles (Rescheduled from 12/27)","echl","2026-04-17 23:00:00","5758b8caf80c41206da73335"
"6979275d5fa9cbf67ff6054c","2026-01-28 19:04:19.414","2026-02-16 19:25:01.687","6979275d5fa9cbf67ff6054c","682a28a5ff36d8d9ff1ac8d5","[PREMIUM]","[PREMIUM]","[PREMIUM]","[PREMIUM]","[PREMIUM]","[1,2]","104","DD","Lower","['*','*']","mobile","tm","tmqr",,"[PREMIUM]","[PREMIUM]","[]","2026-04-16 00:00:00","Norfolk Admirals at Greensboro Gargoyles (Rescheduled from 12/27)","echl","2026-04-17 23:00:00","5758b8caf80c41206da73335"
"697927345fa9cbf67fece105","2026-01-28 19:04:19.414","2026-02-16 19:25:01.687","697927345fa9cbf67fece105","682a28a5ff36d8d9ff1ac8d5","[PREMIUM]","[PREMIUM]","[PREMIUM]","[PREMIUM]","[PREMIUM]","[1,2,3,4,5,6]","110","CC","Lower","['*','*','*','*','*','*']","mobile","tm","tmqr",,"[PREMIUM]","[PREMIUM]","[]","2026-04-16 00:00:00","Norfolk Admirals at Greensboro Gargoyles (Rescheduled from 12/27)","echl","2026-04-17 23:00:00","5758b8caf80c41206da73335"
"697927275fa9cbf67fea00c5","2026-01-28 19:04:19.414","2026-02-16 19:25:01.687","697927275fa9cbf67fea00c5","682a28a5ff36d8d9ff1ac8d5","[PREMIUM]","[PREMIUM]","[PREMIUM]","[PREMIUM]","[PREMIUM]","[1,2,3]","117","MM","Lower","['*','*','*']","mobile","tm","tmqr",,"[PREMIUM]","[PREMIUM]","[]","2026-04-16 00:00:00","Norfolk Admirals at Greensboro Gargoyles (Rescheduled from 12/27)","echl","2026-04-17 23:00:00","5758b8caf80c41206da73335"
"697926f95fa9cbf67fdec6e3","2026-01-28 19:04:19.414","2026-02-16 19:25:01.687","697926f95fa9cbf67fdec6e3","682a28a5ff36d8d9ff1ac8d5","[PREMIUM]","[PREMIUM]","[PREMIUM]","[PREMIUM]","[PREMIUM]","[1,2]","228","E","Upper","['*','*']","mobile","tm","tmqr",,"[PREMIUM]","[PREMIUM]","[]","2026-04-16 00:00:00","Norfolk Admirals at Greensboro Gargoyles (Rescheduled from 12/27)","echl","2026-04-17 23:00:00","5758b8caf80c41206da73335"
"697927615fa9cbf67ff6ffcc","2026-01-28 19:04:19.414","2026-02-16 19:25:01.687","697927615fa9cbf67ff6ffcc","682a28a5ff36d8d9ff1ac8d5","[PREMIUM]","[PREMIUM]","[PREMIUM]","[PREMIUM]","[PREMIUM]","[1,2,3,4,5,6]","122","BB","Lower","['*','*','*','*','*','*']","mobile","tm","tmqr","great","[PREMIUM]","[PREMIUM]","[]","2026-04-16 00:00:00","Norfolk Admirals at Greensboro Gargoyles (Rescheduled from 12/27)","echl","2026-04-17 23:00:00","5758b8caf80c41206da73335"
"6979279d5fa9cbf67f06f1e8","2026-01-28 19:04:19.414","2026-02-11 01:20:04.723","6979279d5fa9cbf67f06f1e8","682a28a5ff36d8d9ff1ac8d5","[PREMIUM]","[PREMIUM]","[PREMIUM]","[PREMIUM]","[PREMIUM]","[1,2]","102","AA","Lower","['*','*']","mobile","tm","tmqr","amazing","[PREMIUM]","[PREMIUM]","[]","2026-04-16 00:00:00","Norfolk Admirals at Greensboro Gargoyles (Rescheduled from 12/27)","echl","2026-04-17 23:00:00","5758b8caf80c41206da73335"
"697926fd5fa9cbf67fdfc80f","2026-01-28 19:04:19.414","2026-02-16 19:25:01.687","697926fd5fa9cbf67fdfc80f","682a28a5ff36d8d9ff1ac8d5","[PREMIUM]","[PREMIUM]","[PREMIUM]","[PREMIUM]","[PREMIUM]","[1,2,3,4,5,6,7,8]","227","A","Upper","['*','*','*','*','*','*','*','*']","mobile","tm","tmqr",,"[PREMIUM]","[PREMIUM]","[]","2026-04-16 00:00:00","Norfolk Admirals at Greensboro Gargoyles (Rescheduled from 12/27)","echl","2026-04-17 23:00:00","5758b8caf80c41206da73335"
"697927875fa9cbf67f0100d6","2026-01-28 19:04:19.414","2026-02-13 08:47:45.677","697927875fa9cbf67f0100d6","682a28a5ff36d8d9ff1ac8d5","[PREMIUM]","[PREMIUM]","[PREMIUM]","[PREMIUM]","[PREMIUM]","[1,2,3,4,5,6]","124","BB","Lower","['*','*','*','*','*','*']","mobile","tm","tmqr","great","[PREMIUM]","[PREMIUM]","[]","2026-04-16 00:00:00","Norfolk Admirals at Greensboro Gargoyles (Rescheduled from 12/27)","echl","2026-04-17 23:00:00","5758b8caf80c41206da73335"
"6979277e5fa9cbf67ffe9b10","2026-01-28 19:04:19.414","2026-02-11 01:20:04.723","6979277e5fa9cbf67ffe9b10","682a28a5ff36d8d9ff1ac8d5","[PREMIUM]","[PREMIUM]","[PREMIUM]","[PREMIUM]","[PREMIUM]","[1,2,3,4,5,6]","118","BB","Lower","['*','*','*','*','*','*']","mobile","tm","tmqr","amazing","[PREMIUM]","[PREMIUM]","[]","2026-04-16 00:00:00","Norfolk Admirals at Greensboro Gargoyles (Rescheduled from 12/27)","echl","2026-04-17 23:00:00","5758b8caf80c41206da73335"
"697927a15fa9cbf67f07e77b","2026-01-28 19:04:19.414","2026-02-16 19:25:01.687","697927a15fa9cbf67f07e77b","682a28a5ff36d8d9ff1ac8d5","[PREMIUM]","[PREMIUM]","[PREMIUM]","[PREMIUM]","[PREMIUM]","[1,2,4]","232","F","Upper","['*','*','*','*']","mobile","tm","tmqr","great","[PREMIUM]","[PREMIUM]","[]","2026-04-16 00:00:00","Norfolk Admirals at Greensboro Gargoyles (Rescheduled from 12/27)","echl","2026-04-17 23:00:00","5758b8caf80c41206da73335"
"697927a15fa9cbf67f07e92e","2026-01-28 19:04:19.414","2026-02-16 19:25:01.687","697927a15fa9cbf67f07e92e","682a28a5ff36d8d9ff1ac8d5","[PREMIUM]","[PREMIUM]","[PREMIUM]","[PREMIUM]","[PREMIUM]","[1,2,3,4,5,6]","219","A","Upper","['*','*','*','*','*','*']","mobile","tm","tmqr",,"[PREMIUM]","[PREMIUM]","[]","2026-04-16 00:00:00","Norfolk Admirals at Greensboro Gargoyles (Rescheduled from 12/27)","echl","2026-04-17 23:00:00","5758b8caf80c41206da73335"
"697927a65fa9cbf67f092fe8","2026-01-28 19:04:19.414","2026-02-11 01:20:04.723","697927a65fa9cbf67f092fe8","682a28a5ff36d8d9ff1ac8d5","[PREMIUM]","[PREMIUM]","[PREMIUM]","[PREMIUM]","[PREMIUM]","[1,2]","116","AA","Lower","['*','*']","mobile","tm","tmqr",,"[PREMIUM]","[PREMIUM]","[]","2026-04-16 00:00:00","Norfolk Admirals at Greensboro Gargoyles (Rescheduled from 12/27)","echl","2026-04-17 23:00:00","5758b8caf80c41206da73335"
"697927165fa9cbf67fe59405","2026-01-28 19:04:19.414","2026-02-16 19:25:01.687","697927165fa9cbf67fe59405","682a28a5ff36d8d9ff1ac8d5","[PREMIUM]","[PREMIUM]","[PREMIUM]","[PREMIUM]","[PREMIUM]","[1,2]","220","E","Upper","['*','*']","mobile","tm","tmqr","great","[PREMIUM]","[PREMIUM]","[]","2026-04-16 00:00:00","Norfolk Admirals at Greensboro Gargoyles (Rescheduled from 12/27)","echl","2026-04-17 23:00:00","5758b8caf80c41206da73335"
"697927ae5fa9cbf67f0b4742","2026-01-28 19:04:19.414","2026-02-16 19:25:01.687","697927ae5fa9cbf67f0b4742","682a28a5ff36d8d9ff1ac8d5","[PREMIUM]","[PREMIUM]","[PREMIUM]","[PREMIUM]","[PREMIUM]","[1,2,3,4,5,6]","108","BB","Lower","['*','*','*','*','*','*']","mobile","tm","tmqr",,"[PREMIUM]","[PREMIUM]","[]","2026-04-16 00:00:00","Norfolk Admirals at Greensboro Gargoyles (Rescheduled from 12/27)","echl","2026-04-17 23:00:00","5758b8caf80c41206da73335"
"697927275fa9cbf67fea0928","2026-01-28 19:04:19.414","2026-02-16 19:25:01.687","697927275fa9cbf67fea0928","682a28a5ff36d8d9ff1ac8d5","[PREMIUM]","[PREMIUM]","[PREMIUM]","[PREMIUM]","[PREMIUM]","[1,2,3,4,5,6,7,8]","237","A","Upper","['*','*','*','*','*','*','*','*']","mobile","tm","tmqr","great","[PREMIUM]","[PREMIUM]","[]","2026-04-16 00:00:00","Norfolk Admirals at Greensboro Gargoyles (Rescheduled from 12/27)","echl","2026-04-17 23:00:00","5758b8caf80c41206da73335"
"697927235fa9cbf67fe8d6d6","2026-01-28 19:04:19.414","2026-02-16 19:25:01.687","697927235fa9cbf67fe8d6d6","682a28a5ff36d8d9ff1ac8d5","[PREMIUM]","[PREMIUM]","[PREMIUM]","[PREMIUM]","[PREMIUM]","[1,2]","212","E","Upper","['*','*']","mobile","tm","tmqr",,"[PREMIUM]","[PREMIUM]","[]","2026-04-16 00:00:00","Norfolk Admirals at Greensboro Gargoyles (Rescheduled from 12/27)","echl","2026-04-17 23:00:00","5758b8caf80c41206da73335"
"6979273b5fa9cbf67fee7a51","2026-01-28 19:04:19.414","2026-02-16 19:25:01.687","6979273b5fa9cbf67fee7a51","682a28a5ff36d8d9ff1ac8d5","[PREMIUM]","[PREMIUM]","[PREMIUM]","[PREMIUM]","[PREMIUM]","[1,2,3,4,5,6,7,8]","234","A","Upper","['*','*','*','*','*','*','*','*']","mobile","tm","tmqr",,"[PREMIUM]","[PREMIUM]","[]","2026-04-16 00:00:00","Norfolk Admirals at Greensboro Gargoyles (Rescheduled from 12/27)","echl","2026-04-17 23:00:00","5758b8caf80c41206da73335"
"697927445fa9cbf67ff040ba","2026-01-28 19:04:19.414","2026-02-16 19:25:01.687","697927445fa9cbf67ff040ba","682a28a5ff36d8d9ff1ac8d5","[PREMIUM]","[PREMIUM]","[PREMIUM]","[PREMIUM]","[PREMIUM]","[1,2,3,4,5,6,7,8]","231","F","Upper","['*','*','*','*','*','*','*','*']","mobile","tm","tmqr","great","[PREMIUM]","[PREMIUM]","[]","2026-04-16 00:00:00","Norfolk Admirals at Greensboro Gargoyles (Rescheduled from 12/27)","echl","2026-04-17 23:00:00","5758b8caf80c41206da73335"
"697927505fa9cbf67ff2ef43","2026-01-28 19:04:19.414","2026-02-16 19:25:01.687","697927505fa9cbf67ff2ef43","682a28a5ff36d8d9ff1ac8d5","[PREMIUM]","[PREMIUM]","[PREMIUM]","[PREMIUM]","[PREMIUM]","[1,2,3,4,5,6]","127","DD","Lower","['*','*','*','*','*','*']","mobile","tm","tmqr",,"[PREMIUM]","[PREMIUM]","[]","2026-04-16 00:00:00","Norfolk Admirals at Greensboro Gargoyles (Rescheduled from 12/27)","echl","2026-04-17 23:00:00","5758b8caf80c41206da73335"
"6979276e5fa9cbf67ffa468f","2026-01-28 19:04:19.414","2026-02-16 19:25:01.687","6979276e5fa9cbf67ffa468f","682a28a5ff36d8d9ff1ac8d5","[PREMIUM]","[PREMIUM]","[PREMIUM]","[PREMIUM]","[PREMIUM]","[1,2,3,4,5,6]","125","EE","Lower","['*','*','*','*','*','*']","mobile","tm","tmqr",,"[PREMIUM]","[PREMIUM]","[]","2026-04-16 00:00:00","Norfolk Admirals at Greensboro Gargoyles (Rescheduled from 12/27)","echl","2026-04-17 23:00:00","5758b8caf80c41206da73335"
"697927995fa9cbf67f05cf63","2026-01-28 19:04:19.414","2026-02-16 19:25:01.687","697927995fa9cbf67f05cf63","682a28a5ff36d8d9ff1ac8d5","[PREMIUM]","[PREMIUM]","[PREMIUM]","[PREMIUM]","[PREMIUM]","[1,2]","208","E","Upper","['*','*']","mobile","tm","tmqr",,"[PREMIUM]","[PREMIUM]","[]","2026-04-16 00:00:00","Norfolk Admirals at Greensboro Gargoyles (Rescheduled from 12/27)","echl","2026-04-17 23:00:00","5758b8caf80c41206da73335"
"6979279d5fa9cbf67f06e16f","2026-01-28 19:04:19.414","2026-01-28 19:04:19.414","6979279d5fa9cbf67f06e16f","682a28a5ff36d8d9ff1ac8d5","[PREMIUM]","[PREMIUM]","[PREMIUM]","[PREMIUM]","[PREMIUM]","[1,2]","115","NN","Lower","['*','*']","mobile","tm","tmqr",,"[PREMIUM]","[PREMIUM]","[]","2026-04-16 00:00:00","Norfolk Admirals at Greensboro Gargoyles (Rescheduled from 12/27)","echl","2026-04-17 23:00:00","5758b8caf80c41206da73335"
"697927db5fa9cbf67f16fce1","2026-01-28 19:04:19.414","2026-02-16 19:25:01.687","697927db5fa9cbf67f16fce1","682a28a5ff36d8d9ff1ac8d5","[PREMIUM]","[PREMIUM]","[PREMIUM]","[PREMIUM]","[PREMIUM]","[1,2,3,4,5,6,7,8]","229","E","Upper","['*','*','*','*','*','*','*','*']","mobile","tm","tmqr",,"[PREMIUM]","[PREMIUM]","[]","2026-04-16 00:00:00","Norfolk Admirals at Greensboro Gargoyles (Rescheduled from 12/27)","echl","2026-04-17 23:00:00","5758b8caf80c41206da73335"
"697927c65fa9cbf67f118673","2026-01-28 19:04:19.414","2026-02-16 19:25:01.687","697927c65fa9cbf67f118673","682a28a5ff36d8d9ff1ac8d5","[PREMIUM]","[PREMIUM]","[PREMIUM]","[PREMIUM]","[PREMIUM]","[1,2,3,4,5,6,7,8]","211","E","Upper","['*','*','*','*','*','*','*','*']","mobile","tm","tmqr","great","[PREMIUM]","[PREMIUM]","[]","2026-04-16 00:00:00","Norfolk Admirals at Greensboro Gargoyles (Rescheduled from 12/27)","echl","2026-04-17 23:00:00","5758b8caf80c41206da73335"
"697927ba5fa9cbf67f0e8482","2026-01-28 19:04:19.414","2026-02-02 14:19:24.460","697927ba5fa9cbf67f0e8482","682a28a5ff36d8d9ff1ac8d5","[PREMIUM]","[PREMIUM]","[PREMIUM]","[PREMIUM]","[PREMIUM]","[1,2,3,4]","214","A","Upper","['*','*','*','*']","mobile","tm","tmqr","great","[PREMIUM]","[PREMIUM]","[]","2026-04-16 00:00:00","Norfolk Admirals at Greensboro Gargoyles (Rescheduled from 12/27)","echl","2026-04-17 23:00:00","5758b8caf80c41206da73335"
"697927bd5fa9cbf67f0f71ce","2026-01-28 19:04:19.414","2026-02-16 19:25:01.687","697927bd5fa9cbf67f0f71ce","682a28a5ff36d8d9ff1ac8d5","[PREMIUM]","[PREMIUM]","[PREMIUM]","[PREMIUM]","[PREMIUM]","[1,2,3,4]","217","A","Upper","['*','*','*','*']","mobile","tm","tmqr","great","[PREMIUM]","[PREMIUM]","[]","2026-04-16 00:00:00","Norfolk Admirals at Greensboro Gargoyles (Rescheduled from 12/27)","echl","2026-04-17 23:00:00","5758b8caf80c41206da73335"
"697927c65fa9cbf67f118eb3","2026-01-28 19:04:19.414","2026-02-16 19:25:01.687","697927c65fa9cbf67f118eb3","682a28a5ff36d8d9ff1ac8d5","[PREMIUM]","[PREMIUM]","[PREMIUM]","[PREMIUM]","[PREMIUM]","[2]","218","F","Upper","['*','*']","mobile","tm","tmqr",,"[PREMIUM]","[PREMIUM]","[]","2026-04-16 00:00:00","Norfolk Admirals at Greensboro Gargoyles (Rescheduled from 12/27)","echl","2026-04-17 23:00:00","5758b8caf80c41206da73335"
"697927be5fa9cbf67f0f8463","2026-01-28 19:04:19.414","2026-02-16 19:25:01.687","697927be5fa9cbf67f0f8463","682a28a5ff36d8d9ff1ac8d5","[PREMIUM]","[PREMIUM]","[PREMIUM]","[PREMIUM]","[PREMIUM]","[1,2,3,4,5,6,7,8]","203","A","Upper","['*','*','*','*','*','*','*','*']","mobile","tm","tmqr","great","[PREMIUM]","[PREMIUM]","[]","2026-04-16 00:00:00","Norfolk Admirals at Greensboro Gargoyles (Rescheduled from 12/27)","echl","2026-04-17 23:00:00","5758b8caf80c41206da73335"
"697927b95fa9cbf67f0e6186","2026-01-28 19:04:19.414","2026-02-16 19:25:01.687","697927b95fa9cbf67f0e6186","682a28a5ff36d8d9ff1ac8d5","[PREMIUM]","[PREMIUM]","[PREMIUM]","[PREMIUM]","[PREMIUM]","[1,2,3,4,5,6,7,8]","123","B","Lower","['*','*','*','*','*','*','*','*']","mobile","tm","tmqr",,"[PREMIUM]","[PREMIUM]","[]","2026-04-16 00:00:00","Norfolk Admirals at Greensboro Gargoyles (Rescheduled from 12/27)","echl","2026-04-17 23:00:00","5758b8caf80c41206da73335"
"697927ce5fa9cbf67f13c165","2026-01-28 19:04:19.414","2026-02-16 19:25:01.687","697927ce5fa9cbf67f13c165","682a28a5ff36d8d9ff1ac8d5","[PREMIUM]","[PREMIUM]","[PREMIUM]","[PREMIUM]","[PREMIUM]","[1,2,3,4,5,6,7,8]","213","E","Upper","['*','*','*','*','*','*','*','*']","mobile","tm","tmqr",,"[PREMIUM]","[PREMIUM]","[]","2026-04-16 00:00:00","Norfolk Admirals at Greensboro Gargoyles (Rescheduled from 12/27)","echl","2026-04-17 23:00:00","5758b8caf80c41206da73335"
"697927ec5fa9cbf67f1b6a12","2026-01-28 19:04:19.414","2026-02-16 19:25:01.687","697927ec5fa9cbf67f1b6a12","682a28a5ff36d8d9ff1ac8d5","[PREMIUM]","[PREMIUM]","[PREMIUM]","[PREMIUM]","[PREMIUM]","[1,2,3,4]","103","EE","Lower","['*','*','*','*']","mobile","tm","tmqr",,"[PREMIUM]","[PREMIUM]","[]","2026-04-16 00:00:00","Norfolk Admirals at Greensboro Gargoyles (Rescheduled from 12/27)","echl","2026-04-17 23:00:00","5758b8caf80c41206da73335"
"697927f05fa9cbf67f1c5f24","2026-01-28 19:04:19.414","2026-02-16 19:25:01.687","697927f05fa9cbf67f1c5f24","682a28a5ff36d8d9ff1ac8d5","[PREMIUM]","[PREMIUM]","[PREMIUM]","[PREMIUM]","[PREMIUM]","[1,2,3,4,5,6]","107","HH","Lower","['*','*','*','*','*','*']","mobile","tm","tmqr","amazing","[PREMIUM]","[PREMIUM]","[]","2026-04-16 00:00:00","Norfolk Admirals at Greensboro Gargoyles (Rescheduled from 12/27)","echl","2026-04-17 23:00:00","5758b8caf80c41206da73335"
"697927db5fa9cbf67f170f28","2026-01-28 19:04:19.414","2026-02-16 19:25:01.687","697927db5fa9cbf67f170f28","682a28a5ff36d8d9ff1ac8d5","[PREMIUM]","[PREMIUM]","[PREMIUM]","[PREMIUM]","[PREMIUM]","[1,2,3,4,5,6,7,8]","205","A","Upper","['*','*','*','*','*','*','*','*']","mobile","tm","tmqr","great","[PREMIUM]","[PREMIUM]","[]","2026-04-16 00:00:00","Norfolk Admirals at Greensboro Gargoyles (Rescheduled from 12/27)","echl","2026-04-17 23:00:00","5758b8caf80c41206da73335"
"697927bd5fa9cbf67f0f7a0a","2026-01-28 19:04:19.414","2026-02-16 19:25:01.687","697927bd5fa9cbf67f0f7a0a","682a28a5ff36d8d9ff1ac8d5","[PREMIUM]","[PREMIUM]","[PREMIUM]","[PREMIUM]","[PREMIUM]","[1,2,3,4]","112","AA","Lower","['*','*','*','*']","mobile","tm","tmqr",,"[PREMIUM]","[PREMIUM]","[]","2026-04-16 00:00:00","Norfolk Admirals at Greensboro Gargoyles (Rescheduled from 12/27)","echl","2026-04-17 23:00:00","5758b8caf80c41206da73335"
"697927e35fa9cbf67f193b5b","2026-01-28 19:04:19.414","2026-02-16 19:25:01.687","697927e35fa9cbf67f193b5b","682a28a5ff36d8d9ff1ac8d5","[PREMIUM]","[PREMIUM]","[PREMIUM]","[PREMIUM]","[PREMIUM]","[1,2,3,4,5,6,7,8]","233","E","Upper","['*','*','*','*','*','*','*','*']","mobile","tm","tmqr",,"[PREMIUM]","[PREMIUM]","[]","2026-04-16 00:00:00","Norfolk Admirals at Greensboro Gargoyles (Rescheduled from 12/27)","echl","2026-04-17 23:00:00","5758b8caf80c41206da73335"
"697986ed5fa9cbf67faa8af2","2026-01-28 19:04:19.414","2026-02-13 08:47:45.677","697986ed5fa9cbf67faa8af2","682a28a5ff36d8d9ff1ac8d5","[PREMIUM]","[PREMIUM]","[PREMIUM]","[PREMIUM]","[PREMIUM]","[1,2,3,4,5,6,7,8]","236","G","Upper","['*','*','*','*','*','*','*','*']","mobile","tm","tmqr",,"[PREMIUM]","[PREMIUM]","[]","2026-04-16 00:00:00","Norfolk Admirals at Greensboro Gargoyles (Rescheduled from 12/27)","echl","2026-04-17 23:00:00","5758b8caf80c41206da73335"
"697986f65fa9cbf67facc28e","2026-01-28 19:04:19.414","2026-02-13 08:47:45.677","697986f65fa9cbf67facc28e","682a28a5ff36d8d9ff1ac8d5","[PREMIUM]","[PREMIUM]","[PREMIUM]","[PREMIUM]","[PREMIUM]","[1,2,3,4,5,6,7,8]","103","QQ","Lower","['*','*','*','*','*','*','*','*']","mobile","tm","tmqr",,"[PREMIUM]","[PREMIUM]","[]","2026-04-16 00:00:00","Norfolk Admirals at Greensboro Gargoyles (Rescheduled from 12/27)","echl","2026-04-17 23:00:00","5758b8caf80c41206da73335"
"697986f95fa9cbf67fad63fa","2026-01-28 19:04:19.414","2026-02-13 08:47:45.677","697986f95fa9cbf67fad63fa","682a28a5ff36d8d9ff1ac8d5","[PREMIUM]","[PREMIUM]","[PREMIUM]","[PREMIUM]","[PREMIUM]","[1,2,3,4,5,6,7,8,9]","126","B","Lower","['*','*','*','*','*','*','*','*','*']","mobile","tm","tmqr",,"[PREMIUM]","[PREMIUM]","[]","2026-04-16 00:00:00","Norfolk Admirals at Greensboro Gargoyles (Rescheduled from 12/27)","echl","2026-04-17 23:00:00","5758b8caf80c41206da73335"
"697987005fa9cbf67faef128","2026-01-28 19:04:19.414","2026-02-12 04:39:25.309","697987005fa9cbf67faef128","682a28a5ff36d8d9ff1ac8d5","[PREMIUM]","[PREMIUM]","[PREMIUM]","[PREMIUM]","[PREMIUM]","[1,2,3,4,5,6,7,8]","131","PP","Lower","['*','*','*','*','*','*','*','*']","mobile","tm","tmqr",,"[PREMIUM]","[PREMIUM]","[]","2026-04-16 00:00:00","Norfolk Admirals at Greensboro Gargoyles (Rescheduled from 12/27)","echl","2026-04-17 23:00:00","5758b8caf80c41206da73335"
"697986f65fa9cbf67facc30f","2026-01-28 19:04:19.414","2026-02-13 08:47:45.677","697986f65fa9cbf67facc30f","682a28a5ff36d8d9ff1ac8d5","[PREMIUM]","[PREMIUM]","[PREMIUM]","[PREMIUM]","[PREMIUM]","[1,2,3,4,5,6]","105","QQ","Lower","['*','*','*','*','*','*']","mobile","tm","tmqr",,"[PREMIUM]","[PREMIUM]","[]","2026-04-16 00:00:00","Norfolk Admirals at Greensboro Gargoyles (Rescheduled from 12/27)","echl","2026-04-17 23:00:00","5758b8caf80c41206da73335"
"697986f65fa9cbf67facc301","2026-01-28 19:04:19.414","2026-02-13 08:47:45.677","697986f65fa9cbf67facc301","682a28a5ff36d8d9ff1ac8d5","[PREMIUM]","[PREMIUM]","[PREMIUM]","[PREMIUM]","[PREMIUM]","[1,2,3,4,5,6,7,8,9]","226","G","Upper","['*','*','*','*','*','*','*','*','*']","mobile","tm","tmqr",,"[PREMIUM]","[PREMIUM]","[]","2026-04-16 00:00:00","Norfolk Admirals at Greensboro Gargoyles (Rescheduled from 12/27)","echl","2026-04-17 23:00:00","5758b8caf80c41206da73335"
"697986f05fa9cbf67fab3482","2026-01-28 19:04:19.414","2026-02-13 08:47:45.677","697986f05fa9cbf67fab3482","682a28a5ff36d8d9ff1ac8d5","[PREMIUM]","[PREMIUM]","[PREMIUM]","[PREMIUM]","[PREMIUM]","[1,2,3,4,5,6,7,8]","106","B","Lower","['*','*','*','*','*','*','*','*']","mobile","tm","tmqr",,"[PREMIUM]","[PREMIUM]","[]","2026-04-16 00:00:00","Norfolk Admirals at Greensboro Gargoyles (Rescheduled from 12/27)","echl","2026-04-17 23:00:00","5758b8caf80c41206da73335"
"697986f05fa9cbf67fab3494","2026-01-28 19:04:19.414","2026-02-13 08:47:45.677","697986f05fa9cbf67fab3494","682a28a5ff36d8d9ff1ac8d5","[PREMIUM]","[PREMIUM]","[PREMIUM]","[PREMIUM]","[PREMIUM]","[1,2,3,4,5,6,7,8]","216","G","Upper","['*','*','*','*','*','*','*','*']","mobile","tm","tmqr",,"[PREMIUM]","[PREMIUM]","[]","2026-04-16 00:00:00","Norfolk Admirals at Greensboro Gargoyles (Rescheduled from 12/27)","echl","2026-04-17 23:00:00","5758b8caf80c41206da73335"
"697986f65fa9cbf67facc2cc","2026-01-28 19:04:19.414","2026-02-13 08:47:45.677","697986f65fa9cbf67facc2cc","682a28a5ff36d8d9ff1ac8d5","[PREMIUM]","[PREMIUM]","[PREMIUM]","[PREMIUM]","[PREMIUM]","[1,2,3,4,5,6,7]","128","A","Lower","['*','*','*','*','*','*','*']","mobile","tm","tmqr",,"[PREMIUM]","[PREMIUM]","[]","2026-04-16 00:00:00","Norfolk Admirals at Greensboro Gargoyles (Rescheduled from 12/27)","echl","2026-04-17 23:00:00","5758b8caf80c41206da73335"
"697986f05fa9cbf67fab34a0","2026-01-28 19:04:19.414","2026-02-13 08:47:45.677","697986f05fa9cbf67fab34a0","682a28a5ff36d8d9ff1ac8d5","[PREMIUM]","[PREMIUM]","[PREMIUM]","[PREMIUM]","[PREMIUM]","[1,2,3,4,5,6,7,8,9]","129","NN","Lower","['*','*','*','*','*','*','*','*','*']","mobile","tm","tmqr",,"[PREMIUM]","[PREMIUM]","[]","2026-04-16 00:00:00","Norfolk Admirals at Greensboro Gargoyles (Rescheduled from 12/27)","echl","2026-04-17 23:00:00","5758b8caf80c41206da73335"
"697986e15fa9cbf67fa7785b","2026-01-28 19:04:19.414","2026-02-13 08:47:45.677","697986e15fa9cbf67fa7785b","682a28a5ff36d8d9ff1ac8d5","[PREMIUM]","[PREMIUM]","[PREMIUM]","[PREMIUM]","[PREMIUM]","[1,2,3,4,5,6,7]","125","NN","Lower","['*','*','*','*','*','*','*']","mobile","tm","tmqr",,"[PREMIUM]","[PREMIUM]","[]","2026-04-16 00:00:00","Norfolk Admirals at Greensboro Gargoyles (Rescheduled from 12/27)","echl","2026-04-17 23:00:00","5758b8caf80c41206da73335"
"697987005fa9cbf67faef101","2026-01-28 19:04:19.414","2026-02-13 08:47:45.677","697987005fa9cbf67faef101","682a28a5ff36d8d9ff1ac8d5","[PREMIUM]","[PREMIUM]","[PREMIUM]","[PREMIUM]","[PREMIUM]","[1,2,3,4,5,6,7,8,9]","127","A","Lower","['*','*','*','*','*','*','*','*','*']","mobile","tm","tmqr",,"[PREMIUM]","[PREMIUM]","[]","2026-04-16 00:00:00","Norfolk Admirals at Greensboro Gargoyles (Rescheduled from 12/27)","echl","2026-04-17 23:00:00","5758b8caf80c41206da73335"
"692fbded4c87f865d0417235","2026-01-28 19:04:19.273","2026-03-03 16:20:02.820","692fbded4c87f865d0417235","682cce17ccb2fbc50958f809","[PREMIUM]","[PREMIUM]","[PREMIUM]","[PREMIUM]","[PREMIUM]","[2,4]","114R","FF","Lower Riser","['3','4','5','6']","mobile","tm","tmqr",,"[PREMIUM]","[PREMIUM]","[]",,"Orlando Solar Bears at South Carolina Stingrays (Postponed - Date TBD)","echl","2026-04-18 22:05:00","61130896fa646800010d8248"
"692fbded4c87f865d0417255","2026-01-28 19:04:19.273","2026-03-03 16:20:02.820","692fbded4c87f865d0417255","682cce17ccb2fbc50958f809","[PREMIUM]","[PREMIUM]","[PREMIUM]","[PREMIUM]","[PREMIUM]","[2]","116","D","Lower","['5','6']","mobile","tm","tmqr",,"[PREMIUM]","[PREMIUM]","[]",,"Orlando Solar Bears at South Carolina Stingrays (Postponed - Date TBD)","echl","2026-04-18 22:05:00","61130896fa646800010d8248"
"692fbded4c87f865d0417337","2026-01-28 19:04:19.273","2026-03-03 16:20:02.820","692fbded4c87f865d0417337","682cce17ccb2fbc50958f809","[PREMIUM]","[PREMIUM]","[PREMIUM]","[PREMIUM]","[PREMIUM]","[1,2,3,5]","208","G","Upper","['1','2','3','4','5']","mobile","tm","tmqr",,"[PREMIUM]","[PREMIUM]","[]",,"Orlando Solar Bears at South Carolina Stingrays (Postponed - Date TBD)","echl","2026-04-18 22:05:00","61130896fa646800010d8248"
"692fbded4c87f865d0417378","2026-01-28 19:04:19.273","2026-03-03 16:20:02.820","692fbded4c87f865d0417378","682cce17ccb2fbc50958f809","[PREMIUM]","[PREMIUM]","[PREMIUM]","[PREMIUM]","[PREMIUM]","[1,2,3,4,5,6,7,9]","118","E","Lower","['1','2','3','4','5','6','7','8','9']","mobile","tm","tmqr","great","[PREMIUM]","[PREMIUM]","[]",,"Orlando Solar Bears at South Carolina Stingrays (Postponed - Date TBD)","echl","2026-04-18 22:05:00","61130896fa646800010d8248"
"697926f15fa9cbf67fdce821","2026-01-28 19:04:19.273","2026-01-31 02:22:32.458","697926f15fa9cbf67fdce821","682cce17ccb2fbc50958f809","[PREMIUM]","[PREMIUM]","[PREMIUM]","[PREMIUM]","[PREMIUM]","[1,2,3,4]","130R","GG","Lower Riser","['*','*','*','*']","mobile","tm","tmqr","amazing","[PREMIUM]","[PREMIUM]","[]","2026-04-17 00:00:00","Orlando Solar Bears at South Carolina Stingrays (Postponed - Date TBD)","echl","2026-04-18 22:05:00","61130896fa646800010d8248"
"697926d15fa9cbf67fd50789","2026-01-28 19:04:19.273","2026-02-01 11:00:25.257","697926d15fa9cbf67fd50789","682cce17ccb2fbc50958f809","[PREMIUM]","[PREMIUM]","[PREMIUM]","[PREMIUM]","[PREMIUM]","[1,2]","129","E","Lower","['*','*']","mobile","tm","tmqr",,"[PREMIUM]","[PREMIUM]","[]","2026-04-17 00:00:00","Orlando Solar Bears at South Carolina Stingrays (Postponed - Date TBD)","echl","2026-04-18 22:05:00","61130896fa646800010d8248"
"697926e85fa9cbf67fdae107","2026-01-28 19:04:19.273","2026-02-16 19:25:01.607","697926e85fa9cbf67fdae107","682cce17ccb2fbc50958f809","[PREMIUM]","[PREMIUM]","[PREMIUM]","[PREMIUM]","[PREMIUM]","[1,2,3]","214","F","Upper","['*','*','*']","mobile","tm","tmqr","great","[PREMIUM]","[PREMIUM]","[]","2026-04-17 00:00:00","Orlando Solar Bears at South Carolina Stingrays (Postponed - Date TBD)","echl","2026-04-18 22:05:00","61130896fa646800010d8248"
"697926f05fa9cbf67fdcd286","2026-01-28 19:04:19.273","2026-02-16 19:25:01.607","697926f05fa9cbf67fdcd286","682cce17ccb2fbc50958f809","[PREMIUM]","[PREMIUM]","[PREMIUM]","[PREMIUM]","[PREMIUM]","[1,2,3,4,5,6]","238","D","Upper","['*','*','*','*','*','*']","mobile","tm","tmqr",,"[PREMIUM]","[PREMIUM]","[]","2026-04-17 00:00:00","Orlando Solar Bears at South Carolina Stingrays (Postponed - Date TBD)","echl","2026-04-18 22:05:00","61130896fa646800010d8248"
"697927995fa9cbf67f05d1aa","2026-01-28 19:04:19.273","2026-02-02 14:19:24.426","697927995fa9cbf67f05d1aa","682cce17ccb2fbc50958f809","[PREMIUM]","[PREMIUM]","[PREMIUM]","[PREMIUM]","[PREMIUM]","[1,2,3]","225","F","Upper","['*','*','*']","mobile","tm","tmqr",,"[PREMIUM]","[PREMIUM]","[]","2026-04-17 00:00:00","Orlando Solar Bears at South Carolina Stingrays (Postponed - Date TBD)","echl","2026-04-18 22:05:00","61130896fa646800010d8248"
"6979275d5fa9cbf67ff5ed89","2026-01-28 19:04:19.273","2026-02-15 15:41:56.359","6979275d5fa9cbf67ff5ed89","682cce17ccb2fbc50958f809","[PREMIUM]","[PREMIUM]","[PREMIUM]","[PREMIUM]","[PREMIUM]","[1,2,3,4]","210","N","Upper","['*','*','*','*']","mobile","tm","tmqr",,"[PREMIUM]","[PREMIUM]","[]","2026-04-17 00:00:00","Orlando Solar Bears at South Carolina Stingrays (Postponed - Date TBD)","echl","2026-04-18 22:05:00","61130896fa646800010d8248"
"697927695fa9cbf67ff9266b","2026-01-28 19:04:19.273","2026-02-16 19:25:01.607","697927695fa9cbf67ff9266b","682cce17ccb2fbc50958f809","[PREMIUM]","[PREMIUM]","[PREMIUM]","[PREMIUM]","[PREMIUM]","[1,2]","227","F","Upper","['*','*']","mobile","tm","tmqr",,"[PREMIUM]","[PREMIUM]","[]","2026-04-17 00:00:00","Orlando Solar Bears at South Carolina Stingrays (Postponed - Date TBD)","echl","2026-04-18 22:05:00","61130896fa646800010d8248"
"697927275fa9cbf67fe9fddf","2026-01-28 19:04:19.273","2026-02-16 19:25:01.607","697927275fa9cbf67fe9fddf","682cce17ccb2fbc50958f809","[PREMIUM]","[PREMIUM]","[PREMIUM]","[PREMIUM]","[PREMIUM]","[1,2]","221","E","Upper","['*','*']","mobile","tm","tmqr",,"[PREMIUM]","[PREMIUM]","[]","2026-04-17 00:00:00","Orlando Solar Bears at South Carolina Stingrays (Postponed - Date TBD)","echl","2026-04-18 22:05:00","61130896fa646800010d8248"
"6979271a5fa9cbf67fe6acda","2026-01-28 19:04:19.273","2026-02-16 19:25:01.607","6979271a5fa9cbf67fe6acda","682cce17ccb2fbc50958f809","[PREMIUM]","[PREMIUM]","[PREMIUM]","[PREMIUM]","[PREMIUM]","[1,2]","132R","GG","Lower Riser","['*','*']","mobile","tm","tmqr","great","[PREMIUM]","[PREMIUM]","[]","2026-04-17 00:00:00","Orlando Solar Bears at South Carolina Stingrays (Postponed - Date TBD)","echl","2026-04-18 22:05:00","61130896fa646800010d8248"
"6979275d5fa9cbf67ff603cc","2026-01-28 19:04:19.273","2026-01-29 22:40:14.180","6979275d5fa9cbf67ff603cc","682cce17ccb2fbc50958f809","[PREMIUM]","[PREMIUM]","[PREMIUM]","[PREMIUM]","[PREMIUM]","[1,2,3,4,5,6]","232","F","Upper","['*','*','*','*','*','*']","mobile","tm","tmqr","great","[PREMIUM]","[PREMIUM]","[]","2026-04-17 00:00:00","Orlando Solar Bears at South Carolina Stingrays (Postponed - Date TBD)","echl","2026-04-18 22:05:00","61130896fa646800010d8248"
"697927445fa9cbf67ff03fcc","2026-01-28 19:04:19.273","2026-02-16 19:25:01.607","697927445fa9cbf67ff03fcc","682cce17ccb2fbc50958f809","[PREMIUM]","[PREMIUM]","[PREMIUM]","[PREMIUM]","[PREMIUM]","[1,2]","108R","GG","Lower Riser","['*','*']","mobile","tm","tmqr",,"[PREMIUM]","[PREMIUM]","[]","2026-04-17 00:00:00","Orlando Solar Bears at South Carolina Stingrays (Postponed - Date TBD)","echl","2026-04-18 22:05:00","61130896fa646800010d8248"
"697927385fa9cbf67fedb54a","2026-01-28 19:04:19.273","2026-02-16 19:25:01.607","697927385fa9cbf67fedb54a","682cce17ccb2fbc50958f809","[PREMIUM]","[PREMIUM]","[PREMIUM]","[PREMIUM]","[PREMIUM]","[1,2,3,4]","234","G","Upper","['*','*','*','*']","mobile","tm","tmqr",,"[PREMIUM]","[PREMIUM]","[]","2026-04-17 00:00:00","Orlando Solar Bears at South Carolina Stingrays (Postponed - Date TBD)","echl","2026-04-18 22:05:00","61130896fa646800010d8248"
"697927725fa9cbf67ffb58f5","2026-01-28 19:04:19.273","2026-02-16 19:25:01.607","697927725fa9cbf67ffb58f5","682cce17ccb2fbc50958f809","[PREMIUM]","[PREMIUM]","[PREMIUM]","[PREMIUM]","[PREMIUM]","[1,2,3,4,5,6]","228","K","Upper","['*','*','*','*','*','*']","mobile","tm","tmqr",,"[PREMIUM]","[PREMIUM]","[]","2026-04-17 00:00:00","Orlando Solar Bears at South Carolina Stingrays (Postponed - Date TBD)","echl","2026-04-18 22:05:00","61130896fa646800010d8248"
"697927345fa9cbf67fece54d","2026-01-28 19:04:19.273","2026-02-08 17:12:29.613","697927345fa9cbf67fece54d","682cce17ccb2fbc50958f809","[PREMIUM]","[PREMIUM]","[PREMIUM]","[PREMIUM]","[PREMIUM]","[1,2,3,4,5,6]","202","D","Upper","['*','*','*','*','*','*']","mobile","tm","tmqr",,"[PREMIUM]","[PREMIUM]","[]","2026-04-17 00:00:00","Orlando Solar Bears at South Carolina Stingrays (Postponed - Date TBD)","echl","2026-04-18 22:05:00","61130896fa646800010d8248"
"697927505fa9cbf67ff2ef6a","2026-01-28 19:04:19.273","2026-02-15 15:41:56.359","697927505fa9cbf67ff2ef6a","682cce17ccb2fbc50958f809","[PREMIUM]","[PREMIUM]","[PREMIUM]","[PREMIUM]","[PREMIUM]","[1,2,3,4]","138","J","Lower","['*','*','*','*']","mobile","tm","tmqr",,"[PREMIUM]","[PREMIUM]","[]","2026-04-17 00:00:00","Orlando Solar Bears at South Carolina Stingrays (Postponed - Date TBD)","echl","2026-04-18 22:05:00","61130896fa646800010d8248"
"6979277a5fa9cbf67ffd981f","2026-01-28 19:04:19.273","2026-02-02 14:19:24.426","6979277a5fa9cbf67ffd981f","682cce17ccb2fbc50958f809","[PREMIUM]","[PREMIUM]","[PREMIUM]","[PREMIUM]","[PREMIUM]","[1,2,3,4]","206","F","Upper","['*','*','*','*']","mobile","tm","tmqr","great","[PREMIUM]","[PREMIUM]","[]","2026-04-17 00:00:00","Orlando Solar Bears at South Carolina Stingrays (Postponed - Date TBD)","echl","2026-04-18 22:05:00","61130896fa646800010d8248"
"6979270e5fa9cbf67fe391dc","2026-01-28 19:04:19.273","2026-02-16 19:25:01.607","6979270e5fa9cbf67fe391dc","682cce17ccb2fbc50958f809","[PREMIUM]","[PREMIUM]","[PREMIUM]","[PREMIUM]","[PREMIUM]","[1,2]","236","D","Upper","['*','*']","mobile","tm","tmqr","great","[PREMIUM]","[PREMIUM]","[]","2026-04-17 00:00:00","Orlando Solar Bears at South Carolina Stingrays (Postponed - Date TBD)","echl","2026-04-18 22:05:00","61130896fa646800010d8248"
"697927505fa9cbf67ff2f295","2026-01-28 19:04:19.273","2026-02-16 19:25:01.607","697927505fa9cbf67ff2f295","682cce17ccb2fbc50958f809","[PREMIUM]","[PREMIUM]","[PREMIUM]","[PREMIUM]","[PREMIUM]","[1,2,3,4]","217","F","Upper","['*','*','*','*']","mobile","tm","tmqr",,"[PREMIUM]","[PREMIUM]","[]","2026-04-17 00:00:00","Orlando Solar Bears at South Carolina Stingrays (Postponed - Date TBD)","echl","2026-04-18 22:05:00","61130896fa646800010d8248"
"697927515fa9cbf67ff2fdfb","2026-01-28 19:04:19.273","2026-02-16 19:25:01.607","697927515fa9cbf67ff2fdfb","682cce17ccb2fbc50958f809","[PREMIUM]","[PREMIUM]","[PREMIUM]","[PREMIUM]","[PREMIUM]","[1,2]","224","B","Upper","['*','*']","mobile","tm","tmqr",,"[PREMIUM]","[PREMIUM]","[]","2026-04-17 00:00:00","Orlando Solar Bears at South Carolina Stingrays (Postponed - Date TBD)","echl","2026-04-18 22:05:00","61130896fa646800010d8248"
"6979273b5fa9cbf67fee7e09","2026-01-28 19:04:19.273","2026-02-16 19:25:01.607","6979273b5fa9cbf67fee7e09","682cce17ccb2fbc50958f809","[PREMIUM]","[PREMIUM]","[PREMIUM]","[PREMIUM]","[PREMIUM]","[1,2]","104","K","Lower","['*','*']","mobile","tm","tmqr",,"[PREMIUM]","[PREMIUM]","[]","2026-04-17 00:00:00","Orlando Solar Bears at South Carolina Stingrays (Postponed - Date TBD)","echl","2026-04-18 22:05:00","61130896fa646800010d8248"
"697927385fa9cbf67fedb4bb","2026-01-28 19:04:19.273","2026-02-16 19:25:01.607","697927385fa9cbf67fedb4bb","682cce17ccb2fbc50958f809","[PREMIUM]","[PREMIUM]","[PREMIUM]","[PREMIUM]","[PREMIUM]","[1,2,3,4,5,6]","211","M","Upper","['*','*','*','*','*','*']","mobile","tm","tmqr",,"[PREMIUM]","[PREMIUM]","[]","2026-04-17 00:00:00","Orlando Solar Bears at South Carolina Stingrays (Postponed - Date TBD)","echl","2026-04-18 22:05:00","61130896fa646800010d8248"
"697927a65fa9cbf67f0920ac","2026-01-28 19:04:19.273","2026-02-16 19:25:01.607","697927a65fa9cbf67f0920ac","682cce17ccb2fbc50958f809","[PREMIUM]","[PREMIUM]","[PREMIUM]","[PREMIUM]","[PREMIUM]","[1,2,3,4,5,6]","204","C","Upper","['*','*','*','*','*','*']","mobile","tm","tmqr",,"[PREMIUM]","[PREMIUM]","[]","2026-04-17 00:00:00","Orlando Solar Bears at South Carolina Stingrays (Postponed - Date TBD)","echl","2026-04-18 22:05:00","61130896fa646800010d8248"
"697927e25fa9cbf67f18e182","2026-01-28 19:04:19.273","2026-01-29 22:40:14.180","697927e25fa9cbf67f18e182","682cce17ccb2fbc50958f809","[PREMIUM]","[PREMIUM]","[PREMIUM]","[PREMIUM]","[PREMIUM]","[1,2,3,4]","229","F","Upper","['*','*','*','*']","mobile","tm","tmqr","great","[PREMIUM]","[PREMIUM]","[]","2026-04-17 00:00:00","Orlando Solar Bears at South Carolina Stingrays (Postponed - Date TBD)","echl","2026-04-18 22:05:00","61130896fa646800010d8248"
"697927be5fa9cbf67f0f8b3d","2026-01-28 19:04:19.273","2026-02-16 19:25:01.607","697927be5fa9cbf67f0f8b3d","682cce17ccb2fbc50958f809","[PREMIUM]","[PREMIUM]","[PREMIUM]","[PREMIUM]","[PREMIUM]","[1,2,3,4]","218","D","Upper","['*','*','*','*']","mobile","tm","tmqr","great","[PREMIUM]","[PREMIUM]","[]","2026-04-17 00:00:00","Orlando Solar Bears at South Carolina Stingrays (Postponed - Date TBD)","echl","2026-04-18 22:05:00","61130896fa646800010d8248"
"697927f85fa9cbf67f1e8e5f","2026-01-28 19:04:19.273","2026-02-16 19:25:01.607","697927f85fa9cbf67f1e8e5f","682cce17ccb2fbc50958f809","[PREMIUM]","[PREMIUM]","[PREMIUM]","[PREMIUM]","[PREMIUM]","[1,2,3,4,5,6]","237","F","Upper","['*','*','*','*','*','*']","mobile","tm","tmqr",,"[PREMIUM]","[PREMIUM]","[]","2026-04-17 00:00:00","Orlando Solar Bears at South Carolina Stingrays (Postponed - Date TBD)","echl","2026-04-18 22:05:00","61130896fa646800010d8248"
"697928055fa9cbf67f21abcf","2026-01-28 19:04:19.273","2026-02-16 19:25:01.607","697928055fa9cbf67f21abcf","682cce17ccb2fbc50958f809","[PREMIUM]","[PREMIUM]","[PREMIUM]","[PREMIUM]","[PREMIUM]","[1,2,3,4]","223","F","Upper","['*','*','*','*']","mobile","tm","tmqr",,"[PREMIUM]","[PREMIUM]","[]","2026-04-17 00:00:00","Orlando Solar Bears at South Carolina Stingrays (Postponed - Date TBD)","echl","2026-04-18 22:05:00","61130896fa646800010d8248"
"697927c25fa9cbf67f106d12","2026-01-28 19:04:19.273","2026-02-16 19:25:01.607","697927c25fa9cbf67f106d12","682cce17ccb2fbc50958f809","[PREMIUM]","[PREMIUM]","[PREMIUM]","[PREMIUM]","[PREMIUM]","[1,2,4]","212","G","Upper","['*','*','*','*']","mobile","tm","tmqr","great","[PREMIUM]","[PREMIUM]","[]","2026-04-17 00:00:00","Orlando Solar Bears at South Carolina Stingrays (Postponed - Date TBD)","echl","2026-04-18 22:05:00","61130896fa646800010d8248"
"697927de5fa9cbf67f17b823","2026-01-28 19:04:19.273","2026-02-16 19:25:01.607","697927de5fa9cbf67f17b823","682cce17ccb2fbc50958f809","[PREMIUM]","[PREMIUM]","[PREMIUM]","[PREMIUM]","[PREMIUM]","[1,2,3,4,5,6]","209","N","Upper","['*','*','*','*','*','*']","mobile","tm","tmqr",,"[PREMIUM]","[PREMIUM]","[]","2026-04-17 00:00:00","Orlando Solar Bears at South Carolina Stingrays (Postponed - Date TBD)","echl","2026-04-18 22:05:00","61130896fa646800010d8248"
"697927ce5fa9cbf67f13948f","2026-01-28 19:04:19.273","2026-02-16 19:25:01.607","697927ce5fa9cbf67f13948f","682cce17ccb2fbc50958f809","[PREMIUM]","[PREMIUM]","[PREMIUM]","[PREMIUM]","[PREMIUM]","[1,2,3,4,5,6]","215","G","Upper","['*','*','*','*','*','*']","mobile","tm","tmqr",,"[PREMIUM]","[PREMIUM]","[]","2026-04-17 00:00:00","Orlando Solar Bears at South Carolina Stingrays (Postponed - Date TBD)","echl","2026-04-18 22:05:00","61130896fa646800010d8248"
"697927ce5fa9cbf67f139194","2026-01-28 19:04:19.273","2026-02-16 19:25:01.607","697927ce5fa9cbf67f139194","682cce17ccb2fbc50958f809","[PREMIUM]","[PREMIUM]","[PREMIUM]","[PREMIUM]","[PREMIUM]","[1,2,3,4,5,6]","235","H","Upper","['*','*','*','*','*','*']","mobile","tm","tmqr",,"[PREMIUM]","[PREMIUM]","[]","2026-04-17 00:00:00","Orlando Solar Bears at South Carolina Stingrays (Postponed - Date TBD)","echl","2026-04-18 22:05:00","61130896fa646800010d8248"
"697927be5fa9cbf67f0f8ac9","2026-01-28 19:04:19.273","2026-02-16 19:25:01.607","697927be5fa9cbf67f0f8ac9","682cce17ccb2fbc50958f809","[PREMIUM]","[PREMIUM]","[PREMIUM]","[PREMIUM]","[PREMIUM]","[1,2,3]","222","D","Upper","['*','*','*']","mobile","tm","tmqr",,"[PREMIUM]","[PREMIUM]","[]","2026-04-17 00:00:00","Orlando Solar Bears at South Carolina Stingrays (Postponed - Date TBD)","echl","2026-04-18 22:05:00","61130896fa646800010d8248"
"697927e35fa9cbf67f193c8e","2026-01-28 19:04:19.273","2026-02-16 19:25:01.607","697927e35fa9cbf67f193c8e","682cce17ccb2fbc50958f809","[PREMIUM]","[PREMIUM]","[PREMIUM]","[PREMIUM]","[PREMIUM]","[1,2,3,4]","226","D","Upper","['*','*','*','*']","mobile","tm","tmqr","great","[PREMIUM]","[PREMIUM]","[]","2026-04-17 00:00:00","Orlando Solar Bears at South Carolina Stingrays (Postponed - Date TBD)","echl","2026-04-18 22:05:00","61130896fa646800010d8248"
"697927db5fa9cbf67f17041f","2026-01-28 19:04:19.273","2026-02-02 14:19:24.426","697927db5fa9cbf67f17041f","682cce17ccb2fbc50958f809","[PREMIUM]","[PREMIUM]","[PREMIUM]","[PREMIUM]","[PREMIUM]","[1,2,3,4,5,6]","230","M","Upper","['*','*','*','*','*','*']","mobile","tm","tmqr","great","[PREMIUM]","[PREMIUM]","[]","2026-04-17 00:00:00","Orlando Solar Bears at South Carolina Stingrays (Postponed - Date TBD)","echl","2026-04-18 22:05:00","61130896fa646800010d8248"
"697927ca5fa9cbf67f129c08","2026-01-28 19:04:19.273","2026-02-07 14:02:42.538","697927ca5fa9cbf67f129c08","682cce17ccb2fbc50958f809","[PREMIUM]","[PREMIUM]","[PREMIUM]","[PREMIUM]","[PREMIUM]","[1,2,3,4,5,6]","113R","EE","Lower Riser","['*','*','*','*','*','*']","mobile","tm","tmqr","great","[PREMIUM]","[PREMIUM]","[]","2026-04-17 00:00:00","Orlando Solar Bears at South Carolina Stingrays (Postponed - Date TBD)","echl","2026-04-18 22:05:00","61130896fa646800010d8248"
"69793e265fa9cbf67f703624","2026-01-28 19:04:19.273","2026-02-16 19:25:01.607","69793e265fa9cbf67f703624","682cce17ccb2fbc50958f809","[PREMIUM]","[PREMIUM]","[PREMIUM]","[PREMIUM]","[PREMIUM]","[1,2,3,4]","213","F","Upper","['*','*','*','*']","mobile","tm","tmqr",,"[PREMIUM]","[PREMIUM]","[]","2026-04-17 00:00:00","Orlando Solar Bears at South Carolina Stingrays (Postponed - Date TBD)","echl","2026-04-18 22:05:00","61130896fa646800010d8248"
"697938d05fa9cbf67f2fa5a2","2026-01-28 19:04:19.273","2026-03-03 16:20:02.820","697938d05fa9cbf67f2fa5a2","682cce17ccb2fbc50958f809","[PREMIUM]","[PREMIUM]","[PREMIUM]","[PREMIUM]","[PREMIUM]","[1,2,3,4,5,6,7,8,10]","110R","EE","Lower Riser","['5','6','7','8','9','10','11','12','13','14']","mobile","tm","tmqr","amazing","[PREMIUM]","[PREMIUM]","[]",,"Orlando Solar Bears at South Carolina Stingrays (Postponed - Date TBD)","echl","2026-04-18 22:05:00","61130896fa646800010d8248"
"697938d05fa9cbf67f2fa5c6","2026-01-28 19:04:19.273","2026-03-03 16:20:02.820","697938d05fa9cbf67f2fa5c6","682cce17ccb2fbc50958f809","[PREMIUM]","[PREMIUM]","[PREMIUM]","[PREMIUM]","[PREMIUM]","[2,4]","114","C","Lower","['7','8','9','10']","mobile","tm","tmqr","super","[PREMIUM]","[PREMIUM]","[]",,"Orlando Solar Bears at South Carolina Stingrays (Postponed - Date TBD)","echl","2026-04-18 22:05:00","61130896fa646800010d8248"
"697938d05fa9cbf67f2fa63e","2026-01-28 19:04:19.273","2026-03-03 16:20:02.820","697938d05fa9cbf67f2fa63e","682cce17ccb2fbc50958f809","[PREMIUM]","[PREMIUM]","[PREMIUM]","[PREMIUM]","[PREMIUM]","[1,2,3,5]","136","B","Lower","['5','6','7','8','9']","mobile","tm","tmqr","great","[PREMIUM]","[PREMIUM]","[]",,"Orlando Solar Bears at South Carolina Stingrays (Postponed - Date TBD)","echl","2026-04-18 22:05:00","61130896fa646800010d8248"
"6977922ce7fbadfb8e94590f","2026-01-28 19:04:18.190","2026-03-03 16:20:01.296","6977922ce7fbadfb8e94590f","6828d3d05ca1970fabab1dca","[PREMIUM]","[PREMIUM]","[PREMIUM]","[PREMIUM]","[PREMIUM]","[1,2,3,4]","114","J","Lower","['*','*','*','*']","mobile","tm","tmqr",,"[PREMIUM]","[PREMIUM]","[]","2026-04-16 00:00:00","Iowa Heartlanders at Bloomington Bison (Rescheduled from 12/27/2025)","echl","2026-04-18 00:00:00","65fcb9c7787f5655b475bca6"
"6979272c5fa9cbf67feb20da","2026-01-28 19:04:18.190","2026-01-29 22:40:14.079","6979272c5fa9cbf67feb20da","6828d3d05ca1970fabab1dca","[PREMIUM]","[PREMIUM]","[PREMIUM]","[PREMIUM]","[PREMIUM]","[1,2]","112","C","Lower","['*','*']","mobile","tm","tmqr",,"[PREMIUM]","[PREMIUM]","[]","2026-04-16 00:00:00","Iowa Heartlanders at Bloomington Bison (Rescheduled from 12/27/2025)","echl","2026-04-18 00:00:00","65fcb9c7787f5655b475bca6"
"697927555fa9cbf67ff3f541","2026-01-28 19:04:18.190","2026-01-29 22:40:14.079","697927555fa9cbf67ff3f541","6828d3d05ca1970fabab1dca","[PREMIUM]","[PREMIUM]","[PREMIUM]","[PREMIUM]","[PREMIUM]","[1,2,3]","114","C","Lower","['*','*','*']","mobile","tm","tmqr",,"[PREMIUM]","[PREMIUM]","[]","2026-04-16 00:00:00","Iowa Heartlanders at Bloomington Bison (Rescheduled from 12/27/2025)","echl","2026-04-18 00:00:00","65fcb9c7787f5655b475bca6"
"697927655fa9cbf67ff81599","2026-01-28 19:04:18.190","2026-01-29 22:40:14.079","697927655fa9cbf67ff81599","6828d3d05ca1970fabab1dca","[PREMIUM]","[PREMIUM]","[PREMIUM]","[PREMIUM]","[PREMIUM]","[1,2,3]","110","B","Lower","['*','*','*']","mobile","tm","tmqr","great","[PREMIUM]","[PREMIUM]","[]","2026-04-16 00:00:00","Iowa Heartlanders at Bloomington Bison (Rescheduled from 12/27/2025)","echl","2026-04-18 00:00:00","65fcb9c7787f5655b475bca6"
"6979277e5fa9cbf67ffea6ba","2026-01-28 19:04:18.190","2026-01-29 22:40:14.079","6979277e5fa9cbf67ffea6ba","6828d3d05ca1970fabab1dca","[PREMIUM]","[PREMIUM]","[PREMIUM]","[PREMIUM]","[PREMIUM]","[1,2,3,4,5,6,7,8]","101","D","Lower","['*','*','*','*','*','*','*','*']","mobile","tm","tmqr","amazing","[PREMIUM]","[PREMIUM]","[]","2026-04-16 00:00:00","Iowa Heartlanders at Bloomington Bison (Rescheduled from 12/27/2025)","echl","2026-04-18 00:00:00","65fcb9c7787f5655b475bca6"
"6979271a5fa9cbf67fe69f05","2026-01-28 19:04:18.190","2026-01-29 22:40:14.079","6979271a5fa9cbf67fe69f05","6828d3d05ca1970fabab1dca","[PREMIUM]","[PREMIUM]","[PREMIUM]","[PREMIUM]","[PREMIUM]","[1,2,3,4,5,6,7,8]","107","F","Lower","['*','*','*','*','*','*','*','*']","mobile","tm","tmqr","great","[PREMIUM]","[PREMIUM]","[]","2026-04-16 00:00:00","Iowa Heartlanders at Bloomington Bison (Rescheduled from 12/27/2025)","echl","2026-04-18 00:00:00","65fcb9c7787f5655b475bca6"
"697927485fa9cbf67ff11f0d","2026-01-28 19:04:18.190","2026-01-29 22:40:14.079","697927485fa9cbf67ff11f0d","6828d3d05ca1970fabab1dca","[PREMIUM]","[PREMIUM]","[PREMIUM]","[PREMIUM]","[PREMIUM]","[1,2,3,4,5,6,7,8]","106","E","Lower","['*','*','*','*','*','*','*','*']","mobile","tm","tmqr","amazing","[PREMIUM]","[PREMIUM]","[]","2026-04-16 00:00:00","Iowa Heartlanders at Bloomington Bison (Rescheduled from 12/27/2025)","echl","2026-04-18 00:00:00","65fcb9c7787f5655b475bca6"
"697926fd5fa9cbf67fdfc477","2026-01-28 19:04:18.190","2026-01-29 22:40:14.079","697926fd5fa9cbf67fdfc477","6828d3d05ca1970fabab1dca","[PREMIUM]","[PREMIUM]","[PREMIUM]","[PREMIUM]","[PREMIUM]","[1,2,3,4]","104","K","Lower","['*','*','*','*']","mobile","tm","tmqr","great","[PREMIUM]","[PREMIUM]","[]","2026-04-16 00:00:00","Iowa Heartlanders at Bloomington Bison (Rescheduled from 12/27/2025)","echl","2026-04-18 00:00:00","65fcb9c7787f5655b475bca6"
"697927bd5fa9cbf67f0f76f8","2026-01-28 19:04:18.190","2026-01-29 22:40:14.079","697927bd5fa9cbf67f0f76f8","6828d3d05ca1970fabab1dca","[PREMIUM]","[PREMIUM]","[PREMIUM]","[PREMIUM]","[PREMIUM]","[1,2,3,5]","102","L","Lower","['*','*','*','*','*']","mobile","tm","tmqr","great","[PREMIUM]","[PREMIUM]","[]","2026-04-16 00:00:00","Iowa Heartlanders at Bloomington Bison (Rescheduled from 12/27/2025)","echl","2026-04-18 00:00:00","65fcb9c7787f5655b475bca6"
"697927ce5fa9cbf67f13bf32","2026-01-28 19:04:18.190","2026-01-29 22:40:14.079","697927ce5fa9cbf67f13bf32","6828d3d05ca1970fabab1dca","[PREMIUM]","[PREMIUM]","[PREMIUM]","[PREMIUM]","[PREMIUM]","[1,2,3,4,5,6]","103","S","Lower","['*','*','*','*','*','*']","mobile","tm","tmqr","great","[PREMIUM]","[PREMIUM]","[]","2026-04-16 00:00:00","Iowa Heartlanders at Bloomington Bison (Rescheduled from 12/27/2025)","echl","2026-04-18 00:00:00","65fcb9c7787f5655b475bca6"
"697927be5fa9cbf67f0f86ef","2026-01-28 19:04:18.190","2026-01-29 22:40:14.079","697927be5fa9cbf67f0f86ef","6828d3d05ca1970fabab1dca","[PREMIUM]","[PREMIUM]","[PREMIUM]","[PREMIUM]","[PREMIUM]","[1,2,3,4]","105","D","Lower","['*','*','*','*']","mobile","tm","tmqr","great","[PREMIUM]","[PREMIUM]","[]","2026-04-16 00:00:00","Iowa Heartlanders at Bloomington Bison (Rescheduled from 12/27/2025)","echl","2026-04-18 00:00:00","65fcb9c7787f5655b475bca6"
"697927c65fa9cbf67f119474","2026-01-28 19:04:18.190","2026-01-29 22:40:14.079","697927c65fa9cbf67f119474","6828d3d05ca1970fabab1dca","[PREMIUM]","[PREMIUM]","[PREMIUM]","[PREMIUM]","[PREMIUM]","[1,2,3]","109","C","Lower","['*','*','*']","mobile","tm","tmqr","amazing","[PREMIUM]","[PREMIUM]","[]","2026-04-16 00:00:00","Iowa Heartlanders at Bloomington Bison (Rescheduled from 12/27/2025)","echl","2026-04-18 00:00:00","65fcb9c7787f5655b475bca6"
"6978e671cc3ca5e29959acd1","2026-01-28 19:04:18.181","2026-02-02 14:19:24.292","6978e671cc3ca5e29959acd1","682a24e7b95b4f7117d6bf48","[PREMIUM]","[PREMIUM]","[PREMIUM]","[PREMIUM]","[PREMIUM]","[1,2,3,4,5,6,7,8]","117","11","Lower","['*','*','*','*','*','*','*','*']","mobile","tm","tmqr",,"[PREMIUM]","[PREMIUM]","[]","2026-04-17 00:00:00","Reading Royals at Florida Everblades (Rescheduled from 12/27/2025)","echl","2026-04-18 23:00:00","58c1db7bcde6626ebe323603"
"6978e672db62693680bf2170","2026-01-28 19:04:18.181","2026-01-28 19:04:18.181","6978e672db62693680bf2170","682a24e7b95b4f7117d6bf48","[PREMIUM]","[PREMIUM]","[PREMIUM]","[PREMIUM]","[PREMIUM]","[1,2,3,4,6]","113","12","Lower","['*','*','*','*','*','*']","mobile","tm","tmqr","great","[PREMIUM]","[PREMIUM]","[]","2026-04-17 00:00:00","Reading Royals at Florida Everblades (Rescheduled from 12/27/2025)","echl","2026-04-18 23:00:00","58c1db7bcde6626ebe323603"
"69798739a1595cf9b145375c","2026-01-28 19:04:18.181","2026-02-02 14:19:24.292","69798739a1595cf9b145375c","682a24e7b95b4f7117d6bf48","[PREMIUM]","[PREMIUM]","[PREMIUM]","[PREMIUM]","[PREMIUM]","[2]","112","7","Lower","['*','*']","mobile","tm","tmqr",,"[PREMIUM]","[PREMIUM]","[]","2026-04-17 00:00:00","Reading Royals at Florida Everblades (Rescheduled from 12/27/2025)","echl","2026-04-18 23:00:00","58c1db7bcde6626ebe323603"
"6979276e5fa9cbf67ffa5178","2026-01-28 19:04:18.176","2026-02-16 19:25:00.206","6979276e5fa9cbf67ffa5178","682a27178e16749807f237ff","[PREMIUM]","[PREMIUM]","[PREMIUM]","[PREMIUM]","[PREMIUM]","[1,2,3,4,5,6,7,8]","115","C","Lower","['*','*','*','*','*','*','*','*']","mobile","tm","tmqr","great","[PREMIUM]","[PREMIUM]","[]","2026-04-16 00:00:00","Jacksonville Icemen at Greenville Swamp Rabbits (Rescheduled from 12/27/2025)","echl","2026-04-17 23:05:00","58113ee4cde6626ebe0e99e9"
"697927385fa9cbf67fedb677","2026-01-28 19:04:18.176","2026-02-02 14:19:23.138","697927385fa9cbf67fedb677","682a27178e16749807f237ff","[PREMIUM]","[PREMIUM]","[PREMIUM]","[PREMIUM]","[PREMIUM]","[1,2,3,4,5,6,7,8]","101","F","Lower","['*','*','*','*','*','*','*','*']","mobile","tm","tmqr",,"[PREMIUM]","[PREMIUM]","[]","2026-04-16 00:00:00","Jacksonville Icemen at Greenville Swamp Rabbits (Rescheduled from 12/27/2025)","echl","2026-04-17 23:05:00","58113ee4cde6626ebe0e99e9"
"6979277e5fa9cbf67ffea2a3","2026-01-28 19:04:18.176","2026-02-09 21:02:24.507","6979277e5fa9cbf67ffea2a3","682a27178e16749807f237ff","[PREMIUM]","[PREMIUM]","[PREMIUM]","[PREMIUM]","[PREMIUM]","[1,2]","204","A","Upper","['*','*']","mobile","tm","tmqr","great","[PREMIUM]","[PREMIUM]","[]","2026-04-16 00:00:00","Jacksonville Icemen at Greenville Swamp Rabbits (Rescheduled from 12/27/2025)","echl","2026-04-17 23:05:00","58113ee4cde6626ebe0e99e9"
"697927275fa9cbf67fe9ff0c","2026-01-28 19:04:18.176","2026-02-16 19:25:00.206","697927275fa9cbf67fe9ff0c","682a27178e16749807f237ff","[PREMIUM]","[PREMIUM]","[PREMIUM]","[PREMIUM]","[PREMIUM]","[1,2,3,4,5,6,7,8]","104","F","Lower","['*','*','*','*','*','*','*','*']","mobile","tm","tmqr",,"[PREMIUM]","[PREMIUM]","[]","2026-04-16 00:00:00","Jacksonville Icemen at Greenville Swamp Rabbits (Rescheduled from 12/27/2025)","echl","2026-04-17 23:05:00","58113ee4cde6626ebe0e99e9"
"6979272c5fa9cbf67feb1b8e","2026-01-28 19:04:18.176","2026-02-09 21:02:24.507","6979272c5fa9cbf67feb1b8e","682a27178e16749807f237ff","[PREMIUM]","[PREMIUM]","[PREMIUM]","[PREMIUM]","[PREMIUM]","[1,2,3,4,5,6,7,8]","113","B","Lower","['*','*','*','*','*','*','*','*']","mobile","tm","tmqr","great","[PREMIUM]","[PREMIUM]","[]","2026-04-16 00:00:00","Jacksonville Icemen at Greenville Swamp Rabbits (Rescheduled from 12/27/2025)","echl","2026-04-17 23:05:00","58113ee4cde6626ebe0e99e9"
"6979280a5fa9cbf67f233cd7","2026-01-28 19:04:18.176","2026-02-16 19:25:00.206","6979280a5fa9cbf67f233cd7","682a27178e16749807f237ff","[PREMIUM]","[PREMIUM]","[PREMIUM]","[PREMIUM]","[PREMIUM]","[1,2,3,4]","111","CC","Lower","['*','*','*','*']","mobile","tm","tmqr","great","[PREMIUM]","[PREMIUM]","[]","2026-04-16 00:00:00","Jacksonville Icemen at Greenville Swamp Rabbits (Rescheduled from 12/27/2025)","echl","2026-04-17 23:05:00","58113ee4cde6626ebe0e99e9"
"697927c65fa9cbf67f118813","2026-01-28 19:04:18.176","2026-02-16 19:25:00.206","697927c65fa9cbf67f118813","682a27178e16749807f237ff","[PREMIUM]","[PREMIUM]","[PREMIUM]","[PREMIUM]","[PREMIUM]","[1,2,3]","110","CC","Lower","['*','*','*']","mobile","tm","tmqr",,"[PREMIUM]","[PREMIUM]","[]","2026-04-16 00:00:00","Jacksonville Icemen at Greenville Swamp Rabbits (Rescheduled from 12/27/2025)","echl","2026-04-17 23:05:00","58113ee4cde6626ebe0e99e9"
"697927b55fa9cbf67f0d6dd3","2026-01-28 19:04:18.176","2026-02-16 19:25:00.206","697927b55fa9cbf67f0d6dd3","682a27178e16749807f237ff","[PREMIUM]","[PREMIUM]","[PREMIUM]","[PREMIUM]","[PREMIUM]","[1,2,3,4,5,6,7,8]","114","C","Lower","['*','*','*','*','*','*','*','*']","mobile","tm","tmqr","great","[PREMIUM]","[PREMIUM]","[]","2026-04-16 00:00:00","Jacksonville Icemen at Greenville Swamp Rabbits (Rescheduled from 12/27/2025)","echl","2026-04-17 23:05:00","58113ee4cde6626ebe0e99e9"
"697999d0226aacd6cb45ddc0","2026-01-28 19:04:18.176","2026-02-02 14:19:23.138","697999d0226aacd6cb45ddc0","682a27178e16749807f237ff","[PREMIUM]","[PREMIUM]","[PREMIUM]","[PREMIUM]","[PREMIUM]","[1,2,3,4]","101","M","Lower","['*','*','*','*']","mobile","tm","tmqr",,"[PREMIUM]","[PREMIUM]","[]","2026-04-16 00:00:00","Jacksonville Icemen at Greenville Swamp Rabbits (Rescheduled from 12/27/2025)","echl","2026-04-17 23:05:00","58113ee4cde6626ebe0e99e9"
"697999d0661db8826291b0be","2026-01-28 19:04:18.176","2026-02-02 14:19:23.138","697999d0661db8826291b0be","682a27178e16749807f237ff","[PREMIUM]","[PREMIUM]","[PREMIUM]","[PREMIUM]","[PREMIUM]","[1,2,3,4,5,6,7,8]","107","L","Lower","['*','*','*','*','*','*','*','*']","mobile","tm","tmqr",,"[PREMIUM]","[PREMIUM]","[]","2026-04-16 00:00:00","Jacksonville Icemen at Greenville Swamp Rabbits (Rescheduled from 12/27/2025)","echl","2026-04-17 23:05:00","58113ee4cde6626ebe0e99e9"
"697999d00fa0bf08445d2f0d","2026-01-28 19:04:18.176","2026-02-02 14:19:23.138","697999d00fa0bf08445d2f0d","682a27178e16749807f237ff","[PREMIUM]","[PREMIUM]","[PREMIUM]","[PREMIUM]","[PREMIUM]","[1,2,3,4,5,6,7,8]","105","N","Lower","['*','*','*','*','*','*','*','*']","mobile","tm","tmqr",,"[PREMIUM]","[PREMIUM]","[]","2026-04-16 00:00:00","Jacksonville Icemen at Greenville Swamp Rabbits (Rescheduled from 12/27/2025)","echl","2026-04-17 23:05:00","58113ee4cde6626ebe0e99e9"
"697999cf722ffd0d5728b032","2026-01-28 19:04:18.176","2026-02-09 21:02:24.507","697999cf722ffd0d5728b032","682a27178e16749807f237ff","[PREMIUM]","[PREMIUM]","[PREMIUM]","[PREMIUM]","[PREMIUM]","[1,2,3,4,5,6,7,8]","100","F","Lower","['*','*','*','*','*','*','*','*']","mobile","tm","tmqr",,"[PREMIUM]","[PREMIUM]","[]","2026-04-16 00:00:00","Jacksonville Icemen at Greenville Swamp Rabbits (Rescheduled from 12/27/2025)","echl","2026-04-17 23:05:00","58113ee4cde6626ebe0e99e9"
"697999cf043833f502ade16e","2026-01-28 19:04:18.176","2026-02-08 17:12:28.027","697999cf043833f502ade16e","682a27178e16749807f237ff","[PREMIUM]","[PREMIUM]","[PREMIUM]","[PREMIUM]","[PREMIUM]","[1,2,3,4]","120","K","Lower","['*','*','*','*']","mobile","tm","tmqr",,"[PREMIUM]","[PREMIUM]","[]","2026-04-16 00:00:00","Jacksonville Icemen at Greenville Swamp Rabbits (Rescheduled from 12/27/2025)","echl","2026-04-17 23:05:00","58113ee4cde6626ebe0e99e9"
"697906b1cc3ca5e29959b591","2026-01-28 19:04:16.987","2026-01-31 02:22:28.831","697906b1cc3ca5e29959b591","6828d54398a22b06fcd22d34","[PREMIUM]","[PREMIUM]","[PREMIUM]","[PREMIUM]","[PREMIUM]","[2]","121","G","Lower","['*','*']","mobile","tm","tmqr","great","[PREMIUM]","[PREMIUM]","[]","2026-04-17 00:00:00","Kalamazoo Wings at Cincinnati Cyclones (Rescheduled from 12/27/2025)","echl","2026-04-18 20:00:00","57aba98ff80c4115bab50ab1"
"697906b660b5f17899b71105","2026-01-28 19:04:16.987","2026-01-28 19:04:16.987","697906b660b5f17899b71105","6828d54398a22b06fcd22d34","[PREMIUM]","[PREMIUM]","[PREMIUM]","[PREMIUM]","[PREMIUM]","[2]","117","F","Lower","['*','*']","mobile","tm","tmqr",,"[PREMIUM]","[PREMIUM]","[]","2026-04-17 00:00:00","Kalamazoo Wings at Cincinnati Cyclones (Rescheduled from 12/27/2025)","echl","2026-04-18 20:00:00","57aba98ff80c4115bab50ab1"
"697906b1ef31c7d9f1a5c214","2026-01-28 19:04:16.987","2026-01-28 19:04:16.987","697906b1ef31c7d9f1a5c214","6828d54398a22b06fcd22d34","[PREMIUM]","[PREMIUM]","[PREMIUM]","[PREMIUM]","[PREMIUM]","[2,4]","125","E","Lower","['*','*','*','*']","mobile","tm","tmqr",,"[PREMIUM]","[PREMIUM]","[]","2026-04-17 00:00:00","Kalamazoo Wings at Cincinnati Cyclones (Rescheduled from 12/27/2025)","echl","2026-04-18 20:00:00","57aba98ff80c4115bab50ab1"
"697906b23a0d995b15a3a3e4","2026-01-28 19:04:16.987","2026-01-31 02:22:28.831","697906b23a0d995b15a3a3e4","6828d54398a22b06fcd22d34","[PREMIUM]","[PREMIUM]","[PREMIUM]","[PREMIUM]","[PREMIUM]","[1,2,3,4,5,6,7,8]","234","D","Upper","['*','*','*','*','*','*','*','*']","mobile","tm","tmqr","great","[PREMIUM]","[PREMIUM]","[]","2026-04-17 00:00:00","Kalamazoo Wings at Cincinnati Cyclones (Rescheduled from 12/27/2025)","echl","2026-04-18 20:00:00","57aba98ff80c4115bab50ab1"
"697906b7fe4faa47051e76a0","2026-01-28 19:04:16.987","2026-01-31 02:22:28.831","697906b7fe4faa47051e76a0","6828d54398a22b06fcd22d34","[PREMIUM]","[PREMIUM]","[PREMIUM]","[PREMIUM]","[PREMIUM]","[1,2]","120","T","Lower","['*','*']","mobile","tm","tmqr",,"[PREMIUM]","[PREMIUM]","[]","2026-04-17 00:00:00","Kalamazoo Wings at Cincinnati Cyclones (Rescheduled from 12/27/2025)","echl","2026-04-18 20:00:00","57aba98ff80c4115bab50ab1"
"697906b7f721dd3b8cd84708","2026-01-28 19:04:16.987","2026-01-28 19:04:16.987","697906b7f721dd3b8cd84708","6828d54398a22b06fcd22d34","[PREMIUM]","[PREMIUM]","[PREMIUM]","[PREMIUM]","[PREMIUM]","[1,2,3,4,5,6,7,8]","123","R","Lower","['*','*','*','*','*','*','*','*']","mobile","tm","tmqr",,"[PREMIUM]","[PREMIUM]","[]","2026-04-17 00:00:00","Kalamazoo Wings at Cincinnati Cyclones (Rescheduled from 12/27/2025)","echl","2026-04-18 20:00:00","57aba98ff80c4115bab50ab1"
"697906b57a2bad682b9c1707","2026-01-28 19:04:16.987","2026-01-28 19:04:16.987","697906b57a2bad682b9c1707","6828d54398a22b06fcd22d34","[PREMIUM]","[PREMIUM]","[PREMIUM]","[PREMIUM]","[PREMIUM]","[1,2,3,4,5,6,7,8]","230","C","Upper","['*','*','*','*','*','*','*','*']","mobile","tm","tmqr","amazing","[PREMIUM]","[PREMIUM]","[]","2026-04-17 00:00:00","Kalamazoo Wings at Cincinnati Cyclones (Rescheduled from 12/27/2025)","echl","2026-04-18 20:00:00","57aba98ff80c4115bab50ab1"
"697906b5cc3ca5e29959b592","2026-01-28 19:04:16.987","2026-01-28 19:04:16.987","697906b5cc3ca5e29959b592","6828d54398a22b06fcd22d34","[PREMIUM]","[PREMIUM]","[PREMIUM]","[PREMIUM]","[PREMIUM]","[1,2,3,4,5,6]","138","M","Lower","['*','*','*','*','*','*']","mobile","tm","tmqr","super","[PREMIUM]","[PREMIUM]","[]","2026-04-17 00:00:00","Kalamazoo Wings at Cincinnati Cyclones (Rescheduled from 12/27/2025)","echl","2026-04-18 20:00:00","57aba98ff80c4115bab50ab1"
"697906b701692c22d07be9ab","2026-01-28 19:04:16.987","2026-01-28 19:04:16.987","697906b701692c22d07be9ab","6828d54398a22b06fcd22d34","[PREMIUM]","[PREMIUM]","[PREMIUM]","[PREMIUM]","[PREMIUM]","[1,2,3,4,5,6]","119","P","Lower","['*','*','*','*','*','*']","mobile","tm","tmqr",,"[PREMIUM]","[PREMIUM]","[]","2026-04-17 00:00:00","Kalamazoo Wings at Cincinnati Cyclones (Rescheduled from 12/27/2025)","echl","2026-04-18 20:00:00","57aba98ff80c4115bab50ab1"
"697906b5ea93835fa933fa42","2026-01-28 19:04:16.987","2026-01-28 19:04:16.987","697906b5ea93835fa933fa42","6828d54398a22b06fcd22d34","[PREMIUM]","[PREMIUM]","[PREMIUM]","[PREMIUM]","[PREMIUM]","[2,4]","139","F","Lower","['*','*','*','*']","mobile","tm","tmqr","great","[PREMIUM]","[PREMIUM]","[]","2026-04-17 00:00:00","Kalamazoo Wings at Cincinnati Cyclones (Rescheduled from 12/27/2025)","echl","2026-04-18 20:00:00","57aba98ff80c4115bab50ab1"
"697906b6fcbffb33b50e67ea","2026-01-28 19:04:16.987","2026-01-28 19:04:16.987","697906b6fcbffb33b50e67ea","6828d54398a22b06fcd22d34","[PREMIUM]","[PREMIUM]","[PREMIUM]","[PREMIUM]","[PREMIUM]","[1,2,3,4,5,6,7,8]","104","Q","Lower","['*','*','*','*','*','*','*','*']","mobile","tm","tmqr","great","[PREMIUM]","[PREMIUM]","[]","2026-04-17 00:00:00","Kalamazoo Wings at Cincinnati Cyclones (Rescheduled from 12/27/2025)","echl","2026-04-18 20:00:00","57aba98ff80c4115bab50ab1"
"697906b680a4999157918fd4","2026-01-28 19:04:16.987","2026-01-28 19:04:16.987","697906b680a4999157918fd4","6828d54398a22b06fcd22d34","[PREMIUM]","[PREMIUM]","[PREMIUM]","[PREMIUM]","[PREMIUM]","[2,4]","140","G","Lower","['*','*','*','*']","mobile","tm","tmqr","great","[PREMIUM]","[PREMIUM]","[]","2026-04-17 00:00:00","Kalamazoo Wings at Cincinnati Cyclones (Rescheduled from 12/27/2025)","echl","2026-04-18 20:00:00","57aba98ff80c4115bab50ab1"
"697906b5fcbffb33b50e67e9","2026-01-28 19:04:16.987","2026-01-28 19:04:16.987","697906b5fcbffb33b50e67e9","6828d54398a22b06fcd22d34","[PREMIUM]","[PREMIUM]","[PREMIUM]","[PREMIUM]","[PREMIUM]","[2,4]","118","K","Lower","['*','*','*','*']","mobile","tm","tmqr","amazing","[PREMIUM]","[PREMIUM]","[]","2026-04-17 00:00:00","Kalamazoo Wings at Cincinnati Cyclones (Rescheduled from 12/27/2025)","echl","2026-04-18 20:00:00","57aba98ff80c4115bab50ab1"
"697906b1ea043b2282df9c8b","2026-01-28 19:04:16.987","2026-01-28 19:04:16.987","697906b1ea043b2282df9c8b","6828d54398a22b06fcd22d34","[PREMIUM]","[PREMIUM]","[PREMIUM]","[PREMIUM]","[PREMIUM]","[1,2,3,4,5,6]","137","N","Lower","['*','*','*','*','*','*']","mobile","tm","tmqr","great","[PREMIUM]","[PREMIUM]","[]","2026-04-17 00:00:00","Kalamazoo Wings at Cincinnati Cyclones (Rescheduled from 12/27/2025)","echl","2026-04-18 20:00:00","57aba98ff80c4115bab50ab1"
"697906b680a4999157918fd3","2026-01-28 19:04:16.987","2026-01-28 19:04:16.987","697906b680a4999157918fd3","6828d54398a22b06fcd22d34","[PREMIUM]","[PREMIUM]","[PREMIUM]","[PREMIUM]","[PREMIUM]","[1,2,3,4,5,6]","101","O","Lower","['*','*','*','*','*','*']","mobile","tm","tmqr","amazing","[PREMIUM]","[PREMIUM]","[]","2026-04-17 00:00:00","Kalamazoo Wings at Cincinnati Cyclones (Rescheduled from 12/27/2025)","echl","2026-04-18 20:00:00","57aba98ff80c4115bab50ab1"
"697911aca9ae13706c97ce50","2026-01-28 19:04:15.907","2026-01-29 22:40:10.899","697911aca9ae13706c97ce50","682a23c4b23e447c108f150e","[PREMIUM]","[PREMIUM]","[PREMIUM]","[PREMIUM]","[PREMIUM]","[1,2,3,4]","202","22","Budweiser Super Suite","['*','*','*','*']","mobile","tm","tmqr",,"[PREMIUM]","[PREMIUM]","[]","2026-04-15 00:00:00","Toledo Walleye at Fort Wayne Komets (Rescheduled from 12/27/2025)","echl","2026-04-17 00:35:00","63c9d24e0d5fff000179f4ef"
"69790e6f1bcd765c0830580e","2026-01-28 19:04:15.907","2026-01-29 22:40:10.899","69790e6f1bcd765c0830580e","682a23c4b23e447c108f150e","[PREMIUM]","[PREMIUM]","[PREMIUM]","[PREMIUM]","[PREMIUM]","[1,2,3,4]","226","22","Lower","['*','*','*','*']","mobile","tm","tmqr",,"[PREMIUM]","[PREMIUM]","[]","2026-04-15 00:00:00","Toledo Walleye at Fort Wayne Komets (Rescheduled from 12/27/2025)","echl","2026-04-17 00:35:00","63c9d24e0d5fff000179f4ef"
"6979121763cb472817853353","2026-01-28 19:04:15.907","2026-01-29 22:40:10.899","6979121763cb472817853353","682a23c4b23e447c108f150e","[PREMIUM]","[PREMIUM]","[PREMIUM]","[PREMIUM]","[PREMIUM]","[1,2,3,4]","229","22","Lower","['*','*','*','*']","mobile","tm","tmqr",,"[PREMIUM]","[PREMIUM]","[]","2026-04-15 00:00:00","Toledo Walleye at Fort Wayne Komets (Rescheduled from 12/27/2025)","echl","2026-04-17 00:35:00","63c9d24e0d5fff000179f4ef"
"696eb1a37c3ad2d4cc42d216","2026-01-28 19:04:15.847","2026-01-31 02:22:29.012","696eb1a37c3ad2d4cc42d216","682a28a3e9edabedb24c3800","[PREMIUM]","[PREMIUM]","[PREMIUM]","[PREMIUM]","[PREMIUM]","[1,2,3,4,5,6,7,8]","236","G","Upper","['*','*','*','*','*','*','*','*']","mobile","tm","tmqr",,"[PREMIUM]","[PREMIUM]","[]","2026-04-18 00:00:00","Norfolk Admirals at Greensboro Gargoyles (Rescheduled from 12/28/2025)","echl","2026-04-19 19:00:00","5758b8caf80c41206da73335"
"6978d982f9e6d4fc6d475b07","2026-01-28 19:04:15.847","2026-01-28 19:04:15.847","6978d982f9e6d4fc6d475b07","682a28a3e9edabedb24c3800","[PREMIUM]","[PREMIUM]","[PREMIUM]","[PREMIUM]","[PREMIUM]","[1,2,3,4,5,6,7,8]","130","QQ","Lower","['*','*','*','*','*','*','*','*']","mobile","tm","tmqr",,"[PREMIUM]","[PREMIUM]","[]","2026-04-18 00:00:00","Norfolk Admirals at Greensboro Gargoyles (Rescheduled from 12/28/2025)","echl","2026-04-19 19:00:00","5758b8caf80c41206da73335"
"6978d96e60b5f17899b7049f","2026-01-28 19:04:15.847","2026-01-31 02:22:29.012","6978d96e60b5f17899b7049f","682a28a3e9edabedb24c3800","[PREMIUM]","[PREMIUM]","[PREMIUM]","[PREMIUM]","[PREMIUM]","[1,2,3,4,5,6,7,8]","226","G","Upper","['*','*','*','*','*','*','*','*']","mobile","tm","tmqr",,"[PREMIUM]","[PREMIUM]","[]","2026-04-18 00:00:00","Norfolk Admirals at Greensboro Gargoyles (Rescheduled from 12/28/2025)","echl","2026-04-19 19:00:00","5758b8caf80c41206da73335"
"697926f15fa9cbf67fdce649","2026-01-28 19:04:15.847","2026-02-17 23:22:19.444","697926f15fa9cbf67fdce649","682a28a3e9edabedb24c3800","[PREMIUM]","[PREMIUM]","[PREMIUM]","[PREMIUM]","[PREMIUM]","[1,2,3,4,5,6,7,8]","205","A","Upper","['*','*','*','*','*','*','*','*']","mobile","tm","tmqr","great","[PREMIUM]","[PREMIUM]","[]","2026-04-18 00:00:00","Norfolk Admirals at Greensboro Gargoyles (Rescheduled from 12/28/2025)","echl","2026-04-19 19:00:00","5758b8caf80c41206da73335"
"697926f05fa9cbf67fdcd4b3","2026-01-28 19:04:15.847","2026-02-17 23:22:19.444","697926f05fa9cbf67fdcd4b3","682a28a3e9edabedb24c3800","[PREMIUM]","[PREMIUM]","[PREMIUM]","[PREMIUM]","[PREMIUM]","[1,2,3,4,5,6,7,8]","215","A","Upper","['*','*','*','*','*','*','*','*']","mobile","tm","tmqr",,"[PREMIUM]","[PREMIUM]","[]","2026-04-18 00:00:00","Norfolk Admirals at Greensboro Gargoyles (Rescheduled from 12/28/2025)","echl","2026-04-19 19:00:00","5758b8caf80c41206da73335"
"697926ec5fa9cbf67fdbe77b","2026-01-28 19:04:15.847","2026-02-05 07:40:58.777","697926ec5fa9cbf67fdbe77b","682a28a3e9edabedb24c3800","[PREMIUM]","[PREMIUM]","[PREMIUM]","[PREMIUM]","[PREMIUM]","[1,2,3,4,5,6]","129","GG","Lower","['*','*','*','*','*','*']","mobile","tm","tmqr","great","[PREMIUM]","[PREMIUM]","[]","2026-04-18 00:00:00","Norfolk Admirals at Greensboro Gargoyles (Rescheduled from 12/28/2025)","echl","2026-04-19 19:00:00","5758b8caf80c41206da73335"
"697926db5fa9cbf67fd763e2","2026-01-28 19:04:15.847","2026-02-17 23:22:19.444","697926db5fa9cbf67fd763e2","682a28a3e9edabedb24c3800","[PREMIUM]","[PREMIUM]","[PREMIUM]","[PREMIUM]","[PREMIUM]","[1,2]","232","E","Upper","['*','*']","mobile","tm","tmqr","great","[PREMIUM]","[PREMIUM]","[]","2026-04-18 00:00:00","Norfolk Admirals at Greensboro Gargoyles (Rescheduled from 12/28/2025)","echl","2026-04-19 19:00:00","5758b8caf80c41206da73335"
"697926db5fa9cbf67fd76df0","2026-01-28 19:04:15.847","2026-02-17 23:22:19.444","697926db5fa9cbf67fd76df0","682a28a3e9edabedb24c3800","[PREMIUM]","[PREMIUM]","[PREMIUM]","[PREMIUM]","[PREMIUM]","[2]","238","F","Upper","['*','*']","mobile","tm","tmqr",,"[PREMIUM]","[PREMIUM]","[]","2026-04-18 00:00:00","Norfolk Admirals at Greensboro Gargoyles (Rescheduled from 12/28/2025)","echl","2026-04-19 19:00:00","5758b8caf80c41206da73335"
"697926db5fa9cbf67fd77281","2026-01-28 19:04:15.847","2026-02-17 23:22:19.444","697926db5fa9cbf67fd77281","682a28a3e9edabedb24c3800","[PREMIUM]","[PREMIUM]","[PREMIUM]","[PREMIUM]","[PREMIUM]","[1,2,3,4,5,6,7,8]","213","E","Upper","['*','*','*','*','*','*','*','*']","mobile","tm","tmqr",,"[PREMIUM]","[PREMIUM]","[]","2026-04-18 00:00:00","Norfolk Admirals at Greensboro Gargoyles (Rescheduled from 12/28/2025)","echl","2026-04-19 19:00:00","5758b8caf80c41206da73335"
"6979270e5fa9cbf67fe3a2fb","2026-01-28 19:04:15.847","2026-02-17 23:22:19.444","6979270e5fa9cbf67fe3a2fb","682a28a3e9edabedb24c3800","[PREMIUM]","[PREMIUM]","[PREMIUM]","[PREMIUM]","[PREMIUM]","[1,2,3,4,5,6,7,8]","235","A","Upper","['*','*','*','*','*','*','*','*']","mobile","tm","tmqr",,"[PREMIUM]","[PREMIUM]","[]","2026-04-18 00:00:00","Norfolk Admirals at Greensboro Gargoyles (Rescheduled from 12/28/2025)","echl","2026-04-19 19:00:00","5758b8caf80c41206da73335"
"6979275d5fa9cbf67ff5f432","2026-01-28 19:04:15.847","2026-02-17 23:22:19.444","6979275d5fa9cbf67ff5f432","682a28a3e9edabedb24c3800","[PREMIUM]","[PREMIUM]","[PREMIUM]","[PREMIUM]","[PREMIUM]","[1,2,3]","119","MM","Lower","['*','*','*']","mobile","tm","tmqr",,"[PREMIUM]","[PREMIUM]","[]","2026-04-18 00:00:00","Norfolk Admirals at Greensboro Gargoyles (Rescheduled from 12/28/2025)","echl","2026-04-19 19:00:00","5758b8caf80c41206da73335"
"697927b15fa9cbf67f0c4d27","2026-01-28 19:04:15.847","2026-02-17 23:22:19.444","697927b15fa9cbf67f0c4d27","682a28a3e9edabedb24c3800","[PREMIUM]","[PREMIUM]","[PREMIUM]","[PREMIUM]","[PREMIUM]","[2]","224","F","Upper","['*','*']","mobile","tm","tmqr",,"[PREMIUM]","[PREMIUM]","[]","2026-04-18 00:00:00","Norfolk Admirals at Greensboro Gargoyles (Rescheduled from 12/28/2025)","echl","2026-04-19 19:00:00","5758b8caf80c41206da73335"
"6979275d5fa9cbf67ff5faa7","2026-01-28 19:04:15.847","2026-02-15 15:41:52.515","6979275d5fa9cbf67ff5faa7","682a28a3e9edabedb24c3800","[PREMIUM]","[PREMIUM]","[PREMIUM]","[PREMIUM]","[PREMIUM]","[1,2,3,4,5,6]","126","AA","Lower","['*','*','*','*','*','*']","mobile","tm","tmqr",,"[PREMIUM]","[PREMIUM]","[]","2026-04-18 00:00:00","Norfolk Admirals at Greensboro Gargoyles (Rescheduled from 12/28/2025)","echl","2026-04-19 19:00:00","5758b8caf80c41206da73335"
"697927515fa9cbf67ff2f716","2026-01-28 19:04:15.847","2026-02-17 23:22:19.444","697927515fa9cbf67ff2f716","682a28a3e9edabedb24c3800","[PREMIUM]","[PREMIUM]","[PREMIUM]","[PREMIUM]","[PREMIUM]","[1,2,3,4,5,6]","108","DD","Lower","['*','*','*','*','*','*']","mobile","tm","tmqr",,"[PREMIUM]","[PREMIUM]","[]","2026-04-18 00:00:00","Norfolk Admirals at Greensboro Gargoyles (Rescheduled from 12/28/2025)","echl","2026-04-19 19:00:00","5758b8caf80c41206da73335"
"6979276e5fa9cbf67ffa551e","2026-01-28 19:04:15.847","2026-02-17 23:22:19.444","6979276e5fa9cbf67ffa551e","682a28a3e9edabedb24c3800","[PREMIUM]","[PREMIUM]","[PREMIUM]","[PREMIUM]","[PREMIUM]","[1,2,3,4,5,6,7,8]","237","A","Upper","['*','*','*','*','*','*','*','*']","mobile","tm","tmqr","great","[PREMIUM]","[PREMIUM]","[]","2026-04-18 00:00:00","Norfolk Admirals at Greensboro Gargoyles (Rescheduled from 12/28/2025)","echl","2026-04-19 19:00:00","5758b8caf80c41206da73335"
"697927aa5fa9cbf67f0a40c3","2026-01-28 19:04:15.847","2026-02-17 23:22:19.444","697927aa5fa9cbf67f0a40c3","682a28a3e9edabedb24c3800","[PREMIUM]","[PREMIUM]","[PREMIUM]","[PREMIUM]","[PREMIUM]","[1,2]","111","KK","Lower","['*','*']","mobile","tm","tmqr",,"[PREMIUM]","[PREMIUM]","[]","2026-04-18 00:00:00","Norfolk Admirals at Greensboro Gargoyles (Rescheduled from 12/28/2025)","echl","2026-04-19 19:00:00","5758b8caf80c41206da73335"
"6979273f5fa9cbf67fef3a89","2026-01-28 19:04:15.847","2026-02-17 23:22:19.444","6979273f5fa9cbf67fef3a89","682a28a3e9edabedb24c3800","[PREMIUM]","[PREMIUM]","[PREMIUM]","[PREMIUM]","[PREMIUM]","[1,2,3,4,5,6]","105","GG","Lower","['*','*','*','*','*','*']","mobile","tm","tmqr",,"[PREMIUM]","[PREMIUM]","[]","2026-04-18 00:00:00","Norfolk Admirals at Greensboro Gargoyles (Rescheduled from 12/28/2025)","echl","2026-04-19 19:00:00","5758b8caf80c41206da73335"
"697927ad5fa9cbf67f0b33fe","2026-01-28 19:04:15.847","2026-02-17 23:22:19.444","697927ad5fa9cbf67f0b33fe","682a28a3e9edabedb24c3800","[PREMIUM]","[PREMIUM]","[PREMIUM]","[PREMIUM]","[PREMIUM]","[1,2,3,4,5,6]","116","BB","Lower","['*','*','*','*','*','*']","mobile","tm","tmqr",,"[PREMIUM]","[PREMIUM]","[]","2026-04-18 00:00:00","Norfolk Admirals at Greensboro Gargoyles (Rescheduled from 12/28/2025)","echl","2026-04-19 19:00:00","5758b8caf80c41206da73335"
"697927165fa9cbf67fe59566","2026-01-28 19:04:15.847","2026-02-17 23:22:19.444","697927165fa9cbf67fe59566","682a28a3e9edabedb24c3800","[PREMIUM]","[PREMIUM]","[PREMIUM]","[PREMIUM]","[PREMIUM]","[1,2,3,4]","128","CC","Lower","['*','*','*','*']","mobile","tm","tmqr","great","[PREMIUM]","[PREMIUM]","[]","2026-04-18 00:00:00","Norfolk Admirals at Greensboro Gargoyles (Rescheduled from 12/28/2025)","echl","2026-04-19 19:00:00","5758b8caf80c41206da73335"
"697927345fa9cbf67fecd8b8","2026-01-28 19:04:15.847","2026-02-17 23:22:19.444","697927345fa9cbf67fecd8b8","682a28a3e9edabedb24c3800","[PREMIUM]","[PREMIUM]","[PREMIUM]","[PREMIUM]","[PREMIUM]","[1,2]","222","E","Upper","['*','*']","mobile","tm","tmqr",,"[PREMIUM]","[PREMIUM]","[]","2026-04-18 00:00:00","Norfolk Admirals at Greensboro Gargoyles (Rescheduled from 12/28/2025)","echl","2026-04-19 19:00:00","5758b8caf80c41206da73335"
"697927b15fa9cbf67f0c51b9","2026-01-28 19:04:15.847","2026-02-17 23:22:19.444","697927b15fa9cbf67f0c51b9","682a28a3e9edabedb24c3800","[PREMIUM]","[PREMIUM]","[PREMIUM]","[PREMIUM]","[PREMIUM]","[1,2,3,4,5,6,7,8]","117","BB","Lower","['*','*','*','*','*','*','*','*']","mobile","tm","tmqr",,"[PREMIUM]","[PREMIUM]","[]","2026-04-18 00:00:00","Norfolk Admirals at Greensboro Gargoyles (Rescheduled from 12/28/2025)","echl","2026-04-19 19:00:00","5758b8caf80c41206da73335"
"697927615fa9cbf67ff70004","2026-01-28 19:04:15.847","2026-02-17 23:22:19.444","697927615fa9cbf67ff70004","682a28a3e9edabedb24c3800","[PREMIUM]","[PREMIUM]","[PREMIUM]","[PREMIUM]","[PREMIUM]","[1,2,3,4,5,6,7,8]","207","A","Upper","['*','*','*','*','*','*','*','*']","mobile","tm","tmqr",,"[PREMIUM]","[PREMIUM]","[]","2026-04-18 00:00:00","Norfolk Admirals at Greensboro Gargoyles (Rescheduled from 12/28/2025)","echl","2026-04-19 19:00:00","5758b8caf80c41206da73335"
"697927055fa9cbf67fe195c0","2026-01-28 19:04:15.847","2026-02-17 23:22:19.444","697927055fa9cbf67fe195c0","682a28a3e9edabedb24c3800","[PREMIUM]","[PREMIUM]","[PREMIUM]","[PREMIUM]","[PREMIUM]","[1,2]","130","DD","Lower","['*','*']","mobile","tm","tmqr","great","[PREMIUM]","[PREMIUM]","[]","2026-04-18 00:00:00","Norfolk Admirals at Greensboro Gargoyles (Rescheduled from 12/28/2025)","echl","2026-04-19 19:00:00","5758b8caf80c41206da73335"
"697927ad5fa9cbf67f0b3aad","2026-01-28 19:04:15.847","2026-02-17 23:22:19.444","697927ad5fa9cbf67f0b3aad","682a28a3e9edabedb24c3800","[PREMIUM]","[PREMIUM]","[PREMIUM]","[PREMIUM]","[PREMIUM]","[1,2]","212","E","Upper","['*','*']","mobile","tm","tmqr","great","[PREMIUM]","[PREMIUM]","[]","2026-04-18 00:00:00","Norfolk Admirals at Greensboro Gargoyles (Rescheduled from 12/28/2025)","echl","2026-04-19 19:00:00","5758b8caf80c41206da73335"
"697927695fa9cbf67ff93066","2026-01-28 19:04:15.847","2026-02-17 23:22:19.444","697927695fa9cbf67ff93066","682a28a3e9edabedb24c3800","[PREMIUM]","[PREMIUM]","[PREMIUM]","[PREMIUM]","[PREMIUM]","[1,2]","202","E","Upper","['*','*']","mobile","tm","tmqr",,"[PREMIUM]","[PREMIUM]","[]","2026-04-18 00:00:00","Norfolk Admirals at Greensboro Gargoyles (Rescheduled from 12/28/2025)","echl","2026-04-19 19:00:00","5758b8caf80c41206da73335"
"697927a15fa9cbf67f07fe27","2026-01-28 19:04:15.847","2026-02-17 23:22:19.444","697927a15fa9cbf67f07fe27","682a28a3e9edabedb24c3800","[PREMIUM]","[PREMIUM]","[PREMIUM]","[PREMIUM]","[PREMIUM]","[1,2]","228","E","Upper","['*','*']","mobile","tm","tmqr",,"[PREMIUM]","[PREMIUM]","[]","2026-04-18 00:00:00","Norfolk Admirals at Greensboro Gargoyles (Rescheduled from 12/28/2025)","echl","2026-04-19 19:00:00","5758b8caf80c41206da73335"
"697927b15fa9cbf67f0c447b","2026-01-28 19:04:15.847","2026-02-11 01:20:02.257","697927b15fa9cbf67f0c447b","682a28a3e9edabedb24c3800","[PREMIUM]","[PREMIUM]","[PREMIUM]","[PREMIUM]","[PREMIUM]","[1,2,3,4,5,6]","131","GG","Lower","['*','*','*','*','*','*']","mobile","tm","tmqr",,"[PREMIUM]","[PREMIUM]","[]","2026-04-18 00:00:00","Norfolk Admirals at Greensboro Gargoyles (Rescheduled from 12/28/2025)","echl","2026-04-19 19:00:00","5758b8caf80c41206da73335"
"697927445fa9cbf67ff03e27","2026-01-28 19:04:15.847","2026-02-17 23:22:19.444","697927445fa9cbf67ff03e27","682a28a3e9edabedb24c3800","[PREMIUM]","[PREMIUM]","[PREMIUM]","[PREMIUM]","[PREMIUM]","[1,2,3,4,5,6]","132","EE","Lower","['*','*','*','*','*','*']","mobile","tm","tmqr",,"[PREMIUM]","[PREMIUM]","[]","2026-04-18 00:00:00","Norfolk Admirals at Greensboro Gargoyles (Rescheduled from 12/28/2025)","echl","2026-04-19 19:00:00","5758b8caf80c41206da73335"
"697927875fa9cbf67f010d90","2026-01-28 19:04:15.847","2026-02-17 23:22:19.444","697927875fa9cbf67f010d90","682a28a3e9edabedb24c3800","[PREMIUM]","[PREMIUM]","[PREMIUM]","[PREMIUM]","[PREMIUM]","[1,2,3,4,5,6]","214","A","Upper","['*','*','*','*','*','*']","mobile","tm","tmqr","great","[PREMIUM]","[PREMIUM]","[]","2026-04-18 00:00:00","Norfolk Admirals at Greensboro Gargoyles (Rescheduled from 12/28/2025)","echl","2026-04-19 19:00:00","5758b8caf80c41206da73335"
"6979274c5fa9cbf67ff2182c","2026-01-28 19:04:15.847","2026-02-17 23:22:19.444","6979274c5fa9cbf67ff2182c","682a28a3e9edabedb24c3800","[PREMIUM]","[PREMIUM]","[PREMIUM]","[PREMIUM]","[PREMIUM]","[1,2,3,4]","118","AA","Lower","['*','*','*','*']","mobile","tm","tmqr",,"[PREMIUM]","[PREMIUM]","[]","2026-04-18 00:00:00","Norfolk Admirals at Greensboro Gargoyles (Rescheduled from 12/28/2025)","echl","2026-04-19 19:00:00","5758b8caf80c41206da73335"
"6979271e5fa9cbf67fe79ebd","2026-01-28 19:04:15.847","2026-02-17 23:22:19.444","6979271e5fa9cbf67fe79ebd","682a28a3e9edabedb24c3800","[PREMIUM]","[PREMIUM]","[PREMIUM]","[PREMIUM]","[PREMIUM]","[1,2,3,4]","209","A","Upper","['*','*','*','*']","mobile","tm","tmqr","great","[PREMIUM]","[PREMIUM]","[]","2026-04-18 00:00:00","Norfolk Admirals at Greensboro Gargoyles (Rescheduled from 12/28/2025)","echl","2026-04-19 19:00:00","5758b8caf80c41206da73335"
"6979276e5fa9cbf67ffa4e94","2026-01-28 19:04:15.847","2026-02-17 23:22:19.444","6979276e5fa9cbf67ffa4e94","682a28a3e9edabedb24c3800","[PREMIUM]","[PREMIUM]","[PREMIUM]","[PREMIUM]","[PREMIUM]","[1,2,3,4,5,6,7,8]","223","A","Upper","['*','*','*','*','*','*','*','*']","mobile","tm","tmqr",,"[PREMIUM]","[PREMIUM]","[]","2026-04-18 00:00:00","Norfolk Admirals at Greensboro Gargoyles (Rescheduled from 12/28/2025)","echl","2026-04-19 19:00:00","5758b8caf80c41206da73335"
"697927235fa9cbf67fe8d7f0","2026-01-28 19:04:15.847","2026-02-17 23:22:19.444","697927235fa9cbf67fe8d7f0","682a28a3e9edabedb24c3800","[PREMIUM]","[PREMIUM]","[PREMIUM]","[PREMIUM]","[PREMIUM]","[1,2,3,4,5,6]","112","BB","Lower","['*','*','*','*','*','*']","mobile","tm","tmqr",,"[PREMIUM]","[PREMIUM]","[]","2026-04-18 00:00:00","Norfolk Admirals at Greensboro Gargoyles (Rescheduled from 12/28/2025)","echl","2026-04-19 19:00:00","5758b8caf80c41206da73335"
"697927835fa9cbf67fffc629","2026-01-28 19:04:15.847","2026-01-31 02:22:29.012","697927835fa9cbf67fffc629","682a28a3e9edabedb24c3800","[PREMIUM]","[PREMIUM]","[PREMIUM]","[PREMIUM]","[PREMIUM]","[1,2,3]","231","F","Upper","['*','*','*']","mobile","tm","tmqr","great","[PREMIUM]","[PREMIUM]","[]","2026-04-18 00:00:00","Norfolk Admirals at Greensboro Gargoyles (Rescheduled from 12/28/2025)","echl","2026-04-19 19:00:00","5758b8caf80c41206da73335"
"6979276e5fa9cbf67ffa4f5e","2026-01-28 19:04:15.847","2026-02-17 23:22:19.444","6979276e5fa9cbf67ffa4f5e","682a28a3e9edabedb24c3800","[PREMIUM]","[PREMIUM]","[PREMIUM]","[PREMIUM]","[PREMIUM]","[1,2,3,4,5,6,7,8]","229","E","Upper","['*','*','*','*','*','*','*','*']","mobile","tm","tmqr",,"[PREMIUM]","[PREMIUM]","[]","2026-04-18 00:00:00","Norfolk Admirals at Greensboro Gargoyles (Rescheduled from 12/28/2025)","echl","2026-04-19 19:00:00","5758b8caf80c41206da73335"
"697927485fa9cbf67ff11ee9","2026-01-28 19:04:15.847","2026-02-17 23:22:19.444","697927485fa9cbf67ff11ee9","682a28a3e9edabedb24c3800","[PREMIUM]","[PREMIUM]","[PREMIUM]","[PREMIUM]","[PREMIUM]","[1,2,3,4]","125","CC","Lower","['*','*','*','*']","mobile","tm","tmqr",,"[PREMIUM]","[PREMIUM]","[]","2026-04-18 00:00:00","Norfolk Admirals at Greensboro Gargoyles (Rescheduled from 12/28/2025)","echl","2026-04-19 19:00:00","5758b8caf80c41206da73335"
"697927a15fa9cbf67f07e943","2026-01-28 19:04:15.847","2026-02-01 11:00:17.960","697927a15fa9cbf67f07e943","682a28a3e9edabedb24c3800","[PREMIUM]","[PREMIUM]","[PREMIUM]","[PREMIUM]","[PREMIUM]","[1,2,3,4,5,6]","110","AA","Lower","['*','*','*','*','*','*']","mobile","tm","tmqr",,"[PREMIUM]","[PREMIUM]","[]","2026-04-18 00:00:00","Norfolk Admirals at Greensboro Gargoyles (Rescheduled from 12/28/2025)","echl","2026-04-19 19:00:00","5758b8caf80c41206da73335"
"697927015fa9cbf67fe0a4be","2026-01-28 19:04:15.847","2026-02-15 15:41:52.515","697927015fa9cbf67fe0a4be","682a28a3e9edabedb24c3800","[PREMIUM]","[PREMIUM]","[PREMIUM]","[PREMIUM]","[PREMIUM]","[1,2,3,4,5,6]","122","BB","Lower","['*','*','*','*','*','*']","mobile","tm","tmqr",,"[PREMIUM]","[PREMIUM]","[]","2026-04-18 00:00:00","Norfolk Admirals at Greensboro Gargoyles (Rescheduled from 12/28/2025)","echl","2026-04-19 19:00:00","5758b8caf80c41206da73335"
"6979273f5fa9cbf67fef42a2","2026-01-28 19:04:15.847","2026-02-17 23:22:19.444","6979273f5fa9cbf67fef42a2","682a28a3e9edabedb24c3800","[PREMIUM]","[PREMIUM]","[PREMIUM]","[PREMIUM]","[PREMIUM]","[1,2,3,4,5,6]","124","BB","Lower","['*','*','*','*','*','*']","mobile","tm","tmqr",,"[PREMIUM]","[PREMIUM]","[]","2026-04-18 00:00:00","Norfolk Admirals at Greensboro Gargoyles (Rescheduled from 12/28/2025)","echl","2026-04-19 19:00:00","5758b8caf80c41206da73335"
"697927615fa9cbf67ff6fb1c","2026-01-28 19:04:15.847","2026-02-05 07:40:58.777","697927615fa9cbf67ff6fb1c","682a28a3e9edabedb24c3800","[PREMIUM]","[PREMIUM]","[PREMIUM]","[PREMIUM]","[PREMIUM]","[1,2,3,4]","103","FF","Lower","['*','*','*','*']","mobile","tm","tmqr",,"[PREMIUM]","[PREMIUM]","[]","2026-04-18 00:00:00","Norfolk Admirals at Greensboro Gargoyles (Rescheduled from 12/28/2025)","echl","2026-04-19 19:00:00","5758b8caf80c41206da73335"
"697927de5fa9cbf67f17b640","2026-01-28 19:04:15.847","2026-02-11 01:20:02.257","697927de5fa9cbf67f17b640","682a28a3e9edabedb24c3800","[PREMIUM]","[PREMIUM]","[PREMIUM]","[PREMIUM]","[PREMIUM]","[1,2,3,4,5,6]","120","LL","Lower","['*','*','*','*','*','*']","mobile","tm","tmqr",,"[PREMIUM]","[PREMIUM]","[]","2026-04-18 00:00:00","Norfolk Admirals at Greensboro Gargoyles (Rescheduled from 12/28/2025)","echl","2026-04-19 19:00:00","5758b8caf80c41206da73335"
"697927ec5fa9cbf67f1b61c6","2026-01-28 19:04:15.847","2026-02-16 19:24:57.600","697927ec5fa9cbf67f1b61c6","682a28a3e9edabedb24c3800","[PREMIUM]","[PREMIUM]","[PREMIUM]","[PREMIUM]","[PREMIUM]","[1,2,3,4,5,6]","102","EE","Lower","['*','*','*','*','*','*']","mobile","tm","tmqr",,"[PREMIUM]","[PREMIUM]","[]","2026-04-18 00:00:00","Norfolk Admirals at Greensboro Gargoyles (Rescheduled from 12/28/2025)","echl","2026-04-19 19:00:00","5758b8caf80c41206da73335"
"697927ec5fa9cbf67f1b5fdd","2026-01-28 19:04:15.847","2026-02-17 23:22:19.444","697927ec5fa9cbf67f1b5fdd","682a28a3e9edabedb24c3800","[PREMIUM]","[PREMIUM]","[PREMIUM]","[PREMIUM]","[PREMIUM]","[1,2,3,4,5,6,7,8]","225","A","Upper","['*','*','*','*','*','*','*','*']","mobile","tm","tmqr","great","[PREMIUM]","[PREMIUM]","[]","2026-04-18 00:00:00","Norfolk Admirals at Greensboro Gargoyles (Rescheduled from 12/28/2025)","echl","2026-04-19 19:00:00","5758b8caf80c41206da73335"
"697927ce5fa9cbf67f13ad2e","2026-01-28 19:04:15.847","2026-02-17 23:22:19.444","697927ce5fa9cbf67f13ad2e","682a28a3e9edabedb24c3800","[PREMIUM]","[PREMIUM]","[PREMIUM]","[PREMIUM]","[PREMIUM]","[1,2,3,4,5,6,7,8]","217","B","Upper","['*','*','*','*','*','*','*','*']","mobile","tm","tmqr","great","[PREMIUM]","[PREMIUM]","[]","2026-04-18 00:00:00","Norfolk Admirals at Greensboro Gargoyles (Rescheduled from 12/28/2025)","echl","2026-04-19 19:00:00","5758b8caf80c41206da73335"
"697927ce5fa9cbf67f138e61","2026-01-28 19:04:15.847","2026-02-17 23:22:19.444","697927ce5fa9cbf67f138e61","682a28a3e9edabedb24c3800","[PREMIUM]","[PREMIUM]","[PREMIUM]","[PREMIUM]","[PREMIUM]","[1,2,3,4,5,6,7,8]","227","A","Upper","['*','*','*','*','*','*','*','*']","mobile","tm","tmqr",,"[PREMIUM]","[PREMIUM]","[]","2026-04-18 00:00:00","Norfolk Admirals at Greensboro Gargoyles (Rescheduled from 12/28/2025)","echl","2026-04-19 19:00:00","5758b8caf80c41206da73335"
"697927df5fa9cbf67f182b9f","2026-01-28 19:04:15.847","2026-02-17 23:22:19.444","697927df5fa9cbf67f182b9f","682a28a3e9edabedb24c3800","[PREMIUM]","[PREMIUM]","[PREMIUM]","[PREMIUM]","[PREMIUM]","[1,2,3,4,5,6]","234","A","Upper","['*','*','*','*','*','*']","mobile","tm","tmqr",,"[PREMIUM]","[PREMIUM]","[]","2026-04-18 00:00:00","Norfolk Admirals at Greensboro Gargoyles (Rescheduled from 12/28/2025)","echl","2026-04-19 19:00:00","5758b8caf80c41206da73335"
"697928085fa9cbf67f22b92f","2026-01-28 19:04:15.847","2026-02-17 23:22:19.444","697928085fa9cbf67f22b92f","682a28a3e9edabedb24c3800","[PREMIUM]","[PREMIUM]","[PREMIUM]","[PREMIUM]","[PREMIUM]","[1,2,3,4,5,6,7,8]","233","E","Upper","['*','*','*','*','*','*','*','*']","mobile","tm","tmqr",,"[PREMIUM]","[PREMIUM]","[]","2026-04-18 00:00:00","Norfolk Admirals at Greensboro Gargoyles (Rescheduled from 12/28/2025)","echl","2026-04-19 19:00:00","5758b8caf80c41206da73335"
"697927c25fa9cbf67f106f73","2026-01-28 19:04:15.847","2026-02-17 23:22:19.444","697927c25fa9cbf67f106f73","682a28a3e9edabedb24c3800","[PREMIUM]","[PREMIUM]","[PREMIUM]","[PREMIUM]","[PREMIUM]","[2]","218","F","Upper","['*','*']","mobile","tm","tmqr",,"[PREMIUM]","[PREMIUM]","[]","2026-04-18 00:00:00","Norfolk Admirals at Greensboro Gargoyles (Rescheduled from 12/28/2025)","echl","2026-04-19 19:00:00","5758b8caf80c41206da73335"
"697928055fa9cbf67f21af32","2026-01-28 19:04:15.847","2026-02-02 14:19:21.985","697928055fa9cbf67f21af32","682a28a3e9edabedb24c3800","[PREMIUM]","[PREMIUM]","[PREMIUM]","[PREMIUM]","[PREMIUM]","[1,2,3,4]","123","CC","Lower","['*','*','*','*']","mobile","tm","tmqr","great","[PREMIUM]","[PREMIUM]","[]","2026-04-18 00:00:00","Norfolk Admirals at Greensboro Gargoyles (Rescheduled from 12/28/2025)","echl","2026-04-19 19:00:00","5758b8caf80c41206da73335"
"697927ca5fa9cbf67f129de8","2026-01-28 19:04:15.847","2026-02-17 23:22:19.444","697927ca5fa9cbf67f129de8","682a28a3e9edabedb24c3800","[PREMIUM]","[PREMIUM]","[PREMIUM]","[PREMIUM]","[PREMIUM]","[1,2,3,4,5,6,7,8]","203","A","Upper","['*','*','*','*','*','*','*','*']","mobile","tm","tmqr","great","[PREMIUM]","[PREMIUM]","[]","2026-04-18 00:00:00","Norfolk Admirals at Greensboro Gargoyles (Rescheduled from 12/28/2025)","echl","2026-04-19 19:00:00","5758b8caf80c41206da73335"
"697927bd5fa9cbf67f0f7ef1","2026-01-28 19:04:15.847","2026-02-17 23:22:19.444","697927bd5fa9cbf67f0f7ef1","682a28a3e9edabedb24c3800","[PREMIUM]","[PREMIUM]","[PREMIUM]","[PREMIUM]","[PREMIUM]","[1,2]","230","E","Upper","['*','*']","mobile","tm","tmqr",,"[PREMIUM]","[PREMIUM]","[]","2026-04-18 00:00:00","Norfolk Admirals at Greensboro Gargoyles (Rescheduled from 12/28/2025)","echl","2026-04-19 19:00:00","5758b8caf80c41206da73335"
"697928015fa9cbf67f20a476","2026-01-28 19:04:15.847","2026-02-02 14:19:21.985","697928015fa9cbf67f20a476","682a28a3e9edabedb24c3800","[PREMIUM]","[PREMIUM]","[PREMIUM]","[PREMIUM]","[PREMIUM]","[1,2,3,4,5,6,7,8]","127","B","Lower","['*','*','*','*','*','*','*','*']","mobile","tm","tmqr",,"[PREMIUM]","[PREMIUM]","[]","2026-04-18 00:00:00","Norfolk Admirals at Greensboro Gargoyles (Rescheduled from 12/28/2025)","echl","2026-04-19 19:00:00","5758b8caf80c41206da73335"
"697927e05fa9cbf67f18395c","2026-01-28 19:04:15.847","2026-02-17 23:22:19.444","697927e05fa9cbf67f18395c","682a28a3e9edabedb24c3800","[PREMIUM]","[PREMIUM]","[PREMIUM]","[PREMIUM]","[PREMIUM]","[1,2,3,4,5,6]","219","A","Upper","['*','*','*','*','*','*']","mobile","tm","tmqr",,"[PREMIUM]","[PREMIUM]","[]","2026-04-18 00:00:00","Norfolk Admirals at Greensboro Gargoyles (Rescheduled from 12/28/2025)","echl","2026-04-19 19:00:00","5758b8caf80c41206da73335"
"697927c25fa9cbf67f1081c2","2026-01-28 19:04:15.847","2026-02-17 23:22:19.444","697927c25fa9cbf67f1081c2","682a28a3e9edabedb24c3800","[PREMIUM]","[PREMIUM]","[PREMIUM]","[PREMIUM]","[PREMIUM]","[1,2,3,4,5,6]","106","CC","Lower","['*','*','*','*','*','*']","mobile","tm","tmqr",,"[PREMIUM]","[PREMIUM]","[]","2026-04-18 00:00:00","Norfolk Admirals at Greensboro Gargoyles (Rescheduled from 12/28/2025)","echl","2026-04-19 19:00:00","5758b8caf80c41206da73335"
"697927b95fa9cbf67f0e6cab","2026-01-28 19:04:15.847","2026-02-17 23:22:19.444","697927b95fa9cbf67f0e6cab","682a28a3e9edabedb24c3800","[PREMIUM]","[PREMIUM]","[PREMIUM]","[PREMIUM]","[PREMIUM]","[1,2]","220","E","Upper","['*','*']","mobile","tm","tmqr","great","[PREMIUM]","[PREMIUM]","[]","2026-04-18 00:00:00","Norfolk Admirals at Greensboro Gargoyles (Rescheduled from 12/28/2025)","echl","2026-04-19 19:00:00","5758b8caf80c41206da73335"
"697927be5fa9cbf67f0f8955","2026-01-28 19:04:15.847","2026-02-17 23:22:19.444","697927be5fa9cbf67f0f8955","682a28a3e9edabedb24c3800","[PREMIUM]","[PREMIUM]","[PREMIUM]","[PREMIUM]","[PREMIUM]","[1,2]","208","E","Upper","['*','*']","mobile","tm","tmqr",,"[PREMIUM]","[PREMIUM]","[]","2026-04-18 00:00:00","Norfolk Admirals at Greensboro Gargoyles (Rescheduled from 12/28/2025)","echl","2026-04-19 19:00:00","5758b8caf80c41206da73335"
"697932cb5fa9cbf67fb23580","2026-01-28 19:04:15.847","2026-02-16 19:24:57.600","697932cb5fa9cbf67fb23580","682a28a3e9edabedb24c3800","[PREMIUM]","[PREMIUM]","[PREMIUM]","[PREMIUM]","[PREMIUM]","[1,2,3,4,5,6]","107","CC","Lower","['*','*','*','*','*','*']","mobile","tm","tmqr","amazing","[PREMIUM]","[PREMIUM]","[]","2026-04-18 00:00:00","Norfolk Admirals at Greensboro Gargoyles (Rescheduled from 12/28/2025)","echl","2026-04-19 19:00:00","5758b8caf80c41206da73335"
"697927765fa9cbf67ffc7c6d","2026-01-28 19:04:15.825","2026-02-16 19:24:57.533","697927765fa9cbf67ffc7c6d","682cc943467618ff80006436","[PREMIUM]","[PREMIUM]","[PREMIUM]","[PREMIUM]","[PREMIUM]","[1,2,3,4,5,6,7,8]","101","C","Lower","['*','*','*','*','*','*','*','*']","mobile",,"tmqr","cheapest","[PREMIUM]","[PREMIUM]","[]","2026-04-17 00:00:00","Maine Mariners at Trois-Rivieres Lions","echl","2026-04-18 19:00:00","67feb34a03051e69f2b99a40"
"6979f1ba00dd60a99b2bdcc9","2026-01-28 19:04:15.775","2026-01-28 19:04:15.775","6979f1ba00dd60a99b2bdcc9","682cc7554812a3251f2178bd","[PREMIUM]","[PREMIUM]","[PREMIUM]","[PREMIUM]","[PREMIUM]","[2]","216","B","Upper","['*','*']","mobile","tm","tmqr","great","[PREMIUM]","[PREMIUM]","[]","2026-04-18 00:00:00","Adirondack Thunder at Worcester Railers (Rescheduled from 12/28/2025)","echl","2026-04-19 19:05:00","588a76eccde6626ebe424492"
"6979f1bc4762be0d67f9c33e","2026-01-28 19:04:15.775","2026-02-08 17:12:25.715","6979f1bc4762be0d67f9c33e","682cc7554812a3251f2178bd","[PREMIUM]","[PREMIUM]","[PREMIUM]","[PREMIUM]","[PREMIUM]","[2]","207","E","Upper","['*','*']","mobile","tm","tmqr",,"[PREMIUM]","[PREMIUM]","[]","2026-04-18 00:00:00","Adirondack Thunder at Worcester Railers (Rescheduled from 12/28/2025)","echl","2026-04-19 19:05:00","588a76eccde6626ebe424492"
"6979f1ba1b265123d7d419fa","2026-01-28 19:04:15.775","2026-02-08 17:12:25.715","6979f1ba1b265123d7d419fa","682cc7554812a3251f2178bd","[PREMIUM]","[PREMIUM]","[PREMIUM]","[PREMIUM]","[PREMIUM]","[2,4]","107","EE","Lower","['*','*','*','*']","mobile","tm","tmqr",,"[PREMIUM]","[PREMIUM]","[]","2026-04-18 00:00:00","Adirondack Thunder at Worcester Railers (Rescheduled from 12/28/2025)","echl","2026-04-19 19:05:00","588a76eccde6626ebe424492"
"6979f1bc10901c8f168e0939","2026-01-28 19:04:15.775","2026-01-28 19:04:15.775","6979f1bc10901c8f168e0939","682cc7554812a3251f2178bd","[PREMIUM]","[PREMIUM]","[PREMIUM]","[PREMIUM]","[PREMIUM]","[2,4]","113","H","Lower","['*','*','*','*']","mobile","tm","tmqr","great","[PREMIUM]","[PREMIUM]","[]","2026-04-18 00:00:00","Adirondack Thunder at Worcester Railers (Rescheduled from 12/28/2025)","echl","2026-04-19 19:05:00","588a76eccde6626ebe424492"
"6979f1bbdb4d98545525979e","2026-01-28 19:04:15.775","2026-01-28 19:04:15.775","6979f1bbdb4d98545525979e","682cc7554812a3251f2178bd","[PREMIUM]","[PREMIUM]","[PREMIUM]","[PREMIUM]","[PREMIUM]","[1,2]","236","A","Upper","['*','*']","mobile","tm","tmqr","great","[PREMIUM]","[PREMIUM]","[]","2026-04-18 00:00:00","Adirondack Thunder at Worcester Railers (Rescheduled from 12/28/2025)","echl","2026-04-19 19:05:00","588a76eccde6626ebe424492"
"6979f1bbd47e669bdb126774","2026-01-28 19:04:15.775","2026-01-28 19:04:15.775","6979f1bbd47e669bdb126774","682cc7554812a3251f2178bd","[PREMIUM]","[PREMIUM]","[PREMIUM]","[PREMIUM]","[PREMIUM]","[2,4]","104","H","Lower","['*','*','*','*']","mobile","tm","tmqr",,"[PREMIUM]","[PREMIUM]","[]","2026-04-18 00:00:00","Adirondack Thunder at Worcester Railers (Rescheduled from 12/28/2025)","echl","2026-04-19 19:05:00","588a76eccde6626ebe424492"
"6979f1bb943aec466d23dc73","2026-01-28 19:04:15.775","2026-01-28 19:04:15.775","6979f1bb943aec466d23dc73","682cc7554812a3251f2178bd","[PREMIUM]","[PREMIUM]","[PREMIUM]","[PREMIUM]","[PREMIUM]","[2]","103","C","Lower","['*','*']","mobile","tm","tmqr",,"[PREMIUM]","[PREMIUM]","[]","2026-04-18 00:00:00","Adirondack Thunder at Worcester Railers (Rescheduled from 12/28/2025)","echl","2026-04-19 19:05:00","588a76eccde6626ebe424492"
"6979f1bade9038227f4096de","2026-01-28 19:04:15.775","2026-01-28 19:04:15.775","6979f1bade9038227f4096de","682cc7554812a3251f2178bd","[PREMIUM]","[PREMIUM]","[PREMIUM]","[PREMIUM]","[PREMIUM]","[2]","104","A","Lower","['*','*']","mobile","tm","tmqr",,"[PREMIUM]","[PREMIUM]","[]","2026-04-18 00:00:00","Adirondack Thunder at Worcester Railers (Rescheduled from 12/28/2025)","echl","2026-04-19 19:05:00","588a76eccde6626ebe424492"
"6979f1bc10901c8f168e093a","2026-01-28 19:04:15.775","2026-02-08 17:12:25.715","6979f1bc10901c8f168e093a","682cc7554812a3251f2178bd","[PREMIUM]","[PREMIUM]","[PREMIUM]","[PREMIUM]","[PREMIUM]","[1,2,3,4,5,6,7,8]","110","F","Lower","['*','*','*','*','*','*','*','*']","mobile","tm","tmqr",,"[PREMIUM]","[PREMIUM]","[]","2026-04-18 00:00:00","Adirondack Thunder at Worcester Railers (Rescheduled from 12/28/2025)","echl","2026-04-19 19:05:00","588a76eccde6626ebe424492"
"6979f1baba521ec81940099d","2026-01-28 19:04:15.775","2026-01-28 19:04:15.775","6979f1baba521ec81940099d","682cc7554812a3251f2178bd","[PREMIUM]","[PREMIUM]","[PREMIUM]","[PREMIUM]","[PREMIUM]","[1,2,3,4]","124","LL","Lower","['*','*','*','*']","mobile","tm","tmqr",,"[PREMIUM]","[PREMIUM]","[]","2026-04-18 00:00:00","Adirondack Thunder at Worcester Railers (Rescheduled from 12/28/2025)","echl","2026-04-19 19:05:00","588a76eccde6626ebe424492"
"6979f1ba80b21763fd00f8ad","2026-01-28 19:04:15.775","2026-01-28 19:04:15.775","6979f1ba80b21763fd00f8ad","682cc7554812a3251f2178bd","[PREMIUM]","[PREMIUM]","[PREMIUM]","[PREMIUM]","[PREMIUM]","[2]","102","B","Lower","['*','*']","mobile","tm","tmqr",,"[PREMIUM]","[PREMIUM]","[]","2026-04-18 00:00:00","Adirondack Thunder at Worcester Railers (Rescheduled from 12/28/2025)","echl","2026-04-19 19:05:00","588a76eccde6626ebe424492"
"6979f1ba637f085a0b43c37b","2026-01-28 19:04:15.775","2026-01-28 19:04:15.775","6979f1ba637f085a0b43c37b","682cc7554812a3251f2178bd","[PREMIUM]","[PREMIUM]","[PREMIUM]","[PREMIUM]","[PREMIUM]","[2,4]","219","D","Upper","['*','*','*','*']","mobile","tm","tmqr","great","[PREMIUM]","[PREMIUM]","[]","2026-04-18 00:00:00","Adirondack Thunder at Worcester Railers (Rescheduled from 12/28/2025)","echl","2026-04-19 19:05:00","588a76eccde6626ebe424492"
"6979f1ba637f085a0b43c37a","2026-01-28 19:04:15.775","2026-01-28 19:04:15.775","6979f1ba637f085a0b43c37a","682cc7554812a3251f2178bd","[PREMIUM]","[PREMIUM]","[PREMIUM]","[PREMIUM]","[PREMIUM]","[2,4]","106","MM","Lower","['*','*','*','*']","mobile","tm","tmqr",,"[PREMIUM]","[PREMIUM]","[]","2026-04-18 00:00:00","Adirondack Thunder at Worcester Railers (Rescheduled from 12/28/2025)","echl","2026-04-19 19:05:00","588a76eccde6626ebe424492"
"694c27b794c93e607f1b1885","2026-01-28 19:04:14.680","2026-03-03 16:19:51.474","694c27b794c93e607f1b1885","682b7d0b289cf12a7794cbc1","[PREMIUM]","[PREMIUM]","[PREMIUM]","[PREMIUM]","[PREMIUM]","[1,2,3,4,5,6]","107","15","Terrace Sideline","['*','*','*','*','*','*']","mobile","tm","tmqr","super","[PREMIUM]","[PREMIUM]","[]",,"South Carolina Stingrays at Orlando Solar Bears (Rescheduled from 12/28/2025)","echl","2026-04-02 23:00:00","545d4acf3bf3762bdb000003"
"6979004a5fa9cbf67f7e18db","2026-01-28 19:04:14.680","2026-02-01 11:00:14.639","6979004a5fa9cbf67f7e18db","682b7d0b289cf12a7794cbc1","[PREMIUM]","[PREMIUM]","[PREMIUM]","[PREMIUM]","[PREMIUM]","[1,2,3,4]","CB","3","Club I","['*','*','*','*']","mobile","tm","tmqr","great","[PREMIUM]","[PREMIUM]","[]","2026-04-01 00:00:00","South Carolina Stingrays at Orlando Solar Bears (Rescheduled from 12/28/2025)","echl","2026-04-02 23:00:00","545d4acf3bf3762bdb000003"
"697900555fa9cbf67f80e1ed","2026-01-28 19:04:14.680","2026-02-01 11:00:14.639","697900555fa9cbf67f80e1ed","682b7d0b289cf12a7794cbc1","[PREMIUM]","[PREMIUM]","[PREMIUM]","[PREMIUM]","[PREMIUM]","[1,2]","CA","3","Club I","['*','*']","mobile","tm","tmqr",,"[PREMIUM]","[PREMIUM]","[]","2026-04-01 00:00:00","South Carolina Stingrays at Orlando Solar Bears (Rescheduled from 12/28/2025)","echl","2026-04-02 23:00:00","545d4acf3bf3762bdb000003"
"6979006a5fa9cbf67f86055a","2026-01-28 19:04:14.680","2026-02-01 11:00:14.639","6979006a5fa9cbf67f86055a","682b7d0b289cf12a7794cbc1","[PREMIUM]","[PREMIUM]","[PREMIUM]","[PREMIUM]","[PREMIUM]","[1,2]","CE","2","Club I","['*','*']","mobile","tm","tmqr","great","[PREMIUM]","[PREMIUM]","[]","2026-04-01 00:00:00","South Carolina Stingrays at Orlando Solar Bears (Rescheduled from 12/28/2025)","echl","2026-04-02 23:00:00","545d4acf3bf3762bdb000003"
"697900665fa9cbf67f851afe","2026-01-28 19:04:14.680","2026-02-01 11:00:14.639","697900665fa9cbf67f851afe","682b7d0b289cf12a7794cbc1","[PREMIUM]","[PREMIUM]","[PREMIUM]","[PREMIUM]","[PREMIUM]","[1,2]","LE","3","Loge","['*','*']","mobile","tm","tmqr","great","[PREMIUM]","[PREMIUM]","[]","2026-04-01 00:00:00","South Carolina Stingrays at Orlando Solar Bears (Rescheduled from 12/28/2025)","echl","2026-04-02 23:00:00","545d4acf3bf3762bdb000003"
"697900585fa9cbf67f81b47f","2026-01-28 19:04:14.680","2026-02-01 11:00:14.639","697900585fa9cbf67f81b47f","682b7d0b289cf12a7794cbc1","[PREMIUM]","[PREMIUM]","[PREMIUM]","[PREMIUM]","[PREMIUM]","[1,2,3,4]","114","6","Terrace Sideline","['*','*','*','*']","mobile","tm","tmqr",,"[PREMIUM]","[PREMIUM]","[]","2026-04-01 00:00:00","South Carolina Stingrays at Orlando Solar Bears (Rescheduled from 12/28/2025)","echl","2026-04-02 23:00:00","545d4acf3bf3762bdb000003"
"6979005f5fa9cbf67f838c52","2026-01-28 19:04:14.680","2026-02-01 11:00:14.639","6979005f5fa9cbf67f838c52","682b7d0b289cf12a7794cbc1","[PREMIUM]","[PREMIUM]","[PREMIUM]","[PREMIUM]","[PREMIUM]","[1,2,3,4,5,6]","CC","3","Club I","['*','*','*','*','*','*']","mobile","tm","tmqr",,"[PREMIUM]","[PREMIUM]","[]","2026-04-01 00:00:00","South Carolina Stingrays at Orlando Solar Bears (Rescheduled from 12/28/2025)","echl","2026-04-02 23:00:00","545d4acf3bf3762bdb000003"
"697900475fa9cbf67f7d17f4","2026-01-28 19:04:14.680","2026-02-01 11:00:14.639","697900475fa9cbf67f7d17f4","682b7d0b289cf12a7794cbc1","[PREMIUM]","[PREMIUM]","[PREMIUM]","[PREMIUM]","[PREMIUM]","[1,2,3,4,5,6]","115","6","Terrace Sideline","['*','*','*','*','*','*']","mobile","tm","tmqr",,"[PREMIUM]","[PREMIUM]","[]","2026-04-01 00:00:00","South Carolina Stingrays at Orlando Solar Bears (Rescheduled from 12/28/2025)","echl","2026-04-02 23:00:00","545d4acf3bf3762bdb000003"
"69791256b0ffea01d206c68c","2026-01-28 19:04:14.680","2026-02-01 11:00:14.639","69791256b0ffea01d206c68c","682b7d0b289cf12a7794cbc1","[PREMIUM]","[PREMIUM]","[PREMIUM]","[PREMIUM]","[PREMIUM]","[1,2,3]","110A","29","Terrace Goal","['*','*','*']","mobile","tm","tmqr","great","[PREMIUM]","[PREMIUM]","[]","2026-04-01 00:00:00","South Carolina Stingrays at Orlando Solar Bears (Rescheduled from 12/28/2025)","echl","2026-04-02 23:00:00","545d4acf3bf3762bdb000003"
"6979009a5fa9cbf67f928f7a","2026-01-28 19:04:14.680","2026-02-01 11:00:14.639","6979009a5fa9cbf67f928f7a","682b7d0b289cf12a7794cbc1","[PREMIUM]","[PREMIUM]","[PREMIUM]","[PREMIUM]","[PREMIUM]","[1,2,3,4]","103","15","Terrace Corner","['*','*','*','*']","mobile","tm","tmqr","great","[PREMIUM]","[PREMIUM]","[]","2026-04-01 00:00:00","South Carolina Stingrays at Orlando Solar Bears (Rescheduled from 12/28/2025)","echl","2026-04-02 23:00:00","545d4acf3bf3762bdb000003"
"697912882d25b908f2dbbc82","2026-01-28 19:04:14.680","2026-02-01 11:00:14.639","697912882d25b908f2dbbc82","682b7d0b289cf12a7794cbc1","[PREMIUM]","[PREMIUM]","[PREMIUM]","[PREMIUM]","[PREMIUM]","[1,2,3]","102","31","Terrace Goal","['*','*','*']","mobile","tm","tmqr",,"[PREMIUM]","[PREMIUM]","[]","2026-04-01 00:00:00","South Carolina Stingrays at Orlando Solar Bears (Rescheduled from 12/28/2025)","echl","2026-04-02 23:00:00","545d4acf3bf3762bdb000003"
"6979124a621eab01a9fe66fe","2026-01-28 19:04:14.680","2026-02-27 02:35:04.039","6979124a621eab01a9fe66fe","682b7d0b289cf12a7794cbc1","[PREMIUM]","[PREMIUM]","[PREMIUM]","[PREMIUM]","[PREMIUM]","[1,2,3,4,5,6,7]","101","23","Terrace Goal","['*','*','*','*','*','*','*']","mobile","tm","tmqr",,"[PREMIUM]","[PREMIUM]","[]","2026-04-01 00:00:00","South Carolina Stingrays at Orlando Solar Bears (Rescheduled from 12/28/2025)","echl","2026-04-02 23:00:00","545d4acf3bf3762bdb000003"
"697912885605bf18205aa6a7","2026-01-28 19:04:14.680","2026-02-01 11:00:14.639","697912885605bf18205aa6a7","682b7d0b289cf12a7794cbc1","[PREMIUM]","[PREMIUM]","[PREMIUM]","[PREMIUM]","[PREMIUM]","[1,2,3,4,5,6,7,8]","118","28","Terrace End","['*','*','*','*','*','*','*','*']","mobile","tm","tmqr",,"[PREMIUM]","[PREMIUM]","[]","2026-04-01 00:00:00","South Carolina Stingrays at Orlando Solar Bears (Rescheduled from 12/28/2025)","echl","2026-04-02 23:00:00","545d4acf3bf3762bdb000003"
"6979009a5fa9cbf67f928e0e","2026-01-28 19:04:14.680","2026-02-01 11:00:14.639","6979009a5fa9cbf67f928e0e","682b7d0b289cf12a7794cbc1","[PREMIUM]","[PREMIUM]","[PREMIUM]","[PREMIUM]","[PREMIUM]","[1,2,3,4,5,6]","CD","3","Club I","['*','*','*','*','*','*']","mobile","tm","tmqr","great","[PREMIUM]","[PREMIUM]","[]","2026-04-01 00:00:00","South Carolina Stingrays at Orlando Solar Bears (Rescheduled from 12/28/2025)","echl","2026-04-02 23:00:00","545d4acf3bf3762bdb000003"
"696d622c319dd7a7f24d9a96","2026-01-28 19:04:14.674","2026-02-14 12:43:53.878","696d622c319dd7a7f24d9a96","682a23c3abd2e50d0b17c00f","[PREMIUM]","[PREMIUM]","[PREMIUM]","[PREMIUM]","[PREMIUM]","[1,2,3,4,5,6,7,8]","211","19","Lower","['*','*','*','*','*','*','*','*']","mobile","tm","tmqr",,"[PREMIUM]","[PREMIUM]","[]","2026-04-17 00:00:00","Kalamazoo Wings at Fort Wayne Komets (Rescheduled from 12/28/2025)","echl","2026-04-19 22:00:00","63c9d24e0d5fff000179f4ef"
"69753784e7fbadfb8e152e8b","2026-01-28 19:04:14.674","2026-02-05 07:40:57.652","69753784e7fbadfb8e152e8b","682a23c3abd2e50d0b17c00f","[PREMIUM]","[PREMIUM]","[PREMIUM]","[PREMIUM]","[PREMIUM]","[1,2,3,4,5,6,7]","222","18","Lower","['*','*','*','*','*','*','*']","mobile","tm","tmqr",,"[PREMIUM]","[PREMIUM]","[]","2026-04-18 00:00:00","Kalamazoo Wings at Fort Wayne Komets (Rescheduled from 12/28/2025)","echl","2026-04-19 22:00:00","63c9d24e0d5fff000179f4ef"
"69753787e7fbadfb8e15c6d8","2026-01-28 19:04:14.674","2026-02-07 14:02:37.082","69753787e7fbadfb8e15c6d8","682a23c3abd2e50d0b17c00f","[PREMIUM]","[PREMIUM]","[PREMIUM]","[PREMIUM]","[PREMIUM]","[1,2,3,4,5,6,7,8,9,10]","230","8","Lower","['*','*','*','*','*','*','*','*','*','*']","mobile","tm","tmqr",,"[PREMIUM]","[PREMIUM]","[]","2026-04-18 00:00:00","Kalamazoo Wings at Fort Wayne Komets (Rescheduled from 12/28/2025)","echl","2026-04-19 22:00:00","63c9d24e0d5fff000179f4ef"
"697a2d42637f085a0b43ce0e","2026-01-28 19:04:14.674","2026-02-05 07:40:57.652","697a2d42637f085a0b43ce0e","682a23c3abd2e50d0b17c00f","[PREMIUM]","[PREMIUM]","[PREMIUM]","[PREMIUM]","[PREMIUM]","[1,2,3,4,6]","231","8","Lower","['*','*','*','*','*','*']","mobile","tm","tmqr","great","[PREMIUM]","[PREMIUM]","[]","2026-04-18 00:00:00","Kalamazoo Wings at Fort Wayne Komets (Rescheduled from 12/28/2025)","echl","2026-04-19 22:00:00","63c9d24e0d5fff000179f4ef"
"697a2d448668a46f3271f02d","2026-01-28 19:04:14.674","2026-01-29 22:40:08.528","697a2d448668a46f3271f02d","682a23c3abd2e50d0b17c00f","[PREMIUM]","[PREMIUM]","[PREMIUM]","[PREMIUM]","[PREMIUM]","[2]","208","15","Lower","['*','*']","mobile","tm","tmqr","great","[PREMIUM]","[PREMIUM]","[]","2026-04-18 00:00:00","Kalamazoo Wings at Fort Wayne Komets (Rescheduled from 12/28/2025)","echl","2026-04-19 22:00:00","63c9d24e0d5fff000179f4ef"
"697a2d443bb3d8ff3b783b57","2026-01-28 19:04:14.674","2026-01-29 22:40:08.528","697a2d443bb3d8ff3b783b57","682a23c3abd2e50d0b17c00f","[PREMIUM]","[PREMIUM]","[PREMIUM]","[PREMIUM]","[PREMIUM]","[1,2,3,4,5,6,7,8]","205","9","Lower","['*','*','*','*','*','*','*','*']","mobile","tm","tmqr",,"[PREMIUM]","[PREMIUM]","[]","2026-04-18 00:00:00","Kalamazoo Wings at Fort Wayne Komets (Rescheduled from 12/28/2025)","echl","2026-04-19 22:00:00","63c9d24e0d5fff000179f4ef"
"697a2d437e2e7dcf98746757","2026-01-28 19:04:14.674","2026-02-15 15:41:51.401","697a2d437e2e7dcf98746757","682a23c3abd2e50d0b17c00f","[PREMIUM]","[PREMIUM]","[PREMIUM]","[PREMIUM]","[PREMIUM]","[1,2]","211","7","Lower","['*','*']","mobile","tm","tmqr",,"[PREMIUM]","[PREMIUM]","[]","2026-04-18 00:00:00","Kalamazoo Wings at Fort Wayne Komets (Rescheduled from 12/28/2025)","echl","2026-04-19 22:00:00","63c9d24e0d5fff000179f4ef"
"697a2d43b53b5f195514bdea","2026-01-28 19:04:14.674","2026-02-01 11:00:15.078","697a2d43b53b5f195514bdea","682a23c3abd2e50d0b17c00f","[PREMIUM]","[PREMIUM]","[PREMIUM]","[PREMIUM]","[PREMIUM]","[1,2,3,4,5,6,7,8]","219","21","Lower","['*','*','*','*','*','*','*','*']","mobile","tm","tmqr","great","[PREMIUM]","[PREMIUM]","[]","2026-04-18 00:00:00","Kalamazoo Wings at Fort Wayne Komets (Rescheduled from 12/28/2025)","echl","2026-04-19 22:00:00","63c9d24e0d5fff000179f4ef"
"697a2d43722ffd0d5728c8ba","2026-01-28 19:04:14.674","2026-02-09 21:02:21.105","697a2d43722ffd0d5728c8ba","682a23c3abd2e50d0b17c00f","[PREMIUM]","[PREMIUM]","[PREMIUM]","[PREMIUM]","[PREMIUM]","[1,2]","209","6","Lower","['*','*']","mobile","tm","tmqr","great","[PREMIUM]","[PREMIUM]","[]","2026-04-18 00:00:00","Kalamazoo Wings at Fort Wayne Komets (Rescheduled from 12/28/2025)","echl","2026-04-19 22:00:00","63c9d24e0d5fff000179f4ef"
"697a2d44722ffd0d5728c8bb","2026-01-28 19:04:14.674","2026-02-09 21:02:21.105","697a2d44722ffd0d5728c8bb","682a23c3abd2e50d0b17c00f","[PREMIUM]","[PREMIUM]","[PREMIUM]","[PREMIUM]","[PREMIUM]","[1,2,3,4,5,6,7,8]","222","7","Lower","['*','*','*','*','*','*','*','*']","mobile","tm","tmqr","great","[PREMIUM]","[PREMIUM]","[]","2026-04-18 00:00:00","Kalamazoo Wings at Fort Wayne Komets (Rescheduled from 12/28/2025)","echl","2026-04-19 22:00:00","63c9d24e0d5fff000179f4ef"
"697a2d4322d5daa67301a4df","2026-01-28 19:04:14.674","2026-01-29 22:40:08.528","697a2d4322d5daa67301a4df","682a23c3abd2e50d0b17c00f","[PREMIUM]","[PREMIUM]","[PREMIUM]","[PREMIUM]","[PREMIUM]","[1,2,3,4]","226","6","Lower","['*','*','*','*']","mobile","tm","tmqr",,"[PREMIUM]","[PREMIUM]","[]","2026-04-18 00:00:00","Kalamazoo Wings at Fort Wayne Komets (Rescheduled from 12/28/2025)","echl","2026-04-19 22:00:00","63c9d24e0d5fff000179f4ef"
"6969310cf96921a772917244","2026-01-28 19:04:14.618","2026-02-01 11:00:16.735","6969310cf96921a772917244","6828d3d198a22b06fcd22d1c","[PREMIUM]","[PREMIUM]","[PREMIUM]","[PREMIUM]","[PREMIUM]","[1,2,3,4,5,6,7,8]","104","V","Lower","['*','*','*','*','*','*','*','*']","mobile","tm","tmqr","great","[PREMIUM]","[PREMIUM]","[]","2026-04-17 00:00:00","Iowa Heartlanders at Bloomington Bison (Rescheduled from 12/28/2025)","echl","2026-04-19 00:00:00","65fcb9c7787f5655b475bca6"
"69785e4aa3a83bdc9a272da5","2026-01-28 19:04:14.618","2026-02-08 17:12:25.706","69785e4aa3a83bdc9a272da5","6828d3d198a22b06fcd22d1c","[PREMIUM]","[PREMIUM]","[PREMIUM]","[PREMIUM]","[PREMIUM]","[1,2,3,4,5,6,7,8]","108","K","Lower","['*','*','*','*','*','*','*','*']","mobile","tm","tmqr","great","[PREMIUM]","[PREMIUM]","[]","2026-04-17 00:00:00","Iowa Heartlanders at Bloomington Bison (Rescheduled from 12/28/2025)","echl","2026-04-19 00:00:00","65fcb9c7787f5655b475bca6"
"697912ee51ca41b11a482ac4","2026-01-28 19:04:14.618","2026-02-01 11:00:16.735","697912ee51ca41b11a482ac4","6828d3d198a22b06fcd22d1c","[PREMIUM]","[PREMIUM]","[PREMIUM]","[PREMIUM]","[PREMIUM]","[1,2,3,4]","110","Z","Lower","['*','*','*','*']","mobile","tm","tmqr",,"[PREMIUM]","[PREMIUM]","[]","2026-04-17 00:00:00","Iowa Heartlanders at Bloomington Bison (Rescheduled from 12/28/2025)","echl","2026-04-19 00:00:00","65fcb9c7787f5655b475bca6"
"6979133be41cc2b1be463c07","2026-01-28 19:04:14.618","2026-02-02 14:19:20.739","6979133be41cc2b1be463c07","6828d3d198a22b06fcd22d1c","[PREMIUM]","[PREMIUM]","[PREMIUM]","[PREMIUM]","[PREMIUM]","[1,2,3,4]","114","V","Lower","['*','*','*','*']","mobile","tm","tmqr",,"[PREMIUM]","[PREMIUM]","[]","2026-04-17 00:00:00","Iowa Heartlanders at Bloomington Bison (Rescheduled from 12/28/2025)","echl","2026-04-19 00:00:00","65fcb9c7787f5655b475bca6"
"6979275d5fa9cbf67ff5f349","2026-01-28 19:04:14.618","2026-01-28 19:04:14.618","6979275d5fa9cbf67ff5f349","6828d3d198a22b06fcd22d1c","[PREMIUM]","[PREMIUM]","[PREMIUM]","[PREMIUM]","[PREMIUM]","[1,2,3,4,5,6]","111","C","Lower","['*','*','*','*','*','*']","mobile","tm","tmqr","amazing","[PREMIUM]","[PREMIUM]","[]","2026-04-17 00:00:00","Iowa Heartlanders at Bloomington Bison (Rescheduled from 12/28/2025)","echl","2026-04-19 00:00:00","65fcb9c7787f5655b475bca6"
"697927275fa9cbf67fe9fc5b","2026-01-28 19:04:14.618","2026-01-29 22:40:09.555","697927275fa9cbf67fe9fc5b","6828d3d198a22b06fcd22d1c","[PREMIUM]","[PREMIUM]","[PREMIUM]","[PREMIUM]","[PREMIUM]","[1,2,3]","102","K","Lower","['*','*','*']","mobile","tm","tmqr",,"[PREMIUM]","[PREMIUM]","[]","2026-04-17 00:00:00","Iowa Heartlanders at Bloomington Bison (Rescheduled from 12/28/2025)","echl","2026-04-19 00:00:00","65fcb9c7787f5655b475bca6"
"697927125fa9cbf67fe4661d","2026-01-28 19:04:14.618","2026-01-29 22:40:09.555","697927125fa9cbf67fe4661d","6828d3d198a22b06fcd22d1c","[PREMIUM]","[PREMIUM]","[PREMIUM]","[PREMIUM]","[PREMIUM]","[1,2]","112","B","Lower","['*','*']","mobile","tm","tmqr",,"[PREMIUM]","[PREMIUM]","[]","2026-04-17 00:00:00","Iowa Heartlanders at Bloomington Bison (Rescheduled from 12/28/2025)","echl","2026-04-19 00:00:00","65fcb9c7787f5655b475bca6"
"697927b15fa9cbf67f0c45ed","2026-01-28 19:04:14.618","2026-01-28 19:04:14.618","697927b15fa9cbf67f0c45ed","6828d3d198a22b06fcd22d1c","[PREMIUM]","[PREMIUM]","[PREMIUM]","[PREMIUM]","[PREMIUM]","[1,2,3,4,5,6]","110","B","Lower","['*','*','*','*','*','*']","mobile","tm","tmqr","great","[PREMIUM]","[PREMIUM]","[]","2026-04-17 00:00:00","Iowa Heartlanders at Bloomington Bison (Rescheduled from 12/28/2025)","echl","2026-04-19 00:00:00","65fcb9c7787f5655b475bca6"
"697927235fa9cbf67fe8d7e9","2026-01-28 19:04:14.618","2026-01-29 22:40:09.555","697927235fa9cbf67fe8d7e9","6828d3d198a22b06fcd22d1c","[PREMIUM]","[PREMIUM]","[PREMIUM]","[PREMIUM]","[PREMIUM]","[1,2,3,4,5,6,7,8]","107","F","Lower","['*','*','*','*','*','*','*','*']","mobile","tm","tmqr","great","[PREMIUM]","[PREMIUM]","[]","2026-04-17 00:00:00","Iowa Heartlanders at Bloomington Bison (Rescheduled from 12/28/2025)","echl","2026-04-19 00:00:00","65fcb9c7787f5655b475bca6"
"697927015fa9cbf67fe0920e","2026-01-28 19:04:14.618","2026-01-29 22:40:09.555","697927015fa9cbf67fe0920e","6828d3d198a22b06fcd22d1c","[PREMIUM]","[PREMIUM]","[PREMIUM]","[PREMIUM]","[PREMIUM]","[1,2,3,4,5,6]","108","E","Lower","['*','*','*','*','*','*']","mobile","tm","tmqr","great","[PREMIUM]","[PREMIUM]","[]","2026-04-17 00:00:00","Iowa Heartlanders at Bloomington Bison (Rescheduled from 12/28/2025)","echl","2026-04-19 00:00:00","65fcb9c7787f5655b475bca6"
"697927d25fa9cbf67f14bb29","2026-01-28 19:04:14.618","2026-01-28 19:04:14.618","697927d25fa9cbf67f14bb29","6828d3d198a22b06fcd22d1c","[PREMIUM]","[PREMIUM]","[PREMIUM]","[PREMIUM]","[PREMIUM]","[1,2,3,4,5,6,7,8]","101","F","Lower","['*','*','*','*','*','*','*','*']","mobile","tm","tmqr","amazing","[PREMIUM]","[PREMIUM]","[]","2026-04-17 00:00:00","Iowa Heartlanders at Bloomington Bison (Rescheduled from 12/28/2025)","echl","2026-04-19 00:00:00","65fcb9c7787f5655b475bca6"
"697928c4a2a80c21439ddc44","2026-01-28 19:04:14.565","2026-02-08 17:12:25.675","697928c4a2a80c21439ddc44","682a23c291818a5b88a3544a","[PREMIUM]","[PREMIUM]","[PREMIUM]","[PREMIUM]","[PREMIUM]","[1,2,3,4,5,6,7,9]","118","14","Lower","['4','5','6','7','8','9','10','11','12']","mobile","tm","tmqr","great","[PREMIUM]","[PREMIUM]","[]",,"Toledo Walleye at Indy Fuel (Rescheduled from 12/28/2025)","echl","2026-04-01 23:00:00","66f5f16890bb4fc51cf99db4"
"69792b0a1a4a0c1d509f45be","2026-01-28 19:04:14.565","2026-02-16 19:24:56.146","69792b0a1a4a0c1d509f45be","682a23c291818a5b88a3544a","[PREMIUM]","[PREMIUM]","[PREMIUM]","[PREMIUM]","[PREMIUM]","[2]","114","15","Lower","['21','22']","mobile","tm","tmqr",,"[PREMIUM]","[PREMIUM]","[]","2026-03-31 23:00:00","Toledo Walleye at Indy Fuel (Rescheduled from 12/28/2025)","echl","2026-04-01 23:00:00","66f5f16890bb4fc51cf99db4"
"697a2848bcdeaf514fa95ec4","2026-01-28 19:04:14.565","2026-03-03 16:19:53.587","697a2848bcdeaf514fa95ec4","682a23c291818a5b88a3544a","[PREMIUM]","[PREMIUM]","[PREMIUM]","[PREMIUM]","[PREMIUM]","[2,4,6,8]","101","13","Lower","['11','12','13','14','15','16','17','18']","mobile","tm","tmqr",,"[PREMIUM]","[PREMIUM]","[]","2026-03-31 23:00:00","Toledo Walleye at Indy Fuel (Rescheduled from 12/28/2025)","echl","2026-04-01 23:00:00","66f5f16890bb4fc51cf99db4"
"696f1a93319dd7a7f26453a0","2026-01-28 19:04:13.458","2026-01-29 22:40:07.427","696f1a93319dd7a7f26453a0","68ce2ce008eeb31bf53022d8","[PREMIUM]","[PREMIUM]","[PREMIUM]","[PREMIUM]","[PREMIUM]","[1,2,3,4]","304","13","Upper","['*','*','*','*']","mobile","sg","tmqr","cheapest","[PREMIUM]","[PREMIUM]","[]","2026-03-12 00:00:00","Barry Manilow (Rescheduled from 1/6)","music","2026-03-14 23:00:00","55664c1d4678da778c000001"
"696f1a92319dd7a7f2642620","2026-01-28 19:04:13.458","2026-02-21 09:15:03.967","696f1a92319dd7a7f2642620","68ce2ce008eeb31bf53022d8","[PREMIUM]","[PREMIUM]","[PREMIUM]","[PREMIUM]","[PREMIUM]","[1,2,3,4]","304","8","Upper","['*','*','*','*']","mobile","sg","tmqr",,"[PREMIUM]","[PREMIUM]","[]","2026-03-12 00:00:00","Barry Manilow (Rescheduled from 1/6)","music","2026-03-14 23:00:00","55664c1d4678da778c000001"
"697a4e705fa9cbf67fa6dd41","2026-01-28 19:04:13.458","2026-02-04 04:23:12.100","697a4e705fa9cbf67fa6dd41","68ce2ce008eeb31bf53022d8","[PREMIUM]","[PREMIUM]","[PREMIUM]","[PREMIUM]","[PREMIUM]","[2]","C11","3","Club","['1','2']","mobile","sg","tmqr",,"[PREMIUM]","[PREMIUM]","[]","2026-03-13 00:00:00","Barry Manilow (Rescheduled from 1/6)","music","2026-03-14 23:00:00","55664c1d4678da778c000001"
"697a4e665fa9cbf67fa468e3","2026-01-28 19:04:13.458","2026-02-20 05:53:10.909","697a4e665fa9cbf67fa468e3","68ce2ce008eeb31bf53022d8","[PREMIUM]","[PREMIUM]","[PREMIUM]","[PREMIUM]","[PREMIUM]","[2]","C10","3","Club","['1','2']","mobile","sg","tmqr",,"[PREMIUM]","[PREMIUM]","[]","2026-03-13 00:00:00","Barry Manilow (Rescheduled from 1/6)","music","2026-03-14 23:00:00","55664c1d4678da778c000001"
"697a4e705fa9cbf67fa6dd23","2026-01-28 19:04:13.458","2026-02-21 09:15:03.967","697a4e705fa9cbf67fa6dd23","68ce2ce008eeb31bf53022d8","[PREMIUM]","[PREMIUM]","[PREMIUM]","[PREMIUM]","[PREMIUM]","[1,2,3,4,6]","C13","5","Club","['5','6','7','8','9','10']","mobile","sg","tmqr",,"[PREMIUM]","[PREMIUM]","[]","2026-03-13 00:00:00","Barry Manilow (Rescheduled from 1/6)","music","2026-03-14 23:00:00","55664c1d4678da778c000001"
"6967fbf123dd69cbf9dea9aa","2026-01-28 19:04:13.443","2026-01-28 19:04:13.443","6967fbf123dd69cbf9dea9aa","68ce2f5c7965bba4350a1bf9","[PREMIUM]","[PREMIUM]","[PREMIUM]","[PREMIUM]","[PREMIUM]","[1,2,3,4,5]","216","13","Promenade","['*','*','*','*','*']","mobile","tm","tmqr",,"[PREMIUM]","[PREMIUM]","[]","2026-03-12 00:00:00","Barry Manilow (Rescheduled from 1/7)","music","2026-03-13 23:00:00","545d4acf3bf3762bdb000003"
"6978f4425fa9cbf67f958730","2026-01-28 19:04:13.443","2026-02-21 09:15:03.934","6978f4425fa9cbf67f958730","68ce2f5c7965bba4350a1bf9","[PREMIUM]","[PREMIUM]","[PREMIUM]","[PREMIUM]","[PREMIUM]","[1,2,3,4,5,6,7,8]","109A","27","Terrace","['*','*','*','*','*','*','*','*']","mobile","tm","tmqr","great","[PREMIUM]","[PREMIUM]","[]","2026-03-12 00:00:00","Barry Manilow (Rescheduled from 1/7)","music","2026-03-13 23:00:00","545d4acf3bf3762bdb000003"
"6978f44a5fa9cbf67f977be3","2026-01-28 19:04:13.443","2026-02-08 17:12:23.498","6978f44a5fa9cbf67f977be3","68ce2f5c7965bba4350a1bf9","[PREMIUM]","[PREMIUM]","[PREMIUM]","[PREMIUM]","[PREMIUM]","[1,2,3,4,5,6,7,8]","212","4","Promenade","['*','*','*','*','*','*','*','*']","mobile","tm","tmqr",,"[PREMIUM]","[PREMIUM]","[]","2026-03-12 00:00:00","Barry Manilow (Rescheduled from 1/7)","music","2026-03-13 23:00:00","545d4acf3bf3762bdb000003"
"6978f4805fa9cbf67fa4bf4e","2026-01-28 19:04:13.443","2026-02-12 04:39:18.342","6978f4805fa9cbf67fa4bf4e","68ce2f5c7965bba4350a1bf9","[PREMIUM]","[PREMIUM]","[PREMIUM]","[PREMIUM]","[PREMIUM]","[1,2,3,4,5,6]","111A","25","Terrace","['*','*','*','*','*','*']","mobile","tm","tmqr",,"[PREMIUM]","[PREMIUM]","[]","2026-03-12 00:00:00","Barry Manilow (Rescheduled from 1/7)","music","2026-03-13 23:00:00","545d4acf3bf3762bdb000003"
"6978f4575fa9cbf67f9aa500","2026-01-28 19:04:13.443","2026-02-15 15:41:49.031","6978f4575fa9cbf67f9aa500","68ce2f5c7965bba4350a1bf9","[PREMIUM]","[PREMIUM]","[PREMIUM]","[PREMIUM]","[PREMIUM]","[1,2,3,4,5,6,7,8]","216","5","Promenade","['*','*','*','*','*','*','*','*']","mobile","tm","tmqr","great","[PREMIUM]","[PREMIUM]","[]","2026-03-12 00:00:00","Barry Manilow (Rescheduled from 1/7)","music","2026-03-13 23:00:00","545d4acf3bf3762bdb000003"
"6978f4635fa9cbf67f9dbb95","2026-01-28 19:04:13.443","2026-02-08 17:12:23.498","6978f4635fa9cbf67f9dbb95","68ce2f5c7965bba4350a1bf9","[PREMIUM]","[PREMIUM]","[PREMIUM]","[PREMIUM]","[PREMIUM]","[1,2,3,4,5,6,7,8]","222","3","Promenade","['*','*','*','*','*','*','*','*']","mobile","tm","tmqr","great","[PREMIUM]","[PREMIUM]","[]","2026-03-12 00:00:00","Barry Manilow (Rescheduled from 1/7)","music","2026-03-13 23:00:00","545d4acf3bf3762bdb000003"
"6978f4805fa9cbf67fa4b449","2026-01-28 19:04:13.443","2026-02-08 17:12:23.498","6978f4805fa9cbf67fa4b449","68ce2f5c7965bba4350a1bf9","[PREMIUM]","[PREMIUM]","[PREMIUM]","[PREMIUM]","[PREMIUM]","[1,2,3,4,5,6]","210","6","Promenade","['*','*','*','*','*','*']","mobile","tm","tmqr","amazing","[PREMIUM]","[PREMIUM]","[]","2026-03-12 00:00:00","Barry Manilow (Rescheduled from 1/7)","music","2026-03-13 23:00:00","545d4acf3bf3762bdb000003"
"6978f4745fa9cbf67fa1b846","2026-01-28 19:04:13.443","2026-01-29 22:40:07.299","6978f4745fa9cbf67fa1b846","68ce2f5c7965bba4350a1bf9","[PREMIUM]","[PREMIUM]","[PREMIUM]","[PREMIUM]","[PREMIUM]","[1,2,3,5]","111","13","Lower","['*','*','*','*','*']","mobile","tm","tmqr","great","[PREMIUM]","[PREMIUM]","[]","2026-03-12 00:00:00","Barry Manilow (Rescheduled from 1/7)","music","2026-03-13 23:00:00","545d4acf3bf3762bdb000003"
"6978f4705fa9cbf67fa0b250","2026-01-28 19:04:13.443","2026-01-28 19:04:13.443","6978f4705fa9cbf67fa0b250","68ce2f5c7965bba4350a1bf9","[PREMIUM]","[PREMIUM]","[PREMIUM]","[PREMIUM]","[PREMIUM]","[1,2,3,4,5,6,7,8]","114","3","Lower","['*','*','*','*','*','*','*','*']","mobile","tm","tmqr",,"[PREMIUM]","[PREMIUM]","[]","2026-03-12 00:00:00","Barry Manilow (Rescheduled from 1/7)","music","2026-03-13 23:00:00","545d4acf3bf3762bdb000003"
"6978f4465fa9cbf67f9690e0","2026-01-28 19:04:13.443","2026-01-28 19:04:13.443","6978f4465fa9cbf67f9690e0","68ce2f5c7965bba4350a1bf9","[PREMIUM]","[PREMIUM]","[PREMIUM]","[PREMIUM]","[PREMIUM]","[1,2,3,4,5,6,7,8]","213","1","Promenade","['*','*','*','*','*','*','*','*']","mobile","tm","tmqr",,"[PREMIUM]","[PREMIUM]","[]","2026-03-12 00:00:00","Barry Manilow (Rescheduled from 1/7)","music","2026-03-13 23:00:00","545d4acf3bf3762bdb000003"
"6978f4915fa9cbf67fa8c90f","2026-01-28 19:04:13.443","2026-01-28 19:04:13.443","6978f4915fa9cbf67fa8c90f","68ce2f5c7965bba4350a1bf9","[PREMIUM]","[PREMIUM]","[PREMIUM]","[PREMIUM]","[PREMIUM]","[1,2,3,4]","110A","28","Terrace","['*','*','*','*']","mobile","tm","tmqr","great","[PREMIUM]","[PREMIUM]","[]","2026-03-12 00:00:00","Barry Manilow (Rescheduled from 1/7)","music","2026-03-13 23:00:00","545d4acf3bf3762bdb000003"
"6978f4c85fa9cbf67fb635c0","2026-01-28 19:04:13.443","2026-02-14 12:43:52.531","6978f4c85fa9cbf67fb635c0","68ce2f5c7965bba4350a1bf9","[PREMIUM]","[PREMIUM]","[PREMIUM]","[PREMIUM]","[PREMIUM]","[1,2,3,4,5,6]","112","11","Lower","['*','*','*','*','*','*']","mobile","tm","tmqr","amazing","[PREMIUM]","[PREMIUM]","[]","2026-03-12 00:00:00","Barry Manilow (Rescheduled from 1/7)","music","2026-03-13 23:00:00","545d4acf3bf3762bdb000003"
"6978f4a65fa9cbf67fadada0","2026-01-28 19:04:13.443","2026-02-21 09:15:03.934","6978f4a65fa9cbf67fadada0","68ce2f5c7965bba4350a1bf9","[PREMIUM]","[PREMIUM]","[PREMIUM]","[PREMIUM]","[PREMIUM]","[1,2,3,4,5,6]","FLR5","H","Floor","['*','*','*','*','*','*']","mobile","tm","tmqr",,"[PREMIUM]","[PREMIUM]","[]","2026-03-12 00:00:00","Barry Manilow (Rescheduled from 1/7)","music","2026-03-13 23:00:00","545d4acf3bf3762bdb000003"
"6978f49d5fa9cbf67fabac67","2026-01-28 19:04:13.443","2026-02-13 08:47:38.440","6978f49d5fa9cbf67fabac67","68ce2f5c7965bba4350a1bf9","[PREMIUM]","[PREMIUM]","[PREMIUM]","[PREMIUM]","[PREMIUM]","[1,2]","FLR2","E","Floor","['*','*']","mobile","tm","tmqr",,"[PREMIUM]","[PREMIUM]","[]","2026-03-12 00:00:00","Barry Manilow (Rescheduled from 1/7)","music","2026-03-13 23:00:00","545d4acf3bf3762bdb000003"
"6978f4c85fa9cbf67fb61fa2","2026-01-28 19:04:13.443","2026-02-05 07:40:55.309","6978f4c85fa9cbf67fb61fa2","68ce2f5c7965bba4350a1bf9","[PREMIUM]","[PREMIUM]","[PREMIUM]","[PREMIUM]","[PREMIUM]","[1,2,3,4,5,6,7,8]","223","2","Promenade","['*','*','*','*','*','*','*','*']","mobile","tm","tmqr",,"[PREMIUM]","[PREMIUM]","[]","2026-03-12 00:00:00","Barry Manilow (Rescheduled from 1/7)","music","2026-03-13 23:00:00","545d4acf3bf3762bdb000003"
"6978f48d5fa9cbf67fa7e934","2026-01-28 19:04:13.443","2026-01-28 19:04:13.443","6978f48d5fa9cbf67fa7e934","68ce2f5c7965bba4350a1bf9","[PREMIUM]","[PREMIUM]","[PREMIUM]","[PREMIUM]","[PREMIUM]","[1,2,3,4,5,6,7,8]","115","13","Lower","['*','*','*','*','*','*','*','*']","mobile","tm","tmqr","great","[PREMIUM]","[PREMIUM]","[]","2026-03-12 00:00:00","Barry Manilow (Rescheduled from 1/7)","music","2026-03-13 23:00:00","545d4acf3bf3762bdb000003"
"6978f4a55fa9cbf67fadaa57","2026-01-28 19:04:13.443","2026-02-13 08:47:38.440","6978f4a55fa9cbf67fadaa57","68ce2f5c7965bba4350a1bf9","[PREMIUM]","[PREMIUM]","[PREMIUM]","[PREMIUM]","[PREMIUM]","[1,2]","FLR4","N","Floor","['*','*']","mobile","tm","tmqr",,"[PREMIUM]","[PREMIUM]","[]","2026-03-12 00:00:00","Barry Manilow (Rescheduled from 1/7)","music","2026-03-13 23:00:00","545d4acf3bf3762bdb000003"
"6978f48d5fa9cbf67fa7ee3c","2026-01-28 19:04:13.443","2026-02-21 09:15:03.934","6978f48d5fa9cbf67fa7ee3c","68ce2f5c7965bba4350a1bf9","[PREMIUM]","[PREMIUM]","[PREMIUM]","[PREMIUM]","[PREMIUM]","[1,2,3,4,5,6,7,8]","214","3","Promenade","['*','*','*','*','*','*','*','*']","mobile","tm","tmqr","amazing","[PREMIUM]","[PREMIUM]","[]","2026-03-12 00:00:00","Barry Manilow (Rescheduled from 1/7)","music","2026-03-13 23:00:00","545d4acf3bf3762bdb000003"
"6978f4895fa9cbf67fa6f825","2026-01-28 19:04:13.443","2026-02-05 07:40:55.309","6978f4895fa9cbf67fa6f825","68ce2f5c7965bba4350a1bf9","[PREMIUM]","[PREMIUM]","[PREMIUM]","[PREMIUM]","[PREMIUM]","[1,2,3,4,5,6]","221","1","Promenade","['*','*','*','*','*','*']","mobile","tm","tmqr",,"[PREMIUM]","[PREMIUM]","[]","2026-03-12 00:00:00","Barry Manilow (Rescheduled from 1/7)","music","2026-03-13 23:00:00","545d4acf3bf3762bdb000003"
"6978f48d5fa9cbf67fa7e851","2026-01-28 19:04:13.443","2026-02-21 09:15:03.934","6978f48d5fa9cbf67fa7e851","68ce2f5c7965bba4350a1bf9","[PREMIUM]","[PREMIUM]","[PREMIUM]","[PREMIUM]","[PREMIUM]","[1,2,3,4,5,6,7,8]","219","2","Promenade","['*','*','*','*','*','*','*','*']","mobile","tm","tmqr",,"[PREMIUM]","[PREMIUM]","[]","2026-03-12 00:00:00","Barry Manilow (Rescheduled from 1/7)","music","2026-03-13 23:00:00","545d4acf3bf3762bdb000003"
"6978f6f15fa9cbf67f3b58f2","2026-01-28 19:04:13.443","2026-02-01 11:00:12.907","6978f6f15fa9cbf67f3b58f2","68ce2f5c7965bba4350a1bf9","[PREMIUM]","[PREMIUM]","[PREMIUM]","[PREMIUM]","[PREMIUM]","[2]","FLR4","H","Floor","['*','*']","mobile","tm","tmqr",,"[PREMIUM]","[PREMIUM]","[]","2026-03-12 00:00:00","Barry Manilow (Rescheduled from 1/7)","music","2026-03-13 23:00:00","545d4acf3bf3762bdb000003"
"6978f4f95fa9cbf67fc13c12","2026-01-28 19:04:13.443","2026-01-28 19:04:13.443","6978f4f95fa9cbf67fc13c12","68ce2f5c7965bba4350a1bf9","[PREMIUM]","[PREMIUM]","[PREMIUM]","[PREMIUM]","[PREMIUM]","[1,2]","209","1","Promenade","['*','*']","mobile","tm","tmqr","amazing","[PREMIUM]","[PREMIUM]","[]","2026-03-12 00:00:00","Barry Manilow (Rescheduled from 1/7)","music","2026-03-13 23:00:00","545d4acf3bf3762bdb000003"
"6978f4eb5fa9cbf67fbe05ea","2026-01-28 19:04:13.443","2026-02-11 01:19:58.750","6978f4eb5fa9cbf67fbe05ea","68ce2f5c7965bba4350a1bf9","[PREMIUM]","[PREMIUM]","[PREMIUM]","[PREMIUM]","[PREMIUM]","[1,2,3,4,5,6]","FLR7","H","Floor","['*','*','*','*','*','*']","mobile","tm","tmqr","great","[PREMIUM]","[PREMIUM]","[]","2026-03-12 00:00:00","Barry Manilow (Rescheduled from 1/7)","music","2026-03-13 23:00:00","545d4acf3bf3762bdb000003"
"6978f6f15fa9cbf67f3b58f8","2026-01-28 19:04:13.443","2026-02-01 11:00:12.907","6978f6f15fa9cbf67f3b58f8","68ce2f5c7965bba4350a1bf9","[PREMIUM]","[PREMIUM]","[PREMIUM]","[PREMIUM]","[PREMIUM]","[2]","108","9","Lower","['*','*']","mobile","tm","tmqr","amazing","[PREMIUM]","[PREMIUM]","[]","2026-03-12 00:00:00","Barry Manilow (Rescheduled from 1/7)","music","2026-03-13 23:00:00","545d4acf3bf3762bdb000003"
"6978f4d75fa9cbf67fb9836f","2026-01-28 19:04:13.443","2026-02-05 07:40:55.309","6978f4d75fa9cbf67fb9836f","68ce2f5c7965bba4350a1bf9","[PREMIUM]","[PREMIUM]","[PREMIUM]","[PREMIUM]","[PREMIUM]","[1,2,3,4,5,6,7,8]","106","3","Lower","['*','*','*','*','*','*','*','*']","mobile","tm","tmqr",,"[PREMIUM]","[PREMIUM]","[]","2026-03-12 00:00:00","Barry Manilow (Rescheduled from 1/7)","music","2026-03-13 23:00:00","545d4acf3bf3762bdb000003"
"6978f4df5fa9cbf67fbb45be","2026-01-28 19:04:13.443","2026-02-02 14:19:18.546","6978f4df5fa9cbf67fbb45be","68ce2f5c7965bba4350a1bf9","[PREMIUM]","[PREMIUM]","[PREMIUM]","[PREMIUM]","[PREMIUM]","[1,2,4]","FLR6","L","Floor","['*','*','*','*']","mobile","tm","tmqr","super","[PREMIUM]","[PREMIUM]","[]","2026-03-12 00:00:00","Barry Manilow (Rescheduled from 1/7)","music","2026-03-13 23:00:00","545d4acf3bf3762bdb000003"
"6978f4df5fa9cbf67fbb4f2a","2026-01-28 19:04:13.443","2026-02-08 17:12:23.498","6978f4df5fa9cbf67fbb4f2a","68ce2f5c7965bba4350a1bf9","[PREMIUM]","[PREMIUM]","[PREMIUM]","[PREMIUM]","[PREMIUM]","[1,2,3,4,5,6,7,8]","211","2","Promenade","['*','*','*','*','*','*','*','*']","mobile","tm","tmqr",,"[PREMIUM]","[PREMIUM]","[]","2026-03-12 00:00:00","Barry Manilow (Rescheduled from 1/7)","music","2026-03-13 23:00:00","545d4acf3bf3762bdb000003"
"697974675fa9cbf67f02c901","2026-01-28 19:04:13.443","2026-02-02 14:19:18.546","697974675fa9cbf67f02c901","68ce2f5c7965bba4350a1bf9","[PREMIUM]","[PREMIUM]","[PREMIUM]","[PREMIUM]","[PREMIUM]","[2]","219","9","Promenade","['*','*']","mobile","tm","tmqr","great","[PREMIUM]","[PREMIUM]","[]","2026-03-11 00:00:00","Barry Manilow (Rescheduled from 1/7)","music","2026-03-13 23:00:00","545d4acf3bf3762bdb000003"
"697974715fa9cbf67f05ce30","2026-01-28 19:04:13.443","2026-02-04 04:23:12.143","697974715fa9cbf67f05ce30","68ce2f5c7965bba4350a1bf9","[PREMIUM]","[PREMIUM]","[PREMIUM]","[PREMIUM]","[PREMIUM]","[2]","218","1","Promenade","['*','*']","mobile","tm","tmqr",,"[PREMIUM]","[PREMIUM]","[]","2026-03-11 00:00:00","Barry Manilow (Rescheduled from 1/7)","music","2026-03-13 23:00:00","545d4acf3bf3762bdb000003"
"6979746f5fa9cbf67f0533b7","2026-01-28 19:04:13.443","2026-02-05 07:40:55.309","6979746f5fa9cbf67f0533b7","68ce2f5c7965bba4350a1bf9","[PREMIUM]","[PREMIUM]","[PREMIUM]","[PREMIUM]","[PREMIUM]","[2]","104","6","Lower","['*','*']","mobile","tm","tmqr",,"[PREMIUM]","[PREMIUM]","[]","2026-03-11 00:00:00","Barry Manilow (Rescheduled from 1/7)","music","2026-03-13 23:00:00","545d4acf3bf3762bdb000003"
"6979746f5fa9cbf67f053002","2026-01-28 19:04:13.443","2026-01-29 22:40:07.299","6979746f5fa9cbf67f053002","68ce2f5c7965bba4350a1bf9","[PREMIUM]","[PREMIUM]","[PREMIUM]","[PREMIUM]","[PREMIUM]","[2]","107","7","Lower","['*','*']","mobile","tm","tmqr",,"[PREMIUM]","[PREMIUM]","[]","2026-03-11 00:00:00","Barry Manilow (Rescheduled from 1/7)","music","2026-03-13 23:00:00","545d4acf3bf3762bdb000003"
"6979746c5fa9cbf67f04420d","2026-01-28 19:04:13.443","2026-02-05 07:40:55.309","6979746c5fa9cbf67f04420d","68ce2f5c7965bba4350a1bf9","[PREMIUM]","[PREMIUM]","[PREMIUM]","[PREMIUM]","[PREMIUM]","[2]","105","7","Lower","['*','*']","mobile","tm","tmqr",,"[PREMIUM]","[PREMIUM]","[]","2026-03-11 00:00:00","Barry Manilow (Rescheduled from 1/7)","music","2026-03-13 23:00:00","545d4acf3bf3762bdb000003"
"697974645fa9cbf67f0223d1","2026-01-28 19:04:13.443","2026-01-28 19:04:13.443","697974645fa9cbf67f0223d1","68ce2f5c7965bba4350a1bf9","[PREMIUM]","[PREMIUM]","[PREMIUM]","[PREMIUM]","[PREMIUM]","[2]","217","10","Promenade","['*','*']","mobile","tm","tmqr","great","[PREMIUM]","[PREMIUM]","['limited_view']","2026-03-11 00:00:00","Barry Manilow (Rescheduled from 1/7)","music","2026-03-13 23:00:00","545d4acf3bf3762bdb000003"
"697a0b175fa9cbf67f18c3b6","2026-01-28 19:04:13.443","2026-01-28 19:04:13.443","697a0b175fa9cbf67f18c3b6","68ce2f5c7965bba4350a1bf9","[PREMIUM]","[PREMIUM]","[PREMIUM]","[PREMIUM]","[PREMIUM]","[2]","109","16","Lower","['*','*']","mobile","tm","tmqr","great","[PREMIUM]","[PREMIUM]","[]","2026-03-11 00:00:00","Barry Manilow (Rescheduled from 1/7)","music","2026-03-13 23:00:00","545d4acf3bf3762bdb000003"
"697a58775fa9cbf67f250576","2026-01-28 19:04:13.443","2026-02-01 11:00:12.907","697a58775fa9cbf67f250576","68ce2f5c7965bba4350a1bf9","[PREMIUM]","[PREMIUM]","[PREMIUM]","[PREMIUM]","[PREMIUM]","[2]","104","16","Lower","['22','23']","mobile","tm","tmqr","amazing","[PREMIUM]","[PREMIUM]","[]",,"Barry Manilow (Rescheduled from 1/7)","music","2026-03-13 23:00:00","545d4acf3bf3762bdb000003"
"696d5d2f319dd7a7f2597401","2026-01-28 19:04:13.319","2026-02-12 04:39:19.539","696d5d2f319dd7a7f2597401","682a24e7041afb426cf3a968","[PREMIUM]","[PREMIUM]","[PREMIUM]","[PREMIUM]","[PREMIUM]","[1,2]","101","9","Lower","['11','12']","mobile","tm","tmqr","great","[PREMIUM]","[PREMIUM]","[]","2052-02-25 00:00:00","Orlando Solar Bears at Florida Everblades (Rescheduled from 12/29/2025)","echl","2026-02-27 00:30:00","58c1db7bcde6626ebe323603"
"697912e7d1bb58e3db851ccd","2026-01-28 19:04:13.259","2026-01-29 22:40:08.521","697912e7d1bb58e3db851ccd","682a24e70c0cbaecc328ad37","[PREMIUM]","[PREMIUM]","[PREMIUM]","[PREMIUM]","[PREMIUM]","[2]","116","8","Lower","['*','*']","mobile","tm","tmqr","great","[PREMIUM]","[PREMIUM]","[]","2026-04-16 00:00:00","Reading Royals at Florida Everblades (Postponed TBD from 12/28)","echl","2026-04-17 23:30:00","58c1db7bcde6626ebe323603"
"6979d4f410901c8f168e0554","2026-01-28 19:04:13.259","2026-02-02 14:19:19.640","6979d4f410901c8f168e0554","682a24e70c0cbaecc328ad37","[PREMIUM]","[PREMIUM]","[PREMIUM]","[PREMIUM]","[PREMIUM]","[1,2,3,4]","113","10","Lower","['*','*','*','*']","mobile","tm","tmqr","great","[PREMIUM]","[PREMIUM]","[]","2026-04-16 00:00:00","Reading Royals at Florida Everblades (Postponed TBD from 12/28)","echl","2026-04-17 23:30:00","58c1db7bcde6626ebe323603"
"697a4f295fa9cbf67fd4e8e4","2026-01-28 19:04:13.259","2026-03-03 16:19:51.326","697a4f295fa9cbf67fd4e8e4","682a24e70c0cbaecc328ad37","[PREMIUM]","[PREMIUM]","[PREMIUM]","[PREMIUM]","[PREMIUM]","[1,2,3,4,5,6,7,8,10]","107","20","Lower","['7','8','9','10','11','12','13','14','15','16']","mobile","tm","tmqr","amazing","[PREMIUM]","[PREMIUM]","[]","2026-04-16 00:00:00","Reading Royals at Florida Everblades (Postponed TBD from 12/28)","echl","2026-04-17 23:30:00","58c1db7bcde6626ebe323603"
"6970f0b3319dd7a7f2ab56f8","2026-01-28 19:04:13.233","2026-01-28 19:04:13.233","6970f0b3319dd7a7f2ab56f8","6903f0c1e5df38ddc18ef01e","[PREMIUM]","[PREMIUM]","[PREMIUM]","[PREMIUM]","[PREMIUM]","[1,2,3,4,5,6,8]","BRIGHTC","A","Balcony","['*','*','*','*','*','*','*','*']","mobile","tm","tmqr",,"[PREMIUM]","[PREMIUM]","[]","2026-02-19 00:00:00","Yiyo Sarante (Rescheduled from 1/3)","music","2026-02-21 01:00:00","65baabd5b0160562c7bb0b23"
"69785cd39dfd3c4ec1d8109f","2026-01-28 19:04:13.233","2026-01-29 22:40:08.548","69785cd39dfd3c4ec1d8109f","6903f0c1e5df38ddc18ef01e","[PREMIUM]","[PREMIUM]","[PREMIUM]","[PREMIUM]","[PREMIUM]","[1,2,3,4]","BLEFTC","E","Balcony","['*','*','*','*']","mobile","tm","tmqr",,"[PREMIUM]","[PREMIUM]","[]","2026-02-19 00:00:00","Yiyo Sarante (Rescheduled from 1/3)","music","2026-02-21 01:00:00","65baabd5b0160562c7bb0b23"
"6978e52a5fa9cbf67fe88a6c","2026-01-28 19:04:13.233","2026-02-05 07:40:56.354","6978e52a5fa9cbf67fe88a6c","6903f0c1e5df38ddc18ef01e","[PREMIUM]","[PREMIUM]","[PREMIUM]","[PREMIUM]","[PREMIUM]","[1,2,3,5]","BLEFTC","K","Balcony","['*','*','*','*','*']","mobile","tm","tmqr","cheapest","[PREMIUM]","[PREMIUM]","[]","2026-02-19 00:00:00","Yiyo Sarante (Rescheduled from 1/3)","music","2026-02-21 01:00:00","65baabd5b0160562c7bb0b23"
"6978e5a35fa9cbf67f05f63d","2026-01-28 19:04:13.233","2026-02-02 14:19:19.658","6978e5a35fa9cbf67f05f63d","6903f0c1e5df38ddc18ef01e","[PREMIUM]","[PREMIUM]","[PREMIUM]","[PREMIUM]","[PREMIUM]","[1,2,3,5]","BRIGHTC","K","Balcony","['*','*','*','*','*']","mobile","tm","tmqr","amazing","[PREMIUM]","[PREMIUM]","[]","2026-02-19 00:00:00","Yiyo Sarante (Rescheduled from 1/3)","music","2026-02-21 01:00:00","65baabd5b0160562c7bb0b23"
"697936795fa9cbf67f9a2b77","2026-01-28 19:04:13.233","2026-01-28 19:04:13.233","697936795fa9cbf67f9a2b77","6903f0c1e5df38ddc18ef01e","[PREMIUM]","[PREMIUM]","[PREMIUM]","[PREMIUM]","[PREMIUM]","[1,2,3,4,5,6,7,8]","FRIGHT","FF","Floor","['*','*','*','*','*','*','*','*']","mobile","tm","tmqr","amazing","[PREMIUM]","[PREMIUM]","[]","2026-02-19 00:00:00","Yiyo Sarante (Rescheduled from 1/3)","music","2026-02-21 01:00:00","65baabd5b0160562c7bb0b23"
"697a56f47dd1c19e7c8d5c8e","2026-01-28 19:04:13.233","2026-01-28 19:04:13.233","697a56f47dd1c19e7c8d5c8e","6903f0c1e5df38ddc18ef01e","[PREMIUM]","[PREMIUM]","[PREMIUM]","[PREMIUM]","[PREMIUM]","[2]","BLEFTC","A","Balcony","['*','*']","mobile","tm","tmqr",,"[PREMIUM]","[PREMIUM]","[]","2026-02-19 00:00:00","Yiyo Sarante (Rescheduled from 1/3)","music","2026-02-21 01:00:00","65baabd5b0160562c7bb0b23"
"697a56f6972fac593f34b03a","2026-01-28 19:04:13.233","2026-01-28 19:04:13.233","697a56f6972fac593f34b03a","6903f0c1e5df38ddc18ef01e","[PREMIUM]","[PREMIUM]","[PREMIUM]","[PREMIUM]","[PREMIUM]","[1,2,3,4,5,6]","BLEFTC","R","Balcony","['*','*','*','*','*','*']","mobile","tm","tmqr",,"[PREMIUM]","[PREMIUM]","[]","2026-02-19 00:00:00","Yiyo Sarante (Rescheduled from 1/3)","music","2026-02-21 01:00:00","65baabd5b0160562c7bb0b23"
"69383f904c87f865d04a7d7a","2026-01-28 19:04:12.179","2026-02-19 02:34:12.778","69383f904c87f865d04a7d7a","68ce3310ed7921ced221b767","[PREMIUM]","[PREMIUM]","[PREMIUM]","[PREMIUM]","[PREMIUM]","[2,3,4,5,6,7,8]","FLR9","12","Floor","['*','*','*','*','*','*','*','*']","mobile","tm","tmqr",,"[PREMIUM]","[PREMIUM]","[]","2026-03-15 00:00:00","Barry Manilow (Rescheduled from 1/10)","music","2026-03-16 23:00:00","58c1db7bcde6626ebe323603"
"69669ef323dd69cbf990f265","2026-01-28 19:04:12.179","2026-02-09 21:02:18.803","69669ef323dd69cbf990f265","68ce3310ed7921ced221b767","[PREMIUM]","[PREMIUM]","[PREMIUM]","[PREMIUM]","[PREMIUM]","[2]","FLR10","4","Floor","['*','*']","mobile","tm","tmqr",,"[PREMIUM]","[PREMIUM]","[]","2026-03-16 00:00:00","Barry Manilow (Rescheduled from 1/10)","music","2026-03-16 23:00:00","58c1db7bcde6626ebe323603"
"697788da55d8379aaa033380","2026-01-28 19:04:12.179","2026-01-31 02:22:25.245","697788da55d8379aaa033380","68ce3310ed7921ced221b767","[PREMIUM]","[PREMIUM]","[PREMIUM]","[PREMIUM]","[PREMIUM]","[2]","FLR9","2","Floor","['*','*']","mobile","tm","tmqr","great","[PREMIUM]","[PREMIUM]","[]","2026-03-15 00:00:00","Barry Manilow (Rescheduled from 1/10)","music","2026-03-16 23:00:00","58c1db7bcde6626ebe323603"
"697854a69dfd3c4ec1d80977","2026-01-28 19:04:12.179","2026-01-29 22:40:05.801","697854a69dfd3c4ec1d80977","68ce3310ed7921ced221b767","[PREMIUM]","[PREMIUM]","[PREMIUM]","[PREMIUM]","[PREMIUM]","[1,2,3,4,5,6,8]","FLR8","12","Floor","['*','*','*','*','*','*','*','*']","mobile","tm","tmqr",,"[PREMIUM]","[PREMIUM]","[]","2026-03-15 00:00:00","Barry Manilow (Rescheduled from 1/10)","music","2026-03-16 23:00:00","58c1db7bcde6626ebe323603"
"6978eb01fe4faa47051e6f85","2026-01-28 19:04:12.179","2026-01-31 02:22:25.245","6978eb01fe4faa47051e6f85","68ce3310ed7921ced221b767","[PREMIUM]","[PREMIUM]","[PREMIUM]","[PREMIUM]","[PREMIUM]","[2]","FLR8","7","Floor","['*','*']","mobile","tm","tmqr","great","[PREMIUM]","[PREMIUM]","[]","2026-03-15 00:00:00","Barry Manilow (Rescheduled from 1/10)","music","2026-03-16 23:00:00","58c1db7bcde6626ebe323603"
"6978f43a5fa9cbf67f93b556","2026-01-28 19:04:12.179","2026-02-02 14:19:18.375","6978f43a5fa9cbf67f93b556","68ce3310ed7921ced221b767","[PREMIUM]","[PREMIUM]","[PREMIUM]","[PREMIUM]","[PREMIUM]","[1,2]","102","16","Lower","['*','*']","mobile","tm","tmqr","amazing","[PREMIUM]","[PREMIUM]","[]","2026-03-15 00:00:00","Barry Manilow (Rescheduled from 1/10)","music","2026-03-16 23:00:00","58c1db7bcde6626ebe323603"
"6978f4a15fa9cbf67facb2b3","2026-01-28 19:04:12.179","2026-02-01 11:00:11.070","6978f4a15fa9cbf67facb2b3","68ce3310ed7921ced221b767","[PREMIUM]","[PREMIUM]","[PREMIUM]","[PREMIUM]","[PREMIUM]","[1,2]","FLR12","8","Floor","['*','*']","mobile","tm","tmqr","amazing","[PREMIUM]","[PREMIUM]","[]","2026-03-15 00:00:00","Barry Manilow (Rescheduled from 1/10)","music","2026-03-16 23:00:00","58c1db7bcde6626ebe323603"
"6978f4b55fa9cbf67fb162ae","2026-01-28 19:04:12.179","2026-02-04 04:23:10.440","6978f4b55fa9cbf67fb162ae","68ce3310ed7921ced221b767","[PREMIUM]","[PREMIUM]","[PREMIUM]","[PREMIUM]","[PREMIUM]","[1,2,3,4,5,6,7,8]","FLR6","8","Floor","['*','*','*','*','*','*','*','*']","mobile","tm","tmqr","amazing","[PREMIUM]","[PREMIUM]","[]","2026-03-15 00:00:00","Barry Manilow (Rescheduled from 1/10)","music","2026-03-16 23:00:00","58c1db7bcde6626ebe323603"
"6978f4a15fa9cbf67fac9d8a","2026-01-28 19:04:12.179","2026-02-22 12:34:40.771","6978f4a15fa9cbf67fac9d8a","68ce3310ed7921ced221b767","[PREMIUM]","[PREMIUM]","[PREMIUM]","[PREMIUM]","[PREMIUM]","[1,2,3,4]","FLR4","7","Floor","['*','*','*','*']","mobile","tm","tmqr","amazing","[PREMIUM]","[PREMIUM]","[]","2026-03-15 00:00:00","Barry Manilow (Rescheduled from 1/10)","music","2026-03-16 23:00:00","58c1db7bcde6626ebe323603"
"6978f4995fa9cbf67faace6f","2026-01-28 19:04:12.179","2026-02-22 12:34:40.771","6978f4995fa9cbf67faace6f","68ce3310ed7921ced221b767","[PREMIUM]","[PREMIUM]","[PREMIUM]","[PREMIUM]","[PREMIUM]","[1,2]","FLR3","7","Floor","['*','*']","mobile","tm","tmqr","great","[PREMIUM]","[PREMIUM]","[]","2026-03-15 00:00:00","Barry Manilow (Rescheduled from 1/10)","music","2026-03-16 23:00:00","58c1db7bcde6626ebe323603"
"697a1ccf10901c8f168e1043","2026-01-28 19:04:12.179","2026-01-29 22:40:05.801","697a1ccf10901c8f168e1043","68ce3310ed7921ced221b767","[PREMIUM]","[PREMIUM]","[PREMIUM]","[PREMIUM]","[PREMIUM]","[1,2,3,4,6]","FLR9","7","Floor","['*','*','*','*','*','*']","mobile","tm","tmqr",,"[PREMIUM]","[PREMIUM]","[]","2026-03-15 00:00:00","Barry Manilow (Rescheduled from 1/10)","music","2026-03-16 23:00:00","58c1db7bcde6626ebe323603"
"697a42b8a1595cf9b1455e3c","2026-01-28 19:04:12.179","2026-02-09 21:02:18.803","697a42b8a1595cf9b1455e3c","68ce3310ed7921ced221b767","[PREMIUM]","[PREMIUM]","[PREMIUM]","[PREMIUM]","[PREMIUM]","[2]","FLR10","12","Floor","['*','*']","mobile","tm","tmqr","great","[PREMIUM]","[PREMIUM]","[]","2026-03-15 00:00:00","Barry Manilow (Rescheduled from 1/10)","music","2026-03-16 23:00:00","58c1db7bcde6626ebe323603"
"695435ec23dd69cbf937e997","2026-01-28 19:04:12.121","2026-01-28 19:04:12.121","695435ec23dd69cbf937e997","689e84f65c67cb34406ed61f","[PREMIUM]","[PREMIUM]","[PREMIUM]","[PREMIUM]","[PREMIUM]","[2,4]","102","5","Lower","['*','*','*','*']","mobile","tm","tmqr",,"[PREMIUM]","[PREMIUM]","[]",,"Miami Heat at Chicago Bulls (Rescheduled from 1/8)","nba","2026-01-30 01:00:00","530445733bf3767835000003"
"6957c63a23dd69cbf957238c","2026-01-28 19:04:12.121","2026-01-28 19:04:12.121","6957c63a23dd69cbf957238c","689e84f65c67cb34406ed61f","[PREMIUM]","[PREMIUM]","[PREMIUM]","[PREMIUM]","[PREMIUM]","[2,4]","333","13","Upper","['17','18','19','20']","mobile","tm","tmqr",,"[PREMIUM]","[PREMIUM]","[]",,"Miami Heat at Chicago Bulls (Rescheduled from 1/8)","nba","2026-01-30 01:00:00","530445733bf3767835000003"
"6960193023dd69cbf9045635","2026-01-28 19:04:12.121","2026-01-28 19:04:12.121","6960193023dd69cbf9045635","689e84f65c67cb34406ed61f","[PREMIUM]","[PREMIUM]","[PREMIUM]","[PREMIUM]","[PREMIUM]","[2]","103","13","Lower","['9','10']","mobile","tm","tmqr",,"[PREMIUM]","[PREMIUM]","[]",,"Miami Heat at Chicago Bulls (Rescheduled from 1/8)","nba","2026-01-30 01:00:00","530445733bf3767835000003"
"6966d82b23dd69cbf95b0430","2026-01-28 19:04:12.121","2026-01-28 19:04:12.121","6966d82b23dd69cbf95b0430","689e84f65c67cb34406ed61f","[PREMIUM]","[PREMIUM]","[PREMIUM]","[PREMIUM]","[PREMIUM]","[1,2,3]","120","7","Lower","['*','*','*']","mobile","tm","tmqr",,"[PREMIUM]","[PREMIUM]","[]",,"Miami Heat at Chicago Bulls (Rescheduled from 1/8)","nba","2026-01-30 01:00:00","530445733bf3767835000003"
"6966d7fa23dd69cbf94f977d","2026-01-28 19:04:12.121","2026-01-28 19:04:12.121","6966d7fa23dd69cbf94f977d","689e84f65c67cb34406ed61f","[PREMIUM]","[PREMIUM]","[PREMIUM]","[PREMIUM]","[PREMIUM]","[1,2,3,4]","121","6","Lower","['5','6','7','8']","mobile","tm","tmqr",,"[PREMIUM]","[PREMIUM]","[]",,"Miami Heat at Chicago Bulls (Rescheduled from 1/8)","nba","2026-01-30 01:00:00","530445733bf3767835000003"
"6968194723dd69cbf9c2a05e","2026-01-28 19:04:12.121","2026-01-28 19:04:12.121","6968194723dd69cbf9c2a05e","689e84f65c67cb34406ed61f","[PREMIUM]","[PREMIUM]","[PREMIUM]","[PREMIUM]","[PREMIUM]","[2]","305","8","Upper","['*','*']","mobile","tm","tmqr",,"[PREMIUM]","[PREMIUM]","[]",,"Miami Heat at Chicago Bulls (Rescheduled from 1/8)","nba","2026-01-30 01:00:00","530445733bf3767835000003"
"6967d75c8fe77dd66ba07f68","2026-01-28 19:04:12.121","2026-01-28 19:04:12.121","6967d75c8fe77dd66ba07f68","689e84f65c67cb34406ed61f","[PREMIUM]","[PREMIUM]","[PREMIUM]","[PREMIUM]","[PREMIUM]","[2]","316","8","Upper","['5','6']","mobile","tm","tmqr",,"[PREMIUM]","[PREMIUM]","[]",,"Miami Heat at Chicago Bulls (Rescheduled from 1/8)","nba","2026-01-30 01:00:00","530445733bf3767835000003"
"696862bce9166c83f69dc11d","2026-01-28 19:04:12.121","2026-01-28 19:04:12.121","696862bce9166c83f69dc11d","689e84f65c67cb34406ed61f","[PREMIUM]","[PREMIUM]","[PREMIUM]","[PREMIUM]","[PREMIUM]","[2]","331","9","Upper","['6','7']","mobile","tm","tmqr",,"[PREMIUM]","[PREMIUM]","[]",,"Miami Heat at Chicago Bulls (Rescheduled from 1/8)","nba","2026-01-30 01:00:00","530445733bf3767835000003"
"696b011c93279b035a2111c4","2026-01-28 19:04:12.121","2026-01-28 19:04:12.121","696b011c93279b035a2111c4","689e84f65c67cb34406ed61f","[PREMIUM]","[PREMIUM]","[PREMIUM]","[PREMIUM]","[PREMIUM]","[2]","105","12","Lower","['5','6']","mobile","tm","tmqr",,"[PREMIUM]","[PREMIUM]","[]",,"Miami Heat at Chicago Bulls (Rescheduled from 1/8)","nba","2026-01-30 01:00:00","530445733bf3767835000003"
"697109864d63a33c999d3962","2026-01-28 19:04:12.121","2026-01-28 19:04:12.121","697109864d63a33c999d3962","689e84f65c67cb34406ed61f","[PREMIUM]","[PREMIUM]","[PREMIUM]","[PREMIUM]","[PREMIUM]","[2]","116","18","Lower","['13','14']","mobile","tm","tmqr",,"[PREMIUM]","[PREMIUM]","[]",,"Miami Heat at Chicago Bulls (Rescheduled from 1/8)","nba","2026-01-30 01:00:00","530445733bf3767835000003"
"69710c58762fd6c8bd37b239","2026-01-28 19:04:12.121","2026-01-28 19:04:12.121","69710c58762fd6c8bd37b239","689e84f65c67cb34406ed61f","[PREMIUM]","[PREMIUM]","[PREMIUM]","[PREMIUM]","[PREMIUM]","[2]","115","16","Lower","['19','20']","mobile","tm","tmqr",,"[PREMIUM]","[PREMIUM]","[]",,"Miami Heat at Chicago Bulls (Rescheduled from 1/8)","nba","2026-01-30 01:00:00","530445733bf3767835000003"
"6972377e7c3ad2d4cc43be1e","2026-01-28 19:04:12.121","2026-01-28 19:04:12.121","6972377e7c3ad2d4cc43be1e","689e84f65c67cb34406ed61f","[PREMIUM]","[PREMIUM]","[PREMIUM]","[PREMIUM]","[PREMIUM]","[2]","108","19","Lower","['20','21']","mobile","tm","tmqr",,"[PREMIUM]","[PREMIUM]","[]",,"Miami Heat at Chicago Bulls (Rescheduled from 1/8)","nba","2026-01-30 01:00:00","530445733bf3767835000003"
"6972d27bb6d1c257a277a143","2026-01-28 19:04:12.121","2026-01-28 19:04:12.121","6972d27bb6d1c257a277a143","689e84f65c67cb34406ed61f","[PREMIUM]","[PREMIUM]","[PREMIUM]","[PREMIUM]","[PREMIUM]","[2]","332","16","Upper","['3','4']","mobile","tm","tmqr",,"[PREMIUM]","[PREMIUM]","[]",,"Miami Heat at Chicago Bulls (Rescheduled from 1/8)","nba","2026-01-30 01:00:00","530445733bf3767835000003"
"6975a3e6339fef029ea67b4f","2026-01-28 19:04:12.121","2026-01-28 19:04:12.121","6975a3e6339fef029ea67b4f","689e84f65c67cb34406ed61f","[PREMIUM]","[PREMIUM]","[PREMIUM]","[PREMIUM]","[PREMIUM]","[2]","118","B","Lower","['7','8']","mobile","tm","tmqr",,"[PREMIUM]","[PREMIUM]","[]",,"Miami Heat at Chicago Bulls (Rescheduled from 1/8)","nba","2026-01-30 01:00:00","530445733bf3767835000003"
"6976cf122ea04aecb0acbf7e","2026-01-28 19:04:12.121","2026-01-28 19:04:12.121","6976cf122ea04aecb0acbf7e","689e84f65c67cb34406ed61f","[PREMIUM]","[PREMIUM]","[PREMIUM]","[PREMIUM]","[PREMIUM]","[2]","113","13","Lower","['*','*']","mobile","tm","tmqr",,"[PREMIUM]","[PREMIUM]","[]",,"Miami Heat at Chicago Bulls (Rescheduled from 1/8)","nba","2026-01-30 01:00:00","530445733bf3767835000003"
"6976ad554e741fbc23da9295","2026-01-28 19:04:12.121","2026-01-28 19:04:12.121","6976ad554e741fbc23da9295","689e84f65c67cb34406ed61f","[PREMIUM]","[PREMIUM]","[PREMIUM]","[PREMIUM]","[PREMIUM]","[2]","319","10","Upper","['9','10']","mobile","tm","tmqr",,"[PREMIUM]","[PREMIUM]","[]",,"Miami Heat at Chicago Bulls (Rescheduled from 1/8)","nba","2026-01-30 01:00:00","530445733bf3767835000003"
"6977965a2bd18c509d412554","2026-01-28 19:04:12.121","2026-01-28 19:04:12.121","6977965a2bd18c509d412554","689e84f65c67cb34406ed61f","[PREMIUM]","[PREMIUM]","[PREMIUM]","[PREMIUM]","[PREMIUM]","[2]","227","2","Middle","['3','4']","mobile","tm","tmqr",,"[PREMIUM]","[PREMIUM]","[]",,"Miami Heat at Chicago Bulls (Rescheduled from 1/8)","nba","2026-01-30 01:00:00","530445733bf3767835000003"
"6977be07e7fbadfb8e94d72e","2026-01-28 19:04:12.121","2026-01-28 19:04:12.121","6977be07e7fbadfb8e94d72e","689e84f65c67cb34406ed61f","[PREMIUM]","[PREMIUM]","[PREMIUM]","[PREMIUM]","[PREMIUM]","[2]","321","10","Upper","['9','10']","mobile","tm","tmqr",,"[PREMIUM]","[PREMIUM]","[]",,"Miami Heat at Chicago Bulls (Rescheduled from 1/8)","nba","2026-01-30 01:00:00","530445733bf3767835000003"
"6978e0f95fa9cbf67fd614f0","2026-01-28 19:04:12.121","2026-01-28 19:04:12.121","6978e0f95fa9cbf67fd614f0","689e84f65c67cb34406ed61f","[PREMIUM]","[PREMIUM]","[PREMIUM]","[PREMIUM]","[PREMIUM]","[1,2]","232","2","Middle","['*','*']","mobile","tm","tmqr",,"[PREMIUM]","[PREMIUM]","[]",,"Miami Heat at Chicago Bulls (Rescheduled from 1/8)","nba","2026-01-30 01:00:00","530445733bf3767835000003"
"6978e0ef5fa9cbf67fd39033","2026-01-28 19:04:12.121","2026-01-28 19:04:12.121","6978e0ef5fa9cbf67fd39033","689e84f65c67cb34406ed61f","[PREMIUM]","[PREMIUM]","[PREMIUM]","[PREMIUM]","[PREMIUM]","[1,2]","217","8","Middle","['*','*']","mobile","tm","tmqr",,"[PREMIUM]","[PREMIUM]","[]",,"Miami Heat at Chicago Bulls (Rescheduled from 1/8)","nba","2026-01-30 01:00:00","530445733bf3767835000003"
"697903f95fa9cbf67f6453d0","2026-01-28 19:04:12.121","2026-01-28 19:04:12.121","697903f95fa9cbf67f6453d0","689e84f65c67cb34406ed61f","[PREMIUM]","[PREMIUM]","[PREMIUM]","[PREMIUM]","[PREMIUM]","[2]","329","12","Upper","['1','2']","mobile","tm","tmqr",,"[PREMIUM]","[PREMIUM]","[]",,"Miami Heat at Chicago Bulls (Rescheduled from 1/8)","nba","2026-01-30 01:00:00","530445733bf3767835000003"
"69791fe35fa9cbf67f306091","2026-01-28 19:04:12.121","2026-01-28 19:04:12.121","69791fe35fa9cbf67f306091","689e84f65c67cb34406ed61f","[PREMIUM]","[PREMIUM]","[PREMIUM]","[PREMIUM]","[PREMIUM]","[1,2,3,5]","119","18","Lower","['*','*','*','*','*']","mobile","tm","tmqr",,"[PREMIUM]","[PREMIUM]","[]",,"Miami Heat at Chicago Bulls (Rescheduled from 1/8)","nba","2026-01-30 01:00:00","530445733bf3767835000003"
"69793342a2a80c21439ddea2","2026-01-28 19:04:12.121","2026-01-28 19:04:12.121","69793342a2a80c21439ddea2","689e84f65c67cb34406ed61f","[PREMIUM]","[PREMIUM]","[PREMIUM]","[PREMIUM]","[PREMIUM]","[2,4]","201","7","Middle","['1','2','3','4']","mobile","tm","tmqr",,"[PREMIUM]","[PREMIUM]","[]",,"Miami Heat at Chicago Bulls (Rescheduled from 1/8)","nba","2026-01-30 01:00:00","530445733bf3767835000003"
"697946765fa9cbf67f7c06a6","2026-01-28 19:04:12.121","2026-01-28 19:04:12.121","697946765fa9cbf67f7c06a6","689e84f65c67cb34406ed61f","[PREMIUM]","[PREMIUM]","[PREMIUM]","[PREMIUM]","[PREMIUM]","[1,2,3,5]","330","11","Upper","['17','18','19','20','21']","mobile","tm","tmqr",,"[PREMIUM]","[PREMIUM]","[]",,"Miami Heat at Chicago Bulls (Rescheduled from 1/8)","nba","2026-01-30 01:00:00","530445733bf3767835000003"
"697940e05fa9cbf67f141b6e","2026-01-28 19:04:12.121","2026-01-28 19:04:12.121","697940e05fa9cbf67f141b6e","689e84f65c67cb34406ed61f","[PREMIUM]","[PREMIUM]","[PREMIUM]","[PREMIUM]","[PREMIUM]","[2,4]","331","4","Upper","['9','10','11','12']","mobile","tm","tmqr","great","[PREMIUM]","[PREMIUM]","[]",,"Miami Heat at Chicago Bulls (Rescheduled from 1/8)","nba","2026-01-30 01:00:00","530445733bf3767835000003"
"69795f1baefbf804b5a5080d","2026-01-28 19:04:12.121","2026-01-28 19:04:12.121","69795f1baefbf804b5a5080d","689e84f65c67cb34406ed61f","[PREMIUM]","[PREMIUM]","[PREMIUM]","[PREMIUM]","[PREMIUM]","[2]","109","2","Lower","['16','17']","mobile","tm","tmqr",,"[PREMIUM]","[PREMIUM]","[]",,"Miami Heat at Chicago Bulls (Rescheduled from 1/8)","nba","2026-01-30 01:00:00","530445733bf3767835000003"
"6979c5ce7e2e7dcf987455a2","2026-01-28 19:04:12.121","2026-01-28 19:04:12.121","6979c5ce7e2e7dcf987455a2","689e84f65c67cb34406ed61f","[PREMIUM]","[PREMIUM]","[PREMIUM]","[PREMIUM]","[PREMIUM]","[2]","334","3","Upper","['7','8']","mobile","tm","tmqr",,"[PREMIUM]","[PREMIUM]","[]",,"Miami Heat at Chicago Bulls (Rescheduled from 1/8)","nba","2026-01-30 01:00:00","530445733bf3767835000003"
"697a18b03c6247d42e0c0eb7","2026-01-28 19:04:12.121","2026-01-28 19:04:12.121","697a18b03c6247d42e0c0eb7","689e84f65c67cb34406ed61f","[PREMIUM]","[PREMIUM]","[PREMIUM]","[PREMIUM]","[PREMIUM]","[2]","104","19","Lower","['21','22']","mobile","tm","tmqr",,"[PREMIUM]","[PREMIUM]","[]",,"Miami Heat at Chicago Bulls (Rescheduled from 1/8)","nba","2026-01-30 01:00:00","530445733bf3767835000003"
"697a1d98bef0e8b0a4e03821","2026-01-28 19:04:12.121","2026-01-28 19:04:12.121","697a1d98bef0e8b0a4e03821","689e84f65c67cb34406ed61f","[PREMIUM]","[PREMIUM]","[PREMIUM]","[PREMIUM]","[PREMIUM]","[2]","321","1","Upper","['5','6']","mobile","tm","tmqr",,"[PREMIUM]","[PREMIUM]","[]",,"Miami Heat at Chicago Bulls (Rescheduled from 1/8)","nba","2026-01-30 01:00:00","530445733bf3767835000003"
"697a2c6d5fa9cbf67f6bbb2b","2026-01-28 19:04:12.121","2026-01-28 19:04:12.121","697a2c6d5fa9cbf67f6bbb2b","689e84f65c67cb34406ed61f","[PREMIUM]","[PREMIUM]","[PREMIUM]","[PREMIUM]","[PREMIUM]","[2]","114","5","Lower","['7','8']","mobile","tm","tmqr",,"[PREMIUM]","[PREMIUM]","[]",,"Miami Heat at Chicago Bulls (Rescheduled from 1/8)","nba","2026-01-30 01:00:00","530445733bf3767835000003"
"697a4b165fa9cbf67fd5e95c","2026-01-28 19:04:12.121","2026-01-28 19:04:12.121","697a4b165fa9cbf67fd5e95c","689e84f65c67cb34406ed61f","[PREMIUM]","[PREMIUM]","[PREMIUM]","[PREMIUM]","[PREMIUM]","[2]","303","17","Upper","['13','14']","mobile","tm","tmqr","great","[PREMIUM]","[PREMIUM]","[]",,"Miami Heat at Chicago Bulls (Rescheduled from 1/8)","nba","2026-01-30 01:00:00","530445733bf3767835000003"
"697a4b165fa9cbf67fd5ee82","2026-01-28 19:04:12.121","2026-01-28 19:04:12.121","697a4b165fa9cbf67fd5ee82","689e84f65c67cb34406ed61f","[PREMIUM]","[PREMIUM]","[PREMIUM]","[PREMIUM]","[PREMIUM]","[2]","304","16","Upper","['12','13']","mobile","tm","tmqr","amazing","[PREMIUM]","[PREMIUM]","[]",,"Miami Heat at Chicago Bulls (Rescheduled from 1/8)","nba","2026-01-30 01:00:00","530445733bf3767835000003"
"697a4b165fa9cbf67fd5f111","2026-01-28 19:04:12.121","2026-01-28 19:04:12.121","697a4b165fa9cbf67fd5f111","689e84f65c67cb34406ed61f","[PREMIUM]","[PREMIUM]","[PREMIUM]","[PREMIUM]","[PREMIUM]","[2,4]","321","17","Upper","['9','10','11','12']","mobile","tm","tmqr","amazing","[PREMIUM]","[PREMIUM]","[]",,"Miami Heat at Chicago Bulls (Rescheduled from 1/8)","nba","2026-01-30 01:00:00","530445733bf3767835000003"
"697a4b195fa9cbf67fd66945","2026-01-28 19:04:12.121","2026-01-28 19:04:12.121","697a4b195fa9cbf67fd66945","689e84f65c67cb34406ed61f","[PREMIUM]","[PREMIUM]","[PREMIUM]","[PREMIUM]","[PREMIUM]","[1,2,3,4,5,6,8]","307","17","Upper","['1','2','3','4','5','6','7','8']","mobile","tm","tmqr","cheapest","[PREMIUM]","[PREMIUM]","[]",,"Miami Heat at Chicago Bulls (Rescheduled from 1/8)","nba","2026-01-30 01:00:00","530445733bf3767835000003"
"697a4b195fa9cbf67fd66fc8","2026-01-28 19:04:12.121","2026-01-28 19:04:12.121","697a4b195fa9cbf67fd66fc8","689e84f65c67cb34406ed61f","[PREMIUM]","[PREMIUM]","[PREMIUM]","[PREMIUM]","[PREMIUM]","[1,2,3,4,5,6,8]","314","12","Upper","['15','16','17','18','19','20','21','22']","mobile","tm","tmqr",,"[PREMIUM]","[PREMIUM]","[]",,"Miami Heat at Chicago Bulls (Rescheduled from 1/8)","nba","2026-01-30 01:00:00","530445733bf3767835000003"
"697a4b1b5fa9cbf67fd6e709","2026-01-28 19:04:12.121","2026-01-28 19:04:12.121","697a4b1b5fa9cbf67fd6e709","689e84f65c67cb34406ed61f","[PREMIUM]","[PREMIUM]","[PREMIUM]","[PREMIUM]","[PREMIUM]","[2,4]","306","16","Upper","['19','20','21','22']","mobile","tm","tmqr","amazing","[PREMIUM]","[PREMIUM]","[]",,"Miami Heat at Chicago Bulls (Rescheduled from 1/8)","nba","2026-01-30 01:00:00","530445733bf3767835000003"
"697a4b1d5fa9cbf67fd763e8","2026-01-28 19:04:12.121","2026-01-28 19:04:12.121","697a4b1d5fa9cbf67fd763e8","689e84f65c67cb34406ed61f","[PREMIUM]","[PREMIUM]","[PREMIUM]","[PREMIUM]","[PREMIUM]","[1,2,3,4,5,6,8]","323","16","Upper","['17','18','19','20','21','22','23','24']","mobile","tm","tmqr","great","[PREMIUM]","[PREMIUM]","[]",,"Miami Heat at Chicago Bulls (Rescheduled from 1/8)","nba","2026-01-30 01:00:00","530445733bf3767835000003"
"697a4b1d5fa9cbf67fd7649c","2026-01-28 19:04:12.121","2026-01-28 19:04:12.121","697a4b1d5fa9cbf67fd7649c","689e84f65c67cb34406ed61f","[PREMIUM]","[PREMIUM]","[PREMIUM]","[PREMIUM]","[PREMIUM]","[2,4]","314","17","Upper","['11','12','13','14']","mobile","tm","tmqr","amazing","[PREMIUM]","[PREMIUM]","[]",,"Miami Heat at Chicago Bulls (Rescheduled from 1/8)","nba","2026-01-30 01:00:00","530445733bf3767835000003"
"697a4b1d5fa9cbf67fd76716","2026-01-28 19:04:12.121","2026-01-28 19:04:12.121","697a4b1d5fa9cbf67fd76716","689e84f65c67cb34406ed61f","[PREMIUM]","[PREMIUM]","[PREMIUM]","[PREMIUM]","[PREMIUM]","[2]","313","17","Upper","['9','10']","mobile","tm","tmqr",,"[PREMIUM]","[PREMIUM]","[]",,"Miami Heat at Chicago Bulls (Rescheduled from 1/8)","nba","2026-01-30 01:00:00","530445733bf3767835000003"
"697a4b225fa9cbf67fd84c40","2026-01-28 19:04:12.121","2026-01-28 19:04:12.121","697a4b225fa9cbf67fd84c40","689e84f65c67cb34406ed61f","[PREMIUM]","[PREMIUM]","[PREMIUM]","[PREMIUM]","[PREMIUM]","[1,2,3,4,5,6,8]","328","17","Upper","['13','14','15','16','17','18','19','20']","mobile","tm","tmqr","great","[PREMIUM]","[PREMIUM]","[]",,"Miami Heat at Chicago Bulls (Rescheduled from 1/8)","nba","2026-01-30 01:00:00","530445733bf3767835000003"
"697a3d11a8896e86100c6fe3","2026-01-28 19:04:12.121","2026-01-28 19:04:12.121","697a3d11a8896e86100c6fe3","689e84f65c67cb34406ed61f","[PREMIUM]","[PREMIUM]","[PREMIUM]","[PREMIUM]","[PREMIUM]","[2]","233","3","Middle","['9','10']","mobile","tm","tmqr","great","[PREMIUM]","[PREMIUM]","[]",,"Miami Heat at Chicago Bulls (Rescheduled from 1/8)","nba","2026-01-30 01:00:00","530445733bf3767835000003"
"697a4b235fa9cbf67fd8a0a4","2026-01-28 19:04:12.121","2026-01-28 19:04:12.121","697a4b235fa9cbf67fd8a0a4","689e84f65c67cb34406ed61f","[PREMIUM]","[PREMIUM]","[PREMIUM]","[PREMIUM]","[PREMIUM]","[1,2,3,4,5,6,8]","305","14","Upper","['11','12','13','14','15','16','17','18']","mobile","tm","tmqr",,"[PREMIUM]","[PREMIUM]","[]",,"Miami Heat at Chicago Bulls (Rescheduled from 1/8)","nba","2026-01-30 01:00:00","530445733bf3767835000003"
"697a4b235fa9cbf67fd8a1a8","2026-01-28 19:04:12.121","2026-01-28 19:04:12.121","697a4b235fa9cbf67fd8a1a8","689e84f65c67cb34406ed61f","[PREMIUM]","[PREMIUM]","[PREMIUM]","[PREMIUM]","[PREMIUM]","[2,4,6]","324","14","Upper","['17','18','19','20','21','22']","mobile","tm","tmqr",,"[PREMIUM]","[PREMIUM]","[]",,"Miami Heat at Chicago Bulls (Rescheduled from 1/8)","nba","2026-01-30 01:00:00","530445733bf3767835000003"
"697a3f3c7dd1c19e7c8d548e","2026-01-28 19:04:12.121","2026-01-28 19:04:12.121","697a3f3c7dd1c19e7c8d548e","689e84f65c67cb34406ed61f","[PREMIUM]","[PREMIUM]","[PREMIUM]","[PREMIUM]","[PREMIUM]","[2,4]","215","2","Middle","['9','10','11','12']","mobile","tm","tmqr",,"[PREMIUM]","[PREMIUM]","[]",,"Miami Heat at Chicago Bulls (Rescheduled from 1/8)","nba","2026-01-30 01:00:00","530445733bf3767835000003"
"697a56bd637f085a0b43dea9","2026-01-28 19:04:12.121","2026-01-28 19:04:12.121","697a56bd637f085a0b43dea9","689e84f65c67cb34406ed61f","[PREMIUM]","[PREMIUM]","[PREMIUM]","[PREMIUM]","[PREMIUM]","[2]","315","5","Upper","['1','2']","mobile","tm","tmqr",,"[PREMIUM]","[PREMIUM]","[]",,"Miami Heat at Chicago Bulls (Rescheduled from 1/8)","nba","2026-01-30 01:00:00","530445733bf3767835000003"
"697a56b300dd60a99b2bf8fc","2026-01-28 19:04:12.121","2026-01-28 19:04:12.121","697a56b300dd60a99b2bf8fc","689e84f65c67cb34406ed61f","[PREMIUM]","[PREMIUM]","[PREMIUM]","[PREMIUM]","[PREMIUM]","[2]","219","2","Middle","['5','6']","mobile","tm","tmqr",,"[PREMIUM]","[PREMIUM]","[]",,"Miami Heat at Chicago Bulls (Rescheduled from 1/8)","nba","2026-01-30 01:00:00","530445733bf3767835000003"
"697a58e6661db8826291db00","2026-01-28 19:04:12.121","2026-01-28 19:04:12.121","697a58e6661db8826291db00","689e84f65c67cb34406ed61f","[PREMIUM]","[PREMIUM]","[PREMIUM]","[PREMIUM]","[PREMIUM]","[2]","211","2","Middle","['11','12']","mobile","tm","tmqr",,"[PREMIUM]","[PREMIUM]","[]",,"Miami Heat at Chicago Bulls (Rescheduled from 1/8)","nba","2026-01-30 01:00:00","530445733bf3767835000003"
"692cd83441abedc2fc7148b2","2026-01-28 19:04:11.916","2026-01-28 19:04:11.916","692cd83441abedc2fc7148b2","68d2c8b96201e2a0698e4e36","[PREMIUM]","[PREMIUM]","[PREMIUM]","[PREMIUM]","[PREMIUM]","[1,2,3]","101","A","Lower","['*','*','*']","mobile","tm","tmqr",,"[PREMIUM]","[PREMIUM]","[]","2026-02-26 00:00:00","Barry Manilow (Rescheduled from 1/8)","music","2026-02-28 00:00:00","54dcf29264f9620805000002"
"6977af2ee7fbadfb8eb7f7fe","2026-01-28 19:04:11.916","2026-02-09 21:02:18.879","6977af2ee7fbadfb8eb7f7fe","68d2c8b96201e2a0698e4e36","[PREMIUM]","[PREMIUM]","[PREMIUM]","[PREMIUM]","[PREMIUM]","[2]","114","S","Lower","['*','*']","mobile","tm","tmqr",,"[PREMIUM]","[PREMIUM]","[]","2026-02-26 00:00:00","Barry Manilow (Rescheduled from 1/8)","music","2026-02-28 00:00:00","54dcf29264f9620805000002"
"6977af23e7fbadfb8eb53d49","2026-01-28 19:04:11.916","2026-02-13 08:47:38.377","6977af23e7fbadfb8eb53d49","68d2c8b96201e2a0698e4e36","[PREMIUM]","[PREMIUM]","[PREMIUM]","[PREMIUM]","[PREMIUM]","[1,2,3,4,5,6,7,8,9,10,11]","4","15","Floor","['*','*','*','*','*','*','*','*','*','*','*']","mobile","tm","tmqr",,"[PREMIUM]","[PREMIUM]","[]","2026-02-26 00:00:00","Barry Manilow (Rescheduled from 1/8)","music","2026-02-28 00:00:00","54dcf29264f9620805000002"
"6977af1fe7fbadfb8eb4519b","2026-01-28 19:04:11.916","2026-02-13 08:47:38.377","6977af1fe7fbadfb8eb4519b","68d2c8b96201e2a0698e4e36","[PREMIUM]","[PREMIUM]","[PREMIUM]","[PREMIUM]","[PREMIUM]","[1,2,3,4,5,6,7,8,9,10,11,12]","6","15","Floor","['*','*','*','*','*','*','*','*','*','*','*','*']","mobile","tm","tmqr",,"[PREMIUM]","[PREMIUM]","[]","2026-02-26 00:00:00","Barry Manilow (Rescheduled from 1/8)","music","2026-02-28 00:00:00","54dcf29264f9620805000002"
"6978e60d5fa9cbf67f1fb1fe","2026-01-28 19:04:11.916","2026-01-29 22:40:07.259","6978e60d5fa9cbf67f1fb1fe","68d2c8b96201e2a0698e4e36","[PREMIUM]","[PREMIUM]","[PREMIUM]","[PREMIUM]","[PREMIUM]","[1,2,3,4]","314","B","Upper","['*','*','*','*']","mobile","tm","tmqr","great","[PREMIUM]","[PREMIUM]","[]","2026-02-26 00:00:00","Barry Manilow (Rescheduled from 1/8)","music","2026-02-28 00:00:00","54dcf29264f9620805000002"
"6978e6095fa9cbf67f1e9a38","2026-01-28 19:04:11.916","2026-01-31 02:22:25.371","6978e6095fa9cbf67f1e9a38","68d2c8b96201e2a0698e4e36","[PREMIUM]","[PREMIUM]","[PREMIUM]","[PREMIUM]","[PREMIUM]","[1,2,3,4,5,6]","103","N","Lower","['*','*','*','*','*','*']","mobile","tm","tmqr",,"[PREMIUM]","[PREMIUM]","[]","2026-02-26 00:00:00","Barry Manilow (Rescheduled from 1/8)","music","2026-02-28 00:00:00","54dcf29264f9620805000002"
"6978e6595fa9cbf67f32ca67","2026-01-28 19:04:11.916","2026-02-09 21:02:18.879","6978e6595fa9cbf67f32ca67","68d2c8b96201e2a0698e4e36","[PREMIUM]","[PREMIUM]","[PREMIUM]","[PREMIUM]","[PREMIUM]","[1,2,3,4,5,6,7,8]","311","G","Upper","['*','*','*','*','*','*','*','*']","mobile","tm","tmqr",,"[PREMIUM]","[PREMIUM]","[]","2026-02-26 00:00:00","Barry Manilow (Rescheduled from 1/8)","music","2026-02-28 00:00:00","54dcf29264f9620805000002"
"6978e6605fa9cbf67f34a3f3","2026-01-28 19:04:11.916","2026-02-01 11:00:13.326","6978e6605fa9cbf67f34a3f3","68d2c8b96201e2a0698e4e36","[PREMIUM]","[PREMIUM]","[PREMIUM]","[PREMIUM]","[PREMIUM]","[1,2,3,4,5,6,7,8]","303","B","Upper","['*','*','*','*','*','*','*','*']","mobile","tm","tmqr","great","[PREMIUM]","[PREMIUM]","[]","2026-02-26 00:00:00","Barry Manilow (Rescheduled from 1/8)","music","2026-02-28 00:00:00","54dcf29264f9620805000002"
"6978e6255fa9cbf67f25e697","2026-01-28 19:04:11.916","2026-02-04 04:23:12.039","6978e6255fa9cbf67f25e697","68d2c8b96201e2a0698e4e36","[PREMIUM]","[PREMIUM]","[PREMIUM]","[PREMIUM]","[PREMIUM]","[1,2,3,4,5,6,7,8]","305","E","Upper","['*','*','*','*','*','*','*','*']","mobile","tm","tmqr","amazing","[PREMIUM]","[PREMIUM]","[]","2026-02-26 00:00:00","Barry Manilow (Rescheduled from 1/8)","music","2026-02-28 00:00:00","54dcf29264f9620805000002"
"6978e63d5fa9cbf67f2c102c","2026-01-28 19:04:11.916","2026-02-19 02:34:14.175","6978e63d5fa9cbf67f2c102c","68d2c8b96201e2a0698e4e36","[PREMIUM]","[PREMIUM]","[PREMIUM]","[PREMIUM]","[PREMIUM]","[1,2,3,4,5,6,7,8]","304","J","Upper","['*','*','*','*','*','*','*','*']","mobile","tm","tmqr",,"[PREMIUM]","[PREMIUM]","[]","2026-02-26 00:00:00","Barry Manilow (Rescheduled from 1/8)","music","2026-02-28 00:00:00","54dcf29264f9620805000002"
"6978e63d5fa9cbf67f2c0b83","2026-01-28 19:04:11.916","2026-02-12 04:39:18.412","6978e63d5fa9cbf67f2c0b83","68d2c8b96201e2a0698e4e36","[PREMIUM]","[PREMIUM]","[PREMIUM]","[PREMIUM]","[PREMIUM]","[1,2,3,4,5,6,7,8]","306","H","Upper","['*','*','*','*','*','*','*','*']","mobile","tm","tmqr",,"[PREMIUM]","[PREMIUM]","[]","2026-02-26 00:00:00","Barry Manilow (Rescheduled from 1/8)","music","2026-02-28 00:00:00","54dcf29264f9620805000002"
"6978e63d5fa9cbf67f2bfdd2","2026-01-28 19:04:11.916","2026-02-05 07:40:55.289","6978e63d5fa9cbf67f2bfdd2","68d2c8b96201e2a0698e4e36","[PREMIUM]","[PREMIUM]","[PREMIUM]","[PREMIUM]","[PREMIUM]","[1,2,3,4]","310","K","Upper","['*','*','*','*']","mobile","tm","tmqr","great","[PREMIUM]","[PREMIUM]","[]","2026-02-26 00:00:00","Barry Manilow (Rescheduled from 1/8)","music","2026-02-28 00:00:00","54dcf29264f9620805000002"
"6978e6605fa9cbf67f34ac40","2026-01-28 19:04:11.916","2026-01-28 19:04:11.916","6978e6605fa9cbf67f34ac40","68d2c8b96201e2a0698e4e36","[PREMIUM]","[PREMIUM]","[PREMIUM]","[PREMIUM]","[PREMIUM]","[1,2,3,4,5,6,7,8]","307","M","Upper","['*','*','*','*','*','*','*','*']","mobile","tm","tmqr","amazing","[PREMIUM]","[PREMIUM]","[]","2026-02-26 00:00:00","Barry Manilow (Rescheduled from 1/8)","music","2026-02-28 00:00:00","54dcf29264f9620805000002"
"6978e6485fa9cbf67f2ec27f","2026-01-28 19:04:11.916","2026-02-11 01:19:58.556","6978e6485fa9cbf67f2ec27f","68d2c8b96201e2a0698e4e36","[PREMIUM]","[PREMIUM]","[PREMIUM]","[PREMIUM]","[PREMIUM]","[1,2,3,4,5,6]","7","10","Floor","['*','*','*','*','*','*']","mobile","tm","tmqr","super","[PREMIUM]","[PREMIUM]","[]","2026-02-26 00:00:00","Barry Manilow (Rescheduled from 1/8)","music","2026-02-28 00:00:00","54dcf29264f9620805000002"
"6978e61d5fa9cbf67f23f470","2026-01-28 19:04:11.916","2026-02-04 04:23:12.039","6978e61d5fa9cbf67f23f470","68d2c8b96201e2a0698e4e36","[PREMIUM]","[PREMIUM]","[PREMIUM]","[PREMIUM]","[PREMIUM]","[1,2,3,4,5,6]","114","N","Lower","['*','*','*','*','*','*']","mobile","tm","tmqr",,"[PREMIUM]","[PREMIUM]","[]","2026-02-26 00:00:00","Barry Manilow (Rescheduled from 1/8)","music","2026-02-28 00:00:00","54dcf29264f9620805000002"
"6978e6355fa9cbf67f2a077b","2026-01-28 19:04:11.916","2026-01-28 19:04:11.916","6978e6355fa9cbf67f2a077b","68d2c8b96201e2a0698e4e36","[PREMIUM]","[PREMIUM]","[PREMIUM]","[PREMIUM]","[PREMIUM]","[1,2]","308","P","Upper","['*','*']","mobile","tm","tmqr",,"[PREMIUM]","[PREMIUM]","[]","2026-02-26 00:00:00","Barry Manilow (Rescheduled from 1/8)","music","2026-02-28 00:00:00","54dcf29264f9620805000002"
"6978e6815fa9cbf67f3d3de9","2026-01-28 19:04:11.916","2026-01-29 22:40:07.259","6978e6815fa9cbf67f3d3de9","68d2c8b96201e2a0698e4e36","[PREMIUM]","[PREMIUM]","[PREMIUM]","[PREMIUM]","[PREMIUM]","[1,2,3,4,5,6]","104","T","Lower","['*','*','*','*','*','*']","mobile","tm","tmqr",,"[PREMIUM]","[PREMIUM]","[]","2026-02-26 00:00:00","Barry Manilow (Rescheduled from 1/8)","music","2026-02-28 00:00:00","54dcf29264f9620805000002"
"6978e68c5fa9cbf67f3f953f","2026-01-28 19:04:11.916","2026-02-04 04:23:12.039","6978e68c5fa9cbf67f3f953f","68d2c8b96201e2a0698e4e36","[PREMIUM]","[PREMIUM]","[PREMIUM]","[PREMIUM]","[PREMIUM]","[1,2,3,4,5,6]","9","8","Floor","['*','*','*','*','*','*']","mobile","tm","tmqr",,"[PREMIUM]","[PREMIUM]","[]","2026-02-26 00:00:00","Barry Manilow (Rescheduled from 1/8)","music","2026-02-28 00:00:00","54dcf29264f9620805000002"
"6978e6795fa9cbf67f3b100d","2026-01-28 19:04:11.916","2026-02-11 01:19:58.556","6978e6795fa9cbf67f3b100d","68d2c8b96201e2a0698e4e36","[PREMIUM]","[PREMIUM]","[PREMIUM]","[PREMIUM]","[PREMIUM]","[1,2,3,4,5,6,7,8]","313","B","Upper","['*','*','*','*','*','*','*','*']","mobile","tm","tmqr",,"[PREMIUM]","[PREMIUM]","[]","2026-02-26 00:00:00","Barry Manilow (Rescheduled from 1/8)","music","2026-02-28 00:00:00","54dcf29264f9620805000002"
"6978e67d5fa9cbf67f3c374f","2026-01-28 19:04:11.916","2026-01-28 19:04:11.916","6978e67d5fa9cbf67f3c374f","68d2c8b96201e2a0698e4e36","[PREMIUM]","[PREMIUM]","[PREMIUM]","[PREMIUM]","[PREMIUM]","[1,2,3,4,5,6]","4","8","Floor","['*','*','*','*','*','*']","mobile","tm","tmqr",,"[PREMIUM]","[PREMIUM]","[]","2026-02-26 00:00:00","Barry Manilow (Rescheduled from 1/8)","music","2026-02-28 00:00:00","54dcf29264f9620805000002"
"6978f3c05fa9cbf67f75818b","2026-01-28 19:04:11.916","2026-01-31 02:22:25.371","6978f3c05fa9cbf67f75818b","68d2c8b96201e2a0698e4e36","[PREMIUM]","[PREMIUM]","[PREMIUM]","[PREMIUM]","[PREMIUM]","[2]","110","X","Lower","['*','*']","mobile","tm","tmqr","great","[PREMIUM]","[PREMIUM]","[]","2026-02-26 00:00:00","Barry Manilow (Rescheduled from 1/8)","music","2026-02-28 00:00:00","54dcf29264f9620805000002"
"697927015fa9cbf67fe09123","2026-01-28 19:04:11.916","2026-01-29 22:40:07.259","697927015fa9cbf67fe09123","68d2c8b96201e2a0698e4e36","[PREMIUM]","[PREMIUM]","[PREMIUM]","[PREMIUM]","[PREMIUM]","[1,2,3,4,5,6,7,8]","312","E","Upper","['*','*','*','*','*','*','*','*']","mobile","tm","tmqr","great","[PREMIUM]","[PREMIUM]","[]","2026-02-26 00:00:00","Barry Manilow (Rescheduled from 1/8)","music","2026-02-28 00:00:00","54dcf29264f9620805000002"
"697946935fa9cbf67f830916","2026-01-28 19:04:11.916","2026-01-28 19:04:11.916","697946935fa9cbf67f830916","68d2c8b96201e2a0698e4e36","[PREMIUM]","[PREMIUM]","[PREMIUM]","[PREMIUM]","[PREMIUM]","[2]","1","9","Floor","['*','*']","mobile","tm","tmqr",,"[PREMIUM]","[PREMIUM]","[]","2026-02-26 00:00:00","Barry Manilow (Rescheduled from 1/8)","music","2026-02-28 00:00:00","54dcf29264f9620805000002"
"697946335fa9cbf67f6ba3e6","2026-01-28 19:04:11.916","2026-02-01 11:00:13.326","697946335fa9cbf67f6ba3e6","68d2c8b96201e2a0698e4e36","[PREMIUM]","[PREMIUM]","[PREMIUM]","[PREMIUM]","[PREMIUM]","[1,2,3,4,5,6,7,8]","6","9","Floor","['*','*','*','*','*','*','*','*']","mobile","tm","tmqr",,"[PREMIUM]","[PREMIUM]","[]","2026-02-26 00:00:00","Barry Manilow (Rescheduled from 1/8)","music","2026-02-28 00:00:00","54dcf29264f9620805000002"
"697961445fa9cbf67f259ba6","2026-01-28 19:04:11.916","2026-02-05 07:40:55.289","697961445fa9cbf67f259ba6","68d2c8b96201e2a0698e4e36","[PREMIUM]","[PREMIUM]","[PREMIUM]","[PREMIUM]","[PREMIUM]","[2]","313","R","Upper","['*','*']","mobile","tm","tmqr",,"[PREMIUM]","[PREMIUM]","[]","2026-02-25 00:00:00","Barry Manilow (Rescheduled from 1/8)","music","2026-02-28 00:00:00","54dcf29264f9620805000002"
"697962225fa9cbf67f5ff087","2026-01-28 19:04:11.916","2026-02-01 11:00:13.326","697962225fa9cbf67f5ff087","68d2c8b96201e2a0698e4e36","[PREMIUM]","[PREMIUM]","[PREMIUM]","[PREMIUM]","[PREMIUM]","[1,2,3,4,5,6,7,8,9,10,11]","7","15","Floor","['*','*','*','*','*','*','*','*','*','*','*']","mobile","tm","tmqr","great","[PREMIUM]","[PREMIUM]","[]","2026-02-26 00:00:00","Barry Manilow (Rescheduled from 1/8)","music","2026-02-28 00:00:00","54dcf29264f9620805000002"
"6979ee695fa9cbf67fd06193","2026-01-28 19:04:11.916","2026-01-28 19:04:11.916","6979ee695fa9cbf67fd06193","68d2c8b96201e2a0698e4e36","[PREMIUM]","[PREMIUM]","[PREMIUM]","[PREMIUM]","[PREMIUM]","[2]","118","A","Lower","['*','*']","mobile","tm","tmqr",,"[PREMIUM]","[PREMIUM]","[]","2026-02-26 00:00:00","Barry Manilow (Rescheduled from 1/8)","music","2026-02-28 00:00:00","54dcf29264f9620805000002"
"697a23f0b53b5f195514bbd7","2026-01-28 19:04:11.916","2026-01-28 19:04:11.916","697a23f0b53b5f195514bbd7","68d2c8b96201e2a0698e4e36","[PREMIUM]","[PREMIUM]","[PREMIUM]","[PREMIUM]","[PREMIUM]","[1,2,3,4,5,6,8]","314","G","Upper","['*','*','*','*','*','*','*','*']","mobile","tm","tmqr",,"[PREMIUM]","[PREMIUM]","[]","2026-02-26 00:00:00","Barry Manilow (Rescheduled from 1/8)","music","2026-02-28 00:00:00","54dcf29264f9620805000002"
"697a3afb5fa9cbf67feb4dad","2026-01-28 19:04:11.916","2026-01-28 19:04:11.916","697a3afb5fa9cbf67feb4dad","68d2c8b96201e2a0698e4e36","[PREMIUM]","[PREMIUM]","[PREMIUM]","[PREMIUM]","[PREMIUM]","[1,2,3,4,5,6,7,8]","311","N","Upper","['*','*','*','*','*','*','*','*']","mobile","tm","tmqr",,"[PREMIUM]","[PREMIUM]","[]","2026-02-25 00:00:00","Barry Manilow (Rescheduled from 1/8)","music","2026-02-28 00:00:00","54dcf29264f9620805000002"
"697a565fde9038227f40b240","2026-01-28 19:04:11.916","2026-01-28 19:04:11.916","697a565fde9038227f40b240","68d2c8b96201e2a0698e4e36","[PREMIUM]","[PREMIUM]","[PREMIUM]","[PREMIUM]","[PREMIUM]","[2,4]","303","F","Upper","['*','*','*','*']","mobile","tm","tmqr",,"[PREMIUM]","[PREMIUM]","[]","2026-02-26 00:00:00","Barry Manilow (Rescheduled from 1/8)","music","2026-02-28 00:00:00","54dcf29264f9620805000002"
"697a5d465fa9cbf67f508b85","2026-01-28 19:04:11.916","2026-01-28 19:04:11.916","697a5d465fa9cbf67f508b85","68d2c8b96201e2a0698e4e36","[PREMIUM]","[PREMIUM]","[PREMIUM]","[PREMIUM]","[PREMIUM]","[1,2,3,4,5,6,7,8]","307","R","Upper","['*','*','*','*','*','*','*','*']","mobile","tm","tmqr",,"[PREMIUM]","[PREMIUM]","[]","2026-02-26 00:00:00","Barry Manilow (Rescheduled from 1/8)","music","2026-02-28 00:00:00","54dcf29264f9620805000002"
"69795d075fa9cbf67f0f9faf","2026-01-28 19:04:11.696","2026-01-28 19:04:11.696","69795d075fa9cbf67f0f9faf","68f6846ea1df084bdd674897","[PREMIUM]","[PREMIUM]","[PREMIUM]","[PREMIUM]","[PREMIUM]","[2]","BALCONYE","1","Balcony","['*','*']","mobile","tm","tmqr","amazing","[PREMIUM]","[PREMIUM]","[]","2026-04-09 00:00:00","John Mulaney (Rescheduled from 1/9)","comedy","2026-04-11 00:30:00","5a5652c0f8cd47001307ceb9"
"697972245fa9cbf67f71af2e","2026-01-28 19:04:11.696","2026-01-29 22:40:07.066","697972245fa9cbf67f71af2e","68f6846ea1df084bdd674897","[PREMIUM]","[PREMIUM]","[PREMIUM]","[PREMIUM]","[PREMIUM]","[2]","FLRB","1","Floor","['*','*']","mobile","tm","tmqr",,"[PREMIUM]","[PREMIUM]","[]","2026-04-09 00:00:00","John Mulaney (Rescheduled from 1/9)","comedy","2026-04-11 00:30:00","5a5652c0f8cd47001307ceb9"
"6978f4745fa9cbf67fa1bba2","2026-01-28 19:04:10.681","2026-02-22 12:34:39.281","6978f4745fa9cbf67fa1bba2","68ce331008eeb31bf530240c","[PREMIUM]","[PREMIUM]","[PREMIUM]","[PREMIUM]","[PREMIUM]","[1,2,3,4,5,6]","111","10","Lower","['*','*','*','*','*','*']","mobile","tm","tmqr",,"[PREMIUM]","[PREMIUM]","[]","2026-03-16 00:00:00","Barry Manilow (Rescheduled from 1/11)","music","2026-03-17 23:00:00","58c1db7bcde6626ebe323603"
"6978f44a5fa9cbf67f977501","2026-01-28 19:04:10.681","2026-02-05 07:40:53.391","6978f44a5fa9cbf67f977501","68ce331008eeb31bf530240c","[PREMIUM]","[PREMIUM]","[PREMIUM]","[PREMIUM]","[PREMIUM]","[1,2,3,4,5,6,7,8]","FLR8","6","Floor","['*','*','*','*','*','*','*','*']","mobile","tm","tmqr","great","[PREMIUM]","[PREMIUM]","[]","2026-03-16 00:00:00","Barry Manilow (Rescheduled from 1/11)","music","2026-03-17 23:00:00","58c1db7bcde6626ebe323603"
"6978f4805fa9cbf67fa4bb9d","2026-01-28 19:04:10.681","2026-01-31 02:22:23.729","6978f4805fa9cbf67fa4bb9d","68ce331008eeb31bf530240c","[PREMIUM]","[PREMIUM]","[PREMIUM]","[PREMIUM]","[PREMIUM]","[1,2,4]","108","10","Lower","['*','*','*','*']","mobile","tm","tmqr","great","[PREMIUM]","[PREMIUM]","[]","2026-03-16 00:00:00","Barry Manilow (Rescheduled from 1/11)","music","2026-03-17 23:00:00","58c1db7bcde6626ebe323603"
"6978f45b5fa9cbf67f9b93b9","2026-01-28 19:04:10.681","2026-02-22 12:34:39.281","6978f45b5fa9cbf67f9b93b9","68ce331008eeb31bf530240c","[PREMIUM]","[PREMIUM]","[PREMIUM]","[PREMIUM]","[PREMIUM]","[1,2,3,4,5,6]","FLR6","7","Floor","['*','*','*','*','*','*']","mobile","tm","tmqr","amazing","[PREMIUM]","[PREMIUM]","[]","2026-03-16 00:00:00","Barry Manilow (Rescheduled from 1/11)","music","2026-03-17 23:00:00","58c1db7bcde6626ebe323603"
"6978f4465fa9cbf67f968ae2","2026-01-28 19:04:10.681","2026-02-22 12:34:39.281","6978f4465fa9cbf67f968ae2","68ce331008eeb31bf530240c","[PREMIUM]","[PREMIUM]","[PREMIUM]","[PREMIUM]","[PREMIUM]","[1,2]","FLR1","5","Floor","['*','*']","mobile","tm","tmqr","great","[PREMIUM]","[PREMIUM]","[]","2026-03-16 00:00:00","Barry Manilow (Rescheduled from 1/11)","music","2026-03-17 23:00:00","58c1db7bcde6626ebe323603"
"6978f4705fa9cbf67fa0bb91","2026-01-28 19:04:10.681","2026-02-19 02:34:12.762","6978f4705fa9cbf67fa0bb91","68ce331008eeb31bf530240c","[PREMIUM]","[PREMIUM]","[PREMIUM]","[PREMIUM]","[PREMIUM]","[1,2]","103","14","Lower","['*','*']","mobile","tm","tmqr","amazing","[PREMIUM]","[PREMIUM]","[]","2026-03-16 00:00:00","Barry Manilow (Rescheduled from 1/11)","music","2026-03-17 23:00:00","58c1db7bcde6626ebe323603"
"6978f44a5fa9cbf67f977596","2026-01-28 19:04:10.681","2026-02-04 04:23:10.660","6978f44a5fa9cbf67f977596","68ce331008eeb31bf530240c","[PREMIUM]","[PREMIUM]","[PREMIUM]","[PREMIUM]","[PREMIUM]","[1,2]","FLR3","6","Floor","['*','*']","mobile","tm","tmqr","great","[PREMIUM]","[PREMIUM]","[]","2026-03-16 00:00:00","Barry Manilow (Rescheduled from 1/11)","music","2026-03-17 23:00:00","58c1db7bcde6626ebe323603"
"6978f47c5fa9cbf67fa3bd21","2026-01-28 19:04:10.681","2026-02-05 07:40:53.391","6978f47c5fa9cbf67fa3bd21","68ce331008eeb31bf530240c","[PREMIUM]","[PREMIUM]","[PREMIUM]","[PREMIUM]","[PREMIUM]","[1,2]","109","16","Lower","['*','*']","mobile","tm","tmqr",,"[PREMIUM]","[PREMIUM]","[]","2026-03-16 00:00:00","Barry Manilow (Rescheduled from 1/11)","music","2026-03-17 23:00:00","58c1db7bcde6626ebe323603"
"6978f4a65fa9cbf67fadba84","2026-01-28 19:04:10.681","2026-02-15 15:41:47.698","6978f4a65fa9cbf67fadba84","68ce331008eeb31bf530240c","[PREMIUM]","[PREMIUM]","[PREMIUM]","[PREMIUM]","[PREMIUM]","[1,2]","FLR12","3","Floor","['*','*']","mobile","tm","tmqr","amazing","[PREMIUM]","[PREMIUM]","[]","2026-03-16 00:00:00","Barry Manilow (Rescheduled from 1/11)","music","2026-03-17 23:00:00","58c1db7bcde6626ebe323603"
"6978f4df5fa9cbf67fbb48a5","2026-01-28 19:04:10.681","2026-02-05 07:40:53.391","6978f4df5fa9cbf67fbb48a5","68ce331008eeb31bf530240c","[PREMIUM]","[PREMIUM]","[PREMIUM]","[PREMIUM]","[PREMIUM]","[1,2,3,4]","FLR10","3","Floor","['*','*','*','*']","mobile","tm","tmqr","great","[PREMIUM]","[PREMIUM]","[]","2026-03-16 00:00:00","Barry Manilow (Rescheduled from 1/11)","music","2026-03-17 23:00:00","58c1db7bcde6626ebe323603"
"697961445fa9cbf67f259642","2026-01-28 19:04:10.681","2026-02-04 04:23:10.660","697961445fa9cbf67f259642","68ce331008eeb31bf530240c","[PREMIUM]","[PREMIUM]","[PREMIUM]","[PREMIUM]","[PREMIUM]","[2]","110","16","Lower","['*','*']","mobile","tm","tmqr","amazing","[PREMIUM]","[PREMIUM]","[]","2026-03-15 00:00:00","Barry Manilow (Rescheduled from 1/11)","music","2026-03-17 23:00:00","58c1db7bcde6626ebe323603"
"697961425fa9cbf67f251fe1","2026-01-28 19:04:10.681","2026-02-05 07:40:53.391","697961425fa9cbf67f251fe1","68ce331008eeb31bf530240c","[PREMIUM]","[PREMIUM]","[PREMIUM]","[PREMIUM]","[PREMIUM]","[2]","102","8","Lower","['*','*']","mobile","tm","tmqr","amazing","[PREMIUM]","[PREMIUM]","[]","2026-03-15 00:00:00","Barry Manilow (Rescheduled from 1/11)","music","2026-03-17 23:00:00","58c1db7bcde6626ebe323603"
"697a47110c0ab7d67463a723","2026-01-28 19:04:10.681","2026-01-29 22:40:05.812","697a47110c0ab7d67463a723","68ce331008eeb31bf530240c","[PREMIUM]","[PREMIUM]","[PREMIUM]","[PREMIUM]","[PREMIUM]","[1,2,4]","FLR7","4","Floor","['*','*','*','*']","mobile","tm","tmqr","great","[PREMIUM]","[PREMIUM]","[]","2026-03-16 00:00:00","Barry Manilow (Rescheduled from 1/11)","music","2026-03-17 23:00:00","58c1db7bcde6626ebe323603"
"697a471410901c8f168e1f76","2026-01-28 19:04:10.681","2026-01-28 19:04:10.681","697a471410901c8f168e1f76","68ce331008eeb31bf530240c","[PREMIUM]","[PREMIUM]","[PREMIUM]","[PREMIUM]","[PREMIUM]","[2]","106","19","Lower","['*','*']","mobile","tm","tmqr",,"[PREMIUM]","[PREMIUM]","[]","2026-03-16 00:00:00","Barry Manilow (Rescheduled from 1/11)","music","2026-03-17 23:00:00","58c1db7bcde6626ebe323603"
"697a4714b077ddb326411eca","2026-01-28 19:04:10.681","2026-01-29 22:40:05.812","697a4714b077ddb326411eca","68ce331008eeb31bf530240c","[PREMIUM]","[PREMIUM]","[PREMIUM]","[PREMIUM]","[PREMIUM]","[2]","101","11","Lower","['*','*']","mobile","tm","tmqr",,"[PREMIUM]","[PREMIUM]","[]","2026-03-16 00:00:00","Barry Manilow (Rescheduled from 1/11)","music","2026-03-17 23:00:00","58c1db7bcde6626ebe323603"
"697a52535fa9cbf67fa5df6f","2026-01-28 19:04:10.681","2026-02-22 12:34:39.281","697a52535fa9cbf67fa5df6f","68ce331008eeb31bf530240c","[PREMIUM]","[PREMIUM]","[PREMIUM]","[PREMIUM]","[PREMIUM]","[1,2,3,4,5,6,7,8]","104","16","Lower","['*','*','*','*','*','*','*','*']","mobile","tm","tmqr","great","[PREMIUM]","[PREMIUM]","[]","2026-03-16 00:00:00","Barry Manilow (Rescheduled from 1/11)","music","2026-03-17 23:00:00","58c1db7bcde6626ebe323603"
"69669ee523dd69cbf98d4936","2026-01-28 19:04:10.613","2026-02-23 15:48:16.982","69669ee523dd69cbf98d4936","68ce339d302bab3cec86b38d","[PREMIUM]","[PREMIUM]","[PREMIUM]","[PREMIUM]","[PREMIUM]","[1,2,3,4,5,6,7,8]","FLRA","37","Floor","['*','*','*','*','*','*','*','*']","mobile","tm","tmqr",,"[PREMIUM]","[PREMIUM]","[]","2026-04-24 00:00:00","Barry Manilow (Rescheduled from 1/15)","music","2026-04-24 23:00:00","5758b8caf80c41206da73335"
"697926db5fa9cbf67fd774fe","2026-01-28 19:04:10.613","2026-02-23 15:48:16.982","697926db5fa9cbf67fd774fe","68ce339d302bab3cec86b38d","[PREMIUM]","[PREMIUM]","[PREMIUM]","[PREMIUM]","[PREMIUM]","[1,2,3,4,5,6,7,8]","FLRC","17","Floor","['*','*','*','*','*','*','*','*']","mobile","tm","tmqr",,"[PREMIUM]","[PREMIUM]","[]","2026-04-23 00:00:00","Barry Manilow (Rescheduled from 1/15)","music","2026-04-24 23:00:00","5758b8caf80c41206da73335"
"6979274c5fa9cbf67ff2138d","2026-01-28 19:04:10.613","2026-02-23 15:48:16.982","6979274c5fa9cbf67ff2138d","68ce339d302bab3cec86b38d","[PREMIUM]","[PREMIUM]","[PREMIUM]","[PREMIUM]","[PREMIUM]","[1,2,3,4,5,6]","226","G","Upper","['*','*','*','*','*','*']","mobile","tm","tmqr",,"[PREMIUM]","[PREMIUM]","[]","2026-04-23 00:00:00","Barry Manilow (Rescheduled from 1/15)","music","2026-04-24 23:00:00","5758b8caf80c41206da73335"
"697927595fa9cbf67ff4d464","2026-01-28 19:04:10.613","2026-02-23 15:48:16.982","697927595fa9cbf67ff4d464","68ce339d302bab3cec86b38d","[PREMIUM]","[PREMIUM]","[PREMIUM]","[PREMIUM]","[PREMIUM]","[1,2,3,4]","110","EE","Lower","['*','*','*','*']","mobile","tm","tmqr",,"[PREMIUM]","[PREMIUM]","[]","2026-04-23 00:00:00","Barry Manilow (Rescheduled from 1/15)","music","2026-04-24 23:00:00","5758b8caf80c41206da73335"
"697927765fa9cbf67ffc8383","2026-01-28 19:04:10.613","2026-01-29 22:40:04.529","697927765fa9cbf67ffc8383","68ce339d302bab3cec86b38d","[PREMIUM]","[PREMIUM]","[PREMIUM]","[PREMIUM]","[PREMIUM]","[1,2,3,4]","218","G","Upper","['*','*','*','*']","mobile","tm","tmqr",,"[PREMIUM]","[PREMIUM]","[]","2026-04-23 00:00:00","Barry Manilow (Rescheduled from 1/15)","music","2026-04-24 23:00:00","5758b8caf80c41206da73335"
"697927555fa9cbf67ff3ed1e","2026-01-28 19:04:10.613","2026-02-23 15:48:16.982","697927555fa9cbf67ff3ed1e","68ce339d302bab3cec86b38d","[PREMIUM]","[PREMIUM]","[PREMIUM]","[PREMIUM]","[PREMIUM]","[1,2,3,4]","119","MM","Lower","['*','*','*','*']","mobile","tm","tmqr","great","[PREMIUM]","[PREMIUM]","[]","2026-04-23 00:00:00","Barry Manilow (Rescheduled from 1/15)","music","2026-04-24 23:00:00","5758b8caf80c41206da73335"
"697927995fa9cbf67f05dcf3","2026-01-28 19:04:10.613","2026-02-14 12:43:49.657","697927995fa9cbf67f05dcf3","68ce339d302bab3cec86b38d","[PREMIUM]","[PREMIUM]","[PREMIUM]","[PREMIUM]","[PREMIUM]","[1,2,3,4,5,6]","113","EE","Lower","['*','*','*','*','*','*']","mobile","tm","tmqr","amazing","[PREMIUM]","[PREMIUM]","[]","2026-04-23 00:00:00","Barry Manilow (Rescheduled from 1/15)","music","2026-04-24 23:00:00","5758b8caf80c41206da73335"
"697927ad5fa9cbf67f0b40ba","2026-01-28 19:04:10.613","2026-02-23 15:48:16.982","697927ad5fa9cbf67f0b40ba","68ce339d302bab3cec86b38d","[PREMIUM]","[PREMIUM]","[PREMIUM]","[PREMIUM]","[PREMIUM]","[1,2,3,4]","112","JJ","Lower","['*','*','*','*']","mobile","tm","tmqr","amazing","[PREMIUM]","[PREMIUM]","[]","2026-04-23 00:00:00","Barry Manilow (Rescheduled from 1/15)","music","2026-04-24 23:00:00","5758b8caf80c41206da73335"
"6979271a5fa9cbf67fe6aa80","2026-01-28 19:04:10.613","2026-02-23 15:48:16.982","6979271a5fa9cbf67fe6aa80","68ce339d302bab3cec86b38d","[PREMIUM]","[PREMIUM]","[PREMIUM]","[PREMIUM]","[PREMIUM]","[1,2,3,4,5,6]","224","M","Upper","['*','*','*','*','*','*']","mobile","tm","tmqr",,"[PREMIUM]","[PREMIUM]","[]","2026-04-23 00:00:00","Barry Manilow (Rescheduled from 1/15)","music","2026-04-24 23:00:00","5758b8caf80c41206da73335"
"6979271e5fa9cbf67fe78f8c","2026-01-28 19:04:10.613","2026-02-23 15:48:16.982","6979271e5fa9cbf67fe78f8c","68ce339d302bab3cec86b38d","[PREMIUM]","[PREMIUM]","[PREMIUM]","[PREMIUM]","[PREMIUM]","[1,2,3,4,5,6,7,8]","123","CC","Lower","['*','*','*','*','*','*','*','*']","mobile","tm","tmqr",,"[PREMIUM]","[PREMIUM]","[]","2026-04-23 00:00:00","Barry Manilow (Rescheduled from 1/15)","music","2026-04-24 23:00:00","5758b8caf80c41206da73335"
"697927615fa9cbf67ff704d9","2026-01-28 19:04:10.613","2026-02-14 12:43:49.657","697927615fa9cbf67ff704d9","68ce339d302bab3cec86b38d","[PREMIUM]","[PREMIUM]","[PREMIUM]","[PREMIUM]","[PREMIUM]","[1,2,3,4,5,6]","222","L","Upper","['*','*','*','*','*','*']","mobile","tm","tmqr",,"[PREMIUM]","[PREMIUM]","[]","2026-04-23 00:00:00","Barry Manilow (Rescheduled from 1/15)","music","2026-04-24 23:00:00","5758b8caf80c41206da73335"
"697927165fa9cbf67fe58430","2026-01-28 19:04:10.613","2026-02-23 15:48:16.982","697927165fa9cbf67fe58430","68ce339d302bab3cec86b38d","[PREMIUM]","[PREMIUM]","[PREMIUM]","[PREMIUM]","[PREMIUM]","[1,2,3,4,5,6,7,8]","FLRA","17","Floor","['*','*','*','*','*','*','*','*']","mobile","tm","tmqr",,"[PREMIUM]","[PREMIUM]","[]","2026-04-23 00:00:00","Barry Manilow (Rescheduled from 1/15)","music","2026-04-24 23:00:00","5758b8caf80c41206da73335"
"6979272c5fa9cbf67feb251b","2026-01-28 19:04:10.613","2026-02-21 09:15:01.043","6979272c5fa9cbf67feb251b","68ce339d302bab3cec86b38d","[PREMIUM]","[PREMIUM]","[PREMIUM]","[PREMIUM]","[PREMIUM]","[1,2,3,4]","120","LL","Lower","['*','*','*','*']","mobile","tm","tmqr",,"[PREMIUM]","[PREMIUM]","[]","2026-04-23 00:00:00","Barry Manilow (Rescheduled from 1/15)","music","2026-04-24 23:00:00","5758b8caf80c41206da73335"
"6979278b5fa9cbf67f021ff1","2026-01-28 19:04:10.613","2026-02-23 15:48:16.982","6979278b5fa9cbf67f021ff1","68ce339d302bab3cec86b38d","[PREMIUM]","[PREMIUM]","[PREMIUM]","[PREMIUM]","[PREMIUM]","[1,2]","121","FF","Lower","['*','*']","mobile","tm","tmqr","great","[PREMIUM]","[PREMIUM]","[]","2026-04-23 00:00:00","Barry Manilow (Rescheduled from 1/15)","music","2026-04-24 23:00:00","5758b8caf80c41206da73335"
"697927595fa9cbf67ff4d475","2026-01-28 19:04:10.613","2026-02-02 14:19:15.629","697927595fa9cbf67ff4d475","68ce339d302bab3cec86b38d","[PREMIUM]","[PREMIUM]","[PREMIUM]","[PREMIUM]","[PREMIUM]","[1,2,3]","213","H","Upper","['*','*','*']","mobile","tm","tmqr","great","[PREMIUM]","[PREMIUM]","[]","2026-04-23 00:00:00","Barry Manilow (Rescheduled from 1/15)","music","2026-04-24 23:00:00","5758b8caf80c41206da73335"
"697927345fa9cbf67fecea5e","2026-01-28 19:04:10.613","2026-02-05 07:40:51.966","697927345fa9cbf67fecea5e","68ce339d302bab3cec86b38d","[PREMIUM]","[PREMIUM]","[PREMIUM]","[PREMIUM]","[PREMIUM]","[1,2]","114","FF","Lower","['*','*']","mobile","tm","tmqr",,"[PREMIUM]","[PREMIUM]","[]","2026-04-23 00:00:00","Barry Manilow (Rescheduled from 1/15)","music","2026-04-24 23:00:00","5758b8caf80c41206da73335"
"697927725fa9cbf67ffb49d9","2026-01-28 19:04:10.613","2026-02-23 15:48:16.982","697927725fa9cbf67ffb49d9","68ce339d302bab3cec86b38d","[PREMIUM]","[PREMIUM]","[PREMIUM]","[PREMIUM]","[PREMIUM]","[1,2,3,4,5,6]","111","BB","Lower","['*','*','*','*','*','*']","mobile","tm","tmqr",,"[PREMIUM]","[PREMIUM]","[]","2026-04-23 00:00:00","Barry Manilow (Rescheduled from 1/15)","music","2026-04-24 23:00:00","5758b8caf80c41206da73335"
"6979273c5fa9cbf67fee829a","2026-01-28 19:04:10.613","2026-02-23 15:48:16.982","6979273c5fa9cbf67fee829a","68ce339d302bab3cec86b38d","[PREMIUM]","[PREMIUM]","[PREMIUM]","[PREMIUM]","[PREMIUM]","[1,2,3,4,5,6]","215","G","Upper","['*','*','*','*','*','*']","mobile","tm","tmqr",,"[PREMIUM]","[PREMIUM]","[]","2026-04-23 00:00:00","Barry Manilow (Rescheduled from 1/15)","music","2026-04-24 23:00:00","5758b8caf80c41206da73335"
"697927ba5fa9cbf67f0e7fa7","2026-01-28 19:04:10.613","2026-02-23 15:48:16.982","697927ba5fa9cbf67f0e7fa7","68ce339d302bab3cec86b38d","[PREMIUM]","[PREMIUM]","[PREMIUM]","[PREMIUM]","[PREMIUM]","[1,2,3,4,5,6]","124","HH","Lower","['*','*','*','*','*','*']","mobile","tm","tmqr",,"[PREMIUM]","[PREMIUM]","[]","2026-04-23 00:00:00","Barry Manilow (Rescheduled from 1/15)","music","2026-04-24 23:00:00","5758b8caf80c41206da73335"
"697927c25fa9cbf67f106cd6","2026-01-28 19:04:10.613","2026-02-05 07:40:51.966","697927c25fa9cbf67f106cd6","68ce339d302bab3cec86b38d","[PREMIUM]","[PREMIUM]","[PREMIUM]","[PREMIUM]","[PREMIUM]","[1,2,4]","220","J","Upper","['*','*','*','*']","mobile","tm","tmqr",,"[PREMIUM]","[PREMIUM]","[]","2026-04-23 00:00:00","Barry Manilow (Rescheduled from 1/15)","music","2026-04-24 23:00:00","5758b8caf80c41206da73335"
"697927ec5fa9cbf67f1b6176","2026-01-28 19:04:10.613","2026-02-23 15:48:16.982","697927ec5fa9cbf67f1b6176","68ce339d302bab3cec86b38d","[PREMIUM]","[PREMIUM]","[PREMIUM]","[PREMIUM]","[PREMIUM]","[1,2,3,4,5,6,7,8]","FLRB","30","Floor","['*','*','*','*','*','*','*','*']","mobile","tm","tmqr",,"[PREMIUM]","[PREMIUM]","[]","2026-04-23 00:00:00","Barry Manilow (Rescheduled from 1/15)","music","2026-04-24 23:00:00","5758b8caf80c41206da73335"
"697927d25fa9cbf67f14ba10","2026-01-28 19:04:10.613","2026-01-31 02:22:24.052","697927d25fa9cbf67f14ba10","68ce339d302bab3cec86b38d","[PREMIUM]","[PREMIUM]","[PREMIUM]","[PREMIUM]","[PREMIUM]","[2]","122","JJ","Lower","['*','*']","mobile","tm","tmqr","amazing","[PREMIUM]","[PREMIUM]","[]","2026-04-23 00:00:00","Barry Manilow (Rescheduled from 1/15)","music","2026-04-24 23:00:00","5758b8caf80c41206da73335"
"697927ca5fa9cbf67f129356","2026-01-28 19:04:10.613","2026-02-20 05:53:08.259","697927ca5fa9cbf67f129356","68ce339d302bab3cec86b38d","[PREMIUM]","[PREMIUM]","[PREMIUM]","[PREMIUM]","[PREMIUM]","[1,2,3,4,5,6]","125","FF","Lower","['*','*','*','*','*','*']","mobile","tm","tmqr",,"[PREMIUM]","[PREMIUM]","[]","2026-04-23 00:00:00","Barry Manilow (Rescheduled from 1/15)","music","2026-04-24 23:00:00","5758b8caf80c41206da73335"
"697960c25fa9cbf67f02978b","2026-01-28 19:04:10.613","2026-02-05 07:40:51.966","697960c25fa9cbf67f02978b","68ce339d302bab3cec86b38d","[PREMIUM]","[PREMIUM]","[PREMIUM]","[PREMIUM]","[PREMIUM]","[2]","221","N","Upper","['*','*']","mobile","tm","tmqr",,"[PREMIUM]","[PREMIUM]","[]","2026-04-22 00:00:00","Barry Manilow (Rescheduled from 1/15)","music","2026-04-24 23:00:00","5758b8caf80c41206da73335"
"697960be5fa9cbf67f0168c5","2026-01-28 19:04:10.613","2026-02-05 07:40:51.966","697960be5fa9cbf67f0168c5","68ce339d302bab3cec86b38d","[PREMIUM]","[PREMIUM]","[PREMIUM]","[PREMIUM]","[PREMIUM]","[2]","223","J","Upper","['*','*']","mobile","tm","tmqr",,"[PREMIUM]","[PREMIUM]","[]","2026-04-22 00:00:00","Barry Manilow (Rescheduled from 1/15)","music","2026-04-24 23:00:00","5758b8caf80c41206da73335"
"697960c05fa9cbf67f0215d5","2026-01-28 19:04:10.613","2026-02-05 07:40:51.966","697960c05fa9cbf67f0215d5","68ce339d302bab3cec86b38d","[PREMIUM]","[PREMIUM]","[PREMIUM]","[PREMIUM]","[PREMIUM]","[2]","122","B","Lower","['*','*']","mobile","tm","tmqr",,"[PREMIUM]","[PREMIUM]","[]","2026-04-22 00:00:00","Barry Manilow (Rescheduled from 1/15)","music","2026-04-24 23:00:00","5758b8caf80c41206da73335"
"697960c05fa9cbf67f021b02","2026-01-28 19:04:10.613","2026-02-05 07:40:51.966","697960c05fa9cbf67f021b02","68ce339d302bab3cec86b38d","[PREMIUM]","[PREMIUM]","[PREMIUM]","[PREMIUM]","[PREMIUM]","[2]","111","LL","Lower","['*','*']","mobile","tm","tmqr",,"[PREMIUM]","[PREMIUM]","[]","2026-04-22 00:00:00","Barry Manilow (Rescheduled from 1/15)","music","2026-04-24 23:00:00","5758b8caf80c41206da73335"
"697960c15fa9cbf67f021ff0","2026-01-28 19:04:10.613","2026-02-05 07:40:51.966","697960c15fa9cbf67f021ff0","68ce339d302bab3cec86b38d","[PREMIUM]","[PREMIUM]","[PREMIUM]","[PREMIUM]","[PREMIUM]","[2]","126","DD","Lower","['*','*']","mobile","tm","tmqr","great","[PREMIUM]","[PREMIUM]","[]","2026-04-22 00:00:00","Barry Manilow (Rescheduled from 1/15)","music","2026-04-24 23:00:00","5758b8caf80c41206da73335"
"6979d4355fa9cbf67ffa6ea4","2026-01-28 19:04:10.613","2026-01-28 19:04:10.613","6979d4355fa9cbf67ffa6ea4","68ce339d302bab3cec86b38d","[PREMIUM]","[PREMIUM]","[PREMIUM]","[PREMIUM]","[PREMIUM]","[2]","111","A","Lower","['*','*']","mobile","tm","tmqr",,"[PREMIUM]","[PREMIUM]","[]","2026-04-24 00:00:00","Barry Manilow (Rescheduled from 1/15)","music","2026-04-24 23:00:00","5758b8caf80c41206da73335"
"697a078d5fa9cbf67f2935ca","2026-01-28 19:04:10.613","2026-02-05 07:40:51.966","697a078d5fa9cbf67f2935ca","68ce339d302bab3cec86b38d","[PREMIUM]","[PREMIUM]","[PREMIUM]","[PREMIUM]","[PREMIUM]","[2]","109","HH","Lower","['*','*']","mobile","tm","tmqr","great","[PREMIUM]","[PREMIUM]","[]","2026-04-22 00:00:00","Barry Manilow (Rescheduled from 1/15)","music","2026-04-24 23:00:00","5758b8caf80c41206da73335"
"65b17a56c726c3bde5c774f4","2026-01-28 19:04:10.592","2026-01-28 19:04:10.592","65b17a56c726c3bde5c774f4","68ce33eb7965bba4350a1d4c","[PREMIUM]","[PREMIUM]","[PREMIUM]","[PREMIUM]","[PREMIUM]","[2]","215","S","Upper","['*','*']","mobile","tm","tmqr",,"[PREMIUM]","[PREMIUM]","[]","2026-03-11 00:00:00","Barry Manilow (Rescheduled from 1/14)","music","2026-03-11 23:00:00","61130896fa646800010d8248"
"696512ce23dd69cbf928c5ae","2026-01-28 19:04:10.592","2026-02-01 11:00:05.873","696512ce23dd69cbf928c5ae","68ce33eb7965bba4350a1d4c","[PREMIUM]","[PREMIUM]","[PREMIUM]","[PREMIUM]","[PREMIUM]","[2]","110R","FF","Lower Riser","['*','*']","mobile","tm","tmqr","great","[PREMIUM]","[PREMIUM]","[]","2026-03-09 00:00:00","Barry Manilow (Rescheduled from 1/14)","music","2026-03-11 23:00:00","61130896fa646800010d8248"
"6966995123dd69cbf93671af","2026-01-28 19:04:10.592","2026-01-29 22:40:06.051","6966995123dd69cbf93671af","68ce33eb7965bba4350a1d4c","[PREMIUM]","[PREMIUM]","[PREMIUM]","[PREMIUM]","[PREMIUM]","[2]","219","T","Upper","['*','*']","mobile","tm","tmqr",,"[PREMIUM]","[PREMIUM]","[]","2026-03-11 00:00:00","Barry Manilow (Rescheduled from 1/14)","music","2026-03-11 23:00:00","61130896fa646800010d8248"
"69741336b6c744a3ca670576","2026-01-28 19:04:10.592","2026-02-04 04:23:09.220","69741336b6c744a3ca670576","68ce33eb7965bba4350a1d4c","[PREMIUM]","[PREMIUM]","[PREMIUM]","[PREMIUM]","[PREMIUM]","[2]","214","D","Upper","['*','*']","mobile","tm","tmqr",,"[PREMIUM]","[PREMIUM]","[]","2026-03-10 00:00:00","Barry Manilow (Rescheduled from 1/14)","music","2026-03-11 23:00:00","61130896fa646800010d8248"
"6978f4575fa9cbf67f9a9ed3","2026-01-28 19:04:10.592","2026-02-22 12:34:39.405","6978f4575fa9cbf67f9a9ed3","68ce33eb7965bba4350a1d4c","[PREMIUM]","[PREMIUM]","[PREMIUM]","[PREMIUM]","[PREMIUM]","[1,2,3,4]","FLR52","13","Floor","['*','*','*','*']","mobile","tm","tmqr",,"[PREMIUM]","[PREMIUM]","[]","2026-03-10 00:00:00","Barry Manilow (Rescheduled from 1/14)","music","2026-03-11 23:00:00","61130896fa646800010d8248"
"6978f47c5fa9cbf67fa3bf95","2026-01-28 19:04:10.592","2026-01-28 19:04:10.592","6978f47c5fa9cbf67fa3bf95","68ce33eb7965bba4350a1d4c","[PREMIUM]","[PREMIUM]","[PREMIUM]","[PREMIUM]","[PREMIUM]","[1,2,3,4,5,6]","227","G","Upper","['*','*','*','*','*','*']","mobile","tm","tmqr",,"[PREMIUM]","[PREMIUM]","[]","2026-03-10 00:00:00","Barry Manilow (Rescheduled from 1/14)","music","2026-03-11 23:00:00","61130896fa646800010d8248"
"6978f4685fa9cbf67f9edd6c","2026-01-28 19:04:10.592","2026-02-22 12:34:39.405","6978f4685fa9cbf67f9edd6c","68ce33eb7965bba4350a1d4c","[PREMIUM]","[PREMIUM]","[PREMIUM]","[PREMIUM]","[PREMIUM]","[1,2,3,4,5,6]","226","H","Upper","['*','*','*','*','*','*']","mobile","tm","tmqr",,"[PREMIUM]","[PREMIUM]","[]","2026-03-10 00:00:00","Barry Manilow (Rescheduled from 1/14)","music","2026-03-11 23:00:00","61130896fa646800010d8248"
"6978f43a5fa9cbf67f9396e7","2026-01-28 19:04:10.592","2026-01-31 02:22:23.950","6978f43a5fa9cbf67f9396e7","68ce33eb7965bba4350a1d4c","[PREMIUM]","[PREMIUM]","[PREMIUM]","[PREMIUM]","[PREMIUM]","[1,2]","FLR51","9","Floor","['*','*']","mobile","tm","tmqr",,"[PREMIUM]","[PREMIUM]","[]","2026-03-10 00:00:00","Barry Manilow (Rescheduled from 1/14)","music","2026-03-11 23:00:00","61130896fa646800010d8248"
"6978f4465fa9cbf67f969ec9","2026-01-28 19:04:10.592","2026-02-17 23:22:12.599","6978f4465fa9cbf67f969ec9","68ce33eb7965bba4350a1d4c","[PREMIUM]","[PREMIUM]","[PREMIUM]","[PREMIUM]","[PREMIUM]","[1,2,3,4,5,6]","217","H","Upper","['*','*','*','*','*','*']","mobile","tm","tmqr",,"[PREMIUM]","[PREMIUM]","[]","2026-03-10 00:00:00","Barry Manilow (Rescheduled from 1/14)","music","2026-03-11 23:00:00","61130896fa646800010d8248"
"6978f4685fa9cbf67f9edf8f","2026-01-28 19:04:10.592","2026-02-01 11:00:05.873","6978f4685fa9cbf67f9edf8f","68ce33eb7965bba4350a1d4c","[PREMIUM]","[PREMIUM]","[PREMIUM]","[PREMIUM]","[PREMIUM]","[1,2,3,4,5,6]","218","F","Upper","['*','*','*','*','*','*']","mobile","tm","tmqr",,"[PREMIUM]","[PREMIUM]","[]","2026-03-10 00:00:00","Barry Manilow (Rescheduled from 1/14)","music","2026-03-11 23:00:00","61130896fa646800010d8248"
"6978f4675fa9cbf67f9ed0e9","2026-01-28 19:04:10.592","2026-01-31 02:22:23.950","6978f4675fa9cbf67f9ed0e9","68ce33eb7965bba4350a1d4c","[PREMIUM]","[PREMIUM]","[PREMIUM]","[PREMIUM]","[PREMIUM]","[1,2]","FLR58","8","Floor","['*','*']","mobile","tm","tmqr",,"[PREMIUM]","[PREMIUM]","[]","2026-03-10 00:00:00","Barry Manilow (Rescheduled from 1/14)","music","2026-03-11 23:00:00","61130896fa646800010d8248"
"6978f46c5fa9cbf67f9fc8e7","2026-01-28 19:04:10.592","2026-02-01 11:00:05.873","6978f46c5fa9cbf67f9fc8e7","68ce33eb7965bba4350a1d4c","[PREMIUM]","[PREMIUM]","[PREMIUM]","[PREMIUM]","[PREMIUM]","[1,2,3,4]","213","N","Upper","['*','*','*','*']","mobile","tm","tmqr","amazing","[PREMIUM]","[PREMIUM]","[]","2026-03-10 00:00:00","Barry Manilow (Rescheduled from 1/14)","music","2026-03-11 23:00:00","61130896fa646800010d8248"
"6978f47c5fa9cbf67fa3c597","2026-01-28 19:04:10.592","2026-01-29 22:40:06.051","6978f47c5fa9cbf67fa3c597","68ce33eb7965bba4350a1d4c","[PREMIUM]","[PREMIUM]","[PREMIUM]","[PREMIUM]","[PREMIUM]","[1,2]","222","D","Upper","['*','*']","mobile","tm","tmqr",,"[PREMIUM]","[PREMIUM]","[]","2026-03-10 00:00:00","Barry Manilow (Rescheduled from 1/14)","music","2026-03-11 23:00:00","61130896fa646800010d8248"
"6978f45f5fa9cbf67f9cb42b","2026-01-28 19:04:10.592","2026-02-16 19:24:51.663","6978f45f5fa9cbf67f9cb42b","68ce33eb7965bba4350a1d4c","[PREMIUM]","[PREMIUM]","[PREMIUM]","[PREMIUM]","[PREMIUM]","[1,2,3,4,5,6]","224","J","Upper","['*','*','*','*','*','*']","mobile","tm","tmqr",,"[PREMIUM]","[PREMIUM]","[]","2026-03-10 00:00:00","Barry Manilow (Rescheduled from 1/14)","music","2026-03-11 23:00:00","61130896fa646800010d8248"
"6978f4a15fa9cbf67facb296","2026-01-28 19:04:10.592","2026-02-02 14:19:17.037","6978f4a15fa9cbf67facb296","68ce33eb7965bba4350a1d4c","[PREMIUM]","[PREMIUM]","[PREMIUM]","[PREMIUM]","[PREMIUM]","[1,2,3,4]","215","J","Upper","['*','*','*','*']","mobile","tm","tmqr",,"[PREMIUM]","[PREMIUM]","[]","2026-03-10 00:00:00","Barry Manilow (Rescheduled from 1/14)","music","2026-03-11 23:00:00","61130896fa646800010d8248"
"6978f4c15fa9cbf67fb46d21","2026-01-28 19:04:10.592","2026-02-22 12:34:39.405","6978f4c15fa9cbf67fb46d21","68ce33eb7965bba4350a1d4c","[PREMIUM]","[PREMIUM]","[PREMIUM]","[PREMIUM]","[PREMIUM]","[1,2,3,4]","229","P","Upper","['*','*','*','*']","mobile","tm","tmqr","amazing","[PREMIUM]","[PREMIUM]","[]","2026-03-10 00:00:00","Barry Manilow (Rescheduled from 1/14)","music","2026-03-11 23:00:00","61130896fa646800010d8248"
"6978f4895fa9cbf67fa6f181","2026-01-28 19:04:10.592","2026-02-13 08:47:37.033","6978f4895fa9cbf67fa6f181","68ce33eb7965bba4350a1d4c","[PREMIUM]","[PREMIUM]","[PREMIUM]","[PREMIUM]","[PREMIUM]","[1,2,3,4]","228","J","Upper","['*','*','*','*']","mobile","tm","tmqr",,"[PREMIUM]","[PREMIUM]","[]","2026-03-10 00:00:00","Barry Manilow (Rescheduled from 1/14)","music","2026-03-11 23:00:00","61130896fa646800010d8248"
"6978f4e75fa9cbf67fbd2409","2026-01-28 19:04:10.592","2026-02-01 11:00:05.873","6978f4e75fa9cbf67fbd2409","68ce33eb7965bba4350a1d4c","[PREMIUM]","[PREMIUM]","[PREMIUM]","[PREMIUM]","[PREMIUM]","[1,2,3,4]","FLR56","6","Floor","['*','*','*','*']","mobile","tm","tmqr",,"[PREMIUM]","[PREMIUM]","[]","2026-03-10 00:00:00","Barry Manilow (Rescheduled from 1/14)","music","2026-03-11 23:00:00","61130896fa646800010d8248"
"6978f4db5fa9cbf67fba5e50","2026-01-28 19:04:10.592","2026-02-22 12:34:39.405","6978f4db5fa9cbf67fba5e50","68ce33eb7965bba4350a1d4c","[PREMIUM]","[PREMIUM]","[PREMIUM]","[PREMIUM]","[PREMIUM]","[1,2,3,4]","223","J","Upper","['*','*','*','*']","mobile","tm","tmqr",,"[PREMIUM]","[PREMIUM]","[]","2026-03-10 00:00:00","Barry Manilow (Rescheduled from 1/14)","music","2026-03-11 23:00:00","61130896fa646800010d8248"
"6978f4f75fa9cbf67fc0bc16","2026-01-28 19:04:10.592","2026-02-15 15:41:47.803","6978f4f75fa9cbf67fc0bc16","68ce33eb7965bba4350a1d4c","[PREMIUM]","[PREMIUM]","[PREMIUM]","[PREMIUM]","[PREMIUM]","[1,2,3,4]","219","J","Upper","['*','*','*','*']","mobile","tm","tmqr",,"[PREMIUM]","[PREMIUM]","[]","2026-03-10 00:00:00","Barry Manilow (Rescheduled from 1/14)","music","2026-03-11 23:00:00","61130896fa646800010d8248"
"6978f4e35fa9cbf67fbc4866","2026-01-28 19:04:10.592","2026-01-31 02:22:23.950","6978f4e35fa9cbf67fbc4866","68ce33eb7965bba4350a1d4c","[PREMIUM]","[PREMIUM]","[PREMIUM]","[PREMIUM]","[PREMIUM]","[1,2,3,4,5,6,7,8]","FLR50","16","Floor","['*','*','*','*','*','*','*','*']","mobile","tm","tmqr",,"[PREMIUM]","[PREMIUM]","[]","2026-03-10 00:00:00","Barry Manilow (Rescheduled from 1/14)","music","2026-03-11 23:00:00","61130896fa646800010d8248"
"6978f4f75fa9cbf67fc0c809","2026-01-28 19:04:10.592","2026-02-08 17:12:22.059","6978f4f75fa9cbf67fc0c809","68ce33eb7965bba4350a1d4c","[PREMIUM]","[PREMIUM]","[PREMIUM]","[PREMIUM]","[PREMIUM]","[1,2,3,4,5,6]","225","G","Upper","['*','*','*','*','*','*']","mobile","tm","tmqr",,"[PREMIUM]","[PREMIUM]","[]","2026-03-10 00:00:00","Barry Manilow (Rescheduled from 1/14)","music","2026-03-11 23:00:00","61130896fa646800010d8248"
"6979007eef31c7d9f1a5c068","2026-01-28 19:04:10.592","2026-03-03 16:19:46.326","6979007eef31c7d9f1a5c068","68ce33eb7965bba4350a1d4c","[PREMIUM]","[PREMIUM]","[PREMIUM]","[PREMIUM]","[PREMIUM]","[2,4]","230","D","Upper","['6','7','8','9']","mobile","tm","tmqr",,"[PREMIUM]","[PREMIUM]","[]","2026-07-29 23:00:00","Barry Manilow (Rescheduled from 1/14)","music","2026-03-11 23:00:00","61130896fa646800010d8248"
"697946fb8668a46f3271c483","2026-01-28 19:04:10.592","2026-01-31 02:22:23.950","697946fb8668a46f3271c483","68ce33eb7965bba4350a1d4c","[PREMIUM]","[PREMIUM]","[PREMIUM]","[PREMIUM]","[PREMIUM]","[1,2,3,4,5,6,8]","214","K","Upper","['*','*','*','*','*','*','*','*']","mobile","tm","tmqr",,"[PREMIUM]","[PREMIUM]","[]","2026-03-10 00:00:00","Barry Manilow (Rescheduled from 1/14)","music","2026-03-11 23:00:00","61130896fa646800010d8248"
"697946fa03c586a7ffc87e1b","2026-01-28 19:04:10.592","2026-01-31 02:22:23.950","697946fa03c586a7ffc87e1b","68ce33eb7965bba4350a1d4c","[PREMIUM]","[PREMIUM]","[PREMIUM]","[PREMIUM]","[PREMIUM]","[2]","FLR55","11","Floor","['*','*']","mobile","tm","tmqr",,"[PREMIUM]","[PREMIUM]","[]","2026-03-10 00:00:00","Barry Manilow (Rescheduled from 1/14)","music","2026-03-11 23:00:00","61130896fa646800010d8248"
"697960be5fa9cbf67f016907","2026-01-28 19:04:10.592","2026-01-29 22:40:06.051","697960be5fa9cbf67f016907","68ce33eb7965bba4350a1d4c","[PREMIUM]","[PREMIUM]","[PREMIUM]","[PREMIUM]","[PREMIUM]","[2]","114","E","Lower","['*','*']","mobile","tm","tmqr","great","[PREMIUM]","[PREMIUM]","[]","2026-03-09 00:00:00","Barry Manilow (Rescheduled from 1/14)","music","2026-03-11 23:00:00","61130896fa646800010d8248"
"69797a365fa9cbf67f78dd4e","2026-01-28 19:04:10.592","2026-01-29 22:40:06.051","69797a365fa9cbf67f78dd4e","68ce33eb7965bba4350a1d4c","[PREMIUM]","[PREMIUM]","[PREMIUM]","[PREMIUM]","[PREMIUM]","[1,2,3]","225","P","Upper","['*','*','*']","mobile","tm","tmqr",,"[PREMIUM]","[PREMIUM]","[]","2026-03-11 00:00:00","Barry Manilow (Rescheduled from 1/14)","music","2026-03-11 23:00:00","61130896fa646800010d8248"
"697a0b195fa9cbf67f194134","2026-01-28 19:04:10.592","2026-02-01 11:00:05.873","697a0b195fa9cbf67f194134","68ce33eb7965bba4350a1d4c","[PREMIUM]","[PREMIUM]","[PREMIUM]","[PREMIUM]","[PREMIUM]","[1,2,3]","217","U","Upper","['*','*','*']","mobile","tm","tmqr",,"[PREMIUM]","[PREMIUM]","[]","2026-03-10 00:00:00","Barry Manilow (Rescheduled from 1/14)","music","2026-03-11 23:00:00","61130896fa646800010d8248"
"697a0b195fa9cbf67f194174","2026-01-28 19:04:10.592","2026-02-01 11:00:05.873","697a0b195fa9cbf67f194174","68ce33eb7965bba4350a1d4c","[PREMIUM]","[PREMIUM]","[PREMIUM]","[PREMIUM]","[PREMIUM]","[1,2,3]","218","T","Upper","['*','*','*']","mobile","tm","tmqr",,"[PREMIUM]","[PREMIUM]","[]","2026-03-10 00:00:00","Barry Manilow (Rescheduled from 1/14)","music","2026-03-11 23:00:00","61130896fa646800010d8248"
"697a0b1d5fa9cbf67f1a2a90","2026-01-28 19:04:10.592","2026-01-31 02:22:23.950","697a0b1d5fa9cbf67f1a2a90","68ce33eb7965bba4350a1d4c","[PREMIUM]","[PREMIUM]","[PREMIUM]","[PREMIUM]","[PREMIUM]","[1,2,3,4]","FLR50","6","Floor","['*','*','*','*']","mobile","tm","tmqr",,"[PREMIUM]","[PREMIUM]","[]","2026-03-10 00:00:00","Barry Manilow (Rescheduled from 1/14)","music","2026-03-11 23:00:00","61130896fa646800010d8248"
"697a0b205fa9cbf67f1b22cf","2026-01-28 19:04:10.592","2026-02-01 11:00:05.873","697a0b205fa9cbf67f1b22cf","68ce33eb7965bba4350a1d4c","[PREMIUM]","[PREMIUM]","[PREMIUM]","[PREMIUM]","[PREMIUM]","[1,2,3,4,5,6,7]","229","U","Upper","['*','*','*','*','*','*','*']","mobile","tm","tmqr",,"[PREMIUM]","[PREMIUM]","[]","2026-03-10 00:00:00","Barry Manilow (Rescheduled from 1/14)","music","2026-03-11 23:00:00","61130896fa646800010d8248"
"697a0b275fa9cbf67f1d0c07","2026-01-28 19:04:10.592","2026-02-01 11:00:05.873","697a0b275fa9cbf67f1d0c07","68ce33eb7965bba4350a1d4c","[PREMIUM]","[PREMIUM]","[PREMIUM]","[PREMIUM]","[PREMIUM]","[2]","227","U","Upper","['*','*']","mobile","tm","tmqr","great","[PREMIUM]","[PREMIUM]","[]","2026-03-10 00:00:00","Barry Manilow (Rescheduled from 1/14)","music","2026-03-11 23:00:00","61130896fa646800010d8248"
"697a0b275fa9cbf67f1d0c8f","2026-01-28 19:04:10.592","2026-02-01 11:00:05.873","697a0b275fa9cbf67f1d0c8f","68ce33eb7965bba4350a1d4c","[PREMIUM]","[PREMIUM]","[PREMIUM]","[PREMIUM]","[PREMIUM]","[1,2,3,4,5,6,7,8,9,10,11]","218","N","Upper","['*','*','*','*','*','*','*','*','*','*','*']","mobile","tm","tmqr",,"[PREMIUM]","[PREMIUM]","[]","2026-03-10 00:00:00","Barry Manilow (Rescheduled from 1/14)","music","2026-03-11 23:00:00","61130896fa646800010d8248"
"6978e6105fa9cbf67f20a1bd","2026-01-28 19:04:09.239","2026-02-22 12:34:37.889","6978e6105fa9cbf67f20a1bd","68ce2e557ffced877fc2f762","[PREMIUM]","[PREMIUM]","[PREMIUM]","[PREMIUM]","[PREMIUM]","[1,2,3,4,5,6,7,8]","208","H","Upper","['*','*','*','*','*','*','*','*']","mobile","tm","tmqr","great","[PREMIUM]","[PREMIUM]","[]","2026-03-05 00:00:00","Barry Manilow (Rescheduled from 1/18)","music","2026-03-07 00:00:00","545696683bf3765225000003"
"6978e6105fa9cbf67f2095e2","2026-01-28 19:04:09.239","2026-02-16 19:24:49.252","6978e6105fa9cbf67f2095e2","68ce2e557ffced877fc2f762","[PREMIUM]","[PREMIUM]","[PREMIUM]","[PREMIUM]","[PREMIUM]","[1,2,3,4,5,6]","FLR4","P","Floor","['*','*','*','*','*','*']","mobile","tm","tmqr","great","[PREMIUM]","[PREMIUM]","[]","2026-03-05 00:00:00","Barry Manilow (Rescheduled from 1/18)","music","2026-03-07 00:00:00","545696683bf3765225000003"
"6978e64d5fa9cbf67f2fd412","2026-01-28 19:04:09.239","2026-02-22 12:34:37.889","6978e64d5fa9cbf67f2fd412","68ce2e557ffced877fc2f762","[PREMIUM]","[PREMIUM]","[PREMIUM]","[PREMIUM]","[PREMIUM]","[1,2,3,4,5,6,7,8]","212","J","Upper","['*','*','*','*','*','*','*','*']","mobile","tm","tmqr",,"[PREMIUM]","[PREMIUM]","[]","2026-03-05 00:00:00","Barry Manilow (Rescheduled from 1/18)","music","2026-03-07 00:00:00","545696683bf3765225000003"
"6978e6255fa9cbf67f25e888","2026-01-28 19:04:09.239","2026-02-02 14:19:15.547","6978e6255fa9cbf67f25e888","68ce2e557ffced877fc2f762","[PREMIUM]","[PREMIUM]","[PREMIUM]","[PREMIUM]","[PREMIUM]","[1,2,3,4,5,6,7,8]","211","K","Upper","['*','*','*','*','*','*','*','*']","mobile","tm","tmqr",,"[PREMIUM]","[PREMIUM]","[]","2026-03-05 00:00:00","Barry Manilow (Rescheduled from 1/18)","music","2026-03-07 00:00:00","545696683bf3765225000003"
"6978e6295fa9cbf67f26e1ec","2026-01-28 19:04:09.239","2026-01-29 22:40:04.173","6978e6295fa9cbf67f26e1ec","68ce2e557ffced877fc2f762","[PREMIUM]","[PREMIUM]","[PREMIUM]","[PREMIUM]","[PREMIUM]","[1,2,3,4,5,6]","112","R","Lower","['*','*','*','*','*','*']","mobile","tm","tmqr","great","[PREMIUM]","[PREMIUM]","[]","2026-03-05 00:00:00","Barry Manilow (Rescheduled from 1/18)","music","2026-03-07 00:00:00","545696683bf3765225000003"
"6978e64d5fa9cbf67f2fdb3e","2026-01-28 19:04:09.239","2026-02-02 14:19:15.547","6978e64d5fa9cbf67f2fdb3e","68ce2e557ffced877fc2f762","[PREMIUM]","[PREMIUM]","[PREMIUM]","[PREMIUM]","[PREMIUM]","[1,2]","113","V","Lower","['*','*']","mobile","tm","tmqr","great","[PREMIUM]","[PREMIUM]","[]","2026-03-05 00:00:00","Barry Manilow (Rescheduled from 1/18)","music","2026-03-07 00:00:00","545696683bf3765225000003"
"6978e65c5fa9cbf67f33b8b8","2026-01-28 19:04:09.239","2026-02-22 12:34:37.889","6978e65c5fa9cbf67f33b8b8","68ce2e557ffced877fc2f762","[PREMIUM]","[PREMIUM]","[PREMIUM]","[PREMIUM]","[PREMIUM]","[1,2,3,4,5,6,7,8]","213","H","Upper","['*','*','*','*','*','*','*','*']","mobile","tm","tmqr","great","[PREMIUM]","[PREMIUM]","[]","2026-03-05 00:00:00","Barry Manilow (Rescheduled from 1/18)","music","2026-03-07 00:00:00","545696683bf3765225000003"
"6978e6645fa9cbf67f35b09e","2026-01-28 19:04:09.239","2026-01-28 19:04:09.239","6978e6645fa9cbf67f35b09e","68ce2e557ffced877fc2f762","[PREMIUM]","[PREMIUM]","[PREMIUM]","[PREMIUM]","[PREMIUM]","[1,2]","FLR3","Y","Floor","['*','*']","mobile","tm","tmqr",,"[PREMIUM]","[PREMIUM]","[]","2026-03-05 00:00:00","Barry Manilow (Rescheduled from 1/18)","music","2026-03-07 00:00:00","545696683bf3765225000003"
"6978e6695fa9cbf67f36bddf","2026-01-28 19:04:09.239","2026-02-09 21:02:15.834","6978e6695fa9cbf67f36bddf","68ce2e557ffced877fc2f762","[PREMIUM]","[PREMIUM]","[PREMIUM]","[PREMIUM]","[PREMIUM]","[1,2,3,4,5,6,7,8]","215","H","Upper","['*','*','*','*','*','*','*','*']","mobile","tm","tmqr","great","[PREMIUM]","[PREMIUM]","[]","2026-03-05 00:00:00","Barry Manilow (Rescheduled from 1/18)","music","2026-03-07 00:00:00","545696683bf3765225000003"
"6978e6895fa9cbf67f3ed7a7","2026-01-28 19:04:09.239","2026-02-02 14:19:15.547","6978e6895fa9cbf67f3ed7a7","68ce2e557ffced877fc2f762","[PREMIUM]","[PREMIUM]","[PREMIUM]","[PREMIUM]","[PREMIUM]","[1,2,3,4,5,6]","106","S","Lower","['*','*','*','*','*','*']","mobile","tm","tmqr","amazing","[PREMIUM]","[PREMIUM]","[]","2026-03-05 00:00:00","Barry Manilow (Rescheduled from 1/18)","music","2026-03-07 00:00:00","545696683bf3765225000003"
"6978e6695fa9cbf67f36ce50","2026-01-28 19:04:09.239","2026-01-31 02:22:22.583","6978e6695fa9cbf67f36ce50","68ce2e557ffced877fc2f762","[PREMIUM]","[PREMIUM]","[PREMIUM]","[PREMIUM]","[PREMIUM]","[1,2,3,4,5,6,7,8]","205","J","Upper","['*','*','*','*','*','*','*','*']","mobile","tm","tmqr",,"[PREMIUM]","[PREMIUM]","[]","2026-03-05 00:00:00","Barry Manilow (Rescheduled from 1/18)","music","2026-03-07 00:00:00","545696683bf3765225000003"
"6978e68c5fa9cbf67f3f9457","2026-01-28 19:04:09.239","2026-01-31 02:22:22.583","6978e68c5fa9cbf67f3f9457","68ce2e557ffced877fc2f762","[PREMIUM]","[PREMIUM]","[PREMIUM]","[PREMIUM]","[PREMIUM]","[1,2,3,4,5,6]","FLR6","Q","Floor","['*','*','*','*','*','*']","mobile","tm","tmqr","great","[PREMIUM]","[PREMIUM]","[]","2026-03-05 00:00:00","Barry Manilow (Rescheduled from 1/18)","music","2026-03-07 00:00:00","545696683bf3765225000003"
"6978e6785fa9cbf67f3b0fe7","2026-01-28 19:04:09.239","2026-01-28 19:04:09.239","6978e6785fa9cbf67f3b0fe7","68ce2e557ffced877fc2f762","[PREMIUM]","[PREMIUM]","[PREMIUM]","[PREMIUM]","[PREMIUM]","[1,2,3,4,5,6]","214","H","Upper","['*','*','*','*','*','*']","mobile","tm","tmqr","great","[PREMIUM]","[PREMIUM]","[]","2026-03-05 00:00:00","Barry Manilow (Rescheduled from 1/18)","music","2026-03-07 00:00:00","545696683bf3765225000003"
"6978e6715fa9cbf67f38e959","2026-01-28 19:04:09.239","2026-01-29 22:40:04.173","6978e6715fa9cbf67f38e959","68ce2e557ffced877fc2f762","[PREMIUM]","[PREMIUM]","[PREMIUM]","[PREMIUM]","[PREMIUM]","[1,2,3,4,5,6,7,8]","209","J","Upper","['*','*','*','*','*','*','*','*']","mobile","tm","tmqr",,"[PREMIUM]","[PREMIUM]","[]","2026-03-05 00:00:00","Barry Manilow (Rescheduled from 1/18)","music","2026-03-07 00:00:00","545696683bf3765225000003"
"697952ab5fa9cbf67f736860","2026-01-28 19:04:09.239","2026-01-31 02:22:22.583","697952ab5fa9cbf67f736860","68ce2e557ffced877fc2f762","[PREMIUM]","[PREMIUM]","[PREMIUM]","[PREMIUM]","[PREMIUM]","[1,2]","105","W","Lower","['*','*']","mobile","tm","tmqr",,"[PREMIUM]","[PREMIUM]","[]","2026-03-05 00:00:00","Barry Manilow (Rescheduled from 1/18)","music","2026-03-07 00:00:00","545696683bf3765225000003"
"69799ebc5fa9cbf67fa7595c","2026-01-28 19:04:09.239","2026-01-28 19:04:09.239","69799ebc5fa9cbf67fa7595c","68ce2e557ffced877fc2f762","[PREMIUM]","[PREMIUM]","[PREMIUM]","[PREMIUM]","[PREMIUM]","[2]","112","F","Lower","['*','*']","mobile","tm","tmqr","amazing","[PREMIUM]","[PREMIUM]","[]","2026-03-05 00:00:00","Barry Manilow (Rescheduled from 1/18)","music","2026-03-07 00:00:00","545696683bf3765225000003"
"6979f2205fa9cbf67fc9db24","2026-01-28 19:04:09.239","2026-01-29 22:40:04.173","6979f2205fa9cbf67fc9db24","68ce2e557ffced877fc2f762","[PREMIUM]","[PREMIUM]","[PREMIUM]","[PREMIUM]","[PREMIUM]","[2]","FLR5","B","Floor","['*','*']","mobile","tm","tmqr",,"[PREMIUM]","[PREMIUM]","[]","2026-03-05 00:00:00","Barry Manilow (Rescheduled from 1/18)","music","2026-03-07 00:00:00","545696683bf3765225000003"
"697a44f1f5ff5fb9947c124b","2026-01-28 19:04:09.239","2026-01-28 19:04:09.239","697a44f1f5ff5fb9947c124b","68ce2e557ffced877fc2f762","[PREMIUM]","[PREMIUM]","[PREMIUM]","[PREMIUM]","[PREMIUM]","[2]","FLR1","Y","Floor","['*','*']","mobile","tm","tmqr","amazing","[PREMIUM]","[PREMIUM]","[]","2026-03-05 00:00:00","Barry Manilow (Rescheduled from 1/18)","music","2026-03-07 00:00:00","545696683bf3765225000003"
"6973db1ce7fbadfb8e364f69","2026-01-28 19:04:07.050","2026-03-03 16:19:40.759","6973db1ce7fbadfb8e364f69","68e40f1bcd597ad26a9f037c","[PREMIUM]","[PREMIUM]","[PREMIUM]","[PREMIUM]","[PREMIUM]","[2]","MEZZC","V","Mezzanine","['*','*']","mobile","tm","tmqr","amazing","[PREMIUM]","[PREMIUM]","[]",,"Ron White (18+ Event) (Postponed from 1/23)","comedy","2026-04-19 00:00:00","617c3af4d5bdd40001826f60"
"6978ea2e5fa9cbf67f1cec1d","2026-01-28 19:04:07.050","2026-01-28 19:04:07.050","6978ea2e5fa9cbf67f1cec1d","68e40f1bcd597ad26a9f037c","[PREMIUM]","[PREMIUM]","[PREMIUM]","[PREMIUM]","[PREMIUM]","[2]","PARTLC","LL","Parterre","['*','*']","mobile","tm","tmqr","great","[PREMIUM]","[PREMIUM]","[]","2026-04-17 00:00:00","Ron White (18+ Event) (Postponed from 1/23)","comedy","2026-04-19 00:00:00","617c3af4d5bdd40001826f60"
"697927555fa9cbf67ff3f428","2026-01-28 19:04:07.050","2026-02-16 19:24:46.310","697927555fa9cbf67ff3f428","68e40f1bcd597ad26a9f037c","[PREMIUM]","[PREMIUM]","[PREMIUM]","[PREMIUM]","[PREMIUM]","[1,2,3,4,5,6,7,8]","MEZZL","G","Mezzanine","['*','*','*','*','*','*','*','*']","mobile","tm","tmqr",,"[PREMIUM]","[PREMIUM]","[]","2026-04-17 00:00:00","Ron White (18+ Event) (Postponed from 1/23)","comedy","2026-04-19 00:00:00","617c3af4d5bdd40001826f60"
"697927be5fa9cbf67f0f8725","2026-01-28 19:04:07.050","2026-02-05 07:40:49.215","697927be5fa9cbf67f0f8725","68e40f1bcd597ad26a9f037c","[PREMIUM]","[PREMIUM]","[PREMIUM]","[PREMIUM]","[PREMIUM]","[1,2,3,4]","PARTL","MM","Parterre","['*','*','*','*']","mobile","tm","tmqr",,"[PREMIUM]","[PREMIUM]","[]","2026-04-17 00:00:00","Ron White (18+ Event) (Postponed from 1/23)","comedy","2026-04-19 00:00:00","617c3af4d5bdd40001826f60"
"69794ae85fa9cbf67f8c337a","2026-01-28 19:04:07.050","2026-02-02 14:19:13.105","69794ae85fa9cbf67f8c337a","68e40f1bcd597ad26a9f037c","[PREMIUM]","[PREMIUM]","[PREMIUM]","[PREMIUM]","[PREMIUM]","[1,2]","MEZZLC","P","Mezzanine","['*','*']","mobile","tm","tmqr","great","[PREMIUM]","[PREMIUM]","[]","2026-04-17 00:00:00","Ron White (18+ Event) (Postponed from 1/23)","comedy","2026-04-19 00:00:00","617c3af4d5bdd40001826f60"
"697a58415fa9cbf67f17c026","2026-01-28 19:04:07.050","2026-01-28 19:04:07.050","697a58415fa9cbf67f17c026","68e40f1bcd597ad26a9f037c","[PREMIUM]","[PREMIUM]","[PREMIUM]","[PREMIUM]","[PREMIUM]","[2]","MEZZC","P","Mezzanine","['*','*']","mobile","tm","tmqr","amazing","[PREMIUM]","[PREMIUM]","[]","2026-04-17 00:00:00","Ron White (18+ Event) (Postponed from 1/23)","comedy","2026-04-19 00:00:00","617c3af4d5bdd40001826f60"
"6974027ce2af11c1e2df4f96","2026-01-28 19:04:07.022","2026-01-29 22:40:01.753","6974027ce2af11c1e2df4f96","691ba11804eabac56772c758","[PREMIUM]","[PREMIUM]","[PREMIUM]","[PREMIUM]","[PREMIUM]","[2,4]","2","CC","Orchestra","['*','*','*','*']","mobile","tm","tmqr",,"[PREMIUM]","[PREMIUM]","[]","2026-02-28 00:00:00","Brett Young and Jenna Davis (Rescheduled from 1/23)","music","2026-03-02 01:00:00","5ac6b61ff366c100132cd37a"
"697904f55fa9cbf67fa2b531","2026-01-28 19:04:07.022","2026-02-21 09:14:58.715","697904f55fa9cbf67fa2b531","691ba11804eabac56772c758","[PREMIUM]","[PREMIUM]","[PREMIUM]","[PREMIUM]","[PREMIUM]","[2]","3","G","Orchestra","['*','*']","mobile","tm","tmqr","super","[PREMIUM]","[PREMIUM]","[]","2026-02-27 00:00:00","Brett Young and Jenna Davis (Rescheduled from 1/23)","music","2026-03-02 01:00:00","5ac6b61ff366c100132cd37a"
"69791f527d7b3075114b3131","2026-01-28 19:04:07.022","2026-02-08 17:12:18.227","69791f527d7b3075114b3131","691ba11804eabac56772c758","[PREMIUM]","[PREMIUM]","[PREMIUM]","[PREMIUM]","[PREMIUM]","[2]","10","G","Balcony","['*','*']","mobile","tm","tmqr","great","[PREMIUM]","[PREMIUM]","[]","2026-02-28 00:00:00","Brett Young and Jenna Davis (Rescheduled from 1/23)","music","2026-03-02 01:00:00","5ac6b61ff366c100132cd37a"
"697a5094661db8826291d8a3","2026-01-28 19:04:07.022","2026-01-28 19:04:07.022","697a5094661db8826291d8a3","691ba11804eabac56772c758","[PREMIUM]","[PREMIUM]","[PREMIUM]","[PREMIUM]","[PREMIUM]","[1,2,4]","8","H","Balcony","['*','*','*','*']","mobile","tm","tmqr",,"[PREMIUM]","[PREMIUM]","[]","2026-02-28 00:00:00","Brett Young and Jenna Davis (Rescheduled from 1/23)","music","2026-03-02 01:00:00","5ac6b61ff366c100132cd37a"
"6979c84c7e2e7dcf98745745","2026-01-28 19:04:06.853","2026-03-03 16:19:42.268","6979c84c7e2e7dcf98745745","68d20717b77c783eeb090fc5","[PREMIUM]","[PREMIUM]","[PREMIUM]","[PREMIUM]","[PREMIUM]","[1,2]","PIT - Standing Room Only","ga",,"['*','*']","mobile",,"tmqr","cheapest","[PREMIUM]","[PREMIUM]","[]","2026-04-22 00:00:00","George Birge (Rescheduled from 1/22)","music","2026-04-24 00:00:00","67e312540f6ccdf4437aecd5"
"69383f694c87f865d0402fb4","2026-01-28 19:04:05.131","2026-02-17 23:22:09.015","69383f694c87f865d0402fb4","68bf414915ff2cffe9bd8578","[PREMIUM]","[PREMIUM]","[PREMIUM]","[PREMIUM]","[PREMIUM]","[2,3,4,5]","107","10","Lower","['*','*','*','*','*']","mobile","tm","tmqr",,"[PREMIUM]","[PREMIUM]","[]","2026-04-10 00:00:00","The Harlem Globetrotters (Rescheduled from 1/24)","other","2026-04-11 19:00:00","58123feccde6626ebe10cd87"
"697856a9bb7a4aaad22d48a2","2026-01-28 19:04:05.131","2026-02-02 14:19:13.394","697856a9bb7a4aaad22d48a2","68bf414915ff2cffe9bd8578","[PREMIUM]","[PREMIUM]","[PREMIUM]","[PREMIUM]","[PREMIUM]","[2]","121","A","Lower","['*','*']","electronic",,"tmqr",,"[PREMIUM]","[PREMIUM]","[]","2026-04-10 00:00:00","The Harlem Globetrotters (Rescheduled from 1/24)","other","2026-04-11 19:00:00","58123feccde6626ebe10cd87"
"6979966e5fa9cbf67f9b4eea","2026-01-28 19:04:05.131","2026-02-21 09:14:57.335","6979966e5fa9cbf67f9b4eea","68bf414915ff2cffe9bd8578","[PREMIUM]","[PREMIUM]","[PREMIUM]","[PREMIUM]","[PREMIUM]","[2,3]","101","1","Lower","['*','*','*']","mobile","tm","tmqr",,"[PREMIUM]","[PREMIUM]","[]","2026-04-10 00:00:00","The Harlem Globetrotters (Rescheduled from 1/24)","other","2026-04-11 19:00:00","58123feccde6626ebe10cd87"
"697a18a55fa9cbf67f7f5760","2026-01-28 19:04:05.131","2026-02-08 17:12:17.305","697a18a55fa9cbf67f7f5760","68bf414915ff2cffe9bd8578","[PREMIUM]","[PREMIUM]","[PREMIUM]","[PREMIUM]","[PREMIUM]","[1,2,3,4,5,6,7,8,9,10,11,12]","106","21","Lower","['*','*','*','*','*','*','*','*','*','*','*','*']","mobile","tm","tmqr",,"[PREMIUM]","[PREMIUM]","[]","2026-04-10 00:00:00","The Harlem Globetrotters (Rescheduled from 1/24)","other","2026-04-11 19:00:00","58123feccde6626ebe10cd87"
"697a18905fa9cbf67f798251","2026-01-28 19:04:05.131","2026-02-13 08:47:33.320","697a18905fa9cbf67f798251","68bf414915ff2cffe9bd8578","[PREMIUM]","[PREMIUM]","[PREMIUM]","[PREMIUM]","[PREMIUM]","[1,2,3,4,5,6,7]","101","20","Lower","['*','*','*','*','*','*','*']","mobile","tm","tmqr",,"[PREMIUM]","[PREMIUM]","[]","2026-04-10 00:00:00","The Harlem Globetrotters (Rescheduled from 1/24)","other","2026-04-11 19:00:00","58123feccde6626ebe10cd87"
"697a18905fa9cbf67f797e63","2026-01-28 19:04:05.131","2026-02-13 08:47:33.320","697a18905fa9cbf67f797e63","68bf414915ff2cffe9bd8578","[PREMIUM]","[PREMIUM]","[PREMIUM]","[PREMIUM]","[PREMIUM]","[1,2,3,4,5,6,7,8,9,10,11,12]","114","21","Lower","['*','*','*','*','*','*','*','*','*','*','*','*']","mobile","tm","tmqr","great","[PREMIUM]","[PREMIUM]","[]","2026-04-10 00:00:00","The Harlem Globetrotters (Rescheduled from 1/24)","other","2026-04-11 19:00:00","58123feccde6626ebe10cd87"
"697a18a55fa9cbf67f7f55d9","2026-01-28 19:04:05.131","2026-02-13 08:47:33.320","697a18a55fa9cbf67f7f55d9","68bf414915ff2cffe9bd8578","[PREMIUM]","[PREMIUM]","[PREMIUM]","[PREMIUM]","[PREMIUM]","[1,2,3,4,5,6,7,8,9,10,11,12]","109","23","Lower","['*','*','*','*','*','*','*','*','*','*','*','*']","mobile","tm","tmqr",,"[PREMIUM]","[PREMIUM]","[]","2026-04-10 00:00:00","The Harlem Globetrotters (Rescheduled from 1/24)","other","2026-04-11 19:00:00","58123feccde6626ebe10cd87"
"697a18975fa9cbf67f7b656e","2026-01-28 19:04:05.131","2026-02-08 17:12:17.305","697a18975fa9cbf67f7b656e","68bf414915ff2cffe9bd8578","[PREMIUM]","[PREMIUM]","[PREMIUM]","[PREMIUM]","[PREMIUM]","[1,2,3,4,5,6,7,8,9,10,11,12]","108","21","Lower","['*','*','*','*','*','*','*','*','*','*','*','*']","mobile","tm","tmqr",,"[PREMIUM]","[PREMIUM]","[]","2026-04-10 00:00:00","The Harlem Globetrotters (Rescheduled from 1/24)","other","2026-04-11 19:00:00","58123feccde6626ebe10cd87"
"697a18905fa9cbf67f797b8e","2026-01-28 19:04:05.131","2026-02-13 08:47:33.320","697a18905fa9cbf67f797b8e","68bf414915ff2cffe9bd8578","[PREMIUM]","[PREMIUM]","[PREMIUM]","[PREMIUM]","[PREMIUM]","[1,2,3,4,5,6,7]","115","23","Lower","['*','*','*','*','*','*','*']","mobile","tm","tmqr",,"[PREMIUM]","[PREMIUM]","[]","2026-04-10 00:00:00","The Harlem Globetrotters (Rescheduled from 1/24)","other","2026-04-11 19:00:00","58123feccde6626ebe10cd87"
"697a189b5fa9cbf67f7c6b28","2026-01-28 19:04:05.131","2026-02-13 08:47:33.320","697a189b5fa9cbf67f7c6b28","68bf414915ff2cffe9bd8578","[PREMIUM]","[PREMIUM]","[PREMIUM]","[PREMIUM]","[PREMIUM]","[1,2,3,4,5,6,7]","111","21","Lower","['*','*','*','*','*','*','*']","mobile","tm","tmqr",,"[PREMIUM]","[PREMIUM]","[]","2026-04-10 00:00:00","The Harlem Globetrotters (Rescheduled from 1/24)","other","2026-04-11 19:00:00","58123feccde6626ebe10cd87"
"697a189e5fa9cbf67f7d7803","2026-01-28 19:04:05.131","2026-02-13 08:47:33.320","697a189e5fa9cbf67f7d7803","68bf414915ff2cffe9bd8578","[PREMIUM]","[PREMIUM]","[PREMIUM]","[PREMIUM]","[PREMIUM]","[2]","120","C","Lower","['*','*']","mobile","tm","tmqr",,"[PREMIUM]","[PREMIUM]","[]","2026-04-10 00:00:00","The Harlem Globetrotters (Rescheduled from 1/24)","other","2026-04-11 19:00:00","58123feccde6626ebe10cd87"
"697a18a25fa9cbf67f7e565e","2026-01-28 19:04:05.131","2026-02-13 08:47:33.320","697a18a25fa9cbf67f7e565e","68bf414915ff2cffe9bd8578","[PREMIUM]","[PREMIUM]","[PREMIUM]","[PREMIUM]","[PREMIUM]","[1,2,3,4,5,6,7]","112","22","Lower","['*','*','*','*','*','*','*']","mobile","tm","tmqr",,"[PREMIUM]","[PREMIUM]","[]","2026-04-10 00:00:00","The Harlem Globetrotters (Rescheduled from 1/24)","other","2026-04-11 19:00:00","58123feccde6626ebe10cd87"
"697a18935fa9cbf67f7a5694","2026-01-28 19:04:05.131","2026-02-04 04:23:06.725","697a18935fa9cbf67f7a5694","68bf414915ff2cffe9bd8578","[PREMIUM]","[PREMIUM]","[PREMIUM]","[PREMIUM]","[PREMIUM]","[2]","107","2","Lower","['*','*']","mobile","tm","tmqr","great","[PREMIUM]","[PREMIUM]","[]","2026-04-10 00:00:00","The Harlem Globetrotters (Rescheduled from 1/24)","other","2026-04-11 19:00:00","58123feccde6626ebe10cd87"
"697a18935fa9cbf67f7a565e","2026-01-28 19:04:05.131","2026-02-13 08:47:33.320","697a18935fa9cbf67f7a565e","68bf414915ff2cffe9bd8578","[PREMIUM]","[PREMIUM]","[PREMIUM]","[PREMIUM]","[PREMIUM]","[1,2,3,4,5,6,7,8]","123","21","Lower","['*','*','*','*','*','*','*','*']","mobile","tm","tmqr",,"[PREMIUM]","[PREMIUM]","[]","2026-04-10 00:00:00","The Harlem Globetrotters (Rescheduled from 1/24)","other","2026-04-11 19:00:00","58123feccde6626ebe10cd87"
"697a18a55fa9cbf67f7f595d","2026-01-28 19:04:05.131","2026-02-13 08:47:33.320","697a18a55fa9cbf67f7f595d","68bf414915ff2cffe9bd8578","[PREMIUM]","[PREMIUM]","[PREMIUM]","[PREMIUM]","[PREMIUM]","[1,2,3,4,5,6]","113","20","Lower","['*','*','*','*','*','*']","mobile","tm","tmqr","great","[PREMIUM]","[PREMIUM]","[]","2026-04-10 00:00:00","The Harlem Globetrotters (Rescheduled from 1/24)","other","2026-04-11 19:00:00","58123feccde6626ebe10cd87"
"6978e6895fa9cbf67f3ee7e9","2026-01-28 19:04:04.900","2026-02-08 17:12:17.022","6978e6895fa9cbf67f3ee7e9","684481ec240a3c5d731997fa","[PREMIUM]","[PREMIUM]","[PREMIUM]","[PREMIUM]","[PREMIUM]","[1,2,3,5]","GA","General Admission",,"['*','*','*','*','*']","mobile","tm","tmqr",,"[PREMIUM]","[PREMIUM]","['standing_room']","2026-02-26 00:00:00","Ruston Kelly (Rescheduled from 1/24)","music","2026-02-28 01:00:00","61c4fc5e6d85150001f463c9"
"6972ce0ae7fbadfb8e69c750","2026-01-28 19:04:04.013","2026-02-27 02:34:53.884","6972ce0ae7fbadfb8e69c750","68e57dcd24c9ae729aa4203f","[PREMIUM]","[PREMIUM]","[PREMIUM]","[PREMIUM]","[PREMIUM]","[2]","3","S","Orchestra","['*','*']","mobile","tm","tmqr","amazing","[PREMIUM]","[PREMIUM]","[]",,"Seth Meyers (Rescheduled from 1/24)","comedy","2026-02-28 00:00:00","5ac6b61ff366c100132cd37a"
"6978e6775fa9cbf67f3ac55d","2026-01-28 19:04:04.013","2026-02-01 10:59:54.422","6978e6775fa9cbf67f3ac55d","68e57dcd24c9ae729aa4203f","[PREMIUM]","[PREMIUM]","[PREMIUM]","[PREMIUM]","[PREMIUM]","[2]","7","C","Grand Tier","['*','*']","mobile","tm","tmqr",,"[PREMIUM]","[PREMIUM]","[]","2026-02-25 00:00:00","Seth Meyers (Rescheduled from 1/24)","comedy","2026-02-28 00:00:00","5ac6b61ff366c100132cd37a"
"68d2d24d297da9339d8403b4","2026-01-28 19:04:03.477","2026-02-23 15:48:12.399","68d2d24d297da9339d8403b4","68be426532566f257e89a46f","[PREMIUM]","[PREMIUM]","[PREMIUM]","[PREMIUM]","[PREMIUM]","[2,4,6]","117","9","Lower","['1','2','3','4','5','6']","mobile","tm","tmqr",,"[PREMIUM]","[PREMIUM]","[]","2026-03-27 00:00:00","Monster Jam (Rescheduled from 1/24)","auto","2026-03-29 00:00:00","55ba918df80c412103000001"
"6938403a4c87f865d078ac34","2026-01-28 19:04:03.477","2026-02-04 04:23:05.489","6938403a4c87f865d078ac34","68be426532566f257e89a46f","[PREMIUM]","[PREMIUM]","[PREMIUM]","[PREMIUM]","[PREMIUM]","[2,3,5]","135","28","Lower","['*','*','*','*','*']","mobile","tm","tmqr",,"[PREMIUM]","[PREMIUM]","[]","2026-03-27 00:00:00","Monster Jam (Rescheduled from 1/24)","auto","2026-03-29 00:00:00","55ba918df80c412103000001"
"696b9932319dd7a7f2f4b4ca","2026-01-28 19:04:03.477","2026-02-04 04:23:05.489","696b9932319dd7a7f2f4b4ca","68be426532566f257e89a46f","[PREMIUM]","[PREMIUM]","[PREMIUM]","[PREMIUM]","[PREMIUM]","[2,3,4,5,6,7,8]","307","21","Upper","['*','*','*','*','*','*','*','*']","mobile","tm","tmqr",,"[PREMIUM]","[PREMIUM]","[]","2026-03-27 00:00:00","Monster Jam (Rescheduled from 1/24)","auto","2026-03-29 00:00:00","55ba918df80c412103000001"
"6970065d319dd7a7f2746d03","2026-01-28 19:04:03.477","2026-03-03 16:19:39.258","6970065d319dd7a7f2746d03","68be426532566f257e89a46f","[PREMIUM]","[PREMIUM]","[PREMIUM]","[PREMIUM]","[PREMIUM]","[2]","137","25","Lower","['*','*']","mobile","tm","tmqr",,"[PREMIUM]","[PREMIUM]","[]","2026-03-27 00:00:00","Monster Jam (Rescheduled from 1/24)","auto","2026-03-29 00:00:00","55ba918df80c412103000001"
"69700675319dd7a7f2790a47","2026-01-28 19:04:03.477","2026-02-04 04:23:05.489","69700675319dd7a7f2790a47","68be426532566f257e89a46f","[PREMIUM]","[PREMIUM]","[PREMIUM]","[PREMIUM]","[PREMIUM]","[2,3,4,5,6,7,8]","137","30","Lower","['*','*','*','*','*','*','*','*']","mobile","tm","tmqr",,"[PREMIUM]","[PREMIUM]","[]","2026-03-27 00:00:00","Monster Jam (Rescheduled from 1/24)","auto","2026-03-29 00:00:00","55ba918df80c412103000001"
"69700669319dd7a7f276a969","2026-01-28 19:04:03.477","2026-02-04 04:23:05.489","69700669319dd7a7f276a969","68be426532566f257e89a46f","[PREMIUM]","[PREMIUM]","[PREMIUM]","[PREMIUM]","[PREMIUM]","[2,3,4,5,6,7,8]","137","35","Lower","['*','*','*','*','*','*','*','*']","mobile","tm","tmqr",,"[PREMIUM]","[PREMIUM]","[]","2026-03-27 00:00:00","Monster Jam (Rescheduled from 1/24)","auto","2026-03-29 00:00:00","55ba918df80c412103000001"
"69700661319dd7a7f2752c16","2026-01-28 19:04:03.477","2026-02-25 23:00:32.169","69700661319dd7a7f2752c16","68be426532566f257e89a46f","[PREMIUM]","[PREMIUM]","[PREMIUM]","[PREMIUM]","[PREMIUM]","[2]","123","35","Lower","['*','*']","mobile","tm","tmqr",,"[PREMIUM]","[PREMIUM]","[]","2026-03-27 00:00:00","Monster Jam (Rescheduled from 1/24)","auto","2026-03-29 00:00:00","55ba918df80c412103000001"
"69700661319dd7a7f2752b4c","2026-01-28 19:04:03.477","2026-01-28 19:04:03.477","69700661319dd7a7f2752b4c","68be426532566f257e89a46f","[PREMIUM]","[PREMIUM]","[PREMIUM]","[PREMIUM]","[PREMIUM]","[2]","115","20","Lower","['*','*']","mobile","tm","tmqr",,"[PREMIUM]","[PREMIUM]","[]","2026-03-27 00:00:00","Monster Jam (Rescheduled from 1/24)","auto","2026-03-29 00:00:00","55ba918df80c412103000001"
"6970065e319dd7a7f2746e72","2026-01-28 19:04:03.477","2026-02-04 04:23:05.489","6970065e319dd7a7f2746e72","68be426532566f257e89a46f","[PREMIUM]","[PREMIUM]","[PREMIUM]","[PREMIUM]","[PREMIUM]","[2,3,4,5,6,7,8]","135","33","Lower","['*','*','*','*','*','*','*','*']","mobile","tm","tmqr",,"[PREMIUM]","[PREMIUM]","[]","2026-03-27 00:00:00","Monster Jam (Rescheduled from 1/24)","auto","2026-03-29 00:00:00","55ba918df80c412103000001"
"6972a130e7fbadfb8e6cac09","2026-01-28 19:04:03.477","2026-02-02 14:19:12.184","6972a130e7fbadfb8e6cac09","68be426532566f257e89a46f","[PREMIUM]","[PREMIUM]","[PREMIUM]","[PREMIUM]","[PREMIUM]","[2]","139","31","Lower","['*','*']","mobile","tm","tmqr",,"[PREMIUM]","[PREMIUM]","[]","2026-03-27 00:00:00","Monster Jam (Rescheduled from 1/24)","auto","2026-03-29 00:00:00","55ba918df80c412103000001"
"6972b2c4e7fbadfb8e637d43","2026-01-28 19:04:03.477","2026-02-05 07:40:48.090","6972b2c4e7fbadfb8e637d43","68be426532566f257e89a46f","[PREMIUM]","[PREMIUM]","[PREMIUM]","[PREMIUM]","[PREMIUM]","[2,4]","315","2","Upper","['9','10','11','12']","mobile","tm","tmqr",,"[PREMIUM]","[PREMIUM]","[]","2026-03-27 00:00:00","Monster Jam (Rescheduled from 1/24)","auto","2026-03-29 00:00:00","55ba918df80c412103000001"
"6974d9fae7fbadfb8e8b1cbb","2026-01-28 19:04:03.477","2026-03-03 16:19:39.258","6974d9fae7fbadfb8e8b1cbb","68be426532566f257e89a46f","[PREMIUM]","[PREMIUM]","[PREMIUM]","[PREMIUM]","[PREMIUM]","[2,4]","127","20","Lower","['9','10','11','12']","mobile","tm","tmqr",,"[PREMIUM]","[PREMIUM]","[]",,"Monster Jam (Rescheduled from 1/24)","auto","2026-03-29 00:00:00","55ba918df80c412103000001"
"69753c01e7fbadfb8e3a32e2","2026-01-28 19:04:03.477","2026-02-04 04:23:05.489","69753c01e7fbadfb8e3a32e2","68be426532566f257e89a46f","[PREMIUM]","[PREMIUM]","[PREMIUM]","[PREMIUM]","[PREMIUM]","[2]","306","3","Upper","['*','*']","mobile","tm","tmqr",,"[PREMIUM]","[PREMIUM]","[]","2026-03-27 00:00:00","Monster Jam (Rescheduled from 1/24)","auto","2026-03-29 00:00:00","55ba918df80c412103000001"
"69779229e7fbadfb8e9344ad","2026-01-28 19:04:03.477","2026-02-04 04:23:05.489","69779229e7fbadfb8e9344ad","68be426532566f257e89a46f","[PREMIUM]","[PREMIUM]","[PREMIUM]","[PREMIUM]","[PREMIUM]","[1,2,3,4]","134","35","Lower","['*','*','*','*']","mobile","tm","tmqr",,"[PREMIUM]","[PREMIUM]","[]","2026-03-27 00:00:00","Monster Jam (Rescheduled from 1/24)","auto","2026-03-29 00:00:00","55ba918df80c412103000001"
"6978eb0fba41b744d5660a0e","2026-01-28 19:04:03.477","2026-01-29 22:39:57.356","6978eb0fba41b744d5660a0e","68be426532566f257e89a46f","[PREMIUM]","[PREMIUM]","[PREMIUM]","[PREMIUM]","[PREMIUM]","[2]","307","1","Upper","['*','*']","mobile","tm","tmqr",,"[PREMIUM]","[PREMIUM]","[]","2026-03-27 00:00:00","Monster Jam (Rescheduled from 1/24)","auto","2026-03-29 00:00:00","55ba918df80c412103000001"
"69795b625fa9cbf67fa6a8a0","2026-01-28 19:04:03.477","2026-01-28 19:04:03.477","69795b625fa9cbf67fa6a8a0","68be426532566f257e89a46f","[PREMIUM]","[PREMIUM]","[PREMIUM]","[PREMIUM]","[PREMIUM]","[1,2]","240D","3","Club","['*','*']","mobile","tm","tmqr","great","[PREMIUM]","[PREMIUM]","[]","2026-03-27 00:00:00","Monster Jam (Rescheduled from 1/24)","auto","2026-03-29 00:00:00","55ba918df80c412103000001"
"69795b5f5fa9cbf67fa5df59","2026-01-28 19:04:03.477","2026-02-24 19:34:54.099","69795b5f5fa9cbf67fa5df59","68be426532566f257e89a46f","[PREMIUM]","[PREMIUM]","[PREMIUM]","[PREMIUM]","[PREMIUM]","[1,2,3,4,5,6,7,8]","141","34","Lower","['*','*','*','*','*','*','*','*']","mobile","tm","tmqr","great","[PREMIUM]","[PREMIUM]","[]","2026-03-27 00:00:00","Monster Jam (Rescheduled from 1/24)","auto","2026-03-29 00:00:00","55ba918df80c412103000001"
"69795b5f5fa9cbf67fa5df10","2026-01-28 19:04:03.477","2026-02-11 01:19:50.479","69795b5f5fa9cbf67fa5df10","68be426532566f257e89a46f","[PREMIUM]","[PREMIUM]","[PREMIUM]","[PREMIUM]","[PREMIUM]","[1,2,3]","342","3","Upper","['*','*','*']","mobile","tm","tmqr",,"[PREMIUM]","[PREMIUM]","[]","2026-03-27 00:00:00","Monster Jam (Rescheduled from 1/24)","auto","2026-03-29 00:00:00","55ba918df80c412103000001"
"69795b5f5fa9cbf67fa5dccd","2026-01-28 19:04:03.477","2026-02-01 10:59:55.004","69795b5f5fa9cbf67fa5dccd","68be426532566f257e89a46f","[PREMIUM]","[PREMIUM]","[PREMIUM]","[PREMIUM]","[PREMIUM]","[1,2,3,4,5,6,7,8]","108","34","Lower","['*','*','*','*','*','*','*','*']","mobile","tm","tmqr",,"[PREMIUM]","[PREMIUM]","[]","2026-03-27 00:00:00","Monster Jam (Rescheduled from 1/24)","auto","2026-03-29 00:00:00","55ba918df80c412103000001"
"69795b5f5fa9cbf67fa5dcf7","2026-01-28 19:04:03.477","2026-02-21 09:14:57.716","69795b5f5fa9cbf67fa5dcf7","68be426532566f257e89a46f","[PREMIUM]","[PREMIUM]","[PREMIUM]","[PREMIUM]","[PREMIUM]","[1,2]","215","4","Club","['*','*']","mobile","tm","tmqr",,"[PREMIUM]","[PREMIUM]","[]","2026-03-27 00:00:00","Monster Jam (Rescheduled from 1/24)","auto","2026-03-29 00:00:00","55ba918df80c412103000001"
"69795b5f5fa9cbf67fa5dda0","2026-01-28 19:04:03.477","2026-02-08 17:12:16.152","69795b5f5fa9cbf67fa5dda0","68be426532566f257e89a46f","[PREMIUM]","[PREMIUM]","[PREMIUM]","[PREMIUM]","[PREMIUM]","[1,2,3]","117","29","Lower","['*','*','*']","mobile","tm","tmqr","amazing","[PREMIUM]","[PREMIUM]","[]","2026-03-27 00:00:00","Monster Jam (Rescheduled from 1/24)","auto","2026-03-29 00:00:00","55ba918df80c412103000001"
"69795b8b5fa9cbf67fb032a4","2026-01-28 19:04:03.477","2026-02-04 04:23:05.489","69795b8b5fa9cbf67fb032a4","68be426532566f257e89a46f","[PREMIUM]","[PREMIUM]","[PREMIUM]","[PREMIUM]","[PREMIUM]","[1,2,3,4,5,6]","229","4","Club","['*','*','*','*','*','*']","mobile","tm","tmqr",,"[PREMIUM]","[PREMIUM]","[]","2026-03-27 00:00:00","Monster Jam (Rescheduled from 1/24)","auto","2026-03-29 00:00:00","55ba918df80c412103000001"
"69795b755fa9cbf67fab2b2f","2026-01-28 19:04:03.477","2026-02-24 19:34:54.099","69795b755fa9cbf67fab2b2f","68be426532566f257e89a46f","[PREMIUM]","[PREMIUM]","[PREMIUM]","[PREMIUM]","[PREMIUM]","[1,2,3,4,5,6,7,8]","136","33","Lower","['*','*','*','*','*','*','*','*']","mobile","tm","tmqr",,"[PREMIUM]","[PREMIUM]","[]","2026-03-27 00:00:00","Monster Jam (Rescheduled from 1/24)","auto","2026-03-29 00:00:00","55ba918df80c412103000001"
"69795b7f5fa9cbf67fad70ff","2026-01-28 19:04:03.477","2026-01-31 02:22:19.036","69795b7f5fa9cbf67fad70ff","68be426532566f257e89a46f","[PREMIUM]","[PREMIUM]","[PREMIUM]","[PREMIUM]","[PREMIUM]","[1,2,3,4,5,6]","109","15","Lower","['*','*','*','*','*','*']","mobile","tm","tmqr",,"[PREMIUM]","[PREMIUM]","[]","2026-03-27 00:00:00","Monster Jam (Rescheduled from 1/24)","auto","2026-03-29 00:00:00","55ba918df80c412103000001"
"69795b9c5fa9cbf67fb41f14","2026-01-28 19:04:03.477","2026-01-29 22:39:57.356","69795b9c5fa9cbf67fb41f14","68be426532566f257e89a46f","[PREMIUM]","[PREMIUM]","[PREMIUM]","[PREMIUM]","[PREMIUM]","[1,2,3,4,5,6,7,8]","237","3","Club","['*','*','*','*','*','*','*','*']","mobile","tm","tmqr",,"[PREMIUM]","[PREMIUM]","[]","2026-03-27 00:00:00","Monster Jam (Rescheduled from 1/24)","auto","2026-03-29 00:00:00","55ba918df80c412103000001"
"69795b7f5fa9cbf67fad717f","2026-01-28 19:04:03.477","2026-01-28 19:04:03.477","69795b7f5fa9cbf67fad717f","68be426532566f257e89a46f","[PREMIUM]","[PREMIUM]","[PREMIUM]","[PREMIUM]","[PREMIUM]","[1,2,3,4,5,6]","144","32","Lower","['*','*','*','*','*','*']","mobile","tm","tmqr",,"[PREMIUM]","[PREMIUM]","[]","2026-03-27 00:00:00","Monster Jam (Rescheduled from 1/24)","auto","2026-03-29 00:00:00","55ba918df80c412103000001"
"69795b8b5fa9cbf67fb03214","2026-01-28 19:04:03.477","2026-01-29 22:39:57.356","69795b8b5fa9cbf67fb03214","68be426532566f257e89a46f","[PREMIUM]","[PREMIUM]","[PREMIUM]","[PREMIUM]","[PREMIUM]","[1,2,3,4,5,6,7,8]","103","33","Lower","['*','*','*','*','*','*','*','*']","mobile","tm","tmqr",,"[PREMIUM]","[PREMIUM]","[]","2026-03-27 00:00:00","Monster Jam (Rescheduled from 1/24)","auto","2026-03-29 00:00:00","55ba918df80c412103000001"
"69795b885fa9cbf67faf8086","2026-01-28 19:04:03.477","2026-01-28 19:04:03.477","69795b885fa9cbf67faf8086","68be426532566f257e89a46f","[PREMIUM]","[PREMIUM]","[PREMIUM]","[PREMIUM]","[PREMIUM]","[1,2,3,4]","121","30","Lower","['*','*','*','*']","mobile","tm","tmqr",,"[PREMIUM]","[PREMIUM]","[]","2026-03-27 00:00:00","Monster Jam (Rescheduled from 1/24)","auto","2026-03-29 00:00:00","55ba918df80c412103000001"
"69795b9b5fa9cbf67fb3ccee","2026-01-28 19:04:03.477","2026-02-02 14:19:12.184","69795b9b5fa9cbf67fb3ccee","68be426532566f257e89a46f","[PREMIUM]","[PREMIUM]","[PREMIUM]","[PREMIUM]","[PREMIUM]","[1,2,3,4,5,6,7,8]","134","30","Lower","['*','*','*','*','*','*','*','*']","mobile","tm","tmqr",,"[PREMIUM]","[PREMIUM]","[]","2026-03-27 00:00:00","Monster Jam (Rescheduled from 1/24)","auto","2026-03-29 00:00:00","55ba918df80c412103000001"
"69795b7f5fa9cbf67fad71fd","2026-01-28 19:04:03.477","2026-02-02 14:19:12.184","69795b7f5fa9cbf67fad71fd","68be426532566f257e89a46f","[PREMIUM]","[PREMIUM]","[PREMIUM]","[PREMIUM]","[PREMIUM]","[1,2,3,4]","126","27","Lower","['*','*','*','*']","mobile","tm","tmqr",,"[PREMIUM]","[PREMIUM]","[]","2026-03-27 00:00:00","Monster Jam (Rescheduled from 1/24)","auto","2026-03-29 00:00:00","55ba918df80c412103000001"
"69795b695fa9cbf67fa83c52","2026-01-28 19:04:03.477","2026-02-16 19:24:44.255","69795b695fa9cbf67fa83c52","68be426532566f257e89a46f","[PREMIUM]","[PREMIUM]","[PREMIUM]","[PREMIUM]","[PREMIUM]","[1,2]","232","3","Club","['*','*']","mobile","tm","tmqr",,"[PREMIUM]","[PREMIUM]","[]","2026-03-27 00:00:00","Monster Jam (Rescheduled from 1/24)","auto","2026-03-29 00:00:00","55ba918df80c412103000001"
"69795b7c5fa9cbf67facac1a","2026-01-28 19:04:03.477","2026-01-29 22:39:57.356","69795b7c5fa9cbf67facac1a","68be426532566f257e89a46f","[PREMIUM]","[PREMIUM]","[PREMIUM]","[PREMIUM]","[PREMIUM]","[1,2,3,4,5,6,7,8]","106","31","Lower","['*','*','*','*','*','*','*','*']","mobile","tm","tmqr",,"[PREMIUM]","[PREMIUM]","[]","2026-03-27 00:00:00","Monster Jam (Rescheduled from 1/24)","auto","2026-03-29 00:00:00","55ba918df80c412103000001"
"69795b885fa9cbf67faf7f9c","2026-01-28 19:04:03.477","2026-02-24 19:34:54.099","69795b885fa9cbf67faf7f9c","68be426532566f257e89a46f","[PREMIUM]","[PREMIUM]","[PREMIUM]","[PREMIUM]","[PREMIUM]","[1,2,3,4,5,6,7,8]","127","33","Lower","['*','*','*','*','*','*','*','*']","mobile","tm","tmqr","amazing","[PREMIUM]","[PREMIUM]","[]","2026-03-27 00:00:00","Monster Jam (Rescheduled from 1/24)","auto","2026-03-29 00:00:00","55ba918df80c412103000001"
"69795b975fa9cbf67fb30ff1","2026-01-28 19:04:03.477","2026-02-15 15:41:42.059","69795b975fa9cbf67fb30ff1","68be426532566f257e89a46f","[PREMIUM]","[PREMIUM]","[PREMIUM]","[PREMIUM]","[PREMIUM]","[1,2,3,4,5,6,7,8]","207","4","Club","['*','*','*','*','*','*','*','*']","mobile","tm","tmqr",,"[PREMIUM]","[PREMIUM]","[]","2026-03-27 00:00:00","Monster Jam (Rescheduled from 1/24)","auto","2026-03-29 00:00:00","55ba918df80c412103000001"
"69795b8e5fa9cbf67fb0fe76","2026-01-28 19:04:03.477","2026-01-28 19:04:03.477","69795b8e5fa9cbf67fb0fe76","68be426532566f257e89a46f","[PREMIUM]","[PREMIUM]","[PREMIUM]","[PREMIUM]","[PREMIUM]","[1,2]","113","16","Lower","['*','*']","mobile","tm","tmqr",,"[PREMIUM]","[PREMIUM]","[]","2026-03-27 00:00:00","Monster Jam (Rescheduled from 1/24)","auto","2026-03-29 00:00:00","55ba918df80c412103000001"
"69795b8e5fa9cbf67fb0fedb","2026-01-28 19:04:03.477","2026-02-09 21:02:11.331","69795b8e5fa9cbf67fb0fedb","68be426532566f257e89a46f","[PREMIUM]","[PREMIUM]","[PREMIUM]","[PREMIUM]","[PREMIUM]","[1,2,3,4,5,6,7,8]","316","19","Upper","['*','*','*','*','*','*','*','*']","mobile","tm","tmqr","great","[PREMIUM]","[PREMIUM]","[]","2026-03-27 00:00:00","Monster Jam (Rescheduled from 1/24)","auto","2026-03-29 00:00:00","55ba918df80c412103000001"
"69795b7c5fa9cbf67facab75","2026-01-28 19:04:03.477","2026-02-19 02:34:06.565","69795b7c5fa9cbf67facab75","68be426532566f257e89a46f","[PREMIUM]","[PREMIUM]","[PREMIUM]","[PREMIUM]","[PREMIUM]","[1,2]","208","5","Club","['*','*']","mobile","tm","tmqr",,"[PREMIUM]","[PREMIUM]","[]","2026-03-27 00:00:00","Monster Jam (Rescheduled from 1/24)","auto","2026-03-29 00:00:00","55ba918df80c412103000001"
"69795b6c5fa9cbf67fa90227","2026-01-28 19:04:03.477","2026-02-09 21:02:11.331","69795b6c5fa9cbf67fa90227","68be426532566f257e89a46f","[PREMIUM]","[PREMIUM]","[PREMIUM]","[PREMIUM]","[PREMIUM]","[1,2,3,4,5,6,7,8]","105","28","Lower","['*','*','*','*','*','*','*','*']","mobile","tm","tmqr","great","[PREMIUM]","[PREMIUM]","[]","2026-03-27 00:00:00","Monster Jam (Rescheduled from 1/24)","auto","2026-03-29 00:00:00","55ba918df80c412103000001"
"69795b6c5fa9cbf67fa9022d","2026-01-28 19:04:03.477","2026-02-05 07:40:48.090","69795b6c5fa9cbf67fa9022d","68be426532566f257e89a46f","[PREMIUM]","[PREMIUM]","[PREMIUM]","[PREMIUM]","[PREMIUM]","[1,2,3,4,5,6,7,8]","309","22","Upper","['*','*','*','*','*','*','*','*']","mobile","tm","tmqr",,"[PREMIUM]","[PREMIUM]","[]","2026-03-27 00:00:00","Monster Jam (Rescheduled from 1/24)","auto","2026-03-29 00:00:00","55ba918df80c412103000001"
"69795b9b5fa9cbf67fb3cdbb","2026-01-28 19:04:03.477","2026-02-20 05:53:03.271","69795b9b5fa9cbf67fb3cdbb","68be426532566f257e89a46f","[PREMIUM]","[PREMIUM]","[PREMIUM]","[PREMIUM]","[PREMIUM]","[1,2,3,4,5,6,7,8]","315","23","Upper","['*','*','*','*','*','*','*','*']","mobile","tm","tmqr",,"[PREMIUM]","[PREMIUM]","[]","2026-03-27 00:00:00","Monster Jam (Rescheduled from 1/24)","auto","2026-03-29 00:00:00","55ba918df80c412103000001"
"69795b6c5fa9cbf67fa9024b","2026-01-28 19:04:03.477","2026-01-28 19:04:03.477","69795b6c5fa9cbf67fa9024b","68be426532566f257e89a46f","[PREMIUM]","[PREMIUM]","[PREMIUM]","[PREMIUM]","[PREMIUM]","[1,2,3,4]","239","4","Club","['*','*','*','*']","mobile","tm","tmqr",,"[PREMIUM]","[PREMIUM]","[]","2026-03-27 00:00:00","Monster Jam (Rescheduled from 1/24)","auto","2026-03-29 00:00:00","55ba918df80c412103000001"
"69795b6c5fa9cbf67fa9025b","2026-01-28 19:04:03.477","2026-02-20 05:53:03.271","69795b6c5fa9cbf67fa9025b","68be426532566f257e89a46f","[PREMIUM]","[PREMIUM]","[PREMIUM]","[PREMIUM]","[PREMIUM]","[1,2,3,4,5,6,7,8]","143","32","Lower","['*','*','*','*','*','*','*','*']","mobile","tm","tmqr",,"[PREMIUM]","[PREMIUM]","[]","2026-03-27 00:00:00","Monster Jam (Rescheduled from 1/24)","auto","2026-03-29 00:00:00","55ba918df80c412103000001"
"69795b7c5fa9cbf67facab29","2026-01-28 19:04:03.477","2026-02-05 07:40:48.090","69795b7c5fa9cbf67facab29","68be426532566f257e89a46f","[PREMIUM]","[PREMIUM]","[PREMIUM]","[PREMIUM]","[PREMIUM]","[1,2,3,4,5,6,7,8]","115","32","Lower","['*','*','*','*','*','*','*','*']","mobile","tm","tmqr",,"[PREMIUM]","[PREMIUM]","[]","2026-03-27 00:00:00","Monster Jam (Rescheduled from 1/24)","auto","2026-03-29 00:00:00","55ba918df80c412103000001"
"69795b915fa9cbf67fb1b40c","2026-01-28 19:04:03.477","2026-01-29 22:39:57.356","69795b915fa9cbf67fb1b40c","68be426532566f257e89a46f","[PREMIUM]","[PREMIUM]","[PREMIUM]","[PREMIUM]","[PREMIUM]","[1,2]","339","6","Upper","['*','*']","mobile","tm","tmqr",,"[PREMIUM]","[PREMIUM]","[]","2026-03-27 00:00:00","Monster Jam (Rescheduled from 1/24)","auto","2026-03-29 00:00:00","55ba918df80c412103000001"
"69795b855fa9cbf67faed582","2026-01-28 19:04:03.477","2026-01-31 02:22:19.036","69795b855fa9cbf67faed582","68be426532566f257e89a46f","[PREMIUM]","[PREMIUM]","[PREMIUM]","[PREMIUM]","[PREMIUM]","[1,2,3,4,5,6,7,8]","310","23","Upper","['*','*','*','*','*','*','*','*']","mobile","tm","tmqr",,"[PREMIUM]","[PREMIUM]","[]","2026-03-27 00:00:00","Monster Jam (Rescheduled from 1/24)","auto","2026-03-29 00:00:00","55ba918df80c412103000001"
"697968055fa9cbf67fdcf359","2026-01-28 19:04:03.477","2026-01-28 19:04:03.477","697968055fa9cbf67fdcf359","68be426532566f257e89a46f","[PREMIUM]","[PREMIUM]","[PREMIUM]","[PREMIUM]","[PREMIUM]","[1,2]","313","24","Upper","['*','*']","mobile","tm","tmqr",,"[PREMIUM]","[PREMIUM]","[]","2026-03-27 00:00:00","Monster Jam (Rescheduled from 1/24)","auto","2026-03-29 00:00:00","55ba918df80c412103000001"
"697971025fa9cbf67f28431c","2026-01-28 19:04:03.477","2026-01-29 22:39:57.356","697971025fa9cbf67f28431c","68be426532566f257e89a46f","[PREMIUM]","[PREMIUM]","[PREMIUM]","[PREMIUM]","[PREMIUM]","[1,2]","123","30","Lower","['*','*']","mobile","tm","tmqr","great","[PREMIUM]","[PREMIUM]","[]","2026-03-27 00:00:00","Monster Jam (Rescheduled from 1/24)","auto","2026-03-29 00:00:00","55ba918df80c412103000001"
"69795b855fa9cbf67faed559","2026-01-28 19:04:03.477","2026-02-05 07:40:48.090","69795b855fa9cbf67faed559","68be426532566f257e89a46f","[PREMIUM]","[PREMIUM]","[PREMIUM]","[PREMIUM]","[PREMIUM]","[1,2]","230","6","Club","['*','*']","mobile","tm","tmqr",,"[PREMIUM]","[PREMIUM]","[]","2026-03-27 00:00:00","Monster Jam (Rescheduled from 1/24)","auto","2026-03-29 00:00:00","55ba918df80c412103000001"
"69795b6c5fa9cbf67fa90391","2026-01-28 19:04:03.477","2026-01-31 02:22:19.036","69795b6c5fa9cbf67fa90391","68be426532566f257e89a46f","[PREMIUM]","[PREMIUM]","[PREMIUM]","[PREMIUM]","[PREMIUM]","[1,2,3,4,5,6]","311","25","Upper","['*','*','*','*','*','*']","mobile","tm","tmqr",,"[PREMIUM]","[PREMIUM]","[]","2026-03-27 00:00:00","Monster Jam (Rescheduled from 1/24)","auto","2026-03-29 00:00:00","55ba918df80c412103000001"
"69795b855fa9cbf67faed54d","2026-01-28 19:04:03.477","2026-02-24 19:34:54.099","69795b855fa9cbf67faed54d","68be426532566f257e89a46f","[PREMIUM]","[PREMIUM]","[PREMIUM]","[PREMIUM]","[PREMIUM]","[1,2,3,4,5,6,7,8]","307","15","Upper","['*','*','*','*','*','*','*','*']","mobile","tm","tmqr",,"[PREMIUM]","[PREMIUM]","[]","2026-03-27 00:00:00","Monster Jam (Rescheduled from 1/24)","auto","2026-03-29 00:00:00","55ba918df80c412103000001"
"69795b825fa9cbf67fae1ca4","2026-01-28 19:04:03.477","2026-02-12 04:39:10.962","69795b825fa9cbf67fae1ca4","68be426532566f257e89a46f","[PREMIUM]","[PREMIUM]","[PREMIUM]","[PREMIUM]","[PREMIUM]","[1,2,3,4,5,6,7,8]","132","33","Lower","['*','*','*','*','*','*','*','*']","mobile","tm","tmqr",,"[PREMIUM]","[PREMIUM]","[]","2026-03-27 00:00:00","Monster Jam (Rescheduled from 1/24)","auto","2026-03-29 00:00:00","55ba918df80c412103000001"
"69795b8b5fa9cbf67fb032d5","2026-01-28 19:04:03.477","2026-02-19 02:34:06.565","69795b8b5fa9cbf67fb032d5","68be426532566f257e89a46f","[PREMIUM]","[PREMIUM]","[PREMIUM]","[PREMIUM]","[PREMIUM]","[1,2,3]","238","3","Club","['*','*','*']","mobile","tm","tmqr",,"[PREMIUM]","[PREMIUM]","[]","2026-03-27 00:00:00","Monster Jam (Rescheduled from 1/24)","auto","2026-03-29 00:00:00","55ba918df80c412103000001"
"69795b855fa9cbf67faed4d7","2026-01-28 19:04:03.477","2026-01-31 02:22:19.036","69795b855fa9cbf67faed4d7","68be426532566f257e89a46f","[PREMIUM]","[PREMIUM]","[PREMIUM]","[PREMIUM]","[PREMIUM]","[1,2]","112","26","Lower","['*','*']","mobile","tm","tmqr",,"[PREMIUM]","[PREMIUM]","[]","2026-03-27 00:00:00","Monster Jam (Rescheduled from 1/24)","auto","2026-03-29 00:00:00","55ba918df80c412103000001"
"69795b655fa9cbf67fa77115","2026-01-28 19:04:03.477","2026-02-16 19:24:44.255","69795b655fa9cbf67fa77115","68be426532566f257e89a46f","[PREMIUM]","[PREMIUM]","[PREMIUM]","[PREMIUM]","[PREMIUM]","[1,2,3,4,5,6]","306","14","Upper","['*','*','*','*','*','*']","mobile","tm","tmqr",,"[PREMIUM]","[PREMIUM]","[]","2026-03-27 00:00:00","Monster Jam (Rescheduled from 1/24)","auto","2026-03-29 00:00:00","55ba918df80c412103000001"
"69795b785fa9cbf67fabe8c8","2026-01-28 19:04:03.477","2026-02-14 12:43:44.363","69795b785fa9cbf67fabe8c8","68be426532566f257e89a46f","[PREMIUM]","[PREMIUM]","[PREMIUM]","[PREMIUM]","[PREMIUM]","[1,2,3,4,5,6,7,8]","122","35","Lower","['*','*','*','*','*','*','*','*']","mobile","tm","tmqr",,"[PREMIUM]","[PREMIUM]","[]","2026-03-27 00:00:00","Monster Jam (Rescheduled from 1/24)","auto","2026-03-29 00:00:00","55ba918df80c412103000001"
"69795b8b5fa9cbf67fb03330","2026-01-28 19:04:03.477","2026-01-28 19:04:03.477","69795b8b5fa9cbf67fb03330","68be426532566f257e89a46f","[PREMIUM]","[PREMIUM]","[PREMIUM]","[PREMIUM]","[PREMIUM]","[1,2,3,4,5,6,7,8]","116","25","Lower","['*','*','*','*','*','*','*','*']","mobile","tm","tmqr",,"[PREMIUM]","[PREMIUM]","[]","2026-03-27 00:00:00","Monster Jam (Rescheduled from 1/24)","auto","2026-03-29 00:00:00","55ba918df80c412103000001"
"69795b825fa9cbf67fae1cb1","2026-01-28 19:04:03.477","2026-01-31 02:22:19.036","69795b825fa9cbf67fae1cb1","68be426532566f257e89a46f","[PREMIUM]","[PREMIUM]","[PREMIUM]","[PREMIUM]","[PREMIUM]","[1,2,3,4]","138","25","Lower","['*','*','*','*']","mobile","tm","tmqr",,"[PREMIUM]","[PREMIUM]","[]","2026-03-27 00:00:00","Monster Jam (Rescheduled from 1/24)","auto","2026-03-29 00:00:00","55ba918df80c412103000001"
"69795b785fa9cbf67fabe749","2026-01-28 19:04:03.477","2026-01-31 02:22:19.036","69795b785fa9cbf67fabe749","68be426532566f257e89a46f","[PREMIUM]","[PREMIUM]","[PREMIUM]","[PREMIUM]","[PREMIUM]","[1,2,3,4,5,6]","130","25","Lower","['*','*','*','*','*','*']","mobile","tm","tmqr",,"[PREMIUM]","[PREMIUM]","[]","2026-03-27 00:00:00","Monster Jam (Rescheduled from 1/24)","auto","2026-03-29 00:00:00","55ba918df80c412103000001"
"69795b915fa9cbf67fb1b490","2026-01-28 19:04:03.477","2026-01-31 02:22:19.036","69795b915fa9cbf67fb1b490","68be426532566f257e89a46f","[PREMIUM]","[PREMIUM]","[PREMIUM]","[PREMIUM]","[PREMIUM]","[1,2,3,4]","330","4","Upper","['*','*','*','*']","mobile","tm","tmqr","great","[PREMIUM]","[PREMIUM]","[]","2026-03-27 00:00:00","Monster Jam (Rescheduled from 1/24)","auto","2026-03-29 00:00:00","55ba918df80c412103000001"
"69795b825fa9cbf67fae1ce6","2026-01-28 19:04:03.477","2026-02-21 09:14:57.716","69795b825fa9cbf67fae1ce6","68be426532566f257e89a46f","[PREMIUM]","[PREMIUM]","[PREMIUM]","[PREMIUM]","[PREMIUM]","[1,2,3]","343","4","Upper","['*','*','*']","mobile","tm","tmqr",,"[PREMIUM]","[PREMIUM]","[]","2026-03-27 00:00:00","Monster Jam (Rescheduled from 1/24)","auto","2026-03-29 00:00:00","55ba918df80c412103000001"
"69795b625fa9cbf67fa6aa1d","2026-01-28 19:04:03.477","2026-01-28 19:04:03.477","69795b625fa9cbf67fa6aa1d","68be426532566f257e89a46f","[PREMIUM]","[PREMIUM]","[PREMIUM]","[PREMIUM]","[PREMIUM]","[1,2,3,4,5,6]","101","34","Lower","['*','*','*','*','*','*']","mobile","tm","tmqr","great","[PREMIUM]","[PREMIUM]","[]","2026-03-27 00:00:00","Monster Jam (Rescheduled from 1/24)","auto","2026-03-29 00:00:00","55ba918df80c412103000001"
"69795b825fa9cbf67fae1d0b","2026-01-28 19:04:03.477","2026-02-14 12:43:44.363","69795b825fa9cbf67fae1d0b","68be426532566f257e89a46f","[PREMIUM]","[PREMIUM]","[PREMIUM]","[PREMIUM]","[PREMIUM]","[1,2,3,4,5,6]","221","2","Club","['*','*','*','*','*','*']","mobile","tm","tmqr","great","[PREMIUM]","[PREMIUM]","[]","2026-03-27 00:00:00","Monster Jam (Rescheduled from 1/24)","auto","2026-03-29 00:00:00","55ba918df80c412103000001"
"69795b945fa9cbf67fb25acd","2026-01-28 19:04:03.477","2026-02-05 07:40:48.090","69795b945fa9cbf67fb25acd","68be426532566f257e89a46f","[PREMIUM]","[PREMIUM]","[PREMIUM]","[PREMIUM]","[PREMIUM]","[1,2,3,4,5,6]","107","32","Lower","['*','*','*','*','*','*']","mobile","tm","tmqr",,"[PREMIUM]","[PREMIUM]","[]","2026-03-27 00:00:00","Monster Jam (Rescheduled from 1/24)","auto","2026-03-29 00:00:00","55ba918df80c412103000001"
"69795b975fa9cbf67fb30fb6","2026-01-28 19:04:03.477","2026-01-28 19:04:03.477","69795b975fa9cbf67fb30fb6","68be426532566f257e89a46f","[PREMIUM]","[PREMIUM]","[PREMIUM]","[PREMIUM]","[PREMIUM]","[1,2,3,4,5,6]","125","34","Lower","['*','*','*','*','*','*']","mobile","tm","tmqr",,"[PREMIUM]","[PREMIUM]","[]","2026-03-27 00:00:00","Monster Jam (Rescheduled from 1/24)","auto","2026-03-29 00:00:00","55ba918df80c412103000001"
"69795b945fa9cbf67fb25ad4","2026-01-28 19:04:03.477","2026-01-29 22:39:57.356","69795b945fa9cbf67fb25ad4","68be426532566f257e89a46f","[PREMIUM]","[PREMIUM]","[PREMIUM]","[PREMIUM]","[PREMIUM]","[1,2,3,4,5,6,7,8]","102","33","Lower","['*','*','*','*','*','*','*','*']","mobile","tm","tmqr",,"[PREMIUM]","[PREMIUM]","[]","2026-03-27 00:00:00","Monster Jam (Rescheduled from 1/24)","auto","2026-03-29 00:00:00","55ba918df80c412103000001"
"69795b945fa9cbf67fb25af2","2026-01-28 19:04:03.477","2026-02-02 14:19:12.184","69795b945fa9cbf67fb25af2","68be426532566f257e89a46f","[PREMIUM]","[PREMIUM]","[PREMIUM]","[PREMIUM]","[PREMIUM]","[1,2,3,4,5,6]","135","22","Lower","['*','*','*','*','*','*']","mobile","tm","tmqr",,"[PREMIUM]","[PREMIUM]","[]","2026-03-27 00:00:00","Monster Jam (Rescheduled from 1/24)","auto","2026-03-29 00:00:00","55ba918df80c412103000001"
"69795b755fa9cbf67fab2c49","2026-01-28 19:04:03.477","2026-02-17 23:22:07.758","69795b755fa9cbf67fab2c49","68be426532566f257e89a46f","[PREMIUM]","[PREMIUM]","[PREMIUM]","[PREMIUM]","[PREMIUM]","[1,2,3,4,5,6,7,8]","128","31","Lower","['*','*','*','*','*','*','*','*']","mobile","tm","tmqr","amazing","[PREMIUM]","[PREMIUM]","[]","2026-03-27 00:00:00","Monster Jam (Rescheduled from 1/24)","auto","2026-03-29 00:00:00","55ba918df80c412103000001"
"69795b755fa9cbf67fab2bbf","2026-01-28 19:04:03.477","2026-01-28 19:04:03.477","69795b755fa9cbf67fab2bbf","68be426532566f257e89a46f","[PREMIUM]","[PREMIUM]","[PREMIUM]","[PREMIUM]","[PREMIUM]","[1,2,3,4,5,6]","133","15","Lower","['*','*','*','*','*','*']","mobile","tm","tmqr",,"[PREMIUM]","[PREMIUM]","[]","2026-03-27 00:00:00","Monster Jam (Rescheduled from 1/24)","auto","2026-03-29 00:00:00","55ba918df80c412103000001"
"69795b725fa9cbf67faa7565","2026-01-28 19:04:03.477","2026-02-11 01:19:50.479","69795b725fa9cbf67faa7565","68be426532566f257e89a46f","[PREMIUM]","[PREMIUM]","[PREMIUM]","[PREMIUM]","[PREMIUM]","[1,2]","220","2","Club","['*','*']","mobile","tm","tmqr",,"[PREMIUM]","[PREMIUM]","[]","2026-03-27 00:00:00","Monster Jam (Rescheduled from 1/24)","auto","2026-03-29 00:00:00","55ba918df80c412103000001"
"69795b825fa9cbf67fae1df8","2026-01-28 19:04:03.477","2026-02-24 19:34:54.099","69795b825fa9cbf67fae1df8","68be426532566f257e89a46f","[PREMIUM]","[PREMIUM]","[PREMIUM]","[PREMIUM]","[PREMIUM]","[1,2,3,4,5,6,7,8]","318","15","Upper","['*','*','*','*','*','*','*','*']","mobile","tm","tmqr",,"[PREMIUM]","[PREMIUM]","[]","2026-03-27 00:00:00","Monster Jam (Rescheduled from 1/24)","auto","2026-03-29 00:00:00","55ba918df80c412103000001"
"69795b725fa9cbf67faa7571","2026-01-28 19:04:03.477","2026-02-21 09:14:57.716","69795b725fa9cbf67faa7571","68be426532566f257e89a46f","[PREMIUM]","[PREMIUM]","[PREMIUM]","[PREMIUM]","[PREMIUM]","[1,2,3,4,5,6,7,8]","118","33","Lower","['*','*','*','*','*','*','*','*']","mobile","tm","tmqr",,"[PREMIUM]","[PREMIUM]","[]","2026-03-27 00:00:00","Monster Jam (Rescheduled from 1/24)","auto","2026-03-29 00:00:00","55ba918df80c412103000001"
"69795b725fa9cbf67faa7574","2026-01-28 19:04:03.477","2026-01-29 22:39:57.356","69795b725fa9cbf67faa7574","68be426532566f257e89a46f","[PREMIUM]","[PREMIUM]","[PREMIUM]","[PREMIUM]","[PREMIUM]","[1,2,3]","216","5","Club","['*','*','*']","mobile","tm","tmqr",,"[PREMIUM]","[PREMIUM]","[]","2026-03-27 00:00:00","Monster Jam (Rescheduled from 1/24)","auto","2026-03-29 00:00:00","55ba918df80c412103000001"
"69795b725fa9cbf67faa757a","2026-01-28 19:04:03.477","2026-02-05 07:40:48.090","69795b725fa9cbf67faa757a","68be426532566f257e89a46f","[PREMIUM]","[PREMIUM]","[PREMIUM]","[PREMIUM]","[PREMIUM]","[1,2,3,4,5,6,7,8]","119","34","Lower","['*','*','*','*','*','*','*','*']","mobile","tm","tmqr",,"[PREMIUM]","[PREMIUM]","[]","2026-03-27 00:00:00","Monster Jam (Rescheduled from 1/24)","auto","2026-03-29 00:00:00","55ba918df80c412103000001"
"69795b755fa9cbf67fab2b60","2026-01-28 19:04:03.477","2026-01-28 19:04:03.477","69795b755fa9cbf67fab2b60","68be426532566f257e89a46f","[PREMIUM]","[PREMIUM]","[PREMIUM]","[PREMIUM]","[PREMIUM]","[1,2]","129","29","Lower","['*','*']","mobile","tm","tmqr",,"[PREMIUM]","[PREMIUM]","[]","2026-03-27 00:00:00","Monster Jam (Rescheduled from 1/24)","auto","2026-03-29 00:00:00","55ba918df80c412103000001"
"69795b755fa9cbf67fab2b39","2026-01-28 19:04:03.477","2026-02-24 19:34:54.099","69795b755fa9cbf67fab2b39","68be426532566f257e89a46f","[PREMIUM]","[PREMIUM]","[PREMIUM]","[PREMIUM]","[PREMIUM]","[1,2,3,4,5,6]","319","12","Upper","['*','*','*','*','*','*']","mobile","tm","tmqr",,"[PREMIUM]","[PREMIUM]","[]","2026-03-27 00:00:00","Monster Jam (Rescheduled from 1/24)","auto","2026-03-29 00:00:00","55ba918df80c412103000001"
"69795b7f5fa9cbf67fad710b","2026-01-28 19:04:03.477","2026-02-04 04:23:05.489","69795b7f5fa9cbf67fad710b","68be426532566f257e89a46f","[PREMIUM]","[PREMIUM]","[PREMIUM]","[PREMIUM]","[PREMIUM]","[1,2,3,4,5,6,7,8]","104","34","Lower","['*','*','*','*','*','*','*','*']","mobile","tm","tmqr",,"[PREMIUM]","[PREMIUM]","[]","2026-03-27 00:00:00","Monster Jam (Rescheduled from 1/24)","auto","2026-03-29 00:00:00","55ba918df80c412103000001"
"6979962a5fa9cbf67f8b15b6","2026-01-28 19:04:03.477","2026-01-28 19:04:03.477","6979962a5fa9cbf67f8b15b6","68be426532566f257e89a46f","[PREMIUM]","[PREMIUM]","[PREMIUM]","[PREMIUM]","[PREMIUM]","[1,2,3]","335","5","Upper","['*','*','*']","mobile","tm","tmqr","great","[PREMIUM]","[PREMIUM]","[]","2026-03-27 00:00:00","Monster Jam (Rescheduled from 1/24)","auto","2026-03-29 00:00:00","55ba918df80c412103000001"
"6979808f5fa9cbf67f17d991","2026-01-28 19:04:03.477","2026-02-05 07:40:48.090","6979808f5fa9cbf67f17d991","68be426532566f257e89a46f","[PREMIUM]","[PREMIUM]","[PREMIUM]","[PREMIUM]","[PREMIUM]","[1,2,3,4,5,6]","120","33","Lower","['*','*','*','*','*','*']","mobile","tm","tmqr","amazing","[PREMIUM]","[PREMIUM]","[]","2026-03-27 00:00:00","Monster Jam (Rescheduled from 1/24)","auto","2026-03-29 00:00:00","55ba918df80c412103000001"
"6979dbe05fa9cbf67feb6ee6","2026-01-28 19:04:03.477","2026-01-29 22:39:57.356","6979dbe05fa9cbf67feb6ee6","68be426532566f257e89a46f","[PREMIUM]","[PREMIUM]","[PREMIUM]","[PREMIUM]","[PREMIUM]","[1,2,3,4,5,6]","131","21","Lower","['*','*','*','*','*','*']","mobile","tm","tmqr",,"[PREMIUM]","[PREMIUM]","[]","2026-03-27 00:00:00","Monster Jam (Rescheduled from 1/24)","auto","2026-03-29 00:00:00","55ba918df80c412103000001"
"6979a17e5fa9cbf67f4b24ed","2026-01-28 19:04:03.477","2026-01-28 19:04:03.477","6979a17e5fa9cbf67f4b24ed","68be426532566f257e89a46f","[PREMIUM]","[PREMIUM]","[PREMIUM]","[PREMIUM]","[PREMIUM]","[1,2,3,4]","314","11","Upper","['*','*','*','*']","mobile","tm","tmqr",,"[PREMIUM]","[PREMIUM]","[]","2026-03-27 00:00:00","Monster Jam (Rescheduled from 1/24)","auto","2026-03-29 00:00:00","55ba918df80c412103000001"
"6979a6455fa9cbf67f6acbc4","2026-01-28 19:04:03.477","2026-01-28 19:04:03.477","6979a6455fa9cbf67f6acbc4","68be426532566f257e89a46f","[PREMIUM]","[PREMIUM]","[PREMIUM]","[PREMIUM]","[PREMIUM]","[1,2,3,4]","317","13","Upper","['*','*','*','*']","mobile","tm","tmqr",,"[PREMIUM]","[PREMIUM]","[]","2026-03-27 00:00:00","Monster Jam (Rescheduled from 1/24)","auto","2026-03-29 00:00:00","55ba918df80c412103000001"
"6979a65d5fa9cbf67f710974","2026-01-28 19:04:03.477","2026-02-05 07:40:48.090","6979a65d5fa9cbf67f710974","68be426532566f257e89a46f","[PREMIUM]","[PREMIUM]","[PREMIUM]","[PREMIUM]","[PREMIUM]","[1,2]","217","5","Club","['*','*']","mobile","tm","tmqr",,"[PREMIUM]","[PREMIUM]","[]","2026-03-27 00:00:00","Monster Jam (Rescheduled from 1/24)","auto","2026-03-29 00:00:00","55ba918df80c412103000001"
"6979b1a75fa9cbf67f1da76b","2026-01-28 19:04:03.477","2026-02-05 07:40:48.090","6979b1a75fa9cbf67f1da76b","68be426532566f257e89a46f","[PREMIUM]","[PREMIUM]","[PREMIUM]","[PREMIUM]","[PREMIUM]","[1,2,3,4,5,6,7,8]","111","24","Lower","['*','*','*','*','*','*','*','*']","mobile","tm","tmqr",,"[PREMIUM]","[PREMIUM]","[]","2026-03-27 00:00:00","Monster Jam (Rescheduled from 1/24)","auto","2026-03-29 00:00:00","55ba918df80c412103000001"
"6979fe5f161e1ad5fb691a92","2026-01-28 19:04:03.477","2026-01-28 19:04:03.477","6979fe5f161e1ad5fb691a92","68be426532566f257e89a46f","[PREMIUM]","[PREMIUM]","[PREMIUM]","[PREMIUM]","[PREMIUM]","[2,4]","306","8","Upper","['*','*','*','*']","mobile","tm","tmqr",,"[PREMIUM]","[PREMIUM]","[]","2026-03-27 00:00:00","Monster Jam (Rescheduled from 1/24)","auto","2026-03-29 00:00:00","55ba918df80c412103000001"
"6979fe633c6247d42e0c0a02","2026-01-28 19:04:03.477","2026-02-01 10:59:55.004","6979fe633c6247d42e0c0a02","68be426532566f257e89a46f","[PREMIUM]","[PREMIUM]","[PREMIUM]","[PREMIUM]","[PREMIUM]","[1,2,3,4,6]","113","23","Lower","['*','*','*','*','*','*']","mobile","tm","tmqr",,"[PREMIUM]","[PREMIUM]","[]","2026-03-27 00:00:00","Monster Jam (Rescheduled from 1/24)","auto","2026-03-29 00:00:00","55ba918df80c412103000001"
"6979fe62474ec21455d91cb2","2026-01-28 19:04:03.477","2026-01-28 19:04:03.477","6979fe62474ec21455d91cb2","68be426532566f257e89a46f","[PREMIUM]","[PREMIUM]","[PREMIUM]","[PREMIUM]","[PREMIUM]","[2]","318","7","Upper","['*','*']","mobile","tm","tmqr",,"[PREMIUM]","[PREMIUM]","[]","2026-03-27 00:00:00","Monster Jam (Rescheduled from 1/24)","auto","2026-03-29 00:00:00","55ba918df80c412103000001"
"6979fe6110901c8f168e0afa","2026-01-28 19:04:03.477","2026-01-28 19:04:03.477","6979fe6110901c8f168e0afa","68be426532566f257e89a46f","[PREMIUM]","[PREMIUM]","[PREMIUM]","[PREMIUM]","[PREMIUM]","[2]","108","14","Lower","['*','*']","mobile","tm","tmqr",,"[PREMIUM]","[PREMIUM]","[]","2026-03-27 00:00:00","Monster Jam (Rescheduled from 1/24)","auto","2026-03-29 00:00:00","55ba918df80c412103000001"
"6979fe5f953651aa9713645f","2026-01-28 19:04:03.477","2026-01-28 19:04:03.477","6979fe5f953651aa9713645f","68be426532566f257e89a46f","[PREMIUM]","[PREMIUM]","[PREMIUM]","[PREMIUM]","[PREMIUM]","[2]","130","18","Lower","['*','*']","mobile","tm","tmqr",,"[PREMIUM]","[PREMIUM]","[]","2026-03-27 00:00:00","Monster Jam (Rescheduled from 1/24)","auto","2026-03-29 00:00:00","55ba918df80c412103000001"
"6979fe60ba521ec819400b67","2026-01-28 19:04:03.477","2026-01-28 19:04:03.477","6979fe60ba521ec819400b67","68be426532566f257e89a46f","[PREMIUM]","[PREMIUM]","[PREMIUM]","[PREMIUM]","[PREMIUM]","[1,2,3,4,5,6,8]","138","32","Lower","['*','*','*','*','*','*','*','*']","mobile","tm","tmqr",,"[PREMIUM]","[PREMIUM]","[]","2026-03-27 00:00:00","Monster Jam (Rescheduled from 1/24)","auto","2026-03-29 00:00:00","55ba918df80c412103000001"
"697a2c0e00dd60a99b2be757","2026-01-28 19:04:03.477","2026-01-28 19:04:03.477","697a2c0e00dd60a99b2be757","68be426532566f257e89a46f","[PREMIUM]","[PREMIUM]","[PREMIUM]","[PREMIUM]","[PREMIUM]","[1,2,3,4,6]","308","19","Upper","['*','*','*','*','*','*']","mobile","tm","tmqr",,"[PREMIUM]","[PREMIUM]","[]","2026-03-27 00:00:00","Monster Jam (Rescheduled from 1/24)","auto","2026-03-29 00:00:00","55ba918df80c412103000001"
"697a2b475fa9cbf67f26158d","2026-01-28 19:04:03.477","2026-02-01 10:59:55.004","697a2b475fa9cbf67f26158d","68be426532566f257e89a46f","[PREMIUM]","[PREMIUM]","[PREMIUM]","[PREMIUM]","[PREMIUM]","[2]","101","25","Lower","['*','*']","mobile","tm","tmqr",,"[PREMIUM]","[PREMIUM]","[]","2026-03-27 00:00:00","Monster Jam (Rescheduled from 1/24)","auto","2026-03-29 00:00:00","55ba918df80c412103000001"
"697a2c10a1595cf9b1455391","2026-01-28 19:04:03.477","2026-01-28 19:04:03.477","697a2c10a1595cf9b1455391","68be426532566f257e89a46f","[PREMIUM]","[PREMIUM]","[PREMIUM]","[PREMIUM]","[PREMIUM]","[2]","103","21","Lower","['*','*']","mobile","tm","tmqr",,"[PREMIUM]","[PREMIUM]","[]","2026-03-27 00:00:00","Monster Jam (Rescheduled from 1/24)","auto","2026-03-29 00:00:00","55ba918df80c412103000001"
"697a3cfa22d5daa67301ac73","2026-01-28 19:04:03.477","2026-01-28 19:04:03.477","697a3cfa22d5daa67301ac73","68be426532566f257e89a46f","[PREMIUM]","[PREMIUM]","[PREMIUM]","[PREMIUM]","[PREMIUM]","[1,2,3,4,5,6,8]","110","35","Lower","['*','*','*','*','*','*','*','*']","mobile","tm","tmqr",,"[PREMIUM]","[PREMIUM]","[]","2026-03-27 00:00:00","Monster Jam (Rescheduled from 1/24)","auto","2026-03-29 00:00:00","55ba918df80c412103000001"
"697a3cfea8896e86100c6fcf","2026-01-28 19:04:03.477","2026-01-28 19:04:03.477","697a3cfea8896e86100c6fcf","68be426532566f257e89a46f","[PREMIUM]","[PREMIUM]","[PREMIUM]","[PREMIUM]","[PREMIUM]","[1,2,3,4,5,6,8]","131","30","Lower","['*','*','*','*','*','*','*','*']","mobile","tm","tmqr",,"[PREMIUM]","[PREMIUM]","[]","2026-03-27 00:00:00","Monster Jam (Rescheduled from 1/24)","auto","2026-03-29 00:00:00","55ba918df80c412103000001"
"697a47a25fa9cbf67f03118d","2026-01-28 19:04:03.477","2026-02-02 14:19:12.184","697a47a25fa9cbf67f03118d","68be426532566f257e89a46f","[PREMIUM]","[PREMIUM]","[PREMIUM]","[PREMIUM]","[PREMIUM]","[1,2,3]","202","3","Club","['*','*','*']","mobile","tm","tmqr","great","[PREMIUM]","[PREMIUM]","[]","2026-03-27 00:00:00","Monster Jam (Rescheduled from 1/24)","auto","2026-03-29 00:00:00","55ba918df80c412103000001"
"697a58355fa9cbf67f148f4f","2026-01-28 19:04:03.477","2026-01-28 19:04:03.477","697a58355fa9cbf67f148f4f","68be426532566f257e89a46f","[PREMIUM]","[PREMIUM]","[PREMIUM]","[PREMIUM]","[PREMIUM]","[1,2]","139","18","Lower","['*','*']","mobile","tm","tmqr","great","[PREMIUM]","[PREMIUM]","[]","2026-03-27 00:00:00","Monster Jam (Rescheduled from 1/24)","auto","2026-03-29 00:00:00","55ba918df80c412103000001"
"697a4f6c5fa9cbf67fe5ae63","2026-01-28 19:04:03.477","2026-01-28 19:04:03.477","697a4f6c5fa9cbf67fe5ae63","68be426532566f257e89a46f","[PREMIUM]","[PREMIUM]","[PREMIUM]","[PREMIUM]","[PREMIUM]","[1,2,3,4,5,6,7,8]","114","31","Lower","['*','*','*','*','*','*','*','*']","mobile","tm","tmqr",,"[PREMIUM]","[PREMIUM]","[]","2026-03-27 00:00:00","Monster Jam (Rescheduled from 1/24)","auto","2026-03-29 00:00:00","55ba918df80c412103000001"
"697a36895fa9cbf67fe0109d","2026-01-28 19:04:03.477","2026-03-03 16:19:39.258","697a36895fa9cbf67fe0109d","68be426532566f257e89a46f","[PREMIUM]","[PREMIUM]","[PREMIUM]","[PREMIUM]","[PREMIUM]","[2,4]","116","10","Lower","['13','14','15','16']","mobile","tm","tmqr","great","[PREMIUM]","[PREMIUM]","[]",,"Monster Jam (Rescheduled from 1/24)","auto","2026-03-29 00:00:00","55ba918df80c412103000001"
"697a36835fa9cbf67fde86f0","2026-01-28 19:04:03.477","2026-03-03 16:19:39.258","697a36835fa9cbf67fde86f0","68be426532566f257e89a46f","[PREMIUM]","[PREMIUM]","[PREMIUM]","[PREMIUM]","[PREMIUM]","[2,4,6]","109","9","Lower","['3','4','5','6','7','8']","mobile","tm","tmqr",,"[PREMIUM]","[PREMIUM]","[]",,"Monster Jam (Rescheduled from 1/24)","auto","2026-03-29 00:00:00","55ba918df80c412103000001"
"6979cb295fa9cbf67f9b9e8f","2026-01-28 19:04:03.034","2026-02-07 14:02:27.681","6979cb295fa9cbf67f9b9e8f","68e42c426a3ae25be3a4c3d9","[PREMIUM]","[PREMIUM]","[PREMIUM]","[PREMIUM]","[PREMIUM]","[2]","1","P","Floor","['*','*']","mobile",,"tmqr","amazing","[PREMIUM]","[PREMIUM]","['over_21']","2026-04-16 00:00:00","Ron White (21+ Event) (Rescheduled from 1/24)","comedy","2026-04-17 23:00:00","67e3124b756981b00d96cefa"
"6979a7655fa9cbf67fb2b047","2026-01-28 19:04:03.034","2026-01-29 22:39:54.707","6979a7655fa9cbf67fb2b047","68e42c426a3ae25be3a4c3d9","[PREMIUM]","[PREMIUM]","[PREMIUM]","[PREMIUM]","[PREMIUM]","[2]","2","L","Floor","['*','*']","electronic",,"tmqr",,"[PREMIUM]","[PREMIUM]","[]","2026-04-16 00:00:00","Ron White (21+ Event) (Rescheduled from 1/24)","comedy","2026-04-17 23:00:00","67e3124b756981b00d96cefa"
"6978f4745fa9cbf67fa1b98a","2026-01-28 19:04:03.014","2026-01-28 19:04:03.014","6978f4745fa9cbf67fa1b98a","68d1d2e834126470db41d86f","[PREMIUM]","[PREMIUM]","[PREMIUM]","[PREMIUM]","[PREMIUM]","[1,2]","204","D","Lower","['*','*']","mobile","tm","tmqr","great","[PREMIUM]","[PREMIUM]","[]","2026-03-28 00:00:00","Zoso - The Ultimate Led Zeppelin Experience (Rescheduled from 1/24)","music","2026-03-29 23:00:00","57925b1df80c4117b790f0ed"
"6978f46c5fa9cbf67f9fd86d","2026-01-28 19:04:03.014","2026-01-28 19:04:03.014","6978f46c5fa9cbf67f9fd86d","68d1d2e834126470db41d86f","[PREMIUM]","[PREMIUM]","[PREMIUM]","[PREMIUM]","[PREMIUM]","[1,2,3,4,5,6,7,8]","207","B","Lower","['*','*','*','*','*','*','*','*']","mobile","tm","tmqr","amazing","[PREMIUM]","[PREMIUM]","[]","2026-03-28 00:00:00","Zoso - The Ultimate Led Zeppelin Experience (Rescheduled from 1/24)","music","2026-03-29 23:00:00","57925b1df80c4117b790f0ed"
"6978f4465fa9cbf67f96960b","2026-01-28 19:04:03.014","2026-01-28 19:04:03.014","6978f4465fa9cbf67f96960b","68d1d2e834126470db41d86f","[PREMIUM]","[PREMIUM]","[PREMIUM]","[PREMIUM]","[PREMIUM]","[1,2,3,4,5,6]","402","A","Upper","['*','*','*','*','*','*']","mobile","tm","tmqr","great","[PREMIUM]","[PREMIUM]","[]","2026-03-28 00:00:00","Zoso - The Ultimate Led Zeppelin Experience (Rescheduled from 1/24)","music","2026-03-29 23:00:00","57925b1df80c4117b790f0ed"
"6978f4685fa9cbf67f9ee44d","2026-01-28 19:04:03.014","2026-01-28 19:04:03.014","6978f4685fa9cbf67f9ee44d","68d1d2e834126470db41d86f","[PREMIUM]","[PREMIUM]","[PREMIUM]","[PREMIUM]","[PREMIUM]","[2]","304","B","Middle","['*','*']","mobile","tm","tmqr","super","[PREMIUM]","[PREMIUM]","['limited_view']","2026-03-28 00:00:00","Zoso - The Ultimate Led Zeppelin Experience (Rescheduled from 1/24)","music","2026-03-29 23:00:00","57925b1df80c4117b790f0ed"
"6978f4705fa9cbf67fa0b9c2","2026-01-28 19:04:03.014","2026-01-28 19:04:03.014","6978f4705fa9cbf67fa0b9c2","68d1d2e834126470db41d86f","[PREMIUM]","[PREMIUM]","[PREMIUM]","[PREMIUM]","[PREMIUM]","[1,2]","208","C","Lower","['*','*']","mobile","tm","tmqr","amazing","[PREMIUM]","[PREMIUM]","['limited_view']","2026-03-28 00:00:00","Zoso - The Ultimate Led Zeppelin Experience (Rescheduled from 1/24)","music","2026-03-29 23:00:00","57925b1df80c4117b790f0ed"
"6978f45b5fa9cbf67f9ba3f8","2026-01-28 19:04:03.014","2026-01-28 19:04:03.014","6978f45b5fa9cbf67f9ba3f8","68d1d2e834126470db41d86f","[PREMIUM]","[PREMIUM]","[PREMIUM]","[PREMIUM]","[PREMIUM]","[1,2]","203","D","Lower","['*','*']","mobile","tm","tmqr","amazing","[PREMIUM]","[PREMIUM]","[]","2026-03-28 00:00:00","Zoso - The Ultimate Led Zeppelin Experience (Rescheduled from 1/24)","music","2026-03-29 23:00:00","57925b1df80c4117b790f0ed"
"6978f4915fa9cbf67fa8d63d","2026-01-28 19:04:03.014","2026-01-28 19:04:03.014","6978f4915fa9cbf67fa8d63d","68d1d2e834126470db41d86f","[PREMIUM]","[PREMIUM]","[PREMIUM]","[PREMIUM]","[PREMIUM]","[1,2,3,4,5,6]","302","C","Middle","['*','*','*','*','*','*']","mobile","tm","tmqr","amazing","[PREMIUM]","[PREMIUM]","[]","2026-03-28 00:00:00","Zoso - The Ultimate Led Zeppelin Experience (Rescheduled from 1/24)","music","2026-03-29 23:00:00","57925b1df80c4117b790f0ed"
"6978f4955fa9cbf67fa9d5fd","2026-01-28 19:04:03.014","2026-01-28 19:04:03.014","6978f4955fa9cbf67fa9d5fd","68d1d2e834126470db41d86f","[PREMIUM]","[PREMIUM]","[PREMIUM]","[PREMIUM]","[PREMIUM]","[1,2,3,4,5,6]","301","F","Middle","['*','*','*','*','*','*']","mobile","tm","tmqr","amazing","[PREMIUM]","[PREMIUM]","[]","2026-03-28 00:00:00","Zoso - The Ultimate Led Zeppelin Experience (Rescheduled from 1/24)","music","2026-03-29 23:00:00","57925b1df80c4117b790f0ed"
"6978f4a15fa9cbf67faca113","2026-01-28 19:04:03.014","2026-01-28 19:04:03.014","6978f4a15fa9cbf67faca113","68d1d2e834126470db41d86f","[PREMIUM]","[PREMIUM]","[PREMIUM]","[PREMIUM]","[PREMIUM]","[1,2,3,4,5,6,7,8]","401","A","Upper","['*','*','*','*','*','*','*','*']","mobile","tm","tmqr","great","[PREMIUM]","[PREMIUM]","[]","2026-03-28 00:00:00","Zoso - The Ultimate Led Zeppelin Experience (Rescheduled from 1/24)","music","2026-03-29 23:00:00","57925b1df80c4117b790f0ed"
"6978f4b55fa9cbf67fb1670e","2026-01-28 19:04:03.014","2026-01-28 19:04:03.014","6978f4b55fa9cbf67fb1670e","68d1d2e834126470db41d86f","[PREMIUM]","[PREMIUM]","[PREMIUM]","[PREMIUM]","[PREMIUM]","[1,2]","202","F","Lower","['*','*']","mobile","tm","tmqr","cheapest","[PREMIUM]","[PREMIUM]","[]","2026-03-28 00:00:00","Zoso - The Ultimate Led Zeppelin Experience (Rescheduled from 1/24)","music","2026-03-29 23:00:00","57925b1df80c4117b790f0ed"
"6978f48d5fa9cbf67fa7f274","2026-01-28 19:04:03.014","2026-01-28 19:04:03.014","6978f48d5fa9cbf67fa7f274","68d1d2e834126470db41d86f","[PREMIUM]","[PREMIUM]","[PREMIUM]","[PREMIUM]","[PREMIUM]","[1,2]","305","C","Middle","['*','*']","mobile","tm","tmqr","great","[PREMIUM]","[PREMIUM]","[]","2026-03-28 00:00:00","Zoso - The Ultimate Led Zeppelin Experience (Rescheduled from 1/24)","music","2026-03-29 23:00:00","57925b1df80c4117b790f0ed"
"6979133d9a608901b6cf8c0d","2026-01-28 19:04:03.014","2026-01-28 19:04:03.014","6979133d9a608901b6cf8c0d","68d1d2e834126470db41d86f","[PREMIUM]","[PREMIUM]","[PREMIUM]","[PREMIUM]","[PREMIUM]","[2]","205","B","Lower","['*','*']","mobile","tm","tmqr","great","[PREMIUM]","[PREMIUM]","[]","2026-03-28 00:00:00","Zoso - The Ultimate Led Zeppelin Experience (Rescheduled from 1/24)","music","2026-03-29 23:00:00","57925b1df80c4117b790f0ed"
"6979129592963e55de978477","2026-01-28 19:04:03.014","2026-01-28 19:04:03.014","6979129592963e55de978477","68d1d2e834126470db41d86f","[PREMIUM]","[PREMIUM]","[PREMIUM]","[PREMIUM]","[PREMIUM]","[1,2,3,4,5,6,7,8]","401","D","Upper","['*','*','*','*','*','*','*','*']","mobile","tm","tmqr",,"[PREMIUM]","[PREMIUM]","[]","2026-03-28 00:00:00","Zoso - The Ultimate Led Zeppelin Experience (Rescheduled from 1/24)","music","2026-03-29 23:00:00","57925b1df80c4117b790f0ed"
"69796c285fa9cbf67fe3acb0","2026-01-28 19:04:03.014","2026-02-08 17:12:17.061","69796c285fa9cbf67fe3acb0","68d1d2e834126470db41d86f","[PREMIUM]","[PREMIUM]","[PREMIUM]","[PREMIUM]","[PREMIUM]","[2]","206","A","Lower","['*','*']","mobile","tm","tmqr","great","[PREMIUM]","[PREMIUM]","[]","2026-03-29 00:00:00","Zoso - The Ultimate Led Zeppelin Experience (Rescheduled from 1/24)","music","2026-03-29 23:00:00","57925b1df80c4117b790f0ed"
"697902fc5fa9cbf67f242b42","2026-01-28 19:04:02.861","2026-02-21 09:14:55.925","697902fc5fa9cbf67f242b42","68d1cfe1a0c796abc740958f","[PREMIUM]","[PREMIUM]","[PREMIUM]","[PREMIUM]","[PREMIUM]","[1,2]","General Admission","1",,"['*','*']","instant",,"tmqr","cheapest","[PREMIUM]","[PREMIUM]","[]","2026-04-23 00:00:00","George Birge (Rescheduled from 1/24)","music","2026-04-24 23:00:00","690531bb55a11df39db36c89"
"69383fa44c87f865d0505942","2026-01-28 19:04:02.016","2026-01-29 22:39:53.732","69383fa44c87f865d0505942","68f6a21b367ff2509c810b15","[PREMIUM]","[PREMIUM]","[PREMIUM]","[PREMIUM]","[PREMIUM]","[2]","117","X","Lower","['*','*']","mobile","tm","tmqr",,"[PREMIUM]","[PREMIUM]","[]",,"World's Toughest Rodeo (Rescheduled from 1/24)","pbr","2026-01-31 00:30:00","545afc653bf3763fb9000009"
"693840334c87f865d076c08e","2026-01-28 19:04:02.016","2026-01-28 19:04:02.016","693840334c87f865d076c08e","68f6a21b367ff2509c810b15","[PREMIUM]","[PREMIUM]","[PREMIUM]","[PREMIUM]","[PREMIUM]","[2]","120","YY","Lower","['*','*']","mobile","tm","tmqr",,"[PREMIUM]","[PREMIUM]","[]","2026-01-29 00:00:00","World's Toughest Rodeo (Rescheduled from 1/24)","pbr","2026-01-31 00:30:00","545afc653bf3763fb9000009"
"69383fbf4c87f865d057eaa8","2026-01-28 19:04:02.016","2026-01-28 19:04:02.016","69383fbf4c87f865d057eaa8","68f6a21b367ff2509c810b15","[PREMIUM]","[PREMIUM]","[PREMIUM]","[PREMIUM]","[PREMIUM]","[2]","105","ZZ","Lower","['*','*']","mobile","tm","tmqr",,"[PREMIUM]","[PREMIUM]","[]","2026-01-29 00:00:00","World's Toughest Rodeo (Rescheduled from 1/24)","pbr","2026-01-31 00:30:00","545afc653bf3763fb9000009"
"69383f7f4c87f865d045d723","2026-01-28 19:04:02.016","2026-01-28 19:04:02.016","69383f7f4c87f865d045d723","68f6a21b367ff2509c810b15","[PREMIUM]","[PREMIUM]","[PREMIUM]","[PREMIUM]","[PREMIUM]","[2]","120","W","Lower","['*','*']","mobile","tm","tmqr",,"[PREMIUM]","[PREMIUM]","[]","2026-01-29 00:00:00","World's Toughest Rodeo (Rescheduled from 1/24)","pbr","2026-01-31 00:30:00","545afc653bf3763fb9000009"
"695eb10723dd69cbf9b62a31","2026-01-28 19:04:02.016","2026-01-28 19:04:02.016","695eb10723dd69cbf9b62a31","68f6a21b367ff2509c810b15","[PREMIUM]","[PREMIUM]","[PREMIUM]","[PREMIUM]","[PREMIUM]","[1,2,3,4]","107","V","Lower","['*','*','*','*']","mobile","tm","tmqr",,"[PREMIUM]","[PREMIUM]","[]",,"World's Toughest Rodeo (Rescheduled from 1/24)","pbr","2026-01-31 00:30:00","545afc653bf3763fb9000009"
"696af852319dd7a7f29f3ec9","2026-01-28 19:04:02.016","2026-01-28 19:04:02.016","696af852319dd7a7f29f3ec9","68f6a21b367ff2509c810b15","[PREMIUM]","[PREMIUM]","[PREMIUM]","[PREMIUM]","[PREMIUM]","[2]","127","WW","Lower","['14','15']","mobile","tm","tmqr","super","[PREMIUM]","[PREMIUM]","[]",,"World's Toughest Rodeo (Rescheduled from 1/24)","pbr","2026-01-31 00:30:00","545afc653bf3763fb9000009"
"69729da4e7fbadfb8e9c859b","2026-01-28 19:04:02.016","2026-01-28 19:04:02.016","69729da4e7fbadfb8e9c859b","68f6a21b367ff2509c810b15","[PREMIUM]","[PREMIUM]","[PREMIUM]","[PREMIUM]","[PREMIUM]","[1,2,3,4]","123","X","Lower","['*','*','*','*']","mobile","tm","tmqr",,"[PREMIUM]","[PREMIUM]","[]",,"World's Toughest Rodeo (Rescheduled from 1/24)","pbr","2026-01-31 00:30:00","545afc653bf3763fb9000009"
"6976d136e7fbadfb8e3788d1","2026-01-28 19:04:02.016","2026-01-28 19:04:02.016","6976d136e7fbadfb8e3788d1","68f6a21b367ff2509c810b15","[PREMIUM]","[PREMIUM]","[PREMIUM]","[PREMIUM]","[PREMIUM]","[1,2,3]","102","XX","Lower","['*','*','*']","mobile","tm","tmqr",,"[PREMIUM]","[PREMIUM]","[]","2026-01-30 00:00:00","World's Toughest Rodeo (Rescheduled from 1/24)","pbr","2026-01-31 00:30:00","545afc653bf3763fb9000009"
"6978e0f95fa9cbf67fd61132","2026-01-28 19:04:02.016","2026-01-28 19:04:02.016","6978e0f95fa9cbf67fd61132","68f6a21b367ff2509c810b15","[PREMIUM]","[PREMIUM]","[PREMIUM]","[PREMIUM]","[PREMIUM]","[1,2,4]","105","X","Lower","['*','*','*','*']","mobile","tm","tmqr",,"[PREMIUM]","[PREMIUM]","[]","2026-01-29 00:00:00","World's Toughest Rodeo (Rescheduled from 1/24)","pbr","2026-01-31 00:30:00","545afc653bf3763fb9000009"
"6978e0f95fa9cbf67fd60b89","2026-01-28 19:04:02.016","2026-01-28 19:04:02.016","6978e0f95fa9cbf67fd60b89","68f6a21b367ff2509c810b15","[PREMIUM]","[PREMIUM]","[PREMIUM]","[PREMIUM]","[PREMIUM]","[1,2,3,4,5,6]","302","C","Upper","['*','*','*','*','*','*']","mobile","tm","tmqr","cheapest","[PREMIUM]","[PREMIUM]","[]","2026-01-29 00:00:00","World's Toughest Rodeo (Rescheduled from 1/24)","pbr","2026-01-31 00:30:00","545afc653bf3763fb9000009"
"6978e0f45fa9cbf67fd4c7ac","2026-01-28 19:04:02.016","2026-01-28 19:04:02.016","6978e0f45fa9cbf67fd4c7ac","68f6a21b367ff2509c810b15","[PREMIUM]","[PREMIUM]","[PREMIUM]","[PREMIUM]","[PREMIUM]","[1,2,3,4,5,6]","324","D","Upper","['*','*','*','*','*','*']","mobile","tm","tmqr","great","[PREMIUM]","[PREMIUM]","[]","2026-01-29 00:00:00","World's Toughest Rodeo (Rescheduled from 1/24)","pbr","2026-01-31 00:30:00","545afc653bf3763fb9000009"
"6978e0f95fa9cbf67fd6128e","2026-01-28 19:04:02.016","2026-01-28 19:04:02.016","6978e0f95fa9cbf67fd6128e","68f6a21b367ff2509c810b15","[PREMIUM]","[PREMIUM]","[PREMIUM]","[PREMIUM]","[PREMIUM]","[1,2,3,4,5,6]","125","P","Lower","['*','*','*','*','*','*']","mobile","tm","tmqr",,"[PREMIUM]","[PREMIUM]","[]","2026-01-29 00:00:00","World's Toughest Rodeo (Rescheduled from 1/24)","pbr","2026-01-31 00:30:00","545afc653bf3763fb9000009"
"6978e0f95fa9cbf67fd61389","2026-01-28 19:04:02.016","2026-01-28 19:04:02.016","6978e0f95fa9cbf67fd61389","68f6a21b367ff2509c810b15","[PREMIUM]","[PREMIUM]","[PREMIUM]","[PREMIUM]","[PREMIUM]","[1,2]","207","B","Club","['*','*']","mobile","tm","tmqr","great","[PREMIUM]","[PREMIUM]","[]","2026-01-29 00:00:00","World's Toughest Rodeo (Rescheduled from 1/24)","pbr","2026-01-31 00:30:00","545afc653bf3763fb9000009"
"6978e0f45fa9cbf67fd4c777","2026-01-28 19:04:02.016","2026-01-28 19:04:02.016","6978e0f45fa9cbf67fd4c777","68f6a21b367ff2509c810b15","[PREMIUM]","[PREMIUM]","[PREMIUM]","[PREMIUM]","[PREMIUM]","[1,2,3,4,5,6]","323","E","Upper","['*','*','*','*','*','*']","mobile","tm","tmqr","great","[PREMIUM]","[PREMIUM]","[]","2026-01-29 00:00:00","World's Toughest Rodeo (Rescheduled from 1/24)","pbr","2026-01-31 00:30:00","545afc653bf3763fb9000009"
"6978e0ef5fa9cbf67fd386ec","2026-01-28 19:04:02.016","2026-01-28 19:04:02.016","6978e0ef5fa9cbf67fd386ec","68f6a21b367ff2509c810b15","[PREMIUM]","[PREMIUM]","[PREMIUM]","[PREMIUM]","[PREMIUM]","[1,2,4]","116","XX","Lower","['*','*','*','*']","mobile","tm","tmqr",,"[PREMIUM]","[PREMIUM]","[]","2026-01-29 00:00:00","World's Toughest Rodeo (Rescheduled from 1/24)","pbr","2026-01-31 00:30:00","545afc653bf3763fb9000009"
"6978e0f45fa9cbf67fd4c8a9","2026-01-28 19:04:02.016","2026-01-28 19:04:02.016","6978e0f45fa9cbf67fd4c8a9","68f6a21b367ff2509c810b15","[PREMIUM]","[PREMIUM]","[PREMIUM]","[PREMIUM]","[PREMIUM]","[1,2,3]","126","N","Lower","['*','*','*']","mobile","tm","tmqr",,"[PREMIUM]","[PREMIUM]","[]","2026-01-29 00:00:00","World's Toughest Rodeo (Rescheduled from 1/24)","pbr","2026-01-31 00:30:00","545afc653bf3763fb9000009"
"6978e0f45fa9cbf67fd4d033","2026-01-28 19:04:02.016","2026-01-28 19:04:02.016","6978e0f45fa9cbf67fd4d033","68f6a21b367ff2509c810b15","[PREMIUM]","[PREMIUM]","[PREMIUM]","[PREMIUM]","[PREMIUM]","[1,2]","119","K","Lower","['*','*']","mobile","tm","tmqr",,"[PREMIUM]","[PREMIUM]","[]","2026-01-29 00:00:00","World's Toughest Rodeo (Rescheduled from 1/24)","pbr","2026-01-31 00:30:00","545afc653bf3763fb9000009"
"6978e0f45fa9cbf67fd4d48e","2026-01-28 19:04:02.016","2026-01-28 19:04:02.016","6978e0f45fa9cbf67fd4d48e","68f6a21b367ff2509c810b15","[PREMIUM]","[PREMIUM]","[PREMIUM]","[PREMIUM]","[PREMIUM]","[1,2,3,4]","128","K","Lower","['*','*','*','*']","mobile","tm","tmqr",,"[PREMIUM]","[PREMIUM]","[]","2026-01-29 00:00:00","World's Toughest Rodeo (Rescheduled from 1/24)","pbr","2026-01-31 00:30:00","545afc653bf3763fb9000009"
"6978e0f45fa9cbf67fd4c521","2026-01-28 19:04:02.016","2026-01-28 19:04:02.016","6978e0f45fa9cbf67fd4c521","68f6a21b367ff2509c810b15","[PREMIUM]","[PREMIUM]","[PREMIUM]","[PREMIUM]","[PREMIUM]","[1,2,3,4,5,6,7,8]","304","G","Upper","['*','*','*','*','*','*','*','*']","mobile","tm","tmqr","great","[PREMIUM]","[PREMIUM]","[]","2026-01-29 00:00:00","World's Toughest Rodeo (Rescheduled from 1/24)","pbr","2026-01-31 00:30:00","545afc653bf3763fb9000009"
"6978e0ef5fa9cbf67fd38a95","2026-01-28 19:04:02.016","2026-01-28 19:04:02.016","6978e0ef5fa9cbf67fd38a95","68f6a21b367ff2509c810b15","[PREMIUM]","[PREMIUM]","[PREMIUM]","[PREMIUM]","[PREMIUM]","[1,2]","301","D","Upper","['*','*']","mobile","tm","tmqr","amazing","[PREMIUM]","[PREMIUM]","[]","2026-01-29 00:00:00","World's Toughest Rodeo (Rescheduled from 1/24)","pbr","2026-01-31 00:30:00","545afc653bf3763fb9000009"
"6978e0f15fa9cbf67fd42b37","2026-01-28 19:04:02.016","2026-01-28 19:04:02.016","6978e0f15fa9cbf67fd42b37","68f6a21b367ff2509c810b15","[PREMIUM]","[PREMIUM]","[PREMIUM]","[PREMIUM]","[PREMIUM]","[1,2,3,4,5,6]","326","C","Upper","['*','*','*','*','*','*']","mobile","tm","tmqr","great","[PREMIUM]","[PREMIUM]","[]","2026-01-29 00:00:00","World's Toughest Rodeo (Rescheduled from 1/24)","pbr","2026-01-31 00:30:00","545afc653bf3763fb9000009"
"6978e0ec5fa9cbf67fd2ed15","2026-01-28 19:04:02.016","2026-01-28 19:04:02.016","6978e0ec5fa9cbf67fd2ed15","68f6a21b367ff2509c810b15","[PREMIUM]","[PREMIUM]","[PREMIUM]","[PREMIUM]","[PREMIUM]","[1,2]","118","M","Lower","['*','*']","mobile","tm","tmqr",,"[PREMIUM]","[PREMIUM]","[]","2026-01-29 00:00:00","World's Toughest Rodeo (Rescheduled from 1/24)","pbr","2026-01-31 00:30:00","545afc653bf3763fb9000009"
"6978e0f15fa9cbf67fd42293","2026-01-28 19:04:02.016","2026-01-28 19:04:02.016","6978e0f15fa9cbf67fd42293","68f6a21b367ff2509c810b15","[PREMIUM]","[PREMIUM]","[PREMIUM]","[PREMIUM]","[PREMIUM]","[1,2,3,4]","127","Q","Lower","['*','*','*','*']","mobile","tm","tmqr",,"[PREMIUM]","[PREMIUM]","[]","2026-01-29 00:00:00","World's Toughest Rodeo (Rescheduled from 1/24)","pbr","2026-01-31 00:30:00","545afc653bf3763fb9000009"
"6978e0ec5fa9cbf67fd2fbae","2026-01-28 19:04:02.016","2026-01-28 19:04:02.016","6978e0ec5fa9cbf67fd2fbae","68f6a21b367ff2509c810b15","[PREMIUM]","[PREMIUM]","[PREMIUM]","[PREMIUM]","[PREMIUM]","[1,2,3,5]","303","G","Upper","['*','*','*','*','*']","mobile","tm","tmqr","great","[PREMIUM]","[PREMIUM]","[]","2026-01-29 00:00:00","World's Toughest Rodeo (Rescheduled from 1/24)","pbr","2026-01-31 00:30:00","545afc653bf3763fb9000009"
"6978e0f95fa9cbf67fd6081d","2026-01-28 19:04:02.016","2026-01-28 19:04:02.016","6978e0f95fa9cbf67fd6081d","68f6a21b367ff2509c810b15","[PREMIUM]","[PREMIUM]","[PREMIUM]","[PREMIUM]","[PREMIUM]","[1,2,3,4]","123","M","Lower","['*','*','*','*']","mobile","tm","tmqr",,"[PREMIUM]","[PREMIUM]","[]","2026-01-29 00:00:00","World's Toughest Rodeo (Rescheduled from 1/24)","pbr","2026-01-31 00:30:00","545afc653bf3763fb9000009"
"6978e0fb5fa9cbf67fd698e6","2026-01-28 19:04:02.016","2026-01-28 19:04:02.016","6978e0fb5fa9cbf67fd698e6","68f6a21b367ff2509c810b15","[PREMIUM]","[PREMIUM]","[PREMIUM]","[PREMIUM]","[PREMIUM]","[1,2]","327","D","Upper","['*','*']","mobile","tm","tmqr","amazing","[PREMIUM]","[PREMIUM]","[]","2026-01-29 00:00:00","World's Toughest Rodeo (Rescheduled from 1/24)","pbr","2026-01-31 00:30:00","545afc653bf3763fb9000009"
"6978e05f5fa9cbf67fb09a06","2026-01-28 19:04:02.016","2026-01-29 22:39:53.732","6978e05f5fa9cbf67fb09a06","68f6a21b367ff2509c810b15","[PREMIUM]","[PREMIUM]","[PREMIUM]","[PREMIUM]","[PREMIUM]","[2]","118","ZZ","Lower","['*','*']","mobile","tm","tmqr",,"[PREMIUM]","[PREMIUM]","[]","2026-01-30 00:00:00","World's Toughest Rodeo (Rescheduled from 1/24)","pbr","2026-01-31 00:30:00","545afc653bf3763fb9000009"
"6978e0ef5fa9cbf67fd3920b","2026-01-28 19:04:02.016","2026-01-28 19:04:02.016","6978e0ef5fa9cbf67fd3920b","68f6a21b367ff2509c810b15","[PREMIUM]","[PREMIUM]","[PREMIUM]","[PREMIUM]","[PREMIUM]","[1,2,3,4,5,6]","124","L","Lower","['*','*','*','*','*','*']","mobile","tm","tmqr",,"[PREMIUM]","[PREMIUM]","[]","2026-01-29 00:00:00","World's Toughest Rodeo (Rescheduled from 1/24)","pbr","2026-01-31 00:30:00","545afc653bf3763fb9000009"
"6978e0f85fa9cbf67fd600fb","2026-01-28 19:04:02.016","2026-01-28 19:04:02.016","6978e0f85fa9cbf67fd600fb","68f6a21b367ff2509c810b15","[PREMIUM]","[PREMIUM]","[PREMIUM]","[PREMIUM]","[PREMIUM]","[1,2,3,5]","121","Y","Lower","['*','*','*','*','*']","mobile","tm","tmqr",,"[PREMIUM]","[PREMIUM]","[]","2026-01-29 00:00:00","World's Toughest Rodeo (Rescheduled from 1/24)","pbr","2026-01-31 00:30:00","545afc653bf3763fb9000009"
"6978e0f45fa9cbf67fd4cd7b","2026-01-28 19:04:02.016","2026-01-28 19:04:02.016","6978e0f45fa9cbf67fd4cd7b","68f6a21b367ff2509c810b15","[PREMIUM]","[PREMIUM]","[PREMIUM]","[PREMIUM]","[PREMIUM]","[1,2,3,4,5,6]","206","D","Club","['*','*','*','*','*','*']","mobile","tm","tmqr","great","[PREMIUM]","[PREMIUM]","[]","2026-01-29 00:00:00","World's Toughest Rodeo (Rescheduled from 1/24)","pbr","2026-01-31 00:30:00","545afc653bf3763fb9000009"
"6978e0ec5fa9cbf67fd2dc8d","2026-01-28 19:04:02.016","2026-01-28 19:04:02.016","6978e0ec5fa9cbf67fd2dc8d","68f6a21b367ff2509c810b15","[PREMIUM]","[PREMIUM]","[PREMIUM]","[PREMIUM]","[PREMIUM]","[1,2,3,4]","101","WW","Lower","['*','*','*','*']","mobile","tm","tmqr",,"[PREMIUM]","[PREMIUM]","[]","2026-01-29 00:00:00","World's Toughest Rodeo (Rescheduled from 1/24)","pbr","2026-01-31 00:30:00","545afc653bf3763fb9000009"
"6978e0f95fa9cbf67fd61456","2026-01-28 19:04:02.016","2026-01-28 19:04:02.016","6978e0f95fa9cbf67fd61456","68f6a21b367ff2509c810b15","[PREMIUM]","[PREMIUM]","[PREMIUM]","[PREMIUM]","[PREMIUM]","[1,2,3,4]","325","E","Upper","['*','*','*','*']","mobile","tm","tmqr","amazing","[PREMIUM]","[PREMIUM]","[]","2026-01-29 00:00:00","World's Toughest Rodeo (Rescheduled from 1/24)","pbr","2026-01-31 00:30:00","545afc653bf3763fb9000009"
"6978e0f45fa9cbf67fd4c9be","2026-01-28 19:04:02.016","2026-01-28 19:04:02.016","6978e0f45fa9cbf67fd4c9be","68f6a21b367ff2509c810b15","[PREMIUM]","[PREMIUM]","[PREMIUM]","[PREMIUM]","[PREMIUM]","[1,2,4]","103","R","Lower","['*','*','*','*']","mobile","tm","tmqr",,"[PREMIUM]","[PREMIUM]","[]","2026-01-29 00:00:00","World's Toughest Rodeo (Rescheduled from 1/24)","pbr","2026-01-31 00:30:00","545afc653bf3763fb9000009"
"6978e8405fa9cbf67fa6a40c","2026-01-28 19:04:02.016","2026-01-28 19:04:02.016","6978e8405fa9cbf67fa6a40c","68f6a21b367ff2509c810b15","[PREMIUM]","[PREMIUM]","[PREMIUM]","[PREMIUM]","[PREMIUM]","[1,2,3,4,5,6,7,8]","125","X","Lower","['*','*','*','*','*','*','*','*']","mobile","tm","tmqr",,"[PREMIUM]","[PREMIUM]","[]","2026-01-30 00:00:00","World's Toughest Rodeo (Rescheduled from 1/24)","pbr","2026-01-31 00:30:00","545afc653bf3763fb9000009"
"697907255fa9cbf67f22a87e","2026-01-28 19:04:02.016","2026-01-29 22:39:53.732","697907255fa9cbf67f22a87e","68f6a21b367ff2509c810b15","[PREMIUM]","[PREMIUM]","[PREMIUM]","[PREMIUM]","[PREMIUM]","[2]","127","G","Lower","['*','*']","mobile","tm","tmqr",,"[PREMIUM]","[PREMIUM]","[]","2026-01-30 00:00:00","World's Toughest Rodeo (Rescheduled from 1/24)","pbr","2026-01-31 00:30:00","545afc653bf3763fb9000009"
"697905e45fa9cbf67fd84db4","2026-01-28 19:04:02.016","2026-01-29 22:39:53.732","697905e45fa9cbf67fd84db4","68f6a21b367ff2509c810b15","[PREMIUM]","[PREMIUM]","[PREMIUM]","[PREMIUM]","[PREMIUM]","[2]","116","T","Lower","['*','*']","mobile","tm","tmqr",,"[PREMIUM]","[PREMIUM]","[]","2026-01-30 00:00:00","World's Toughest Rodeo (Rescheduled from 1/24)","pbr","2026-01-31 00:30:00","545afc653bf3763fb9000009"
"697915445fa9cbf67f9a6506","2026-01-28 19:04:02.016","2026-01-29 22:39:53.732","697915445fa9cbf67f9a6506","68f6a21b367ff2509c810b15","[PREMIUM]","[PREMIUM]","[PREMIUM]","[PREMIUM]","[PREMIUM]","[2]","204","C","Club","['*','*']","mobile","tm","tmqr",,"[PREMIUM]","[PREMIUM]","[]","2026-01-30 00:00:00","World's Toughest Rodeo (Rescheduled from 1/24)","pbr","2026-01-31 00:30:00","545afc653bf3763fb9000009"
"69791ff95fa9cbf67f355efc","2026-01-28 19:04:02.016","2026-01-28 19:04:02.016","69791ff95fa9cbf67f355efc","68f6a21b367ff2509c810b15","[PREMIUM]","[PREMIUM]","[PREMIUM]","[PREMIUM]","[PREMIUM]","[1,2,4]","106","S","Lower","['*','*','*','*']","mobile","tm","tmqr","great","[PREMIUM]","[PREMIUM]","[]","2026-01-29 00:00:00","World's Toughest Rodeo (Rescheduled from 1/24)","pbr","2026-01-31 00:30:00","545afc653bf3763fb9000009"
"697941e75fa9cbf67f520f03","2026-01-28 19:04:02.016","2026-01-28 19:04:02.016","697941e75fa9cbf67f520f03","68f6a21b367ff2509c810b15","[PREMIUM]","[PREMIUM]","[PREMIUM]","[PREMIUM]","[PREMIUM]","[2]","128","F","Lower","['*','*']","mobile","tm","tmqr",,"[PREMIUM]","[PREMIUM]","[]","2026-01-30 00:00:00","World's Toughest Rodeo (Rescheduled from 1/24)","pbr","2026-01-31 00:30:00","545afc653bf3763fb9000009"
"69794c455fa9cbf67fe04424","2026-01-28 19:04:02.016","2026-01-28 19:04:02.016","69794c455fa9cbf67fe04424","68f6a21b367ff2509c810b15","[PREMIUM]","[PREMIUM]","[PREMIUM]","[PREMIUM]","[PREMIUM]","[2]","126","Z","Lower","['*','*']","mobile","tm","tmqr",,"[PREMIUM]","[PREMIUM]","[]","2026-01-30 00:00:00","World's Toughest Rodeo (Rescheduled from 1/24)","pbr","2026-01-31 00:30:00","545afc653bf3763fb9000009"
"697956845fa9cbf67f71c775","2026-01-28 19:04:02.016","2026-01-28 19:04:02.016","697956845fa9cbf67f71c775","68f6a21b367ff2509c810b15","[PREMIUM]","[PREMIUM]","[PREMIUM]","[PREMIUM]","[PREMIUM]","[2]","101","V","Lower","['*','*']","mobile","tm","tmqr",,"[PREMIUM]","[PREMIUM]","[]","2026-01-30 00:00:00","World's Toughest Rodeo (Rescheduled from 1/24)","pbr","2026-01-31 00:30:00","545afc653bf3763fb9000009"
"6979613800dd60a99b2bc2d1","2026-01-28 19:04:02.016","2026-01-28 19:04:02.016","6979613800dd60a99b2bc2d1","68f6a21b367ff2509c810b15","[PREMIUM]","[PREMIUM]","[PREMIUM]","[PREMIUM]","[PREMIUM]","[2]","122","N","Lower","['*','*']","mobile","tm","tmqr",,"[PREMIUM]","[PREMIUM]","[]","2026-01-29 00:00:00","World's Toughest Rodeo (Rescheduled from 1/24)","pbr","2026-01-31 00:30:00","545afc653bf3763fb9000009"
"69795fde5fa9cbf67fc4f399","2026-01-28 19:04:02.016","2026-01-28 19:04:02.016","69795fde5fa9cbf67fc4f399","68f6a21b367ff2509c810b15","[PREMIUM]","[PREMIUM]","[PREMIUM]","[PREMIUM]","[PREMIUM]","[1,2,3,4,5,6,7,8]","305","G","Upper","['*','*','*','*','*','*','*','*']","mobile","tm","tmqr","amazing","[PREMIUM]","[PREMIUM]","[]","2026-01-29 00:00:00","World's Toughest Rodeo (Rescheduled from 1/24)","pbr","2026-01-31 00:30:00","545afc653bf3763fb9000009"
"69797d915fa9cbf67f56725c","2026-01-28 19:04:02.016","2026-01-28 19:04:02.016","69797d915fa9cbf67f56725c","68f6a21b367ff2509c810b15","[PREMIUM]","[PREMIUM]","[PREMIUM]","[PREMIUM]","[PREMIUM]","[1,2,4]","129","K","Lower","['*','*','*','*']","mobile","tm","tmqr",,"[PREMIUM]","[PREMIUM]","[]","2026-01-29 00:00:00","World's Toughest Rodeo (Rescheduled from 1/24)","pbr","2026-01-31 00:30:00","545afc653bf3763fb9000009"
"69797da15fa9cbf67f5a8299","2026-01-28 19:04:02.016","2026-01-28 19:04:02.016","69797da15fa9cbf67f5a8299","68f6a21b367ff2509c810b15","[PREMIUM]","[PREMIUM]","[PREMIUM]","[PREMIUM]","[PREMIUM]","[1,2,3,4]","101","K","Lower","['*','*','*','*']","mobile","tm","tmqr",,"[PREMIUM]","[PREMIUM]","[]","2026-01-29 00:00:00","World's Toughest Rodeo (Rescheduled from 1/24)","pbr","2026-01-31 00:30:00","545afc653bf3763fb9000009"
"69797af85fa9cbf67fa97e57","2026-01-28 19:04:02.016","2026-01-29 22:39:53.732","69797af85fa9cbf67fa97e57","68f6a21b367ff2509c810b15","[PREMIUM]","[PREMIUM]","[PREMIUM]","[PREMIUM]","[PREMIUM]","[2]","104","WW","Lower","['*','*']","mobile","tm","tmqr",,"[PREMIUM]","[PREMIUM]","[]","2026-01-30 00:00:00","World's Toughest Rodeo (Rescheduled from 1/24)","pbr","2026-01-31 00:30:00","545afc653bf3763fb9000009"
"69797e8a5fa9cbf67f976ca6","2026-01-28 19:04:02.016","2026-01-28 19:04:02.016","69797e8a5fa9cbf67f976ca6","68f6a21b367ff2509c810b15","[PREMIUM]","[PREMIUM]","[PREMIUM]","[PREMIUM]","[PREMIUM]","[2]","122","S","Lower","['*','*']","mobile","tm","tmqr",,"[PREMIUM]","[PREMIUM]","[]","2026-01-30 00:00:00","World's Toughest Rodeo (Rescheduled from 1/24)","pbr","2026-01-31 00:30:00","545afc653bf3763fb9000009"
"697992455fa9cbf67f8f95c5","2026-01-28 19:04:02.016","2026-01-28 19:04:02.016","697992455fa9cbf67f8f95c5","68f6a21b367ff2509c810b15","[PREMIUM]","[PREMIUM]","[PREMIUM]","[PREMIUM]","[PREMIUM]","[1,2]","117","K","Lower","['*','*']","mobile","tm","tmqr",,"[PREMIUM]","[PREMIUM]","[]","2026-01-29 00:00:00","World's Toughest Rodeo (Rescheduled from 1/24)","pbr","2026-01-31 00:30:00","545afc653bf3763fb9000009"
"69799a1c5fa9cbf67f8d8cb8","2026-01-28 19:04:02.016","2026-01-28 19:04:02.016","69799a1c5fa9cbf67f8d8cb8","68f6a21b367ff2509c810b15","[PREMIUM]","[PREMIUM]","[PREMIUM]","[PREMIUM]","[PREMIUM]","[2]","105","H","Lower","['3','4']","mobile","tm","tmqr","amazing","[PREMIUM]","[PREMIUM]","[]",,"World's Toughest Rodeo (Rescheduled from 1/24)","pbr","2026-01-31 00:30:00","545afc653bf3763fb9000009"
"69799ca35fa9cbf67f2bb590","2026-01-28 19:04:02.016","2026-01-28 19:04:02.016","69799ca35fa9cbf67f2bb590","68f6a21b367ff2509c810b15","[PREMIUM]","[PREMIUM]","[PREMIUM]","[PREMIUM]","[PREMIUM]","[2,4]","324","A","Upper","['*','*','*','*']","mobile","tm","tmqr",,"[PREMIUM]","[PREMIUM]","[]","2026-01-29 00:00:00","World's Toughest Rodeo (Rescheduled from 1/24)","pbr","2026-01-31 00:30:00","545afc653bf3763fb9000009"
"6979e11a5fa9cbf67f540724","2026-01-28 19:04:02.016","2026-01-28 19:04:02.016","6979e11a5fa9cbf67f540724","68f6a21b367ff2509c810b15","[PREMIUM]","[PREMIUM]","[PREMIUM]","[PREMIUM]","[PREMIUM]","[2]","103","J","Lower","['*','*']","mobile","tm","tmqr",,"[PREMIUM]","[PREMIUM]","[]","2026-01-29 00:00:00","World's Toughest Rodeo (Rescheduled from 1/24)","pbr","2026-01-31 00:30:00","545afc653bf3763fb9000009"
"6979b1a05fa9cbf67f1bf0ba","2026-01-28 19:04:02.016","2026-01-28 19:04:02.016","6979b1a05fa9cbf67f1bf0ba","68f6a21b367ff2509c810b15","[PREMIUM]","[PREMIUM]","[PREMIUM]","[PREMIUM]","[PREMIUM]","[1,2]","220","D","Club","['*','*']","mobile","tm","tmqr","great","[PREMIUM]","[PREMIUM]","[]","2026-01-29 00:00:00","World's Toughest Rodeo (Rescheduled from 1/24)","pbr","2026-01-31 00:30:00","545afc653bf3763fb9000009"
"6979e47db53b5f195514b197","2026-01-28 19:04:02.016","2026-01-29 22:39:53.732","6979e47db53b5f195514b197","68f6a21b367ff2509c810b15","[PREMIUM]","[PREMIUM]","[PREMIUM]","[PREMIUM]","[PREMIUM]","[2]","121","M","Lower","['*','*']","mobile","tm","tmqr",,"[PREMIUM]","[PREMIUM]","[]",,"World's Toughest Rodeo (Rescheduled from 1/24)","pbr","2026-01-31 00:30:00","545afc653bf3763fb9000009"
"697a10ca5fa9cbf67f876250","2026-01-28 19:04:02.016","2026-01-28 19:04:02.016","697a10ca5fa9cbf67f876250","68f6a21b367ff2509c810b15","[PREMIUM]","[PREMIUM]","[PREMIUM]","[PREMIUM]","[PREMIUM]","[1,2,3,4]","119","P","Lower","['*','*','*','*']","mobile","tm","tmqr",,"[PREMIUM]","[PREMIUM]","[]","2026-01-30 00:00:00","World's Toughest Rodeo (Rescheduled from 1/24)","pbr","2026-01-31 00:30:00","545afc653bf3763fb9000009"
"697a123714c2f8ae9b0a5632","2026-01-28 19:04:02.016","2026-01-28 19:04:02.016","697a123714c2f8ae9b0a5632","68f6a21b367ff2509c810b15","[PREMIUM]","[PREMIUM]","[PREMIUM]","[PREMIUM]","[PREMIUM]","[2]","130","M","Lower","['*','*']","mobile","tm","tmqr",,"[PREMIUM]","[PREMIUM]","[]","2026-01-29 00:00:00","World's Toughest Rodeo (Rescheduled from 1/24)","pbr","2026-01-31 00:30:00","545afc653bf3763fb9000009"
"697a23068a519764977279b9","2026-01-28 19:04:02.016","2026-01-28 19:04:02.016","697a23068a519764977279b9","68f6a21b367ff2509c810b15","[PREMIUM]","[PREMIUM]","[PREMIUM]","[PREMIUM]","[PREMIUM]","[2]","102","H","Lower","['*','*']","mobile","tm","tmqr",,"[PREMIUM]","[PREMIUM]","[]","2026-01-29 00:00:00","World's Toughest Rodeo (Rescheduled from 1/24)","pbr","2026-01-31 00:30:00","545afc653bf3763fb9000009"
"697a34075fa9cbf67f422130","2026-01-28 19:04:02.016","2026-01-28 19:04:02.016","697a34075fa9cbf67f422130","68f6a21b367ff2509c810b15","[PREMIUM]","[PREMIUM]","[PREMIUM]","[PREMIUM]","[PREMIUM]","[1,2]","120","J","Lower","['*','*']","mobile","tm","tmqr",,"[PREMIUM]","[PREMIUM]","[]","2026-01-29 00:00:00","World's Toughest Rodeo (Rescheduled from 1/24)","pbr","2026-01-31 00:30:00","545afc653bf3763fb9000009"
"697a36e15fa9cbf67ff22f5b","2026-01-28 19:04:02.016","2026-01-28 19:04:02.016","697a36e15fa9cbf67ff22f5b","68f6a21b367ff2509c810b15","[PREMIUM]","[PREMIUM]","[PREMIUM]","[PREMIUM]","[PREMIUM]","[1,2,3]","304","A","Upper","['*','*','*']","mobile","tm","tmqr",,"[PREMIUM]","[PREMIUM]","[]","2026-01-30 00:00:00","World's Toughest Rodeo (Rescheduled from 1/24)","pbr","2026-01-31 00:30:00","545afc653bf3763fb9000009"
"697a3eb21b265123d7d42d22","2026-01-28 19:04:02.016","2026-01-28 19:04:02.016","697a3eb21b265123d7d42d22","68f6a21b367ff2509c810b15","[PREMIUM]","[PREMIUM]","[PREMIUM]","[PREMIUM]","[PREMIUM]","[1,2,3,4]","126","S","Lower","['*','*','*','*']","mobile","tm","tmqr",,"[PREMIUM]","[PREMIUM]","[]","2026-01-29 00:00:00","World's Toughest Rodeo (Rescheduled from 1/24)","pbr","2026-01-31 00:30:00","545afc653bf3763fb9000009"
"697a45095fa9cbf67f666bc9","2026-01-28 19:04:02.016","2026-01-28 19:04:02.016","697a45095fa9cbf67f666bc9","68f6a21b367ff2509c810b15","[PREMIUM]","[PREMIUM]","[PREMIUM]","[PREMIUM]","[PREMIUM]","[1,2,3,4,5,6]","102","Q","Lower","['*','*','*','*','*','*']","mobile","tm","tmqr",,"[PREMIUM]","[PREMIUM]","[]","2026-01-29 00:00:00","World's Toughest Rodeo (Rescheduled from 1/24)","pbr","2026-01-31 00:30:00","545afc653bf3763fb9000009"
"697a3b5c5fa9cbf67f044300","2026-01-28 19:04:02.016","2026-01-28 19:04:02.016","697a3b5c5fa9cbf67f044300","68f6a21b367ff2509c810b15","[PREMIUM]","[PREMIUM]","[PREMIUM]","[PREMIUM]","[PREMIUM]","[1,2,3,4,5,6]","130","T","Lower","['*','*','*','*','*','*']","mobile","tm","tmqr",,"[PREMIUM]","[PREMIUM]","[]","2026-01-29 00:00:00","World's Toughest Rodeo (Rescheduled from 1/24)","pbr","2026-01-31 00:30:00","545afc653bf3763fb9000009"
"697a3eb57e2e7dcf98747021","2026-01-28 19:04:02.016","2026-01-28 19:04:02.016","697a3eb57e2e7dcf98747021","68f6a21b367ff2509c810b15","[PREMIUM]","[PREMIUM]","[PREMIUM]","[PREMIUM]","[PREMIUM]","[2]","120","R","Lower","['*','*']","mobile","tm","tmqr",,"[PREMIUM]","[PREMIUM]","[]","2026-01-29 00:00:00","World's Toughest Rodeo (Rescheduled from 1/24)","pbr","2026-01-31 00:30:00","545afc653bf3763fb9000009"
"697a4cb35fa9cbf67f399a5e","2026-01-28 19:04:02.016","2026-01-28 19:04:02.016","697a4cb35fa9cbf67f399a5e","68f6a21b367ff2509c810b15","[PREMIUM]","[PREMIUM]","[PREMIUM]","[PREMIUM]","[PREMIUM]","[1,2,3]","202","A","Club","['*','*','*']","mobile","tm","tmqr","amazing","[PREMIUM]","[PREMIUM]","[]","2026-01-30 00:00:00","World's Toughest Rodeo (Rescheduled from 1/24)","pbr","2026-01-31 00:30:00","545afc653bf3763fb9000009"
"697a44125fa9cbf67f2d0bda","2026-01-28 19:04:02.016","2026-01-28 19:04:02.016","697a44125fa9cbf67f2d0bda","68f6a21b367ff2509c810b15","[PREMIUM]","[PREMIUM]","[PREMIUM]","[PREMIUM]","[PREMIUM]","[2]","102","C","Lower","['*','*']","mobile","tm","tmqr",,"[PREMIUM]","[PREMIUM]","[]","2026-01-29 00:00:00","World's Toughest Rodeo (Rescheduled from 1/24)","pbr","2026-01-31 00:30:00","545afc653bf3763fb9000009"
"697a4f755fa9cbf67fe7ed9f","2026-01-28 19:04:02.016","2026-01-28 19:04:02.016","697a4f755fa9cbf67fe7ed9f","68f6a21b367ff2509c810b15","[PREMIUM]","[PREMIUM]","[PREMIUM]","[PREMIUM]","[PREMIUM]","[1,2,3,4]","117","R","Lower","['*','*','*','*']","mobile","tm","tmqr",,"[PREMIUM]","[PREMIUM]","[]","2026-01-29 00:00:00","World's Toughest Rodeo (Rescheduled from 1/24)","pbr","2026-01-31 00:30:00","545afc653bf3763fb9000009"
"697a58375fa9cbf67f15279f","2026-01-28 19:04:02.016","2026-01-29 22:39:53.732","697a58375fa9cbf67f15279f","68f6a21b367ff2509c810b15","[PREMIUM]","[PREMIUM]","[PREMIUM]","[PREMIUM]","[PREMIUM]","[2]","219","B","Club","['*','*']","mobile","tm","tmqr","great","[PREMIUM]","[PREMIUM]","[]",,"World's Toughest Rodeo (Rescheduled from 1/24)","pbr","2026-01-31 00:30:00","545afc653bf3763fb9000009"
"697a5c025fa9cbf67fff7af7","2026-01-28 19:04:02.016","2026-01-28 19:04:02.016","697a5c025fa9cbf67fff7af7","68f6a21b367ff2509c810b15","[PREMIUM]","[PREMIUM]","[PREMIUM]","[PREMIUM]","[PREMIUM]","[1,2]","105","N","Lower","['*','*']","mobile","tm","tmqr",,"[PREMIUM]","[PREMIUM]","[]","2026-01-29 00:00:00","World's Toughest Rodeo (Rescheduled from 1/24)","pbr","2026-01-31 00:30:00","545afc653bf3763fb9000009"
"697a2f625fa9cbf67f1dbd4c","2026-01-28 19:04:01.911","2026-01-28 19:04:01.911","697a2f625fa9cbf67f1dbd4c","68dc43779697281dd5f53f49","[PREMIUM]","[PREMIUM]","[PREMIUM]","[PREMIUM]","[PREMIUM]","[1,2,3,4,5,6,7,8]","ORCHLC","AA","Orchestra","['*','*','*','*','*','*','*','*']","mobile","tm","tmqr","great","[PREMIUM]","[PREMIUM]","[]","2026-04-01 00:00:00","Bored Teachers Comedy Tour (Rescheduled from 1/24/26)","comedy","2026-04-03 23:30:00","63c883ef96794b0001a25fa8"
"697a2f605fa9cbf67f1d0ba5","2026-01-28 19:04:01.911","2026-02-02 14:19:10.677","697a2f605fa9cbf67f1d0ba5","68dc43779697281dd5f53f49","[PREMIUM]","[PREMIUM]","[PREMIUM]","[PREMIUM]","[PREMIUM]","[1,2,3,4,5,6,7,8]","MEZZL","DD","Mezzanine","['*','*','*','*','*','*','*','*']","mobile","tm","tmqr",,"[PREMIUM]","[PREMIUM]","[]","2026-04-01 00:00:00","Bored Teachers Comedy Tour (Rescheduled from 1/24/26)","comedy","2026-04-03 23:30:00","63c883ef96794b0001a25fa8"
"697a2f635fa9cbf67f1e0a1a","2026-01-28 19:04:01.911","2026-02-02 14:19:10.677","697a2f635fa9cbf67f1e0a1a","68dc43779697281dd5f53f49","[PREMIUM]","[PREMIUM]","[PREMIUM]","[PREMIUM]","[PREMIUM]","[1,2]","ORCHR","EE","Orchestra","['*','*']","mobile","tm","tmqr",,"[PREMIUM]","[PREMIUM]","[]","2026-04-01 00:00:00","Bored Teachers Comedy Tour (Rescheduled from 1/24/26)","comedy","2026-04-03 23:30:00","63c883ef96794b0001a25fa8"
"697a2f625fa9cbf67f1dbd36","2026-01-28 19:04:01.911","2026-01-28 19:04:01.911","697a2f625fa9cbf67f1dbd36","68dc43779697281dd5f53f49","[PREMIUM]","[PREMIUM]","[PREMIUM]","[PREMIUM]","[PREMIUM]","[1,2,3,4,5,6,7,8]","ORCHC","W","Orchestra","['*','*','*','*','*','*','*','*']","mobile","tm","tmqr","amazing","[PREMIUM]","[PREMIUM]","[]","2026-04-01 00:00:00","Bored Teachers Comedy Tour (Rescheduled from 1/24/26)","comedy","2026-04-03 23:30:00","63c883ef96794b0001a25fa8"
"697a2f5a5fa9cbf67f1ba7c2","2026-01-28 19:04:01.911","2026-02-02 14:19:10.677","697a2f5a5fa9cbf67f1ba7c2","68dc43779697281dd5f53f49","[PREMIUM]","[PREMIUM]","[PREMIUM]","[PREMIUM]","[PREMIUM]","[1,2,3,4]","BALR","SS","Balcony","['*','*','*','*']","mobile","tm","tmqr","great","[PREMIUM]","[PREMIUM]","[]","2026-04-01 00:00:00","Bored Teachers Comedy Tour (Rescheduled from 1/24/26)","comedy","2026-04-03 23:30:00","63c883ef96794b0001a25fa8"
"697a2f5d5fa9cbf67f1c5ce5","2026-01-28 19:04:01.911","2026-02-02 14:19:10.677","697a2f5d5fa9cbf67f1c5ce5","68dc43779697281dd5f53f49","[PREMIUM]","[PREMIUM]","[PREMIUM]","[PREMIUM]","[PREMIUM]","[1,2,3,4]","BALL","TT","Balcony","['*','*','*','*']","mobile","tm","tmqr","great","[PREMIUM]","[PREMIUM]","[]","2026-04-01 00:00:00","Bored Teachers Comedy Tour (Rescheduled from 1/24/26)","comedy","2026-04-03 23:30:00","63c883ef96794b0001a25fa8"
"697a2f625fa9cbf67f1dbd30","2026-01-28 19:04:01.911","2026-01-28 19:04:01.911","697a2f625fa9cbf67f1dbd30","68dc43779697281dd5f53f49","[PREMIUM]","[PREMIUM]","[PREMIUM]","[PREMIUM]","[PREMIUM]","[1,2,3,4]","BALLC","NN","Balcony","['*','*','*','*']","mobile","tm","tmqr","great","[PREMIUM]","[PREMIUM]","[]","2026-04-01 00:00:00","Bored Teachers Comedy Tour (Rescheduled from 1/24/26)","comedy","2026-04-03 23:30:00","63c883ef96794b0001a25fa8"
"697a2f525fa9cbf67f199914","2026-01-28 19:04:01.911","2026-02-15 15:41:40.511","697a2f525fa9cbf67f199914","68dc43779697281dd5f53f49","[PREMIUM]","[PREMIUM]","[PREMIUM]","[PREMIUM]","[PREMIUM]","[1,2,3,4,5,6,7,8]","ORCHLC","M","Orchestra","['*','*','*','*','*','*','*','*']","mobile","tm","tmqr",,"[PREMIUM]","[PREMIUM]","[]","2026-04-01 00:00:00","Bored Teachers Comedy Tour (Rescheduled from 1/24/26)","comedy","2026-04-03 23:30:00","63c883ef96794b0001a25fa8"
"697a2f605fa9cbf67f1d0be5","2026-01-28 19:04:01.911","2026-01-28 19:04:01.911","697a2f605fa9cbf67f1d0be5","68dc43779697281dd5f53f49","[PREMIUM]","[PREMIUM]","[PREMIUM]","[PREMIUM]","[PREMIUM]","[1,2,3,4,5,6,7,8]","ORCHRC","Z","Orchestra","['*','*','*','*','*','*','*','*']","mobile","tm","tmqr","amazing","[PREMIUM]","[PREMIUM]","[]","2026-04-01 00:00:00","Bored Teachers Comedy Tour (Rescheduled from 1/24/26)","comedy","2026-04-03 23:30:00","63c883ef96794b0001a25fa8"
"697a2f5d5fa9cbf67f1c5d04","2026-01-28 19:04:01.911","2026-01-28 19:04:01.911","697a2f5d5fa9cbf67f1c5d04","68dc43779697281dd5f53f49","[PREMIUM]","[PREMIUM]","[PREMIUM]","[PREMIUM]","[PREMIUM]","[1,2]","MEZZRC","GG","Mezzanine","['*','*']","mobile","tm","tmqr","great","[PREMIUM]","[PREMIUM]","[]","2026-04-01 00:00:00","Bored Teachers Comedy Tour (Rescheduled from 1/24/26)","comedy","2026-04-03 23:30:00","63c883ef96794b0001a25fa8"
"697a2f605fa9cbf67f1d0bca","2026-01-28 19:04:01.911","2026-01-28 19:04:01.911","697a2f605fa9cbf67f1d0bca","68dc43779697281dd5f53f49","[PREMIUM]","[PREMIUM]","[PREMIUM]","[PREMIUM]","[PREMIUM]","[1,2,3,4]","ORCHL","CC","Orchestra","['*','*','*','*']","mobile","tm","tmqr","great","[PREMIUM]","[PREMIUM]","[]","2026-04-01 00:00:00","Bored Teachers Comedy Tour (Rescheduled from 1/24/26)","comedy","2026-04-03 23:30:00","63c883ef96794b0001a25fa8"
"697a2f5d5fa9cbf67f1c5d0a","2026-01-28 19:04:01.911","2026-02-15 15:41:40.511","697a2f5d5fa9cbf67f1c5d0a","68dc43779697281dd5f53f49","[PREMIUM]","[PREMIUM]","[PREMIUM]","[PREMIUM]","[PREMIUM]","[1,2,3,4,5,6,7,8]","ORCHRC","M","Orchestra","['*','*','*','*','*','*','*','*']","mobile","tm","tmqr",,"[PREMIUM]","[PREMIUM]","[]","2026-04-01 00:00:00","Bored Teachers Comedy Tour (Rescheduled from 1/24/26)","comedy","2026-04-03 23:30:00","63c883ef96794b0001a25fa8"
"697a2f605fa9cbf67f1d0bb7","2026-01-28 19:04:01.911","2026-02-02 14:19:10.677","697a2f605fa9cbf67f1d0bb7","68dc43779697281dd5f53f49","[PREMIUM]","[PREMIUM]","[PREMIUM]","[PREMIUM]","[PREMIUM]","[1,2,3,4]","MEZZLC","EE","Mezzanine","['*','*','*','*']","mobile","tm","tmqr",,"[PREMIUM]","[PREMIUM]","[]","2026-04-01 00:00:00","Bored Teachers Comedy Tour (Rescheduled from 1/24/26)","comedy","2026-04-03 23:30:00","63c883ef96794b0001a25fa8"
"697a2f635fa9cbf67f1e0a13","2026-01-28 19:04:01.911","2026-02-02 14:19:10.677","697a2f635fa9cbf67f1e0a13","68dc43779697281dd5f53f49","[PREMIUM]","[PREMIUM]","[PREMIUM]","[PREMIUM]","[PREMIUM]","[1,2,3,4,5,6,7,8]","MEZZR","DD","Mezzanine","['*','*','*','*','*','*','*','*']","mobile","tm","tmqr",,"[PREMIUM]","[PREMIUM]","[]","2026-04-01 00:00:00","Bored Teachers Comedy Tour (Rescheduled from 1/24/26)","comedy","2026-04-03 23:30:00","63c883ef96794b0001a25fa8"
"697a2f555fa9cbf67f1a4ffa","2026-01-28 19:04:01.911","2026-01-28 19:04:01.911","697a2f555fa9cbf67f1a4ffa","68dc43779697281dd5f53f49","[PREMIUM]","[PREMIUM]","[PREMIUM]","[PREMIUM]","[PREMIUM]","[1,2,3,4,5,6,7,8]","BALRC","VV","Balcony","['*','*','*','*','*','*','*','*']","mobile","tm","tmqr","great","[PREMIUM]","[PREMIUM]","[]","2026-04-01 00:00:00","Bored Teachers Comedy Tour (Rescheduled from 1/24/26)","comedy","2026-04-03 23:30:00","63c883ef96794b0001a25fa8"
"697a2f625fa9cbf67f1dbd67","2026-01-28 19:04:01.911","2026-01-29 22:39:54.762","697a2f625fa9cbf67f1dbd67","68dc43779697281dd5f53f49","[PREMIUM]","[PREMIUM]","[PREMIUM]","[PREMIUM]","[PREMIUM]","[1,2]","BALC","RR","Balcony","['*','*']","mobile","tm","tmqr","amazing","[PREMIUM]","[PREMIUM]","[]","2026-04-01 00:00:00","Bored Teachers Comedy Tour (Rescheduled from 1/24/26)","comedy","2026-04-03 23:30:00","63c883ef96794b0001a25fa8"
"697900905fa9cbf67f90093f","2026-01-28 19:04:01.879","2026-01-28 19:04:01.879","697900905fa9cbf67f90093f","682a271743119880d71967ea","[PREMIUM]","[PREMIUM]","[PREMIUM]","[PREMIUM]","[PREMIUM]","[1,2,3,5]","117","G","Lower","['*','*','*','*','*']","mobile","tm","tmqr","great","[PREMIUM]","[PREMIUM]","[]","2026-03-30 00:00:00","Savannah Ghost Pirates at Greenville Swamp Rabbits (Rescheduled from 1/24)","echl","2026-03-31 23:05:00","58113ee4cde6626ebe0e99e9"
"6979007e5fa9cbf67f8b91f0","2026-01-28 19:04:01.879","2026-01-31 02:22:17.630","6979007e5fa9cbf67f8b91f0","682a271743119880d71967ea","[PREMIUM]","[PREMIUM]","[PREMIUM]","[PREMIUM]","[PREMIUM]","[1,2]","101","C","Lower","['*','*']","mobile","tm","tmqr","great","[PREMIUM]","[PREMIUM]","[]","2026-03-30 00:00:00","Savannah Ghost Pirates at Greenville Swamp Rabbits (Rescheduled from 1/24)","echl","2026-03-31 23:05:00","58113ee4cde6626ebe0e99e9"
"6979007b5fa9cbf67f8a94df","2026-01-28 19:04:01.879","2026-01-31 02:22:17.630","6979007b5fa9cbf67f8a94df","682a271743119880d71967ea","[PREMIUM]","[PREMIUM]","[PREMIUM]","[PREMIUM]","[PREMIUM]","[1,2,3,4,5,6]","102","D","Lower","['*','*','*','*','*','*']","mobile","tm","tmqr","great","[PREMIUM]","[PREMIUM]","[]","2026-03-30 00:00:00","Savannah Ghost Pirates at Greenville Swamp Rabbits (Rescheduled from 1/24)","echl","2026-03-31 23:05:00","58113ee4cde6626ebe0e99e9"
"697900665fa9cbf67f851ae6","2026-01-28 19:04:01.879","2026-01-31 02:22:17.630","697900665fa9cbf67f851ae6","682a271743119880d71967ea","[PREMIUM]","[PREMIUM]","[PREMIUM]","[PREMIUM]","[PREMIUM]","[1,2]","121","F","Lower","['*','*']","mobile","tm","tmqr","amazing","[PREMIUM]","[PREMIUM]","[]","2026-03-30 00:00:00","Savannah Ghost Pirates at Greenville Swamp Rabbits (Rescheduled from 1/24)","echl","2026-03-31 23:05:00","58113ee4cde6626ebe0e99e9"
"697900605fa9cbf67f8398d3","2026-01-28 19:04:01.879","2026-01-31 02:22:17.630","697900605fa9cbf67f8398d3","682a271743119880d71967ea","[PREMIUM]","[PREMIUM]","[PREMIUM]","[PREMIUM]","[PREMIUM]","[1,2,3,4,5,6]","115","E","Lower","['*','*','*','*','*','*']","mobile","tm","tmqr","great","[PREMIUM]","[PREMIUM]","[]","2026-03-30 00:00:00","Savannah Ghost Pirates at Greenville Swamp Rabbits (Rescheduled from 1/24)","echl","2026-03-31 23:05:00","58113ee4cde6626ebe0e99e9"
"697900475fa9cbf67f7d2130","2026-01-28 19:04:01.879","2026-01-31 02:22:17.630","697900475fa9cbf67f7d2130","682a271743119880d71967ea","[PREMIUM]","[PREMIUM]","[PREMIUM]","[PREMIUM]","[PREMIUM]","[1,2,3,4]","114","C","Lower","['*','*','*','*']","mobile","tm","tmqr","great","[PREMIUM]","[PREMIUM]","[]","2026-03-30 00:00:00","Savannah Ghost Pirates at Greenville Swamp Rabbits (Rescheduled from 1/24)","echl","2026-03-31 23:05:00","58113ee4cde6626ebe0e99e9"
"6979006d5fa9cbf67f870206","2026-01-28 19:04:01.879","2026-01-31 02:22:17.630","6979006d5fa9cbf67f870206","682a271743119880d71967ea","[PREMIUM]","[PREMIUM]","[PREMIUM]","[PREMIUM]","[PREMIUM]","[1,2,3,4]","104","D","Lower","['*','*','*','*']","mobile","tm","tmqr","great","[PREMIUM]","[PREMIUM]","[]","2026-03-30 00:00:00","Savannah Ghost Pirates at Greenville Swamp Rabbits (Rescheduled from 1/24)","echl","2026-03-31 23:05:00","58113ee4cde6626ebe0e99e9"
"6979004e5fa9cbf67f7f0fee","2026-01-28 19:04:01.879","2026-01-28 19:04:01.879","6979004e5fa9cbf67f7f0fee","682a271743119880d71967ea","[PREMIUM]","[PREMIUM]","[PREMIUM]","[PREMIUM]","[PREMIUM]","[1,2,3]","116","G","Lower","['*','*','*']","mobile","tm","tmqr","amazing","[PREMIUM]","[PREMIUM]","[]","2026-03-30 00:00:00","Savannah Ghost Pirates at Greenville Swamp Rabbits (Rescheduled from 1/24)","echl","2026-03-31 23:05:00","58113ee4cde6626ebe0e99e9"
"697900475fa9cbf67f7d2279","2026-01-28 19:04:01.879","2026-01-28 19:04:01.879","697900475fa9cbf67f7d2279","682a271743119880d71967ea","[PREMIUM]","[PREMIUM]","[PREMIUM]","[PREMIUM]","[PREMIUM]","[1,2,3,4]","119","F","Lower","['*','*','*','*']","mobile","tm","tmqr","great","[PREMIUM]","[PREMIUM]","[]","2026-03-30 00:00:00","Savannah Ghost Pirates at Greenville Swamp Rabbits (Rescheduled from 1/24)","echl","2026-03-31 23:05:00","58113ee4cde6626ebe0e99e9"
"697900715fa9cbf67f87e1d9","2026-01-28 19:04:01.879","2026-01-29 22:39:54.887","697900715fa9cbf67f87e1d9","682a271743119880d71967ea","[PREMIUM]","[PREMIUM]","[PREMIUM]","[PREMIUM]","[PREMIUM]","[1,2,3,4,5,6,7,8]","110","M","Lower","['*','*','*','*','*','*','*','*']","mobile","tm","tmqr","great","[PREMIUM]","[PREMIUM]","[]","2026-03-30 00:00:00","Savannah Ghost Pirates at Greenville Swamp Rabbits (Rescheduled from 1/24)","echl","2026-03-31 23:05:00","58113ee4cde6626ebe0e99e9"
"69791fea5fa9cbf67f31dadb","2026-01-28 19:04:01.879","2026-01-28 19:04:01.879","69791fea5fa9cbf67f31dadb","682a271743119880d71967ea","[PREMIUM]","[PREMIUM]","[PREMIUM]","[PREMIUM]","[PREMIUM]","[2]","106","M","Lower","['*','*']","mobile","tm","tmqr","great","[PREMIUM]","[PREMIUM]","[]","2026-03-30 00:00:00","Savannah Ghost Pirates at Greenville Swamp Rabbits (Rescheduled from 1/24)","echl","2026-03-31 23:05:00","58113ee4cde6626ebe0e99e9"
"69797ae55fa9cbf67fa4b258","2026-01-28 19:04:01.879","2026-01-29 22:39:54.887","69797ae55fa9cbf67fa4b258","682a271743119880d71967ea","[PREMIUM]","[PREMIUM]","[PREMIUM]","[PREMIUM]","[PREMIUM]","[1,2,3,4,5,6]","120","H","Lower","['*','*','*','*','*','*']","mobile","tm","tmqr","great","[PREMIUM]","[PREMIUM]","[]","2026-03-30 00:00:00","Savannah Ghost Pirates at Greenville Swamp Rabbits (Rescheduled from 1/24)","echl","2026-03-31 23:05:00","58113ee4cde6626ebe0e99e9"
"6979a709943aec466d23d0e2","2026-01-28 19:04:01.879","2026-01-31 02:22:17.630","6979a709943aec466d23d0e2","682a271743119880d71967ea","[PREMIUM]","[PREMIUM]","[PREMIUM]","[PREMIUM]","[PREMIUM]","[2]","106","G","Lower","['*','*']","mobile","tm","tmqr","amazing","[PREMIUM]","[PREMIUM]","[]","2026-03-30 00:00:00","Savannah Ghost Pirates at Greenville Swamp Rabbits (Rescheduled from 1/24)","echl","2026-03-31 23:05:00","58113ee4cde6626ebe0e99e9"
"6979b5d8083dfcde581e0886","2026-01-28 19:04:01.879","2026-02-05 07:40:46.267","6979b5d8083dfcde581e0886","682a271743119880d71967ea","[PREMIUM]","[PREMIUM]","[PREMIUM]","[PREMIUM]","[PREMIUM]","[2]","118","DD","Lower","['*','*']","mobile","tm","tmqr","amazing","[PREMIUM]","[PREMIUM]","[]","2026-03-30 00:00:00","Savannah Ghost Pirates at Greenville Swamp Rabbits (Rescheduled from 1/24)","echl","2026-03-31 23:05:00","58113ee4cde6626ebe0e99e9"
"6979b5d80c0ab7d674638734","2026-01-28 19:04:01.879","2026-01-28 19:04:01.879","6979b5d80c0ab7d674638734","682a271743119880d71967ea","[PREMIUM]","[PREMIUM]","[PREMIUM]","[PREMIUM]","[PREMIUM]","[1,2,3,4,5,6,7,8]","104","L","Lower","['*','*','*','*','*','*','*','*']","mobile","tm","tmqr","great","[PREMIUM]","[PREMIUM]","[]","2026-03-30 00:00:00","Savannah Ghost Pirates at Greenville Swamp Rabbits (Rescheduled from 1/24)","echl","2026-03-31 23:05:00","58113ee4cde6626ebe0e99e9"
"6979b5d8226aacd6cb45e219","2026-01-28 19:04:01.879","2026-01-28 19:04:01.879","6979b5d8226aacd6cb45e219","682a271743119880d71967ea","[PREMIUM]","[PREMIUM]","[PREMIUM]","[PREMIUM]","[PREMIUM]","[1,2,3,4,5,6]","116","M","Lower","['*','*','*','*','*','*']","mobile","tm","tmqr","great","[PREMIUM]","[PREMIUM]","[]","2026-03-30 00:00:00","Savannah Ghost Pirates at Greenville Swamp Rabbits (Rescheduled from 1/24)","echl","2026-03-31 23:05:00","58113ee4cde6626ebe0e99e9"
"697a58355fa9cbf67f14900c","2026-01-28 19:04:01.879","2026-01-31 02:22:17.630","697a58355fa9cbf67f14900c","682a271743119880d71967ea","[PREMIUM]","[PREMIUM]","[PREMIUM]","[PREMIUM]","[PREMIUM]","[1,2]","103","A","Lower","['*','*']","mobile","tm","tmqr","amazing","[PREMIUM]","[PREMIUM]","[]","2026-03-30 00:00:00","Savannah Ghost Pirates at Greenville Swamp Rabbits (Rescheduled from 1/24)","echl","2026-03-31 23:05:00","58113ee4cde6626ebe0e99e9"
"6978f45f5fa9cbf67f9cb3dc","2026-01-28 19:04:01.771","2026-02-21 09:14:54.997","6978f45f5fa9cbf67f9cb3dc","685aebd4b6583d2584f1dc80","[PREMIUM]","[PREMIUM]","[PREMIUM]","[PREMIUM]","[PREMIUM]","[1,2,3,4,5,6,7,8]","LOGE","C","Loge","['*','*','*','*','*','*','*','*']","mobile","tm","tmqr","amazing","[PREMIUM]","[PREMIUM]","[]","2026-03-14 00:00:00","Jane Lynch ( Rescheduled from 01/24/26 )","comedy","2026-03-16 02:00:00","59b848e23d4a400001188f5b"
"6978f4745fa9cbf67fa1b17e","2026-01-28 19:04:01.771","2026-02-24 19:34:50.958","6978f4745fa9cbf67fa1b17e","685aebd4b6583d2584f1dc80","[PREMIUM]","[PREMIUM]","[PREMIUM]","[PREMIUM]","[PREMIUM]","[1,2,3,4,5,6]","ORCH","W","Orchestra","['*','*','*','*','*','*']","mobile","tm","tmqr","super","[PREMIUM]","[PREMIUM]","[]","2026-03-14 00:00:00","Jane Lynch ( Rescheduled from 01/24/26 )","comedy","2026-03-16 02:00:00","59b848e23d4a400001188f5b"
"6978f4955fa9cbf67fa9c882","2026-01-28 19:04:01.771","2026-02-15 15:41:40.505","6978f4955fa9cbf67fa9c882","685aebd4b6583d2584f1dc80","[PREMIUM]","[PREMIUM]","[PREMIUM]","[PREMIUM]","[PREMIUM]","[1,2,3,4,5,6]","BALC","L","Balcony","['*','*','*','*','*','*']","mobile","tm","tmqr","cheapest","[PREMIUM]","[PREMIUM]","[]","2026-03-14 00:00:00","Jane Lynch ( Rescheduled from 01/24/26 )","comedy","2026-03-16 02:00:00","59b848e23d4a400001188f5b"
"68e040f824f7b2f6eaea4cae","2026-01-28 19:04:00.760","2026-01-29 22:39:52.591","68e040f824f7b2f6eaea4cae","68db0e47a8d5f538c3c37fe7","[PREMIUM]","[PREMIUM]","[PREMIUM]","[PREMIUM]","[PREMIUM]","[2]","202","X","Upper","['17','18']","mobile","tm","tmqr","amazing","[PREMIUM]","[PREMIUM]","[]",,"Rob Thomas (Rescheduled from 1/24)","music","2026-03-01 01:00:00","65ce9d898081eea4477b8e3b"
"697907110bef633ff8f95d9a","2026-01-28 19:04:00.760","2026-02-14 12:43:38.771","697907110bef633ff8f95d9a","68db0e47a8d5f538c3c37fe7","[PREMIUM]","[PREMIUM]","[PREMIUM]","[PREMIUM]","[PREMIUM]","[2]","101","H","Lower","['*','*']","mobile","tm","tmqr",,"[PREMIUM]","[PREMIUM]","[]","2026-02-27 00:00:00","Rob Thomas (Rescheduled from 1/24)","music","2026-03-01 01:00:00","65ce9d898081eea4477b8e3b"
"697936e65fa9cbf67fb5a791","2026-01-28 19:04:00.760","2026-01-28 19:04:00.760","697936e65fa9cbf67fb5a791","68db0e47a8d5f538c3c37fe7","[PREMIUM]","[PREMIUM]","[PREMIUM]","[PREMIUM]","[PREMIUM]","[2]","201","U","Upper","['10','11']","mobile","tm","tmqr",,"[PREMIUM]","[PREMIUM]","[]","2026-02-27 00:00:00","Rob Thomas (Rescheduled from 1/24)","music","2026-03-01 01:00:00","65ce9d898081eea4477b8e3b"
"697a167f5fa9cbf67ff02290","2026-01-28 19:04:00.760","2026-02-01 10:59:52.282","697a167f5fa9cbf67ff02290","68db0e47a8d5f538c3c37fe7","[PREMIUM]","[PREMIUM]","[PREMIUM]","[PREMIUM]","[PREMIUM]","[2]","203","V","Upper","['10','11']","mobile","tm","tmqr","super","[PREMIUM]","[PREMIUM]","[]","2026-02-28 00:00:00","Rob Thomas (Rescheduled from 1/24)","music","2026-03-01 01:00:00","65ce9d898081eea4477b8e3b"
"69714330319dd7a7f2706448","2026-01-28 19:04:00.699","2026-01-28 19:04:00.699","69714330319dd7a7f2706448","6913b82ffdd71017f6ca9d3e","[PREMIUM]","[PREMIUM]","[PREMIUM]","[PREMIUM]","[PREMIUM]","[1,2]","GA","GA","General Admission","['*','*']","mobile","tm","tmqr","cheapest","[PREMIUM]","[PREMIUM]","[]",,"Badfish - A Tribute to Sublime - The Blizzy (Rescheduled from 1/24)","music","2026-01-29 00:00:00","57c61b84f80c4132e4199029"
"69383f924c87f865d04b0c3f","2026-01-28 19:03:59.834","2026-03-02 12:17:01.561","69383f924c87f865d04b0c3f","6887fed6ad7bbc5a395ed24d","[PREMIUM]","[PREMIUM]","[PREMIUM]","[PREMIUM]","[PREMIUM]","[2]","100","17","Floor","['*','*']","mobile","tm","tmqr",,"[PREMIUM]","[PREMIUM]","[]","2026-04-02 00:00:00","Andrew Santino (Rescheduled from 1/24)","comedy","2026-04-04 00:00:00","5d0cfd1feea5f8001ce3d1ba"
"6979003f5fa9cbf67f7b34e4","2026-01-28 19:03:59.834","2026-02-02 14:19:08.805","6979003f5fa9cbf67f7b34e4","6887fed6ad7bbc5a395ed24d","[PREMIUM]","[PREMIUM]","[PREMIUM]","[PREMIUM]","[PREMIUM]","[1,2,3,4,5,6]","100","10","Floor","['*','*','*','*','*','*']","mobile","tm","tmqr","amazing","[PREMIUM]","[PREMIUM]","[]","2026-04-02 00:00:00","Andrew Santino (Rescheduled from 1/24)","comedy","2026-04-04 00:00:00","5d0cfd1feea5f8001ce3d1ba"
"6979f7195fa9cbf67f0bc78e","2026-01-28 19:03:59.834","2026-01-29 22:39:51.547","6979f7195fa9cbf67f0bc78e","6887fed6ad7bbc5a395ed24d","[PREMIUM]","[PREMIUM]","[PREMIUM]","[PREMIUM]","[PREMIUM]","[1,2,4]","400","14","Floor","['*','*','*','*']","mobile","tm","tmqr",,"[PREMIUM]","[PREMIUM]","[]","2026-04-02 00:00:00","Andrew Santino (Rescheduled from 1/24)","comedy","2026-04-04 00:00:00","5d0cfd1feea5f8001ce3d1ba"
"6978eecd5a0197e6a3da8989","2026-01-28 19:03:59.803","2026-01-28 19:03:59.803","6978eecd5a0197e6a3da8989","687ec1fa69d1ee0780e5de18","[PREMIUM]","[PREMIUM]","[PREMIUM]","[PREMIUM]","[PREMIUM]","[1,2,3,4,6]","210","P","Balcony","['*','*','*','*','*','*']","mobile","tm","tmqr","amazing","[PREMIUM]","[PREMIUM]","[]","2026-04-10 00:00:00","Jimmy Failla (Rescheduled from 1/24)","comedy","2026-04-12 01:00:00","61524541b58bf30001037971"
"6978eecde737e9da09d3681b","2026-01-28 19:03:59.803","2026-01-28 19:03:59.803","6978eecde737e9da09d3681b","687ec1fa69d1ee0780e5de18","[PREMIUM]","[PREMIUM]","[PREMIUM]","[PREMIUM]","[PREMIUM]","[2]","206","E","Balcony","['*','*']","mobile","tm","tmqr","amazing","[PREMIUM]","[PREMIUM]","[]","2026-04-10 00:00:00","Jimmy Failla (Rescheduled from 1/24)","comedy","2026-04-12 01:00:00","61524541b58bf30001037971"
"6978eed180a49991579188c3","2026-01-28 19:03:59.803","2026-01-28 19:03:59.803","6978eed180a49991579188c3","687ec1fa69d1ee0780e5de18","[PREMIUM]","[PREMIUM]","[PREMIUM]","[PREMIUM]","[PREMIUM]","[2,4]","207","F","Balcony","['*','*','*','*']","mobile","tm","tmqr","amazing","[PREMIUM]","[PREMIUM]","[]","2026-04-10 00:00:00","Jimmy Failla (Rescheduled from 1/24)","comedy","2026-04-12 01:00:00","61524541b58bf30001037971"
"6978eed253a5fb9e518db27b","2026-01-28 19:03:59.803","2026-01-28 19:03:59.803","6978eed253a5fb9e518db27b","687ec1fa69d1ee0780e5de18","[PREMIUM]","[PREMIUM]","[PREMIUM]","[PREMIUM]","[PREMIUM]","[1,2,3,4,5,6,8]","201","E","Balcony","['*','*','*','*','*','*','*','*']","mobile","tm","tmqr","amazing","[PREMIUM]","[PREMIUM]","[]","2026-04-10 00:00:00","Jimmy Failla (Rescheduled from 1/24)","comedy","2026-04-12 01:00:00","61524541b58bf30001037971"
"694bfb2994c93e607fe9575f","2026-01-28 19:03:58.823","2026-01-28 19:03:58.823","694bfb2994c93e607fe9575f","682a28a32894e4a1373ddf2e","[PREMIUM]","[PREMIUM]","[PREMIUM]","[PREMIUM]","[PREMIUM]","[2,3,4,5,6]","109","NN","Lower","['*','*','*','*','*','*']","mobile","tm","tmqr",,"[PREMIUM]","[PREMIUM]","[]","2026-02-04 00:00:00","Adirondack Thunder at Greensboro Gargoyles (Rescheduled from 1/25)","echl","2026-02-06 00:00:00","5758b8caf80c41206da73335"
"6978e50b5fa9cbf67fe0c72c","2026-01-28 19:03:58.823","2026-01-28 19:03:58.823","6978e50b5fa9cbf67fe0c72c","682a28a32894e4a1373ddf2e","[PREMIUM]","[PREMIUM]","[PREMIUM]","[PREMIUM]","[PREMIUM]","[1,2,3,4,5,6]","112","CC","Lower","['*','*','*','*','*','*']","mobile","tm","tmqr",,"[PREMIUM]","[PREMIUM]","[]","2026-02-04 00:00:00","Adirondack Thunder at Greensboro Gargoyles (Rescheduled from 1/25)","echl","2026-02-06 00:00:00","5758b8caf80c41206da73335"
"6978e5145fa9cbf67fe32693","2026-01-28 19:03:58.823","2026-01-28 19:03:58.823","6978e5145fa9cbf67fe32693","682a28a32894e4a1373ddf2e","[PREMIUM]","[PREMIUM]","[PREMIUM]","[PREMIUM]","[PREMIUM]","[1,2,3,4,5,6,7,8]","227","A","Upper","['*','*','*','*','*','*','*','*']","mobile","tm","tmqr",,"[PREMIUM]","[PREMIUM]","[]","2026-02-04 00:00:00","Adirondack Thunder at Greensboro Gargoyles (Rescheduled from 1/25)","echl","2026-02-06 00:00:00","5758b8caf80c41206da73335"
"6978e52e5fa9cbf67fe9728f","2026-01-28 19:03:58.823","2026-01-28 19:03:58.823","6978e52e5fa9cbf67fe9728f","682a28a32894e4a1373ddf2e","[PREMIUM]","[PREMIUM]","[PREMIUM]","[PREMIUM]","[PREMIUM]","[1,2,3,4,5,6,7,8]","233","E","Upper","['*','*','*','*','*','*','*','*']","mobile","tm","tmqr",,"[PREMIUM]","[PREMIUM]","[]","2026-02-04 00:00:00","Adirondack Thunder at Greensboro Gargoyles (Rescheduled from 1/25)","echl","2026-02-06 00:00:00","5758b8caf80c41206da73335"
"6978e5215fa9cbf67fe66847","2026-01-28 19:03:58.823","2026-01-28 19:03:58.823","6978e5215fa9cbf67fe66847","682a28a32894e4a1373ddf2e","[PREMIUM]","[PREMIUM]","[PREMIUM]","[PREMIUM]","[PREMIUM]","[1,2,3,4,5,6]","128","BB","Lower","['*','*','*','*','*','*']","mobile","tm","tmqr",,"[PREMIUM]","[PREMIUM]","[]","2026-02-04 00:00:00","Adirondack Thunder at Greensboro Gargoyles (Rescheduled from 1/25)","echl","2026-02-06 00:00:00","5758b8caf80c41206da73335"
"6978e5145fa9cbf67fe3263f","2026-01-28 19:03:58.823","2026-01-28 19:03:58.823","6978e5145fa9cbf67fe3263f","682a28a32894e4a1373ddf2e","[PREMIUM]","[PREMIUM]","[PREMIUM]","[PREMIUM]","[PREMIUM]","[1,2,3,4]","129","JJ","Lower","['*','*','*','*']","mobile","tm","tmqr",,"[PREMIUM]","[PREMIUM]","[]","2026-02-04 00:00:00","Adirondack Thunder at Greensboro Gargoyles (Rescheduled from 1/25)","echl","2026-02-06 00:00:00","5758b8caf80c41206da73335"
"6978e5145fa9cbf67fe317d7","2026-01-28 19:03:58.823","2026-01-28 19:03:58.823","6978e5145fa9cbf67fe317d7","682a28a32894e4a1373ddf2e","[PREMIUM]","[PREMIUM]","[PREMIUM]","[PREMIUM]","[PREMIUM]","[1,2,3,4,5,6,7,8]","207","A","Upper","['*','*','*','*','*','*','*','*']","mobile","tm","tmqr",,"[PREMIUM]","[PREMIUM]","[]","2026-02-04 00:00:00","Adirondack Thunder at Greensboro Gargoyles (Rescheduled from 1/25)","echl","2026-02-06 00:00:00","5758b8caf80c41206da73335"
"6978e5145fa9cbf67fe32b59","2026-01-28 19:03:58.823","2026-01-28 19:03:58.823","6978e5145fa9cbf67fe32b59","682a28a32894e4a1373ddf2e","[PREMIUM]","[PREMIUM]","[PREMIUM]","[PREMIUM]","[PREMIUM]","[1,2]","212","E","Upper","['*','*']","mobile","tm","tmqr",,"[PREMIUM]","[PREMIUM]","[]","2026-02-04 00:00:00","Adirondack Thunder at Greensboro Gargoyles (Rescheduled from 1/25)","echl","2026-02-06 00:00:00","5758b8caf80c41206da73335"
"6978e54f5fa9cbf67ff1a7b5","2026-01-28 19:03:58.823","2026-01-28 19:03:58.823","6978e54f5fa9cbf67ff1a7b5","682a28a32894e4a1373ddf2e","[PREMIUM]","[PREMIUM]","[PREMIUM]","[PREMIUM]","[PREMIUM]","[1,2,3,4,5,6]","125","FF","Lower","['*','*','*','*','*','*']","mobile","tm","tmqr",,"[PREMIUM]","[PREMIUM]","[]","2026-02-04 00:00:00","Adirondack Thunder at Greensboro Gargoyles (Rescheduled from 1/25)","echl","2026-02-06 00:00:00","5758b8caf80c41206da73335"
"6978e51d5fa9cbf67fe563f4","2026-01-28 19:03:58.823","2026-01-28 19:03:58.823","6978e51d5fa9cbf67fe563f4","682a28a32894e4a1373ddf2e","[PREMIUM]","[PREMIUM]","[PREMIUM]","[PREMIUM]","[PREMIUM]","[1,2,3,4,5,6]","105","DD","Lower","['*','*','*','*','*','*']","mobile","tm","tmqr",,"[PREMIUM]","[PREMIUM]","[]","2026-02-04 00:00:00","Adirondack Thunder at Greensboro Gargoyles (Rescheduled from 1/25)","echl","2026-02-06 00:00:00","5758b8caf80c41206da73335"
"6978e5145fa9cbf67fe31444","2026-01-28 19:03:58.823","2026-01-28 19:03:58.823","6978e5145fa9cbf67fe31444","682a28a32894e4a1373ddf2e","[PREMIUM]","[PREMIUM]","[PREMIUM]","[PREMIUM]","[PREMIUM]","[1,2]","231","F","Upper","['*','*']","mobile","tm","tmqr","great","[PREMIUM]","[PREMIUM]","[]","2026-02-04 00:00:00","Adirondack Thunder at Greensboro Gargoyles (Rescheduled from 1/25)","echl","2026-02-06 00:00:00","5758b8caf80c41206da73335"
"6978e5375fa9cbf67feb78b0","2026-01-28 19:03:58.823","2026-01-28 19:03:58.823","6978e5375fa9cbf67feb78b0","682a28a32894e4a1373ddf2e","[PREMIUM]","[PREMIUM]","[PREMIUM]","[PREMIUM]","[PREMIUM]","[1,2,3]","234","A","Upper","['*','*','*']","mobile","tm","tmqr",,"[PREMIUM]","[PREMIUM]","[]","2026-02-04 00:00:00","Adirondack Thunder at Greensboro Gargoyles (Rescheduled from 1/25)","echl","2026-02-06 00:00:00","5758b8caf80c41206da73335"
"6978e51d5fa9cbf67fe551c8","2026-01-28 19:03:58.823","2026-01-28 19:03:58.823","6978e51d5fa9cbf67fe551c8","682a28a32894e4a1373ddf2e","[PREMIUM]","[PREMIUM]","[PREMIUM]","[PREMIUM]","[PREMIUM]","[1,2,3,4,5,6]","106","KK","Lower","['*','*','*','*','*','*']","mobile","tm","tmqr",,"[PREMIUM]","[PREMIUM]","[]","2026-02-04 00:00:00","Adirondack Thunder at Greensboro Gargoyles (Rescheduled from 1/25)","echl","2026-02-06 00:00:00","5758b8caf80c41206da73335"
"6978e5335fa9cbf67fea6e31","2026-01-28 19:03:58.823","2026-01-28 19:03:58.823","6978e5335fa9cbf67fea6e31","682a28a32894e4a1373ddf2e","[PREMIUM]","[PREMIUM]","[PREMIUM]","[PREMIUM]","[PREMIUM]","[1,2,3,4,5,6]","127","EE","Lower","['*','*','*','*','*','*']","mobile","tm","tmqr","amazing","[PREMIUM]","[PREMIUM]","[]","2026-02-04 00:00:00","Adirondack Thunder at Greensboro Gargoyles (Rescheduled from 1/25)","echl","2026-02-06 00:00:00","5758b8caf80c41206da73335"
"6978e5335fa9cbf67fea6ec6","2026-01-28 19:03:58.823","2026-01-28 19:03:58.823","6978e5335fa9cbf67fea6ec6","682a28a32894e4a1373ddf2e","[PREMIUM]","[PREMIUM]","[PREMIUM]","[PREMIUM]","[PREMIUM]","[1,2,3,4,5,6,7,8]","131","NN","Lower","['*','*','*','*','*','*','*','*']","mobile","tm","tmqr",,"[PREMIUM]","[PREMIUM]","[]","2026-02-04 00:00:00","Adirondack Thunder at Greensboro Gargoyles (Rescheduled from 1/25)","echl","2026-02-06 00:00:00","5758b8caf80c41206da73335"
"6978e5105fa9cbf67fe20d70","2026-01-28 19:03:58.823","2026-01-28 19:03:58.823","6978e5105fa9cbf67fe20d70","682a28a32894e4a1373ddf2e","[PREMIUM]","[PREMIUM]","[PREMIUM]","[PREMIUM]","[PREMIUM]","[1,2,3,4,5,6]","219","A","Upper","['*','*','*','*','*','*']","mobile","tm","tmqr",,"[PREMIUM]","[PREMIUM]","[]","2026-02-04 00:00:00","Adirondack Thunder at Greensboro Gargoyles (Rescheduled from 1/25)","echl","2026-02-06 00:00:00","5758b8caf80c41206da73335"
"6978e5565fa9cbf67ff3531a","2026-01-28 19:03:58.823","2026-01-28 19:03:58.823","6978e5565fa9cbf67ff3531a","682a28a32894e4a1373ddf2e","[PREMIUM]","[PREMIUM]","[PREMIUM]","[PREMIUM]","[PREMIUM]","[1,2]","220","E","Upper","['*','*']","mobile","tm","tmqr","great","[PREMIUM]","[PREMIUM]","[]","2026-02-04 00:00:00","Adirondack Thunder at Greensboro Gargoyles (Rescheduled from 1/25)","echl","2026-02-06 00:00:00","5758b8caf80c41206da73335"
"6978e5145fa9cbf67fe32eac","2026-01-28 19:03:58.823","2026-01-28 19:03:58.823","6978e5145fa9cbf67fe32eac","682a28a32894e4a1373ddf2e","[PREMIUM]","[PREMIUM]","[PREMIUM]","[PREMIUM]","[PREMIUM]","[1,2,3,4,5,6]","123","DD","Lower","['*','*','*','*','*','*']","mobile","tm","tmqr",,"[PREMIUM]","[PREMIUM]","[]","2026-02-04 00:00:00","Adirondack Thunder at Greensboro Gargoyles (Rescheduled from 1/25)","echl","2026-02-06 00:00:00","5758b8caf80c41206da73335"
