"_primaryKey","_firstSeenAt","_lastSeenAt","listingId","eventId","pricePrefee","priceTotal","priceFaceValue","salesTax","preTaxTotal","availableLots","section","row","sectionGroup","seats","deliveryType","transferType","ticketType","deal","savingsAmount","savingsPercent","disclosures","inHandDate","eventName","eventCategory","eventDatetimeUtc","eventVenueId"
"69893bb780822b968b9db925","2026-04-01 04:20:09.650","2026-04-15 09:00:18.779","69893bb780822b968b9db925","68ef26324b8cf1f55d1468ce","[PREMIUM]","[PREMIUM]","[PREMIUM]","[PREMIUM]","[PREMIUM]","[1,2,3,4]","FLOOR","GA","General Admission","['*','*','*','*']","electronic",,"tmqr","cheapest","[PREMIUM]","[PREMIUM]","[]","2026-04-16 00:00:00","Drowning Pool (Rescheduled from 12/4/25)","music","2026-04-18 00:00:00","57d0980550575d33c84f608e"
"69caac643ec82998fa8da0f7","2026-04-01 04:20:07.330","2026-04-04 16:17:01.097","69caac643ec82998fa8da0f7","685c42be4a30250c022cb68b","[PREMIUM]","[PREMIUM]","[PREMIUM]","[PREMIUM]","[PREMIUM]","[1,2,3,4,5,6,7,8]","General Admission","GA",,"['*','*','*','*','*','*','*','*']","mobile",,"tmqr","cheapest","[PREMIUM]","[PREMIUM]","['standing_room']","2026-04-23 00:00:00","Sir Chloe (16+ Event) (Rescheduled from 10/7, 12/5)","music","2026-04-25 00:00:00","611d96bb194e4100013d953e"
"69cb2095c63b17d9df442260","2026-04-01 04:20:07.304","2026-04-02 08:23:14.378","69cb2095c63b17d9df442260","6851b0f05f2ed5d1324aa666","[PREMIUM]","[PREMIUM]","[PREMIUM]","[PREMIUM]","[PREMIUM]","[2,4]","ORCHL","L","Orchestra","['*','*','*','*']","mobile","tm","tmqr","great","[PREMIUM]","[PREMIUM]","[]","2026-04-30 00:00:00","Nate Jackson (16+ Event) (Rescheduled from 12/5/2025)","comedy","2026-05-01 23:30:00","5e222832a66a3f0037bbfc23"
"69cb20956ac7b91b36670bea","2026-04-01 04:20:07.304","2026-04-01 04:20:07.304","69cb20956ac7b91b36670bea","6851b0f05f2ed5d1324aa666","[PREMIUM]","[PREMIUM]","[PREMIUM]","[PREMIUM]","[PREMIUM]","[1,2,3,4,6]","ORCHRC","ZZ","Orchestra","['*','*','*','*','*','*']","mobile","tm","tmqr",,"[PREMIUM]","[PREMIUM]","[]","2026-04-30 00:00:00","Nate Jackson (16+ Event) (Rescheduled from 12/5/2025)","comedy","2026-05-01 23:30:00","5e222832a66a3f0037bbfc23"
"69cb20951c23a2d76033b0e1","2026-04-01 04:20:07.304","2026-04-02 08:23:14.378","69cb20951c23a2d76033b0e1","6851b0f05f2ed5d1324aa666","[PREMIUM]","[PREMIUM]","[PREMIUM]","[PREMIUM]","[PREMIUM]","[1,2,3,4,5,6,7,8]","BALCL","AA","Balcony","['*','*','*','*','*','*','*','*']","mobile","tm","tmqr",,"[PREMIUM]","[PREMIUM]","[]","2026-04-30 00:00:00","Nate Jackson (16+ Event) (Rescheduled from 12/5/2025)","comedy","2026-05-01 23:30:00","5e222832a66a3f0037bbfc23"
"69cb20932f38022449b23997","2026-04-01 04:20:07.304","2026-04-01 04:20:07.304","69cb20932f38022449b23997","6851b0f05f2ed5d1324aa666","[PREMIUM]","[PREMIUM]","[PREMIUM]","[PREMIUM]","[PREMIUM]","[1,2,3,4,5,6,7,8]","ORCHLC","P","Orchestra","['*','*','*','*','*','*','*','*']","mobile","tm","tmqr",,"[PREMIUM]","[PREMIUM]","[]","2026-04-30 00:00:00","Nate Jackson (16+ Event) (Rescheduled from 12/5/2025)","comedy","2026-05-01 23:30:00","5e222832a66a3f0037bbfc23"
"69cb20931c23a2d76033b0e0","2026-04-01 04:20:07.304","2026-04-02 08:23:14.378","69cb20931c23a2d76033b0e0","6851b0f05f2ed5d1324aa666","[PREMIUM]","[PREMIUM]","[PREMIUM]","[PREMIUM]","[PREMIUM]","[1,2]","BALCRC","EE","Balcony","['*','*']","mobile","tm","tmqr","amazing","[PREMIUM]","[PREMIUM]","[]","2026-04-30 00:00:00","Nate Jackson (16+ Event) (Rescheduled from 12/5/2025)","comedy","2026-05-01 23:30:00","5e222832a66a3f0037bbfc23"
"69383f7d4c87f865d0454477","2026-04-01 04:20:05.924","2026-04-15 09:00:16.201","69383f7d4c87f865d0454477","68bb7dd677376e8d8cc50f4d","[PREMIUM]","[PREMIUM]","[PREMIUM]","[PREMIUM]","[PREMIUM]","[2,3]","UPPER CIRCLE LEFT","E",,"['*','*','*']","mobile","tm","tmqr",,"[PREMIUM]","[PREMIUM]","[]",,"Blood Sweat and Tears (Rescheduled from 12/12/2025)","music","2026-04-16 02:30:00","67e31239ea08bd8ee026f685"
"69c378b7fd56a84220722b17","2026-04-01 04:20:05.924","2026-04-05 19:54:10.170","69c378b7fd56a84220722b17","68bb7dd677376e8d8cc50f4d","[PREMIUM]","[PREMIUM]","[PREMIUM]","[PREMIUM]","[PREMIUM]","[2]","BOX211","BOX",,"['3','4']","mobile","tm","tmqr",,"[PREMIUM]","[PREMIUM]","[]","2026-04-15 02:30:00","Blood Sweat and Tears (Rescheduled from 12/12/2025)","music","2026-04-16 02:30:00","67e31239ea08bd8ee026f685"
"69cb13cf53c05bd1458b2688","2026-04-01 04:20:05.924","2026-04-02 08:23:11.722","69cb13cf53c05bd1458b2688","68bb7dd677376e8d8cc50f4d","[PREMIUM]","[PREMIUM]","[PREMIUM]","[PREMIUM]","[PREMIUM]","[2]","BOX208","BOX",,"['*','*']","mobile","tm","tmqr",,"[PREMIUM]","[PREMIUM]","[]","2026-04-14 00:00:00","Blood Sweat and Tears (Rescheduled from 12/12/2025)","music","2026-04-16 02:30:00","67e31239ea08bd8ee026f685"
"69cb13c453c05bd145885790","2026-04-01 04:20:05.924","2026-04-04 16:16:59.740","69cb13c453c05bd145885790","68bb7dd677376e8d8cc50f4d","[PREMIUM]","[PREMIUM]","[PREMIUM]","[PREMIUM]","[PREMIUM]","[2]","BOX108","BOX",,"['*','*']","mobile","tm","tmqr",,"[PREMIUM]","[PREMIUM]","[]","2026-04-14 00:00:00","Blood Sweat and Tears (Rescheduled from 12/12/2025)","music","2026-04-16 02:30:00","67e31239ea08bd8ee026f685"
"69cb13de53c05bd1458f0bd0","2026-04-01 04:20:05.924","2026-04-02 08:23:11.722","69cb13de53c05bd1458f0bd0","68bb7dd677376e8d8cc50f4d","[PREMIUM]","[PREMIUM]","[PREMIUM]","[PREMIUM]","[PREMIUM]","[2]","BOX206","BOX",,"['*','*']","mobile","tm","tmqr",,"[PREMIUM]","[PREMIUM]","[]","2026-04-14 00:00:00","Blood Sweat and Tears (Rescheduled from 12/12/2025)","music","2026-04-16 02:30:00","67e31239ea08bd8ee026f685"
"69cb13be53c05bd145870ad9","2026-04-01 04:20:05.924","2026-04-07 00:03:25.737","69cb13be53c05bd145870ad9","68bb7dd677376e8d8cc50f4d","[PREMIUM]","[PREMIUM]","[PREMIUM]","[PREMIUM]","[PREMIUM]","[2]","BOX209","BOX",,"['*','*']","mobile","tm","tmqr",,"[PREMIUM]","[PREMIUM]","[]","2026-04-14 00:00:00","Blood Sweat and Tears (Rescheduled from 12/12/2025)","music","2026-04-16 02:30:00","67e31239ea08bd8ee026f685"
"69cc928453c05bd145c30c40","2026-04-01 04:20:05.924","2026-04-04 16:16:59.740","69cc928453c05bd145c30c40","68bb7dd677376e8d8cc50f4d","[PREMIUM]","[PREMIUM]","[PREMIUM]","[PREMIUM]","[PREMIUM]","[1,2]","ORCHL","BB",,"['*','*']","mobile","tm","tmqr",,"[PREMIUM]","[PREMIUM]","[]","2026-04-14 00:00:00","Blood Sweat and Tears (Rescheduled from 12/12/2025)","music","2026-04-16 02:30:00","67e31239ea08bd8ee026f685"
"69cc4d2e53c05bd14541aa78","2026-04-01 04:20:05.924","2026-04-14 04:37:13.794","69cc4d2e53c05bd14541aa78","68bb7dd677376e8d8cc50f4d","[PREMIUM]","[PREMIUM]","[PREMIUM]","[PREMIUM]","[PREMIUM]","[2]","BOX204","BOX",,"['*','*']","mobile","tm","tmqr",,"[PREMIUM]","[PREMIUM]","[]",,"Blood Sweat and Tears (Rescheduled from 12/12/2025)","music","2026-04-16 02:30:00","67e31239ea08bd8ee026f685"
"69bd9ecbf6fbc8b354829a4b","2026-04-01 04:20:05.902","2026-04-05 19:54:10.277","69bd9ecbf6fbc8b354829a4b","6849c934e467fab5c156061b","[PREMIUM]","[PREMIUM]","[PREMIUM]","[PREMIUM]","[PREMIUM]","[2]","GTBOXD","C","Grand Tier Box","['*','*']","mobile","tm","tmqr","great","[PREMIUM]","[PREMIUM]","[]","2026-04-16 00:00:00","Manuel Medrano (Rescheduled from 12/12)","music","2026-04-18 00:00:00","63c887686462680001f0a0f4"
"69c211f1f6fbc8b354290f51","2026-04-01 04:20:05.902","2026-04-09 08:01:17.992","69c211f1f6fbc8b354290f51","6849c934e467fab5c156061b","[PREMIUM]","[PREMIUM]","[PREMIUM]","[PREMIUM]","[PREMIUM]","[1,2,3,4]","ORCHC","FF","Orchestar Center","['*','*','*','*']","mobile","tm","tmqr","amazing","[PREMIUM]","[PREMIUM]","['limited_view']","2026-04-16 00:00:00","Manuel Medrano (Rescheduled from 12/12)","music","2026-04-18 00:00:00","63c887686462680001f0a0f4"
"69c5ec0f53c05bd1455e35ad","2026-04-01 04:20:05.902","2026-04-09 08:01:17.992","69c5ec0f53c05bd1455e35ad","6849c934e467fab5c156061b","[PREMIUM]","[PREMIUM]","[PREMIUM]","[PREMIUM]","[PREMIUM]","[1,2,3,4]","ORCHL","P","Orchestar Left","['*','*','*','*']","mobile","tm","tmqr","great","[PREMIUM]","[PREMIUM]","[]","2026-04-16 00:00:00","Manuel Medrano (Rescheduled from 12/12)","music","2026-04-18 00:00:00","63c887686462680001f0a0f4"
"69cbbf1f53c05bd14504a6f5","2026-04-01 04:20:05.902","2026-04-09 08:01:17.992","69cbbf1f53c05bd14504a6f5","6849c934e467fab5c156061b","[PREMIUM]","[PREMIUM]","[PREMIUM]","[PREMIUM]","[PREMIUM]","[2]","TIER3","E","Third Tier","['*','*']","mobile","tm","tmqr","cheapest","[PREMIUM]","[PREMIUM]","[]","2026-04-16 00:00:00","Manuel Medrano (Rescheduled from 12/12)","music","2026-04-18 00:00:00","63c887686462680001f0a0f4"
"69cbdcd153c05bd1459a9cc1","2026-04-01 04:20:05.902","2026-04-09 08:01:17.992","69cbdcd153c05bd1459a9cc1","6849c934e467fab5c156061b","[PREMIUM]","[PREMIUM]","[PREMIUM]","[PREMIUM]","[PREMIUM]","[2]","T2BOXH","A","Second Tier Box","['*','*']","mobile","tm","tmqr","great","[PREMIUM]","[PREMIUM]","[]","2026-04-17 00:00:00","Manuel Medrano (Rescheduled from 12/12)","music","2026-04-18 00:00:00","63c887686462680001f0a0f4"
"69cbdca253c05bd145909cd9","2026-04-01 04:20:05.902","2026-04-02 08:23:11.668","69cbdca253c05bd145909cd9","6849c934e467fab5c156061b","[PREMIUM]","[PREMIUM]","[PREMIUM]","[PREMIUM]","[PREMIUM]","[1,2,3]","ORCHC","H","Orchestar Center","['*','*','*']","mobile","tm","tmqr",,"[PREMIUM]","[PREMIUM]","[]","2026-04-17 00:00:00","Manuel Medrano (Rescheduled from 12/12)","music","2026-04-18 00:00:00","63c887686462680001f0a0f4"
"69cbdcaa53c05bd145927a89","2026-04-01 04:20:05.902","2026-04-04 16:17:00.001","69cbdcaa53c05bd145927a89","6849c934e467fab5c156061b","[PREMIUM]","[PREMIUM]","[PREMIUM]","[PREMIUM]","[PREMIUM]","[2]","T2BOXG","B","Second Tier Box","['*','*']","mobile","tm","tmqr","amazing","[PREMIUM]","[PREMIUM]","[]","2026-04-17 00:00:00","Manuel Medrano (Rescheduled from 12/12)","music","2026-04-18 00:00:00","63c887686462680001f0a0f4"
"69cbdcad53c05bd1459307f3","2026-04-01 04:20:05.902","2026-04-09 08:01:17.992","69cbdcad53c05bd1459307f3","6849c934e467fab5c156061b","[PREMIUM]","[PREMIUM]","[PREMIUM]","[PREMIUM]","[PREMIUM]","[1,2,3,4,5]","ORCHR","F","Orchestar Right","['*','*','*','*','*']","mobile","tm","tmqr","great","[PREMIUM]","[PREMIUM]","[]","2026-04-17 00:00:00","Manuel Medrano (Rescheduled from 12/12)","music","2026-04-18 00:00:00","63c887686462680001f0a0f4"
"69cbdcb253c05bd14594350a","2026-04-01 04:20:05.902","2026-04-05 19:54:10.277","69cbdcb253c05bd14594350a","6849c934e467fab5c156061b","[PREMIUM]","[PREMIUM]","[PREMIUM]","[PREMIUM]","[PREMIUM]","[1,2,3]","T1BOXE","C","First Tier Box","['*','*','*']","mobile","tm","tmqr","great","[PREMIUM]","[PREMIUM]","[]","2026-04-17 00:00:00","Manuel Medrano (Rescheduled from 12/12)","music","2026-04-18 00:00:00","63c887686462680001f0a0f4"
"69cbdcc153c05bd145978279","2026-04-01 04:20:05.902","2026-04-08 03:53:10.084","69cbdcc153c05bd145978279","6849c934e467fab5c156061b","[PREMIUM]","[PREMIUM]","[PREMIUM]","[PREMIUM]","[PREMIUM]","[2]","T2BOXC","B","Second Tier Box","['*','*']","mobile","tm","tmqr","great","[PREMIUM]","[PREMIUM]","[]","2026-04-17 00:00:00","Manuel Medrano (Rescheduled from 12/12)","music","2026-04-18 00:00:00","63c887686462680001f0a0f4"
"69cbdcce53c05bd1459a2105","2026-04-01 04:20:05.902","2026-04-07 00:03:25.851","69cbdcce53c05bd1459a2105","6849c934e467fab5c156061b","[PREMIUM]","[PREMIUM]","[PREMIUM]","[PREMIUM]","[PREMIUM]","[2]","T3BOXK","A","Third Tier Box","['*','*']","mobile","tm","tmqr","amazing","[PREMIUM]","[PREMIUM]","[]","2026-04-17 00:00:00","Manuel Medrano (Rescheduled from 12/12)","music","2026-04-18 00:00:00","63c887686462680001f0a0f4"
"69cbdce153c05bd1459e43e8","2026-04-01 04:20:05.902","2026-04-01 04:20:05.902","69cbdce153c05bd1459e43e8","6849c934e467fab5c156061b","[PREMIUM]","[PREMIUM]","[PREMIUM]","[PREMIUM]","[PREMIUM]","[1,2,3]","T1BOXK","B","Second Tier Box","['*','*','*']","mobile","tm","tmqr","great","[PREMIUM]","[PREMIUM]","[]","2026-04-17 00:00:00","Manuel Medrano (Rescheduled from 12/12)","music","2026-04-18 00:00:00","63c887686462680001f0a0f4"
"69cbdcdf53c05bd1459d9ca9","2026-04-01 04:20:05.902","2026-04-11 18:09:42.801","69cbdcdf53c05bd1459d9ca9","6849c934e467fab5c156061b","[PREMIUM]","[PREMIUM]","[PREMIUM]","[PREMIUM]","[PREMIUM]","[1,2,3]","ORCHR","FF","Orchestar Right","['*','*','*']","mobile","tm","tmqr",,"[PREMIUM]","[PREMIUM]","[]","2026-04-17 00:00:00","Manuel Medrano (Rescheduled from 12/12)","music","2026-04-18 00:00:00","63c887686462680001f0a0f4"
"69cc4da253c05bd14559db74","2026-04-01 04:20:05.902","2026-04-01 04:20:05.902","69cc4da253c05bd14559db74","6849c934e467fab5c156061b","[PREMIUM]","[PREMIUM]","[PREMIUM]","[PREMIUM]","[PREMIUM]","[2]","GTBOXJ","C","Grand Tier Box","['*','*']","mobile","tm","tmqr","great","[PREMIUM]","[PREMIUM]","[]","2026-04-17 00:00:00","Manuel Medrano (Rescheduled from 12/12)","music","2026-04-18 00:00:00","63c887686462680001f0a0f4"
"69cbdca753c05bd14591f145","2026-04-01 04:20:05.902","2026-04-15 09:00:14.963","69cbdca753c05bd14591f145","6849c934e467fab5c156061b","[PREMIUM]","[PREMIUM]","[PREMIUM]","[PREMIUM]","[PREMIUM]","[2]","T2BOXE","B","Second Tier Box","['*','*']","mobile","tm","tmqr","great","[PREMIUM]","[PREMIUM]","[]","2026-04-17 00:00:00","Manuel Medrano (Rescheduled from 12/12)","music","2026-04-18 00:00:00","63c887686462680001f0a0f4"
"69c8ecfc53c05bd145d0e863","2026-04-01 04:20:04.242","2026-04-01 04:20:04.242","69c8ecfc53c05bd145d0e863","6849ce2db003f3468f2cf7d4","[PREMIUM]","[PREMIUM]","[PREMIUM]","[PREMIUM]","[PREMIUM]","[2]","ORCHC","NN","Orchestra Center","['*','*']","mobile","tm","tmqr",,"[PREMIUM]","[PREMIUM]","[]","2026-04-18 00:00:00","Manuel Medrano (Rescheduled from 12/14/2025)","music","2026-04-19 00:00:00","5798426cf80c417b17e73961"
"69cacee253c05bd145e4075a","2026-04-01 04:20:04.242","2026-04-01 04:20:04.242","69cacee253c05bd145e4075a","6849ce2db003f3468f2cf7d4","[PREMIUM]","[PREMIUM]","[PREMIUM]","[PREMIUM]","[PREMIUM]","[2]","ORCHC","HH","Orchestra Center","['*','*']","mobile","tm","tmqr","amazing","[PREMIUM]","[PREMIUM]","[]","2026-04-18 00:00:00","Manuel Medrano (Rescheduled from 12/14/2025)","music","2026-04-19 00:00:00","5798426cf80c417b17e73961"
"69cbe38b53c05bd145f43836","2026-04-01 04:20:04.242","2026-04-08 03:53:08.598","69cbe38b53c05bd145f43836","6849ce2db003f3468f2cf7d4","[PREMIUM]","[PREMIUM]","[PREMIUM]","[PREMIUM]","[PREMIUM]","[1,2,3,4,5,6]","ORCHL","W","Orchestra Left","['*','*','*','*','*','*']","mobile","tm","tmqr","amazing","[PREMIUM]","[PREMIUM]","[]","2026-04-17 00:00:00","Manuel Medrano (Rescheduled from 12/14/2025)","music","2026-04-19 00:00:00","5798426cf80c417b17e73961"
"69cbfcd353c05bd1455a885d","2026-04-01 04:20:03.940","2026-04-07 00:03:24.120","69cbfcd353c05bd1455a885d","684331d2c74c9d5a9ec2668c","[PREMIUM]","[PREMIUM]","[PREMIUM]","[PREMIUM]","[PREMIUM]","[1,2]","General Admission","GA",,"['9001','9002']","electronic",,"tmqr","cheapest","[PREMIUM]","[PREMIUM]","[]","2026-04-23 00:00:00","Yannis Pappas (21+ Event)","comedy","2026-04-25 01:15:00","63c88316c049490001883a08"
"69cbfbca53c05bd1452c6274","2026-04-01 04:20:03.940","2026-04-07 00:03:24.120","69cbfbca53c05bd1452c6274","684331d2c74c9d5a9ec2668c","[PREMIUM]","[PREMIUM]","[PREMIUM]","[PREMIUM]","[PREMIUM]","[1,2]","GENERAL ADMISSION","GA",,"['*','*']","electronic",,"tmqr",,"[PREMIUM]","[PREMIUM]","[]","2026-04-21 00:00:00","Yannis Pappas (21+ Event)","comedy","2026-04-25 01:15:00","63c88316c049490001883a08"
"69cbfbcd53c05bd1452d255b","2026-04-01 04:20:03.846","2026-04-07 00:03:24.431","69cbfbcd53c05bd1452d255b","684331d215e45821a892a057","[PREMIUM]","[PREMIUM]","[PREMIUM]","[PREMIUM]","[PREMIUM]","[1,2]","GENERAL ADMISSION","GA",,"['*','*']","electronic",,"tmqr",,"[PREMIUM]","[PREMIUM]","[]","2026-04-22 00:00:00","Yannis Pappas (21+ Event)","comedy","2026-04-25 22:30:00","63c88316c049490001883a08"
"69cbfcd353c05bd1455a883e","2026-04-01 04:20:03.846","2026-04-07 00:03:24.431","69cbfcd353c05bd1455a883e","684331d215e45821a892a057","[PREMIUM]","[PREMIUM]","[PREMIUM]","[PREMIUM]","[PREMIUM]","[1,2]","General Admission","GA",,"['9001','9002']","electronic",,"tmqr","cheapest","[PREMIUM]","[PREMIUM]","[]","2026-04-23 00:00:00","Yannis Pappas (21+ Event)","comedy","2026-04-25 22:30:00","63c88316c049490001883a08"
"69cbfcd353c05bd1455a886e","2026-04-01 04:20:03.804","2026-04-07 00:03:24.273","69cbfcd353c05bd1455a886e","684331d2dbbd17bdabfb9222","[PREMIUM]","[PREMIUM]","[PREMIUM]","[PREMIUM]","[PREMIUM]","[1,2]","General Admission","GA",,"['9001','9002']","electronic",,"tmqr","cheapest","[PREMIUM]","[PREMIUM]","[]","2026-04-22 00:00:00","Yannis Pappas (21+ Event)","comedy","2026-04-24 23:00:00","63c88316c049490001883a08"
"69cbfbcc53c05bd1452cd653","2026-04-01 04:20:03.804","2026-04-07 00:03:24.273","69cbfbcc53c05bd1452cd653","684331d2dbbd17bdabfb9222","[PREMIUM]","[PREMIUM]","[PREMIUM]","[PREMIUM]","[PREMIUM]","[1,2]","GENERAL ADMISSION","GA",,"['*','*']","electronic",,"tmqr",,"[PREMIUM]","[PREMIUM]","[]","2026-04-21 00:00:00","Yannis Pappas (21+ Event)","comedy","2026-04-24 23:00:00","63c88316c049490001883a08"
"69cbfbcd53c05bd1452d2552","2026-04-01 04:20:02.769","2026-04-07 00:03:22.018","69cbfbcd53c05bd1452d2552","684331d2cbe385f1f24fac91","[PREMIUM]","[PREMIUM]","[PREMIUM]","[PREMIUM]","[PREMIUM]","[1,2]","GENERAL ADMISSION","GA",,"['*','*']","electronic",,"tmqr",,"[PREMIUM]","[PREMIUM]","[]","2026-04-22 00:00:00","Yannis Pappas (21+ Event)","comedy","2026-04-26 01:00:00","63c88316c049490001883a08"
"69cbfcd353c05bd1455a887f","2026-04-01 04:20:02.769","2026-04-07 00:03:22.018","69cbfcd353c05bd1455a887f","684331d2cbe385f1f24fac91","[PREMIUM]","[PREMIUM]","[PREMIUM]","[PREMIUM]","[PREMIUM]","[1,2]","General Admission","GA",,"['9001','9002']","electronic",,"tmqr","cheapest","[PREMIUM]","[PREMIUM]","[]","2026-04-24 00:00:00","Yannis Pappas (21+ Event)","comedy","2026-04-26 01:00:00","63c88316c049490001883a08"
"69cbfcd353c05bd1455a8888","2026-04-01 04:20:02.716","2026-04-07 00:03:23.009","69cbfcd353c05bd1455a8888","684331d21776e6f311ae283a","[PREMIUM]","[PREMIUM]","[PREMIUM]","[PREMIUM]","[PREMIUM]","[1,2]","General Admission","GA",,"['9001','9002']","electronic",,"tmqr","cheapest","[PREMIUM]","[PREMIUM]","[]","2026-04-24 00:00:00","Yannis Pappas (21+ Event)","comedy","2026-04-26 22:00:00","63c88316c049490001883a08"
"69cbfbcd53c05bd1452d254c","2026-04-01 04:20:02.716","2026-04-07 00:03:23.009","69cbfbcd53c05bd1452d254c","684331d21776e6f311ae283a","[PREMIUM]","[PREMIUM]","[PREMIUM]","[PREMIUM]","[PREMIUM]","[1,2]","GENERAL ADMISSION","GA",,"['*','*']","electronic",,"tmqr",,"[PREMIUM]","[PREMIUM]","[]","2026-04-23 00:00:00","Yannis Pappas (21+ Event)","comedy","2026-04-26 22:00:00","63c88316c049490001883a08"
"699f4d92c42be979a82e9660","2026-04-01 04:20:01.414","2026-04-13 00:42:00.146","699f4d92c42be979a82e9660","682ccedbe300f3a00502ebfb","[PREMIUM]","[PREMIUM]","[PREMIUM]","[PREMIUM]","[PREMIUM]","[1,2,3]","108","K","Lower","['*','*','*']","mobile","paciolan","tmqr",,"[PREMIUM]","[PREMIUM]","[]","2026-04-16 00:00:00","Allen Americans at Wichita Thunder (Rescheduled from 12/26/2025)","echl","2026-04-18 00:05:00","57f7c4bdcde6626ebe954b30"
"69cb1a2553c05bd145027d07","2026-04-01 04:20:01.414","2026-04-13 00:42:00.146","69cb1a2553c05bd145027d07","682ccedbe300f3a00502ebfb","[PREMIUM]","[PREMIUM]","[PREMIUM]","[PREMIUM]","[PREMIUM]","[1,2,3,4,5,6,7]","108","P","Lower","['*','*','*','*','*','*','*']","mobile","paciolan","tmqr",,"[PREMIUM]","[PREMIUM]","[]","2026-04-16 00:00:00","Allen Americans at Wichita Thunder (Rescheduled from 12/26/2025)","echl","2026-04-18 00:05:00","57f7c4bdcde6626ebe954b30"
"69cbaeb553c05bd145180960","2026-04-01 04:20:01.315","2026-04-01 04:20:01.315","69cbaeb553c05bd145180960","67d0b9d681d5ed5f822b645d","[PREMIUM]","[PREMIUM]","[PREMIUM]","[PREMIUM]","[PREMIUM]","[2]","202","A","Upper","['11','12']","mobile","tm","tmqr","cheapest","[PREMIUM]","[PREMIUM]","[]",,"Killers of Kill Tony","comedy","2026-04-30 23:00:00","684711bff13c9ddaff0cfdf8"
"69cbeabd53c05bd14561a749","2026-04-01 04:20:01.271","2026-04-05 19:54:07.521","69cbeabd53c05bd14561a749","682a24aff991300c8ec4c227","[PREMIUM]","[PREMIUM]","[PREMIUM]","[PREMIUM]","[PREMIUM]","[1,2]","117","H","Lower","['*','*']","mobile","tm","tmqr","amazing","[PREMIUM]","[PREMIUM]","[]","2026-04-18 00:00:00","Orlando Solar Bears at Jacksonville Icemen (Rescheduled from 12/26)","echl","2026-04-19 22:00:00","56e1e5d9f80c416f7e000001"
"69cc258053c05bd14503754f","2026-04-01 04:20:01.271","2026-04-01 04:20:01.271","69cc258053c05bd14503754f","682a24aff991300c8ec4c227","[PREMIUM]","[PREMIUM]","[PREMIUM]","[PREMIUM]","[PREMIUM]","[1,2,3,4,5,6,7,8,9,10]","117","U","Lower","['*','*','*','*','*','*','*','*','*','*']","mobile","tm","tmqr",,"[PREMIUM]","[PREMIUM]","[]","2026-04-18 00:00:00","Orlando Solar Bears at Jacksonville Icemen (Rescheduled from 12/26)","echl","2026-04-19 22:00:00","56e1e5d9f80c416f7e000001"
"69cc813953c05bd14543f409","2026-04-01 04:20:01.271","2026-04-15 09:00:12.414","69cc813953c05bd14543f409","682a24aff991300c8ec4c227","[PREMIUM]","[PREMIUM]","[PREMIUM]","[PREMIUM]","[PREMIUM]","[2]","103","C","Lower","['9','10']","mobile","tm","tmqr","amazing","[PREMIUM]","[PREMIUM]","[]",,"Orlando Solar Bears at Jacksonville Icemen (Rescheduled from 12/26)","echl","2026-04-19 22:00:00","56e1e5d9f80c416f7e000001"
"69cb389b53c05bd145498905","2026-04-01 04:20:01.122","2026-04-05 19:54:06.082","69cb389b53c05bd145498905","682cc921e3a99adc22e850ca","[PREMIUM]","[PREMIUM]","[PREMIUM]","[PREMIUM]","[PREMIUM]","[1,2]","227","B","Upper","['*','*']","mobile","tm","tmqr","great","[PREMIUM]","[PREMIUM]","[]","2026-04-16 00:00:00","South Carolina Stingrays at Savannah Ghost Pirates (Rescheduled from 12/26/2025)","echl","2026-04-17 23:00:00","63bc7d8f7beef60001824d58"
"69cbd44e53c05bd145ee5139","2026-04-01 04:20:01.122","2026-04-01 04:20:01.122","69cbd44e53c05bd145ee5139","682cc921e3a99adc22e850ca","[PREMIUM]","[PREMIUM]","[PREMIUM]","[PREMIUM]","[PREMIUM]","[1,2]","208","K","Upper","['*','*']","mobile","tm","tmqr","great","[PREMIUM]","[PREMIUM]","[]","2026-04-16 00:00:00","South Carolina Stingrays at Savannah Ghost Pirates (Rescheduled from 12/26/2025)","echl","2026-04-17 23:00:00","63bc7d8f7beef60001824d58"
"69cc43f20cf57e8095be7169","2026-04-01 04:20:01.122","2026-04-01 04:20:01.122","69cc43f20cf57e8095be7169","682cc921e3a99adc22e850ca","[PREMIUM]","[PREMIUM]","[PREMIUM]","[PREMIUM]","[PREMIUM]","[1,2,3,4]","108","M","Lower","['*','*','*','*']","mobile","tm","tmqr","great","[PREMIUM]","[PREMIUM]","[]","2026-04-16 00:00:00","South Carolina Stingrays at Savannah Ghost Pirates (Rescheduled from 12/26/2025)","echl","2026-04-17 23:00:00","63bc7d8f7beef60001824d58"
"69c44a1df6fbc8b35464e1c5","2026-04-01 04:19:59.890","2026-04-10 12:23:50.641","69c44a1df6fbc8b35464e1c5","682cc77db8ac82124b7ca636","[PREMIUM]","[PREMIUM]","[PREMIUM]","[PREMIUM]","[PREMIUM]","[1,2,3,4,5,6,7,8]","116","R","Lower","['*','*','*','*','*','*','*','*']","mobile","tm","tmqr",,"[PREMIUM]","[PREMIUM]","[]","2026-04-16 00:00:00","Kansas City Mavericks at Tulsa Oilers (Rescheduled from 12/26/2025)","echl","2026-04-18 04:59:00","58119eb5cde6626ebe0f6914"
"69c8158c53c05bd1454acfe1","2026-04-01 04:19:59.890","2026-04-01 04:19:59.890","69c8158c53c05bd1454acfe1","682cc77db8ac82124b7ca636","[PREMIUM]","[PREMIUM]","[PREMIUM]","[PREMIUM]","[PREMIUM]","[1,2,3,4,5,6,7]","101","T","Lower","['*','*','*','*','*','*','*']","mobile","tm","tmqr",,"[PREMIUM]","[PREMIUM]","[]","2026-04-16 00:00:00","Kansas City Mavericks at Tulsa Oilers (Rescheduled from 12/26/2025)","echl","2026-04-18 04:59:00","58119eb5cde6626ebe0f6914"
"69cc7c7e8b04155d8728e758","2026-04-01 04:19:59.890","2026-04-01 04:19:59.890","69cc7c7e8b04155d8728e758","682cc77db8ac82124b7ca636","[PREMIUM]","[PREMIUM]","[PREMIUM]","[PREMIUM]","[PREMIUM]","[1,2,3,4,5,6]","114","P","Lower","['*','*','*','*','*','*']","mobile","tm","tmqr","great","[PREMIUM]","[PREMIUM]","[]","2026-04-16 00:00:00","Kansas City Mavericks at Tulsa Oilers (Rescheduled from 12/26/2025)","echl","2026-04-18 04:59:00","58119eb5cde6626ebe0f6914"
"69cc7c8098c0ef2c501c9b83","2026-04-01 04:19:59.890","2026-04-01 04:19:59.890","69cc7c8098c0ef2c501c9b83","682cc77db8ac82124b7ca636","[PREMIUM]","[PREMIUM]","[PREMIUM]","[PREMIUM]","[PREMIUM]","[1,2,3,4]","118","M","Lower","['*','*','*','*']","mobile","tm","tmqr","great","[PREMIUM]","[PREMIUM]","[]","2026-04-16 00:00:00","Kansas City Mavericks at Tulsa Oilers (Rescheduled from 12/26/2025)","echl","2026-04-18 04:59:00","58119eb5cde6626ebe0f6914"
"69cc7c7fc9f10379aa3e46c9","2026-04-01 04:19:59.890","2026-04-01 04:19:59.890","69cc7c7fc9f10379aa3e46c9","682cc77db8ac82124b7ca636","[PREMIUM]","[PREMIUM]","[PREMIUM]","[PREMIUM]","[PREMIUM]","[2,4]","114","W","Lower","['*','*','*','*']","mobile","tm","tmqr",,"[PREMIUM]","[PREMIUM]","[]","2026-04-16 00:00:00","Kansas City Mavericks at Tulsa Oilers (Rescheduled from 12/26/2025)","echl","2026-04-18 04:59:00","58119eb5cde6626ebe0f6914"
"69cc7c7e204161b4e9dfc87d","2026-04-01 04:19:59.890","2026-04-05 19:54:06.300","69cc7c7e204161b4e9dfc87d","682cc77db8ac82124b7ca636","[PREMIUM]","[PREMIUM]","[PREMIUM]","[PREMIUM]","[PREMIUM]","[2]","104","C","Lower","['*','*']","mobile","tm","tmqr",,"[PREMIUM]","[PREMIUM]","[]","2026-04-16 00:00:00","Kansas City Mavericks at Tulsa Oilers (Rescheduled from 12/26/2025)","echl","2026-04-18 04:59:00","58119eb5cde6626ebe0f6914"
"69cc7c818a77fd0d2c0b72dd","2026-04-01 04:19:59.890","2026-04-01 04:19:59.890","69cc7c818a77fd0d2c0b72dd","682cc77db8ac82124b7ca636","[PREMIUM]","[PREMIUM]","[PREMIUM]","[PREMIUM]","[PREMIUM]","[1,2,3,4]","116","L","Lower","['*','*','*','*']","mobile","tm","tmqr",,"[PREMIUM]","[PREMIUM]","[]","2026-04-16 00:00:00","Kansas City Mavericks at Tulsa Oilers (Rescheduled from 12/26/2025)","echl","2026-04-18 04:59:00","58119eb5cde6626ebe0f6914"
"69cc7c83e33c934b456aea45","2026-04-01 04:19:59.890","2026-04-01 04:19:59.890","69cc7c83e33c934b456aea45","682cc77db8ac82124b7ca636","[PREMIUM]","[PREMIUM]","[PREMIUM]","[PREMIUM]","[PREMIUM]","[1,2,3,4,5,6]","115","S","Lower","['*','*','*','*','*','*']","mobile","tm","tmqr","great","[PREMIUM]","[PREMIUM]","[]","2026-04-16 00:00:00","Kansas City Mavericks at Tulsa Oilers (Rescheduled from 12/26/2025)","echl","2026-04-18 04:59:00","58119eb5cde6626ebe0f6914"
"69cc7c7f287a94f6f6f73318","2026-04-01 04:19:59.890","2026-04-01 04:19:59.890","69cc7c7f287a94f6f6f73318","682cc77db8ac82124b7ca636","[PREMIUM]","[PREMIUM]","[PREMIUM]","[PREMIUM]","[PREMIUM]","[1,2,3,4,5,6,7,8]","117","Q","Lower","['*','*','*','*','*','*','*','*']","mobile","tm","tmqr",,"[PREMIUM]","[PREMIUM]","[]","2026-04-16 00:00:00","Kansas City Mavericks at Tulsa Oilers (Rescheduled from 12/26/2025)","echl","2026-04-18 04:59:00","58119eb5cde6626ebe0f6914"
"69cc7c7f5123712e98b7662a","2026-04-01 04:19:59.890","2026-04-01 04:19:59.890","69cc7c7f5123712e98b7662a","682cc77db8ac82124b7ca636","[PREMIUM]","[PREMIUM]","[PREMIUM]","[PREMIUM]","[PREMIUM]","[1,2,3,4,5,6,7,8]","108","W","Lower","['*','*','*','*','*','*','*','*']","mobile","tm","tmqr",,"[PREMIUM]","[PREMIUM]","[]","2026-04-16 00:00:00","Kansas City Mavericks at Tulsa Oilers (Rescheduled from 12/26/2025)","echl","2026-04-18 04:59:00","58119eb5cde6626ebe0f6914"
"69c00898f6fbc8b354df2ce6","2026-04-01 04:19:59.670","2026-04-10 12:23:49.045","69c00898f6fbc8b354df2ce6","6828d543ded2cde642f5b313","[PREMIUM]","[PREMIUM]","[PREMIUM]","[PREMIUM]","[PREMIUM]","[1,2,3,4]","226","J","Upper","['301','302','303','304']","mobile","tm","tmqr",,"[PREMIUM]","[PREMIUM]","[]","2026-04-17 00:00:00","Kalamazoo Wings at Cincinnati Cyclones (Rescheduled from 12/26/2025)","echl","2026-04-17 23:30:00","57aba98ff80c4115bab50ab1"
"69c008a4f6fbc8b354e0c11c","2026-04-01 04:19:59.670","2026-04-10 12:23:49.045","69c008a4f6fbc8b354e0c11c","6828d543ded2cde642f5b313","[PREMIUM]","[PREMIUM]","[PREMIUM]","[PREMIUM]","[PREMIUM]","[1,2,3,4]","232","J","Upper","['301','302','303','304']","mobile","tm","tmqr",,"[PREMIUM]","[PREMIUM]","[]","2026-04-17 00:00:00","Kalamazoo Wings at Cincinnati Cyclones (Rescheduled from 12/26/2025)","echl","2026-04-17 23:30:00","57aba98ff80c4115bab50ab1"
"69c008a4f6fbc8b354e0c003","2026-04-01 04:19:59.670","2026-04-10 12:23:49.045","69c008a4f6fbc8b354e0c003","6828d543ded2cde642f5b313","[PREMIUM]","[PREMIUM]","[PREMIUM]","[PREMIUM]","[PREMIUM]","[1,2,3,4]","236","J","Upper","['301','302','303','304']","mobile","tm","tmqr",,"[PREMIUM]","[PREMIUM]","[]","2026-04-17 00:00:00","Kalamazoo Wings at Cincinnati Cyclones (Rescheduled from 12/26/2025)","echl","2026-04-17 23:30:00","57aba98ff80c4115bab50ab1"
"69c008a1f6fbc8b354e06239","2026-04-01 04:19:59.670","2026-04-10 12:23:49.045","69c008a1f6fbc8b354e06239","6828d543ded2cde642f5b313","[PREMIUM]","[PREMIUM]","[PREMIUM]","[PREMIUM]","[PREMIUM]","[1,2,3,4]","102","W","Lower","['301','302','303','304']","mobile","tm","tmqr",,"[PREMIUM]","[PREMIUM]","[]","2026-04-17 00:00:00","Kalamazoo Wings at Cincinnati Cyclones (Rescheduled from 12/26/2025)","echl","2026-04-17 23:30:00","57aba98ff80c4115bab50ab1"
"69c0089ef6fbc8b354dffeae","2026-04-01 04:19:59.670","2026-04-08 03:52:58.138","69c0089ef6fbc8b354dffeae","6828d543ded2cde642f5b313","[PREMIUM]","[PREMIUM]","[PREMIUM]","[PREMIUM]","[PREMIUM]","[1,2,3,4]","233","J","Upper","['301','302','303','304']","mobile","tm","tmqr",,"[PREMIUM]","[PREMIUM]","[]","2026-04-17 00:00:00","Kalamazoo Wings at Cincinnati Cyclones (Rescheduled from 12/26/2025)","echl","2026-04-17 23:30:00","57aba98ff80c4115bab50ab1"
"69c00895f6fbc8b354deb958","2026-04-01 04:19:59.670","2026-04-01 04:19:59.670","69c00895f6fbc8b354deb958","6828d543ded2cde642f5b313","[PREMIUM]","[PREMIUM]","[PREMIUM]","[PREMIUM]","[PREMIUM]","[1,2,3,4]","229","J","Upper","['301','302','303','304']","mobile","tm","tmqr",,"[PREMIUM]","[PREMIUM]","[]","2026-04-17 00:00:00","Kalamazoo Wings at Cincinnati Cyclones (Rescheduled from 12/26/2025)","echl","2026-04-17 23:30:00","57aba98ff80c4115bab50ab1"
"69c0089ef6fbc8b354dffdcf","2026-04-01 04:19:59.670","2026-04-10 12:23:49.045","69c0089ef6fbc8b354dffdcf","6828d543ded2cde642f5b313","[PREMIUM]","[PREMIUM]","[PREMIUM]","[PREMIUM]","[PREMIUM]","[1,2,3,4]","238","J","Upper","['301','302','303','304']","mobile","tm","tmqr",,"[PREMIUM]","[PREMIUM]","[]","2026-04-17 00:00:00","Kalamazoo Wings at Cincinnati Cyclones (Rescheduled from 12/26/2025)","echl","2026-04-17 23:30:00","57aba98ff80c4115bab50ab1"
"69c00898f6fbc8b354df2a90","2026-04-01 04:19:59.670","2026-04-10 12:23:49.045","69c00898f6fbc8b354df2a90","6828d543ded2cde642f5b313","[PREMIUM]","[PREMIUM]","[PREMIUM]","[PREMIUM]","[PREMIUM]","[1,2,3,4]","124","W","Lower","['301','302','303','304']","mobile","tm","tmqr",,"[PREMIUM]","[PREMIUM]","[]","2026-04-17 00:00:00","Kalamazoo Wings at Cincinnati Cyclones (Rescheduled from 12/26/2025)","echl","2026-04-17 23:30:00","57aba98ff80c4115bab50ab1"
"69c0089af6fbc8b354df8c0d","2026-04-01 04:19:59.670","2026-04-10 12:23:49.045","69c0089af6fbc8b354df8c0d","6828d543ded2cde642f5b313","[PREMIUM]","[PREMIUM]","[PREMIUM]","[PREMIUM]","[PREMIUM]","[1,2,3,4]","118","W","Lower","['301','302','303','304']","mobile","tm","tmqr",,"[PREMIUM]","[PREMIUM]","[]","2026-04-17 00:00:00","Kalamazoo Wings at Cincinnati Cyclones (Rescheduled from 12/26/2025)","echl","2026-04-17 23:30:00","57aba98ff80c4115bab50ab1"
"69c44b06f6fbc8b3549e7b4a","2026-04-01 04:19:59.670","2026-04-04 16:16:53.388","69c44b06f6fbc8b3549e7b4a","6828d543ded2cde642f5b313","[PREMIUM]","[PREMIUM]","[PREMIUM]","[PREMIUM]","[PREMIUM]","[1,2,3,4,5,6,7]","136","T","Lower","['*','*','*','*','*','*','*']","mobile","tm","tmqr","great","[PREMIUM]","[PREMIUM]","[]","2026-04-16 00:00:00","Kalamazoo Wings at Cincinnati Cyclones (Rescheduled from 12/26/2025)","echl","2026-04-17 23:30:00","57aba98ff80c4115bab50ab1"
"69c44c0df6fbc8b354e00a3b","2026-04-01 04:19:59.670","2026-04-04 16:16:53.388","69c44c0df6fbc8b354e00a3b","6828d543ded2cde642f5b313","[PREMIUM]","[PREMIUM]","[PREMIUM]","[PREMIUM]","[PREMIUM]","[1,2,3,4,5,6,7]","125","V","Lower","['*','*','*','*','*','*','*']","mobile","tm","tmqr",,"[PREMIUM]","[PREMIUM]","[]","2026-04-16 00:00:00","Kalamazoo Wings at Cincinnati Cyclones (Rescheduled from 12/26/2025)","echl","2026-04-17 23:30:00","57aba98ff80c4115bab50ab1"
"69c44b3ff6fbc8b354ad5d7b","2026-04-01 04:19:59.670","2026-04-02 08:23:06.015","69c44b3ff6fbc8b354ad5d7b","6828d543ded2cde642f5b313","[PREMIUM]","[PREMIUM]","[PREMIUM]","[PREMIUM]","[PREMIUM]","[1,2,3,4,5,6,7,8]","105","R","Lower","['*','*','*','*','*','*','*','*']","mobile","tm","tmqr","great","[PREMIUM]","[PREMIUM]","[]","2026-04-16 00:00:00","Kalamazoo Wings at Cincinnati Cyclones (Rescheduled from 12/26/2025)","echl","2026-04-17 23:30:00","57aba98ff80c4115bab50ab1"
"69c44ba2f6fbc8b354c637db","2026-04-01 04:19:59.670","2026-04-10 12:23:49.045","69c44ba2f6fbc8b354c637db","6828d543ded2cde642f5b313","[PREMIUM]","[PREMIUM]","[PREMIUM]","[PREMIUM]","[PREMIUM]","[1,2,3,4,5,6,7,8,9]","137","V","Lower","['*','*','*','*','*','*','*','*','*']","mobile","tm","tmqr",,"[PREMIUM]","[PREMIUM]","[]","2026-04-16 00:00:00","Kalamazoo Wings at Cincinnati Cyclones (Rescheduled from 12/26/2025)","echl","2026-04-17 23:30:00","57aba98ff80c4115bab50ab1"
"69cabf66a5af5020fc98bfbb","2026-04-01 04:19:59.670","2026-04-01 04:19:59.670","69cabf66a5af5020fc98bfbb","6828d543ded2cde642f5b313","[PREMIUM]","[PREMIUM]","[PREMIUM]","[PREMIUM]","[PREMIUM]","[1,2,3,4]","236","A","Upper","['*','*','*','*']","mobile","tm","tmqr","great","[PREMIUM]","[PREMIUM]","[]","2026-04-16 00:00:00","Kalamazoo Wings at Cincinnati Cyclones (Rescheduled from 12/26/2025)","echl","2026-04-17 23:30:00","57aba98ff80c4115bab50ab1"
"69cabf67351b4c9460d7344a","2026-04-01 04:19:59.670","2026-04-01 04:19:59.670","69cabf67351b4c9460d7344a","6828d543ded2cde642f5b313","[PREMIUM]","[PREMIUM]","[PREMIUM]","[PREMIUM]","[PREMIUM]","[1,2,3,4,5,6,7,8]","238","B","Upper","['*','*','*','*','*','*','*','*']","mobile","tm","tmqr","great","[PREMIUM]","[PREMIUM]","[]","2026-04-16 00:00:00","Kalamazoo Wings at Cincinnati Cyclones (Rescheduled from 12/26/2025)","echl","2026-04-17 23:30:00","57aba98ff80c4115bab50ab1"
"69cabf682f38022449b20767","2026-04-01 04:19:59.670","2026-04-01 04:19:59.670","69cabf682f38022449b20767","6828d543ded2cde642f5b313","[PREMIUM]","[PREMIUM]","[PREMIUM]","[PREMIUM]","[PREMIUM]","[2,4]","230","B","Upper","['*','*','*','*']","mobile","tm","tmqr","great","[PREMIUM]","[PREMIUM]","[]","2026-04-16 00:00:00","Kalamazoo Wings at Cincinnati Cyclones (Rescheduled from 12/26/2025)","echl","2026-04-17 23:30:00","57aba98ff80c4115bab50ab1"
"69cabf683ec82998fa8daa8a","2026-04-01 04:19:59.670","2026-04-01 04:19:59.670","69cabf683ec82998fa8daa8a","6828d543ded2cde642f5b313","[PREMIUM]","[PREMIUM]","[PREMIUM]","[PREMIUM]","[PREMIUM]","[1,2,3,4,5,6,7,8]","103","M","Lower","['*','*','*','*','*','*','*','*']","mobile","tm","tmqr","great","[PREMIUM]","[PREMIUM]","[]","2026-04-16 00:00:00","Kalamazoo Wings at Cincinnati Cyclones (Rescheduled from 12/26/2025)","echl","2026-04-17 23:30:00","57aba98ff80c4115bab50ab1"
"69cabf6c3ca077a4264dd614","2026-04-01 04:19:59.670","2026-04-10 12:23:49.045","69cabf6c3ca077a4264dd614","6828d543ded2cde642f5b313","[PREMIUM]","[PREMIUM]","[PREMIUM]","[PREMIUM]","[PREMIUM]","[1,2,3,4,5,6]","232","C","Upper","['*','*','*','*','*','*']","mobile","tm","tmqr",,"[PREMIUM]","[PREMIUM]","[]","2026-04-16 00:00:00","Kalamazoo Wings at Cincinnati Cyclones (Rescheduled from 12/26/2025)","echl","2026-04-17 23:30:00","57aba98ff80c4115bab50ab1"
"69cabf6d102eff2cf6b6b128","2026-04-01 04:19:59.670","2026-04-01 04:19:59.670","69cabf6d102eff2cf6b6b128","6828d543ded2cde642f5b313","[PREMIUM]","[PREMIUM]","[PREMIUM]","[PREMIUM]","[PREMIUM]","[1,2,3,4,5,6]","118","L","Lower","['*','*','*','*','*','*']","mobile","tm","tmqr","amazing","[PREMIUM]","[PREMIUM]","[]","2026-04-16 00:00:00","Kalamazoo Wings at Cincinnati Cyclones (Rescheduled from 12/26/2025)","echl","2026-04-17 23:30:00","57aba98ff80c4115bab50ab1"
"69caa47253c05bd14557a6fc","2026-04-01 04:19:59.670","2026-04-04 16:16:53.388","69caa47253c05bd14557a6fc","6828d543ded2cde642f5b313","[PREMIUM]","[PREMIUM]","[PREMIUM]","[PREMIUM]","[PREMIUM]","[1,2,3,4]","121","O","Lower","['*','*','*','*']","mobile","tm","tmqr",,"[PREMIUM]","[PREMIUM]","[]","2026-04-16 00:00:00","Kalamazoo Wings at Cincinnati Cyclones (Rescheduled from 12/26/2025)","echl","2026-04-17 23:30:00","57aba98ff80c4115bab50ab1"
"69cabf6ed60c31d47b41054a","2026-04-01 04:19:59.670","2026-04-01 04:19:59.670","69cabf6ed60c31d47b41054a","6828d543ded2cde642f5b313","[PREMIUM]","[PREMIUM]","[PREMIUM]","[PREMIUM]","[PREMIUM]","[2]","122","G","Lower","['*','*']","mobile","tm","tmqr","amazing","[PREMIUM]","[PREMIUM]","[]","2026-04-16 00:00:00","Kalamazoo Wings at Cincinnati Cyclones (Rescheduled from 12/26/2025)","echl","2026-04-17 23:30:00","57aba98ff80c4115bab50ab1"
"69cabf713ec82998fa8daa8d","2026-04-01 04:19:59.670","2026-04-01 04:19:59.670","69cabf713ec82998fa8daa8d","6828d543ded2cde642f5b313","[PREMIUM]","[PREMIUM]","[PREMIUM]","[PREMIUM]","[PREMIUM]","[1,2]","102","F","Lower","['*','*']","mobile","tm","tmqr","amazing","[PREMIUM]","[PREMIUM]","[]","2026-04-16 00:00:00","Kalamazoo Wings at Cincinnati Cyclones (Rescheduled from 12/26/2025)","echl","2026-04-17 23:30:00","57aba98ff80c4115bab50ab1"
"69cc33a953c05bd14503e97c","2026-04-01 04:19:59.670","2026-04-01 04:19:59.670","69cc33a953c05bd14503e97c","6828d543ded2cde642f5b313","[PREMIUM]","[PREMIUM]","[PREMIUM]","[PREMIUM]","[PREMIUM]","[1,2]","117","L","Lower","['*','*']","mobile","tm","tmqr",,"[PREMIUM]","[PREMIUM]","[]","2026-04-16 00:00:00","Kalamazoo Wings at Cincinnati Cyclones (Rescheduled from 12/26/2025)","echl","2026-04-17 23:30:00","57aba98ff80c4115bab50ab1"
"69cc569353c05bd14541a38b","2026-04-01 04:19:59.670","2026-04-07 00:03:19.314","69cc569353c05bd14541a38b","6828d543ded2cde642f5b313","[PREMIUM]","[PREMIUM]","[PREMIUM]","[PREMIUM]","[PREMIUM]","[1,2,3,4,5,6]","123","S","Lower","['*','*','*','*','*','*']","mobile","tm","tmqr",,"[PREMIUM]","[PREMIUM]","[]","2026-04-16 00:00:00","Kalamazoo Wings at Cincinnati Cyclones (Rescheduled from 12/26/2025)","echl","2026-04-17 23:30:00","57aba98ff80c4115bab50ab1"
"69aebae04076825bd1439c3c","2026-04-01 04:19:59.593","2026-04-07 00:03:19.371","69aebae04076825bd1439c3c","682a23c45ca1970fabab3308","[PREMIUM]","[PREMIUM]","[PREMIUM]","[PREMIUM]","[PREMIUM]","[1,2,3,4]","209","19","Lower","['*','*','*','*']","mobile","tm","tmqr",,"[PREMIUM]","[PREMIUM]","[]","2026-04-14 00:00:00","Indy Fuel at Fort Wayne Komets (Rescheduled from 12/26/2025)","echl","2026-04-16 00:35:00","63c9d24e0d5fff000179f4ef"
"69c44b15f6fbc8b354a28671","2026-04-01 04:19:59.593","2026-04-14 04:37:08.724","69c44b15f6fbc8b354a28671","682a23c45ca1970fabab3308","[PREMIUM]","[PREMIUM]","[PREMIUM]","[PREMIUM]","[PREMIUM]","[1,2,3,4,5,6,7,8]","219","20","Lower","['*','*','*','*','*','*','*','*']","mobile","tm","tmqr",,"[PREMIUM]","[PREMIUM]","[]",,"Indy Fuel at Fort Wayne Komets (Rescheduled from 12/26/2025)","echl","2026-04-16 00:35:00","63c9d24e0d5fff000179f4ef"
"69cbcf9453c05bd14506abb9","2026-04-01 04:19:59.593","2026-04-03 11:58:29.975","69cbcf9453c05bd14506abb9","682a23c45ca1970fabab3308","[PREMIUM]","[PREMIUM]","[PREMIUM]","[PREMIUM]","[PREMIUM]","[1,2,3,4,5,6,7,8,9,10,11,12]","227","21","Lower","['*','*','*','*','*','*','*','*','*','*','*','*']","mobile","tm","tmqr",,"[PREMIUM]","[PREMIUM]","[]","2026-04-14 00:00:00","Indy Fuel at Fort Wayne Komets (Rescheduled from 12/26/2025)","echl","2026-04-16 00:35:00","63c9d24e0d5fff000179f4ef"
"69cbcf9053c05bd14505f7b8","2026-04-01 04:19:59.593","2026-04-03 11:58:29.975","69cbcf9053c05bd14505f7b8","682a23c45ca1970fabab3308","[PREMIUM]","[PREMIUM]","[PREMIUM]","[PREMIUM]","[PREMIUM]","[1,2,3,4,5,6,7,8,9,10,11,12]","210","25","Lower","['*','*','*','*','*','*','*','*','*','*','*','*']","mobile","tm","tmqr",,"[PREMIUM]","[PREMIUM]","[]","2026-04-14 00:00:00","Indy Fuel at Fort Wayne Komets (Rescheduled from 12/26/2025)","echl","2026-04-16 00:35:00","63c9d24e0d5fff000179f4ef"
"69cbcf8953c05bd14504c93a","2026-04-01 04:19:59.593","2026-04-03 11:58:29.975","69cbcf8953c05bd14504c93a","682a23c45ca1970fabab3308","[PREMIUM]","[PREMIUM]","[PREMIUM]","[PREMIUM]","[PREMIUM]","[1,2,3,4,5,6,7,8,9,10,11,12]","609","13","Upper","['*','*','*','*','*','*','*','*','*','*','*','*']","mobile","tm","tmqr",,"[PREMIUM]","[PREMIUM]","[]","2026-04-14 00:00:00","Indy Fuel at Fort Wayne Komets (Rescheduled from 12/26/2025)","echl","2026-04-16 00:35:00","63c9d24e0d5fff000179f4ef"
"69cbcf8953c05bd14504c90c","2026-04-01 04:19:59.593","2026-04-03 11:58:29.975","69cbcf8953c05bd14504c90c","682a23c45ca1970fabab3308","[PREMIUM]","[PREMIUM]","[PREMIUM]","[PREMIUM]","[PREMIUM]","[1,2,3,4,5,6,7,8,9,10,11,12]","226","22","Lower","['*','*','*','*','*','*','*','*','*','*','*','*']","mobile","tm","tmqr",,"[PREMIUM]","[PREMIUM]","[]","2026-04-14 00:00:00","Indy Fuel at Fort Wayne Komets (Rescheduled from 12/26/2025)","echl","2026-04-16 00:35:00","63c9d24e0d5fff000179f4ef"
"69cbcf8953c05bd14504c8e1","2026-04-01 04:19:59.593","2026-04-03 11:58:29.975","69cbcf8953c05bd14504c8e1","682a23c45ca1970fabab3308","[PREMIUM]","[PREMIUM]","[PREMIUM]","[PREMIUM]","[PREMIUM]","[1,2,3,4,5,6,7,8,9,10,11,12]","229","11","Lower","['*','*','*','*','*','*','*','*','*','*','*','*']","mobile","tm","tmqr","great","[PREMIUM]","[PREMIUM]","[]","2026-04-14 00:00:00","Indy Fuel at Fort Wayne Komets (Rescheduled from 12/26/2025)","echl","2026-04-16 00:35:00","63c9d24e0d5fff000179f4ef"
"69cbcf8d53c05bd145056582","2026-04-01 04:19:59.593","2026-04-03 11:58:29.975","69cbcf8d53c05bd145056582","682a23c45ca1970fabab3308","[PREMIUM]","[PREMIUM]","[PREMIUM]","[PREMIUM]","[PREMIUM]","[1,2,3,4,5,6,7,8,9,10,11,12]","211","25","Lower","['*','*','*','*','*','*','*','*','*','*','*','*']","mobile","tm","tmqr",,"[PREMIUM]","[PREMIUM]","[]","2026-04-14 00:00:00","Indy Fuel at Fort Wayne Komets (Rescheduled from 12/26/2025)","echl","2026-04-16 00:35:00","63c9d24e0d5fff000179f4ef"
"69cbcf8553c05bd14503e418","2026-04-01 04:19:59.593","2026-04-03 11:58:29.975","69cbcf8553c05bd14503e418","682a23c45ca1970fabab3308","[PREMIUM]","[PREMIUM]","[PREMIUM]","[PREMIUM]","[PREMIUM]","[1,2,3,4,5,6,7,8,9,10,11,12]","221","25","Lower","['*','*','*','*','*','*','*','*','*','*','*','*']","mobile","tm","tmqr",,"[PREMIUM]","[PREMIUM]","[]","2026-04-14 00:00:00","Indy Fuel at Fort Wayne Komets (Rescheduled from 12/26/2025)","echl","2026-04-16 00:35:00","63c9d24e0d5fff000179f4ef"
"69cbcf9c53c05bd145080fa7","2026-04-01 04:19:59.593","2026-04-03 11:58:29.975","69cbcf9c53c05bd145080fa7","682a23c45ca1970fabab3308","[PREMIUM]","[PREMIUM]","[PREMIUM]","[PREMIUM]","[PREMIUM]","[1,2,3,4,5,6,7,8,9,10,11,12]","229","21","Lower","['*','*','*','*','*','*','*','*','*','*','*','*']","mobile","tm","tmqr",,"[PREMIUM]","[PREMIUM]","[]","2026-04-14 00:00:00","Indy Fuel at Fort Wayne Komets (Rescheduled from 12/26/2025)","echl","2026-04-16 00:35:00","63c9d24e0d5fff000179f4ef"
"69cbcf9e53c05bd145087b2a","2026-04-01 04:19:59.593","2026-04-03 11:58:29.975","69cbcf9e53c05bd145087b2a","682a23c45ca1970fabab3308","[PREMIUM]","[PREMIUM]","[PREMIUM]","[PREMIUM]","[PREMIUM]","[1,2,3,4,5,6,7,8,9,10,11,12]","204","20","Budweiser Super Suite","['*','*','*','*','*','*','*','*','*','*','*','*']","mobile","tm","tmqr","great","[PREMIUM]","[PREMIUM]","[]","2026-04-14 00:00:00","Indy Fuel at Fort Wayne Komets (Rescheduled from 12/26/2025)","echl","2026-04-16 00:35:00","63c9d24e0d5fff000179f4ef"
"69cbcf8553c05bd14503e46b","2026-04-01 04:19:59.593","2026-04-03 11:58:29.975","69cbcf8553c05bd14503e46b","682a23c45ca1970fabab3308","[PREMIUM]","[PREMIUM]","[PREMIUM]","[PREMIUM]","[PREMIUM]","[1,2,3,4]","215","25","Lower","['*','*','*','*']","mobile","tm","tmqr",,"[PREMIUM]","[PREMIUM]","[]","2026-04-14 00:00:00","Indy Fuel at Fort Wayne Komets (Rescheduled from 12/26/2025)","echl","2026-04-16 00:35:00","63c9d24e0d5fff000179f4ef"
"69cbcf8253c05bd14503392a","2026-04-01 04:19:59.593","2026-04-03 11:58:29.975","69cbcf8253c05bd14503392a","682a23c45ca1970fabab3308","[PREMIUM]","[PREMIUM]","[PREMIUM]","[PREMIUM]","[PREMIUM]","[1,2,3,4,5,6,7,8,9,10,11,12]","222","12","Lower","['*','*','*','*','*','*','*','*','*','*','*','*']","mobile","tm","tmqr","great","[PREMIUM]","[PREMIUM]","[]","2026-04-14 00:00:00","Indy Fuel at Fort Wayne Komets (Rescheduled from 12/26/2025)","echl","2026-04-16 00:35:00","63c9d24e0d5fff000179f4ef"
"69cbcf9453c05bd14506aba5","2026-04-01 04:19:59.593","2026-04-03 11:58:29.975","69cbcf9453c05bd14506aba5","682a23c45ca1970fabab3308","[PREMIUM]","[PREMIUM]","[PREMIUM]","[PREMIUM]","[PREMIUM]","[1,2,3,4,5,6]","214","25","Lower","['*','*','*','*','*','*']","mobile","tm","tmqr","great","[PREMIUM]","[PREMIUM]","[]","2026-04-14 00:00:00","Indy Fuel at Fort Wayne Komets (Rescheduled from 12/26/2025)","echl","2026-04-16 00:35:00","63c9d24e0d5fff000179f4ef"
"69cbcf8253c05bd145033986","2026-04-01 04:19:59.593","2026-04-03 11:58:29.975","69cbcf8253c05bd145033986","682a23c45ca1970fabab3308","[PREMIUM]","[PREMIUM]","[PREMIUM]","[PREMIUM]","[PREMIUM]","[1,2,3,4,5,6,7,8,9,10,11,12]","209","25","Lower","['*','*','*','*','*','*','*','*','*','*','*','*']","mobile","tm","tmqr",,"[PREMIUM]","[PREMIUM]","[]","2026-04-14 00:00:00","Indy Fuel at Fort Wayne Komets (Rescheduled from 12/26/2025)","echl","2026-04-16 00:35:00","63c9d24e0d5fff000179f4ef"
"69cbcf9c53c05bd145080f56","2026-04-01 04:19:59.593","2026-04-03 11:58:29.975","69cbcf9c53c05bd145080f56","682a23c45ca1970fabab3308","[PREMIUM]","[PREMIUM]","[PREMIUM]","[PREMIUM]","[PREMIUM]","[1,2,3,4,5,6,7,8,9,10,11,12]","601","13","Upper","['*','*','*','*','*','*','*','*','*','*','*','*']","mobile","tm","tmqr",,"[PREMIUM]","[PREMIUM]","[]","2026-04-14 00:00:00","Indy Fuel at Fort Wayne Komets (Rescheduled from 12/26/2025)","echl","2026-04-16 00:35:00","63c9d24e0d5fff000179f4ef"
"69cbcf9853c05bd145075fb2","2026-04-01 04:19:59.593","2026-04-03 11:58:29.975","69cbcf9853c05bd145075fb2","682a23c45ca1970fabab3308","[PREMIUM]","[PREMIUM]","[PREMIUM]","[PREMIUM]","[PREMIUM]","[1,2,3,4,5,6,7,8,9,10,11,12]","212","25","Lower","['*','*','*','*','*','*','*','*','*','*','*','*']","mobile","tm","tmqr",,"[PREMIUM]","[PREMIUM]","[]","2026-04-14 00:00:00","Indy Fuel at Fort Wayne Komets (Rescheduled from 12/26/2025)","echl","2026-04-16 00:35:00","63c9d24e0d5fff000179f4ef"
"69cbcf8d53c05bd145056631","2026-04-01 04:19:59.593","2026-04-03 11:58:29.975","69cbcf8d53c05bd145056631","682a23c45ca1970fabab3308","[PREMIUM]","[PREMIUM]","[PREMIUM]","[PREMIUM]","[PREMIUM]","[1,2,3,4,5,6,7,8,9,10,11,12]","230","10","Lower","['*','*','*','*','*','*','*','*','*','*','*','*']","mobile","tm","tmqr","great","[PREMIUM]","[PREMIUM]","[]","2026-04-14 00:00:00","Indy Fuel at Fort Wayne Komets (Rescheduled from 12/26/2025)","echl","2026-04-16 00:35:00","63c9d24e0d5fff000179f4ef"
"69cbcf9853c05bd14507603b","2026-04-01 04:19:59.593","2026-04-03 11:58:29.975","69cbcf9853c05bd14507603b","682a23c45ca1970fabab3308","[PREMIUM]","[PREMIUM]","[PREMIUM]","[PREMIUM]","[PREMIUM]","[1,2,3,4,5,6,7,8,9,10,11,12]","228","21","Lower","['*','*','*','*','*','*','*','*','*','*','*','*']","mobile","tm","tmqr",,"[PREMIUM]","[PREMIUM]","[]","2026-04-14 00:00:00","Indy Fuel at Fort Wayne Komets (Rescheduled from 12/26/2025)","echl","2026-04-16 00:35:00","63c9d24e0d5fff000179f4ef"
"69cbcf9453c05bd14506ab76","2026-04-01 04:19:59.593","2026-04-03 11:58:29.975","69cbcf9453c05bd14506ab76","682a23c45ca1970fabab3308","[PREMIUM]","[PREMIUM]","[PREMIUM]","[PREMIUM]","[PREMIUM]","[1,2,3,4,5]","202","11","Budweiser Super Suite","['*','*','*','*','*']","mobile","tm","tmqr","great","[PREMIUM]","[PREMIUM]","[]","2026-04-14 00:00:00","Indy Fuel at Fort Wayne Komets (Rescheduled from 12/26/2025)","echl","2026-04-16 00:35:00","63c9d24e0d5fff000179f4ef"
"69cbcf9453c05bd14506ab3c","2026-04-01 04:19:59.593","2026-04-03 11:58:29.975","69cbcf9453c05bd14506ab3c","682a23c45ca1970fabab3308","[PREMIUM]","[PREMIUM]","[PREMIUM]","[PREMIUM]","[PREMIUM]","[1,2,3,4,5,6,7,8,9,10,11,12]","224","22","Lower","['*','*','*','*','*','*','*','*','*','*','*','*']","mobile","tm","tmqr",,"[PREMIUM]","[PREMIUM]","[]","2026-04-14 00:00:00","Indy Fuel at Fort Wayne Komets (Rescheduled from 12/26/2025)","echl","2026-04-16 00:35:00","63c9d24e0d5fff000179f4ef"
"69cbcf9053c05bd14505f789","2026-04-01 04:19:59.593","2026-04-03 11:58:29.975","69cbcf9053c05bd14505f789","682a23c45ca1970fabab3308","[PREMIUM]","[PREMIUM]","[PREMIUM]","[PREMIUM]","[PREMIUM]","[2]","220","9","Lower","['*','*']","mobile","tm","tmqr",,"[PREMIUM]","[PREMIUM]","[]","2026-04-14 00:00:00","Indy Fuel at Fort Wayne Komets (Rescheduled from 12/26/2025)","echl","2026-04-16 00:35:00","63c9d24e0d5fff000179f4ef"
"69cbcf9853c05bd145075f5c","2026-04-01 04:19:59.593","2026-04-03 11:58:29.975","69cbcf9853c05bd145075f5c","682a23c45ca1970fabab3308","[PREMIUM]","[PREMIUM]","[PREMIUM]","[PREMIUM]","[PREMIUM]","[2]","210","12","Lower","['*','*']","mobile","tm","tmqr","great","[PREMIUM]","[PREMIUM]","[]","2026-04-14 00:00:00","Indy Fuel at Fort Wayne Komets (Rescheduled from 12/26/2025)","echl","2026-04-16 00:35:00","63c9d24e0d5fff000179f4ef"
"69cbcf9453c05bd14506ab0a","2026-04-01 04:19:59.593","2026-04-03 11:58:29.975","69cbcf9453c05bd14506ab0a","682a23c45ca1970fabab3308","[PREMIUM]","[PREMIUM]","[PREMIUM]","[PREMIUM]","[PREMIUM]","[1,2,3,4,5,6,7,8,9]","231","12","Lower","['*','*','*','*','*','*','*','*','*']","mobile","tm","tmqr","great","[PREMIUM]","[PREMIUM]","[]","2026-04-14 00:00:00","Indy Fuel at Fort Wayne Komets (Rescheduled from 12/26/2025)","echl","2026-04-16 00:35:00","63c9d24e0d5fff000179f4ef"
"69cbcf9453c05bd14506aae8","2026-04-01 04:19:59.593","2026-04-03 11:58:29.975","69cbcf9453c05bd14506aae8","682a23c45ca1970fabab3308","[PREMIUM]","[PREMIUM]","[PREMIUM]","[PREMIUM]","[PREMIUM]","[1,2,3,4,5,6,7]","217","24","Lower","['*','*','*','*','*','*','*']","mobile","tm","tmqr","amazing","[PREMIUM]","[PREMIUM]","[]","2026-04-14 00:00:00","Indy Fuel at Fort Wayne Komets (Rescheduled from 12/26/2025)","echl","2026-04-16 00:35:00","63c9d24e0d5fff000179f4ef"
"69cbcf9853c05bd145075fdc","2026-04-01 04:19:59.593","2026-04-03 11:58:29.975","69cbcf9853c05bd145075fdc","682a23c45ca1970fabab3308","[PREMIUM]","[PREMIUM]","[PREMIUM]","[PREMIUM]","[PREMIUM]","[1,2,3,4,5,6,7,8,9,10,11,12]","219","25","Lower","['*','*','*','*','*','*','*','*','*','*','*','*']","mobile","tm","tmqr",,"[PREMIUM]","[PREMIUM]","[]","2026-04-14 00:00:00","Indy Fuel at Fort Wayne Komets (Rescheduled from 12/26/2025)","echl","2026-04-16 00:35:00","63c9d24e0d5fff000179f4ef"
"69cbcf9853c05bd14507601f","2026-04-01 04:19:59.593","2026-04-03 11:58:29.975","69cbcf9853c05bd14507601f","682a23c45ca1970fabab3308","[PREMIUM]","[PREMIUM]","[PREMIUM]","[PREMIUM]","[PREMIUM]","[1,2,3]","206","12","Lower","['*','*','*']","mobile","tm","tmqr","great","[PREMIUM]","[PREMIUM]","[]","2026-04-14 00:00:00","Indy Fuel at Fort Wayne Komets (Rescheduled from 12/26/2025)","echl","2026-04-16 00:35:00","63c9d24e0d5fff000179f4ef"
"69cbcf8953c05bd14504c98b","2026-04-01 04:19:59.593","2026-04-03 11:58:29.975","69cbcf8953c05bd14504c98b","682a23c45ca1970fabab3308","[PREMIUM]","[PREMIUM]","[PREMIUM]","[PREMIUM]","[PREMIUM]","[1,2,3,4,5,6]","201","21","Budweiser Super Suite","['*','*','*','*','*','*']","mobile","tm","tmqr",,"[PREMIUM]","[PREMIUM]","[]","2026-04-14 00:00:00","Indy Fuel at Fort Wayne Komets (Rescheduled from 12/26/2025)","echl","2026-04-16 00:35:00","63c9d24e0d5fff000179f4ef"
"69cbcf9453c05bd14506aa9a","2026-04-01 04:19:59.593","2026-04-03 11:58:29.975","69cbcf9453c05bd14506aa9a","682a23c45ca1970fabab3308","[PREMIUM]","[PREMIUM]","[PREMIUM]","[PREMIUM]","[PREMIUM]","[1,2,3,4,5,6,7,8,9,10,11,12]","222","24","Lower","['*','*','*','*','*','*','*','*','*','*','*','*']","mobile","tm","tmqr",,"[PREMIUM]","[PREMIUM]","[]","2026-04-14 00:00:00","Indy Fuel at Fort Wayne Komets (Rescheduled from 12/26/2025)","echl","2026-04-16 00:35:00","63c9d24e0d5fff000179f4ef"
"69cbcf9053c05bd14505f891","2026-04-01 04:19:59.593","2026-04-03 11:58:29.975","69cbcf9053c05bd14505f891","682a23c45ca1970fabab3308","[PREMIUM]","[PREMIUM]","[PREMIUM]","[PREMIUM]","[PREMIUM]","[1,2,3,4,5,6,7,8,9,10,11,12]","230","22","Lower","['*','*','*','*','*','*','*','*','*','*','*','*']","mobile","tm","tmqr",,"[PREMIUM]","[PREMIUM]","[]","2026-04-14 00:00:00","Indy Fuel at Fort Wayne Komets (Rescheduled from 12/26/2025)","echl","2026-04-16 00:35:00","63c9d24e0d5fff000179f4ef"
"69cb9ec453c05bd145c66c1e","2026-04-01 04:19:58.308","2026-04-04 16:16:51.771","69cb9ec453c05bd145c66c1e","682cce17ccb2fbc50958f809","[PREMIUM]","[PREMIUM]","[PREMIUM]","[PREMIUM]","[PREMIUM]","[2,3,4,5,6,7,8]","233","P","Upper","['*','*','*','*','*','*','*','*']","mobile","tm","tmqr",,"[PREMIUM]","[PREMIUM]","[]","2026-04-16 00:00:00","Orlando Solar Bears at South Carolina Stingrays (Postponed - Date TBD)","echl","2026-04-18 22:05:00","61130896fa646800010d8248"
"69cbcfcd53c05bd14510e354","2026-04-01 04:19:58.308","2026-04-01 04:19:58.308","69cbcfcd53c05bd14510e354","682cce17ccb2fbc50958f809","[PREMIUM]","[PREMIUM]","[PREMIUM]","[PREMIUM]","[PREMIUM]","[1,2]","214","K","Upper","['*','*']","mobile","tm","tmqr",,"[PREMIUM]","[PREMIUM]","[]","2026-04-17 00:00:00","Orlando Solar Bears at South Carolina Stingrays (Postponed - Date TBD)","echl","2026-04-18 22:05:00","61130896fa646800010d8248"
"69cbcfd753c05bd145127411","2026-04-01 04:19:58.308","2026-04-01 04:19:58.308","69cbcfd753c05bd145127411","682cce17ccb2fbc50958f809","[PREMIUM]","[PREMIUM]","[PREMIUM]","[PREMIUM]","[PREMIUM]","[1,2]","213","K","Upper","['*','*']","mobile","tm","tmqr","great","[PREMIUM]","[PREMIUM]","[]","2026-04-17 00:00:00","Orlando Solar Bears at South Carolina Stingrays (Postponed - Date TBD)","echl","2026-04-18 22:05:00","61130896fa646800010d8248"
"69cbcfda53c05bd145130d22","2026-04-01 04:19:58.308","2026-04-10 12:23:47.493","69cbcfda53c05bd145130d22","682cce17ccb2fbc50958f809","[PREMIUM]","[PREMIUM]","[PREMIUM]","[PREMIUM]","[PREMIUM]","[1,2]","207","N","Upper","['*','*']","mobile","tm","tmqr",,"[PREMIUM]","[PREMIUM]","[]","2026-04-17 00:00:00","Orlando Solar Bears at South Carolina Stingrays (Postponed - Date TBD)","echl","2026-04-18 22:05:00","61130896fa646800010d8248"
"69cbcfdd53c05bd14513a1a8","2026-04-01 04:19:58.308","2026-04-10 12:23:47.493","69cbcfdd53c05bd14513a1a8","682cce17ccb2fbc50958f809","[PREMIUM]","[PREMIUM]","[PREMIUM]","[PREMIUM]","[PREMIUM]","[1,2]","209","N","Upper","['*','*']","mobile","tm","tmqr",,"[PREMIUM]","[PREMIUM]","[]","2026-04-17 00:00:00","Orlando Solar Bears at South Carolina Stingrays (Postponed - Date TBD)","echl","2026-04-18 22:05:00","61130896fa646800010d8248"
"69cbf3f653c05bd1455c9352","2026-04-01 04:19:58.308","2026-04-05 19:54:03.080","69cbf3f653c05bd1455c9352","682cce17ccb2fbc50958f809","[PREMIUM]","[PREMIUM]","[PREMIUM]","[PREMIUM]","[PREMIUM]","[1,2]","224","D","Upper","['*','*']","mobile","tm","tmqr","great","[PREMIUM]","[PREMIUM]","[]","2026-04-17 00:00:00","Orlando Solar Bears at South Carolina Stingrays (Postponed - Date TBD)","echl","2026-04-18 22:05:00","61130896fa646800010d8248"
"69cbfac8152752c124aa5f76","2026-04-01 04:19:58.308","2026-04-10 12:23:47.493","69cbfac8152752c124aa5f76","682cce17ccb2fbc50958f809","[PREMIUM]","[PREMIUM]","[PREMIUM]","[PREMIUM]","[PREMIUM]","[2]","204","E","Upper","['*','*']","mobile","tm","tmqr","great","[PREMIUM]","[PREMIUM]","[]","2026-04-17 00:00:00","Orlando Solar Bears at South Carolina Stingrays (Postponed - Date TBD)","echl","2026-04-18 22:05:00","61130896fa646800010d8248"
"69cbf3fd53c05bd1455e74c5","2026-04-01 04:19:58.308","2026-04-02 08:23:04.445","69cbf3fd53c05bd1455e74c5","682cce17ccb2fbc50958f809","[PREMIUM]","[PREMIUM]","[PREMIUM]","[PREMIUM]","[PREMIUM]","[1,2,3,4]","228","M","Upper","['*','*','*','*']","mobile","tm","tmqr",,"[PREMIUM]","[PREMIUM]","[]","2026-04-17 00:00:00","Orlando Solar Bears at South Carolina Stingrays (Postponed - Date TBD)","echl","2026-04-18 22:05:00","61130896fa646800010d8248"
"69cbfeb4d60c31d47b41a65e","2026-04-01 04:19:58.308","2026-04-07 00:03:17.848","69cbfeb4d60c31d47b41a65e","682cce17ccb2fbc50958f809","[PREMIUM]","[PREMIUM]","[PREMIUM]","[PREMIUM]","[PREMIUM]","[1,2,3]","208","N","Upper","['*','*','*']","mobile","tm","tmqr",,"[PREMIUM]","[PREMIUM]","[]","2026-04-17 00:00:00","Orlando Solar Bears at South Carolina Stingrays (Postponed - Date TBD)","echl","2026-04-18 22:05:00","61130896fa646800010d8248"
"69cc181153c05bd1451b326f","2026-04-01 04:19:58.308","2026-04-10 12:23:47.493","69cc181153c05bd1451b326f","682cce17ccb2fbc50958f809","[PREMIUM]","[PREMIUM]","[PREMIUM]","[PREMIUM]","[PREMIUM]","[1,2,3,4,5,6]","227","P","Upper","['*','*','*','*','*','*']","mobile","tm","tmqr",,"[PREMIUM]","[PREMIUM]","[]","2026-04-17 00:00:00","Orlando Solar Bears at South Carolina Stingrays (Postponed - Date TBD)","echl","2026-04-18 22:05:00","61130896fa646800010d8248"
"69cc43ef53c05bd14551403d","2026-04-01 04:19:58.308","2026-04-01 04:19:58.308","69cc43ef53c05bd14551403d","682cce17ccb2fbc50958f809","[PREMIUM]","[PREMIUM]","[PREMIUM]","[PREMIUM]","[PREMIUM]","[1,2,3,4]","202","D","Upper","['*','*','*','*']","mobile","tm","tmqr",,"[PREMIUM]","[PREMIUM]","[]","2026-04-17 00:00:00","Orlando Solar Bears at South Carolina Stingrays (Postponed - Date TBD)","echl","2026-04-18 22:05:00","61130896fa646800010d8248"
"69cc89ea53c05bd145040a72","2026-04-01 04:19:58.308","2026-04-01 04:19:58.308","69cc89ea53c05bd145040a72","682cce17ccb2fbc50958f809","[PREMIUM]","[PREMIUM]","[PREMIUM]","[PREMIUM]","[PREMIUM]","[1,2]","232","N","Upper","['*','*']","mobile","tm","tmqr",,"[PREMIUM]","[PREMIUM]","[]","2026-04-17 00:00:00","Orlando Solar Bears at South Carolina Stingrays (Postponed - Date TBD)","echl","2026-04-18 22:05:00","61130896fa646800010d8248"
"68a4d7e1f443ee1cf4609319","2026-04-01 04:19:58.084","2026-04-15 09:00:09.846","68a4d7e1f443ee1cf4609319","682cc75502651e4e41255061","[PREMIUM]","[PREMIUM]","[PREMIUM]","[PREMIUM]","[PREMIUM]","[1,2,3,4,5,6,7,8,9,10,11,13]","122","MM","Lower","['1','2','3','4','5','6','7','8','9','10','11','12','13']","mobile","tm","tmqr","great","[PREMIUM]","[PREMIUM]","[]",,"Adirondack Thunder at Worcester Railers (Rescheduled from 12/27/2025)","echl","2026-04-18 22:05:00","588a76eccde6626ebe424492"
"69cb9e8553c05bd145bcca97","2026-04-01 04:19:58.084","2026-04-02 08:23:04.385","69cb9e8553c05bd145bcca97","682cc75502651e4e41255061","[PREMIUM]","[PREMIUM]","[PREMIUM]","[PREMIUM]","[PREMIUM]","[2]","122","GG","Lower","['*','*']","mobile","tm","tmqr",,"[PREMIUM]","[PREMIUM]","[]","2026-04-16 00:00:00","Adirondack Thunder at Worcester Railers (Rescheduled from 12/27/2025)","echl","2026-04-18 22:05:00","588a76eccde6626ebe424492"
"69cb9eb653c05bd145c4a07b","2026-04-01 04:19:58.084","2026-04-01 04:19:58.084","69cb9eb653c05bd145c4a07b","682cc75502651e4e41255061","[PREMIUM]","[PREMIUM]","[PREMIUM]","[PREMIUM]","[PREMIUM]","[2]","206","D","Upper","['*','*']","mobile","tm","tmqr","great","[PREMIUM]","[PREMIUM]","[]","2026-04-16 00:00:00","Adirondack Thunder at Worcester Railers (Rescheduled from 12/27/2025)","echl","2026-04-18 22:05:00","588a76eccde6626ebe424492"
"69cb9eaf53c05bd145c37d24","2026-04-01 04:19:58.084","2026-04-04 16:16:51.944","69cb9eaf53c05bd145c37d24","682cc75502651e4e41255061","[PREMIUM]","[PREMIUM]","[PREMIUM]","[PREMIUM]","[PREMIUM]","[2]","123","JJ","Lower","['*','*']","mobile","tm","tmqr",,"[PREMIUM]","[PREMIUM]","[]","2026-04-16 00:00:00","Adirondack Thunder at Worcester Railers (Rescheduled from 12/27/2025)","echl","2026-04-18 22:05:00","588a76eccde6626ebe424492"
"69cb9ea853c05bd145c26332","2026-04-01 04:19:58.084","2026-04-04 16:16:51.944","69cb9ea853c05bd145c26332","682cc75502651e4e41255061","[PREMIUM]","[PREMIUM]","[PREMIUM]","[PREMIUM]","[PREMIUM]","[2]","229","C","Upper","['*','*']","mobile","tm","tmqr",,"[PREMIUM]","[PREMIUM]","[]","2026-04-16 00:00:00","Adirondack Thunder at Worcester Railers (Rescheduled from 12/27/2025)","echl","2026-04-18 22:05:00","588a76eccde6626ebe424492"
"69cb9ea153c05bd145c10d19","2026-04-01 04:19:58.084","2026-04-01 04:19:58.084","69cb9ea153c05bd145c10d19","682cc75502651e4e41255061","[PREMIUM]","[PREMIUM]","[PREMIUM]","[PREMIUM]","[PREMIUM]","[2]","205","E","Upper","['*','*']","mobile","tm","tmqr",,"[PREMIUM]","[PREMIUM]","[]","2026-04-16 00:00:00","Adirondack Thunder at Worcester Railers (Rescheduled from 12/27/2025)","echl","2026-04-18 22:05:00","588a76eccde6626ebe424492"
"69cb9e7753c05bd145bac9c7","2026-04-01 04:19:58.084","2026-04-01 04:19:58.084","69cb9e7753c05bd145bac9c7","682cc75502651e4e41255061","[PREMIUM]","[PREMIUM]","[PREMIUM]","[PREMIUM]","[PREMIUM]","[2]","220","D","Upper","['*','*']","mobile","tm","tmqr",,"[PREMIUM]","[PREMIUM]","[]","2026-04-16 00:00:00","Adirondack Thunder at Worcester Railers (Rescheduled from 12/27/2025)","echl","2026-04-18 22:05:00","588a76eccde6626ebe424492"
"69cb9e9a53c05bd145c022db","2026-04-01 04:19:58.084","2026-04-04 16:16:51.944","69cb9e9a53c05bd145c022db","682cc75502651e4e41255061","[PREMIUM]","[PREMIUM]","[PREMIUM]","[PREMIUM]","[PREMIUM]","[2]","233","D","Upper","['*','*']","mobile","tm","tmqr",,"[PREMIUM]","[PREMIUM]","[]","2026-04-16 00:00:00","Adirondack Thunder at Worcester Railers (Rescheduled from 12/27/2025)","echl","2026-04-18 22:05:00","588a76eccde6626ebe424492"
"69cb9e9653c05bd145bf6083","2026-04-01 04:19:58.084","2026-04-01 04:19:58.084","69cb9e9653c05bd145bf6083","682cc75502651e4e41255061","[PREMIUM]","[PREMIUM]","[PREMIUM]","[PREMIUM]","[PREMIUM]","[2]","221","D","Upper","['*','*']","mobile","tm","tmqr","great","[PREMIUM]","[PREMIUM]","[]","2026-04-16 00:00:00","Adirondack Thunder at Worcester Railers (Rescheduled from 12/27/2025)","echl","2026-04-18 22:05:00","588a76eccde6626ebe424492"
"69cb9e9353c05bd145bed185","2026-04-01 04:19:58.084","2026-04-03 11:58:28.713","69cb9e9353c05bd145bed185","682cc75502651e4e41255061","[PREMIUM]","[PREMIUM]","[PREMIUM]","[PREMIUM]","[PREMIUM]","[2]","230","C","Upper","['*','*']","mobile","tm","tmqr","great","[PREMIUM]","[PREMIUM]","[]","2026-04-16 00:00:00","Adirondack Thunder at Worcester Railers (Rescheduled from 12/27/2025)","echl","2026-04-18 22:05:00","588a76eccde6626ebe424492"
"69cc54eb10f4073fc7a988c5","2026-04-01 04:19:58.084","2026-04-03 11:58:28.713","69cc54eb10f4073fc7a988c5","682cc75502651e4e41255061","[PREMIUM]","[PREMIUM]","[PREMIUM]","[PREMIUM]","[PREMIUM]","[1,2,3,4]","125","KK","Lower","['*','*','*','*']","mobile","tm","tmqr",,"[PREMIUM]","[PREMIUM]","[]","2026-04-17 00:00:00","Adirondack Thunder at Worcester Railers (Rescheduled from 12/27/2025)","echl","2026-04-18 22:05:00","588a76eccde6626ebe424492"
"69cc54e73f00af7d933d0364","2026-04-01 04:19:58.084","2026-04-01 04:19:58.084","69cc54e73f00af7d933d0364","682cc75502651e4e41255061","[PREMIUM]","[PREMIUM]","[PREMIUM]","[PREMIUM]","[PREMIUM]","[2]","210","B","Upper","['*','*']","mobile","tm","tmqr",,"[PREMIUM]","[PREMIUM]","[]","2026-04-17 00:00:00","Adirondack Thunder at Worcester Railers (Rescheduled from 12/27/2025)","echl","2026-04-18 22:05:00","588a76eccde6626ebe424492"
"69cc5d18f48f04d9686852d5","2026-04-01 04:19:58.084","2026-04-01 04:19:58.084","69cc5d18f48f04d9686852d5","682cc75502651e4e41255061","[PREMIUM]","[PREMIUM]","[PREMIUM]","[PREMIUM]","[PREMIUM]","[1,2,3,4]","124","GG","Lower","['*','*','*','*']","mobile","tm","tmqr",,"[PREMIUM]","[PREMIUM]","[]","2026-04-17 00:00:00","Adirondack Thunder at Worcester Railers (Rescheduled from 12/27/2025)","echl","2026-04-18 22:05:00","588a76eccde6626ebe424492"
"69cbe78a53c05bd145c2967e","2026-04-01 04:19:58.037","2026-04-11 18:09:28.264","69cbe78a53c05bd145c2967e","682ccedbdd287da684eb8a13","[PREMIUM]","[PREMIUM]","[PREMIUM]","[PREMIUM]","[PREMIUM]","[1,2,3,4]","109","C","Lower","['*','*','*','*']","mobile","paciolan","tmqr",,"[PREMIUM]","[PREMIUM]","[]","2026-04-17 00:00:00","Tulsa Oilers at Wichita Thunder (Rescheduled from 12/27/2025)","echl","2026-04-18 23:05:00","57f7c4bdcde6626ebe954b30"
"69cbe78653c05bd145c1bf87","2026-04-01 04:19:58.037","2026-04-11 18:09:28.264","69cbe78653c05bd145c1bf87","682ccedbdd287da684eb8a13","[PREMIUM]","[PREMIUM]","[PREMIUM]","[PREMIUM]","[PREMIUM]","[1,2,3,4]","110","F","Lower","['*','*','*','*']","mobile","paciolan","tmqr",,"[PREMIUM]","[PREMIUM]","[]","2026-04-17 00:00:00","Tulsa Oilers at Wichita Thunder (Rescheduled from 12/27/2025)","echl","2026-04-18 23:05:00","57f7c4bdcde6626ebe954b30"
"69cbe79053c05bd145c4134b","2026-04-01 04:19:58.037","2026-04-11 18:09:28.264","69cbe79053c05bd145c4134b","682ccedbdd287da684eb8a13","[PREMIUM]","[PREMIUM]","[PREMIUM]","[PREMIUM]","[PREMIUM]","[1,2,3,4,5,6]","110","K","Lower","['*','*','*','*','*','*']","mobile","paciolan","tmqr",,"[PREMIUM]","[PREMIUM]","[]","2026-04-17 00:00:00","Tulsa Oilers at Wichita Thunder (Rescheduled from 12/27/2025)","echl","2026-04-18 23:05:00","57f7c4bdcde6626ebe954b30"
"69cbe78653c05bd145c1bf58","2026-04-01 04:19:58.037","2026-04-11 18:09:28.264","69cbe78653c05bd145c1bf58","682ccedbdd287da684eb8a13","[PREMIUM]","[PREMIUM]","[PREMIUM]","[PREMIUM]","[PREMIUM]","[1,2,3,4,5,6,7]","109","J","Lower","['*','*','*','*','*','*','*']","mobile","paciolan","tmqr",,"[PREMIUM]","[PREMIUM]","[]","2026-04-17 00:00:00","Tulsa Oilers at Wichita Thunder (Rescheduled from 12/27/2025)","echl","2026-04-18 23:05:00","57f7c4bdcde6626ebe954b30"
"69cc7ec653c05bd145beecff","2026-04-01 04:19:58.037","2026-04-07 00:03:17.905","69cc7ec653c05bd145beecff","682ccedbdd287da684eb8a13","[PREMIUM]","[PREMIUM]","[PREMIUM]","[PREMIUM]","[PREMIUM]","[1,2]","114","E","Lower","['*','*']","mobile","paciolan","tmqr",,"[PREMIUM]","[PREMIUM]","[]","2026-04-17 00:00:00","Tulsa Oilers at Wichita Thunder (Rescheduled from 12/27/2025)","echl","2026-04-18 23:05:00","57f7c4bdcde6626ebe954b30"
"69b0ae3908e8c6c167397c32","2026-04-01 04:19:56.831","2026-04-07 00:03:16.562","69b0ae3908e8c6c167397c32","682a27178e16749807f237ff","[PREMIUM]","[PREMIUM]","[PREMIUM]","[PREMIUM]","[PREMIUM]","[1,2,3,4,5,6]","118","L","Lower","['*','*','*','*','*','*']","mobile","tm","tmqr",,"[PREMIUM]","[PREMIUM]","[]","2026-04-16 00:00:00","Jacksonville Icemen at Greenville Swamp Rabbits (Rescheduled from 12/27/2025)","echl","2026-04-17 23:05:00","58113ee4cde6626ebe0e99e9"
"69bfbbd12adb1ef67d9ac4aa","2026-04-01 04:19:56.831","2026-04-09 08:01:09.646","69bfbbd12adb1ef67d9ac4aa","682a27178e16749807f237ff","[PREMIUM]","[PREMIUM]","[PREMIUM]","[PREMIUM]","[PREMIUM]","[2]","104","P","Lower","['*','*']","mobile","tm","tmqr",,"[PREMIUM]","[PREMIUM]","[]","2026-04-16 00:00:00","Jacksonville Icemen at Greenville Swamp Rabbits (Rescheduled from 12/27/2025)","echl","2026-04-17 23:05:00","58113ee4cde6626ebe0e99e9"
"69c9c1ff59ef0dfdcf0d2168","2026-04-01 04:19:56.831","2026-04-08 03:52:54.903","69c9c1ff59ef0dfdcf0d2168","682a27178e16749807f237ff","[PREMIUM]","[PREMIUM]","[PREMIUM]","[PREMIUM]","[PREMIUM]","[1,2,3,4,5,6,7,8]","103","G","Lower","['*','*','*','*','*','*','*','*']","mobile","tm","tmqr",,"[PREMIUM]","[PREMIUM]","[]","2026-04-16 00:00:00","Jacksonville Icemen at Greenville Swamp Rabbits (Rescheduled from 12/27/2025)","echl","2026-04-17 23:05:00","58113ee4cde6626ebe0e99e9"
"69cb081a7896602fcd01833d","2026-04-01 04:19:56.831","2026-04-02 08:23:03.128","69cb081a7896602fcd01833d","682a27178e16749807f237ff","[PREMIUM]","[PREMIUM]","[PREMIUM]","[PREMIUM]","[PREMIUM]","[1,2,3,4,5,6]","116","J","Lower","['*','*','*','*','*','*']","mobile","tm","tmqr",,"[PREMIUM]","[PREMIUM]","[]","2026-04-16 00:00:00","Jacksonville Icemen at Greenville Swamp Rabbits (Rescheduled from 12/27/2025)","echl","2026-04-17 23:05:00","58113ee4cde6626ebe0e99e9"
"69cbc15b02e3e0723c64240f","2026-04-01 04:19:56.831","2026-04-01 04:19:56.831","69cbc15b02e3e0723c64240f","682a27178e16749807f237ff","[PREMIUM]","[PREMIUM]","[PREMIUM]","[PREMIUM]","[PREMIUM]","[1,2,3,4,5,6]","119","G","Lower","['*','*','*','*','*','*']","mobile","tm","tmqr",,"[PREMIUM]","[PREMIUM]","[]","2026-04-16 00:00:00","Jacksonville Icemen at Greenville Swamp Rabbits (Rescheduled from 12/27/2025)","echl","2026-04-17 23:05:00","58113ee4cde6626ebe0e99e9"
"69cb48643ec82998fa8df44e","2026-04-01 04:19:56.535","2026-04-01 04:19:56.535","69cb48643ec82998fa8df44e","6828d3d05ca1970fabab1dca","[PREMIUM]","[PREMIUM]","[PREMIUM]","[PREMIUM]","[PREMIUM]","[1,2,3,4,6]","104","P","Lower","['*','*','*','*','*','*']","mobile","tm","tmqr","great","[PREMIUM]","[PREMIUM]","[]","2026-04-16 00:00:00","Iowa Heartlanders at Bloomington Bison (Rescheduled from 12/27/2025)","echl","2026-04-18 00:00:00","65fcb9c7787f5655b475bca6"
"69cb4867b8109bed8186117b","2026-04-01 04:19:56.535","2026-04-01 04:19:56.535","69cb4867b8109bed8186117b","6828d3d05ca1970fabab1dca","[PREMIUM]","[PREMIUM]","[PREMIUM]","[PREMIUM]","[PREMIUM]","[1,2,3,4,5,6]","109","T","Lower","['*','*','*','*','*','*']","mobile","tm","tmqr",,"[PREMIUM]","[PREMIUM]","[]","2026-04-16 00:00:00","Iowa Heartlanders at Bloomington Bison (Rescheduled from 12/27/2025)","echl","2026-04-18 00:00:00","65fcb9c7787f5655b475bca6"
"69cb486443431a0d5801eb78","2026-04-01 04:19:56.535","2026-04-01 04:19:56.535","69cb486443431a0d5801eb78","6828d3d05ca1970fabab1dca","[PREMIUM]","[PREMIUM]","[PREMIUM]","[PREMIUM]","[PREMIUM]","[1,2,3,4,5,6,7,8]","111","M","Lower","['*','*','*','*','*','*','*','*']","mobile","tm","tmqr",,"[PREMIUM]","[PREMIUM]","[]","2026-04-16 00:00:00","Iowa Heartlanders at Bloomington Bison (Rescheduled from 12/27/2025)","echl","2026-04-18 00:00:00","65fcb9c7787f5655b475bca6"
"69cb4864bd7abc9fe09b6bfe","2026-04-01 04:19:56.535","2026-04-01 04:19:56.535","69cb4864bd7abc9fe09b6bfe","6828d3d05ca1970fabab1dca","[PREMIUM]","[PREMIUM]","[PREMIUM]","[PREMIUM]","[PREMIUM]","[1,2,3,4,5,6,7,8]","114","H","Lower","['*','*','*','*','*','*','*','*']","mobile","tm","tmqr",,"[PREMIUM]","[PREMIUM]","[]","2026-04-16 00:00:00","Iowa Heartlanders at Bloomington Bison (Rescheduled from 12/27/2025)","echl","2026-04-18 00:00:00","65fcb9c7787f5655b475bca6"
"69cb4865a5af5020fc990bbe","2026-04-01 04:19:56.535","2026-04-01 04:19:56.535","69cb4865a5af5020fc990bbe","6828d3d05ca1970fabab1dca","[PREMIUM]","[PREMIUM]","[PREMIUM]","[PREMIUM]","[PREMIUM]","[1,2,3,4]","103","S","Lower","['*','*','*','*']","mobile","tm","tmqr",,"[PREMIUM]","[PREMIUM]","[]","2026-04-16 00:00:00","Iowa Heartlanders at Bloomington Bison (Rescheduled from 12/27/2025)","echl","2026-04-18 00:00:00","65fcb9c7787f5655b475bca6"
"69cb4865da46667f104f70bb","2026-04-01 04:19:56.535","2026-04-01 04:19:56.535","69cb4865da46667f104f70bb","6828d3d05ca1970fabab1dca","[PREMIUM]","[PREMIUM]","[PREMIUM]","[PREMIUM]","[PREMIUM]","[1,2,3,4]","105","L","Lower","['*','*','*','*']","mobile","tm","tmqr",,"[PREMIUM]","[PREMIUM]","[]","2026-04-16 00:00:00","Iowa Heartlanders at Bloomington Bison (Rescheduled from 12/27/2025)","echl","2026-04-18 00:00:00","65fcb9c7787f5655b475bca6"
"69cc1fd853c05bd145c2e252","2026-04-01 04:19:56.535","2026-04-07 00:03:16.399","69cc1fd853c05bd145c2e252","6828d3d05ca1970fabab1dca","[PREMIUM]","[PREMIUM]","[PREMIUM]","[PREMIUM]","[PREMIUM]","[1,2]","102","K","Lower","['*','*']","mobile","tm","tmqr",,"[PREMIUM]","[PREMIUM]","[]","2026-04-16 00:00:00","Iowa Heartlanders at Bloomington Bison (Rescheduled from 12/27/2025)","echl","2026-04-18 00:00:00","65fcb9c7787f5655b475bca6"
"69cb2a7753c05bd145708f35","2026-04-01 04:19:56.470","2026-04-01 04:19:56.470","69cb2a7753c05bd145708f35","682a28a5ff36d8d9ff1ac8d5","[PREMIUM]","[PREMIUM]","[PREMIUM]","[PREMIUM]","[PREMIUM]","[1,2,3,4,5,6]","106","SS","Lower","['*','*','*','*','*','*']","mobile","tm","tmqr",,"[PREMIUM]","[PREMIUM]","[]","2026-04-16 00:00:00","Norfolk Admirals at Greensboro Gargoyles (Rescheduled from 12/27)","echl","2026-04-17 22:00:00","5758b8caf80c41206da73335"
"69cbff8443431a0d5802442d","2026-04-01 04:19:56.470","2026-04-02 08:23:04.653","69cbff8443431a0d5802442d","682a28a5ff36d8d9ff1ac8d5","[PREMIUM]","[PREMIUM]","[PREMIUM]","[PREMIUM]","[PREMIUM]","[1,2,3,4,5,6,7]","109","RR","Lower","['*','*','*','*','*','*','*']","mobile","tm","tmqr",,"[PREMIUM]","[PREMIUM]","[]","2026-04-16 00:00:00","Norfolk Admirals at Greensboro Gargoyles (Rescheduled from 12/27)","echl","2026-04-17 22:00:00","5758b8caf80c41206da73335"
"69c563cf53c05bd14528110b","2026-04-01 04:19:56.142","2026-04-02 08:23:03.121","69c563cf53c05bd14528110b","682a24e7b95b4f7117d6bf48","[PREMIUM]","[PREMIUM]","[PREMIUM]","[PREMIUM]","[PREMIUM]","[1,2,3,4]","116","14","Lower","['*','*','*','*']","mobile","tm","tmqr",,"[PREMIUM]","[PREMIUM]","[]","2026-04-16 00:00:00","Reading Royals at Florida Everblades (Rescheduled from 12/27/2025)","echl","2026-04-18 23:00:00","58c1db7bcde6626ebe323603"
"69c563cb53c05bd14526fa15","2026-04-01 04:19:56.142","2026-04-01 04:19:56.142","69c563cb53c05bd14526fa15","682a24e7b95b4f7117d6bf48","[PREMIUM]","[PREMIUM]","[PREMIUM]","[PREMIUM]","[PREMIUM]","[1,2,3,4,5,6]","115","11","Lower","['*','*','*','*','*','*']","mobile","tm","tmqr",,"[PREMIUM]","[PREMIUM]","[]","2026-04-16 00:00:00","Reading Royals at Florida Everblades (Rescheduled from 12/27/2025)","echl","2026-04-18 23:00:00","58c1db7bcde6626ebe323603"
"69cbf8d753c05bd1457e817f","2026-04-01 04:19:56.142","2026-04-08 03:52:53.973","69cbf8d753c05bd1457e817f","682a24e7b95b4f7117d6bf48","[PREMIUM]","[PREMIUM]","[PREMIUM]","[PREMIUM]","[PREMIUM]","[1,2,3,4,5,6]","118","12","Lower","['*','*','*','*','*','*']","mobile","tm","tmqr",,"[PREMIUM]","[PREMIUM]","[]","2026-04-17 00:00:00","Reading Royals at Florida Everblades (Rescheduled from 12/27/2025)","echl","2026-04-18 23:00:00","58c1db7bcde6626ebe323603"
"69cc84e2095af647d1b2c231","2026-04-01 04:19:56.142","2026-04-05 19:54:03.103","69cc84e2095af647d1b2c231","682a24e7b95b4f7117d6bf48","[PREMIUM]","[PREMIUM]","[PREMIUM]","[PREMIUM]","[PREMIUM]","[2,4]","109","18","Lower","['*','*','*','*']","mobile","tm","tmqr",,"[PREMIUM]","[PREMIUM]","[]","2026-04-17 00:00:00","Reading Royals at Florida Everblades (Rescheduled from 12/27/2025)","echl","2026-04-18 23:00:00","58c1db7bcde6626ebe323603"
"69c00955f6fbc8b354f98fe1","2026-04-01 04:19:54.908","2026-04-10 12:23:44.710","69c00955f6fbc8b354f98fe1","6828d54398a22b06fcd22d34","[PREMIUM]","[PREMIUM]","[PREMIUM]","[PREMIUM]","[PREMIUM]","[1,2,3,4]","137","W","Lower","['301','302','303','304']","mobile","tm","tmqr",,"[PREMIUM]","[PREMIUM]","[]","2026-04-18 00:00:00","Kalamazoo Wings at Cincinnati Cyclones (Rescheduled from 12/27/2025)","echl","2026-04-18 20:00:00","57aba98ff80c4115bab50ab1"
"69c00959f6fbc8b354fa2ccc","2026-04-01 04:19:54.908","2026-04-14 04:37:02.877","69c00959f6fbc8b354fa2ccc","6828d54398a22b06fcd22d34","[PREMIUM]","[PREMIUM]","[PREMIUM]","[PREMIUM]","[PREMIUM]","[1,2,3,4]","139","W","Lower","['301','302','303','304']","mobile","tm","tmqr",,"[PREMIUM]","[PREMIUM]","[]","2026-04-18 00:00:00","Kalamazoo Wings at Cincinnati Cyclones (Rescheduled from 12/27/2025)","echl","2026-04-18 20:00:00","57aba98ff80c4115bab50ab1"
"69c0094df6fbc8b354f8708f","2026-04-01 04:19:54.908","2026-04-15 09:00:02.433","69c0094df6fbc8b354f8708f","6828d54398a22b06fcd22d34","[PREMIUM]","[PREMIUM]","[PREMIUM]","[PREMIUM]","[PREMIUM]","[1,2,3,4]","103","W","Lower","['301','302','303','304']","mobile","tm","tmqr",,"[PREMIUM]","[PREMIUM]","[]","2026-04-18 00:00:00","Kalamazoo Wings at Cincinnati Cyclones (Rescheduled from 12/27/2025)","echl","2026-04-18 20:00:00","57aba98ff80c4115bab50ab1"
"69c0094df6fbc8b354f870f9","2026-04-01 04:19:54.908","2026-04-15 09:00:02.433","69c0094df6fbc8b354f870f9","6828d54398a22b06fcd22d34","[PREMIUM]","[PREMIUM]","[PREMIUM]","[PREMIUM]","[PREMIUM]","[1,2,3,4]","230","J","Upper","['301','302','303','304']","mobile","tm","tmqr",,"[PREMIUM]","[PREMIUM]","[]","2026-04-18 00:00:00","Kalamazoo Wings at Cincinnati Cyclones (Rescheduled from 12/27/2025)","echl","2026-04-18 20:00:00","57aba98ff80c4115bab50ab1"
"69c9cf5e53c05bd145b2b298","2026-04-01 04:19:54.908","2026-04-01 04:19:54.908","69c9cf5e53c05bd145b2b298","6828d54398a22b06fcd22d34","[PREMIUM]","[PREMIUM]","[PREMIUM]","[PREMIUM]","[PREMIUM]","[1,2,3]","124","M","Lower","['*','*','*']","mobile","tm","tmqr",,"[PREMIUM]","[PREMIUM]","[]","2026-04-17 00:00:00","Kalamazoo Wings at Cincinnati Cyclones (Rescheduled from 12/27/2025)","echl","2026-04-18 20:00:00","57aba98ff80c4115bab50ab1"
"69ca92d659ef0dfdcf0d690c","2026-04-01 04:19:54.908","2026-04-01 04:19:54.908","69ca92d659ef0dfdcf0d690c","6828d54398a22b06fcd22d34","[PREMIUM]","[PREMIUM]","[PREMIUM]","[PREMIUM]","[PREMIUM]","[1,2,3,4,5,6,7,8]","140","U","Lower","['*','*','*','*','*','*','*','*']","mobile","tm","tmqr","great","[PREMIUM]","[PREMIUM]","[]","2026-04-17 00:00:00","Kalamazoo Wings at Cincinnati Cyclones (Rescheduled from 12/27/2025)","echl","2026-04-18 20:00:00","57aba98ff80c4115bab50ab1"
"69ca92d442bcb324c2188bbf","2026-04-01 04:19:54.908","2026-04-02 08:23:00.769","69ca92d442bcb324c2188bbf","6828d54398a22b06fcd22d34","[PREMIUM]","[PREMIUM]","[PREMIUM]","[PREMIUM]","[PREMIUM]","[1,2]","139","F","Lower","['*','*']","mobile","tm","tmqr","super","[PREMIUM]","[PREMIUM]","[]","2026-04-17 00:00:00","Kalamazoo Wings at Cincinnati Cyclones (Rescheduled from 12/27/2025)","echl","2026-04-18 20:00:00","57aba98ff80c4115bab50ab1"
"69ca92d46299595e4e2e61b5","2026-04-01 04:19:54.908","2026-04-01 04:19:54.908","69ca92d46299595e4e2e61b5","6828d54398a22b06fcd22d34","[PREMIUM]","[PREMIUM]","[PREMIUM]","[PREMIUM]","[PREMIUM]","[1,2,3,4,5,6,7,8]","103","N","Lower","['*','*','*','*','*','*','*','*']","mobile","tm","tmqr","great","[PREMIUM]","[PREMIUM]","[]","2026-04-17 00:00:00","Kalamazoo Wings at Cincinnati Cyclones (Rescheduled from 12/27/2025)","echl","2026-04-18 20:00:00","57aba98ff80c4115bab50ab1"
"69ca8397277b159f0453f286","2026-04-01 04:19:54.908","2026-04-02 08:23:00.769","69ca8397277b159f0453f286","6828d54398a22b06fcd22d34","[PREMIUM]","[PREMIUM]","[PREMIUM]","[PREMIUM]","[PREMIUM]","[1,2,3,4,5,6]","231","H","Upper","['*','*','*','*','*','*']","mobile","tm","tmqr","great","[PREMIUM]","[PREMIUM]","[]","2026-04-17 00:00:00","Kalamazoo Wings at Cincinnati Cyclones (Rescheduled from 12/27/2025)","echl","2026-04-18 20:00:00","57aba98ff80c4115bab50ab1"
"69ca92d311094883db455321","2026-04-01 04:19:54.908","2026-04-01 04:19:54.908","69ca92d311094883db455321","6828d54398a22b06fcd22d34","[PREMIUM]","[PREMIUM]","[PREMIUM]","[PREMIUM]","[PREMIUM]","[1,2,3,4]","234","B","Upper","['*','*','*','*']","mobile","tm","tmqr","great","[PREMIUM]","[PREMIUM]","[]","2026-04-17 00:00:00","Kalamazoo Wings at Cincinnati Cyclones (Rescheduled from 12/27/2025)","echl","2026-04-18 20:00:00","57aba98ff80c4115bab50ab1"
"69ca92d334861e3655ff9f13","2026-04-01 04:19:54.908","2026-04-02 08:23:00.769","69ca92d334861e3655ff9f13","6828d54398a22b06fcd22d34","[PREMIUM]","[PREMIUM]","[PREMIUM]","[PREMIUM]","[PREMIUM]","[1,2,3,4,5,6,7,8]","230","D","Upper","['*','*','*','*','*','*','*','*']","mobile","tm","tmqr","amazing","[PREMIUM]","[PREMIUM]","[]","2026-04-17 00:00:00","Kalamazoo Wings at Cincinnati Cyclones (Rescheduled from 12/27/2025)","echl","2026-04-18 20:00:00","57aba98ff80c4115bab50ab1"
"69ca92d67217ae219cadbbaa","2026-04-01 04:19:54.908","2026-04-02 08:23:00.769","69ca92d67217ae219cadbbaa","6828d54398a22b06fcd22d34","[PREMIUM]","[PREMIUM]","[PREMIUM]","[PREMIUM]","[PREMIUM]","[2,4]","136","P","Lower","['*','*','*','*']","mobile","tm","tmqr","amazing","[PREMIUM]","[PREMIUM]","[]","2026-04-17 00:00:00","Kalamazoo Wings at Cincinnati Cyclones (Rescheduled from 12/27/2025)","echl","2026-04-18 20:00:00","57aba98ff80c4115bab50ab1"
"69ca92d745497bd365c00ed1","2026-04-01 04:19:54.908","2026-04-02 08:23:00.769","69ca92d745497bd365c00ed1","6828d54398a22b06fcd22d34","[PREMIUM]","[PREMIUM]","[PREMIUM]","[PREMIUM]","[PREMIUM]","[1,2,3,4,5,6]","139","M","Lower","['*','*','*','*','*','*']","mobile","tm","tmqr",,"[PREMIUM]","[PREMIUM]","[]","2026-04-17 00:00:00","Kalamazoo Wings at Cincinnati Cyclones (Rescheduled from 12/27/2025)","echl","2026-04-18 20:00:00","57aba98ff80c4115bab50ab1"
"69ca92d89b2298fcb9172ff6","2026-04-01 04:19:54.908","2026-04-01 04:19:54.908","69ca92d89b2298fcb9172ff6","6828d54398a22b06fcd22d34","[PREMIUM]","[PREMIUM]","[PREMIUM]","[PREMIUM]","[PREMIUM]","[1,2,3,4]","119","R","Lower","['*','*','*','*']","mobile","tm","tmqr",,"[PREMIUM]","[PREMIUM]","[]","2026-04-17 00:00:00","Kalamazoo Wings at Cincinnati Cyclones (Rescheduled from 12/27/2025)","echl","2026-04-18 20:00:00","57aba98ff80c4115bab50ab1"
"69ca92d97914635b52dd1044","2026-04-01 04:19:54.908","2026-04-01 04:19:54.908","69ca92d97914635b52dd1044","6828d54398a22b06fcd22d34","[PREMIUM]","[PREMIUM]","[PREMIUM]","[PREMIUM]","[PREMIUM]","[1,2]","101","L","Lower","['*','*']","mobile","tm","tmqr",,"[PREMIUM]","[PREMIUM]","[]","2026-04-17 00:00:00","Kalamazoo Wings at Cincinnati Cyclones (Rescheduled from 12/27/2025)","echl","2026-04-18 20:00:00","57aba98ff80c4115bab50ab1"
"69ca92d3ca7c5018eb97dfe1","2026-04-01 04:19:54.908","2026-04-01 04:19:54.908","69ca92d3ca7c5018eb97dfe1","6828d54398a22b06fcd22d34","[PREMIUM]","[PREMIUM]","[PREMIUM]","[PREMIUM]","[PREMIUM]","[1,2,3,4]","120","U","Lower","['*','*','*','*']","mobile","tm","tmqr",,"[PREMIUM]","[PREMIUM]","[]","2026-04-17 00:00:00","Kalamazoo Wings at Cincinnati Cyclones (Rescheduled from 12/27/2025)","echl","2026-04-18 20:00:00","57aba98ff80c4115bab50ab1"
"69cb19a143431a0d5801cb4c","2026-04-01 04:19:54.908","2026-04-01 04:19:54.908","69cb19a143431a0d5801cb4c","6828d54398a22b06fcd22d34","[PREMIUM]","[PREMIUM]","[PREMIUM]","[PREMIUM]","[PREMIUM]","[2]","134","J","Lower","['*','*']","mobile","tm","tmqr","super","[PREMIUM]","[PREMIUM]","[]","2026-04-17 00:00:00","Kalamazoo Wings at Cincinnati Cyclones (Rescheduled from 12/27/2025)","echl","2026-04-18 20:00:00","57aba98ff80c4115bab50ab1"
"69cbcf38a73e8acfe6e77f90","2026-04-01 04:19:54.908","2026-04-02 08:23:00.769","69cbcf38a73e8acfe6e77f90","6828d54398a22b06fcd22d34","[PREMIUM]","[PREMIUM]","[PREMIUM]","[PREMIUM]","[PREMIUM]","[1,2,3,4,5,6,7,8]","122","S","Lower","['*','*','*','*','*','*','*','*']","mobile","tm","tmqr",,"[PREMIUM]","[PREMIUM]","[]","2026-04-17 00:00:00","Kalamazoo Wings at Cincinnati Cyclones (Rescheduled from 12/27/2025)","echl","2026-04-18 20:00:00","57aba98ff80c4115bab50ab1"
"69cbcf367dd86e66866ff3a5","2026-04-01 04:19:54.908","2026-04-09 08:01:09.744","69cbcf367dd86e66866ff3a5","6828d54398a22b06fcd22d34","[PREMIUM]","[PREMIUM]","[PREMIUM]","[PREMIUM]","[PREMIUM]","[1,2]","123","K","Lower","['*','*']","mobile","tm","tmqr","amazing","[PREMIUM]","[PREMIUM]","[]","2026-04-17 00:00:00","Kalamazoo Wings at Cincinnati Cyclones (Rescheduled from 12/27/2025)","echl","2026-04-18 20:00:00","57aba98ff80c4115bab50ab1"
"69cbcf36b58ac1ca1a07b939","2026-04-01 04:19:54.908","2026-04-01 04:19:54.908","69cbcf36b58ac1ca1a07b939","6828d54398a22b06fcd22d34","[PREMIUM]","[PREMIUM]","[PREMIUM]","[PREMIUM]","[PREMIUM]","[1,2,3,4,5,6,7,8]","123","V","Lower","['*','*','*','*','*','*','*','*']","mobile","tm","tmqr",,"[PREMIUM]","[PREMIUM]","[]","2026-04-17 00:00:00","Kalamazoo Wings at Cincinnati Cyclones (Rescheduled from 12/27/2025)","echl","2026-04-18 20:00:00","57aba98ff80c4115bab50ab1"
"69cbcf37087e1e66bb84026b","2026-04-01 04:19:54.908","2026-04-01 04:19:54.908","69cbcf37087e1e66bb84026b","6828d54398a22b06fcd22d34","[PREMIUM]","[PREMIUM]","[PREMIUM]","[PREMIUM]","[PREMIUM]","[1,2,3,4,5,6,7,8]","137","R","Lower","['*','*','*','*','*','*','*','*']","mobile","tm","tmqr",,"[PREMIUM]","[PREMIUM]","[]","2026-04-17 00:00:00","Kalamazoo Wings at Cincinnati Cyclones (Rescheduled from 12/27/2025)","echl","2026-04-18 20:00:00","57aba98ff80c4115bab50ab1"
"69cbcf3a95f5e8fdf9c424af","2026-04-01 04:19:54.908","2026-04-02 08:23:00.769","69cbcf3a95f5e8fdf9c424af","6828d54398a22b06fcd22d34","[PREMIUM]","[PREMIUM]","[PREMIUM]","[PREMIUM]","[PREMIUM]","[1,2]","137","J","Lower","['*','*']","mobile","tm","tmqr","amazing","[PREMIUM]","[PREMIUM]","[]","2026-04-17 00:00:00","Kalamazoo Wings at Cincinnati Cyclones (Rescheduled from 12/27/2025)","echl","2026-04-18 20:00:00","57aba98ff80c4115bab50ab1"
"69cbcf3648921fe225f380d1","2026-04-01 04:19:54.908","2026-04-01 04:19:54.908","69cbcf3648921fe225f380d1","6828d54398a22b06fcd22d34","[PREMIUM]","[PREMIUM]","[PREMIUM]","[PREMIUM]","[PREMIUM]","[1,2,3,4]","228","B","Upper","['*','*','*','*']","mobile","tm","tmqr","great","[PREMIUM]","[PREMIUM]","[]","2026-04-17 00:00:00","Kalamazoo Wings at Cincinnati Cyclones (Rescheduled from 12/27/2025)","echl","2026-04-18 20:00:00","57aba98ff80c4115bab50ab1"
"69cbcf37102eff2cf6b72157","2026-04-01 04:19:54.908","2026-04-02 08:23:00.769","69cbcf37102eff2cf6b72157","6828d54398a22b06fcd22d34","[PREMIUM]","[PREMIUM]","[PREMIUM]","[PREMIUM]","[PREMIUM]","[1,2,3,4,5,6,7,8]","118","O","Lower","['*','*','*','*','*','*','*','*']","mobile","tm","tmqr","great","[PREMIUM]","[PREMIUM]","[]","2026-04-17 00:00:00","Kalamazoo Wings at Cincinnati Cyclones (Rescheduled from 12/27/2025)","echl","2026-04-18 20:00:00","57aba98ff80c4115bab50ab1"
"69cbcf35a73e8acfe6e77f8d","2026-04-01 04:19:54.908","2026-04-01 04:19:54.908","69cbcf35a73e8acfe6e77f8d","6828d54398a22b06fcd22d34","[PREMIUM]","[PREMIUM]","[PREMIUM]","[PREMIUM]","[PREMIUM]","[1,2,3,4,5,6]","233","E","Upper","['*','*','*','*','*','*']","mobile","tm","tmqr",,"[PREMIUM]","[PREMIUM]","[]","2026-04-17 00:00:00","Kalamazoo Wings at Cincinnati Cyclones (Rescheduled from 12/27/2025)","echl","2026-04-18 20:00:00","57aba98ff80c4115bab50ab1"
"69cbcf376ac7b91b36674c85","2026-04-01 04:19:54.908","2026-04-01 04:19:54.908","69cbcf376ac7b91b36674c85","6828d54398a22b06fcd22d34","[PREMIUM]","[PREMIUM]","[PREMIUM]","[PREMIUM]","[PREMIUM]","[1,2,3,4,5,6]","101","T","Lower","['*','*','*','*','*','*']","mobile","tm","tmqr",,"[PREMIUM]","[PREMIUM]","[]","2026-04-17 00:00:00","Kalamazoo Wings at Cincinnati Cyclones (Rescheduled from 12/27/2025)","echl","2026-04-18 20:00:00","57aba98ff80c4115bab50ab1"
"69cbcf3a3ca077a4264e4520","2026-04-01 04:19:54.908","2026-04-01 04:19:54.908","69cbcf3a3ca077a4264e4520","6828d54398a22b06fcd22d34","[PREMIUM]","[PREMIUM]","[PREMIUM]","[PREMIUM]","[PREMIUM]","[1,2,3,4]","138","M","Lower","['*','*','*','*']","mobile","tm","tmqr","great","[PREMIUM]","[PREMIUM]","[]","2026-04-17 00:00:00","Kalamazoo Wings at Cincinnati Cyclones (Rescheduled from 12/27/2025)","echl","2026-04-18 20:00:00","57aba98ff80c4115bab50ab1"
"69cc1f0d77f8236d329f022f","2026-04-01 04:19:54.908","2026-04-01 04:19:54.908","69cc1f0d77f8236d329f022f","6828d54398a22b06fcd22d34","[PREMIUM]","[PREMIUM]","[PREMIUM]","[PREMIUM]","[PREMIUM]","[1,2,3,4]","136","W","Lower","['*','*','*','*']","mobile","tm","tmqr",,"[PREMIUM]","[PREMIUM]","[]","2026-04-17 00:00:00","Kalamazoo Wings at Cincinnati Cyclones (Rescheduled from 12/27/2025)","echl","2026-04-18 20:00:00","57aba98ff80c4115bab50ab1"
"69cc1f0ed9b91b42f4b59575","2026-04-01 04:19:54.908","2026-04-01 04:19:54.908","69cc1f0ed9b91b42f4b59575","6828d54398a22b06fcd22d34","[PREMIUM]","[PREMIUM]","[PREMIUM]","[PREMIUM]","[PREMIUM]","[1,2,3,4]","123","Q","Lower","['*','*','*','*']","mobile","tm","tmqr",,"[PREMIUM]","[PREMIUM]","[]","2026-04-17 00:00:00","Kalamazoo Wings at Cincinnati Cyclones (Rescheduled from 12/27/2025)","echl","2026-04-18 20:00:00","57aba98ff80c4115bab50ab1"
"69cc1c7448921fe225f3cda9","2026-04-01 04:19:54.908","2026-04-04 16:16:47.440","69cc1c7448921fe225f3cda9","6828d54398a22b06fcd22d34","[PREMIUM]","[PREMIUM]","[PREMIUM]","[PREMIUM]","[PREMIUM]","[1,2,3,4]","102","W","Lower","['*','*','*','*']","mobile","tm","tmqr",,"[PREMIUM]","[PREMIUM]","[]","2026-04-17 00:00:00","Kalamazoo Wings at Cincinnati Cyclones (Rescheduled from 12/27/2025)","echl","2026-04-18 20:00:00","57aba98ff80c4115bab50ab1"
"69cc1c74eb7d9c562644fa79","2026-04-01 04:19:54.908","2026-04-07 00:03:15.044","69cc1c74eb7d9c562644fa79","6828d54398a22b06fcd22d34","[PREMIUM]","[PREMIUM]","[PREMIUM]","[PREMIUM]","[PREMIUM]","[1,2,3]","136","J","Lower","['*','*','*']","mobile","tm","tmqr",,"[PREMIUM]","[PREMIUM]","[]","2026-04-17 00:00:00","Kalamazoo Wings at Cincinnati Cyclones (Rescheduled from 12/27/2025)","echl","2026-04-18 20:00:00","57aba98ff80c4115bab50ab1"
"69cc1f1b3f00af7d933ce2e7","2026-04-01 04:19:54.908","2026-04-04 16:16:47.440","69cc1f1b3f00af7d933ce2e7","6828d54398a22b06fcd22d34","[PREMIUM]","[PREMIUM]","[PREMIUM]","[PREMIUM]","[PREMIUM]","[1,2,3,4]","114","Q","Lower","['*','*','*','*']","mobile","tm","tmqr","great","[PREMIUM]","[PREMIUM]","[]","2026-04-17 00:00:00","Kalamazoo Wings at Cincinnati Cyclones (Rescheduled from 12/27/2025)","echl","2026-04-18 20:00:00","57aba98ff80c4115bab50ab1"
"69cc1c7d63708084fb41972a","2026-04-01 04:19:54.908","2026-04-02 08:23:00.769","69cc1c7d63708084fb41972a","6828d54398a22b06fcd22d34","[PREMIUM]","[PREMIUM]","[PREMIUM]","[PREMIUM]","[PREMIUM]","[1,2,3,4,5,6,7,8]","232","G","Upper","['*','*','*','*','*','*','*','*']","mobile","tm","tmqr",,"[PREMIUM]","[PREMIUM]","[]","2026-04-17 00:00:00","Kalamazoo Wings at Cincinnati Cyclones (Rescheduled from 12/27/2025)","echl","2026-04-18 20:00:00","57aba98ff80c4115bab50ab1"
"69cc1c70cefef1c8657352ff","2026-04-01 04:19:54.908","2026-04-02 08:23:00.769","69cc1c70cefef1c8657352ff","6828d54398a22b06fcd22d34","[PREMIUM]","[PREMIUM]","[PREMIUM]","[PREMIUM]","[PREMIUM]","[1,2,3]","138","R","Lower","['*','*','*']","mobile","tm","tmqr",,"[PREMIUM]","[PREMIUM]","[]","2026-04-17 00:00:00","Kalamazoo Wings at Cincinnati Cyclones (Rescheduled from 12/27/2025)","echl","2026-04-18 20:00:00","57aba98ff80c4115bab50ab1"
"69cc1f1dd09e862c20f7979d","2026-04-01 04:19:54.908","2026-04-01 04:19:54.908","69cc1f1dd09e862c20f7979d","6828d54398a22b06fcd22d34","[PREMIUM]","[PREMIUM]","[PREMIUM]","[PREMIUM]","[PREMIUM]","[1,2,3,4]","140","M","Lower","['*','*','*','*']","mobile","tm","tmqr",,"[PREMIUM]","[PREMIUM]","[]","2026-04-17 00:00:00","Kalamazoo Wings at Cincinnati Cyclones (Rescheduled from 12/27/2025)","echl","2026-04-18 20:00:00","57aba98ff80c4115bab50ab1"
"69cc1f1d3c2e6a7070c1248e","2026-04-01 04:19:54.908","2026-04-13 00:41:53.844","69cc1f1d3c2e6a7070c1248e","6828d54398a22b06fcd22d34","[PREMIUM]","[PREMIUM]","[PREMIUM]","[PREMIUM]","[PREMIUM]","[1,2,3,4]","118","W","Lower","['*','*','*','*']","mobile","tm","tmqr",,"[PREMIUM]","[PREMIUM]","[]","2026-04-17 00:00:00","Kalamazoo Wings at Cincinnati Cyclones (Rescheduled from 12/27/2025)","echl","2026-04-18 20:00:00","57aba98ff80c4115bab50ab1"
"69c0071ef6fbc8b354a314dd","2026-04-01 04:19:54.737","2026-04-03 11:58:25.496","69c0071ef6fbc8b354a314dd","682cc95c902ab857fa265c81","[PREMIUM]","[PREMIUM]","[PREMIUM]","[PREMIUM]","[PREMIUM]","[1,2,3,4]","122","22","Lower","['301','302','303','304']","mobile","tm","tmqr",,"[PREMIUM]","[PREMIUM]","[]","2026-04-07 00:00:00","Idaho Steelheads at Utah Grizzlies (Rescheduled from 12/27/2025)","echl","2026-04-08 01:10:00","633f626f4a75d1000181f039"
"69c44bedf6fbc8b354d7f6fb","2026-04-01 04:19:54.737","2026-04-01 04:19:54.737","69c44bedf6fbc8b354d7f6fb","682cc95c902ab857fa265c81","[PREMIUM]","[PREMIUM]","[PREMIUM]","[PREMIUM]","[PREMIUM]","[1,2,3,4,5,6,7,8,9,10]","122","17","Lower","['*','*','*','*','*','*','*','*','*','*']","mobile","tm","tmqr",,"[PREMIUM]","[PREMIUM]","[]","2026-04-06 00:00:00","Idaho Steelheads at Utah Grizzlies (Rescheduled from 12/27/2025)","echl","2026-04-08 01:10:00","633f626f4a75d1000181f039"
"69c44ab1f6fbc8b354884b5f","2026-04-01 04:19:54.737","2026-04-01 04:19:54.737","69c44ab1f6fbc8b354884b5f","682cc95c902ab857fa265c81","[PREMIUM]","[PREMIUM]","[PREMIUM]","[PREMIUM]","[PREMIUM]","[1,2,3,4,5,6,7,8]","119","10","Lower","['*','*','*','*','*','*','*','*']","mobile","tm","tmqr",,"[PREMIUM]","[PREMIUM]","[]","2026-04-06 00:00:00","Idaho Steelheads at Utah Grizzlies (Rescheduled from 12/27/2025)","echl","2026-04-08 01:10:00","633f626f4a75d1000181f039"
"69c44a9ff6fbc8b354843749","2026-04-01 04:19:54.737","2026-04-01 04:19:54.737","69c44a9ff6fbc8b354843749","682cc95c902ab857fa265c81","[PREMIUM]","[PREMIUM]","[PREMIUM]","[PREMIUM]","[PREMIUM]","[1,2,3,4,5,6,7,8,9]","104","19","Lower","['*','*','*','*','*','*','*','*','*']","mobile","tm","tmqr",,"[PREMIUM]","[PREMIUM]","[]","2026-04-06 00:00:00","Idaho Steelheads at Utah Grizzlies (Rescheduled from 12/27/2025)","echl","2026-04-08 01:10:00","633f626f4a75d1000181f039"
"69c48178037c06f251b54f7e","2026-04-01 04:19:54.737","2026-04-02 08:23:01.770","69c48178037c06f251b54f7e","682cc95c902ab857fa265c81","[PREMIUM]","[PREMIUM]","[PREMIUM]","[PREMIUM]","[PREMIUM]","[1,2,3,4]","124","24","Lower","['*','*','*','*']","mobile","tm","tmqr",,"[PREMIUM]","[PREMIUM]","[]","2026-04-06 00:00:00","Idaho Steelheads at Utah Grizzlies (Rescheduled from 12/27/2025)","echl","2026-04-08 01:10:00","633f626f4a75d1000181f039"
"69c480bd2360be40872e002a","2026-04-01 04:19:54.737","2026-04-04 16:16:47.267","69c480bd2360be40872e002a","682cc95c902ab857fa265c81","[PREMIUM]","[PREMIUM]","[PREMIUM]","[PREMIUM]","[PREMIUM]","[1,2,3,4]","113","20","Lower","['*','*','*','*']","mobile","tm","tmqr",,"[PREMIUM]","[PREMIUM]","[]","2026-04-06 00:00:00","Idaho Steelheads at Utah Grizzlies (Rescheduled from 12/27/2025)","echl","2026-04-08 01:10:00","633f626f4a75d1000181f039"
"69cb560b7dd86e66866fd1d6","2026-04-01 04:19:54.737","2026-04-04 16:16:47.267","69cb560b7dd86e66866fd1d6","682cc95c902ab857fa265c81","[PREMIUM]","[PREMIUM]","[PREMIUM]","[PREMIUM]","[PREMIUM]","[1,2,3,4]","118","22","Lower","['*','*','*','*']","mobile","tm","tmqr",,"[PREMIUM]","[PREMIUM]","[]","2026-04-06 00:00:00","Idaho Steelheads at Utah Grizzlies (Rescheduled from 12/27/2025)","echl","2026-04-08 01:10:00","633f626f4a75d1000181f039"
"69cbc5ac53c05bd1455cc7ab","2026-04-01 04:19:54.737","2026-04-07 00:03:15.142","69cbc5ac53c05bd1455cc7ab","682cc95c902ab857fa265c81","[PREMIUM]","[PREMIUM]","[PREMIUM]","[PREMIUM]","[PREMIUM]","[1,2,3,4,5,6]","108","7","Lower","['*','*','*','*','*','*']","mobile","tm","tmqr","great","[PREMIUM]","[PREMIUM]","[]",,"Idaho Steelheads at Utah Grizzlies (Rescheduled from 12/27/2025)","echl","2026-04-08 01:10:00","633f626f4a75d1000181f039"
"69cbc5b653c05bd1455ecf61","2026-04-01 04:19:54.737","2026-04-02 08:23:01.770","69cbc5b653c05bd1455ecf61","682cc95c902ab857fa265c81","[PREMIUM]","[PREMIUM]","[PREMIUM]","[PREMIUM]","[PREMIUM]","[1,2]","104","12","Lower","['*','*']","mobile","tm","tmqr","great","[PREMIUM]","[PREMIUM]","[]","2026-04-06 00:00:00","Idaho Steelheads at Utah Grizzlies (Rescheduled from 12/27/2025)","echl","2026-04-08 01:10:00","633f626f4a75d1000181f039"
"69cbc5ac53c05bd1455cc792","2026-04-01 04:19:54.737","2026-04-07 00:03:15.142","69cbc5ac53c05bd1455cc792","682cc95c902ab857fa265c81","[PREMIUM]","[PREMIUM]","[PREMIUM]","[PREMIUM]","[PREMIUM]","[1,2,3,4,5,6]","112","4","Lower","['*','*','*','*','*','*']","mobile","tm","tmqr","great","[PREMIUM]","[PREMIUM]","[]",,"Idaho Steelheads at Utah Grizzlies (Rescheduled from 12/27/2025)","echl","2026-04-08 01:10:00","633f626f4a75d1000181f039"
"69cbc5a953c05bd1455c2554","2026-04-01 04:19:54.737","2026-04-02 08:23:01.770","69cbc5a953c05bd1455c2554","682cc95c902ab857fa265c81","[PREMIUM]","[PREMIUM]","[PREMIUM]","[PREMIUM]","[PREMIUM]","[1,2,3,4,5,6,7,8]","125","2","Lower","['*','*','*','*','*','*','*','*']","mobile","tm","tmqr",,"[PREMIUM]","[PREMIUM]","[]","2026-04-06 00:00:00","Idaho Steelheads at Utah Grizzlies (Rescheduled from 12/27/2025)","echl","2026-04-08 01:10:00","633f626f4a75d1000181f039"
"69cbc5a653c05bd1455b721e","2026-04-01 04:19:54.737","2026-04-02 08:23:01.770","69cbc5a653c05bd1455b721e","682cc95c902ab857fa265c81","[PREMIUM]","[PREMIUM]","[PREMIUM]","[PREMIUM]","[PREMIUM]","[1,2,3,4,5,6]","121","9","Lower","['*','*','*','*','*','*']","mobile","tm","tmqr",,"[PREMIUM]","[PREMIUM]","[]","2026-04-06 00:00:00","Idaho Steelheads at Utah Grizzlies (Rescheduled from 12/27/2025)","echl","2026-04-08 01:10:00","633f626f4a75d1000181f039"
"69cbc5a253c05bd1455ad581","2026-04-01 04:19:54.737","2026-04-02 08:23:01.770","69cbc5a253c05bd1455ad581","682cc95c902ab857fa265c81","[PREMIUM]","[PREMIUM]","[PREMIUM]","[PREMIUM]","[PREMIUM]","[1,2,3,4,5,6]","114","4","Lower","['*','*','*','*','*','*']","mobile","tm","tmqr",,"[PREMIUM]","[PREMIUM]","[]","2026-04-06 00:00:00","Idaho Steelheads at Utah Grizzlies (Rescheduled from 12/27/2025)","echl","2026-04-08 01:10:00","633f626f4a75d1000181f039"
"69cbc5bd53c05bd145600fc0","2026-04-01 04:19:54.737","2026-04-02 08:23:01.770","69cbc5bd53c05bd145600fc0","682cc95c902ab857fa265c81","[PREMIUM]","[PREMIUM]","[PREMIUM]","[PREMIUM]","[PREMIUM]","[1,2,3,4]","108","2","Lower","['*','*','*','*']","mobile","tm","tmqr",,"[PREMIUM]","[PREMIUM]","[]","2026-04-06 00:00:00","Idaho Steelheads at Utah Grizzlies (Rescheduled from 12/27/2025)","echl","2026-04-08 01:10:00","633f626f4a75d1000181f039"
"69cbc5a253c05bd1455ad530","2026-04-01 04:19:54.737","2026-04-07 00:03:15.142","69cbc5a253c05bd1455ad530","682cc95c902ab857fa265c81","[PREMIUM]","[PREMIUM]","[PREMIUM]","[PREMIUM]","[PREMIUM]","[1,2,3,4]","119","4","Lower","['*','*','*','*']","mobile","tm","tmqr",,"[PREMIUM]","[PREMIUM]","[]",,"Idaho Steelheads at Utah Grizzlies (Rescheduled from 12/27/2025)","echl","2026-04-08 01:10:00","633f626f4a75d1000181f039"
"69cbc5a253c05bd1455ad522","2026-04-01 04:19:54.737","2026-04-07 00:03:15.142","69cbc5a253c05bd1455ad522","682cc95c902ab857fa265c81","[PREMIUM]","[PREMIUM]","[PREMIUM]","[PREMIUM]","[PREMIUM]","[1,2,3,4]","117","6","Lower","['*','*','*','*']","mobile","tm","tmqr","cheapest","[PREMIUM]","[PREMIUM]","[]",,"Idaho Steelheads at Utah Grizzlies (Rescheduled from 12/27/2025)","echl","2026-04-08 01:10:00","633f626f4a75d1000181f039"
"69cbc59b53c05bd1455983b3","2026-04-01 04:19:54.737","2026-04-07 00:03:15.142","69cbc59b53c05bd1455983b3","682cc95c902ab857fa265c81","[PREMIUM]","[PREMIUM]","[PREMIUM]","[PREMIUM]","[PREMIUM]","[1,2]","121","2","Lower","['*','*']","mobile","tm","tmqr",,"[PREMIUM]","[PREMIUM]","[]",,"Idaho Steelheads at Utah Grizzlies (Rescheduled from 12/27/2025)","echl","2026-04-08 01:10:00","633f626f4a75d1000181f039"
"69cbc59b53c05bd14559839b","2026-04-01 04:19:54.737","2026-04-07 00:03:15.142","69cbc59b53c05bd14559839b","682cc95c902ab857fa265c81","[PREMIUM]","[PREMIUM]","[PREMIUM]","[PREMIUM]","[PREMIUM]","[1,2]","122","6","Lower","['*','*']","mobile","tm","tmqr","great","[PREMIUM]","[PREMIUM]","[]",,"Idaho Steelheads at Utah Grizzlies (Rescheduled from 12/27/2025)","echl","2026-04-08 01:10:00","633f626f4a75d1000181f039"
"69cbc59853c05bd14558c041","2026-04-01 04:19:54.737","2026-04-03 11:58:25.496","69cbc59853c05bd14558c041","682cc95c902ab857fa265c81","[PREMIUM]","[PREMIUM]","[PREMIUM]","[PREMIUM]","[PREMIUM]","[1,2,4]","113","13","Lower","['*','*','*','*']","mobile","tm","tmqr",,"[PREMIUM]","[PREMIUM]","[]","2026-04-06 00:00:00","Idaho Steelheads at Utah Grizzlies (Rescheduled from 12/27/2025)","echl","2026-04-08 01:10:00","633f626f4a75d1000181f039"
"69cbc59853c05bd14558c039","2026-04-01 04:19:54.737","2026-04-02 08:23:01.770","69cbc59853c05bd14558c039","682cc95c902ab857fa265c81","[PREMIUM]","[PREMIUM]","[PREMIUM]","[PREMIUM]","[PREMIUM]","[1,2,3,4,5,6]","107","4","Lower","['*','*','*','*','*','*']","mobile","tm","tmqr","great","[PREMIUM]","[PREMIUM]","[]","2026-04-06 00:00:00","Idaho Steelheads at Utah Grizzlies (Rescheduled from 12/27/2025)","echl","2026-04-08 01:10:00","633f626f4a75d1000181f039"
"69cbc59553c05bd145581b2a","2026-04-01 04:19:54.737","2026-04-07 00:03:15.142","69cbc59553c05bd145581b2a","682cc95c902ab857fa265c81","[PREMIUM]","[PREMIUM]","[PREMIUM]","[PREMIUM]","[PREMIUM]","[1,2,3,4,5,6,7,8]","105","22","Lower","['*','*','*','*','*','*','*','*']","mobile","tm","tmqr",,"[PREMIUM]","[PREMIUM]","[]",,"Idaho Steelheads at Utah Grizzlies (Rescheduled from 12/27/2025)","echl","2026-04-08 01:10:00","633f626f4a75d1000181f039"
"69cbc59253c05bd145576934","2026-04-01 04:19:54.737","2026-04-02 08:23:01.770","69cbc59253c05bd145576934","682cc95c902ab857fa265c81","[PREMIUM]","[PREMIUM]","[PREMIUM]","[PREMIUM]","[PREMIUM]","[1,2,3,4,5,6]","115","3","Lower","['*','*','*','*','*','*']","mobile","tm","tmqr",,"[PREMIUM]","[PREMIUM]","[]","2026-04-06 00:00:00","Idaho Steelheads at Utah Grizzlies (Rescheduled from 12/27/2025)","echl","2026-04-08 01:10:00","633f626f4a75d1000181f039"
"69cbc58853c05bd14555726b","2026-04-01 04:19:54.737","2026-04-05 19:54:01.782","69cbc58853c05bd14555726b","682cc95c902ab857fa265c81","[PREMIUM]","[PREMIUM]","[PREMIUM]","[PREMIUM]","[PREMIUM]","[1,2,3,4]","103","22","Lower","['*','*','*','*']","mobile","tm","tmqr",,"[PREMIUM]","[PREMIUM]","[]","2026-04-06 00:00:00","Idaho Steelheads at Utah Grizzlies (Rescheduled from 12/27/2025)","echl","2026-04-08 01:10:00","633f626f4a75d1000181f039"
"69cbc5b653c05bd1455ecf76","2026-04-01 04:19:54.737","2026-04-02 08:23:01.770","69cbc5b653c05bd1455ecf76","682cc95c902ab857fa265c81","[PREMIUM]","[PREMIUM]","[PREMIUM]","[PREMIUM]","[PREMIUM]","[1,2,3,4,5,6]","109","7","Lower","['*','*','*','*','*','*']","mobile","tm","tmqr","amazing","[PREMIUM]","[PREMIUM]","[]","2026-04-06 00:00:00","Idaho Steelheads at Utah Grizzlies (Rescheduled from 12/27/2025)","echl","2026-04-08 01:10:00","633f626f4a75d1000181f039"
"69cbc5b653c05bd1455ecfcf","2026-04-01 04:19:54.737","2026-04-02 08:23:01.770","69cbc5b653c05bd1455ecfcf","682cc95c902ab857fa265c81","[PREMIUM]","[PREMIUM]","[PREMIUM]","[PREMIUM]","[PREMIUM]","[1,2,3,4,5,6]","105","10","Lower","['*','*','*','*','*','*']","mobile","tm","tmqr","great","[PREMIUM]","[PREMIUM]","[]","2026-04-06 00:00:00","Idaho Steelheads at Utah Grizzlies (Rescheduled from 12/27/2025)","echl","2026-04-08 01:10:00","633f626f4a75d1000181f039"
"69cbc58553c05bd14554d241","2026-04-01 04:19:54.737","2026-04-07 00:03:15.142","69cbc58553c05bd14554d241","682cc95c902ab857fa265c81","[PREMIUM]","[PREMIUM]","[PREMIUM]","[PREMIUM]","[PREMIUM]","[1,2]","109","2","Lower","['*','*']","mobile","tm","tmqr",,"[PREMIUM]","[PREMIUM]","[]",,"Idaho Steelheads at Utah Grizzlies (Rescheduled from 12/27/2025)","echl","2026-04-08 01:10:00","633f626f4a75d1000181f039"
"69cbc5ba53c05bd1455f6c5e","2026-04-01 04:19:54.737","2026-04-02 08:23:01.770","69cbc5ba53c05bd1455f6c5e","682cc95c902ab857fa265c81","[PREMIUM]","[PREMIUM]","[PREMIUM]","[PREMIUM]","[PREMIUM]","[1,2,3,5]","118","10","Lower","['*','*','*','*','*']","mobile","tm","tmqr","amazing","[PREMIUM]","[PREMIUM]","[]","2026-04-06 00:00:00","Idaho Steelheads at Utah Grizzlies (Rescheduled from 12/27/2025)","echl","2026-04-08 01:10:00","633f626f4a75d1000181f039"
"69cbe38753c05bd145f39848","2026-04-01 04:19:54.707","2026-04-01 04:19:54.707","69cbe38753c05bd145f39848","6828d666289cf12a7794a31b","[PREMIUM]","[PREMIUM]","[PREMIUM]","[PREMIUM]","[PREMIUM]","[1,2,3,4]","103","P","Lower","['*','*','*','*']","mobile","tm","tmqr","great","[PREMIUM]","[PREMIUM]","[]","2026-04-17 00:00:00","Kansas City Mavericks at Allen Americans (Rescheduled from 12/27/2025)","echl","2026-04-19 00:00:00","65456edf4263a23da343273a"
"69cbde63152752c124aa4186","2026-04-01 04:19:54.707","2026-04-02 08:23:00.617","69cbde63152752c124aa4186","6828d666289cf12a7794a31b","[PREMIUM]","[PREMIUM]","[PREMIUM]","[PREMIUM]","[PREMIUM]","[1,2,3,4,6]","106","R","Lower","['*','*','*','*','*','*']","mobile","tm","tmqr",,"[PREMIUM]","[PREMIUM]","[]","2026-04-17 00:00:00","Kansas City Mavericks at Allen Americans (Rescheduled from 12/27/2025)","echl","2026-04-19 00:00:00","65456edf4263a23da343273a"
"69cbde64d60c31d47b4182db","2026-04-01 04:19:54.707","2026-04-02 08:23:00.617","69cbde64d60c31d47b4182db","6828d666289cf12a7794a31b","[PREMIUM]","[PREMIUM]","[PREMIUM]","[PREMIUM]","[PREMIUM]","[1,2,3,4,5,6,7,8]","104","P","Lower","['*','*','*','*','*','*','*','*']","mobile","tm","tmqr",,"[PREMIUM]","[PREMIUM]","[]","2026-04-17 00:00:00","Kansas City Mavericks at Allen Americans (Rescheduled from 12/27/2025)","echl","2026-04-19 00:00:00","65456edf4263a23da343273a"
"69cc0722d12ce26a9c679e51","2026-04-01 04:19:54.675","2026-04-01 04:19:54.675","69cc0722d12ce26a9c679e51","682a23c4b23e447c108f150e","[PREMIUM]","[PREMIUM]","[PREMIUM]","[PREMIUM]","[PREMIUM]","[1,2,3,4]","222","25","Lower","['*','*','*','*']","mobile","tm","tmqr",,"[PREMIUM]","[PREMIUM]","[]","2026-04-15 00:00:00","Toledo Walleye at Fort Wayne Komets (Rescheduled from 12/27/2025)","echl","2026-04-17 00:35:00","63c9d24e0d5fff000179f4ef"
"69cc840b53c05bd145dc4ee3","2026-04-01 04:19:54.675","2026-04-01 04:19:54.675","69cc840b53c05bd145dc4ee3","682a23c4b23e447c108f150e","[PREMIUM]","[PREMIUM]","[PREMIUM]","[PREMIUM]","[PREMIUM]","[1,2]","205","9","Lower","['*','*']","mobile","tm","tmqr",,"[PREMIUM]","[PREMIUM]","[]","2026-04-15 00:00:00","Toledo Walleye at Fort Wayne Komets (Rescheduled from 12/27/2025)","echl","2026-04-17 00:35:00","63c9d24e0d5fff000179f4ef"
"69c7162553c05bd145a34444","2026-04-01 04:19:54.473","2026-04-04 16:16:47.115","69c7162553c05bd145a34444","682ccc3f77fc8c14fcbf95be","[PREMIUM]","[PREMIUM]","[PREMIUM]","[PREMIUM]","[PREMIUM]","[2]","120","C","Lower","['*','*']","electronic",,"tmqr",,"[PREMIUM]","[PREMIUM]","[]","2026-04-17 00:00:00","Indy Fuel at Wheeling Nailers (Rescheduled from 12/27)","echl","2026-04-18 23:10:00","650b7803d865490001f003fd"
"69ca24e553c05bd145492c64","2026-04-01 04:19:54.473","2026-04-02 08:23:03.169","69ca24e553c05bd145492c64","682ccc3f77fc8c14fcbf95be","[PREMIUM]","[PREMIUM]","[PREMIUM]","[PREMIUM]","[PREMIUM]","[1,2]","223","E","Middle","['*','*']","electronic",,"tmqr",,"[PREMIUM]","[PREMIUM]","[]","2026-04-17 00:00:00","Indy Fuel at Wheeling Nailers (Rescheduled from 12/27)","echl","2026-04-18 23:10:00","650b7803d865490001f003fd"
"69cb27b953c05bd145e89c9e","2026-04-01 04:19:54.473","2026-04-02 08:23:03.169","69cb27b953c05bd145e89c9e","682ccc3f77fc8c14fcbf95be","[PREMIUM]","[PREMIUM]","[PREMIUM]","[PREMIUM]","[PREMIUM]","[1,2,3]","314","F","Upper","['*','*','*']","electronic",,"tmqr","cheapest","[PREMIUM]","[PREMIUM]","[]","2026-04-17 00:00:00","Indy Fuel at Wheeling Nailers (Rescheduled from 12/27)","echl","2026-04-18 23:10:00","650b7803d865490001f003fd"
"69cc04a753c05bd14504e035","2026-04-01 04:19:54.473","2026-04-02 08:23:03.169","69cc04a753c05bd14504e035","682ccc3f77fc8c14fcbf95be","[PREMIUM]","[PREMIUM]","[PREMIUM]","[PREMIUM]","[PREMIUM]","[2]","321","A","Upper","['*','*']","electronic",,"tmqr",,"[PREMIUM]","[PREMIUM]","[]","2026-04-17 00:00:00","Indy Fuel at Wheeling Nailers (Rescheduled from 12/27)","echl","2026-04-18 23:10:00","650b7803d865490001f003fd"
"69cc04cd53c05bd1450c16aa","2026-04-01 04:19:54.473","2026-04-02 08:23:03.169","69cc04cd53c05bd1450c16aa","682ccc3f77fc8c14fcbf95be","[PREMIUM]","[PREMIUM]","[PREMIUM]","[PREMIUM]","[PREMIUM]","[1,2,3,4,5,6,7]","326","F","Upper","['*','*','*','*','*','*','*']","electronic",,"tmqr",,"[PREMIUM]","[PREMIUM]","[]","2026-04-17 00:00:00","Indy Fuel at Wheeling Nailers (Rescheduled from 12/27)","echl","2026-04-18 23:10:00","650b7803d865490001f003fd"
"69cc04cc53c05bd1450beee3","2026-04-01 04:19:54.473","2026-04-02 08:23:03.169","69cc04cc53c05bd1450beee3","682ccc3f77fc8c14fcbf95be","[PREMIUM]","[PREMIUM]","[PREMIUM]","[PREMIUM]","[PREMIUM]","[1,2,3,4,5,6]","327","A","Upper","['*','*','*','*','*','*']","electronic",,"tmqr","great","[PREMIUM]","[PREMIUM]","[]","2026-04-17 00:00:00","Indy Fuel at Wheeling Nailers (Rescheduled from 12/27)","echl","2026-04-18 23:10:00","650b7803d865490001f003fd"
"69cc049653c05bd145022133","2026-04-01 04:19:54.473","2026-04-02 08:23:03.169","69cc049653c05bd145022133","682ccc3f77fc8c14fcbf95be","[PREMIUM]","[PREMIUM]","[PREMIUM]","[PREMIUM]","[PREMIUM]","[1,2,3,4,5,6,7,8]","324","F","Upper","['*','*','*','*','*','*','*','*']","electronic",,"tmqr","great","[PREMIUM]","[PREMIUM]","[]","2026-04-17 00:00:00","Indy Fuel at Wheeling Nailers (Rescheduled from 12/27)","echl","2026-04-18 23:10:00","650b7803d865490001f003fd"
"69cc245953c05bd145c5bf4a","2026-04-01 04:19:54.473","2026-04-01 04:19:54.473","69cc245953c05bd145c5bf4a","682ccc3f77fc8c14fcbf95be","[PREMIUM]","[PREMIUM]","[PREMIUM]","[PREMIUM]","[PREMIUM]","[1,2,3,4,5]","224","E","Middle","['*','*','*','*','*']","electronic",,"tmqr",,"[PREMIUM]","[PREMIUM]","[]","2026-04-17 00:00:00","Indy Fuel at Wheeling Nailers (Rescheduled from 12/27)","echl","2026-04-18 23:10:00","650b7803d865490001f003fd"
"69cc245653c05bd145c538e5","2026-04-01 04:19:54.473","2026-04-03 11:58:25.413","69cc245653c05bd145c538e5","682ccc3f77fc8c14fcbf95be","[PREMIUM]","[PREMIUM]","[PREMIUM]","[PREMIUM]","[PREMIUM]","[1,2,3]","204","A","Middle","['*','*','*']","electronic",,"tmqr","great","[PREMIUM]","[PREMIUM]","[]","2026-04-17 00:00:00","Indy Fuel at Wheeling Nailers (Rescheduled from 12/27)","echl","2026-04-18 23:10:00","650b7803d865490001f003fd"
"69cc620d53c05bd145908881","2026-04-01 04:19:54.473","2026-04-01 04:19:54.473","69cc620d53c05bd145908881","682ccc3f77fc8c14fcbf95be","[PREMIUM]","[PREMIUM]","[PREMIUM]","[PREMIUM]","[PREMIUM]","[1,2,3]","207","A","Middle","['*','*','*']","electronic",,"tmqr",,"[PREMIUM]","[PREMIUM]","[]","2026-04-17 00:00:00","Indy Fuel at Wheeling Nailers (Rescheduled from 12/27)","echl","2026-04-18 23:10:00","650b7803d865490001f003fd"
"69cbf6994a7ee84469d8429b","2026-04-01 04:19:53.155","2026-04-05 19:53:56.523","69cbf6994a7ee84469d8429b","6828d5e12894e4a1373dca85","[PREMIUM]","[PREMIUM]","[PREMIUM]","[PREMIUM]","[PREMIUM]","[2]","118","L","Lower","['1','2']","mobile","tm","tmqr","great","[PREMIUM]","[PREMIUM]","[]","2026-04-06 23:10:00","Savannah Ghost Pirates at Atlanta Gladiators (Rescheduled from 12/28/2025)","echl","2026-04-07 19:10:00","58127f1ecde6626ebe12395e"
"69cbb89439d4ee61f5c8d8a0","2026-04-01 04:19:52.974","2026-04-02 08:22:58.806","69cbb89439d4ee61f5c8d8a0","682a28a3e9edabedb24c3800","[PREMIUM]","[PREMIUM]","[PREMIUM]","[PREMIUM]","[PREMIUM]","[1,2,3]","108","RR","Lower","['*','*','*']","mobile","tm","tmqr",,"[PREMIUM]","[PREMIUM]","[]","2026-04-18 00:00:00","Norfolk Admirals at Greensboro Gargoyles (Rescheduled from 12/28/2025)","echl","2026-04-19 19:00:00","5758b8caf80c41206da73335"
"69cbdd5fbe69830504f07404","2026-04-01 04:19:52.974","2026-04-01 04:19:52.974","69cbdd5fbe69830504f07404","682a28a3e9edabedb24c3800","[PREMIUM]","[PREMIUM]","[PREMIUM]","[PREMIUM]","[PREMIUM]","[1,2,3,4,5,6]","107","RR","Lower","['*','*','*','*','*','*']","mobile","tm","tmqr",,"[PREMIUM]","[PREMIUM]","[]","2026-04-18 00:00:00","Norfolk Admirals at Greensboro Gargoyles (Rescheduled from 12/28/2025)","echl","2026-04-19 19:00:00","5758b8caf80c41206da73335"
"69cbdd62a5af5020fc993e7f","2026-04-01 04:19:52.974","2026-04-01 04:19:52.974","69cbdd62a5af5020fc993e7f","682a28a3e9edabedb24c3800","[PREMIUM]","[PREMIUM]","[PREMIUM]","[PREMIUM]","[PREMIUM]","[1,2,3,4,5,6]","108","JJ","Lower","['*','*','*','*','*','*']","mobile","tm","tmqr",,"[PREMIUM]","[PREMIUM]","[]","2026-04-18 00:00:00","Norfolk Admirals at Greensboro Gargoyles (Rescheduled from 12/28/2025)","echl","2026-04-19 19:00:00","5758b8caf80c41206da73335"
"69cbdd6948921fe225f38c04","2026-04-01 04:19:52.974","2026-04-02 08:22:58.806","69cbdd6948921fe225f38c04","682a28a3e9edabedb24c3800","[PREMIUM]","[PREMIUM]","[PREMIUM]","[PREMIUM]","[PREMIUM]","[1,2]","103","QQ","Lower","['*','*']","mobile","tm","tmqr",,"[PREMIUM]","[PREMIUM]","[]","2026-04-18 00:00:00","Norfolk Admirals at Greensboro Gargoyles (Rescheduled from 12/28/2025)","echl","2026-04-19 19:00:00","5758b8caf80c41206da73335"
"69cbdd6202e3e0723c643473","2026-04-01 04:19:52.974","2026-04-02 08:22:58.806","69cbdd6202e3e0723c643473","682a28a3e9edabedb24c3800","[PREMIUM]","[PREMIUM]","[PREMIUM]","[PREMIUM]","[PREMIUM]","[1,2,3,4,5,6]","225","F","Upper","['*','*','*','*','*','*']","mobile","tm","tmqr",,"[PREMIUM]","[PREMIUM]","[]","2026-04-18 00:00:00","Norfolk Admirals at Greensboro Gargoyles (Rescheduled from 12/28/2025)","echl","2026-04-19 19:00:00","5758b8caf80c41206da73335"
"69cbdd607dd86e66866fff53","2026-04-01 04:19:52.974","2026-04-02 08:22:58.806","69cbdd607dd86e66866fff53","682a28a3e9edabedb24c3800","[PREMIUM]","[PREMIUM]","[PREMIUM]","[PREMIUM]","[PREMIUM]","[1,2,3,4,5,6,7,8]","128","NN","Lower","['*','*','*','*','*','*','*','*']","mobile","tm","tmqr",,"[PREMIUM]","[PREMIUM]","[]","2026-04-18 00:00:00","Norfolk Admirals at Greensboro Gargoyles (Rescheduled from 12/28/2025)","echl","2026-04-19 19:00:00","5758b8caf80c41206da73335"
"69cbfb7002e3e0723c64562a","2026-04-01 04:19:52.974","2026-04-01 04:19:52.974","69cbfb7002e3e0723c64562a","682a28a3e9edabedb24c3800","[PREMIUM]","[PREMIUM]","[PREMIUM]","[PREMIUM]","[PREMIUM]","[1,2,3,4,5,6,7,8]","106","VV","Lower","['*','*','*','*','*','*','*','*']","mobile","tm","tmqr",,"[PREMIUM]","[PREMIUM]","[]","2026-04-18 00:00:00","Norfolk Admirals at Greensboro Gargoyles (Rescheduled from 12/28/2025)","echl","2026-04-19 19:00:00","5758b8caf80c41206da73335"
"699f14f7c42be979a8f35b19","2026-04-01 04:19:52.855","2026-04-05 19:53:56.551","699f14f7c42be979a8f35b19","682cc7554812a3251f2178bd","[PREMIUM]","[PREMIUM]","[PREMIUM]","[PREMIUM]","[PREMIUM]","[1,2]","106","B","Lower","['*','*']","mobile","tm","tmqr",,"[PREMIUM]","[PREMIUM]","[]","2026-04-18 00:00:00","Adirondack Thunder at Worcester Railers (Rescheduled from 12/28/2025)","echl","2026-04-19 19:05:00","588a76eccde6626ebe424492"
"69c444a3f6fbc8b3542ca9ab","2026-04-01 04:19:52.855","2026-04-01 04:19:52.855","69c444a3f6fbc8b3542ca9ab","682cc7554812a3251f2178bd","[PREMIUM]","[PREMIUM]","[PREMIUM]","[PREMIUM]","[PREMIUM]","[1,2,3,4,5,6]","119","J","Lower","['*','*','*','*','*','*']","mobile","tm","tmqr",,"[PREMIUM]","[PREMIUM]","[]","2026-04-18 00:00:00","Adirondack Thunder at Worcester Railers (Rescheduled from 12/28/2025)","echl","2026-04-19 19:05:00","588a76eccde6626ebe424492"
"69c44481f6fbc8b3542447a7","2026-04-01 04:19:52.855","2026-04-01 04:19:52.855","69c44481f6fbc8b3542447a7","682cc7554812a3251f2178bd","[PREMIUM]","[PREMIUM]","[PREMIUM]","[PREMIUM]","[PREMIUM]","[1,2,3,4,5,6,7]","107","F","Lower","['*','*','*','*','*','*','*']","mobile","tm","tmqr",,"[PREMIUM]","[PREMIUM]","[]","2026-04-18 00:00:00","Adirondack Thunder at Worcester Railers (Rescheduled from 12/28/2025)","echl","2026-04-19 19:05:00","588a76eccde6626ebe424492"
"69c5a10d2360be40872e8085","2026-04-01 04:19:52.855","2026-04-02 08:22:58.669","69c5a10d2360be40872e8085","682cc7554812a3251f2178bd","[PREMIUM]","[PREMIUM]","[PREMIUM]","[PREMIUM]","[PREMIUM]","[2]","102","J","Lower","['*','*']","mobile","tm","tmqr","great","[PREMIUM]","[PREMIUM]","[]","2026-04-18 00:00:00","Adirondack Thunder at Worcester Railers (Rescheduled from 12/28/2025)","echl","2026-04-19 19:05:00","588a76eccde6626ebe424492"
"69cb9e6f53c05bd145b9863f","2026-04-01 04:19:52.855","2026-04-04 16:16:45.264","69cb9e6f53c05bd145b9863f","682cc7554812a3251f2178bd","[PREMIUM]","[PREMIUM]","[PREMIUM]","[PREMIUM]","[PREMIUM]","[2]","236","D","Upper","['*','*']","mobile","tm","tmqr",,"[PREMIUM]","[PREMIUM]","[]","2026-04-17 00:00:00","Adirondack Thunder at Worcester Railers (Rescheduled from 12/28/2025)","echl","2026-04-19 19:05:00","588a76eccde6626ebe424492"
"69cb9eaf53c05bd145c37d54","2026-04-01 04:19:52.855","2026-04-04 16:16:45.264","69cb9eaf53c05bd145c37d54","682cc7554812a3251f2178bd","[PREMIUM]","[PREMIUM]","[PREMIUM]","[PREMIUM]","[PREMIUM]","[2]","231","D","Upper","['*','*']","mobile","tm","tmqr",,"[PREMIUM]","[PREMIUM]","[]","2026-04-17 00:00:00","Adirondack Thunder at Worcester Railers (Rescheduled from 12/28/2025)","echl","2026-04-19 19:05:00","588a76eccde6626ebe424492"
"69cb9e9e53c05bd145c0b243","2026-04-01 04:19:52.855","2026-04-04 16:16:45.264","69cb9e9e53c05bd145c0b243","682cc7554812a3251f2178bd","[PREMIUM]","[PREMIUM]","[PREMIUM]","[PREMIUM]","[PREMIUM]","[2]","233","D","Upper","['*','*']","mobile","tm","tmqr",,"[PREMIUM]","[PREMIUM]","[]","2026-04-17 00:00:00","Adirondack Thunder at Worcester Railers (Rescheduled from 12/28/2025)","echl","2026-04-19 19:05:00","588a76eccde6626ebe424492"
"69cb9e8f53c05bd145be4f33","2026-04-01 04:19:52.855","2026-04-01 04:19:52.855","69cb9e8f53c05bd145be4f33","682cc7554812a3251f2178bd","[PREMIUM]","[PREMIUM]","[PREMIUM]","[PREMIUM]","[PREMIUM]","[2]","220","D","Upper","['*','*']","mobile","tm","tmqr",,"[PREMIUM]","[PREMIUM]","[]","2026-04-17 00:00:00","Adirondack Thunder at Worcester Railers (Rescheduled from 12/28/2025)","echl","2026-04-19 19:05:00","588a76eccde6626ebe424492"
"69cb9ea153c05bd145c11c61","2026-04-01 04:19:52.855","2026-04-04 16:16:45.264","69cb9ea153c05bd145c11c61","682cc7554812a3251f2178bd","[PREMIUM]","[PREMIUM]","[PREMIUM]","[PREMIUM]","[PREMIUM]","[2]","230","D","Upper","['*','*']","mobile","tm","tmqr","great","[PREMIUM]","[PREMIUM]","[]","2026-04-17 00:00:00","Adirondack Thunder at Worcester Railers (Rescheduled from 12/28/2025)","echl","2026-04-19 19:05:00","588a76eccde6626ebe424492"
"69cbd2a353c05bd145a673d1","2026-04-01 04:19:52.855","2026-04-01 04:19:52.855","69cbd2a353c05bd145a673d1","682cc7554812a3251f2178bd","[PREMIUM]","[PREMIUM]","[PREMIUM]","[PREMIUM]","[PREMIUM]","[1,2,3,4,5,6]","108","G","Lower","['*','*','*','*','*','*']","mobile","tm","tmqr",,"[PREMIUM]","[PREMIUM]","[]","2026-04-18 00:00:00","Adirondack Thunder at Worcester Railers (Rescheduled from 12/28/2025)","echl","2026-04-19 19:05:00","588a76eccde6626ebe424492"
"69cbdd2236a7d1cf8cab6213","2026-04-01 04:19:52.855","2026-04-01 04:19:52.855","69cbdd2236a7d1cf8cab6213","682cc7554812a3251f2178bd","[PREMIUM]","[PREMIUM]","[PREMIUM]","[PREMIUM]","[PREMIUM]","[2]","238","E","Upper","['*','*']","mobile","tm","tmqr","amazing","[PREMIUM]","[PREMIUM]","[]","2026-04-18 00:00:00","Adirondack Thunder at Worcester Railers (Rescheduled from 12/28/2025)","echl","2026-04-19 19:05:00","588a76eccde6626ebe424492"
"69cbdd20152752c124aa40e2","2026-04-01 04:19:52.855","2026-04-02 08:22:58.669","69cbdd20152752c124aa40e2","682cc7554812a3251f2178bd","[PREMIUM]","[PREMIUM]","[PREMIUM]","[PREMIUM]","[PREMIUM]","[2,4]","112","G","Lower","['*','*','*','*']","mobile","tm","tmqr",,"[PREMIUM]","[PREMIUM]","[]","2026-04-18 00:00:00","Adirondack Thunder at Worcester Railers (Rescheduled from 12/28/2025)","echl","2026-04-19 19:05:00","588a76eccde6626ebe424492"
"69cbdd1fd77b5a44d40d415b","2026-04-01 04:19:52.855","2026-04-01 04:19:52.855","69cbdd1fd77b5a44d40d415b","682cc7554812a3251f2178bd","[PREMIUM]","[PREMIUM]","[PREMIUM]","[PREMIUM]","[PREMIUM]","[1,2]","220","A","Upper","['*','*']","mobile","tm","tmqr","great","[PREMIUM]","[PREMIUM]","[]","2026-04-18 00:00:00","Adirondack Thunder at Worcester Railers (Rescheduled from 12/28/2025)","echl","2026-04-19 19:05:00","588a76eccde6626ebe424492"
"69cc0e0553c05bd14505d325","2026-04-01 04:19:52.855","2026-04-04 16:16:45.264","69cc0e0553c05bd14505d325","682cc7554812a3251f2178bd","[PREMIUM]","[PREMIUM]","[PREMIUM]","[PREMIUM]","[PREMIUM]","[2]","108","B","Lower","['*','*']","mobile","tm","tmqr",,"[PREMIUM]","[PREMIUM]","[]","2026-04-17 00:00:00","Adirondack Thunder at Worcester Railers (Rescheduled from 12/28/2025)","echl","2026-04-19 19:05:00","588a76eccde6626ebe424492"
"69cc60c153c05bd145437a67","2026-04-01 04:19:52.855","2026-04-03 11:58:23.848","69cc60c153c05bd145437a67","682cc7554812a3251f2178bd","[PREMIUM]","[PREMIUM]","[PREMIUM]","[PREMIUM]","[PREMIUM]","[1,2]","111","F","Lower","['*','*']","mobile","tm","tmqr",,"[PREMIUM]","[PREMIUM]","[]","2026-04-18 00:00:00","Adirondack Thunder at Worcester Railers (Rescheduled from 12/28/2025)","echl","2026-04-19 19:05:00","588a76eccde6626ebe424492"
"69cb9809a31e4e86395b774d","2026-04-01 04:19:52.843","2026-04-01 04:19:52.843","69cb9809a31e4e86395b774d","682cc943467618ff80006436","[PREMIUM]","[PREMIUM]","[PREMIUM]","[PREMIUM]","[PREMIUM]","[1,2,3,4]","116","H","Lower","['*','*','*','*']","mobile",,"tmqr","amazing","[PREMIUM]","[PREMIUM]","[]","2026-04-17 00:00:00","Maine Mariners at Trois-Rivieres Lions","echl","2026-04-18 19:00:00","67feb34a03051e69f2b99a40"
"69cc03eb313c20f8e93807da","2026-04-01 04:19:52.843","2026-04-02 08:22:58.667","69cc03eb313c20f8e93807da","682cc943467618ff80006436","[PREMIUM]","[PREMIUM]","[PREMIUM]","[PREMIUM]","[PREMIUM]","[1,2,3,4,6]","101","O","Lower","['*','*','*','*','*','*']","mobile",,"tmqr",,"[PREMIUM]","[PREMIUM]","[]","2026-04-17 00:00:00","Maine Mariners at Trois-Rivieres Lions","echl","2026-04-18 19:00:00","67feb34a03051e69f2b99a40"
"69c6e41a53c05bd1452d63a6","2026-04-01 04:19:51.504","2026-04-01 04:19:51.504","69c6e41a53c05bd1452d63a6","682ccc3f51518873f10d242d","[PREMIUM]","[PREMIUM]","[PREMIUM]","[PREMIUM]","[PREMIUM]","[1,2]","123","E","Lower","['*','*']","electronic",,"tmqr",,"[PREMIUM]","[PREMIUM]","[]","2026-04-06 00:00:00","Cincinnati Cyclones at Wheeling Nailers (Rescheduled from 12/28/2025)","echl","2026-04-07 23:10:00","650b7803d865490001f003fd"
"69cbc84353c05bd145ddfd8e","2026-04-01 04:19:51.504","2026-04-01 04:19:51.504","69cbc84353c05bd145ddfd8e","682ccc3f51518873f10d242d","[PREMIUM]","[PREMIUM]","[PREMIUM]","[PREMIUM]","[PREMIUM]","[1,2,3,4]","211","C","Middle","['*','*','*','*']","electronic",,"tmqr","great","[PREMIUM]","[PREMIUM]","[]","2026-04-06 00:00:00","Cincinnati Cyclones at Wheeling Nailers (Rescheduled from 12/28/2025)","echl","2026-04-07 23:10:00","650b7803d865490001f003fd"
"69cbc84a53c05bd145df496b","2026-04-01 04:19:51.504","2026-04-01 04:19:51.504","69cbc84a53c05bd145df496b","682ccc3f51518873f10d242d","[PREMIUM]","[PREMIUM]","[PREMIUM]","[PREMIUM]","[PREMIUM]","[1,2,3,4,5,6]","301","A","Upper","['*','*','*','*','*','*']","electronic",,"tmqr",,"[PREMIUM]","[PREMIUM]","[]","2026-04-06 00:00:00","Cincinnati Cyclones at Wheeling Nailers (Rescheduled from 12/28/2025)","echl","2026-04-07 23:10:00","650b7803d865490001f003fd"
"69cbc84753c05bd145deaf33","2026-04-01 04:19:51.504","2026-04-01 04:19:51.504","69cbc84753c05bd145deaf33","682ccc3f51518873f10d242d","[PREMIUM]","[PREMIUM]","[PREMIUM]","[PREMIUM]","[PREMIUM]","[1,2,3]","217","A","Middle","['*','*','*']","electronic",,"tmqr",,"[PREMIUM]","[PREMIUM]","[]","2026-04-06 00:00:00","Cincinnati Cyclones at Wheeling Nailers (Rescheduled from 12/28/2025)","echl","2026-04-07 23:10:00","650b7803d865490001f003fd"
"69cbc82d53c05bd145d9489f","2026-04-01 04:19:51.504","2026-04-01 04:19:51.504","69cbc82d53c05bd145d9489f","682ccc3f51518873f10d242d","[PREMIUM]","[PREMIUM]","[PREMIUM]","[PREMIUM]","[PREMIUM]","[1,2,3,4,5,6,7,8]","307","F","Upper","['*','*','*','*','*','*','*','*']","electronic",,"tmqr",,"[PREMIUM]","[PREMIUM]","[]","2026-04-06 00:00:00","Cincinnati Cyclones at Wheeling Nailers (Rescheduled from 12/28/2025)","echl","2026-04-07 23:10:00","650b7803d865490001f003fd"
"69cbc84d53c05bd145dfe267","2026-04-01 04:19:51.504","2026-04-01 04:19:51.504","69cbc84d53c05bd145dfe267","682ccc3f51518873f10d242d","[PREMIUM]","[PREMIUM]","[PREMIUM]","[PREMIUM]","[PREMIUM]","[1,2,3,4,5,6,7,8]","210","D","Middle","['*','*','*','*','*','*','*','*']","electronic",,"tmqr",,"[PREMIUM]","[PREMIUM]","[]","2026-04-06 00:00:00","Cincinnati Cyclones at Wheeling Nailers (Rescheduled from 12/28/2025)","echl","2026-04-07 23:10:00","650b7803d865490001f003fd"
"69cbc84d53c05bd145dfe34b","2026-04-01 04:19:51.504","2026-04-01 04:19:51.504","69cbc84d53c05bd145dfe34b","682ccc3f51518873f10d242d","[PREMIUM]","[PREMIUM]","[PREMIUM]","[PREMIUM]","[PREMIUM]","[2]","310","B","Upper","['*','*']","electronic",,"tmqr",,"[PREMIUM]","[PREMIUM]","[]","2026-04-06 00:00:00","Cincinnati Cyclones at Wheeling Nailers (Rescheduled from 12/28/2025)","echl","2026-04-07 23:10:00","650b7803d865490001f003fd"
"69cbc82d53c05bd145d948a8","2026-04-01 04:19:51.504","2026-04-01 04:19:51.504","69cbc82d53c05bd145d948a8","682ccc3f51518873f10d242d","[PREMIUM]","[PREMIUM]","[PREMIUM]","[PREMIUM]","[PREMIUM]","[1,2,3]","221","D","Middle","['*','*','*']","electronic",,"tmqr",,"[PREMIUM]","[PREMIUM]","[]","2026-04-06 00:00:00","Cincinnati Cyclones at Wheeling Nailers (Rescheduled from 12/28/2025)","echl","2026-04-07 23:10:00","650b7803d865490001f003fd"
"69cbc84753c05bd145deaf6e","2026-04-01 04:19:51.504","2026-04-01 04:19:51.504","69cbc84753c05bd145deaf6e","682ccc3f51518873f10d242d","[PREMIUM]","[PREMIUM]","[PREMIUM]","[PREMIUM]","[PREMIUM]","[1,2,3,4,5,6,7]","313","F","Upper","['*','*','*','*','*','*','*']","electronic",,"tmqr","amazing","[PREMIUM]","[PREMIUM]","[]","2026-04-06 00:00:00","Cincinnati Cyclones at Wheeling Nailers (Rescheduled from 12/28/2025)","echl","2026-04-07 23:10:00","650b7803d865490001f003fd"
"69cbc84d53c05bd145dfe362","2026-04-01 04:19:51.504","2026-04-01 04:19:51.504","69cbc84d53c05bd145dfe362","682ccc3f51518873f10d242d","[PREMIUM]","[PREMIUM]","[PREMIUM]","[PREMIUM]","[PREMIUM]","[1,2,3,4,5,6,7]","319","C","Upper","['*','*','*','*','*','*','*']","electronic",,"tmqr","great","[PREMIUM]","[PREMIUM]","[]","2026-04-06 00:00:00","Cincinnati Cyclones at Wheeling Nailers (Rescheduled from 12/28/2025)","echl","2026-04-07 23:10:00","650b7803d865490001f003fd"
"69cbc83053c05bd145d9fd61","2026-04-01 04:19:51.504","2026-04-01 04:19:51.504","69cbc83053c05bd145d9fd61","682ccc3f51518873f10d242d","[PREMIUM]","[PREMIUM]","[PREMIUM]","[PREMIUM]","[PREMIUM]","[1,2,3]","226","B","Middle","['*','*','*']","electronic",,"tmqr",,"[PREMIUM]","[PREMIUM]","[]","2026-04-06 00:00:00","Cincinnati Cyclones at Wheeling Nailers (Rescheduled from 12/28/2025)","echl","2026-04-07 23:10:00","650b7803d865490001f003fd"
"69cbc83053c05bd145d9fda9","2026-04-01 04:19:51.504","2026-04-01 04:19:51.504","69cbc83053c05bd145d9fda9","682ccc3f51518873f10d242d","[PREMIUM]","[PREMIUM]","[PREMIUM]","[PREMIUM]","[PREMIUM]","[1,2,3]","220","C","Middle","['*','*','*']","electronic",,"tmqr",,"[PREMIUM]","[PREMIUM]","[]","2026-04-06 00:00:00","Cincinnati Cyclones at Wheeling Nailers (Rescheduled from 12/28/2025)","echl","2026-04-07 23:10:00","650b7803d865490001f003fd"
"69cbc83653c05bd145db3a10","2026-04-01 04:19:51.504","2026-04-01 04:19:51.504","69cbc83653c05bd145db3a10","682ccc3f51518873f10d242d","[PREMIUM]","[PREMIUM]","[PREMIUM]","[PREMIUM]","[PREMIUM]","[2]","222","C","Middle","['*','*']","electronic",,"tmqr",,"[PREMIUM]","[PREMIUM]","[]","2026-04-06 00:00:00","Cincinnati Cyclones at Wheeling Nailers (Rescheduled from 12/28/2025)","echl","2026-04-07 23:10:00","650b7803d865490001f003fd"
"69cbc84d53c05bd145dfe373","2026-04-01 04:19:51.504","2026-04-01 04:19:51.504","69cbc84d53c05bd145dfe373","682ccc3f51518873f10d242d","[PREMIUM]","[PREMIUM]","[PREMIUM]","[PREMIUM]","[PREMIUM]","[1,2,3,4,5,6,7]","321","E","Upper","['*','*','*','*','*','*','*']","electronic",,"tmqr",,"[PREMIUM]","[PREMIUM]","[]","2026-04-06 00:00:00","Cincinnati Cyclones at Wheeling Nailers (Rescheduled from 12/28/2025)","echl","2026-04-07 23:10:00","650b7803d865490001f003fd"
"69cbc83953c05bd145dbe339","2026-04-01 04:19:51.504","2026-04-01 04:19:51.504","69cbc83953c05bd145dbe339","682ccc3f51518873f10d242d","[PREMIUM]","[PREMIUM]","[PREMIUM]","[PREMIUM]","[PREMIUM]","[1,2,3,4,5,6,7]","305","F","Upper","['*','*','*','*','*','*','*']","electronic",,"tmqr","great","[PREMIUM]","[PREMIUM]","[]","2026-04-06 00:00:00","Cincinnati Cyclones at Wheeling Nailers (Rescheduled from 12/28/2025)","echl","2026-04-07 23:10:00","650b7803d865490001f003fd"
"69cbc83953c05bd145dbe3c7","2026-04-01 04:19:51.504","2026-04-01 04:19:51.504","69cbc83953c05bd145dbe3c7","682ccc3f51518873f10d242d","[PREMIUM]","[PREMIUM]","[PREMIUM]","[PREMIUM]","[PREMIUM]","[1,2,3]","221","A","Middle","['*','*','*']","electronic",,"tmqr",,"[PREMIUM]","[PREMIUM]","[]","2026-04-06 00:00:00","Cincinnati Cyclones at Wheeling Nailers (Rescheduled from 12/28/2025)","echl","2026-04-07 23:10:00","650b7803d865490001f003fd"
"69cbc85153c05bd145e04c81","2026-04-01 04:19:51.504","2026-04-01 04:19:51.504","69cbc85153c05bd145e04c81","682ccc3f51518873f10d242d","[PREMIUM]","[PREMIUM]","[PREMIUM]","[PREMIUM]","[PREMIUM]","[1,2,3,4,5,6,7]","216","B","Middle","['*','*','*','*','*','*','*']","electronic",,"tmqr",,"[PREMIUM]","[PREMIUM]","[]","2026-04-06 00:00:00","Cincinnati Cyclones at Wheeling Nailers (Rescheduled from 12/28/2025)","echl","2026-04-07 23:10:00","650b7803d865490001f003fd"
"69cbc84a53c05bd145df49b6","2026-04-01 04:19:51.504","2026-04-01 04:19:51.504","69cbc84a53c05bd145df49b6","682ccc3f51518873f10d242d","[PREMIUM]","[PREMIUM]","[PREMIUM]","[PREMIUM]","[PREMIUM]","[1,2,3,4]","218","B","Middle","['*','*','*','*']","electronic",,"tmqr","great","[PREMIUM]","[PREMIUM]","[]","2026-04-06 00:00:00","Cincinnati Cyclones at Wheeling Nailers (Rescheduled from 12/28/2025)","echl","2026-04-07 23:10:00","650b7803d865490001f003fd"
"69cbc83d53c05bd145dc9ae5","2026-04-01 04:19:51.504","2026-04-01 04:19:51.504","69cbc83d53c05bd145dc9ae5","682ccc3f51518873f10d242d","[PREMIUM]","[PREMIUM]","[PREMIUM]","[PREMIUM]","[PREMIUM]","[1,2,3,4,5,6,7,8]","308","C","Upper","['*','*','*','*','*','*','*','*']","electronic",,"tmqr","great","[PREMIUM]","[PREMIUM]","[]","2026-04-06 00:00:00","Cincinnati Cyclones at Wheeling Nailers (Rescheduled from 12/28/2025)","echl","2026-04-07 23:10:00","650b7803d865490001f003fd"
"69cbc83d53c05bd145dc9b37","2026-04-01 04:19:51.504","2026-04-01 04:19:51.504","69cbc83d53c05bd145dc9b37","682ccc3f51518873f10d242d","[PREMIUM]","[PREMIUM]","[PREMIUM]","[PREMIUM]","[PREMIUM]","[1,2,3,4,5,6,7]","227","B","Middle","['*','*','*','*','*','*','*']","electronic",,"tmqr","great","[PREMIUM]","[PREMIUM]","[]","2026-04-06 00:00:00","Cincinnati Cyclones at Wheeling Nailers (Rescheduled from 12/28/2025)","echl","2026-04-07 23:10:00","650b7803d865490001f003fd"
"69cbc83d53c05bd145dc9bc9","2026-04-01 04:19:51.504","2026-04-01 04:19:51.504","69cbc83d53c05bd145dc9bc9","682ccc3f51518873f10d242d","[PREMIUM]","[PREMIUM]","[PREMIUM]","[PREMIUM]","[PREMIUM]","[1,2,3,4]","204","C","Middle","['*','*','*','*']","electronic",,"tmqr",,"[PREMIUM]","[PREMIUM]","[]","2026-04-06 00:00:00","Cincinnati Cyclones at Wheeling Nailers (Rescheduled from 12/28/2025)","echl","2026-04-07 23:10:00","650b7803d865490001f003fd"
"69cbc84a53c05bd145df4873","2026-04-01 04:19:51.504","2026-04-01 04:19:51.504","69cbc84a53c05bd145df4873","682ccc3f51518873f10d242d","[PREMIUM]","[PREMIUM]","[PREMIUM]","[PREMIUM]","[PREMIUM]","[1,2,3,4,5,6,7]","312","F","Upper","['*','*','*','*','*','*','*']","electronic",,"tmqr",,"[PREMIUM]","[PREMIUM]","[]","2026-04-06 00:00:00","Cincinnati Cyclones at Wheeling Nailers (Rescheduled from 12/28/2025)","echl","2026-04-07 23:10:00","650b7803d865490001f003fd"
"69cbc84053c05bd145dd3797","2026-04-01 04:19:51.504","2026-04-01 04:19:51.504","69cbc84053c05bd145dd3797","682ccc3f51518873f10d242d","[PREMIUM]","[PREMIUM]","[PREMIUM]","[PREMIUM]","[PREMIUM]","[1,2,3,4,5]","207","A","Middle","['*','*','*','*','*']","electronic",,"tmqr",,"[PREMIUM]","[PREMIUM]","[]","2026-04-06 00:00:00","Cincinnati Cyclones at Wheeling Nailers (Rescheduled from 12/28/2025)","echl","2026-04-07 23:10:00","650b7803d865490001f003fd"
"69cbc83053c05bd145d9fc1f","2026-04-01 04:19:51.504","2026-04-01 04:19:51.504","69cbc83053c05bd145d9fc1f","682ccc3f51518873f10d242d","[PREMIUM]","[PREMIUM]","[PREMIUM]","[PREMIUM]","[PREMIUM]","[1,2,3,4,5,6,7,8]","304","F","Upper","['*','*','*','*','*','*','*','*']","electronic",,"tmqr",,"[PREMIUM]","[PREMIUM]","[]","2026-04-06 00:00:00","Cincinnati Cyclones at Wheeling Nailers (Rescheduled from 12/28/2025)","echl","2026-04-07 23:10:00","650b7803d865490001f003fd"
"69cbc86c53c05bd145e561c3","2026-04-01 04:19:51.504","2026-04-01 04:19:51.504","69cbc86c53c05bd145e561c3","682ccc3f51518873f10d242d","[PREMIUM]","[PREMIUM]","[PREMIUM]","[PREMIUM]","[PREMIUM]","[1,2,3,4]","209","C","Middle","['*','*','*','*']","electronic",,"tmqr",,"[PREMIUM]","[PREMIUM]","[]","2026-04-06 00:00:00","Cincinnati Cyclones at Wheeling Nailers (Rescheduled from 12/28/2025)","echl","2026-04-07 23:10:00","650b7803d865490001f003fd"
"69cbc86f53c05bd145e5db2f","2026-04-01 04:19:51.504","2026-04-01 04:19:51.504","69cbc86f53c05bd145e5db2f","682ccc3f51518873f10d242d","[PREMIUM]","[PREMIUM]","[PREMIUM]","[PREMIUM]","[PREMIUM]","[1,2,3,4,5,6,7,8]","322","D","Upper","['*','*','*','*','*','*','*','*']","electronic",,"tmqr","great","[PREMIUM]","[PREMIUM]","[]","2026-04-06 00:00:00","Cincinnati Cyclones at Wheeling Nailers (Rescheduled from 12/28/2025)","echl","2026-04-07 23:10:00","650b7803d865490001f003fd"
"69cbc86c53c05bd145e56255","2026-04-01 04:19:51.504","2026-04-01 04:19:51.504","69cbc86c53c05bd145e56255","682ccc3f51518873f10d242d","[PREMIUM]","[PREMIUM]","[PREMIUM]","[PREMIUM]","[PREMIUM]","[1,2,3,4,5,6,7]","315","F","Upper","['*','*','*','*','*','*','*']","electronic",,"tmqr","amazing","[PREMIUM]","[PREMIUM]","[]","2026-04-06 00:00:00","Cincinnati Cyclones at Wheeling Nailers (Rescheduled from 12/28/2025)","echl","2026-04-07 23:10:00","650b7803d865490001f003fd"
"69cbc85753c05bd145e16745","2026-04-01 04:19:51.504","2026-04-01 04:19:51.504","69cbc85753c05bd145e16745","682ccc3f51518873f10d242d","[PREMIUM]","[PREMIUM]","[PREMIUM]","[PREMIUM]","[PREMIUM]","[1,2,3,4,5]","206","C","Middle","['*','*','*','*','*']","electronic",,"tmqr",,"[PREMIUM]","[PREMIUM]","[]","2026-04-06 00:00:00","Cincinnati Cyclones at Wheeling Nailers (Rescheduled from 12/28/2025)","echl","2026-04-07 23:10:00","650b7803d865490001f003fd"
"69cbc86553c05bd145e405e7","2026-04-01 04:19:51.504","2026-04-01 04:19:51.504","69cbc86553c05bd145e405e7","682ccc3f51518873f10d242d","[PREMIUM]","[PREMIUM]","[PREMIUM]","[PREMIUM]","[PREMIUM]","[1,2]","207","E","Middle","['*','*']","electronic",,"tmqr",,"[PREMIUM]","[PREMIUM]","[]","2026-04-06 00:00:00","Cincinnati Cyclones at Wheeling Nailers (Rescheduled from 12/28/2025)","echl","2026-04-07 23:10:00","650b7803d865490001f003fd"
"69cbc86c53c05bd145e5623f","2026-04-01 04:19:51.504","2026-04-01 04:19:51.504","69cbc86c53c05bd145e5623f","682ccc3f51518873f10d242d","[PREMIUM]","[PREMIUM]","[PREMIUM]","[PREMIUM]","[PREMIUM]","[1,2,3,4,5,6,7,8]","320","D","Upper","['*','*','*','*','*','*','*','*']","electronic",,"tmqr","great","[PREMIUM]","[PREMIUM]","[]","2026-04-06 00:00:00","Cincinnati Cyclones at Wheeling Nailers (Rescheduled from 12/28/2025)","echl","2026-04-07 23:10:00","650b7803d865490001f003fd"
"69cbc86553c05bd145e4055b","2026-04-01 04:19:51.504","2026-04-01 04:19:51.504","69cbc86553c05bd145e4055b","682ccc3f51518873f10d242d","[PREMIUM]","[PREMIUM]","[PREMIUM]","[PREMIUM]","[PREMIUM]","[1,2,3,4,5,6,7,8]","309","F","Upper","['*','*','*','*','*','*','*','*']","electronic",,"tmqr","great","[PREMIUM]","[PREMIUM]","[]","2026-04-06 00:00:00","Cincinnati Cyclones at Wheeling Nailers (Rescheduled from 12/28/2025)","echl","2026-04-07 23:10:00","650b7803d865490001f003fd"
"69cbc86853c05bd145e4a0df","2026-04-01 04:19:51.504","2026-04-01 04:19:51.504","69cbc86853c05bd145e4a0df","682ccc3f51518873f10d242d","[PREMIUM]","[PREMIUM]","[PREMIUM]","[PREMIUM]","[PREMIUM]","[1,2,3,4,5]","228","C","Middle","['*','*','*','*','*']","electronic",,"tmqr",,"[PREMIUM]","[PREMIUM]","[]","2026-04-06 00:00:00","Cincinnati Cyclones at Wheeling Nailers (Rescheduled from 12/28/2025)","echl","2026-04-07 23:10:00","650b7803d865490001f003fd"
"69cbc85453c05bd145e0d3f0","2026-04-01 04:19:51.504","2026-04-01 04:19:51.504","69cbc85453c05bd145e0d3f0","682ccc3f51518873f10d242d","[PREMIUM]","[PREMIUM]","[PREMIUM]","[PREMIUM]","[PREMIUM]","[1,2,3,4]","214","C","Middle","['*','*','*','*']","electronic",,"tmqr","great","[PREMIUM]","[PREMIUM]","[]","2026-04-06 00:00:00","Cincinnati Cyclones at Wheeling Nailers (Rescheduled from 12/28/2025)","echl","2026-04-07 23:10:00","650b7803d865490001f003fd"
"69cbc85453c05bd145e0d39a","2026-04-01 04:19:51.504","2026-04-01 04:19:51.504","69cbc85453c05bd145e0d39a","682ccc3f51518873f10d242d","[PREMIUM]","[PREMIUM]","[PREMIUM]","[PREMIUM]","[PREMIUM]","[1,2,3,4,5,6,7,8]","219","C","Middle","['*','*','*','*','*','*','*','*']","electronic",,"tmqr",,"[PREMIUM]","[PREMIUM]","[]","2026-04-06 00:00:00","Cincinnati Cyclones at Wheeling Nailers (Rescheduled from 12/28/2025)","echl","2026-04-07 23:10:00","650b7803d865490001f003fd"
"69cbc86153c05bd145e34fc3","2026-04-01 04:19:51.504","2026-04-01 04:19:51.504","69cbc86153c05bd145e34fc3","682ccc3f51518873f10d242d","[PREMIUM]","[PREMIUM]","[PREMIUM]","[PREMIUM]","[PREMIUM]","[1,2,3]","217","D","Middle","['*','*','*']","electronic",,"tmqr",,"[PREMIUM]","[PREMIUM]","[]","2026-04-06 00:00:00","Cincinnati Cyclones at Wheeling Nailers (Rescheduled from 12/28/2025)","echl","2026-04-07 23:10:00","650b7803d865490001f003fd"
"69cbc86153c05bd145e34fcc","2026-04-01 04:19:51.504","2026-04-01 04:19:51.504","69cbc86153c05bd145e34fcc","682ccc3f51518873f10d242d","[PREMIUM]","[PREMIUM]","[PREMIUM]","[PREMIUM]","[PREMIUM]","[1,2,3,4,5,6]","213","B","Middle","['*','*','*','*','*','*']","electronic",,"tmqr",,"[PREMIUM]","[PREMIUM]","[]","2026-04-06 00:00:00","Cincinnati Cyclones at Wheeling Nailers (Rescheduled from 12/28/2025)","echl","2026-04-07 23:10:00","650b7803d865490001f003fd"
"69cbc86153c05bd145e34fef","2026-04-01 04:19:51.504","2026-04-01 04:19:51.504","69cbc86153c05bd145e34fef","682ccc3f51518873f10d242d","[PREMIUM]","[PREMIUM]","[PREMIUM]","[PREMIUM]","[PREMIUM]","[1,2,3,4]","223","B","Middle","['*','*','*','*']","electronic",,"tmqr",,"[PREMIUM]","[PREMIUM]","[]","2026-04-06 00:00:00","Cincinnati Cyclones at Wheeling Nailers (Rescheduled from 12/28/2025)","echl","2026-04-07 23:10:00","650b7803d865490001f003fd"
"69cbc86153c05bd145e3507c","2026-04-01 04:19:51.504","2026-04-01 04:19:51.504","69cbc86153c05bd145e3507c","682ccc3f51518873f10d242d","[PREMIUM]","[PREMIUM]","[PREMIUM]","[PREMIUM]","[PREMIUM]","[2]","318","B","Upper","['*','*']","electronic",,"tmqr",,"[PREMIUM]","[PREMIUM]","[]","2026-04-06 00:00:00","Cincinnati Cyclones at Wheeling Nailers (Rescheduled from 12/28/2025)","echl","2026-04-07 23:10:00","650b7803d865490001f003fd"
"69cbc86153c05bd145e35121","2026-04-01 04:19:51.504","2026-04-01 04:19:51.504","69cbc86153c05bd145e35121","682ccc3f51518873f10d242d","[PREMIUM]","[PREMIUM]","[PREMIUM]","[PREMIUM]","[PREMIUM]","[1,2,3]","215","C","Middle","['*','*','*']","electronic",,"tmqr","great","[PREMIUM]","[PREMIUM]","[]","2026-04-06 00:00:00","Cincinnati Cyclones at Wheeling Nailers (Rescheduled from 12/28/2025)","echl","2026-04-07 23:10:00","650b7803d865490001f003fd"
"69cbc86853c05bd145e4a20f","2026-04-01 04:19:51.504","2026-04-01 04:19:51.504","69cbc86853c05bd145e4a20f","682ccc3f51518873f10d242d","[PREMIUM]","[PREMIUM]","[PREMIUM]","[PREMIUM]","[PREMIUM]","[1,2,3,4]","225","C","Middle","['*','*','*','*']","electronic",,"tmqr",,"[PREMIUM]","[PREMIUM]","[]","2026-04-06 00:00:00","Cincinnati Cyclones at Wheeling Nailers (Rescheduled from 12/28/2025)","echl","2026-04-07 23:10:00","650b7803d865490001f003fd"
"69cbc86553c05bd145e404e7","2026-04-01 04:19:51.504","2026-04-01 04:19:51.504","69cbc86553c05bd145e404e7","682ccc3f51518873f10d242d","[PREMIUM]","[PREMIUM]","[PREMIUM]","[PREMIUM]","[PREMIUM]","[1,2,3,4,5,6,7]","314","F","Upper","['*','*','*','*','*','*','*']","electronic",,"tmqr","cheapest","[PREMIUM]","[PREMIUM]","[]","2026-04-06 00:00:00","Cincinnati Cyclones at Wheeling Nailers (Rescheduled from 12/28/2025)","echl","2026-04-07 23:10:00","650b7803d865490001f003fd"
"69cbc85b53c05bd145e204bc","2026-04-01 04:19:51.504","2026-04-01 04:19:51.504","69cbc85b53c05bd145e204bc","682ccc3f51518873f10d242d","[PREMIUM]","[PREMIUM]","[PREMIUM]","[PREMIUM]","[PREMIUM]","[1,2,3]","212","A","Middle","['*','*','*']","electronic",,"tmqr",,"[PREMIUM]","[PREMIUM]","[]","2026-04-06 00:00:00","Cincinnati Cyclones at Wheeling Nailers (Rescheduled from 12/28/2025)","echl","2026-04-07 23:10:00","650b7803d865490001f003fd"
"69cbc86f53c05bd145e5da56","2026-04-01 04:19:51.504","2026-04-01 04:19:51.504","69cbc86f53c05bd145e5da56","682ccc3f51518873f10d242d","[PREMIUM]","[PREMIUM]","[PREMIUM]","[PREMIUM]","[PREMIUM]","[1,2,3,4,5,6,7]","302","F","Upper","['*','*','*','*','*','*','*']","electronic",,"tmqr",,"[PREMIUM]","[PREMIUM]","[]","2026-04-06 00:00:00","Cincinnati Cyclones at Wheeling Nailers (Rescheduled from 12/28/2025)","echl","2026-04-07 23:10:00","650b7803d865490001f003fd"
"69cbc86553c05bd145e404b9","2026-04-01 04:19:51.504","2026-04-01 04:19:51.504","69cbc86553c05bd145e404b9","682ccc3f51518873f10d242d","[PREMIUM]","[PREMIUM]","[PREMIUM]","[PREMIUM]","[PREMIUM]","[1,2,3,4,5,6,7,8]","306","D","Upper","['*','*','*','*','*','*','*','*']","electronic",,"tmqr","great","[PREMIUM]","[PREMIUM]","[]","2026-04-06 00:00:00","Cincinnati Cyclones at Wheeling Nailers (Rescheduled from 12/28/2025)","echl","2026-04-07 23:10:00","650b7803d865490001f003fd"
"69cbc85b53c05bd145e205b5","2026-04-01 04:19:51.504","2026-04-01 04:19:51.504","69cbc85b53c05bd145e205b5","682ccc3f51518873f10d242d","[PREMIUM]","[PREMIUM]","[PREMIUM]","[PREMIUM]","[PREMIUM]","[1,2,3,4,5,6]","208","C","Middle","['*','*','*','*','*','*']","electronic",,"tmqr",,"[PREMIUM]","[PREMIUM]","[]","2026-04-06 00:00:00","Cincinnati Cyclones at Wheeling Nailers (Rescheduled from 12/28/2025)","echl","2026-04-07 23:10:00","650b7803d865490001f003fd"
"69cbc85753c05bd145e165fc","2026-04-01 04:19:51.504","2026-04-01 04:19:51.504","69cbc85753c05bd145e165fc","682ccc3f51518873f10d242d","[PREMIUM]","[PREMIUM]","[PREMIUM]","[PREMIUM]","[PREMIUM]","[1,2,3,4,5,6,7]","316","F","Upper","['*','*','*','*','*','*','*']","electronic",,"tmqr",,"[PREMIUM]","[PREMIUM]","[]","2026-04-06 00:00:00","Cincinnati Cyclones at Wheeling Nailers (Rescheduled from 12/28/2025)","echl","2026-04-07 23:10:00","650b7803d865490001f003fd"
"69cbe76c53c05bd145bcb1d1","2026-04-01 04:19:51.504","2026-04-01 04:19:51.504","69cbe76c53c05bd145bcb1d1","682ccc3f51518873f10d242d","[PREMIUM]","[PREMIUM]","[PREMIUM]","[PREMIUM]","[PREMIUM]","[1,2,3,4,5,6,7,8]","324","F","Upper","['*','*','*','*','*','*','*','*']","electronic",,"tmqr",,"[PREMIUM]","[PREMIUM]","[]","2026-04-06 00:00:00","Cincinnati Cyclones at Wheeling Nailers (Rescheduled from 12/28/2025)","echl","2026-04-07 23:10:00","650b7803d865490001f003fd"
"69cbe7a853c05bd145c7db76","2026-04-01 04:19:51.504","2026-04-01 04:19:51.504","69cbe7a853c05bd145c7db76","682ccc3f51518873f10d242d","[PREMIUM]","[PREMIUM]","[PREMIUM]","[PREMIUM]","[PREMIUM]","[1,2,3,4,5,6,7,8]","323","F","Upper","['*','*','*','*','*','*','*','*']","electronic",,"tmqr","great","[PREMIUM]","[PREMIUM]","[]","2026-04-06 00:00:00","Cincinnati Cyclones at Wheeling Nailers (Rescheduled from 12/28/2025)","echl","2026-04-07 23:10:00","650b7803d865490001f003fd"
"69cbe79b53c05bd145c5eac0","2026-04-01 04:19:51.504","2026-04-01 04:19:51.504","69cbe79b53c05bd145c5eac0","682ccc3f51518873f10d242d","[PREMIUM]","[PREMIUM]","[PREMIUM]","[PREMIUM]","[PREMIUM]","[1,2,3,4,5,6]","327","A","Upper","['*','*','*','*','*','*']","electronic",,"tmqr",,"[PREMIUM]","[PREMIUM]","[]","2026-04-06 00:00:00","Cincinnati Cyclones at Wheeling Nailers (Rescheduled from 12/28/2025)","echl","2026-04-07 23:10:00","650b7803d865490001f003fd"
"69cbe78353c05bd145c10757","2026-04-01 04:19:51.504","2026-04-01 04:19:51.504","69cbe78353c05bd145c10757","682ccc3f51518873f10d242d","[PREMIUM]","[PREMIUM]","[PREMIUM]","[PREMIUM]","[PREMIUM]","[1,2,3,4,5,6,7]","326","F","Upper","['*','*','*','*','*','*','*']","electronic",,"tmqr",,"[PREMIUM]","[PREMIUM]","[]","2026-04-06 00:00:00","Cincinnati Cyclones at Wheeling Nailers (Rescheduled from 12/28/2025)","echl","2026-04-07 23:10:00","650b7803d865490001f003fd"
"69c009f9f6fbc8b3540e5641","2026-04-01 04:19:51.393","2026-04-13 00:41:52.224","69c009f9f6fbc8b3540e5641","682a23c3abd2e50d0b17c00f","[PREMIUM]","[PREMIUM]","[PREMIUM]","[PREMIUM]","[PREMIUM]","[1,2,3,4]","203","22","Budweiser Super Suite","['301','302','303','304']","mobile","tm","tmqr",,"[PREMIUM]","[PREMIUM]","[]","2026-04-19 00:00:00","Kalamazoo Wings at Fort Wayne Komets (Rescheduled from 12/28/2025)","echl","2026-04-19 22:00:00","63c9d24e0d5fff000179f4ef"
"69c0cfbcd81c49345eb05cff","2026-04-01 04:19:51.393","2026-04-04 16:16:43.964","69c0cfbcd81c49345eb05cff","682a23c3abd2e50d0b17c00f","[PREMIUM]","[PREMIUM]","[PREMIUM]","[PREMIUM]","[PREMIUM]","[1,2,3,4]","201","22","Budweiser Super Suite","['*','*','*','*']","mobile","tm","tmqr",,"[PREMIUM]","[PREMIUM]","[]","2026-04-18 00:00:00","Kalamazoo Wings at Fort Wayne Komets (Rescheduled from 12/28/2025)","echl","2026-04-19 22:00:00","63c9d24e0d5fff000179f4ef"
"69c0d3088a3fa5b3206ff9ce","2026-04-01 04:19:51.393","2026-04-11 18:09:21.219","69c0d3088a3fa5b3206ff9ce","682a23c3abd2e50d0b17c00f","[PREMIUM]","[PREMIUM]","[PREMIUM]","[PREMIUM]","[PREMIUM]","[1,2,3,4]","211","25","Lower","['*','*','*','*']","mobile","tm","tmqr",,"[PREMIUM]","[PREMIUM]","[]","2026-04-18 00:00:00","Kalamazoo Wings at Fort Wayne Komets (Rescheduled from 12/28/2025)","echl","2026-04-19 22:00:00","63c9d24e0d5fff000179f4ef"
"69c0d309f5dc3a1b6a0446ca","2026-04-01 04:19:51.393","2026-04-15 08:59:59.041","69c0d309f5dc3a1b6a0446ca","682a23c3abd2e50d0b17c00f","[PREMIUM]","[PREMIUM]","[PREMIUM]","[PREMIUM]","[PREMIUM]","[1,2,3,4]","228","22","Lower","['*','*','*','*']","mobile","tm","tmqr",,"[PREMIUM]","[PREMIUM]","[]","2026-04-18 00:00:00","Kalamazoo Wings at Fort Wayne Komets (Rescheduled from 12/28/2025)","echl","2026-04-19 22:00:00","63c9d24e0d5fff000179f4ef"
"69cba00a53c05bd145f3632e","2026-04-01 04:19:51.393","2026-04-01 04:19:51.393","69cba00a53c05bd145f3632e","682a23c3abd2e50d0b17c00f","[PREMIUM]","[PREMIUM]","[PREMIUM]","[PREMIUM]","[PREMIUM]","[2,3,4]","225","6","Lower","['*','*','*','*']","mobile","tm","tmqr","great","[PREMIUM]","[PREMIUM]","[]","2026-04-17 00:00:00","Kalamazoo Wings at Fort Wayne Komets (Rescheduled from 12/28/2025)","echl","2026-04-19 22:00:00","63c9d24e0d5fff000179f4ef"
"69cc972f05b4da5445df9613","2026-04-01 04:19:51.393","2026-04-01 04:19:51.393","69cc972f05b4da5445df9613","682a23c3abd2e50d0b17c00f","[PREMIUM]","[PREMIUM]","[PREMIUM]","[PREMIUM]","[PREMIUM]","[1,2,3,4]","231","7","Lower","['*','*','*','*']","mobile","tm","tmqr",,"[PREMIUM]","[PREMIUM]","[]","2026-04-18 00:00:00","Kalamazoo Wings at Fort Wayne Komets (Rescheduled from 12/28/2025)","echl","2026-04-19 22:00:00","63c9d24e0d5fff000179f4ef"
"69cc0174d60c31d47b41a8f8","2026-04-01 04:19:51.246","2026-04-03 11:58:22.120","69cc0174d60c31d47b41a8f8","6828d3d198a22b06fcd22d1c","[PREMIUM]","[PREMIUM]","[PREMIUM]","[PREMIUM]","[PREMIUM]","[1,2,3,4,5,6]","108","Z","Lower","['*','*','*','*','*','*']","mobile","tm","tmqr",,"[PREMIUM]","[PREMIUM]","[]","2026-04-17 00:00:00","Iowa Heartlanders at Bloomington Bison (Rescheduled from 12/28/2025)","echl","2026-04-19 00:00:00","65fcb9c7787f5655b475bca6"
"69cc0174087e1e66bb8434b9","2026-04-01 04:19:51.246","2026-04-01 04:19:51.246","69cc0174087e1e66bb8434b9","6828d3d198a22b06fcd22d1c","[PREMIUM]","[PREMIUM]","[PREMIUM]","[PREMIUM]","[PREMIUM]","[1,2,3,4,5,6,8]","107","X","Lower","['*','*','*','*','*','*','*','*']","mobile","tm","tmqr",,"[PREMIUM]","[PREMIUM]","[]","2026-04-17 00:00:00","Iowa Heartlanders at Bloomington Bison (Rescheduled from 12/28/2025)","echl","2026-04-19 00:00:00","65fcb9c7787f5655b475bca6"
"69cc0174087e1e66bb8434b8","2026-04-01 04:19:51.246","2026-04-01 04:19:51.246","69cc0174087e1e66bb8434b8","6828d3d198a22b06fcd22d1c","[PREMIUM]","[PREMIUM]","[PREMIUM]","[PREMIUM]","[PREMIUM]","[1,2]","111","C","Lower","['*','*']","mobile","tm","tmqr","amazing","[PREMIUM]","[PREMIUM]","[]","2026-04-17 00:00:00","Iowa Heartlanders at Bloomington Bison (Rescheduled from 12/28/2025)","echl","2026-04-19 00:00:00","65fcb9c7787f5655b475bca6"
"69cc01742f38022449b2aa93","2026-04-01 04:19:51.246","2026-04-01 04:19:51.246","69cc01742f38022449b2aa93","6828d3d198a22b06fcd22d1c","[PREMIUM]","[PREMIUM]","[PREMIUM]","[PREMIUM]","[PREMIUM]","[1,2,3,4,5,6,7,8]","109","T","Lower","['*','*','*','*','*','*','*','*']","mobile","tm","tmqr",,"[PREMIUM]","[PREMIUM]","[]","2026-04-17 00:00:00","Iowa Heartlanders at Bloomington Bison (Rescheduled from 12/28/2025)","echl","2026-04-19 00:00:00","65fcb9c7787f5655b475bca6"
"69cc0175351b4c9460d7d7b9","2026-04-01 04:19:51.246","2026-04-01 04:19:51.246","69cc0175351b4c9460d7d7b9","6828d3d198a22b06fcd22d1c","[PREMIUM]","[PREMIUM]","[PREMIUM]","[PREMIUM]","[PREMIUM]","[1,2]","111","M","Lower","['*','*']","mobile","tm","tmqr",,"[PREMIUM]","[PREMIUM]","[]","2026-04-17 00:00:00","Iowa Heartlanders at Bloomington Bison (Rescheduled from 12/28/2025)","echl","2026-04-19 00:00:00","65fcb9c7787f5655b475bca6"
"69cc0175351b4c9460d7d7b7","2026-04-01 04:19:51.246","2026-04-01 04:19:51.246","69cc0175351b4c9460d7d7b7","6828d3d198a22b06fcd22d1c","[PREMIUM]","[PREMIUM]","[PREMIUM]","[PREMIUM]","[PREMIUM]","[1,2,3,4]","112","L","Lower","['*','*','*','*']","mobile","tm","tmqr","great","[PREMIUM]","[PREMIUM]","[]","2026-04-17 00:00:00","Iowa Heartlanders at Bloomington Bison (Rescheduled from 12/28/2025)","echl","2026-04-19 00:00:00","65fcb9c7787f5655b475bca6"
"69cc0174da46667f104fc806","2026-04-01 04:19:51.246","2026-04-01 04:19:51.246","69cc0174da46667f104fc806","6828d3d198a22b06fcd22d1c","[PREMIUM]","[PREMIUM]","[PREMIUM]","[PREMIUM]","[PREMIUM]","[1,2,3,4]","108","E","Lower","['*','*','*','*']","mobile","tm","tmqr","great","[PREMIUM]","[PREMIUM]","[]","2026-04-17 00:00:00","Iowa Heartlanders at Bloomington Bison (Rescheduled from 12/28/2025)","echl","2026-04-19 00:00:00","65fcb9c7787f5655b475bca6"
"698dfa38f0657334708fa4bf","2026-04-01 04:19:50.990","2026-04-01 04:19:50.990","698dfa38f0657334708fa4bf","682a23c291818a5b88a3544a","[PREMIUM]","[PREMIUM]","[PREMIUM]","[PREMIUM]","[PREMIUM]","[2]","113","15","Lower","['19','20']","mobile","tm","tmqr","cheapest","[PREMIUM]","[PREMIUM]","[]",,"Toledo Walleye at Indy Fuel (Rescheduled from 12/28/2025)","echl","2026-04-01 23:00:00","66f5f16890bb4fc51cf99db4"
"699615e6092daa0a063d0938","2026-04-01 04:19:50.990","2026-04-01 04:19:50.990","699615e6092daa0a063d0938","682a23c291818a5b88a3544a","[PREMIUM]","[PREMIUM]","[PREMIUM]","[PREMIUM]","[PREMIUM]","[2]","109","16","Lower","['12','13']","mobile","tm","tmqr",,"[PREMIUM]","[PREMIUM]","[]",,"Toledo Walleye at Indy Fuel (Rescheduled from 12/28/2025)","echl","2026-04-01 23:00:00","66f5f16890bb4fc51cf99db4"
"69c15593f6fbc8b3549624c9","2026-04-01 04:19:50.990","2026-04-01 04:19:50.990","69c15593f6fbc8b3549624c9","682a23c291818a5b88a3544a","[PREMIUM]","[PREMIUM]","[PREMIUM]","[PREMIUM]","[PREMIUM]","[2]","114","12","Lower","['17','18']","mobile","tm","tmqr","great","[PREMIUM]","[PREMIUM]","[]",,"Toledo Walleye at Indy Fuel (Rescheduled from 12/28/2025)","echl","2026-04-01 23:00:00","66f5f16890bb4fc51cf99db4"
"69c44ba9f6fbc8b354c7da6a","2026-04-01 04:19:50.990","2026-04-01 04:19:50.990","69c44ba9f6fbc8b354c7da6a","682a23c291818a5b88a3544a","[PREMIUM]","[PREMIUM]","[PREMIUM]","[PREMIUM]","[PREMIUM]","[1,2,3,4,5,6,7,8]","104","14","Lower","['*','*','*','*','*','*','*','*']","mobile","tm","tmqr","great","[PREMIUM]","[PREMIUM]","[]",,"Toledo Walleye at Indy Fuel (Rescheduled from 12/28/2025)","echl","2026-04-01 23:00:00","66f5f16890bb4fc51cf99db4"
"69c44b0cf6fbc8b354a046a4","2026-04-01 04:19:50.990","2026-04-01 04:19:50.990","69c44b0cf6fbc8b354a046a4","682a23c291818a5b88a3544a","[PREMIUM]","[PREMIUM]","[PREMIUM]","[PREMIUM]","[PREMIUM]","[1,2,3,4,5,6,7]","111","12","Lower","['*','*','*','*','*','*','*']","mobile","tm","tmqr","great","[PREMIUM]","[PREMIUM]","[]",,"Toledo Walleye at Indy Fuel (Rescheduled from 12/28/2025)","echl","2026-04-01 23:00:00","66f5f16890bb4fc51cf99db4"
"69c44b2cf6fbc8b354a850fd","2026-04-01 04:19:50.990","2026-04-01 04:19:50.990","69c44b2cf6fbc8b354a850fd","682a23c291818a5b88a3544a","[PREMIUM]","[PREMIUM]","[PREMIUM]","[PREMIUM]","[PREMIUM]","[1,2,3,4,5,6,7]","114","17","Lower","['*','*','*','*','*','*','*']","mobile","tm","tmqr",,"[PREMIUM]","[PREMIUM]","[]",,"Toledo Walleye at Indy Fuel (Rescheduled from 12/28/2025)","echl","2026-04-01 23:00:00","66f5f16890bb4fc51cf99db4"
"69c32fc4993d6c319e4b15ee","2026-04-01 04:19:50.990","2026-04-01 04:19:50.990","69c32fc4993d6c319e4b15ee","682a23c291818a5b88a3544a","[PREMIUM]","[PREMIUM]","[PREMIUM]","[PREMIUM]","[PREMIUM]","[2]","116","6","Lower","['3','4']","mobile","tm","tmqr","great","[PREMIUM]","[PREMIUM]","[]",,"Toledo Walleye at Indy Fuel (Rescheduled from 12/28/2025)","echl","2026-04-01 23:00:00","66f5f16890bb4fc51cf99db4"
"69c44a7ef6fbc8b3547c8e1d","2026-04-01 04:19:50.990","2026-04-01 04:19:50.990","69c44a7ef6fbc8b3547c8e1d","682a23c291818a5b88a3544a","[PREMIUM]","[PREMIUM]","[PREMIUM]","[PREMIUM]","[PREMIUM]","[1,2,3,4,5,6]","108","18","Lower","['*','*','*','*','*','*']","mobile","tm","tmqr","amazing","[PREMIUM]","[PREMIUM]","[]",,"Toledo Walleye at Indy Fuel (Rescheduled from 12/28/2025)","echl","2026-04-01 23:00:00","66f5f16890bb4fc51cf99db4"
"69c320e9f6fbc8b3548603d2","2026-04-01 04:19:50.990","2026-04-01 04:19:50.990","69c320e9f6fbc8b3548603d2","682a23c291818a5b88a3544a","[PREMIUM]","[PREMIUM]","[PREMIUM]","[PREMIUM]","[PREMIUM]","[1,2,3,4,6]","101","7","Lower","['8','9','10','11','12','13']","mobile","tm","tmqr","great","[PREMIUM]","[PREMIUM]","[]",,"Toledo Walleye at Indy Fuel (Rescheduled from 12/28/2025)","echl","2026-04-01 23:00:00","66f5f16890bb4fc51cf99db4"
"69c5ada2bf80a9609ddb2f90","2026-04-01 04:19:50.990","2026-04-01 04:19:50.990","69c5ada2bf80a9609ddb2f90","682a23c291818a5b88a3544a","[PREMIUM]","[PREMIUM]","[PREMIUM]","[PREMIUM]","[PREMIUM]","[1,2,3,5]","109","22","Lower","['11','12','13','14','15']","mobile","tm","tmqr","great","[PREMIUM]","[PREMIUM]","[]",,"Toledo Walleye at Indy Fuel (Rescheduled from 12/28/2025)","echl","2026-04-01 23:00:00","66f5f16890bb4fc51cf99db4"
"69c72c8671127eae1a8bec8b","2026-04-01 04:19:50.990","2026-04-01 04:19:50.990","69c72c8671127eae1a8bec8b","682a23c291818a5b88a3544a","[PREMIUM]","[PREMIUM]","[PREMIUM]","[PREMIUM]","[PREMIUM]","[2,4]","110","12","Lower","['12','13','14','15']","mobile","tm","tmqr",,"[PREMIUM]","[PREMIUM]","[]",,"Toledo Walleye at Indy Fuel (Rescheduled from 12/28/2025)","echl","2026-04-01 23:00:00","66f5f16890bb4fc51cf99db4"
"69cb00ba2f38022449b227b9","2026-04-01 04:19:50.990","2026-04-01 04:19:50.990","69cb00ba2f38022449b227b9","682a23c291818a5b88a3544a","[PREMIUM]","[PREMIUM]","[PREMIUM]","[PREMIUM]","[PREMIUM]","[2,4,6]","106","13","Lower","['9','10','11','12','13','14']","mobile","tm","tmqr","great","[PREMIUM]","[PREMIUM]","[]",,"Toledo Walleye at Indy Fuel (Rescheduled from 12/28/2025)","echl","2026-04-01 23:00:00","66f5f16890bb4fc51cf99db4"
"69cbd847d77b5a44d40d3a8c","2026-04-01 04:19:50.990","2026-04-01 04:19:50.990","69cbd847d77b5a44d40d3a8c","682a23c291818a5b88a3544a","[PREMIUM]","[PREMIUM]","[PREMIUM]","[PREMIUM]","[PREMIUM]","[2]","107","12","Lower","['13','14']","mobile","tm","tmqr",,"[PREMIUM]","[PREMIUM]","[]",,"Toledo Walleye at Indy Fuel (Rescheduled from 12/28/2025)","echl","2026-04-01 23:00:00","66f5f16890bb4fc51cf99db4"
"69cc0ecb53c05bd1452b9655","2026-04-01 04:19:50.990","2026-04-01 04:19:50.990","69cc0ecb53c05bd1452b9655","682a23c291818a5b88a3544a","[PREMIUM]","[PREMIUM]","[PREMIUM]","[PREMIUM]","[PREMIUM]","[1,2,3,4,5,6]","121","18","Lower","['*','*','*','*','*','*']","mobile","tm","tmqr","great","[PREMIUM]","[PREMIUM]","[]",,"Toledo Walleye at Indy Fuel (Rescheduled from 12/28/2025)","echl","2026-04-01 23:00:00","66f5f16890bb4fc51cf99db4"
"69cc1b9453c05bd145e8782e","2026-04-01 04:19:50.990","2026-04-01 04:19:50.990","69cc1b9453c05bd145e8782e","682a23c291818a5b88a3544a","[PREMIUM]","[PREMIUM]","[PREMIUM]","[PREMIUM]","[PREMIUM]","[1,2,3,4,5,6,7,8,9]","107","19","Lower","['*','*','*','*','*','*','*','*','*']","mobile","tm","tmqr","great","[PREMIUM]","[PREMIUM]","[]",,"Toledo Walleye at Indy Fuel (Rescheduled from 12/28/2025)","echl","2026-04-01 23:00:00","66f5f16890bb4fc51cf99db4"
"69cc213ab3da7d03462edd01","2026-04-01 04:19:50.990","2026-04-01 04:19:50.990","69cc213ab3da7d03462edd01","682a23c291818a5b88a3544a","[PREMIUM]","[PREMIUM]","[PREMIUM]","[PREMIUM]","[PREMIUM]","[2,4,6]","105","18","Lower","['3','4','5','6','7','8']","mobile","tm","tmqr","amazing","[PREMIUM]","[PREMIUM]","[]",,"Toledo Walleye at Indy Fuel (Rescheduled from 12/28/2025)","echl","2026-04-01 23:00:00","66f5f16890bb4fc51cf99db4"
"69cc502353c05bd145e896fd","2026-04-01 04:19:50.990","2026-04-01 04:19:50.990","69cc502353c05bd145e896fd","682a23c291818a5b88a3544a","[PREMIUM]","[PREMIUM]","[PREMIUM]","[PREMIUM]","[PREMIUM]","[1,2,3,5]","117","11","Lower","['2','3','4','5','6']","mobile","tm","tmqr","amazing","[PREMIUM]","[PREMIUM]","[]",,"Toledo Walleye at Indy Fuel (Rescheduled from 12/28/2025)","echl","2026-04-01 23:00:00","66f5f16890bb4fc51cf99db4"
"69cc764753c05bd145e7979e","2026-04-01 04:19:50.990","2026-04-01 04:19:50.990","69cc764753c05bd145e7979e","682a23c291818a5b88a3544a","[PREMIUM]","[PREMIUM]","[PREMIUM]","[PREMIUM]","[PREMIUM]","[1,2]","117","18","Lower","['*','*']","mobile","tm","tmqr",,"[PREMIUM]","[PREMIUM]","[]",,"Toledo Walleye at Indy Fuel (Rescheduled from 12/28/2025)","echl","2026-04-01 23:00:00","66f5f16890bb4fc51cf99db4"
"69cc766153c05bd145ee8770","2026-04-01 04:19:50.990","2026-04-01 04:19:50.990","69cc766153c05bd145ee8770","682a23c291818a5b88a3544a","[PREMIUM]","[PREMIUM]","[PREMIUM]","[PREMIUM]","[PREMIUM]","[1,2]","101","18","Lower","['*','*']","mobile","tm","tmqr",,"[PREMIUM]","[PREMIUM]","[]",,"Toledo Walleye at Indy Fuel (Rescheduled from 12/28/2025)","echl","2026-04-01 23:00:00","66f5f16890bb4fc51cf99db4"
"69cc767753c05bd145f43f9c","2026-04-01 04:19:50.990","2026-04-01 04:19:50.990","69cc767753c05bd145f43f9c","682a23c291818a5b88a3544a","[PREMIUM]","[PREMIUM]","[PREMIUM]","[PREMIUM]","[PREMIUM]","[1,2]","104","9","Lower","['*','*']","mobile","tm","tmqr",,"[PREMIUM]","[PREMIUM]","[]",,"Toledo Walleye at Indy Fuel (Rescheduled from 12/28/2025)","echl","2026-04-01 23:00:00","66f5f16890bb4fc51cf99db4"
"69b1cc6489f0a636ae241b67","2026-04-01 04:19:49.715","2026-04-01 04:19:49.715","69b1cc6489f0a636ae241b67","682b7d0b289cf12a7794cbc1","[PREMIUM]","[PREMIUM]","[PREMIUM]","[PREMIUM]","[PREMIUM]","[1,2,3,4]","116","9","Terrace Sideline","['*','*','*','*']","mobile","tm","tmqr","amazing","[PREMIUM]","[PREMIUM]","[]",,"South Carolina Stingrays at Orlando Solar Bears (Rescheduled from 12/28/2025)","echl","2026-04-02 23:00:00","545d4acf3bf3762bdb000003"
"69b8ad11ce15edc6ff0d8124","2026-04-01 04:19:49.715","2026-04-02 08:22:57.281","69b8ad11ce15edc6ff0d8124","682b7d0b289cf12a7794cbc1","[PREMIUM]","[PREMIUM]","[PREMIUM]","[PREMIUM]","[PREMIUM]","[2]","CE","7","Club I","['3','4']","mobile","tm","tmqr",,"[PREMIUM]","[PREMIUM]","[]",,"South Carolina Stingrays at Orlando Solar Bears (Rescheduled from 12/28/2025)","echl","2026-04-02 23:00:00","545d4acf3bf3762bdb000003"
"69bcea3cf6fbc8b354fc080f","2026-04-01 04:19:49.715","2026-04-01 04:19:49.715","69bcea3cf6fbc8b354fc080f","682b7d0b289cf12a7794cbc1","[PREMIUM]","[PREMIUM]","[PREMIUM]","[PREMIUM]","[PREMIUM]","[2,4]","115","4","Terrace Sideline","['15','16','17','18']","mobile","tm","tmqr","great","[PREMIUM]","[PREMIUM]","[]",,"South Carolina Stingrays at Orlando Solar Bears (Rescheduled from 12/28/2025)","echl","2026-04-02 23:00:00","545d4acf3bf3762bdb000003"
"69c14ffaf6fbc8b354acac5d","2026-04-01 04:19:49.715","2026-04-02 08:22:57.281","69c14ffaf6fbc8b354acac5d","682b7d0b289cf12a7794cbc1","[PREMIUM]","[PREMIUM]","[PREMIUM]","[PREMIUM]","[PREMIUM]","[2]","106","6","Terrace Sideline","['1','2']","mobile","tm","tmqr","great","[PREMIUM]","[PREMIUM]","[]",,"South Carolina Stingrays at Orlando Solar Bears (Rescheduled from 12/28/2025)","echl","2026-04-02 23:00:00","545d4acf3bf3762bdb000003"
"69c49940f6fbc8b3540e89ea","2026-04-01 04:19:49.715","2026-04-01 04:19:49.715","69c49940f6fbc8b3540e89ea","682b7d0b289cf12a7794cbc1","[PREMIUM]","[PREMIUM]","[PREMIUM]","[PREMIUM]","[PREMIUM]","[1,2,3,4,5,6]","115","10","Terrace Sideline","['*','*','*','*','*','*']","mobile","tm","tmqr",,"[PREMIUM]","[PREMIUM]","[]",,"South Carolina Stingrays at Orlando Solar Bears (Rescheduled from 12/28/2025)","echl","2026-04-02 23:00:00","545d4acf3bf3762bdb000003"
"69c4a76ff6fbc8b35407366c","2026-04-01 04:19:49.715","2026-04-01 04:19:49.715","69c4a76ff6fbc8b35407366c","682a24e70c0cbaecc328ad37","[PREMIUM]","[PREMIUM]","[PREMIUM]","[PREMIUM]","[PREMIUM]","[1,2,3,4,5,6,7,8,9]","107","11","Lower","['*','*','*','*','*','*','*','*','*']","mobile","tm","tmqr","great","[PREMIUM]","[PREMIUM]","[]","2026-04-16 00:00:00","Reading Royals at Florida Everblades (Postponed TBD from 12/28)","echl","2026-04-17 23:30:00","58c1db7bcde6626ebe323603"
"69c712e9d4b39db7d6a38945","2026-04-01 04:19:49.715","2026-04-01 04:19:49.715","69c712e9d4b39db7d6a38945","682b7d0b289cf12a7794cbc1","[PREMIUM]","[PREMIUM]","[PREMIUM]","[PREMIUM]","[PREMIUM]","[1,2,3,4,5,6,7,8]","105","13","Terrace Sideline","['*','*','*','*','*','*','*','*']","mobile","tm","tmqr",,"[PREMIUM]","[PREMIUM]","[]",,"South Carolina Stingrays at Orlando Solar Bears (Rescheduled from 12/28/2025)","echl","2026-04-02 23:00:00","545d4acf3bf3762bdb000003"
"69c9ee5c53c05bd145116d55","2026-04-01 04:19:49.715","2026-04-01 04:19:49.715","69c9ee5c53c05bd145116d55","682b7d0b289cf12a7794cbc1","[PREMIUM]","[PREMIUM]","[PREMIUM]","[PREMIUM]","[PREMIUM]","[1,2,3,5]","118","8","Terrace End","['*','*','*','*','*']","mobile","tm","tmqr","great","[PREMIUM]","[PREMIUM]","[]",,"South Carolina Stingrays at Orlando Solar Bears (Rescheduled from 12/28/2025)","echl","2026-04-02 23:00:00","545d4acf3bf3762bdb000003"
"69ca9d9639550ae119e8e6f0","2026-04-01 04:19:49.715","2026-04-01 04:19:49.715","69ca9d9639550ae119e8e6f0","682b7d0b289cf12a7794cbc1","[PREMIUM]","[PREMIUM]","[PREMIUM]","[PREMIUM]","[PREMIUM]","[1,2,3,4]","109A","25","Terrace Goal","['*','*','*','*']","mobile","tm","tmqr","great","[PREMIUM]","[PREMIUM]","[]",,"South Carolina Stingrays at Orlando Solar Bears (Rescheduled from 12/28/2025)","echl","2026-04-02 23:00:00","545d4acf3bf3762bdb000003"
"69caab6a53c05bd145c1726c","2026-04-01 04:19:49.715","2026-04-01 04:19:49.715","69caab6a53c05bd145c1726c","682b7d0b289cf12a7794cbc1","[PREMIUM]","[PREMIUM]","[PREMIUM]","[PREMIUM]","[PREMIUM]","[1,2]","101","WCC","Terrace Goal","['*','*']","mobile","tm","tmqr",,"[PREMIUM]","[PREMIUM]","[]",,"South Carolina Stingrays at Orlando Solar Bears (Rescheduled from 12/28/2025)","echl","2026-04-02 23:00:00","545d4acf3bf3762bdb000003"
"69cade1053c05bd145ebd3e6","2026-04-01 04:19:49.715","2026-04-01 04:19:49.715","69cade1053c05bd145ebd3e6","682b7d0b289cf12a7794cbc1","[PREMIUM]","[PREMIUM]","[PREMIUM]","[PREMIUM]","[PREMIUM]","[1,2,3,4,5,6,7,8]","117","20","Terrace Corner","['*','*','*','*','*','*','*','*']","mobile","tm","tmqr",,"[PREMIUM]","[PREMIUM]","[]",,"South Carolina Stingrays at Orlando Solar Bears (Rescheduled from 12/28/2025)","echl","2026-04-02 23:00:00","545d4acf3bf3762bdb000003"
"69cb05eb53c05bd145d6813e","2026-04-01 04:19:49.715","2026-04-01 04:19:49.715","69cb05eb53c05bd145d6813e","682b7d0b289cf12a7794cbc1","[PREMIUM]","[PREMIUM]","[PREMIUM]","[PREMIUM]","[PREMIUM]","[1,2,3,4,5,6,7,8]","CF","2","Club I","['*','*','*','*','*','*','*','*']","mobile","tm","tmqr",,"[PREMIUM]","[PREMIUM]","[]",,"South Carolina Stingrays at Orlando Solar Bears (Rescheduled from 12/28/2025)","echl","2026-04-02 23:00:00","545d4acf3bf3762bdb000003"
"69cb2db153c05bd1452aa3b0","2026-04-01 04:19:49.715","2026-04-01 04:19:49.715","69cb2db153c05bd1452aa3b0","682b7d0b289cf12a7794cbc1","[PREMIUM]","[PREMIUM]","[PREMIUM]","[PREMIUM]","[PREMIUM]","[2]","LE","3","Loge","['*','*']","mobile","tm","tmqr","amazing","[PREMIUM]","[PREMIUM]","[]",,"South Carolina Stingrays at Orlando Solar Bears (Rescheduled from 12/28/2025)","echl","2026-04-02 23:00:00","545d4acf3bf3762bdb000003"
"69cb329853c05bd145261f28","2026-04-01 04:19:49.715","2026-04-01 04:19:49.715","69cb329853c05bd145261f28","682b7d0b289cf12a7794cbc1","[PREMIUM]","[PREMIUM]","[PREMIUM]","[PREMIUM]","[PREMIUM]","[1,2,3,4,5,6]","101","18","Terrace Goal","['*','*','*','*','*','*']","mobile","tm","tmqr",,"[PREMIUM]","[PREMIUM]","[]",,"South Carolina Stingrays at Orlando Solar Bears (Rescheduled from 12/28/2025)","echl","2026-04-02 23:00:00","545d4acf3bf3762bdb000003"
"69cb346a53c05bd14587e890","2026-04-01 04:19:49.715","2026-04-02 08:22:57.281","69cb346a53c05bd14587e890","682b7d0b289cf12a7794cbc1","[PREMIUM]","[PREMIUM]","[PREMIUM]","[PREMIUM]","[PREMIUM]","[1,2,3,4,5,6,7,9]","106","11","Terrace Sideline","['*','*','*','*','*','*','*','*','*']","mobile","tm","tmqr","amazing","[PREMIUM]","[PREMIUM]","[]",,"South Carolina Stingrays at Orlando Solar Bears (Rescheduled from 12/28/2025)","echl","2026-04-02 23:00:00","545d4acf3bf3762bdb000003"
"69cba63002e3e0723c641d93","2026-04-01 04:19:49.715","2026-04-01 04:19:49.715","69cba63002e3e0723c641d93","682b7d0b289cf12a7794cbc1","[PREMIUM]","[PREMIUM]","[PREMIUM]","[PREMIUM]","[PREMIUM]","[1,2]","LC","2","Loge","['*','*']","mobile","tm","tmqr",,"[PREMIUM]","[PREMIUM]","[]",,"South Carolina Stingrays at Orlando Solar Bears (Rescheduled from 12/28/2025)","echl","2026-04-02 23:00:00","545d4acf3bf3762bdb000003"
"69cbc17853c05bd1458a45bd","2026-04-01 04:19:49.715","2026-04-02 08:22:57.152","69cbc17853c05bd1458a45bd","682a24e70c0cbaecc328ad37","[PREMIUM]","[PREMIUM]","[PREMIUM]","[PREMIUM]","[PREMIUM]","[1,2,3,4,5,6]","104","9","Lower","['*','*','*','*','*','*']","mobile","tm","tmqr",,"[PREMIUM]","[PREMIUM]","[]","2026-04-16 00:00:00","Reading Royals at Florida Everblades (Postponed TBD from 12/28)","echl","2026-04-17 23:30:00","58c1db7bcde6626ebe323603"
"69cbd9b48efc559840bf742e","2026-04-01 04:19:49.715","2026-04-01 04:19:49.715","69cbd9b48efc559840bf742e","682b7d0b289cf12a7794cbc1","[PREMIUM]","[PREMIUM]","[PREMIUM]","[PREMIUM]","[PREMIUM]","[2]","110A","24","Terrace Goal","['7','8']","mobile","tm","tmqr","great","[PREMIUM]","[PREMIUM]","[]","2026-04-01 23:00:00","South Carolina Stingrays at Orlando Solar Bears (Rescheduled from 12/28/2025)","echl","2026-04-02 23:00:00","545d4acf3bf3762bdb000003"
"69cbe0062723acc4f95287da","2026-04-01 04:19:49.715","2026-04-01 04:19:49.715","69cbe0062723acc4f95287da","682a24e70c0cbaecc328ad37","[PREMIUM]","[PREMIUM]","[PREMIUM]","[PREMIUM]","[PREMIUM]","[1,2,3,4,5,6]","117","10","Lower","['*','*','*','*','*','*']","mobile","tm","tmqr",,"[PREMIUM]","[PREMIUM]","[]","2026-04-16 00:00:00","Reading Royals at Florida Everblades (Postponed TBD from 12/28)","echl","2026-04-17 23:30:00","58c1db7bcde6626ebe323603"
"69cbe008a73e8acfe6e78ccb","2026-04-01 04:19:49.715","2026-04-10 12:23:42.261","69cbe008a73e8acfe6e78ccb","682a24e70c0cbaecc328ad37","[PREMIUM]","[PREMIUM]","[PREMIUM]","[PREMIUM]","[PREMIUM]","[1,2,3,4,5,6]","108","19","Lower","['*','*','*','*','*','*']","mobile","tm","tmqr",,"[PREMIUM]","[PREMIUM]","[]","2026-04-16 00:00:00","Reading Royals at Florida Everblades (Postponed TBD from 12/28)","echl","2026-04-17 23:30:00","58c1db7bcde6626ebe323603"
"69cbe0dd7896602fcd01df86","2026-04-01 04:19:49.715","2026-04-01 04:19:49.715","69cbe0dd7896602fcd01df86","682b7d0b289cf12a7794cbc1","[PREMIUM]","[PREMIUM]","[PREMIUM]","[PREMIUM]","[PREMIUM]","[1,2,3,4,5]","102","30","Terrace Goal","['*','*','*','*','*']","mobile","tm","tmqr",,"[PREMIUM]","[PREMIUM]","[]",,"South Carolina Stingrays at Orlando Solar Bears (Rescheduled from 12/28/2025)","echl","2026-04-02 23:00:00","545d4acf3bf3762bdb000003"
"69cbf96d53c05bd145a28389","2026-04-01 04:19:49.715","2026-04-02 08:22:57.281","69cbf96d53c05bd145a28389","682b7d0b289cf12a7794cbc1","[PREMIUM]","[PREMIUM]","[PREMIUM]","[PREMIUM]","[PREMIUM]","[1,2,3,4]","116","15","Terrace Sideline","['*','*','*','*']","mobile","tm","tmqr",,"[PREMIUM]","[PREMIUM]","[]",,"South Carolina Stingrays at Orlando Solar Bears (Rescheduled from 12/28/2025)","echl","2026-04-02 23:00:00","545d4acf3bf3762bdb000003"
"69cbf4d6da46667f104fba47","2026-04-01 04:19:49.715","2026-04-01 04:19:49.715","69cbf4d6da46667f104fba47","682a24e70c0cbaecc328ad37","[PREMIUM]","[PREMIUM]","[PREMIUM]","[PREMIUM]","[PREMIUM]","[1,2]","115","6","Lower","['*','*']","mobile","tm","tmqr",,"[PREMIUM]","[PREMIUM]","[]","2026-04-16 00:00:00","Reading Royals at Florida Everblades (Postponed TBD from 12/28)","echl","2026-04-17 23:30:00","58c1db7bcde6626ebe323603"
"69cc0e7653c05bd1451a96d3","2026-04-01 04:19:49.715","2026-04-01 04:19:49.715","69cc0e7653c05bd1451a96d3","682b7d0b289cf12a7794cbc1","[PREMIUM]","[PREMIUM]","[PREMIUM]","[PREMIUM]","[PREMIUM]","[1,2,4]","106","16","Terrace Sideline","['*','*','*','*']","mobile","tm","tmqr",,"[PREMIUM]","[PREMIUM]","[]",,"South Carolina Stingrays at Orlando Solar Bears (Rescheduled from 12/28/2025)","echl","2026-04-02 23:00:00","545d4acf3bf3762bdb000003"
"69cc2a0c53c05bd145095c25","2026-04-01 04:19:49.715","2026-04-01 04:19:49.715","69cc2a0c53c05bd145095c25","682b7d0b289cf12a7794cbc1","[PREMIUM]","[PREMIUM]","[PREMIUM]","[PREMIUM]","[PREMIUM]","[2]","CC","4","Club I","['10','11']","mobile","tm","tmqr","super","[PREMIUM]","[PREMIUM]","[]",,"South Carolina Stingrays at Orlando Solar Bears (Rescheduled from 12/28/2025)","echl","2026-04-02 23:00:00","545d4acf3bf3762bdb000003"
"69cc4bcf53c05bd145fbe9a5","2026-04-01 04:19:49.715","2026-04-01 04:19:49.715","69cc4bcf53c05bd145fbe9a5","682b7d0b289cf12a7794cbc1","[PREMIUM]","[PREMIUM]","[PREMIUM]","[PREMIUM]","[PREMIUM]","[1,2]","108","13","Terrace Corner","['*','*']","mobile","tm","tmqr","great","[PREMIUM]","[PREMIUM]","[]",,"South Carolina Stingrays at Orlando Solar Bears (Rescheduled from 12/28/2025)","echl","2026-04-02 23:00:00","545d4acf3bf3762bdb000003"
"69cc3a4658e99d8dea9eea09","2026-04-01 04:19:49.715","2026-04-02 08:22:57.281","69cc3a4658e99d8dea9eea09","682b7d0b289cf12a7794cbc1","[PREMIUM]","[PREMIUM]","[PREMIUM]","[PREMIUM]","[PREMIUM]","[2]","LM","5","Loge","['2','3']","mobile","tm","tmqr","great","[PREMIUM]","[PREMIUM]","[]",,"South Carolina Stingrays at Orlando Solar Bears (Rescheduled from 12/28/2025)","echl","2026-04-02 23:00:00","545d4acf3bf3762bdb000003"
"69cc476d53c05bd145199c4d","2026-04-01 04:19:49.715","2026-04-01 04:19:49.715","69cc476d53c05bd145199c4d","682b7d0b289cf12a7794cbc1","[PREMIUM]","[PREMIUM]","[PREMIUM]","[PREMIUM]","[PREMIUM]","[1,2,3,4,5,6]","103","21","Terrace Corner","['*','*','*','*','*','*']","mobile","tm","tmqr",,"[PREMIUM]","[PREMIUM]","[]",,"South Carolina Stingrays at Orlando Solar Bears (Rescheduled from 12/28/2025)","echl","2026-04-02 23:00:00","545d4acf3bf3762bdb000003"
"69cc392d53c05bd145349ddc","2026-04-01 04:19:49.715","2026-04-08 03:52:42.558","69cc392d53c05bd145349ddc","682a24e70c0cbaecc328ad37","[PREMIUM]","[PREMIUM]","[PREMIUM]","[PREMIUM]","[PREMIUM]","[1,2,3,5]","115","19","Lower","['*','*','*','*','*']","mobile","tm","tmqr","great","[PREMIUM]","[PREMIUM]","[]","2026-04-16 00:00:00","Reading Royals at Florida Everblades (Postponed TBD from 12/28)","echl","2026-04-17 23:30:00","58c1db7bcde6626ebe323603"
"69cc5bd52833f88ddf4c374f","2026-04-01 04:19:49.715","2026-04-01 04:19:49.715","69cc5bd52833f88ddf4c374f","682b7d0b289cf12a7794cbc1","[PREMIUM]","[PREMIUM]","[PREMIUM]","[PREMIUM]","[PREMIUM]","[1,2]","LD","2","Loge","['*','*']","mobile","tm","tmqr",,"[PREMIUM]","[PREMIUM]","[]",,"South Carolina Stingrays at Orlando Solar Bears (Rescheduled from 12/28/2025)","echl","2026-04-02 23:00:00","545d4acf3bf3762bdb000003"
"69cc6120638a6d78a3ffeae7","2026-04-01 04:19:49.715","2026-04-02 08:22:57.281","69cc6120638a6d78a3ffeae7","682b7d0b289cf12a7794cbc1","[PREMIUM]","[PREMIUM]","[PREMIUM]","[PREMIUM]","[PREMIUM]","[1,2,3,4]","LB","3","Loge","['*','*','*','*']","mobile","tm","tmqr",,"[PREMIUM]","[PREMIUM]","[]",,"South Carolina Stingrays at Orlando Solar Bears (Rescheduled from 12/28/2025)","echl","2026-04-02 23:00:00","545d4acf3bf3762bdb000003"
"69cc75c853c05bd145cc28c6","2026-04-01 04:19:49.715","2026-04-01 04:19:49.715","69cc75c853c05bd145cc28c6","682b7d0b289cf12a7794cbc1","[PREMIUM]","[PREMIUM]","[PREMIUM]","[PREMIUM]","[PREMIUM]","[1,2,3,5]","113","11","Terrace Sideline","['*','*','*','*','*']","mobile","tm","tmqr",,"[PREMIUM]","[PREMIUM]","[]",,"South Carolina Stingrays at Orlando Solar Bears (Rescheduled from 12/28/2025)","echl","2026-04-02 23:00:00","545d4acf3bf3762bdb000003"
"69cc867953c05bd1455809bb","2026-04-01 04:19:49.715","2026-04-01 04:19:49.715","69cc867953c05bd1455809bb","682b7d0b289cf12a7794cbc1","[PREMIUM]","[PREMIUM]","[PREMIUM]","[PREMIUM]","[PREMIUM]","[1,2]","103","12","Terrace Corner","['*','*']","mobile","tm","tmqr","great","[PREMIUM]","[PREMIUM]","[]",,"South Carolina Stingrays at Orlando Solar Bears (Rescheduled from 12/28/2025)","echl","2026-04-02 23:00:00","545d4acf3bf3762bdb000003"
"69cc8d4a95be6007670b4d42","2026-04-01 04:19:49.715","2026-04-01 04:19:49.715","69cc8d4a95be6007670b4d42","682b7d0b289cf12a7794cbc1","[PREMIUM]","[PREMIUM]","[PREMIUM]","[PREMIUM]","[PREMIUM]","[1,2,3,4]","115","15","Terrace Sideline","['*','*','*','*']","mobile","tm","tmqr",,"[PREMIUM]","[PREMIUM]","[]",,"South Carolina Stingrays at Orlando Solar Bears (Rescheduled from 12/28/2025)","echl","2026-04-02 23:00:00","545d4acf3bf3762bdb000003"
"69cc8d06d0e42158f89541c4","2026-04-01 04:19:49.715","2026-04-01 04:19:49.715","69cc8d06d0e42158f89541c4","682b7d0b289cf12a7794cbc1","[PREMIUM]","[PREMIUM]","[PREMIUM]","[PREMIUM]","[PREMIUM]","[1,2,3,4]","111A","24","Terrace Goal","['*','*','*','*']","mobile","tm","tmqr","great","[PREMIUM]","[PREMIUM]","[]",,"South Carolina Stingrays at Orlando Solar Bears (Rescheduled from 12/28/2025)","echl","2026-04-02 23:00:00","545d4acf3bf3762bdb000003"
"69cc7ee653c05bd145c5acee","2026-04-01 04:19:49.715","2026-04-01 04:19:49.715","69cc7ee653c05bd145c5acee","682b7d0b289cf12a7794cbc1","[PREMIUM]","[PREMIUM]","[PREMIUM]","[PREMIUM]","[PREMIUM]","[1,2,3,4,5,6,7,8]","CE","3","Club I","['*','*','*','*','*','*','*','*']","mobile","tm","tmqr",,"[PREMIUM]","[PREMIUM]","[]",,"South Carolina Stingrays at Orlando Solar Bears (Rescheduled from 12/28/2025)","echl","2026-04-02 23:00:00","545d4acf3bf3762bdb000003"
"69cc8e9a53c05bd14509b18e","2026-04-01 04:19:49.715","2026-04-02 08:22:57.281","69cc8e9a53c05bd14509b18e","682b7d0b289cf12a7794cbc1","[PREMIUM]","[PREMIUM]","[PREMIUM]","[PREMIUM]","[PREMIUM]","[1,2,3,4,6]","117","15","Terrace Corner","['1','2','3','4','5','6']","mobile","tm","tmqr","super","[PREMIUM]","[PREMIUM]","[]",,"South Carolina Stingrays at Orlando Solar Bears (Rescheduled from 12/28/2025)","echl","2026-04-02 23:00:00","545d4acf3bf3762bdb000003"
"69cc907e53c05bd145664027","2026-04-01 04:19:49.715","2026-04-01 04:19:49.715","69cc907e53c05bd145664027","682b7d0b289cf12a7794cbc1","[PREMIUM]","[PREMIUM]","[PREMIUM]","[PREMIUM]","[PREMIUM]","[1,2,4]","107","10","Terrace Sideline","['*','*','*','*']","mobile","tm","tmqr",,"[PREMIUM]","[PREMIUM]","[]",,"South Carolina Stingrays at Orlando Solar Bears (Rescheduled from 12/28/2025)","echl","2026-04-02 23:00:00","545d4acf3bf3762bdb000003"
"69cbe31353c05bd145d85797","2026-04-01 04:19:49.524","2026-04-02 08:22:55.744","69cbe31353c05bd145d85797","68f6846ea1df084bdd674897","[PREMIUM]","[PREMIUM]","[PREMIUM]","[PREMIUM]","[PREMIUM]","[1,2,3,4,6]","FLRC","2","Floor","['*','*','*','*','*','*']","mobile","tm","tmqr","great","[PREMIUM]","[PREMIUM]","[]","2026-04-09 00:00:00","John Mulaney (Rescheduled from 1/9)","comedy","2026-04-11 00:30:00","5a5652c0f8cd47001307ceb9"
"69cbf41253c05bd145644d37","2026-04-01 04:19:49.524","2026-04-01 04:19:49.524","69cbf41253c05bd145644d37","68f6846ea1df084bdd674897","[PREMIUM]","[PREMIUM]","[PREMIUM]","[PREMIUM]","[PREMIUM]","[2]","FLR3","4","Floor","['*','*']","mobile","tm","tmqr",,"[PREMIUM]","[PREMIUM]","[]","2026-04-09 00:00:00","John Mulaney (Rescheduled from 1/9)","comedy","2026-04-11 00:30:00","5a5652c0f8cd47001307ceb9"
"69cc569953c05bd145434944","2026-04-01 04:19:48.313","2026-04-01 04:19:48.313","69cc569953c05bd145434944","68ce343508eeb31bf53024c2","[PREMIUM]","[PREMIUM]","[PREMIUM]","[PREMIUM]","[PREMIUM]","[1,2]","2","14","Floor","['*','*']","mobile","tm","tmqr","great","[PREMIUM]","[PREMIUM]","[]","2026-04-26 00:00:00","Barry Manilow (Rescheduled from 1/12)","music","2026-04-27 23:00:00","56e1e5d9f80c416f7e000001"
"69cc569d53c05bd145442457","2026-04-01 04:19:48.313","2026-04-01 04:19:48.313","69cc569d53c05bd145442457","68ce343508eeb31bf53024c2","[PREMIUM]","[PREMIUM]","[PREMIUM]","[PREMIUM]","[PREMIUM]","[1,2]","1","7","Floor","['*','*']","mobile","tm","tmqr",,"[PREMIUM]","[PREMIUM]","[]","2026-04-26 00:00:00","Barry Manilow (Rescheduled from 1/12)","music","2026-04-27 23:00:00","56e1e5d9f80c416f7e000001"
"69cc569653c05bd145428d49","2026-04-01 04:19:48.313","2026-04-01 04:19:48.313","69cc569653c05bd145428d49","68ce343508eeb31bf53024c2","[PREMIUM]","[PREMIUM]","[PREMIUM]","[PREMIUM]","[PREMIUM]","[1,2,3,4,5,6]","3","11","Floor","['*','*','*','*','*','*']","mobile","tm","tmqr","great","[PREMIUM]","[PREMIUM]","[]","2026-04-26 00:00:00","Barry Manilow (Rescheduled from 1/12)","music","2026-04-27 23:00:00","56e1e5d9f80c416f7e000001"
"69cc66f053c05bd1459173b0","2026-04-01 04:19:48.313","2026-04-09 08:01:00.929","69cc66f053c05bd1459173b0","68ce343508eeb31bf53024c2","[PREMIUM]","[PREMIUM]","[PREMIUM]","[PREMIUM]","[PREMIUM]","[1,2]","108","L","Lower","['*','*']","mobile","tm","tmqr",,"[PREMIUM]","[PREMIUM]","[]","2026-04-26 00:00:00","Barry Manilow (Rescheduled from 1/12)","music","2026-04-27 23:00:00","56e1e5d9f80c416f7e000001"
"69cc716d53c05bd145e5b013","2026-04-01 04:19:48.313","2026-04-01 04:19:48.313","69cc716d53c05bd145e5b013","68ce343508eeb31bf53024c2","[PREMIUM]","[PREMIUM]","[PREMIUM]","[PREMIUM]","[PREMIUM]","[2]","3","6","Floor","['*','*']","mobile","tm","tmqr",,"[PREMIUM]","[PREMIUM]","[]","2026-04-26 00:00:00","Barry Manilow (Rescheduled from 1/12)","music","2026-04-27 23:00:00","56e1e5d9f80c416f7e000001"
"69cbb6f553c05bd1455783de","2026-04-01 04:19:48.313","2026-04-15 08:59:57.792","69cbb6f553c05bd1455783de","68ce343508eeb31bf53024c2","[PREMIUM]","[PREMIUM]","[PREMIUM]","[PREMIUM]","[PREMIUM]","[1,2,3,4,5,6,7,8]","313","E","Upper","['*','*','*','*','*','*','*','*']","mobile","tm","tmqr","great","[PREMIUM]","[PREMIUM]","[]","2026-04-26 00:00:00","Barry Manilow (Rescheduled from 1/12)","music","2026-04-27 23:00:00","56e1e5d9f80c416f7e000001"
"6920e96c4c87f865d08e83ea","2026-04-01 04:19:48.262","2026-04-09 08:00:58.884","6920e96c4c87f865d08e83ea","68ce2cb2cb850397b9d2fe77","[PREMIUM]","[PREMIUM]","[PREMIUM]","[PREMIUM]","[PREMIUM]","[2]","121","W","Lower","['20','21']","mobile","tm","tmqr",,"[PREMIUM]","[PREMIUM]","[]",,"Barry Manilow (Rescheduled from 1/16)","music","2026-04-30 03:59:00","58127f1ecde6626ebe12395e"
"69b96b6bee31593f11a0286c","2026-04-01 04:19:48.262","2026-04-13 00:41:48.842","69b96b6bee31593f11a0286c","68ce2cb2cb850397b9d2fe77","[PREMIUM]","[PREMIUM]","[PREMIUM]","[PREMIUM]","[PREMIUM]","[2]","FLR4","P","Floor","['*','*']","mobile","tm","tmqr","amazing","[PREMIUM]","[PREMIUM]","[]",,"Barry Manilow (Rescheduled from 1/16)","music","2026-04-30 03:59:00","58127f1ecde6626ebe12395e"
"69cc45c453c05bd145b60c9b","2026-04-01 04:19:48.262","2026-04-03 11:58:19.115","69cc45c453c05bd145b60c9b","68ce2cb2cb850397b9d2fe77","[PREMIUM]","[PREMIUM]","[PREMIUM]","[PREMIUM]","[PREMIUM]","[2]","FLR3","H","Floor","['*','*']","mobile","tm","tmqr",,"[PREMIUM]","[PREMIUM]","[]","2026-04-28 00:00:00","Barry Manilow (Rescheduled from 1/16)","music","2026-04-30 03:59:00","58127f1ecde6626ebe12395e"
"69cc45c753c05bd145b6d992","2026-04-01 04:19:48.262","2026-04-03 11:58:19.115","69cc45c753c05bd145b6d992","68ce2cb2cb850397b9d2fe77","[PREMIUM]","[PREMIUM]","[PREMIUM]","[PREMIUM]","[PREMIUM]","[2]","FLR5","C","Floor","['*','*']","mobile","tm","tmqr",,"[PREMIUM]","[PREMIUM]","[]","2026-04-28 00:00:00","Barry Manilow (Rescheduled from 1/16)","music","2026-04-30 03:59:00","58127f1ecde6626ebe12395e"
"69cc45d653c05bd145bb05c4","2026-04-01 04:19:48.262","2026-04-03 11:58:19.115","69cc45d653c05bd145bb05c4","68ce2cb2cb850397b9d2fe77","[PREMIUM]","[PREMIUM]","[PREMIUM]","[PREMIUM]","[PREMIUM]","[2]","FLR5","H","Floor","['*','*']","mobile","tm","tmqr",,"[PREMIUM]","[PREMIUM]","[]","2026-04-28 00:00:00","Barry Manilow (Rescheduled from 1/16)","music","2026-04-30 03:59:00","58127f1ecde6626ebe12395e"
"69cc476153c05bd14516ca03","2026-04-01 04:19:48.262","2026-04-09 08:00:58.884","69cc476153c05bd14516ca03","68ce2cb2cb850397b9d2fe77","[PREMIUM]","[PREMIUM]","[PREMIUM]","[PREMIUM]","[PREMIUM]","[1,2,3,4,5,6]","119","P","Lower","['*','*','*','*','*','*']","mobile","tm","tmqr","great","[PREMIUM]","[PREMIUM]","[]","2026-04-28 00:00:00","Barry Manilow (Rescheduled from 1/16)","music","2026-04-30 03:59:00","58127f1ecde6626ebe12395e"
"69cc45c153c05bd145b545e6","2026-04-01 04:19:48.262","2026-04-03 11:58:19.115","69cc45c153c05bd145b545e6","68ce2cb2cb850397b9d2fe77","[PREMIUM]","[PREMIUM]","[PREMIUM]","[PREMIUM]","[PREMIUM]","[2]","FLR1","C","Floor","['*','*']","mobile","tm","tmqr",,"[PREMIUM]","[PREMIUM]","[]","2026-04-28 00:00:00","Barry Manilow (Rescheduled from 1/16)","music","2026-04-30 03:59:00","58127f1ecde6626ebe12395e"
"69cc586f682586e5f4a42521","2026-04-01 04:19:48.262","2026-04-01 04:19:48.262","69cc586f682586e5f4a42521","68ce2cb2cb850397b9d2fe77","[PREMIUM]","[PREMIUM]","[PREMIUM]","[PREMIUM]","[PREMIUM]","[1,2,3,4,5,6,7,8]","120","X","Lower","['*','*','*','*','*','*','*','*']","mobile","tm","tmqr",,"[PREMIUM]","[PREMIUM]","[]","2026-04-28 00:00:00","Barry Manilow (Rescheduled from 1/16)","music","2026-04-30 03:59:00","58127f1ecde6626ebe12395e"
"69cc6c5753c05bd145b81404","2026-04-01 04:19:48.262","2026-04-03 11:58:19.115","69cc6c5753c05bd145b81404","68ce2cb2cb850397b9d2fe77","[PREMIUM]","[PREMIUM]","[PREMIUM]","[PREMIUM]","[PREMIUM]","[1,2,3]","121","L","Lower","['*','*','*']","mobile","tm","tmqr",,"[PREMIUM]","[PREMIUM]","[]","2026-04-29 00:00:00","Barry Manilow (Rescheduled from 1/16)","music","2026-04-30 03:59:00","58127f1ecde6626ebe12395e"
"69aadccf89f0a636ae0b6988","2026-04-01 04:19:48.182","2026-04-10 12:23:39.694","69aadccf89f0a636ae0b6988","68ce339d302bab3cec86b38d","[PREMIUM]","[PREMIUM]","[PREMIUM]","[PREMIUM]","[PREMIUM]","[2]","215","V","Upper","['*','*']","mobile","tm","tmqr",,"[PREMIUM]","[PREMIUM]","[]","2026-04-23 00:00:00","Barry Manilow (Rescheduled from 1/15)","music","2026-04-24 23:00:00","5758b8caf80c41206da73335"
"69b9e67ff6fbc8b3545deb25","2026-04-01 04:19:48.182","2026-04-01 04:19:48.182","69b9e67ff6fbc8b3545deb25","68ce339d302bab3cec86b38d","[PREMIUM]","[PREMIUM]","[PREMIUM]","[PREMIUM]","[PREMIUM]","[1,2,3,4]","113","TT","Lower","['*','*','*','*']","mobile","tm","tmqr",,"[PREMIUM]","[PREMIUM]","[]","2026-04-23 00:00:00","Barry Manilow (Rescheduled from 1/15)","music","2026-04-24 23:00:00","5758b8caf80c41206da73335"
"69cbe79453c05bd145c4a4e6","2026-04-01 04:19:48.182","2026-04-14 04:36:59.487","69cbe79453c05bd145c4a4e6","68ce339d302bab3cec86b38d","[PREMIUM]","[PREMIUM]","[PREMIUM]","[PREMIUM]","[PREMIUM]","[1,2,3,4,5,6]","215","M","Upper","['*','*','*','*','*','*']","mobile","tm","tmqr",,"[PREMIUM]","[PREMIUM]","[]","2026-04-23 00:00:00","Barry Manilow (Rescheduled from 1/15)","music","2026-04-24 23:00:00","5758b8caf80c41206da73335"
"69cb5da553c05bd14506117c","2026-04-01 04:19:47.871","2026-04-03 11:58:20.948","69cb5da553c05bd14506117c","68f6f47d46e8b319249470ad","[PREMIUM]","[PREMIUM]","[PREMIUM]","[PREMIUM]","[PREMIUM]","[1,2,3,4]","Upper Balcony Left","J",,"['*','*','*','*']","electronic",,"tmqr",,"[PREMIUM]","[PREMIUM]","[]","2026-05-22 00:00:00","Garrison Keillor (Rescheduled from 1/11)","talk","2026-05-24 02:30:00","68af6f8e3ec90eeb885ae12f"
"69cb5da853c05bd14506d198","2026-04-01 04:19:47.871","2026-04-03 11:58:20.948","69cb5da853c05bd14506d198","68f6f47d46e8b319249470ad","[PREMIUM]","[PREMIUM]","[PREMIUM]","[PREMIUM]","[PREMIUM]","[1,2,3]","Upper Balcony Left","L",,"['*','*','*']","electronic",,"tmqr",,"[PREMIUM]","[PREMIUM]","[]","2026-05-22 00:00:00","Garrison Keillor (Rescheduled from 1/11)","talk","2026-05-24 02:30:00","68af6f8e3ec90eeb885ae12f"
"69cb5dab53c05bd145077b2e","2026-04-01 04:19:47.871","2026-04-03 11:58:20.948","69cb5dab53c05bd145077b2e","68f6f47d46e8b319249470ad","[PREMIUM]","[PREMIUM]","[PREMIUM]","[PREMIUM]","[PREMIUM]","[1,2,3,4]","Upper Balcony Left","H",,"['*','*','*','*']","electronic",,"tmqr",,"[PREMIUM]","[PREMIUM]","[]","2026-05-22 00:00:00","Garrison Keillor (Rescheduled from 1/11)","talk","2026-05-24 02:30:00","68af6f8e3ec90eeb885ae12f"
"69cb5dca53c05bd1450d8366","2026-04-01 04:19:47.871","2026-04-03 11:58:20.948","69cb5dca53c05bd1450d8366","68f6f47d46e8b319249470ad","[PREMIUM]","[PREMIUM]","[PREMIUM]","[PREMIUM]","[PREMIUM]","[1,2,3,4]","Upper Balcony Left","K",,"['*','*','*','*']","electronic",,"tmqr",,"[PREMIUM]","[PREMIUM]","[]","2026-05-22 00:00:00","Garrison Keillor (Rescheduled from 1/11)","talk","2026-05-24 02:30:00","68af6f8e3ec90eeb885ae12f"
"69cbf385a31e4e86395ba6b5","2026-04-01 04:19:44.827","2026-04-09 08:00:57.189","69cbf385a31e4e86395ba6b5","689cdebf6d48fbed6a0bff22","[PREMIUM]","[PREMIUM]","[PREMIUM]","[PREMIUM]","[PREMIUM]","[2]","F","Q","Lower","['*','*']","electronic",,"tmqr",,"[PREMIUM]","[PREMIUM]","[]",,"Clay Walker (18+ Event) (Rescheduled from 1/23)","music","2026-06-20 00:00:00","67d0cb87a7f79167b63776f1"
"69cbe34c0c40c3b79ef18219","2026-04-01 04:19:44.827","2026-04-15 08:59:55.887","69cbe34c0c40c3b79ef18219","689cdebf6d48fbed6a0bff22","[PREMIUM]","[PREMIUM]","[PREMIUM]","[PREMIUM]","[PREMIUM]","[1,2,3,4,5,6]","H","S","Lower","['*','*','*','*','*','*']","electronic",,"tmqr","cheapest","[PREMIUM]","[PREMIUM]","[]","2026-06-18 00:00:00","Clay Walker (18+ Event) (Rescheduled from 1/23)","music","2026-06-20 00:00:00","67d0cb87a7f79167b63776f1"
"69cb2c2f53c05bd145d4554e","2026-04-01 04:19:43.831","2026-04-03 11:58:16.169","69cb2c2f53c05bd145d4554e","68dc43774fe54f79a3c0eb38","[PREMIUM]","[PREMIUM]","[PREMIUM]","[PREMIUM]","[PREMIUM]","[1,2,3,4,5,6,7,8]","ORCHRC","BB","Orchestra Right Center","['*','*','*','*','*','*','*','*']","mobile","tm","tmqr",,"[PREMIUM]","[PREMIUM]","[]",,"Bored Teachers Comedy Tour (Rescheduled from 1/23/26)","comedy","2026-04-04 23:30:00","648cd9dc28b11a0001efd256"
"69cba1f453c05bd145431b68","2026-04-01 04:19:43.831","2026-04-03 11:58:16.169","69cba1f453c05bd145431b68","68dc43774fe54f79a3c0eb38","[PREMIUM]","[PREMIUM]","[PREMIUM]","[PREMIUM]","[PREMIUM]","[2,3,4,5,6,7,8]","ORCHR","P","Orchestra Right","['*','*','*','*','*','*','*','*']","mobile","tm","tmqr",,"[PREMIUM]","[PREMIUM]","[]",,"Bored Teachers Comedy Tour (Rescheduled from 1/23/26)","comedy","2026-04-04 23:30:00","648cd9dc28b11a0001efd256"
"69cba1b453c05bd14537e67b","2026-04-01 04:19:43.831","2026-04-03 11:58:16.169","69cba1b453c05bd14537e67b","68dc43774fe54f79a3c0eb38","[PREMIUM]","[PREMIUM]","[PREMIUM]","[PREMIUM]","[PREMIUM]","[2,3,4,5,6,7,8]","ORCHRC","P","Orchestra Right Center","['*','*','*','*','*','*','*','*']","mobile","tm","tmqr",,"[PREMIUM]","[PREMIUM]","[]",,"Bored Teachers Comedy Tour (Rescheduled from 1/23/26)","comedy","2026-04-04 23:30:00","648cd9dc28b11a0001efd256"
"69cc64d253c05bd14522429a","2026-04-01 04:19:43.831","2026-04-01 04:19:43.831","69cc64d253c05bd14522429a","68dc43774fe54f79a3c0eb38","[PREMIUM]","[PREMIUM]","[PREMIUM]","[PREMIUM]","[PREMIUM]","[1,2,3,5]","ORCHL","GG","Orchestra Left","['*','*','*','*','*']","mobile","tm","tmqr","cheapest","[PREMIUM]","[PREMIUM]","[]","2026-04-03 00:00:00","Bored Teachers Comedy Tour (Rescheduled from 1/23/26)","comedy","2026-04-04 23:30:00","648cd9dc28b11a0001efd256"
"69cbf11d02e3e0723c6446fd","2026-04-01 04:19:43.404","2026-04-15 08:59:54.406","69cbf11d02e3e0723c6446fd","68eeb2dd2ef340cc0947273b","[PREMIUM]","[PREMIUM]","[PREMIUM]","[PREMIUM]","[PREMIUM]","[1,2]","BALCONY","GA","General Admission","['*','*']","electronic",,"tmqr","cheapest","[PREMIUM]","[PREMIUM]","['general_admission']",,"Dry Cleaning (Rescheduled from 1/23)","music","2026-05-01 01:00:00","57eaab67cde6626ebe3842d6"
"69cbe31d53c05bd145dafa41","2026-04-01 04:19:43.402","2026-04-02 08:22:50.217","69cbe31d53c05bd145dafa41","689f959ae62e1ebbe0605a2f","[PREMIUM]","[PREMIUM]","[PREMIUM]","[PREMIUM]","[PREMIUM]","[1,2,3,4,5,6]","H","S","Lower","['*','*','*','*','*','*']","electronic",,"tmqr","cheapest","[PREMIUM]","[PREMIUM]","[]","2026-06-18 00:00:00","Clay Walker (18+ Event) (Rescheduled from 1/23)","music","2026-06-20 01:00:00","67d0cb87a7f79167b63776f1"
"69ad9a3289f0a636ae9f5874","2026-04-01 04:19:42.291","2026-04-01 04:19:42.291","69ad9a3289f0a636ae9f5874","68bf414915ff2cffe9bd8578","[PREMIUM]","[PREMIUM]","[PREMIUM]","[PREMIUM]","[PREMIUM]","[1,2,3]","108","8","Lower","['*','*','*']","mobile","tm","tmqr",,"[PREMIUM]","[PREMIUM]","[]","2026-04-11 00:00:00","The Harlem Globetrotters (Rescheduled from 1/24)","other","2026-04-11 19:00:00","58123feccde6626ebe10cd87"
"69c2b727f6fbc8b3545c9a14","2026-04-01 04:19:42.291","2026-04-01 04:19:42.291","69c2b727f6fbc8b3545c9a14","68bf414915ff2cffe9bd8578","[PREMIUM]","[PREMIUM]","[PREMIUM]","[PREMIUM]","[PREMIUM]","[2]","106","A","Lower","['*','*']","mobile","tm","tmqr",,"[PREMIUM]","[PREMIUM]","[]","2026-04-10 00:00:00","The Harlem Globetrotters (Rescheduled from 1/24)","other","2026-04-11 19:00:00","58123feccde6626ebe10cd87"
"69cb4a6653c05bd145791c32","2026-04-01 04:19:42.291","2026-04-02 08:22:49.029","69cb4a6653c05bd145791c32","68bf414915ff2cffe9bd8578","[PREMIUM]","[PREMIUM]","[PREMIUM]","[PREMIUM]","[PREMIUM]","[1,2,3,4,5,6,7,8,9]","110","21","Lower","['*','*','*','*','*','*','*','*','*']","mobile","tm","tmqr",,"[PREMIUM]","[PREMIUM]","[]","2026-04-10 00:00:00","The Harlem Globetrotters (Rescheduled from 1/24)","other","2026-04-11 19:00:00","58123feccde6626ebe10cd87"
"69cbb53e53c05bd1450686dc","2026-04-01 04:19:42.291","2026-04-08 03:52:33.097","69cbb53e53c05bd1450686dc","68bf414915ff2cffe9bd8578","[PREMIUM]","[PREMIUM]","[PREMIUM]","[PREMIUM]","[PREMIUM]","[1,2,3,4,6]","115","7","Lower","['*','*','*','*','*','*']","mobile","tm","tmqr",,"[PREMIUM]","[PREMIUM]","[]","2026-04-10 00:00:00","The Harlem Globetrotters (Rescheduled from 1/24)","other","2026-04-11 19:00:00","58123feccde6626ebe10cd87"
"69cbf3a953c05bd145499be8","2026-04-01 04:19:42.291","2026-04-08 03:52:33.097","69cbf3a953c05bd145499be8","68bf414915ff2cffe9bd8578","[PREMIUM]","[PREMIUM]","[PREMIUM]","[PREMIUM]","[PREMIUM]","[2]","101","11","Lower","['9','10']","mobile","tm","tmqr","cheapest","[PREMIUM]","[PREMIUM]","[]","2026-04-09 00:00:00","The Harlem Globetrotters (Rescheduled from 1/24)","other","2026-04-11 19:00:00","58123feccde6626ebe10cd87"
"69cbffc553c05bd14503c393","2026-04-01 04:19:42.291","2026-04-02 08:22:49.029","69cbffc553c05bd14503c393","68bf414915ff2cffe9bd8578","[PREMIUM]","[PREMIUM]","[PREMIUM]","[PREMIUM]","[PREMIUM]","[1,2,3,4,5,7]","114","A","Lower","['*','*','*','*','*','*','*']","mobile","tm","tmqr",,"[PREMIUM]","[PREMIUM]","[]","2026-04-10 00:00:00","The Harlem Globetrotters (Rescheduled from 1/24)","other","2026-04-11 19:00:00","58123feccde6626ebe10cd87"
"69cc299c7e79c465e65f0044","2026-04-01 04:19:42.291","2026-04-01 04:19:42.291","69cc299c7e79c465e65f0044","68bf414915ff2cffe9bd8578","[PREMIUM]","[PREMIUM]","[PREMIUM]","[PREMIUM]","[PREMIUM]","[1,2]","122","C","Lower","['*','*']","mobile","tm","tmqr","amazing","[PREMIUM]","[PREMIUM]","[]","2026-04-10 00:00:00","The Harlem Globetrotters (Rescheduled from 1/24)","other","2026-04-11 19:00:00","58123feccde6626ebe10cd87"
"69cc8f4453c05bd1452e798b","2026-04-01 04:19:42.291","2026-04-02 08:22:49.029","69cc8f4453c05bd1452e798b","68bf414915ff2cffe9bd8578","[PREMIUM]","[PREMIUM]","[PREMIUM]","[PREMIUM]","[PREMIUM]","[1,2,3,5]","113","A","Lower","['*','*','*','*','*']","mobile","tm","tmqr",,"[PREMIUM]","[PREMIUM]","[]","2026-04-10 00:00:00","The Harlem Globetrotters (Rescheduled from 1/24)","other","2026-04-11 19:00:00","58123feccde6626ebe10cd87"
"69cc1e4e53c05bd1457754b4","2026-04-01 04:19:41.788","2026-04-01 04:19:41.788","69cc1e4e53c05bd1457754b4","68f811712bb6e212c9297cdd","[PREMIUM]","[PREMIUM]","[PREMIUM]","[PREMIUM]","[PREMIUM]","[1,2,3]","103","L","Floor","['*','*','*']","mobile","tm","tmqr","super","[PREMIUM]","[PREMIUM]","[]","2026-06-18 00:00:00","Aaron Lewis (Rescheduled from 1/23)","music","2026-06-20 01:00:00","5ae8c820fa2d9500137e045a"
"69cc64e153c05bd14525bcfd","2026-04-01 04:19:41.479","2026-04-08 03:52:34.501","69cc64e153c05bd14525bcfd","68ffa450351b52d5aacb4382","[PREMIUM]","[PREMIUM]","[PREMIUM]","[PREMIUM]","[PREMIUM]","[1,2,3,4]","FLOOR","GA","General Admission","['*','*','*','*']","instant",,"tmqr","cheapest","[PREMIUM]","[PREMIUM]","[]",,"Stoney Larue (Rescheduled from 1/23)","music","2026-06-06 00:45:00","57d97ec950575d33c877746c"
"69ba1727f6fbc8b35442127c","2026-04-01 04:19:38.914","2026-04-01 04:19:38.914","69ba1727f6fbc8b35442127c","68dc43779697281dd5f53f49","[PREMIUM]","[PREMIUM]","[PREMIUM]","[PREMIUM]","[PREMIUM]","[1,2,3,4]","ORCHRC","Z","Orchestra","['301','302','303','304']","mobile","tm","tmqr",,"[PREMIUM]","[PREMIUM]","[]",,"Bored Teachers Comedy Tour (Rescheduled from 1/24/26)","comedy","2026-04-03 23:30:00","63c883ef96794b0001a25fa8"
"69cb04ef53c05bd145a87cc0","2026-04-01 04:19:38.914","2026-04-02 08:22:47.452","69cb04ef53c05bd145a87cc0","68dc43779697281dd5f53f49","[PREMIUM]","[PREMIUM]","[PREMIUM]","[PREMIUM]","[PREMIUM]","[1,2,3,4]","MEZZLC","AA","Mezzanine","['*','*','*','*']","mobile","tm","tmqr",,"[PREMIUM]","[PREMIUM]","[]",,"Bored Teachers Comedy Tour (Rescheduled from 1/24/26)","comedy","2026-04-03 23:30:00","63c883ef96794b0001a25fa8"
"69cb051353c05bd145aeb1b8","2026-04-01 04:19:38.914","2026-04-02 08:22:47.452","69cb051353c05bd145aeb1b8","68dc43779697281dd5f53f49","[PREMIUM]","[PREMIUM]","[PREMIUM]","[PREMIUM]","[PREMIUM]","[1,2,3,4]","BALRC","NN","Balcony","['*','*','*','*']","mobile","tm","tmqr","amazing","[PREMIUM]","[PREMIUM]","[]",,"Bored Teachers Comedy Tour (Rescheduled from 1/24/26)","comedy","2026-04-03 23:30:00","63c883ef96794b0001a25fa8"
"69cc388253c05bd1450caf67","2026-04-01 04:19:38.914","2026-04-02 08:22:47.452","69cc388253c05bd1450caf67","68dc43779697281dd5f53f49","[PREMIUM]","[PREMIUM]","[PREMIUM]","[PREMIUM]","[PREMIUM]","[2]","BALC","RR","Balcony","['*','*']","mobile","tm","tmqr",,"[PREMIUM]","[PREMIUM]","[]",,"Bored Teachers Comedy Tour (Rescheduled from 1/24/26)","comedy","2026-04-03 23:30:00","63c883ef96794b0001a25fa8"
"69cc43e553c05bd1454efe10","2026-04-01 04:19:38.914","2026-04-01 04:19:38.914","69cc43e553c05bd1454efe10","68dc43779697281dd5f53f49","[PREMIUM]","[PREMIUM]","[PREMIUM]","[PREMIUM]","[PREMIUM]","[1,2,4]","ORCHL","U","Orchestra","['*','*','*','*']","mobile","tm","tmqr","cheapest","[PREMIUM]","[PREMIUM]","[]","2026-04-02 00:00:00","Bored Teachers Comedy Tour (Rescheduled from 1/24/26)","comedy","2026-04-03 23:30:00","63c883ef96794b0001a25fa8"
"69cc5fe653c05bd14512dca7","2026-04-01 04:19:38.914","2026-04-01 04:19:38.914","69cc5fe653c05bd14512dca7","68dc43779697281dd5f53f49","[PREMIUM]","[PREMIUM]","[PREMIUM]","[PREMIUM]","[PREMIUM]","[2]","ORCHRC","EE","Orchestra","['*','*']","mobile","tm","tmqr",,"[PREMIUM]","[PREMIUM]","[]","2026-04-02 00:00:00","Bored Teachers Comedy Tour (Rescheduled from 1/24/26)","comedy","2026-04-03 23:30:00","63c883ef96794b0001a25fa8"
"69cb139d53c05bd1457e43c0","2026-04-01 04:19:38.677","2026-04-15 08:59:52.232","69cb139d53c05bd1457e43c0","68f0605e5426f765737220a2","[PREMIUM]","[PREMIUM]","[PREMIUM]","[PREMIUM]","[PREMIUM]","[2]","ORCHC","B","Orchestra","['*','*']","mobile","tm","tmqr","amazing","[PREMIUM]","[PREMIUM]","[]","2026-05-02 00:00:00","Lets Sing Taylor - A Live Band Experience Celebrating Taylor Swift (Rescheduled from 1/24)","music","2026-05-03 19:00:00","598387be9da0d48c0d7eb8be"
"69cbf9ee53c05bd145c06848","2026-04-01 04:19:38.602","2026-04-02 08:22:46.154","69cbf9ee53c05bd145c06848","687ec1fa69d1ee0780e5de18","[PREMIUM]","[PREMIUM]","[PREMIUM]","[PREMIUM]","[PREMIUM]","[1,2,3,4,5,6]","105","T","Floor","['*','*','*','*','*','*']","mobile","tm","tmqr","amazing","[PREMIUM]","[PREMIUM]","[]","2026-04-10 00:00:00","Jimmy Failla (Rescheduled from 1/24)","comedy","2026-04-12 01:00:00","61524541b58bf30001037971"
"69cbf9f553c05bd145c1f4ab","2026-04-01 04:19:38.602","2026-04-02 08:22:46.154","69cbf9f553c05bd145c1f4ab","687ec1fa69d1ee0780e5de18","[PREMIUM]","[PREMIUM]","[PREMIUM]","[PREMIUM]","[PREMIUM]","[1,2,3,4]","101","T","Floor","['*','*','*','*']","mobile","tm","tmqr","amazing","[PREMIUM]","[PREMIUM]","[]","2026-04-10 00:00:00","Jimmy Failla (Rescheduled from 1/24)","comedy","2026-04-12 01:00:00","61524541b58bf30001037971"
"695fe01723dd69cbf94f0e71","2026-04-01 04:19:38.543","2026-04-15 08:59:50.686","695fe01723dd69cbf94f0e71","6844842f83b3ba1da2a2b93d","[PREMIUM]","[PREMIUM]","[PREMIUM]","[PREMIUM]","[PREMIUM]","[1,2,3,4]","ORCHR","S","Orchestra Right","['*','*','*','*']","electronic",,"tmqr","great","[PREMIUM]","[PREMIUM]","['limited_view']",,"Blue Man Group (Rescheduled from 1/24)","theater","2026-06-16 23:30:00","5786b116f80c416b700b1436"
"69cbca1e53c05bd14527fa1e","2026-04-01 04:19:37.344","2026-04-15 08:59:50.583","69cbca1e53c05bd14527fa1e","686fe839f4c97f4cbae6c6b8","[PREMIUM]","[PREMIUM]","[PREMIUM]","[PREMIUM]","[PREMIUM]","[1,2]","ORCHC","Y","Orchestra","['*','*']","electronic",,"tmqr",,"[PREMIUM]","[PREMIUM]","[]","2026-06-18 00:00:00","Trae Crowder (Rescheduled from 1/24)","comedy","2026-06-21 00:00:00","67b66ace77ab093b8a9675c2"
"695e90da23dd69cbf9966e39","2026-04-01 04:19:36.525","2026-04-08 03:52:29.670","695e90da23dd69cbf9966e39","689a523292fcf9275cc81880","[PREMIUM]","[PREMIUM]","[PREMIUM]","[PREMIUM]","[PREMIUM]","[2]","307","E","Upper","['*','*']","mobile","tm","tmqr",,"[PREMIUM]","[PREMIUM]","[]","2026-05-15 00:00:00","Fantasia Barrino and Anthony Hamilton (Rescheduled from 1/24)","music","2026-05-17 01:00:00","57aba98ff80c4115bab50ab0"
"69c89e6c7b70c5015d6f467c","2026-04-01 04:19:36.525","2026-04-09 08:00:46.874","69c89e6c7b70c5015d6f467c","689a523292fcf9275cc81880","[PREMIUM]","[PREMIUM]","[PREMIUM]","[PREMIUM]","[PREMIUM]","[1,2]","313","A","Upper","['*','*']","mobile","tm","tmqr",,"[PREMIUM]","[PREMIUM]","[]","2026-05-15 00:00:00","Fantasia Barrino and Anthony Hamilton (Rescheduled from 1/24)","music","2026-05-17 01:00:00","57aba98ff80c4115bab50ab0"
"69cabd5dbd7abc9fe09b1f14","2026-04-01 04:19:36.525","2026-04-07 00:02:52.637","69cabd5dbd7abc9fe09b1f14","689a523292fcf9275cc81880","[PREMIUM]","[PREMIUM]","[PREMIUM]","[PREMIUM]","[PREMIUM]","[1,2,3,4,5,6,7,8]","306U","K","Upper","['*','*','*','*','*','*','*','*']","mobile","tm","tmqr",,"[PREMIUM]","[PREMIUM]","[]","2026-05-15 00:00:00","Fantasia Barrino and Anthony Hamilton (Rescheduled from 1/24)","music","2026-05-17 01:00:00","57aba98ff80c4115bab50ab0"
"69cb163d53c05bd14511f2d2","2026-04-01 04:19:36.525","2026-04-01 04:19:36.525","69cb163d53c05bd14511f2d2","689a523292fcf9275cc81880","[PREMIUM]","[PREMIUM]","[PREMIUM]","[PREMIUM]","[PREMIUM]","[1,2,3,4]","311","D","Upper","['*','*','*','*']","mobile","tm","tmqr",,"[PREMIUM]","[PREMIUM]","[]","2026-05-15 00:00:00","Fantasia Barrino and Anthony Hamilton (Rescheduled from 1/24)","music","2026-05-17 01:00:00","57aba98ff80c4115bab50ab0"
"69cb163053c05bd1450f566a","2026-04-01 04:19:36.525","2026-04-10 12:23:31.332","69cb163053c05bd1450f566a","689a523292fcf9275cc81880","[PREMIUM]","[PREMIUM]","[PREMIUM]","[PREMIUM]","[PREMIUM]","[1,2,3,4,5,6,7,8]","320U","K","Upper","['*','*','*','*','*','*','*','*']","mobile","tm","tmqr",,"[PREMIUM]","[PREMIUM]","[]","2026-05-15 00:00:00","Fantasia Barrino and Anthony Hamilton (Rescheduled from 1/24)","music","2026-05-17 01:00:00","57aba98ff80c4115bab50ab0"
"69cb163d53c05bd14511f226","2026-04-01 04:19:36.525","2026-04-07 00:02:52.637","69cb163d53c05bd14511f226","689a523292fcf9275cc81880","[PREMIUM]","[PREMIUM]","[PREMIUM]","[PREMIUM]","[PREMIUM]","[1,2]","222","D","Lower","['*','*']","mobile","tm","tmqr",,"[PREMIUM]","[PREMIUM]","[]","2026-05-15 00:00:00","Fantasia Barrino and Anthony Hamilton (Rescheduled from 1/24)","music","2026-05-17 01:00:00","57aba98ff80c4115bab50ab0"
"69cb162353c05bd1450cb452","2026-04-01 04:19:36.525","2026-04-10 12:23:31.332","69cb162353c05bd1450cb452","689a523292fcf9275cc81880","[PREMIUM]","[PREMIUM]","[PREMIUM]","[PREMIUM]","[PREMIUM]","[1,2,3,4,5,6]","311U","K","Upper","['*','*','*','*','*','*']","mobile","tm","tmqr",,"[PREMIUM]","[PREMIUM]","[]","2026-05-15 00:00:00","Fantasia Barrino and Anthony Hamilton (Rescheduled from 1/24)","music","2026-05-17 01:00:00","57aba98ff80c4115bab50ab0"
"69cb163d53c05bd14511f21c","2026-04-01 04:19:36.525","2026-04-01 04:19:36.525","69cb163d53c05bd14511f21c","689a523292fcf9275cc81880","[PREMIUM]","[PREMIUM]","[PREMIUM]","[PREMIUM]","[PREMIUM]","[1,2,3,4,5,6,7,8]","324","E","Upper","['*','*','*','*','*','*','*','*']","mobile","tm","tmqr",,"[PREMIUM]","[PREMIUM]","[]","2026-05-15 00:00:00","Fantasia Barrino and Anthony Hamilton (Rescheduled from 1/24)","music","2026-05-17 01:00:00","57aba98ff80c4115bab50ab0"
"69cb161a53c05bd1450a7478","2026-04-01 04:19:36.525","2026-04-03 11:58:09.383","69cb161a53c05bd1450a7478","689a523292fcf9275cc81880","[PREMIUM]","[PREMIUM]","[PREMIUM]","[PREMIUM]","[PREMIUM]","[1,2,3,4,5,6]","106","P","Floor","['*','*','*','*','*','*']","mobile","tm","tmqr",,"[PREMIUM]","[PREMIUM]","[]","2026-05-15 00:00:00","Fantasia Barrino and Anthony Hamilton (Rescheduled from 1/24)","music","2026-05-17 01:00:00","57aba98ff80c4115bab50ab0"
"69cb161d53c05bd1450b1ed9","2026-04-01 04:19:36.525","2026-04-02 08:22:46.391","69cb161d53c05bd1450b1ed9","689a523292fcf9275cc81880","[PREMIUM]","[PREMIUM]","[PREMIUM]","[PREMIUM]","[PREMIUM]","[1,2,3,4,5,6,7,8]","307U","L","Upper","['*','*','*','*','*','*','*','*']","mobile","tm","tmqr","amazing","[PREMIUM]","[PREMIUM]","[]","2026-05-15 00:00:00","Fantasia Barrino and Anthony Hamilton (Rescheduled from 1/24)","music","2026-05-17 01:00:00","57aba98ff80c4115bab50ab0"
"69cb162653c05bd1450d5ea6","2026-04-01 04:19:36.525","2026-04-07 00:02:52.637","69cb162653c05bd1450d5ea6","689a523292fcf9275cc81880","[PREMIUM]","[PREMIUM]","[PREMIUM]","[PREMIUM]","[PREMIUM]","[1,2]","107","H","Floor","['*','*']","mobile","tm","tmqr",,"[PREMIUM]","[PREMIUM]","[]","2026-05-15 00:00:00","Fantasia Barrino and Anthony Hamilton (Rescheduled from 1/24)","music","2026-05-17 01:00:00","57aba98ff80c4115bab50ab0"
"69cb163053c05bd1450f56b2","2026-04-01 04:19:36.525","2026-04-02 08:22:46.391","69cb163053c05bd1450f56b2","689a523292fcf9275cc81880","[PREMIUM]","[PREMIUM]","[PREMIUM]","[PREMIUM]","[PREMIUM]","[1,2,3,4]","309U","L","Upper","['*','*','*','*']","mobile","tm","tmqr",,"[PREMIUM]","[PREMIUM]","[]","2026-05-15 00:00:00","Fantasia Barrino and Anthony Hamilton (Rescheduled from 1/24)","music","2026-05-17 01:00:00","57aba98ff80c4115bab50ab0"
"69cb163053c05bd1450f55c2","2026-04-01 04:19:36.525","2026-04-08 03:52:29.670","69cb163053c05bd1450f55c2","689a523292fcf9275cc81880","[PREMIUM]","[PREMIUM]","[PREMIUM]","[PREMIUM]","[PREMIUM]","[1,2,3,4,5,6]","325","E","Upper","['*','*','*','*','*','*']","mobile","tm","tmqr",,"[PREMIUM]","[PREMIUM]","[]","2026-05-15 00:00:00","Fantasia Barrino and Anthony Hamilton (Rescheduled from 1/24)","music","2026-05-17 01:00:00","57aba98ff80c4115bab50ab0"
"69cb163a53c05bd145113fd1","2026-04-01 04:19:36.525","2026-04-02 08:22:46.391","69cb163a53c05bd145113fd1","689a523292fcf9275cc81880","[PREMIUM]","[PREMIUM]","[PREMIUM]","[PREMIUM]","[PREMIUM]","[1,2,3,4,5,6]","324U","L","Upper","['*','*','*','*','*','*']","mobile","tm","tmqr","super","[PREMIUM]","[PREMIUM]","[]","2026-05-15 00:00:00","Fantasia Barrino and Anthony Hamilton (Rescheduled from 1/24)","music","2026-05-17 01:00:00","57aba98ff80c4115bab50ab0"
"69cb162053c05bd1450bdf4b","2026-04-01 04:19:36.525","2026-04-10 12:23:31.332","69cb162053c05bd1450bdf4b","689a523292fcf9275cc81880","[PREMIUM]","[PREMIUM]","[PREMIUM]","[PREMIUM]","[PREMIUM]","[1,2]","203","F","Lower","['*','*']","mobile","tm","tmqr","great","[PREMIUM]","[PREMIUM]","[]","2026-05-15 00:00:00","Fantasia Barrino and Anthony Hamilton (Rescheduled from 1/24)","music","2026-05-17 01:00:00","57aba98ff80c4115bab50ab0"
"69cb163a53c05bd145113fa7","2026-04-01 04:19:36.525","2026-04-02 08:22:46.391","69cb163a53c05bd145113fa7","689a523292fcf9275cc81880","[PREMIUM]","[PREMIUM]","[PREMIUM]","[PREMIUM]","[PREMIUM]","[1,2,3,4,5,6,7,8]","308U","L","Upper","['*','*','*','*','*','*','*','*']","mobile","tm","tmqr","amazing","[PREMIUM]","[PREMIUM]","[]","2026-05-15 00:00:00","Fantasia Barrino and Anthony Hamilton (Rescheduled from 1/24)","music","2026-05-17 01:00:00","57aba98ff80c4115bab50ab0"
"69cb165153c05bd145164a22","2026-04-01 04:19:36.525","2026-04-01 04:19:36.525","69cb165153c05bd145164a22","689a523292fcf9275cc81880","[PREMIUM]","[PREMIUM]","[PREMIUM]","[PREMIUM]","[PREMIUM]","[1,2,3]","105","L","Floor","['*','*','*']","mobile","tm","tmqr",,"[PREMIUM]","[PREMIUM]","[]","2026-05-15 00:00:00","Fantasia Barrino and Anthony Hamilton (Rescheduled from 1/24)","music","2026-05-17 01:00:00","57aba98ff80c4115bab50ab0"
"69cb165153c05bd145164a8c","2026-04-01 04:19:36.525","2026-04-10 12:23:31.332","69cb165153c05bd145164a8c","689a523292fcf9275cc81880","[PREMIUM]","[PREMIUM]","[PREMIUM]","[PREMIUM]","[PREMIUM]","[1,2]","315","B","Upper","['*','*']","mobile","tm","tmqr",,"[PREMIUM]","[PREMIUM]","[]","2026-05-15 00:00:00","Fantasia Barrino and Anthony Hamilton (Rescheduled from 1/24)","music","2026-05-17 01:00:00","57aba98ff80c4115bab50ab0"
"69cb163453c05bd145100de7","2026-04-01 04:19:36.525","2026-04-10 12:23:31.332","69cb163453c05bd145100de7","689a523292fcf9275cc81880","[PREMIUM]","[PREMIUM]","[PREMIUM]","[PREMIUM]","[PREMIUM]","[1,2,3,4,5,6]","319","E","Upper","['*','*','*','*','*','*']","mobile","tm","tmqr","amazing","[PREMIUM]","[PREMIUM]","[]","2026-05-15 00:00:00","Fantasia Barrino and Anthony Hamilton (Rescheduled from 1/24)","music","2026-05-17 01:00:00","57aba98ff80c4115bab50ab0"
"69cb164a53c05bd1451508cd","2026-04-01 04:19:36.525","2026-04-07 00:02:52.637","69cb164a53c05bd1451508cd","689a523292fcf9275cc81880","[PREMIUM]","[PREMIUM]","[PREMIUM]","[PREMIUM]","[PREMIUM]","[1,2,3,4,5,6,7,8]","309","E","Upper","['*','*','*','*','*','*','*','*']","mobile","tm","tmqr",,"[PREMIUM]","[PREMIUM]","[]","2026-05-15 00:00:00","Fantasia Barrino and Anthony Hamilton (Rescheduled from 1/24)","music","2026-05-17 01:00:00","57aba98ff80c4115bab50ab0"
"69cb165453c05bd14516e61e","2026-04-01 04:19:36.525","2026-04-10 12:23:31.332","69cb165453c05bd14516e61e","689a523292fcf9275cc81880","[PREMIUM]","[PREMIUM]","[PREMIUM]","[PREMIUM]","[PREMIUM]","[1,2,3,4,5,6]","322","D","Upper","['*','*','*','*','*','*']","mobile","tm","tmqr",,"[PREMIUM]","[PREMIUM]","[]","2026-05-15 00:00:00","Fantasia Barrino and Anthony Hamilton (Rescheduled from 1/24)","music","2026-05-17 01:00:00","57aba98ff80c4115bab50ab0"
"69cb165753c05bd145176da0","2026-04-01 04:19:36.525","2026-04-08 03:52:29.670","69cb165753c05bd145176da0","689a523292fcf9275cc81880","[PREMIUM]","[PREMIUM]","[PREMIUM]","[PREMIUM]","[PREMIUM]","[1,2,3]","207L","DD","Lower","['*','*','*']","mobile","tm","tmqr",,"[PREMIUM]","[PREMIUM]","[]","2026-05-15 00:00:00","Fantasia Barrino and Anthony Hamilton (Rescheduled from 1/24)","music","2026-05-17 01:00:00","57aba98ff80c4115bab50ab0"
"69cb163753c05bd14510a327","2026-04-01 04:19:36.525","2026-04-05 19:53:42.372","69cb163753c05bd14510a327","689a523292fcf9275cc81880","[PREMIUM]","[PREMIUM]","[PREMIUM]","[PREMIUM]","[PREMIUM]","[1,2]","217","B","Lower","['*','*']","mobile","tm","tmqr","great","[PREMIUM]","[PREMIUM]","[]","2026-05-15 00:00:00","Fantasia Barrino and Anthony Hamilton (Rescheduled from 1/24)","music","2026-05-17 01:00:00","57aba98ff80c4115bab50ab0"
"69cb163453c05bd145100e4c","2026-04-01 04:19:36.525","2026-04-10 12:23:31.332","69cb163453c05bd145100e4c","689a523292fcf9275cc81880","[PREMIUM]","[PREMIUM]","[PREMIUM]","[PREMIUM]","[PREMIUM]","[1,2,3,4,5,6,7,8]","321U","K","Upper","['*','*','*','*','*','*','*','*']","mobile","tm","tmqr",,"[PREMIUM]","[PREMIUM]","[]","2026-05-15 00:00:00","Fantasia Barrino and Anthony Hamilton (Rescheduled from 1/24)","music","2026-05-17 01:00:00","57aba98ff80c4115bab50ab0"
"69cb165753c05bd145176dae","2026-04-01 04:19:36.525","2026-04-08 03:52:29.670","69cb165753c05bd145176dae","689a523292fcf9275cc81880","[PREMIUM]","[PREMIUM]","[PREMIUM]","[PREMIUM]","[PREMIUM]","[1,2,3,4,5,6,7,8]","310U","L","Upper","['*','*','*','*','*','*','*','*']","mobile","tm","tmqr","amazing","[PREMIUM]","[PREMIUM]","[]","2026-05-15 00:00:00","Fantasia Barrino and Anthony Hamilton (Rescheduled from 1/24)","music","2026-05-17 01:00:00","57aba98ff80c4115bab50ab0"
"69cb164453c05bd1451369b4","2026-04-01 04:19:36.525","2026-04-02 08:22:46.391","69cb164453c05bd1451369b4","689a523292fcf9275cc81880","[PREMIUM]","[PREMIUM]","[PREMIUM]","[PREMIUM]","[PREMIUM]","[1,2,3,4,5,6]","322U","K","Upper","['*','*','*','*','*','*']","mobile","tm","tmqr",,"[PREMIUM]","[PREMIUM]","[]","2026-05-15 00:00:00","Fantasia Barrino and Anthony Hamilton (Rescheduled from 1/24)","music","2026-05-17 01:00:00","57aba98ff80c4115bab50ab0"
"69cb164753c05bd145143bd8","2026-04-01 04:19:36.525","2026-04-10 12:23:31.332","69cb164753c05bd145143bd8","689a523292fcf9275cc81880","[PREMIUM]","[PREMIUM]","[PREMIUM]","[PREMIUM]","[PREMIUM]","[1,2,3,4,5,6,7,8]","321","C","Upper","['*','*','*','*','*','*','*','*']","mobile","tm","tmqr",,"[PREMIUM]","[PREMIUM]","[]","2026-05-15 00:00:00","Fantasia Barrino and Anthony Hamilton (Rescheduled from 1/24)","music","2026-05-17 01:00:00","57aba98ff80c4115bab50ab0"
"69cb163053c05bd1450f55ec","2026-04-01 04:19:36.525","2026-04-10 12:23:31.332","69cb163053c05bd1450f55ec","689a523292fcf9275cc81880","[PREMIUM]","[PREMIUM]","[PREMIUM]","[PREMIUM]","[PREMIUM]","[1,2]","323","D","Upper","['*','*']","mobile","tm","tmqr",,"[PREMIUM]","[PREMIUM]","[]","2026-05-15 00:00:00","Fantasia Barrino and Anthony Hamilton (Rescheduled from 1/24)","music","2026-05-17 01:00:00","57aba98ff80c4115bab50ab0"
"69cb161d53c05bd1450b1eb5","2026-04-01 04:19:36.525","2026-04-08 03:52:29.670","69cb161d53c05bd1450b1eb5","689a523292fcf9275cc81880","[PREMIUM]","[PREMIUM]","[PREMIUM]","[PREMIUM]","[PREMIUM]","[1,2,3,4]","306","C","Upper","['*','*','*','*']","mobile","tm","tmqr",,"[PREMIUM]","[PREMIUM]","[]","2026-05-15 00:00:00","Fantasia Barrino and Anthony Hamilton (Rescheduled from 1/24)","music","2026-05-17 01:00:00","57aba98ff80c4115bab50ab0"
"69cb163053c05bd1450f5659","2026-04-01 04:19:36.525","2026-04-10 12:23:31.332","69cb163053c05bd1450f5659","689a523292fcf9275cc81880","[PREMIUM]","[PREMIUM]","[PREMIUM]","[PREMIUM]","[PREMIUM]","[1,2,3,4,5,6]","310","C","Upper","['*','*','*','*','*','*']","mobile","tm","tmqr",,"[PREMIUM]","[PREMIUM]","[]","2026-05-15 00:00:00","Fantasia Barrino and Anthony Hamilton (Rescheduled from 1/24)","music","2026-05-17 01:00:00","57aba98ff80c4115bab50ab0"
"69cb164e53c05bd14515b09c","2026-04-01 04:19:36.525","2026-04-02 08:22:46.391","69cb164e53c05bd14515b09c","689a523292fcf9275cc81880","[PREMIUM]","[PREMIUM]","[PREMIUM]","[PREMIUM]","[PREMIUM]","[1,2,3,4,5,6,7,8]","323U","L","Upper","['*','*','*','*','*','*','*','*']","mobile","tm","tmqr",,"[PREMIUM]","[PREMIUM]","[]","2026-05-15 00:00:00","Fantasia Barrino and Anthony Hamilton (Rescheduled from 1/24)","music","2026-05-17 01:00:00","57aba98ff80c4115bab50ab0"
"69cbb0d1e3238cb4eddc13a9","2026-04-01 04:19:36.525","2026-04-09 08:00:46.874","69cbb0d1e3238cb4eddc13a9","689a523292fcf9275cc81880","[PREMIUM]","[PREMIUM]","[PREMIUM]","[PREMIUM]","[PREMIUM]","[2]","105","G","Floor","['*','*']","mobile","tm","tmqr",,"[PREMIUM]","[PREMIUM]","[]","2026-05-15 00:00:00","Fantasia Barrino and Anthony Hamilton (Rescheduled from 1/24)","music","2026-05-17 01:00:00","57aba98ff80c4115bab50ab0"
"69cbb0d095f5e8fdf9c41b73","2026-04-01 04:19:36.525","2026-04-08 03:52:29.670","69cbb0d095f5e8fdf9c41b73","689a523292fcf9275cc81880","[PREMIUM]","[PREMIUM]","[PREMIUM]","[PREMIUM]","[PREMIUM]","[1,2,3,4]","321U","R","Upper","['*','*','*','*']","mobile","tm","tmqr",,"[PREMIUM]","[PREMIUM]","[]","2026-05-15 00:00:00","Fantasia Barrino and Anthony Hamilton (Rescheduled from 1/24)","music","2026-05-17 01:00:00","57aba98ff80c4115bab50ab0"
"69cbb0d47896602fcd01c83a","2026-04-01 04:19:36.525","2026-04-07 00:02:52.637","69cbb0d47896602fcd01c83a","689a523292fcf9275cc81880","[PREMIUM]","[PREMIUM]","[PREMIUM]","[PREMIUM]","[PREMIUM]","[1,2,3,4,5,6,7,8]","103","E","Floor","['*','*','*','*','*','*','*','*']","mobile","tm","tmqr",,"[PREMIUM]","[PREMIUM]","[]","2026-05-15 00:00:00","Fantasia Barrino and Anthony Hamilton (Rescheduled from 1/24)","music","2026-05-17 01:00:00","57aba98ff80c4115bab50ab0"
"69cbb0d5102eff2cf6b717f7","2026-04-01 04:19:36.525","2026-04-08 03:52:29.670","69cbb0d5102eff2cf6b717f7","689a523292fcf9275cc81880","[PREMIUM]","[PREMIUM]","[PREMIUM]","[PREMIUM]","[PREMIUM]","[1,2,3,4,5,6,7,8]","306U","O","Upper","['*','*','*','*','*','*','*','*']","mobile","tm","tmqr","great","[PREMIUM]","[PREMIUM]","[]","2026-05-15 00:00:00","Fantasia Barrino and Anthony Hamilton (Rescheduled from 1/24)","music","2026-05-17 01:00:00","57aba98ff80c4115bab50ab0"
"69cbb0d119a015e97f672732","2026-04-01 04:19:36.525","2026-04-02 08:22:46.391","69cbb0d119a015e97f672732","689a523292fcf9275cc81880","[PREMIUM]","[PREMIUM]","[PREMIUM]","[PREMIUM]","[PREMIUM]","[1,2,3,4,5,6]","325U","K","Upper","['*','*','*','*','*','*']","mobile","tm","tmqr",,"[PREMIUM]","[PREMIUM]","[]","2026-05-15 00:00:00","Fantasia Barrino and Anthony Hamilton (Rescheduled from 1/24)","music","2026-05-17 01:00:00","57aba98ff80c4115bab50ab0"
"69cbb0d1087e1e66bb83f902","2026-04-01 04:19:36.525","2026-04-01 04:19:36.525","69cbb0d1087e1e66bb83f902","689a523292fcf9275cc81880","[PREMIUM]","[PREMIUM]","[PREMIUM]","[PREMIUM]","[PREMIUM]","[1,2,3,4,5,6]","311","I","Upper","['*','*','*','*','*','*']","mobile","tm","tmqr","amazing","[PREMIUM]","[PREMIUM]","[]","2026-05-15 00:00:00","Fantasia Barrino and Anthony Hamilton (Rescheduled from 1/24)","music","2026-05-17 01:00:00","57aba98ff80c4115bab50ab0"
"69cbb0d519a015e97f672736","2026-04-01 04:19:36.525","2026-04-08 03:52:29.670","69cbb0d519a015e97f672736","689a523292fcf9275cc81880","[PREMIUM]","[PREMIUM]","[PREMIUM]","[PREMIUM]","[PREMIUM]","[2]","104","F","Floor","['*','*']","mobile","tm","tmqr",,"[PREMIUM]","[PREMIUM]","[]","2026-05-15 00:00:00","Fantasia Barrino and Anthony Hamilton (Rescheduled from 1/24)","music","2026-05-17 01:00:00","57aba98ff80c4115bab50ab0"
"69cbb0d87896602fcd01c83e","2026-04-01 04:19:36.525","2026-04-08 03:52:29.670","69cbb0d87896602fcd01c83e","689a523292fcf9275cc81880","[PREMIUM]","[PREMIUM]","[PREMIUM]","[PREMIUM]","[PREMIUM]","[1,2]","106","F","Floor","['*','*']","mobile","tm","tmqr",,"[PREMIUM]","[PREMIUM]","[]","2026-05-15 00:00:00","Fantasia Barrino and Anthony Hamilton (Rescheduled from 1/24)","music","2026-05-17 01:00:00","57aba98ff80c4115bab50ab0"
"69cbb0d0d12ce26a9c675e53","2026-04-01 04:19:36.525","2026-04-08 03:52:29.670","69cbb0d0d12ce26a9c675e53","689a523292fcf9275cc81880","[PREMIUM]","[PREMIUM]","[PREMIUM]","[PREMIUM]","[PREMIUM]","[1,2,3,4,5,6,7,8]","310U","S","Upper","['*','*','*','*','*','*','*','*']","mobile","tm","tmqr",,"[PREMIUM]","[PREMIUM]","[]","2026-05-15 00:00:00","Fantasia Barrino and Anthony Hamilton (Rescheduled from 1/24)","music","2026-05-17 01:00:00","57aba98ff80c4115bab50ab0"
"69cbb70653c05bd1455af530","2026-04-01 04:19:36.525","2026-04-02 08:22:46.391","69cbb70653c05bd1455af530","689a523292fcf9275cc81880","[PREMIUM]","[PREMIUM]","[PREMIUM]","[PREMIUM]","[PREMIUM]","[1,2,3,4]","101","G","Floor","['*','*','*','*']","mobile","tm","tmqr",,"[PREMIUM]","[PREMIUM]","[]","2026-05-15 00:00:00","Fantasia Barrino and Anthony Hamilton (Rescheduled from 1/24)","music","2026-05-17 01:00:00","57aba98ff80c4115bab50ab0"
"69cbb0d02f38022449b26ec1","2026-04-01 04:19:36.525","2026-04-01 04:19:36.525","69cbb0d02f38022449b26ec1","689a523292fcf9275cc81880","[PREMIUM]","[PREMIUM]","[PREMIUM]","[PREMIUM]","[PREMIUM]","[1,2]","320U","N","Upper","['*','*']","mobile","tm","tmqr",,"[PREMIUM]","[PREMIUM]","[]","2026-05-15 00:00:00","Fantasia Barrino and Anthony Hamilton (Rescheduled from 1/24)","music","2026-05-17 01:00:00","57aba98ff80c4115bab50ab0"
"69cc75b153c05bd145c769f1","2026-04-01 04:19:36.525","2026-04-01 04:19:36.525","69cc75b153c05bd145c769f1","689a523292fcf9275cc81880","[PREMIUM]","[PREMIUM]","[PREMIUM]","[PREMIUM]","[PREMIUM]","[1,2,3,5]","102","I","Floor","['*','*','*','*','*']","mobile","tm","tmqr","great","[PREMIUM]","[PREMIUM]","[]","2026-05-15 00:00:00","Fantasia Barrino and Anthony Hamilton (Rescheduled from 1/24)","music","2026-05-17 01:00:00","57aba98ff80c4115bab50ab0"
"69cc106c53c05bd14584c8bc","2026-04-01 04:19:36.134","2026-04-01 04:19:36.134","69cc106c53c05bd14584c8bc","6887fed6ad7bbc5a395ed24d","[PREMIUM]","[PREMIUM]","[PREMIUM]","[PREMIUM]","[PREMIUM]","[2]","500","8","Floor","['*','*']","mobile","tm","tmqr","cheapest","[PREMIUM]","[PREMIUM]","[]",,"Andrew Santino (Rescheduled from 1/24)","comedy","2026-04-04 00:00:00","5d0cfd1feea5f8001ce3d1ba"
"6962ea3f23dd69cbf971ac45","2026-04-01 04:19:35.025","2026-04-02 08:22:43.557","6962ea3f23dd69cbf971ac45","688b982e1b933057f775baea","[PREMIUM]","[PREMIUM]","[PREMIUM]","[PREMIUM]","[PREMIUM]","[2,3,4,5,6,7,8]","104","M","Lower","['*','*','*','*','*','*','*','*']","mobile","tm","tmqr",,"[PREMIUM]","[PREMIUM]","[]",,"Macon Mayhem at Fayetteville Marksmen (Rescheduled from 1/25)","echl","2026-04-02 23:00:00","658357b42e13f7d44ee8b08a"
"6962ea3f23dd69cbf971a8a8","2026-04-01 04:19:35.025","2026-04-01 04:19:35.025","6962ea3f23dd69cbf971a8a8","688b982e1b933057f775baea","[PREMIUM]","[PREMIUM]","[PREMIUM]","[PREMIUM]","[PREMIUM]","[2,4]","125","S","Lower","['*','*','*','*']","mobile","tm","tmqr",,"[PREMIUM]","[PREMIUM]","[]",,"Macon Mayhem at Fayetteville Marksmen (Rescheduled from 1/25)","echl","2026-04-02 23:00:00","658357b42e13f7d44ee8b08a"
"6962ea3e23dd69cbf9716146","2026-04-01 04:19:35.025","2026-04-02 08:22:43.557","6962ea3e23dd69cbf9716146","688b982e1b933057f775baea","[PREMIUM]","[PREMIUM]","[PREMIUM]","[PREMIUM]","[PREMIUM]","[2,3,4,5,6,8]","101","N","Lower","['*','*','*','*','*','*','*','*']","mobile","tm","tmqr",,"[PREMIUM]","[PREMIUM]","[]",,"Macon Mayhem at Fayetteville Marksmen (Rescheduled from 1/25)","echl","2026-04-02 23:00:00","658357b42e13f7d44ee8b08a"
"6962ea3e23dd69cbf97160c2","2026-04-01 04:19:35.025","2026-04-02 08:22:43.557","6962ea3e23dd69cbf97160c2","688b982e1b933057f775baea","[PREMIUM]","[PREMIUM]","[PREMIUM]","[PREMIUM]","[PREMIUM]","[2,3,4]","120","J","Lower","['*','*','*','*']","mobile","tm","tmqr","great","[PREMIUM]","[PREMIUM]","[]",,"Macon Mayhem at Fayetteville Marksmen (Rescheduled from 1/25)","echl","2026-04-02 23:00:00","658357b42e13f7d44ee8b08a"
"6962ea3723dd69cbf9701a51","2026-04-01 04:19:35.025","2026-04-02 08:22:43.557","6962ea3723dd69cbf9701a51","688b982e1b933057f775baea","[PREMIUM]","[PREMIUM]","[PREMIUM]","[PREMIUM]","[PREMIUM]","[2,3,4,5,6,7,8]","108","R","Lower","['*','*','*','*','*','*','*','*']","mobile","tm","tmqr",,"[PREMIUM]","[PREMIUM]","[]",,"Macon Mayhem at Fayetteville Marksmen (Rescheduled from 1/25)","echl","2026-04-02 23:00:00","658357b42e13f7d44ee8b08a"
"6962ea3623dd69cbf96fd411","2026-04-01 04:19:35.025","2026-04-02 08:22:43.557","6962ea3623dd69cbf96fd411","688b982e1b933057f775baea","[PREMIUM]","[PREMIUM]","[PREMIUM]","[PREMIUM]","[PREMIUM]","[2,3,4,5,7]","110","M","Lower","['*','*','*','*','*','*','*']","mobile","tm","tmqr",,"[PREMIUM]","[PREMIUM]","[]",,"Macon Mayhem at Fayetteville Marksmen (Rescheduled from 1/25)","echl","2026-04-02 23:00:00","658357b42e13f7d44ee8b08a"
"6962ea3523dd69cbf96fbb88","2026-04-01 04:19:35.025","2026-04-02 08:22:43.557","6962ea3523dd69cbf96fbb88","688b982e1b933057f775baea","[PREMIUM]","[PREMIUM]","[PREMIUM]","[PREMIUM]","[PREMIUM]","[2,3,4,5,6,7,8]","115","N","Lower","['*','*','*','*','*','*','*','*']","mobile","tm","tmqr",,"[PREMIUM]","[PREMIUM]","[]",,"Macon Mayhem at Fayetteville Marksmen (Rescheduled from 1/25)","echl","2026-04-02 23:00:00","658357b42e13f7d44ee8b08a"
"6962ea3523dd69cbf96fb66e","2026-04-01 04:19:35.025","2026-04-02 08:22:43.557","6962ea3523dd69cbf96fb66e","688b982e1b933057f775baea","[PREMIUM]","[PREMIUM]","[PREMIUM]","[PREMIUM]","[PREMIUM]","[2,3]","121","CC","Lower","['*','*','*']","mobile","tm","tmqr",,"[PREMIUM]","[PREMIUM]","[]",,"Macon Mayhem at Fayetteville Marksmen (Rescheduled from 1/25)","echl","2026-04-02 23:00:00","658357b42e13f7d44ee8b08a"
"6962ea3423dd69cbf96f7c54","2026-04-01 04:19:35.025","2026-04-01 04:19:35.025","6962ea3423dd69cbf96f7c54","688b982e1b933057f775baea","[PREMIUM]","[PREMIUM]","[PREMIUM]","[PREMIUM]","[PREMIUM]","[2,4]","113","R","Lower","['*','*','*','*']","mobile","tm","tmqr",,"[PREMIUM]","[PREMIUM]","[]",,"Macon Mayhem at Fayetteville Marksmen (Rescheduled from 1/25)","echl","2026-04-02 23:00:00","658357b42e13f7d44ee8b08a"
"6962ea3323dd69cbf96f1e6c","2026-04-01 04:19:35.025","2026-04-01 04:19:35.025","6962ea3323dd69cbf96f1e6c","688b982e1b933057f775baea","[PREMIUM]","[PREMIUM]","[PREMIUM]","[PREMIUM]","[PREMIUM]","[2,3,4,5,7]","123","P","Lower","['*','*','*','*','*','*','*']","mobile","tm","tmqr",,"[PREMIUM]","[PREMIUM]","[]",,"Macon Mayhem at Fayetteville Marksmen (Rescheduled from 1/25)","echl","2026-04-02 23:00:00","658357b42e13f7d44ee8b08a"
"6962ea3323dd69cbf96f0666","2026-04-01 04:19:35.025","2026-04-02 08:22:43.557","6962ea3323dd69cbf96f0666","688b982e1b933057f775baea","[PREMIUM]","[PREMIUM]","[PREMIUM]","[PREMIUM]","[PREMIUM]","[2,3,4,5,6]","119","J","Lower","['*','*','*','*','*','*']","mobile","tm","tmqr",,"[PREMIUM]","[PREMIUM]","[]",,"Macon Mayhem at Fayetteville Marksmen (Rescheduled from 1/25)","echl","2026-04-02 23:00:00","658357b42e13f7d44ee8b08a"
"6962ea3323dd69cbf96f012b","2026-04-01 04:19:35.025","2026-04-02 08:22:43.557","6962ea3323dd69cbf96f012b","688b982e1b933057f775baea","[PREMIUM]","[PREMIUM]","[PREMIUM]","[PREMIUM]","[PREMIUM]","[2,3,4]","102","L","Lower","['*','*','*','*']","mobile","tm","tmqr","great","[PREMIUM]","[PREMIUM]","[]",,"Macon Mayhem at Fayetteville Marksmen (Rescheduled from 1/25)","echl","2026-04-02 23:00:00","658357b42e13f7d44ee8b08a"
"6962ea3223dd69cbf96ecd78","2026-04-01 04:19:35.025","2026-04-02 08:22:43.557","6962ea3223dd69cbf96ecd78","688b982e1b933057f775baea","[PREMIUM]","[PREMIUM]","[PREMIUM]","[PREMIUM]","[PREMIUM]","[2,3,4,5]","109","L","Lower","['*','*','*','*','*']","mobile","tm","tmqr","great","[PREMIUM]","[PREMIUM]","[]",,"Macon Mayhem at Fayetteville Marksmen (Rescheduled from 1/25)","echl","2026-04-02 23:00:00","658357b42e13f7d44ee8b08a"
"6962ea3023dd69cbf96e38f2","2026-04-01 04:19:35.025","2026-04-01 04:19:35.025","6962ea3023dd69cbf96e38f2","688b982e1b933057f775baea","[PREMIUM]","[PREMIUM]","[PREMIUM]","[PREMIUM]","[PREMIUM]","[2]","123","D","Lower","['*','*']","mobile","tm","tmqr","great","[PREMIUM]","[PREMIUM]","[]",,"Macon Mayhem at Fayetteville Marksmen (Rescheduled from 1/25)","echl","2026-04-02 23:00:00","658357b42e13f7d44ee8b08a"
"6962ea2f23dd69cbf96e16cb","2026-04-01 04:19:35.025","2026-04-02 08:22:43.557","6962ea2f23dd69cbf96e16cb","688b982e1b933057f775baea","[PREMIUM]","[PREMIUM]","[PREMIUM]","[PREMIUM]","[PREMIUM]","[2,4]","105","R","Lower","['*','*','*','*']","mobile","tm","tmqr",,"[PREMIUM]","[PREMIUM]","[]",,"Macon Mayhem at Fayetteville Marksmen (Rescheduled from 1/25)","echl","2026-04-02 23:00:00","658357b42e13f7d44ee8b08a"
"6962ea2e23dd69cbf96dbbd6","2026-04-01 04:19:35.025","2026-04-02 08:22:43.557","6962ea2e23dd69cbf96dbbd6","688b982e1b933057f775baea","[PREMIUM]","[PREMIUM]","[PREMIUM]","[PREMIUM]","[PREMIUM]","[2,3,4,5,6,7,8]","106","M","Lower","['*','*','*','*','*','*','*','*']","mobile","tm","tmqr",,"[PREMIUM]","[PREMIUM]","[]",,"Macon Mayhem at Fayetteville Marksmen (Rescheduled from 1/25)","echl","2026-04-02 23:00:00","658357b42e13f7d44ee8b08a"
"6962ea2e23dd69cbf96dbb64","2026-04-01 04:19:35.025","2026-04-02 08:22:43.557","6962ea2e23dd69cbf96dbb64","688b982e1b933057f775baea","[PREMIUM]","[PREMIUM]","[PREMIUM]","[PREMIUM]","[PREMIUM]","[2,3,4,5,6,7,8]","103","N","Lower","['*','*','*','*','*','*','*','*']","mobile","tm","tmqr","great","[PREMIUM]","[PREMIUM]","[]",,"Macon Mayhem at Fayetteville Marksmen (Rescheduled from 1/25)","echl","2026-04-02 23:00:00","658357b42e13f7d44ee8b08a"
"6962ea2e23dd69cbf96db2f9","2026-04-01 04:19:35.025","2026-04-02 08:22:43.557","6962ea2e23dd69cbf96db2f9","688b982e1b933057f775baea","[PREMIUM]","[PREMIUM]","[PREMIUM]","[PREMIUM]","[PREMIUM]","[2,3,4,5,6,7,8]","121","M","Lower","['*','*','*','*','*','*','*','*']","mobile","tm","tmqr",,"[PREMIUM]","[PREMIUM]","[]",,"Macon Mayhem at Fayetteville Marksmen (Rescheduled from 1/25)","echl","2026-04-02 23:00:00","658357b42e13f7d44ee8b08a"
"6962ea2b23dd69cbf96cdf21","2026-04-01 04:19:35.025","2026-04-02 08:22:43.557","6962ea2b23dd69cbf96cdf21","688b982e1b933057f775baea","[PREMIUM]","[PREMIUM]","[PREMIUM]","[PREMIUM]","[PREMIUM]","[2,3,4,5,6,7,8]","116","M","Lower","['*','*','*','*','*','*','*','*']","mobile","tm","tmqr",,"[PREMIUM]","[PREMIUM]","[]",,"Macon Mayhem at Fayetteville Marksmen (Rescheduled from 1/25)","echl","2026-04-02 23:00:00","658357b42e13f7d44ee8b08a"
"6962ea2b23dd69cbf96cde81","2026-04-01 04:19:35.025","2026-04-02 08:22:43.557","6962ea2b23dd69cbf96cde81","688b982e1b933057f775baea","[PREMIUM]","[PREMIUM]","[PREMIUM]","[PREMIUM]","[PREMIUM]","[2,4]","118","M","Lower","['*','*','*','*']","mobile","tm","tmqr",,"[PREMIUM]","[PREMIUM]","[]",,"Macon Mayhem at Fayetteville Marksmen (Rescheduled from 1/25)","echl","2026-04-02 23:00:00","658357b42e13f7d44ee8b08a"
"6962ea2b23dd69cbf96cd8c8","2026-04-01 04:19:35.025","2026-04-02 08:22:43.557","6962ea2b23dd69cbf96cd8c8","688b982e1b933057f775baea","[PREMIUM]","[PREMIUM]","[PREMIUM]","[PREMIUM]","[PREMIUM]","[2,4]","124","S","Lower","['*','*','*','*']","mobile","tm","tmqr",,"[PREMIUM]","[PREMIUM]","[]",,"Macon Mayhem at Fayetteville Marksmen (Rescheduled from 1/25)","echl","2026-04-02 23:00:00","658357b42e13f7d44ee8b08a"
"6962ea2b23dd69cbf96cd349","2026-04-01 04:19:35.025","2026-04-02 08:22:43.557","6962ea2b23dd69cbf96cd349","688b982e1b933057f775baea","[PREMIUM]","[PREMIUM]","[PREMIUM]","[PREMIUM]","[PREMIUM]","[2,3,4,5,6,7,8]","126","M","Lower","['*','*','*','*','*','*','*','*']","mobile","tm","tmqr",,"[PREMIUM]","[PREMIUM]","[]",,"Macon Mayhem at Fayetteville Marksmen (Rescheduled from 1/25)","echl","2026-04-02 23:00:00","658357b42e13f7d44ee8b08a"
"69714e88319dd7a7f293a198","2026-04-01 04:19:35.025","2026-04-02 08:22:43.557","69714e88319dd7a7f293a198","688b982e1b933057f775baea","[PREMIUM]","[PREMIUM]","[PREMIUM]","[PREMIUM]","[PREMIUM]","[2,3,4,5]","117","K","Lower","['*','*','*','*','*']","mobile","tm","tmqr",,"[PREMIUM]","[PREMIUM]","[]",,"Macon Mayhem at Fayetteville Marksmen (Rescheduled from 1/25)","echl","2026-04-02 23:00:00","658357b42e13f7d44ee8b08a"
"69a088a6c42be979a8ecdb77","2026-04-01 04:19:35.025","2026-04-01 04:19:35.025","69a088a6c42be979a8ecdb77","688b982e1b933057f775baea","[PREMIUM]","[PREMIUM]","[PREMIUM]","[PREMIUM]","[PREMIUM]","[1,2,3]","115","A","Lower","['*','*','*']","mobile","tm","tmqr",,"[PREMIUM]","[PREMIUM]","[]","2026-04-02 00:00:00","Macon Mayhem at Fayetteville Marksmen (Rescheduled from 1/25)","echl","2026-04-02 23:00:00","658357b42e13f7d44ee8b08a"
"69a0887dc42be979a8e3dccb","2026-04-01 04:19:35.025","2026-04-01 04:19:35.025","69a0887dc42be979a8e3dccb","688b982e1b933057f775baea","[PREMIUM]","[PREMIUM]","[PREMIUM]","[PREMIUM]","[PREMIUM]","[2]","107","N","Lower","['*','*']","mobile","tm","tmqr",,"[PREMIUM]","[PREMIUM]","[]","2026-04-02 00:00:00","Macon Mayhem at Fayetteville Marksmen (Rescheduled from 1/25)","echl","2026-04-02 23:00:00","658357b42e13f7d44ee8b08a"
"69cc58a653c05bd145a43bb4","2026-04-01 04:19:35.025","2026-04-02 08:22:43.557","69cc58a653c05bd145a43bb4","688b982e1b933057f775baea","[PREMIUM]","[PREMIUM]","[PREMIUM]","[PREMIUM]","[PREMIUM]","[2]","106","G","Lower","['*','*']","mobile","tm","tmqr",,"[PREMIUM]","[PREMIUM]","[]",,"Macon Mayhem at Fayetteville Marksmen (Rescheduled from 1/25)","echl","2026-04-02 23:00:00","658357b42e13f7d44ee8b08a"
"69c991ec53c05bd1454fcc78","2026-04-01 04:19:34.905","2026-04-15 08:59:50.594","69c991ec53c05bd1454fcc78","691ba1f626e3825b10fe63a1","[PREMIUM]","[PREMIUM]","[PREMIUM]","[PREMIUM]","[PREMIUM]","[2]","2","EE","Floor","['*','*']","mobile",,"tmqr","super","[PREMIUM]","[PREMIUM]","['over_21']",,"Ron White (21+ Event) (Rescheduled from 1/24)","comedy","2026-04-18 01:30:00","67e3124b756981b00d96cefa"
"69c19a0cf6fbc8b35444b1bc","2026-04-01 04:19:34.815","2026-04-15 08:59:49.403","69c19a0cf6fbc8b35444b1bc","6908f3f7d93d629847c61027","[PREMIUM]","[PREMIUM]","[PREMIUM]","[PREMIUM]","[PREMIUM]","[1,2,3,4]","118","U","Lower","['301','302','303','304']","mobile","tm","tmqr",,"[PREMIUM]","[PREMIUM]","[]","2026-05-03 00:00:00","Atlanta Vibe at Columbus Fury (Rescheduled from 1/25/26)","vball","2026-05-03 18:00:00","545696683bf3765225000003"
"69c19a0ff6fbc8b35445672e","2026-04-01 04:19:34.815","2026-04-15 08:59:49.403","69c19a0ff6fbc8b35445672e","6908f3f7d93d629847c61027","[PREMIUM]","[PREMIUM]","[PREMIUM]","[PREMIUM]","[PREMIUM]","[1,2,3,4]","110","Y","Lower","['301','302','303','304']","mobile","tm","tmqr",,"[PREMIUM]","[PREMIUM]","[]","2026-05-03 00:00:00","Atlanta Vibe at Columbus Fury (Rescheduled from 1/25/26)","vball","2026-05-03 18:00:00","545696683bf3765225000003"
"69c19a1df6fbc8b35448b0f4","2026-04-01 04:19:34.815","2026-04-15 08:59:49.403","69c19a1df6fbc8b35448b0f4","6908f3f7d93d629847c61027","[PREMIUM]","[PREMIUM]","[PREMIUM]","[PREMIUM]","[PREMIUM]","[1,2,3,4]","122","U","Lower","['301','302','303','304']","mobile","tm","tmqr",,"[PREMIUM]","[PREMIUM]","[]","2026-05-03 00:00:00","Atlanta Vibe at Columbus Fury (Rescheduled from 1/25/26)","vball","2026-05-03 18:00:00","545696683bf3765225000003"
"69cb2db4d60c31d47b414657","2026-04-01 04:19:34.815","2026-04-08 03:52:24.202","69cb2db4d60c31d47b414657","6908f3f7d93d629847c61027","[PREMIUM]","[PREMIUM]","[PREMIUM]","[PREMIUM]","[PREMIUM]","[2]","115","B","Lower","['*','*']","mobile","tm","tmqr",,"[PREMIUM]","[PREMIUM]","[]","2026-05-02 00:00:00","Atlanta Vibe at Columbus Fury (Rescheduled from 1/25/26)","vball","2026-05-03 18:00:00","545696683bf3765225000003"
"69cbf9122723acc4f952a32f","2026-04-01 04:19:34.815","2026-04-01 04:19:34.815","69cbf9122723acc4f952a32f","6908f3f7d93d629847c61027","[PREMIUM]","[PREMIUM]","[PREMIUM]","[PREMIUM]","[PREMIUM]","[1,2,3,4]","108","Y","Lower","['*','*','*','*']","mobile","tm","tmqr",,"[PREMIUM]","[PREMIUM]","[]","2026-05-02 00:00:00","Atlanta Vibe at Columbus Fury (Rescheduled from 1/25/26)","vball","2026-05-03 18:00:00","545696683bf3765225000003"
"69cc622ff4008afff020a63b","2026-04-01 04:19:34.815","2026-04-07 00:02:51.224","69cc622ff4008afff020a63b","6908f3f7d93d629847c61027","[PREMIUM]","[PREMIUM]","[PREMIUM]","[PREMIUM]","[PREMIUM]","[2]","101","R","Lower","['*','*']","mobile","tm","tmqr",,"[PREMIUM]","[PREMIUM]","[]","2026-05-02 00:00:00","Atlanta Vibe at Columbus Fury (Rescheduled from 1/25/26)","vball","2026-05-03 18:00:00","545696683bf3765225000003"
"69c98c6d7217ae219cad55fb","2026-04-01 04:19:33.563","2026-04-01 04:19:33.563","69c98c6d7217ae219cad55fb","682a271798a22b06fcd24153","[PREMIUM]","[PREMIUM]","[PREMIUM]","[PREMIUM]","[PREMIUM]","[1,2]","105","DD","Lower","['*','*']","mobile","tm","tmqr","amazing","[PREMIUM]","[PREMIUM]","[]","2026-04-07 00:00:00","Savannah Ghost Pirates at Greenville Swamp Rabbits (Rescheduled from 1/25)","echl","2026-04-08 23:05:00","58113ee4cde6626ebe0e99e9"
"69cc518fe2c2717c3fa48fb9","2026-04-01 04:19:33.563","2026-04-01 04:19:33.563","69cc518fe2c2717c3fa48fb9","682a271798a22b06fcd24153","[PREMIUM]","[PREMIUM]","[PREMIUM]","[PREMIUM]","[PREMIUM]","[1,2]","119","DD","Lower","['*','*']","mobile","tm","tmqr","amazing","[PREMIUM]","[PREMIUM]","[]","2026-04-07 00:00:00","Savannah Ghost Pirates at Greenville Swamp Rabbits (Rescheduled from 1/25)","echl","2026-04-08 23:05:00","58113ee4cde6626ebe0e99e9"
"69cc7b973f042b6bd2c12b82","2026-04-01 04:19:33.563","2026-04-02 08:22:37.681","69cc7b973f042b6bd2c12b82","682a271798a22b06fcd24153","[PREMIUM]","[PREMIUM]","[PREMIUM]","[PREMIUM]","[PREMIUM]","[1,2]","101","BB","Lower","['*','*']","mobile","tm","tmqr",,"[PREMIUM]","[PREMIUM]","[]","2026-04-07 00:00:00","Savannah Ghost Pirates at Greenville Swamp Rabbits (Rescheduled from 1/25)","echl","2026-04-08 23:05:00","58113ee4cde6626ebe0e99e9"
"69cc827a53c05bd14586e0f5","2026-04-01 04:19:33.563","2026-04-01 04:19:33.563","69cc827a53c05bd14586e0f5","682a271798a22b06fcd24153","[PREMIUM]","[PREMIUM]","[PREMIUM]","[PREMIUM]","[PREMIUM]","[1,2,3,4,5,6]","104","C","Lower","['*','*','*','*','*','*']","mobile","tm","tmqr",,"[PREMIUM]","[PREMIUM]","[]","2026-04-07 00:00:00","Savannah Ghost Pirates at Greenville Swamp Rabbits (Rescheduled from 1/25)","echl","2026-04-08 23:05:00","58113ee4cde6626ebe0e99e9"
"69cc826953c05bd14582f4b4","2026-04-01 04:19:33.563","2026-04-01 04:19:33.563","69cc826953c05bd14582f4b4","682a271798a22b06fcd24153","[PREMIUM]","[PREMIUM]","[PREMIUM]","[PREMIUM]","[PREMIUM]","[1,2,3,4,5,6]","113","B","Lower","['*','*','*','*','*','*']","mobile","tm","tmqr","great","[PREMIUM]","[PREMIUM]","[]","2026-04-07 00:00:00","Savannah Ghost Pirates at Greenville Swamp Rabbits (Rescheduled from 1/25)","echl","2026-04-08 23:05:00","58113ee4cde6626ebe0e99e9"
"69cc826953c05bd14582f4e5","2026-04-01 04:19:33.563","2026-04-01 04:19:33.563","69cc826953c05bd14582f4e5","682a271798a22b06fcd24153","[PREMIUM]","[PREMIUM]","[PREMIUM]","[PREMIUM]","[PREMIUM]","[1,2,3,4,5,6,7,8]","112","C","Lower","['*','*','*','*','*','*','*','*']","mobile","tm","tmqr",,"[PREMIUM]","[PREMIUM]","[]","2026-04-07 00:00:00","Savannah Ghost Pirates at Greenville Swamp Rabbits (Rescheduled from 1/25)","echl","2026-04-08 23:05:00","58113ee4cde6626ebe0e99e9"
"69cc828653c05bd14589d791","2026-04-01 04:19:33.563","2026-04-01 04:19:33.563","69cc828653c05bd14589d791","682a271798a22b06fcd24153","[PREMIUM]","[PREMIUM]","[PREMIUM]","[PREMIUM]","[PREMIUM]","[1,2,3,4,5,6]","100","B","Lower","['*','*','*','*','*','*']","mobile","tm","tmqr","super","[PREMIUM]","[PREMIUM]","[]","2026-04-07 00:00:00","Savannah Ghost Pirates at Greenville Swamp Rabbits (Rescheduled from 1/25)","echl","2026-04-08 23:05:00","58113ee4cde6626ebe0e99e9"
"69cc828653c05bd14589d76d","2026-04-01 04:19:33.563","2026-04-01 04:19:33.563","69cc828653c05bd14589d76d","682a271798a22b06fcd24153","[PREMIUM]","[PREMIUM]","[PREMIUM]","[PREMIUM]","[PREMIUM]","[1,2,3,4,5,6,7,8]","116","E","Lower","['*','*','*','*','*','*','*','*']","mobile","tm","tmqr","amazing","[PREMIUM]","[PREMIUM]","[]","2026-04-07 00:00:00","Savannah Ghost Pirates at Greenville Swamp Rabbits (Rescheduled from 1/25)","echl","2026-04-08 23:05:00","58113ee4cde6626ebe0e99e9"
"69cc824d53c05bd1457cb9f3","2026-04-01 04:19:33.563","2026-04-01 04:19:33.563","69cc824d53c05bd1457cb9f3","682a271798a22b06fcd24153","[PREMIUM]","[PREMIUM]","[PREMIUM]","[PREMIUM]","[PREMIUM]","[1,2,3,4,5,6,7,8]","114","B","Lower","['*','*','*','*','*','*','*','*']","mobile","tm","tmqr","great","[PREMIUM]","[PREMIUM]","[]","2026-04-07 00:00:00","Savannah Ghost Pirates at Greenville Swamp Rabbits (Rescheduled from 1/25)","echl","2026-04-08 23:05:00","58113ee4cde6626ebe0e99e9"
"69cc826953c05bd14582f50d","2026-04-01 04:19:33.563","2026-04-01 04:19:33.563","69cc826953c05bd14582f50d","682a271798a22b06fcd24153","[PREMIUM]","[PREMIUM]","[PREMIUM]","[PREMIUM]","[PREMIUM]","[1,2,3,4,5,6]","118","C","Lower","['*','*','*','*','*','*']","mobile","tm","tmqr","great","[PREMIUM]","[PREMIUM]","[]","2026-04-07 00:00:00","Savannah Ghost Pirates at Greenville Swamp Rabbits (Rescheduled from 1/25)","echl","2026-04-08 23:05:00","58113ee4cde6626ebe0e99e9"
"69cc7b9ad57287c1464bbcbf","2026-04-01 04:19:33.563","2026-04-02 08:22:37.681","69cc7b9ad57287c1464bbcbf","682a271798a22b06fcd24153","[PREMIUM]","[PREMIUM]","[PREMIUM]","[PREMIUM]","[PREMIUM]","[1,2,3,4]","100","L","Lower","['*','*','*','*']","mobile","tm","tmqr",,"[PREMIUM]","[PREMIUM]","[]","2026-04-07 00:00:00","Savannah Ghost Pirates at Greenville Swamp Rabbits (Rescheduled from 1/25)","echl","2026-04-08 23:05:00","58113ee4cde6626ebe0e99e9"
"69cc826d53c05bd14583d107","2026-04-01 04:19:33.563","2026-04-01 04:19:33.563","69cc826d53c05bd14583d107","682a271798a22b06fcd24153","[PREMIUM]","[PREMIUM]","[PREMIUM]","[PREMIUM]","[PREMIUM]","[1,2,3,4,5,6]","101","C","Lower","['*','*','*','*','*','*']","mobile","tm","tmqr",,"[PREMIUM]","[PREMIUM]","[]","2026-04-07 00:00:00","Savannah Ghost Pirates at Greenville Swamp Rabbits (Rescheduled from 1/25)","echl","2026-04-08 23:05:00","58113ee4cde6626ebe0e99e9"
"69cc827053c05bd145849ba1","2026-04-01 04:19:33.563","2026-04-01 04:19:33.563","69cc827053c05bd145849ba1","682a271798a22b06fcd24153","[PREMIUM]","[PREMIUM]","[PREMIUM]","[PREMIUM]","[PREMIUM]","[1,2,3,4,5,6]","120","C","Lower","['*','*','*','*','*','*']","mobile","tm","tmqr","great","[PREMIUM]","[PREMIUM]","[]","2026-04-07 00:00:00","Savannah Ghost Pirates at Greenville Swamp Rabbits (Rescheduled from 1/25)","echl","2026-04-08 23:05:00","58113ee4cde6626ebe0e99e9"
"69cc7b9998c0ef2c501c9b24","2026-04-01 04:19:33.563","2026-04-04 16:16:25.146","69cc7b9998c0ef2c501c9b24","682a271798a22b06fcd24153","[PREMIUM]","[PREMIUM]","[PREMIUM]","[PREMIUM]","[PREMIUM]","[1,2,3,4,5,6,7,8]","121","H","Lower","['*','*','*','*','*','*','*','*']","mobile","tm","tmqr",,"[PREMIUM]","[PREMIUM]","[]","2026-04-07 00:00:00","Savannah Ghost Pirates at Greenville Swamp Rabbits (Rescheduled from 1/25)","echl","2026-04-08 23:05:00","58113ee4cde6626ebe0e99e9"
"69cc827d53c05bd14587bc5b","2026-04-01 04:19:33.563","2026-04-01 04:19:33.563","69cc827d53c05bd14587bc5b","682a271798a22b06fcd24153","[PREMIUM]","[PREMIUM]","[PREMIUM]","[PREMIUM]","[PREMIUM]","[1,2,3,4,5,6]","121","C","Lower","['*','*','*','*','*','*']","mobile","tm","tmqr","amazing","[PREMIUM]","[PREMIUM]","[]","2026-04-07 00:00:00","Savannah Ghost Pirates at Greenville Swamp Rabbits (Rescheduled from 1/25)","echl","2026-04-08 23:05:00","58113ee4cde6626ebe0e99e9"
"69cc824d53c05bd1457cb9c0","2026-04-01 04:19:33.563","2026-04-01 04:19:33.563","69cc824d53c05bd1457cb9c0","682a271798a22b06fcd24153","[PREMIUM]","[PREMIUM]","[PREMIUM]","[PREMIUM]","[PREMIUM]","[1,2,3,4,5,6]","115","B","Lower","['*','*','*','*','*','*']","mobile","tm","tmqr",,"[PREMIUM]","[PREMIUM]","[]","2026-04-07 00:00:00","Savannah Ghost Pirates at Greenville Swamp Rabbits (Rescheduled from 1/25)","echl","2026-04-08 23:05:00","58113ee4cde6626ebe0e99e9"
"69cc7b9675dc2688b635e223","2026-04-01 04:19:33.563","2026-04-04 16:16:25.146","69cc7b9675dc2688b635e223","682a271798a22b06fcd24153","[PREMIUM]","[PREMIUM]","[PREMIUM]","[PREMIUM]","[PREMIUM]","[1,2]","114","J","Lower","['*','*']","mobile","tm","tmqr",,"[PREMIUM]","[PREMIUM]","[]","2026-04-07 00:00:00","Savannah Ghost Pirates at Greenville Swamp Rabbits (Rescheduled from 1/25)","echl","2026-04-08 23:05:00","58113ee4cde6626ebe0e99e9"
"69cc826053c05bd14580e192","2026-04-01 04:19:33.563","2026-04-01 04:19:33.563","69cc826053c05bd14580e192","682a271798a22b06fcd24153","[PREMIUM]","[PREMIUM]","[PREMIUM]","[PREMIUM]","[PREMIUM]","[1,2,3,4,5,6]","111","B","Lower","['*','*','*','*','*','*']","mobile","tm","tmqr","amazing","[PREMIUM]","[PREMIUM]","[]","2026-04-07 00:00:00","Savannah Ghost Pirates at Greenville Swamp Rabbits (Rescheduled from 1/25)","echl","2026-04-08 23:05:00","58113ee4cde6626ebe0e99e9"
"69cc824a53c05bd1457c51c0","2026-04-01 04:19:33.563","2026-04-01 04:19:33.563","69cc824a53c05bd1457c51c0","682a271798a22b06fcd24153","[PREMIUM]","[PREMIUM]","[PREMIUM]","[PREMIUM]","[PREMIUM]","[1,2,3,4,5,6,7,8]","103","B","Lower","['*','*','*','*','*','*','*','*']","mobile","tm","tmqr","great","[PREMIUM]","[PREMIUM]","[]","2026-04-07 00:00:00","Savannah Ghost Pirates at Greenville Swamp Rabbits (Rescheduled from 1/25)","echl","2026-04-08 23:05:00","58113ee4cde6626ebe0e99e9"
"69cc7b963895765ee7f6894b","2026-04-01 04:19:33.563","2026-04-01 04:19:33.563","69cc7b963895765ee7f6894b","682a271798a22b06fcd24153","[PREMIUM]","[PREMIUM]","[PREMIUM]","[PREMIUM]","[PREMIUM]","[1,2,3,4,5,6,7,8]","105","F","Lower","['*','*','*','*','*','*','*','*']","mobile","tm","tmqr","great","[PREMIUM]","[PREMIUM]","[]","2026-04-07 00:00:00","Savannah Ghost Pirates at Greenville Swamp Rabbits (Rescheduled from 1/25)","echl","2026-04-08 23:05:00","58113ee4cde6626ebe0e99e9"
"69cc827353c05bd145856d4d","2026-04-01 04:19:33.563","2026-04-01 04:19:33.563","69cc827353c05bd145856d4d","682a271798a22b06fcd24153","[PREMIUM]","[PREMIUM]","[PREMIUM]","[PREMIUM]","[PREMIUM]","[1,2,3,4]","106","G","Lower","['*','*','*','*']","mobile","tm","tmqr",,"[PREMIUM]","[PREMIUM]","[]","2026-04-07 00:00:00","Savannah Ghost Pirates at Greenville Swamp Rabbits (Rescheduled from 1/25)","echl","2026-04-08 23:05:00","58113ee4cde6626ebe0e99e9"
"69cc826053c05bd14580e10b","2026-04-01 04:19:33.563","2026-04-01 04:19:33.563","69cc826053c05bd14580e10b","682a271798a22b06fcd24153","[PREMIUM]","[PREMIUM]","[PREMIUM]","[PREMIUM]","[PREMIUM]","[1,2,3,4,5,6]","117","B","Lower","['*','*','*','*','*','*']","mobile","tm","tmqr","great","[PREMIUM]","[PREMIUM]","[]","2026-04-07 00:00:00","Savannah Ghost Pirates at Greenville Swamp Rabbits (Rescheduled from 1/25)","echl","2026-04-08 23:05:00","58113ee4cde6626ebe0e99e9"
"69cc824a53c05bd1457c5215","2026-04-01 04:19:33.563","2026-04-01 04:19:33.563","69cc824a53c05bd1457c5215","682a271798a22b06fcd24153","[PREMIUM]","[PREMIUM]","[PREMIUM]","[PREMIUM]","[PREMIUM]","[1,2,3,4,5,6]","110","B","Lower","['*','*','*','*','*','*']","mobile","tm","tmqr","amazing","[PREMIUM]","[PREMIUM]","[]","2026-04-07 00:00:00","Savannah Ghost Pirates at Greenville Swamp Rabbits (Rescheduled from 1/25)","echl","2026-04-08 23:05:00","58113ee4cde6626ebe0e99e9"
"69cc827a53c05bd14586e081","2026-04-01 04:19:33.563","2026-04-01 04:19:33.563","69cc827a53c05bd14586e081","682a271798a22b06fcd24153","[PREMIUM]","[PREMIUM]","[PREMIUM]","[PREMIUM]","[PREMIUM]","[1,2,3,4]","102","A","Lower","['*','*','*','*']","mobile","tm","tmqr","great","[PREMIUM]","[PREMIUM]","[]","2026-04-07 00:00:00","Savannah Ghost Pirates at Greenville Swamp Rabbits (Rescheduled from 1/25)","echl","2026-04-08 23:05:00","58113ee4cde6626ebe0e99e9"
"69cc8af49dbd46c5885169f1","2026-04-01 04:19:33.563","2026-04-01 04:19:33.563","69cc8af49dbd46c5885169f1","682a271798a22b06fcd24153","[PREMIUM]","[PREMIUM]","[PREMIUM]","[PREMIUM]","[PREMIUM]","[1,2]","119","G","Lower","['*','*']","mobile","tm","tmqr",,"[PREMIUM]","[PREMIUM]","[]","2026-04-07 00:00:00","Savannah Ghost Pirates at Greenville Swamp Rabbits (Rescheduled from 1/25)","echl","2026-04-08 23:05:00","58113ee4cde6626ebe0e99e9"
"69cc824a53c05bd1457c51dc","2026-04-01 04:19:33.563","2026-04-01 04:19:33.563","69cc824a53c05bd1457c51dc","682a271798a22b06fcd24153","[PREMIUM]","[PREMIUM]","[PREMIUM]","[PREMIUM]","[PREMIUM]","[1,2,3,4,5,6]","109","B","Lower","['*','*','*','*','*','*']","mobile","tm","tmqr","great","[PREMIUM]","[PREMIUM]","[]","2026-04-07 00:00:00","Savannah Ghost Pirates at Greenville Swamp Rabbits (Rescheduled from 1/25)","echl","2026-04-08 23:05:00","58113ee4cde6626ebe0e99e9"
"69cc825953c05bd1457f7315","2026-04-01 04:19:33.563","2026-04-01 04:19:33.563","69cc825953c05bd1457f7315","682a271798a22b06fcd24153","[PREMIUM]","[PREMIUM]","[PREMIUM]","[PREMIUM]","[PREMIUM]","[1,2,3,4,5,6]","107","C","Lower","['*','*','*','*','*','*']","mobile","tm","tmqr","great","[PREMIUM]","[PREMIUM]","[]","2026-04-07 00:00:00","Savannah Ghost Pirates at Greenville Swamp Rabbits (Rescheduled from 1/25)","echl","2026-04-08 23:05:00","58113ee4cde6626ebe0e99e9"
"69ca525e3fd2cd7f5511afd4","2026-04-01 04:19:33.371","2026-04-02 08:22:43.641","69ca525e3fd2cd7f5511afd4","68bf406abf6d789a895461d9","[PREMIUM]","[PREMIUM]","[PREMIUM]","[PREMIUM]","[PREMIUM]","[1,2,3,4]","204","D","Lower","['*','*','*','*']","mobile","tm","tmqr",,"[PREMIUM]","[PREMIUM]","[]","2026-04-12 00:00:00","Harlem Globetrotters","other","2026-04-13 23:00:00","5e0a759c0259eb003b8db4ec"
"69ca525e253da243cbaf058d","2026-04-01 04:19:33.371","2026-04-01 04:19:33.371","69ca525e253da243cbaf058d","68bf406abf6d789a895461d9","[PREMIUM]","[PREMIUM]","[PREMIUM]","[PREMIUM]","[PREMIUM]","[1,2,3,4]","216","B","Lower","['*','*','*','*']","mobile","tm","tmqr",,"[PREMIUM]","[PREMIUM]","[]","2026-04-12 00:00:00","Harlem Globetrotters","other","2026-04-13 23:00:00","5e0a759c0259eb003b8db4ec"
"69ca525ec7086aa1c2da98ec","2026-04-01 04:19:33.371","2026-04-01 04:19:33.371","69ca525ec7086aa1c2da98ec","68bf406abf6d789a895461d9","[PREMIUM]","[PREMIUM]","[PREMIUM]","[PREMIUM]","[PREMIUM]","[1,2,3,4]","219","H","Lower","['*','*','*','*']","mobile","tm","tmqr",,"[PREMIUM]","[PREMIUM]","[]","2026-04-12 00:00:00","Harlem Globetrotters","other","2026-04-13 23:00:00","5e0a759c0259eb003b8db4ec"
"69cb49d57dd86e66866fcd65","2026-04-01 04:19:33.371","2026-04-08 03:52:22.900","69cb49d57dd86e66866fcd65","68bf406abf6d789a895461d9","[PREMIUM]","[PREMIUM]","[PREMIUM]","[PREMIUM]","[PREMIUM]","[2]","220","L","Lower","['*','*']","mobile","tm","tmqr","great","[PREMIUM]","[PREMIUM]","[]","2026-04-12 00:00:00","Harlem Globetrotters","other","2026-04-13 23:00:00","5e0a759c0259eb003b8db4ec"
"69cb49d50c40c3b79ef14c9e","2026-04-01 04:19:33.371","2026-04-01 04:19:33.371","69cb49d50c40c3b79ef14c9e","68bf406abf6d789a895461d9","[PREMIUM]","[PREMIUM]","[PREMIUM]","[PREMIUM]","[PREMIUM]","[1,2,3,4,5,6,7,8]","203","M","Lower","['*','*','*','*','*','*','*','*']","mobile","tm","tmqr","amazing","[PREMIUM]","[PREMIUM]","[]","2026-04-12 00:00:00","Harlem Globetrotters","other","2026-04-13 23:00:00","5e0a759c0259eb003b8db4ec"
"69cb49d6da46667f104f7129","2026-04-01 04:19:33.371","2026-04-01 04:19:33.371","69cb49d6da46667f104f7129","68bf406abf6d789a895461d9","[PREMIUM]","[PREMIUM]","[PREMIUM]","[PREMIUM]","[PREMIUM]","[1,2]","215","L","Lower","['*','*']","mobile","tm","tmqr",,"[PREMIUM]","[PREMIUM]","[]","2026-04-12 00:00:00","Harlem Globetrotters","other","2026-04-13 23:00:00","5e0a759c0259eb003b8db4ec"
"69cbdbcf53c05bd14562a710","2026-04-01 04:19:33.371","2026-04-02 08:22:43.641","69cbdbcf53c05bd14562a710","68bf406abf6d789a895461d9","[PREMIUM]","[PREMIUM]","[PREMIUM]","[PREMIUM]","[PREMIUM]","[2,4]","218","K","Lower","['9','10','11','12']","mobile","tm","tmqr","amazing","[PREMIUM]","[PREMIUM]","[]","2026-04-11 00:00:00","Harlem Globetrotters","other","2026-04-13 23:00:00","5e0a759c0259eb003b8db4ec"
"69cc4a4d769084e95b72a285","2026-04-01 04:19:33.371","2026-04-01 04:19:33.371","69cc4a4d769084e95b72a285","68bf406abf6d789a895461d9","[PREMIUM]","[PREMIUM]","[PREMIUM]","[PREMIUM]","[PREMIUM]","[1,2,3,4,5,6]","206","C","Lower","['*','*','*','*','*','*']","mobile","tm","tmqr","amazing","[PREMIUM]","[PREMIUM]","[]","2026-04-12 00:00:00","Harlem Globetrotters","other","2026-04-13 23:00:00","5e0a759c0259eb003b8db4ec"
"69cc82c2780977b6ee3d7bed","2026-04-01 04:19:33.371","2026-04-01 04:19:33.371","69cc82c2780977b6ee3d7bed","68bf406abf6d789a895461d9","[PREMIUM]","[PREMIUM]","[PREMIUM]","[PREMIUM]","[PREMIUM]","[1,2,3,4,5,6]","202","L","Lower","['*','*','*','*','*','*']","mobile","tm","tmqr",,"[PREMIUM]","[PREMIUM]","[]","2026-04-12 00:00:00","Harlem Globetrotters","other","2026-04-13 23:00:00","5e0a759c0259eb003b8db4ec"
"69cc82c5167b9219a0f35e4b","2026-04-01 04:19:33.371","2026-04-01 04:19:33.371","69cc82c5167b9219a0f35e4b","68bf406abf6d789a895461d9","[PREMIUM]","[PREMIUM]","[PREMIUM]","[PREMIUM]","[PREMIUM]","[1,2]","204","J","Lower","['*','*']","mobile","tm","tmqr","amazing","[PREMIUM]","[PREMIUM]","[]","2026-04-12 00:00:00","Harlem Globetrotters","other","2026-04-13 23:00:00","5e0a759c0259eb003b8db4ec"
"69cc82c55123712e98b76906","2026-04-01 04:19:33.371","2026-04-01 04:19:33.371","69cc82c55123712e98b76906","68bf406abf6d789a895461d9","[PREMIUM]","[PREMIUM]","[PREMIUM]","[PREMIUM]","[PREMIUM]","[1,2,3,4,5,6,7,8]","204","O","Lower","['*','*','*','*','*','*','*','*']","mobile","tm","tmqr",,"[PREMIUM]","[PREMIUM]","[]","2026-04-12 00:00:00","Harlem Globetrotters","other","2026-04-13 23:00:00","5e0a759c0259eb003b8db4ec"
"69cc82c1b1922ef658af2799","2026-04-01 04:19:33.371","2026-04-01 04:19:33.371","69cc82c1b1922ef658af2799","68bf406abf6d789a895461d9","[PREMIUM]","[PREMIUM]","[PREMIUM]","[PREMIUM]","[PREMIUM]","[1,2,3,4,5,6,7,8]","203","G","Lower","['*','*','*','*','*','*','*','*']","mobile","tm","tmqr",,"[PREMIUM]","[PREMIUM]","[]","2026-04-12 00:00:00","Harlem Globetrotters","other","2026-04-13 23:00:00","5e0a759c0259eb003b8db4ec"
"69cc48bf53c05bd14568bdc4","2026-04-01 04:19:33.245","2026-04-10 12:23:28.128","69cc48bf53c05bd14568bdc4","68baf5b6f52608b2ea21ca80","[PREMIUM]","[PREMIUM]","[PREMIUM]","[PREMIUM]","[PREMIUM]","[1,2,3,4]","ORCHR","R","Orchestra","['*','*','*','*']","mobile","tm","tmqr",,"[PREMIUM]","[PREMIUM]","[]","2026-04-11 00:00:00","Black Jacket Symphony (Rescheduled from 1/25)","music","2026-04-12 20:00:00","63b7663f14dd89000165819c"
"69a91a28c42be979a81e7d5f","2026-04-01 04:19:32.028","2026-04-01 04:19:32.028","69a91a28c42be979a81e7d5f","68b8a538b38005b8f41dc96b","[PREMIUM]","[PREMIUM]","[PREMIUM]","[PREMIUM]","[PREMIUM]","[2]","116","26","Lower","['11','12']","mobile","tm","tmqr","great","[PREMIUM]","[PREMIUM]","[]","2026-05-27 00:00:00","Nate Bargatze (Rescheduled from 1/25)","comedy","2026-05-28 23:30:00","56b39e31f80c410494000003"
"69b71d55f6fbc8b354b29833","2026-04-01 04:19:32.028","2026-04-04 16:16:23.786","69b71d55f6fbc8b354b29833","68b8a538b38005b8f41dc96b","[PREMIUM]","[PREMIUM]","[PREMIUM]","[PREMIUM]","[PREMIUM]","[2]","115","27","Lower","['1','2']","mobile","tm","tmqr",,"[PREMIUM]","[PREMIUM]","[]","2026-05-27 00:00:00","Nate Bargatze (Rescheduled from 1/25)","comedy","2026-05-28 23:30:00","56b39e31f80c410494000003"
"69bbf896f6fbc8b354dfaf82","2026-04-01 04:19:32.028","2026-04-15 08:59:48.030","69bbf896f6fbc8b354dfaf82","68b8a538b38005b8f41dc96b","[PREMIUM]","[PREMIUM]","[PREMIUM]","[PREMIUM]","[PREMIUM]","[2]","FLRD","1","Floor","['*','*']","mobile","tm","tmqr",,"[PREMIUM]","[PREMIUM]","[]","2026-05-27 00:00:00","Nate Bargatze (Rescheduled from 1/25)","comedy","2026-05-28 23:30:00","56b39e31f80c410494000003"
"69c9e3d653c05bd145351089","2026-04-01 04:19:32.028","2026-04-01 04:19:32.028","69c9e3d653c05bd145351089","68b8a538b38005b8f41dc96b","[PREMIUM]","[PREMIUM]","[PREMIUM]","[PREMIUM]","[PREMIUM]","[1,2,3,5]","331A","15","Upper","['*','*','*','*','*']","mobile","tm","tmqr","great","[PREMIUM]","[PREMIUM]","[]","2026-05-27 00:00:00","Nate Bargatze (Rescheduled from 1/25)","comedy","2026-05-28 23:30:00","56b39e31f80c410494000003"
"69cb9e8c53c05bd145bdd1e9","2026-04-01 04:19:31.149","2026-04-04 16:16:23.482","69cb9e8c53c05bd145bdd1e9","68f6f1af44da816842a2c92c","[PREMIUM]","[PREMIUM]","[PREMIUM]","[PREMIUM]","[PREMIUM]","[2,3,4,5,6,7,8]","BALC","Y","Balcony","['*','*','*','*','*','*','*','*']","mobile","tm","tmqr",,"[PREMIUM]","[PREMIUM]","[]","2026-06-11 00:00:00","The Prince Experience (Rescheduled from 1/25/26)","music","2026-06-14 01:00:00","598c8b2c9da0d48c0db1879c"
"69b04f1289f0a636ae90749e","2026-04-01 04:19:31.043","2026-04-05 19:53:32.687","69b04f1289f0a636ae90749e","68cc68beee3eb7fa02d2a838","[PREMIUM]","[PREMIUM]","[PREMIUM]","[PREMIUM]","[PREMIUM]","[1,2,4]","GA","GA","General Admission","['*','*','*','*']","mobile","tm","tmqr","cheapest","[PREMIUM]","[PREMIUM]","[]","2026-04-20 00:00:00","GoldFord (18+ Event) (Rescheduled from 1/26/26)","music","2026-04-22 01:00:00","610afdf5ec170600019c9c41"
"69475cb894c93e607f963895","2026-04-01 04:19:30.025","2026-04-01 04:19:30.025","69475cb894c93e607f963895","68bf41ad5a1aec93852d2006","[PREMIUM]","[PREMIUM]","[PREMIUM]","[PREMIUM]","[PREMIUM]","[2,3,4]","110","L","Lower","['*','*','*','*']","mobile",,"tmqr",,"[PREMIUM]","[PREMIUM]","[]","2026-04-06 00:00:00","Harlem Globetrotters (Rescheduled from 1/28/26)","other","2026-04-07 23:00:00","6365708be759f6000179af79"
"69cad75053c05bd145a3822e","2026-04-01 04:19:30.025","2026-04-05 19:53:32.906","69cad75053c05bd145a3822e","68bf41ad5a1aec93852d2006","[PREMIUM]","[PREMIUM]","[PREMIUM]","[PREMIUM]","[PREMIUM]","[2]","106","F","Lower","['*','*']","mobile",,"tmqr",,"[PREMIUM]","[PREMIUM]","[]","2026-04-06 00:00:00","Harlem Globetrotters (Rescheduled from 1/28/26)","other","2026-04-07 23:00:00","6365708be759f6000179af79"
"69cad75b53c05bd145a609a3","2026-04-01 04:19:30.025","2026-04-01 04:19:30.025","69cad75b53c05bd145a609a3","68bf41ad5a1aec93852d2006","[PREMIUM]","[PREMIUM]","[PREMIUM]","[PREMIUM]","[PREMIUM]","[1,2,3]","121","C","Lower","['*','*','*']","mobile",,"tmqr",,"[PREMIUM]","[PREMIUM]","[]","2026-04-06 00:00:00","Harlem Globetrotters (Rescheduled from 1/28/26)","other","2026-04-07 23:00:00","6365708be759f6000179af79"
"69cb085c0c40c3b79ef1252c","2026-04-01 04:19:30.025","2026-04-01 04:19:30.025","69cb085c0c40c3b79ef1252c","68bf41ad5a1aec93852d2006","[PREMIUM]","[PREMIUM]","[PREMIUM]","[PREMIUM]","[PREMIUM]","[1,2,3,4]","105","K","Lower","['*','*','*','*']","mobile",,"tmqr",,"[PREMIUM]","[PREMIUM]","[]","2026-04-06 00:00:00","Harlem Globetrotters (Rescheduled from 1/28/26)","other","2026-04-07 23:00:00","6365708be759f6000179af79"
"69cb085b95f5e8fdf9c3d679","2026-04-01 04:19:30.025","2026-04-04 16:16:22.142","69cb085b95f5e8fdf9c3d679","68bf41ad5a1aec93852d2006","[PREMIUM]","[PREMIUM]","[PREMIUM]","[PREMIUM]","[PREMIUM]","[1,2]","111","B","Lower","['*','*']","mobile",,"tmqr",,"[PREMIUM]","[PREMIUM]","[]","2026-04-06 00:00:00","Harlem Globetrotters (Rescheduled from 1/28/26)","other","2026-04-07 23:00:00","6365708be759f6000179af79"
"69cb12c153c05bd1454ece8d","2026-04-01 04:19:30.025","2026-04-01 04:19:30.025","69cb12c153c05bd1454ece8d","68bf41ad5a1aec93852d2006","[PREMIUM]","[PREMIUM]","[PREMIUM]","[PREMIUM]","[PREMIUM]","[1,2,3,4]","110","F","Lower","['*','*','*','*']","mobile",,"tmqr",,"[PREMIUM]","[PREMIUM]","[]","2026-04-06 00:00:00","Harlem Globetrotters (Rescheduled from 1/28/26)","other","2026-04-07 23:00:00","6365708be759f6000179af79"
"69cbc026d77b5a44d40d30f2","2026-04-01 04:19:30.025","2026-04-01 04:19:30.025","69cbc026d77b5a44d40d30f2","68bf41ad5a1aec93852d2006","[PREMIUM]","[PREMIUM]","[PREMIUM]","[PREMIUM]","[PREMIUM]","[1,2,3,4,5,6,7,8]","103","Q","Lower","['*','*','*','*','*','*','*','*']","mobile",,"tmqr","great","[PREMIUM]","[PREMIUM]","[]","2026-04-06 00:00:00","Harlem Globetrotters (Rescheduled from 1/28/26)","other","2026-04-07 23:00:00","6365708be759f6000179af79"
"69cbd9f5a73e8acfe6e785d9","2026-04-01 04:19:30.025","2026-04-01 04:19:30.025","69cbd9f5a73e8acfe6e785d9","68bf41ad5a1aec93852d2006","[PREMIUM]","[PREMIUM]","[PREMIUM]","[PREMIUM]","[PREMIUM]","[1,2]","FLR3","A","Floor","['*','*']","mobile",,"tmqr","great","[PREMIUM]","[PREMIUM]","[]","2026-04-06 00:00:00","Harlem Globetrotters (Rescheduled from 1/28/26)","other","2026-04-07 23:00:00","6365708be759f6000179af79"
"69cc1f2a0cf57e8095be5d5d","2026-04-01 04:19:30.025","2026-04-01 04:19:30.025","69cc1f2a0cf57e8095be5d5d","68bf41ad5a1aec93852d2006","[PREMIUM]","[PREMIUM]","[PREMIUM]","[PREMIUM]","[PREMIUM]","[1,2,3,4,5,6]","118","P","Lower","['*','*','*','*','*','*']","mobile",,"tmqr","great","[PREMIUM]","[PREMIUM]","[]","2026-04-06 00:00:00","Harlem Globetrotters (Rescheduled from 1/28/26)","other","2026-04-07 23:00:00","6365708be759f6000179af79"
"69cc1f2adf13c7ae538eaf58","2026-04-01 04:19:30.025","2026-04-01 04:19:30.025","69cc1f2adf13c7ae538eaf58","68bf41ad5a1aec93852d2006","[PREMIUM]","[PREMIUM]","[PREMIUM]","[PREMIUM]","[PREMIUM]","[1,2,3,4]","121","J","Lower","['*','*','*','*']","mobile",,"tmqr",,"[PREMIUM]","[PREMIUM]","[]","2026-04-06 00:00:00","Harlem Globetrotters (Rescheduled from 1/28/26)","other","2026-04-07 23:00:00","6365708be759f6000179af79"
"69cc1f29d88371365ff4aae6","2026-04-01 04:19:30.025","2026-04-03 11:58:03.080","69cc1f29d88371365ff4aae6","68bf41ad5a1aec93852d2006","[PREMIUM]","[PREMIUM]","[PREMIUM]","[PREMIUM]","[PREMIUM]","[1,2,3,4,5,6]","117","L","Lower","['*','*','*','*','*','*']","mobile",,"tmqr","great","[PREMIUM]","[PREMIUM]","[]","2026-04-06 00:00:00","Harlem Globetrotters (Rescheduled from 1/28/26)","other","2026-04-07 23:00:00","6365708be759f6000179af79"
"69cc262c10f4073fc7a96afe","2026-04-01 04:19:30.025","2026-04-01 04:19:30.025","69cc262c10f4073fc7a96afe","68bf41ad5a1aec93852d2006","[PREMIUM]","[PREMIUM]","[PREMIUM]","[PREMIUM]","[PREMIUM]","[1,2]","109","B","Lower","['*','*']","mobile",,"tmqr",,"[PREMIUM]","[PREMIUM]","[]","2026-04-06 00:00:00","Harlem Globetrotters (Rescheduled from 1/28/26)","other","2026-04-07 23:00:00","6365708be759f6000179af79"
"69cc493efb636eba3def6071","2026-04-01 04:19:30.025","2026-04-01 04:19:30.025","69cc493efb636eba3def6071","68bf41ad5a1aec93852d2006","[PREMIUM]","[PREMIUM]","[PREMIUM]","[PREMIUM]","[PREMIUM]","[1,2,3,4,5,6]","124","M","Lower","['*','*','*','*','*','*']","mobile",,"tmqr",,"[PREMIUM]","[PREMIUM]","[]","2026-04-06 00:00:00","Harlem Globetrotters (Rescheduled from 1/28/26)","other","2026-04-07 23:00:00","6365708be759f6000179af79"
"69cc41027e79c465e65f0cb4","2026-04-01 04:19:30.025","2026-04-01 04:19:30.025","69cc41027e79c465e65f0cb4","68bf41ad5a1aec93852d2006","[PREMIUM]","[PREMIUM]","[PREMIUM]","[PREMIUM]","[PREMIUM]","[1,2]","FLR4","B","Floor","['*','*']","mobile",,"tmqr","great","[PREMIUM]","[PREMIUM]","[]","2026-04-06 00:00:00","Harlem Globetrotters (Rescheduled from 1/28/26)","other","2026-04-07 23:00:00","6365708be759f6000179af79"
"69cc493e048ba76fea0c15b8","2026-04-01 04:19:30.025","2026-04-01 04:19:30.025","69cc493e048ba76fea0c15b8","68bf41ad5a1aec93852d2006","[PREMIUM]","[PREMIUM]","[PREMIUM]","[PREMIUM]","[PREMIUM]","[1,2]","FLR2","C","Floor","['*','*']","mobile",,"tmqr","great","[PREMIUM]","[PREMIUM]","[]","2026-04-06 00:00:00","Harlem Globetrotters (Rescheduled from 1/28/26)","other","2026-04-07 23:00:00","6365708be759f6000179af79"
"69cc493db1b3ce0143cb8387","2026-04-01 04:19:30.025","2026-04-01 04:19:30.025","69cc493db1b3ce0143cb8387","68bf41ad5a1aec93852d2006","[PREMIUM]","[PREMIUM]","[PREMIUM]","[PREMIUM]","[PREMIUM]","[1,2]","FLR5","C","Floor","['*','*']","mobile",,"tmqr","great","[PREMIUM]","[PREMIUM]","[]","2026-04-06 00:00:00","Harlem Globetrotters (Rescheduled from 1/28/26)","other","2026-04-07 23:00:00","6365708be759f6000179af79"
"69cc38a953c05bd145171890","2026-04-01 04:19:27.515","2026-04-01 04:19:27.515","69cc38a953c05bd145171890","68dc5c1db85139ff4c1bb413","[PREMIUM]","[PREMIUM]","[PREMIUM]","[PREMIUM]","[PREMIUM]","[1,2,3]","121","R","Lower","['*','*','*']","mobile","tm","tmqr",,"[PREMIUM]","[PREMIUM]","[]","2026-06-05 00:00:00","Bert Kreischer (Rescheduled from 1/31/26)","comedy","2026-06-05 23:00:00","58127f1ecde6626ebe12395e"
"69cc38a153c05bd145152688","2026-04-01 04:19:27.515","2026-04-01 04:19:27.515","69cc38a153c05bd145152688","68dc5c1db85139ff4c1bb413","[PREMIUM]","[PREMIUM]","[PREMIUM]","[PREMIUM]","[PREMIUM]","[2]","204","B","Upper","['*','*']","mobile","tm","tmqr","great","[PREMIUM]","[PREMIUM]","[]","2026-06-05 00:00:00","Bert Kreischer (Rescheduled from 1/31/26)","comedy","2026-06-05 23:00:00","58127f1ecde6626ebe12395e"
"69cc38af53c05bd145183a88","2026-04-01 04:19:27.515","2026-04-01 04:19:27.515","69cc38af53c05bd145183a88","68dc5c1db85139ff4c1bb413","[PREMIUM]","[PREMIUM]","[PREMIUM]","[PREMIUM]","[PREMIUM]","[2]","101","AA","Lower","['*','*']","mobile","tm","tmqr",,"[PREMIUM]","[PREMIUM]","[]","2026-06-05 00:00:00","Bert Kreischer (Rescheduled from 1/31/26)","comedy","2026-06-05 23:00:00","58127f1ecde6626ebe12395e"
"69cc38a153c05bd145152643","2026-04-01 04:19:27.515","2026-04-01 04:19:27.515","69cc38a153c05bd145152643","68dc5c1db85139ff4c1bb413","[PREMIUM]","[PREMIUM]","[PREMIUM]","[PREMIUM]","[PREMIUM]","[2]","119","T","Lower","['*','*']","mobile","tm","tmqr","great","[PREMIUM]","[PREMIUM]","[]","2026-06-05 00:00:00","Bert Kreischer (Rescheduled from 1/31/26)","comedy","2026-06-05 23:00:00","58127f1ecde6626ebe12395e"
"69cc38a153c05bd1451525ba","2026-04-01 04:19:27.515","2026-04-01 04:19:27.515","69cc38a153c05bd1451525ba","68dc5c1db85139ff4c1bb413","[PREMIUM]","[PREMIUM]","[PREMIUM]","[PREMIUM]","[PREMIUM]","[2]","202","D","Upper","['*','*']","mobile","tm","tmqr","great","[PREMIUM]","[PREMIUM]","[]","2026-06-05 00:00:00","Bert Kreischer (Rescheduled from 1/31/26)","comedy","2026-06-05 23:00:00","58127f1ecde6626ebe12395e"
"68ade266fa1f786c11dcb945","2026-04-01 04:19:27.193","2026-04-01 04:19:27.193","68ade266fa1f786c11dcb945","68a7a2c74f0be0be6f7b66bf","[PREMIUM]","[PREMIUM]","[PREMIUM]","[PREMIUM]","[PREMIUM]","[2]","Right Rear Orchestra","P",,"['*','*']","mobile","paciolan","tmqr",,"[PREMIUM]","[PREMIUM]","[]",,"So Good! The Neil Diamond Experience (Rescheduled from 1/30)","music","2026-04-04 00:00:00","6737d42db215f4ca6612427d"
"69cb0b98351b4c9460d75950","2026-04-01 04:19:27.152","2026-04-02 08:22:31.976","69cb0b98351b4c9460d75950","68f8483ba1df084bdd67ec6c","[PREMIUM]","[PREMIUM]","[PREMIUM]","[PREMIUM]","[PREMIUM]","[1,2,3,4]","ORCH R","U",,"['*','*','*','*']","mobile",,"tmqr",,"[PREMIUM]","[PREMIUM]","[]",,"Billy Gardell (Rescheduled from 1/31/26)","comedy","2026-04-04 00:00:00","65bae1b3969ee7d987df0566"
"69cb341353c05bd14577297d","2026-04-01 04:19:27.152","2026-04-02 08:22:31.976","69cb341353c05bd14577297d","68f8483ba1df084bdd67ec6c","[PREMIUM]","[PREMIUM]","[PREMIUM]","[PREMIUM]","[PREMIUM]","[2]","ORCH R","L",,"['*','*']","mobile",,"tmqr",,"[PREMIUM]","[PREMIUM]","[]",,"Billy Gardell (Rescheduled from 1/31/26)","comedy","2026-04-04 00:00:00","65bae1b3969ee7d987df0566"
"69cbf011eb1738da79c583ac","2026-04-01 04:19:27.152","2026-04-02 08:22:31.976","69cbf011eb1738da79c583ac","68f8483ba1df084bdd67ec6c","[PREMIUM]","[PREMIUM]","[PREMIUM]","[PREMIUM]","[PREMIUM]","[2]","ORCH R","N",,"['*','*']","mobile",,"tmqr",,"[PREMIUM]","[PREMIUM]","[]",,"Billy Gardell (Rescheduled from 1/31/26)","comedy","2026-04-04 00:00:00","65bae1b3969ee7d987df0566"
"69cc486e53c05bd145568ff6","2026-04-01 04:19:27.152","2026-04-01 04:19:27.152","69cc486e53c05bd145568ff6","68f8483ba1df084bdd67ec6c","[PREMIUM]","[PREMIUM]","[PREMIUM]","[PREMIUM]","[PREMIUM]","[1,2,3,4,5,6,8]","ORCH L","R",,"['*','*','*','*','*','*','*','*']","mobile",,"tmqr","cheapest","[PREMIUM]","[PREMIUM]","[]","2026-04-02 00:00:00","Billy Gardell (Rescheduled from 1/31/26)","comedy","2026-04-04 00:00:00","65bae1b3969ee7d987df0566"
"69cc47fb470c93bdd8ca7765","2026-04-01 04:19:27.152","2026-04-02 08:22:31.976","69cc47fb470c93bdd8ca7765","68f8483ba1df084bdd67ec6c","[PREMIUM]","[PREMIUM]","[PREMIUM]","[PREMIUM]","[PREMIUM]","[1,2]","ORCH C","S",,"['*','*']","mobile",,"tmqr",,"[PREMIUM]","[PREMIUM]","[]",,"Billy Gardell (Rescheduled from 1/31/26)","comedy","2026-04-04 00:00:00","65bae1b3969ee7d987df0566"
"69cc47fcdf13c7ae538ec577","2026-04-01 04:19:27.152","2026-04-02 08:22:31.976","69cc47fcdf13c7ae538ec577","68f8483ba1df084bdd67ec6c","[PREMIUM]","[PREMIUM]","[PREMIUM]","[PREMIUM]","[PREMIUM]","[1,2,3,4,5,6,7,8]","ORCH R","T",,"['*','*','*','*','*','*','*','*']","mobile",,"tmqr",,"[PREMIUM]","[PREMIUM]","[]",,"Billy Gardell (Rescheduled from 1/31/26)","comedy","2026-04-04 00:00:00","65bae1b3969ee7d987df0566"
"69cc51a353c05bd14537bced","2026-04-01 04:19:27.152","2026-04-01 04:19:27.152","69cc51a353c05bd14537bced","68f8483ba1df084bdd67ec6c","[PREMIUM]","[PREMIUM]","[PREMIUM]","[PREMIUM]","[PREMIUM]","[1,2,3,4,6]","ORCH L","N",,"['*','*','*','*','*','*']","mobile",,"tmqr",,"[PREMIUM]","[PREMIUM]","[]","2026-04-02 00:00:00","Billy Gardell (Rescheduled from 1/31/26)","comedy","2026-04-04 00:00:00","65bae1b3969ee7d987df0566"
"69cc52d653c05bd1457560c9","2026-04-01 04:19:27.152","2026-04-03 11:58:00.080","69cc52d653c05bd1457560c9","68f8483ba1df084bdd67ec6c","[PREMIUM]","[PREMIUM]","[PREMIUM]","[PREMIUM]","[PREMIUM]","[2]","ORCH C","U",,"['*','*']","mobile",,"tmqr",,"[PREMIUM]","[PREMIUM]","[]",,"Billy Gardell (Rescheduled from 1/31/26)","comedy","2026-04-04 00:00:00","65bae1b3969ee7d987df0566"
"69cc5e3799551424b78d1bba","2026-04-01 04:19:27.152","2026-04-01 04:19:27.152","69cc5e3799551424b78d1bba","68f8483ba1df084bdd67ec6c","[PREMIUM]","[PREMIUM]","[PREMIUM]","[PREMIUM]","[PREMIUM]","[1,2]","ORCH L","S",,"['*','*']","mobile",,"tmqr",,"[PREMIUM]","[PREMIUM]","[]","2026-04-02 00:00:00","Billy Gardell (Rescheduled from 1/31/26)","comedy","2026-04-04 00:00:00","65bae1b3969ee7d987df0566"
"69cc6c8753c05bd145c1b317","2026-04-01 04:19:27.152","2026-04-03 11:58:00.080","69cc6c8753c05bd145c1b317","68f8483ba1df084bdd67ec6c","[PREMIUM]","[PREMIUM]","[PREMIUM]","[PREMIUM]","[PREMIUM]","[1,2,3,4,5,6,7]","ORCH R","S",,"['*','*','*','*','*','*','*']","mobile",,"tmqr",,"[PREMIUM]","[PREMIUM]","[]",,"Billy Gardell (Rescheduled from 1/31/26)","comedy","2026-04-04 00:00:00","65bae1b3969ee7d987df0566"
"69cc861153c05bd14549959e","2026-04-01 04:19:27.152","2026-04-02 08:22:31.976","69cc861153c05bd14549959e","68f8483ba1df084bdd67ec6c","[PREMIUM]","[PREMIUM]","[PREMIUM]","[PREMIUM]","[PREMIUM]","[2]","ORCH C","Q",,"['*','*']","mobile",,"tmqr",,"[PREMIUM]","[PREMIUM]","[]","2026-04-03 00:00:00","Billy Gardell (Rescheduled from 1/31/26)","comedy","2026-04-04 00:00:00","65bae1b3969ee7d987df0566"
"69cc9a5853c05bd1451d6f78","2026-04-01 04:19:27.152","2026-04-01 04:19:27.152","69cc9a5853c05bd1451d6f78","68f8483ba1df084bdd67ec6c","[PREMIUM]","[PREMIUM]","[PREMIUM]","[PREMIUM]","[PREMIUM]","[2]","ORCH L","F",,"['*','*']","mobile",,"tmqr",,"[PREMIUM]","[PREMIUM]","[]","2026-04-02 00:00:00","Billy Gardell (Rescheduled from 1/31/26)","comedy","2026-04-04 00:00:00","65bae1b3969ee7d987df0566"
"69cb14d253c05bd145c49ed3","2026-04-01 04:19:27.114","2026-04-08 03:52:16.672","69cb14d253c05bd145c49ed3","68cb1e7e1c5489a982398d2b","[PREMIUM]","[PREMIUM]","[PREMIUM]","[PREMIUM]","[PREMIUM]","[2]","LEFT","A","Left","['*','*']","instant",,"tmqr","super","[PREMIUM]","[PREMIUM]","[]","2026-04-09 00:00:00","Big Head Todd and the Monsters (21+ Event) (Rescheduled from 1/30)","music","2026-04-11 01:00:00","6737d93c176a2e20e05b1243"
"69cb13a453c05bd1458070e9","2026-04-01 04:19:27.114","2026-04-10 12:23:23.744","69cb13a453c05bd1458070e9","68cb1e7e1c5489a982398d2b","[PREMIUM]","[PREMIUM]","[PREMIUM]","[PREMIUM]","[PREMIUM]","[2]","CENTRE","N","Centre","['*','*']","instant",,"tmqr","super","[PREMIUM]","[PREMIUM]","['over_21']",,"Big Head Todd and the Monsters (21+ Event) (Rescheduled from 1/30)","music","2026-04-11 01:00:00","6737d93c176a2e20e05b1243"
"69cb14b553c05bd145be78db","2026-04-01 04:19:27.114","2026-04-02 08:22:33.317","69cb14b553c05bd145be78db","68cb1e7e1c5489a982398d2b","[PREMIUM]","[PREMIUM]","[PREMIUM]","[PREMIUM]","[PREMIUM]","[2]","CENTRE","A","Centre","['31','32']","electronic",,"tmqr",,"[PREMIUM]","[PREMIUM]","[]","2026-04-09 00:00:00","Big Head Todd and the Monsters (21+ Event) (Rescheduled from 1/30)","music","2026-04-11 01:00:00","6737d93c176a2e20e05b1243"
"69cb13ea53c05bd14591f8f0","2026-04-01 04:19:27.114","2026-04-10 12:23:23.744","69cb13ea53c05bd14591f8f0","68cb1e7e1c5489a982398d2b","[PREMIUM]","[PREMIUM]","[PREMIUM]","[PREMIUM]","[PREMIUM]","[2]","RIGHT","O","Right","['*','*']","instant",,"tmqr","cheapest","[PREMIUM]","[PREMIUM]","[]",,"Big Head Todd and the Monsters (21+ Event) (Rescheduled from 1/30)","music","2026-04-11 01:00:00","6737d93c176a2e20e05b1243"
"69cb13e653c05bd14590f973","2026-04-01 04:19:27.114","2026-04-03 11:58:00.235","69cb13e653c05bd14590f973","68cb1e7e1c5489a982398d2b","[PREMIUM]","[PREMIUM]","[PREMIUM]","[PREMIUM]","[PREMIUM]","[2]","CENTRE","I","Centre","['*','*']","electronic",,"tmqr","super","[PREMIUM]","[PREMIUM]","[]","2026-04-09 00:00:00","Big Head Todd and the Monsters (21+ Event) (Rescheduled from 1/30)","music","2026-04-11 01:00:00","6737d93c176a2e20e05b1243"
"696f6d1566c7fd4b152ff603","2026-04-01 04:19:27.044","2026-04-05 19:53:25.166","696f6d1566c7fd4b152ff603","68e59a333a37eb5db9dc9515","[PREMIUM]","[PREMIUM]","[PREMIUM]","[PREMIUM]","[PREMIUM]","[2]","BC","K","Balcony","['*','*']","mobile","tm","tmqr","cheapest","[PREMIUM]","[PREMIUM]","[]",,"Fortune Feimster (Rescheduled from 1/31)","comedy","2026-04-19 23:00:00","5abe819cb6520e0013b736fb"
"697a357d00dd60a99b2bea6b","2026-04-01 04:19:27.044","2026-04-01 04:19:27.044","697a357d00dd60a99b2bea6b","68e59a333a37eb5db9dc9515","[PREMIUM]","[PREMIUM]","[PREMIUM]","[PREMIUM]","[PREMIUM]","[2]","FD","W","Main Floor","['*','*']","mobile","tm","tmqr","amazing","[PREMIUM]","[PREMIUM]","[]",,"Fortune Feimster (Rescheduled from 1/31)","comedy","2026-04-19 23:00:00","5abe819cb6520e0013b736fb"
"699b46ab93ba9599794dbe3d","2026-04-01 04:19:27.044","2026-04-05 19:53:25.166","699b46ab93ba9599794dbe3d","68e59a333a37eb5db9dc9515","[PREMIUM]","[PREMIUM]","[PREMIUM]","[PREMIUM]","[PREMIUM]","[2]","BA","G","Balcony","['*','*']","mobile","tm","tmqr","amazing","[PREMIUM]","[PREMIUM]","[]",,"Fortune Feimster (Rescheduled from 1/31)","comedy","2026-04-19 23:00:00","5abe819cb6520e0013b736fb"
"69ab5e7e6283ed644c9a6407","2026-04-01 04:19:27.044","2026-04-03 11:57:58.513","69ab5e7e6283ed644c9a6407","68e59a333a37eb5db9dc9515","[PREMIUM]","[PREMIUM]","[PREMIUM]","[PREMIUM]","[PREMIUM]","[2]","BC","E","Balcony","['*','*']","mobile","tm","tmqr","great","[PREMIUM]","[PREMIUM]","[]","2026-04-18 00:00:00","Fortune Feimster (Rescheduled from 1/31)","comedy","2026-04-19 23:00:00","5abe819cb6520e0013b736fb"
"69ab754922c31864f1bffa34","2026-04-01 04:19:27.044","2026-04-05 19:53:25.166","69ab754922c31864f1bffa34","68e59a333a37eb5db9dc9515","[PREMIUM]","[PREMIUM]","[PREMIUM]","[PREMIUM]","[PREMIUM]","[2]","FC","P","Main Floor","['*','*']","mobile","tm","tmqr","amazing","[PREMIUM]","[PREMIUM]","[]","2026-04-18 00:00:00","Fortune Feimster (Rescheduled from 1/31)","comedy","2026-04-19 23:00:00","5abe819cb6520e0013b736fb"
"69ab754a8316f79434ed81e3","2026-04-01 04:19:27.044","2026-04-05 19:53:25.166","69ab754a8316f79434ed81e3","68e59a333a37eb5db9dc9515","[PREMIUM]","[PREMIUM]","[PREMIUM]","[PREMIUM]","[PREMIUM]","[2]","BB","L","Balcony","['*','*']","mobile","tm","tmqr","amazing","[PREMIUM]","[PREMIUM]","[]","2026-04-18 00:00:00","Fortune Feimster (Rescheduled from 1/31)","comedy","2026-04-19 23:00:00","5abe819cb6520e0013b736fb"
"69ba7130d252ffc43417df08","2026-04-01 04:19:27.044","2026-04-07 00:02:39.810","69ba7130d252ffc43417df08","68e59a333a37eb5db9dc9515","[PREMIUM]","[PREMIUM]","[PREMIUM]","[PREMIUM]","[PREMIUM]","[2]","FB","V","Main Floor","['*','*']","mobile","tm","tmqr","super","[PREMIUM]","[PREMIUM]","[]","2026-04-18 00:00:00","Fortune Feimster (Rescheduled from 1/31)","comedy","2026-04-19 23:00:00","5abe819cb6520e0013b736fb"
"69ab754a5192b9bbfc420373","2026-04-01 04:19:27.044","2026-04-15 08:59:43.028","69ab754a5192b9bbfc420373","68e59a333a37eb5db9dc9515","[PREMIUM]","[PREMIUM]","[PREMIUM]","[PREMIUM]","[PREMIUM]","[2]","FB","Q","Main Floor","['*','*']","mobile","tm","tmqr","super","[PREMIUM]","[PREMIUM]","[]","2026-04-18 00:00:00","Fortune Feimster (Rescheduled from 1/31)","comedy","2026-04-19 23:00:00","5abe819cb6520e0013b736fb"
"69ab754b97f6eda4231bb54a","2026-04-01 04:19:27.044","2026-04-15 08:59:43.028","69ab754b97f6eda4231bb54a","68e59a333a37eb5db9dc9515","[PREMIUM]","[PREMIUM]","[PREMIUM]","[PREMIUM]","[PREMIUM]","[2]","BD","K","Balcony","['*','*']","mobile","tm","tmqr","amazing","[PREMIUM]","[PREMIUM]","[]","2026-04-18 00:00:00","Fortune Feimster (Rescheduled from 1/31)","comedy","2026-04-19 23:00:00","5abe819cb6520e0013b736fb"
"69c54d7c541869208eb0a127","2026-04-01 04:19:27.044","2026-04-13 00:41:33.324","69c54d7c541869208eb0a127","68e59a333a37eb5db9dc9515","[PREMIUM]","[PREMIUM]","[PREMIUM]","[PREMIUM]","[PREMIUM]","[2,4]","FC","V","Main Floor","['*','*','*','*']","mobile","tm","tmqr","amazing","[PREMIUM]","[PREMIUM]","[]",,"Fortune Feimster (Rescheduled from 1/31)","comedy","2026-04-19 23:00:00","5abe819cb6520e0013b736fb"
"69c6e1a453c05bd145a651ae","2026-04-01 04:19:25.977","2026-04-01 04:19:25.977","69c6e1a453c05bd145a651ae","68eeb151c748b502a50d9740","[PREMIUM]","[PREMIUM]","[PREMIUM]","[PREMIUM]","[PREMIUM]","[2]","204","A","Balcony","['*','*']","mobile","tm","tmqr",,"[PREMIUM]","[PREMIUM]","[]","2026-04-25 00:00:00","Penn and Teller (Rescheduled from 1/31)","theater","2026-04-27 00:00:00","60bfe89777d356000175a5fb"
"69cb7fb253c05bd145451034","2026-04-01 04:19:25.962","2026-04-01 04:19:25.962","69cb7fb253c05bd145451034","68afa7d43a17d236cc37490c","[PREMIUM]","[PREMIUM]","[PREMIUM]","[PREMIUM]","[PREMIUM]","[1,2]","Right","BB",,"['*','*']","electronic",,"tmqr",,"[PREMIUM]","[PREMIUM]","[]","2026-05-15 00:00:00","Craig Morgan (Rescheduled from 1/31)","music","2026-05-17 01:00:00","64d6a31124a6380001ca43b9"
"69c860429482468c1906e942","2026-04-01 04:19:25.888","2026-04-03 11:57:58.646","69c860429482468c1906e942","68bf584c5c4a8c1fe7671554","[PREMIUM]","[PREMIUM]","[PREMIUM]","[PREMIUM]","[PREMIUM]","[2]","8","C","Balcony","['*','*']","mobile","tm","tmqr",,"[PREMIUM]","[PREMIUM]","[]","2026-04-10 00:00:00","Hannah Berner (Rescheduled from 1/31/26)","comedy","2026-04-11 23:30:00","5ac6b61ff366c100132cd37a"
"69cb109253c05bd145e37f09","2026-04-01 04:19:25.888","2026-04-09 08:00:39.164","69cb109253c05bd145e37f09","68bf584c5c4a8c1fe7671554","[PREMIUM]","[PREMIUM]","[PREMIUM]","[PREMIUM]","[PREMIUM]","[2]","2","T","Orchestra","['*','*','*','*']","mobile","tm","tmqr","great","[PREMIUM]","[PREMIUM]","[]","2026-04-10 00:00:00","Hannah Berner (Rescheduled from 1/31/26)","comedy","2026-04-11 23:30:00","5ac6b61ff366c100132cd37a"
"69cc7d5353c05bd1456f64c6","2026-04-01 04:19:25.888","2026-04-05 19:53:24.153","69cc7d5353c05bd1456f64c6","68bf584c5c4a8c1fe7671554","[PREMIUM]","[PREMIUM]","[PREMIUM]","[PREMIUM]","[PREMIUM]","[1,2,3,4,5,6,7,8,9,10]","10","G","Balcony","['*','*','*','*','*','*','*','*','*','*']","mobile","tm","tmqr","amazing","[PREMIUM]","[PREMIUM]","[]","2026-04-10 00:00:00","Hannah Berner (Rescheduled from 1/31/26)","comedy","2026-04-11 23:30:00","5ac6b61ff366c100132cd37a"
"69cb14b953c05bd145bf786e","2026-04-01 04:19:25.670","2026-04-05 19:53:24.122","69cb14b953c05bd145bf786e","687468af0e6a52b48873dfdf","[PREMIUM]","[PREMIUM]","[PREMIUM]","[PREMIUM]","[PREMIUM]","[2,4]","RIGHT","P","Right","['*','*','*','*']","electronic",,"tmqr","amazing","[PREMIUM]","[PREMIUM]","[]","2026-04-10 00:00:00","Big Head Todd and the Monsters (21+ Event) (Rescheduled from 1/31)","music","2026-04-12 01:00:00","6737d93c176a2e20e05b1243"
"69cb151a53c05bd145d48d99","2026-04-01 04:19:25.670","2026-04-11 18:08:39.845","69cb151a53c05bd145d48d99","687468af0e6a52b48873dfdf","[PREMIUM]","[PREMIUM]","[PREMIUM]","[PREMIUM]","[PREMIUM]","[2,4]","CENTRE","P","Centre","['*','*','*','*']","instant",,"tmqr","amazing","[PREMIUM]","[PREMIUM]","[]",,"Big Head Todd and the Monsters (21+ Event) (Rescheduled from 1/31)","music","2026-04-12 01:00:00","6737d93c176a2e20e05b1243"
"69cb13e853c05bd14591a936","2026-04-01 04:19:25.670","2026-04-05 19:53:24.122","69cb13e853c05bd14591a936","687468af0e6a52b48873dfdf","[PREMIUM]","[PREMIUM]","[PREMIUM]","[PREMIUM]","[PREMIUM]","[2]","RIGHT","K","Right","['*','*']","electronic",,"tmqr",,"[PREMIUM]","[PREMIUM]","[]","2026-04-10 00:00:00","Big Head Todd and the Monsters (21+ Event) (Rescheduled from 1/31)","music","2026-04-12 01:00:00","6737d93c176a2e20e05b1243"
"69b82fe2f6fbc8b3549faa1a","2026-04-01 04:19:20.398","2026-04-04 16:16:15.503","69b82fe2f6fbc8b3549faa1a","68bf5e474892b9eb5fa3ca75","[PREMIUM]","[PREMIUM]","[PREMIUM]","[PREMIUM]","[PREMIUM]","[1,2]","ORCHLC","D","Orchestra","['*','*']","mobile","tm","tmqr",,"[PREMIUM]","[PREMIUM]","[]","2026-04-11 00:00:00","Hannah Berner (Rescheduled from 2/1/26)","comedy","2026-04-12 23:00:00","63c883ef96794b0001a25fa8"
"69ca412daec9753f91252a72","2026-04-01 04:19:20.398","2026-04-02 08:22:30.921","69ca412daec9753f91252a72","68bf5e474892b9eb5fa3ca75","[PREMIUM]","[PREMIUM]","[PREMIUM]","[PREMIUM]","[PREMIUM]","[2]","MEZZR","AA","Mezzanine","['*','*']","mobile","tm","tmqr",,"[PREMIUM]","[PREMIUM]","[]","2026-04-11 00:00:00","Hannah Berner (Rescheduled from 2/1/26)","comedy","2026-04-12 23:00:00","63c883ef96794b0001a25fa8"
"69cc0d2253c05bd145d8797e","2026-04-01 04:19:20.398","2026-04-03 11:57:57.188","69cc0d2253c05bd145d8797e","68bf5e474892b9eb5fa3ca75","[PREMIUM]","[PREMIUM]","[PREMIUM]","[PREMIUM]","[PREMIUM]","[2]","ORCHLC","N","Orchestra","['11','12']","mobile","tm","tmqr","super","[PREMIUM]","[PREMIUM]","[]","2026-04-12 00:00:00","Hannah Berner (Rescheduled from 2/1/26)","comedy","2026-04-12 23:00:00","63c883ef96794b0001a25fa8"
"69cc10e3087e1e66bb84441e","2026-04-01 04:19:20.398","2026-04-01 04:19:20.398","69cc10e3087e1e66bb84441e","68bf5e474892b9eb5fa3ca75","[PREMIUM]","[PREMIUM]","[PREMIUM]","[PREMIUM]","[PREMIUM]","[2]","MEZZL","FF","Mezzanine","['*','*']","mobile","tm","tmqr","amazing","[PREMIUM]","[PREMIUM]","[]","2026-04-11 00:00:00","Hannah Berner (Rescheduled from 2/1/26)","comedy","2026-04-12 23:00:00","63c883ef96794b0001a25fa8"
"68cd7dd2297da9339dbfcc76","2026-04-01 04:19:19.194","2026-04-08 03:52:07.237","68cd7dd2297da9339dbfcc76","682a26f90c0cbaecc328ad5f","[PREMIUM]","[PREMIUM]","[PREMIUM]","[PREMIUM]","[PREMIUM]","[2]","C","13","Section","['*','*']","mobile","tm","tmqr","cheapest","[PREMIUM]","[PREMIUM]","[]",,"Reading Royals at Maine Mariners (Rescheduled from 2/4)","echl","2026-04-08 23:00:00","6328a36f9461f00001a1a104"
"699311027b5eb601c68b424f","2026-04-01 04:19:19.194","2026-04-04 16:16:15.535","699311027b5eb601c68b424f","682a26f90c0cbaecc328ad5f","[PREMIUM]","[PREMIUM]","[PREMIUM]","[PREMIUM]","[PREMIUM]","[1,2,3,4,5,6,8]","C","3","Section","['1','2','3','4','5','6','7','8']","mobile","tm","tmqr","great","[PREMIUM]","[PREMIUM]","[]","2026-04-08 19:00:00","Reading Royals at Maine Mariners (Rescheduled from 2/4)","echl","2026-04-08 23:00:00","6328a36f9461f00001a1a104"
"69cba05153c05bd145fd5b39","2026-04-01 04:19:19.194","2026-04-07 00:02:32.744","69cba05153c05bd145fd5b39","682a26f90c0cbaecc328ad5f","[PREMIUM]","[PREMIUM]","[PREMIUM]","[PREMIUM]","[PREMIUM]","[2,3,4,5,6,7,8]","Y","10","Section","['*','*','*','*','*','*','*','*']","mobile","tm","tmqr",,"[PREMIUM]","[PREMIUM]","[]",,"Reading Royals at Maine Mariners (Rescheduled from 2/4)","echl","2026-04-08 23:00:00","6328a36f9461f00001a1a104"
"69cc1c3053c05bd145099d8c","2026-04-01 04:19:19.194","2026-04-02 08:22:29.691","69cc1c3053c05bd145099d8c","682a26f90c0cbaecc328ad5f","[PREMIUM]","[PREMIUM]","[PREMIUM]","[PREMIUM]","[PREMIUM]","[2,3,4]","T","17","Section","['*','*','*','*']","mobile","tm","tmqr",,"[PREMIUM]","[PREMIUM]","[]","2026-04-06 00:00:00","Reading Royals at Maine Mariners (Rescheduled from 2/4)","echl","2026-04-08 23:00:00","6328a36f9461f00001a1a104"
"69cc83f353c05bd145d732a1","2026-04-01 04:19:19.194","2026-04-01 04:19:19.194","69cc83f353c05bd145d732a1","682a26f90c0cbaecc328ad5f","[PREMIUM]","[PREMIUM]","[PREMIUM]","[PREMIUM]","[PREMIUM]","[1,2]","F","5","Section","['*','*']","mobile","tm","tmqr",,"[PREMIUM]","[PREMIUM]","[]","2026-04-07 00:00:00","Reading Royals at Maine Mariners (Rescheduled from 2/4)","echl","2026-04-08 23:00:00","6328a36f9461f00001a1a104"
"69cc83d053c05bd145cf65a5","2026-04-01 04:19:19.194","2026-04-02 08:22:29.691","69cc83d053c05bd145cf65a5","682a26f90c0cbaecc328ad5f","[PREMIUM]","[PREMIUM]","[PREMIUM]","[PREMIUM]","[PREMIUM]","[1,2]","U","4","Section","['*','*']","mobile","tm","tmqr",,"[PREMIUM]","[PREMIUM]","[]","2026-04-07 00:00:00","Reading Royals at Maine Mariners (Rescheduled from 2/4)","echl","2026-04-08 23:00:00","6328a36f9461f00001a1a104"
"69cc83f353c05bd145d7328e","2026-04-01 04:19:19.194","2026-04-07 00:02:32.744","69cc83f353c05bd145d7328e","682a26f90c0cbaecc328ad5f","[PREMIUM]","[PREMIUM]","[PREMIUM]","[PREMIUM]","[PREMIUM]","[1,2]","S","2","Section","['*','*']","mobile","tm","tmqr","great","[PREMIUM]","[PREMIUM]","[]",,"Reading Royals at Maine Mariners (Rescheduled from 2/4)","echl","2026-04-08 23:00:00","6328a36f9461f00001a1a104"
"69cc83dc53c05bd145d239db","2026-04-01 04:19:19.194","2026-04-02 08:22:29.691","69cc83dc53c05bd145d239db","682a26f90c0cbaecc328ad5f","[PREMIUM]","[PREMIUM]","[PREMIUM]","[PREMIUM]","[PREMIUM]","[1,2]","T","4","Section","['*','*']","mobile","tm","tmqr","great","[PREMIUM]","[PREMIUM]","[]","2026-04-07 00:00:00","Reading Royals at Maine Mariners (Rescheduled from 2/4)","echl","2026-04-08 23:00:00","6328a36f9461f00001a1a104"
"69cc83d553c05bd145d0b3eb","2026-04-01 04:19:19.194","2026-04-04 16:16:15.535","69cc83d553c05bd145d0b3eb","682a26f90c0cbaecc328ad5f","[PREMIUM]","[PREMIUM]","[PREMIUM]","[PREMIUM]","[PREMIUM]","[1,2,3,4]","N","4","Section","['*','*','*','*']","mobile","tm","tmqr","great","[PREMIUM]","[PREMIUM]","[]","2026-04-07 00:00:00","Reading Royals at Maine Mariners (Rescheduled from 2/4)","echl","2026-04-08 23:00:00","6328a36f9461f00001a1a104"
"69cc83d053c05bd145cf65bd","2026-04-01 04:19:19.194","2026-04-02 08:22:29.691","69cc83d053c05bd145cf65bd","682a26f90c0cbaecc328ad5f","[PREMIUM]","[PREMIUM]","[PREMIUM]","[PREMIUM]","[PREMIUM]","[1,2]","O","3","Section","['*','*']","mobile","tm","tmqr",,"[PREMIUM]","[PREMIUM]","[]","2026-04-07 00:00:00","Reading Royals at Maine Mariners (Rescheduled from 2/4)","echl","2026-04-08 23:00:00","6328a36f9461f00001a1a104"
"69cc83f653c05bd145d7e64e","2026-04-01 04:19:19.194","2026-04-07 00:02:32.744","69cc83f653c05bd145d7e64e","682a26f90c0cbaecc328ad5f","[PREMIUM]","[PREMIUM]","[PREMIUM]","[PREMIUM]","[PREMIUM]","[1,2,4]","Q","5","Section","['*','*','*','*']","mobile","tm","tmqr","great","[PREMIUM]","[PREMIUM]","[]",,"Reading Royals at Maine Mariners (Rescheduled from 2/4)","echl","2026-04-08 23:00:00","6328a36f9461f00001a1a104"
"69cc83d553c05bd145d0b3a9","2026-04-01 04:19:19.194","2026-04-04 16:16:15.535","69cc83d553c05bd145d0b3a9","682a26f90c0cbaecc328ad5f","[PREMIUM]","[PREMIUM]","[PREMIUM]","[PREMIUM]","[PREMIUM]","[1,2,3,4,5,6]","G","17","Section","['*','*','*','*','*','*']","mobile","tm","tmqr",,"[PREMIUM]","[PREMIUM]","[]","2026-04-07 00:00:00","Reading Royals at Maine Mariners (Rescheduled from 2/4)","echl","2026-04-08 23:00:00","6328a36f9461f00001a1a104"
"69cc83d653c05bd145d0b465","2026-04-01 04:19:19.194","2026-04-03 11:57:55.598","69cc83d653c05bd145d0b465","682a26f90c0cbaecc328ad5f","[PREMIUM]","[PREMIUM]","[PREMIUM]","[PREMIUM]","[PREMIUM]","[1,2]","V","4","Section","['*','*']","mobile","tm","tmqr",,"[PREMIUM]","[PREMIUM]","[]","2026-04-07 00:00:00","Reading Royals at Maine Mariners (Rescheduled from 2/4)","echl","2026-04-08 23:00:00","6328a36f9461f00001a1a104"
"69cc2b7253c05bd1454ee2ca","2026-04-01 04:19:17.690","2026-04-02 08:22:28.296","69cc2b7253c05bd1454ee2ca","686b4e4e4229f0384af5e83b","[PREMIUM]","[PREMIUM]","[PREMIUM]","[PREMIUM]","[PREMIUM]","[1,2,3,4]","MEZZL","F","Mezzanine Left","['*','*','*','*']","electronic",,"tmqr","amazing","[PREMIUM]","[PREMIUM]","[]","2026-04-16 00:00:00","Fortune Feimster (Rescheduled From 9/18/2025, 2/5)","comedy","2026-04-18 02:30:00","67745f2f97fb308723d1f374"
"69cc294953c05bd145de0a34","2026-04-01 04:19:17.690","2026-04-14 04:36:41.480","69cc294953c05bd145de0a34","686b4e4e4229f0384af5e83b","[PREMIUM]","[PREMIUM]","[PREMIUM]","[PREMIUM]","[PREMIUM]","[1,2,3,4]","BALCL","DD","Balcony Left","['*','*','*','*']","electronic",,"tmqr","cheapest","[PREMIUM]","[PREMIUM]","[]","2026-04-16 00:00:00","Fortune Feimster (Rescheduled From 9/18/2025, 2/5)","comedy","2026-04-18 02:30:00","67745f2f97fb308723d1f374"
"69c67e4153c05bd145d7edb0","2026-04-01 04:19:16.407","2026-04-09 08:00:35.604","69c67e4153c05bd145d7edb0","68cdbb52ed7921ced2218226","[PREMIUM]","[PREMIUM]","[PREMIUM]","[PREMIUM]","[PREMIUM]","[1,2,3,4,5,6]","213","11","Upper","['*','*','*','*','*','*']","mobile","paciolan","tmqr","great","[PREMIUM]","[PREMIUM]","[]",,"Parker McCollum (Rescheduled from 2/5)","music","2026-04-10 00:30:00","581800facde6626ebe228a91"
"69c9def19482468c19076d76","2026-04-01 04:19:16.407","2026-04-08 03:52:05.633","69c9def19482468c19076d76","68cdbb52ed7921ced2218226","[PREMIUM]","[PREMIUM]","[PREMIUM]","[PREMIUM]","[PREMIUM]","[2]","103","11","Middle","['*','*']","mobile","paciolan","tmqr","super","[PREMIUM]","[PREMIUM]","[]","2026-04-08 19:30:00","Parker McCollum (Rescheduled from 2/5)","music","2026-04-10 00:30:00","581800facde6626ebe228a91"
"69cb0ba57896602fcd0184be","2026-04-01 04:19:16.407","2026-04-08 03:52:05.633","69cb0ba57896602fcd0184be","68cdbb52ed7921ced2218226","[PREMIUM]","[PREMIUM]","[PREMIUM]","[PREMIUM]","[PREMIUM]","[2]","210","4","Upper","['*','*']","mobile","paciolan","tmqr",,"[PREMIUM]","[PREMIUM]","[]","2026-04-08 19:30:00","Parker McCollum (Rescheduled from 2/5)","music","2026-04-10 00:30:00","581800facde6626ebe228a91"
"69cc187fa31e4e86395bd043","2026-04-01 04:19:16.407","2026-04-09 08:00:35.604","69cc187fa31e4e86395bd043","68cdbb52ed7921ced2218226","[PREMIUM]","[PREMIUM]","[PREMIUM]","[PREMIUM]","[PREMIUM]","[1,2,4]","8","LL","Lower","['*','*','*','*']","mobile","paciolan","tmqr","great","[PREMIUM]","[PREMIUM]","[]",,"Parker McCollum (Rescheduled from 2/5)","music","2026-04-10 00:30:00","581800facde6626ebe228a91"
"69cc23c4822e4da38bda12e7","2026-04-01 04:19:16.407","2026-04-04 16:16:11.866","69cc23c4822e4da38bda12e7","68cdbb52ed7921ced2218226","[PREMIUM]","[PREMIUM]","[PREMIUM]","[PREMIUM]","[PREMIUM]","[2]","111","X","Middle","['*','*']","mobile","paciolan","tmqr",,"[PREMIUM]","[PREMIUM]","[]","2026-04-08 19:30:00","Parker McCollum (Rescheduled from 2/5)","music","2026-04-10 00:30:00","581800facde6626ebe228a91"
"69cc4c954b0b83b8fcb03b3d","2026-04-01 04:19:16.407","2026-04-08 03:52:05.633","69cc4c954b0b83b8fcb03b3d","68cdbb52ed7921ced2218226","[PREMIUM]","[PREMIUM]","[PREMIUM]","[PREMIUM]","[PREMIUM]","[2]","110","U","Middle","['*','*']","mobile","paciolan","tmqr",,"[PREMIUM]","[PREMIUM]","[]","2026-04-08 19:30:00","Parker McCollum (Rescheduled from 2/5)","music","2026-04-10 00:30:00","581800facde6626ebe228a91"
"69cc68b642b316195df4d6e5","2026-04-01 04:19:16.407","2026-04-02 08:22:27.217","69cc68b642b316195df4d6e5","68cdbb52ed7921ced2218226","[PREMIUM]","[PREMIUM]","[PREMIUM]","[PREMIUM]","[PREMIUM]","[2]","PIT","GA","Pit","['*','*']","mobile","paciolan","tmqr","great","[PREMIUM]","[PREMIUM]","[]","2026-04-08 19:30:00","Parker McCollum (Rescheduled from 2/5)","music","2026-04-10 00:30:00","581800facde6626ebe228a91"
"69cc7c660fda9a4a6de856a4","2026-04-01 04:19:16.407","2026-04-03 11:57:54.061","69cc7c660fda9a4a6de856a4","68cdbb52ed7921ced2218226","[PREMIUM]","[PREMIUM]","[PREMIUM]","[PREMIUM]","[PREMIUM]","[1,2,4]","113","S","Middle","['*','*','*','*']","mobile","paciolan","tmqr","great","[PREMIUM]","[PREMIUM]","[]","2026-04-08 19:30:00","Parker McCollum (Rescheduled from 2/5)","music","2026-04-10 00:30:00","581800facde6626ebe228a91"
"69842bd580822b968bb89e72","2026-04-01 04:19:13.319","2026-04-14 04:36:38.966","69842bd580822b968bb89e72","681a543b23a083cbdd33632f","[PREMIUM]","[PREMIUM]","[PREMIUM]","[PREMIUM]","[PREMIUM]","[2]","107","DD","Main Floor","['*','*']","mobile","tm","tmqr",,"[PREMIUM]","[PREMIUM]","[]","2026-04-15 00:00:00","Pandora (Rescheduled from 2/06)","music","2026-04-17 01:00:00","578ff79bf80c413be08cd602"
"69b3023bf6fbc8b354839eb4","2026-04-01 04:19:13.319","2026-04-05 19:53:18.226","69b3023bf6fbc8b354839eb4","681a543b23a083cbdd33632f","[PREMIUM]","[PREMIUM]","[PREMIUM]","[PREMIUM]","[PREMIUM]","[1,2,3]","204","C","Balcony","['*','*','*']","mobile","tm","tmqr",,"[PREMIUM]","[PREMIUM]","[]","2026-04-16 00:00:00","Pandora (Rescheduled from 2/06)","music","2026-04-17 01:00:00","578ff79bf80c413be08cd602"
"69c8f89153c05bd145a31b07","2026-04-01 04:19:13.319","2026-04-01 04:19:13.319","69c8f89153c05bd145a31b07","681a543b23a083cbdd33632f","[PREMIUM]","[PREMIUM]","[PREMIUM]","[PREMIUM]","[PREMIUM]","[2]","112","CC","Main Floor","['*','*']","mobile","tm","tmqr",,"[PREMIUM]","[PREMIUM]","[]","2026-04-16 00:00:00","Pandora (Rescheduled from 2/06)","music","2026-04-17 01:00:00","578ff79bf80c413be08cd602"
"69cba29ba31e4e86395b79e6","2026-04-01 04:19:13.319","2026-04-01 04:19:13.319","69cba29ba31e4e86395b79e6","681a543b23a083cbdd33632f","[PREMIUM]","[PREMIUM]","[PREMIUM]","[PREMIUM]","[PREMIUM]","[2]","210","M","Balcony","['*','*']","mobile","tm","tmqr","amazing","[PREMIUM]","[PREMIUM]","[]","2026-04-15 00:00:00","Pandora (Rescheduled from 2/06)","music","2026-04-17 01:00:00","578ff79bf80c413be08cd602"
"69cba2a22f38022449b26bef","2026-04-01 04:19:13.319","2026-04-01 04:19:13.319","69cba2a22f38022449b26bef","681a543b23a083cbdd33632f","[PREMIUM]","[PREMIUM]","[PREMIUM]","[PREMIUM]","[PREMIUM]","[1,2,3,4]","108","S","Main Floor","['*','*','*','*']","mobile","tm","tmqr",,"[PREMIUM]","[PREMIUM]","[]","2026-04-15 00:00:00","Pandora (Rescheduled from 2/06)","music","2026-04-17 01:00:00","578ff79bf80c413be08cd602"
"69cc652ca3f26d769bec7b7e","2026-04-01 04:19:13.319","2026-04-01 04:19:13.319","69cc652ca3f26d769bec7b7e","681a543b23a083cbdd33632f","[PREMIUM]","[PREMIUM]","[PREMIUM]","[PREMIUM]","[PREMIUM]","[1,2,3,4]","112","U","Main Floor","['*','*','*','*']","mobile","tm","tmqr","great","[PREMIUM]","[PREMIUM]","[]","2026-04-15 00:00:00","Pandora (Rescheduled from 2/06)","music","2026-04-17 01:00:00","578ff79bf80c413be08cd602"
"69cc652cc9f10379aa3e3b93","2026-04-01 04:19:13.319","2026-04-01 04:19:13.319","69cc652cc9f10379aa3e3b93","681a543b23a083cbdd33632f","[PREMIUM]","[PREMIUM]","[PREMIUM]","[PREMIUM]","[PREMIUM]","[2]","203","Q","Balcony","['*','*']","mobile","tm","tmqr",,"[PREMIUM]","[PREMIUM]","[]","2026-04-15 00:00:00","Pandora (Rescheduled from 2/06)","music","2026-04-17 01:00:00","578ff79bf80c413be08cd602"
"69cc868753c05bd1455a881b","2026-04-01 04:19:13.319","2026-04-01 04:19:13.319","69cc868753c05bd1455a881b","681a543b23a083cbdd33632f","[PREMIUM]","[PREMIUM]","[PREMIUM]","[PREMIUM]","[PREMIUM]","[2]","209","E","Balcony","['*','*']","mobile","tm","tmqr","amazing","[PREMIUM]","[PREMIUM]","[]","2026-04-15 00:00:00","Pandora (Rescheduled from 2/06)","music","2026-04-17 01:00:00","578ff79bf80c413be08cd602"
"69cc839153c05bd145c2d120","2026-04-01 04:19:13.319","2026-04-05 19:53:18.226","69cc839153c05bd145c2d120","681a543b23a083cbdd33632f","[PREMIUM]","[PREMIUM]","[PREMIUM]","[PREMIUM]","[PREMIUM]","[2]","205","D","Balcony","['*','*']","mobile","tm","tmqr",,"[PREMIUM]","[PREMIUM]","[]","2026-04-16 00:00:00","Pandora (Rescheduled from 2/06)","music","2026-04-17 01:00:00","578ff79bf80c413be08cd602"
"69cc9b7653c05bd14551d2ba","2026-04-01 04:19:13.319","2026-04-01 04:19:13.319","69cc9b7653c05bd14551d2ba","681a543b23a083cbdd33632f","[PREMIUM]","[PREMIUM]","[PREMIUM]","[PREMIUM]","[PREMIUM]","[2]","203","E","Balcony","['*','*']","mobile","tm","tmqr","great","[PREMIUM]","[PREMIUM]","[]","2026-04-15 00:00:00","Pandora (Rescheduled from 2/06)","music","2026-04-17 01:00:00","578ff79bf80c413be08cd602"
"69cc98f53e7041e987efdc2c","2026-04-01 04:19:13.319","2026-04-01 04:19:13.319","69cc98f53e7041e987efdc2c","681a543b23a083cbdd33632f","[PREMIUM]","[PREMIUM]","[PREMIUM]","[PREMIUM]","[PREMIUM]","[2,4]","204","L","Balcony","['*','*','*','*']","mobile","tm","tmqr",,"[PREMIUM]","[PREMIUM]","[]","2026-04-15 00:00:00","Pandora (Rescheduled from 2/06)","music","2026-04-17 01:00:00","578ff79bf80c413be08cd602"
"69cc98f642b316195df4eeab","2026-04-01 04:19:13.319","2026-04-01 04:19:13.319","69cc98f642b316195df4eeab","681a543b23a083cbdd33632f","[PREMIUM]","[PREMIUM]","[PREMIUM]","[PREMIUM]","[PREMIUM]","[2,4]","112","N","Main Floor","['*','*','*','*']","mobile","tm","tmqr",,"[PREMIUM]","[PREMIUM]","[]","2026-04-15 00:00:00","Pandora (Rescheduled from 2/06)","music","2026-04-17 01:00:00","578ff79bf80c413be08cd602"
"69ba0ed6f6fbc8b354e12f42","2026-04-01 04:19:12.457","2026-04-01 04:19:12.457","69ba0ed6f6fbc8b354e12f42","68fff3e8351b52d5aacb5a85","[PREMIUM]","[PREMIUM]","[PREMIUM]","[PREMIUM]","[PREMIUM]","[1,2,3]","100","J","Section","['*','*','*']","mobile","tm","tmqr","great","[PREMIUM]","[PREMIUM]","[]","2026-06-12 00:00:00","Pancho Barraza (Rescheduled from 2/6)","music","2026-06-13 03:00:00","61c0f91cb3f6ff0001e8a49d"
"69cbc9808efc559840bf6c20","2026-04-01 04:19:12.457","2026-04-01 04:19:12.457","69cbc9808efc559840bf6c20","68fff3e8351b52d5aacb5a85","[PREMIUM]","[PREMIUM]","[PREMIUM]","[PREMIUM]","[PREMIUM]","[1,2]","201","CC","Section","['*','*']","mobile","tm","tmqr","great","[PREMIUM]","[PREMIUM]","[]","2026-06-11 00:00:00","Pancho Barraza (Rescheduled from 2/6)","music","2026-06-13 03:00:00","61c0f91cb3f6ff0001e8a49d"
"69cc678553c05bd145b22b2c","2026-04-01 04:19:12.457","2026-04-07 00:02:28.889","69cc678553c05bd145b22b2c","68fff3e8351b52d5aacb5a85","[PREMIUM]","[PREMIUM]","[PREMIUM]","[PREMIUM]","[PREMIUM]","[2]","300","J","Section","['*','*']","mobile","tm","tmqr","great","[PREMIUM]","[PREMIUM]","[]","2026-06-12 00:00:00","Pancho Barraza (Rescheduled from 2/6)","music","2026-06-13 03:00:00","61c0f91cb3f6ff0001e8a49d"
"69cbf98153c05bd145a6e610","2026-04-01 04:19:10.615","2026-04-09 08:00:33.187","69cbf98153c05bd145a6e610","685303235bc0fdfdd89a6144","[PREMIUM]","[PREMIUM]","[PREMIUM]","[PREMIUM]","[PREMIUM]","[1,2,3,4,5,6]","F","4","Lower Balcony","['*','*','*','*','*','*']","mobile","tm","tmqr","amazing","[PREMIUM]","[PREMIUM]","[]","2026-05-01 00:00:00","Tom Green (Rescheduled from 2/7)","comedy","2026-05-02 00:00:00","5af9d49c06c4c400135e16bc"
"6822907f15918f422ac46070","2026-04-01 04:19:09.244","2026-04-09 08:00:30.928","6822907f15918f422ac46070","681ba9e76b5b254595c86e55","[PREMIUM]","[PREMIUM]","[PREMIUM]","[PREMIUM]","[PREMIUM]","[1,2,3,5]","201","BB","Lower Level","['*','*','*','*','*']","mobile","axs","tmqr",,"[PREMIUM]","[PREMIUM]","[]","2026-04-17 00:00:00","Pandora and Flans (Rescheduled from 2/12)","music","2026-04-20 01:00:00","57a4e75cf80c417f4e9c45cd"
"69b3834ff6fbc8b3546f60af","2026-04-01 04:19:09.244","2026-04-01 04:19:09.244","69b3834ff6fbc8b3546f60af","681ba9e76b5b254595c86e55","[PREMIUM]","[PREMIUM]","[PREMIUM]","[PREMIUM]","[PREMIUM]","[1,2,3,4]","201","PP","Lower Level","['*','*','*','*']","mobile","axs","tmqr",,"[PREMIUM]","[PREMIUM]","[]","2026-04-18 00:00:00","Pandora and Flans (Rescheduled from 2/12)","music","2026-04-20 01:00:00","57a4e75cf80c417f4e9c45cd"
"69b82c09f6fbc8b354be5967","2026-04-01 04:19:09.244","2026-04-04 16:16:04.847","69b82c09f6fbc8b354be5967","681ba9e76b5b254595c86e55","[PREMIUM]","[PREMIUM]","[PREMIUM]","[PREMIUM]","[PREMIUM]","[1,2,3,5]","207","DD","Lower Level","['*','*','*','*','*']","mobile","axs","tmqr",,"[PREMIUM]","[PREMIUM]","[]","2026-04-17 00:00:00","Pandora and Flans (Rescheduled from 2/12)","music","2026-04-20 01:00:00","57a4e75cf80c417f4e9c45cd"
"69c56ab053c05bd145de4c51","2026-04-01 04:19:09.244","2026-04-03 11:57:47.271","69c56ab053c05bd145de4c51","681ba9e76b5b254595c86e55","[PREMIUM]","[PREMIUM]","[PREMIUM]","[PREMIUM]","[PREMIUM]","[2,4]","204","FF","Lower Level","['*','*','*','*']","mobile","axs","tmqr","amazing","[PREMIUM]","[PREMIUM]","[]","2026-04-17 00:00:00","Pandora and Flans (Rescheduled from 2/12)","music","2026-04-20 01:00:00","57a4e75cf80c417f4e9c45cd"
"69cbef3e53c05bd14551cec9","2026-04-01 04:19:09.244","2026-04-04 16:16:04.847","69cbef3e53c05bd14551cec9","681ba9e76b5b254595c86e55","[PREMIUM]","[PREMIUM]","[PREMIUM]","[PREMIUM]","[PREMIUM]","[2,3]","207","MM","Lower Level","['*','*','*']","mobile","axs","tmqr","great","[PREMIUM]","[PREMIUM]","[]","2026-04-18 00:00:00","Pandora and Flans (Rescheduled from 2/12)","music","2026-04-20 01:00:00","57a4e75cf80c417f4e9c45cd"
"69cc1bca53c05bd145f73d8a","2026-04-01 04:19:09.244","2026-04-15 08:59:33.987","69cc1bca53c05bd145f73d8a","681ba9e76b5b254595c86e55","[PREMIUM]","[PREMIUM]","[PREMIUM]","[PREMIUM]","[PREMIUM]","[2]","202","AA","Lower Level","['13','14']","mobile","axs","tmqr",,"[PREMIUM]","[PREMIUM]","[]","2026-04-18 00:00:00","Pandora and Flans (Rescheduled from 2/12)","music","2026-04-20 01:00:00","57a4e75cf80c417f4e9c45cd"
"69c6e60653c05bd1458d9565","2026-04-01 04:19:08.864","2026-04-15 08:59:32.252","69c6e60653c05bd1458d9565","6913d3327feddb20fde0e35e","[PREMIUM]","[PREMIUM]","[PREMIUM]","[PREMIUM]","[PREMIUM]","[2]","104","E","Lower","['*','*']","mobile","tm","tmqr",,"[PREMIUM]","[PREMIUM]","[]","2026-05-31 00:00:00","The Queens : Chaka Khan, Patti LaBelle, Gladys Knight & Stephanie Mills (Rescheduled from 2/12/26)","music","2026-06-01 00:00:00","56e1e5d9f80c416f7e000001"
"69cb082b53c05bd1453970e7","2026-04-01 04:19:08.864","2026-04-05 19:53:15.545","69cb082b53c05bd1453970e7","6913d3327feddb20fde0e35e","[PREMIUM]","[PREMIUM]","[PREMIUM]","[PREMIUM]","[PREMIUM]","[1,2,3]","108","R","Lower","['*','*','*']","mobile","tm","tmqr",,"[PREMIUM]","[PREMIUM]","[]","2026-05-31 00:00:00","The Queens : Chaka Khan, Patti LaBelle, Gladys Knight & Stephanie Mills (Rescheduled from 2/12/26)","music","2026-06-01 00:00:00","56e1e5d9f80c416f7e000001"
"69cb532853c05bd145e0743b","2026-04-01 04:19:08.864","2026-04-02 08:22:21.672","69cb532853c05bd145e0743b","6913d3327feddb20fde0e35e","[PREMIUM]","[PREMIUM]","[PREMIUM]","[PREMIUM]","[PREMIUM]","[2]","110","F","Lower","['*','*']","mobile","tm","tmqr",,"[PREMIUM]","[PREMIUM]","[]","2026-05-31 00:00:00","The Queens : Chaka Khan, Patti LaBelle, Gladys Knight & Stephanie Mills (Rescheduled from 2/12/26)","music","2026-06-01 00:00:00","56e1e5d9f80c416f7e000001"
"69cb31f053c05bd14500d81c","2026-04-01 04:19:08.864","2026-04-01 04:19:08.864","69cb31f053c05bd14500d81c","6913d3327feddb20fde0e35e","[PREMIUM]","[PREMIUM]","[PREMIUM]","[PREMIUM]","[PREMIUM]","[2]","104","L","Lower","['*','*']","mobile","tm","tmqr","great","[PREMIUM]","[PREMIUM]","[]","2026-05-30 00:00:00","The Queens : Chaka Khan, Patti LaBelle, Gladys Knight & Stephanie Mills (Rescheduled from 2/12/26)","music","2026-06-01 00:00:00","56e1e5d9f80c416f7e000001"
"69cba02553c05bd145f6e491","2026-04-01 04:19:08.864","2026-04-01 04:19:08.864","69cba02553c05bd145f6e491","6913d3327feddb20fde0e35e","[PREMIUM]","[PREMIUM]","[PREMIUM]","[PREMIUM]","[PREMIUM]","[2,3,4,5,6,7,8]","114","T","Lower","['*','*','*','*','*','*','*','*']","mobile","tm","tmqr",,"[PREMIUM]","[PREMIUM]","[]","2026-05-29 00:00:00","The Queens : Chaka Khan, Patti LaBelle, Gladys Knight & Stephanie Mills (Rescheduled from 2/12/26)","music","2026-06-01 00:00:00","56e1e5d9f80c416f7e000001"
"69cba03853c05bd145f94c40","2026-04-01 04:19:08.864","2026-04-01 04:19:08.864","69cba03853c05bd145f94c40","6913d3327feddb20fde0e35e","[PREMIUM]","[PREMIUM]","[PREMIUM]","[PREMIUM]","[PREMIUM]","[2,3,4,5,6,7,8]","110","Z","Lower","['*','*','*','*','*','*','*','*']","mobile","tm","tmqr",,"[PREMIUM]","[PREMIUM]","[]","2026-05-29 00:00:00","The Queens : Chaka Khan, Patti LaBelle, Gladys Knight & Stephanie Mills (Rescheduled from 2/12/26)","music","2026-06-01 00:00:00","56e1e5d9f80c416f7e000001"
"69cbe79b53c05bd145c5e971","2026-04-01 04:19:08.864","2026-04-01 04:19:08.864","69cbe79b53c05bd145c5e971","6913d3327feddb20fde0e35e","[PREMIUM]","[PREMIUM]","[PREMIUM]","[PREMIUM]","[PREMIUM]","[1,2,3]","109","X","Lower","['*','*','*']","mobile","tm","tmqr","amazing","[PREMIUM]","[PREMIUM]","[]","2026-05-30 00:00:00","The Queens : Chaka Khan, Patti LaBelle, Gladys Knight & Stephanie Mills (Rescheduled from 2/12/26)","music","2026-06-01 00:00:00","56e1e5d9f80c416f7e000001"
"69cbe56653c05bd1454af621","2026-04-01 04:19:08.864","2026-04-04 16:16:04.749","69cbe56653c05bd1454af621","6913d3327feddb20fde0e35e","[PREMIUM]","[PREMIUM]","[PREMIUM]","[PREMIUM]","[PREMIUM]","[2]","109","F","Lower","['*','*']","mobile","tm","tmqr",,"[PREMIUM]","[PREMIUM]","[]","2026-05-31 00:00:00","The Queens : Chaka Khan, Patti LaBelle, Gladys Knight & Stephanie Mills (Rescheduled from 2/12/26)","music","2026-06-01 00:00:00","56e1e5d9f80c416f7e000001"
"69cc77df53c05bd14545ba37","2026-04-01 04:19:08.864","2026-04-01 04:19:08.864","69cc77df53c05bd14545ba37","6913d3327feddb20fde0e35e","[PREMIUM]","[PREMIUM]","[PREMIUM]","[PREMIUM]","[PREMIUM]","[1,2,3,4]","3","12","Floor","['*','*','*','*']","mobile","tm","tmqr","amazing","[PREMIUM]","[PREMIUM]","[]","2026-05-30 00:00:00","The Queens : Chaka Khan, Patti LaBelle, Gladys Knight & Stephanie Mills (Rescheduled from 2/12/26)","music","2026-06-01 00:00:00","56e1e5d9f80c416f7e000001"
"69cc833453c05bd145aebfda","2026-04-01 04:19:08.864","2026-04-01 04:19:08.864","69cc833453c05bd145aebfda","6913d3327feddb20fde0e35e","[PREMIUM]","[PREMIUM]","[PREMIUM]","[PREMIUM]","[PREMIUM]","[1,2]","106","N","Lower","['*','*']","mobile","tm","tmqr","amazing","[PREMIUM]","[PREMIUM]","[]","2026-05-30 00:00:00","The Queens : Chaka Khan, Patti LaBelle, Gladys Knight & Stephanie Mills (Rescheduled from 2/12/26)","music","2026-06-01 00:00:00","56e1e5d9f80c416f7e000001"
"69cc813253c05bd145429122","2026-04-01 04:19:07.507","2026-04-01 04:19:07.507","69cc813253c05bd145429122","6913dc2a3aee4d815dbbed6f","[PREMIUM]","[PREMIUM]","[PREMIUM]","[PREMIUM]","[PREMIUM]","[1,2,3]","FLR5","C","Floor","['*','*','*']","mobile","tm","tmqr",,"[PREMIUM]","[PREMIUM]","[]","2026-05-29 00:00:00","The Queens - Khan, LaBelle, Knight, and Mills (Rescheduled from 2/13)","music","2026-05-31 00:00:00","54514cfd3bf3760d30000001"
"69cc80fd53c05bd14536c57d","2026-04-01 04:19:07.507","2026-04-01 04:19:07.507","69cc80fd53c05bd14536c57d","6913dc2a3aee4d815dbbed6f","[PREMIUM]","[PREMIUM]","[PREMIUM]","[PREMIUM]","[PREMIUM]","[1,2,3]","FLR1","P","Floor","['*','*','*']","mobile","tm","tmqr","great","[PREMIUM]","[PREMIUM]","[]","2026-05-29 00:00:00","The Queens - Khan, LaBelle, Knight, and Mills (Rescheduled from 2/13)","music","2026-05-31 00:00:00","54514cfd3bf3760d30000001"
"69cc812953c05bd14540b494","2026-04-01 04:19:07.507","2026-04-01 04:19:07.507","69cc812953c05bd14540b494","6913dc2a3aee4d815dbbed6f","[PREMIUM]","[PREMIUM]","[PREMIUM]","[PREMIUM]","[PREMIUM]","[1,2,3,4,5,6]","102","M","Lower","['*','*','*','*','*','*']","mobile","tm","tmqr",,"[PREMIUM]","[PREMIUM]","[]","2026-05-29 00:00:00","The Queens - Khan, LaBelle, Knight, and Mills (Rescheduled from 2/13)","music","2026-05-31 00:00:00","54514cfd3bf3760d30000001"
"69cc812653c05bd145401d88","2026-04-01 04:19:07.507","2026-04-03 11:57:45.952","69cc812653c05bd145401d88","6913dc2a3aee4d815dbbed6f","[PREMIUM]","[PREMIUM]","[PREMIUM]","[PREMIUM]","[PREMIUM]","[1,2,3]","FLR2","U","Floor","['*','*','*']","mobile","tm","tmqr",,"[PREMIUM]","[PREMIUM]","[]","2026-05-29 00:00:00","The Queens - Khan, LaBelle, Knight, and Mills (Rescheduled from 2/13)","music","2026-05-31 00:00:00","54514cfd3bf3760d30000001"
"69cc812653c05bd145401d47","2026-04-01 04:19:07.507","2026-04-04 16:16:01.974","69cc812653c05bd145401d47","6913dc2a3aee4d815dbbed6f","[PREMIUM]","[PREMIUM]","[PREMIUM]","[PREMIUM]","[PREMIUM]","[1,2,3,4,5,6]","FLR4","D","Floor","['*','*','*','*','*','*']","mobile","tm","tmqr","great","[PREMIUM]","[PREMIUM]","[]","2026-05-29 00:00:00","The Queens - Khan, LaBelle, Knight, and Mills (Rescheduled from 2/13)","music","2026-05-31 00:00:00","54514cfd3bf3760d30000001"
"69cc812653c05bd145401d21","2026-04-01 04:19:07.507","2026-04-11 18:08:23.772","69cc812653c05bd145401d21","6913dc2a3aee4d815dbbed6f","[PREMIUM]","[PREMIUM]","[PREMIUM]","[PREMIUM]","[PREMIUM]","[1,2]","201","F","Upper","['*','*']","mobile","tm","tmqr","amazing","[PREMIUM]","[PREMIUM]","[]","2026-05-29 00:00:00","The Queens - Khan, LaBelle, Knight, and Mills (Rescheduled from 2/13)","music","2026-05-31 00:00:00","54514cfd3bf3760d30000001"
"69cc812053c05bd1453ea505","2026-04-01 04:19:07.507","2026-04-04 16:16:01.974","69cc812053c05bd1453ea505","6913dc2a3aee4d815dbbed6f","[PREMIUM]","[PREMIUM]","[PREMIUM]","[PREMIUM]","[PREMIUM]","[1,2,3,4,5,6,7,8]","116","I","Lower","['*','*','*','*','*','*','*','*']","mobile","tm","tmqr","great","[PREMIUM]","[PREMIUM]","[]","2026-05-29 00:00:00","The Queens - Khan, LaBelle, Knight, and Mills (Rescheduled from 2/13)","music","2026-05-31 00:00:00","54514cfd3bf3760d30000001"
"69cc80f753c05bd14535449a","2026-04-01 04:19:07.507","2026-04-04 16:16:01.974","69cc80f753c05bd14535449a","6913dc2a3aee4d815dbbed6f","[PREMIUM]","[PREMIUM]","[PREMIUM]","[PREMIUM]","[PREMIUM]","[1,2,3,4,5,6]","117","N","Lower","['*','*','*','*','*','*']","mobile","tm","tmqr",,"[PREMIUM]","[PREMIUM]","[]","2026-05-29 00:00:00","The Queens - Khan, LaBelle, Knight, and Mills (Rescheduled from 2/13)","music","2026-05-31 00:00:00","54514cfd3bf3760d30000001"
"69cc80f453c05bd145348025","2026-04-01 04:19:07.507","2026-04-02 08:22:20.149","69cc80f453c05bd145348025","6913dc2a3aee4d815dbbed6f","[PREMIUM]","[PREMIUM]","[PREMIUM]","[PREMIUM]","[PREMIUM]","[1,2,3,4,5,6]","104","B","Lower","['*','*','*','*','*','*']","mobile","tm","tmqr","amazing","[PREMIUM]","[PREMIUM]","[]","2026-05-29 00:00:00","The Queens - Khan, LaBelle, Knight, and Mills (Rescheduled from 2/13)","music","2026-05-31 00:00:00","54514cfd3bf3760d30000001"
"69cc869353c05bd1455ca51d","2026-04-01 04:19:07.507","2026-04-10 12:23:10.405","69cc869353c05bd1455ca51d","6913dc2a3aee4d815dbbed6f","[PREMIUM]","[PREMIUM]","[PREMIUM]","[PREMIUM]","[PREMIUM]","[1,2,3,4,5,6]","FLR3","P","Floor","['*','*','*','*','*','*']","mobile","tm","tmqr","great","[PREMIUM]","[PREMIUM]","[]","2026-05-29 00:00:00","The Queens - Khan, LaBelle, Knight, and Mills (Rescheduled from 2/13)","music","2026-05-31 00:00:00","54514cfd3bf3760d30000001"
"69cc810753c05bd145392257","2026-04-01 04:19:07.507","2026-04-03 11:57:45.952","69cc810753c05bd145392257","6913dc2a3aee4d815dbbed6f","[PREMIUM]","[PREMIUM]","[PREMIUM]","[PREMIUM]","[PREMIUM]","[1,2,3]","101","O","Lower","['*','*','*']","mobile","tm","tmqr","great","[PREMIUM]","[PREMIUM]","[]","2026-05-29 00:00:00","The Queens - Khan, LaBelle, Knight, and Mills (Rescheduled from 2/13)","music","2026-05-31 00:00:00","54514cfd3bf3760d30000001"
"69cc810753c05bd14539223f","2026-04-01 04:19:07.507","2026-04-03 11:57:45.952","69cc810753c05bd14539223f","6913dc2a3aee4d815dbbed6f","[PREMIUM]","[PREMIUM]","[PREMIUM]","[PREMIUM]","[PREMIUM]","[1,2,3,5]","118","N","Lower","['*','*','*','*','*']","mobile","tm","tmqr","great","[PREMIUM]","[PREMIUM]","[]","2026-05-29 00:00:00","The Queens - Khan, LaBelle, Knight, and Mills (Rescheduled from 2/13)","music","2026-05-31 00:00:00","54514cfd3bf3760d30000001"
"69cc812f53c05bd145421119","2026-04-01 04:19:07.507","2026-04-04 16:16:01.974","69cc812f53c05bd145421119","6913dc2a3aee4d815dbbed6f","[PREMIUM]","[PREMIUM]","[PREMIUM]","[PREMIUM]","[PREMIUM]","[1,2,3,4,5,6,7,8]","103","H","Lower","['*','*','*','*','*','*','*','*']","mobile","tm","tmqr",,"[PREMIUM]","[PREMIUM]","[]","2026-05-29 00:00:00","The Queens - Khan, LaBelle, Knight, and Mills (Rescheduled from 2/13)","music","2026-05-31 00:00:00","54514cfd3bf3760d30000001"
"69cc812c53c05bd1454153ed","2026-04-01 04:19:07.507","2026-04-15 08:59:32.205","69cc812c53c05bd1454153ed","6913dc2a3aee4d815dbbed6f","[PREMIUM]","[PREMIUM]","[PREMIUM]","[PREMIUM]","[PREMIUM]","[1,2,3,4,5,6]","FLR6","D","Floor","['*','*','*','*','*','*']","mobile","tm","tmqr",,"[PREMIUM]","[PREMIUM]","[]","2026-05-29 00:00:00","The Queens - Khan, LaBelle, Knight, and Mills (Rescheduled from 2/13)","music","2026-05-31 00:00:00","54514cfd3bf3760d30000001"
"69cc812953c05bd14540b3c8","2026-04-01 04:19:07.507","2026-04-15 08:59:32.205","69cc812953c05bd14540b3c8","6913dc2a3aee4d815dbbed6f","[PREMIUM]","[PREMIUM]","[PREMIUM]","[PREMIUM]","[PREMIUM]","[1,2,3,4,5,6]","114","D","Lower","['*','*','*','*','*','*']","mobile","tm","tmqr","great","[PREMIUM]","[PREMIUM]","[]","2026-05-29 00:00:00","The Queens - Khan, LaBelle, Knight, and Mills (Rescheduled from 2/13)","music","2026-05-31 00:00:00","54514cfd3bf3760d30000001"
"69cc811653c05bd1453c9470","2026-04-01 04:19:07.507","2026-04-15 08:59:32.205","69cc811653c05bd1453c9470","6913dc2a3aee4d815dbbed6f","[PREMIUM]","[PREMIUM]","[PREMIUM]","[PREMIUM]","[PREMIUM]","[1,2,3,4,5,6]","112","L","Lower","['*','*','*','*','*','*']","mobile","tm","tmqr","great","[PREMIUM]","[PREMIUM]","[]","2026-05-29 00:00:00","The Queens - Khan, LaBelle, Knight, and Mills (Rescheduled from 2/13)","music","2026-05-31 00:00:00","54514cfd3bf3760d30000001"
"69cc811653c05bd1453c943b","2026-04-01 04:19:07.507","2026-04-15 08:59:32.205","69cc811653c05bd1453c943b","6913dc2a3aee4d815dbbed6f","[PREMIUM]","[PREMIUM]","[PREMIUM]","[PREMIUM]","[PREMIUM]","[1,2,3,4,5,6,7,8]","105","H","Lower","['*','*','*','*','*','*','*','*']","mobile","tm","tmqr","great","[PREMIUM]","[PREMIUM]","[]","2026-05-29 00:00:00","The Queens - Khan, LaBelle, Knight, and Mills (Rescheduled from 2/13)","music","2026-05-31 00:00:00","54514cfd3bf3760d30000001"
"69cc811653c05bd1453c941a","2026-04-01 04:19:07.507","2026-04-15 08:59:32.205","69cc811653c05bd1453c941a","6913dc2a3aee4d815dbbed6f","[PREMIUM]","[PREMIUM]","[PREMIUM]","[PREMIUM]","[PREMIUM]","[1,2,3,4,5,6]","113","E","Lower","['*','*','*','*','*','*']","mobile","tm","tmqr","great","[PREMIUM]","[PREMIUM]","[]","2026-05-29 00:00:00","The Queens - Khan, LaBelle, Knight, and Mills (Rescheduled from 2/13)","music","2026-05-31 00:00:00","54514cfd3bf3760d30000001"
"69cc811353c05bd1453bdbf3","2026-04-01 04:19:07.507","2026-04-15 08:59:32.205","69cc811353c05bd1453bdbf3","6913dc2a3aee4d815dbbed6f","[PREMIUM]","[PREMIUM]","[PREMIUM]","[PREMIUM]","[PREMIUM]","[1,2]","107A","S","Lower","['*','*']","mobile","tm","tmqr",,"[PREMIUM]","[PREMIUM]","[]","2026-05-29 00:00:00","The Queens - Khan, LaBelle, Knight, and Mills (Rescheduled from 2/13)","music","2026-05-31 00:00:00","54514cfd3bf3760d30000001"
"69cc811053c05bd1453b2305","2026-04-01 04:19:07.507","2026-04-15 08:59:32.205","69cc811053c05bd1453b2305","6913dc2a3aee4d815dbbed6f","[PREMIUM]","[PREMIUM]","[PREMIUM]","[PREMIUM]","[PREMIUM]","[1,2,3,4,5,6,7,8]","106","J","Lower","['*','*','*','*','*','*','*','*']","mobile","tm","tmqr","great","[PREMIUM]","[PREMIUM]","[]","2026-05-29 00:00:00","The Queens - Khan, LaBelle, Knight, and Mills (Rescheduled from 2/13)","music","2026-05-31 00:00:00","54514cfd3bf3760d30000001"
"69cc810d53c05bd1453a8ca8","2026-04-01 04:19:07.507","2026-04-15 08:59:32.205","69cc810d53c05bd1453a8ca8","6913dc2a3aee4d815dbbed6f","[PREMIUM]","[PREMIUM]","[PREMIUM]","[PREMIUM]","[PREMIUM]","[1,2,3,5]","107","J","Lower","['*','*','*','*','*']","mobile","tm","tmqr","great","[PREMIUM]","[PREMIUM]","[]","2026-05-29 00:00:00","The Queens - Khan, LaBelle, Knight, and Mills (Rescheduled from 2/13)","music","2026-05-31 00:00:00","54514cfd3bf3760d30000001"
"69cc810d53c05bd1453a8ca1","2026-04-01 04:19:07.507","2026-04-15 08:59:32.205","69cc810d53c05bd1453a8ca1","6913dc2a3aee4d815dbbed6f","[PREMIUM]","[PREMIUM]","[PREMIUM]","[PREMIUM]","[PREMIUM]","[1,2]","112A","S","Lower","['*','*']","mobile","tm","tmqr",,"[PREMIUM]","[PREMIUM]","[]","2026-05-29 00:00:00","The Queens - Khan, LaBelle, Knight, and Mills (Rescheduled from 2/13)","music","2026-05-31 00:00:00","54514cfd3bf3760d30000001"
"69cc80f453c05bd145347fd3","2026-04-01 04:19:07.507","2026-04-15 08:59:32.205","69cc80f453c05bd145347fd3","6913dc2a3aee4d815dbbed6f","[PREMIUM]","[PREMIUM]","[PREMIUM]","[PREMIUM]","[PREMIUM]","[1,2,3,4,5,6,7,8]","115","D","Lower","['*','*','*','*','*','*','*','*']","mobile","tm","tmqr","amazing","[PREMIUM]","[PREMIUM]","[]","2026-05-29 00:00:00","The Queens - Khan, LaBelle, Knight, and Mills (Rescheduled from 2/13)","music","2026-05-31 00:00:00","54514cfd3bf3760d30000001"
"69cbeaba53c05bd14561076d","2026-04-01 04:19:07.152","2026-04-03 11:57:47.138","69cbeaba53c05bd14561076d","691266773aee4d815dbb812e","[PREMIUM]","[PREMIUM]","[PREMIUM]","[PREMIUM]","[PREMIUM]","[1,2,3,4]","ORCHRC","M","Orchestra Right Center","['*','*','*','*']","mobile","tm","tmqr",,"[PREMIUM]","[PREMIUM]","[]",,"Marty Stuart (Rescheduled from 2/13/26)","music","2026-04-05 00:00:00","6760b4add54d9660ab0f4386"
"69cbfabc53c05bd145ed4d9b","2026-04-01 04:19:07.152","2026-04-01 04:19:07.152","69cbfabc53c05bd145ed4d9b","691266773aee4d815dbb812e","[PREMIUM]","[PREMIUM]","[PREMIUM]","[PREMIUM]","[PREMIUM]","[2]","ORCHLC","A","Orchestra Left Center","['*','*']","mobile","tm","tmqr",,"[PREMIUM]","[PREMIUM]","[]","2026-04-03 00:00:00","Marty Stuart (Rescheduled from 2/13/26)","music","2026-04-05 00:00:00","6760b4add54d9660ab0f4386"
"69bafca0f6fbc8b354abc9d8","2026-04-01 04:19:07.041","2026-04-15 08:59:32.090","69bafca0f6fbc8b354abc9d8","68eeb20779e10c34c9e88f56","[PREMIUM]","[PREMIUM]","[PREMIUM]","[PREMIUM]","[PREMIUM]","[1,2,3,4,5,6,7,8]","FLOOR","GA","General Admission","['*','*','*','*','*','*','*','*']","mobile","tm","tmqr","cheapest","[PREMIUM]","[PREMIUM]","[]","2026-05-20 00:00:00","Dry Cleaning (Rescheduled from 2/13) (Moved from The Wiltern)","music","2026-05-22 02:00:00","56413668f80c416283000001"
"699df86fc42be979a8302d90","2026-04-01 04:19:05.274","2026-04-11 18:08:24.069","699df86fc42be979a8302d90","68df6f5100fe30f26b53dcbe","[PREMIUM]","[PREMIUM]","[PREMIUM]","[PREMIUM]","[PREMIUM]","[1,2,3,4,5]","107","5","Lower","['*','*','*','*','*']","mobile","tm","tmqr","amazing","[PREMIUM]","[PREMIUM]","[]","2026-06-06 00:00:00","Moein (Rescheduled from 2/14/26)","music","2026-06-07 00:00:00","5500dc9c64f9625d61000001"
"69cb4d3fb8109bed81861316","2026-04-01 04:19:05.274","2026-04-08 03:51:50.861","69cb4d3fb8109bed81861316","68df6f5100fe30f26b53dcbe","[PREMIUM]","[PREMIUM]","[PREMIUM]","[PREMIUM]","[PREMIUM]","[1,2,3,4,6]","109","23","Lower","['*','*','*','*','*','*']","mobile","tm","tmqr",,"[PREMIUM]","[PREMIUM]","[]","2026-06-05 00:00:00","Moein (Rescheduled from 2/14/26)","music","2026-06-07 00:00:00","5500dc9c64f9625d61000001"
"69cb9dd953c05bd145a4c0d8","2026-04-01 04:19:05.274","2026-04-05 19:53:14.356","69cb9dd953c05bd145a4c0d8","68df6f5100fe30f26b53dcbe","[PREMIUM]","[PREMIUM]","[PREMIUM]","[PREMIUM]","[PREMIUM]","[2,3,4,5,6,7,8]","324","13","Balcony","['*','*','*','*','*','*','*','*']","mobile","tm","tmqr",,"[PREMIUM]","[PREMIUM]","[]","2026-06-04 00:00:00","Moein (Rescheduled from 2/14/26)","music","2026-06-07 00:00:00","5500dc9c64f9625d61000001"
"69cc489153c05bd1455dde6a","2026-04-01 04:19:03.842","2026-04-02 08:22:18.150","69cc489153c05bd1455dde6a","6913d84e8a45743ad2445f02","[PREMIUM]","[PREMIUM]","[PREMIUM]","[PREMIUM]","[PREMIUM]","[2]","313","7","Upper","['*','*']","mobile","tm","tmqr","amazing","[PREMIUM]","[PREMIUM]","[]","2026-05-06 00:00:00","The Queens - Khan, LaBelle, Knight, and Mills","music","2026-05-08 01:00:00","545afc653bf3763fb9000008"
"69cc7f83a3f26d769bec872d","2026-04-01 04:19:03.842","2026-04-04 16:16:00.587","69cc7f83a3f26d769bec872d","6913d84e8a45743ad2445f02","[PREMIUM]","[PREMIUM]","[PREMIUM]","[PREMIUM]","[PREMIUM]","[2]","FLRA","5","Floor","['*','*']","mobile","tm","tmqr",,"[PREMIUM]","[PREMIUM]","[]","2026-05-07 01:00:00","The Queens - Khan, LaBelle, Knight, and Mills","music","2026-05-08 01:00:00","545afc653bf3763fb9000008"
"69cb9ec453c05bd145c6671c","2026-04-01 04:19:02.918","2026-04-07 00:02:19.261","69cb9ec453c05bd145c6671c","68fa8dca1c6c7b7eebc4c83c","[PREMIUM]","[PREMIUM]","[PREMIUM]","[PREMIUM]","[PREMIUM]","[2,3,4,5,6,7,8]","PREFERRED SEATS","GA",,"['*','*','*','*','*','*','*','*']","mobile","tm","tmqr",,"[PREMIUM]","[PREMIUM]","[]","2026-04-29 00:00:00","Affion Crockett (21+ Event) (Rescheduled from 2/20)","comedy","2026-05-02 01:45:00","61c109b88389fb0001f8b5f0"
"69cb9e6f53c05bd145b9a321","2026-04-01 04:19:02.918","2026-04-07 00:02:19.261","69cb9e6f53c05bd145b9a321","68fa8dca1c6c7b7eebc4c83c","[PREMIUM]","[PREMIUM]","[PREMIUM]","[PREMIUM]","[PREMIUM]","[2,3,4,5,6,7,8]","GENERAL ADMISSION","GA",,"['*','*','*','*','*','*','*','*']","mobile","tm","tmqr",,"[PREMIUM]","[PREMIUM]","[]","2026-04-29 00:00:00","Affion Crockett (21+ Event) (Rescheduled from 2/20)","comedy","2026-05-02 01:45:00","61c109b88389fb0001f8b5f0"
"69cbe1b453c05bd1458e281a","2026-04-01 04:19:02.718","2026-04-15 08:59:29.476","69cbe1b453c05bd1458e281a","691412f008641b191d83aab8","[PREMIUM]","[PREMIUM]","[PREMIUM]","[PREMIUM]","[PREMIUM]","[1,2,3,4,5,6]","117","13","Lower","['20','21','22','23','24','25']","mobile","axs","tmqr",,"[PREMIUM]","[PREMIUM]","[]","2026-05-27 00:00:00","The Queens - Chaka Khan, Patti LaBelle, Gladys Knight and Stephanie Mills (Rescheduled from 2/20)","music","2026-05-29 01:00:00","548e84c93bf3764819000002"
"69cb9ea153c05bd145c12a1e","2026-04-01 04:19:02.467","2026-04-07 00:02:21.740","69cb9ea153c05bd145c12a1e","68fa8dca48834a1b29b6a5af","[PREMIUM]","[PREMIUM]","[PREMIUM]","[PREMIUM]","[PREMIUM]","[2,3,4,5,6,7,8]","GENERAL ADMISSION","GA",,"['*','*','*','*','*','*','*','*']","mobile","tm","tmqr",,"[PREMIUM]","[PREMIUM]","[]","2026-04-29 00:00:00","Affion Crockett (21+ Event) (Rescheduled from 2/20)","comedy","2026-05-01 23:30:00","61c109b88389fb0001f8b5f0"
"69cb9e9353c05bd145bed0a9","2026-04-01 04:19:02.467","2026-04-07 00:02:21.740","69cb9e9353c05bd145bed0a9","68fa8dca48834a1b29b6a5af","[PREMIUM]","[PREMIUM]","[PREMIUM]","[PREMIUM]","[PREMIUM]","[2,3,4,5,6,7,8]","PREFERRED SEATS","GA",,"['*','*','*','*','*','*','*','*']","mobile","tm","tmqr",,"[PREMIUM]","[PREMIUM]","[]","2026-04-29 00:00:00","Affion Crockett (21+ Event) (Rescheduled from 2/20)","comedy","2026-05-01 23:30:00","61c109b88389fb0001f8b5f0"
"69cc142953c05bd14547eac2","2026-04-01 04:19:01.256","2026-04-05 19:53:05.738","69cc142953c05bd14547eac2","68f7ea5778455775b227dae2","[PREMIUM]","[PREMIUM]","[PREMIUM]","[PREMIUM]","[PREMIUM]","[1,2,3,4,5,6]","B3","2","Section","['*','*','*','*','*','*']","mobile","tm","tmqr",,"[PREMIUM]","[PREMIUM]","[]","2026-04-12 00:00:00","Stavros Halkias (Rescheduled from 2/22/26)","comedy","2026-04-13 23:00:00","66886c239383127c06820425"
"69cc144453c05bd1454e4e18","2026-04-01 04:19:01.256","2026-04-05 19:53:05.738","69cc144453c05bd1454e4e18","68f7ea5778455775b227dae2","[PREMIUM]","[PREMIUM]","[PREMIUM]","[PREMIUM]","[PREMIUM]","[1,2]","A1","1","Section","['*','*']","mobile","tm","tmqr",,"[PREMIUM]","[PREMIUM]","[]","2026-04-12 00:00:00","Stavros Halkias (Rescheduled from 2/22/26)","comedy","2026-04-13 23:00:00","66886c239383127c06820425"
"69cba08353c05bd14505c664","2026-04-01 04:19:01.153","2026-04-07 00:02:19.303","69cba08353c05bd14505c664","68fa8dcb907b82ebde17c41f","[PREMIUM]","[PREMIUM]","[PREMIUM]","[PREMIUM]","[PREMIUM]","[2,3,4,5,6,7,8]","GENERAL ADMISSION","GA",,"['*','*','*','*','*','*','*','*']","mobile","tm","tmqr",,"[PREMIUM]","[PREMIUM]","[]","2026-04-30 00:00:00","Affion Crockett (21+ Event) (Rescheduled from 2/21)","comedy","2026-05-02 23:00:00","61c109b88389fb0001f8b5f0"
"69cba1d653c05bd1453e0425","2026-04-01 04:19:01.147","2026-04-07 00:02:19.405","69cba1d653c05bd1453e0425","68fa8dcb99887e51ccf78d34","[PREMIUM]","[PREMIUM]","[PREMIUM]","[PREMIUM]","[PREMIUM]","[2,3,4,5,6,7,8]","GENERAL ADMISSION","GA",,"['*','*','*','*','*','*','*','*']","mobile","tm","tmqr",,"[PREMIUM]","[PREMIUM]","[]","2026-04-30 00:00:00","Affion Crockett (21+ Event) (Rescheduled from 2/21)","comedy","2026-05-03 01:15:00","61c109b88389fb0001f8b5f0"
"69cc300653c05bd14548b956","2026-04-01 04:18:59.628","2026-04-05 19:53:04.597","69cc300653c05bd14548b956","68bb45459eb13768934493d8","[PREMIUM]","[PREMIUM]","[PREMIUM]","[PREMIUM]","[PREMIUM]","[1,2]","General Admission","6",,"['*','*']","mobile","tm","tmqr",,"[PREMIUM]","[PREMIUM]","[]","2026-04-11 00:00:00","Sound Tribe Sector 9 - STS9 (Rescheduled from 2/22/26)","music","2026-04-13 00:00:00","61d4da80705405000134b4c5"
"69cc300953c05bd145495f2e","2026-04-01 04:18:59.628","2026-04-05 19:53:04.597","69cc300953c05bd145495f2e","68bb45459eb13768934493d8","[PREMIUM]","[PREMIUM]","[PREMIUM]","[PREMIUM]","[PREMIUM]","[1,2]","General Admission","FF",,"['*','*']","mobile","tm","tmqr",,"[PREMIUM]","[PREMIUM]","[]","2026-04-11 00:00:00","Sound Tribe Sector 9 - STS9 (Rescheduled from 2/22/26)","music","2026-04-13 00:00:00","61d4da80705405000134b4c5"
"69cc2ffe53c05bd145473c6f","2026-04-01 04:18:59.628","2026-04-05 19:53:04.597","69cc2ffe53c05bd145473c6f","68bb45459eb13768934493d8","[PREMIUM]","[PREMIUM]","[PREMIUM]","[PREMIUM]","[PREMIUM]","[1,2]","General Admission","f",,"['*','*']","mobile","tm","tmqr",,"[PREMIUM]","[PREMIUM]","[]","2026-04-11 00:00:00","Sound Tribe Sector 9 - STS9 (Rescheduled from 2/22/26)","music","2026-04-13 00:00:00","61d4da80705405000134b4c5"
"69cc2ffe53c05bd145473c66","2026-04-01 04:18:59.628","2026-04-05 19:53:04.597","69cc2ffe53c05bd145473c66","68bb45459eb13768934493d8","[PREMIUM]","[PREMIUM]","[PREMIUM]","[PREMIUM]","[PREMIUM]","[1,2]","General Admission","e",,"['*','*']","mobile","tm","tmqr",,"[PREMIUM]","[PREMIUM]","[]","2026-04-11 00:00:00","Sound Tribe Sector 9 - STS9 (Rescheduled from 2/22/26)","music","2026-04-13 00:00:00","61d4da80705405000134b4c5"
"69cc2fb553c05bd145387a78","2026-04-01 04:18:59.628","2026-04-05 19:53:04.597","69cc2fb553c05bd145387a78","68bb45459eb13768934493d8","[PREMIUM]","[PREMIUM]","[PREMIUM]","[PREMIUM]","[PREMIUM]","[1,2]","General Admission","5",,"['*','*']","mobile","tm","tmqr",,"[PREMIUM]","[PREMIUM]","[]","2026-04-11 00:00:00","Sound Tribe Sector 9 - STS9 (Rescheduled from 2/22/26)","music","2026-04-13 00:00:00","61d4da80705405000134b4c5"
"69cc2fc453c05bd1453b63df","2026-04-01 04:18:59.628","2026-04-05 19:53:04.597","69cc2fc453c05bd1453b63df","68bb45459eb13768934493d8","[PREMIUM]","[PREMIUM]","[PREMIUM]","[PREMIUM]","[PREMIUM]","[1,2]","General Admission","EE",,"['*','*']","mobile","tm","tmqr",,"[PREMIUM]","[PREMIUM]","[]","2026-04-11 00:00:00","Sound Tribe Sector 9 - STS9 (Rescheduled from 2/22/26)","music","2026-04-13 00:00:00","61d4da80705405000134b4c5"
"69c6b3ec53c05bd145360d91","2026-04-01 04:18:57.513","2026-04-01 04:18:57.513","69c6b3ec53c05bd145360d91","691cb4f0cc0712d154ce02b4","[PREMIUM]","[PREMIUM]","[PREMIUM]","[PREMIUM]","[PREMIUM]","[1,2,3,4]","115","27","Lower","['*','*','*','*']","mobile","tm","tmqr","cheapest","[PREMIUM]","[PREMIUM]","[]","2026-04-09 00:00:00","B2K and Bow Wow (Rescheduled from 2/12)","music","2026-04-11 00:00:00","57d8b1f050575d33c8737921"
"69cb1f1653c05bd1451fb3e7","2026-04-01 04:18:57.513","2026-04-02 08:22:08.571","69cb1f1653c05bd1451fb3e7","691cb4f0cc0712d154ce02b4","[PREMIUM]","[PREMIUM]","[PREMIUM]","[PREMIUM]","[PREMIUM]","[1,2,3,4]","113","20","Lower","['*','*','*','*']","mobile","tm","tmqr",,"[PREMIUM]","[PREMIUM]","[]","2026-04-09 00:00:00","B2K and Bow Wow (Rescheduled from 2/12)","music","2026-04-11 00:00:00","57d8b1f050575d33c8737921"
"69cb29e153c05bd14553f46f","2026-04-01 04:18:57.513","2026-04-02 08:22:08.571","69cb29e153c05bd14553f46f","691cb4f0cc0712d154ce02b4","[PREMIUM]","[PREMIUM]","[PREMIUM]","[PREMIUM]","[PREMIUM]","[1,2,3,4,5,6,7,8]","104","10","Lower","['*','*','*','*','*','*','*','*']","mobile","tm","tmqr","great","[PREMIUM]","[PREMIUM]","[]","2026-04-09 00:00:00","B2K and Bow Wow (Rescheduled from 2/12)","music","2026-04-11 00:00:00","57d8b1f050575d33c8737921"
"69cb9ce153c05bd1457ae010","2026-04-01 04:18:57.513","2026-04-02 08:22:08.571","69cb9ce153c05bd1457ae010","691cb4f0cc0712d154ce02b4","[PREMIUM]","[PREMIUM]","[PREMIUM]","[PREMIUM]","[PREMIUM]","[1,2,3,4,5,6,7,8]","115","9","Lower","['*','*','*','*','*','*','*','*']","mobile","tm","tmqr","amazing","[PREMIUM]","[PREMIUM]","[]","2026-04-09 00:00:00","B2K and Bow Wow (Rescheduled from 2/12)","music","2026-04-11 00:00:00","57d8b1f050575d33c8737921"
"69cbe1a453c05bd1458a1fcd","2026-04-01 04:18:57.513","2026-04-02 08:22:08.571","69cbe1a453c05bd1458a1fcd","691cb4f0cc0712d154ce02b4","[PREMIUM]","[PREMIUM]","[PREMIUM]","[PREMIUM]","[PREMIUM]","[1,2,3,4,5,6,7,8]","114","17","Lower","['*','*','*','*','*','*','*','*']","mobile","tm","tmqr","great","[PREMIUM]","[PREMIUM]","[]","2026-04-09 00:00:00","B2K and Bow Wow (Rescheduled from 2/12)","music","2026-04-11 00:00:00","57d8b1f050575d33c8737921"
"69cc144b53c05bd14550034d","2026-04-01 04:18:57.513","2026-04-01 04:18:57.513","69cc144b53c05bd14550034d","691cb4f0cc0712d154ce02b4","[PREMIUM]","[PREMIUM]","[PREMIUM]","[PREMIUM]","[PREMIUM]","[1,2,3,4,5,6]","117","16","Lower","['*','*','*','*','*','*']","mobile","tm","tmqr","amazing","[PREMIUM]","[PREMIUM]","[]","2026-04-09 00:00:00","B2K and Bow Wow (Rescheduled from 2/12)","music","2026-04-11 00:00:00","57d8b1f050575d33c8737921"
"69cc56f353c05bd145583a37","2026-04-01 04:18:57.513","2026-04-01 04:18:57.513","69cc56f353c05bd145583a37","691cb4f0cc0712d154ce02b4","[PREMIUM]","[PREMIUM]","[PREMIUM]","[PREMIUM]","[PREMIUM]","[1,2,3,4,5,6,7,8]","118","19","Lower","['*','*','*','*','*','*','*','*']","mobile","tm","tmqr","amazing","[PREMIUM]","[PREMIUM]","[]","2026-04-09 00:00:00","B2K and Bow Wow (Rescheduled from 2/12)","music","2026-04-11 00:00:00","57d8b1f050575d33c8737921"
"69cc7e5353c05bd145a6fd71","2026-04-01 04:18:57.513","2026-04-02 08:22:08.571","69cc7e5353c05bd145a6fd71","691cb4f0cc0712d154ce02b4","[PREMIUM]","[PREMIUM]","[PREMIUM]","[PREMIUM]","[PREMIUM]","[1,2,3,4]","106","26","Lower","['*','*','*','*']","mobile","tm","tmqr",,"[PREMIUM]","[PREMIUM]","[]","2026-04-09 00:00:00","B2K and Bow Wow (Rescheduled from 2/12)","music","2026-04-11 00:00:00","57d8b1f050575d33c8737921"
"6961831623dd69cbf99ce4a1","2026-04-01 04:18:56.097","2026-04-08 03:51:41.675","6961831623dd69cbf99ce4a1","691cb93dc82e73e32e481a7a","[PREMIUM]","[PREMIUM]","[PREMIUM]","[PREMIUM]","[PREMIUM]","[2,4]","118","DD","Lower","['9','10','11','12']","mobile","tm","tmqr","amazing","[PREMIUM]","[PREMIUM]","[]",,"B2K and Bow Wow (Rescheduled from 2/13)","music","2026-04-10 00:00:00","544effe03bf3766eb4000002"
"69aae58889f0a636aec0fcf5","2026-04-01 04:18:56.097","2026-04-04 16:15:55.708","69aae58889f0a636aec0fcf5","691cb93dc82e73e32e481a7a","[PREMIUM]","[PREMIUM]","[PREMIUM]","[PREMIUM]","[PREMIUM]","[2,4]","120","LL","Lower","['*','*','*','*']","mobile","tm","tmqr",,"[PREMIUM]","[PREMIUM]","[]","2026-04-07 00:00:00","B2K and Bow Wow (Rescheduled from 2/13)","music","2026-04-10 00:00:00","544effe03bf3766eb4000002"
"69b8a92ef6fbc8b35478e87a","2026-04-01 04:18:56.097","2026-04-04 16:15:55.708","69b8a92ef6fbc8b35478e87a","691cb93dc82e73e32e481a7a","[PREMIUM]","[PREMIUM]","[PREMIUM]","[PREMIUM]","[PREMIUM]","[2,4]","T21","BB","Suite","['*','*','*','*']","mobile","tm","tmqr",,"[PREMIUM]","[PREMIUM]","[]","2026-04-07 00:00:00","B2K and Bow Wow (Rescheduled from 2/13)","music","2026-04-10 00:00:00","544effe03bf3766eb4000002"
"69b8a933f6fbc8b3547a5844","2026-04-01 04:18:56.097","2026-04-01 04:18:56.097","69b8a933f6fbc8b3547a5844","691cb93dc82e73e32e481a7a","[PREMIUM]","[PREMIUM]","[PREMIUM]","[PREMIUM]","[PREMIUM]","[2,4]","T19","EE","Suite","['*','*','*','*']","mobile","tm","tmqr","super","[PREMIUM]","[PREMIUM]","[]","2026-04-07 00:00:00","B2K and Bow Wow (Rescheduled from 2/13)","music","2026-04-10 00:00:00","544effe03bf3766eb4000002"
"69b8a92ef6fbc8b35478eb6c","2026-04-01 04:18:56.097","2026-04-04 16:15:55.708","69b8a92ef6fbc8b35478eb6c","691cb93dc82e73e32e481a7a","[PREMIUM]","[PREMIUM]","[PREMIUM]","[PREMIUM]","[PREMIUM]","[2,4]","T20","CC","Suite","['*','*','*','*']","mobile","tm","tmqr",,"[PREMIUM]","[PREMIUM]","[]","2026-04-07 00:00:00","B2K and Bow Wow (Rescheduled from 2/13)","music","2026-04-10 00:00:00","544effe03bf3766eb4000002"
"69b8a90af6fbc8b3546e2fda","2026-04-01 04:18:56.097","2026-04-04 16:15:55.708","69b8a90af6fbc8b3546e2fda","691cb93dc82e73e32e481a7a","[PREMIUM]","[PREMIUM]","[PREMIUM]","[PREMIUM]","[PREMIUM]","[2,4]","T24","CC","Suite","['*','*','*','*']","mobile","tm","tmqr",,"[PREMIUM]","[PREMIUM]","[]","2026-04-07 00:00:00","B2K and Bow Wow (Rescheduled from 2/13)","music","2026-04-10 00:00:00","544effe03bf3766eb4000002"
"69b8a90df6fbc8b3546ee118","2026-04-01 04:18:56.097","2026-04-01 04:18:56.097","69b8a90df6fbc8b3546ee118","691cb93dc82e73e32e481a7a","[PREMIUM]","[PREMIUM]","[PREMIUM]","[PREMIUM]","[PREMIUM]","[2]","T22","BB","Suite","['*','*']","mobile","tm","tmqr",,"[PREMIUM]","[PREMIUM]","[]","2026-04-07 00:00:00","B2K and Bow Wow (Rescheduled from 2/13)","music","2026-04-10 00:00:00","544effe03bf3766eb4000002"
"69c988c553c05bd145904353","2026-04-01 04:18:56.097","2026-04-04 16:15:55.708","69c988c553c05bd145904353","691cb93dc82e73e32e481a7a","[PREMIUM]","[PREMIUM]","[PREMIUM]","[PREMIUM]","[PREMIUM]","[2,4]","T18","FF","Suite","['*','*','*','*']","mobile","tm","tmqr","great","[PREMIUM]","[PREMIUM]","[]","2026-04-07 00:00:00","B2K and Bow Wow (Rescheduled from 2/13)","music","2026-04-10 00:00:00","544effe03bf3766eb4000002"
"69cb271b53c05bd145ceea47","2026-04-01 04:18:56.097","2026-04-02 08:22:08.527","69cb271b53c05bd145ceea47","691cb93dc82e73e32e481a7a","[PREMIUM]","[PREMIUM]","[PREMIUM]","[PREMIUM]","[PREMIUM]","[1,2]","106","Q","Lower","['*','*']","mobile","tm","tmqr","great","[PREMIUM]","[PREMIUM]","[]","2026-04-08 00:00:00","B2K and Bow Wow (Rescheduled from 2/13)","music","2026-04-10 00:00:00","544effe03bf3766eb4000002"
"69cb272953c05bd145d11d65","2026-04-01 04:18:56.097","2026-04-02 08:22:08.527","69cb272953c05bd145d11d65","691cb93dc82e73e32e481a7a","[PREMIUM]","[PREMIUM]","[PREMIUM]","[PREMIUM]","[PREMIUM]","[1,2]","120","S","Lower","['*','*']","mobile","tm","tmqr","great","[PREMIUM]","[PREMIUM]","[]","2026-04-08 00:00:00","B2K and Bow Wow (Rescheduled from 2/13)","music","2026-04-10 00:00:00","544effe03bf3766eb4000002"
"69cbf8e753c05bd14583e4c0","2026-04-01 04:18:56.097","2026-04-01 04:18:56.097","69cbf8e753c05bd14583e4c0","691cb93dc82e73e32e481a7a","[PREMIUM]","[PREMIUM]","[PREMIUM]","[PREMIUM]","[PREMIUM]","[2]","113","C","Lower","['3','4']","mobile","tm","tmqr","amazing","[PREMIUM]","[PREMIUM]","[]","2026-04-08 00:00:00","B2K and Bow Wow (Rescheduled from 2/13)","music","2026-04-10 00:00:00","544effe03bf3766eb4000002"
"69cc3ab953c05bd145848ebd","2026-04-01 04:18:56.097","2026-04-01 04:18:56.097","69cc3ab953c05bd145848ebd","691cb93dc82e73e32e481a7a","[PREMIUM]","[PREMIUM]","[PREMIUM]","[PREMIUM]","[PREMIUM]","[1,2,3,4,5,6]","109","U","Lower","['*','*','*','*','*','*']","mobile","tm","tmqr","amazing","[PREMIUM]","[PREMIUM]","[]","2026-04-08 00:00:00","B2K and Bow Wow (Rescheduled from 2/13)","music","2026-04-10 00:00:00","544effe03bf3766eb4000002"
"69cc730a53c05bd1454175d5","2026-04-01 04:18:56.097","2026-04-01 04:18:56.097","69cc730a53c05bd1454175d5","691cb93dc82e73e32e481a7a","[PREMIUM]","[PREMIUM]","[PREMIUM]","[PREMIUM]","[PREMIUM]","[1,2,3]","118","U","Lower","['*','*','*']","mobile","tm","tmqr","amazing","[PREMIUM]","[PREMIUM]","[]","2026-04-08 00:00:00","B2K and Bow Wow (Rescheduled from 2/13)","music","2026-04-10 00:00:00","544effe03bf3766eb4000002"
"69cc6d3053c05bd145e6925c","2026-04-01 04:18:56.097","2026-04-01 04:18:56.097","69cc6d3053c05bd145e6925c","691cb93dc82e73e32e481a7a","[PREMIUM]","[PREMIUM]","[PREMIUM]","[PREMIUM]","[PREMIUM]","[1,2]","115","R","Lower","['*','*']","mobile","tm","tmqr","amazing","[PREMIUM]","[PREMIUM]","[]","2026-04-08 00:00:00","B2K and Bow Wow (Rescheduled from 2/13)","music","2026-04-10 00:00:00","544effe03bf3766eb4000002"
"69cc980553c05bd145b332cb","2026-04-01 04:18:56.097","2026-04-01 04:18:56.097","69cc980553c05bd145b332cb","691cb93dc82e73e32e481a7a","[PREMIUM]","[PREMIUM]","[PREMIUM]","[PREMIUM]","[PREMIUM]","[1,2,3,5]","112","T","Lower","['*','*','*','*','*']","mobile","tm","tmqr","great","[PREMIUM]","[PREMIUM]","[]","2026-04-08 00:00:00","B2K and Bow Wow (Rescheduled from 2/13)","music","2026-04-10 00:00:00","544effe03bf3766eb4000002"
"69cc8f6453c05bd145335389","2026-04-01 04:18:56.097","2026-04-01 04:18:56.097","69cc8f6453c05bd145335389","691cb93dc82e73e32e481a7a","[PREMIUM]","[PREMIUM]","[PREMIUM]","[PREMIUM]","[PREMIUM]","[2]","113","T","Lower","['*','*']","mobile","tm","tmqr",,"[PREMIUM]","[PREMIUM]","[]","2026-04-09 00:00:00","B2K and Bow Wow (Rescheduled from 2/13)","music","2026-04-10 00:00:00","544effe03bf3766eb4000002"
"69bb5f35f6fbc8b354cca6cc","2026-04-01 04:18:55.813","2026-04-07 00:02:15.897","69bb5f35f6fbc8b354cca6cc","691cb960f761b34c088fcb18","[PREMIUM]","[PREMIUM]","[PREMIUM]","[PREMIUM]","[PREMIUM]","[2]","114","L","Lower","['*','*']","mobile","tm","tmqr",,"[PREMIUM]","[PREMIUM]","[]","2026-04-25 00:00:00","B2K and Bow Wow (Rescheduled from 2/14)","music","2026-04-26 01:00:00","57c4d063f80c412715be6456"
"69c28813f6fbc8b3548f36ed","2026-04-01 04:18:55.813","2026-04-02 08:22:08.751","69c28813f6fbc8b3548f36ed","691cb960f761b34c088fcb18","[PREMIUM]","[PREMIUM]","[PREMIUM]","[PREMIUM]","[PREMIUM]","[1,2,3,4,5,6,7]","128","H","Lower","['*','*','*','*','*','*','*']","mobile","tm","tmqr","great","[PREMIUM]","[PREMIUM]","[]","2026-04-25 00:00:00","B2K and Bow Wow (Rescheduled from 2/14)","music","2026-04-26 01:00:00","57c4d063f80c412715be6456"
"69c77c950e9e468571311651","2026-04-01 04:18:55.813","2026-04-07 00:02:15.897","69c77c950e9e468571311651","691cb960f761b34c088fcb18","[PREMIUM]","[PREMIUM]","[PREMIUM]","[PREMIUM]","[PREMIUM]","[1,2,3,5]","FLRA","8","Floor","['*','*','*','*','*']","mobile","tm","tmqr",,"[PREMIUM]","[PREMIUM]","[]","2026-04-25 01:00:00","B2K and Bow Wow (Rescheduled from 2/14)","music","2026-04-26 01:00:00","57c4d063f80c412715be6456"
"69c9bf2d53c05bd145a5f51e","2026-04-01 04:18:55.813","2026-04-02 08:22:08.751","69c9bf2d53c05bd145a5f51e","691cb960f761b34c088fcb18","[PREMIUM]","[PREMIUM]","[PREMIUM]","[PREMIUM]","[PREMIUM]","[1,2,3,4]","FLRB","14","Floor","['*','*','*','*']","mobile","tm","tmqr",,"[PREMIUM]","[PREMIUM]","[]","2026-04-24 00:00:00","B2K and Bow Wow (Rescheduled from 2/14)","music","2026-04-26 01:00:00","57c4d063f80c412715be6456"
"69c9ac2f53c05bd1454bd729","2026-04-01 04:18:55.813","2026-04-01 04:18:55.813","69c9ac2f53c05bd1454bd729","691cb960f761b34c088fcb18","[PREMIUM]","[PREMIUM]","[PREMIUM]","[PREMIUM]","[PREMIUM]","[2]","113","CC","Lower","['*','*']","mobile","tm","tmqr",,"[PREMIUM]","[PREMIUM]","[]","2026-04-25 00:00:00","B2K and Bow Wow (Rescheduled from 2/14)","music","2026-04-26 01:00:00","57c4d063f80c412715be6456"
"69ca8d0b7217ae219cadb5bd","2026-04-01 04:18:55.813","2026-04-01 04:18:55.813","69ca8d0b7217ae219cadb5bd","691cb960f761b34c088fcb18","[PREMIUM]","[PREMIUM]","[PREMIUM]","[PREMIUM]","[PREMIUM]","[1,2,3,4,5,6]","FLRA","18","Floor","['*','*','*','*','*','*']","mobile","tm","tmqr",,"[PREMIUM]","[PREMIUM]","[]","2026-04-24 00:00:00","B2K and Bow Wow (Rescheduled from 2/14)","music","2026-04-26 01:00:00","57c4d063f80c412715be6456"
"69cb281553c05bd145f6e9dc","2026-04-01 04:18:55.813","2026-04-01 04:18:55.813","69cb281553c05bd145f6e9dc","691cb960f761b34c088fcb18","[PREMIUM]","[PREMIUM]","[PREMIUM]","[PREMIUM]","[PREMIUM]","[2]","108","G","Lower","['*','*']","mobile","tm","tmqr",,"[PREMIUM]","[PREMIUM]","[]","2026-04-24 00:00:00","B2K and Bow Wow (Rescheduled from 2/14)","music","2026-04-26 01:00:00","57c4d063f80c412715be6456"
"69cb8cb853c05bd1452acb67","2026-04-01 04:18:55.813","2026-04-01 04:18:55.813","69cb8cb853c05bd1452acb67","691cb960f761b34c088fcb18","[PREMIUM]","[PREMIUM]","[PREMIUM]","[PREMIUM]","[PREMIUM]","[1,2,3,5]","113","N","Lower","['*','*','*','*','*']","mobile","tm","tmqr",,"[PREMIUM]","[PREMIUM]","[]","2026-04-24 00:00:00","B2K and Bow Wow (Rescheduled from 2/14)","music","2026-04-26 01:00:00","57c4d063f80c412715be6456"
"69cbf16453c05bd145c79cda","2026-04-01 04:18:55.813","2026-04-01 04:18:55.813","69cbf16453c05bd145c79cda","691cb960f761b34c088fcb18","[PREMIUM]","[PREMIUM]","[PREMIUM]","[PREMIUM]","[PREMIUM]","[2]","110","K","Lower","['*','*']","mobile","tm","tmqr","amazing","[PREMIUM]","[PREMIUM]","[]","2026-04-24 00:00:00","B2K and Bow Wow (Rescheduled from 2/14)","music","2026-04-26 01:00:00","57c4d063f80c412715be6456"
"69cbf1a153c05bd145d5e55c","2026-04-01 04:18:55.813","2026-04-03 11:57:34.426","69cbf1a153c05bd145d5e55c","691cb960f761b34c088fcb18","[PREMIUM]","[PREMIUM]","[PREMIUM]","[PREMIUM]","[PREMIUM]","[1,2,3,4,5,6]","101","S","Lower","['*','*','*','*','*','*']","mobile","tm","tmqr","amazing","[PREMIUM]","[PREMIUM]","[]","2026-04-24 00:00:00","B2K and Bow Wow (Rescheduled from 2/14)","music","2026-04-26 01:00:00","57c4d063f80c412715be6456"
"69cc22a553c05bd14572af12","2026-04-01 04:18:55.813","2026-04-01 04:18:55.813","69cc22a553c05bd14572af12","691cb960f761b34c088fcb18","[PREMIUM]","[PREMIUM]","[PREMIUM]","[PREMIUM]","[PREMIUM]","[2]","107","EE","Lower","['*','*']","mobile","tm","tmqr",,"[PREMIUM]","[PREMIUM]","[]","2026-04-25 00:00:00","B2K and Bow Wow (Rescheduled from 2/14)","music","2026-04-26 01:00:00","57c4d063f80c412715be6456"
"69cc2cf653c05bd145a8be24","2026-04-01 04:18:55.813","2026-04-01 04:18:55.813","69cc2cf653c05bd145a8be24","691cb960f761b34c088fcb18","[PREMIUM]","[PREMIUM]","[PREMIUM]","[PREMIUM]","[PREMIUM]","[2]","FLRB","8","Floor","['*','*']","mobile","tm","tmqr",,"[PREMIUM]","[PREMIUM]","[]","2026-04-24 00:00:00","B2K and Bow Wow (Rescheduled from 2/14)","music","2026-04-26 01:00:00","57c4d063f80c412715be6456"
"69cc289253c05bd145b17faa","2026-04-01 04:18:55.813","2026-04-01 04:18:55.813","69cc289253c05bd145b17faa","691cb960f761b34c088fcb18","[PREMIUM]","[PREMIUM]","[PREMIUM]","[PREMIUM]","[PREMIUM]","[1,2]","106","L","Lower","['*','*']","mobile","tm","tmqr","great","[PREMIUM]","[PREMIUM]","[]","2026-04-24 00:00:00","B2K and Bow Wow (Rescheduled from 2/14)","music","2026-04-26 01:00:00","57c4d063f80c412715be6456"
"69cc289c53c05bd145b3f4b0","2026-04-01 04:18:55.813","2026-04-01 04:18:55.813","69cc289c53c05bd145b3f4b0","691cb960f761b34c088fcb18","[PREMIUM]","[PREMIUM]","[PREMIUM]","[PREMIUM]","[PREMIUM]","[1,2,3,4,5,6]","102","S","Lower","['*','*','*','*','*','*']","mobile","tm","tmqr","great","[PREMIUM]","[PREMIUM]","[]","2026-04-24 00:00:00","B2K and Bow Wow (Rescheduled from 2/14)","music","2026-04-26 01:00:00","57c4d063f80c412715be6456"
"69cc875953c05bd14583a145","2026-04-01 04:18:55.813","2026-04-01 04:18:55.813","69cc875953c05bd14583a145","691cb960f761b34c088fcb18","[PREMIUM]","[PREMIUM]","[PREMIUM]","[PREMIUM]","[PREMIUM]","[1,2]","132","M","Lower","['*','*']","mobile","tm","tmqr","great","[PREMIUM]","[PREMIUM]","[]","2026-04-24 00:00:00","B2K and Bow Wow (Rescheduled from 2/14)","music","2026-04-26 01:00:00","57c4d063f80c412715be6456"
"69cc92f88a77fd0d2c0b7dae","2026-04-01 04:18:55.813","2026-04-01 04:18:55.813","69cc92f88a77fd0d2c0b7dae","691cb960f761b34c088fcb18","[PREMIUM]","[PREMIUM]","[PREMIUM]","[PREMIUM]","[PREMIUM]","[1,2]","130","G","Lower","['*','*']","mobile","tm","tmqr","amazing","[PREMIUM]","[PREMIUM]","[]","2026-04-24 00:00:00","B2K and Bow Wow (Rescheduled from 2/14)","music","2026-04-26 01:00:00","57c4d063f80c412715be6456"
"69cc8f6453c05bd1453353a0","2026-04-01 04:18:55.813","2026-04-01 04:18:55.813","69cc8f6453c05bd1453353a0","691cb960f761b34c088fcb18","[PREMIUM]","[PREMIUM]","[PREMIUM]","[PREMIUM]","[PREMIUM]","[1,2,3]","102","J","Lower","['*','*','*']","mobile","tm","tmqr",,"[PREMIUM]","[PREMIUM]","[]","2026-04-25 00:00:00","B2K and Bow Wow (Rescheduled from 2/14)","music","2026-04-26 01:00:00","57c4d063f80c412715be6456"
"695c563a23dd69cbf9ba0ff0","2026-04-01 04:18:55.679","2026-04-07 00:02:15.919","695c563a23dd69cbf9ba0ff0","691cb98574e7017d10efa44a","[PREMIUM]","[PREMIUM]","[PREMIUM]","[PREMIUM]","[PREMIUM]","[2]","114","G","Lower","['*','*']","mobile","tm","tmqr",,"[PREMIUM]","[PREMIUM]","[]","2026-04-23 00:00:00","Bow Wow and B2K (Rescheduled from 2/20)","music","2026-04-25 00:00:00","57aba98ff80c4115bab50ab1"
"69c8901253c05bd1452723ab","2026-04-01 04:18:55.679","2026-04-02 08:22:08.706","69c8901253c05bd1452723ab","691cb98574e7017d10efa44a","[PREMIUM]","[PREMIUM]","[PREMIUM]","[PREMIUM]","[PREMIUM]","[1,2,3]","128","D","Lower","['*','*','*']","mobile","tm","tmqr",,"[PREMIUM]","[PREMIUM]","[]","2026-04-24 00:00:00","Bow Wow and B2K (Rescheduled from 2/20)","music","2026-04-25 00:00:00","57aba98ff80c4115bab50ab1"
"69c961a153c05bd1453c24f4","2026-04-01 04:18:55.679","2026-04-01 04:18:55.679","69c961a153c05bd1453c24f4","691cb98574e7017d10efa44a","[PREMIUM]","[PREMIUM]","[PREMIUM]","[PREMIUM]","[PREMIUM]","[2]","102","N","Lower","['*','*']","mobile","tm","tmqr",,"[PREMIUM]","[PREMIUM]","[]","2026-04-24 00:00:00","Bow Wow and B2K (Rescheduled from 2/20)","music","2026-04-25 00:00:00","57aba98ff80c4115bab50ab1"
"69cb05e853c05bd145d6020b","2026-04-01 04:18:55.679","2026-04-02 08:22:08.706","69cb05e853c05bd145d6020b","691cb98574e7017d10efa44a","[PREMIUM]","[PREMIUM]","[PREMIUM]","[PREMIUM]","[PREMIUM]","[1,2,3,4,5,6]","FLR4","G","Floor","['*','*','*','*','*','*']","mobile","tm","tmqr","super","[PREMIUM]","[PREMIUM]","[]","2026-04-23 00:00:00","Bow Wow and B2K (Rescheduled from 2/20)","music","2026-04-25 00:00:00","57aba98ff80c4115bab50ab1"
"69cb00b453c05bd145d2f1bb","2026-04-01 04:18:55.679","2026-04-01 04:18:55.679","69cb00b453c05bd145d2f1bb","691cb98574e7017d10efa44a","[PREMIUM]","[PREMIUM]","[PREMIUM]","[PREMIUM]","[PREMIUM]","[1,2,3,4]","106","C","Lower","['*','*','*','*']","mobile","tm","tmqr","amazing","[PREMIUM]","[PREMIUM]","[]","2026-04-23 00:00:00","Bow Wow and B2K (Rescheduled from 2/20)","music","2026-04-25 00:00:00","57aba98ff80c4115bab50ab1"
"69cb139353c05bd1457b821b","2026-04-01 04:18:55.679","2026-04-05 19:53:02.077","69cb139353c05bd1457b821b","691cb98574e7017d10efa44a","[PREMIUM]","[PREMIUM]","[PREMIUM]","[PREMIUM]","[PREMIUM]","[1,2,3]","FLR2","K","Floor","['*','*','*']","mobile","tm","tmqr",,"[PREMIUM]","[PREMIUM]","[]","2026-04-23 00:00:00","Bow Wow and B2K (Rescheduled from 2/20)","music","2026-04-25 00:00:00","57aba98ff80c4115bab50ab1"
"69cb139853c05bd1457ca3e6","2026-04-01 04:18:55.679","2026-04-05 19:53:02.077","69cb139853c05bd1457ca3e6","691cb98574e7017d10efa44a","[PREMIUM]","[PREMIUM]","[PREMIUM]","[PREMIUM]","[PREMIUM]","[1,2,3,4,5,6,7,8,9,10,11,12]","134","R","Lower","['*','*','*','*','*','*','*','*','*','*','*','*']","mobile","tm","tmqr","great","[PREMIUM]","[PREMIUM]","[]","2026-04-23 00:00:00","Bow Wow and B2K (Rescheduled from 2/20)","music","2026-04-25 00:00:00","57aba98ff80c4115bab50ab1"
"69cb138f53c05bd1457a3f3d","2026-04-01 04:18:55.679","2026-04-02 08:22:08.706","69cb138f53c05bd1457a3f3d","691cb98574e7017d10efa44a","[PREMIUM]","[PREMIUM]","[PREMIUM]","[PREMIUM]","[PREMIUM]","[1,2,3,4]","FLR6","T","Floor","['*','*','*','*']","mobile","tm","tmqr",,"[PREMIUM]","[PREMIUM]","[]","2026-04-23 00:00:00","Bow Wow and B2K (Rescheduled from 2/20)","music","2026-04-25 00:00:00","57aba98ff80c4115bab50ab1"
"69cb13aa53c05bd145822079","2026-04-01 04:18:55.679","2026-04-03 11:57:34.330","69cb13aa53c05bd145822079","691cb98574e7017d10efa44a","[PREMIUM]","[PREMIUM]","[PREMIUM]","[PREMIUM]","[PREMIUM]","[1,2,3]","114","O","Lower","['*','*','*']","mobile","tm","tmqr","great","[PREMIUM]","[PREMIUM]","[]","2026-04-23 00:00:00","Bow Wow and B2K (Rescheduled from 2/20)","music","2026-04-25 00:00:00","57aba98ff80c4115bab50ab1"
"69cb13a353c05bd145800bb9","2026-04-01 04:18:55.679","2026-04-01 04:18:55.679","69cb13a353c05bd145800bb9","691cb98574e7017d10efa44a","[PREMIUM]","[PREMIUM]","[PREMIUM]","[PREMIUM]","[PREMIUM]","[2]","FLR5","J","Floor","['*','*']","mobile","tm","tmqr","great","[PREMIUM]","[PREMIUM]","[]","2026-04-23 00:00:00","Bow Wow and B2K (Rescheduled from 2/20)","music","2026-04-25 00:00:00","57aba98ff80c4115bab50ab1"
"69cb139853c05bd1457ca561","2026-04-01 04:18:55.679","2026-04-03 11:57:34.330","69cb139853c05bd1457ca561","691cb98574e7017d10efa44a","[PREMIUM]","[PREMIUM]","[PREMIUM]","[PREMIUM]","[PREMIUM]","[1,2,3,4,5,6,7,8]","FLR4","T","Floor","['*','*','*','*','*','*','*','*']","mobile","tm","tmqr",,"[PREMIUM]","[PREMIUM]","[]","2026-04-23 00:00:00","Bow Wow and B2K (Rescheduled from 2/20)","music","2026-04-25 00:00:00","57aba98ff80c4115bab50ab1"
"69cb13ae53c05bd145832b1b","2026-04-01 04:18:55.679","2026-04-01 04:18:55.679","69cb13ae53c05bd145832b1b","691cb98574e7017d10efa44a","[PREMIUM]","[PREMIUM]","[PREMIUM]","[PREMIUM]","[PREMIUM]","[2]","103","R","Lower","['*','*']","mobile","tm","tmqr","great","[PREMIUM]","[PREMIUM]","[]","2026-04-23 00:00:00","Bow Wow and B2K (Rescheduled from 2/20)","music","2026-04-25 00:00:00","57aba98ff80c4115bab50ab1"
"69cb139f53c05bd1457f0341","2026-04-01 04:18:55.679","2026-04-03 11:57:34.330","69cb139f53c05bd1457f0341","691cb98574e7017d10efa44a","[PREMIUM]","[PREMIUM]","[PREMIUM]","[PREMIUM]","[PREMIUM]","[1,2,3,4,5,6,7,8]","132","P","Lower","['*','*','*','*','*','*','*','*']","mobile","tm","tmqr",,"[PREMIUM]","[PREMIUM]","[]","2026-04-23 00:00:00","Bow Wow and B2K (Rescheduled from 2/20)","music","2026-04-25 00:00:00","57aba98ff80c4115bab50ab1"
"69cb139353c05bd1457b8402","2026-04-01 04:18:55.679","2026-04-01 04:18:55.679","69cb139353c05bd1457b8402","691cb98574e7017d10efa44a","[PREMIUM]","[PREMIUM]","[PREMIUM]","[PREMIUM]","[PREMIUM]","[2]","101","T","Lower","['*','*']","mobile","tm","tmqr","great","[PREMIUM]","[PREMIUM]","[]","2026-04-23 00:00:00","Bow Wow and B2K (Rescheduled from 2/20)","music","2026-04-25 00:00:00","57aba98ff80c4115bab50ab1"
"69cb3707313c20f8e937a91b","2026-04-01 04:18:55.679","2026-04-01 04:18:55.679","69cb3707313c20f8e937a91b","691cb98574e7017d10efa44a","[PREMIUM]","[PREMIUM]","[PREMIUM]","[PREMIUM]","[PREMIUM]","[1,2,3,4]","106","J","Lower","['*','*','*','*']","mobile","tm","tmqr",,"[PREMIUM]","[PREMIUM]","[]","2026-04-23 00:00:00","Bow Wow and B2K (Rescheduled from 2/20)","music","2026-04-25 00:00:00","57aba98ff80c4115bab50ab1"
"69cb3708351b4c9460d779d7","2026-04-01 04:18:55.679","2026-04-01 04:18:55.679","69cb3708351b4c9460d779d7","691cb98574e7017d10efa44a","[PREMIUM]","[PREMIUM]","[PREMIUM]","[PREMIUM]","[PREMIUM]","[2]","108","J","Lower","['*','*']","mobile","tm","tmqr",,"[PREMIUM]","[PREMIUM]","[]","2026-04-23 00:00:00","Bow Wow and B2K (Rescheduled from 2/20)","music","2026-04-25 00:00:00","57aba98ff80c4115bab50ab1"
"69cb3fbc53c05bd145a970a2","2026-04-01 04:18:55.679","2026-04-01 04:18:55.679","69cb3fbc53c05bd145a970a2","691cb98574e7017d10efa44a","[PREMIUM]","[PREMIUM]","[PREMIUM]","[PREMIUM]","[PREMIUM]","[2]","138","G","Lower","['*','*']","mobile","tm","tmqr",,"[PREMIUM]","[PREMIUM]","[]","2026-04-24 00:00:00","Bow Wow and B2K (Rescheduled from 2/20)","music","2026-04-25 00:00:00","57aba98ff80c4115bab50ab1"
"69cb8ff653c05bd145bc3521","2026-04-01 04:18:55.679","2026-04-02 08:22:08.706","69cb8ff653c05bd145bc3521","691cb98574e7017d10efa44a","[PREMIUM]","[PREMIUM]","[PREMIUM]","[PREMIUM]","[PREMIUM]","[2]","140","T","Lower","['*','*']","mobile","tm","tmqr","great","[PREMIUM]","[PREMIUM]","[]","2026-04-23 00:00:00","Bow Wow and B2K (Rescheduled from 2/20)","music","2026-04-25 00:00:00","57aba98ff80c4115bab50ab1"
"69cba07443431a0d5802054a","2026-04-01 04:18:55.679","2026-04-01 04:18:55.679","69cba07443431a0d5802054a","691cb98574e7017d10efa44a","[PREMIUM]","[PREMIUM]","[PREMIUM]","[PREMIUM]","[PREMIUM]","[2]","139","N","Lower","['*','*']","mobile","tm","tmqr",,"[PREMIUM]","[PREMIUM]","[]","2026-04-23 00:00:00","Bow Wow and B2K (Rescheduled from 2/20)","music","2026-04-25 00:00:00","57aba98ff80c4115bab50ab1"
"69cbb8fa53c05bd145bf58fc","2026-04-01 04:18:55.679","2026-04-01 04:18:55.679","69cbb8fa53c05bd145bf58fc","691cb98574e7017d10efa44a","[PREMIUM]","[PREMIUM]","[PREMIUM]","[PREMIUM]","[PREMIUM]","[1,2,3,4]","132","E","Lower","['*','*','*','*']","mobile","tm","tmqr","great","[PREMIUM]","[PREMIUM]","[]","2026-04-23 00:00:00","Bow Wow and B2K (Rescheduled from 2/20)","music","2026-04-25 00:00:00","57aba98ff80c4115bab50ab1"
"69cc08c9c63b17d9df449854","2026-04-01 04:18:55.679","2026-04-01 04:18:55.679","69cc08c9c63b17d9df449854","691cb98574e7017d10efa44a","[PREMIUM]","[PREMIUM]","[PREMIUM]","[PREMIUM]","[PREMIUM]","[2]","FLR1","Z","Floor","['*','*']","mobile","tm","tmqr",,"[PREMIUM]","[PREMIUM]","[]","2026-04-23 00:00:00","Bow Wow and B2K (Rescheduled from 2/20)","music","2026-04-25 00:00:00","57aba98ff80c4115bab50ab1"
"69cc139f53c05bd1452bea31","2026-04-01 04:18:55.679","2026-04-02 08:22:08.706","69cc139f53c05bd1452bea31","691cb98574e7017d10efa44a","[PREMIUM]","[PREMIUM]","[PREMIUM]","[PREMIUM]","[PREMIUM]","[1,2,3]","FLR1","T","Floor","['*','*','*']","mobile","tm","tmqr","great","[PREMIUM]","[PREMIUM]","[]","2026-04-24 00:00:00","Bow Wow and B2K (Rescheduled from 2/20)","music","2026-04-25 00:00:00","57aba98ff80c4115bab50ab1"
"69cc9a12d0e42158f8954784","2026-04-01 04:18:55.679","2026-04-01 04:18:55.679","69cc9a12d0e42158f8954784","691cb98574e7017d10efa44a","[PREMIUM]","[PREMIUM]","[PREMIUM]","[PREMIUM]","[PREMIUM]","[1,2,3,4,5,6,7,8]","134","L","Lower","['*','*','*','*','*','*','*','*']","mobile","tm","tmqr",,"[PREMIUM]","[PREMIUM]","[]","2026-04-23 00:00:00","Bow Wow and B2K (Rescheduled from 2/20)","music","2026-04-25 00:00:00","57aba98ff80c4115bab50ab1"
"69bd8b42f6fbc8b354d5d15b","2026-04-01 04:18:55.597","2026-04-04 16:15:52.508","69bd8b42f6fbc8b354d5d15b","691cb9a6cdcc919648b96440","[PREMIUM]","[PREMIUM]","[PREMIUM]","[PREMIUM]","[PREMIUM]","[1,2,3,4]","112","R","Plaza","['*','*','*','*']","mobile","tm","tmqr",,"[PREMIUM]","[PREMIUM]","[]",,"B2K and Bow Wow (Rescheduled from 2/21)","music","2026-04-27 01:00:00","545696673bf3765225000001"
"69c8576053c05bd145705f1f","2026-04-01 04:18:55.597","2026-04-02 08:22:07.348","69c8576053c05bd145705f1f","691cb9a6cdcc919648b96440","[PREMIUM]","[PREMIUM]","[PREMIUM]","[PREMIUM]","[PREMIUM]","[2]","114","F","Plaza","['*','*']","mobile","tm","tmqr",,"[PREMIUM]","[PREMIUM]","[]","2026-04-26 00:00:00","B2K and Bow Wow (Rescheduled from 2/21)","music","2026-04-27 01:00:00","545696673bf3765225000001"
"69ca708853c05bd145516270","2026-04-01 04:18:55.597","2026-04-01 04:18:55.597","69ca708853c05bd145516270","691cb9a6cdcc919648b96440","[PREMIUM]","[PREMIUM]","[PREMIUM]","[PREMIUM]","[PREMIUM]","[1,2,3,4,5,6,7,8]","115","G","Plaza","['*','*','*','*','*','*','*','*']","mobile","tm","tmqr",,"[PREMIUM]","[PREMIUM]","[]","2026-04-26 00:00:00","B2K and Bow Wow (Rescheduled from 2/21)","music","2026-04-27 01:00:00","545696673bf3765225000001"
"69cb0f5653c05bd1459c776e","2026-04-01 04:18:55.597","2026-04-01 04:18:55.597","69cb0f5653c05bd1459c776e","691cb9a6cdcc919648b96440","[PREMIUM]","[PREMIUM]","[PREMIUM]","[PREMIUM]","[PREMIUM]","[1,2,3,4]","112","L","Plaza","['*','*','*','*']","mobile","tm","tmqr",,"[PREMIUM]","[PREMIUM]","[]","2026-04-25 00:00:00","B2K and Bow Wow (Rescheduled from 2/21)","music","2026-04-27 01:00:00","545696673bf3765225000001"
"69cb811953c05bd1457b8bb0","2026-04-01 04:18:55.597","2026-04-03 11:57:33.181","69cb811953c05bd1457b8bb0","691cb9a6cdcc919648b96440","[PREMIUM]","[PREMIUM]","[PREMIUM]","[PREMIUM]","[PREMIUM]","[2]","FLR2","K","Floor","['*','*']","mobile","tm","tmqr","great","[PREMIUM]","[PREMIUM]","[]","2026-04-25 00:00:00","B2K and Bow Wow (Rescheduled from 2/21)","music","2026-04-27 01:00:00","545696673bf3765225000001"
"69cbfae653c05bd145f9c08e","2026-04-01 04:18:55.597","2026-04-03 11:57:33.181","69cbfae653c05bd145f9c08e","691cb9a6cdcc919648b96440","[PREMIUM]","[PREMIUM]","[PREMIUM]","[PREMIUM]","[PREMIUM]","[2]","105","M","Plaza","['*','*']","mobile","tm","tmqr",,"[PREMIUM]","[PREMIUM]","[]","2026-04-25 00:00:00","B2K and Bow Wow (Rescheduled from 2/21)","music","2026-04-27 01:00:00","545696673bf3765225000001"
"69cc101753c05bd1456ef6e2","2026-04-01 04:18:55.597","2026-04-08 03:51:41.850","69cc101753c05bd1456ef6e2","691cb9a6cdcc919648b96440","[PREMIUM]","[PREMIUM]","[PREMIUM]","[PREMIUM]","[PREMIUM]","[1,2,3,4]","107","L","Plaza","['*','*','*','*']","mobile","tm","tmqr","great","[PREMIUM]","[PREMIUM]","[]","2026-04-25 00:00:00","B2K and Bow Wow (Rescheduled from 2/21)","music","2026-04-27 01:00:00","545696673bf3765225000001"
"69cc0f6853c05bd14544e3a4","2026-04-01 04:18:55.597","2026-04-01 04:18:55.597","69cc0f6853c05bd14544e3a4","691cb9a6cdcc919648b96440","[PREMIUM]","[PREMIUM]","[PREMIUM]","[PREMIUM]","[PREMIUM]","[1,2,3]","107","E","Plaza","['*','*','*']","mobile","tm","tmqr",,"[PREMIUM]","[PREMIUM]","[]","2026-04-26 00:00:00","B2K and Bow Wow (Rescheduled from 2/21)","music","2026-04-27 01:00:00","545696673bf3765225000001"
"69cc229953c05bd1456f6d55","2026-04-01 04:18:55.597","2026-04-01 04:18:55.597","69cc229953c05bd1456f6d55","691cb9a6cdcc919648b96440","[PREMIUM]","[PREMIUM]","[PREMIUM]","[PREMIUM]","[PREMIUM]","[2]","105","G","Plaza","['*','*']","mobile","tm","tmqr",,"[PREMIUM]","[PREMIUM]","[]","2026-04-26 00:00:00","B2K and Bow Wow (Rescheduled from 2/21)","music","2026-04-27 01:00:00","545696673bf3765225000001"
"69cc4bdc53c05bd145fe80b2","2026-04-01 04:18:55.597","2026-04-02 08:22:07.348","69cc4bdc53c05bd145fe80b2","691cb9a6cdcc919648b96440","[PREMIUM]","[PREMIUM]","[PREMIUM]","[PREMIUM]","[PREMIUM]","[1,2]","PINN13","E","Pinn","['*','*']","mobile","tm","tmqr","super","[PREMIUM]","[PREMIUM]","[]","2026-04-25 00:00:00","B2K and Bow Wow (Rescheduled from 2/21)","music","2026-04-27 01:00:00","545696673bf3765225000001"
"69cc440753c05bd14556cb3a","2026-04-01 04:18:55.597","2026-04-02 08:22:07.348","69cc440753c05bd14556cb3a","691cb9a6cdcc919648b96440","[PREMIUM]","[PREMIUM]","[PREMIUM]","[PREMIUM]","[PREMIUM]","[1,2,3,4,5,6,7,8]","PINN5","B","Pinn","['*','*','*','*','*','*','*','*']","mobile","tm","tmqr",,"[PREMIUM]","[PREMIUM]","[]","2026-04-25 00:00:00","B2K and Bow Wow (Rescheduled from 2/21)","music","2026-04-27 01:00:00","545696673bf3765225000001"
"69cc73a753c05bd1455d5b0b","2026-04-01 04:18:55.597","2026-04-01 04:18:55.597","69cc73a753c05bd1455d5b0b","691cb9a6cdcc919648b96440","[PREMIUM]","[PREMIUM]","[PREMIUM]","[PREMIUM]","[PREMIUM]","[1,2]","112A","JJ","Plaza","['*','*']","mobile","tm","tmqr","amazing","[PREMIUM]","[PREMIUM]","[]","2026-04-25 00:00:00","B2K and Bow Wow (Rescheduled from 2/21)","music","2026-04-27 01:00:00","545696673bf3765225000001"
"69cc8f5c53c05bd1453213ac","2026-04-01 04:18:55.597","2026-04-01 04:18:55.597","69cc8f5c53c05bd1453213ac","691cb9a6cdcc919648b96440","[PREMIUM]","[PREMIUM]","[PREMIUM]","[PREMIUM]","[PREMIUM]","[2]","107A","GG","Plaza","['*','*']","mobile","tm","tmqr","great","[PREMIUM]","[PREMIUM]","[]","2026-04-26 00:00:00","B2K and Bow Wow (Rescheduled from 2/21)","music","2026-04-27 01:00:00","545696673bf3765225000001"
"69a99e6289f0a636ae135fa1","2026-04-01 04:18:54.239","2026-04-15 08:59:24.341","69a99e6289f0a636ae135fa1","691d0f364f7e31ad7262a2da","[PREMIUM]","[PREMIUM]","[PREMIUM]","[PREMIUM]","[PREMIUM]","[2]","FLRC","P","Floor","['*','*']","electronic",,"tmqr","amazing","[PREMIUM]","[PREMIUM]","[]",,"Bert Kreischer (Rescheduled from 1/24)","comedy","2026-05-14 00:00:00","5ae7a3fb2ce0a20012c21afe"
"69a99e6289f0a636ae135fbc","2026-04-01 04:18:54.239","2026-04-15 08:59:24.341","69a99e6289f0a636ae135fbc","691d0f364f7e31ad7262a2da","[PREMIUM]","[PREMIUM]","[PREMIUM]","[PREMIUM]","[PREMIUM]","[2]","FLRFD","D","Floor","['*','*']","electronic",,"tmqr","amazing","[PREMIUM]","[PREMIUM]","[]",,"Bert Kreischer (Rescheduled from 1/24)","comedy","2026-05-14 00:00:00","5ae7a3fb2ce0a20012c21afe"
"69cb9e2e53c05bd145b0ecb6","2026-04-01 04:18:54.239","2026-04-02 08:22:07.219","69cb9e2e53c05bd145b0ecb6","691d0f364f7e31ad7262a2da","[PREMIUM]","[PREMIUM]","[PREMIUM]","[PREMIUM]","[PREMIUM]","[1,2]","BALCM","A","Balcony","['*','*']","electronic",,"tmqr",,"[PREMIUM]","[PREMIUM]","[]","2026-05-12 00:00:00","Bert Kreischer (Rescheduled from 1/24)","comedy","2026-05-14 00:00:00","5ae7a3fb2ce0a20012c21afe"
"69cb9e3b53c05bd145b2e17a","2026-04-01 04:18:54.239","2026-04-02 08:22:07.219","69cb9e3b53c05bd145b2e17a","691d0f364f7e31ad7262a2da","[PREMIUM]","[PREMIUM]","[PREMIUM]","[PREMIUM]","[PREMIUM]","[2]","BALCK","C","Balcony","['*','*']","electronic",,"tmqr","great","[PREMIUM]","[PREMIUM]","[]","2026-05-12 00:00:00","Bert Kreischer (Rescheduled from 1/24)","comedy","2026-05-14 00:00:00","5ae7a3fb2ce0a20012c21afe"
"69cb9e3f53c05bd145b35162","2026-04-01 04:18:54.239","2026-04-02 08:22:07.219","69cb9e3f53c05bd145b35162","691d0f364f7e31ad7262a2da","[PREMIUM]","[PREMIUM]","[PREMIUM]","[PREMIUM]","[PREMIUM]","[2]","BALCP","A","Balcony","['*','*']","electronic",,"tmqr",,"[PREMIUM]","[PREMIUM]","[]","2026-05-12 00:00:00","Bert Kreischer (Rescheduled from 1/24)","comedy","2026-05-14 00:00:00","5ae7a3fb2ce0a20012c21afe"
"69cb9e4253c05bd145b3b636","2026-04-01 04:18:54.239","2026-04-02 08:22:07.219","69cb9e4253c05bd145b3b636","691d0f364f7e31ad7262a2da","[PREMIUM]","[PREMIUM]","[PREMIUM]","[PREMIUM]","[PREMIUM]","[2]","BALCP","D","Balcony","['*','*']","electronic",,"tmqr","amazing","[PREMIUM]","[PREMIUM]","[]","2026-05-12 00:00:00","Bert Kreischer (Rescheduled from 1/24)","comedy","2026-05-14 00:00:00","5ae7a3fb2ce0a20012c21afe"
"69cb9e6953c05bd145b85a14","2026-04-01 04:18:54.239","2026-04-02 08:22:07.219","69cb9e6953c05bd145b85a14","691d0f364f7e31ad7262a2da","[PREMIUM]","[PREMIUM]","[PREMIUM]","[PREMIUM]","[PREMIUM]","[2]","BALCN","C","Balcony","['*','*']","electronic",,"tmqr",,"[PREMIUM]","[PREMIUM]","[]","2026-05-12 00:00:00","Bert Kreischer (Rescheduled from 1/24)","comedy","2026-05-14 00:00:00","5ae7a3fb2ce0a20012c21afe"
"69976a69c42be979a8e9faf6","2026-04-01 04:18:54.143","2026-04-02 08:22:07.407","69976a69c42be979a8e9faf6","691cb9ca868262af608b78af","[PREMIUM]","[PREMIUM]","[PREMIUM]","[PREMIUM]","[PREMIUM]","[2]","106","U","Lower","['*','*']","mobile","tm","tmqr",,"[PREMIUM]","[PREMIUM]","[]","2026-04-15 00:00:00","B2K and Bow Wow (Rescheduled from 2/22)","music","2026-04-17 00:00:00","5819092ccde6626ebe2ad260"
"69c9fbd553c05bd145449ee9","2026-04-01 04:18:54.143","2026-04-01 04:18:54.143","69c9fbd553c05bd145449ee9","691cb9ca868262af608b78af","[PREMIUM]","[PREMIUM]","[PREMIUM]","[PREMIUM]","[PREMIUM]","[1,2,3]","104","T","Lower","['*','*','*']","mobile","tm","tmqr","amazing","[PREMIUM]","[PREMIUM]","['limited_view']","2026-04-16 00:00:00","B2K and Bow Wow (Rescheduled from 2/22)","music","2026-04-17 00:00:00","5819092ccde6626ebe2ad260"
"69caafdc53c05bd145b068e0","2026-04-01 04:18:54.143","2026-04-01 04:18:54.143","69caafdc53c05bd145b068e0","691cb9ca868262af608b78af","[PREMIUM]","[PREMIUM]","[PREMIUM]","[PREMIUM]","[PREMIUM]","[2]","105","G","Lower","['*','*']","mobile","tm","tmqr",,"[PREMIUM]","[PREMIUM]","[]","2026-04-16 00:00:00","B2K and Bow Wow (Rescheduled from 2/22)","music","2026-04-17 00:00:00","5819092ccde6626ebe2ad260"
"69caa4b753c05bd145641b4b","2026-04-01 04:18:54.143","2026-04-01 04:18:54.143","69caa4b753c05bd145641b4b","691cb9ca868262af608b78af","[PREMIUM]","[PREMIUM]","[PREMIUM]","[PREMIUM]","[PREMIUM]","[1,2,3,4]","FLOOR","13","Floor","['*','*','*','*']","mobile","tm","tmqr",,"[PREMIUM]","[PREMIUM]","[]","2026-04-15 00:00:00","B2K and Bow Wow (Rescheduled from 2/22)","music","2026-04-17 00:00:00","5819092ccde6626ebe2ad260"
"69cb0b3353c05bd145d5e09b","2026-04-01 04:18:54.143","2026-04-02 08:22:07.407","69cb0b3353c05bd145d5e09b","691cb9ca868262af608b78af","[PREMIUM]","[PREMIUM]","[PREMIUM]","[PREMIUM]","[PREMIUM]","[1,2,3,4]","105","N","Lower","['*','*','*','*']","mobile","tm","tmqr","amazing","[PREMIUM]","[PREMIUM]","[]","2026-04-15 00:00:00","B2K and Bow Wow (Rescheduled from 2/22)","music","2026-04-17 00:00:00","5819092ccde6626ebe2ad260"
"69cb96a153c05bd145a61bea","2026-04-01 04:18:54.143","2026-04-01 04:18:54.143","69cb96a153c05bd145a61bea","691cb9ca868262af608b78af","[PREMIUM]","[PREMIUM]","[PREMIUM]","[PREMIUM]","[PREMIUM]","[1,2]","107","Q","Lower","['*','*']","mobile","tm","tmqr","great","[PREMIUM]","[PREMIUM]","[]","2026-04-15 00:00:00","B2K and Bow Wow (Rescheduled from 2/22)","music","2026-04-17 00:00:00","5819092ccde6626ebe2ad260"
"69cb966b53c05bd1459ef67b","2026-04-01 04:18:54.143","2026-04-01 04:18:54.143","69cb966b53c05bd1459ef67b","691cb9ca868262af608b78af","[PREMIUM]","[PREMIUM]","[PREMIUM]","[PREMIUM]","[PREMIUM]","[1,2,3,4,5,6,7,8]","110","S","Lower","['*','*','*','*','*','*','*','*']","mobile","tm","tmqr","great","[PREMIUM]","[PREMIUM]","[]","2026-04-15 00:00:00","B2K and Bow Wow (Rescheduled from 2/22)","music","2026-04-17 00:00:00","5819092ccde6626ebe2ad260"
"69cbf9b353c05bd145b29850","2026-04-01 04:18:54.143","2026-04-02 08:22:07.407","69cbf9b353c05bd145b29850","691cb9ca868262af608b78af","[PREMIUM]","[PREMIUM]","[PREMIUM]","[PREMIUM]","[PREMIUM]","[1,2,3,4,5,6]","111","R","Lower","['*','*','*','*','*','*']","mobile","tm","tmqr","great","[PREMIUM]","[PREMIUM]","[]","2026-04-15 00:00:00","B2K and Bow Wow (Rescheduled from 2/22)","music","2026-04-17 00:00:00","5819092ccde6626ebe2ad260"
"69cc60613e7041e987efc14a","2026-04-01 04:18:54.143","2026-04-01 04:18:54.143","69cc60613e7041e987efc14a","691cb9ca868262af608b78af","[PREMIUM]","[PREMIUM]","[PREMIUM]","[PREMIUM]","[PREMIUM]","[1,2,3,4,5,6]","105","U","Lower","['*','*','*','*','*','*']","mobile","tm","tmqr",,"[PREMIUM]","[PREMIUM]","[]","2026-04-15 00:00:00","B2K and Bow Wow (Rescheduled from 2/22)","music","2026-04-17 00:00:00","5819092ccde6626ebe2ad260"
"69cc5e6a53c05bd145cda48a","2026-04-01 04:18:54.143","2026-04-01 04:18:54.143","69cc5e6a53c05bd145cda48a","691cb9ca868262af608b78af","[PREMIUM]","[PREMIUM]","[PREMIUM]","[PREMIUM]","[PREMIUM]","[1,2,3,4,5,6,7,8]","103","P","Lower","['*','*','*','*','*','*','*','*']","mobile","tm","tmqr","amazing","[PREMIUM]","[PREMIUM]","[]","2026-04-15 00:00:00","B2K and Bow Wow (Rescheduled from 2/22)","music","2026-04-17 00:00:00","5819092ccde6626ebe2ad260"
"69cc639253c05bd145dda565","2026-04-01 04:18:54.143","2026-04-01 04:18:54.143","69cc639253c05bd145dda565","691cb9ca868262af608b78af","[PREMIUM]","[PREMIUM]","[PREMIUM]","[PREMIUM]","[PREMIUM]","[1,2,3,4,5,6]","108","T","Lower","['*','*','*','*','*','*']","mobile","tm","tmqr",,"[PREMIUM]","[PREMIUM]","[]","2026-04-15 00:00:00","B2K and Bow Wow (Rescheduled from 2/22)","music","2026-04-17 00:00:00","5819092ccde6626ebe2ad260"
"69cc637453c05bd145d747cf","2026-04-01 04:18:54.143","2026-04-01 04:18:54.143","69cc637453c05bd145d747cf","691cb9ca868262af608b78af","[PREMIUM]","[PREMIUM]","[PREMIUM]","[PREMIUM]","[PREMIUM]","[1,2,3,4]","115","P","Lower","['*','*','*','*']","mobile","tm","tmqr","amazing","[PREMIUM]","[PREMIUM]","[]","2026-04-15 00:00:00","B2K and Bow Wow (Rescheduled from 2/22)","music","2026-04-17 00:00:00","5819092ccde6626ebe2ad260"
"69cc7ed353c05bd145c17235","2026-04-01 04:18:54.143","2026-04-01 04:18:54.143","69cc7ed353c05bd145c17235","691cb9ca868262af608b78af","[PREMIUM]","[PREMIUM]","[PREMIUM]","[PREMIUM]","[PREMIUM]","[1,2]","113","P","Lower","['*','*']","mobile","tm","tmqr","super","[PREMIUM]","[PREMIUM]","[]","2026-04-15 00:00:00","B2K and Bow Wow (Rescheduled from 2/22)","music","2026-04-17 00:00:00","5819092ccde6626ebe2ad260"
"69cc98e253c05bd145d7b3fc","2026-04-01 04:18:54.143","2026-04-01 04:18:54.143","69cc98e253c05bd145d7b3fc","691cb9ca868262af608b78af","[PREMIUM]","[PREMIUM]","[PREMIUM]","[PREMIUM]","[PREMIUM]","[1,2]","115","W","Lower","['*','*']","mobile","tm","tmqr",,"[PREMIUM]","[PREMIUM]","[]","2026-04-15 00:00:00","B2K and Bow Wow (Rescheduled from 2/22)","music","2026-04-17 00:00:00","5819092ccde6626ebe2ad260"
"69cc8f5c53c05bd14532147f","2026-04-01 04:18:54.143","2026-04-01 04:18:54.143","69cc8f5c53c05bd14532147f","691cb9ca868262af608b78af","[PREMIUM]","[PREMIUM]","[PREMIUM]","[PREMIUM]","[PREMIUM]","[1,2,3]","112","Q","Lower","['*','*','*']","mobile","tm","tmqr","amazing","[PREMIUM]","[PREMIUM]","[]","2026-04-16 00:00:00","B2K and Bow Wow (Rescheduled from 2/22)","music","2026-04-17 00:00:00","5819092ccde6626ebe2ad260"
"69cb43d4087e1e66bb83db53","2026-04-01 04:18:54.063","2026-04-02 08:22:06.057","69cb43d4087e1e66bb83db53","691cf98199ac8743f3590281","[PREMIUM]","[PREMIUM]","[PREMIUM]","[PREMIUM]","[PREMIUM]","[1,2,3,4]","302","S","Section","['*','*','*','*']","mobile","tm","tmqr",,"[PREMIUM]","[PREMIUM]","[]","2026-04-25 00:00:00","An Evening With Phil Rosenthal (Rescheduled from 1/24)","comedy","2026-04-27 00:00:00","60f2070f0d70d60001e77ca6"
"69cb43d3e12382e41035bc4b","2026-04-01 04:18:54.063","2026-04-01 04:18:54.063","69cb43d3e12382e41035bc4b","691cf98199ac8743f3590281","[PREMIUM]","[PREMIUM]","[PREMIUM]","[PREMIUM]","[PREMIUM]","[1,2]","103","Q","Floor","['*','*']","mobile","tm","tmqr","amazing","[PREMIUM]","[PREMIUM]","[]","2026-04-25 00:00:00","An Evening With Phil Rosenthal (Rescheduled from 1/24)","comedy","2026-04-27 00:00:00","60f2070f0d70d60001e77ca6"
"69cb43d5087e1e66bb83db54","2026-04-01 04:18:54.063","2026-04-02 08:22:06.057","69cb43d5087e1e66bb83db54","691cf98199ac8743f3590281","[PREMIUM]","[PREMIUM]","[PREMIUM]","[PREMIUM]","[PREMIUM]","[1,2,3,4,5,6]","104","LL","Floor","['*','*','*','*','*','*']","mobile","tm","tmqr","great","[PREMIUM]","[PREMIUM]","[]","2026-04-25 00:00:00","An Evening With Phil Rosenthal (Rescheduled from 1/24)","comedy","2026-04-27 00:00:00","60f2070f0d70d60001e77ca6"
"69cb43d42723acc4f952521b","2026-04-01 04:18:54.063","2026-04-02 08:22:06.057","69cb43d42723acc4f952521b","691cf98199ac8743f3590281","[PREMIUM]","[PREMIUM]","[PREMIUM]","[PREMIUM]","[PREMIUM]","[1,2,3,4]","106","MM","Floor","['*','*','*','*']","mobile","tm","tmqr",,"[PREMIUM]","[PREMIUM]","[]","2026-04-25 00:00:00","An Evening With Phil Rosenthal (Rescheduled from 1/24)","comedy","2026-04-27 00:00:00","60f2070f0d70d60001e77ca6"
"69cb43d4a73e8acfe6e75907","2026-04-01 04:18:54.063","2026-04-02 08:22:06.057","69cb43d4a73e8acfe6e75907","691cf98199ac8743f3590281","[PREMIUM]","[PREMIUM]","[PREMIUM]","[PREMIUM]","[PREMIUM]","[1,2,3,4,5,6]","201","J","Section","['*','*','*','*','*','*']","mobile","tm","tmqr",,"[PREMIUM]","[PREMIUM]","[]","2026-04-25 00:00:00","An Evening With Phil Rosenthal (Rescheduled from 1/24)","comedy","2026-04-27 00:00:00","60f2070f0d70d60001e77ca6"
"69cb43d48efc559840bf46e9","2026-04-01 04:18:54.063","2026-04-13 00:41:03.738","69cb43d48efc559840bf46e9","691cf98199ac8743f3590281","[PREMIUM]","[PREMIUM]","[PREMIUM]","[PREMIUM]","[PREMIUM]","[1,2,3,4]","303","P","Section","['*','*','*','*']","mobile","tm","tmqr",,"[PREMIUM]","[PREMIUM]","[]","2026-04-25 00:00:00","An Evening With Phil Rosenthal (Rescheduled from 1/24)","comedy","2026-04-27 00:00:00","60f2070f0d70d60001e77ca6"
"69cb2cfa4a7ee84469d7ec5a","2026-04-01 04:18:48.446","2026-04-01 04:18:48.446","69cb2cfa4a7ee84469d7ec5a","68797da09c078d655e97a121","[PREMIUM]","[PREMIUM]","[PREMIUM]","[PREMIUM]","[PREMIUM]","[2]","10","K","Balcony","['*','*']","mobile","axs","tmqr",,"[PREMIUM]","[PREMIUM]","[]","2026-06-24 00:00:00","Nashville - The Encore Tour (Rescheduled from 1/25, 1/27)","music","2026-06-27 00:30:00","5798426cf80c417b17e7395f"
"69cb2d28c63b17d9df44300f","2026-04-01 04:18:48.446","2026-04-01 04:18:48.446","69cb2d28c63b17d9df44300f","68797da09c078d655e97a121","[PREMIUM]","[PREMIUM]","[PREMIUM]","[PREMIUM]","[PREMIUM]","[2]","15","P","Balcony","['*','*']","mobile","axs","tmqr","amazing","[PREMIUM]","[PREMIUM]","[]","2026-06-24 00:00:00","Nashville - The Encore Tour (Rescheduled from 1/25, 1/27)","music","2026-06-27 00:30:00","5798426cf80c417b17e7395f"
"69cb28e695f5e8fdf9c3edd5","2026-04-01 04:18:48.446","2026-04-01 04:18:48.446","69cb28e695f5e8fdf9c3edd5","68797da09c078d655e97a121","[PREMIUM]","[PREMIUM]","[PREMIUM]","[PREMIUM]","[PREMIUM]","[2]","9","G","Balcony","['*','*']","mobile","axs","tmqr","amazing","[PREMIUM]","[PREMIUM]","[]","2026-06-24 00:00:00","Nashville - The Encore Tour (Rescheduled from 1/25, 1/27)","music","2026-06-27 00:30:00","5798426cf80c417b17e7395f"
"69cb2925102eff2cf6b6ebc5","2026-04-01 04:18:48.446","2026-04-01 04:18:48.446","69cb2925102eff2cf6b6ebc5","68797da09c078d655e97a121","[PREMIUM]","[PREMIUM]","[PREMIUM]","[PREMIUM]","[PREMIUM]","[2,3,4,5,7]","15","K","Balcony","['*','*','*','*','*','*','*']","mobile","axs","tmqr",,"[PREMIUM]","[PREMIUM]","[]","2026-06-24 00:00:00","Nashville - The Encore Tour (Rescheduled from 1/25, 1/27)","music","2026-06-27 00:30:00","5798426cf80c417b17e7395f"
"69cb28c2e12382e41035ad81","2026-04-01 04:18:48.446","2026-04-01 04:18:48.446","69cb28c2e12382e41035ad81","68797da09c078d655e97a121","[PREMIUM]","[PREMIUM]","[PREMIUM]","[PREMIUM]","[PREMIUM]","[2]","11","P","Balcony","['*','*']","mobile","axs","tmqr","great","[PREMIUM]","[PREMIUM]","[]","2026-06-24 00:00:00","Nashville - The Encore Tour (Rescheduled from 1/25, 1/27)","music","2026-06-27 00:30:00","5798426cf80c417b17e7395f"
"69cb2be848921fe225f34f00","2026-04-01 04:18:48.446","2026-04-01 04:18:48.446","69cb2be848921fe225f34f00","68797da09c078d655e97a121","[PREMIUM]","[PREMIUM]","[PREMIUM]","[PREMIUM]","[PREMIUM]","[2,4]","12","H","Balcony","['*','*','*','*']","mobile","axs","tmqr",,"[PREMIUM]","[PREMIUM]","[]","2026-06-24 00:00:00","Nashville - The Encore Tour (Rescheduled from 1/25, 1/27)","music","2026-06-27 00:30:00","5798426cf80c417b17e7395f"
"69cb25d53121488aef236a90","2026-04-01 04:18:48.446","2026-04-01 04:18:48.446","69cb25d53121488aef236a90","68797da09c078d655e97a121","[PREMIUM]","[PREMIUM]","[PREMIUM]","[PREMIUM]","[PREMIUM]","[2]","16","K","Balcony","['*','*']","mobile","axs","tmqr","great","[PREMIUM]","[PREMIUM]","[]","2026-06-24 00:00:00","Nashville - The Encore Tour (Rescheduled from 1/25, 1/27)","music","2026-06-27 00:30:00","5798426cf80c417b17e7395f"
"69cb2a13087e1e66bb83ce02","2026-04-01 04:18:48.446","2026-04-01 04:18:48.446","69cb2a13087e1e66bb83ce02","68797da09c078d655e97a121","[PREMIUM]","[PREMIUM]","[PREMIUM]","[PREMIUM]","[PREMIUM]","[2]","10","P","Balcony","['*','*']","mobile","axs","tmqr","amazing","[PREMIUM]","[PREMIUM]","[]","2026-06-24 00:00:00","Nashville - The Encore Tour (Rescheduled from 1/25, 1/27)","music","2026-06-27 00:30:00","5798426cf80c417b17e7395f"
"69cb1b8f2f38022449b23462","2026-04-01 04:18:48.446","2026-04-01 04:18:48.446","69cb1b8f2f38022449b23462","68797da09c078d655e97a121","[PREMIUM]","[PREMIUM]","[PREMIUM]","[PREMIUM]","[PREMIUM]","[2]","12","P","Balcony","['*','*']","mobile","axs","tmqr","great","[PREMIUM]","[PREMIUM]","[]","2026-06-24 00:00:00","Nashville - The Encore Tour (Rescheduled from 1/25, 1/27)","music","2026-06-27 00:30:00","5798426cf80c417b17e7395f"
"69cbec3e087e1e66bb841a07","2026-04-01 04:18:48.446","2026-04-01 04:18:48.446","69cbec3e087e1e66bb841a07","68797da09c078d655e97a121","[PREMIUM]","[PREMIUM]","[PREMIUM]","[PREMIUM]","[PREMIUM]","[2,4]","2","S","Main Floor","['*','*','*','*']","mobile","axs","tmqr","amazing","[PREMIUM]","[PREMIUM]","[]","2026-06-24 00:00:00","Nashville - The Encore Tour (Rescheduled from 1/25, 1/27)","music","2026-06-27 00:30:00","5798426cf80c417b17e7395f"
"69383fc64c87f865d059ef79","2026-04-01 04:18:47.137","2026-04-13 00:41:02.431","69383fc64c87f865d059ef79","691f7b385f9df34e34778079","[PREMIUM]","[PREMIUM]","[PREMIUM]","[PREMIUM]","[PREMIUM]","[2]","111A","28","Terrace","['*','*']","mobile","tm","tmqr",,"[PREMIUM]","[PREMIUM]","[]","2026-05-29 00:00:00","Roberto Carlos (Rescheduled from 2/27)","music","2026-05-31 00:00:00","545d4acf3bf3762bdb000003"
"6938400f4c87f865d06d2f71","2026-04-01 04:18:47.137","2026-04-15 08:59:21.296","6938400f4c87f865d06d2f71","691f7b385f9df34e34778079","[PREMIUM]","[PREMIUM]","[PREMIUM]","[PREMIUM]","[PREMIUM]","[2]","FLR7","L","Floor","['*','*']","mobile","tm","tmqr",,"[PREMIUM]","[PREMIUM]","[]","2026-05-29 00:00:00","Roberto Carlos (Rescheduled from 2/27)","music","2026-05-31 00:00:00","545d4acf3bf3762bdb000003"
"69383f3d4c87f865d0348e21","2026-04-01 04:18:47.137","2026-04-15 08:59:21.296","69383f3d4c87f865d0348e21","691f7b385f9df34e34778079","[PREMIUM]","[PREMIUM]","[PREMIUM]","[PREMIUM]","[PREMIUM]","[2]","116","7","Lower","['*','*']","mobile","tm","tmqr",,"[PREMIUM]","[PREMIUM]","[]","2026-05-29 00:00:00","Roberto Carlos (Rescheduled from 2/27)","music","2026-05-31 00:00:00","545d4acf3bf3762bdb000003"
"6994ad0ef0647cf8177fdd08","2026-04-01 04:18:47.137","2026-04-03 11:57:29.727","6994ad0ef0647cf8177fdd08","691f7b385f9df34e34778079","[PREMIUM]","[PREMIUM]","[PREMIUM]","[PREMIUM]","[PREMIUM]","[1,2,3,4]","LD","5","Loge","['*','*','*','*']","mobile","tm","tmqr",,"[PREMIUM]","[PREMIUM]","[]",,"Roberto Carlos (Rescheduled from 2/27)","music","2026-05-31 00:00:00","545d4acf3bf3762bdb000003"
"69954cccd13bb90813505d29","2026-04-01 04:18:47.137","2026-04-03 11:57:29.727","69954cccd13bb90813505d29","691f7b385f9df34e34778079","[PREMIUM]","[PREMIUM]","[PREMIUM]","[PREMIUM]","[PREMIUM]","[1,2,3,4]","104","8","Lower","['*','*','*','*']","mobile","tm","tmqr",,"[PREMIUM]","[PREMIUM]","[]",,"Roberto Carlos (Rescheduled from 2/27)","music","2026-05-31 00:00:00","545d4acf3bf3762bdb000003"
"699f3c22adf65bfad2409fa6","2026-04-01 04:18:47.137","2026-04-03 11:57:29.727","699f3c22adf65bfad2409fa6","691f7b385f9df34e34778079","[PREMIUM]","[PREMIUM]","[PREMIUM]","[PREMIUM]","[PREMIUM]","[2]","LE","1","Loge","['*','*']","mobile","tm","tmqr",,"[PREMIUM]","[PREMIUM]","[]","2026-05-29 00:00:00","Roberto Carlos (Rescheduled from 2/27)","music","2026-05-31 00:00:00","545d4acf3bf3762bdb000003"
"69b2e26bf6fbc8b35490be2e","2026-04-01 04:18:47.137","2026-04-15 08:59:21.296","69b2e26bf6fbc8b35490be2e","691f7b385f9df34e34778079","[PREMIUM]","[PREMIUM]","[PREMIUM]","[PREMIUM]","[PREMIUM]","[2]","LL","5","Loge","['*','*']","mobile","tm","tmqr",,"[PREMIUM]","[PREMIUM]","[]","2026-05-30 00:00:00","Roberto Carlos (Rescheduled from 2/27)","music","2026-05-31 00:00:00","545d4acf3bf3762bdb000003"
"69c36a1fe444063ae6c472f1","2026-04-01 04:18:47.137","2026-04-05 19:52:59.791","69c36a1fe444063ae6c472f1","691f7b385f9df34e34778079","[PREMIUM]","[PREMIUM]","[PREMIUM]","[PREMIUM]","[PREMIUM]","[1,2]","FLR5","B","Floor","['*','*']","mobile","tm","tmqr",,"[PREMIUM]","[PREMIUM]","[]","2026-05-29 00:00:00","Roberto Carlos (Rescheduled from 2/27)","music","2026-05-31 00:00:00","545d4acf3bf3762bdb000003"
"69c5c13b26c684ddb528180a","2026-04-01 04:18:47.137","2026-04-07 00:02:10.806","69c5c13b26c684ddb528180a","691f7b385f9df34e34778079","[PREMIUM]","[PREMIUM]","[PREMIUM]","[PREMIUM]","[PREMIUM]","[2]","116","2","Lower","['6','7']","mobile","tm","tmqr",,"[PREMIUM]","[PREMIUM]","[]","2026-05-30 00:00:00","Roberto Carlos (Rescheduled from 2/27)","music","2026-05-31 00:00:00","545d4acf3bf3762bdb000003"
"69c2c1f6f6fbc8b3546f40b4","2026-04-01 04:18:47.137","2026-04-15 08:59:21.296","69c2c1f6f6fbc8b3546f40b4","691f7b385f9df34e34778079","[PREMIUM]","[PREMIUM]","[PREMIUM]","[PREMIUM]","[PREMIUM]","[2]","108","3","Lower","['*','*']","mobile","tm","tmqr","amazing","[PREMIUM]","[PREMIUM]","[]","2026-05-29 00:00:00","Roberto Carlos (Rescheduled from 2/27)","music","2026-05-31 00:00:00","545d4acf3bf3762bdb000003"
"69cad945d60c31d47b4113ea","2026-04-01 04:18:47.137","2026-04-01 04:18:47.137","69cad945d60c31d47b4113ea","691f7b385f9df34e34778079","[PREMIUM]","[PREMIUM]","[PREMIUM]","[PREMIUM]","[PREMIUM]","[2,4]","106","6","Lower","['*','*','*','*']","mobile","tm","tmqr",,"[PREMIUM]","[PREMIUM]","[]","2026-05-29 00:00:00","Roberto Carlos (Rescheduled from 2/27)","music","2026-05-31 00:00:00","545d4acf3bf3762bdb000003"
"69cc64df53c05bd14525218a","2026-04-01 04:18:47.137","2026-04-01 04:18:47.137","69cc64df53c05bd14525218a","691f7b385f9df34e34778079","[PREMIUM]","[PREMIUM]","[PREMIUM]","[PREMIUM]","[PREMIUM]","[1,2]","113","4","Lower","['*','*']","mobile","tm","tmqr",,"[PREMIUM]","[PREMIUM]","[]","2026-05-29 00:00:00","Roberto Carlos (Rescheduled from 2/27)","music","2026-05-31 00:00:00","545d4acf3bf3762bdb000003"
"69cc64b953c05bd1451ca38e","2026-04-01 04:18:47.137","2026-04-04 16:15:49.595","69cc64b953c05bd1451ca38e","691f7b385f9df34e34778079","[PREMIUM]","[PREMIUM]","[PREMIUM]","[PREMIUM]","[PREMIUM]","[1,2,4]","110A","26","Terrace","['*','*','*','*']","mobile","tm","tmqr","great","[PREMIUM]","[PREMIUM]","[]","2026-05-29 00:00:00","Roberto Carlos (Rescheduled from 2/27)","music","2026-05-31 00:00:00","545d4acf3bf3762bdb000003"
"69cc64c353c05bd1451ef9ad","2026-04-01 04:18:47.137","2026-04-03 11:57:29.727","69cc64c353c05bd1451ef9ad","691f7b385f9df34e34778079","[PREMIUM]","[PREMIUM]","[PREMIUM]","[PREMIUM]","[PREMIUM]","[1,2,3,4,5,6]","115","10","Lower","['*','*','*','*','*','*']","mobile","tm","tmqr",,"[PREMIUM]","[PREMIUM]","[]","2026-05-29 00:00:00","Roberto Carlos (Rescheduled from 2/27)","music","2026-05-31 00:00:00","545d4acf3bf3762bdb000003"
"69cc64f553c05bd145298feb","2026-04-01 04:18:47.137","2026-04-07 00:02:10.806","69cc64f553c05bd145298feb","691f7b385f9df34e34778079","[PREMIUM]","[PREMIUM]","[PREMIUM]","[PREMIUM]","[PREMIUM]","[1,2,3,4,5,6,7,8]","FLR2","J","Floor","['*','*','*','*','*','*','*','*']","mobile","tm","tmqr","great","[PREMIUM]","[PREMIUM]","[]","2026-05-29 00:00:00","Roberto Carlos (Rescheduled from 2/27)","music","2026-05-31 00:00:00","545d4acf3bf3762bdb000003"
"69cc64dc53c05bd1452474b9","2026-04-01 04:18:47.137","2026-04-03 11:57:29.727","69cc64dc53c05bd1452474b9","691f7b385f9df34e34778079","[PREMIUM]","[PREMIUM]","[PREMIUM]","[PREMIUM]","[PREMIUM]","[1,2]","107","4","Lower","['*','*']","mobile","tm","tmqr",,"[PREMIUM]","[PREMIUM]","[]","2026-05-29 00:00:00","Roberto Carlos (Rescheduled from 2/27)","music","2026-05-31 00:00:00","545d4acf3bf3762bdb000003"
"69cc64f753c05bd1452a01e8","2026-04-01 04:18:47.137","2026-04-04 16:15:49.595","69cc64f753c05bd1452a01e8","691f7b385f9df34e34778079","[PREMIUM]","[PREMIUM]","[PREMIUM]","[PREMIUM]","[PREMIUM]","[1,2,3,4,5,6]","110","19","Lower","['*','*','*','*','*','*']","mobile","tm","tmqr","amazing","[PREMIUM]","[PREMIUM]","[]","2026-05-29 00:00:00","Roberto Carlos (Rescheduled from 2/27)","music","2026-05-31 00:00:00","545d4acf3bf3762bdb000003"
"69cc64d953c05bd14523c90f","2026-04-01 04:18:47.137","2026-04-07 00:02:10.806","69cc64d953c05bd14523c90f","691f7b385f9df34e34778079","[PREMIUM]","[PREMIUM]","[PREMIUM]","[PREMIUM]","[PREMIUM]","[1,2,4]","105","11","Lower","['*','*','*','*']","mobile","tm","tmqr","great","[PREMIUM]","[PREMIUM]","[]","2026-05-29 00:00:00","Roberto Carlos (Rescheduled from 2/27)","music","2026-05-31 00:00:00","545d4acf3bf3762bdb000003"
"69cc64c953c05bd14520816f","2026-04-01 04:18:47.137","2026-04-10 12:22:55.507","69cc64c953c05bd14520816f","691f7b385f9df34e34778079","[PREMIUM]","[PREMIUM]","[PREMIUM]","[PREMIUM]","[PREMIUM]","[1,2,3,5]","116","13","Lower","['*','*','*','*','*']","mobile","tm","tmqr",,"[PREMIUM]","[PREMIUM]","[]","2026-05-29 00:00:00","Roberto Carlos (Rescheduled from 2/27)","music","2026-05-31 00:00:00","545d4acf3bf3762bdb000003"
"69cc64cf53c05bd14521c627","2026-04-01 04:18:47.137","2026-04-08 03:51:37.563","69cc64cf53c05bd14521c627","691f7b385f9df34e34778079","[PREMIUM]","[PREMIUM]","[PREMIUM]","[PREMIUM]","[PREMIUM]","[1,2,3,4,5,6,7,8]","109A","24","Terrace","['*','*','*','*','*','*','*','*']","mobile","tm","tmqr","great","[PREMIUM]","[PREMIUM]","[]","2026-05-29 00:00:00","Roberto Carlos (Rescheduled from 2/27)","music","2026-05-31 00:00:00","545d4acf3bf3762bdb000003"
"69cc6c6fb91611af0a4be025","2026-04-01 04:18:47.137","2026-04-01 04:18:47.137","69cc6c6fb91611af0a4be025","691f7b385f9df34e34778079","[PREMIUM]","[PREMIUM]","[PREMIUM]","[PREMIUM]","[PREMIUM]","[2,4]","110","8","Lower","['*','*','*','*']","mobile","tm","tmqr",,"[PREMIUM]","[PREMIUM]","[]","2026-05-29 00:00:00","Roberto Carlos (Rescheduled from 2/27)","music","2026-05-31 00:00:00","545d4acf3bf3762bdb000003"
"69cc64cf53c05bd14521c5e2","2026-04-01 04:18:47.137","2026-04-13 00:41:02.431","69cc64cf53c05bd14521c5e2","691f7b385f9df34e34778079","[PREMIUM]","[PREMIUM]","[PREMIUM]","[PREMIUM]","[PREMIUM]","[1,2,3,4]","111A","23","Terrace","['*','*','*','*']","mobile","tm","tmqr","great","[PREMIUM]","[PREMIUM]","[]","2026-05-29 00:00:00","Roberto Carlos (Rescheduled from 2/27)","music","2026-05-31 00:00:00","545d4acf3bf3762bdb000003"
"69cc64eb53c05bd14527b431","2026-04-01 04:18:47.137","2026-04-15 08:59:21.296","69cc64eb53c05bd14527b431","691f7b385f9df34e34778079","[PREMIUM]","[PREMIUM]","[PREMIUM]","[PREMIUM]","[PREMIUM]","[1,2,4]","FLR7","F","Floor","['*','*','*','*']","mobile","tm","tmqr","super","[PREMIUM]","[PREMIUM]","[]","2026-05-29 00:00:00","Roberto Carlos (Rescheduled from 2/27)","music","2026-05-31 00:00:00","545d4acf3bf3762bdb000003"
"69cc64e253c05bd14525e19b","2026-04-01 04:18:47.137","2026-04-15 08:59:21.296","69cc64e253c05bd14525e19b","691f7b385f9df34e34778079","[PREMIUM]","[PREMIUM]","[PREMIUM]","[PREMIUM]","[PREMIUM]","[1,2,3,4,5,6]","112","9","Lower","['*','*','*','*','*','*']","mobile","tm","tmqr",,"[PREMIUM]","[PREMIUM]","[]","2026-05-29 00:00:00","Roberto Carlos (Rescheduled from 2/27)","music","2026-05-31 00:00:00","545d4acf3bf3762bdb000003"
"69cc64d953c05bd14523c945","2026-04-01 04:18:47.137","2026-04-15 08:59:21.296","69cc64d953c05bd14523c945","691f7b385f9df34e34778079","[PREMIUM]","[PREMIUM]","[PREMIUM]","[PREMIUM]","[PREMIUM]","[1,2,3,4,5,6]","FLR4","K","Floor","['*','*','*','*','*','*']","mobile","tm","tmqr","great","[PREMIUM]","[PREMIUM]","[]","2026-05-29 00:00:00","Roberto Carlos (Rescheduled from 2/27)","music","2026-05-31 00:00:00","545d4acf3bf3762bdb000003"
"69cc64d253c05bd1452271bc","2026-04-01 04:18:47.137","2026-04-15 08:59:21.296","69cc64d253c05bd1452271bc","691f7b385f9df34e34778079","[PREMIUM]","[PREMIUM]","[PREMIUM]","[PREMIUM]","[PREMIUM]","[1,2,3,4,5,6,7,8]","109","7","Lower","['*','*','*','*','*','*','*','*']","mobile","tm","tmqr",,"[PREMIUM]","[PREMIUM]","[]","2026-05-29 00:00:00","Roberto Carlos (Rescheduled from 2/27)","music","2026-05-31 00:00:00","545d4acf3bf3762bdb000003"
"69cc64b953c05bd1451ca3e3","2026-04-01 04:18:47.137","2026-04-15 08:59:21.296","69cc64b953c05bd1451ca3e3","691f7b385f9df34e34778079","[PREMIUM]","[PREMIUM]","[PREMIUM]","[PREMIUM]","[PREMIUM]","[1,2,3,4,5,6,7,8]","111","8","Lower","['*','*','*','*','*','*','*','*']","mobile","tm","tmqr",,"[PREMIUM]","[PREMIUM]","[]","2026-05-29 00:00:00","Roberto Carlos (Rescheduled from 2/27)","music","2026-05-31 00:00:00","545d4acf3bf3762bdb000003"
"69bd8b32f6fbc8b354d2945a","2026-04-01 04:18:46.856","2026-04-02 08:22:04.597","69bd8b32f6fbc8b354d2945a","68e5919d21c60c62ad3fb770","[PREMIUM]","[PREMIUM]","[PREMIUM]","[PREMIUM]","[PREMIUM]","[1,2,3,4]","MNLT","R","Main Left","['*','*','*','*']","mobile",,"tmqr",,"[PREMIUM]","[PREMIUM]","[]",,"Fortune Feimster (Rescheduled from 2/27)","comedy","2026-06-21 00:00:00","585c59cecde6626ebed288f8"
"69c2bd0df6fbc8b35482f559","2026-04-01 04:18:46.856","2026-04-02 08:22:04.597","69c2bd0df6fbc8b35482f559","68e5919d21c60c62ad3fb770","[PREMIUM]","[PREMIUM]","[PREMIUM]","[PREMIUM]","[PREMIUM]","[1,2,3,4]","BLT","T","Balcony Left","['*','*','*','*']","electronic",,"tmqr",,"[PREMIUM]","[PREMIUM]","[]","2026-06-19 00:00:00","Fortune Feimster (Rescheduled from 2/27)","comedy","2026-06-21 00:00:00","585c59cecde6626ebed288f8"
"69c53064f6fbc8b35480ef7d","2026-04-01 04:18:46.856","2026-04-02 08:22:04.597","69c53064f6fbc8b35480ef7d","68e5919d21c60c62ad3fb770","[PREMIUM]","[PREMIUM]","[PREMIUM]","[PREMIUM]","[PREMIUM]","[1,2,3,5]","MNRT","V","Main Right","['*','*','*','*','*']","electronic",,"tmqr","amazing","[PREMIUM]","[PREMIUM]","[]","2026-06-19 00:00:00","Fortune Feimster (Rescheduled from 2/27)","comedy","2026-06-21 00:00:00","585c59cecde6626ebed288f8"
"69c53039f6fbc8b354772f6d","2026-04-01 04:18:46.856","2026-04-02 08:22:04.597","69c53039f6fbc8b354772f6d","68e5919d21c60c62ad3fb770","[PREMIUM]","[PREMIUM]","[PREMIUM]","[PREMIUM]","[PREMIUM]","[2]","BRT","N","Balcony Right","['*','*']","electronic",,"tmqr","great","[PREMIUM]","[PREMIUM]","[]","2026-06-19 00:00:00","Fortune Feimster (Rescheduled from 2/27)","comedy","2026-06-21 00:00:00","585c59cecde6626ebed288f8"
"69c53031f6fbc8b354753e82","2026-04-01 04:18:46.856","2026-04-01 04:18:46.856","69c53031f6fbc8b354753e82","68e5919d21c60c62ad3fb770","[PREMIUM]","[PREMIUM]","[PREMIUM]","[PREMIUM]","[PREMIUM]","[2]","LRTCNT","H","Loge Right Center","['*','*']","electronic",,"tmqr",,"[PREMIUM]","[PREMIUM]","[]","2026-06-19 00:00:00","Fortune Feimster (Rescheduled from 2/27)","comedy","2026-06-21 00:00:00","585c59cecde6626ebed288f8"
"69c756e653c05bd14539eb6f","2026-04-01 04:18:46.856","2026-04-01 04:18:46.856","69c756e653c05bd14539eb6f","68e5919d21c60c62ad3fb770","[PREMIUM]","[PREMIUM]","[PREMIUM]","[PREMIUM]","[PREMIUM]","[1,2,3,4,6]","MZCTR","A","Mezzanine Center","['*','*','*','*','*','*']","mobile",,"tmqr",,"[PREMIUM]","[PREMIUM]","[]","2026-06-19 00:00:00","Fortune Feimster (Rescheduled from 2/27)","comedy","2026-06-21 00:00:00","585c59cecde6626ebed288f8"
"69cb33f253c05bd14570ac6f","2026-04-01 04:18:46.856","2026-04-02 08:22:04.597","69cb33f253c05bd14570ac6f","68e5919d21c60c62ad3fb770","[PREMIUM]","[PREMIUM]","[PREMIUM]","[PREMIUM]","[PREMIUM]","[1,2,3,4,6]","BLT","N","Balcony Left","['*','*','*','*','*','*']","electronic",,"tmqr","cheapest","[PREMIUM]","[PREMIUM]","[]","2026-06-19 00:00:00","Fortune Feimster (Rescheduled from 2/27)","comedy","2026-06-21 00:00:00","585c59cecde6626ebed288f8"
"69cc707d53c05bd145ab41e0","2026-04-01 04:18:46.856","2026-04-02 08:22:04.597","69cc707d53c05bd145ab41e0","68e5919d21c60c62ad3fb770","[PREMIUM]","[PREMIUM]","[PREMIUM]","[PREMIUM]","[PREMIUM]","[2]","MNLT","W","Main Left","['*','*']","electronic",,"tmqr","super","[PREMIUM]","[PREMIUM]","[]","2026-06-19 00:00:00","Fortune Feimster (Rescheduled from 2/27)","comedy","2026-06-21 00:00:00","585c59cecde6626ebed288f8"
"69cc11ef53c05bd145d785fd","2026-04-01 04:18:46.762","2026-04-15 08:59:20.959","69cc11ef53c05bd145d785fd","68e6ae3763805a38742e592c","[PREMIUM]","[PREMIUM]","[PREMIUM]","[PREMIUM]","[PREMIUM]","[2]","309","E","Gallery","['5','6']","electronic",,"tmqr","cheapest","[PREMIUM]","[PREMIUM]","[]",,"Fortune Feimster (Reschduled from 2/28)","comedy","2026-05-08 23:00:00","57b5de9df80c41264bb99859"
"69bb2b77f6fbc8b3548732ec","2026-04-01 04:18:45.665","2026-04-05 19:52:58.270","69bb2b77f6fbc8b3548732ec","6925f37ad4d2e6f2b7adde1a","[PREMIUM]","[PREMIUM]","[PREMIUM]","[PREMIUM]","[PREMIUM]","[1,2]","203","B","Upper","['*','*']","mobile","axs","tmqr","great","[PREMIUM]","[PREMIUM]","[]","2026-04-30 00:00:00","Bulls, Bands, and Barrels (BigXThaPlug and Tyler Nance) (Rescheduled from 1/24)","pbr","2026-05-01 23:00:00","58127f1ecde6626ebe12395e"
"69cc665553c05bd1457107b3","2026-04-01 04:18:45.665","2026-04-01 04:18:45.665","69cc665553c05bd1457107b3","6925f37ad4d2e6f2b7adde1a","[PREMIUM]","[PREMIUM]","[PREMIUM]","[PREMIUM]","[PREMIUM]","[1,2,3,4,5,6]","120","Q","Lower","['*','*','*','*','*','*']","mobile","axs","tmqr",,"[PREMIUM]","[PREMIUM]","[]","2026-04-30 00:00:00","Bulls, Bands, and Barrels (BigXThaPlug and Tyler Nance) (Rescheduled from 1/24)","pbr","2026-05-01 23:00:00","58127f1ecde6626ebe12395e"
"69cc771875dc2688b635df8d","2026-04-01 04:18:45.665","2026-04-14 04:36:23.195","69cc771875dc2688b635df8d","6925f37ad4d2e6f2b7adde1a","[PREMIUM]","[PREMIUM]","[PREMIUM]","[PREMIUM]","[PREMIUM]","[2]","107","M","Lower","['*','*']","mobile","axs","tmqr",,"[PREMIUM]","[PREMIUM]","[]","2026-04-30 00:00:00","Bulls, Bands, and Barrels (BigXThaPlug and Tyler Nance) (Rescheduled from 1/24)","pbr","2026-05-01 23:00:00","58127f1ecde6626ebe12395e"
"6997a3d4c42be979a8a6c848","2026-04-01 04:18:44.129","2026-04-14 04:36:21.791","6997a3d4c42be979a8a6c848","691cb9e77ce51284b761d888","[PREMIUM]","[PREMIUM]","[PREMIUM]","[PREMIUM]","[PREMIUM]","[2,4]","216","7","Middle","['*','*','*','*']","mobile","tm","tmqr",,"[PREMIUM]","[PREMIUM]","[]","2026-04-18 00:00:00","B2K and Bow Wow (Rescheduled from 3/5)","music","2026-04-24 01:00:00","530445733bf3767835000003"
"69abc87389f0a636aeead80f","2026-04-01 04:18:44.129","2026-04-10 12:22:48.263","69abc87389f0a636aeead80f","691cb9e77ce51284b761d888","[PREMIUM]","[PREMIUM]","[PREMIUM]","[PREMIUM]","[PREMIUM]","[2]","109","19","Lower","['17','18']","mobile","tm","tmqr",,"[PREMIUM]","[PREMIUM]","[]","2026-04-22 00:00:00","B2K and Bow Wow (Rescheduled from 3/5)","music","2026-04-24 01:00:00","530445733bf3767835000003"
"69cb1f8653c05bd1453a2cb8","2026-04-01 04:18:44.129","2026-04-11 18:08:09.027","69cb1f8653c05bd1453a2cb8","691cb9e77ce51284b761d888","[PREMIUM]","[PREMIUM]","[PREMIUM]","[PREMIUM]","[PREMIUM]","[2]","233","7","Middle","['11','12']","mobile","tm","tmqr",,"[PREMIUM]","[PREMIUM]","[]","2026-04-21 00:00:00","B2K and Bow Wow (Rescheduled from 3/5)","music","2026-04-24 01:00:00","530445733bf3767835000003"
"69cb7eff53c05bd1452764f1","2026-04-01 04:18:44.129","2026-04-01 04:18:44.129","69cb7eff53c05bd1452764f1","691cb9e77ce51284b761d888","[PREMIUM]","[PREMIUM]","[PREMIUM]","[PREMIUM]","[PREMIUM]","[1,2,3,4,5,6]","309","5","Upper","['*','*','*','*','*','*']","mobile","tm","tmqr",,"[PREMIUM]","[PREMIUM]","[]","2026-04-22 00:00:00","B2K and Bow Wow (Rescheduled from 3/5)","music","2026-04-24 01:00:00","530445733bf3767835000003"
"69cbe42353c05bd1450fe64d","2026-04-01 04:18:44.129","2026-04-01 04:18:44.129","69cbe42353c05bd1450fe64d","691cb9e77ce51284b761d888","[PREMIUM]","[PREMIUM]","[PREMIUM]","[PREMIUM]","[PREMIUM]","[1,2,3,4,5,6,7,8]","308","2","Upper","['*','*','*','*','*','*','*','*']","mobile","tm","tmqr","cheapest","[PREMIUM]","[PREMIUM]","[]","2026-04-22 00:00:00","B2K and Bow Wow (Rescheduled from 3/5)","music","2026-04-24 01:00:00","530445733bf3767835000003"
"69cbe57a53c05bd145501d53","2026-04-01 04:18:44.129","2026-04-05 19:52:52.090","69cbe57a53c05bd145501d53","691cb9e77ce51284b761d888","[PREMIUM]","[PREMIUM]","[PREMIUM]","[PREMIUM]","[PREMIUM]","[2,4]","201","8","Middle","['*','*','*','*']","mobile","tm","tmqr",,"[PREMIUM]","[PREMIUM]","[]","2026-04-22 00:00:00","B2K and Bow Wow (Rescheduled from 3/5)","music","2026-04-24 01:00:00","530445733bf3767835000003"
"69cbdfe23ca077a4264e51b6","2026-04-01 04:18:44.129","2026-04-01 04:18:44.129","69cbdfe23ca077a4264e51b6","691cb9e77ce51284b761d888","[PREMIUM]","[PREMIUM]","[PREMIUM]","[PREMIUM]","[PREMIUM]","[1,2,3,4,5,6,7,8]","307","9","Upper","['*','*','*','*','*','*','*','*']","mobile","tm","tmqr",,"[PREMIUM]","[PREMIUM]","[]","2026-04-22 00:00:00","B2K and Bow Wow (Rescheduled from 3/5)","music","2026-04-24 01:00:00","530445733bf3767835000003"
"69cbf99453c05bd145aaeb46","2026-04-01 04:18:44.129","2026-04-02 08:22:00.819","69cbf99453c05bd145aaeb46","691cb9e77ce51284b761d888","[PREMIUM]","[PREMIUM]","[PREMIUM]","[PREMIUM]","[PREMIUM]","[1,2,3,4,5,6,7,8]","310","4","Upper","['*','*','*','*','*','*','*','*']","mobile","tm","tmqr","great","[PREMIUM]","[PREMIUM]","[]","2026-04-22 00:00:00","B2K and Bow Wow (Rescheduled from 3/5)","music","2026-04-24 01:00:00","530445733bf3767835000003"
"69cc031b53c05bd145b51976","2026-04-01 04:18:44.129","2026-04-01 04:18:44.129","69cc031b53c05bd145b51976","691cb9e77ce51284b761d888","[PREMIUM]","[PREMIUM]","[PREMIUM]","[PREMIUM]","[PREMIUM]","[1,2,3,4,5,6,7,8]","122","7","Lower","['*','*','*','*','*','*','*','*']","mobile","tm","tmqr",,"[PREMIUM]","[PREMIUM]","[]","2026-04-22 00:00:00","B2K and Bow Wow (Rescheduled from 3/5)","music","2026-04-24 01:00:00","530445733bf3767835000003"
"69cc1943b8109bed81867f96","2026-04-01 04:18:44.129","2026-04-01 04:18:44.129","69cc1943b8109bed81867f96","691cb9e77ce51284b761d888","[PREMIUM]","[PREMIUM]","[PREMIUM]","[PREMIUM]","[PREMIUM]","[1,2,3,4,5,6,7,8]","311","9","Upper","['*','*','*','*','*','*','*','*']","mobile","tm","tmqr",,"[PREMIUM]","[PREMIUM]","[]","2026-04-22 00:00:00","B2K and Bow Wow (Rescheduled from 3/5)","music","2026-04-24 01:00:00","530445733bf3767835000003"
"69cc1e4b53c05bd14576cafb","2026-04-01 04:18:44.129","2026-04-01 04:18:44.129","69cc1e4b53c05bd14576cafb","691cb9e77ce51284b761d888","[PREMIUM]","[PREMIUM]","[PREMIUM]","[PREMIUM]","[PREMIUM]","[1,2,3,4,5,6,7,8]","307","3","Upper","['*','*','*','*','*','*','*','*']","mobile","tm","tmqr","great","[PREMIUM]","[PREMIUM]","[]","2026-04-22 00:00:00","B2K and Bow Wow (Rescheduled from 3/5)","music","2026-04-24 01:00:00","530445733bf3767835000003"
"69cc8630780977b6ee3d7dd5","2026-04-01 04:18:44.129","2026-04-01 04:18:44.129","69cc8630780977b6ee3d7dd5","691cb9e77ce51284b761d888","[PREMIUM]","[PREMIUM]","[PREMIUM]","[PREMIUM]","[PREMIUM]","[1,2,3,4,5,6]","309","11","Upper","['*','*','*','*','*','*']","mobile","tm","tmqr",,"[PREMIUM]","[PREMIUM]","[]","2026-04-22 00:00:00","B2K and Bow Wow (Rescheduled from 3/5)","music","2026-04-24 01:00:00","530445733bf3767835000003"
"69cc863498c0ef2c501c9ffc","2026-04-01 04:18:44.129","2026-04-01 04:18:44.129","69cc863498c0ef2c501c9ffc","691cb9e77ce51284b761d888","[PREMIUM]","[PREMIUM]","[PREMIUM]","[PREMIUM]","[PREMIUM]","[1,2]","311","3","Upper","['*','*']","mobile","tm","tmqr","great","[PREMIUM]","[PREMIUM]","[]","2026-04-22 00:00:00","B2K and Bow Wow (Rescheduled from 3/5)","music","2026-04-24 01:00:00","530445733bf3767835000003"
"69cbe57a53c05bd145501d5c","2026-04-01 04:18:44.129","2026-04-15 08:59:18.486","69cbe57a53c05bd145501d5c","691cb9e77ce51284b761d888","[PREMIUM]","[PREMIUM]","[PREMIUM]","[PREMIUM]","[PREMIUM]","[2,4]","218","8","Middle","['*','*','*','*']","mobile","tm","tmqr",,"[PREMIUM]","[PREMIUM]","[]","2026-04-22 00:00:00","B2K and Bow Wow (Rescheduled from 3/5)","music","2026-04-24 01:00:00","530445733bf3767835000003"
"69af519389f0a636ae08176f","2026-04-01 04:18:43.905","2026-04-15 08:59:19.917","69af519389f0a636ae08176f","691f7d14691d8bdd2803af4d","[PREMIUM]","[PREMIUM]","[PREMIUM]","[PREMIUM]","[PREMIUM]","[2]","114","27","Lower","['5','6']","mobile","tm","tmqr",,"[PREMIUM]","[PREMIUM]","[]","2026-05-27 00:00:00","Roberto Carlos (Rescheduled from 3/1)","music","2026-05-29 00:00:00","544ad8743bf3764587000001"
"69c535d0f6fbc8b354ad945d","2026-04-01 04:18:43.905","2026-04-07 00:02:07.867","69c535d0f6fbc8b354ad945d","691f7d14691d8bdd2803af4d","[PREMIUM]","[PREMIUM]","[PREMIUM]","[PREMIUM]","[PREMIUM]","[2]","110","26","Lower","['1','2']","mobile","tm","tmqr",,"[PREMIUM]","[PREMIUM]","[]","2026-05-27 00:00:00","Roberto Carlos (Rescheduled from 3/1)","music","2026-05-29 00:00:00","544ad8743bf3764587000001"
"69c85fa353c05bd145f9de01","2026-04-01 04:18:43.905","2026-04-05 19:52:53.066","69c85fa353c05bd145f9de01","691f7d14691d8bdd2803af4d","[PREMIUM]","[PREMIUM]","[PREMIUM]","[PREMIUM]","[PREMIUM]","[2]","112","12","Lower","['*','*']","mobile","tm","tmqr",,"[PREMIUM]","[PREMIUM]","[]","2026-05-27 00:00:00","Roberto Carlos (Rescheduled from 3/1)","music","2026-05-29 00:00:00","544ad8743bf3764587000001"
"69cad2e153c05bd145c34f4d","2026-04-01 04:18:43.905","2026-04-15 08:59:19.917","69cad2e153c05bd145c34f4d","691f7d14691d8bdd2803af4d","[PREMIUM]","[PREMIUM]","[PREMIUM]","[PREMIUM]","[PREMIUM]","[1,2,3,4,6]","308","17","Middle","['13','14','15','16','17','18']","mobile","tm","tmqr",,"[PREMIUM]","[PREMIUM]","[]",,"Roberto Carlos (Rescheduled from 3/1)","music","2026-05-29 00:00:00","544ad8743bf3764587000001"
"69cbf0c153c05bd145a4b419","2026-04-01 04:18:43.905","2026-04-03 11:57:26.804","69cbf0c153c05bd145a4b419","691f7d14691d8bdd2803af4d","[PREMIUM]","[PREMIUM]","[PREMIUM]","[PREMIUM]","[PREMIUM]","[1,2,3,4,5,6]","324","4","Middle","['*','*','*','*','*','*']","mobile","tm","tmqr",,"[PREMIUM]","[PREMIUM]","[]","2026-05-27 00:00:00","Roberto Carlos (Rescheduled from 3/1)","music","2026-05-29 00:00:00","544ad8743bf3764587000001"
"69cbf0b453c05bd145a201f2","2026-04-01 04:18:43.905","2026-04-04 16:15:46.479","69cbf0b453c05bd145a201f2","691f7d14691d8bdd2803af4d","[PREMIUM]","[PREMIUM]","[PREMIUM]","[PREMIUM]","[PREMIUM]","[1,2,3,4,5,6]","325","3","Middle","['*','*','*','*','*','*']","mobile","tm","tmqr",,"[PREMIUM]","[PREMIUM]","[]","2026-05-27 00:00:00","Roberto Carlos (Rescheduled from 3/1)","music","2026-05-29 00:00:00","544ad8743bf3764587000001"
"69cbf0c553c05bd145a55079","2026-04-01 04:18:43.905","2026-04-05 19:52:53.066","69cbf0c553c05bd145a55079","691f7d14691d8bdd2803af4d","[PREMIUM]","[PREMIUM]","[PREMIUM]","[PREMIUM]","[PREMIUM]","[1,2]","FLR2","7","Floor","['*','*']","mobile","tm","tmqr","great","[PREMIUM]","[PREMIUM]","[]","2026-05-27 00:00:00","Roberto Carlos (Rescheduled from 3/1)","music","2026-05-29 00:00:00","544ad8743bf3764587000001"
"69cbf0b153c05bd145a12004","2026-04-01 04:18:43.905","2026-04-13 00:40:59.317","69cbf0b153c05bd145a12004","691f7d14691d8bdd2803af4d","[PREMIUM]","[PREMIUM]","[PREMIUM]","[PREMIUM]","[PREMIUM]","[1,2,3,4]","309","3","Middle","['*','*','*','*']","mobile","tm","tmqr",,"[PREMIUM]","[PREMIUM]","[]","2026-05-27 00:00:00","Roberto Carlos (Rescheduled from 3/1)","music","2026-05-29 00:00:00","544ad8743bf3764587000001"
"69cc58fd53c05bd145b11b65","2026-04-01 04:18:43.905","2026-04-02 08:22:02.249","69cc58fd53c05bd145b11b65","691f7d14691d8bdd2803af4d","[PREMIUM]","[PREMIUM]","[PREMIUM]","[PREMIUM]","[PREMIUM]","[1,2,3,4,5,6]","415","10","Upper","['*','*','*','*','*','*']","mobile","tm","tmqr","great","[PREMIUM]","[PREMIUM]","[]","2026-05-27 00:00:00","Roberto Carlos (Rescheduled from 3/1)","music","2026-05-29 00:00:00","544ad8743bf3764587000001"
"69cc68d4d57287c1464bb384","2026-04-01 04:18:43.905","2026-04-01 04:18:43.905","69cc68d4d57287c1464bb384","691f7d14691d8bdd2803af4d","[PREMIUM]","[PREMIUM]","[PREMIUM]","[PREMIUM]","[PREMIUM]","[1,2,3,4]","112","19","Lower","['*','*','*','*']","mobile","tm","tmqr",,"[PREMIUM]","[PREMIUM]","[]","2026-05-27 00:00:00","Roberto Carlos (Rescheduled from 3/1)","music","2026-05-29 00:00:00","544ad8743bf3764587000001"
"69cc68d4204161b4e9dfbf2d","2026-04-01 04:18:43.905","2026-04-01 04:18:43.905","69cc68d4204161b4e9dfbf2d","691f7d14691d8bdd2803af4d","[PREMIUM]","[PREMIUM]","[PREMIUM]","[PREMIUM]","[PREMIUM]","[2,4,6]","325","19","Middle","['*','*','*','*','*','*']","mobile","tm","tmqr","great","[PREMIUM]","[PREMIUM]","[]","2026-05-27 00:00:00","Roberto Carlos (Rescheduled from 3/1)","music","2026-05-29 00:00:00","544ad8743bf3764587000001"
"69cc68d41e1987c41ec608f6","2026-04-01 04:18:43.905","2026-04-01 04:18:43.905","69cc68d41e1987c41ec608f6","691f7d14691d8bdd2803af4d","[PREMIUM]","[PREMIUM]","[PREMIUM]","[PREMIUM]","[PREMIUM]","[2,4]","323","20","Middle","['*','*','*','*']","mobile","tm","tmqr","cheapest","[PREMIUM]","[PREMIUM]","[]","2026-05-27 00:00:00","Roberto Carlos (Rescheduled from 3/1)","music","2026-05-29 00:00:00","544ad8743bf3764587000001"
"69cc68d3c9f10379aa3e3cfa","2026-04-01 04:18:43.905","2026-04-01 04:18:43.905","69cc68d3c9f10379aa3e3cfa","691f7d14691d8bdd2803af4d","[PREMIUM]","[PREMIUM]","[PREMIUM]","[PREMIUM]","[PREMIUM]","[2]","312","7","Middle","['*','*']","mobile","tm","tmqr",,"[PREMIUM]","[PREMIUM]","[]","2026-05-27 00:00:00","Roberto Carlos (Rescheduled from 3/1)","music","2026-05-29 00:00:00","544ad8743bf3764587000001"
"69cc68d361dab51122a4753a","2026-04-01 04:18:43.905","2026-04-01 04:18:43.905","69cc68d361dab51122a4753a","691f7d14691d8bdd2803af4d","[PREMIUM]","[PREMIUM]","[PREMIUM]","[PREMIUM]","[PREMIUM]","[1,2,3,4,5,6]","309","23","Middle","['*','*','*','*','*','*']","mobile","tm","tmqr","amazing","[PREMIUM]","[PREMIUM]","[]","2026-05-27 00:00:00","Roberto Carlos (Rescheduled from 3/1)","music","2026-05-29 00:00:00","544ad8743bf3764587000001"
"69cc68d1638a6d78a3ffee46","2026-04-01 04:18:43.905","2026-04-01 04:18:43.905","69cc68d1638a6d78a3ffee46","691f7d14691d8bdd2803af4d","[PREMIUM]","[PREMIUM]","[PREMIUM]","[PREMIUM]","[PREMIUM]","[1,2,3,4,6]","109","22","Lower","['*','*','*','*','*','*']","mobile","tm","tmqr",,"[PREMIUM]","[PREMIUM]","[]","2026-05-27 00:00:00","Roberto Carlos (Rescheduled from 3/1)","music","2026-05-29 00:00:00","544ad8743bf3764587000001"
"69cc68d12555e41a29584567","2026-04-01 04:18:43.905","2026-04-01 04:18:43.905","69cc68d12555e41a29584567","691f7d14691d8bdd2803af4d","[PREMIUM]","[PREMIUM]","[PREMIUM]","[PREMIUM]","[PREMIUM]","[1,2,3,4]","FLR7","1","Floor","['*','*','*','*']","mobile","tm","tmqr",,"[PREMIUM]","[PREMIUM]","[]","2026-05-27 00:00:00","Roberto Carlos (Rescheduled from 3/1)","music","2026-05-29 00:00:00","544ad8743bf3764587000001"
"69cc68d6f4008afff020a923","2026-04-01 04:18:43.905","2026-04-01 04:18:43.905","69cc68d6f4008afff020a923","691f7d14691d8bdd2803af4d","[PREMIUM]","[PREMIUM]","[PREMIUM]","[PREMIUM]","[PREMIUM]","[1,2]","321","12","Middle","['*','*']","mobile","tm","tmqr",,"[PREMIUM]","[PREMIUM]","[]","2026-05-27 00:00:00","Roberto Carlos (Rescheduled from 3/1)","music","2026-05-29 00:00:00","544ad8743bf3764587000001"
"69cbf0bb53c05bd145a37887","2026-04-01 04:18:43.905","2026-04-15 08:59:19.917","69cbf0bb53c05bd145a37887","691f7d14691d8bdd2803af4d","[PREMIUM]","[PREMIUM]","[PREMIUM]","[PREMIUM]","[PREMIUM]","[1,2,3,4,5,6,7,8]","308","3","Middle","['*','*','*','*','*','*','*','*']","mobile","tm","tmqr",,"[PREMIUM]","[PREMIUM]","[]","2026-05-27 00:00:00","Roberto Carlos (Rescheduled from 3/1)","music","2026-05-29 00:00:00","544ad8743bf3764587000001"
"69cbf0a353c05bd1459dee97","2026-04-01 04:18:43.905","2026-04-15 08:59:19.917","69cbf0a353c05bd1459dee97","691f7d14691d8bdd2803af4d","[PREMIUM]","[PREMIUM]","[PREMIUM]","[PREMIUM]","[PREMIUM]","[1,2,3,4,5,6]","FLR5","2","Floor","['*','*','*','*','*','*']","mobile","tm","tmqr",,"[PREMIUM]","[PREMIUM]","[]","2026-05-27 00:00:00","Roberto Carlos (Rescheduled from 3/1)","music","2026-05-29 00:00:00","544ad8743bf3764587000001"
"69c2c304f6fbc8b354a3bd5c","2026-04-01 04:18:43.871","2026-04-02 08:22:00.602","69c2c304f6fbc8b354a3bd5c","691f7c2dae46922abf54c1f2","[PREMIUM]","[PREMIUM]","[PREMIUM]","[PREMIUM]","[PREMIUM]","[2]","3RDMZ4","B","Third Mezzanine","['*','*']","mobile","tm","tmqr","great","[PREMIUM]","[PREMIUM]","[]","2026-05-20 00:00:00","Roberto Carlos (Rescheduled from 3/5)","music","2026-05-22 00:00:00","560069abf80c41333a000001"
"69c6ed6953c05bd1451bef21","2026-04-01 04:18:43.871","2026-04-15 08:59:18.598","69c6ed6953c05bd1451bef21","691f7c2dae46922abf54c1f2","[PREMIUM]","[PREMIUM]","[PREMIUM]","[PREMIUM]","[PREMIUM]","[2]","1STMZ7","K","First Mezzanine","['701','702']","mobile","tm","tmqr",,"[PREMIUM]","[PREMIUM]","[]","2026-05-20 00:00:00","Roberto Carlos (Rescheduled from 3/5)","music","2026-05-22 00:00:00","560069abf80c41333a000001"
"69cb833453c05bd145bf8b27","2026-04-01 04:18:43.871","2026-04-15 08:59:18.598","69cb833453c05bd145bf8b27","691f7c2dae46922abf54c1f2","[PREMIUM]","[PREMIUM]","[PREMIUM]","[PREMIUM]","[PREMIUM]","[1,2,3]","1STMZ3","B","First Mezzanine","['*','*','*']","mobile","tm","tmqr","great","[PREMIUM]","[PREMIUM]","[]","2026-05-21 00:00:00","Roberto Carlos (Rescheduled from 3/5)","music","2026-05-22 00:00:00","560069abf80c41333a000001"
"69cc02e753c05bd145ad0cad","2026-04-01 04:18:43.871","2026-04-01 04:18:43.871","69cc02e753c05bd145ad0cad","691f7c2dae46922abf54c1f2","[PREMIUM]","[PREMIUM]","[PREMIUM]","[PREMIUM]","[PREMIUM]","[1,2]","ORCH1","J","Orchestra","['*','*']","mobile","tm","tmqr","great","[PREMIUM]","[PREMIUM]","[]","2026-05-20 00:00:00","Roberto Carlos (Rescheduled from 3/5)","music","2026-05-22 00:00:00","560069abf80c41333a000001"
"69cbe8812723acc4f9528e95","2026-04-01 04:18:43.871","2026-04-13 00:40:58.997","69cbe8812723acc4f9528e95","691f7c2dae46922abf54c1f2","[PREMIUM]","[PREMIUM]","[PREMIUM]","[PREMIUM]","[PREMIUM]","[2]","2NDMZ1","H","Second Mezzanine","['109','110']","mobile","tm","tmqr","great","[PREMIUM]","[PREMIUM]","[]","2026-05-21 00:00:00","Roberto Carlos (Rescheduled from 3/5)","music","2026-05-22 00:00:00","560069abf80c41333a000001"
"69cc472e53c05bd1450b5093","2026-04-01 04:18:43.871","2026-04-01 04:18:43.871","69cc472e53c05bd1450b5093","691f7c2dae46922abf54c1f2","[PREMIUM]","[PREMIUM]","[PREMIUM]","[PREMIUM]","[PREMIUM]","[2]","3RDMZ2","H","Third Mezzanine","['*','*']","mobile","tm","tmqr","cheapest","[PREMIUM]","[PREMIUM]","[]","2026-05-20 00:00:00","Roberto Carlos (Rescheduled from 3/5)","music","2026-05-22 00:00:00","560069abf80c41333a000001"
"69cc637753c05bd145d7d2e3","2026-04-01 04:18:43.871","2026-04-01 04:18:43.871","69cc637753c05bd145d7d2e3","691f7c2dae46922abf54c1f2","[PREMIUM]","[PREMIUM]","[PREMIUM]","[PREMIUM]","[PREMIUM]","[1,2,3,4]","1STMZ5","B","First Mezzanine","['*','*','*','*']","mobile","tm","tmqr","amazing","[PREMIUM]","[PREMIUM]","[]","2026-05-20 00:00:00","Roberto Carlos (Rescheduled from 3/5)","music","2026-05-22 00:00:00","560069abf80c41333a000001"
"69cc691353c05bd145057943","2026-04-01 04:18:43.871","2026-04-15 08:59:18.598","69cc691353c05bd145057943","691f7c2dae46922abf54c1f2","[PREMIUM]","[PREMIUM]","[PREMIUM]","[PREMIUM]","[PREMIUM]","[2,4]","1STMZ6","A","First Mezzanine","['*','*','*','*']","mobile","tm","tmqr","great","[PREMIUM]","[PREMIUM]","[]","2026-05-20 00:00:00","Roberto Carlos (Rescheduled from 3/5)","music","2026-05-22 00:00:00","560069abf80c41333a000001"
"69cc691353c05bd1450579c8","2026-04-01 04:18:43.871","2026-04-15 08:59:18.598","69cc691353c05bd1450579c8","691f7c2dae46922abf54c1f2","[PREMIUM]","[PREMIUM]","[PREMIUM]","[PREMIUM]","[PREMIUM]","[2,4]","1STMZ2","A","First Mezzanine","['*','*','*','*']","mobile","tm","tmqr",,"[PREMIUM]","[PREMIUM]","[]","2026-05-20 00:00:00","Roberto Carlos (Rescheduled from 3/5)","music","2026-05-22 00:00:00","560069abf80c41333a000001"
"69cc3d6f53c05bd145036276","2026-04-01 04:18:43.668","2026-04-02 08:22:01.776","69cc3d6f53c05bd145036276","6925dac9a4dd1089d3204ff7","[PREMIUM]","[PREMIUM]","[PREMIUM]","[PREMIUM]","[PREMIUM]","[2]","LBALCONY","D","Balcony","['*','*']","electronic",,"tmqr","cheapest","[PREMIUM]","[PREMIUM]","[]",,"Marty Stuart (Rescheduled from 2/12)","music","2026-04-03 00:00:00","67e31242fb7a857ce6940772"
"69cc3e2553c05bd14523de1f","2026-04-01 04:18:43.668","2026-04-01 04:18:43.668","69cc3e2553c05bd14523de1f","6925dac9a4dd1089d3204ff7","[PREMIUM]","[PREMIUM]","[PREMIUM]","[PREMIUM]","[PREMIUM]","[2]","UPBALCONY","L","Balcony","['*','*']","electronic",,"tmqr","cheapest","[PREMIUM]","[PREMIUM]","[]",,"Marty Stuart (Rescheduled from 2/12)","music","2026-04-03 00:00:00","67e31242fb7a857ce6940772"
"69cbde8b53c05bd145eeaf95","2026-04-01 04:18:43.608","2026-04-01 04:18:43.608","69cbde8b53c05bd145eeaf95","691d31b399ac8743f3591dd5","[PREMIUM]","[PREMIUM]","[PREMIUM]","[PREMIUM]","[PREMIUM]","[1,2,3,4,5,6,7,8]","LORCH","R","Orchestra","['*','*','*','*','*','*','*','*']","mobile","tm","tmqr","amazing","[PREMIUM]","[PREMIUM]","[]",,"Clue - The Movie with Lesley Ann Warren (Rescheduled from 3/3)","theater","2026-04-03 00:30:00","5ac63fce0e1af60014f8467e"
"69cbde9b53c05bd145f26d35","2026-04-01 04:18:43.608","2026-04-01 04:18:43.608","69cbde9b53c05bd145f26d35","691d31b399ac8743f3591dd5","[PREMIUM]","[PREMIUM]","[PREMIUM]","[PREMIUM]","[PREMIUM]","[1,2,3,5]","FORCH","BB","Orchestra","['*','*','*','*','*']","mobile","tm","tmqr","cheapest","[PREMIUM]","[PREMIUM]","[]",,"Clue - The Movie with Lesley Ann Warren (Rescheduled from 3/3)","theater","2026-04-03 00:30:00","5ac63fce0e1af60014f8467e"
"69cc8d1f53c05bd145b41490","2026-04-01 04:18:43.608","2026-04-01 04:18:43.608","69cc8d1f53c05bd145b41490","691d31b399ac8743f3591dd5","[PREMIUM]","[PREMIUM]","[PREMIUM]","[PREMIUM]","[PREMIUM]","[1,2,3,4,5,6]","CORCH","F","Orchestra","['*','*','*','*','*','*']","mobile","tm","tmqr","amazing","[PREMIUM]","[PREMIUM]","[]",,"Clue - The Movie with Lesley Ann Warren (Rescheduled from 3/3)","theater","2026-04-03 00:30:00","5ac63fce0e1af60014f8467e"
"69c2d253f6fbc8b3548edb3b","2026-04-01 04:18:42.579","2026-04-01 04:18:42.579","69c2d253f6fbc8b3548edb3b","690d4639f6355c093d5ba8f1","[PREMIUM]","[PREMIUM]","[PREMIUM]","[PREMIUM]","[PREMIUM]","[2]","G","3","Floor","['*','*']","mobile","tm","tmqr",,"[PREMIUM]","[PREMIUM]","[]","2026-04-24 00:00:00","One Time for the City Vol. 2 Down South Takeover (Rescheduled from 1/16/26)","music","2026-04-26 01:00:00","5a149f0cf88c250013866df1"
"69cb9fec53c05bd145ed1b0b","2026-04-01 04:18:42.579","2026-04-05 19:52:50.593","69cb9fec53c05bd145ed1b0b","690d4639f6355c093d5ba8f1","[PREMIUM]","[PREMIUM]","[PREMIUM]","[PREMIUM]","[PREMIUM]","[2,3,4]","H","17","Floor","['*','*','*','*']","mobile","tm","tmqr",,"[PREMIUM]","[PREMIUM]","[]","2026-04-23 00:00:00","One Time for the City Vol. 2 Down South Takeover (Rescheduled from 1/16/26)","music","2026-04-26 01:00:00","5a149f0cf88c250013866df1"
"69cba06a53c05bd145021653","2026-04-01 04:18:42.579","2026-04-03 11:57:25.309","69cba06a53c05bd145021653","690d4639f6355c093d5ba8f1","[PREMIUM]","[PREMIUM]","[PREMIUM]","[PREMIUM]","[PREMIUM]","[2,3,4]","H","5","Floor","['*','*','*','*']","mobile","tm","tmqr",,"[PREMIUM]","[PREMIUM]","[]","2026-04-23 00:00:00","One Time for the City Vol. 2 Down South Takeover (Rescheduled from 1/16/26)","music","2026-04-26 01:00:00","5a149f0cf88c250013866df1"
"69cbf9fe53c05bd145c3dddf","2026-04-01 04:18:42.579","2026-04-01 04:18:42.579","69cbf9fe53c05bd145c3dddf","690d4639f6355c093d5ba8f1","[PREMIUM]","[PREMIUM]","[PREMIUM]","[PREMIUM]","[PREMIUM]","[1,2,3,4]","109","20","Arena","['*','*','*','*']","mobile","tm","tmqr","great","[PREMIUM]","[PREMIUM]","[]","2026-04-24 00:00:00","One Time for the City Vol. 2 Down South Takeover (Rescheduled from 1/16/26)","music","2026-04-26 01:00:00","5a149f0cf88c250013866df1"
"69cc7e6b53c05bd145abb5e6","2026-04-01 04:18:42.579","2026-04-01 04:18:42.579","69cc7e6b53c05bd145abb5e6","690d4639f6355c093d5ba8f1","[PREMIUM]","[PREMIUM]","[PREMIUM]","[PREMIUM]","[PREMIUM]","[2]","G","16","Floor","['*','*']","mobile","tm","tmqr","great","[PREMIUM]","[PREMIUM]","[]","2026-04-24 00:00:00","One Time for the City Vol. 2 Down South Takeover (Rescheduled from 1/16/26)","music","2026-04-26 01:00:00","5a149f0cf88c250013866df1"
"69cc722953c05bd14510c8e0","2026-04-01 04:18:42.579","2026-04-13 00:40:57.328","69cc722953c05bd14510c8e0","690d4639f6355c093d5ba8f1","[PREMIUM]","[PREMIUM]","[PREMIUM]","[PREMIUM]","[PREMIUM]","[2]","G","8","Floor","['*','*']","mobile","tm","tmqr",,"[PREMIUM]","[PREMIUM]","[]","2026-04-24 00:00:00","One Time for the City Vol. 2 Down South Takeover (Rescheduled from 1/16/26)","music","2026-04-26 01:00:00","5a149f0cf88c250013866df1"
"69cbf9e853c05bd145bed35e","2026-04-01 04:18:42.443","2026-04-15 08:59:16.979","69cbf9e853c05bd145bed35e","692b3e50644fc01a58d16f36","[PREMIUM]","[PREMIUM]","[PREMIUM]","[PREMIUM]","[PREMIUM]","[1,2]","GENERAL ADMISSION","GA",,"['19791','19792']","electronic",,"tmqr","cheapest","[PREMIUM]","[PREMIUM]","[]","2026-06-11 00:00:00","Maddy Smith","comedy","2026-06-12 23:00:00","66c9196b8347927d88766d52"
"69cbb6f253c05bd14556c3a0","2026-04-01 04:18:41.276","2026-04-02 08:21:58.036","69cbb6f253c05bd14556c3a0","68f680ad0d92bb0dc763cb03","[PREMIUM]","[PREMIUM]","[PREMIUM]","[PREMIUM]","[PREMIUM]","[1,2]","ORCHR","O","Orchestra","['*','*']","mobile","tm","tmqr",,"[PREMIUM]","[PREMIUM]","[]","2026-05-30 00:00:00","John Mulaney (Rescheduled from 3/12)","comedy","2026-05-31 23:30:00","5cffcd77425ff400196f3e57"
"69bd8d30f6fbc8b3544edfe3","2026-04-01 04:18:41.176","2026-04-03 11:57:25.424","69bd8d30f6fbc8b3544edfe3","691f7af9fd421c0b425f004e","[PREMIUM]","[PREMIUM]","[PREMIUM]","[PREMIUM]","[PREMIUM]","[1,2,3,4]","ORCHLC","X","Orchestra Left Center","['*','*','*','*']","mobile","tm","tmqr",,"[PREMIUM]","[PREMIUM]","[]",,"Roberto Carlos (Rescheduled from 3/7)","music","2026-05-24 00:00:00","57e2eedb50575d33c8a47727"
"69cc869c53c05bd1455e5ef5","2026-04-01 04:18:41.176","2026-04-10 12:22:47.026","69cc869c53c05bd1455e5ef5","691f7af9fd421c0b425f004e","[PREMIUM]","[PREMIUM]","[PREMIUM]","[PREMIUM]","[PREMIUM]","[1,2,3,4,5,6,7,8]","BALCLC","G","Balcony Left Center","['*','*','*','*','*','*','*','*']","mobile","tm","tmqr",,"[PREMIUM]","[PREMIUM]","[]","2026-05-22 00:00:00","Roberto Carlos (Rescheduled from 3/7)","music","2026-05-24 00:00:00","57e2eedb50575d33c8a47727"
"69cc99df53c05bd14508d33b","2026-04-01 04:18:40.004","2026-04-03 11:57:23.830","69cc99df53c05bd14508d33b","692f5479bfa347a9228400f9","[PREMIUM]","[PREMIUM]","[PREMIUM]","[PREMIUM]","[PREMIUM]","[1,2]","FLOOR","GA","General Admission","['*','*']","mobile","axs","tmqr","cheapest","[PREMIUM]","[PREMIUM]","[]","2026-06-19 00:00:00","Ole 60 (Rescheduled from 2/28)","music","2026-06-21 00:30:00","578900b9f80c41735b8e16e0"
"69cb975153c05bd145bdc487","2026-04-01 04:18:39.969","2026-04-07 00:02:03.822","69cb975153c05bd145bdc487","692df8e4eb2d5dd4ca4e1081","[PREMIUM]","[PREMIUM]","[PREMIUM]","[PREMIUM]","[PREMIUM]","[2]","S","E","Tier","['*','*']","mobile","tm","tmqr",,"[PREMIUM]","[PREMIUM]","[]","2026-04-30 00:00:00","Reik (Rescheduled from 5/1/26)","music","2026-05-03 00:00:00","57c77a75f80c416043724024"
"69cb80ca53c05bd1457162ca","2026-04-01 04:18:39.969","2026-04-07 00:02:03.822","69cb80ca53c05bd1457162ca","692df8e4eb2d5dd4ca4e1081","[PREMIUM]","[PREMIUM]","[PREMIUM]","[PREMIUM]","[PREMIUM]","[2]","ORCH","K","Orchestra","['*','*']","mobile","tm","tmqr","super","[PREMIUM]","[PREMIUM]","[]","2026-05-01 00:00:00","Reik (Rescheduled from 5/1/26)","music","2026-05-03 00:00:00","57c77a75f80c416043724024"
"693af1604c87f865d0d105e2","2026-04-01 04:18:39.940","2026-04-15 08:59:15.939","693af1604c87f865d0d105e2","692e36039b5972edc2ba8015","[PREMIUM]","[PREMIUM]","[PREMIUM]","[PREMIUM]","[PREMIUM]","[2,3]","ORCHCENTER","Y","Orchestra","['*','*','*']","mobile","tm","tmqr","amazing","[PREMIUM]","[PREMIUM]","[]","2026-06-12 00:00:00","Crowder (Rescheduled from 1/31/26)","music","2026-06-13 23:00:00","67e31245fc1b9c428563a9bd"
"69cb09af53c05bd1458f0b59","2026-04-01 04:18:39.833","2026-04-14 04:36:17.390","69cb09af53c05bd1458f0b59","692dfaf9a7aaf51b32ee0cb1","[PREMIUM]","[PREMIUM]","[PREMIUM]","[PREMIUM]","[PREMIUM]","[2,4]","PARTL","PP","Parterre","['*','*','*','*']","mobile","tm","tmqr","amazing","[PREMIUM]","[PREMIUM]","[]","2026-05-02 00:00:00","Reik (Rescheduled from 3/8/26)","music","2026-05-03 23:00:00","617c3af4d5bdd40001826f60"
"69cb914d53c05bd145e0633e","2026-04-01 04:18:38.956","2026-04-04 16:15:40.639","69cb914d53c05bd145e0633e","69332adb3760ce8f17bbdeab","[PREMIUM]","[PREMIUM]","[PREMIUM]","[PREMIUM]","[PREMIUM]","[1,2]","General Admission","5",,"['*','*']","mobile","tm","tmqr",,"[PREMIUM]","[PREMIUM]","[]","2026-04-09 00:00:00","Deorro (21+ Event) (Rescheduled from 2/27/26)","music","2026-04-11 02:00:00","630e7d7f7aac260001865f89"
"69cb913a53c05bd145de1fe1","2026-04-01 04:18:38.956","2026-04-04 16:15:40.639","69cb913a53c05bd145de1fe1","69332adb3760ce8f17bbdeab","[PREMIUM]","[PREMIUM]","[PREMIUM]","[PREMIUM]","[PREMIUM]","[1,2]","General Admission","6",,"['*','*']","mobile","tm","tmqr",,"[PREMIUM]","[PREMIUM]","[]","2026-04-09 00:00:00","Deorro (21+ Event) (Rescheduled from 2/27/26)","music","2026-04-11 02:00:00","630e7d7f7aac260001865f89"
"69cb917c53c05bd145e545bf","2026-04-01 04:18:38.956","2026-04-04 16:15:40.639","69cb917c53c05bd145e545bf","69332adb3760ce8f17bbdeab","[PREMIUM]","[PREMIUM]","[PREMIUM]","[PREMIUM]","[PREMIUM]","[1,2]","General Admission","e",,"['*','*']","mobile","tm","tmqr",,"[PREMIUM]","[PREMIUM]","[]","2026-04-09 00:00:00","Deorro (21+ Event) (Rescheduled from 2/27/26)","music","2026-04-11 02:00:00","630e7d7f7aac260001865f89"
"69cb918f53c05bd145e6ccba","2026-04-01 04:18:38.956","2026-04-04 16:15:40.639","69cb918f53c05bd145e6ccba","69332adb3760ce8f17bbdeab","[PREMIUM]","[PREMIUM]","[PREMIUM]","[PREMIUM]","[PREMIUM]","[1,2]","General Admission","EE",,"['*','*']","mobile","tm","tmqr",,"[PREMIUM]","[PREMIUM]","[]","2026-04-09 00:00:00","Deorro (21+ Event) (Rescheduled from 2/27/26)","music","2026-04-11 02:00:00","630e7d7f7aac260001865f89"
"69cb912c53c05bd145dcd54a","2026-04-01 04:18:38.956","2026-04-04 16:15:40.639","69cb912c53c05bd145dcd54a","69332adb3760ce8f17bbdeab","[PREMIUM]","[PREMIUM]","[PREMIUM]","[PREMIUM]","[PREMIUM]","[1,2]","General Admission","f",,"['*','*']","mobile","tm","tmqr",,"[PREMIUM]","[PREMIUM]","[]","2026-04-09 00:00:00","Deorro (21+ Event) (Rescheduled from 2/27/26)","music","2026-04-11 02:00:00","630e7d7f7aac260001865f89"
"69cb911553c05bd145daa7ff","2026-04-01 04:18:38.956","2026-04-04 16:15:40.639","69cb911553c05bd145daa7ff","69332adb3760ce8f17bbdeab","[PREMIUM]","[PREMIUM]","[PREMIUM]","[PREMIUM]","[PREMIUM]","[1,2]","General Admission","FF",,"['*','*']","mobile","tm","tmqr",,"[PREMIUM]","[PREMIUM]","[]","2026-04-09 00:00:00","Deorro (21+ Event) (Rescheduled from 2/27/26)","music","2026-04-11 02:00:00","630e7d7f7aac260001865f89"
"69cb3f3553c05bd14591d4f3","2026-04-01 04:18:37.970","2026-04-15 08:59:14.867","69cb3f3553c05bd14591d4f3","68eecf25a192f1b190f1ce53","[PREMIUM]","[PREMIUM]","[PREMIUM]","[PREMIUM]","[PREMIUM]","[1,2,3,4,5,7]","BALCR","A","Balcony","['*','*','*','*','*','*','*']","mobile","tm","tmqr",,"[PREMIUM]","[PREMIUM]","[]","2026-05-08 00:00:00","Frankie Quinones (Rescheduled 3/13)","comedy","2026-05-10 02:30:00","57d1e89250575d33c8544daf"
"69b8797df6fbc8b3540d28de","2026-04-01 04:18:36.880","2026-04-02 08:21:53.288","69b8797df6fbc8b3540d28de","68b75dd2745e67256d41529a","[PREMIUM]","[PREMIUM]","[PREMIUM]","[PREMIUM]","[PREMIUM]","[1,2,3,4,5,6,7,8,10]","118","E","Lower","['*','*','*','*','*','*','*','*','*','*']","mobile","paciolan","tmqr",,"[PREMIUM]","[PREMIUM]","[]","2026-04-10 00:00:00","Hot Wheels Monster Trucks Live Glow-N-Fire (Rescheduled from 3/14)","auto","2026-04-11 16:30:00","5819092ccde6626ebe2ad25f"
"69c3016df6fbc8b3549acb44","2026-04-01 04:18:36.880","2026-04-03 11:57:20.631","69c3016df6fbc8b3549acb44","68b75dd2745e67256d41529a","[PREMIUM]","[PREMIUM]","[PREMIUM]","[PREMIUM]","[PREMIUM]","[1,2,3,4,5,6,7,8]","216","HH","Upper","['*','*','*','*','*','*','*','*']","mobile","paciolan","tmqr",,"[PREMIUM]","[PREMIUM]","[]","2026-04-09 00:00:00","Hot Wheels Monster Trucks Live Glow-N-Fire (Rescheduled from 3/14)","auto","2026-04-11 16:30:00","5819092ccde6626ebe2ad25f"
"69c5ab9753c05bd1451e1e5d","2026-04-01 04:18:36.880","2026-04-10 12:22:43.277","69c5ab9753c05bd1451e1e5d","68b75dd2745e67256d41529a","[PREMIUM]","[PREMIUM]","[PREMIUM]","[PREMIUM]","[PREMIUM]","[1,2,3,4,5,6,7,8,9]","216","MM","Upper","['*','*','*','*','*','*','*','*','*']","mobile","paciolan","tmqr","amazing","[PREMIUM]","[PREMIUM]","[]",,"Hot Wheels Monster Trucks Live Glow-N-Fire (Rescheduled from 3/14)","auto","2026-04-11 16:30:00","5819092ccde6626ebe2ad25f"
"69c6f15053c05bd145fd4eab","2026-04-01 04:18:36.880","2026-04-01 04:18:36.880","69c6f15053c05bd145fd4eab","68b75dd2745e67256d41529a","[PREMIUM]","[PREMIUM]","[PREMIUM]","[PREMIUM]","[PREMIUM]","[1,2,3,4,5,6]","216","RR","Upper","['*','*','*','*','*','*']","mobile","paciolan","tmqr","amazing","[PREMIUM]","[PREMIUM]","[]","2026-04-09 00:00:00","Hot Wheels Monster Trucks Live Glow-N-Fire (Rescheduled from 3/14)","auto","2026-04-11 16:30:00","5819092ccde6626ebe2ad25f"
"69cb3a0353c05bd145941ab8","2026-04-01 04:18:36.880","2026-04-01 04:18:36.880","69cb3a0353c05bd145941ab8","68b75dd2745e67256d41529a","[PREMIUM]","[PREMIUM]","[PREMIUM]","[PREMIUM]","[PREMIUM]","[1,2,3,4]","103","CC","Lower","['*','*','*','*']","mobile","paciolan","tmqr",,"[PREMIUM]","[PREMIUM]","[]","2026-04-10 00:00:00","Hot Wheels Monster Trucks Live Glow-N-Fire (Rescheduled from 3/14)","auto","2026-04-11 16:30:00","5819092ccde6626ebe2ad25f"
"69cbf1a253c05bd145d62973","2026-04-01 04:18:36.880","2026-04-01 04:18:36.880","69cbf1a253c05bd145d62973","68b75dd2745e67256d41529a","[PREMIUM]","[PREMIUM]","[PREMIUM]","[PREMIUM]","[PREMIUM]","[1,2,3,4,5,6,7,8]","106","A","Lower","['*','*','*','*','*','*','*','*']","mobile","paciolan","tmqr",,"[PREMIUM]","[PREMIUM]","[]","2026-04-09 00:00:00","Hot Wheels Monster Trucks Live Glow-N-Fire (Rescheduled from 3/14)","auto","2026-04-11 16:30:00","5819092ccde6626ebe2ad25f"
"69cc020c53c05bd1457b1627","2026-04-01 04:18:36.880","2026-04-04 16:15:39.637","69cc020c53c05bd1457b1627","68b75dd2745e67256d41529a","[PREMIUM]","[PREMIUM]","[PREMIUM]","[PREMIUM]","[PREMIUM]","[2,4]","113","J","Lower","['*','*','*','*']","mobile","paciolan","tmqr",,"[PREMIUM]","[PREMIUM]","[]","2026-04-10 00:00:00","Hot Wheels Monster Trucks Live Glow-N-Fire (Rescheduled from 3/14)","auto","2026-04-11 16:30:00","5819092ccde6626ebe2ad25f"
"69cc021253c05bd1457ca5ac","2026-04-01 04:18:36.880","2026-04-02 08:21:53.288","69cc021253c05bd1457ca5ac","68b75dd2745e67256d41529a","[PREMIUM]","[PREMIUM]","[PREMIUM]","[PREMIUM]","[PREMIUM]","[2,4]","112","J","Lower","['*','*','*','*']","mobile","paciolan","tmqr",,"[PREMIUM]","[PREMIUM]","[]","2026-04-10 00:00:00","Hot Wheels Monster Trucks Live Glow-N-Fire (Rescheduled from 3/14)","auto","2026-04-11 16:30:00","5819092ccde6626ebe2ad25f"
"69cc020653c05bd14579a6b2","2026-04-01 04:18:36.880","2026-04-07 00:02:01.349","69cc020653c05bd14579a6b2","68b75dd2745e67256d41529a","[PREMIUM]","[PREMIUM]","[PREMIUM]","[PREMIUM]","[PREMIUM]","[2]","124","J","Lower","['*','*']","mobile","paciolan","tmqr",,"[PREMIUM]","[PREMIUM]","[]","2026-04-10 00:00:00","Hot Wheels Monster Trucks Live Glow-N-Fire (Rescheduled from 3/14)","auto","2026-04-11 16:30:00","5819092ccde6626ebe2ad25f"
"69cc01fe53c05bd14577a514","2026-04-01 04:18:36.880","2026-04-05 19:52:46.070","69cc01fe53c05bd14577a514","68b75dd2745e67256d41529a","[PREMIUM]","[PREMIUM]","[PREMIUM]","[PREMIUM]","[PREMIUM]","[2]","114","J","Lower","['*','*']","mobile","paciolan","tmqr",,"[PREMIUM]","[PREMIUM]","[]","2026-04-10 00:00:00","Hot Wheels Monster Trucks Live Glow-N-Fire (Rescheduled from 3/14)","auto","2026-04-11 16:30:00","5819092ccde6626ebe2ad25f"
"69cc018353c05bd145576ac3","2026-04-01 04:18:36.880","2026-04-03 11:57:20.631","69cc018353c05bd145576ac3","68b75dd2745e67256d41529a","[PREMIUM]","[PREMIUM]","[PREMIUM]","[PREMIUM]","[PREMIUM]","[1,2,3]","101","K","Lower","['*','*','*']","mobile","paciolan","tmqr",,"[PREMIUM]","[PREMIUM]","[]","2026-04-11 00:00:00","Hot Wheels Monster Trucks Live Glow-N-Fire (Rescheduled from 3/14)","auto","2026-04-11 16:30:00","5819092ccde6626ebe2ad25f"
"69cc378b53c05bd145d4adde","2026-04-01 04:18:36.880","2026-04-02 08:21:53.288","69cc378b53c05bd145d4adde","68b75dd2745e67256d41529a","[PREMIUM]","[PREMIUM]","[PREMIUM]","[PREMIUM]","[PREMIUM]","[2]","118","CC","Lower","['*','*']","mobile","paciolan","tmqr","great","[PREMIUM]","[PREMIUM]","[]","2026-04-11 00:00:00","Hot Wheels Monster Trucks Live Glow-N-Fire (Rescheduled from 3/14)","auto","2026-04-11 16:30:00","5819092ccde6626ebe2ad25f"
"69cc6d7b53c05bd145fa8d7b","2026-04-01 04:18:36.880","2026-04-02 08:21:53.288","69cc6d7b53c05bd145fa8d7b","68b75dd2745e67256d41529a","[PREMIUM]","[PREMIUM]","[PREMIUM]","[PREMIUM]","[PREMIUM]","[1,2,3,4]","114","CC","Lower","['*','*','*','*']","mobile","paciolan","tmqr","great","[PREMIUM]","[PREMIUM]","[]","2026-04-11 00:00:00","Hot Wheels Monster Trucks Live Glow-N-Fire (Rescheduled from 3/14)","auto","2026-04-11 16:30:00","5819092ccde6626ebe2ad25f"
"69cc749b53c05bd1458dc16f","2026-04-01 04:18:36.880","2026-04-02 08:21:53.288","69cc749b53c05bd1458dc16f","68b75dd2745e67256d41529a","[PREMIUM]","[PREMIUM]","[PREMIUM]","[PREMIUM]","[PREMIUM]","[1,2,3]","112","BB","Lower","['*','*','*']","mobile","paciolan","tmqr",,"[PREMIUM]","[PREMIUM]","[]","2026-04-11 00:00:00","Hot Wheels Monster Trucks Live Glow-N-Fire (Rescheduled from 3/14)","auto","2026-04-11 16:30:00","5819092ccde6626ebe2ad25f"
"692745734c87f865d062c97b","2026-04-01 04:18:36.723","2026-04-15 08:59:13.710","692745734c87f865d062c97b","68fff190ae006d2a88a305cb","[PREMIUM]","[PREMIUM]","[PREMIUM]","[PREMIUM]","[PREMIUM]","[2,4]","ORCH","U","ORCHESTRA","['*','*','*','*']","electronic",,"tmqr","amazing","[PREMIUM]","[PREMIUM]","[]",,"John Mulaney (Rescheduled from 3/14)","comedy","2026-05-28 23:30:00","58c0ac5ecde6626ebe294b8e"
"69bd5383f6fbc8b3540fdcbe","2026-04-01 04:18:36.397","2026-04-10 12:22:41.592","69bd5383f6fbc8b3540fdcbe","68c07263d08ea9027de14d37","[PREMIUM]","[PREMIUM]","[PREMIUM]","[PREMIUM]","[PREMIUM]","[1,2,3,4,5,6,7,8]","101","X","Lower","['*','*','*','*','*','*','*','*']","mobile","paciolan","tmqr",,"[PREMIUM]","[PREMIUM]","[]","2026-04-25 00:00:00","Harlem Globetrotters (Rescheduled from 3/14)","other","2026-04-26 17:00:00","654418672ad03464421c70b1"
"69bd5383f6fbc8b3540fdcc3","2026-04-01 04:18:36.397","2026-04-10 12:22:41.592","69bd5383f6fbc8b3540fdcc3","68c07263d08ea9027de14d37","[PREMIUM]","[PREMIUM]","[PREMIUM]","[PREMIUM]","[PREMIUM]","[1,2,3,4,5,6,7,8]","101","S","Lower","['*','*','*','*','*','*','*','*']","mobile","paciolan","tmqr","great","[PREMIUM]","[PREMIUM]","[]",,"Harlem Globetrotters (Rescheduled from 3/14)","other","2026-04-26 17:00:00","654418672ad03464421c70b1"
"69bd5385f6fbc8b3541017fa","2026-04-01 04:18:36.397","2026-04-15 08:59:13.717","69bd5385f6fbc8b3541017fa","68c07263d08ea9027de14d37","[PREMIUM]","[PREMIUM]","[PREMIUM]","[PREMIUM]","[PREMIUM]","[1,2,3,4,5,6,7,8]","106","P","Lower","['*','*','*','*','*','*','*','*']","mobile","paciolan","tmqr","amazing","[PREMIUM]","[PREMIUM]","[]",,"Harlem Globetrotters (Rescheduled from 3/14)","other","2026-04-26 17:00:00","654418672ad03464421c70b1"
"69bd537cf6fbc8b3540ecb30","2026-04-01 04:18:36.397","2026-04-15 08:59:13.717","69bd537cf6fbc8b3540ecb30","68c07263d08ea9027de14d37","[PREMIUM]","[PREMIUM]","[PREMIUM]","[PREMIUM]","[PREMIUM]","[1,2,3,4,5,6,7,8]","106","V","Lower","['*','*','*','*','*','*','*','*']","mobile","paciolan","tmqr",,"[PREMIUM]","[PREMIUM]","[]",,"Harlem Globetrotters (Rescheduled from 3/14)","other","2026-04-26 17:00:00","654418672ad03464421c70b1"
"69bd537cf6fbc8b3540ecb04","2026-04-01 04:18:36.397","2026-04-15 08:59:13.717","69bd537cf6fbc8b3540ecb04","68c07263d08ea9027de14d37","[PREMIUM]","[PREMIUM]","[PREMIUM]","[PREMIUM]","[PREMIUM]","[1,2,3,4,5,6,7,8]","107","V","Lower","['*','*','*','*','*','*','*','*']","mobile","paciolan","tmqr",,"[PREMIUM]","[PREMIUM]","[]",,"Harlem Globetrotters (Rescheduled from 3/14)","other","2026-04-26 17:00:00","654418672ad03464421c70b1"
"69c6666c53c05bd145d7855e","2026-04-01 04:18:36.397","2026-04-05 19:52:45.861","69c6666c53c05bd145d7855e","68c07263d08ea9027de14d37","[PREMIUM]","[PREMIUM]","[PREMIUM]","[PREMIUM]","[PREMIUM]","[1,2,3,4,5,6,7,8,10]","107","Q","Lower","['1','2','3','4','5','6','7','8','9','10']","mobile","paciolan","tmqr","amazing","[PREMIUM]","[PREMIUM]","[]","2026-04-24 00:00:00","Harlem Globetrotters (Rescheduled from 3/14)","other","2026-04-26 17:00:00","654418672ad03464421c70b1"
"69c6666a53c05bd145d71ded","2026-04-01 04:18:36.397","2026-04-10 12:22:41.592","69c6666a53c05bd145d71ded","68c07263d08ea9027de14d37","[PREMIUM]","[PREMIUM]","[PREMIUM]","[PREMIUM]","[PREMIUM]","[1,2,3,4,5,6,7,8,10]","101","M","Lower","['1','2','3','4','5','6','7','8','9','10']","mobile","paciolan","tmqr","great","[PREMIUM]","[PREMIUM]","[]","2026-04-24 00:00:00","Harlem Globetrotters (Rescheduled from 3/14)","other","2026-04-26 17:00:00","654418672ad03464421c70b1"
"69cc0f9653c05bd1454e69d4","2026-04-01 04:18:36.397","2026-04-05 19:52:45.861","69cc0f9653c05bd1454e69d4","68c07263d08ea9027de14d37","[PREMIUM]","[PREMIUM]","[PREMIUM]","[PREMIUM]","[PREMIUM]","[2,4]","116","R","Lower","['1','2','3','4']","mobile","paciolan","tmqr","cheapest","[PREMIUM]","[PREMIUM]","[]","2026-04-24 00:00:00","Harlem Globetrotters (Rescheduled from 3/14)","other","2026-04-26 17:00:00","654418672ad03464421c70b1"
"69cbde9853c05bd145f1a401","2026-04-01 04:18:36.397","2026-04-15 08:59:13.717","69cbde9853c05bd145f1a401","68c07263d08ea9027de14d37","[PREMIUM]","[PREMIUM]","[PREMIUM]","[PREMIUM]","[PREMIUM]","[2,4]","107","J","Lower","['7','8','9','10']","mobile","paciolan","tmqr",,"[PREMIUM]","[PREMIUM]","[]","2026-04-24 00:00:00","Harlem Globetrotters (Rescheduled from 3/14)","other","2026-04-26 17:00:00","654418672ad03464421c70b1"
"69cc2d2e53c05bd145b3e3c1","2026-04-01 04:18:36.259","2026-04-01 04:18:36.259","69cc2d2e53c05bd145b3e3c1","691b8e7ab950bd140a58fe94","[PREMIUM]","[PREMIUM]","[PREMIUM]","[PREMIUM]","[PREMIUM]","[1,2,3,4]","BALCL","FF","Balcony Left","['*','*','*','*']","mobile","tm","tmqr","cheapest","[PREMIUM]","[PREMIUM]","[]","2026-04-23 00:00:00","Sawyer Brown (Rescheduled from 3/13/26)","music","2026-04-25 00:00:00","66be68b670bdba3a94705b6f"
"69cb50bd53c05bd145781eef","2026-04-01 04:18:35.169","2026-04-02 08:21:51.278","69cb50bd53c05bd145781eef","68b75dd214a87761a792dd1c","[PREMIUM]","[PREMIUM]","[PREMIUM]","[PREMIUM]","[PREMIUM]","[1,2,3,4,5,6,7,8]","111","B","Lower","['*','*','*','*','*','*','*','*']","mobile","paciolan","tmqr",,"[PREMIUM]","[PREMIUM]","[]","2026-04-10 00:00:00","Hot Wheels Monster Trucks Live Glow-N-Fire (Rescheduled from 3/15)","auto","2026-04-12 18:30:00","5819092ccde6626ebe2ad25f"
"69cc0fd653c05bd1455f2409","2026-04-01 04:18:35.169","2026-04-07 00:01:59.853","69cc0fd653c05bd1455f2409","68b75dd214a87761a792dd1c","[PREMIUM]","[PREMIUM]","[PREMIUM]","[PREMIUM]","[PREMIUM]","[1,2,3,4]","113","J","Lower","['*','*','*','*']","mobile","paciolan","tmqr",,"[PREMIUM]","[PREMIUM]","[]","2026-04-12 00:00:00","Hot Wheels Monster Trucks Live Glow-N-Fire (Rescheduled from 3/15)","auto","2026-04-12 18:30:00","5819092ccde6626ebe2ad25f"
"69cc112253c05bd145acf076","2026-04-01 04:18:35.169","2026-04-02 08:21:51.278","69cc112253c05bd145acf076","68b75dd214a87761a792dd1c","[PREMIUM]","[PREMIUM]","[PREMIUM]","[PREMIUM]","[PREMIUM]","[1,2,3,4]","101","J","Lower","['*','*','*','*']","mobile","paciolan","tmqr",,"[PREMIUM]","[PREMIUM]","[]","2026-04-10 00:00:00","Hot Wheels Monster Trucks Live Glow-N-Fire (Rescheduled from 3/15)","auto","2026-04-12 18:30:00","5819092ccde6626ebe2ad25f"
"69cc273d53c05bd1455b8734","2026-04-01 04:18:35.169","2026-04-02 08:21:51.278","69cc273d53c05bd1455b8734","68b75dd214a87761a792dd1c","[PREMIUM]","[PREMIUM]","[PREMIUM]","[PREMIUM]","[PREMIUM]","[1,2,3,4,5,6,7,8]","110","A","Lower","['*','*','*','*','*','*','*','*']","mobile","paciolan","tmqr",,"[PREMIUM]","[PREMIUM]","[]","2026-04-10 00:00:00","Hot Wheels Monster Trucks Live Glow-N-Fire (Rescheduled from 3/15)","auto","2026-04-12 18:30:00","5819092ccde6626ebe2ad25f"
"69cc314053c05bd1458aa7a4","2026-04-01 04:18:35.169","2026-04-09 08:00:09.042","69cc314053c05bd1458aa7a4","68b75dd214a87761a792dd1c","[PREMIUM]","[PREMIUM]","[PREMIUM]","[PREMIUM]","[PREMIUM]","[1,2,3,4,5]","109","A","Lower","['*','*','*','*','*']","mobile","paciolan","tmqr",,"[PREMIUM]","[PREMIUM]","[]","2026-04-11 00:00:00","Hot Wheels Monster Trucks Live Glow-N-Fire (Rescheduled from 3/15)","auto","2026-04-12 18:30:00","5819092ccde6626ebe2ad25f"
"69b87979f6fbc8b3540c7ea7","2026-04-01 04:18:35.023","2026-04-02 08:21:51.465","69b87979f6fbc8b3540c7ea7","68b75dd27720ca8112a47774","[PREMIUM]","[PREMIUM]","[PREMIUM]","[PREMIUM]","[PREMIUM]","[2]","112","E","Lower","['*','*']","mobile","paciolan","tmqr",,"[PREMIUM]","[PREMIUM]","[]","2026-04-10 00:00:00","Hot Wheels Monster Trucks Live Glow-N-Fire (Rescheduled from 3/14)","auto","2026-04-11 23:30:00","5819092ccde6626ebe2ad25f"
"69b8798ff6fbc8b35410babd","2026-04-01 04:18:35.023","2026-04-10 12:15:47.012","69b8798ff6fbc8b35410babd","69179a69c46590f8d251f519","[PREMIUM]","[PREMIUM]","[PREMIUM]","[PREMIUM]","[PREMIUM]","[1,2,3,4,5,6,8]","111","B","Lower","['*','*','*','*','*','*','*','*']","mobile","paciolan","tmqr",,"[PREMIUM]","[PREMIUM]","[]",,"Hot Wheels Monster Trucks Live Glow-N-Fire","auto","2026-04-11 23:30:00","5819092ccde6626ebe2ad25f"
"69b8798bf6fbc8b3540ff079","2026-04-01 04:18:35.023","2026-04-02 08:21:51.465","69b8798bf6fbc8b3540ff079","68b75dd27720ca8112a47774","[PREMIUM]","[PREMIUM]","[PREMIUM]","[PREMIUM]","[PREMIUM]","[1,2,3,4,5,6,7,8,10]","103","B","Lower","['*','*','*','*','*','*','*','*','*','*']","mobile","paciolan","tmqr",,"[PREMIUM]","[PREMIUM]","[]","2026-04-10 00:00:00","Hot Wheels Monster Trucks Live Glow-N-Fire (Rescheduled from 3/14)","auto","2026-04-11 23:30:00","5819092ccde6626ebe2ad25f"
"69c5521053c05bd145f46f71","2026-04-01 04:18:35.023","2026-04-03 11:35:12.437","69c5521053c05bd145f46f71","69179a69c46590f8d251f519","[PREMIUM]","[PREMIUM]","[PREMIUM]","[PREMIUM]","[PREMIUM]","[1,2,3,4]","120","BB","Lower","['*','*','*','*']","mobile","paciolan","tmqr","great","[PREMIUM]","[PREMIUM]","[]","2026-04-09 00:00:00","Hot Wheels Monster Trucks Live Glow-N-Fire","auto","2026-04-11 23:30:00","5819092ccde6626ebe2ad25f"
"69cacff953c05bd1452393c6","2026-04-01 04:18:35.023","2026-04-02 08:21:51.465","69cacff953c05bd1452393c6","68b75dd27720ca8112a47774","[PREMIUM]","[PREMIUM]","[PREMIUM]","[PREMIUM]","[PREMIUM]","[1,2,3,4,5,6,7,8]","222","HH","Upper","['*','*','*','*','*','*','*','*']","mobile","paciolan","tmqr",,"[PREMIUM]","[PREMIUM]","[]","2026-04-09 00:00:00","Hot Wheels Monster Trucks Live Glow-N-Fire (Rescheduled from 3/14)","auto","2026-04-11 23:30:00","5819092ccde6626ebe2ad25f"
"69caeabb53c05bd14568b048","2026-04-01 04:18:35.023","2026-04-09 08:00:10.375","69caeabb53c05bd14568b048","68b75dd27720ca8112a47774","[PREMIUM]","[PREMIUM]","[PREMIUM]","[PREMIUM]","[PREMIUM]","[1,2,3]","118","AA","Lower","['*','*','*']","mobile","paciolan","tmqr",,"[PREMIUM]","[PREMIUM]","[]","2026-04-11 00:00:00","Hot Wheels Monster Trucks Live Glow-N-Fire (Rescheduled from 3/14)","auto","2026-04-11 23:30:00","5819092ccde6626ebe2ad25f"
"69cac92853c05bd145b4f564","2026-04-01 04:18:35.023","2026-04-03 11:35:12.437","69cac92853c05bd145b4f564","69179a69c46590f8d251f519","[PREMIUM]","[PREMIUM]","[PREMIUM]","[PREMIUM]","[PREMIUM]","[1,2,3,4]","114","H","Lower","['*','*','*','*']","mobile","paciolan","tmqr",,"[PREMIUM]","[PREMIUM]","[]","2026-04-09 00:00:00","Hot Wheels Monster Trucks Live Glow-N-Fire","auto","2026-04-11 23:30:00","5819092ccde6626ebe2ad25f"
"69cacff953c05bd14523935d","2026-04-01 04:18:35.023","2026-04-03 11:35:12.437","69cacff953c05bd14523935d","69179a69c46590f8d251f519","[PREMIUM]","[PREMIUM]","[PREMIUM]","[PREMIUM]","[PREMIUM]","[1,2,3,4,5,6,7,8]","215","HH","Upper","['*','*','*','*','*','*','*','*']","mobile","paciolan","tmqr",,"[PREMIUM]","[PREMIUM]","[]","2026-04-09 00:00:00","Hot Wheels Monster Trucks Live Glow-N-Fire","auto","2026-04-11 23:30:00","5819092ccde6626ebe2ad25f"
"69cb498453c05bd14555113c","2026-04-01 04:18:35.023","2026-04-06 23:48:58.587","69cb498453c05bd14555113c","69179a69c46590f8d251f519","[PREMIUM]","[PREMIUM]","[PREMIUM]","[PREMIUM]","[PREMIUM]","[2]","117","A","Lower","['*','*']","mobile","paciolan","tmqr",,"[PREMIUM]","[PREMIUM]","[]","2026-04-11 00:00:00","Hot Wheels Monster Trucks Live Glow-N-Fire","auto","2026-04-11 23:30:00","5819092ccde6626ebe2ad25f"
"69cbc92d53c05bd145ff9118","2026-04-01 04:18:35.023","2026-04-01 04:18:35.023","69cbc92d53c05bd145ff9118","68b75dd27720ca8112a47774","[PREMIUM]","[PREMIUM]","[PREMIUM]","[PREMIUM]","[PREMIUM]","[1,2,3,4,5,6,7,8,9,10,11,12]","120","E","Lower","['*','*','*','*','*','*','*','*','*','*','*','*']","mobile","paciolan","tmqr",,"[PREMIUM]","[PREMIUM]","[]","2026-04-10 00:00:00","Hot Wheels Monster Trucks Live Glow-N-Fire (Rescheduled from 3/14)","auto","2026-04-11 23:30:00","5819092ccde6626ebe2ad25f"
"69cc020c53c05bd1457b15e7","2026-04-01 04:18:35.023","2026-04-07 00:01:59.917","69cc020c53c05bd1457b15e7","68b75dd27720ca8112a47774","[PREMIUM]","[PREMIUM]","[PREMIUM]","[PREMIUM]","[PREMIUM]","[2]","101","K","Lower","['*','*']","mobile","paciolan","tmqr",,"[PREMIUM]","[PREMIUM]","[]","2026-04-10 00:00:00","Hot Wheels Monster Trucks Live Glow-N-Fire (Rescheduled from 3/14)","auto","2026-04-11 23:30:00","5819092ccde6626ebe2ad25f"
"69cc022353c05bd145807444","2026-04-01 04:18:35.023","2026-04-01 04:18:35.023","69cc022353c05bd145807444","68b75dd27720ca8112a47774","[PREMIUM]","[PREMIUM]","[PREMIUM]","[PREMIUM]","[PREMIUM]","[1,2,3,4,6]","113","K","Lower","['*','*','*','*','*','*']","mobile","paciolan","tmqr",,"[PREMIUM]","[PREMIUM]","[]","2026-04-10 00:00:00","Hot Wheels Monster Trucks Live Glow-N-Fire (Rescheduled from 3/14)","auto","2026-04-11 23:30:00","5819092ccde6626ebe2ad25f"
"69cc273d53c05bd1455b8667","2026-04-01 04:18:35.023","2026-04-03 11:35:12.437","69cc273d53c05bd1455b8667","69179a69c46590f8d251f519","[PREMIUM]","[PREMIUM]","[PREMIUM]","[PREMIUM]","[PREMIUM]","[1,2,3,4,5,6,7,8]","201","GG","Upper","['*','*','*','*','*','*','*','*']","mobile","paciolan","tmqr",,"[PREMIUM]","[PREMIUM]","[]","2026-04-09 00:00:00","Hot Wheels Monster Trucks Live Glow-N-Fire","auto","2026-04-11 23:30:00","5819092ccde6626ebe2ad25f"
"69cc588f53c05bd1459f7b90","2026-04-01 04:18:35.023","2026-04-02 08:21:51.465","69cc588f53c05bd1459f7b90","68b75dd27720ca8112a47774","[PREMIUM]","[PREMIUM]","[PREMIUM]","[PREMIUM]","[PREMIUM]","[1,2,3,4,5,6,7]","110","K","Lower","['*','*','*','*','*','*','*']","mobile","paciolan","tmqr",,"[PREMIUM]","[PREMIUM]","[]","2026-04-09 00:00:00","Hot Wheels Monster Trucks Live Glow-N-Fire (Rescheduled from 3/14)","auto","2026-04-11 23:30:00","5819092ccde6626ebe2ad25f"
"69cc833c53c05bd145b04d14","2026-04-01 04:18:35.023","2026-04-02 08:21:51.465","69cc833c53c05bd145b04d14","68b75dd27720ca8112a47774","[PREMIUM]","[PREMIUM]","[PREMIUM]","[PREMIUM]","[PREMIUM]","[1,2,3,4,5,6]","112","AA","Lower","['*','*','*','*','*','*']","mobile","paciolan","tmqr",,"[PREMIUM]","[PREMIUM]","[]","2026-04-09 00:00:00","Hot Wheels Monster Trucks Live Glow-N-Fire (Rescheduled from 3/14)","auto","2026-04-11 23:30:00","5819092ccde6626ebe2ad25f"
"69c5827753c05bd1453e4692","2026-04-01 04:18:34.935","2026-04-01 04:18:34.935","69c5827753c05bd1453e4692","690d03a177266063a9fc2168","[PREMIUM]","[PREMIUM]","[PREMIUM]","[PREMIUM]","[PREMIUM]","[2,3,4,5]","205","D","Upper","['*','*','*','*','*']","mobile","tm","tmqr",,"[PREMIUM]","[PREMIUM]","[]","2026-05-22 00:00:00","Journey (Rescheduled from 3/14)","music","2026-05-24 23:30:00","597b6fe29da0d48c0d9396ce"
"69c58c1953c05bd14549b711","2026-04-01 04:18:34.935","2026-04-07 00:02:00.000","69c58c1953c05bd14549b711","690d03a177266063a9fc2168","[PREMIUM]","[PREMIUM]","[PREMIUM]","[PREMIUM]","[PREMIUM]","[2]","205","K","Upper","['*','*']","mobile","tm","tmqr","amazing","[PREMIUM]","[PREMIUM]","[]","2026-05-22 00:00:00","Journey (Rescheduled from 3/14)","music","2026-05-24 23:30:00","597b6fe29da0d48c0d9396ce"
"69c5894d53c05bd145bae9db","2026-04-01 04:18:34.935","2026-04-07 00:02:00.000","69c5894d53c05bd145bae9db","690d03a177266063a9fc2168","[PREMIUM]","[PREMIUM]","[PREMIUM]","[PREMIUM]","[PREMIUM]","[2,3,4]","205","A","Upper","['*','*','*','*']","mobile","tm","tmqr",,"[PREMIUM]","[PREMIUM]","[]","2026-05-22 00:00:00","Journey (Rescheduled from 3/14)","music","2026-05-24 23:30:00","597b6fe29da0d48c0d9396ce"
"69c9c34953c05bd1456d6b75","2026-04-01 04:18:34.935","2026-04-02 08:21:51.326","69c9c34953c05bd1456d6b75","690d03a177266063a9fc2168","[PREMIUM]","[PREMIUM]","[PREMIUM]","[PREMIUM]","[PREMIUM]","[2,3,4,5,6,7]","104","M","Lower","['*','*','*','*','*','*','*']","mobile","tm","tmqr","great","[PREMIUM]","[PREMIUM]","[]","2026-05-22 00:00:00","Journey (Rescheduled from 3/14)","music","2026-05-24 23:30:00","597b6fe29da0d48c0d9396ce"
"69cb00d753c05bd145d93ece","2026-04-01 04:18:34.935","2026-04-01 04:18:34.935","69cb00d753c05bd145d93ece","690d03a177266063a9fc2168","[PREMIUM]","[PREMIUM]","[PREMIUM]","[PREMIUM]","[PREMIUM]","[1,2,3]","102","K","Lower","['1','2','3']","mobile","tm","tmqr","great","[PREMIUM]","[PREMIUM]","[]","2026-05-23 00:00:00","Journey (Rescheduled from 3/14)","music","2026-05-24 23:30:00","597b6fe29da0d48c0d9396ce"
"69cc46ad53c05bd145ee6920","2026-04-01 04:18:34.935","2026-04-05 19:52:44.771","69cc46ad53c05bd145ee6920","690d03a177266063a9fc2168","[PREMIUM]","[PREMIUM]","[PREMIUM]","[PREMIUM]","[PREMIUM]","[1,2,3]","FLR7","F","Floor","['*','*','*']","mobile","tm","tmqr",,"[PREMIUM]","[PREMIUM]","[]","2026-05-23 00:00:00","Journey (Rescheduled from 3/14)","music","2026-05-24 23:30:00","597b6fe29da0d48c0d9396ce"
