"_primaryKey","_firstSeenAt","_lastSeenAt","listingId","eventId","pricePrefee","priceTotal","priceFaceValue","salesTax","preTaxTotal","availableLots","section","row","sectionGroup","seats","deliveryType","transferType","ticketType","deal","savingsAmount","savingsPercent","disclosures","inHandDate","eventName","eventCategory","eventDatetimeUtc","eventVenueId"
"6a70faf6b2472dcce3e04f05","2026-08-04 08:21:30.636","2026-08-04 08:21:30.636","6a70faf6b2472dcce3e04f05","68827a645aa9b9830bbde2ab","[PREMIUM]","[PREMIUM]","[PREMIUM]","[PREMIUM]","[PREMIUM]","[2,4]","MEZZ","ZZ","Mezzanine","['*','*','*','*']","mobile","tm","tmqr",,"[PREMIUM]","[PREMIUM]","[]","2026-08-20 00:00:00","Rene Vaca (18+ Event) (Rescheduled from 6/7/26)","comedy","2026-08-22 00:00:00","57e16d3950575d33c89b50cd"
"6a70e57c65fd413d37d21da6","2026-08-04 08:21:29.202","2026-08-07 18:17:32.252","6a70e57c65fd413d37d21da6","68375c4722078c7143b1bd23","[PREMIUM]","[PREMIUM]","[PREMIUM]","[PREMIUM]","[PREMIUM]","[1,2,3,4]","119","R","Lower","['*','*','*','*']","mobile","axs","tmqr","great","[PREMIUM]","[PREMIUM]","[]","2026-08-14 00:00:00","Los Tucanes De Tijuana (Rescheduled from 11/21/2025)","music","2026-08-16 00:00:00","58127f1ecde6626ebe12395e"
"6a70e57c7933021a4f388cfe","2026-08-04 08:21:29.202","2026-08-07 18:17:32.252","6a70e57c7933021a4f388cfe","68375c4722078c7143b1bd23","[PREMIUM]","[PREMIUM]","[PREMIUM]","[PREMIUM]","[PREMIUM]","[1,2,3,4]","102","R","Lower","['*','*','*','*']","mobile","axs","tmqr",,"[PREMIUM]","[PREMIUM]","[]","2026-08-14 00:00:00","Los Tucanes De Tijuana (Rescheduled from 11/21/2025)","music","2026-08-16 00:00:00","58127f1ecde6626ebe12395e"
"6a70e57f4ffcb056876f1a33","2026-08-04 08:21:29.202","2026-08-07 18:17:32.252","6a70e57f4ffcb056876f1a33","68375c4722078c7143b1bd23","[PREMIUM]","[PREMIUM]","[PREMIUM]","[PREMIUM]","[PREMIUM]","[1,2,3,4,5]","103","N","Lower","['*','*','*','*','*']","mobile","axs","tmqr","great","[PREMIUM]","[PREMIUM]","[]","2026-08-14 00:00:00","Los Tucanes De Tijuana (Rescheduled from 11/21/2025)","music","2026-08-16 00:00:00","58127f1ecde6626ebe12395e"
"6a70e5829d7fc940aebf6a15","2026-08-04 08:21:29.202","2026-08-04 08:21:29.202","6a70e5829d7fc940aebf6a15","68375c4722078c7143b1bd23","[PREMIUM]","[PREMIUM]","[PREMIUM]","[PREMIUM]","[PREMIUM]","[1,2,3,4,5,6]","101","G","Lower","['*','*','*','*','*','*']","mobile","axs","tmqr",,"[PREMIUM]","[PREMIUM]","[]","2026-08-14 00:00:00","Los Tucanes De Tijuana (Rescheduled from 11/21/2025)","music","2026-08-16 00:00:00","58127f1ecde6626ebe12395e"
"6a6d93ae4eb98f2f04266c97","2026-08-04 08:21:29.202","2026-08-08 21:34:39.136","6a6d93ae4eb98f2f04266c97","68375c4722078c7143b1bd23","[PREMIUM]","[PREMIUM]","[PREMIUM]","[PREMIUM]","[PREMIUM]","[2,4]","122","H","Lower","['*','*','*','*']","mobile","axs","tmqr",,"[PREMIUM]","[PREMIUM]","[]","2026-08-14 00:00:00","Los Tucanes De Tijuana (Rescheduled from 11/21/2025)","music","2026-08-16 00:00:00","58127f1ecde6626ebe12395e"
"6a6dcd459ec693aba1f7d2f5","2026-08-04 08:21:29.202","2026-08-04 08:21:29.202","6a6dcd459ec693aba1f7d2f5","68375c4722078c7143b1bd23","[PREMIUM]","[PREMIUM]","[PREMIUM]","[PREMIUM]","[PREMIUM]","[1,2,3,5]","120","H","Lower","['*','*','*','*','*']","mobile","axs","tmqr",,"[PREMIUM]","[PREMIUM]","[]","2026-08-14 00:00:00","Los Tucanes De Tijuana (Rescheduled from 11/21/2025)","music","2026-08-16 00:00:00","58127f1ecde6626ebe12395e"
"697a613d5fa9cbf67f57a850","2026-08-04 08:21:29.202","2026-08-04 08:21:29.202","697a613d5fa9cbf67f57a850","68375c4722078c7143b1bd23","[PREMIUM]","[PREMIUM]","[PREMIUM]","[PREMIUM]","[PREMIUM]","[1,2,3,4]","202","B","Upper","['*','*','*','*']","mobile","axs","tmqr","amazing","[PREMIUM]","[PREMIUM]","[]","2026-08-14 00:00:00","Los Tucanes De Tijuana (Rescheduled from 11/21/2025)","music","2026-08-16 00:00:00","58127f1ecde6626ebe12395e"
"697a61345fa9cbf67f556d20","2026-08-04 08:21:29.202","2026-08-04 08:21:29.202","697a61345fa9cbf67f556d20","68375c4722078c7143b1bd23","[PREMIUM]","[PREMIUM]","[PREMIUM]","[PREMIUM]","[PREMIUM]","[1,2,3,4]","223","B","Upper","['*','*','*','*']","mobile","axs","tmqr","great","[PREMIUM]","[PREMIUM]","[]","2026-08-14 00:00:00","Los Tucanes De Tijuana (Rescheduled from 11/21/2025)","music","2026-08-16 00:00:00","58127f1ecde6626ebe12395e"
"697a61315fa9cbf67f54adaa","2026-08-04 08:21:29.202","2026-08-04 08:21:29.202","697a61315fa9cbf67f54adaa","68375c4722078c7143b1bd23","[PREMIUM]","[PREMIUM]","[PREMIUM]","[PREMIUM]","[PREMIUM]","[1,2,3,4]","222","B","Upper","['*','*','*','*']","mobile","axs","tmqr","amazing","[PREMIUM]","[PREMIUM]","[]","2026-08-14 00:00:00","Los Tucanes De Tijuana (Rescheduled from 11/21/2025)","music","2026-08-16 00:00:00","58127f1ecde6626ebe12395e"
"697a61225fa9cbf67f5094aa","2026-08-04 08:21:29.202","2026-08-04 08:21:29.202","697a61225fa9cbf67f5094aa","68375c4722078c7143b1bd23","[PREMIUM]","[PREMIUM]","[PREMIUM]","[PREMIUM]","[PREMIUM]","[1,2,3,4]","220","B","Upper","['*','*','*','*']","mobile","axs","tmqr","great","[PREMIUM]","[PREMIUM]","[]","2026-08-14 00:00:00","Los Tucanes De Tijuana (Rescheduled from 11/21/2025)","music","2026-08-16 00:00:00","58127f1ecde6626ebe12395e"
"697a611f5fa9cbf67f4fdbbf","2026-08-04 08:21:29.202","2026-08-04 08:21:29.202","697a611f5fa9cbf67f4fdbbf","68375c4722078c7143b1bd23","[PREMIUM]","[PREMIUM]","[PREMIUM]","[PREMIUM]","[PREMIUM]","[1,2,3,4,5,6,7,8]","102","AA","Lower","['*','*','*','*','*','*','*','*']","mobile","axs","tmqr",,"[PREMIUM]","[PREMIUM]","[]","2026-08-14 00:00:00","Los Tucanes De Tijuana (Rescheduled from 11/21/2025)","music","2026-08-16 00:00:00","58127f1ecde6626ebe12395e"
"697a611c5fa9cbf67f4f1e06","2026-08-04 08:21:29.202","2026-08-04 08:21:29.202","697a611c5fa9cbf67f4f1e06","68375c4722078c7143b1bd23","[PREMIUM]","[PREMIUM]","[PREMIUM]","[PREMIUM]","[PREMIUM]","[1,2,3,4]","221","B","Upper","['*','*','*','*']","mobile","axs","tmqr","great","[PREMIUM]","[PREMIUM]","[]","2026-08-14 00:00:00","Los Tucanes De Tijuana (Rescheduled from 11/21/2025)","music","2026-08-16 00:00:00","58127f1ecde6626ebe12395e"
"6a71402fd6c95a6b30142eaf","2026-08-04 08:21:29.202","2026-08-06 14:50:50.233","6a71402fd6c95a6b30142eaf","68375c4722078c7143b1bd23","[PREMIUM]","[PREMIUM]","[PREMIUM]","[PREMIUM]","[PREMIUM]","[1,2,3,4]","122","Z","Lower","['*','*','*','*']","mobile","axs","tmqr","great","[PREMIUM]","[PREMIUM]","[]","2026-08-14 00:00:00","Los Tucanes De Tijuana (Rescheduled from 11/21/2025)","music","2026-08-16 00:00:00","58127f1ecde6626ebe12395e"
"6a714cde9d7fc940aebfed2e","2026-08-04 08:21:29.202","2026-08-04 08:21:29.202","6a714cde9d7fc940aebfed2e","68375c4722078c7143b1bd23","[PREMIUM]","[PREMIUM]","[PREMIUM]","[PREMIUM]","[PREMIUM]","[1,2,3,4]","119","E","Lower","['*','*','*','*']","mobile","axs","tmqr","great","[PREMIUM]","[PREMIUM]","[]","2026-08-14 00:00:00","Los Tucanes De Tijuana (Rescheduled from 11/21/2025)","music","2026-08-16 00:00:00","58127f1ecde6626ebe12395e"
"6a7124ebb2472dcce374e146","2026-08-04 08:21:29.202","2026-08-04 08:21:29.202","6a7124ebb2472dcce374e146","68375c4722078c7143b1bd23","[PREMIUM]","[PREMIUM]","[PREMIUM]","[PREMIUM]","[PREMIUM]","[1,2,3,4,5,6,7,8]","122","D","Lower","['*','*','*','*','*','*','*','*']","mobile","axs","tmqr",,"[PREMIUM]","[PREMIUM]","[]","2026-08-14 00:00:00","Los Tucanes De Tijuana (Rescheduled from 11/21/2025)","music","2026-08-16 00:00:00","58127f1ecde6626ebe12395e"
"6a7124c4b2472dcce36e7908","2026-08-04 08:21:29.202","2026-08-04 08:21:29.202","6a7124c4b2472dcce36e7908","68375c4722078c7143b1bd23","[PREMIUM]","[PREMIUM]","[PREMIUM]","[PREMIUM]","[PREMIUM]","[1,2,3,4,5,6,7,8]","101","C","Lower","['*','*','*','*','*','*','*','*']","mobile","axs","tmqr",,"[PREMIUM]","[PREMIUM]","[]","2026-08-14 00:00:00","Los Tucanes De Tijuana (Rescheduled from 11/21/2025)","music","2026-08-16 00:00:00","58127f1ecde6626ebe12395e"
"697a61315fa9cbf67f54adbf","2026-08-04 08:21:29.202","2026-08-10 01:06:50.683","697a61315fa9cbf67f54adbf","68375c4722078c7143b1bd23","[PREMIUM]","[PREMIUM]","[PREMIUM]","[PREMIUM]","[PREMIUM]","[1,2,3,4,5,6,7,8]","103","R","Lower","['*','*','*','*','*','*','*','*']","mobile","axs","tmqr",,"[PREMIUM]","[PREMIUM]","[]","2026-08-14 00:00:00","Los Tucanes De Tijuana (Rescheduled from 11/21/2025)","music","2026-08-16 00:00:00","58127f1ecde6626ebe12395e"
"6a710352fdb288ec7ba1bbc1","2026-08-04 08:21:29.202","2026-08-04 08:21:29.202","6a710352fdb288ec7ba1bbc1","68375c4722078c7143b1bd23","[PREMIUM]","[PREMIUM]","[PREMIUM]","[PREMIUM]","[PREMIUM]","[1,2,3,4,5,6,7,8]","102","K","Lower","['*','*','*','*','*','*','*','*']","mobile","axs","tmqr",,"[PREMIUM]","[PREMIUM]","[]","2026-08-14 00:00:00","Los Tucanes De Tijuana (Rescheduled from 11/21/2025)","music","2026-08-16 00:00:00","58127f1ecde6626ebe12395e"
"6a71035267cd480d3fd09670","2026-08-04 08:21:29.202","2026-08-04 08:21:29.202","6a71035267cd480d3fd09670","68375c4722078c7143b1bd23","[PREMIUM]","[PREMIUM]","[PREMIUM]","[PREMIUM]","[PREMIUM]","[1,2,3,4,5,6]","100","R","Lower","['*','*','*','*','*','*']","mobile","axs","tmqr",,"[PREMIUM]","[PREMIUM]","[]","2026-08-14 00:00:00","Los Tucanes De Tijuana (Rescheduled from 11/21/2025)","music","2026-08-16 00:00:00","58127f1ecde6626ebe12395e"
"6a710351d2780b7ecae26687","2026-08-04 08:21:29.202","2026-08-07 18:17:32.252","6a710351d2780b7ecae26687","68375c4722078c7143b1bd23","[PREMIUM]","[PREMIUM]","[PREMIUM]","[PREMIUM]","[PREMIUM]","[1,2,3,4]","121","J","Lower","['*','*','*','*']","mobile","axs","tmqr",,"[PREMIUM]","[PREMIUM]","[]","2026-08-14 00:00:00","Los Tucanes De Tijuana (Rescheduled from 11/21/2025)","music","2026-08-16 00:00:00","58127f1ecde6626ebe12395e"
"6a71034e241f4fefc16e2336","2026-08-04 08:21:29.202","2026-08-04 08:21:29.202","6a71034e241f4fefc16e2336","68375c4722078c7143b1bd23","[PREMIUM]","[PREMIUM]","[PREMIUM]","[PREMIUM]","[PREMIUM]","[1,2,3]","121","E","Lower","['*','*','*']","mobile","axs","tmqr",,"[PREMIUM]","[PREMIUM]","[]","2026-08-14 00:00:00","Los Tucanes De Tijuana (Rescheduled from 11/21/2025)","music","2026-08-16 00:00:00","58127f1ecde6626ebe12395e"
"6a6d93adf27dac8706243026","2026-08-04 08:21:29.202","2026-08-05 11:33:50.224","6a6d93adf27dac8706243026","68375c4722078c7143b1bd23","[PREMIUM]","[PREMIUM]","[PREMIUM]","[PREMIUM]","[PREMIUM]","[2]","100","L","Lower","['*','*']","mobile","axs","tmqr",,"[PREMIUM]","[PREMIUM]","[]","2026-08-14 00:00:00","Los Tucanes De Tijuana (Rescheduled from 11/21/2025)","music","2026-08-16 00:00:00","58127f1ecde6626ebe12395e"
"6a6d93af06edb8d2f4e6e85b","2026-08-04 08:21:29.202","2026-08-05 11:33:50.224","6a6d93af06edb8d2f4e6e85b","68375c4722078c7143b1bd23","[PREMIUM]","[PREMIUM]","[PREMIUM]","[PREMIUM]","[PREMIUM]","[2]","120","T","Lower","['*','*']","mobile","axs","tmqr",,"[PREMIUM]","[PREMIUM]","[]","2026-08-14 00:00:00","Los Tucanes De Tijuana (Rescheduled from 11/21/2025)","music","2026-08-16 00:00:00","58127f1ecde6626ebe12395e"
"6a6d93af774cd82a1030e66a","2026-08-04 08:21:29.202","2026-08-07 18:17:32.252","6a6d93af774cd82a1030e66a","68375c4722078c7143b1bd23","[PREMIUM]","[PREMIUM]","[PREMIUM]","[PREMIUM]","[PREMIUM]","[2]","119","N","Lower","['*','*']","mobile","axs","tmqr",,"[PREMIUM]","[PREMIUM]","[]","2026-08-14 00:00:00","Los Tucanes De Tijuana (Rescheduled from 11/21/2025)","music","2026-08-16 00:00:00","58127f1ecde6626ebe12395e"
"6a6d93b467e6821ad3c9509e","2026-08-04 08:21:29.202","2026-08-07 18:17:32.252","6a6d93b467e6821ad3c9509e","68375c4722078c7143b1bd23","[PREMIUM]","[PREMIUM]","[PREMIUM]","[PREMIUM]","[PREMIUM]","[2]","103","J","Lower","['*','*']","mobile","axs","tmqr",,"[PREMIUM]","[PREMIUM]","[]","2026-08-14 00:00:00","Los Tucanes De Tijuana (Rescheduled from 11/21/2025)","music","2026-08-16 00:00:00","58127f1ecde6626ebe12395e"
"6a6d93ad8bdbbc65148858c9","2026-08-04 08:21:29.202","2026-08-04 08:21:29.202","6a6d93ad8bdbbc65148858c9","68375c4722078c7143b1bd23","[PREMIUM]","[PREMIUM]","[PREMIUM]","[PREMIUM]","[PREMIUM]","[2]","6","H","Floor","['*','*']","mobile","axs","tmqr",,"[PREMIUM]","[PREMIUM]","[]","2026-08-14 00:00:00","Los Tucanes De Tijuana (Rescheduled from 11/21/2025)","music","2026-08-16 00:00:00","58127f1ecde6626ebe12395e"
"6a6d93aec59f13fd3324e666","2026-08-04 08:21:29.202","2026-08-12 08:07:55.293","6a6d93aec59f13fd3324e666","68375c4722078c7143b1bd23","[PREMIUM]","[PREMIUM]","[PREMIUM]","[PREMIUM]","[PREMIUM]","[2,4,6]","121","P","Lower","['*','*','*','*','*','*']","mobile","axs","tmqr",,"[PREMIUM]","[PREMIUM]","[]","2026-08-14 00:00:00","Los Tucanes De Tijuana (Rescheduled from 11/21/2025)","music","2026-08-16 00:00:00","58127f1ecde6626ebe12395e"
"6a7147e915a3612b0d327be4","2026-08-04 08:21:29.202","2026-08-08 21:34:39.136","6a7147e915a3612b0d327be4","68375c4722078c7143b1bd23","[PREMIUM]","[PREMIUM]","[PREMIUM]","[PREMIUM]","[PREMIUM]","[1,2,3,4]","120","D","Lower","['*','*','*','*']","mobile","axs","tmqr",,"[PREMIUM]","[PREMIUM]","[]","2026-08-14 00:00:00","Los Tucanes De Tijuana (Rescheduled from 11/21/2025)","music","2026-08-16 00:00:00","58127f1ecde6626ebe12395e"
"6a6e9dcecf95e2c946a8e108","2026-08-04 08:21:29.202","2026-08-04 08:21:29.202","6a6e9dcecf95e2c946a8e108","68375c4722078c7143b1bd23","[PREMIUM]","[PREMIUM]","[PREMIUM]","[PREMIUM]","[PREMIUM]","[1,2,3]","4","A","Floor","['*','*','*']","mobile","axs","tmqr",,"[PREMIUM]","[PREMIUM]","[]","2026-08-14 00:00:00","Los Tucanes De Tijuana (Rescheduled from 11/21/2025)","music","2026-08-16 00:00:00","58127f1ecde6626ebe12395e"
"6a70ebf5b2472dcce396af98","2026-08-04 08:21:29.202","2026-08-04 08:21:29.202","6a70ebf5b2472dcce396af98","68375c4722078c7143b1bd23","[PREMIUM]","[PREMIUM]","[PREMIUM]","[PREMIUM]","[PREMIUM]","[1,2,3,4]","120","X","Lower","['*','*','*','*']","mobile","axs","tmqr","great","[PREMIUM]","[PREMIUM]","[]","2026-08-14 00:00:00","Los Tucanes De Tijuana (Rescheduled from 11/21/2025)","music","2026-08-16 00:00:00","58127f1ecde6626ebe12395e"
"6a70ebaeb2472dcce37cae19","2026-08-04 08:21:29.202","2026-08-04 08:21:29.202","6a70ebaeb2472dcce37cae19","68375c4722078c7143b1bd23","[PREMIUM]","[PREMIUM]","[PREMIUM]","[PREMIUM]","[PREMIUM]","[1,2,4]","1","J","Floor","['*','*','*','*']","mobile","axs","tmqr",,"[PREMIUM]","[PREMIUM]","[]","2026-08-14 00:00:00","Los Tucanes De Tijuana (Rescheduled from 11/21/2025)","music","2026-08-16 00:00:00","58127f1ecde6626ebe12395e"
"6a70ebf2b2472dcce3958094","2026-08-04 08:21:29.202","2026-08-06 14:50:50.233","6a70ebf2b2472dcce3958094","68375c4722078c7143b1bd23","[PREMIUM]","[PREMIUM]","[PREMIUM]","[PREMIUM]","[PREMIUM]","[1,2,3,4]","6","C","Floor","['*','*','*','*']","mobile","axs","tmqr",,"[PREMIUM]","[PREMIUM]","[]","2026-08-14 00:00:00","Los Tucanes De Tijuana (Rescheduled from 11/21/2025)","music","2026-08-16 00:00:00","58127f1ecde6626ebe12395e"
"6a70f226b2472dcce3259917","2026-08-04 08:21:29.202","2026-08-04 08:21:29.202","6a70f226b2472dcce3259917","68375c4722078c7143b1bd23","[PREMIUM]","[PREMIUM]","[PREMIUM]","[PREMIUM]","[PREMIUM]","[1,2,3,4,5,6]","119","J","Lower","['*','*','*','*','*','*']","mobile","axs","tmqr","great","[PREMIUM]","[PREMIUM]","[]","2026-08-14 00:00:00","Los Tucanes De Tijuana (Rescheduled from 11/21/2025)","music","2026-08-16 00:00:00","58127f1ecde6626ebe12395e"
"6a70eb92b2472dcce3724f3c","2026-08-04 08:21:29.202","2026-08-05 11:33:50.224","6a70eb92b2472dcce3724f3c","68375c4722078c7143b1bd23","[PREMIUM]","[PREMIUM]","[PREMIUM]","[PREMIUM]","[PREMIUM]","[1,2]","3","J","Floor","['*','*']","mobile","axs","tmqr",,"[PREMIUM]","[PREMIUM]","[]","2026-08-14 00:00:00","Los Tucanes De Tijuana (Rescheduled from 11/21/2025)","music","2026-08-16 00:00:00","58127f1ecde6626ebe12395e"
"6a70ebdcb2472dcce38da3ad","2026-08-04 08:21:29.202","2026-08-04 08:21:29.202","6a70ebdcb2472dcce38da3ad","68375c4722078c7143b1bd23","[PREMIUM]","[PREMIUM]","[PREMIUM]","[PREMIUM]","[PREMIUM]","[1,2]","4","H","Floor","['*','*']","mobile","axs","tmqr",,"[PREMIUM]","[PREMIUM]","[]","2026-08-14 00:00:00","Los Tucanes De Tijuana (Rescheduled from 11/21/2025)","music","2026-08-16 00:00:00","58127f1ecde6626ebe12395e"
"6a70eb8fb2472dcce37129d4","2026-08-04 08:21:29.202","2026-08-04 08:21:29.202","6a70eb8fb2472dcce37129d4","68375c4722078c7143b1bd23","[PREMIUM]","[PREMIUM]","[PREMIUM]","[PREMIUM]","[PREMIUM]","[1,2,3,4,5,6]","102","V","Lower","['*','*','*','*','*','*']","mobile","axs","tmqr","great","[PREMIUM]","[PREMIUM]","[]","2026-08-14 00:00:00","Los Tucanes De Tijuana (Rescheduled from 11/21/2025)","music","2026-08-16 00:00:00","58127f1ecde6626ebe12395e"
"6a70ebd9b2472dcce38c841a","2026-08-04 08:21:29.202","2026-08-06 14:50:50.233","6a70ebd9b2472dcce38c841a","68375c4722078c7143b1bd23","[PREMIUM]","[PREMIUM]","[PREMIUM]","[PREMIUM]","[PREMIUM]","[1,2,3,4]","103","V","Lower","['*','*','*','*']","mobile","axs","tmqr","amazing","[PREMIUM]","[PREMIUM]","[]","2026-08-14 00:00:00","Los Tucanes De Tijuana (Rescheduled from 11/21/2025)","music","2026-08-16 00:00:00","58127f1ecde6626ebe12395e"
"6a70ebb1b2472dcce37dcaef","2026-08-04 08:21:29.202","2026-08-06 14:50:50.233","6a70ebb1b2472dcce37dcaef","68375c4722078c7143b1bd23","[PREMIUM]","[PREMIUM]","[PREMIUM]","[PREMIUM]","[PREMIUM]","[1,2,4]","119","V","Lower","['*','*','*','*']","mobile","axs","tmqr","amazing","[PREMIUM]","[PREMIUM]","[]","2026-08-14 00:00:00","Los Tucanes De Tijuana (Rescheduled from 11/21/2025)","music","2026-08-16 00:00:00","58127f1ecde6626ebe12395e"
"6a70ebd6b2472dcce38b6009","2026-08-04 08:21:29.202","2026-08-05 11:33:50.224","6a70ebd6b2472dcce38b6009","68375c4722078c7143b1bd23","[PREMIUM]","[PREMIUM]","[PREMIUM]","[PREMIUM]","[PREMIUM]","[1,2,3,5]","104","V","Lower","['*','*','*','*','*']","mobile","axs","tmqr","amazing","[PREMIUM]","[PREMIUM]","[]","2026-08-14 00:00:00","Los Tucanes De Tijuana (Rescheduled from 11/21/2025)","music","2026-08-16 00:00:00","58127f1ecde6626ebe12395e"
"6a70ebcdb2472dcce387f9e4","2026-08-04 08:21:29.202","2026-08-04 08:21:29.202","6a70ebcdb2472dcce387f9e4","68375c4722078c7143b1bd23","[PREMIUM]","[PREMIUM]","[PREMIUM]","[PREMIUM]","[PREMIUM]","[1,2,4]","121","T","Lower","['*','*','*','*']","mobile","axs","tmqr","great","[PREMIUM]","[PREMIUM]","[]","2026-08-14 00:00:00","Los Tucanes De Tijuana (Rescheduled from 11/21/2025)","music","2026-08-16 00:00:00","58127f1ecde6626ebe12395e"
"6a70f23eb2472dcce32a177f","2026-08-04 08:21:29.202","2026-08-07 18:17:32.252","6a70f23eb2472dcce32a177f","68375c4722078c7143b1bd23","[PREMIUM]","[PREMIUM]","[PREMIUM]","[PREMIUM]","[PREMIUM]","[1,2]","104","P","Lower","['*','*']","mobile","axs","tmqr","great","[PREMIUM]","[PREMIUM]","[]","2026-08-14 00:00:00","Los Tucanes De Tijuana (Rescheduled from 11/21/2025)","music","2026-08-16 00:00:00","58127f1ecde6626ebe12395e"
"6a70f241b2472dcce32a96e3","2026-08-04 08:21:29.202","2026-08-04 08:21:29.202","6a70f241b2472dcce32a96e3","68375c4722078c7143b1bd23","[PREMIUM]","[PREMIUM]","[PREMIUM]","[PREMIUM]","[PREMIUM]","[1,2,4]","121","Z","Lower","['*','*','*','*']","mobile","axs","tmqr",,"[PREMIUM]","[PREMIUM]","[]","2026-08-14 00:00:00","Los Tucanes De Tijuana (Rescheduled from 11/21/2025)","music","2026-08-16 00:00:00","58127f1ecde6626ebe12395e"
"6a70f257b2472dcce32e4daf","2026-08-04 08:21:29.202","2026-08-04 08:21:29.202","6a70f257b2472dcce32e4daf","68375c4722078c7143b1bd23","[PREMIUM]","[PREMIUM]","[PREMIUM]","[PREMIUM]","[PREMIUM]","[1,2,3,4,5,6]","120","N","Lower","['*','*','*','*','*','*']","mobile","axs","tmqr",,"[PREMIUM]","[PREMIUM]","[]","2026-08-14 00:00:00","Los Tucanes De Tijuana (Rescheduled from 11/21/2025)","music","2026-08-16 00:00:00","58127f1ecde6626ebe12395e"
"6a7118d9b2472dcce37548a0","2026-08-04 08:21:29.202","2026-08-04 08:21:29.202","6a7118d9b2472dcce37548a0","68375c4722078c7143b1bd23","[PREMIUM]","[PREMIUM]","[PREMIUM]","[PREMIUM]","[PREMIUM]","[1,2,3,4]","122","V","Lower","['*','*','*','*']","mobile","axs","tmqr","cheapest","[PREMIUM]","[PREMIUM]","[]","2026-08-14 00:00:00","Los Tucanes De Tijuana (Rescheduled from 11/21/2025)","music","2026-08-16 00:00:00","58127f1ecde6626ebe12395e"
"6a7118cdb2472dcce3727cec","2026-08-04 08:21:29.202","2026-08-04 08:21:29.202","6a7118cdb2472dcce3727cec","68375c4722078c7143b1bd23","[PREMIUM]","[PREMIUM]","[PREMIUM]","[PREMIUM]","[PREMIUM]","[1,2,3,4]","122","L","Lower","['*','*','*','*']","mobile","axs","tmqr","great","[PREMIUM]","[PREMIUM]","[]","2026-08-14 00:00:00","Los Tucanes De Tijuana (Rescheduled from 11/21/2025)","music","2026-08-16 00:00:00","58127f1ecde6626ebe12395e"
"6a7118d3b2472dcce37418fa","2026-08-04 08:21:29.202","2026-08-04 08:21:29.202","6a7118d3b2472dcce37418fa","68375c4722078c7143b1bd23","[PREMIUM]","[PREMIUM]","[PREMIUM]","[PREMIUM]","[PREMIUM]","[1,2,3,4,5,6]","101","X","Lower","['*','*','*','*','*','*']","mobile","axs","tmqr","great","[PREMIUM]","[PREMIUM]","[]","2026-08-14 00:00:00","Los Tucanes De Tijuana (Rescheduled from 11/21/2025)","music","2026-08-16 00:00:00","58127f1ecde6626ebe12395e"
"6a713119b2472dcce35cff6a","2026-08-04 08:21:29.202","2026-08-04 08:21:29.202","6a713119b2472dcce35cff6a","68375c4722078c7143b1bd23","[PREMIUM]","[PREMIUM]","[PREMIUM]","[PREMIUM]","[PREMIUM]","[1,2,3,4,5,6]","101","L","Lower","['*','*','*','*','*','*']","mobile","axs","tmqr","great","[PREMIUM]","[PREMIUM]","[]","2026-08-14 00:00:00","Los Tucanes De Tijuana (Rescheduled from 11/21/2025)","music","2026-08-16 00:00:00","58127f1ecde6626ebe12395e"
"6a711101d2780b7ecae27cc9","2026-08-04 08:21:29.202","2026-08-04 08:21:29.202","6a711101d2780b7ecae27cc9","68375c4722078c7143b1bd23","[PREMIUM]","[PREMIUM]","[PREMIUM]","[PREMIUM]","[PREMIUM]","[2]","103","E","Lower","['*','*']","mobile","axs","tmqr",,"[PREMIUM]","[PREMIUM]","[]","2026-08-14 00:00:00","Los Tucanes De Tijuana (Rescheduled from 11/21/2025)","music","2026-08-16 00:00:00","58127f1ecde6626ebe12395e"
"6a70ff7a7933021a4f38b1b3","2026-08-04 08:21:29.202","2026-08-04 08:21:29.202","6a70ff7a7933021a4f38b1b3","68375c4722078c7143b1bd23","[PREMIUM]","[PREMIUM]","[PREMIUM]","[PREMIUM]","[PREMIUM]","[2,4]","100","H","Lower","['*','*','*','*']","mobile","axs","tmqr",,"[PREMIUM]","[PREMIUM]","[]","2026-08-14 00:00:00","Los Tucanes De Tijuana (Rescheduled from 11/21/2025)","music","2026-08-16 00:00:00","58127f1ecde6626ebe12395e"
"6a70fb29e5a09c53528c5f59","2026-08-04 08:21:29.202","2026-08-04 08:21:29.202","6a70fb29e5a09c53528c5f59","68375c4722078c7143b1bd23","[PREMIUM]","[PREMIUM]","[PREMIUM]","[PREMIUM]","[PREMIUM]","[1,2,3,4,5,6]","122","P","Lower","['*','*','*','*','*','*']","mobile","axs","tmqr",,"[PREMIUM]","[PREMIUM]","[]","2026-08-14 00:00:00","Los Tucanes De Tijuana (Rescheduled from 11/21/2025)","music","2026-08-16 00:00:00","58127f1ecde6626ebe12395e"
"6a70fb36763e2d243d57854a","2026-08-04 08:21:29.202","2026-08-05 11:33:50.224","6a70fb36763e2d243d57854a","68375c4722078c7143b1bd23","[PREMIUM]","[PREMIUM]","[PREMIUM]","[PREMIUM]","[PREMIUM]","[1,2,3]","100","X","Lower","['*','*','*']","mobile","axs","tmqr","great","[PREMIUM]","[PREMIUM]","[]","2026-08-14 00:00:00","Los Tucanes De Tijuana (Rescheduled from 11/21/2025)","music","2026-08-16 00:00:00","58127f1ecde6626ebe12395e"
"6a70fb4b15a3612b0d321c44","2026-08-04 08:21:29.202","2026-08-06 14:50:50.233","6a70fb4b15a3612b0d321c44","68375c4722078c7143b1bd23","[PREMIUM]","[PREMIUM]","[PREMIUM]","[PREMIUM]","[PREMIUM]","[1,2,3,4,5,6]","101","R","Lower","['*','*','*','*','*','*']","mobile","axs","tmqr",,"[PREMIUM]","[PREMIUM]","[]","2026-08-14 00:00:00","Los Tucanes De Tijuana (Rescheduled from 11/21/2025)","music","2026-08-16 00:00:00","58127f1ecde6626ebe12395e"
"6a7099a4b2472dcce379a8b4","2026-08-04 08:21:28.966","2026-08-10 01:06:50.547","6a7099a4b2472dcce379a8b4","688279ef598b11d1ebb34ed4","[PREMIUM]","[PREMIUM]","[PREMIUM]","[PREMIUM]","[PREMIUM]","[1,2]","BALFR","B","Balcony","['*','*']","mobile","tm","tmqr","great","[PREMIUM]","[PREMIUM]","[]","2026-08-21 00:00:00","Rene Vaca (18+ Event) (Rescheduled form 11/23/25, 6/5/26)","comedy","2026-08-22 22:00:00","61afdd78ed874600017bb812"
"6a70993ab2472dcce36cddab","2026-08-04 08:21:28.966","2026-08-10 01:06:50.547","6a70993ab2472dcce36cddab","688279ef598b11d1ebb34ed4","[PREMIUM]","[PREMIUM]","[PREMIUM]","[PREMIUM]","[PREMIUM]","[1,2]","BALFL","D","Balcony","['*','*']","mobile","tm","tmqr",,"[PREMIUM]","[PREMIUM]","[]","2026-08-21 00:00:00","Rene Vaca (18+ Event) (Rescheduled form 11/23/25, 6/5/26)","comedy","2026-08-22 22:00:00","61afdd78ed874600017bb812"
"6a7099f5b2472dcce3831008","2026-08-04 08:21:28.966","2026-08-10 01:06:50.547","6a7099f5b2472dcce3831008","688279ef598b11d1ebb34ed4","[PREMIUM]","[PREMIUM]","[PREMIUM]","[PREMIUM]","[PREMIUM]","[1,2]","BALCL","K","Balcony","['*','*']","mobile","tm","tmqr",,"[PREMIUM]","[PREMIUM]","[]","2026-08-21 00:00:00","Rene Vaca (18+ Event) (Rescheduled form 11/23/25, 6/5/26)","comedy","2026-08-22 22:00:00","61afdd78ed874600017bb812"
"6a709959b2472dcce37114e7","2026-08-04 08:21:28.966","2026-08-10 01:06:50.547","6a709959b2472dcce37114e7","688279ef598b11d1ebb34ed4","[PREMIUM]","[PREMIUM]","[PREMIUM]","[PREMIUM]","[PREMIUM]","[1,2]","BALFL","A","Balcony","['*','*']","mobile","tm","tmqr","amazing","[PREMIUM]","[PREMIUM]","[]","2026-08-21 00:00:00","Rene Vaca (18+ Event) (Rescheduled form 11/23/25, 6/5/26)","comedy","2026-08-22 22:00:00","61afdd78ed874600017bb812"
"6a67f8711251b86750ffa364","2026-08-04 08:21:27.489","2026-08-07 18:17:28.943","6a67f8711251b86750ffa364","68ce339d302bab3cec86b38d","[PREMIUM]","[PREMIUM]","[PREMIUM]","[PREMIUM]","[PREMIUM]","[1,2,3,4,5,6,7,8,9,10,11,12]","217","Q","Upper","['*','*','*','*','*','*','*','*','*','*','*','*']","mobile","tm","tmqr",,"[PREMIUM]","[PREMIUM]","[]","2099-04-23 00:00:00","Barry Manilow (Rescheduled from 4/24/26)","music","2026-08-10 23:00:00","5758b8caf80c41206da73335"
"6a67f8671dd7dc73e0cdcfd9","2026-08-04 08:21:27.489","2026-08-04 08:21:27.489","6a67f8671dd7dc73e0cdcfd9","68ce339d302bab3cec86b38d","[PREMIUM]","[PREMIUM]","[PREMIUM]","[PREMIUM]","[PREMIUM]","[1,2,3,4,5,6,7,8,9,10,11,12]","113","PP","Lower","['*','*','*','*','*','*','*','*','*','*','*','*']","mobile","tm","tmqr",,"[PREMIUM]","[PREMIUM]","[]","2099-04-23 00:00:00","Barry Manilow (Rescheduled from 4/24/26)","music","2026-08-10 23:00:00","5758b8caf80c41206da73335"
"6a6bd459dda6bb43136d4c68","2026-08-04 08:21:27.489","2026-08-04 08:21:27.489","6a6bd459dda6bb43136d4c68","68ce339d302bab3cec86b38d","[PREMIUM]","[PREMIUM]","[PREMIUM]","[PREMIUM]","[PREMIUM]","[1,2,3,4,5,6]","FLRA","10","Floor","['*','*','*','*','*','*']","mobile","tm","tmqr",,"[PREMIUM]","[PREMIUM]","[]","2026-08-08 00:00:00","Barry Manilow (Rescheduled from 4/24/26)","music","2026-08-10 23:00:00","5758b8caf80c41206da73335"
"6a6bd46ce24fb847166477f5","2026-08-04 08:21:27.489","2026-08-04 08:21:27.489","6a6bd46ce24fb847166477f5","68ce339d302bab3cec86b38d","[PREMIUM]","[PREMIUM]","[PREMIUM]","[PREMIUM]","[PREMIUM]","[1,2,3,4,5]","FLRA","38","Floor","['*','*','*','*','*']","mobile","tm","tmqr",,"[PREMIUM]","[PREMIUM]","[]","2026-08-08 00:00:00","Barry Manilow (Rescheduled from 4/24/26)","music","2026-08-10 23:00:00","5758b8caf80c41206da73335"
"6a6bd45c3515ce32b21296ca","2026-08-04 08:21:27.489","2026-08-04 08:21:27.489","6a6bd45c3515ce32b21296ca","68ce339d302bab3cec86b38d","[PREMIUM]","[PREMIUM]","[PREMIUM]","[PREMIUM]","[PREMIUM]","[1,2,3,4,5]","115","MM","Lower","['*','*','*','*','*']","mobile","tm","tmqr",,"[PREMIUM]","[PREMIUM]","[]","2026-08-08 00:00:00","Barry Manilow (Rescheduled from 4/24/26)","music","2026-08-10 23:00:00","5758b8caf80c41206da73335"
"6a6bd45bcaba8a1ccd83424e","2026-08-04 08:21:27.489","2026-08-04 08:21:27.489","6a6bd45bcaba8a1ccd83424e","68ce339d302bab3cec86b38d","[PREMIUM]","[PREMIUM]","[PREMIUM]","[PREMIUM]","[PREMIUM]","[1,2,3,4,5]","122","HH","Lower","['*','*','*','*','*']","mobile","tm","tmqr",,"[PREMIUM]","[PREMIUM]","[]","2026-08-08 00:00:00","Barry Manilow (Rescheduled from 4/24/26)","music","2026-08-10 23:00:00","5758b8caf80c41206da73335"
"6a6bd424caba8a1ccd8341ed","2026-08-04 08:21:27.489","2026-08-04 08:21:27.489","6a6bd424caba8a1ccd8341ed","68ce339d302bab3cec86b38d","[PREMIUM]","[PREMIUM]","[PREMIUM]","[PREMIUM]","[PREMIUM]","[1,2,3,4,5,6,7]","112","PP","Lower","['*','*','*','*','*','*','*']","mobile","tm","tmqr",,"[PREMIUM]","[PREMIUM]","[]","2026-08-08 00:00:00","Barry Manilow (Rescheduled from 4/24/26)","music","2026-08-10 23:00:00","5758b8caf80c41206da73335"
"6a6bd46dc881c5869c86094a","2026-08-04 08:21:27.489","2026-08-04 08:21:27.489","6a6bd46dc881c5869c86094a","68ce339d302bab3cec86b38d","[PREMIUM]","[PREMIUM]","[PREMIUM]","[PREMIUM]","[PREMIUM]","[1,2,3,4,5]","FLRA","22","Floor","['*','*','*','*','*']","mobile","tm","tmqr",,"[PREMIUM]","[PREMIUM]","[]","2026-08-08 00:00:00","Barry Manilow (Rescheduled from 4/24/26)","music","2026-08-10 23:00:00","5758b8caf80c41206da73335"
"6a6bd46caad7f7026e8fbf34","2026-08-04 08:21:27.489","2026-08-04 08:21:27.489","6a6bd46caad7f7026e8fbf34","68ce339d302bab3cec86b38d","[PREMIUM]","[PREMIUM]","[PREMIUM]","[PREMIUM]","[PREMIUM]","[1,2]","FLRA","26","Floor","['*','*']","mobile","tm","tmqr",,"[PREMIUM]","[PREMIUM]","[]","2026-08-08 00:00:00","Barry Manilow (Rescheduled from 4/24/26)","music","2026-08-10 23:00:00","5758b8caf80c41206da73335"
"69f7c7ea50ae950bcbbc1c1e","2026-08-04 08:21:27.489","2026-08-04 08:21:27.489","69f7c7ea50ae950bcbbc1c1e","68ce339d302bab3cec86b38d","[PREMIUM]","[PREMIUM]","[PREMIUM]","[PREMIUM]","[PREMIUM]","[2,3,4,5,6]","124","KK","Lower","['*','*','*','*','*','*']","mobile","tm","tmqr",,"[PREMIUM]","[PREMIUM]","[]","2026-08-09 00:00:00","Barry Manilow (Rescheduled from 4/24/26)","music","2026-08-10 23:00:00","5758b8caf80c41206da73335"
"69f7c90b50ae950bcbf77d56","2026-08-04 08:21:27.489","2026-08-04 08:21:27.489","69f7c90b50ae950bcbf77d56","68ce339d302bab3cec86b38d","[PREMIUM]","[PREMIUM]","[PREMIUM]","[PREMIUM]","[PREMIUM]","[2]","125","KK","Lower","['*','*']","mobile","tm","tmqr",,"[PREMIUM]","[PREMIUM]","[]","2026-08-09 00:00:00","Barry Manilow (Rescheduled from 4/24/26)","music","2026-08-10 23:00:00","5758b8caf80c41206da73335"
"69f7c90950ae950bcbf6ec82","2026-08-04 08:21:27.489","2026-08-04 08:21:27.489","69f7c90950ae950bcbf6ec82","68ce339d302bab3cec86b38d","[PREMIUM]","[PREMIUM]","[PREMIUM]","[PREMIUM]","[PREMIUM]","[2,3,4,5]","223","J","Upper","['*','*','*','*','*']","mobile","tm","tmqr",,"[PREMIUM]","[PREMIUM]","[]","2026-08-09 00:00:00","Barry Manilow (Rescheduled from 4/24/26)","music","2026-08-10 23:00:00","5758b8caf80c41206da73335"
"6a7102d1b2472dcce37525fb","2026-08-04 08:21:27.489","2026-08-04 08:21:27.489","6a7102d1b2472dcce37525fb","68ce339d302bab3cec86b38d","[PREMIUM]","[PREMIUM]","[PREMIUM]","[PREMIUM]","[PREMIUM]","[1,2,3,4,5,6,7,8]","216","T","Upper","['*','*','*','*','*','*','*','*']","mobile","tm","tmqr",,"[PREMIUM]","[PREMIUM]","[]","2026-08-09 00:00:00","Barry Manilow (Rescheduled from 4/24/26)","music","2026-08-10 23:00:00","5758b8caf80c41206da73335"
"6a7102ebb2472dcce37a5f63","2026-08-04 08:21:27.489","2026-08-05 11:33:46.653","6a7102ebb2472dcce37a5f63","68ce339d302bab3cec86b38d","[PREMIUM]","[PREMIUM]","[PREMIUM]","[PREMIUM]","[PREMIUM]","[1,2,3,4,5,6,7,8]","FLRC","17","Floor","['*','*','*','*','*','*','*','*']","mobile","tm","tmqr",,"[PREMIUM]","[PREMIUM]","[]","2026-08-09 00:00:00","Barry Manilow (Rescheduled from 4/24/26)","music","2026-08-10 23:00:00","5758b8caf80c41206da73335"
"6a712a9fb2472dcce3394343","2026-08-04 08:21:27.489","2026-08-08 21:34:36.076","6a712a9fb2472dcce3394343","68ce339d302bab3cec86b38d","[PREMIUM]","[PREMIUM]","[PREMIUM]","[PREMIUM]","[PREMIUM]","[1,2,3,4,5,6]","215","H","Upper","['*','*','*','*','*','*']","mobile","tm","tmqr",,"[PREMIUM]","[PREMIUM]","[]","2026-08-09 00:00:00","Barry Manilow (Rescheduled from 4/24/26)","music","2026-08-10 23:00:00","5758b8caf80c41206da73335"
"6a715b1993c0c0613aad8ed3","2026-08-04 08:21:27.489","2026-08-05 11:33:46.653","6a715b1993c0c0613aad8ed3","68ce339d302bab3cec86b38d","[PREMIUM]","[PREMIUM]","[PREMIUM]","[PREMIUM]","[PREMIUM]","[1,2,3,4,5]","114","TT","Lower","['*','*','*','*','*']","mobile","tm","tmqr","amazing","[PREMIUM]","[PREMIUM]","[]","2099-04-23 00:00:00","Barry Manilow (Rescheduled from 4/24/26)","music","2026-08-10 23:00:00","5758b8caf80c41206da73335"
"6a6c00355e6b0c0c11592935","2026-08-04 08:21:27.489","2026-08-07 18:17:28.943","6a6c00355e6b0c0c11592935","68ce339d302bab3cec86b38d","[PREMIUM]","[PREMIUM]","[PREMIUM]","[PREMIUM]","[PREMIUM]","[1,2,3,4,5,6,7,8,9,10,11]","223","Q","Upper","['*','*','*','*','*','*','*','*','*','*','*']","mobile","tm","tmqr",,"[PREMIUM]","[PREMIUM]","[]","2099-04-23 00:00:00","Barry Manilow (Rescheduled from 4/24/26)","music","2026-08-10 23:00:00","5758b8caf80c41206da73335"
"6a70b3c962a6abbb7a5ba356","2026-08-04 08:21:27.489","2026-08-08 21:34:36.076","6a70b3c962a6abbb7a5ba356","68ce339d302bab3cec86b38d","[PREMIUM]","[PREMIUM]","[PREMIUM]","[PREMIUM]","[PREMIUM]","[1,2,3]","124","DD","Lower","['9','10','11']","mobile","tm","tmqr","great","[PREMIUM]","[PREMIUM]","[]",,"Barry Manilow (Rescheduled from 4/24/26)","music","2026-08-10 23:00:00","5758b8caf80c41206da73335"
"6a6fe3c7b2472dcce36da363","2026-08-04 08:21:27.489","2026-08-08 21:34:36.076","6a6fe3c7b2472dcce36da363","68ce339d302bab3cec86b38d","[PREMIUM]","[PREMIUM]","[PREMIUM]","[PREMIUM]","[PREMIUM]","[1,2,3,4,5,6,7,8]","217","V","Upper","['*','*','*','*','*','*','*','*']","mobile","tm","tmqr",,"[PREMIUM]","[PREMIUM]","[]","2026-08-09 00:00:00","Barry Manilow (Rescheduled from 4/24/26)","music","2026-08-10 23:00:00","5758b8caf80c41206da73335"
"6a6fe3d2b2472dcce36f9d31","2026-08-04 08:21:27.489","2026-08-08 21:34:36.076","6a6fe3d2b2472dcce36f9d31","68ce339d302bab3cec86b38d","[PREMIUM]","[PREMIUM]","[PREMIUM]","[PREMIUM]","[PREMIUM]","[1,2,3,4]","125","EE","Lower","['*','*','*','*']","mobile","tm","tmqr",,"[PREMIUM]","[PREMIUM]","[]","2026-08-09 00:00:00","Barry Manilow (Rescheduled from 4/24/26)","music","2026-08-10 23:00:00","5758b8caf80c41206da73335"
"6a6fe3aeb2472dcce3684e95","2026-08-04 08:21:27.489","2026-08-07 18:17:28.943","6a6fe3aeb2472dcce3684e95","68ce339d302bab3cec86b38d","[PREMIUM]","[PREMIUM]","[PREMIUM]","[PREMIUM]","[PREMIUM]","[1,2,3,4]","109","CC","Lower","['*','*','*','*']","mobile","tm","tmqr",,"[PREMIUM]","[PREMIUM]","[]","2026-08-09 00:00:00","Barry Manilow (Rescheduled from 4/24/26)","music","2026-08-10 23:00:00","5758b8caf80c41206da73335"
"6a6fe39db2472dcce3650886","2026-08-04 08:21:27.489","2026-08-06 14:50:47.033","6a6fe39db2472dcce3650886","68ce339d302bab3cec86b38d","[PREMIUM]","[PREMIUM]","[PREMIUM]","[PREMIUM]","[PREMIUM]","[1,2,3,4]","121","HH","Lower","['*','*','*','*']","mobile","tm","tmqr",,"[PREMIUM]","[PREMIUM]","[]","2026-08-09 00:00:00","Barry Manilow (Rescheduled from 4/24/26)","music","2026-08-10 23:00:00","5758b8caf80c41206da73335"
"69f9739350ae950bcbe09880","2026-08-04 08:21:27.489","2026-08-10 01:06:46.958","69f9739350ae950bcbe09880","68ce339d302bab3cec86b38d","[PREMIUM]","[PREMIUM]","[PREMIUM]","[PREMIUM]","[PREMIUM]","[2,3,4,5,6]","122","QQ","Lower","['*','*','*','*','*','*']","mobile","tm","tmqr",,"[PREMIUM]","[PREMIUM]","[]",,"Barry Manilow (Rescheduled from 4/24/26)","music","2026-08-10 23:00:00","5758b8caf80c41206da73335"
"6a6a89ead41836da5c3f00f4","2026-08-04 08:21:27.405","2026-08-04 08:21:27.405","6a6a89ead41836da5c3f00f4","68ce2cb2cb850397b9d2fe77","[PREMIUM]","[PREMIUM]","[PREMIUM]","[PREMIUM]","[PREMIUM]","[2]","118","U","Lower","['3','4']","mobile","tm","tmqr",,"[PREMIUM]","[PREMIUM]","[]","2026-08-10 23:00:00","Barry Manilow (Rescheduled from 4/29/26)","music","2026-08-11 23:00:00","58127f1ecde6626ebe12395e"
"6a7100e118c34cc26fcf7a6d","2026-08-04 08:21:27.405","2026-08-11 04:42:37.827","6a7100e118c34cc26fcf7a6d","68ce2cb2cb850397b9d2fe77","[PREMIUM]","[PREMIUM]","[PREMIUM]","[PREMIUM]","[PREMIUM]","[2]","102","V","Lower","['18','19']","mobile","tm","tmqr",,"[PREMIUM]","[PREMIUM]","[]",,"Barry Manilow (Rescheduled from 4/29/26)","music","2026-08-11 23:00:00","58127f1ecde6626ebe12395e"
"6a683815a564f06d1babed2d","2026-08-04 08:21:27.405","2026-08-06 14:50:47.004","6a683815a564f06d1babed2d","68ce2cb2cb850397b9d2fe77","[PREMIUM]","[PREMIUM]","[PREMIUM]","[PREMIUM]","[PREMIUM]","[1,2,3,4,5,6,7,8,9,10,11,12]","FLR8","R","Floor","['*','*','*','*','*','*','*','*','*','*','*','*']","mobile","tm","tmqr",,"[PREMIUM]","[PREMIUM]","[]","2099-04-28 00:00:00","Barry Manilow (Rescheduled from 4/29/26)","music","2026-08-11 23:00:00","58127f1ecde6626ebe12395e"
"6a68380de879bf22a46be676","2026-08-04 08:21:27.405","2026-08-06 14:50:47.004","6a68380de879bf22a46be676","68ce2cb2cb850397b9d2fe77","[PREMIUM]","[PREMIUM]","[PREMIUM]","[PREMIUM]","[PREMIUM]","[1,2,3,4,5,6,7,8,9,10,11,12]","119","Y","Lower","['*','*','*','*','*','*','*','*','*','*','*','*']","mobile","tm","tmqr",,"[PREMIUM]","[PREMIUM]","[]","2099-04-28 00:00:00","Barry Manilow (Rescheduled from 4/29/26)","music","2026-08-11 23:00:00","58127f1ecde6626ebe12395e"
"6a711f02b2472dcce3853d18","2026-08-04 08:21:27.405","2026-08-04 08:21:27.405","6a711f02b2472dcce3853d18","68ce2cb2cb850397b9d2fe77","[PREMIUM]","[PREMIUM]","[PREMIUM]","[PREMIUM]","[PREMIUM]","[1,2,3,4,5,6]","FLR5","N","Floor","['*','*','*','*','*','*']","mobile","tm","tmqr",,"[PREMIUM]","[PREMIUM]","[]","2026-08-10 00:00:00","Barry Manilow (Rescheduled from 4/29/26)","music","2026-08-11 23:00:00","58127f1ecde6626ebe12395e"
"6a711f2fb2472dcce38dc725","2026-08-04 08:21:27.405","2026-08-04 08:21:27.405","6a711f2fb2472dcce38dc725","68ce2cb2cb850397b9d2fe77","[PREMIUM]","[PREMIUM]","[PREMIUM]","[PREMIUM]","[PREMIUM]","[2]","FLR2","J","Floor","['*','*']","mobile","tm","tmqr","great","[PREMIUM]","[PREMIUM]","[]","2026-08-10 00:00:00","Barry Manilow (Rescheduled from 4/29/26)","music","2026-08-11 23:00:00","58127f1ecde6626ebe12395e"
"6a711f06b2472dcce385bc70","2026-08-04 08:21:27.405","2026-08-05 11:33:47.128","6a711f06b2472dcce385bc70","68ce2cb2cb850397b9d2fe77","[PREMIUM]","[PREMIUM]","[PREMIUM]","[PREMIUM]","[PREMIUM]","[1,2,3,4,5,6]","FLR3","P","Floor","['*','*','*','*','*','*']","mobile","tm","tmqr",,"[PREMIUM]","[PREMIUM]","[]","2026-08-10 00:00:00","Barry Manilow (Rescheduled from 4/29/26)","music","2026-08-11 23:00:00","58127f1ecde6626ebe12395e"
"6a711f44b2472dcce3917ecb","2026-08-04 08:21:27.405","2026-08-04 08:21:27.405","6a711f44b2472dcce3917ecb","68ce2cb2cb850397b9d2fe77","[PREMIUM]","[PREMIUM]","[PREMIUM]","[PREMIUM]","[PREMIUM]","[1,2]","200","C","Upper","['*','*']","mobile","tm","tmqr","amazing","[PREMIUM]","[PREMIUM]","[]","2026-08-10 00:00:00","Barry Manilow (Rescheduled from 4/29/26)","music","2026-08-11 23:00:00","58127f1ecde6626ebe12395e"
"6a711f06b2472dcce385bcc2","2026-08-04 08:21:27.405","2026-08-06 14:50:47.004","6a711f06b2472dcce385bcc2","68ce2cb2cb850397b9d2fe77","[PREMIUM]","[PREMIUM]","[PREMIUM]","[PREMIUM]","[PREMIUM]","[2]","FLR8","G","Floor","['*','*']","mobile","tm","tmqr",,"[PREMIUM]","[PREMIUM]","[]","2026-08-10 00:00:00","Barry Manilow (Rescheduled from 4/29/26)","music","2026-08-11 23:00:00","58127f1ecde6626ebe12395e"
"6a711efdb2472dcce3840b81","2026-08-04 08:21:27.405","2026-08-04 08:21:27.405","6a711efdb2472dcce3840b81","68ce2cb2cb850397b9d2fe77","[PREMIUM]","[PREMIUM]","[PREMIUM]","[PREMIUM]","[PREMIUM]","[1,2,3,4,5,6]","120","K","Lower","['*','*','*','*','*','*']","mobile","tm","tmqr",,"[PREMIUM]","[PREMIUM]","[]","2026-08-10 00:00:00","Barry Manilow (Rescheduled from 4/29/26)","music","2026-08-11 23:00:00","58127f1ecde6626ebe12395e"
"6a711f17b2472dcce3894d1f","2026-08-04 08:21:27.405","2026-08-05 11:33:47.128","6a711f17b2472dcce3894d1f","68ce2cb2cb850397b9d2fe77","[PREMIUM]","[PREMIUM]","[PREMIUM]","[PREMIUM]","[PREMIUM]","[2]","117","R","Lower","['*','*']","mobile","tm","tmqr","great","[PREMIUM]","[PREMIUM]","[]","2026-08-10 00:00:00","Barry Manilow (Rescheduled from 4/29/26)","music","2026-08-11 23:00:00","58127f1ecde6626ebe12395e"
"6a711f35b2472dcce38ec7fd","2026-08-04 08:21:27.405","2026-08-04 08:21:27.405","6a711f35b2472dcce38ec7fd","68ce2cb2cb850397b9d2fe77","[PREMIUM]","[PREMIUM]","[PREMIUM]","[PREMIUM]","[PREMIUM]","[1,2,3,4]","FLR6","F","Floor","['*','*','*','*']","mobile","tm","tmqr",,"[PREMIUM]","[PREMIUM]","[]","2026-08-10 00:00:00","Barry Manilow (Rescheduled from 4/29/26)","music","2026-08-11 23:00:00","58127f1ecde6626ebe12395e"
"6a711f26b2472dcce38c1b66","2026-08-04 08:21:27.405","2026-08-04 08:21:27.405","6a711f26b2472dcce38c1b66","68ce2cb2cb850397b9d2fe77","[PREMIUM]","[PREMIUM]","[PREMIUM]","[PREMIUM]","[PREMIUM]","[2]","FLR1","L","Floor","['*','*']","mobile","tm","tmqr",,"[PREMIUM]","[PREMIUM]","[]","2026-08-10 00:00:00","Barry Manilow (Rescheduled from 4/29/26)","music","2026-08-11 23:00:00","58127f1ecde6626ebe12395e"
"6a711f32b2472dcce38e4b9a","2026-08-04 08:21:27.405","2026-08-05 11:33:47.128","6a711f32b2472dcce38e4b9a","68ce2cb2cb850397b9d2fe77","[PREMIUM]","[PREMIUM]","[PREMIUM]","[PREMIUM]","[PREMIUM]","[2]","118","M","Lower","['*','*']","mobile","tm","tmqr",,"[PREMIUM]","[PREMIUM]","[]","2026-08-10 00:00:00","Barry Manilow (Rescheduled from 4/29/26)","music","2026-08-11 23:00:00","58127f1ecde6626ebe12395e"
"6a711f44b2472dcce3917f82","2026-08-04 08:21:27.405","2026-08-04 08:21:27.405","6a711f44b2472dcce3917f82","68ce2cb2cb850397b9d2fe77","[PREMIUM]","[PREMIUM]","[PREMIUM]","[PREMIUM]","[PREMIUM]","[1,2,3]","FLR3","E","Floor","['*','*','*']","mobile","tm","tmqr",,"[PREMIUM]","[PREMIUM]","[]","2026-08-10 00:00:00","Barry Manilow (Rescheduled from 4/29/26)","music","2026-08-11 23:00:00","58127f1ecde6626ebe12395e"
"6a711f23b2472dcce38b9d8e","2026-08-04 08:21:27.405","2026-08-04 08:21:27.405","6a711f23b2472dcce38b9d8e","68ce2cb2cb850397b9d2fe77","[PREMIUM]","[PREMIUM]","[PREMIUM]","[PREMIUM]","[PREMIUM]","[1,2,3,4,5,6,7,8]","104","Q","Lower","['*','*','*','*','*','*','*','*']","mobile","tm","tmqr","great","[PREMIUM]","[PREMIUM]","[]","2026-08-10 00:00:00","Barry Manilow (Rescheduled from 4/29/26)","music","2026-08-11 23:00:00","58127f1ecde6626ebe12395e"
"6a711f23b2472dcce38b9d57","2026-08-04 08:21:27.405","2026-08-04 08:21:27.405","6a711f23b2472dcce38b9d57","68ce2cb2cb850397b9d2fe77","[PREMIUM]","[PREMIUM]","[PREMIUM]","[PREMIUM]","[PREMIUM]","[1,2]","FLR5","E","Floor","['*','*']","mobile","tm","tmqr",,"[PREMIUM]","[PREMIUM]","[]","2026-08-10 00:00:00","Barry Manilow (Rescheduled from 4/29/26)","music","2026-08-11 23:00:00","58127f1ecde6626ebe12395e"
"6a711f46b2472dcce391ff5d","2026-08-04 08:21:27.405","2026-08-07 18:17:28.926","6a711f46b2472dcce391ff5d","68ce2cb2cb850397b9d2fe77","[PREMIUM]","[PREMIUM]","[PREMIUM]","[PREMIUM]","[PREMIUM]","[1,2,3,4,5,6]","119","Q","Lower","['*','*','*','*','*','*']","mobile","tm","tmqr",,"[PREMIUM]","[PREMIUM]","[]","2026-08-10 00:00:00","Barry Manilow (Rescheduled from 4/29/26)","music","2026-08-11 23:00:00","58127f1ecde6626ebe12395e"
"6a711f44b2472dcce391804c","2026-08-04 08:21:27.405","2026-08-06 14:50:47.004","6a711f44b2472dcce391804c","68ce2cb2cb850397b9d2fe77","[PREMIUM]","[PREMIUM]","[PREMIUM]","[PREMIUM]","[PREMIUM]","[2]","105","J","Lower","['*','*']","mobile","tm","tmqr",,"[PREMIUM]","[PREMIUM]","[]","2026-08-10 00:00:00","Barry Manilow (Rescheduled from 4/29/26)","music","2026-08-11 23:00:00","58127f1ecde6626ebe12395e"
"6a70c707b2472dcce3ccb483","2026-08-04 08:21:27.405","2026-08-04 08:21:27.405","6a70c707b2472dcce3ccb483","68ce2cb2cb850397b9d2fe77","[PREMIUM]","[PREMIUM]","[PREMIUM]","[PREMIUM]","[PREMIUM]","[2]","119","J","Lower","['*','*']","mobile","tm","tmqr",,"[PREMIUM]","[PREMIUM]","[]","2026-08-11 00:00:00","Barry Manilow (Rescheduled from 4/29/26)","music","2026-08-11 23:00:00","58127f1ecde6626ebe12395e"
"6a70ea6c7933021a4f38960a","2026-08-04 08:21:27.405","2026-08-10 01:06:46.725","6a70ea6c7933021a4f38960a","68ce2cb2cb850397b9d2fe77","[PREMIUM]","[PREMIUM]","[PREMIUM]","[PREMIUM]","[PREMIUM]","[2,4]","103","R","Lower","['1','2','3','4']","mobile","tm","tmqr",,"[PREMIUM]","[PREMIUM]","[]","2026-08-10 23:00:00","Barry Manilow (Rescheduled from 4/29/26)","music","2026-08-11 23:00:00","58127f1ecde6626ebe12395e"
"6a6bd762878b23b5bb914241","2026-08-04 08:21:27.405","2026-08-04 08:21:27.405","6a6bd762878b23b5bb914241","68ce2cb2cb850397b9d2fe77","[PREMIUM]","[PREMIUM]","[PREMIUM]","[PREMIUM]","[PREMIUM]","[2]","FLR6","K","Floor","['*','*']","mobile","tm","tmqr",,"[PREMIUM]","[PREMIUM]","[]","2026-08-10 23:00:00","Barry Manilow (Rescheduled from 4/29/26)","music","2026-08-11 23:00:00","58127f1ecde6626ebe12395e"
"6a710675cf9b4b50444a24f2","2026-08-04 08:21:27.405","2026-08-04 08:21:27.405","6a710675cf9b4b50444a24f2","68ce2cb2cb850397b9d2fe77","[PREMIUM]","[PREMIUM]","[PREMIUM]","[PREMIUM]","[PREMIUM]","[2]","106","J","Lower","['*','*']","mobile","tm","tmqr",,"[PREMIUM]","[PREMIUM]","[]","2026-08-09 00:00:00","Barry Manilow (Rescheduled from 4/29/26)","music","2026-08-11 23:00:00","58127f1ecde6626ebe12395e"
"6a71065c52b31e8f92a4dcc0","2026-08-04 08:21:27.405","2026-08-04 08:21:27.405","6a71065c52b31e8f92a4dcc0","68ce2cb2cb850397b9d2fe77","[PREMIUM]","[PREMIUM]","[PREMIUM]","[PREMIUM]","[PREMIUM]","[2]","118","H","Lower","['*','*']","mobile","tm","tmqr",,"[PREMIUM]","[PREMIUM]","[]","2026-08-09 00:00:00","Barry Manilow (Rescheduled from 4/29/26)","music","2026-08-11 23:00:00","58127f1ecde6626ebe12395e"
"6a71065b6d8d9e5c737b4c6b","2026-08-04 08:21:27.405","2026-08-04 08:21:27.405","6a71065b6d8d9e5c737b4c6b","68ce2cb2cb850397b9d2fe77","[PREMIUM]","[PREMIUM]","[PREMIUM]","[PREMIUM]","[PREMIUM]","[2]","117","K","Lower","['*','*']","mobile","tm","tmqr",,"[PREMIUM]","[PREMIUM]","[]","2026-08-09 00:00:00","Barry Manilow (Rescheduled from 4/29/26)","music","2026-08-11 23:00:00","58127f1ecde6626ebe12395e"
"6a710657e5a09c53528c73d7","2026-08-04 08:21:27.405","2026-08-04 08:21:27.405","6a710657e5a09c53528c73d7","68ce2cb2cb850397b9d2fe77","[PREMIUM]","[PREMIUM]","[PREMIUM]","[PREMIUM]","[PREMIUM]","[2]","117","G","Lower","['*','*']","mobile","tm","tmqr",,"[PREMIUM]","[PREMIUM]","[]","2026-08-09 00:00:00","Barry Manilow (Rescheduled from 4/29/26)","music","2026-08-11 23:00:00","58127f1ecde6626ebe12395e"
"6a6d99b52c9280fc2589d924","2026-08-04 08:21:27.405","2026-08-06 14:50:47.004","6a6d99b52c9280fc2589d924","68ce2cb2cb850397b9d2fe77","[PREMIUM]","[PREMIUM]","[PREMIUM]","[PREMIUM]","[PREMIUM]","[2,4,6,8,10]","119","U","Lower","['*','*','*','*','*','*','*','*','*','*']","mobile","tm","tmqr",,"[PREMIUM]","[PREMIUM]","[]","2026-08-10 00:00:00","Barry Manilow (Rescheduled from 4/29/26)","music","2026-08-11 23:00:00","58127f1ecde6626ebe12395e"
"6a6d99b2b163843fca37e6f3","2026-08-04 08:21:27.405","2026-08-04 08:21:27.405","6a6d99b2b163843fca37e6f3","68ce2cb2cb850397b9d2fe77","[PREMIUM]","[PREMIUM]","[PREMIUM]","[PREMIUM]","[PREMIUM]","[2]","FLR8","M","Floor","['*','*']","mobile","tm","tmqr",,"[PREMIUM]","[PREMIUM]","[]","2026-08-10 00:00:00","Barry Manilow (Rescheduled from 4/29/26)","music","2026-08-11 23:00:00","58127f1ecde6626ebe12395e"
"6a6d99ac468bbf8d772509e5","2026-08-04 08:21:27.405","2026-08-05 11:33:47.128","6a6d99ac468bbf8d772509e5","68ce2cb2cb850397b9d2fe77","[PREMIUM]","[PREMIUM]","[PREMIUM]","[PREMIUM]","[PREMIUM]","[2,4]","105","R","Lower","['*','*','*','*']","mobile","tm","tmqr",,"[PREMIUM]","[PREMIUM]","[]","2026-08-10 00:00:00","Barry Manilow (Rescheduled from 4/29/26)","music","2026-08-11 23:00:00","58127f1ecde6626ebe12395e"
"6a70d693571c69ee832aa287","2026-08-04 08:21:27.405","2026-08-10 01:06:46.725","6a70d693571c69ee832aa287","68ce2cb2cb850397b9d2fe77","[PREMIUM]","[PREMIUM]","[PREMIUM]","[PREMIUM]","[PREMIUM]","[2]","103","A","Lower","['4','5']","mobile","tm","tmqr",,"[PREMIUM]","[PREMIUM]","[]","2026-08-10 23:00:00","Barry Manilow (Rescheduled from 4/29/26)","music","2026-08-11 23:00:00","58127f1ecde6626ebe12395e"
"6a656cdf263f58b9debba716","2026-08-04 08:21:27.405","2026-08-04 08:21:27.405","6a656cdf263f58b9debba716","68ce2cb2cb850397b9d2fe77","[PREMIUM]","[PREMIUM]","[PREMIUM]","[PREMIUM]","[PREMIUM]","[1,2,3,4]","103","G","Lower","['*','*','*','*']","mobile","tm","tmqr",,"[PREMIUM]","[PREMIUM]","[]","2026-08-11 00:00:00","Barry Manilow (Rescheduled from 4/29/26)","music","2026-08-11 23:00:00","58127f1ecde6626ebe12395e"
"6a711f2cb2472dcce38d4b6f","2026-08-04 08:21:27.405","2026-08-10 01:06:46.725","6a711f2cb2472dcce38d4b6f","68ce2cb2cb850397b9d2fe77","[PREMIUM]","[PREMIUM]","[PREMIUM]","[PREMIUM]","[PREMIUM]","[1,2,3,4,5,6,7,8]","FLR6","P","Floor","['*','*','*','*','*','*','*','*']","mobile","tm","tmqr","great","[PREMIUM]","[PREMIUM]","[]",,"Barry Manilow (Rescheduled from 4/29/26)","music","2026-08-11 23:00:00","58127f1ecde6626ebe12395e"
"6a711f41b2472dcce390f00e","2026-08-04 08:21:27.405","2026-08-08 21:34:36.111","6a711f41b2472dcce390f00e","68ce2cb2cb850397b9d2fe77","[PREMIUM]","[PREMIUM]","[PREMIUM]","[PREMIUM]","[PREMIUM]","[1,2,3,4,5,6]","220","B","Upper","['*','*','*','*','*','*']","mobile","tm","tmqr","great","[PREMIUM]","[PREMIUM]","[]","2026-08-10 00:00:00","Barry Manilow (Rescheduled from 4/29/26)","music","2026-08-11 23:00:00","58127f1ecde6626ebe12395e"
"6a711f0fb2472dcce387b040","2026-08-04 08:21:27.405","2026-08-10 01:06:46.725","6a711f0fb2472dcce387b040","68ce2cb2cb850397b9d2fe77","[PREMIUM]","[PREMIUM]","[PREMIUM]","[PREMIUM]","[PREMIUM]","[1,2,3,4,5,6]","218","B","Upper","['*','*','*','*','*','*']","mobile","tm","tmqr",,"[PREMIUM]","[PREMIUM]","[]",,"Barry Manilow (Rescheduled from 4/29/26)","music","2026-08-11 23:00:00","58127f1ecde6626ebe12395e"
"6a711f4ab2472dcce3929bf9","2026-08-04 08:21:27.405","2026-08-10 01:06:46.725","6a711f4ab2472dcce3929bf9","68ce2cb2cb850397b9d2fe77","[PREMIUM]","[PREMIUM]","[PREMIUM]","[PREMIUM]","[PREMIUM]","[2]","106","R","Lower","['*','*']","mobile","tm","tmqr","great","[PREMIUM]","[PREMIUM]","[]",,"Barry Manilow (Rescheduled from 4/29/26)","music","2026-08-11 23:00:00","58127f1ecde6626ebe12395e"
"6a711f2cb2472dcce38d4c46","2026-08-04 08:21:27.405","2026-08-10 01:06:46.725","6a711f2cb2472dcce38d4c46","68ce2cb2cb850397b9d2fe77","[PREMIUM]","[PREMIUM]","[PREMIUM]","[PREMIUM]","[PREMIUM]","[1,2,3,4]","205","C","Upper","['*','*','*','*']","mobile","tm","tmqr","great","[PREMIUM]","[PREMIUM]","[]",,"Barry Manilow (Rescheduled from 4/29/26)","music","2026-08-11 23:00:00","58127f1ecde6626ebe12395e"
"6a711f02b2472dcce3853cbb","2026-08-04 08:21:27.405","2026-08-10 01:06:46.725","6a711f02b2472dcce3853cbb","68ce2cb2cb850397b9d2fe77","[PREMIUM]","[PREMIUM]","[PREMIUM]","[PREMIUM]","[PREMIUM]","[1,2,3,4,5,6,7,8]","204","B","Upper","['*','*','*','*','*','*','*','*']","mobile","tm","tmqr","amazing","[PREMIUM]","[PREMIUM]","[]",,"Barry Manilow (Rescheduled from 4/29/26)","music","2026-08-11 23:00:00","58127f1ecde6626ebe12395e"
"6a711efab2472dcce3839ca2","2026-08-04 08:21:27.405","2026-08-08 21:34:36.111","6a711efab2472dcce3839ca2","68ce2cb2cb850397b9d2fe77","[PREMIUM]","[PREMIUM]","[PREMIUM]","[PREMIUM]","[PREMIUM]","[1,2,3,4,5,6]","206","C","Upper","['*','*','*','*','*','*']","mobile","tm","tmqr","great","[PREMIUM]","[PREMIUM]","[]","2026-08-10 00:00:00","Barry Manilow (Rescheduled from 4/29/26)","music","2026-08-11 23:00:00","58127f1ecde6626ebe12395e"
"6a711f2fb2472dcce38dc6d6","2026-08-04 08:21:27.405","2026-08-10 01:06:46.725","6a711f2fb2472dcce38dc6d6","68ce2cb2cb850397b9d2fe77","[PREMIUM]","[PREMIUM]","[PREMIUM]","[PREMIUM]","[PREMIUM]","[1,2,3,4,5,6,7,8]","219","B","Upper","['*','*','*','*','*','*','*','*']","mobile","tm","tmqr","great","[PREMIUM]","[PREMIUM]","[]",,"Barry Manilow (Rescheduled from 4/29/26)","music","2026-08-11 23:00:00","58127f1ecde6626ebe12395e"
"6a711ef7b2472dcce382f570","2026-08-04 08:21:27.405","2026-08-08 21:34:36.111","6a711ef7b2472dcce382f570","68ce2cb2cb850397b9d2fe77","[PREMIUM]","[PREMIUM]","[PREMIUM]","[PREMIUM]","[PREMIUM]","[2]","120","Q","Lower","['*','*']","mobile","tm","tmqr","great","[PREMIUM]","[PREMIUM]","[]","2026-08-10 00:00:00","Barry Manilow (Rescheduled from 4/29/26)","music","2026-08-11 23:00:00","58127f1ecde6626ebe12395e"
"6a711f4db2472dcce393161a","2026-08-04 08:21:27.405","2026-08-10 01:06:46.725","6a711f4db2472dcce393161a","68ce2cb2cb850397b9d2fe77","[PREMIUM]","[PREMIUM]","[PREMIUM]","[PREMIUM]","[PREMIUM]","[2]","FLR4","T","Floor","['*','*']","mobile","tm","tmqr",,"[PREMIUM]","[PREMIUM]","[]",,"Barry Manilow (Rescheduled from 4/29/26)","music","2026-08-11 23:00:00","58127f1ecde6626ebe12395e"
"6a7158ee2f37217bfd74f197","2026-08-04 08:21:27.405","2026-08-07 18:17:28.926","6a7158ee2f37217bfd74f197","68ce2cb2cb850397b9d2fe77","[PREMIUM]","[PREMIUM]","[PREMIUM]","[PREMIUM]","[PREMIUM]","[1,2,3,4,5]","103","M","Lower","['*','*','*','*','*']","mobile","tm","tmqr",,"[PREMIUM]","[PREMIUM]","[]","2099-04-28 00:00:00","Barry Manilow (Rescheduled from 4/29/26)","music","2026-08-11 23:00:00","58127f1ecde6626ebe12395e"
"6a715875b2472dcce3ff59a0","2026-08-04 08:21:27.405","2026-08-04 08:21:27.405","6a715875b2472dcce3ff59a0","68ce2cb2cb850397b9d2fe77","[PREMIUM]","[PREMIUM]","[PREMIUM]","[PREMIUM]","[PREMIUM]","[1,2,3,4]","223","C","Upper","['*','*','*','*']","mobile","tm","tmqr","great","[PREMIUM]","[PREMIUM]","[]","2026-08-10 00:00:00","Barry Manilow (Rescheduled from 4/29/26)","music","2026-08-11 23:00:00","58127f1ecde6626ebe12395e"
"6a6ea5e75e2f291ff1473beb","2026-08-04 08:21:27.405","2026-08-06 14:50:47.004","6a6ea5e75e2f291ff1473beb","68ce2cb2cb850397b9d2fe77","[PREMIUM]","[PREMIUM]","[PREMIUM]","[PREMIUM]","[PREMIUM]","[2]","FLR8","C","Floor","['*','*']","mobile","tm","tmqr",,"[PREMIUM]","[PREMIUM]","[]","2026-08-10 23:00:00","Barry Manilow (Rescheduled from 4/29/26)","music","2026-08-11 23:00:00","58127f1ecde6626ebe12395e"
"6a6fe229b84f494431d90ccb","2026-08-04 08:21:27.405","2026-08-04 08:21:27.405","6a6fe229b84f494431d90ccb","68ce2cb2cb850397b9d2fe77","[PREMIUM]","[PREMIUM]","[PREMIUM]","[PREMIUM]","[PREMIUM]","[2]","101","Q","Lower","['12','13']","mobile","tm","tmqr","amazing","[PREMIUM]","[PREMIUM]","[]","2026-08-11 00:00:00","Barry Manilow (Rescheduled from 4/29/26)","music","2026-08-11 23:00:00","58127f1ecde6626ebe12395e"
"6a711a67d6c95a6b3014085d","2026-08-04 08:21:27.405","2026-08-04 08:21:27.405","6a711a67d6c95a6b3014085d","68ce2cb2cb850397b9d2fe77","[PREMIUM]","[PREMIUM]","[PREMIUM]","[PREMIUM]","[PREMIUM]","[1,2]","120","G","Lower","['*','*']","mobile","tm","tmqr",,"[PREMIUM]","[PREMIUM]","[]","2026-08-10 00:00:00","Barry Manilow (Rescheduled from 4/29/26)","music","2026-08-11 23:00:00","58127f1ecde6626ebe12395e"
"6a716ebdb2472dcce3732e20","2026-08-04 08:21:27.405","2026-08-05 11:33:47.128","6a716ebdb2472dcce3732e20","68ce2cb2cb850397b9d2fe77","[PREMIUM]","[PREMIUM]","[PREMIUM]","[PREMIUM]","[PREMIUM]","[2]","104","L","Lower","['*','*']","mobile","tm","tmqr",,"[PREMIUM]","[PREMIUM]","[]","2026-08-11 00:00:00","Barry Manilow (Rescheduled from 4/29/26)","music","2026-08-11 23:00:00","58127f1ecde6626ebe12395e"
"6a70272c9abaa1ace6bddbe2","2026-08-04 08:21:27.405","2026-08-04 08:21:27.405","6a70272c9abaa1ace6bddbe2","68ce2cb2cb850397b9d2fe77","[PREMIUM]","[PREMIUM]","[PREMIUM]","[PREMIUM]","[PREMIUM]","[2]","119","F","Lower","['16','17']","mobile","tm","tmqr",,"[PREMIUM]","[PREMIUM]","[]","2026-08-10 23:00:00","Barry Manilow (Rescheduled from 4/29/26)","music","2026-08-11 23:00:00","58127f1ecde6626ebe12395e"
"6a6dc1229ad1b4e455255ccd","2026-08-04 08:21:27.398","2026-08-04 08:21:27.398","6a6dc1229ad1b4e455255ccd","68ce343508eeb31bf53024c2","[PREMIUM]","[PREMIUM]","[PREMIUM]","[PREMIUM]","[PREMIUM]","[2]","108","T","Lower","['*','*']","mobile","tm","tmqr",,"[PREMIUM]","[PREMIUM]","[]","2026-08-12 00:00:00","Barry Manilow (Rescheduled from 4/27/26)","music","2026-08-13 23:00:00","56e1e5d9f80c416f7e000001"
"6a6dc122468bbf8d77252399","2026-08-04 08:21:27.398","2026-08-04 08:21:27.398","6a6dc122468bbf8d77252399","68ce343508eeb31bf53024c2","[PREMIUM]","[PREMIUM]","[PREMIUM]","[PREMIUM]","[PREMIUM]","[1,2,3,5]","109","L","Lower","['*','*','*','*','*']","mobile","tm","tmqr",,"[PREMIUM]","[PREMIUM]","[]","2026-08-12 00:00:00","Barry Manilow (Rescheduled from 4/27/26)","music","2026-08-13 23:00:00","56e1e5d9f80c416f7e000001"
"6a6dc1112554af683a1676f6","2026-08-04 08:21:27.398","2026-08-04 08:21:27.398","6a6dc1112554af683a1676f6","68ce343508eeb31bf53024c2","[PREMIUM]","[PREMIUM]","[PREMIUM]","[PREMIUM]","[PREMIUM]","[2]","104","R","Lower","['*','*']","mobile","tm","tmqr",,"[PREMIUM]","[PREMIUM]","[]","2026-08-12 00:00:00","Barry Manilow (Rescheduled from 4/27/26)","music","2026-08-13 23:00:00","56e1e5d9f80c416f7e000001"
"6a0fa7fbf446177b5107ed07","2026-08-04 08:21:27.398","2026-08-04 08:21:27.398","6a0fa7fbf446177b5107ed07","68ce343508eeb31bf53024c2","[PREMIUM]","[PREMIUM]","[PREMIUM]","[PREMIUM]","[PREMIUM]","[1,2,3,4]","110","V","Lower","['1','2','3','4']","mobile","tm","tmqr",,"[PREMIUM]","[PREMIUM]","[]",,"Barry Manilow (Rescheduled from 4/27/26)","music","2026-08-13 23:00:00","56e1e5d9f80c416f7e000001"
"6a7106737933021a4f38bfd3","2026-08-04 08:21:27.398","2026-08-12 08:07:53.557","6a7106737933021a4f38bfd3","68ce343508eeb31bf53024c2","[PREMIUM]","[PREMIUM]","[PREMIUM]","[PREMIUM]","[PREMIUM]","[1,2,4,6]","113","D","Lower","['*','*','*','*','*','*']","mobile","tm","tmqr","great","[PREMIUM]","[PREMIUM]","[]",,"Barry Manilow (Rescheduled from 4/27/26)","music","2026-08-13 23:00:00","56e1e5d9f80c416f7e000001"
"6a710676fa98abb19f170e14","2026-08-04 08:21:27.398","2026-08-12 08:07:53.557","6a710676fa98abb19f170e14","68ce343508eeb31bf53024c2","[PREMIUM]","[PREMIUM]","[PREMIUM]","[PREMIUM]","[PREMIUM]","[1,2,4,6]","3","8","Floor","['*','*','*','*','*','*']","mobile","tm","tmqr",,"[PREMIUM]","[PREMIUM]","[]",,"Barry Manilow (Rescheduled from 4/27/26)","music","2026-08-13 23:00:00","56e1e5d9f80c416f7e000001"
"6a6a7142263f58b9dee98925","2026-08-04 08:21:27.398","2026-08-06 14:50:46.980","6a6a7142263f58b9dee98925","68ce343508eeb31bf53024c2","[PREMIUM]","[PREMIUM]","[PREMIUM]","[PREMIUM]","[PREMIUM]","[1,2,3]","105","T","Lower","['*','*','*']","mobile","tm","tmqr","amazing","[PREMIUM]","[PREMIUM]","[]","2026-08-13 00:00:00","Barry Manilow (Rescheduled from 4/27/26)","music","2026-08-13 23:00:00","56e1e5d9f80c416f7e000001"
"6a6a618e263f58b9de6ea963","2026-08-04 08:21:27.398","2026-08-06 14:50:46.980","6a6a618e263f58b9de6ea963","68ce343508eeb31bf53024c2","[PREMIUM]","[PREMIUM]","[PREMIUM]","[PREMIUM]","[PREMIUM]","[1,2,3]","105","M","Lower","['*','*','*']","mobile","tm","tmqr",,"[PREMIUM]","[PREMIUM]","[]","2026-08-13 00:00:00","Barry Manilow (Rescheduled from 4/27/26)","music","2026-08-13 23:00:00","56e1e5d9f80c416f7e000001"
"6a6a5fe8263f58b9de255464","2026-08-04 08:21:27.398","2026-08-06 14:50:46.980","6a6a5fe8263f58b9de255464","68ce343508eeb31bf53024c2","[PREMIUM]","[PREMIUM]","[PREMIUM]","[PREMIUM]","[PREMIUM]","[1,2,3]","111","H","Lower","['*','*','*']","mobile","tm","tmqr","great","[PREMIUM]","[PREMIUM]","[]","2026-08-13 00:00:00","Barry Manilow (Rescheduled from 4/27/26)","music","2026-08-13 23:00:00","56e1e5d9f80c416f7e000001"
"6a6267a8263f58b9de6d8fde","2026-08-04 08:21:27.398","2026-08-04 08:21:27.398","6a6267a8263f58b9de6d8fde","68ce343508eeb31bf53024c2","[PREMIUM]","[PREMIUM]","[PREMIUM]","[PREMIUM]","[PREMIUM]","[1,2,3,4,5,6,7,8]","106","T","Lower","['*','*','*','*','*','*','*','*']","mobile","tm","tmqr","amazing","[PREMIUM]","[PREMIUM]","[]","2026-08-12 00:00:00","Barry Manilow (Rescheduled from 4/27/26)","music","2026-08-13 23:00:00","56e1e5d9f80c416f7e000001"
"6a62678e263f58b9de662ab1","2026-08-04 08:21:27.398","2026-08-04 08:21:27.398","6a62678e263f58b9de662ab1","68ce343508eeb31bf53024c2","[PREMIUM]","[PREMIUM]","[PREMIUM]","[PREMIUM]","[PREMIUM]","[1,2,3,4,5,6]","111","T","Lower","['*','*','*','*','*','*']","mobile","tm","tmqr","great","[PREMIUM]","[PREMIUM]","[]","2026-08-12 00:00:00","Barry Manilow (Rescheduled from 4/27/26)","music","2026-08-13 23:00:00","56e1e5d9f80c416f7e000001"
"6a70e382d6c95a6b3013b4c8","2026-08-04 08:21:27.398","2026-08-13 11:23:45.128","6a70e382d6c95a6b3013b4c8","68ce343508eeb31bf53024c2","[PREMIUM]","[PREMIUM]","[PREMIUM]","[PREMIUM]","[PREMIUM]","[2]","111","E","Lower","['1','2']","mobile","tm","tmqr",,"[PREMIUM]","[PREMIUM]","[]",,"Barry Manilow (Rescheduled from 4/27/26)","music","2026-08-13 23:00:00","56e1e5d9f80c416f7e000001"
"6a70cb1b48fd34353da7cff4","2026-08-04 08:21:27.398","2026-08-07 18:17:28.738","6a70cb1b48fd34353da7cff4","68ce343508eeb31bf53024c2","[PREMIUM]","[PREMIUM]","[PREMIUM]","[PREMIUM]","[PREMIUM]","[1,2,3,4]","7","11","Floor","['*','*','*','*']","mobile","tm","tmqr","great","[PREMIUM]","[PREMIUM]","[]","2099-04-26 00:00:00","Barry Manilow (Rescheduled from 4/27/26)","music","2026-08-13 23:00:00","56e1e5d9f80c416f7e000001"
"6a70cb2ad2c16f3df57571ea","2026-08-04 08:21:27.398","2026-08-05 11:33:46.656","6a70cb2ad2c16f3df57571ea","68ce343508eeb31bf53024c2","[PREMIUM]","[PREMIUM]","[PREMIUM]","[PREMIUM]","[PREMIUM]","[1,2,3,4]","110","AA","Lower","['*','*','*','*']","mobile","tm","tmqr","amazing","[PREMIUM]","[PREMIUM]","[]","2099-04-26 00:00:00","Barry Manilow (Rescheduled from 4/27/26)","music","2026-08-13 23:00:00","56e1e5d9f80c416f7e000001"
"6a70cb1a97111aec03564117","2026-08-04 08:21:27.398","2026-08-07 18:17:28.738","6a70cb1a97111aec03564117","68ce343508eeb31bf53024c2","[PREMIUM]","[PREMIUM]","[PREMIUM]","[PREMIUM]","[PREMIUM]","[2]","106","J","Lower","['*','*']","mobile","tm","tmqr","great","[PREMIUM]","[PREMIUM]","[]","2099-04-26 00:00:00","Barry Manilow (Rescheduled from 4/27/26)","music","2026-08-13 23:00:00","56e1e5d9f80c416f7e000001"
"6a70cb2697111aec03564129","2026-08-04 08:21:27.398","2026-08-07 18:17:28.738","6a70cb2697111aec03564129","68ce343508eeb31bf53024c2","[PREMIUM]","[PREMIUM]","[PREMIUM]","[PREMIUM]","[PREMIUM]","[1,2,3,4,5,6,7,8,9,10]","6","14","Floor","['*','*','*','*','*','*','*','*','*','*']","mobile","tm","tmqr",,"[PREMIUM]","[PREMIUM]","[]","2099-04-26 00:00:00","Barry Manilow (Rescheduled from 4/27/26)","music","2026-08-13 23:00:00","56e1e5d9f80c416f7e000001"
"6a70cb24e32d1ec77dfbd582","2026-08-04 08:21:27.398","2026-08-07 18:17:28.738","6a70cb24e32d1ec77dfbd582","68ce343508eeb31bf53024c2","[PREMIUM]","[PREMIUM]","[PREMIUM]","[PREMIUM]","[PREMIUM]","[1,2,3,4]","8","3","Floor","['*','*','*','*']","mobile","tm","tmqr",,"[PREMIUM]","[PREMIUM]","[]","2099-04-26 00:00:00","Barry Manilow (Rescheduled from 4/27/26)","music","2026-08-13 23:00:00","56e1e5d9f80c416f7e000001"
"6a70cb2255b9506130097199","2026-08-04 08:21:27.398","2026-08-04 08:21:27.398","6a70cb2255b9506130097199","68ce343508eeb31bf53024c2","[PREMIUM]","[PREMIUM]","[PREMIUM]","[PREMIUM]","[PREMIUM]","[1,2,3,4,5,6,7]","4","14","Floor","['*','*','*','*','*','*','*']","mobile","tm","tmqr",,"[PREMIUM]","[PREMIUM]","[]","2099-04-26 00:00:00","Barry Manilow (Rescheduled from 4/27/26)","music","2026-08-13 23:00:00","56e1e5d9f80c416f7e000001"
"6a70cb2a055f1b7edf3dc44f","2026-08-04 08:21:27.398","2026-08-07 18:17:28.738","6a70cb2a055f1b7edf3dc44f","68ce343508eeb31bf53024c2","[PREMIUM]","[PREMIUM]","[PREMIUM]","[PREMIUM]","[PREMIUM]","[1,2,3]","110","G","Lower","['*','*','*']","mobile","tm","tmqr",,"[PREMIUM]","[PREMIUM]","[]","2099-04-26 00:00:00","Barry Manilow (Rescheduled from 4/27/26)","music","2026-08-13 23:00:00","56e1e5d9f80c416f7e000001"
"6a70cb1ffea8ecf6d37b0d5c","2026-08-04 08:21:27.398","2026-08-07 18:17:28.738","6a70cb1ffea8ecf6d37b0d5c","68ce343508eeb31bf53024c2","[PREMIUM]","[PREMIUM]","[PREMIUM]","[PREMIUM]","[PREMIUM]","[1,2,3,4,5,6,7,8,9,10,11,12]","113","H","Lower","['*','*','*','*','*','*','*','*','*','*','*','*']","mobile","tm","tmqr",,"[PREMIUM]","[PREMIUM]","[]","2099-04-26 00:00:00","Barry Manilow (Rescheduled from 4/27/26)","music","2026-08-13 23:00:00","56e1e5d9f80c416f7e000001"
"6a70cb2d81a2c4897b182b2d","2026-08-04 08:21:27.398","2026-08-04 08:21:27.398","6a70cb2d81a2c4897b182b2d","68ce343508eeb31bf53024c2","[PREMIUM]","[PREMIUM]","[PREMIUM]","[PREMIUM]","[PREMIUM]","[1,2,3,4,5,6,7,8]","9","11","Floor","['*','*','*','*','*','*','*','*']","mobile","tm","tmqr","great","[PREMIUM]","[PREMIUM]","[]","2099-04-26 00:00:00","Barry Manilow (Rescheduled from 4/27/26)","music","2026-08-13 23:00:00","56e1e5d9f80c416f7e000001"
"6a70cb2807dc9fd3b2cde193","2026-08-04 08:21:27.398","2026-08-04 08:21:27.398","6a70cb2807dc9fd3b2cde193","68ce343508eeb31bf53024c2","[PREMIUM]","[PREMIUM]","[PREMIUM]","[PREMIUM]","[PREMIUM]","[1,2,3,4]","112","G","Lower","['*','*','*','*']","mobile","tm","tmqr",,"[PREMIUM]","[PREMIUM]","[]","2099-04-26 00:00:00","Barry Manilow (Rescheduled from 4/27/26)","music","2026-08-13 23:00:00","56e1e5d9f80c416f7e000001"
"6a710669480fcd39b28c4ce7","2026-08-04 08:21:27.398","2026-08-10 01:06:46.547","6a710669480fcd39b28c4ce7","68ce343508eeb31bf53024c2","[PREMIUM]","[PREMIUM]","[PREMIUM]","[PREMIUM]","[PREMIUM]","[2]","2","9","Floor","['*','*']","mobile","tm","tmqr",,"[PREMIUM]","[PREMIUM]","[]","2026-08-11 00:00:00","Barry Manilow (Rescheduled from 4/27/26)","music","2026-08-13 23:00:00","56e1e5d9f80c416f7e000001"
"6a7106546d8d9e5c737b4c5d","2026-08-04 08:21:27.398","2026-08-10 01:06:46.547","6a7106546d8d9e5c737b4c5d","68ce343508eeb31bf53024c2","[PREMIUM]","[PREMIUM]","[PREMIUM]","[PREMIUM]","[PREMIUM]","[2]","105","E","Lower","['*','*']","mobile","tm","tmqr","great","[PREMIUM]","[PREMIUM]","[]","2026-08-11 00:00:00","Barry Manilow (Rescheduled from 4/27/26)","music","2026-08-13 23:00:00","56e1e5d9f80c416f7e000001"
"6a70e38932ca78b4e5bd4993","2026-08-04 08:21:27.398","2026-08-08 21:34:35.752","6a70e38932ca78b4e5bd4993","68ce343508eeb31bf53024c2","[PREMIUM]","[PREMIUM]","[PREMIUM]","[PREMIUM]","[PREMIUM]","[2]","309","M","Upper","['14','15']","mobile","tm","tmqr","amazing","[PREMIUM]","[PREMIUM]","[]","2026-08-12 23:00:00","Barry Manilow (Rescheduled from 4/27/26)","music","2026-08-13 23:00:00","56e1e5d9f80c416f7e000001"
"6a7106701efc1b32ce2822af","2026-08-04 08:21:27.398","2026-08-08 21:34:35.752","6a7106701efc1b32ce2822af","68ce343508eeb31bf53024c2","[PREMIUM]","[PREMIUM]","[PREMIUM]","[PREMIUM]","[PREMIUM]","[2]","102","G","Lower","['*','*']","mobile","tm","tmqr","great","[PREMIUM]","[PREMIUM]","[]","2026-08-11 00:00:00","Barry Manilow (Rescheduled from 4/27/26)","music","2026-08-13 23:00:00","56e1e5d9f80c416f7e000001"
"6a7106631ee9ef2a0d81670b","2026-08-04 08:21:27.398","2026-08-10 01:06:46.547","6a7106631ee9ef2a0d81670b","68ce343508eeb31bf53024c2","[PREMIUM]","[PREMIUM]","[PREMIUM]","[PREMIUM]","[PREMIUM]","[2]","103","B","Lower","['*','*']","mobile","tm","tmqr",,"[PREMIUM]","[PREMIUM]","[]","2026-08-11 00:00:00","Barry Manilow (Rescheduled from 4/27/26)","music","2026-08-13 23:00:00","56e1e5d9f80c416f7e000001"
"6a71065e6031e3dc71dd1a44","2026-08-04 08:21:27.398","2026-08-04 08:21:27.398","6a71065e6031e3dc71dd1a44","68ce343508eeb31bf53024c2","[PREMIUM]","[PREMIUM]","[PREMIUM]","[PREMIUM]","[PREMIUM]","[2]","115","L","Lower","['*','*']","mobile","tm","tmqr",,"[PREMIUM]","[PREMIUM]","[]","2026-08-11 00:00:00","Barry Manilow (Rescheduled from 4/27/26)","music","2026-08-13 23:00:00","56e1e5d9f80c416f7e000001"
"6a710676dc2db1eec259dad9","2026-08-04 08:21:27.398","2026-08-04 08:21:27.398","6a710676dc2db1eec259dad9","68ce343508eeb31bf53024c2","[PREMIUM]","[PREMIUM]","[PREMIUM]","[PREMIUM]","[PREMIUM]","[1,2,4,6]","108","L","Lower","['*','*','*','*','*','*']","mobile","tm","tmqr",,"[PREMIUM]","[PREMIUM]","[]","2026-08-11 00:00:00","Barry Manilow (Rescheduled from 4/27/26)","music","2026-08-13 23:00:00","56e1e5d9f80c416f7e000001"
"6a71067142da4f20d6315769","2026-08-04 08:21:27.398","2026-08-04 08:21:27.398","6a71067142da4f20d6315769","68ce343508eeb31bf53024c2","[PREMIUM]","[PREMIUM]","[PREMIUM]","[PREMIUM]","[PREMIUM]","[1,2,4,6]","113","A","Lower","['*','*','*','*','*','*']","mobile","tm","tmqr",,"[PREMIUM]","[PREMIUM]","[]","2026-08-11 00:00:00","Barry Manilow (Rescheduled from 4/27/26)","music","2026-08-13 23:00:00","56e1e5d9f80c416f7e000001"
"6a71066b65fd413d37d25109","2026-08-04 08:21:27.398","2026-08-07 18:17:28.738","6a71066b65fd413d37d25109","68ce343508eeb31bf53024c2","[PREMIUM]","[PREMIUM]","[PREMIUM]","[PREMIUM]","[PREMIUM]","[1,2,4,6]","6","9","Floor","['*','*','*','*','*','*']","mobile","tm","tmqr",,"[PREMIUM]","[PREMIUM]","[]","2026-08-11 00:00:00","Barry Manilow (Rescheduled from 4/27/26)","music","2026-08-13 23:00:00","56e1e5d9f80c416f7e000001"
"6a71066a52b31e8f92a4dcff","2026-08-04 08:21:27.398","2026-08-04 08:21:27.398","6a71066a52b31e8f92a4dcff","68ce343508eeb31bf53024c2","[PREMIUM]","[PREMIUM]","[PREMIUM]","[PREMIUM]","[PREMIUM]","[2]","107","R","Lower","['*','*']","mobile","tm","tmqr",,"[PREMIUM]","[PREMIUM]","[]","2026-08-11 00:00:00","Barry Manilow (Rescheduled from 4/27/26)","music","2026-08-13 23:00:00","56e1e5d9f80c416f7e000001"
"6a7106561ee9ef2a0d8166de","2026-08-04 08:21:27.398","2026-08-07 18:17:28.738","6a7106561ee9ef2a0d8166de","68ce343508eeb31bf53024c2","[PREMIUM]","[PREMIUM]","[PREMIUM]","[PREMIUM]","[PREMIUM]","[2]","104","K","Lower","['*','*']","mobile","tm","tmqr",,"[PREMIUM]","[PREMIUM]","[]","2026-08-11 00:00:00","Barry Manilow (Rescheduled from 4/27/26)","music","2026-08-13 23:00:00","56e1e5d9f80c416f7e000001"
"6a71065b32e1d9ec3eadc7c7","2026-08-04 08:21:27.398","2026-08-04 08:21:27.398","6a71065b32e1d9ec3eadc7c7","68ce343508eeb31bf53024c2","[PREMIUM]","[PREMIUM]","[PREMIUM]","[PREMIUM]","[PREMIUM]","[1,2,4,6]","1","7","Floor","['*','*','*','*','*','*']","mobile","tm","tmqr",,"[PREMIUM]","[PREMIUM]","[]","2026-08-11 00:00:00","Barry Manilow (Rescheduled from 4/27/26)","music","2026-08-13 23:00:00","56e1e5d9f80c416f7e000001"
"6a71066932e1d9ec3eadc7f2","2026-08-04 08:21:27.398","2026-08-06 14:50:46.980","6a71066932e1d9ec3eadc7f2","68ce343508eeb31bf53024c2","[PREMIUM]","[PREMIUM]","[PREMIUM]","[PREMIUM]","[PREMIUM]","[2,4]","114","F","Lower","['*','*','*','*']","mobile","tm","tmqr",,"[PREMIUM]","[PREMIUM]","[]","2026-08-11 00:00:00","Barry Manilow (Rescheduled from 4/27/26)","music","2026-08-13 23:00:00","56e1e5d9f80c416f7e000001"
"6a71065dd4a34a52554edea4","2026-08-04 08:21:27.398","2026-08-04 08:21:27.398","6a71065dd4a34a52554edea4","68ce343508eeb31bf53024c2","[PREMIUM]","[PREMIUM]","[PREMIUM]","[PREMIUM]","[PREMIUM]","[2,4]","114","B","Lower","['*','*','*','*']","mobile","tm","tmqr",,"[PREMIUM]","[PREMIUM]","[]","2026-08-11 00:00:00","Barry Manilow (Rescheduled from 4/27/26)","music","2026-08-13 23:00:00","56e1e5d9f80c416f7e000001"
"6a710662d2780b7ecae26cd4","2026-08-04 08:21:27.398","2026-08-07 18:17:28.738","6a710662d2780b7ecae26cd4","68ce343508eeb31bf53024c2","[PREMIUM]","[PREMIUM]","[PREMIUM]","[PREMIUM]","[PREMIUM]","[2]","7","6","Floor","['*','*']","mobile","tm","tmqr",,"[PREMIUM]","[PREMIUM]","[]","2026-08-11 00:00:00","Barry Manilow (Rescheduled from 4/27/26)","music","2026-08-13 23:00:00","56e1e5d9f80c416f7e000001"
"6a715b1730e023a3804125e9","2026-08-04 08:21:27.398","2026-08-06 14:50:46.980","6a715b1730e023a3804125e9","68ce343508eeb31bf53024c2","[PREMIUM]","[PREMIUM]","[PREMIUM]","[PREMIUM]","[PREMIUM]","[2]","108","CC","Lower","['*','*']","mobile","tm","tmqr","great","[PREMIUM]","[PREMIUM]","[]","2099-04-26 00:00:00","Barry Manilow (Rescheduled from 4/27/26)","music","2026-08-13 23:00:00","56e1e5d9f80c416f7e000001"
"6a70f4f4b4762b4846ebfdc5","2026-08-04 08:21:27.398","2026-08-04 08:21:27.398","6a70f4f4b4762b4846ebfdc5","68ce343508eeb31bf53024c2","[PREMIUM]","[PREMIUM]","[PREMIUM]","[PREMIUM]","[PREMIUM]","[1,2,3,4,5,6,7]","103","J","Lower","['*','*','*','*','*','*','*']","mobile","tm","tmqr",,"[PREMIUM]","[PREMIUM]","[]","2026-08-12 00:00:00","Barry Manilow (Rescheduled from 4/27/26)","music","2026-08-13 23:00:00","56e1e5d9f80c416f7e000001"
"6a70f3b8dc2db1eec259bcb7","2026-08-04 08:21:27.398","2026-08-05 11:33:46.656","6a70f3b8dc2db1eec259bcb7","68ce343508eeb31bf53024c2","[PREMIUM]","[PREMIUM]","[PREMIUM]","[PREMIUM]","[PREMIUM]","[2]","107","Y","Lower","['6','7']","mobile","tm","tmqr","cheapest","[PREMIUM]","[PREMIUM]","[]",,"Barry Manilow (Rescheduled from 4/27/26)","music","2026-08-13 23:00:00","56e1e5d9f80c416f7e000001"
"69f75c0f50ae950bcbc25146","2026-08-04 08:21:27.398","2026-08-13 11:23:45.128","69f75c0f50ae950bcbc25146","68ce343508eeb31bf53024c2","[PREMIUM]","[PREMIUM]","[PREMIUM]","[PREMIUM]","[PREMIUM]","[2]","104","C","Lower","['*','*']","mobile","tm","tmqr",,"[PREMIUM]","[PREMIUM]","[]",,"Barry Manilow (Rescheduled from 4/27/26)","music","2026-08-13 23:00:00","56e1e5d9f80c416f7e000001"
"6a70de86e32d1ec77dfbea90","2026-08-04 08:21:27.398","2026-08-12 08:07:53.557","6a70de86e32d1ec77dfbea90","68ce343508eeb31bf53024c2","[PREMIUM]","[PREMIUM]","[PREMIUM]","[PREMIUM]","[PREMIUM]","[2]","108","E","Lower","['6','7']","mobile","tm","tmqr",,"[PREMIUM]","[PREMIUM]","[]","2026-08-12 23:00:00","Barry Manilow (Rescheduled from 4/27/26)","music","2026-08-13 23:00:00","56e1e5d9f80c416f7e000001"
"6a71189f7933021a4f38db25","2026-08-04 08:21:27.398","2026-08-05 11:33:46.656","6a71189f7933021a4f38db25","68ce343508eeb31bf53024c2","[PREMIUM]","[PREMIUM]","[PREMIUM]","[PREMIUM]","[PREMIUM]","[2]","5","12","Floor","['*','*']","mobile","tm","tmqr","great","[PREMIUM]","[PREMIUM]","[]","2026-08-11 00:00:00","Barry Manilow (Rescheduled from 4/27/26)","music","2026-08-13 23:00:00","56e1e5d9f80c416f7e000001"
"6a708313b95065cf8bb7c1a9","2026-08-04 08:21:27.398","2026-08-04 08:21:27.398","6a708313b95065cf8bb7c1a9","68ce343508eeb31bf53024c2","[PREMIUM]","[PREMIUM]","[PREMIUM]","[PREMIUM]","[PREMIUM]","[1,2,3]","112","U","Lower","['*','*','*']","mobile","tm","tmqr","amazing","[PREMIUM]","[PREMIUM]","[]","2099-04-26 00:00:00","Barry Manilow (Rescheduled from 4/27/26)","music","2026-08-13 23:00:00","56e1e5d9f80c416f7e000001"
"6a7130b8f5e85eae8df01e96","2026-08-04 08:21:27.398","2026-08-05 11:33:46.656","6a7130b8f5e85eae8df01e96","68ce343508eeb31bf53024c2","[PREMIUM]","[PREMIUM]","[PREMIUM]","[PREMIUM]","[PREMIUM]","[1,2,3]","109","T","Lower","['*','*','*']","mobile","tm","tmqr",,"[PREMIUM]","[PREMIUM]","[]","2099-04-26 00:00:00","Barry Manilow (Rescheduled from 4/27/26)","music","2026-08-13 23:00:00","56e1e5d9f80c416f7e000001"
"6a711bce28219d0446dae262","2026-08-04 08:21:27.146","2026-08-06 14:50:46.648","6a711bce28219d0446dae262","686d851ce6cdff19e8d312c5","[PREMIUM]","[PREMIUM]","[PREMIUM]","[PREMIUM]","[PREMIUM]","[1,2,3,4]","12","R","Middle","['*','*','*','*']","mobile","tm","tmqr",,"[PREMIUM]","[PREMIUM]","[]","2026-08-21 00:00:00","HYPROV: Improv Under Hypnosis (Rescheduled from 1/3)","comedy","2026-08-23 19:00:00","63f91ca43ec6c2000172a397"
"6a710cda28219d0446dacd60","2026-08-04 08:21:27.146","2026-08-06 14:50:46.648","6a710cda28219d0446dacd60","686d851ce6cdff19e8d312c5","[PREMIUM]","[PREMIUM]","[PREMIUM]","[PREMIUM]","[PREMIUM]","[1,2,3,4]","13","R","Middle","['*','*','*','*']","mobile","tm","tmqr",,"[PREMIUM]","[PREMIUM]","[]","2026-08-21 00:00:00","HYPROV: Improv Under Hypnosis (Rescheduled from 1/3)","comedy","2026-08-23 19:00:00","63f91ca43ec6c2000172a397"
"6a71131a4cd374ffb58feb08","2026-08-04 08:21:27.146","2026-08-06 14:50:46.648","6a71131a4cd374ffb58feb08","686d851ce6cdff19e8d312c5","[PREMIUM]","[PREMIUM]","[PREMIUM]","[PREMIUM]","[PREMIUM]","[1,2,3,4]","9","R","Middle","['*','*','*','*']","mobile","tm","tmqr",,"[PREMIUM]","[PREMIUM]","[]","2026-08-21 00:00:00","HYPROV: Improv Under Hypnosis (Rescheduled from 1/3)","comedy","2026-08-23 19:00:00","63f91ca43ec6c2000172a397"
"6a70fc247933021a4f38abdf","2026-08-04 08:21:27.146","2026-08-06 14:50:46.648","6a70fc247933021a4f38abdf","686d851ce6cdff19e8d312c5","[PREMIUM]","[PREMIUM]","[PREMIUM]","[PREMIUM]","[PREMIUM]","[1,2,3,4]","10","R","Middle","['*','*','*','*']","mobile","tm","tmqr",,"[PREMIUM]","[PREMIUM]","[]","2026-08-21 00:00:00","HYPROV: Improv Under Hypnosis (Rescheduled from 1/3)","comedy","2026-08-23 19:00:00","63f91ca43ec6c2000172a397"
"6a7085ef4b4dc74fc3298de1","2026-08-04 08:21:25.679","2026-08-13 11:23:43.248","6a7085ef4b4dc74fc3298de1","68c4641aff50f03802e4aeb6","[PREMIUM]","[PREMIUM]","[PREMIUM]","[PREMIUM]","[PREMIUM]","[2]","145","L","Lower","['3','4']","mobile","tm","tmqr","great","[PREMIUM]","[PREMIUM]","[]","2026-08-20 23:30:00","Jason Aldean (Rescheduled from 1/24)","music","2026-08-21 23:30:00","63c82ec7c0494900018839f7"
"6a7162cc3753488c85184606","2026-08-04 08:21:25.679","2026-08-11 04:42:36.013","6a7162cc3753488c85184606","68c4641aff50f03802e4aeb6","[PREMIUM]","[PREMIUM]","[PREMIUM]","[PREMIUM]","[PREMIUM]","[2]","212","E","Upper","['11','12']","mobile","tm","tmqr","great","[PREMIUM]","[PREMIUM]","[]","2026-08-20 23:30:00","Jason Aldean (Rescheduled from 1/24)","music","2026-08-21 23:30:00","63c82ec7c0494900018839f7"
"6a6e2160c39b6c4cc6508899","2026-08-04 08:21:25.679","2026-08-05 11:33:44.776","6a6e2160c39b6c4cc6508899","68c4641aff50f03802e4aeb6","[PREMIUM]","[PREMIUM]","[PREMIUM]","[PREMIUM]","[PREMIUM]","[2]","230","N","Upper","['*','*']","mobile","tm","tmqr","great","[PREMIUM]","[PREMIUM]","[]","2026-08-20 00:00:00","Jason Aldean (Rescheduled from 1/24)","music","2026-08-21 23:30:00","63c82ec7c0494900018839f7"
"6a710953b2472dcce3a57fd3","2026-08-04 08:21:25.679","2026-08-13 11:23:43.248","6a710953b2472dcce3a57fd3","68c4641aff50f03802e4aeb6","[PREMIUM]","[PREMIUM]","[PREMIUM]","[PREMIUM]","[PREMIUM]","[2,4]","230","J","Upper","['18057','18058','18059','18060']","mobile","tm","tmqr","amazing","[PREMIUM]","[PREMIUM]","[]",,"Jason Aldean (Rescheduled from 1/24)","music","2026-08-21 23:30:00","63c82ec7c0494900018839f7"
"6a715767d2780b7ecae2c9c4","2026-08-04 08:21:25.679","2026-08-13 11:23:43.248","6a715767d2780b7ecae2c9c4","68c4641aff50f03802e4aeb6","[PREMIUM]","[PREMIUM]","[PREMIUM]","[PREMIUM]","[PREMIUM]","[2]","232","G","Upper","['4','5']","mobile","tm","tmqr","great","[PREMIUM]","[PREMIUM]","[]","2026-08-20 23:30:00","Jason Aldean (Rescheduled from 1/24)","music","2026-08-21 23:30:00","63c82ec7c0494900018839f7"
"6a7157ff0fc633ded362b941","2026-08-04 08:21:25.679","2026-08-13 11:23:43.248","6a7157ff0fc633ded362b941","68c4641aff50f03802e4aeb6","[PREMIUM]","[PREMIUM]","[PREMIUM]","[PREMIUM]","[PREMIUM]","[2]","232","Q","Upper","['11','12']","mobile","tm","tmqr",,"[PREMIUM]","[PREMIUM]","[]","2026-08-20 23:30:00","Jason Aldean (Rescheduled from 1/24)","music","2026-08-21 23:30:00","63c82ec7c0494900018839f7"
"6a7063f1b2472dcce37a7d61","2026-08-04 08:21:25.679","2026-08-07 18:17:26.787","6a7063f1b2472dcce37a7d61","68c4641aff50f03802e4aeb6","[PREMIUM]","[PREMIUM]","[PREMIUM]","[PREMIUM]","[PREMIUM]","[2]","233","O","Upper","['13','14']","mobile","tm","tmqr","amazing","[PREMIUM]","[PREMIUM]","[]","2026-08-20 00:00:00","Jason Aldean (Rescheduled from 1/24)","music","2026-08-21 23:30:00","63c82ec7c0494900018839f7"
"6a6e81f8b2472dcce3ffd16a","2026-08-04 08:21:25.679","2026-08-04 08:21:25.679","6a6e81f8b2472dcce3ffd16a","68c4641aff50f03802e4aeb6","[PREMIUM]","[PREMIUM]","[PREMIUM]","[PREMIUM]","[PREMIUM]","[2]","132","T","Lower","['*','*']","mobile","tm","tmqr",,"[PREMIUM]","[PREMIUM]","[]","2026-08-20 00:00:00","Jason Aldean (Rescheduled from 1/24)","music","2026-08-21 23:30:00","63c82ec7c0494900018839f7"
"6a70f8e07e3fd3db933b9dae","2026-08-04 08:21:25.679","2026-08-12 08:07:51.541","6a70f8e07e3fd3db933b9dae","68c4641aff50f03802e4aeb6","[PREMIUM]","[PREMIUM]","[PREMIUM]","[PREMIUM]","[PREMIUM]","[2]","242","M","Upper","['11','12']","mobile","tm","tmqr","amazing","[PREMIUM]","[PREMIUM]","[]","2026-08-20 23:30:00","Jason Aldean (Rescheduled from 1/24)","music","2026-08-21 23:30:00","63c82ec7c0494900018839f7"
"6a71629a96966f998e34cd48","2026-08-04 08:21:25.679","2026-08-12 08:07:51.541","6a71629a96966f998e34cd48","68c4641aff50f03802e4aeb6","[PREMIUM]","[PREMIUM]","[PREMIUM]","[PREMIUM]","[PREMIUM]","[2]","211","M","Upper","['8','9']","mobile","tm","tmqr",,"[PREMIUM]","[PREMIUM]","[]","2026-08-20 23:30:00","Jason Aldean (Rescheduled from 1/24)","music","2026-08-21 23:30:00","63c82ec7c0494900018839f7"
"6a710ba0b017384b7fc96cbc","2026-08-04 08:21:25.421","2026-08-06 14:50:44.821","6a710ba0b017384b7fc96cbc","68a4f97666827ffb0bbdcfee","[PREMIUM]","[PREMIUM]","[PREMIUM]","[PREMIUM]","[PREMIUM]","[1,2,3,4]","BC","L","Balcony","['*','*','*','*']","mobile","tm","tmqr","great","[PREMIUM]","[PREMIUM]","[]","2026-10-14 00:00:00","Big Head Todd And The Monsters (Rescheduled from 1/23/26)","music","2026-10-17 00:30:00","5abe819cb6520e0013b736fb"
"6a70ff4ab017384b7fc955c2","2026-08-04 08:21:25.421","2026-08-06 14:50:44.821","6a70ff4ab017384b7fc955c2","68a4f97666827ffb0bbdcfee","[PREMIUM]","[PREMIUM]","[PREMIUM]","[PREMIUM]","[PREMIUM]","[1,2,3,4]","BE","L","Balcony","['*','*','*','*']","mobile","tm","tmqr","great","[PREMIUM]","[PREMIUM]","[]","2026-10-14 00:00:00","Big Head Todd And The Monsters (Rescheduled from 1/23/26)","music","2026-10-17 00:30:00","5abe819cb6520e0013b736fb"
"6a710595a960087e0d7df90c","2026-08-04 08:21:25.336","2026-08-06 14:50:46.517","6a710595a960087e0d7df90c","68a51c033fc7c9fbd87e4e21","[PREMIUM]","[PREMIUM]","[PREMIUM]","[PREMIUM]","[PREMIUM]","[1,2,3,4]","ORCHR","KK","Orchestra","['*','*','*','*']","mobile","tm","tmqr","great","[PREMIUM]","[PREMIUM]","[]","2026-10-07 00:00:00","Big Head Todd and the Monsters (Rescheduled from 1/22/26)","music","2026-10-10 00:30:00","57d325c550575d33c85ae9b4"
"6a7119dfd4a34a52554efbac","2026-08-04 08:21:25.336","2026-08-06 14:50:46.517","6a7119dfd4a34a52554efbac","68a51c033fc7c9fbd87e4e21","[PREMIUM]","[PREMIUM]","[PREMIUM]","[PREMIUM]","[PREMIUM]","[1,2,3,4]","ORCHR","H","Orchestra","['*','*','*','*']","mobile","tm","tmqr","great","[PREMIUM]","[PREMIUM]","[]","2026-10-07 00:00:00","Big Head Todd and the Monsters (Rescheduled from 1/22/26)","music","2026-10-10 00:30:00","57d325c550575d33c85ae9b4"
"6a70e8dab2472dcce36df71d","2026-08-04 08:21:23.955","2026-08-05 11:33:44.993","6a70e8dab2472dcce36df71d","68bb85b5b14dd5ba8ea41bda","[PREMIUM]","[PREMIUM]","[PREMIUM]","[PREMIUM]","[PREMIUM]","[1,2]","233","4","Upper","['*','*']","mobile","tm","tmqr",,"[PREMIUM]","[PREMIUM]","[]","2026-08-15 00:00:00","Monster Jam (Rescheduled from 1/25)","auto","2026-08-16 17:00:00","531fd9073bf3767196000003"
"6a649a31263f58b9de7fb913","2026-08-04 08:21:23.955","2026-08-04 08:21:23.955","6a649a31263f58b9de7fb913","68bb85b5b14dd5ba8ea41bda","[PREMIUM]","[PREMIUM]","[PREMIUM]","[PREMIUM]","[PREMIUM]","[1,2,3]","133","1","Middle","['*','*','*']","mobile","tm","tmqr",,"[PREMIUM]","[PREMIUM]","[]","2026-08-15 00:00:00","Monster Jam (Rescheduled from 1/25)","auto","2026-08-16 17:00:00","531fd9073bf3767196000003"
"6a6f81ac64c90e4c1e1ca783","2026-08-04 08:21:23.955","2026-08-04 08:21:23.955","6a6f81ac64c90e4c1e1ca783","68bb85b5b14dd5ba8ea41bda","[PREMIUM]","[PREMIUM]","[PREMIUM]","[PREMIUM]","[PREMIUM]","[1,2,3]","212","5","Upper","['23','24','25']","mobile","tm","tmqr",,"[PREMIUM]","[PREMIUM]","[]",,"Monster Jam (Rescheduled from 1/25)","auto","2026-08-16 17:00:00","531fd9073bf3767196000003"
"6a70c19eb2472dcce3da66a5","2026-08-04 08:21:23.955","2026-08-04 08:21:23.955","6a70c19eb2472dcce3da66a5","68bb85b5b14dd5ba8ea41bda","[PREMIUM]","[PREMIUM]","[PREMIUM]","[PREMIUM]","[PREMIUM]","[2]","232","4","Upper","['*','*']","mobile","tm","tmqr",,"[PREMIUM]","[PREMIUM]","[]","2026-08-16 00:00:00","Monster Jam (Rescheduled from 1/25)","auto","2026-08-16 17:00:00","531fd9073bf3767196000003"
"6a64c7f8263f58b9dee6e5b7","2026-08-04 08:21:23.955","2026-08-04 08:21:23.955","6a64c7f8263f58b9dee6e5b7","68bb85b5b14dd5ba8ea41bda","[PREMIUM]","[PREMIUM]","[PREMIUM]","[PREMIUM]","[PREMIUM]","[2]","7","15","Lower","['*','*']","mobile","tm","tmqr",,"[PREMIUM]","[PREMIUM]","[]","2026-08-16 00:00:00","Monster Jam (Rescheduled from 1/25)","auto","2026-08-16 17:00:00","531fd9073bf3767196000003"
"6a01d3d10848fa08b263c6e2","2026-08-04 08:21:23.955","2026-08-08 21:34:34.029","6a01d3d10848fa08b263c6e2","68bb85b5b14dd5ba8ea41bda","[PREMIUM]","[PREMIUM]","[PREMIUM]","[PREMIUM]","[PREMIUM]","[1,2,3,4,5,7]","133","6","Middle","['6','7','8','9','10','11','12']","mobile","tm","tmqr","amazing","[PREMIUM]","[PREMIUM]","[]","2026-08-16 13:00:00","Monster Jam (Rescheduled from 1/25)","auto","2026-08-16 17:00:00","531fd9073bf3767196000003"
"6a7060aebafa182b3bfaeff2","2026-08-04 08:21:23.955","2026-08-04 08:21:23.955","6a7060aebafa182b3bfaeff2","68bb85b5b14dd5ba8ea41bda","[PREMIUM]","[PREMIUM]","[PREMIUM]","[PREMIUM]","[PREMIUM]","[2]","16","14","Lower","['*','*']","mobile","tm","tmqr",,"[PREMIUM]","[PREMIUM]","[]","2026-08-14 00:00:00","Monster Jam (Rescheduled from 1/25)","auto","2026-08-16 17:00:00","531fd9073bf3767196000003"
"6a70617049e7c2047e74d452","2026-08-04 08:21:23.955","2026-08-05 11:33:44.993","6a70617049e7c2047e74d452","68bb85b5b14dd5ba8ea41bda","[PREMIUM]","[PREMIUM]","[PREMIUM]","[PREMIUM]","[PREMIUM]","[2]","130","3","Middle","['*','*']","mobile","tm","tmqr",,"[PREMIUM]","[PREMIUM]","[]","2026-08-14 00:00:00","Monster Jam (Rescheduled from 1/25)","auto","2026-08-16 17:00:00","531fd9073bf3767196000003"
"6a70639ad4df30ad3b366615","2026-08-04 08:21:23.955","2026-08-05 11:33:44.993","6a70639ad4df30ad3b366615","68bb85b5b14dd5ba8ea41bda","[PREMIUM]","[PREMIUM]","[PREMIUM]","[PREMIUM]","[PREMIUM]","[1,2,3,4,6,8]","22","15","Lower","['*','*','*','*','*','*','*','*']","mobile","tm","tmqr",,"[PREMIUM]","[PREMIUM]","[]","2026-08-14 00:00:00","Monster Jam (Rescheduled from 1/25)","auto","2026-08-16 17:00:00","531fd9073bf3767196000003"
"6a706399d2356d0c6dbf2200","2026-08-04 08:21:23.955","2026-08-05 11:33:44.993","6a706399d2356d0c6dbf2200","68bb85b5b14dd5ba8ea41bda","[PREMIUM]","[PREMIUM]","[PREMIUM]","[PREMIUM]","[PREMIUM]","[1,2,3,5,7]","128","8","Middle","['*','*','*','*','*','*','*']","mobile","tm","tmqr",,"[PREMIUM]","[PREMIUM]","[]","2026-08-14 00:00:00","Monster Jam (Rescheduled from 1/25)","auto","2026-08-16 17:00:00","531fd9073bf3767196000003"
"6a7065fcd4df30ad3b366777","2026-08-04 08:21:23.955","2026-08-06 14:50:45.136","6a7065fcd4df30ad3b366777","68bb85b5b14dd5ba8ea41bda","[PREMIUM]","[PREMIUM]","[PREMIUM]","[PREMIUM]","[PREMIUM]","[2,4]","216","7","Upper","['*','*','*','*']","mobile","tm","tmqr",,"[PREMIUM]","[PREMIUM]","[]","2026-08-14 00:00:00","Monster Jam (Rescheduled from 1/25)","auto","2026-08-16 17:00:00","531fd9073bf3767196000003"
"6a70623cb2472dcce348f4ee","2026-08-04 08:21:23.955","2026-08-06 14:50:45.136","6a70623cb2472dcce348f4ee","68bb85b5b14dd5ba8ea41bda","[PREMIUM]","[PREMIUM]","[PREMIUM]","[PREMIUM]","[PREMIUM]","[1,2,3,4,5,6,7,8]","15","17","Lower","['*','*','*','*','*','*','*','*']","mobile","tm","tmqr",,"[PREMIUM]","[PREMIUM]","[]","2026-08-15 00:00:00","Monster Jam (Rescheduled from 1/25)","auto","2026-08-16 17:00:00","531fd9073bf3767196000003"
"6a707ab607dc9fd3b2cd8d90","2026-08-04 08:21:23.955","2026-08-04 08:21:23.955","6a707ab607dc9fd3b2cd8d90","68bb85b5b14dd5ba8ea41bda","[PREMIUM]","[PREMIUM]","[PREMIUM]","[PREMIUM]","[PREMIUM]","[1,2,3,4,6,8]","12","24","Lower","['*','*','*','*','*','*','*','*']","mobile","tm","tmqr",,"[PREMIUM]","[PREMIUM]","[]","2026-08-14 00:00:00","Monster Jam (Rescheduled from 1/25)","auto","2026-08-16 17:00:00","531fd9073bf3767196000003"
"6a70777b810ad4fe6a946cb6","2026-08-04 08:21:23.955","2026-08-05 11:33:44.993","6a70777b810ad4fe6a946cb6","68bb85b5b14dd5ba8ea41bda","[PREMIUM]","[PREMIUM]","[PREMIUM]","[PREMIUM]","[PREMIUM]","[2]","20","22","Lower","['*','*']","mobile","tm","tmqr","great","[PREMIUM]","[PREMIUM]","[]","2026-08-14 00:00:00","Monster Jam (Rescheduled from 1/25)","auto","2026-08-16 17:00:00","531fd9073bf3767196000003"
"6a7073b84eb98f2f0428da7d","2026-08-04 08:21:23.955","2026-08-04 08:21:23.955","6a7073b84eb98f2f0428da7d","68bb85b5b14dd5ba8ea41bda","[PREMIUM]","[PREMIUM]","[PREMIUM]","[PREMIUM]","[PREMIUM]","[1,2,3,4,6,8]","228","9","Upper","['*','*','*','*','*','*','*','*']","mobile","tm","tmqr",,"[PREMIUM]","[PREMIUM]","[]","2026-08-14 00:00:00","Monster Jam (Rescheduled from 1/25)","auto","2026-08-16 17:00:00","531fd9073bf3767196000003"
"6a70f10bb2472dcce3f4e90e","2026-08-04 08:21:23.955","2026-08-06 14:50:45.136","6a70f10bb2472dcce3f4e90e","68bb85b5b14dd5ba8ea41bda","[PREMIUM]","[PREMIUM]","[PREMIUM]","[PREMIUM]","[PREMIUM]","[1,2,3,4]","18","20","Lower","['*','*','*','*']","mobile","tm","tmqr",,"[PREMIUM]","[PREMIUM]","[]","2026-08-15 00:00:00","Monster Jam (Rescheduled from 1/25)","auto","2026-08-16 17:00:00","531fd9073bf3767196000003"
"6a6ca87e15ce29bf14a33654","2026-08-04 08:21:23.955","2026-08-08 21:34:34.029","6a6ca87e15ce29bf14a33654","68bb85b5b14dd5ba8ea41bda","[PREMIUM]","[PREMIUM]","[PREMIUM]","[PREMIUM]","[PREMIUM]","[2,4,6]","211","7","Upper","['*','*','*','*','*','*']","mobile","tm","tmqr",,"[PREMIUM]","[PREMIUM]","[]","2026-08-15 00:00:00","Monster Jam (Rescheduled from 1/25)","auto","2026-08-16 17:00:00","531fd9073bf3767196000003"
"6a6ca87e3a9bddb7f1ebf9f1","2026-08-04 08:21:23.955","2026-08-10 01:06:44.726","6a6ca87e3a9bddb7f1ebf9f1","68bb85b5b14dd5ba8ea41bda","[PREMIUM]","[PREMIUM]","[PREMIUM]","[PREMIUM]","[PREMIUM]","[2,4]","213","7","Upper","['*','*','*','*']","mobile","tm","tmqr",,"[PREMIUM]","[PREMIUM]","[]","2026-08-15 00:00:00","Monster Jam (Rescheduled from 1/25)","auto","2026-08-16 17:00:00","531fd9073bf3767196000003"
"6a716464b2472dcce3dfa48e","2026-08-04 08:21:23.955","2026-08-04 08:21:23.955","6a716464b2472dcce3dfa48e","68bb85b5b14dd5ba8ea41bda","[PREMIUM]","[PREMIUM]","[PREMIUM]","[PREMIUM]","[PREMIUM]","[1,2]","10","21","Lower","['*','*']","mobile","tm","tmqr",,"[PREMIUM]","[PREMIUM]","[]","2026-08-15 00:00:00","Monster Jam (Rescheduled from 1/25)","auto","2026-08-16 17:00:00","531fd9073bf3767196000003"
"6a715f92b2472dcce3268d0e","2026-08-04 08:21:23.955","2026-08-04 08:21:23.955","6a715f92b2472dcce3268d0e","68bb85b5b14dd5ba8ea41bda","[PREMIUM]","[PREMIUM]","[PREMIUM]","[PREMIUM]","[PREMIUM]","[1,2,3]","111","3","Middle","['*','*','*']","mobile","tm","tmqr",,"[PREMIUM]","[PREMIUM]","[]","2026-08-16 00:00:00","Monster Jam (Rescheduled from 1/25)","auto","2026-08-16 17:00:00","531fd9073bf3767196000003"
"6a715f89b2472dcce324fdc9","2026-08-04 08:21:23.955","2026-08-04 08:21:23.955","6a715f89b2472dcce324fdc9","68bb85b5b14dd5ba8ea41bda","[PREMIUM]","[PREMIUM]","[PREMIUM]","[PREMIUM]","[PREMIUM]","[2]","112","4","Middle","['*','*']","mobile","tm","tmqr",,"[PREMIUM]","[PREMIUM]","[]","2026-08-16 00:00:00","Monster Jam (Rescheduled from 1/25)","auto","2026-08-16 17:00:00","531fd9073bf3767196000003"
"6a706c2a42d262afd42878f1","2026-08-04 08:21:23.955","2026-08-04 08:21:23.955","6a706c2a42d262afd42878f1","68bb85b5b14dd5ba8ea41bda","[PREMIUM]","[PREMIUM]","[PREMIUM]","[PREMIUM]","[PREMIUM]","[1,2,3,5,7]","225","7","Upper","['*','*','*','*','*','*','*']","mobile","tm","tmqr",,"[PREMIUM]","[PREMIUM]","[]","2026-08-14 00:00:00","Monster Jam (Rescheduled from 1/25)","auto","2026-08-16 17:00:00","531fd9073bf3767196000003"
"6a70737d539bc24e449d596a","2026-08-04 08:21:23.955","2026-08-05 11:33:44.993","6a70737d539bc24e449d596a","68bb85b5b14dd5ba8ea41bda","[PREMIUM]","[PREMIUM]","[PREMIUM]","[PREMIUM]","[PREMIUM]","[1,2,3,4,6,8]","127","5","Middle","['*','*','*','*','*','*','*','*']","mobile","tm","tmqr",,"[PREMIUM]","[PREMIUM]","[]","2026-08-14 00:00:00","Monster Jam (Rescheduled from 1/25)","auto","2026-08-16 17:00:00","531fd9073bf3767196000003"
"6a70687a1a07635eabade42a","2026-08-04 08:21:23.955","2026-08-05 11:33:44.993","6a70687a1a07635eabade42a","68bb85b5b14dd5ba8ea41bda","[PREMIUM]","[PREMIUM]","[PREMIUM]","[PREMIUM]","[PREMIUM]","[2,4]","125","1","Middle","['*','*','*','*']","mobile","tm","tmqr",,"[PREMIUM]","[PREMIUM]","[]","2026-08-14 00:00:00","Monster Jam (Rescheduled from 1/25)","auto","2026-08-16 17:00:00","531fd9073bf3767196000003"
"6a7070df97111aec0355e4ac","2026-08-04 08:21:23.955","2026-08-04 08:21:23.955","6a7070df97111aec0355e4ac","68bb85b5b14dd5ba8ea41bda","[PREMIUM]","[PREMIUM]","[PREMIUM]","[PREMIUM]","[PREMIUM]","[1,2,3,5,7]","208","6","Upper","['*','*','*','*','*','*','*']","mobile","tm","tmqr","great","[PREMIUM]","[PREMIUM]","[]","2026-08-14 00:00:00","Monster Jam (Rescheduled from 1/25)","auto","2026-08-16 17:00:00","531fd9073bf3767196000003"
"6a6fe0c4b2472dcce3f80f56","2026-08-04 08:21:23.955","2026-08-07 18:17:27.020","6a6fe0c4b2472dcce3f80f56","68bb85b5b14dd5ba8ea41bda","[PREMIUM]","[PREMIUM]","[PREMIUM]","[PREMIUM]","[PREMIUM]","[1,2,3,4,5,6]","12","16","Lower","['*','*','*','*','*','*']","mobile","tm","tmqr",,"[PREMIUM]","[PREMIUM]","[]","2026-08-15 00:00:00","Monster Jam (Rescheduled from 1/25)","auto","2026-08-16 17:00:00","531fd9073bf3767196000003"
"6a67a4b4263f58b9de0044a0","2026-08-04 08:21:23.955","2026-08-06 14:50:45.136","6a67a4b4263f58b9de0044a0","68bb85b5b14dd5ba8ea41bda","[PREMIUM]","[PREMIUM]","[PREMIUM]","[PREMIUM]","[PREMIUM]","[1,2,3,5]","3","18","Lower","['*','*','*','*','*']","mobile","tm","tmqr",,"[PREMIUM]","[PREMIUM]","[]",,"Monster Jam (Rescheduled from 1/25)","auto","2026-08-16 17:00:00","531fd9073bf3767196000003"
"6a68ffc197c1149405f0d0cd","2026-08-04 08:21:23.955","2026-08-13 11:23:43.488","6a68ffc197c1149405f0d0cd","68bb85b5b14dd5ba8ea41bda","[PREMIUM]","[PREMIUM]","[PREMIUM]","[PREMIUM]","[PREMIUM]","[2]","109","1","Middle","['12','13']","mobile","tm","tmqr",,"[PREMIUM]","[PREMIUM]","[]","2026-08-15 17:00:00","Monster Jam (Rescheduled from 1/25)","auto","2026-08-16 17:00:00","531fd9073bf3767196000003"
"6a7133f7a766ceceb9caecb2","2026-08-04 08:21:23.955","2026-08-04 08:21:23.955","6a7133f7a766ceceb9caecb2","68bb85b5b14dd5ba8ea41bda","[PREMIUM]","[PREMIUM]","[PREMIUM]","[PREMIUM]","[PREMIUM]","[1,2,3,4]","226","6","Upper","['12','13','14','15']","mobile","tm","tmqr","amazing","[PREMIUM]","[PREMIUM]","[]",,"Monster Jam (Rescheduled from 1/25)","auto","2026-08-16 17:00:00","531fd9073bf3767196000003"
"6a7177195b1b0fe2e1d457ee","2026-08-04 08:21:23.955","2026-08-04 08:21:23.955","6a7177195b1b0fe2e1d457ee","68bb85b5b14dd5ba8ea41bda","[PREMIUM]","[PREMIUM]","[PREMIUM]","[PREMIUM]","[PREMIUM]","[1,2,3,4,6,8]","230","9","Upper","['*','*','*','*','*','*','*','*']","mobile","tm","tmqr","great","[PREMIUM]","[PREMIUM]","[]","2026-08-14 00:00:00","Monster Jam (Rescheduled from 1/25)","auto","2026-08-16 17:00:00","531fd9073bf3767196000003"
"6a7113d5b2472dcce3897edc","2026-08-04 08:21:23.955","2026-08-04 08:21:23.955","6a7113d5b2472dcce3897edc","68bb85b5b14dd5ba8ea41bda","[PREMIUM]","[PREMIUM]","[PREMIUM]","[PREMIUM]","[PREMIUM]","[1,2]","109","8","Middle","['*','*']","mobile","tm","tmqr",,"[PREMIUM]","[PREMIUM]","[]","2026-08-15 00:00:00","Monster Jam (Rescheduled from 1/25)","auto","2026-08-16 17:00:00","531fd9073bf3767196000003"
"6a710f3b28219d0446dad0a1","2026-08-04 08:21:23.955","2026-08-05 11:33:44.993","6a710f3b28219d0446dad0a1","68bb85b5b14dd5ba8ea41bda","[PREMIUM]","[PREMIUM]","[PREMIUM]","[PREMIUM]","[PREMIUM]","[2]","125","6","Middle","['*','*']","mobile","tm","tmqr",,"[PREMIUM]","[PREMIUM]","[]","2026-08-14 00:00:00","Monster Jam (Rescheduled from 1/25)","auto","2026-08-16 17:00:00","531fd9073bf3767196000003"
"6a7101b64ffcb056876f4477","2026-08-04 08:21:23.686","2026-08-06 14:50:43.180","6a7101b64ffcb056876f4477","68c8908586ac1368c768250e","[PREMIUM]","[PREMIUM]","[PREMIUM]","[PREMIUM]","[PREMIUM]","[1,2,3,4]","BALCL","W","Balcony","['*','*','*','*']","mobile","tm","tmqr","great","[PREMIUM]","[PREMIUM]","[]",,"Big Head Todd and the Monsters (Rescheduled from 1/27/26)","music","2026-09-17 23:30:00","58c0ac5dcde6626ebe294b80"
"6a7108c052b31e8f92a4e166","2026-08-04 08:21:23.686","2026-08-06 14:50:43.180","6a7108c052b31e8f92a4e166","68c8908586ac1368c768250e","[PREMIUM]","[PREMIUM]","[PREMIUM]","[PREMIUM]","[PREMIUM]","[1,2,3,4]","ORCHC","R","Orchestra","['*','*','*','*']","mobile","tm","tmqr","great","[PREMIUM]","[PREMIUM]","[]",,"Big Head Todd and the Monsters (Rescheduled from 1/27/26)","music","2026-09-17 23:30:00","58c0ac5dcde6626ebe294b80"
"6a710e015b1b0fe2e1d3ef0d","2026-08-04 08:21:23.686","2026-08-06 14:50:43.180","6a710e015b1b0fe2e1d3ef0d","68c8908586ac1368c768250e","[PREMIUM]","[PREMIUM]","[PREMIUM]","[PREMIUM]","[PREMIUM]","[1,2,3,4]","BALCR","W","Balcony","['*','*','*','*']","mobile","tm","tmqr","amazing","[PREMIUM]","[PREMIUM]","[]",,"Big Head Todd and the Monsters (Rescheduled from 1/27/26)","music","2026-09-17 23:30:00","58c0ac5dcde6626ebe294b80"
"6a71136b3707da72c1622ed7","2026-08-04 08:21:23.686","2026-08-06 14:50:43.180","6a71136b3707da72c1622ed7","68c8908586ac1368c768250e","[PREMIUM]","[PREMIUM]","[PREMIUM]","[PREMIUM]","[PREMIUM]","[1,2,3,4]","BALCC","W","Balcony","['*','*','*','*']","mobile","tm","tmqr","amazing","[PREMIUM]","[PREMIUM]","[]",,"Big Head Todd and the Monsters (Rescheduled from 1/27/26)","music","2026-09-17 23:30:00","58c0ac5dcde6626ebe294b80"
"6a70fecb4ffcb056876f3e37","2026-08-04 08:21:23.686","2026-08-04 08:21:23.686","6a70fecb4ffcb056876f3e37","68c8908586ac1368c768250e","[PREMIUM]","[PREMIUM]","[PREMIUM]","[PREMIUM]","[PREMIUM]","[1,2,3,4]","ORCHC","L","Orchestra","['*','*','*','*']","mobile","tm","tmqr","great","[PREMIUM]","[PREMIUM]","[]",,"Big Head Todd and the Monsters (Rescheduled from 1/27/26)","music","2026-09-17 23:30:00","58c0ac5dcde6626ebe294b80"
"6a70c18181a2c4897b181e30","2026-08-04 08:21:22.060","2026-08-04 08:21:22.060","6a70c18181a2c4897b181e30","685c46cbafd43c068f64530c","[PREMIUM]","[PREMIUM]","[PREMIUM]","[PREMIUM]","[PREMIUM]","[2]","GA","GA","General Admission","['*','*']","mobile","tm","tmqr","cheapest","[PREMIUM]","[PREMIUM]","[]","2026-08-07 00:00:00","Slander - Friday (Rescheduled from 1/30)","music","2026-08-08 02:00:00","5a5652c0f8cd47001307ceb9"
"6a70dab148fd34353da7e06f","2026-08-04 08:21:20.713","2026-08-05 11:33:41.651","6a70dab148fd34353da7e06f","68d1cb21aff4b49d38355bde","[PREMIUM]","[PREMIUM]","[PREMIUM]","[PREMIUM]","[PREMIUM]","[2]","103","I","Floor","['*','*']","mobile","tm","tmqr","amazing","[PREMIUM]","[PREMIUM]","[]","2026-10-02 01:00:00","Mike Epps (21+ Event) (Rescheduled from 1/31)","comedy","2026-10-03 01:00:00","58c09909cde6626ebe285bf7"
"6a713f42b2472dcce3c69032","2026-08-04 08:21:20.713","2026-08-06 14:50:41.750","6a713f42b2472dcce3c69032","68d1cb21aff4b49d38355bde","[PREMIUM]","[PREMIUM]","[PREMIUM]","[PREMIUM]","[PREMIUM]","[1,2,3,4,5,6,7,8]","402","G","Balcony","['*','*','*','*','*','*','*','*']","mobile","tm","tmqr",,"[PREMIUM]","[PREMIUM]","['over_21']","2026-10-01 00:00:00","Mike Epps (21+ Event) (Rescheduled from 1/31)","comedy","2026-10-03 01:00:00","58c09909cde6626ebe285bf7"
"6a713f13b2472dcce3bfdc07","2026-08-04 08:21:20.713","2026-08-06 14:50:41.750","6a713f13b2472dcce3bfdc07","68d1cb21aff4b49d38355bde","[PREMIUM]","[PREMIUM]","[PREMIUM]","[PREMIUM]","[PREMIUM]","[1,2,3,4,5,6,7,8]","406","D","Balcony","['*','*','*','*','*','*','*','*']","mobile","tm","tmqr","great","[PREMIUM]","[PREMIUM]","['over_21']","2026-10-01 00:00:00","Mike Epps (21+ Event) (Rescheduled from 1/31)","comedy","2026-10-03 01:00:00","58c09909cde6626ebe285bf7"
"6a713f08b2472dcce3be31e5","2026-08-04 08:21:20.713","2026-08-04 08:21:20.713","6a713f08b2472dcce3be31e5","68d1cb21aff4b49d38355bde","[PREMIUM]","[PREMIUM]","[PREMIUM]","[PREMIUM]","[PREMIUM]","[1,2,3,4,5,6]","405","C","Balcony","['*','*','*','*','*','*']","mobile","tm","tmqr","amazing","[PREMIUM]","[PREMIUM]","['over_21']","2026-10-01 00:00:00","Mike Epps (21+ Event) (Rescheduled from 1/31)","comedy","2026-10-03 01:00:00","58c09909cde6626ebe285bf7"
"6a44364abc0de74d13b21d7e","2026-08-04 08:21:20.713","2026-08-04 08:21:20.713","6a44364abc0de74d13b21d7e","68d1cb21aff4b49d38355bde","[PREMIUM]","[PREMIUM]","[PREMIUM]","[PREMIUM]","[PREMIUM]","[2]","103","C","Floor","['*','*']","mobile","tm","tmqr",,"[PREMIUM]","[PREMIUM]","[]","2026-09-30 00:00:00","Mike Epps (21+ Event) (Rescheduled from 1/31)","comedy","2026-10-03 01:00:00","58c09909cde6626ebe285bf7"
"6a713ed9b2472dcce3b67030","2026-08-04 08:21:20.713","2026-08-06 14:50:41.750","6a713ed9b2472dcce3b67030","68d1cb21aff4b49d38355bde","[PREMIUM]","[PREMIUM]","[PREMIUM]","[PREMIUM]","[PREMIUM]","[1,2,3]","401","B","Balcony","['*','*','*']","mobile","tm","tmqr","amazing","[PREMIUM]","[PREMIUM]","['over_21']","2026-10-01 00:00:00","Mike Epps (21+ Event) (Rescheduled from 1/31)","comedy","2026-10-03 01:00:00","58c09909cde6626ebe285bf7"
"6a713ee8b2472dcce3b8e7f4","2026-08-04 08:21:20.713","2026-08-06 14:50:41.750","6a713ee8b2472dcce3b8e7f4","68d1cb21aff4b49d38355bde","[PREMIUM]","[PREMIUM]","[PREMIUM]","[PREMIUM]","[PREMIUM]","[1,2,3,4]","403","E","Balcony","['*','*','*','*']","mobile","tm","tmqr","amazing","[PREMIUM]","[PREMIUM]","['over_21']","2026-10-01 00:00:00","Mike Epps (21+ Event) (Rescheduled from 1/31)","comedy","2026-10-03 01:00:00","58c09909cde6626ebe285bf7"
"6a713ee8b2472dcce3b8e77f","2026-08-04 08:21:20.713","2026-08-06 14:50:41.750","6a713ee8b2472dcce3b8e77f","68d1cb21aff4b49d38355bde","[PREMIUM]","[PREMIUM]","[PREMIUM]","[PREMIUM]","[PREMIUM]","[1,2,3,4,5,6,7,8]","205","KK","Upper Floor","['*','*','*','*','*','*','*','*']","mobile","tm","tmqr","amazing","[PREMIUM]","[PREMIUM]","['over_21']","2026-10-01 00:00:00","Mike Epps (21+ Event) (Rescheduled from 1/31)","comedy","2026-10-03 01:00:00","58c09909cde6626ebe285bf7"
"6a713ed9b2472dcce3b66fe2","2026-08-04 08:21:20.713","2026-08-06 14:50:41.750","6a713ed9b2472dcce3b66fe2","68d1cb21aff4b49d38355bde","[PREMIUM]","[PREMIUM]","[PREMIUM]","[PREMIUM]","[PREMIUM]","[1,2]","407","C","Balcony","['*','*']","mobile","tm","tmqr","amazing","[PREMIUM]","[PREMIUM]","['over_21']","2026-10-01 00:00:00","Mike Epps (21+ Event) (Rescheduled from 1/31)","comedy","2026-10-03 01:00:00","58c09909cde6626ebe285bf7"
"6a713edfb2472dcce3b74e14","2026-08-04 08:21:20.713","2026-08-06 14:50:41.750","6a713edfb2472dcce3b74e14","68d1cb21aff4b49d38355bde","[PREMIUM]","[PREMIUM]","[PREMIUM]","[PREMIUM]","[PREMIUM]","[1,2,3,4]","402","B","Balcony","['*','*','*','*']","mobile","tm","tmqr","great","[PREMIUM]","[PREMIUM]","['over_21']","2026-10-01 00:00:00","Mike Epps (21+ Event) (Rescheduled from 1/31)","comedy","2026-10-03 01:00:00","58c09909cde6626ebe285bf7"
"6a5d50e1d832ea3443143216","2026-08-04 08:21:20.606","2026-08-05 11:33:41.522","6a5d50e1d832ea3443143216","685c46cb257150c9e9d0328b","[PREMIUM]","[PREMIUM]","[PREMIUM]","[PREMIUM]","[PREMIUM]","[1,2,3,4,5,6,7,8]","GA","GA","General Admission","['*','*','*','*','*','*','*','*']","mobile","tm","tmqr","cheapest","[PREMIUM]","[PREMIUM]","[]","2026-08-07 00:00:00","Slander - Saturday (Rescheduled from 1/31)","music","2026-08-09 02:00:00","5a5652c0f8cd47001307ceb9"
"6a717bd728219d0446db3ada","2026-08-04 08:21:20.564","2026-08-06 14:50:40.080","6a717bd728219d0446db3ada","68a4fe82e3546edfeda0acf5","[PREMIUM]","[PREMIUM]","[PREMIUM]","[PREMIUM]","[PREMIUM]","[2]","2R","D","Second Floor","['*','*']","mobile","axs","tmqr","great","[PREMIUM]","[PREMIUM]","[]","2026-10-17 00:00:00","Big Head Todd and the Monsters (Rescheduled from 2/1/26)","music","2026-10-19 00:30:00","61ae96775c49c800012f796b"
"6a717bd7763e2d243d5812d8","2026-08-04 08:21:20.564","2026-08-06 14:50:40.080","6a717bd7763e2d243d5812d8","68a4fe82e3546edfeda0acf5","[PREMIUM]","[PREMIUM]","[PREMIUM]","[PREMIUM]","[PREMIUM]","[2]","2R","K","Second Floor","['*','*']","mobile","axs","tmqr","amazing","[PREMIUM]","[PREMIUM]","[]","2026-10-17 00:00:00","Big Head Todd and the Monsters (Rescheduled from 2/1/26)","music","2026-10-19 00:30:00","61ae96775c49c800012f796b"
"6a705aaa6462f5aba5729e53","2026-08-04 08:21:19.235","2026-08-04 08:21:19.235","6a705aaa6462f5aba5729e53","69126d22fcf50d5cd7451759","[PREMIUM]","[PREMIUM]","[PREMIUM]","[PREMIUM]","[PREMIUM]","[1,2,3,4,5]","15","B",,"['*','*','*','*','*']","mobile",,"tmqr",,"[PREMIUM]","[PREMIUM]","[]","2026-08-07 00:00:00","Marty Stuart (Rescheduled from 2/6/26)","music","2026-08-09 00:00:00","66be691efe1196278766163b"
"6a705843f522532f3ab07d88","2026-08-04 08:21:19.235","2026-08-06 14:50:38.669","6a705843f522532f3ab07d88","69126d22fcf50d5cd7451759","[PREMIUM]","[PREMIUM]","[PREMIUM]","[PREMIUM]","[PREMIUM]","[1,2,3,4,6,8]","8","G",,"['*','*','*','*','*','*','*','*']","mobile",,"tmqr",,"[PREMIUM]","[PREMIUM]","[]","2026-08-07 00:00:00","Marty Stuart (Rescheduled from 2/6/26)","music","2026-08-09 00:00:00","66be691efe1196278766163b"
"6a705d1bdf4d550d04a749e7","2026-08-04 08:21:19.235","2026-08-06 14:50:38.669","6a705d1bdf4d550d04a749e7","69126d22fcf50d5cd7451759","[PREMIUM]","[PREMIUM]","[PREMIUM]","[PREMIUM]","[PREMIUM]","[2]","FLOOR","8",,"['*','*']","mobile",,"tmqr",,"[PREMIUM]","[PREMIUM]","[]","2026-08-07 00:00:00","Marty Stuart (Rescheduled from 2/6/26)","music","2026-08-09 00:00:00","66be691efe1196278766163b"
"6a70c8a4571c69ee832a9221","2026-08-04 08:21:19.235","2026-08-05 11:33:38.843","6a70c8a4571c69ee832a9221","69126d22fcf50d5cd7451759","[PREMIUM]","[PREMIUM]","[PREMIUM]","[PREMIUM]","[PREMIUM]","[2,4]","FLOOR","18",,"['*','*','*','*']","mobile",,"tmqr",,"[PREMIUM]","[PREMIUM]","[]","2026-08-07 00:00:00","Marty Stuart (Rescheduled from 2/6/26)","music","2026-08-09 00:00:00","66be691efe1196278766163b"
"6a70c9a8d2c16f3df5756f97","2026-08-04 08:21:19.235","2026-08-04 08:21:19.235","6a70c9a8d2c16f3df5756f97","69126d22fcf50d5cd7451759","[PREMIUM]","[PREMIUM]","[PREMIUM]","[PREMIUM]","[PREMIUM]","[2]","FLOOR","9",,"['20','21']","mobile",,"tmqr",,"[PREMIUM]","[PREMIUM]","[]","2026-08-08 00:00:00","Marty Stuart (Rescheduled from 2/6/26)","music","2026-08-09 00:00:00","66be691efe1196278766163b"
"6a70540f4eb98f2f0428c210","2026-08-04 08:21:19.235","2026-08-06 14:50:38.669","6a70540f4eb98f2f0428c210","69126d22fcf50d5cd7451759","[PREMIUM]","[PREMIUM]","[PREMIUM]","[PREMIUM]","[PREMIUM]","[1,2,3,4,6,8]","14","G",,"['*','*','*','*','*','*','*','*']","mobile",,"tmqr",,"[PREMIUM]","[PREMIUM]","[]","2026-08-07 00:00:00","Marty Stuart (Rescheduled from 2/6/26)","music","2026-08-09 00:00:00","66be691efe1196278766163b"
"6a71030cb2472dcce3811f8b","2026-08-04 08:21:19.235","2026-08-06 14:50:38.669","6a71030cb2472dcce3811f8b","69126d22fcf50d5cd7451759","[PREMIUM]","[PREMIUM]","[PREMIUM]","[PREMIUM]","[PREMIUM]","[1,2,3,4,5,6]","14","C",,"['*','*','*','*','*','*']","mobile",,"tmqr",,"[PREMIUM]","[PREMIUM]","[]","2026-08-07 00:00:00","Marty Stuart (Rescheduled from 2/6/26)","music","2026-08-09 00:00:00","66be691efe1196278766163b"
"6a7150461efc1b32ce2876e5","2026-08-04 08:21:19.235","2026-08-04 08:21:19.235","6a7150461efc1b32ce2876e5","69126d22fcf50d5cd7451759","[PREMIUM]","[PREMIUM]","[PREMIUM]","[PREMIUM]","[PREMIUM]","[1,2]","14","B",,"['*','*']","mobile",,"tmqr",,"[PREMIUM]","[PREMIUM]","[]","2026-08-07 00:00:00","Marty Stuart (Rescheduled from 2/6/26)","music","2026-08-09 00:00:00","66be691efe1196278766163b"
"6a71504442da4f20d631ab47","2026-08-04 08:21:19.235","2026-08-05 11:33:38.843","6a71504442da4f20d631ab47","69126d22fcf50d5cd7451759","[PREMIUM]","[PREMIUM]","[PREMIUM]","[PREMIUM]","[PREMIUM]","[1,2,3,4,5,6]","7","G",,"['*','*','*','*','*','*']","mobile",,"tmqr",,"[PREMIUM]","[PREMIUM]","[]","2026-08-07 00:00:00","Marty Stuart (Rescheduled from 2/6/26)","music","2026-08-09 00:00:00","66be691efe1196278766163b"
"6a70a20364c90e4c1e1db324","2026-08-04 08:21:19.235","2026-08-05 11:33:38.843","6a70a20364c90e4c1e1db324","69126d22fcf50d5cd7451759","[PREMIUM]","[PREMIUM]","[PREMIUM]","[PREMIUM]","[PREMIUM]","[1,2,3,4,6,8]","FLOOR","28",,"['*','*','*','*','*','*','*','*']","mobile",,"tmqr",,"[PREMIUM]","[PREMIUM]","[]","2026-08-07 00:00:00","Marty Stuart (Rescheduled from 2/6/26)","music","2026-08-09 00:00:00","66be691efe1196278766163b"
"6a70a2e543a885df9f211086","2026-08-04 08:21:19.235","2026-08-04 08:21:19.235","6a70a2e543a885df9f211086","69126d22fcf50d5cd7451759","[PREMIUM]","[PREMIUM]","[PREMIUM]","[PREMIUM]","[PREMIUM]","[2]","FLOOR","25",,"['*','*']","mobile",,"tmqr",,"[PREMIUM]","[PREMIUM]","[]","2026-08-07 00:00:00","Marty Stuart (Rescheduled from 2/6/26)","music","2026-08-09 00:00:00","66be691efe1196278766163b"
"6a70ec15d6c95a6b3013c43a","2026-08-04 08:21:19.235","2026-08-05 11:33:38.843","6a70ec15d6c95a6b3013c43a","69126d22fcf50d5cd7451759","[PREMIUM]","[PREMIUM]","[PREMIUM]","[PREMIUM]","[PREMIUM]","[2,4]","FLOOR","15",,"['1','2','3','4']","mobile",,"tmqr",,"[PREMIUM]","[PREMIUM]","[]","2026-08-08 00:00:00","Marty Stuart (Rescheduled from 2/6/26)","music","2026-08-09 00:00:00","66be691efe1196278766163b"
"6a6baf989a533a5b5ae1d5e7","2026-08-04 08:21:19.235","2026-08-07 18:17:18.229","6a6baf989a533a5b5ae1d5e7","69126d22fcf50d5cd7451759","[PREMIUM]","[PREMIUM]","[PREMIUM]","[PREMIUM]","[PREMIUM]","[1,2,3,4]","FLOOR","27",,"['*','*','*','*']","mobile",,"tmqr",,"[PREMIUM]","[PREMIUM]","[]",,"Marty Stuart (Rescheduled from 2/6/26)","music","2026-08-09 00:00:00","66be691efe1196278766163b"
"6a58681c63d38d17e7c89bb1","2026-08-04 08:21:18.946","2026-08-04 08:21:18.946","6a58681c63d38d17e7c89bb1","68cc89e20ad62c9e0b0fbaf3","[PREMIUM]","[PREMIUM]","[PREMIUM]","[PREMIUM]","[PREMIUM]","[2,4]","BALCL","DD","Balcony","['*','*','*','*']","mobile",,"tmqr","great","[PREMIUM]","[PREMIUM]","[]","2026-09-30 00:00:00","David Foster and Katharine McPhee (Rescheduled from 2/7)","music","2026-10-02 00:00:00","679be6e6b702dfd219cf48f2"
"6a7114f3d656c90f1141daa7","2026-08-04 08:21:18.946","2026-08-06 14:50:38.705","6a7114f3d656c90f1141daa7","68cc89e20ad62c9e0b0fbaf3","[PREMIUM]","[PREMIUM]","[PREMIUM]","[PREMIUM]","[PREMIUM]","[1,2,3,4]","ORCHL","R","Orchestra","['*','*','*','*']","electronic",,"tmqr","amazing","[PREMIUM]","[PREMIUM]","[]",,"David Foster and Katharine McPhee (Rescheduled from 2/7)","music","2026-10-02 00:00:00","679be6e6b702dfd219cf48f2"
"6a7100efb4762b4846ec107c","2026-08-04 08:21:18.946","2026-08-06 14:50:38.705","6a7100efb4762b4846ec107c","68cc89e20ad62c9e0b0fbaf3","[PREMIUM]","[PREMIUM]","[PREMIUM]","[PREMIUM]","[PREMIUM]","[1,2,3,4]","ORCHC","R","Orchestra","['*','*','*','*']","electronic",,"tmqr","amazing","[PREMIUM]","[PREMIUM]","[]",,"David Foster and Katharine McPhee (Rescheduled from 2/7)","music","2026-10-02 00:00:00","679be6e6b702dfd219cf48f2"
"6a49430d239cabfa2c5be38f","2026-08-04 08:21:18.933","2026-08-13 11:23:39.852","6a49430d239cabfa2c5be38f","68ca013caffe6ceeaddb7c62","[PREMIUM]","[PREMIUM]","[PREMIUM]","[PREMIUM]","[PREMIUM]","[2,4]","H","P","Lower","['999','1000','1001','1002']","electronic",,"tmqr","amazing","[PREMIUM]","[PREMIUM]","[]","2026-08-28 00:00:00","Grand Funk Railroad (Rescheduled from 2/6)","music","2026-08-29 01:00:00","67d0cb87a7f79167b63776f1"
"6a7104bc67cd480d3fd09908","2026-08-04 08:21:18.874","2026-08-06 14:50:38.773","6a7104bc67cd480d3fd09908","6855a93b0efbb3f4bd136c76","[PREMIUM]","[PREMIUM]","[PREMIUM]","[PREMIUM]","[PREMIUM]","[1,2,3,4]","ORCHL","T","Orchestra Left","['*','*','*','*']","electronic",,"tmqr","great","[PREMIUM]","[PREMIUM]","[]","2026-09-25 00:00:00","David Foster and Katharine McPhee (Rescheduled from 2/6)","music","2026-09-27 23:00:00","66f5b69190bb4fc51cf99d6a"
"6a7105887a343f2304b4e3f9","2026-08-04 08:21:18.874","2026-08-06 14:50:38.773","6a7105887a343f2304b4e3f9","6855a93b0efbb3f4bd136c76","[PREMIUM]","[PREMIUM]","[PREMIUM]","[PREMIUM]","[PREMIUM]","[1,2,3,4]","BALCR","K","Balcony Right","['*','*','*','*']","electronic",,"tmqr","super","[PREMIUM]","[PREMIUM]","[]","2026-09-25 00:00:00","David Foster and Katharine McPhee (Rescheduled from 2/6)","music","2026-09-27 23:00:00","66f5b69190bb4fc51cf99d6a"
"6a7112855b1b0fe2e1d3f3db","2026-08-04 08:21:18.874","2026-08-10 01:06:38.772","6a7112855b1b0fe2e1d3f3db","6855a93b0efbb3f4bd136c76","[PREMIUM]","[PREMIUM]","[PREMIUM]","[PREMIUM]","[PREMIUM]","[1,2]","ORCHL","Y","Orchestra Left","['*','*']","mobile","paciolan","tmqr","amazing","[PREMIUM]","[PREMIUM]","[]","2026-09-26 00:00:00","David Foster and Katharine McPhee (Rescheduled from 2/6)","music","2026-09-27 23:00:00","66f5b69190bb4fc51cf99d6a"
"6a711511a9565186658e8934","2026-08-04 08:21:18.874","2026-08-06 14:50:38.773","6a711511a9565186658e8934","6855a93b0efbb3f4bd136c76","[PREMIUM]","[PREMIUM]","[PREMIUM]","[PREMIUM]","[PREMIUM]","[1,2,3,4]","ORCHR","P","Orchestra Right","['*','*','*','*']","electronic",,"tmqr","great","[PREMIUM]","[PREMIUM]","[]",,"David Foster and Katharine McPhee (Rescheduled from 2/6)","music","2026-09-27 23:00:00","66f5b69190bb4fc51cf99d6a"
"6a7114c83707da72c1623238","2026-08-04 08:21:18.874","2026-08-06 14:50:38.773","6a7114c83707da72c1623238","6855a93b0efbb3f4bd136c76","[PREMIUM]","[PREMIUM]","[PREMIUM]","[PREMIUM]","[PREMIUM]","[1,2,3,4]","ORCHL","P","Orchestra Left","['*','*','*','*']","electronic",,"tmqr","great","[PREMIUM]","[PREMIUM]","[]",,"David Foster and Katharine McPhee (Rescheduled from 2/6)","music","2026-09-27 23:00:00","66f5b69190bb4fc51cf99d6a"
"6a7119067933021a4f38dbbd","2026-08-04 08:21:18.874","2026-08-06 14:50:38.773","6a7119067933021a4f38dbbd","6855a93b0efbb3f4bd136c76","[PREMIUM]","[PREMIUM]","[PREMIUM]","[PREMIUM]","[PREMIUM]","[1,2,3,4]","ORCHR","X","Orchestra Right","['*','*','*','*']","electronic",,"tmqr","amazing","[PREMIUM]","[PREMIUM]","[]",,"David Foster and Katharine McPhee (Rescheduled from 2/6)","music","2026-09-27 23:00:00","66f5b69190bb4fc51cf99d6a"
"6a710c6b1efc1b32ce282c47","2026-08-04 08:21:18.874","2026-08-06 14:50:38.773","6a710c6b1efc1b32ce282c47","6855a93b0efbb3f4bd136c76","[PREMIUM]","[PREMIUM]","[PREMIUM]","[PREMIUM]","[PREMIUM]","[1,2,3,4]","ORCHR","T","Orchestra Right","['*','*','*','*']","electronic",,"tmqr","amazing","[PREMIUM]","[PREMIUM]","[]","2026-09-25 00:00:00","David Foster and Katharine McPhee (Rescheduled from 2/6)","music","2026-09-27 23:00:00","66f5b69190bb4fc51cf99d6a"
"6a7149ab42da4f20d631a46f","2026-08-04 08:21:17.548","2026-08-11 04:42:29.610","6a7149ab42da4f20d631a46f","68f69abba1df084bdd675179","[PREMIUM]","[PREMIUM]","[PREMIUM]","[PREMIUM]","[PREMIUM]","[1,2,3,4,5,6,7,8]","203","P","Upper","['*','*','*','*','*','*','*','*']","mobile","tm","tmqr",,"[PREMIUM]","[PREMIUM]","[]","2026-08-21 00:00:00","Los Angeles Azules (Rescheduled from 2/13)","music","2026-08-23 01:00:00","54d4e60c64f962229a000001"
"6a71101db2472dcce3d56b94","2026-08-04 08:21:17.548","2026-08-11 04:42:29.610","6a71101db2472dcce3d56b94","68f69abba1df084bdd675179","[PREMIUM]","[PREMIUM]","[PREMIUM]","[PREMIUM]","[PREMIUM]","[1,2,3]","216","O","Upper","['*','*','*']","mobile","tm","tmqr",,"[PREMIUM]","[PREMIUM]","[]","2026-08-22 00:00:00","Los Angeles Azules (Rescheduled from 2/13)","music","2026-08-23 01:00:00","54d4e60c64f962229a000001"
"6a711db615a3612b0d32533a","2026-08-04 08:21:17.548","2026-08-04 08:21:17.548","6a711db615a3612b0d32533a","68f69abba1df084bdd675179","[PREMIUM]","[PREMIUM]","[PREMIUM]","[PREMIUM]","[PREMIUM]","[1,2,3,4,5,6]","110","FF","Lower","['*','*','*','*','*','*']","mobile","tm","tmqr",,"[PREMIUM]","[PREMIUM]","[]","2026-08-21 00:00:00","Los Angeles Azules (Rescheduled from 2/13)","music","2026-08-23 01:00:00","54d4e60c64f962229a000001"
"6a712c29b2472dcce377d25e","2026-08-04 08:21:17.548","2026-08-06 14:50:37.433","6a712c29b2472dcce377d25e","68f69abba1df084bdd675179","[PREMIUM]","[PREMIUM]","[PREMIUM]","[PREMIUM]","[PREMIUM]","[1,2,3,4]","110","AA","Lower","['*','*','*','*']","mobile","tm","tmqr",,"[PREMIUM]","[PREMIUM]","[]","2026-08-22 00:00:00","Los Angeles Azules (Rescheduled from 2/13)","music","2026-08-23 01:00:00","54d4e60c64f962229a000001"
"6a712513b2472dcce378f9b2","2026-08-04 08:21:17.548","2026-08-04 08:21:17.548","6a712513b2472dcce378f9b2","68f69abba1df084bdd675179","[PREMIUM]","[PREMIUM]","[PREMIUM]","[PREMIUM]","[PREMIUM]","[1,2,3,4]","103","AA","Lower","['*','*','*','*']","mobile","tm","tmqr",,"[PREMIUM]","[PREMIUM]","[]","2026-08-22 00:00:00","Los Angeles Azules (Rescheduled from 2/13)","music","2026-08-23 01:00:00","54d4e60c64f962229a000001"
"6a6be44fb5977358e0238dbb","2026-08-04 08:21:17.548","2026-08-07 18:17:17.021","6a6be44fb5977358e0238dbb","68f69abba1df084bdd675179","[PREMIUM]","[PREMIUM]","[PREMIUM]","[PREMIUM]","[PREMIUM]","[1,2,3,4,5,6,7,8,9]","112","G","Lower","['*','*','*','*','*','*','*','*','*']","mobile","tm","tmqr","amazing","[PREMIUM]","[PREMIUM]","[]","2026-08-21 00:00:00","Los Angeles Azules (Rescheduled from 2/13)","music","2026-08-23 01:00:00","54d4e60c64f962229a000001"
"69bde1f2f6fbc8b3546926f5","2026-08-04 08:21:17.548","2026-08-05 11:33:37.456","69bde1f2f6fbc8b3546926f5","68f69abba1df084bdd675179","[PREMIUM]","[PREMIUM]","[PREMIUM]","[PREMIUM]","[PREMIUM]","[2]","113","Q","Lower","['21','22']","mobile","tm","tmqr","amazing","[PREMIUM]","[PREMIUM]","[]","2026-08-21 00:00:00","Los Angeles Azules (Rescheduled from 2/13)","music","2026-08-23 01:00:00","54d4e60c64f962229a000001"
"6a6d9661b6ec2630f3a09bee","2026-08-04 08:21:17.548","2026-08-04 08:21:17.548","6a6d9661b6ec2630f3a09bee","68f69abba1df084bdd675179","[PREMIUM]","[PREMIUM]","[PREMIUM]","[PREMIUM]","[PREMIUM]","[2]","216","K","Upper","['*','*']","mobile","tm","tmqr",,"[PREMIUM]","[PREMIUM]","[]","2026-08-21 00:00:00","Los Angeles Azules (Rescheduled from 2/13)","music","2026-08-23 01:00:00","54d4e60c64f962229a000001"
"69ea74ff5d3b4e7cfc021ff0","2026-08-04 08:21:17.548","2026-08-11 04:42:29.610","69ea74ff5d3b4e7cfc021ff0","68f69abba1df084bdd675179","[PREMIUM]","[PREMIUM]","[PREMIUM]","[PREMIUM]","[PREMIUM]","[2]","216","F","Upper","['*','*']","mobile","tm","tmqr",,"[PREMIUM]","[PREMIUM]","[]","2026-08-22 00:00:00","Los Angeles Azules (Rescheduled from 2/13)","music","2026-08-23 01:00:00","54d4e60c64f962229a000001"
"6a6d966ab6ec2630f3a09bfa","2026-08-04 08:21:17.548","2026-08-12 08:07:45.225","6a6d966ab6ec2630f3a09bfa","68f69abba1df084bdd675179","[PREMIUM]","[PREMIUM]","[PREMIUM]","[PREMIUM]","[PREMIUM]","[1,2,3,5]","202","L","Upper","['*','*','*','*','*']","mobile","tm","tmqr",,"[PREMIUM]","[PREMIUM]","[]","2026-08-21 00:00:00","Los Angeles Azules (Rescheduled from 2/13)","music","2026-08-23 01:00:00","54d4e60c64f962229a000001"
"6a6d966cf3cdd7df17ec89e0","2026-08-04 08:21:17.548","2026-08-06 14:50:37.433","6a6d966cf3cdd7df17ec89e0","68f69abba1df084bdd675179","[PREMIUM]","[PREMIUM]","[PREMIUM]","[PREMIUM]","[PREMIUM]","[2,4]","113","K","Lower","['*','*','*','*']","mobile","tm","tmqr",,"[PREMIUM]","[PREMIUM]","[]","2026-08-21 00:00:00","Los Angeles Azules (Rescheduled from 2/13)","music","2026-08-23 01:00:00","54d4e60c64f962229a000001"
"6a6d9669d7ad3be61aea6e19","2026-08-04 08:21:17.548","2026-08-04 08:21:17.548","6a6d9669d7ad3be61aea6e19","68f69abba1df084bdd675179","[PREMIUM]","[PREMIUM]","[PREMIUM]","[PREMIUM]","[PREMIUM]","[2,4]","203","D","Upper","['*','*','*','*']","mobile","tm","tmqr",,"[PREMIUM]","[PREMIUM]","[]","2026-08-21 00:00:00","Los Angeles Azules (Rescheduled from 2/13)","music","2026-08-23 01:00:00","54d4e60c64f962229a000001"
"6a6c5e8fb2472dcce3f70364","2026-08-04 08:21:17.548","2026-08-04 08:21:17.548","6a6c5e8fb2472dcce3f70364","68f69abba1df084bdd675179","[PREMIUM]","[PREMIUM]","[PREMIUM]","[PREMIUM]","[PREMIUM]","[2]","FLR2","13","Floor","['*','*']","mobile","tm","tmqr",,"[PREMIUM]","[PREMIUM]","[]","2026-08-22 00:00:00","Los Angeles Azules (Rescheduled from 2/13)","music","2026-08-23 01:00:00","54d4e60c64f962229a000001"
"6a70f09eb2472dcce3e35ca6","2026-08-04 08:21:17.548","2026-08-04 08:21:17.548","6a70f09eb2472dcce3e35ca6","68f69abba1df084bdd675179","[PREMIUM]","[PREMIUM]","[PREMIUM]","[PREMIUM]","[PREMIUM]","[1,2,4]","201","D","Upper","['*','*','*','*']","mobile","tm","tmqr",,"[PREMIUM]","[PREMIUM]","[]","2026-08-21 00:00:00","Los Angeles Azules (Rescheduled from 2/13)","music","2026-08-23 01:00:00","54d4e60c64f962229a000001"
"6a6a0f5cef76f5348bbe163a","2026-08-04 08:21:17.548","2026-08-04 08:21:17.548","6a6a0f5cef76f5348bbe163a","68f69abba1df084bdd675179","[PREMIUM]","[PREMIUM]","[PREMIUM]","[PREMIUM]","[PREMIUM]","[2,4]","116","Q","Lower","['*','*','*','*']","hard",,"tmqr","amazing","[PREMIUM]","[PREMIUM]","[]","2026-08-21 00:00:00","Los Angeles Azules (Rescheduled from 2/13)","music","2026-08-23 01:00:00","54d4e60c64f962229a000001"
"6a4d65e2239cabfa2c84b0d4","2026-08-04 08:21:17.548","2026-08-04 08:21:17.548","6a4d65e2239cabfa2c84b0d4","68f69abba1df084bdd675179","[PREMIUM]","[PREMIUM]","[PREMIUM]","[PREMIUM]","[PREMIUM]","[1,2,3,4]","212","C","Upper","['*','*','*','*']","mobile","tm","tmqr",,"[PREMIUM]","[PREMIUM]","[]","2026-08-22 00:00:00","Los Angeles Azules (Rescheduled from 2/13)","music","2026-08-23 01:00:00","54d4e60c64f962229a000001"
"6a7139a3b2472dcce3cb1e39","2026-08-04 08:21:17.548","2026-08-05 11:33:37.456","6a7139a3b2472dcce3cb1e39","68f69abba1df084bdd675179","[PREMIUM]","[PREMIUM]","[PREMIUM]","[PREMIUM]","[PREMIUM]","[1,2,3,4,5,6]","112","B","Lower","['*','*','*','*','*','*']","mobile","tm","tmqr",,"[PREMIUM]","[PREMIUM]","[]","2026-08-21 00:00:00","Los Angeles Azules (Rescheduled from 2/13)","music","2026-08-23 01:00:00","54d4e60c64f962229a000001"
"6a713991b2472dcce3c7519f","2026-08-04 08:21:17.548","2026-08-06 14:50:37.433","6a713991b2472dcce3c7519f","68f69abba1df084bdd675179","[PREMIUM]","[PREMIUM]","[PREMIUM]","[PREMIUM]","[PREMIUM]","[1,2,4]","FLR1","5","Floor","['*','*','*','*']","mobile","tm","tmqr",,"[PREMIUM]","[PREMIUM]","[]","2026-08-21 00:00:00","Los Angeles Azules (Rescheduled from 2/13)","music","2026-08-23 01:00:00","54d4e60c64f962229a000001"
"6a713978b2472dcce3c34306","2026-08-04 08:21:17.548","2026-08-04 08:21:17.548","6a713978b2472dcce3c34306","68f69abba1df084bdd675179","[PREMIUM]","[PREMIUM]","[PREMIUM]","[PREMIUM]","[PREMIUM]","[1,2,3,4,5,6,7,8]","103","B","Lower","['*','*','*','*','*','*','*','*']","mobile","tm","tmqr",,"[PREMIUM]","[PREMIUM]","[]","2026-08-21 00:00:00","Los Angeles Azules (Rescheduled from 2/13)","music","2026-08-23 01:00:00","54d4e60c64f962229a000001"
"6a713972b2472dcce3c22f0e","2026-08-04 08:21:17.548","2026-08-05 11:33:37.456","6a713972b2472dcce3c22f0e","68f69abba1df084bdd675179","[PREMIUM]","[PREMIUM]","[PREMIUM]","[PREMIUM]","[PREMIUM]","[1,2,3,4,5,6]","101","C","Lower","['*','*','*','*','*','*']","mobile","tm","tmqr",,"[PREMIUM]","[PREMIUM]","[]","2026-08-21 00:00:00","Los Angeles Azules (Rescheduled from 2/13)","music","2026-08-23 01:00:00","54d4e60c64f962229a000001"
"6a7139feb2472dcce3dd4ee6","2026-08-04 08:21:17.548","2026-08-04 08:21:17.548","6a7139feb2472dcce3dd4ee6","68f69abba1df084bdd675179","[PREMIUM]","[PREMIUM]","[PREMIUM]","[PREMIUM]","[PREMIUM]","[1,2,3,4]","111","BB","Lower","['*','*','*','*']","mobile","tm","tmqr","great","[PREMIUM]","[PREMIUM]","[]","2026-08-22 00:00:00","Los Angeles Azules (Rescheduled from 2/13)","music","2026-08-23 01:00:00","54d4e60c64f962229a000001"
"6a71131528219d0446dad4b5","2026-08-04 08:21:17.548","2026-08-04 08:21:17.548","6a71131528219d0446dad4b5","68f69abba1df084bdd675179","[PREMIUM]","[PREMIUM]","[PREMIUM]","[PREMIUM]","[PREMIUM]","[1,2,3,4,5,6]","112","N","Lower","['*','*','*','*','*','*']","mobile","tm","tmqr",,"[PREMIUM]","[PREMIUM]","[]","2026-08-21 00:00:00","Los Angeles Azules (Rescheduled from 2/13)","music","2026-08-23 01:00:00","54d4e60c64f962229a000001"
"6a71131567cd480d3fd0aeb0","2026-08-04 08:21:17.548","2026-08-04 08:21:17.548","6a71131567cd480d3fd0aeb0","68f69abba1df084bdd675179","[PREMIUM]","[PREMIUM]","[PREMIUM]","[PREMIUM]","[PREMIUM]","[1,2,3,4,5,6,7,8]","101","M","Lower","['*','*','*','*','*','*','*','*']","mobile","tm","tmqr","great","[PREMIUM]","[PREMIUM]","[]","2026-08-21 00:00:00","Los Angeles Azules (Rescheduled from 2/13)","music","2026-08-23 01:00:00","54d4e60c64f962229a000001"
"6a7113166d8d9e5c737b5e85","2026-08-04 08:21:17.548","2026-08-05 11:33:37.456","6a7113166d8d9e5c737b5e85","68f69abba1df084bdd675179","[PREMIUM]","[PREMIUM]","[PREMIUM]","[PREMIUM]","[PREMIUM]","[1,2,3,4,5,6,7,8]","101","H","Lower","['*','*','*','*','*','*','*','*']","mobile","tm","tmqr",,"[PREMIUM]","[PREMIUM]","[]","2026-08-21 00:00:00","Los Angeles Azules (Rescheduled from 2/13)","music","2026-08-23 01:00:00","54d4e60c64f962229a000001"
"6a71131693c0c0613aad4047","2026-08-04 08:21:17.548","2026-08-07 18:17:17.021","6a71131693c0c0613aad4047","68f69abba1df084bdd675179","[PREMIUM]","[PREMIUM]","[PREMIUM]","[PREMIUM]","[PREMIUM]","[1,2,3,4,5,6,7,8,9,10,11,12]","103","L","Lower","['*','*','*','*','*','*','*','*','*','*','*','*']","mobile","tm","tmqr",,"[PREMIUM]","[PREMIUM]","[]","2026-08-21 00:00:00","Los Angeles Azules (Rescheduled from 2/13)","music","2026-08-23 01:00:00","54d4e60c64f962229a000001"
"6a710b68b2472dcce3fe7688","2026-08-04 08:21:17.548","2026-08-06 14:50:37.433","6a710b68b2472dcce3fe7688","68f69abba1df084bdd675179","[PREMIUM]","[PREMIUM]","[PREMIUM]","[PREMIUM]","[PREMIUM]","[1,2]","115","G","Lower","['*','*']","mobile","tm","tmqr",,"[PREMIUM]","[PREMIUM]","[]","2026-08-21 00:00:00","Los Angeles Azules (Rescheduled from 2/13)","music","2026-08-23 01:00:00","54d4e60c64f962229a000001"
"6a71131730e023a38040d765","2026-08-04 08:21:17.548","2026-08-07 18:17:17.021","6a71131730e023a38040d765","68f69abba1df084bdd675179","[PREMIUM]","[PREMIUM]","[PREMIUM]","[PREMIUM]","[PREMIUM]","[2]","FLR1","1","Floor","['*','*']","mobile","tm","tmqr",,"[PREMIUM]","[PREMIUM]","[]","2026-08-21 00:00:00","Los Angeles Azules (Rescheduled from 2/13)","music","2026-08-23 01:00:00","54d4e60c64f962229a000001"
"6a694969263f58b9de1aed59","2026-08-04 08:21:14.810","2026-08-05 11:33:35.819","6a694969263f58b9de1aed59","68df6f5100fe30f26b53dcbe","[PREMIUM]","[PREMIUM]","[PREMIUM]","[PREMIUM]","[PREMIUM]","[1,2,3,4,5,6]","307","5","Balcony","['*','*','*','*','*','*']","mobile","tm","tmqr","amazing","[PREMIUM]","[PREMIUM]","[]","2026-09-25 00:00:00","Moein (Rescheduled from 2/14/26, 6/6/26) (Postponed - Date TBD)","music","2026-09-27 00:00:00","5500dc9c64f9625d61000001"
"6a715a3eb2472dcce3460a23","2026-08-04 08:21:14.810","2026-08-10 01:06:36.599","6a715a3eb2472dcce3460a23","68df6f5100fe30f26b53dcbe","[PREMIUM]","[PREMIUM]","[PREMIUM]","[PREMIUM]","[PREMIUM]","[1,2,3,4,5,6]","323","9","Balcony","['*','*','*','*','*','*']","mobile","tm","tmqr","amazing","[PREMIUM]","[PREMIUM]","[]","2026-09-25 00:00:00","Moein (Rescheduled from 2/14/26, 6/6/26) (Postponed - Date TBD)","music","2026-09-27 00:00:00","5500dc9c64f9625d61000001"
"6a713e64b2472dcce3a02b73","2026-08-04 08:21:14.810","2026-08-13 11:23:36.380","6a713e64b2472dcce3a02b73","68df6f5100fe30f26b53dcbe","[PREMIUM]","[PREMIUM]","[PREMIUM]","[PREMIUM]","[PREMIUM]","[1,2]","309","10","Balcony","['*','*']","mobile","tm","tmqr","great","[PREMIUM]","[PREMIUM]","[]","2026-09-25 00:00:00","Moein (Rescheduled from 2/14/26, 6/6/26) (Postponed - Date TBD)","music","2026-09-27 00:00:00","5500dc9c64f9625d61000001"
"6a712c57b2472dcce3827990","2026-08-04 08:21:14.810","2026-08-10 01:06:36.599","6a712c57b2472dcce3827990","68df6f5100fe30f26b53dcbe","[PREMIUM]","[PREMIUM]","[PREMIUM]","[PREMIUM]","[PREMIUM]","[1,2,3,4,5,6,7,8]","307","9","Balcony","['*','*','*','*','*','*','*','*']","mobile","tm","tmqr","great","[PREMIUM]","[PREMIUM]","[]","2026-09-25 00:00:00","Moein (Rescheduled from 2/14/26, 6/6/26) (Postponed - Date TBD)","music","2026-09-27 00:00:00","5500dc9c64f9625d61000001"
"6a709362b2472dcce3920b49","2026-08-04 08:21:14.810","2026-08-04 08:21:14.810","6a709362b2472dcce3920b49","68df6f5100fe30f26b53dcbe","[PREMIUM]","[PREMIUM]","[PREMIUM]","[PREMIUM]","[PREMIUM]","[1,2]","101","31","Lower","['*','*']","mobile","tm","tmqr",,"[PREMIUM]","[PREMIUM]","[]","2026-09-25 00:00:00","Moein (Rescheduled from 2/14/26, 6/6/26) (Postponed - Date TBD)","music","2026-09-27 00:00:00","5500dc9c64f9625d61000001"
"6a55da5c63d38d17e78ae780","2026-08-04 08:21:14.807","2026-08-04 08:21:14.807","6a55da5c63d38d17e78ae780","68e57b23208a33ac3519f809","[PREMIUM]","[PREMIUM]","[PREMIUM]","[PREMIUM]","[PREMIUM]","[2,4]","LFT MEZZ","C",,"['*','*','*','*']","mobile",,"tmqr",,"[PREMIUM]","[PREMIUM]","[]","2026-08-07 00:00:00","Rodney Carrington (Rescheduled from 2/14)","comedy","2026-08-09 00:00:00","67240d76313e26e146669c29"
"6a55505363d38d17e777d7fb","2026-08-04 08:21:14.807","2026-08-04 08:21:14.807","6a55505363d38d17e777d7fb","68e57b23208a33ac3519f809","[PREMIUM]","[PREMIUM]","[PREMIUM]","[PREMIUM]","[PREMIUM]","[2,4]","RGT ORCH","M",,"['*','*','*','*']","mobile",,"tmqr",,"[PREMIUM]","[PREMIUM]","[]","2026-08-07 00:00:00","Rodney Carrington (Rescheduled from 2/14)","comedy","2026-08-09 00:00:00","67240d76313e26e146669c29"
"6a55500a63d38d17e76250c4","2026-08-04 08:21:14.807","2026-08-07 18:17:16.204","6a55500a63d38d17e76250c4","68e57b23208a33ac3519f809","[PREMIUM]","[PREMIUM]","[PREMIUM]","[PREMIUM]","[PREMIUM]","[2,4]","LFT DRESS CIR","D",,"['*','*','*','*']","mobile",,"tmqr",,"[PREMIUM]","[PREMIUM]","[]",,"Rodney Carrington (Rescheduled from 2/14)","comedy","2026-08-09 00:00:00","67240d76313e26e146669c29"
"6a6ebe01ad83776309fca3d9","2026-08-04 08:21:14.807","2026-08-06 14:50:35.679","6a6ebe01ad83776309fca3d9","68e57b23208a33ac3519f809","[PREMIUM]","[PREMIUM]","[PREMIUM]","[PREMIUM]","[PREMIUM]","[1,2,3,4]","MEZZANINE RIGHT","E",,"['*','*','*','*']","electronic",,"tmqr",,"[PREMIUM]","[PREMIUM]","[]","2026-08-07 00:00:00","Rodney Carrington (Rescheduled from 2/14)","comedy","2026-08-09 00:00:00","67240d76313e26e146669c29"
"6a71082b241f4fefc16e2d14","2026-08-04 08:21:14.675","2026-08-06 14:50:35.637","6a71082b241f4fefc16e2d14","69092c50395aa528b31af9bc","[PREMIUM]","[PREMIUM]","[PREMIUM]","[PREMIUM]","[PREMIUM]","[1,2,3,4]","304","K","Casino Level","['*','*','*','*']","mobile","tm","tmqr","amazing","[PREMIUM]","[PREMIUM]","[]","2026-08-21 00:00:00","Tyler Henry - Hollywood Medium (Rescheduled from 2/15)","talk","2026-08-24 03:00:00","5c87d2cc6568be00151c7914"
"6a70a6d9b2472dcce36b9695","2026-08-04 08:21:14.675","2026-08-04 08:21:14.675","6a70a6d9b2472dcce36b9695","69092c50395aa528b31af9bc","[PREMIUM]","[PREMIUM]","[PREMIUM]","[PREMIUM]","[PREMIUM]","[1,2]","202","S","Mezzanine","['*','*']","mobile","tm","tmqr",,"[PREMIUM]","[PREMIUM]","[]","2026-08-22 00:00:00","Tyler Henry - Hollywood Medium (Rescheduled from 2/15)","talk","2026-08-24 03:00:00","5c87d2cc6568be00151c7914"
"6a70a74bb2472dcce37c825c","2026-08-04 08:21:14.675","2026-08-08 21:34:26.209","6a70a74bb2472dcce37c825c","69092c50395aa528b31af9bc","[PREMIUM]","[PREMIUM]","[PREMIUM]","[PREMIUM]","[PREMIUM]","[1,2]","102","A","Floor","['*','*']","mobile","tm","tmqr",,"[PREMIUM]","[PREMIUM]","[]","2026-08-22 00:00:00","Tyler Henry - Hollywood Medium (Rescheduled from 2/15)","talk","2026-08-24 03:00:00","5c87d2cc6568be00151c7914"
"6a70a714b2472dcce37371bb","2026-08-04 08:21:14.675","2026-08-08 21:34:26.209","6a70a714b2472dcce37371bb","69092c50395aa528b31af9bc","[PREMIUM]","[PREMIUM]","[PREMIUM]","[PREMIUM]","[PREMIUM]","[1,2]","104","A","Floor","['*','*']","mobile","tm","tmqr","great","[PREMIUM]","[PREMIUM]","[]","2026-08-22 00:00:00","Tyler Henry - Hollywood Medium (Rescheduled from 2/15)","talk","2026-08-24 03:00:00","5c87d2cc6568be00151c7914"
"6a7117d930e023a38040e04e","2026-08-04 08:21:14.675","2026-08-06 14:50:35.637","6a7117d930e023a38040e04e","69092c50395aa528b31af9bc","[PREMIUM]","[PREMIUM]","[PREMIUM]","[PREMIUM]","[PREMIUM]","[1,2,3,4]","303","K","Casino Level","['*','*','*','*']","mobile","tm","tmqr","great","[PREMIUM]","[PREMIUM]","[]",,"Tyler Henry - Hollywood Medium (Rescheduled from 2/15)","talk","2026-08-24 03:00:00","5c87d2cc6568be00151c7914"
"6a7114ae9d7fc940aebfb28f","2026-08-04 08:21:14.675","2026-08-06 14:50:35.637","6a7114ae9d7fc940aebfb28f","69092c50395aa528b31af9bc","[PREMIUM]","[PREMIUM]","[PREMIUM]","[PREMIUM]","[PREMIUM]","[1,2,3,4]","204","R","Mezzanine","['*','*','*','*']","mobile","tm","tmqr",,"[PREMIUM]","[PREMIUM]","[]",,"Tyler Henry - Hollywood Medium (Rescheduled from 2/15)","talk","2026-08-24 03:00:00","5c87d2cc6568be00151c7914"
"6a711a3efdb288ec7ba1df03","2026-08-04 08:21:14.675","2026-08-06 14:50:35.637","6a711a3efdb288ec7ba1df03","69092c50395aa528b31af9bc","[PREMIUM]","[PREMIUM]","[PREMIUM]","[PREMIUM]","[PREMIUM]","[1,2,3,4]","102","K","Floor","['*','*','*','*']","mobile","tm","tmqr",,"[PREMIUM]","[PREMIUM]","[]",,"Tyler Henry - Hollywood Medium (Rescheduled from 2/15)","talk","2026-08-24 03:00:00","5c87d2cc6568be00151c7914"
"69b2905b89f0a636aec627b0","2026-08-04 08:21:14.675","2026-08-12 08:07:43.524","69b2905b89f0a636aec627b0","69092c50395aa528b31af9bc","[PREMIUM]","[PREMIUM]","[PREMIUM]","[PREMIUM]","[PREMIUM]","[2,4,6,8]","105","D","Mezzanine","['*','*','*','*','*','*','*','*']","mobile","tm","tmqr","amazing","[PREMIUM]","[PREMIUM]","[]",,"Tyler Henry - Hollywood Medium (Rescheduled from 2/15)","talk","2026-08-24 03:00:00","5c87d2cc6568be00151c7914"
"6a70fa6e32e1d9ec3eadb1a3","2026-08-04 08:21:14.675","2026-08-06 14:50:35.637","6a70fa6e32e1d9ec3eadb1a3","69092c50395aa528b31af9bc","[PREMIUM]","[PREMIUM]","[PREMIUM]","[PREMIUM]","[PREMIUM]","[1,2,3,4]","104","K","Floor","['*','*','*','*']","mobile","tm","tmqr","great","[PREMIUM]","[PREMIUM]","[]",,"Tyler Henry - Hollywood Medium (Rescheduled from 2/15)","talk","2026-08-24 03:00:00","5c87d2cc6568be00151c7914"
"6a7100602ead75d4723ed2d9","2026-08-04 08:21:14.675","2026-08-06 14:50:35.637","6a7100602ead75d4723ed2d9","69092c50395aa528b31af9bc","[PREMIUM]","[PREMIUM]","[PREMIUM]","[PREMIUM]","[PREMIUM]","[1,2,3,4]","302","K","Casino Level","['*','*','*','*']","mobile","tm","tmqr","great","[PREMIUM]","[PREMIUM]","[]","2026-08-21 00:00:00","Tyler Henry - Hollywood Medium (Rescheduled from 2/15)","talk","2026-08-24 03:00:00","5c87d2cc6568be00151c7914"
"6a71220030e023a38040efaf","2026-08-04 08:21:12.028","2026-08-06 14:50:32.648","6a71220030e023a38040efaf","69017f7912856ce41fa60304","[PREMIUM]","[PREMIUM]","[PREMIUM]","[PREMIUM]","[PREMIUM]","[1,2,3,4]","ORCHCL","GGG","Orchestra Circle Left","['*','*','*','*']","mobile",,"tmqr","amazing","[PREMIUM]","[PREMIUM]","[]",,"Tig Notaro (18+ Event) (Rescheduled from 2/22)","comedy","2026-09-12 00:30:00","66be6c25073587463d24b28f"
"6a71075c42da4f20d6315958","2026-08-04 08:21:12.028","2026-08-06 14:50:32.648","6a71075c42da4f20d6315958","69017f7912856ce41fa60304","[PREMIUM]","[PREMIUM]","[PREMIUM]","[PREMIUM]","[PREMIUM]","[1,2,3,4]","TIER2C","M","Tier 2 Center","['*','*','*','*']","mobile",,"tmqr","amazing","[PREMIUM]","[PREMIUM]","[]",,"Tig Notaro (18+ Event) (Rescheduled from 2/22)","comedy","2026-09-12 00:30:00","66be6c25073587463d24b28f"
"6a71057752b31e8f92a4daad","2026-08-04 08:21:12.028","2026-08-06 14:50:32.648","6a71057752b31e8f92a4daad","69017f7912856ce41fa60304","[PREMIUM]","[PREMIUM]","[PREMIUM]","[PREMIUM]","[PREMIUM]","[1,2,3,4]","ORCHR","W","Orchestra Right","['*','*','*','*']","mobile",,"tmqr","great","[PREMIUM]","[PREMIUM]","[]",,"Tig Notaro (18+ Event) (Rescheduled from 2/22)","comedy","2026-09-12 00:30:00","66be6c25073587463d24b28f"
"6a71166b3707da72c16234ba","2026-08-04 08:21:12.028","2026-08-06 14:50:32.648","6a71166b3707da72c16234ba","69017f7912856ce41fa60304","[PREMIUM]","[PREMIUM]","[PREMIUM]","[PREMIUM]","[PREMIUM]","[1,2,3,4]","ORCHL","N","Orchestra Left","['*','*','*','*']","mobile",,"tmqr",,"[PREMIUM]","[PREMIUM]","[]",,"Tig Notaro (18+ Event) (Rescheduled from 2/22)","comedy","2026-09-12 00:30:00","66be6c25073587463d24b28f"
"6a7114ed15a3612b0d3246c9","2026-08-04 08:21:12.028","2026-08-06 14:50:32.648","6a7114ed15a3612b0d3246c9","69017f7912856ce41fa60304","[PREMIUM]","[PREMIUM]","[PREMIUM]","[PREMIUM]","[PREMIUM]","[1,2,3,4]","TIER1R","F","Tier 1 Right","['*','*','*','*']","mobile",,"tmqr","amazing","[PREMIUM]","[PREMIUM]","[]",,"Tig Notaro (18+ Event) (Rescheduled from 2/22)","comedy","2026-09-12 00:30:00","66be6c25073587463d24b28f"
"6a7118da2ead75d4723efa49","2026-08-04 08:21:12.028","2026-08-06 14:50:32.648","6a7118da2ead75d4723efa49","69017f7912856ce41fa60304","[PREMIUM]","[PREMIUM]","[PREMIUM]","[PREMIUM]","[PREMIUM]","[1,2,3,4]","ORCHL","W",,"['*','*','*','*']","mobile",,"tmqr","great","[PREMIUM]","[PREMIUM]","[]",,"Tig Notaro (18+ Event) (Rescheduled from 2/22)","comedy","2026-09-12 00:30:00","66be6c25073587463d24b28f"
"6a711d3f4cd374ffb58ffb01","2026-08-04 08:21:12.028","2026-08-06 14:50:32.648","6a711d3f4cd374ffb58ffb01","69017f7912856ce41fa60304","[PREMIUM]","[PREMIUM]","[PREMIUM]","[PREMIUM]","[PREMIUM]","[1,2,3,4]","ORCHCC","GGG","Orchestra Circle Center","['*','*','*','*']","mobile",,"tmqr","great","[PREMIUM]","[PREMIUM]","[]",,"Tig Notaro (18+ Event) (Rescheduled from 2/22)","comedy","2026-09-12 00:30:00","66be6c25073587463d24b28f"
"6a7084ffd2356d0c6dbf441b","2026-08-04 08:21:12.028","2026-08-04 08:21:12.028","6a7084ffd2356d0c6dbf441b","69017f7912856ce41fa60304","[PREMIUM]","[PREMIUM]","[PREMIUM]","[PREMIUM]","[PREMIUM]","[1,2,3,4]","ORCHCR","GGG","Orchestra Circle Right","['*','*','*','*']","mobile",,"tmqr","amazing","[PREMIUM]","[PREMIUM]","[]",,"Tig Notaro (18+ Event) (Rescheduled from 2/22)","comedy","2026-09-12 00:30:00","66be6c25073587463d24b28f"
"6a710a670425777a7420ba49","2026-08-04 08:21:12.028","2026-08-06 14:50:32.648","6a710a670425777a7420ba49","69017f7912856ce41fa60304","[PREMIUM]","[PREMIUM]","[PREMIUM]","[PREMIUM]","[PREMIUM]","[1,2,3,4]","TIER1L","F","Tier 1 Left","['*','*','*','*']","mobile",,"tmqr","amazing","[PREMIUM]","[PREMIUM]","[]",,"Tig Notaro (18+ Event) (Rescheduled from 2/22)","comedy","2026-09-12 00:30:00","66be6c25073587463d24b28f"
"6a710ddf9d7fc940aebfa8ed","2026-08-04 08:21:12.028","2026-08-06 14:50:32.648","6a710ddf9d7fc940aebfa8ed","69017f7912856ce41fa60304","[PREMIUM]","[PREMIUM]","[PREMIUM]","[PREMIUM]","[PREMIUM]","[1,2,3,4]","ORCHC","N","Orchestra Center","['*','*','*','*']","mobile",,"tmqr",,"[PREMIUM]","[PREMIUM]","[]",,"Tig Notaro (18+ Event) (Rescheduled from 2/22)","comedy","2026-09-12 00:30:00","66be6c25073587463d24b28f"
"6a710a0352b31e8f92a4e34d","2026-08-04 08:21:12.028","2026-08-06 14:50:32.648","6a710a0352b31e8f92a4e34d","69017f7912856ce41fa60304","[PREMIUM]","[PREMIUM]","[PREMIUM]","[PREMIUM]","[PREMIUM]","[1,2,3,4]","ORCHR","N","Orchestra Right","['*','*','*','*']","mobile",,"tmqr",,"[PREMIUM]","[PREMIUM]","[]",,"Tig Notaro (18+ Event) (Rescheduled from 2/22)","comedy","2026-09-12 00:30:00","66be6c25073587463d24b28f"
"6a70fc092ead75d4723ecb47","2026-08-04 08:21:12.028","2026-08-06 14:50:32.648","6a70fc092ead75d4723ecb47","69017f7912856ce41fa60304","[PREMIUM]","[PREMIUM]","[PREMIUM]","[PREMIUM]","[PREMIUM]","[1,2,3,4]","ORCHC","W","Orchestra Center","['*','*','*','*']","mobile",,"tmqr","great","[PREMIUM]","[PREMIUM]","[]",,"Tig Notaro (18+ Event) (Rescheduled from 2/22)","comedy","2026-09-12 00:30:00","66be6c25073587463d24b28f"
"6a70dfe7b2472dcce307434c","2026-08-04 08:21:11.813","2026-08-06 14:50:34.249","6a70dfe7b2472dcce307434c","68408d3f367fc71acaee0d13","[PREMIUM]","[PREMIUM]","[PREMIUM]","[PREMIUM]","[PREMIUM]","[2]","1","BB","Floor","['*','*']","mobile","tm","tmqr",,"[PREMIUM]","[PREMIUM]","[]","2026-09-05 00:00:00","Myriam Hernandez (Rescheduled from 10/04/2025, 2/20/2026)","music","2026-09-06 00:00:00","61b10c819533ce000197c4e3"
"6a7056be28fdf551674585fd","2026-08-04 08:21:11.813","2026-08-05 11:33:34.471","6a7056be28fdf551674585fd","68408d3f367fc71acaee0d13","[PREMIUM]","[PREMIUM]","[PREMIUM]","[PREMIUM]","[PREMIUM]","[2,4]","5","J","Floor","['*','*','*','*']","mobile","tm","tmqr","great","[PREMIUM]","[PREMIUM]","[]","2026-09-04 00:00:00","Myriam Hernandez (Rescheduled from 10/04/2025, 2/20/2026)","music","2026-09-06 00:00:00","61b10c819533ce000197c4e3"
"6a705ad66462f5aba5729e66","2026-08-04 08:21:11.813","2026-08-06 14:50:34.249","6a705ad66462f5aba5729e66","68408d3f367fc71acaee0d13","[PREMIUM]","[PREMIUM]","[PREMIUM]","[PREMIUM]","[PREMIUM]","[1,2,3,4,6,8]","210","K","Upper","['*','*','*','*','*','*','*','*']","mobile","tm","tmqr","amazing","[PREMIUM]","[PREMIUM]","[]","2026-09-04 00:00:00","Myriam Hernandez (Rescheduled from 10/04/2025, 2/20/2026)","music","2026-09-06 00:00:00","61b10c819533ce000197c4e3"
"6a580daf63d38d17e79a2c50","2026-08-04 08:21:11.813","2026-08-04 08:21:11.813","6a580daf63d38d17e79a2c50","68408d3f367fc71acaee0d13","[PREMIUM]","[PREMIUM]","[PREMIUM]","[PREMIUM]","[PREMIUM]","[2]","208","M","Upper","['*','*']","mobile","tm","tmqr",,"[PREMIUM]","[PREMIUM]","[]","2026-09-03 00:00:00","Myriam Hernandez (Rescheduled from 10/04/2025, 2/20/2026)","music","2026-09-06 00:00:00","61b10c819533ce000197c4e3"
"69948a13bf0d897cc812eba8","2026-08-04 08:21:11.813","2026-08-13 11:23:35.024","69948a13bf0d897cc812eba8","68408d3f367fc71acaee0d13","[PREMIUM]","[PREMIUM]","[PREMIUM]","[PREMIUM]","[PREMIUM]","[2]","113","O","Lower","['1','2']","mobile","tm","tmqr",,"[PREMIUM]","[PREMIUM]","[]","2026-09-05 00:00:00","Myriam Hernandez (Rescheduled from 10/04/2025, 2/20/2026)","music","2026-09-06 00:00:00","61b10c819533ce000197c4e3"
"6a714696b2472dcce3fc7992","2026-08-04 08:21:11.813","2026-08-04 08:21:11.813","6a714696b2472dcce3fc7992","68408d3f367fc71acaee0d13","[PREMIUM]","[PREMIUM]","[PREMIUM]","[PREMIUM]","[PREMIUM]","[1,2,3,5]","209","F","Upper","['*','*','*','*','*']","mobile","tm","tmqr","amazing","[PREMIUM]","[PREMIUM]","[]","2026-09-04 00:00:00","Myriam Hernandez (Rescheduled from 10/04/2025, 2/20/2026)","music","2026-09-06 00:00:00","61b10c819533ce000197c4e3"
"6a7146274cd374ffb5902404","2026-08-04 08:21:11.813","2026-08-05 11:33:34.471","6a7146274cd374ffb5902404","68408d3f367fc71acaee0d13","[PREMIUM]","[PREMIUM]","[PREMIUM]","[PREMIUM]","[PREMIUM]","[1,2,3,4,6,8]","209","K","Upper","['*','*','*','*','*','*','*','*']","mobile","tm","tmqr","cheapest","[PREMIUM]","[PREMIUM]","[]","2026-09-04 00:00:00","Myriam Hernandez (Rescheduled from 10/04/2025, 2/20/2026)","music","2026-09-06 00:00:00","61b10c819533ce000197c4e3"
"6a71409467cd480d3fd0e21f","2026-08-04 08:21:11.813","2026-08-04 08:21:11.813","6a71409467cd480d3fd0e21f","68408d3f367fc71acaee0d13","[PREMIUM]","[PREMIUM]","[PREMIUM]","[PREMIUM]","[PREMIUM]","[1,2,3,4,6,8]","211","K","Upper","['*','*','*','*','*','*','*','*']","mobile","tm","tmqr",,"[PREMIUM]","[PREMIUM]","[]","2026-09-04 00:00:00","Myriam Hernandez (Rescheduled from 10/04/2025, 2/20/2026)","music","2026-09-06 00:00:00","61b10c819533ce000197c4e3"
"6a71296eb2472dcce30fcef6","2026-08-04 08:21:11.813","2026-08-06 14:50:34.249","6a71296eb2472dcce30fcef6","68408d3f367fc71acaee0d13","[PREMIUM]","[PREMIUM]","[PREMIUM]","[PREMIUM]","[PREMIUM]","[1,2,3,4,5,6]","210","F","Upper","['*','*','*','*','*','*']","mobile","tm","tmqr",,"[PREMIUM]","[PREMIUM]","[]","2026-09-04 00:00:00","Myriam Hernandez (Rescheduled from 10/04/2025, 2/20/2026)","music","2026-09-06 00:00:00","61b10c819533ce000197c4e3"
"6a704e3a1a07635eabadd39f","2026-08-04 08:21:11.813","2026-08-05 11:33:34.471","6a704e3a1a07635eabadd39f","68408d3f367fc71acaee0d13","[PREMIUM]","[PREMIUM]","[PREMIUM]","[PREMIUM]","[PREMIUM]","[2,4]","103","S","Lower","['*','*','*','*']","mobile","tm","tmqr","amazing","[PREMIUM]","[PREMIUM]","[]","2026-09-04 00:00:00","Myriam Hernandez (Rescheduled from 10/04/2025, 2/20/2026)","music","2026-09-06 00:00:00","61b10c819533ce000197c4e3"
"6a718cc3cf9b4b50444aa2ca","2026-08-04 08:21:11.813","2026-08-04 08:21:11.813","6a718cc3cf9b4b50444aa2ca","68408d3f367fc71acaee0d13","[PREMIUM]","[PREMIUM]","[PREMIUM]","[PREMIUM]","[PREMIUM]","[2]","210","B","Upper","['*','*']","mobile","tm","tmqr",,"[PREMIUM]","[PREMIUM]","[]","2026-09-04 00:00:00","Myriam Hernandez (Rescheduled from 10/04/2025, 2/20/2026)","music","2026-09-06 00:00:00","61b10c819533ce000197c4e3"
"6a718ddeb2472dcce35a8b8f","2026-08-04 08:21:11.813","2026-08-04 08:21:11.813","6a718ddeb2472dcce35a8b8f","68408d3f367fc71acaee0d13","[PREMIUM]","[PREMIUM]","[PREMIUM]","[PREMIUM]","[PREMIUM]","[1,2]","105","P","Lower","['*','*']","mobile","tm","tmqr","great","[PREMIUM]","[PREMIUM]","[]","2026-09-04 00:00:00","Myriam Hernandez (Rescheduled from 10/04/2025, 2/20/2026)","music","2026-09-06 00:00:00","61b10c819533ce000197c4e3"
"6a70624835f4f206d04f4f12","2026-08-04 08:21:11.813","2026-08-05 11:33:34.471","6a70624835f4f206d04f4f12","68408d3f367fc71acaee0d13","[PREMIUM]","[PREMIUM]","[PREMIUM]","[PREMIUM]","[PREMIUM]","[1,2,3,5,7]","209","B","Upper","['*','*','*','*','*','*','*']","mobile","tm","tmqr","great","[PREMIUM]","[PREMIUM]","[]","2026-09-04 00:00:00","Myriam Hernandez (Rescheduled from 10/04/2025, 2/20/2026)","music","2026-09-06 00:00:00","61b10c819533ce000197c4e3"
"6a706427fbe2b8bb3b706226","2026-08-04 08:21:11.813","2026-08-05 11:33:34.471","6a706427fbe2b8bb3b706226","68408d3f367fc71acaee0d13","[PREMIUM]","[PREMIUM]","[PREMIUM]","[PREMIUM]","[PREMIUM]","[2]","211","A","Upper","['*','*']","mobile","tm","tmqr",,"[PREMIUM]","[PREMIUM]","[]","2026-09-04 00:00:00","Myriam Hernandez (Rescheduled from 10/04/2025, 2/20/2026)","music","2026-09-06 00:00:00","61b10c819533ce000197c4e3"
"6a7061a7f522532f3ab0845b","2026-08-04 08:21:11.813","2026-08-05 11:33:34.471","6a7061a7f522532f3ab0845b","68408d3f367fc71acaee0d13","[PREMIUM]","[PREMIUM]","[PREMIUM]","[PREMIUM]","[PREMIUM]","[1,2,4,6]","113","S","Lower","['*','*','*','*','*','*']","mobile","tm","tmqr","amazing","[PREMIUM]","[PREMIUM]","[]","2026-09-04 00:00:00","Myriam Hernandez (Rescheduled from 10/04/2025, 2/20/2026)","music","2026-09-06 00:00:00","61b10c819533ce000197c4e3"
"6a70677f55425e20a2b31156","2026-08-04 08:21:11.813","2026-08-04 08:21:11.813","6a70677f55425e20a2b31156","68408d3f367fc71acaee0d13","[PREMIUM]","[PREMIUM]","[PREMIUM]","[PREMIUM]","[PREMIUM]","[1,2,3,4,6,8]","208","B","Upper","['*','*','*','*','*','*','*','*']","mobile","tm","tmqr","great","[PREMIUM]","[PREMIUM]","[]","2026-09-04 00:00:00","Myriam Hernandez (Rescheduled from 10/04/2025, 2/20/2026)","music","2026-09-06 00:00:00","61b10c819533ce000197c4e3"
"6a711a4ca9565186658e9073","2026-08-04 08:21:11.813","2026-08-04 08:21:11.813","6a711a4ca9565186658e9073","68408d3f367fc71acaee0d13","[PREMIUM]","[PREMIUM]","[PREMIUM]","[PREMIUM]","[PREMIUM]","[2,4]","103","O","Lower","['*','*','*','*']","mobile","tm","tmqr","great","[PREMIUM]","[PREMIUM]","[]","2026-09-04 00:00:00","Myriam Hernandez (Rescheduled from 10/04/2025, 2/20/2026)","music","2026-09-06 00:00:00","61b10c819533ce000197c4e3"
"6a7100c19d7fc940aebf9236","2026-08-04 08:21:11.813","2026-08-04 08:21:11.813","6a7100c19d7fc940aebf9236","68408d3f367fc71acaee0d13","[PREMIUM]","[PREMIUM]","[PREMIUM]","[PREMIUM]","[PREMIUM]","[1,2,3,4,6,8]","4","J","Floor","['*','*','*','*','*','*','*','*']","mobile","tm","tmqr",,"[PREMIUM]","[PREMIUM]","[]","2026-09-04 00:00:00","Myriam Hernandez (Rescheduled from 10/04/2025, 2/20/2026)","music","2026-09-06 00:00:00","61b10c819533ce000197c4e3"
"6a6bf6715e5b53e3d63dbff6","2026-08-04 08:21:11.583","2026-08-11 04:42:26.285","6a6bf6715e5b53e3d63dbff6","69017b5d351b52d5aacbb629","[PREMIUM]","[PREMIUM]","[PREMIUM]","[PREMIUM]","[PREMIUM]","[1,2,3,4,5,6]","CC","5","Balcony","['*','*','*','*','*','*']","electronic",,"tmqr","amazing","[PREMIUM]","[PREMIUM]","[]","2026-09-12 00:00:00","Tig Notaro (18+ Event) (Rescheduled from 2/20)","comedy","2026-09-13 01:00:00","59f2394cfbdab6000e265a3d"
"6a718eb0b2472dcce3799bb3","2026-08-04 08:21:10.258","2026-08-05 11:33:31.559","6a718eb0b2472dcce3799bb3","68f6f68146e8b31924947223","[PREMIUM]","[PREMIUM]","[PREMIUM]","[PREMIUM]","[PREMIUM]","[1,2,3,4]","GA","GA","General Admission","['*','*','*','*']","electronic",,"tmqr","cheapest","[PREMIUM]","[PREMIUM]","[]","2026-08-06 00:00:00","Harland Williams (Rescheduled from 8/14)","comedy","2026-08-08 02:30:00","615f24603f8dfc0001507a90"
"6a714cf79d7fc940aebfed49","2026-08-04 08:21:09.066","2026-08-04 08:21:09.066","6a714cf79d7fc940aebfed49","68448a668f9f746f2a898758","[PREMIUM]","[PREMIUM]","[PREMIUM]","[PREMIUM]","[PREMIUM]","[1,2,3,4,6,8]","BLEFTC","C","Balcony","['*','*','*','*','*','*','*','*']","mobile","tm","tmqr","amazing","[PREMIUM]","[PREMIUM]","[]","2026-08-29 00:00:00","Myriam Hernandez (Rescheduled from 9/28/2025 and 03/01/2026)","music","2026-08-31 00:00:00","65baabd5b0160562c7bb0b23"
"6a714c7e849d45d7b33d5415","2026-08-04 08:21:09.066","2026-08-06 14:50:28.832","6a714c7e849d45d7b33d5415","68448a668f9f746f2a898758","[PREMIUM]","[PREMIUM]","[PREMIUM]","[PREMIUM]","[PREMIUM]","[1,2,3,4,6,8]","FLEFT","GG","Floor","['*','*','*','*','*','*','*','*']","mobile","tm","tmqr","cheapest","[PREMIUM]","[PREMIUM]","[]","2026-08-29 00:00:00","Myriam Hernandez (Rescheduled from 9/28/2025 and 03/01/2026)","music","2026-08-31 00:00:00","65baabd5b0160562c7bb0b23"
"6a714d17959d92e4a7e5ab44","2026-08-04 08:21:09.066","2026-08-04 08:21:09.066","6a714d17959d92e4a7e5ab44","68448a668f9f746f2a898758","[PREMIUM]","[PREMIUM]","[PREMIUM]","[PREMIUM]","[PREMIUM]","[1,2,3,4,6,8]","FRIGHT","GG","Floor","['*','*','*','*','*','*','*','*']","mobile","tm","tmqr","great","[PREMIUM]","[PREMIUM]","[]","2026-08-29 00:00:00","Myriam Hernandez (Rescheduled from 9/28/2025 and 03/01/2026)","music","2026-08-31 00:00:00","65baabd5b0160562c7bb0b23"
"6a70a07ebafa182b3bfb2f10","2026-08-04 08:21:09.066","2026-08-08 21:34:20.885","6a70a07ebafa182b3bfb2f10","68448a668f9f746f2a898758","[PREMIUM]","[PREMIUM]","[PREMIUM]","[PREMIUM]","[PREMIUM]","[1,2,3,4]","FLEFT","Z","Floor","['*','*','*','*']","mobile","tm","tmqr","amazing","[PREMIUM]","[PREMIUM]","[]","2026-08-29 00:00:00","Myriam Hernandez (Rescheduled from 9/28/2025 and 03/01/2026)","music","2026-08-31 00:00:00","65baabd5b0160562c7bb0b23"
"6a714dda7a343f2304b53782","2026-08-04 08:21:09.066","2026-08-06 14:50:28.832","6a714dda7a343f2304b53782","68448a668f9f746f2a898758","[PREMIUM]","[PREMIUM]","[PREMIUM]","[PREMIUM]","[PREMIUM]","[2]","FLEFT","B","Floor","['*','*']","mobile","tm","tmqr","great","[PREMIUM]","[PREMIUM]","[]","2026-08-29 00:00:00","Myriam Hernandez (Rescheduled from 9/28/2025 and 03/01/2026)","music","2026-08-31 00:00:00","65baabd5b0160562c7bb0b23"
"6a70a07ce070d2d8c31daef4","2026-08-04 08:21:09.066","2026-08-06 14:50:28.832","6a70a07ce070d2d8c31daef4","68448a668f9f746f2a898758","[PREMIUM]","[PREMIUM]","[PREMIUM]","[PREMIUM]","[PREMIUM]","[1,2,3,4]","FRIGHT","BB","Floor","['*','*','*','*']","mobile","tm","tmqr","great","[PREMIUM]","[PREMIUM]","[]","2026-08-29 00:00:00","Myriam Hernandez (Rescheduled from 9/28/2025 and 03/01/2026)","music","2026-08-31 00:00:00","65baabd5b0160562c7bb0b23"
"6a70a07d6462f5aba572e14c","2026-08-04 08:21:09.066","2026-08-04 08:21:09.066","6a70a07d6462f5aba572e14c","68448a668f9f746f2a898758","[PREMIUM]","[PREMIUM]","[PREMIUM]","[PREMIUM]","[PREMIUM]","[1,2,3,4,5,6]","FLEFT","L","Floor","['*','*','*','*','*','*']","mobile","tm","tmqr","great","[PREMIUM]","[PREMIUM]","[]","2026-08-29 00:00:00","Myriam Hernandez (Rescheduled from 9/28/2025 and 03/01/2026)","music","2026-08-31 00:00:00","65baabd5b0160562c7bb0b23"
"6a70a07f49e7c2047e7511a3","2026-08-04 08:21:09.066","2026-08-04 08:21:09.066","6a70a07f49e7c2047e7511a3","68448a668f9f746f2a898758","[PREMIUM]","[PREMIUM]","[PREMIUM]","[PREMIUM]","[PREMIUM]","[1,2,3,4,5,6]","BRIGHTC","R","Balcony","['*','*','*','*','*','*']","mobile","tm","tmqr","great","[PREMIUM]","[PREMIUM]","[]","2026-08-29 00:00:00","Myriam Hernandez (Rescheduled from 9/28/2025 and 03/01/2026)","music","2026-08-31 00:00:00","65baabd5b0160562c7bb0b23"
"6a7079ae1fc6a3da91321bda","2026-08-04 08:21:09.066","2026-08-06 14:50:28.832","6a7079ae1fc6a3da91321bda","68448a668f9f746f2a898758","[PREMIUM]","[PREMIUM]","[PREMIUM]","[PREMIUM]","[PREMIUM]","[1,2,3,4]","BLEFTC","S","Balcony","['*','*','*','*']","mobile","tm","tmqr","great","[PREMIUM]","[PREMIUM]","[]",,"Myriam Hernandez (Rescheduled from 9/28/2025 and 03/01/2026)","music","2026-08-31 00:00:00","65baabd5b0160562c7bb0b23"
"6a706e7162a6abbb7a5b6085","2026-08-04 08:21:09.066","2026-08-06 14:50:28.832","6a706e7162a6abbb7a5b6085","68448a668f9f746f2a898758","[PREMIUM]","[PREMIUM]","[PREMIUM]","[PREMIUM]","[PREMIUM]","[1,2,3,4]","FRIGHT","S","Floor","['*','*','*','*']","mobile","tm","tmqr",,"[PREMIUM]","[PREMIUM]","[]",,"Myriam Hernandez (Rescheduled from 9/28/2025 and 03/01/2026)","music","2026-08-31 00:00:00","65baabd5b0160562c7bb0b23"
"6a707fc686a5cb1ae8c32173","2026-08-04 08:21:09.066","2026-08-06 14:50:28.832","6a707fc686a5cb1ae8c32173","68448a668f9f746f2a898758","[PREMIUM]","[PREMIUM]","[PREMIUM]","[PREMIUM]","[PREMIUM]","[1,2,3,4]","FRIGHT","W","Floor","['*','*','*','*']","mobile","tm","tmqr",,"[PREMIUM]","[PREMIUM]","[]",,"Myriam Hernandez (Rescheduled from 9/28/2025 and 03/01/2026)","music","2026-08-31 00:00:00","65baabd5b0160562c7bb0b23"
"6a6f282ac81c2d36859a207b","2026-08-04 08:21:07.674","2026-08-04 08:21:07.674","6a6f282ac81c2d36859a207b","691fd011bdb56624d92e9130","[PREMIUM]","[PREMIUM]","[PREMIUM]","[PREMIUM]","[PREMIUM]","[2]","140","18","Lower Corner","['*','*']","mobile","tm","tmqr",,"[PREMIUM]","[PREMIUM]","[]","2026-08-07 16:30:00","Houston Dynamo at New England Revolution (Rescheduled from 3/7/26)","mls","2026-08-08 20:30:00","538794ad21efd360b1000003"
"6a680da8263f58b9de881ab7","2026-08-04 08:21:07.674","2026-08-07 18:17:06.001","6a680da8263f58b9de881ab7","691fd011bdb56624d92e9130","[PREMIUM]","[PREMIUM]","[PREMIUM]","[PREMIUM]","[PREMIUM]","[2]","C10","14","Club","['5','6']","mobile","tm","tmqr",,"[PREMIUM]","[PREMIUM]","['club_access']",,"Houston Dynamo at New England Revolution (Rescheduled from 3/7/26)","mls","2026-08-08 20:30:00","538794ad21efd360b1000003"
"6a711f8b7a343f2304b50ad5","2026-08-04 08:21:07.674","2026-08-06 14:50:27.342","6a711f8b7a343f2304b50ad5","691fd011bdb56624d92e9130","[PREMIUM]","[PREMIUM]","[PREMIUM]","[PREMIUM]","[PREMIUM]","[2]","115","27","Lower Corner","['*','*']","mobile","tm","tmqr",,"[PREMIUM]","[PREMIUM]","[]","2026-08-07 00:00:00","Houston Dynamo at New England Revolution (Rescheduled from 3/7/26)","mls","2026-08-08 20:30:00","538794ad21efd360b1000003"
"6a71254d7e3fd3db933be22a","2026-08-04 08:21:07.674","2026-08-04 08:21:07.674","6a71254d7e3fd3db933be22a","691fd011bdb56624d92e9130","[PREMIUM]","[PREMIUM]","[PREMIUM]","[PREMIUM]","[PREMIUM]","[2]","C8","22","Club","['*','*']","mobile","tm","tmqr",,"[PREMIUM]","[PREMIUM]","[]","2026-08-07 16:30:00","Houston Dynamo at New England Revolution (Rescheduled from 3/7/26)","mls","2026-08-08 20:30:00","538794ad21efd360b1000003"
"6a711f8c67cd480d3fd0c1ef","2026-08-04 08:21:07.674","2026-08-07 18:17:06.001","6a711f8c67cd480d3fd0c1ef","691fd011bdb56624d92e9130","[PREMIUM]","[PREMIUM]","[PREMIUM]","[PREMIUM]","[PREMIUM]","[1,2,3,4,5,6,7,8,9,10,11,12]","134","38","Lower Sideline","['*','*','*','*','*','*','*','*','*','*','*','*']","mobile","tm","tmqr",,"[PREMIUM]","[PREMIUM]","[]",,"Houston Dynamo at New England Revolution (Rescheduled from 3/7/26)","mls","2026-08-08 20:30:00","538794ad21efd360b1000003"
"6a711f8bb300f44abc266cab","2026-08-04 08:21:07.674","2026-08-04 08:21:07.674","6a711f8bb300f44abc266cab","691fd011bdb56624d92e9130","[PREMIUM]","[PREMIUM]","[PREMIUM]","[PREMIUM]","[PREMIUM]","[1,2,3,4,5,6,7,8,9,10,11]","109","38","Lower Sideline","['*','*','*','*','*','*','*','*','*','*','*']","mobile","tm","tmqr",,"[PREMIUM]","[PREMIUM]","[]","2026-08-07 00:00:00","Houston Dynamo at New England Revolution (Rescheduled from 3/7/26)","mls","2026-08-08 20:30:00","538794ad21efd360b1000003"
"6a71214467cd480d3fd0c53b","2026-08-04 08:21:07.674","2026-08-04 08:21:07.674","6a71214467cd480d3fd0c53b","691fd011bdb56624d92e9130","[PREMIUM]","[PREMIUM]","[PREMIUM]","[PREMIUM]","[PREMIUM]","[2]","128","7","Lower Sideline","['*','*']","mobile","tm","tmqr",,"[PREMIUM]","[PREMIUM]","[]","2026-08-07 16:30:00","Houston Dynamo at New England Revolution (Rescheduled from 3/7/26)","mls","2026-08-08 20:30:00","538794ad21efd360b1000003"
"6a71254dc38d839aafef1b32","2026-08-04 08:21:07.674","2026-08-04 08:21:07.674","6a71254dc38d839aafef1b32","691fd011bdb56624d92e9130","[PREMIUM]","[PREMIUM]","[PREMIUM]","[PREMIUM]","[PREMIUM]","[2]","106","17","Lower Sideline","['*','*']","mobile","tm","tmqr",,"[PREMIUM]","[PREMIUM]","[]","2026-08-07 16:30:00","Houston Dynamo at New England Revolution (Rescheduled from 3/7/26)","mls","2026-08-08 20:30:00","538794ad21efd360b1000003"
"6a712f03b2472dcce3ff934e","2026-08-04 08:21:07.674","2026-08-06 14:50:27.342","6a712f03b2472dcce3ff934e","691fd011bdb56624d92e9130","[PREMIUM]","[PREMIUM]","[PREMIUM]","[PREMIUM]","[PREMIUM]","[2]","138","11","Lower Corner","['*','*']","mobile","tm","tmqr",,"[PREMIUM]","[PREMIUM]","[]","2026-08-07 00:00:00","Houston Dynamo at New England Revolution (Rescheduled from 3/7/26)","mls","2026-08-08 20:30:00","538794ad21efd360b1000003"
"6a711f8b0fc633ded36280ba","2026-08-04 08:21:07.674","2026-08-05 11:33:29.180","6a711f8b0fc633ded36280ba","691fd011bdb56624d92e9130","[PREMIUM]","[PREMIUM]","[PREMIUM]","[PREMIUM]","[PREMIUM]","[2]","C10","7","Club","['*','*']","mobile","tm","tmqr",,"[PREMIUM]","[PREMIUM]","[]","2026-08-07 00:00:00","Houston Dynamo at New England Revolution (Rescheduled from 3/7/26)","mls","2026-08-08 20:30:00","538794ad21efd360b1000003"
"6a7121452f37217bfd74bbd3","2026-08-04 08:21:07.674","2026-08-04 08:21:07.674","6a7121452f37217bfd74bbd3","691fd011bdb56624d92e9130","[PREMIUM]","[PREMIUM]","[PREMIUM]","[PREMIUM]","[PREMIUM]","[2]","125","9","Lower Corner","['*','*']","mobile","tm","tmqr",,"[PREMIUM]","[PREMIUM]","[]","2026-08-07 16:30:00","Houston Dynamo at New England Revolution (Rescheduled from 3/7/26)","mls","2026-08-08 20:30:00","538794ad21efd360b1000003"
"6a6f7286f522532f3aafab43","2026-08-04 08:21:07.674","2026-08-04 08:21:07.674","6a6f7286f522532f3aafab43","691fd011bdb56624d92e9130","[PREMIUM]","[PREMIUM]","[PREMIUM]","[PREMIUM]","[PREMIUM]","[2]","111","27","Lower Sideline","['*','*']","mobile","tm","tmqr",,"[PREMIUM]","[PREMIUM]","[]","2026-08-07 16:30:00","Houston Dynamo at New England Revolution (Rescheduled from 3/7/26)","mls","2026-08-08 20:30:00","538794ad21efd360b1000003"
"6996829a7f68d3e8ae791fd5","2026-08-04 08:21:07.674","2026-08-06 14:50:27.342","6996829a7f68d3e8ae791fd5","691fd011bdb56624d92e9130","[PREMIUM]","[PREMIUM]","[PREMIUM]","[PREMIUM]","[PREMIUM]","[2,4]","SRO","GA","Standing Room Only","['*','*','*','*']","mobile","tm","tmqr","cheapest","[PREMIUM]","[PREMIUM]","['home_team_fans_only','general_admission','standing_room']",,"Houston Dynamo at New England Revolution (Rescheduled from 3/7/26)","mls","2026-08-08 20:30:00","538794ad21efd360b1000003"
"6a70cb5a070db28a9386c088","2026-08-04 08:21:07.674","2026-08-04 08:21:07.674","6a70cb5a070db28a9386c088","691fd011bdb56624d92e9130","[PREMIUM]","[PREMIUM]","[PREMIUM]","[PREMIUM]","[PREMIUM]","[1,2,3,4]","114","20","Lower Corner","['*','*','*','*']","mobile","tm","tmqr",,"[PREMIUM]","[PREMIUM]","[]","2026-08-05 00:00:00","Houston Dynamo at New England Revolution (Rescheduled from 3/7/26)","mls","2026-08-08 20:30:00","538794ad21efd360b1000003"
"6a70c115472528bc6bbb6d18","2026-08-04 08:21:07.674","2026-08-04 08:21:07.674","6a70c115472528bc6bbb6d18","691fd011bdb56624d92e9130","[PREMIUM]","[PREMIUM]","[PREMIUM]","[PREMIUM]","[PREMIUM]","[1,2,3,4,5,6,7,8,9,10]","C7","11","Club","['*','*','*','*','*','*','*','*','*','*']","mobile","tm","tmqr",,"[PREMIUM]","[PREMIUM]","[]","2026-08-07 00:00:00","Houston Dynamo at New England Revolution (Rescheduled from 3/7/26)","mls","2026-08-08 20:30:00","538794ad21efd360b1000003"
"6a70c489b2472dcce3581859","2026-08-04 08:21:07.674","2026-08-07 18:17:06.001","6a70c489b2472dcce3581859","691fd011bdb56624d92e9130","[PREMIUM]","[PREMIUM]","[PREMIUM]","[PREMIUM]","[PREMIUM]","[2,4]","103","12","Lower Corner","['9','10','11','12']","mobile","tm","tmqr",,"[PREMIUM]","[PREMIUM]","[]",,"Houston Dynamo at New England Revolution (Rescheduled from 3/7/26)","mls","2026-08-08 20:30:00","538794ad21efd360b1000003"
"6a70c11548fd34353da7c2db","2026-08-04 08:21:07.674","2026-08-07 18:17:06.001","6a70c11548fd34353da7c2db","691fd011bdb56624d92e9130","[PREMIUM]","[PREMIUM]","[PREMIUM]","[PREMIUM]","[PREMIUM]","[2]","137","34","Lower Corner","['*','*']","mobile","tm","tmqr",,"[PREMIUM]","[PREMIUM]","[]",,"Houston Dynamo at New England Revolution (Rescheduled from 3/7/26)","mls","2026-08-08 20:30:00","538794ad21efd360b1000003"
"6a70c115749fb049d4303740","2026-08-04 08:21:07.674","2026-08-04 08:21:07.674","6a70c115749fb049d4303740","691fd011bdb56624d92e9130","[PREMIUM]","[PREMIUM]","[PREMIUM]","[PREMIUM]","[PREMIUM]","[1,2,3,4,5,6,7,8,9]","C8","18","Club","['*','*','*','*','*','*','*','*','*']","mobile","tm","tmqr",,"[PREMIUM]","[PREMIUM]","[]","2026-08-07 00:00:00","Houston Dynamo at New England Revolution (Rescheduled from 3/7/26)","mls","2026-08-08 20:30:00","538794ad21efd360b1000003"
"6a70c116016f3f509b5dee2d","2026-08-04 08:21:07.674","2026-08-04 08:21:07.674","6a70c116016f3f509b5dee2d","691fd011bdb56624d92e9130","[PREMIUM]","[PREMIUM]","[PREMIUM]","[PREMIUM]","[PREMIUM]","[1,2,3,4,5,6]","107","34","Lower Sideline","['*','*','*','*','*','*']","mobile","tm","tmqr",,"[PREMIUM]","[PREMIUM]","[]","2026-08-07 00:00:00","Houston Dynamo at New England Revolution (Rescheduled from 3/7/26)","mls","2026-08-08 20:30:00","538794ad21efd360b1000003"
"6a719c4a7e3fd3db933c3ec8","2026-08-04 08:21:07.674","2026-08-04 08:21:07.674","6a719c4a7e3fd3db933c3ec8","691fd011bdb56624d92e9130","[PREMIUM]","[PREMIUM]","[PREMIUM]","[PREMIUM]","[PREMIUM]","[2]","129","8","Lower Sideline","['*','*']","mobile","tm","tmqr",,"[PREMIUM]","[PREMIUM]","[]","2026-08-07 00:00:00","Houston Dynamo at New England Revolution (Rescheduled from 3/7/26)","mls","2026-08-08 20:30:00","538794ad21efd360b1000003"
"6a7196d35c1131a2cae55f2e","2026-08-04 08:21:07.674","2026-08-04 08:21:07.674","6a7196d35c1131a2cae55f2e","691fd011bdb56624d92e9130","[PREMIUM]","[PREMIUM]","[PREMIUM]","[PREMIUM]","[PREMIUM]","[2]","110","21","Lower Sideline","['*','*']","mobile","tm","tmqr",,"[PREMIUM]","[PREMIUM]","[]","2026-08-07 00:00:00","Houston Dynamo at New England Revolution (Rescheduled from 3/7/26)","mls","2026-08-08 20:30:00","538794ad21efd360b1000003"
"6a6bdcdb3515ce32b212a108","2026-08-04 08:21:07.674","2026-08-04 08:21:07.674","6a6bdcdb3515ce32b212a108","691fd011bdb56624d92e9130","[PREMIUM]","[PREMIUM]","[PREMIUM]","[PREMIUM]","[PREMIUM]","[1,2,3,4,5,6,7,8,9,10]","130","31","Lower Sideline","['*','*','*','*','*','*','*','*','*','*']","mobile","tm","tmqr",,"[PREMIUM]","[PREMIUM]","[]","2026-08-07 00:00:00","Houston Dynamo at New England Revolution (Rescheduled from 3/7/26)","mls","2026-08-08 20:30:00","538794ad21efd360b1000003"
"6a70b6d05d5b5a5db78e3be7","2026-08-04 08:21:07.674","2026-08-04 08:21:07.674","6a70b6d05d5b5a5db78e3be7","691fd011bdb56624d92e9130","[PREMIUM]","[PREMIUM]","[PREMIUM]","[PREMIUM]","[PREMIUM]","[1,2,3,4]","108","34","Lower Sideline","['*','*','*','*']","mobile","tm","tmqr",,"[PREMIUM]","[PREMIUM]","[]","2026-08-07 16:30:00","Houston Dynamo at New England Revolution (Rescheduled from 3/7/26)","mls","2026-08-08 20:30:00","538794ad21efd360b1000003"
"6a70ba34b2472dcce38d0994","2026-08-04 08:21:07.674","2026-08-04 08:21:07.674","6a70ba34b2472dcce38d0994","691fd011bdb56624d92e9130","[PREMIUM]","[PREMIUM]","[PREMIUM]","[PREMIUM]","[PREMIUM]","[2]","128–129–OR–134–135","TBD","Lower Sideline","['*','*']","mobile","tm","tmqr","zone","[PREMIUM]","[PREMIUM]","['zone_deal']","2026-08-07 00:00:00","Houston Dynamo at New England Revolution (Rescheduled from 3/7/26)","mls","2026-08-08 20:30:00","538794ad21efd360b1000003"
"6a710175b2472dcce32c7b93","2026-08-04 08:21:07.674","2026-08-07 18:17:06.001","6a710175b2472dcce32c7b93","691fd011bdb56624d92e9130","[PREMIUM]","[PREMIUM]","[PREMIUM]","[PREMIUM]","[PREMIUM]","[2]","107","4","Lower Sideline","['1','2']","mobile","tm","tmqr","great","[PREMIUM]","[PREMIUM]","[]",,"Houston Dynamo at New England Revolution (Rescheduled from 3/7/26)","mls","2026-08-08 20:30:00","538794ad21efd360b1000003"
"6a710386a9565186658e6c7f","2026-08-04 08:21:07.674","2026-08-04 08:21:07.674","6a710386a9565186658e6c7f","691fd011bdb56624d92e9130","[PREMIUM]","[PREMIUM]","[PREMIUM]","[PREMIUM]","[PREMIUM]","[1,2,3,4]","105","24","Lower Corner","['*','*','*','*']","mobile","tm","tmqr",,"[PREMIUM]","[PREMIUM]","[]","2026-08-07 16:30:00","Houston Dynamo at New England Revolution (Rescheduled from 3/7/26)","mls","2026-08-08 20:30:00","538794ad21efd360b1000003"
"6a6532f7263f58b9de961762","2026-08-04 08:21:07.674","2026-08-04 08:21:07.674","6a6532f7263f58b9de961762","691fd011bdb56624d92e9130","[PREMIUM]","[PREMIUM]","[PREMIUM]","[PREMIUM]","[PREMIUM]","[2]","106–107–OR–112–113","TBD","Lower Sideline","['*','*']","mobile","tm","tmqr","zone","[PREMIUM]","[PREMIUM]","['zone_deal']","2026-08-07 00:00:00","Houston Dynamo at New England Revolution (Rescheduled from 3/7/26)","mls","2026-08-08 20:30:00","538794ad21efd360b1000003"
"6a714ef69d7fc940aebfefd8","2026-08-04 08:21:07.674","2026-08-04 08:21:07.674","6a714ef69d7fc940aebfefd8","691fd011bdb56624d92e9130","[PREMIUM]","[PREMIUM]","[PREMIUM]","[PREMIUM]","[PREMIUM]","[1,2,3,4,5]","135","25","Lower Sideline","['*','*','*','*','*']","mobile","tm","tmqr",,"[PREMIUM]","[PREMIUM]","[]","2026-08-07 16:30:00","Houston Dynamo at New England Revolution (Rescheduled from 3/7/26)","mls","2026-08-08 20:30:00","538794ad21efd360b1000003"
"6a714ef728219d0446db15fb","2026-08-04 08:21:07.674","2026-08-04 08:21:07.674","6a714ef728219d0446db15fb","691fd011bdb56624d92e9130","[PREMIUM]","[PREMIUM]","[PREMIUM]","[PREMIUM]","[PREMIUM]","[1,2,3,4]","106","26","Lower Sideline","['*','*','*','*']","mobile","tm","tmqr",,"[PREMIUM]","[PREMIUM]","[]","2026-08-07 16:30:00","Houston Dynamo at New England Revolution (Rescheduled from 3/7/26)","mls","2026-08-08 20:30:00","538794ad21efd360b1000003"
"6a6ea03c4eb98f2f04274ed3","2026-08-04 08:21:07.674","2026-08-04 08:21:07.674","6a6ea03c4eb98f2f04274ed3","691fd011bdb56624d92e9130","[PREMIUM]","[PREMIUM]","[PREMIUM]","[PREMIUM]","[PREMIUM]","[1,2,3,4,5]","102","21","Lower Endline","['*','*','*','*','*']","mobile","tm","tmqr",,"[PREMIUM]","[PREMIUM]","[]","2026-08-07 16:30:00","Houston Dynamo at New England Revolution (Rescheduled from 3/7/26)","mls","2026-08-08 20:30:00","538794ad21efd360b1000003"
"6a6ea03f4eb98f2f04274edc","2026-08-04 08:21:07.674","2026-08-06 14:50:27.342","6a6ea03f4eb98f2f04274edc","691fd011bdb56624d92e9130","[PREMIUM]","[PREMIUM]","[PREMIUM]","[PREMIUM]","[PREMIUM]","[1,2,3,4]","C11","13","Club","['*','*','*','*']","mobile","tm","tmqr",,"[PREMIUM]","[PREMIUM]","[]","2026-08-07 16:30:00","Houston Dynamo at New England Revolution (Rescheduled from 3/7/26)","mls","2026-08-08 20:30:00","538794ad21efd360b1000003"
"6a6ea047472528bc6bb992e7","2026-08-04 08:21:07.674","2026-08-04 08:21:07.674","6a6ea047472528bc6bb992e7","691fd011bdb56624d92e9130","[PREMIUM]","[PREMIUM]","[PREMIUM]","[PREMIUM]","[PREMIUM]","[1,2,3]","101","27","Lower Endline","['*','*','*']","mobile","tm","tmqr",,"[PREMIUM]","[PREMIUM]","[]","2026-08-07 16:30:00","Houston Dynamo at New England Revolution (Rescheduled from 3/7/26)","mls","2026-08-08 20:30:00","538794ad21efd360b1000003"
"6a6ec23767e6821ad3ca5776","2026-08-04 08:21:07.674","2026-08-06 14:50:27.342","6a6ec23767e6821ad3ca5776","691fd011bdb56624d92e9130","[PREMIUM]","[PREMIUM]","[PREMIUM]","[PREMIUM]","[PREMIUM]","[1,2,3,4]","107","28","Lower Sideline","['*','*','*','*']","mobile","tm","tmqr",,"[PREMIUM]","[PREMIUM]","[]","2026-08-07 16:30:00","Houston Dynamo at New England Revolution (Rescheduled from 3/7/26)","mls","2026-08-08 20:30:00","538794ad21efd360b1000003"
"6a6ea03fac5bb4dd0cb84359","2026-08-04 08:21:07.674","2026-08-04 08:21:07.674","6a6ea03fac5bb4dd0cb84359","691fd011bdb56624d92e9130","[PREMIUM]","[PREMIUM]","[PREMIUM]","[PREMIUM]","[PREMIUM]","[1,2,3,4,5,6,7,8]","111","31","Lower Sideline","['*','*','*','*','*','*','*','*']","mobile","tm","tmqr",,"[PREMIUM]","[PREMIUM]","[]","2026-08-07 16:30:00","Houston Dynamo at New England Revolution (Rescheduled from 3/7/26)","mls","2026-08-08 20:30:00","538794ad21efd360b1000003"
"6a6ebeeeaabd06c3352131a5","2026-08-04 08:21:07.674","2026-08-05 11:33:29.180","6a6ebeeeaabd06c3352131a5","691fd011bdb56624d92e9130","[PREMIUM]","[PREMIUM]","[PREMIUM]","[PREMIUM]","[PREMIUM]","[1,2,3,4]","140","26","Lower Corner","['*','*','*','*']","mobile","tm","tmqr",,"[PREMIUM]","[PREMIUM]","[]","2026-08-07 16:30:00","Houston Dynamo at New England Revolution (Rescheduled from 3/7/26)","mls","2026-08-08 20:30:00","538794ad21efd360b1000003"
"6a6ebeee936fa1b10e6f54a3","2026-08-04 08:21:07.674","2026-08-04 08:21:07.674","6a6ebeee936fa1b10e6f54a3","691fd011bdb56624d92e9130","[PREMIUM]","[PREMIUM]","[PREMIUM]","[PREMIUM]","[PREMIUM]","[1,2,3]","138","28","Lower Corner","['*','*','*']","mobile","tm","tmqr",,"[PREMIUM]","[PREMIUM]","[]","2026-08-07 16:30:00","Houston Dynamo at New England Revolution (Rescheduled from 3/7/26)","mls","2026-08-08 20:30:00","538794ad21efd360b1000003"
"6a6ebddc9d105319ff6e482e","2026-08-04 08:21:07.674","2026-08-04 08:21:07.674","6a6ebddc9d105319ff6e482e","691fd011bdb56624d92e9130","[PREMIUM]","[PREMIUM]","[PREMIUM]","[PREMIUM]","[PREMIUM]","[2]","101","23","Lower Endline","['*','*']","mobile","tm","tmqr",,"[PREMIUM]","[PREMIUM]","[]","2026-08-07 16:30:00","Houston Dynamo at New England Revolution (Rescheduled from 3/7/26)","mls","2026-08-08 20:30:00","538794ad21efd360b1000003"
"6a6ec2381db9afaae816c5d4","2026-08-04 08:21:07.674","2026-08-04 08:21:07.674","6a6ec2381db9afaae816c5d4","691fd011bdb56624d92e9130","[PREMIUM]","[PREMIUM]","[PREMIUM]","[PREMIUM]","[PREMIUM]","[2]","109","19","Lower Sideline","['*','*']","mobile","tm","tmqr",,"[PREMIUM]","[PREMIUM]","[]","2026-08-07 16:30:00","Houston Dynamo at New England Revolution (Rescheduled from 3/7/26)","mls","2026-08-08 20:30:00","538794ad21efd360b1000003"
"6a6ea03fcf95e2c946a8e499","2026-08-04 08:21:07.674","2026-08-04 08:21:07.674","6a6ea03fcf95e2c946a8e499","691fd011bdb56624d92e9130","[PREMIUM]","[PREMIUM]","[PREMIUM]","[PREMIUM]","[PREMIUM]","[2]","C9","4","Club","['*','*']","mobile","tm","tmqr",,"[PREMIUM]","[PREMIUM]","[]","2026-08-07 16:30:00","Houston Dynamo at New England Revolution (Rescheduled from 3/7/26)","mls","2026-08-08 20:30:00","538794ad21efd360b1000003"
"6a6ea03caabd06c3352111fe","2026-08-04 08:21:07.674","2026-08-04 08:21:07.674","6a6ea03caabd06c3352111fe","691fd011bdb56624d92e9130","[PREMIUM]","[PREMIUM]","[PREMIUM]","[PREMIUM]","[PREMIUM]","[2]","130","7","Lower Sideline","['*','*']","mobile","tm","tmqr",,"[PREMIUM]","[PREMIUM]","[]","2026-08-07 16:30:00","Houston Dynamo at New England Revolution (Rescheduled from 3/7/26)","mls","2026-08-08 20:30:00","538794ad21efd360b1000003"
"6a6ebddc5e2f291ff14753c7","2026-08-04 08:21:07.674","2026-08-04 08:21:07.674","6a6ebddc5e2f291ff14753c7","691fd011bdb56624d92e9130","[PREMIUM]","[PREMIUM]","[PREMIUM]","[PREMIUM]","[PREMIUM]","[1,2,3,4]","102","25","Lower Endline","['*','*','*','*']","mobile","tm","tmqr",,"[PREMIUM]","[PREMIUM]","[]","2026-08-07 16:30:00","Houston Dynamo at New England Revolution (Rescheduled from 3/7/26)","mls","2026-08-08 20:30:00","538794ad21efd360b1000003"
"6a6ea0407f212ab0f5cb83fa","2026-08-04 08:21:07.674","2026-08-06 14:50:27.342","6a6ea0407f212ab0f5cb83fa","691fd011bdb56624d92e9130","[PREMIUM]","[PREMIUM]","[PREMIUM]","[PREMIUM]","[PREMIUM]","[1,2,3]","123","6","Lower Endline","['*','*','*']","mobile","tm","tmqr",,"[PREMIUM]","[PREMIUM]","[]","2026-08-07 16:30:00","Houston Dynamo at New England Revolution (Rescheduled from 3/7/26)","mls","2026-08-08 20:30:00","538794ad21efd360b1000003"
"6a6ea03cce45fca628e9f3f3","2026-08-04 08:21:07.674","2026-08-04 08:21:07.674","6a6ea03cce45fca628e9f3f3","691fd011bdb56624d92e9130","[PREMIUM]","[PREMIUM]","[PREMIUM]","[PREMIUM]","[PREMIUM]","[1,2,3,4,5,6,7,8]","132","24","Lower Sideline","['*','*','*','*','*','*','*','*']","mobile","tm","tmqr",,"[PREMIUM]","[PREMIUM]","[]","2026-08-07 16:30:00","Houston Dynamo at New England Revolution (Rescheduled from 3/7/26)","mls","2026-08-08 20:30:00","538794ad21efd360b1000003"
"6a6ea03fc81c2d368599bfab","2026-08-04 08:21:07.674","2026-08-04 08:21:07.674","6a6ea03fc81c2d368599bfab","691fd011bdb56624d92e9130","[PREMIUM]","[PREMIUM]","[PREMIUM]","[PREMIUM]","[PREMIUM]","[1,2,3,4]","109","29","Lower Sideline","['*','*','*','*']","mobile","tm","tmqr",,"[PREMIUM]","[PREMIUM]","[]","2026-08-07 16:30:00","Houston Dynamo at New England Revolution (Rescheduled from 3/7/26)","mls","2026-08-08 20:30:00","538794ad21efd360b1000003"
"6a709eaa81a2c4897b17fe9d","2026-08-04 08:21:07.674","2026-08-04 08:21:07.674","6a709eaa81a2c4897b17fe9d","691fd011bdb56624d92e9130","[PREMIUM]","[PREMIUM]","[PREMIUM]","[PREMIUM]","[PREMIUM]","[1,2,3]","103","34","Lower Corner","['*','*','*']","mobile","tm","tmqr",,"[PREMIUM]","[PREMIUM]","[]","2026-08-07 00:00:00","Houston Dynamo at New England Revolution (Rescheduled from 3/7/26)","mls","2026-08-08 20:30:00","538794ad21efd360b1000003"
"6a708f8a28fdf5516745bb88","2026-08-04 08:21:07.674","2026-08-04 08:21:07.674","6a708f8a28fdf5516745bb88","691fd011bdb56624d92e9130","[PREMIUM]","[PREMIUM]","[PREMIUM]","[PREMIUM]","[PREMIUM]","[2]","108","20","Lower Sideline","['1','2']","mobile","tm","tmqr",,"[PREMIUM]","[PREMIUM]","[]","2026-08-07 00:00:00","Houston Dynamo at New England Revolution (Rescheduled from 3/7/26)","mls","2026-08-08 20:30:00","538794ad21efd360b1000003"
"6a70977eb2472dcce32febda","2026-08-04 08:21:07.674","2026-08-04 08:21:07.674","6a70977eb2472dcce32febda","691fd011bdb56624d92e9130","[PREMIUM]","[PREMIUM]","[PREMIUM]","[PREMIUM]","[PREMIUM]","[2]","132","16","Lower Sideline","['*','*']","mobile","tm","tmqr",,"[PREMIUM]","[PREMIUM]","[]","2026-08-07 00:00:00","Houston Dynamo at New England Revolution (Rescheduled from 3/7/26)","mls","2026-08-08 20:30:00","538794ad21efd360b1000003"
"6a70f0824ffcb056876f2b1a","2026-08-04 08:21:07.674","2026-08-04 08:21:07.674","6a70f0824ffcb056876f2b1a","691fd011bdb56624d92e9130","[PREMIUM]","[PREMIUM]","[PREMIUM]","[PREMIUM]","[PREMIUM]","[1,2,3,4,5,6]","135","20","Lower Sideline","['*','*','*','*','*','*']","mobile","tm","tmqr",,"[PREMIUM]","[PREMIUM]","[]","2026-08-07 16:30:00","Houston Dynamo at New England Revolution (Rescheduled from 3/7/26)","mls","2026-08-08 20:30:00","538794ad21efd360b1000003"
"6a70eecfb2472dcce3815904","2026-08-04 08:21:07.674","2026-08-04 08:21:07.674","6a70eecfb2472dcce3815904","691fd011bdb56624d92e9130","[PREMIUM]","[PREMIUM]","[PREMIUM]","[PREMIUM]","[PREMIUM]","[1,2,3,4]","107","21","Lower Sideline","['*','*','*','*']","mobile","tm","tmqr",,"[PREMIUM]","[PREMIUM]","[]","2026-08-07 00:00:00","Houston Dynamo at New England Revolution (Rescheduled from 3/7/26)","mls","2026-08-08 20:30:00","538794ad21efd360b1000003"
"6a70f364b2472dcce36beba2","2026-08-04 08:21:07.674","2026-08-06 14:50:27.342","6a70f364b2472dcce36beba2","691fd011bdb56624d92e9130","[PREMIUM]","[PREMIUM]","[PREMIUM]","[PREMIUM]","[PREMIUM]","[2,4]","114","16","Lower Corner","['3','4','5','6']","mobile","tm","tmqr",,"[PREMIUM]","[PREMIUM]","[]",,"Houston Dynamo at New England Revolution (Rescheduled from 3/7/26)","mls","2026-08-08 20:30:00","538794ad21efd360b1000003"
"6a7000a8b2472dcce3b6e952","2026-08-04 08:21:07.674","2026-08-04 08:21:07.674","6a7000a8b2472dcce3b6e952","691fd011bdb56624d92e9130","[PREMIUM]","[PREMIUM]","[PREMIUM]","[PREMIUM]","[PREMIUM]","[1,2,3,4,5,6,7,8]","131","23","Lower Sideline","['*','*','*','*','*','*','*','*']","mobile","tm","tmqr",,"[PREMIUM]","[PREMIUM]","[]","2026-08-07 00:00:00","Houston Dynamo at New England Revolution (Rescheduled from 3/7/26)","mls","2026-08-08 20:30:00","538794ad21efd360b1000003"
"6a15f4ae3828919bf0ee917b","2026-08-04 08:21:07.674","2026-08-07 18:17:06.001","6a15f4ae3828919bf0ee917b","691fd011bdb56624d92e9130","[PREMIUM]","[PREMIUM]","[PREMIUM]","[PREMIUM]","[PREMIUM]","[2]","135","13","Lower Sideline","['*','*']","mobile","tm","tmqr","amazing","[PREMIUM]","[PREMIUM]","[]",,"Houston Dynamo at New England Revolution (Rescheduled from 3/7/26)","mls","2026-08-08 20:30:00","538794ad21efd360b1000003"
"6a6ffd541a07635eabad9852","2026-08-04 08:21:07.674","2026-08-04 08:21:07.674","6a6ffd541a07635eabad9852","691fd011bdb56624d92e9130","[PREMIUM]","[PREMIUM]","[PREMIUM]","[PREMIUM]","[PREMIUM]","[2]","112","13","Lower Sideline","['*','*']","mobile","tm","tmqr",,"[PREMIUM]","[PREMIUM]","[]","2026-08-07 16:30:00","Houston Dynamo at New England Revolution (Rescheduled from 3/7/26)","mls","2026-08-08 20:30:00","538794ad21efd360b1000003"
"6a70ac7bd2c16f3df57550f2","2026-08-04 08:21:07.674","2026-08-04 08:21:07.674","6a70ac7bd2c16f3df57550f2","691fd011bdb56624d92e9130","[PREMIUM]","[PREMIUM]","[PREMIUM]","[PREMIUM]","[PREMIUM]","[1,2,3,4]","138","32","Lower Corner","['*','*','*','*']","mobile","tm","tmqr",,"[PREMIUM]","[PREMIUM]","[]","2026-08-07 16:30:00","Houston Dynamo at New England Revolution (Rescheduled from 3/7/26)","mls","2026-08-08 20:30:00","538794ad21efd360b1000003"
"6a70acb1b2472dcce34ced3a","2026-08-04 08:21:07.674","2026-08-04 08:21:07.674","6a70acb1b2472dcce34ced3a","691fd011bdb56624d92e9130","[PREMIUM]","[PREMIUM]","[PREMIUM]","[PREMIUM]","[PREMIUM]","[1,2,3,4,5,6,7,8]","136","19","Lower Sideline","['*','*','*','*','*','*','*','*']","mobile","tm","tmqr",,"[PREMIUM]","[PREMIUM]","[]","2026-08-07 00:00:00","Houston Dynamo at New England Revolution (Rescheduled from 3/7/26)","mls","2026-08-08 20:30:00","538794ad21efd360b1000003"
"6a70b2184eb98f2f04291794","2026-08-04 08:21:07.674","2026-08-04 08:21:07.674","6a70b2184eb98f2f04291794","691fd011bdb56624d92e9130","[PREMIUM]","[PREMIUM]","[PREMIUM]","[PREMIUM]","[PREMIUM]","[1,2,3]","113","13","Lower Sideline","['*','*','*']","mobile","tm","tmqr",,"[PREMIUM]","[PREMIUM]","[]","2026-08-07 16:30:00","Houston Dynamo at New England Revolution (Rescheduled from 3/7/26)","mls","2026-08-08 20:30:00","538794ad21efd360b1000003"
"6a6f452ec59f13fd33263dbe","2026-08-04 08:21:07.674","2026-08-04 08:21:07.674","6a6f452ec59f13fd33263dbe","691fd011bdb56624d92e9130","[PREMIUM]","[PREMIUM]","[PREMIUM]","[PREMIUM]","[PREMIUM]","[1,2,3,4,5,6,7,8,9,10]","C10","21","Club","['*','*','*','*','*','*','*','*','*','*']","mobile","tm","tmqr",,"[PREMIUM]","[PREMIUM]","[]","2026-08-07 00:00:00","Houston Dynamo at New England Revolution (Rescheduled from 3/7/26)","mls","2026-08-08 20:30:00","538794ad21efd360b1000003"
"6a67f7f8bf7a613e3f65e4ac","2026-08-04 08:21:07.674","2026-08-04 08:21:07.674","6a67f7f8bf7a613e3f65e4ac","691fd011bdb56624d92e9130","[PREMIUM]","[PREMIUM]","[PREMIUM]","[PREMIUM]","[PREMIUM]","[1,2,3]","114","10","Lower Corner","['*','*','*']","mobile","tm","tmqr",,"[PREMIUM]","[PREMIUM]","[]","2026-08-07 00:00:00","Houston Dynamo at New England Revolution (Rescheduled from 3/7/26)","mls","2026-08-08 20:30:00","538794ad21efd360b1000003"
"6a67f7f83ec58c651ea6898c","2026-08-04 08:21:07.674","2026-08-04 08:21:07.674","6a67f7f83ec58c651ea6898c","691fd011bdb56624d92e9130","[PREMIUM]","[PREMIUM]","[PREMIUM]","[PREMIUM]","[PREMIUM]","[1,2,3,4,5,6,7,8,9,10,11,12]","136","30","Lower Sideline","['*','*','*','*','*','*','*','*','*','*','*','*']","mobile","tm","tmqr",,"[PREMIUM]","[PREMIUM]","[]","2026-08-07 00:00:00","Houston Dynamo at New England Revolution (Rescheduled from 3/7/26)","mls","2026-08-08 20:30:00","538794ad21efd360b1000003"
"6a713e4bb2472dcce39c43cd","2026-08-04 08:21:07.674","2026-08-04 08:21:07.674","6a713e4bb2472dcce39c43cd","691fd011bdb56624d92e9130","[PREMIUM]","[PREMIUM]","[PREMIUM]","[PREMIUM]","[PREMIUM]","[1,2,3,4,5,6]","C7","5","Club","['*','*','*','*','*','*']","mobile","tm","tmqr",,"[PREMIUM]","[PREMIUM]","[]","2026-08-07 00:00:00","Houston Dynamo at New England Revolution (Rescheduled from 3/7/26)","mls","2026-08-08 20:30:00","538794ad21efd360b1000003"
"6a71352fb2472dcce30991e3","2026-08-04 08:21:07.674","2026-08-04 08:21:07.674","6a71352fb2472dcce30991e3","691fd011bdb56624d92e9130","[PREMIUM]","[PREMIUM]","[PREMIUM]","[PREMIUM]","[PREMIUM]","[1,2,3,4,5,6]","C8","14","Club","['*','*','*','*','*','*']","mobile","tm","tmqr",,"[PREMIUM]","[PREMIUM]","[]","2026-08-07 00:00:00","Houston Dynamo at New England Revolution (Rescheduled from 3/7/26)","mls","2026-08-08 20:30:00","538794ad21efd360b1000003"
"6a7113c9b2472dcce387285c","2026-08-04 08:21:07.674","2026-08-05 11:33:29.180","6a7113c9b2472dcce387285c","691fd011bdb56624d92e9130","[PREMIUM]","[PREMIUM]","[PREMIUM]","[PREMIUM]","[PREMIUM]","[1,2,3,4,5,6,7,8]","140","22","Lower Corner","['*','*','*','*','*','*','*','*']","mobile","tm","tmqr",,"[PREMIUM]","[PREMIUM]","[]","2026-08-07 00:00:00","Houston Dynamo at New England Revolution (Rescheduled from 3/7/26)","mls","2026-08-08 20:30:00","538794ad21efd360b1000003"
"6a7108da6d8d9e5c737b517b","2026-08-04 08:21:05.929","2026-08-06 14:50:25.305","6a7108da6d8d9e5c737b517b","691cfb12732367cd66e35f0b","[PREMIUM]","[PREMIUM]","[PREMIUM]","[PREMIUM]","[PREMIUM]","[1,2,3,4]","LBALCL","E","Balcony","['*','*','*','*']","mobile",,"tmqr","amazing","[PREMIUM]","[PREMIUM]","[]",,"Tig Notaro (Rescheduled from 3/14)","comedy","2026-10-04 00:00:00","68a4b3706ea41c3bc3beafca"
"6a71068b0425777a7420b3c1","2026-08-04 08:21:05.929","2026-08-06 14:50:25.305","6a71068b0425777a7420b3c1","691cfb12732367cd66e35f0b","[PREMIUM]","[PREMIUM]","[PREMIUM]","[PREMIUM]","[PREMIUM]","[1,2,3,4]","ORCHL","R","Orchestra","['*','*','*','*']","mobile",,"tmqr","amazing","[PREMIUM]","[PREMIUM]","[]",,"Tig Notaro (Rescheduled from 3/14)","comedy","2026-10-04 00:00:00","68a4b3706ea41c3bc3beafca"
"6a7101b50fc633ded362536a","2026-08-04 08:21:05.929","2026-08-06 14:50:25.305","6a7101b50fc633ded362536a","691cfb12732367cd66e35f0b","[PREMIUM]","[PREMIUM]","[PREMIUM]","[PREMIUM]","[PREMIUM]","[1,2,3,4]","ORCHL","M","Orchestra","['*','*','*','*']","mobile",,"tmqr",,"[PREMIUM]","[PREMIUM]","[]",,"Tig Notaro (Rescheduled from 3/14)","comedy","2026-10-04 00:00:00","68a4b3706ea41c3bc3beafca"
"6a711c9767cd480d3fd0bd91","2026-08-04 08:21:05.929","2026-08-06 14:50:25.305","6a711c9767cd480d3fd0bd91","691cfb12732367cd66e35f0b","[PREMIUM]","[PREMIUM]","[PREMIUM]","[PREMIUM]","[PREMIUM]","[1,2,3,4]","ORCHR","M","Orchestra","['*','*','*','*']","mobile",,"tmqr",,"[PREMIUM]","[PREMIUM]","[]","2026-10-01 00:00:00","Tig Notaro (Rescheduled from 3/14)","comedy","2026-10-04 00:00:00","68a4b3706ea41c3bc3beafca"
"6a7086c6f6ce16537bf85d2b","2026-08-04 08:21:05.929","2026-08-04 08:21:05.929","6a7086c6f6ce16537bf85d2b","691cfb12732367cd66e35f0b","[PREMIUM]","[PREMIUM]","[PREMIUM]","[PREMIUM]","[PREMIUM]","[1,2,3,4]","LBALCR","E","Balcony","['*','*','*','*']","mobile",,"tmqr","amazing","[PREMIUM]","[PREMIUM]","[]",,"Tig Notaro (Rescheduled from 3/14)","comedy","2026-10-04 00:00:00","68a4b3706ea41c3bc3beafca"
"6a710c947a343f2304b4effc","2026-08-04 08:21:05.929","2026-08-06 14:50:25.305","6a710c947a343f2304b4effc","691cfb12732367cd66e35f0b","[PREMIUM]","[PREMIUM]","[PREMIUM]","[PREMIUM]","[PREMIUM]","[1,2,3,4]","ORCHR","R","Orchestra","['*','*','*','*']","mobile",,"tmqr","amazing","[PREMIUM]","[PREMIUM]","[]",,"Tig Notaro (Rescheduled from 3/14)","comedy","2026-10-04 00:00:00","68a4b3706ea41c3bc3beafca"
"6a71131f7e3fd3db933bc7ca","2026-08-04 08:21:05.929","2026-08-06 14:50:25.305","6a71131f7e3fd3db933bc7ca","691cfb12732367cd66e35f0b","[PREMIUM]","[PREMIUM]","[PREMIUM]","[PREMIUM]","[PREMIUM]","[1,2,3,4]","UBALCR","M","Balcony","['*','*','*','*']","mobile",,"tmqr","amazing","[PREMIUM]","[PREMIUM]","[]",,"Tig Notaro (Rescheduled from 3/14)","comedy","2026-10-04 00:00:00","68a4b3706ea41c3bc3beafca"
"6a6dc477f7f4b44571ec2880","2026-08-04 08:21:05.918","2026-08-13 11:23:29.665","6a6dc477f7f4b44571ec2880","691cf951fd421c0b425dce21","[PREMIUM]","[PREMIUM]","[PREMIUM]","[PREMIUM]","[PREMIUM]","[1,2,3]","BALC6","P","Balcony","['*','*','*']","mobile","tm","tmqr","great","[PREMIUM]","[PREMIUM]","[]","2026-09-30 00:00:00","Tig Notaro (18+ Event) (Rescheduled from 3/13)","comedy","2026-10-01 23:00:00","5a133d738320f80012a6d19b"
"6a705d63c7f16f3c1cea46bc","2026-08-04 08:21:04.655","2026-08-06 14:50:24.081","6a705d63c7f16f3c1cea46bc","693751e4568b632a74e42d5b","[PREMIUM]","[PREMIUM]","[PREMIUM]","[PREMIUM]","[PREMIUM]","[1,2,3,4,6,8]","105","KK","Floor","['*','*','*','*','*','*','*','*']","mobile","tm","tmqr",,"[PREMIUM]","[PREMIUM]","[]","2026-08-27 00:00:00","Codiciado (Rescheduled from 2/26/26)","music","2026-08-29 01:00:00","60f2070f0d70d60001e77ca6"
"6a705232bafa182b3bfae65a","2026-08-04 08:21:04.655","2026-08-06 14:50:24.081","6a705232bafa182b3bfae65a","693751e4568b632a74e42d5b","[PREMIUM]","[PREMIUM]","[PREMIUM]","[PREMIUM]","[PREMIUM]","[1,2,3,4,6,8]","101","R","Floor","['*','*','*','*','*','*','*','*']","mobile","tm","tmqr","great","[PREMIUM]","[PREMIUM]","[]","2026-08-27 00:00:00","Codiciado (Rescheduled from 2/26/26)","music","2026-08-29 01:00:00","60f2070f0d70d60001e77ca6"
"6a704e99d2356d0c6dbf1485","2026-08-04 08:21:04.655","2026-08-06 14:50:24.081","6a704e99d2356d0c6dbf1485","693751e4568b632a74e42d5b","[PREMIUM]","[PREMIUM]","[PREMIUM]","[PREMIUM]","[PREMIUM]","[2]","106","AA","Floor","['*','*']","mobile","tm","tmqr","great","[PREMIUM]","[PREMIUM]","[]","2026-08-27 00:00:00","Codiciado (Rescheduled from 2/26/26)","music","2026-08-29 01:00:00","60f2070f0d70d60001e77ca6"
"6a704de69c99e401cad29b37","2026-08-04 08:21:04.655","2026-08-06 14:50:24.081","6a704de69c99e401cad29b37","693751e4568b632a74e42d5b","[PREMIUM]","[PREMIUM]","[PREMIUM]","[PREMIUM]","[PREMIUM]","[1,2,3,4,6,8]","201","B","Section","['*','*','*','*','*','*','*','*']","mobile","tm","tmqr","great","[PREMIUM]","[PREMIUM]","[]","2026-08-27 00:00:00","Codiciado (Rescheduled from 2/26/26)","music","2026-08-29 01:00:00","60f2070f0d70d60001e77ca6"
"6a704fcc9c99e401cad29c74","2026-08-04 08:21:04.655","2026-08-06 14:50:24.081","6a704fcc9c99e401cad29c74","693751e4568b632a74e42d5b","[PREMIUM]","[PREMIUM]","[PREMIUM]","[PREMIUM]","[PREMIUM]","[1,2,3,4,6,8]","105","BB","Floor","['*','*','*','*','*','*','*','*']","mobile","tm","tmqr","amazing","[PREMIUM]","[PREMIUM]","[]","2026-08-27 00:00:00","Codiciado (Rescheduled from 2/26/26)","music","2026-08-29 01:00:00","60f2070f0d70d60001e77ca6"
"6a70607962a6abbb7a5b5623","2026-08-04 08:21:04.655","2026-08-06 14:50:24.081","6a70607962a6abbb7a5b5623","693751e4568b632a74e42d5b","[PREMIUM]","[PREMIUM]","[PREMIUM]","[PREMIUM]","[PREMIUM]","[2]","102","J","Floor","['*','*']","mobile","tm","tmqr","great","[PREMIUM]","[PREMIUM]","[]","2026-08-27 00:00:00","Codiciado (Rescheduled from 2/26/26)","music","2026-08-29 01:00:00","60f2070f0d70d60001e77ca6"
"6a70639b55b9506130090ab4","2026-08-04 08:21:04.655","2026-08-06 14:50:24.081","6a70639b55b9506130090ab4","693751e4568b632a74e42d5b","[PREMIUM]","[PREMIUM]","[PREMIUM]","[PREMIUM]","[PREMIUM]","[1,2,3,5,7]","106","RR","Floor","['*','*','*','*','*','*','*']","mobile","tm","tmqr","great","[PREMIUM]","[PREMIUM]","[]","2026-08-27 00:00:00","Codiciado (Rescheduled from 2/26/26)","music","2026-08-29 01:00:00","60f2070f0d70d60001e77ca6"
"6a70646ae070d2d8c31d7362","2026-08-04 08:21:04.655","2026-08-06 14:50:24.081","6a70646ae070d2d8c31d7362","693751e4568b632a74e42d5b","[PREMIUM]","[PREMIUM]","[PREMIUM]","[PREMIUM]","[PREMIUM]","[1,2,3,4,6,8]","104","AA","Floor","['*','*','*','*','*','*','*','*']","mobile","tm","tmqr","amazing","[PREMIUM]","[PREMIUM]","[]","2026-08-27 00:00:00","Codiciado (Rescheduled from 2/26/26)","music","2026-08-29 01:00:00","60f2070f0d70d60001e77ca6"
"6a7064a242d262afd4287342","2026-08-04 08:21:04.655","2026-08-06 14:50:24.081","6a7064a242d262afd4287342","693751e4568b632a74e42d5b","[PREMIUM]","[PREMIUM]","[PREMIUM]","[PREMIUM]","[PREMIUM]","[1,2,3,4,6,8]","203","B","Section","['*','*','*','*','*','*','*','*']","mobile","tm","tmqr","great","[PREMIUM]","[PREMIUM]","[]","2026-08-27 00:00:00","Codiciado (Rescheduled from 2/26/26)","music","2026-08-29 01:00:00","60f2070f0d70d60001e77ca6"
"6a70641d6462f5aba572a5ca","2026-08-04 08:21:04.655","2026-08-06 14:50:24.081","6a70641d6462f5aba572a5ca","693751e4568b632a74e42d5b","[PREMIUM]","[PREMIUM]","[PREMIUM]","[PREMIUM]","[PREMIUM]","[1,2,3,4,6,8]","201","J","Section","['*','*','*','*','*','*','*','*']","mobile","tm","tmqr","amazing","[PREMIUM]","[PREMIUM]","[]","2026-08-27 00:00:00","Codiciado (Rescheduled from 2/26/26)","music","2026-08-29 01:00:00","60f2070f0d70d60001e77ca6"
"6a70693055b9506130090de6","2026-08-04 08:21:04.655","2026-08-06 14:50:24.081","6a70693055b9506130090de6","693751e4568b632a74e42d5b","[PREMIUM]","[PREMIUM]","[PREMIUM]","[PREMIUM]","[PREMIUM]","[1,2,3,4,6,8]","103","R","Floor","['*','*','*','*','*','*','*','*']","mobile","tm","tmqr","great","[PREMIUM]","[PREMIUM]","[]","2026-08-27 00:00:00","Codiciado (Rescheduled from 2/26/26)","music","2026-08-29 01:00:00","60f2070f0d70d60001e77ca6"
"6a70672642d262afd42874c7","2026-08-04 08:21:04.655","2026-08-06 14:50:24.081","6a70672642d262afd42874c7","693751e4568b632a74e42d5b","[PREMIUM]","[PREMIUM]","[PREMIUM]","[PREMIUM]","[PREMIUM]","[1,2,3,4,6,8]","203","J","Section","['*','*','*','*','*','*','*','*']","mobile","tm","tmqr",,"[PREMIUM]","[PREMIUM]","[]","2026-08-27 00:00:00","Codiciado (Rescheduled from 2/26/26)","music","2026-08-29 01:00:00","60f2070f0d70d60001e77ca6"
"6a7067cd3e89c3e3d2c928e3","2026-08-04 08:21:04.655","2026-08-06 14:50:24.081","6a7067cd3e89c3e3d2c928e3","693751e4568b632a74e42d5b","[PREMIUM]","[PREMIUM]","[PREMIUM]","[PREMIUM]","[PREMIUM]","[2]","202","C","Section","['*','*']","mobile","tm","tmqr","amazing","[PREMIUM]","[PREMIUM]","[]","2026-08-27 00:00:00","Codiciado (Rescheduled from 2/26/26)","music","2026-08-29 01:00:00","60f2070f0d70d60001e77ca6"
"6a70e70eb2472dcce3c521c9","2026-08-04 08:21:04.560","2026-08-04 08:21:04.560","6a70e70eb2472dcce3c521c9","693750ac3760ce8f17bd4124","[PREMIUM]","[PREMIUM]","[PREMIUM]","[PREMIUM]","[PREMIUM]","[1,2,3,4,5,6]","101","G","Floor","['*','*','*','*','*','*']","mobile","tm","tmqr",,"[PREMIUM]","[PREMIUM]","[]","2026-08-28 00:00:00","Codiciado (Rescheduled from 2/27/26)","music","2026-08-30 01:00:00","5989e9aa9da0d48c0d9efc2d"
"6a70e6f8b2472dcce3bf3fd8","2026-08-04 08:21:04.560","2026-08-07 18:17:02.506","6a70e6f8b2472dcce3bf3fd8","693750ac3760ce8f17bd4124","[PREMIUM]","[PREMIUM]","[PREMIUM]","[PREMIUM]","[PREMIUM]","[1,2,3,4,5,6,7,8]","102","F","Floor","['*','*','*','*','*','*','*','*']","mobile","tm","tmqr",,"[PREMIUM]","[PREMIUM]","[]","2026-08-28 00:00:00","Codiciado (Rescheduled from 2/27/26)","music","2026-08-30 01:00:00","5989e9aa9da0d48c0d9efc2d"
"6a705d013e89c3e3d2c920a3","2026-08-04 08:21:04.560","2026-08-05 11:33:26.110","6a705d013e89c3e3d2c920a3","693750ac3760ce8f17bd4124","[PREMIUM]","[PREMIUM]","[PREMIUM]","[PREMIUM]","[PREMIUM]","[1,2,3,4,6,8]","202","E","Lower","['*','*','*','*','*','*','*','*']","mobile","tm","tmqr",,"[PREMIUM]","[PREMIUM]","[]","2026-08-28 00:00:00","Codiciado (Rescheduled from 2/27/26)","music","2026-08-30 01:00:00","5989e9aa9da0d48c0d9efc2d"
"6a705cc8b95065cf8bb79bb5","2026-08-04 08:21:04.560","2026-08-06 14:50:24.085","6a705cc8b95065cf8bb79bb5","693750ac3760ce8f17bd4124","[PREMIUM]","[PREMIUM]","[PREMIUM]","[PREMIUM]","[PREMIUM]","[1,2,3,4,6,8]","102","Z","Floor","['*','*','*','*','*','*','*','*']","mobile","tm","tmqr","amazing","[PREMIUM]","[PREMIUM]","[]","2026-08-28 00:00:00","Codiciado (Rescheduled from 2/27/26)","music","2026-08-30 01:00:00","5989e9aa9da0d48c0d9efc2d"
"6a7055597874f7b7941654eb","2026-08-04 08:21:04.560","2026-08-06 14:50:24.085","6a7055597874f7b7941654eb","693750ac3760ce8f17bd4124","[PREMIUM]","[PREMIUM]","[PREMIUM]","[PREMIUM]","[PREMIUM]","[1,2,3,4,6,8]","101","Z","Floor","['*','*','*','*','*','*','*','*']","mobile","tm","tmqr","great","[PREMIUM]","[PREMIUM]","[]","2026-08-28 00:00:00","Codiciado (Rescheduled from 2/27/26)","music","2026-08-30 01:00:00","5989e9aa9da0d48c0d9efc2d"
"6a704f6fbb1ea3a7241e7437","2026-08-04 08:21:04.560","2026-08-05 11:33:26.110","6a704f6fbb1ea3a7241e7437","693750ac3760ce8f17bd4124","[PREMIUM]","[PREMIUM]","[PREMIUM]","[PREMIUM]","[PREMIUM]","[1,2,3,4,6,8]","200","E","Lower","['*','*','*','*','*','*','*','*']","mobile","tm","tmqr","great","[PREMIUM]","[PREMIUM]","[]","2026-08-28 00:00:00","Codiciado (Rescheduled from 2/27/26)","music","2026-08-30 01:00:00","5989e9aa9da0d48c0d9efc2d"
"6a7053a2fbe2b8bb3b7056db","2026-08-04 08:21:04.560","2026-08-06 14:50:24.085","6a7053a2fbe2b8bb3b7056db","693750ac3760ce8f17bd4124","[PREMIUM]","[PREMIUM]","[PREMIUM]","[PREMIUM]","[PREMIUM]","[1,2,3,4,6,8]","100","AA","Floor","['*','*','*','*','*','*','*','*']","mobile","tm","tmqr",,"[PREMIUM]","[PREMIUM]","[]","2026-08-28 00:00:00","Codiciado (Rescheduled from 2/27/26)","music","2026-08-30 01:00:00","5989e9aa9da0d48c0d9efc2d"
"6a704f1f62a6abbb7a5b4b06","2026-08-04 08:21:04.560","2026-08-06 14:50:24.085","6a704f1f62a6abbb7a5b4b06","693750ac3760ce8f17bd4124","[PREMIUM]","[PREMIUM]","[PREMIUM]","[PREMIUM]","[PREMIUM]","[1,2,3,4,6,8]","103","AA","Floor","['*','*','*','*','*','*','*','*']","mobile","tm","tmqr","great","[PREMIUM]","[PREMIUM]","[]","2026-08-28 00:00:00","Codiciado (Rescheduled from 2/27/26)","music","2026-08-30 01:00:00","5989e9aa9da0d48c0d9efc2d"
"6a705ffb73f12331b5c48c77","2026-08-04 08:21:04.560","2026-08-05 11:33:26.110","6a705ffb73f12331b5c48c77","693750ac3760ce8f17bd4124","[PREMIUM]","[PREMIUM]","[PREMIUM]","[PREMIUM]","[PREMIUM]","[1,2,3,4,6,8]","301","A","Upper","['*','*','*','*','*','*','*','*']","mobile","tm","tmqr","great","[PREMIUM]","[PREMIUM]","[]","2026-08-28 00:00:00","Codiciado (Rescheduled from 2/27/26)","music","2026-08-30 01:00:00","5989e9aa9da0d48c0d9efc2d"
"6a705fe21cd6c3ac91c47420","2026-08-04 08:21:04.560","2026-08-05 11:33:26.110","6a705fe21cd6c3ac91c47420","693750ac3760ce8f17bd4124","[PREMIUM]","[PREMIUM]","[PREMIUM]","[PREMIUM]","[PREMIUM]","[1,2,3,4,6,8]","302","A","Upper","['*','*','*','*','*','*','*','*']","mobile","tm","tmqr","great","[PREMIUM]","[PREMIUM]","[]","2026-08-28 00:00:00","Codiciado (Rescheduled from 2/27/26)","music","2026-08-30 01:00:00","5989e9aa9da0d48c0d9efc2d"
"6a70634f64c90e4c1e1d7561","2026-08-04 08:21:04.560","2026-08-06 14:50:24.085","6a70634f64c90e4c1e1d7561","693750ac3760ce8f17bd4124","[PREMIUM]","[PREMIUM]","[PREMIUM]","[PREMIUM]","[PREMIUM]","[2]","300","K","Upper","['*','*']","mobile","tm","tmqr","cheapest","[PREMIUM]","[PREMIUM]","[]","2026-08-28 00:00:00","Codiciado (Rescheduled from 2/27/26)","music","2026-08-30 01:00:00","5989e9aa9da0d48c0d9efc2d"
"6a70677dd2356d0c6dbf242c","2026-08-04 08:21:04.560","2026-08-06 14:50:24.085","6a70677dd2356d0c6dbf242c","693750ac3760ce8f17bd4124","[PREMIUM]","[PREMIUM]","[PREMIUM]","[PREMIUM]","[PREMIUM]","[2]","100","B","Floor","['*','*']","mobile","tm","tmqr",,"[PREMIUM]","[PREMIUM]","[]","2026-08-28 00:00:00","Codiciado (Rescheduled from 2/27/26)","music","2026-08-30 01:00:00","5989e9aa9da0d48c0d9efc2d"
"6a7068231355d96ecfc2a9c7","2026-08-04 08:21:04.560","2026-08-05 11:33:26.110","6a7068231355d96ecfc2a9c7","693750ac3760ce8f17bd4124","[PREMIUM]","[PREMIUM]","[PREMIUM]","[PREMIUM]","[PREMIUM]","[1,2,3,4,6,8]","200","A","Lower","['*','*','*','*','*','*','*','*']","mobile","tm","tmqr","amazing","[PREMIUM]","[PREMIUM]","[]","2026-08-28 00:00:00","Codiciado (Rescheduled from 2/27/26)","music","2026-08-30 01:00:00","5989e9aa9da0d48c0d9efc2d"
"6a706954f522532f3ab08919","2026-08-04 08:21:04.560","2026-08-05 11:33:26.110","6a706954f522532f3ab08919","693750ac3760ce8f17bd4124","[PREMIUM]","[PREMIUM]","[PREMIUM]","[PREMIUM]","[PREMIUM]","[1,2,3,4,6,8]","202","A","Lower","['*','*','*','*','*','*','*','*']","mobile","tm","tmqr","amazing","[PREMIUM]","[PREMIUM]","[]","2026-08-28 00:00:00","Codiciado (Rescheduled from 2/27/26)","music","2026-08-30 01:00:00","5989e9aa9da0d48c0d9efc2d"
"6a7108ee15a3612b0d3235b2","2026-08-04 08:21:04.350","2026-08-06 14:50:23.835","6a7108ee15a3612b0d3235b2","68ed9e029d9d4fff6119c35d","[PREMIUM]","[PREMIUM]","[PREMIUM]","[PREMIUM]","[PREMIUM]","[1,2,3,4]","FLR A","R",,"['*','*','*','*']","mobile",,"tmqr",,"[PREMIUM]","[PREMIUM]","[]",,"Hadestown (Rescheduled from 3/16)","theater","2026-10-20 00:30:00","67ae8de3e57fa7b9f94f12df"
"6a71093918c34cc26fcf8a4d","2026-08-04 08:21:04.350","2026-08-06 14:50:23.835","6a71093918c34cc26fcf8a4d","68ed9e029d9d4fff6119c35d","[PREMIUM]","[PREMIUM]","[PREMIUM]","[PREMIUM]","[PREMIUM]","[1,2,3,4]","FLR C","W",,"['*','*','*','*']","mobile",,"tmqr",,"[PREMIUM]","[PREMIUM]","[]",,"Hadestown (Rescheduled from 3/16)","theater","2026-10-20 00:30:00","67ae8de3e57fa7b9f94f12df"
"6a7066996d935ab0b55557b5","2026-08-04 08:21:04.350","2026-08-06 14:50:23.835","6a7066996d935ab0b55557b5","68ed9e029d9d4fff6119c35d","[PREMIUM]","[PREMIUM]","[PREMIUM]","[PREMIUM]","[PREMIUM]","[1,2,3,4]","FLR A","W",,"['*','*','*','*']","mobile",,"tmqr",,"[PREMIUM]","[PREMIUM]","[]",,"Hadestown (Rescheduled from 3/16)","theater","2026-10-20 00:30:00","67ae8de3e57fa7b9f94f12df"
"6a7117c5d2780b7ecae2878f","2026-08-04 08:21:04.350","2026-08-06 14:50:23.835","6a7117c5d2780b7ecae2878f","68ed9e029d9d4fff6119c35d","[PREMIUM]","[PREMIUM]","[PREMIUM]","[PREMIUM]","[PREMIUM]","[1,2,3,4]","BALC B","M",,"['*','*','*','*']","mobile",,"tmqr",,"[PREMIUM]","[PREMIUM]","[]",,"Hadestown (Rescheduled from 3/16)","theater","2026-10-20 00:30:00","67ae8de3e57fa7b9f94f12df"
"6a711604959d92e4a7e57172","2026-08-04 08:21:04.350","2026-08-06 14:50:23.835","6a711604959d92e4a7e57172","68ed9e029d9d4fff6119c35d","[PREMIUM]","[PREMIUM]","[PREMIUM]","[PREMIUM]","[PREMIUM]","[1,2,3,4]","FLR B","R",,"['*','*','*','*']","mobile",,"tmqr",,"[PREMIUM]","[PREMIUM]","[]",,"Hadestown (Rescheduled from 3/16)","theater","2026-10-20 00:30:00","67ae8de3e57fa7b9f94f12df"
"6a7087ecd2356d0c6dbf4797","2026-08-04 08:21:04.350","2026-08-04 08:21:04.350","6a7087ecd2356d0c6dbf4797","68ed9e029d9d4fff6119c35d","[PREMIUM]","[PREMIUM]","[PREMIUM]","[PREMIUM]","[PREMIUM]","[1,2,3,4]","FLR B","L",,"['*','*','*','*']","mobile",,"tmqr",,"[PREMIUM]","[PREMIUM]","[]",,"Hadestown (Rescheduled from 3/16)","theater","2026-10-20 00:30:00","67ae8de3e57fa7b9f94f12df"
"6a7084c61fc6a3da91322c36","2026-08-04 08:21:04.350","2026-08-04 08:21:04.350","6a7084c61fc6a3da91322c36","68ed9e029d9d4fff6119c35d","[PREMIUM]","[PREMIUM]","[PREMIUM]","[PREMIUM]","[PREMIUM]","[1,2,3,4]","FLR A","L",,"['*','*','*','*']","mobile",,"tmqr",,"[PREMIUM]","[PREMIUM]","[]",,"Hadestown (Rescheduled from 3/16)","theater","2026-10-20 00:30:00","67ae8de3e57fa7b9f94f12df"
"6a7085f36d935ab0b5557971","2026-08-04 08:21:04.350","2026-08-04 08:21:04.350","6a7085f36d935ab0b5557971","68ed9e029d9d4fff6119c35d","[PREMIUM]","[PREMIUM]","[PREMIUM]","[PREMIUM]","[PREMIUM]","[1,2,3,4]","FLR B","CC",,"['*','*','*','*']","mobile",,"tmqr",,"[PREMIUM]","[PREMIUM]","[]",,"Hadestown (Rescheduled from 3/16)","theater","2026-10-20 00:30:00","67ae8de3e57fa7b9f94f12df"
"6a710fe2347132bdce7054fb","2026-08-04 08:21:04.350","2026-08-06 14:50:23.835","6a710fe2347132bdce7054fb","68ed9e029d9d4fff6119c35d","[PREMIUM]","[PREMIUM]","[PREMIUM]","[PREMIUM]","[PREMIUM]","[1,2,3,4]","BALC A","M",,"['*','*','*','*']","mobile",,"tmqr",,"[PREMIUM]","[PREMIUM]","[]",,"Hadestown (Rescheduled from 3/16)","theater","2026-10-20 00:30:00","67ae8de3e57fa7b9f94f12df"
"6a710b3cd656c90f1141cca4","2026-08-04 08:21:04.350","2026-08-06 14:50:23.835","6a710b3cd656c90f1141cca4","68ed9e029d9d4fff6119c35d","[PREMIUM]","[PREMIUM]","[PREMIUM]","[PREMIUM]","[PREMIUM]","[1,2,3,4]","FLR C","L",,"['*','*','*','*']","mobile",,"tmqr",,"[PREMIUM]","[PREMIUM]","[]",,"Hadestown (Rescheduled from 3/16)","theater","2026-10-20 00:30:00","67ae8de3e57fa7b9f94f12df"
"6a7113421d04e1a398a2b01b","2026-08-04 08:21:04.350","2026-08-06 14:50:23.835","6a7113421d04e1a398a2b01b","68ed9e029d9d4fff6119c35d","[PREMIUM]","[PREMIUM]","[PREMIUM]","[PREMIUM]","[PREMIUM]","[1,2,3,4]","FLR C","R",,"['*','*','*','*']","mobile",,"tmqr",,"[PREMIUM]","[PREMIUM]","[]",,"Hadestown (Rescheduled from 3/16)","theater","2026-10-20 00:30:00","67ae8de3e57fa7b9f94f12df"
"6a70fb0c9950bcf1e4dfa55f","2026-08-04 08:21:04.350","2026-08-06 14:50:23.835","6a70fb0c9950bcf1e4dfa55f","68ed9e029d9d4fff6119c35d","[PREMIUM]","[PREMIUM]","[PREMIUM]","[PREMIUM]","[PREMIUM]","[1,2,3,4]","FLR B","W",,"['*','*','*','*']","mobile",,"tmqr",,"[PREMIUM]","[PREMIUM]","[]",,"Hadestown (Rescheduled from 3/16)","theater","2026-10-20 00:30:00","67ae8de3e57fa7b9f94f12df"
"6a7108ef9d7fc940aebfa1dc","2026-08-04 08:21:04.333","2026-08-04 08:21:04.333","6a7108ef9d7fc940aebfa1dc","691cdb04bb6cdd2db1fc6c75","[PREMIUM]","[PREMIUM]","[PREMIUM]","[PREMIUM]","[PREMIUM]","[1,2,3,4]","BALCL","KK","Balcony","['*','*','*','*']","mobile","tm","tmqr","amazing","[PREMIUM]","[PREMIUM]","[]",,"Tig Notaro (Rescheduled from 3/15)","comedy","2026-10-04 23:30:00","61afe3b1f758120001898102"
"6a711af83707da72c1623a8d","2026-08-04 08:21:04.333","2026-08-06 14:50:25.340","6a711af83707da72c1623a8d","691cdb04bb6cdd2db1fc6c75","[PREMIUM]","[PREMIUM]","[PREMIUM]","[PREMIUM]","[PREMIUM]","[1,2,3,4]","BALCR","KK","Balcony","['*','*','*','*']","mobile","tm","tmqr",,"[PREMIUM]","[PREMIUM]","[]",,"Tig Notaro (Rescheduled from 3/15)","comedy","2026-10-04 23:30:00","61afe3b1f758120001898102"
"6a70cc68571c69ee832a97a1","2026-08-04 08:21:03.042","2026-08-06 14:50:22.672","6a70cc68571c69ee832a97a1","6937519f568b632a74e42cff","[PREMIUM]","[PREMIUM]","[PREMIUM]","[PREMIUM]","[PREMIUM]","[1,2,3,4,5,6,7,8]","107","HH","Main Floor","['*','*','*','*','*','*','*','*']","mobile","tm","tmqr","great","[PREMIUM]","[PREMIUM]","[]","2026-10-08 00:00:00","Codiciado (Rescheduled from 3/14/26)","music","2026-10-10 01:00:00","578ff79bf80c413be08cd602"
"6a70cc686462f5aba5730e41","2026-08-04 08:21:03.042","2026-08-06 14:50:22.672","6a70cc686462f5aba5730e41","6937519f568b632a74e42cff","[PREMIUM]","[PREMIUM]","[PREMIUM]","[PREMIUM]","[PREMIUM]","[1,2,3,4,5,6,7,8]","106","HH","Main Floor","['*','*','*','*','*','*','*','*']","mobile","tm","tmqr","great","[PREMIUM]","[PREMIUM]","[]","2026-10-08 00:00:00","Codiciado (Rescheduled from 3/14/26)","music","2026-10-10 01:00:00","578ff79bf80c413be08cd602"
"6a70cc694212fda9065a0c33","2026-08-04 08:21:03.042","2026-08-06 14:50:22.672","6a70cc694212fda9065a0c33","6937519f568b632a74e42cff","[PREMIUM]","[PREMIUM]","[PREMIUM]","[PREMIUM]","[PREMIUM]","[1,2,3,4,5,6,7,8]","112","HH","Main Floor","['*','*','*','*','*','*','*','*']","mobile","tm","tmqr","great","[PREMIUM]","[PREMIUM]","[]","2026-10-08 00:00:00","Codiciado (Rescheduled from 3/14/26)","music","2026-10-10 01:00:00","578ff79bf80c413be08cd602"
"6a70cc69539bc24e449db544","2026-08-04 08:21:03.042","2026-08-06 14:50:22.672","6a70cc69539bc24e449db544","6937519f568b632a74e42cff","[PREMIUM]","[PREMIUM]","[PREMIUM]","[PREMIUM]","[PREMIUM]","[1,2,3,4,5,6,7,8]","111","HH","Main Floor","['*','*','*','*','*','*','*','*']","mobile","tm","tmqr","great","[PREMIUM]","[PREMIUM]","[]","2026-10-08 00:00:00","Codiciado (Rescheduled from 3/14/26)","music","2026-10-10 01:00:00","578ff79bf80c413be08cd602"
"6a7106909b7b86f5c13584f2","2026-08-04 08:21:03.042","2026-08-06 14:50:22.672","6a7106909b7b86f5c13584f2","6937519f568b632a74e42cff","[PREMIUM]","[PREMIUM]","[PREMIUM]","[PREMIUM]","[PREMIUM]","[1,2,3,4]","101","H","Main Floor","['*','*','*','*']","mobile","tm","tmqr",,"[PREMIUM]","[PREMIUM]","[]",,"Codiciado (Rescheduled from 3/14/26)","music","2026-10-10 01:00:00","578ff79bf80c413be08cd602"
"6a7104969950bcf1e4dfb62e","2026-08-04 08:21:03.042","2026-08-06 14:50:22.672","6a7104969950bcf1e4dfb62e","6937519f568b632a74e42cff","[PREMIUM]","[PREMIUM]","[PREMIUM]","[PREMIUM]","[PREMIUM]","[1,2,3,4]","108","AA","Main Floor","['*','*','*','*']","mobile","tm","tmqr",,"[PREMIUM]","[PREMIUM]","[]","2026-10-07 00:00:00","Codiciado (Rescheduled from 3/14/26)","music","2026-10-10 01:00:00","578ff79bf80c413be08cd602"
"6a70cc6c3e89c3e3d2c98f98","2026-08-04 08:21:03.042","2026-08-08 21:34:15.206","6a70cc6c3e89c3e3d2c98f98","6937519f568b632a74e42cff","[PREMIUM]","[PREMIUM]","[PREMIUM]","[PREMIUM]","[PREMIUM]","[1,2,3,4,5,6,7,8]","210","F","Balcony","['*','*','*','*','*','*','*','*']","mobile","tm","tmqr",,"[PREMIUM]","[PREMIUM]","[]","2026-10-08 00:00:00","Codiciado (Rescheduled from 3/14/26)","music","2026-10-10 01:00:00","578ff79bf80c413be08cd602"
"6a70cc6ad2c16f3df57573dc","2026-08-04 08:21:03.042","2026-08-08 21:34:15.206","6a70cc6ad2c16f3df57573dc","6937519f568b632a74e42cff","[PREMIUM]","[PREMIUM]","[PREMIUM]","[PREMIUM]","[PREMIUM]","[1,2,3,4,5,6,7,8]","203","S","Balcony","['*','*','*','*','*','*','*','*']","mobile","tm","tmqr","amazing","[PREMIUM]","[PREMIUM]","[]","2026-10-08 00:00:00","Codiciado (Rescheduled from 3/14/26)","music","2026-10-10 01:00:00","578ff79bf80c413be08cd602"
"6a70cc69fea8ecf6d37b0f8a","2026-08-04 08:21:03.042","2026-08-08 21:34:15.206","6a70cc69fea8ecf6d37b0f8a","6937519f568b632a74e42cff","[PREMIUM]","[PREMIUM]","[PREMIUM]","[PREMIUM]","[PREMIUM]","[1,2,3,4,5,6,7,8]","202","F","Balcony","['*','*','*','*','*','*','*','*']","mobile","tm","tmqr",,"[PREMIUM]","[PREMIUM]","[]","2026-10-08 00:00:00","Codiciado (Rescheduled from 3/14/26)","music","2026-10-10 01:00:00","578ff79bf80c413be08cd602"
"6a70cc6a016f3f509b5dfd8d","2026-08-04 08:21:03.042","2026-08-08 21:34:15.206","6a70cc6a016f3f509b5dfd8d","6937519f568b632a74e42cff","[PREMIUM]","[PREMIUM]","[PREMIUM]","[PREMIUM]","[PREMIUM]","[1,2,3,4,5,6,7,8]","205","S","Balcony","['*','*','*','*','*','*','*','*']","mobile","tm","tmqr","amazing","[PREMIUM]","[PREMIUM]","[]","2026-10-08 00:00:00","Codiciado (Rescheduled from 3/14/26)","music","2026-10-10 01:00:00","578ff79bf80c413be08cd602"
"6a70cc6b016f3f509b5dfd8e","2026-08-04 08:21:03.042","2026-08-08 21:34:15.206","6a70cc6b016f3f509b5dfd8e","6937519f568b632a74e42cff","[PREMIUM]","[PREMIUM]","[PREMIUM]","[PREMIUM]","[PREMIUM]","[1,2,3,4,5,6,7,8]","206","S","Balcony","['*','*','*','*','*','*','*','*']","mobile","tm","tmqr","great","[PREMIUM]","[PREMIUM]","[]","2026-10-08 00:00:00","Codiciado (Rescheduled from 3/14/26)","music","2026-10-10 01:00:00","578ff79bf80c413be08cd602"
"6a70cc6a55b9506130097374","2026-08-04 08:21:03.042","2026-08-08 21:34:15.206","6a70cc6a55b9506130097374","6937519f568b632a74e42cff","[PREMIUM]","[PREMIUM]","[PREMIUM]","[PREMIUM]","[PREMIUM]","[1,2,3,4,5,6,7,8]","204","S","Balcony","['*','*','*','*','*','*','*','*']","mobile","tm","tmqr","great","[PREMIUM]","[PREMIUM]","[]","2026-10-08 00:00:00","Codiciado (Rescheduled from 3/14/26)","music","2026-10-10 01:00:00","578ff79bf80c413be08cd602"
"6a70cc6948fd34353da7d219","2026-08-04 08:21:03.042","2026-08-08 21:34:15.206","6a70cc6948fd34353da7d219","6937519f568b632a74e42cff","[PREMIUM]","[PREMIUM]","[PREMIUM]","[PREMIUM]","[PREMIUM]","[1,2,3,4,5,6,7,8]","201","F","Balcony","['*','*','*','*','*','*','*','*']","mobile","tm","tmqr",,"[PREMIUM]","[PREMIUM]","[]","2026-10-08 00:00:00","Codiciado (Rescheduled from 3/14/26)","music","2026-10-10 01:00:00","578ff79bf80c413be08cd602"
"6a70cc6bfea8ecf6d37b0f8d","2026-08-04 08:21:03.042","2026-08-08 21:34:15.206","6a70cc6bfea8ecf6d37b0f8d","6937519f568b632a74e42cff","[PREMIUM]","[PREMIUM]","[PREMIUM]","[PREMIUM]","[PREMIUM]","[1,2,3,4,5,6,7,8]","207","S","Balcony","['*','*','*','*','*','*','*','*']","mobile","tm","tmqr","amazing","[PREMIUM]","[PREMIUM]","[]","2026-10-08 00:00:00","Codiciado (Rescheduled from 3/14/26)","music","2026-10-10 01:00:00","578ff79bf80c413be08cd602"
"6a70cc6c055f1b7edf3dc665","2026-08-04 08:21:03.042","2026-08-08 21:34:15.206","6a70cc6c055f1b7edf3dc665","6937519f568b632a74e42cff","[PREMIUM]","[PREMIUM]","[PREMIUM]","[PREMIUM]","[PREMIUM]","[1,2,3,4,5,6,7,8]","208","S","Balcony","['*','*','*','*','*','*','*','*']","mobile","tm","tmqr","great","[PREMIUM]","[PREMIUM]","[]","2026-10-08 00:00:00","Codiciado (Rescheduled from 3/14/26)","music","2026-10-10 01:00:00","578ff79bf80c413be08cd602"
"6a70cc6b43a885df9f213c3f","2026-08-04 08:21:03.042","2026-08-08 21:34:15.206","6a70cc6b43a885df9f213c3f","6937519f568b632a74e42cff","[PREMIUM]","[PREMIUM]","[PREMIUM]","[PREMIUM]","[PREMIUM]","[1,2,3,4,5,6,7,8]","209","S","Balcony","['*','*','*','*','*','*','*','*']","mobile","tm","tmqr","amazing","[PREMIUM]","[PREMIUM]","[]","2026-10-08 00:00:00","Codiciado (Rescheduled from 3/14/26)","music","2026-10-10 01:00:00","578ff79bf80c413be08cd602"
"6a70cc6bb150ccc4e68163fe","2026-08-04 08:21:03.042","2026-08-08 21:34:15.206","6a70cc6bb150ccc4e68163fe","6937519f568b632a74e42cff","[PREMIUM]","[PREMIUM]","[PREMIUM]","[PREMIUM]","[PREMIUM]","[1,2,3,4,5,6,7,8]","209","F","Balcony","['*','*','*','*','*','*','*','*']","mobile","tm","tmqr",,"[PREMIUM]","[PREMIUM]","[]","2026-10-08 00:00:00","Codiciado (Rescheduled from 3/14/26)","music","2026-10-10 01:00:00","578ff79bf80c413be08cd602"
"6a70cc6b6462f5aba5730e46","2026-08-04 08:21:03.042","2026-08-08 21:34:15.206","6a70cc6b6462f5aba5730e46","6937519f568b632a74e42cff","[PREMIUM]","[PREMIUM]","[PREMIUM]","[PREMIUM]","[PREMIUM]","[1,2,3,4]","208","F","Balcony","['*','*','*','*']","mobile","tm","tmqr",,"[PREMIUM]","[PREMIUM]","[]","2026-10-08 00:00:00","Codiciado (Rescheduled from 3/14/26)","music","2026-10-10 01:00:00","578ff79bf80c413be08cd602"
"6a70cc6907dc9fd3b2cde3c6","2026-08-04 08:21:03.042","2026-08-08 21:34:15.206","6a70cc6907dc9fd3b2cde3c6","6937519f568b632a74e42cff","[PREMIUM]","[PREMIUM]","[PREMIUM]","[PREMIUM]","[PREMIUM]","[1,2,3,4,5,6,7,8]","111","V","Main Floor","['*','*','*','*','*','*','*','*']","mobile","tm","tmqr",,"[PREMIUM]","[PREMIUM]","[]","2026-10-08 00:00:00","Codiciado (Rescheduled from 3/14/26)","music","2026-10-10 01:00:00","578ff79bf80c413be08cd602"
"6a711b4367cd480d3fd0bb21","2026-08-04 08:21:03.042","2026-08-06 14:50:22.672","6a711b4367cd480d3fd0bb21","6937519f568b632a74e42cff","[PREMIUM]","[PREMIUM]","[PREMIUM]","[PREMIUM]","[PREMIUM]","[1,2,3,4]","110","T","Main Floor","['*','*','*','*']","mobile","tm","tmqr",,"[PREMIUM]","[PREMIUM]","[]",,"Codiciado (Rescheduled from 3/14/26)","music","2026-10-10 01:00:00","578ff79bf80c413be08cd602"
"6a711a2b1d04e1a398a2bbae","2026-08-04 08:21:03.042","2026-08-06 14:50:22.672","6a711a2b1d04e1a398a2bbae","6937519f568b632a74e42cff","[PREMIUM]","[PREMIUM]","[PREMIUM]","[PREMIUM]","[PREMIUM]","[1,2,3,4]","106","T","Main Floor","['*','*','*','*']","mobile","tm","tmqr",,"[PREMIUM]","[PREMIUM]","[]",,"Codiciado (Rescheduled from 3/14/26)","music","2026-10-10 01:00:00","578ff79bf80c413be08cd602"
"6a70871749e7c2047e74fa81","2026-08-04 08:21:03.042","2026-08-04 08:21:03.042","6a70871749e7c2047e74fa81","6937519f568b632a74e42cff","[PREMIUM]","[PREMIUM]","[PREMIUM]","[PREMIUM]","[PREMIUM]","[1,2,3,4]","106","AA","Main Floor","['*','*','*','*']","mobile","tm","tmqr",,"[PREMIUM]","[PREMIUM]","[]","2026-10-07 00:00:00","Codiciado (Rescheduled from 3/14/26)","music","2026-10-10 01:00:00","578ff79bf80c413be08cd602"
"6a7112c3b300f44abc265918","2026-08-04 08:21:03.042","2026-08-06 14:50:22.672","6a7112c3b300f44abc265918","6937519f568b632a74e42cff","[PREMIUM]","[PREMIUM]","[PREMIUM]","[PREMIUM]","[PREMIUM]","[1,2,3,4]","112","AA","Main Floor","['*','*','*','*']","mobile","tm","tmqr",,"[PREMIUM]","[PREMIUM]","[]","2026-10-07 00:00:00","Codiciado (Rescheduled from 3/14/26)","music","2026-10-10 01:00:00","578ff79bf80c413be08cd602"
"6a71005415a3612b0d322504","2026-08-04 08:21:03.042","2026-08-06 14:50:22.672","6a71005415a3612b0d322504","6937519f568b632a74e42cff","[PREMIUM]","[PREMIUM]","[PREMIUM]","[PREMIUM]","[PREMIUM]","[1,2,3,4]","104","H","Main Floor","['*','*','*','*']","mobile","tm","tmqr",,"[PREMIUM]","[PREMIUM]","[]",,"Codiciado (Rescheduled from 3/14/26)","music","2026-10-10 01:00:00","578ff79bf80c413be08cd602"
"6a70fd8f7e3fd3db933ba4a8","2026-08-04 08:21:03.042","2026-08-06 14:50:22.672","6a70fd8f7e3fd3db933ba4a8","6937519f568b632a74e42cff","[PREMIUM]","[PREMIUM]","[PREMIUM]","[PREMIUM]","[PREMIUM]","[1,2,3,4]","110","AA","Main Floor","['*','*','*','*']","mobile","tm","tmqr",,"[PREMIUM]","[PREMIUM]","[]","2026-10-07 00:00:00","Codiciado (Rescheduled from 3/14/26)","music","2026-10-10 01:00:00","578ff79bf80c413be08cd602"
"6a70ff3c959d92e4a7e54b0a","2026-08-04 08:21:03.042","2026-08-06 14:50:22.672","6a70ff3c959d92e4a7e54b0a","6937519f568b632a74e42cff","[PREMIUM]","[PREMIUM]","[PREMIUM]","[PREMIUM]","[PREMIUM]","[1,2,3,4]","107","T","Main Floor","['*','*','*','*']","mobile","tm","tmqr",,"[PREMIUM]","[PREMIUM]","[]",,"Codiciado (Rescheduled from 3/14/26)","music","2026-10-10 01:00:00","578ff79bf80c413be08cd602"
"6a62fc1ef1eb866f716e8ed0","2026-08-04 08:21:02.980","2026-08-06 14:50:24.072","6a62fc1ef1eb866f716e8ed0","693750cbc7267e811be6350b","[PREMIUM]","[PREMIUM]","[PREMIUM]","[PREMIUM]","[PREMIUM]","[1,2,3,4]","5","7","Main Floor","['*','*','*','*']","mobile",,"tmqr",,"[PREMIUM]","[PREMIUM]","[]","2026-09-25 00:00:00","Codiciado (Rescheduled from 3/7/26)","music","2026-09-27 03:00:00","576c59aaf80c4132af45d05c"
"6a4f0f16d1fcbdaeb8979733","2026-08-04 08:21:02.980","2026-08-04 08:21:02.980","6a4f0f16d1fcbdaeb8979733","693750cbc7267e811be6350b","[PREMIUM]","[PREMIUM]","[PREMIUM]","[PREMIUM]","[PREMIUM]","[2]","5","11","Main Floor","['*','*']","mobile",,"tmqr",,"[PREMIUM]","[PREMIUM]","[]","2026-09-25 00:00:00","Codiciado (Rescheduled from 3/7/26)","music","2026-09-27 03:00:00","576c59aaf80c4132af45d05c"
"6a7144ecb2472dcce3b4b8da","2026-08-04 08:21:02.809","2026-08-05 11:33:26.027","6a7144ecb2472dcce3b4b8da","69375219cd07d4e1c49cc94f","[PREMIUM]","[PREMIUM]","[PREMIUM]","[PREMIUM]","[PREMIUM]","[1,2,3,4,5,6,7,8,9,10]","Section 201","A",,"['*','*','*','*','*','*','*','*','*','*']","electronic",,"tmqr",,"[PREMIUM]","[PREMIUM]","['over_21']","2026-09-16 00:00:00","Patti LaBelle (Rescheduled from 3/7)","music","2026-09-18 01:00:00","65eb991764726aa81a21f6e9"
"6a7144dab2472dcce3b1a7b1","2026-08-04 08:21:02.809","2026-08-05 11:33:26.027","6a7144dab2472dcce3b1a7b1","69375219cd07d4e1c49cc94f","[PREMIUM]","[PREMIUM]","[PREMIUM]","[PREMIUM]","[PREMIUM]","[1,2,3,4,5,6,7,8,9,10]","Section 103","H",,"['*','*','*','*','*','*','*','*','*','*']","electronic",,"tmqr",,"[PREMIUM]","[PREMIUM]","['over_21']","2026-09-16 00:00:00","Patti LaBelle (Rescheduled from 3/7)","music","2026-09-18 01:00:00","65eb991764726aa81a21f6e9"
"6a7144d7b2472dcce3b143bc","2026-08-04 08:21:02.809","2026-08-05 11:33:26.027","6a7144d7b2472dcce3b143bc","69375219cd07d4e1c49cc94f","[PREMIUM]","[PREMIUM]","[PREMIUM]","[PREMIUM]","[PREMIUM]","[1,2,3,4,5,6,7,8,9,10]","Section 101","G",,"['*','*','*','*','*','*','*','*','*','*']","electronic",,"tmqr",,"[PREMIUM]","[PREMIUM]","['over_21']","2026-09-16 00:00:00","Patti LaBelle (Rescheduled from 3/7)","music","2026-09-18 01:00:00","65eb991764726aa81a21f6e9"
"6a7144c3b2472dcce3ae7009","2026-08-04 08:21:02.809","2026-08-05 11:33:26.027","6a7144c3b2472dcce3ae7009","69375219cd07d4e1c49cc94f","[PREMIUM]","[PREMIUM]","[PREMIUM]","[PREMIUM]","[PREMIUM]","[1,2,3,4,5,6,7,8,9,10]","Section 203","C",,"['*','*','*','*','*','*','*','*','*','*']","electronic",,"tmqr",,"[PREMIUM]","[PREMIUM]","['over_21']","2026-09-16 00:00:00","Patti LaBelle (Rescheduled from 3/7)","music","2026-09-18 01:00:00","65eb991764726aa81a21f6e9"
"6a7144e3b2472dcce3b3063e","2026-08-04 08:21:02.809","2026-08-05 11:33:26.027","6a7144e3b2472dcce3b3063e","69375219cd07d4e1c49cc94f","[PREMIUM]","[PREMIUM]","[PREMIUM]","[PREMIUM]","[PREMIUM]","[1,2,3,4,5,6,7,8,9,10]","Section 203","B",,"['*','*','*','*','*','*','*','*','*','*']","electronic",,"tmqr",,"[PREMIUM]","[PREMIUM]","['over_21']","2026-09-16 00:00:00","Patti LaBelle (Rescheduled from 3/7)","music","2026-09-18 01:00:00","65eb991764726aa81a21f6e9"
"6a7144e3b2472dcce3b30738","2026-08-04 08:21:02.809","2026-08-05 11:33:26.027","6a7144e3b2472dcce3b30738","69375219cd07d4e1c49cc94f","[PREMIUM]","[PREMIUM]","[PREMIUM]","[PREMIUM]","[PREMIUM]","[1,2,3,4,5,6,7,8,9,10]","Section 201","C",,"['*','*','*','*','*','*','*','*','*','*']","electronic",,"tmqr",,"[PREMIUM]","[PREMIUM]","['over_21']","2026-09-16 00:00:00","Patti LaBelle (Rescheduled from 3/7)","music","2026-09-18 01:00:00","65eb991764726aa81a21f6e9"
"6a7144c3b2472dcce3ae70bf","2026-08-04 08:21:02.809","2026-08-05 11:33:26.027","6a7144c3b2472dcce3ae70bf","69375219cd07d4e1c49cc94f","[PREMIUM]","[PREMIUM]","[PREMIUM]","[PREMIUM]","[PREMIUM]","[1,2,3,4,5,6,7,8,9,10]","Section 101","J",,"['*','*','*','*','*','*','*','*','*','*']","electronic",,"tmqr",,"[PREMIUM]","[PREMIUM]","['over_21']","2026-09-16 00:00:00","Patti LaBelle (Rescheduled from 3/7)","music","2026-09-18 01:00:00","65eb991764726aa81a21f6e9"
"6a7144e9b2472dcce3b3ff2b","2026-08-04 08:21:02.809","2026-08-05 11:33:26.027","6a7144e9b2472dcce3b3ff2b","69375219cd07d4e1c49cc94f","[PREMIUM]","[PREMIUM]","[PREMIUM]","[PREMIUM]","[PREMIUM]","[1,2,3,4,5,6,7,8,9,10]","Section 203","A",,"['*','*','*','*','*','*','*','*','*','*']","electronic",,"tmqr",,"[PREMIUM]","[PREMIUM]","['over_21']","2026-09-16 00:00:00","Patti LaBelle (Rescheduled from 3/7)","music","2026-09-18 01:00:00","65eb991764726aa81a21f6e9"
"6a7144a5b2472dcce3a980eb","2026-08-04 08:21:02.809","2026-08-05 11:33:26.027","6a7144a5b2472dcce3a980eb","69375219cd07d4e1c49cc94f","[PREMIUM]","[PREMIUM]","[PREMIUM]","[PREMIUM]","[PREMIUM]","[1,2,3,4,5,6,7,8,9]","Section 102","L",,"['*','*','*','*','*','*','*','*','*']","electronic",,"tmqr",,"[PREMIUM]","[PREMIUM]","['over_21']","2026-09-16 00:00:00","Patti LaBelle (Rescheduled from 3/7)","music","2026-09-18 01:00:00","65eb991764726aa81a21f6e9"
"6a7144d4b2472dcce3b0d7ff","2026-08-04 08:21:02.809","2026-08-05 11:33:26.027","6a7144d4b2472dcce3b0d7ff","69375219cd07d4e1c49cc94f","[PREMIUM]","[PREMIUM]","[PREMIUM]","[PREMIUM]","[PREMIUM]","[1,2,3,4,5,7]","Section 101","F",,"['*','*','*','*','*','*','*']","electronic",,"tmqr",,"[PREMIUM]","[PREMIUM]","['over_21']","2026-09-16 00:00:00","Patti LaBelle (Rescheduled from 3/7)","music","2026-09-18 01:00:00","65eb991764726aa81a21f6e9"
"6a7144bdb2472dcce3ad5e7b","2026-08-04 08:21:02.809","2026-08-05 11:33:26.027","6a7144bdb2472dcce3ad5e7b","69375219cd07d4e1c49cc94f","[PREMIUM]","[PREMIUM]","[PREMIUM]","[PREMIUM]","[PREMIUM]","[1,2,3,4,5,6,7,8,9,10]","Section 103","J",,"['*','*','*','*','*','*','*','*','*','*']","electronic",,"tmqr",,"[PREMIUM]","[PREMIUM]","['over_21']","2026-09-16 00:00:00","Patti LaBelle (Rescheduled from 3/7)","music","2026-09-18 01:00:00","65eb991764726aa81a21f6e9"
"6a7144c6b2472dcce3aedc14","2026-08-04 08:21:02.809","2026-08-05 11:33:26.027","6a7144c6b2472dcce3aedc14","69375219cd07d4e1c49cc94f","[PREMIUM]","[PREMIUM]","[PREMIUM]","[PREMIUM]","[PREMIUM]","[1,2,3,4,5,6,7,8,9,10]","Section 101","H",,"['*','*','*','*','*','*','*','*','*','*']","electronic",,"tmqr",,"[PREMIUM]","[PREMIUM]","['over_21']","2026-09-16 00:00:00","Patti LaBelle (Rescheduled from 3/7)","music","2026-09-18 01:00:00","65eb991764726aa81a21f6e9"
"6a714497b2472dcce3a70514","2026-08-04 08:21:02.809","2026-08-05 11:33:26.027","6a714497b2472dcce3a70514","69375219cd07d4e1c49cc94f","[PREMIUM]","[PREMIUM]","[PREMIUM]","[PREMIUM]","[PREMIUM]","[1,2,3,4,5,6,8]","Section 202","D",,"['*','*','*','*','*','*','*','*']","electronic",,"tmqr",,"[PREMIUM]","[PREMIUM]","['over_21']","2026-09-16 00:00:00","Patti LaBelle (Rescheduled from 3/7)","music","2026-09-18 01:00:00","65eb991764726aa81a21f6e9"
"6a7144abb2472dcce3aa91ae","2026-08-04 08:21:02.809","2026-08-05 11:33:26.027","6a7144abb2472dcce3aa91ae","69375219cd07d4e1c49cc94f","[PREMIUM]","[PREMIUM]","[PREMIUM]","[PREMIUM]","[PREMIUM]","[1,2,3,4,5,6,7,8,9,10]","Section 201","B",,"['*','*','*','*','*','*','*','*','*','*']","electronic",,"tmqr",,"[PREMIUM]","[PREMIUM]","['over_21']","2026-09-16 00:00:00","Patti LaBelle (Rescheduled from 3/7)","music","2026-09-18 01:00:00","65eb991764726aa81a21f6e9"
"6a7144d2b2472dcce3b0842c","2026-08-04 08:21:02.809","2026-08-05 11:33:26.027","6a7144d2b2472dcce3b0842c","69375219cd07d4e1c49cc94f","[PREMIUM]","[PREMIUM]","[PREMIUM]","[PREMIUM]","[PREMIUM]","[1,2,3,4,5,6,7,8,9,10]","Section 203","D",,"['*','*','*','*','*','*','*','*','*','*']","electronic",,"tmqr",,"[PREMIUM]","[PREMIUM]","['over_21']","2026-09-16 00:00:00","Patti LaBelle (Rescheduled from 3/7)","music","2026-09-18 01:00:00","65eb991764726aa81a21f6e9"
"6a71449db2472dcce3a823b0","2026-08-04 08:21:02.809","2026-08-05 11:33:26.027","6a71449db2472dcce3a823b0","69375219cd07d4e1c49cc94f","[PREMIUM]","[PREMIUM]","[PREMIUM]","[PREMIUM]","[PREMIUM]","[1,2,3,4,5,6,7,8,9,10]","Section 102","M",,"['*','*','*','*','*','*','*','*','*','*']","electronic",,"tmqr",,"[PREMIUM]","[PREMIUM]","['over_21']","2026-09-16 00:00:00","Patti LaBelle (Rescheduled from 3/7)","music","2026-09-18 01:00:00","65eb991764726aa81a21f6e9"
"6a7144c9b2472dcce3af4efa","2026-08-04 08:21:02.809","2026-08-05 11:33:26.027","6a7144c9b2472dcce3af4efa","69375219cd07d4e1c49cc94f","[PREMIUM]","[PREMIUM]","[PREMIUM]","[PREMIUM]","[PREMIUM]","[1,2,3,4,5,6,7,8,9,10]","Section 201","D",,"['*','*','*','*','*','*','*','*','*','*']","electronic",,"tmqr",,"[PREMIUM]","[PREMIUM]","['over_21']","2026-09-16 00:00:00","Patti LaBelle (Rescheduled from 3/7)","music","2026-09-18 01:00:00","65eb991764726aa81a21f6e9"
"6a7144e3b2472dcce3b305fc","2026-08-04 08:21:02.809","2026-08-04 08:21:02.809","6a7144e3b2472dcce3b305fc","69375219cd07d4e1c49cc94f","[PREMIUM]","[PREMIUM]","[PREMIUM]","[PREMIUM]","[PREMIUM]","[1,2,3,4,5,6,7,8,9,10]","Section 103","G",,"['*','*','*','*','*','*','*','*','*','*']","electronic",,"tmqr",,"[PREMIUM]","[PREMIUM]","['over_21']","2026-09-16 00:00:00","Patti LaBelle (Rescheduled from 3/7)","music","2026-09-18 01:00:00","65eb991764726aa81a21f6e9"
"6a71449db2472dcce3a82381","2026-08-04 08:21:02.809","2026-08-05 11:33:26.027","6a71449db2472dcce3a82381","69375219cd07d4e1c49cc94f","[PREMIUM]","[PREMIUM]","[PREMIUM]","[PREMIUM]","[PREMIUM]","[2]","Section 102","K",,"['*','*']","electronic",,"tmqr",,"[PREMIUM]","[PREMIUM]","['over_21']","2026-09-16 00:00:00","Patti LaBelle (Rescheduled from 3/7)","music","2026-09-18 01:00:00","65eb991764726aa81a21f6e9"
"6a7144aeb2472dcce3ab1b72","2026-08-04 08:21:02.809","2026-08-05 11:33:26.027","6a7144aeb2472dcce3ab1b72","69375219cd07d4e1c49cc94f","[PREMIUM]","[PREMIUM]","[PREMIUM]","[PREMIUM]","[PREMIUM]","[1,2,3,4,5,6,7,8,9,10]","Section 202","E",,"['*','*','*','*','*','*','*','*','*','*']","electronic",,"tmqr",,"[PREMIUM]","[PREMIUM]","['over_21']","2026-09-16 00:00:00","Patti LaBelle (Rescheduled from 3/7)","music","2026-09-18 01:00:00","65eb991764726aa81a21f6e9"
"6a7144ecb2472dcce3b4b82e","2026-08-04 08:21:02.809","2026-08-05 11:33:26.027","6a7144ecb2472dcce3b4b82e","69375219cd07d4e1c49cc94f","[PREMIUM]","[PREMIUM]","[PREMIUM]","[PREMIUM]","[PREMIUM]","[1,2,3,4,5,6,7,8,9,10]","Section 202","G",,"['*','*','*','*','*','*','*','*','*','*']","electronic",,"tmqr",,"[PREMIUM]","[PREMIUM]","['over_21']","2026-09-16 00:00:00","Patti LaBelle (Rescheduled from 3/7)","music","2026-09-18 01:00:00","65eb991764726aa81a21f6e9"
"6a7144b1b2472dcce3ab9b2a","2026-08-04 08:21:02.809","2026-08-08 21:34:16.920","6a7144b1b2472dcce3ab9b2a","69375219cd07d4e1c49cc94f","[PREMIUM]","[PREMIUM]","[PREMIUM]","[PREMIUM]","[PREMIUM]","[1,2,3,4,5,6,7,8,9,10]","Section 203","Q",,"['*','*','*','*','*','*','*','*','*','*']","electronic",,"tmqr",,"[PREMIUM]","[PREMIUM]","['over_21']","2026-09-16 00:00:00","Patti LaBelle (Rescheduled from 3/7)","music","2026-09-18 01:00:00","65eb991764726aa81a21f6e9"
"6a714497b2472dcce3a704cb","2026-08-04 08:21:02.809","2026-08-08 21:34:16.920","6a714497b2472dcce3a704cb","69375219cd07d4e1c49cc94f","[PREMIUM]","[PREMIUM]","[PREMIUM]","[PREMIUM]","[PREMIUM]","[1,2,3,4,5,6,7,8,9,10]","Section 202","F",,"['*','*','*','*','*','*','*','*','*','*']","electronic",,"tmqr",,"[PREMIUM]","[PREMIUM]","['over_21']","2026-09-16 00:00:00","Patti LaBelle (Rescheduled from 3/7)","music","2026-09-18 01:00:00","65eb991764726aa81a21f6e9"
"6a7144aeb2472dcce3ab1b4d","2026-08-04 08:21:02.809","2026-08-08 21:34:16.920","6a7144aeb2472dcce3ab1b4d","69375219cd07d4e1c49cc94f","[PREMIUM]","[PREMIUM]","[PREMIUM]","[PREMIUM]","[PREMIUM]","[1,2,3,4,5,6,7,8,9,10]","Section 103","F",,"['*','*','*','*','*','*','*','*','*','*']","electronic",,"tmqr",,"[PREMIUM]","[PREMIUM]","['over_21']","2026-09-16 00:00:00","Patti LaBelle (Rescheduled from 3/7)","music","2026-09-18 01:00:00","65eb991764726aa81a21f6e9"
"6a714494b2472dcce3a690a4","2026-08-04 08:21:02.809","2026-08-08 21:34:16.920","6a714494b2472dcce3a690a4","69375219cd07d4e1c49cc94f","[PREMIUM]","[PREMIUM]","[PREMIUM]","[PREMIUM]","[PREMIUM]","[1,2,3,4,5,6,7,8,9,10]","Floor 1","EE",,"['*','*','*','*','*','*','*','*','*','*']","electronic",,"tmqr",,"[PREMIUM]","[PREMIUM]","['over_21']","2026-09-16 00:00:00","Patti LaBelle (Rescheduled from 3/7)","music","2026-09-18 01:00:00","65eb991764726aa81a21f6e9"
"6a7144b4b2472dcce3abf537","2026-08-04 08:21:02.809","2026-08-08 21:34:16.920","6a7144b4b2472dcce3abf537","69375219cd07d4e1c49cc94f","[PREMIUM]","[PREMIUM]","[PREMIUM]","[PREMIUM]","[PREMIUM]","[1,2,3,4,5,6,7,8,9,10]","Section 201","Q",,"['*','*','*','*','*','*','*','*','*','*']","electronic",,"tmqr",,"[PREMIUM]","[PREMIUM]","['over_21']","2026-09-16 00:00:00","Patti LaBelle (Rescheduled from 3/7)","music","2026-09-18 01:00:00","65eb991764726aa81a21f6e9"
"6a7144b7b2472dcce3ac8b2b","2026-08-04 08:21:02.809","2026-08-08 21:34:16.920","6a7144b7b2472dcce3ac8b2b","69375219cd07d4e1c49cc94f","[PREMIUM]","[PREMIUM]","[PREMIUM]","[PREMIUM]","[PREMIUM]","[2]","Section 202","S",,"['*','*']","electronic",,"tmqr",,"[PREMIUM]","[PREMIUM]","['over_21']","2026-09-16 00:00:00","Patti LaBelle (Rescheduled from 3/7)","music","2026-09-18 01:00:00","65eb991764726aa81a21f6e9"
"6a7144c0b2472dcce3addeed","2026-08-04 08:21:02.809","2026-08-08 21:34:16.920","6a7144c0b2472dcce3addeed","69375219cd07d4e1c49cc94f","[PREMIUM]","[PREMIUM]","[PREMIUM]","[PREMIUM]","[PREMIUM]","[2]","Section 201","O",,"['*','*']","electronic",,"tmqr",,"[PREMIUM]","[PREMIUM]","['over_21']","2026-09-16 00:00:00","Patti LaBelle (Rescheduled from 3/7)","music","2026-09-18 01:00:00","65eb991764726aa81a21f6e9"
"6a7144ccb2472dcce3afc363","2026-08-04 08:21:02.809","2026-08-08 21:34:16.920","6a7144ccb2472dcce3afc363","69375219cd07d4e1c49cc94f","[PREMIUM]","[PREMIUM]","[PREMIUM]","[PREMIUM]","[PREMIUM]","[2]","Section 203","O",,"['*','*']","electronic",,"tmqr",,"[PREMIUM]","[PREMIUM]","['over_21']","2026-09-16 00:00:00","Patti LaBelle (Rescheduled from 3/7)","music","2026-09-18 01:00:00","65eb991764726aa81a21f6e9"
"6a7144dab2472dcce3b1a7dd","2026-08-04 08:21:02.809","2026-08-08 21:34:16.920","6a7144dab2472dcce3b1a7dd","69375219cd07d4e1c49cc94f","[PREMIUM]","[PREMIUM]","[PREMIUM]","[PREMIUM]","[PREMIUM]","[2]","Section 202","R",,"['*','*']","electronic",,"tmqr",,"[PREMIUM]","[PREMIUM]","['over_21']","2026-09-16 00:00:00","Patti LaBelle (Rescheduled from 3/7)","music","2026-09-18 01:00:00","65eb991764726aa81a21f6e9"
"6a70fb630425777a74209f0d","2026-08-04 08:21:02.809","2026-08-06 14:50:23.933","6a70fb630425777a74209f0d","69375219cd07d4e1c49cc94f","[PREMIUM]","[PREMIUM]","[PREMIUM]","[PREMIUM]","[PREMIUM]","[1,2,3,4]","SEC 201","R",,"['*','*','*','*']","electronic",,"tmqr",,"[PREMIUM]","[PREMIUM]","[]","2026-09-15 00:00:00","Patti LaBelle (Rescheduled from 3/7)","music","2026-09-18 01:00:00","65eb991764726aa81a21f6e9"
"6a7066cfb2472dcce3c91bf0","2026-08-04 08:21:02.730","2026-08-06 14:50:22.406","6a7066cfb2472dcce3c91bf0","69320b7b18f984723551fdb2","[PREMIUM]","[PREMIUM]","[PREMIUM]","[PREMIUM]","[PREMIUM]","[1,2,3,4,5,6,7,8]","FLOOR","GA","General Admission","['*','*','*','*','*','*','*','*']","electronic",,"tmqr","cheapest","[PREMIUM]","[PREMIUM]","['over_21']","2026-10-08 00:00:00","Houndmouth (Rescheduled from 3/19)","music","2026-10-10 00:30:00","57d97ec950575d33c877746c"
"6a712141b2472dcce3e9fba5","2026-08-04 08:21:01.573","2026-08-13 11:23:24.468","6a712141b2472dcce3e9fba5","693967bc2eb8712c4375e887","[PREMIUM]","[PREMIUM]","[PREMIUM]","[PREMIUM]","[PREMIUM]","[1,2,3,5]","ORCHL","N","Orchestra","['*','*','*','*','*']","mobile","tm","tmqr","amazing","[PREMIUM]","[PREMIUM]","[]","2026-08-27 00:00:00","Myriam Hernandez (Rescheduled from 2/21)","music","2026-08-29 00:00:00","618adb0d86384b0001f270d9"
"6a71654830e023a380412e1d","2026-08-04 08:21:01.573","2026-08-13 11:23:24.468","6a71654830e023a380412e1d","693967bc2eb8712c4375e887","[PREMIUM]","[PREMIUM]","[PREMIUM]","[PREMIUM]","[PREMIUM]","[1,2,3,4]","ULLC","L",,"['3','4','5','6']","mobile","tm","tmqr",,"[PREMIUM]","[PREMIUM]","[]","2026-08-27 00:00:00","Myriam Hernandez (Rescheduled from 2/21)","music","2026-08-29 00:00:00","618adb0d86384b0001f270d9"
"6a707a6355b9506130091d82","2026-08-04 08:21:01.573","2026-08-06 14:50:21.161","6a707a6355b9506130091d82","693967bc2eb8712c4375e887","[PREMIUM]","[PREMIUM]","[PREMIUM]","[PREMIUM]","[PREMIUM]","[2,4]","ORCHR","B","Orchestra","['*','*','*','*']","mobile","tm","tmqr",,"[PREMIUM]","[PREMIUM]","[]","2026-08-27 00:00:00","Myriam Hernandez (Rescheduled from 2/21)","music","2026-08-29 00:00:00","618adb0d86384b0001f270d9"
"6a70743a5d5b5a5db78dfcf2","2026-08-04 08:21:01.573","2026-08-04 08:21:01.573","6a70743a5d5b5a5db78dfcf2","693967bc2eb8712c4375e887","[PREMIUM]","[PREMIUM]","[PREMIUM]","[PREMIUM]","[PREMIUM]","[1,2,4,6]","ORCHL","KK","Orchestra","['*','*','*','*','*','*']","mobile","tm","tmqr",,"[PREMIUM]","[PREMIUM]","[]","2026-08-27 00:00:00","Myriam Hernandez (Rescheduled from 2/21)","music","2026-08-29 00:00:00","618adb0d86384b0001f270d9"
"6a70783a1cd6c3ac91c4883d","2026-08-04 08:21:01.573","2026-08-06 14:50:21.161","6a70783a1cd6c3ac91c4883d","693967bc2eb8712c4375e887","[PREMIUM]","[PREMIUM]","[PREMIUM]","[PREMIUM]","[PREMIUM]","[1,2,3,4,6,8]","ULRC","N",,"['*','*','*','*','*','*','*','*']","mobile","tm","tmqr","amazing","[PREMIUM]","[PREMIUM]","[]","2026-08-27 00:00:00","Myriam Hernandez (Rescheduled from 2/21)","music","2026-08-29 00:00:00","618adb0d86384b0001f270d9"
"6a70ef77b2472dcce3a78c0b","2026-08-04 08:21:01.573","2026-08-05 11:33:23.334","6a70ef77b2472dcce3a78c0b","693967bc2eb8712c4375e887","[PREMIUM]","[PREMIUM]","[PREMIUM]","[PREMIUM]","[PREMIUM]","[1,2,3,4]","ULC","M","Upper Loge","['*','*','*','*']","electronic",,"tmqr","amazing","[PREMIUM]","[PREMIUM]","[]",,"Myriam Hernandez (Rescheduled from 2/21)","music","2026-08-29 00:00:00","618adb0d86384b0001f270d9"
"6a70aa4348fd34353da7ac1b","2026-08-04 08:21:01.573","2026-08-04 08:21:01.573","6a70aa4348fd34353da7ac1b","693967bc2eb8712c4375e887","[PREMIUM]","[PREMIUM]","[PREMIUM]","[PREMIUM]","[PREMIUM]","[1,2,3]","BALR","C","Balcony","['*','*','*']","mobile","tm","tmqr","amazing","[PREMIUM]","[PREMIUM]","[]","2026-08-27 00:00:00","Myriam Hernandez (Rescheduled from 2/21)","music","2026-08-29 00:00:00","618adb0d86384b0001f270d9"
"6a707eb349e7c2047e74ef46","2026-08-04 08:21:01.573","2026-08-05 11:33:23.334","6a707eb349e7c2047e74ef46","693967bc2eb8712c4375e887","[PREMIUM]","[PREMIUM]","[PREMIUM]","[PREMIUM]","[PREMIUM]","[2,4]","ORCHLC","B","Orchestra","['*','*','*','*']","mobile","tm","tmqr",,"[PREMIUM]","[PREMIUM]","[]","2026-08-27 00:00:00","Myriam Hernandez (Rescheduled from 2/21)","music","2026-08-29 00:00:00","618adb0d86384b0001f270d9"
"6a707eced4df30ad3b367ffa","2026-08-04 08:21:01.573","2026-08-04 08:21:01.573","6a707eced4df30ad3b367ffa","693967bc2eb8712c4375e887","[PREMIUM]","[PREMIUM]","[PREMIUM]","[PREMIUM]","[PREMIUM]","[2,4]","ORCHLC","L","Orchestra","['*','*','*','*']","mobile","tm","tmqr","great","[PREMIUM]","[PREMIUM]","[]","2026-08-27 00:00:00","Myriam Hernandez (Rescheduled from 2/21)","music","2026-08-29 00:00:00","618adb0d86384b0001f270d9"
"69f7631e50ae950bcb2fd246","2026-08-04 08:21:01.512","2026-08-05 11:33:24.584","69f7631e50ae950bcb2fd246","6938db7764be9fa558d2487d","[PREMIUM]","[PREMIUM]","[PREMIUM]","[PREMIUM]","[PREMIUM]","[2,3,4,5]","B","EE","Reserved","['*','*','*','*','*']","mobile",,"tmqr",,"[PREMIUM]","[PREMIUM]","[]","2026-10-09 00:00:00","Fey (Rescheduled from 6/6/26)","music","2026-10-11 02:30:00","67f6dc16f1bd67bf6242e35d"
"69f761f350ae950bcbf5685e","2026-08-04 08:21:01.512","2026-08-04 08:21:01.512","69f761f350ae950bcbf5685e","6938db7764be9fa558d2487d","[PREMIUM]","[PREMIUM]","[PREMIUM]","[PREMIUM]","[PREMIUM]","[2,3,4,5]","D","CC","Reserved","['*','*','*','*','*']","mobile",,"tmqr",,"[PREMIUM]","[PREMIUM]","[]","2026-10-09 00:00:00","Fey (Rescheduled from 6/6/26)","music","2026-10-11 02:30:00","67f6dc16f1bd67bf6242e35d"
"6a39920e97c791990dc34c02","2026-08-04 08:21:01.512","2026-08-04 08:21:01.512","6a39920e97c791990dc34c02","6938db7764be9fa558d2487d","[PREMIUM]","[PREMIUM]","[PREMIUM]","[PREMIUM]","[PREMIUM]","[2,3,4,5]","B","P","Reserved","['*','*','*','*','*']","mobile",,"tmqr",,"[PREMIUM]","[PREMIUM]","[]","2026-10-09 00:00:00","Fey (Rescheduled from 6/6/26)","music","2026-10-11 02:30:00","67f6dc16f1bd67bf6242e35d"
"6a398c2c97c791990d53e89d","2026-08-04 08:21:01.512","2026-08-06 14:50:22.475","6a398c2c97c791990d53e89d","6938db7764be9fa558d2487d","[PREMIUM]","[PREMIUM]","[PREMIUM]","[PREMIUM]","[PREMIUM]","[2]","C","D","Reserved","['*','*']","mobile",,"tmqr","great","[PREMIUM]","[PREMIUM]","[]","2026-10-09 00:00:00","Fey (Rescheduled from 6/6/26)","music","2026-10-11 02:30:00","67f6dc16f1bd67bf6242e35d"
"6a3989d897c791990dc3344d","2026-08-04 08:21:01.512","2026-08-04 08:21:01.512","6a3989d897c791990dc3344d","6938db7764be9fa558d2487d","[PREMIUM]","[PREMIUM]","[PREMIUM]","[PREMIUM]","[PREMIUM]","[2]","C","R","Reserved","['*','*']","mobile",,"tmqr",,"[PREMIUM]","[PREMIUM]","[]","2026-10-09 00:00:00","Fey (Rescheduled from 6/6/26)","music","2026-10-11 02:30:00","67f6dc16f1bd67bf6242e35d"
"6a395d9897c791990dcefbb4","2026-08-04 08:21:01.512","2026-08-04 08:21:01.512","6a395d9897c791990dcefbb4","6938db7764be9fa558d2487d","[PREMIUM]","[PREMIUM]","[PREMIUM]","[PREMIUM]","[PREMIUM]","[1,2,3,4,5,6,7]","H","M","Reserved","['*','*','*','*','*','*','*']","mobile",,"tmqr","amazing","[PREMIUM]","[PREMIUM]","[]","2026-10-08 00:00:00","Fey (Rescheduled from 6/6/26)","music","2026-10-11 02:30:00","67f6dc16f1bd67bf6242e35d"
"6a5ff337d832ea34437d0f65","2026-08-04 08:21:00.187","2026-08-04 08:21:00.187","6a5ff337d832ea34437d0f65","68f80b6985db4d8736f82357","[PREMIUM]","[PREMIUM]","[PREMIUM]","[PREMIUM]","[PREMIUM]","[1,2,3,4,5,6]","203","JJ","Section","['*','*','*','*','*','*']","mobile","tm","tmqr","great","[PREMIUM]","[PREMIUM]","[]","2026-08-08 00:00:00","Aaron Lewis and The Stateliners (16+ Event) (Rescheduled from 3/29/26)","music","2026-08-10 03:00:00","61c0f91cb3f6ff0001e8a49d"
"6a5f62c2d832ea3443e21b3d","2026-08-04 08:21:00.187","2026-08-04 08:21:00.187","6a5f62c2d832ea3443e21b3d","68f80b6985db4d8736f82357","[PREMIUM]","[PREMIUM]","[PREMIUM]","[PREMIUM]","[PREMIUM]","[2]","101","L","Section","['*','*']","mobile","tm","tmqr","great","[PREMIUM]","[PREMIUM]","[]","2026-08-08 00:00:00","Aaron Lewis and The Stateliners (16+ Event) (Rescheduled from 3/29/26)","music","2026-08-10 03:00:00","61c0f91cb3f6ff0001e8a49d"
"6a5f620fd832ea3443ab14c6","2026-08-04 08:21:00.187","2026-08-04 08:21:00.187","6a5f620fd832ea3443ab14c6","68f80b6985db4d8736f82357","[PREMIUM]","[PREMIUM]","[PREMIUM]","[PREMIUM]","[PREMIUM]","[2,3,4]","301","N","Section","['*','*','*','*']","mobile","tm","tmqr","great","[PREMIUM]","[PREMIUM]","[]","2026-08-08 00:00:00","Aaron Lewis and The Stateliners (16+ Event) (Rescheduled from 3/29/26)","music","2026-08-10 03:00:00","61c0f91cb3f6ff0001e8a49d"
"6a714cf967cd480d3fd0ee21","2026-08-04 08:21:00.187","2026-08-06 14:50:21.046","6a714cf967cd480d3fd0ee21","68f80b6985db4d8736f82357","[PREMIUM]","[PREMIUM]","[PREMIUM]","[PREMIUM]","[PREMIUM]","[1,2,3,4,6,8]","303","II","Section","['*','*','*','*','*','*','*','*']","mobile","tm","tmqr","great","[PREMIUM]","[PREMIUM]","[]","2026-08-08 00:00:00","Aaron Lewis and The Stateliners (16+ Event) (Rescheduled from 3/29/26)","music","2026-08-10 03:00:00","61c0f91cb3f6ff0001e8a49d"
"6a714c7518c34cc26fcfd51d","2026-08-04 08:21:00.187","2026-08-06 14:50:21.046","6a714c7518c34cc26fcfd51d","68f80b6985db4d8736f82357","[PREMIUM]","[PREMIUM]","[PREMIUM]","[PREMIUM]","[PREMIUM]","[1,2,3,4,6,8]","302","GG","Section","['*','*','*','*','*','*','*','*']","mobile","tm","tmqr","great","[PREMIUM]","[PREMIUM]","[]","2026-08-08 00:00:00","Aaron Lewis and The Stateliners (16+ Event) (Rescheduled from 3/29/26)","music","2026-08-10 03:00:00","61c0f91cb3f6ff0001e8a49d"
"6a714c9d2f5e56e007d7052d","2026-08-04 08:21:00.187","2026-08-06 14:50:21.046","6a714c9d2f5e56e007d7052d","68f80b6985db4d8736f82357","[PREMIUM]","[PREMIUM]","[PREMIUM]","[PREMIUM]","[PREMIUM]","[2,4]","103","HH","Section","['*','*','*','*']","mobile","tm","tmqr","amazing","[PREMIUM]","[PREMIUM]","[]","2026-08-08 00:00:00","Aaron Lewis and The Stateliners (16+ Event) (Rescheduled from 3/29/26)","music","2026-08-10 03:00:00","61c0f91cb3f6ff0001e8a49d"
"6a714be9cefc58aa284dbc08","2026-08-04 08:21:00.187","2026-08-06 14:50:21.046","6a714be9cefc58aa284dbc08","68f80b6985db4d8736f82357","[PREMIUM]","[PREMIUM]","[PREMIUM]","[PREMIUM]","[PREMIUM]","[1,2,3,4,6,8]","204","NN","Section","['*','*','*','*','*','*','*','*']","mobile","tm","tmqr","amazing","[PREMIUM]","[PREMIUM]","[]","2026-08-08 00:00:00","Aaron Lewis and The Stateliners (16+ Event) (Rescheduled from 3/29/26)","music","2026-08-10 03:00:00","61c0f91cb3f6ff0001e8a49d"
"6a714c585b1b0fe2e1d431f3","2026-08-04 08:21:00.187","2026-08-06 14:50:21.046","6a714c585b1b0fe2e1d431f3","68f80b6985db4d8736f82357","[PREMIUM]","[PREMIUM]","[PREMIUM]","[PREMIUM]","[PREMIUM]","[1,2,3,4,6,8]","203","NN","Section","['*','*','*','*','*','*','*','*']","mobile","tm","tmqr","great","[PREMIUM]","[PREMIUM]","[]","2026-08-08 00:00:00","Aaron Lewis and The Stateliners (16+ Event) (Rescheduled from 3/29/26)","music","2026-08-10 03:00:00","61c0f91cb3f6ff0001e8a49d"
"6a6d5c74ee6e7e4ab4dc4c21","2026-08-04 08:21:00.187","2026-08-06 14:50:21.046","6a6d5c74ee6e7e4ab4dc4c21","68f80b6985db4d8736f82357","[PREMIUM]","[PREMIUM]","[PREMIUM]","[PREMIUM]","[PREMIUM]","[2]","203","HH","Section","['29','30']","mobile","tm","tmqr","amazing","[PREMIUM]","[PREMIUM]","[]","2026-08-09 00:00:00","Aaron Lewis and The Stateliners (16+ Event) (Rescheduled from 3/29/26)","music","2026-08-10 03:00:00","61c0f91cb3f6ff0001e8a49d"
"6a714e21a766ceceb9cb05f7","2026-08-04 08:21:00.187","2026-08-06 14:50:21.046","6a714e21a766ceceb9cb05f7","68f80b6985db4d8736f82357","[PREMIUM]","[PREMIUM]","[PREMIUM]","[PREMIUM]","[PREMIUM]","[1,2,3,4,6,8]","303","NN","Section","['*','*','*','*','*','*','*','*']","mobile","tm","tmqr","great","[PREMIUM]","[PREMIUM]","[]","2026-08-08 00:00:00","Aaron Lewis and The Stateliners (16+ Event) (Rescheduled from 3/29/26)","music","2026-08-10 03:00:00","61c0f91cb3f6ff0001e8a49d"
"6a714d8228219d0446db1425","2026-08-04 08:21:00.187","2026-08-06 14:50:21.046","6a714d8228219d0446db1425","68f80b6985db4d8736f82357","[PREMIUM]","[PREMIUM]","[PREMIUM]","[PREMIUM]","[PREMIUM]","[1,2,3,4,6,8]","103","NN","Section","['*','*','*','*','*','*','*','*']","mobile","tm","tmqr","super","[PREMIUM]","[PREMIUM]","[]","2026-08-08 00:00:00","Aaron Lewis and The Stateliners (16+ Event) (Rescheduled from 3/29/26)","music","2026-08-10 03:00:00","61c0f91cb3f6ff0001e8a49d"
"6a714db5cefc58aa284dbe60","2026-08-04 08:21:00.187","2026-08-06 14:50:21.046","6a714db5cefc58aa284dbe60","68f80b6985db4d8736f82357","[PREMIUM]","[PREMIUM]","[PREMIUM]","[PREMIUM]","[PREMIUM]","[1,2,3,4,6,8]","102","GG","Section","['*','*','*','*','*','*','*','*']","mobile","tm","tmqr",,"[PREMIUM]","[PREMIUM]","[]","2026-08-08 00:00:00","Aaron Lewis and The Stateliners (16+ Event) (Rescheduled from 3/29/26)","music","2026-08-10 03:00:00","61c0f91cb3f6ff0001e8a49d"
"6a70bced1fc6a3da91325ed6","2026-08-04 08:20:58.870","2026-08-07 18:16:56.014","6a70bced1fc6a3da91325ed6","6925f9516d18fb6a95e36aba","[PREMIUM]","[PREMIUM]","[PREMIUM]","[PREMIUM]","[PREMIUM]","[1,2,3,4,5,6,7,8,9,10,11,12]","113","13","Goal","['*','*','*','*','*','*','*','*','*','*','*','*']","mobile","tm","tmqr","amazing","[PREMIUM]","[PREMIUM]","[]","2026-09-28 00:00:00","San Antonio FC vs SV Darmstadt 98 (Rescheduled from 3/25/26)","usl","2026-09-30 00:30:00","5c8abd23debb68001515999f"
"6a70bcdc1fc6a3da91325ec0","2026-08-04 08:20:58.870","2026-08-07 18:16:56.014","6a70bcdc1fc6a3da91325ec0","6925f9516d18fb6a95e36aba","[PREMIUM]","[PREMIUM]","[PREMIUM]","[PREMIUM]","[PREMIUM]","[1,2,3]","114","4","Goal","['*','*','*']","mobile","tm","tmqr","great","[PREMIUM]","[PREMIUM]","[]","2026-09-28 00:00:00","San Antonio FC vs SV Darmstadt 98 (Rescheduled from 3/25/26)","usl","2026-09-30 00:30:00","5c8abd23debb68001515999f"
"6a70bccd810ad4fe6a94b0fc","2026-08-04 08:20:58.870","2026-08-07 18:16:56.014","6a70bccd810ad4fe6a94b0fc","6925f9516d18fb6a95e36aba","[PREMIUM]","[PREMIUM]","[PREMIUM]","[PREMIUM]","[PREMIUM]","[1,2,3,4,5,6]","115","12","Goal","['*','*','*','*','*','*']","mobile","tm","tmqr","great","[PREMIUM]","[PREMIUM]","[]","2026-09-28 00:00:00","San Antonio FC vs SV Darmstadt 98 (Rescheduled from 3/25/26)","usl","2026-09-30 00:30:00","5c8abd23debb68001515999f"
"6a70bc2855425e20a2b362e1","2026-08-04 08:20:58.870","2026-08-07 18:16:56.014","6a70bc2855425e20a2b362e1","6925f9516d18fb6a95e36aba","[PREMIUM]","[PREMIUM]","[PREMIUM]","[PREMIUM]","[PREMIUM]","[1,2,3,4]","125","9","Sideline","['*','*','*','*']","mobile","tm","tmqr",,"[PREMIUM]","[PREMIUM]","[]","2026-09-28 00:00:00","San Antonio FC vs SV Darmstadt 98 (Rescheduled from 3/25/26)","usl","2026-09-30 00:30:00","5c8abd23debb68001515999f"
"6a70bc209c99e401cad2fe8c","2026-08-04 08:20:58.870","2026-08-07 18:16:56.014","6a70bc209c99e401cad2fe8c","6925f9516d18fb6a95e36aba","[PREMIUM]","[PREMIUM]","[PREMIUM]","[PREMIUM]","[PREMIUM]","[1,2,3,4,5,6]","101","6","Sideline","['*','*','*','*','*','*']","mobile","tm","tmqr","great","[PREMIUM]","[PREMIUM]","[]","2026-09-28 00:00:00","San Antonio FC vs SV Darmstadt 98 (Rescheduled from 3/25/26)","usl","2026-09-30 00:30:00","5c8abd23debb68001515999f"
"6a70bd0e42d262afd428c871","2026-08-04 08:20:58.870","2026-08-07 18:16:56.014","6a70bd0e42d262afd428c871","6925f9516d18fb6a95e36aba","[PREMIUM]","[PREMIUM]","[PREMIUM]","[PREMIUM]","[PREMIUM]","[1,2,3,4,5,6,7,8,9,10,11,12]","117","12","Goal","['*','*','*','*','*','*','*','*','*','*','*','*']","mobile","tm","tmqr","amazing","[PREMIUM]","[PREMIUM]","[]","2026-09-28 00:00:00","San Antonio FC vs SV Darmstadt 98 (Rescheduled from 3/25/26)","usl","2026-09-30 00:30:00","5c8abd23debb68001515999f"
"6a70bce7f522532f3ab0da7e","2026-08-04 08:20:58.870","2026-08-07 18:16:56.014","6a70bce7f522532f3ab0da7e","6925f9516d18fb6a95e36aba","[PREMIUM]","[PREMIUM]","[PREMIUM]","[PREMIUM]","[PREMIUM]","[1,2,3,4,5,6,7]","116","5","Goal","['*','*','*','*','*','*','*']","mobile","tm","tmqr","amazing","[PREMIUM]","[PREMIUM]","[]","2026-09-28 00:00:00","San Antonio FC vs SV Darmstadt 98 (Rescheduled from 3/25/26)","usl","2026-09-30 00:30:00","5c8abd23debb68001515999f"
"6a70bbb51355d96ecfc2fa60","2026-08-04 08:20:58.870","2026-08-07 18:16:56.014","6a70bbb51355d96ecfc2fa60","6925f9516d18fb6a95e36aba","[PREMIUM]","[PREMIUM]","[PREMIUM]","[PREMIUM]","[PREMIUM]","[1,2,3,4]","102","9","Sideline","['*','*','*','*']","mobile","tm","tmqr",,"[PREMIUM]","[PREMIUM]","[]","2026-09-28 00:00:00","San Antonio FC vs SV Darmstadt 98 (Rescheduled from 3/25/26)","usl","2026-09-30 00:30:00","5c8abd23debb68001515999f"
"6a70fcfcb2472dcce34bf4e0","2026-08-04 08:20:57.269","2026-08-10 01:06:18.577","6a70fcfcb2472dcce34bf4e0","68e5967fa8ae775eb2fa7d33","[PREMIUM]","[PREMIUM]","[PREMIUM]","[PREMIUM]","[PREMIUM]","[1,2]","General Admission","10",,"['*','*']","mobile",,"tmqr",,"[PREMIUM]","[PREMIUM]","[]","2026-08-25 00:00:00","Jonah Kagen (Rescheduled from 3/25)","music","2026-08-27 01:30:00","5e4eb861c76de3003d55cf4d"
"6a70fc86b2472dcce32f00ee","2026-08-04 08:20:57.269","2026-08-10 01:06:18.577","6a70fc86b2472dcce32f00ee","68e5967fa8ae775eb2fa7d33","[PREMIUM]","[PREMIUM]","[PREMIUM]","[PREMIUM]","[PREMIUM]","[1,2]","General Admission","5",,"['*','*']","mobile",,"tmqr",,"[PREMIUM]","[PREMIUM]","[]","2026-08-25 00:00:00","Jonah Kagen (Rescheduled from 3/25)","music","2026-08-27 01:30:00","5e4eb861c76de3003d55cf4d"
"6a70fc86b2472dcce32f0125","2026-08-04 08:20:57.269","2026-08-10 01:06:18.577","6a70fc86b2472dcce32f0125","68e5967fa8ae775eb2fa7d33","[PREMIUM]","[PREMIUM]","[PREMIUM]","[PREMIUM]","[PREMIUM]","[1,2]","General Admission","e",,"['*','*']","mobile",,"tmqr",,"[PREMIUM]","[PREMIUM]","[]","2026-08-25 00:00:00","Jonah Kagen (Rescheduled from 3/25)","music","2026-08-27 01:30:00","5e4eb861c76de3003d55cf4d"
"6a69143a263f58b9de841c75","2026-08-04 08:20:57.255","2026-08-06 14:50:17.150","6a69143a263f58b9de841c75","6917bcbd0b4b2c3fcc86ec05","[PREMIUM]","[PREMIUM]","[PREMIUM]","[PREMIUM]","[PREMIUM]","[1,2,3,4,5,6]","General Admission","GA",,"['*','*','*','*','*','*']","electronic",,"tmqr",,"[PREMIUM]","[PREMIUM]","[]",,"Russell Peters (Rescheduled from 3/26)","comedy","2026-08-06 23:00:00","615f25afee5027000111ee99"
"6a3f4b86239cabfa2c287d54","2026-08-04 08:20:56.153","2026-08-12 08:07:26.902","6a3f4b86239cabfa2c287d54","69423071d314619d19198d7d","[PREMIUM]","[PREMIUM]","[PREMIUM]","[PREMIUM]","[PREMIUM]","[2,4]","ORCHC","KK","Orchestra","['*','*','*','*']","mobile","tm","tmqr","great","[PREMIUM]","[PREMIUM]","[]",,"Moein (Rescheduled from 6/27/26)","music","2026-10-11 01:30:00","59f38f1a676494000f845139"
"6a709673e070d2d8c31da644","2026-08-04 08:20:56.115","2026-08-04 08:20:56.115","6a709673e070d2d8c31da644","69375825abcf240fe63e134b","[PREMIUM]","[PREMIUM]","[PREMIUM]","[PREMIUM]","[PREMIUM]","[1,2,3,4]","C","P","Promenade","['*','*','*','*']","mobile","tm","tmqr",,"[PREMIUM]","[PREMIUM]","[]",,"Codiciado (Rescheduled from 3/27/26)","music","2026-09-26 03:00:00","57605270f80c41406236f6c1"
"6a7076bb55425e20a2b31f69","2026-08-04 08:20:56.115","2026-08-06 14:50:14.707","6a7076bb55425e20a2b31f69","69375825abcf240fe63e134b","[PREMIUM]","[PREMIUM]","[PREMIUM]","[PREMIUM]","[PREMIUM]","[1,2,3,4,6,8]","CC","R","Terrace","['*','*','*','*','*','*','*','*']","mobile","tm","tmqr",,"[PREMIUM]","[PREMIUM]","[]","2026-09-24 00:00:00","Codiciado (Rescheduled from 3/27/26)","music","2026-09-26 03:00:00","57605270f80c41406236f6c1"
"6a707e0355425e20a2b327f5","2026-08-04 08:20:56.115","2026-08-06 14:50:14.707","6a707e0355425e20a2b327f5","69375825abcf240fe63e134b","[PREMIUM]","[PREMIUM]","[PREMIUM]","[PREMIUM]","[PREMIUM]","[2,4]","EEE","8","Orchestra Pit","['*','*','*','*']","mobile","tm","tmqr","great","[PREMIUM]","[PREMIUM]","['limited_view']","2026-09-24 00:00:00","Codiciado (Rescheduled from 3/27/26)","music","2026-09-26 03:00:00","57605270f80c41406236f6c1"
"6a707711d2c16f3df5751b7f","2026-08-04 08:20:56.115","2026-08-06 14:50:14.707","6a707711d2c16f3df5751b7f","69375825abcf240fe63e134b","[PREMIUM]","[PREMIUM]","[PREMIUM]","[PREMIUM]","[PREMIUM]","[1,2,3,4,6,8]","AA","A","Terrace","['*','*','*','*','*','*','*','*']","mobile","tm","tmqr",,"[PREMIUM]","[PREMIUM]","[]","2026-09-24 00:00:00","Codiciado (Rescheduled from 3/27/26)","music","2026-09-26 03:00:00","57605270f80c41406236f6c1"
"6a707a579c99e401cad2bcef","2026-08-04 08:20:56.115","2026-08-06 14:50:14.707","6a707a579c99e401cad2bcef","69375825abcf240fe63e134b","[PREMIUM]","[PREMIUM]","[PREMIUM]","[PREMIUM]","[PREMIUM]","[1,2,3,4,6,8]","B","A","Promenade","['*','*','*','*','*','*','*','*']","mobile","tm","tmqr",,"[PREMIUM]","[PREMIUM]","[]","2026-09-24 00:00:00","Codiciado (Rescheduled from 3/27/26)","music","2026-09-26 03:00:00","57605270f80c41406236f6c1"
"6a7077339abaa1ace6be0eda","2026-08-04 08:20:56.115","2026-08-05 11:33:17.844","6a7077339abaa1ace6be0eda","69375825abcf240fe63e134b","[PREMIUM]","[PREMIUM]","[PREMIUM]","[PREMIUM]","[PREMIUM]","[1,2,4,6]","F","W","Promenade","['*','*','*','*','*','*']","mobile","tm","tmqr","great","[PREMIUM]","[PREMIUM]","[]","2026-09-24 00:00:00","Codiciado (Rescheduled from 3/27/26)","music","2026-09-26 03:00:00","57605270f80c41406236f6c1"
"6a70746c07dc9fd3b2cd88ad","2026-08-04 08:20:56.115","2026-08-06 14:50:14.707","6a70746c07dc9fd3b2cd88ad","69375825abcf240fe63e134b","[PREMIUM]","[PREMIUM]","[PREMIUM]","[PREMIUM]","[PREMIUM]","[1,2,3,4,6,8]","F","A","Promenade","['*','*','*','*','*','*','*','*']","mobile","tm","tmqr",,"[PREMIUM]","[PREMIUM]","[]","2026-09-24 00:00:00","Codiciado (Rescheduled from 3/27/26)","music","2026-09-26 03:00:00","57605270f80c41406236f6c1"
"6a707c21bafa182b3bfb0822","2026-08-04 08:20:56.115","2026-08-06 14:50:14.707","6a707c21bafa182b3bfb0822","69375825abcf240fe63e134b","[PREMIUM]","[PREMIUM]","[PREMIUM]","[PREMIUM]","[PREMIUM]","[1,2,3,4,6,8]","AA","S","Terrace","['*','*','*','*','*','*','*','*']","mobile","tm","tmqr","great","[PREMIUM]","[PREMIUM]","[]","2026-09-24 00:00:00","Codiciado (Rescheduled from 3/27/26)","music","2026-09-26 03:00:00","57605270f80c41406236f6c1"
"6a7077cb9abaa1ace6be0f5f","2026-08-04 08:20:56.115","2026-08-06 14:50:14.707","6a7077cb9abaa1ace6be0f5f","69375825abcf240fe63e134b","[PREMIUM]","[PREMIUM]","[PREMIUM]","[PREMIUM]","[PREMIUM]","[1,2,3,4,6,8]","DD","S","Terrace","['*','*','*','*','*','*','*','*']","mobile","tm","tmqr","great","[PREMIUM]","[PREMIUM]","[]","2026-09-24 00:00:00","Codiciado (Rescheduled from 3/27/26)","music","2026-09-26 03:00:00","57605270f80c41406236f6c1"
"6a70741bb95065cf8bb7af79","2026-08-04 08:20:56.115","2026-08-06 14:50:14.707","6a70741bb95065cf8bb7af79","69375825abcf240fe63e134b","[PREMIUM]","[PREMIUM]","[PREMIUM]","[PREMIUM]","[PREMIUM]","[1,2,3,4,6,8]","DD","A","Terrace","['*','*','*','*','*','*','*','*']","mobile","tm","tmqr",,"[PREMIUM]","[PREMIUM]","[]","2026-09-24 00:00:00","Codiciado (Rescheduled from 3/27/26)","music","2026-09-26 03:00:00","57605270f80c41406236f6c1"
"6a7072fc1fc6a3da913216d5","2026-08-04 08:20:56.115","2026-08-06 14:50:14.707","6a7072fc1fc6a3da913216d5","69375825abcf240fe63e134b","[PREMIUM]","[PREMIUM]","[PREMIUM]","[PREMIUM]","[PREMIUM]","[1,2,3,4,6,8]","D","C","Promenade","['*','*','*','*','*','*','*','*']","mobile","tm","tmqr","great","[PREMIUM]","[PREMIUM]","[]","2026-09-24 00:00:00","Codiciado (Rescheduled from 3/27/26)","music","2026-09-26 03:00:00","57605270f80c41406236f6c1"
"6a70697735f4f206d04f5346","2026-08-04 08:20:56.115","2026-08-06 14:50:14.707","6a70697735f4f206d04f5346","69375825abcf240fe63e134b","[PREMIUM]","[PREMIUM]","[PREMIUM]","[PREMIUM]","[PREMIUM]","[1,2,3,4,6,8]","BB","B","Terrace","['*','*','*','*','*','*','*','*']","mobile","tm","tmqr",,"[PREMIUM]","[PREMIUM]","[]","2026-09-24 00:00:00","Codiciado (Rescheduled from 3/27/26)","music","2026-09-26 03:00:00","57605270f80c41406236f6c1"
"6a706b3864c90e4c1e1d79cf","2026-08-04 08:20:56.115","2026-08-06 14:50:14.707","6a706b3864c90e4c1e1d79cf","69375825abcf240fe63e134b","[PREMIUM]","[PREMIUM]","[PREMIUM]","[PREMIUM]","[PREMIUM]","[1,2,3,4,6,8]","BB","R","Terrace","['*','*','*','*','*','*','*','*']","mobile","tm","tmqr","great","[PREMIUM]","[PREMIUM]","[]","2026-09-24 00:00:00","Codiciado (Rescheduled from 3/27/26)","music","2026-09-26 03:00:00","57605270f80c41406236f6c1"
"6a7069b664c90e4c1e1d78f2","2026-08-04 08:20:56.115","2026-08-06 14:50:14.707","6a7069b664c90e4c1e1d78f2","69375825abcf240fe63e134b","[PREMIUM]","[PREMIUM]","[PREMIUM]","[PREMIUM]","[PREMIUM]","[1,2,3,4,6,8]","A","A","Promenade","['*','*','*','*','*','*','*','*']","mobile","tm","tmqr",,"[PREMIUM]","[PREMIUM]","[]","2026-09-24 00:00:00","Codiciado (Rescheduled from 3/27/26)","music","2026-09-26 03:00:00","57605270f80c41406236f6c1"
"6a706fb5cae4dcd80f13df75","2026-08-04 08:20:56.115","2026-08-06 14:50:14.707","6a706fb5cae4dcd80f13df75","69375825abcf240fe63e134b","[PREMIUM]","[PREMIUM]","[PREMIUM]","[PREMIUM]","[PREMIUM]","[2,4]","AAA","8","Orchestra Pit","['*','*','*','*']","mobile","tm","tmqr",,"[PREMIUM]","[PREMIUM]","[]","2026-09-24 00:00:00","Codiciado (Rescheduled from 3/27/26)","music","2026-09-26 03:00:00","57605270f80c41406236f6c1"
"6a7069e49c99e401cad2ad2c","2026-08-04 08:20:56.115","2026-08-06 14:50:14.707","6a7069e49c99e401cad2ad2c","69375825abcf240fe63e134b","[PREMIUM]","[PREMIUM]","[PREMIUM]","[PREMIUM]","[PREMIUM]","[2,4]","AAA","4","Orchestra Pit","['*','*','*','*']","mobile","tm","tmqr","great","[PREMIUM]","[PREMIUM]","[]","2026-09-24 00:00:00","Codiciado (Rescheduled from 3/27/26)","music","2026-09-26 03:00:00","57605270f80c41406236f6c1"
"6a7073721355d96ecfc2b4af","2026-08-04 08:20:56.115","2026-08-06 14:50:14.707","6a7073721355d96ecfc2b4af","69375825abcf240fe63e134b","[PREMIUM]","[PREMIUM]","[PREMIUM]","[PREMIUM]","[PREMIUM]","[1,2,3,4,6,8]","E","A","Promenade","['*','*','*','*','*','*','*','*']","mobile","tm","tmqr","great","[PREMIUM]","[PREMIUM]","[]","2026-09-24 00:00:00","Codiciado (Rescheduled from 3/27/26)","music","2026-09-26 03:00:00","57605270f80c41406236f6c1"
"6a68bff958f913a522675247","2026-08-04 08:20:55.940","2026-08-04 08:20:55.940","6a68bff958f913a522675247","6942fa1da959d170e4a8b204","[PREMIUM]","[PREMIUM]","[PREMIUM]","[PREMIUM]","[PREMIUM]","[2]","203","G","Upper","['*','*']","mobile",,"tmqr",,"[PREMIUM]","[PREMIUM]","[]","2026-10-13 23:30:00","Loudoun United FC at Rhode Island FC (Rescheduled from 3/7)","usl","2026-10-14 23:30:00","68a33f68d5c477be36406dc6"
"6a5d60e7bc553686f8cd2114","2026-08-04 08:20:55.940","2026-08-13 11:23:20.088","6a5d60e7bc553686f8cd2114","6942fa1da959d170e4a8b204","[PREMIUM]","[PREMIUM]","[PREMIUM]","[PREMIUM]","[PREMIUM]","[2]","209","D","Upper","['*','*']","mobile",,"tmqr","great","[PREMIUM]","[PREMIUM]","[]","2026-10-13 23:30:00","Loudoun United FC at Rhode Island FC (Rescheduled from 3/7)","usl","2026-10-14 23:30:00","68a33f68d5c477be36406dc6"
"6a711371d4a34a52554ef196","2026-08-04 08:20:55.940","2026-08-05 11:33:17.635","6a711371d4a34a52554ef196","6942fa1da959d170e4a8b204","[PREMIUM]","[PREMIUM]","[PREMIUM]","[PREMIUM]","[PREMIUM]","[1,2]","102","I",,"['*','*']","mobile",,"tmqr","amazing","[PREMIUM]","[PREMIUM]","[]","2026-10-13 00:00:00","Loudoun United FC at Rhode Island FC (Rescheduled from 3/7)","usl","2026-10-14 23:30:00","68a33f68d5c477be36406dc6"
"6a70fcecfa98abb19f16fc2a","2026-08-04 08:20:55.940","2026-08-05 11:33:17.635","6a70fcecfa98abb19f16fc2a","6942fa1da959d170e4a8b204","[PREMIUM]","[PREMIUM]","[PREMIUM]","[PREMIUM]","[PREMIUM]","[1,2]","130","F",,"['*','*']","mobile",,"tmqr","amazing","[PREMIUM]","[PREMIUM]","[]","2026-10-13 00:00:00","Loudoun United FC at Rhode Island FC (Rescheduled from 3/7)","usl","2026-10-14 23:30:00","68a33f68d5c477be36406dc6"
"6a7146f052b31e8f92a527d9","2026-08-04 08:20:54.665","2026-08-06 14:50:13.409","6a7146f052b31e8f92a527d9","693752a2754dd3549b55eebe","[PREMIUM]","[PREMIUM]","[PREMIUM]","[PREMIUM]","[PREMIUM]","[2,4]","109","E","Lower","['*','*','*','*']","mobile","tm","tmqr",,"[PREMIUM]","[PREMIUM]","[]","2026-10-01 00:00:00","Codiciado (Rescheduled from 3/28/26)","music","2026-10-03 03:00:00","57d8b1f050575d33c8737920"
"6a71044a7e3fd3db933bb0a2","2026-08-04 08:20:54.665","2026-08-06 14:50:13.409","6a71044a7e3fd3db933bb0a2","693752a2754dd3549b55eebe","[PREMIUM]","[PREMIUM]","[PREMIUM]","[PREMIUM]","[PREMIUM]","[1,2,3,4]","115","J","Lower","['*','*','*','*']","mobile","tm","tmqr",,"[PREMIUM]","[PREMIUM]","[]",,"Codiciado (Rescheduled from 3/28/26)","music","2026-10-03 03:00:00","57d8b1f050575d33c8737920"
"6a70603f49e7c2047e74d375","2026-08-04 08:20:54.665","2026-08-06 14:50:13.409","6a70603f49e7c2047e74d375","693752a2754dd3549b55eebe","[PREMIUM]","[PREMIUM]","[PREMIUM]","[PREMIUM]","[PREMIUM]","[1,2,4,6]","FLR2","26","Floor","['*','*','*','*','*','*']","mobile","tm","tmqr",,"[PREMIUM]","[PREMIUM]","[]","2026-10-01 00:00:00","Codiciado (Rescheduled from 3/28/26)","music","2026-10-03 03:00:00","57d8b1f050575d33c8737920"
"6a7062d0bb1ea3a7241e80cd","2026-08-04 08:20:54.665","2026-08-06 14:50:13.409","6a7062d0bb1ea3a7241e80cd","693752a2754dd3549b55eebe","[PREMIUM]","[PREMIUM]","[PREMIUM]","[PREMIUM]","[PREMIUM]","[1,2,3,4,6,8]","209","J","Upper","['*','*','*','*','*','*','*','*']","mobile","tm","tmqr","amazing","[PREMIUM]","[PREMIUM]","[]","2026-10-01 00:00:00","Codiciado (Rescheduled from 3/28/26)","music","2026-10-03 03:00:00","57d8b1f050575d33c8737920"
"6a7064bc1fc6a3da91320aad","2026-08-04 08:20:54.665","2026-08-06 14:50:13.409","6a7064bc1fc6a3da91320aad","693752a2754dd3549b55eebe","[PREMIUM]","[PREMIUM]","[PREMIUM]","[PREMIUM]","[PREMIUM]","[1,2,3,4,6,8]","109","N","Lower","['*','*','*','*','*','*','*','*']","mobile","tm","tmqr","great","[PREMIUM]","[PREMIUM]","[]","2026-10-01 00:00:00","Codiciado (Rescheduled from 3/28/26)","music","2026-10-03 03:00:00","57d8b1f050575d33c8737920"
"6a7062c19c99e401cad2a8d4","2026-08-04 08:20:54.665","2026-08-06 14:50:13.409","6a7062c19c99e401cad2a8d4","693752a2754dd3549b55eebe","[PREMIUM]","[PREMIUM]","[PREMIUM]","[PREMIUM]","[PREMIUM]","[1,2,3,4,6,8]","212","A","Upper","['*','*','*','*','*','*','*','*']","mobile","tm","tmqr","amazing","[PREMIUM]","[PREMIUM]","[]","2026-10-01 00:00:00","Codiciado (Rescheduled from 3/28/26)","music","2026-10-03 03:00:00","57d8b1f050575d33c8737920"
"6a706052cae4dcd80f13d3ae","2026-08-04 08:20:54.665","2026-08-06 14:50:13.409","6a706052cae4dcd80f13d3ae","693752a2754dd3549b55eebe","[PREMIUM]","[PREMIUM]","[PREMIUM]","[PREMIUM]","[PREMIUM]","[2]","FLR2","21","Floor","['*','*']","mobile","tm","tmqr","great","[PREMIUM]","[PREMIUM]","[]","2026-10-01 00:00:00","Codiciado (Rescheduled from 3/28/26)","music","2026-10-03 03:00:00","57d8b1f050575d33c8737920"
"6a7065921355d96ecfc2a83f","2026-08-04 08:20:54.665","2026-08-06 14:50:13.409","6a7065921355d96ecfc2a83f","693752a2754dd3549b55eebe","[PREMIUM]","[PREMIUM]","[PREMIUM]","[PREMIUM]","[PREMIUM]","[2]","213","J","Upper","['*','*']","mobile","tm","tmqr","great","[PREMIUM]","[PREMIUM]","[]","2026-10-01 00:00:00","Codiciado (Rescheduled from 3/28/26)","music","2026-10-03 03:00:00","57d8b1f050575d33c8737920"
"6a7065cf07dc9fd3b2cd7b63","2026-08-04 08:20:54.665","2026-08-06 14:50:13.409","6a7065cf07dc9fd3b2cd7b63","693752a2754dd3549b55eebe","[PREMIUM]","[PREMIUM]","[PREMIUM]","[PREMIUM]","[PREMIUM]","[2,4]","FLR4","25","Floor","['*','*','*','*']","mobile","tm","tmqr","great","[PREMIUM]","[PREMIUM]","[]","2026-10-01 00:00:00","Codiciado (Rescheduled from 3/28/26)","music","2026-10-03 03:00:00","57d8b1f050575d33c8737920"
"6a706451bafa182b3bfaf2b4","2026-08-04 08:20:54.665","2026-08-06 14:50:13.409","6a706451bafa182b3bfaf2b4","693752a2754dd3549b55eebe","[PREMIUM]","[PREMIUM]","[PREMIUM]","[PREMIUM]","[PREMIUM]","[2,4]","FLR1","6","Floor","['*','*','*','*']","mobile","tm","tmqr",,"[PREMIUM]","[PREMIUM]","[]","2026-10-01 00:00:00","Codiciado (Rescheduled from 3/28/26)","music","2026-10-03 03:00:00","57d8b1f050575d33c8737920"
"6a7064866d935ab0b5555675","2026-08-04 08:20:54.665","2026-08-06 14:50:13.409","6a7064866d935ab0b5555675","693752a2754dd3549b55eebe","[PREMIUM]","[PREMIUM]","[PREMIUM]","[PREMIUM]","[PREMIUM]","[1,2,3,5,7]","215","K","Upper","['*','*','*','*','*','*','*']","mobile","tm","tmqr","great","[PREMIUM]","[PREMIUM]","[]","2026-10-01 00:00:00","Codiciado (Rescheduled from 3/28/26)","music","2026-10-03 03:00:00","57d8b1f050575d33c8737920"
"6a7065a9cae4dcd80f13d775","2026-08-04 08:20:54.665","2026-08-06 14:50:13.409","6a7065a9cae4dcd80f13d775","693752a2754dd3549b55eebe","[PREMIUM]","[PREMIUM]","[PREMIUM]","[PREMIUM]","[PREMIUM]","[1,2,3,4,6,8]","212","J","Upper","['*','*','*','*','*','*','*','*']","mobile","tm","tmqr",,"[PREMIUM]","[PREMIUM]","[]","2026-10-01 00:00:00","Codiciado (Rescheduled from 3/28/26)","music","2026-10-03 03:00:00","57d8b1f050575d33c8737920"
"6a706342d4df30ad3b3665cc","2026-08-04 08:20:54.665","2026-08-06 14:50:13.409","6a706342d4df30ad3b3665cc","693752a2754dd3549b55eebe","[PREMIUM]","[PREMIUM]","[PREMIUM]","[PREMIUM]","[PREMIUM]","[2,4]","105","D","Lower","['*','*','*','*']","mobile","tm","tmqr",,"[PREMIUM]","[PREMIUM]","[]","2026-10-01 00:00:00","Codiciado (Rescheduled from 3/28/26)","music","2026-10-03 03:00:00","57d8b1f050575d33c8737920"
"6a70649b1355d96ecfc2a7c1","2026-08-04 08:20:54.665","2026-08-06 14:50:13.409","6a70649b1355d96ecfc2a7c1","693752a2754dd3549b55eebe","[PREMIUM]","[PREMIUM]","[PREMIUM]","[PREMIUM]","[PREMIUM]","[1,2,3,4,6,8]","208","J","Upper","['*','*','*','*','*','*','*','*']","mobile","tm","tmqr",,"[PREMIUM]","[PREMIUM]","[]","2026-10-01 00:00:00","Codiciado (Rescheduled from 3/28/26)","music","2026-10-03 03:00:00","57d8b1f050575d33c8737920"
"6a70624b1a07635eabade052","2026-08-04 08:20:54.665","2026-08-06 14:50:13.409","6a70624b1a07635eabade052","693752a2754dd3549b55eebe","[PREMIUM]","[PREMIUM]","[PREMIUM]","[PREMIUM]","[PREMIUM]","[1,2,3,4,6,8]","215","A","Upper","['*','*','*','*','*','*','*','*']","mobile","tm","tmqr",,"[PREMIUM]","[PREMIUM]","[]","2026-10-01 00:00:00","Codiciado (Rescheduled from 3/28/26)","music","2026-10-03 03:00:00","57d8b1f050575d33c8737920"
"6a70626b62a6abbb7a5b57a4","2026-08-04 08:20:54.665","2026-08-06 14:50:13.409","6a70626b62a6abbb7a5b57a4","693752a2754dd3549b55eebe","[PREMIUM]","[PREMIUM]","[PREMIUM]","[PREMIUM]","[PREMIUM]","[1,2,3,5,7]","206","B","Upper","['*','*','*','*','*','*','*']","mobile","tm","tmqr","amazing","[PREMIUM]","[PREMIUM]","[]","2026-10-01 00:00:00","Codiciado (Rescheduled from 3/28/26)","music","2026-10-03 03:00:00","57d8b1f050575d33c8737920"
"6a7065d443a885df9f20d3b1","2026-08-04 08:20:54.665","2026-08-06 14:50:13.409","6a7065d443a885df9f20d3b1","693752a2754dd3549b55eebe","[PREMIUM]","[PREMIUM]","[PREMIUM]","[PREMIUM]","[PREMIUM]","[1,2,3,4,6,8]","117","N","Lower","['*','*','*','*','*','*','*','*']","mobile","tm","tmqr",,"[PREMIUM]","[PREMIUM]","[]","2026-10-01 00:00:00","Codiciado (Rescheduled from 3/28/26)","music","2026-10-03 03:00:00","57d8b1f050575d33c8737920"
"6a70638559c8ff2659074280","2026-08-04 08:20:54.665","2026-08-04 08:20:54.665","6a70638559c8ff2659074280","693752a2754dd3549b55eebe","[PREMIUM]","[PREMIUM]","[PREMIUM]","[PREMIUM]","[PREMIUM]","[2,4]","104","C","Lower","['*','*','*','*']","mobile","tm","tmqr",,"[PREMIUM]","[PREMIUM]","[]","2026-10-01 00:00:00","Codiciado (Rescheduled from 3/28/26)","music","2026-10-03 03:00:00","57d8b1f050575d33c8737920"
"6a706427d2356d0c6dbf2232","2026-08-04 08:20:54.665","2026-08-05 11:33:16.352","6a706427d2356d0c6dbf2232","693752a2754dd3549b55eebe","[PREMIUM]","[PREMIUM]","[PREMIUM]","[PREMIUM]","[PREMIUM]","[2,4]","210","J","Upper","['*','*','*','*']","mobile","tm","tmqr","great","[PREMIUM]","[PREMIUM]","[]","2026-10-01 00:00:00","Codiciado (Rescheduled from 3/28/26)","music","2026-10-03 03:00:00","57d8b1f050575d33c8737920"
"6a70655662a6abbb7a5b5944","2026-08-04 08:20:54.665","2026-08-06 14:50:13.409","6a70655662a6abbb7a5b5944","693752a2754dd3549b55eebe","[PREMIUM]","[PREMIUM]","[PREMIUM]","[PREMIUM]","[PREMIUM]","[1,2,3,4,6,8]","204","K","Upper","['*','*','*','*','*','*','*','*']","mobile","tm","tmqr",,"[PREMIUM]","[PREMIUM]","[]","2026-10-01 00:00:00","Codiciado (Rescheduled from 3/28/26)","music","2026-10-03 03:00:00","57d8b1f050575d33c8737920"
"6a706384d2c16f3df5750b44","2026-08-04 08:20:54.665","2026-08-06 14:50:13.409","6a706384d2c16f3df5750b44","693752a2754dd3549b55eebe","[PREMIUM]","[PREMIUM]","[PREMIUM]","[PREMIUM]","[PREMIUM]","[1,2,3,4,6,8]","111","N","Lower","['*','*','*','*','*','*','*','*']","mobile","tm","tmqr","great","[PREMIUM]","[PREMIUM]","[]","2026-10-01 00:00:00","Codiciado (Rescheduled from 3/28/26)","music","2026-10-03 03:00:00","57d8b1f050575d33c8737920"
"6a7063a342d262afd42872c9","2026-08-04 08:20:54.665","2026-08-06 14:50:13.409","6a7063a342d262afd42872c9","693752a2754dd3549b55eebe","[PREMIUM]","[PREMIUM]","[PREMIUM]","[PREMIUM]","[PREMIUM]","[1,2,3,4,6,8]","112","O","Lower","['*','*','*','*','*','*','*','*']","mobile","tm","tmqr","amazing","[PREMIUM]","[PREMIUM]","[]","2026-10-01 00:00:00","Codiciado (Rescheduled from 3/28/26)","music","2026-10-03 03:00:00","57d8b1f050575d33c8737920"
"6a7061a8d4df30ad3b36649a","2026-08-04 08:20:54.665","2026-08-06 14:50:13.409","6a7061a8d4df30ad3b36649a","693752a2754dd3549b55eebe","[PREMIUM]","[PREMIUM]","[PREMIUM]","[PREMIUM]","[PREMIUM]","[1,2,3,4,6,8]","214","K","Upper","['*','*','*','*','*','*','*','*']","mobile","tm","tmqr",,"[PREMIUM]","[PREMIUM]","[]","2026-10-01 00:00:00","Codiciado (Rescheduled from 3/28/26)","music","2026-10-03 03:00:00","57d8b1f050575d33c8737920"
"6a706337d2356d0c6dbf21b6","2026-08-04 08:20:54.665","2026-08-06 14:50:13.409","6a706337d2356d0c6dbf21b6","693752a2754dd3549b55eebe","[PREMIUM]","[PREMIUM]","[PREMIUM]","[PREMIUM]","[PREMIUM]","[1,2,3,4,6,8]","211","J","Upper","['*','*','*','*','*','*','*','*']","mobile","tm","tmqr",,"[PREMIUM]","[PREMIUM]","[]","2026-10-01 00:00:00","Codiciado (Rescheduled from 3/28/26)","music","2026-10-03 03:00:00","57d8b1f050575d33c8737920"
"6a70627355425e20a2b30e4b","2026-08-04 08:20:54.665","2026-08-06 14:50:13.409","6a70627355425e20a2b30e4b","693752a2754dd3549b55eebe","[PREMIUM]","[PREMIUM]","[PREMIUM]","[PREMIUM]","[PREMIUM]","[1,2,3,4,6,8]","203","C","Upper","['*','*','*','*','*','*','*','*']","mobile","tm","tmqr","great","[PREMIUM]","[PREMIUM]","[]","2026-10-01 00:00:00","Codiciado (Rescheduled from 3/28/26)","music","2026-10-03 03:00:00","57d8b1f050575d33c8737920"
"6a7060ad810ad4fe6a945a05","2026-08-04 08:20:54.665","2026-08-06 14:50:13.409","6a7060ad810ad4fe6a945a05","693752a2754dd3549b55eebe","[PREMIUM]","[PREMIUM]","[PREMIUM]","[PREMIUM]","[PREMIUM]","[2]","108","O","Lower","['*','*']","mobile","tm","tmqr",,"[PREMIUM]","[PREMIUM]","[]","2026-10-01 00:00:00","Codiciado (Rescheduled from 3/28/26)","music","2026-10-03 03:00:00","57d8b1f050575d33c8737920"
"6a706223e070d2d8c31d71e9","2026-08-04 08:20:54.665","2026-08-06 14:50:13.409","6a706223e070d2d8c31d71e9","693752a2754dd3549b55eebe","[PREMIUM]","[PREMIUM]","[PREMIUM]","[PREMIUM]","[PREMIUM]","[1,2,3,4,6,8]","216","N","Upper","['*','*','*','*','*','*','*','*']","mobile","tm","tmqr",,"[PREMIUM]","[PREMIUM]","[]","2026-10-01 00:00:00","Codiciado (Rescheduled from 3/28/26)","music","2026-10-03 03:00:00","57d8b1f050575d33c8737920"
"6a70621f9abaa1ace6bdfdcc","2026-08-04 08:20:54.665","2026-08-06 14:50:13.409","6a70621f9abaa1ace6bdfdcc","693752a2754dd3549b55eebe","[PREMIUM]","[PREMIUM]","[PREMIUM]","[PREMIUM]","[PREMIUM]","[1,2,3,4,6,8]","FLR6","2","Floor","['*','*','*','*','*','*','*','*']","mobile","tm","tmqr",,"[PREMIUM]","[PREMIUM]","[]","2026-10-01 00:00:00","Codiciado (Rescheduled from 3/28/26)","music","2026-10-03 03:00:00","57d8b1f050575d33c8737920"
"6a70644b1a07635eabade1b4","2026-08-04 08:20:54.665","2026-08-06 14:50:13.409","6a70644b1a07635eabade1b4","693752a2754dd3549b55eebe","[PREMIUM]","[PREMIUM]","[PREMIUM]","[PREMIUM]","[PREMIUM]","[1,2,3,4,6,8]","217","N","Upper","['*','*','*','*','*','*','*','*']","mobile","tm","tmqr","great","[PREMIUM]","[PREMIUM]","[]","2026-10-01 00:00:00","Codiciado (Rescheduled from 3/28/26)","music","2026-10-03 03:00:00","57d8b1f050575d33c8737920"
"6a7060f759c8ff265907406c","2026-08-04 08:20:54.665","2026-08-06 14:50:13.409","6a7060f759c8ff265907406c","693752a2754dd3549b55eebe","[PREMIUM]","[PREMIUM]","[PREMIUM]","[PREMIUM]","[PREMIUM]","[1,2,3,4,6,8]","104","N","Lower","['*','*','*','*','*','*','*','*']","mobile","tm","tmqr","great","[PREMIUM]","[PREMIUM]","[]","2026-10-01 00:00:00","Codiciado (Rescheduled from 3/28/26)","music","2026-10-03 03:00:00","57d8b1f050575d33c8737920"
"6a70643b35f4f206d04f504e","2026-08-04 08:20:54.665","2026-08-06 14:50:13.409","6a70643b35f4f206d04f504e","693752a2754dd3549b55eebe","[PREMIUM]","[PREMIUM]","[PREMIUM]","[PREMIUM]","[PREMIUM]","[2,4]","116","C","Lower","['*','*','*','*']","mobile","tm","tmqr","great","[PREMIUM]","[PREMIUM]","[]","2026-10-01 00:00:00","Codiciado (Rescheduled from 3/28/26)","music","2026-10-03 03:00:00","57d8b1f050575d33c8737920"
"6a7060a143a885df9f20d00d","2026-08-04 08:20:54.665","2026-08-06 14:50:13.409","6a7060a143a885df9f20d00d","693752a2754dd3549b55eebe","[PREMIUM]","[PREMIUM]","[PREMIUM]","[PREMIUM]","[PREMIUM]","[1,2,3,4,6,8]","FLR5","3","Floor","['*','*','*','*','*','*','*','*']","mobile","tm","tmqr",,"[PREMIUM]","[PREMIUM]","[]","2026-10-01 00:00:00","Codiciado (Rescheduled from 3/28/26)","music","2026-10-03 03:00:00","57d8b1f050575d33c8737920"
"6a706452f522532f3ab08630","2026-08-04 08:20:54.665","2026-08-06 14:50:13.409","6a706452f522532f3ab08630","693752a2754dd3549b55eebe","[PREMIUM]","[PREMIUM]","[PREMIUM]","[PREMIUM]","[PREMIUM]","[1,2,3,4,6,8]","FLR1","26","Floor","['*','*','*','*','*','*','*','*']","mobile","tm","tmqr","great","[PREMIUM]","[PREMIUM]","[]","2026-10-01 00:00:00","Codiciado (Rescheduled from 3/28/26)","music","2026-10-03 03:00:00","57d8b1f050575d33c8737920"
"6a706571b95065cf8bb7a272","2026-08-04 08:20:54.665","2026-08-06 14:50:13.409","6a706571b95065cf8bb7a272","693752a2754dd3549b55eebe","[PREMIUM]","[PREMIUM]","[PREMIUM]","[PREMIUM]","[PREMIUM]","[2]","FLR6","23","Floor","['*','*']","mobile","tm","tmqr","great","[PREMIUM]","[PREMIUM]","[]","2026-10-01 00:00:00","Codiciado (Rescheduled from 3/28/26)","music","2026-10-03 03:00:00","57d8b1f050575d33c8737920"
"6a706530b95065cf8bb7a249","2026-08-04 08:20:54.665","2026-08-06 14:50:13.409","6a706530b95065cf8bb7a249","693752a2754dd3549b55eebe","[PREMIUM]","[PREMIUM]","[PREMIUM]","[PREMIUM]","[PREMIUM]","[1,2,4,6]","207","J","Upper","['*','*','*','*','*','*']","mobile","tm","tmqr",,"[PREMIUM]","[PREMIUM]","[]","2026-10-01 00:00:00","Codiciado (Rescheduled from 3/28/26)","music","2026-10-03 03:00:00","57d8b1f050575d33c8737920"
"6a7067e559c8ff265907450b","2026-08-04 08:20:54.665","2026-08-06 14:50:13.409","6a7067e559c8ff265907450b","693752a2754dd3549b55eebe","[PREMIUM]","[PREMIUM]","[PREMIUM]","[PREMIUM]","[PREMIUM]","[1,2,3,4,6,8]","115","N","Lower","['*','*','*','*','*','*','*','*']","mobile","tm","tmqr",,"[PREMIUM]","[PREMIUM]","[]","2026-10-01 00:00:00","Codiciado (Rescheduled from 3/28/26)","music","2026-10-03 03:00:00","57d8b1f050575d33c8737920"
"6a70682b86a5cb1ae8c30808","2026-08-04 08:20:54.665","2026-08-06 14:50:13.409","6a70682b86a5cb1ae8c30808","693752a2754dd3549b55eebe","[PREMIUM]","[PREMIUM]","[PREMIUM]","[PREMIUM]","[PREMIUM]","[1,2,3,4,6,8]","203","K","Upper","['*','*','*','*','*','*','*','*']","mobile","tm","tmqr",,"[PREMIUM]","[PREMIUM]","[]","2026-10-01 00:00:00","Codiciado (Rescheduled from 3/28/26)","music","2026-10-03 03:00:00","57d8b1f050575d33c8737920"
"6a7066d1472528bc6bbb1473","2026-08-04 08:20:54.665","2026-08-06 14:50:13.409","6a7066d1472528bc6bbb1473","693752a2754dd3549b55eebe","[PREMIUM]","[PREMIUM]","[PREMIUM]","[PREMIUM]","[PREMIUM]","[1,2,3,4,6,8]","116","N","Lower","['*','*','*','*','*','*','*','*']","mobile","tm","tmqr",,"[PREMIUM]","[PREMIUM]","[]","2026-10-01 00:00:00","Codiciado (Rescheduled from 3/28/26)","music","2026-10-03 03:00:00","57d8b1f050575d33c8737920"
"6a70694286a5cb1ae8c308b2","2026-08-04 08:20:54.665","2026-08-06 14:50:13.409","6a70694286a5cb1ae8c308b2","693752a2754dd3549b55eebe","[PREMIUM]","[PREMIUM]","[PREMIUM]","[PREMIUM]","[PREMIUM]","[1,2,3,4,6,8]","206","M","Upper","['*','*','*','*','*','*','*','*']","mobile","tm","tmqr","cheapest","[PREMIUM]","[PREMIUM]","[]","2026-10-01 00:00:00","Codiciado (Rescheduled from 3/28/26)","music","2026-10-03 03:00:00","57d8b1f050575d33c8737920"
"6a7067ff28fdf551674590fb","2026-08-04 08:20:54.665","2026-08-06 14:50:13.409","6a7067ff28fdf551674590fb","693752a2754dd3549b55eebe","[PREMIUM]","[PREMIUM]","[PREMIUM]","[PREMIUM]","[PREMIUM]","[1,2,3,4,6,8]","FLR3","26","Floor","['*','*','*','*','*','*','*','*']","mobile","tm","tmqr",,"[PREMIUM]","[PREMIUM]","[]","2026-10-01 00:00:00","Codiciado (Rescheduled from 3/28/26)","music","2026-10-03 03:00:00","57d8b1f050575d33c8737920"
"6a7067c907dc9fd3b2cd7cb2","2026-08-04 08:20:54.665","2026-08-06 14:50:13.409","6a7067c907dc9fd3b2cd7cb2","693752a2754dd3549b55eebe","[PREMIUM]","[PREMIUM]","[PREMIUM]","[PREMIUM]","[PREMIUM]","[1,2,3,4,6,8]","106","N","Lower","['*','*','*','*','*','*','*','*']","mobile","tm","tmqr",,"[PREMIUM]","[PREMIUM]","[]","2026-10-01 00:00:00","Codiciado (Rescheduled from 3/28/26)","music","2026-10-03 03:00:00","57d8b1f050575d33c8737920"
"6a7068a5472528bc6bbb1589","2026-08-04 08:20:54.665","2026-08-06 14:50:13.409","6a7068a5472528bc6bbb1589","693752a2754dd3549b55eebe","[PREMIUM]","[PREMIUM]","[PREMIUM]","[PREMIUM]","[PREMIUM]","[1,2,3,4,6,8]","204","B","Upper","['*','*','*','*','*','*','*','*']","mobile","tm","tmqr",,"[PREMIUM]","[PREMIUM]","[]","2026-10-01 00:00:00","Codiciado (Rescheduled from 3/28/26)","music","2026-10-03 03:00:00","57d8b1f050575d33c8737920"
"6a706879bafa182b3bfaf53e","2026-08-04 08:20:54.665","2026-08-06 14:50:13.409","6a706879bafa182b3bfaf53e","693752a2754dd3549b55eebe","[PREMIUM]","[PREMIUM]","[PREMIUM]","[PREMIUM]","[PREMIUM]","[1,2,3,4,6,8]","114","N","Lower","['*','*','*','*','*','*','*','*']","mobile","tm","tmqr","great","[PREMIUM]","[PREMIUM]","[]","2026-10-01 00:00:00","Codiciado (Rescheduled from 3/28/26)","music","2026-10-03 03:00:00","57d8b1f050575d33c8737920"
"6a706795bb1ea3a7241e83ca","2026-08-04 08:20:54.665","2026-08-05 11:33:16.352","6a706795bb1ea3a7241e83ca","693752a2754dd3549b55eebe","[PREMIUM]","[PREMIUM]","[PREMIUM]","[PREMIUM]","[PREMIUM]","[2,4]","106","A","Lower","['*','*','*','*']","mobile","tm","tmqr",,"[PREMIUM]","[PREMIUM]","[]","2026-10-01 00:00:00","Codiciado (Rescheduled from 3/28/26)","music","2026-10-03 03:00:00","57d8b1f050575d33c8737920"
"6a70688a86a5cb1ae8c30845","2026-08-04 08:20:54.665","2026-08-06 14:50:13.409","6a70688a86a5cb1ae8c30845","693752a2754dd3549b55eebe","[PREMIUM]","[PREMIUM]","[PREMIUM]","[PREMIUM]","[PREMIUM]","[1,2,3,4,6,8]","103","N","Lower","['*','*','*','*','*','*','*','*']","mobile","tm","tmqr",,"[PREMIUM]","[PREMIUM]","[]","2026-10-01 00:00:00","Codiciado (Rescheduled from 3/28/26)","music","2026-10-03 03:00:00","57d8b1f050575d33c8737920"
"6a7068076462f5aba572a825","2026-08-04 08:20:54.665","2026-08-06 14:50:13.409","6a7068076462f5aba572a825","693752a2754dd3549b55eebe","[PREMIUM]","[PREMIUM]","[PREMIUM]","[PREMIUM]","[PREMIUM]","[2,4]","114","C","Lower","['*','*','*','*']","mobile","tm","tmqr",,"[PREMIUM]","[PREMIUM]","[]","2026-10-01 00:00:00","Codiciado (Rescheduled from 3/28/26)","music","2026-10-03 03:00:00","57d8b1f050575d33c8737920"
"6a7068125d5b5a5db78df150","2026-08-04 08:20:54.665","2026-08-06 14:50:13.409","6a7068125d5b5a5db78df150","693752a2754dd3549b55eebe","[PREMIUM]","[PREMIUM]","[PREMIUM]","[PREMIUM]","[PREMIUM]","[2]","205","A","Upper","['*','*']","mobile","tm","tmqr",,"[PREMIUM]","[PREMIUM]","[]","2026-10-01 00:00:00","Codiciado (Rescheduled from 3/28/26)","music","2026-10-03 03:00:00","57d8b1f050575d33c8737920"
"6a7066d4df4d550d04a75151","2026-08-04 08:20:54.665","2026-08-06 14:50:13.409","6a7066d4df4d550d04a75151","693752a2754dd3549b55eebe","[PREMIUM]","[PREMIUM]","[PREMIUM]","[PREMIUM]","[PREMIUM]","[1,2,3,4,6,8]","216","B","Upper","['*','*','*','*','*','*','*','*']","mobile","tm","tmqr",,"[PREMIUM]","[PREMIUM]","[]","2026-10-01 00:00:00","Codiciado (Rescheduled from 3/28/26)","music","2026-10-03 03:00:00","57d8b1f050575d33c8737920"
"6a706924f6ce16537bf83b59","2026-08-04 08:20:54.665","2026-08-06 14:50:13.409","6a706924f6ce16537bf83b59","693752a2754dd3549b55eebe","[PREMIUM]","[PREMIUM]","[PREMIUM]","[PREMIUM]","[PREMIUM]","[1,2,3,4,6,8]","105","N","Lower","['*','*','*','*','*','*','*','*']","mobile","tm","tmqr",,"[PREMIUM]","[PREMIUM]","[]","2026-10-01 00:00:00","Codiciado (Rescheduled from 3/28/26)","music","2026-10-03 03:00:00","57d8b1f050575d33c8737920"
"6a70682d28fdf5516745911b","2026-08-04 08:20:54.665","2026-08-06 14:50:13.409","6a70682d28fdf5516745911b","693752a2754dd3549b55eebe","[PREMIUM]","[PREMIUM]","[PREMIUM]","[PREMIUM]","[PREMIUM]","[2]","205","M","Upper","['*','*']","mobile","tm","tmqr","amazing","[PREMIUM]","[PREMIUM]","[]","2026-10-01 00:00:00","Codiciado (Rescheduled from 3/28/26)","music","2026-10-03 03:00:00","57d8b1f050575d33c8737920"
"6a70686f6d935ab0b55558af","2026-08-04 08:20:54.665","2026-08-06 14:50:13.409","6a70686f6d935ab0b55558af","693752a2754dd3549b55eebe","[PREMIUM]","[PREMIUM]","[PREMIUM]","[PREMIUM]","[PREMIUM]","[2,4]","211","B","Upper","['*','*','*','*']","mobile","tm","tmqr",,"[PREMIUM]","[PREMIUM]","[]","2026-10-01 00:00:00","Codiciado (Rescheduled from 3/28/26)","music","2026-10-03 03:00:00","57d8b1f050575d33c8737920"
"6a70678d539bc24e449d4e90","2026-08-04 08:20:54.665","2026-08-05 11:33:16.352","6a70678d539bc24e449d4e90","693752a2754dd3549b55eebe","[PREMIUM]","[PREMIUM]","[PREMIUM]","[PREMIUM]","[PREMIUM]","[1,2,3,4,6,8]","103","D","Lower","['*','*','*','*','*','*','*','*']","mobile","tm","tmqr",,"[PREMIUM]","[PREMIUM]","[]","2026-10-01 00:00:00","Codiciado (Rescheduled from 3/28/26)","music","2026-10-03 03:00:00","57d8b1f050575d33c8737920"
"6a71172b849d45d7b33d1eba","2026-08-04 08:20:54.665","2026-08-06 14:50:13.409","6a71172b849d45d7b33d1eba","693752a2754dd3549b55eebe","[PREMIUM]","[PREMIUM]","[PREMIUM]","[PREMIUM]","[PREMIUM]","[1,2,3,4]","117","J","Lower","['*','*','*','*']","mobile","tm","tmqr",,"[PREMIUM]","[PREMIUM]","[]",,"Codiciado (Rescheduled from 3/28/26)","music","2026-10-03 03:00:00","57d8b1f050575d33c8737920"
"6a710ac8a9565186658e7a13","2026-08-04 08:20:54.665","2026-08-06 14:50:13.409","6a710ac8a9565186658e7a13","693752a2754dd3549b55eebe","[PREMIUM]","[PREMIUM]","[PREMIUM]","[PREMIUM]","[PREMIUM]","[1,2,3,4]","105","J","Lower","['*','*','*','*']","mobile","tm","tmqr",,"[PREMIUM]","[PREMIUM]","[]",,"Codiciado (Rescheduled from 3/28/26)","music","2026-10-03 03:00:00","57d8b1f050575d33c8737920"
"6a70fcc4e5a09c53528c61e4","2026-08-04 08:20:54.665","2026-08-06 14:50:13.409","6a70fcc4e5a09c53528c61e4","693752a2754dd3549b55eebe","[PREMIUM]","[PREMIUM]","[PREMIUM]","[PREMIUM]","[PREMIUM]","[1,2,3,4]","FLR5","15","Floor","['*','*','*','*']","mobile","tm","tmqr",,"[PREMIUM]","[PREMIUM]","[]",,"Codiciado (Rescheduled from 3/28/26)","music","2026-10-03 03:00:00","57d8b1f050575d33c8737920"
"6a71007918c34cc26fcf797e","2026-08-04 08:20:54.665","2026-08-06 14:50:13.409","6a71007918c34cc26fcf797e","693752a2754dd3549b55eebe","[PREMIUM]","[PREMIUM]","[PREMIUM]","[PREMIUM]","[PREMIUM]","[1,2,3,4]","FLR1","10","Floor","['*','*','*','*']","mobile","tm","tmqr",,"[PREMIUM]","[PREMIUM]","[]",,"Codiciado (Rescheduled from 3/28/26)","music","2026-10-03 03:00:00","57d8b1f050575d33c8737920"
"6a716d69b2472dcce342446c","2026-08-04 08:20:53.260","2026-08-13 11:23:17.245","6a716d69b2472dcce342446c","69375163bf16b1e2aa80d798","[PREMIUM]","[PREMIUM]","[PREMIUM]","[PREMIUM]","[PREMIUM]","[1,2,3]","309","A","Balcony","['*','*','*']","mobile","tm","tmqr","great","[PREMIUM]","[PREMIUM]","[]","2026-09-10 00:00:00","Codiciado (Rescheduled from 4/3/26)","music","2026-09-12 03:00:00","5984fb189da0d48c0d89acfe"
"6a7066d2f522532f3ab087a2","2026-08-04 08:20:53.260","2026-08-05 11:33:16.390","6a7066d2f522532f3ab087a2","69375163bf16b1e2aa80d798","[PREMIUM]","[PREMIUM]","[PREMIUM]","[PREMIUM]","[PREMIUM]","[1,2,3,4]","106","M","Main Floor","['*','*','*','*']","electronic",,"tmqr",,"[PREMIUM]","[PREMIUM]","[]",,"Codiciado (Rescheduled from 4/3/26)","music","2026-09-12 03:00:00","5984fb189da0d48c0d89acfe"
"6a7119496d8d9e5c737b68ec","2026-08-04 08:20:53.260","2026-08-06 14:50:13.256","6a7119496d8d9e5c737b68ec","69375163bf16b1e2aa80d798","[PREMIUM]","[PREMIUM]","[PREMIUM]","[PREMIUM]","[PREMIUM]","[1,2,3,4]","304","G","Balcony","['*','*','*','*']","electronic",,"tmqr",,"[PREMIUM]","[PREMIUM]","[]",,"Codiciado (Rescheduled from 4/3/26)","music","2026-09-12 03:00:00","5984fb189da0d48c0d89acfe"
"6a7117b515a3612b0d324ae5","2026-08-04 08:20:53.260","2026-08-06 14:50:13.256","6a7117b515a3612b0d324ae5","69375163bf16b1e2aa80d798","[PREMIUM]","[PREMIUM]","[PREMIUM]","[PREMIUM]","[PREMIUM]","[1,2,3,4]","311","G","Balcony","['*','*','*','*']","electronic",,"tmqr",,"[PREMIUM]","[PREMIUM]","[]",,"Codiciado (Rescheduled from 4/3/26)","music","2026-09-12 03:00:00","5984fb189da0d48c0d89acfe"
"6a711b28d4a34a52554efd3e","2026-08-04 08:20:53.260","2026-08-06 14:50:13.256","6a711b28d4a34a52554efd3e","69375163bf16b1e2aa80d798","[PREMIUM]","[PREMIUM]","[PREMIUM]","[PREMIUM]","[PREMIUM]","[1,2,3,4]","312","G","Balcony","['*','*','*','*']","electronic",,"tmqr",,"[PREMIUM]","[PREMIUM]","[]",,"Codiciado (Rescheduled from 4/3/26)","music","2026-09-12 03:00:00","5984fb189da0d48c0d89acfe"
"6a7114411d04e1a398a2b2f0","2026-08-04 08:20:53.260","2026-08-06 14:50:13.256","6a7114411d04e1a398a2b2f0","69375163bf16b1e2aa80d798","[PREMIUM]","[PREMIUM]","[PREMIUM]","[PREMIUM]","[PREMIUM]","[1,2,3,4]","305","G","Balcony","['*','*','*','*']","electronic",,"tmqr",,"[PREMIUM]","[PREMIUM]","[]",,"Codiciado (Rescheduled from 4/3/26)","music","2026-09-12 03:00:00","5984fb189da0d48c0d89acfe"
"6a70867059c8ff265907669b","2026-08-04 08:20:53.260","2026-08-04 08:20:53.260","6a70867059c8ff265907669b","69375163bf16b1e2aa80d798","[PREMIUM]","[PREMIUM]","[PREMIUM]","[PREMIUM]","[PREMIUM]","[1,2,3,4]","309","G","Balcony","['*','*','*','*']","electronic",,"tmqr",,"[PREMIUM]","[PREMIUM]","[]",,"Codiciado (Rescheduled from 4/3/26)","music","2026-09-12 03:00:00","5984fb189da0d48c0d89acfe"
"6a7087307874f7b794168423","2026-08-04 08:20:53.260","2026-08-04 08:20:53.260","6a7087307874f7b794168423","69375163bf16b1e2aa80d798","[PREMIUM]","[PREMIUM]","[PREMIUM]","[PREMIUM]","[PREMIUM]","[1,2,3,4]","303","G","Balcony","['*','*','*','*']","electronic",,"tmqr",,"[PREMIUM]","[PREMIUM]","[]",,"Codiciado (Rescheduled from 4/3/26)","music","2026-09-12 03:00:00","5984fb189da0d48c0d89acfe"
"6a70857d7874f7b7941681f0","2026-08-04 08:20:53.260","2026-08-04 08:20:53.260","6a70857d7874f7b7941681f0","69375163bf16b1e2aa80d798","[PREMIUM]","[PREMIUM]","[PREMIUM]","[PREMIUM]","[PREMIUM]","[1,2,3,4]","310","G","Balcony","['*','*','*','*']","electronic",,"tmqr",,"[PREMIUM]","[PREMIUM]","[]",,"Codiciado (Rescheduled from 4/3/26)","music","2026-09-12 03:00:00","5984fb189da0d48c0d89acfe"
"6a0b30ab3828919bf0bd492d","2026-08-04 08:20:51.748","2026-08-13 11:23:12.181","6a0b30ab3828919bf0bd492d","695c95a5e6237a652ce60464","[PREMIUM]","[PREMIUM]","[PREMIUM]","[PREMIUM]","[PREMIUM]","[2]","120","7","Lower","['*','*']","mobile","tm","tmqr",,"[PREMIUM]","[PREMIUM]","[]",,"Baltimore Ravens at Cleveland Browns","nfl","2026-10-18 17:00:00","54230c8b3bf3761a04000002"
"6a072f0605d5a2c05ac8d50b","2026-08-04 08:20:51.748","2026-08-13 11:23:12.181","6a072f0605d5a2c05ac8d50b","695c95a5e6237a652ce60464","[PREMIUM]","[PREMIUM]","[PREMIUM]","[PREMIUM]","[PREMIUM]","[2]","109","1","Lower","['*','*']","mobile","tm","tmqr",,"[PREMIUM]","[PREMIUM]","['first_row']","2026-10-16 00:00:00","Baltimore Ravens at Cleveland Browns","nfl","2026-10-18 17:00:00","54230c8b3bf3761a04000002"
"6a3b17f097c791990d434dae","2026-08-04 08:20:51.748","2026-08-10 01:06:08.399","6a3b17f097c791990d434dae","695c95a5e6237a652ce60464","[PREMIUM]","[PREMIUM]","[PREMIUM]","[PREMIUM]","[PREMIUM]","[1,2,3,4,6]","102","22","Lower","['19','20','21','22','23','24']","mobile","tm","tmqr",,"[PREMIUM]","[PREMIUM]","[]","2026-10-17 00:00:00","Baltimore Ravens at Cleveland Browns","nfl","2026-10-18 17:00:00","54230c8b3bf3761a04000002"
"6a70b2abb2472dcce354b73a","2026-08-04 08:20:51.748","2026-08-13 11:23:12.181","6a70b2abb2472dcce354b73a","695c95a5e6237a652ce60464","[PREMIUM]","[PREMIUM]","[PREMIUM]","[PREMIUM]","[PREMIUM]","[2]","147B","34","Lower","['16','17']","mobile","tm","tmqr",,"[PREMIUM]","[PREMIUM]","[]",,"Baltimore Ravens at Cleveland Browns","nfl","2026-10-18 17:00:00","54230c8b3bf3761a04000002"
"6a70c8ff33b3ae648514d5bf","2026-08-04 08:20:51.748","2026-08-04 08:20:51.748","6a70c8ff33b3ae648514d5bf","695c95a5e6237a652ce60464","[PREMIUM]","[PREMIUM]","[PREMIUM]","[PREMIUM]","[PREMIUM]","[2]","344","25","Mezzanine","['*','*']","mobile","tm","tmqr",,"[PREMIUM]","[PREMIUM]","[]","2026-10-16 00:00:00","Baltimore Ravens at Cleveland Browns","nfl","2026-10-18 17:00:00","54230c8b3bf3761a04000002"
"6a072f06667a43f391f4686c","2026-08-04 08:20:51.748","2026-08-05 11:33:10.964","6a072f06667a43f391f4686c","695c95a5e6237a652ce60464","[PREMIUM]","[PREMIUM]","[PREMIUM]","[PREMIUM]","[PREMIUM]","[2]","108","1","Lower","['*','*']","mobile","tm","tmqr",,"[PREMIUM]","[PREMIUM]","['first_row']","2026-10-16 00:00:00","Baltimore Ravens at Cleveland Browns","nfl","2026-10-18 17:00:00","54230c8b3bf3761a04000002"
"6a072130facaa67ec87245b3","2026-08-04 08:20:51.748","2026-08-05 11:33:10.964","6a072130facaa67ec87245b3","695c95a5e6237a652ce60464","[PREMIUM]","[PREMIUM]","[PREMIUM]","[PREMIUM]","[PREMIUM]","[2]","133","1","Lower","['*','*']","mobile","tm","tmqr",,"[PREMIUM]","[PREMIUM]","['first_row']","2026-10-16 00:00:00","Baltimore Ravens at Cleveland Browns","nfl","2026-10-18 17:00:00","54230c8b3bf3761a04000002"
"6a06610af1b270f308ba2656","2026-08-04 08:20:51.748","2026-08-04 08:20:51.748","6a06610af1b270f308ba2656","695c95a5e6237a652ce60464","[PREMIUM]","[PREMIUM]","[PREMIUM]","[PREMIUM]","[PREMIUM]","[2]","111","3","Lower","['18','19']","mobile","tm","tmqr",,"[PREMIUM]","[PREMIUM]","[]",,"Baltimore Ravens at Cleveland Browns","nfl","2026-10-18 17:00:00","54230c8b3bf3761a04000002"
"6a6d245fb2472dcce3a93b2c","2026-08-04 08:20:51.748","2026-08-04 08:20:51.748","6a6d245fb2472dcce3a93b2c","695c95a5e6237a652ce60464","[PREMIUM]","[PREMIUM]","[PREMIUM]","[PREMIUM]","[PREMIUM]","[2,4,6]","536","30","Upper","['22','23','24','25','26','27']","mobile","tm","tmqr","great","[PREMIUM]","[PREMIUM]","[]","2026-10-17 00:00:00","Baltimore Ravens at Cleveland Browns","nfl","2026-10-18 17:00:00","54230c8b3bf3761a04000002"
"6a066b3f3828919bf09216c7","2026-08-04 08:20:51.748","2026-08-10 01:06:08.399","6a066b3f3828919bf09216c7","695c95a5e6237a652ce60464","[PREMIUM]","[PREMIUM]","[PREMIUM]","[PREMIUM]","[PREMIUM]","[1,2,3,5]","534","32","Upper","['21','22','23','24','25']","mobile","tm","tmqr",,"[PREMIUM]","[PREMIUM]","[]",,"Baltimore Ravens at Cleveland Browns","nfl","2026-10-18 17:00:00","54230c8b3bf3761a04000002"
"6a067c503d00e7e58c8bd63f","2026-08-04 08:20:51.748","2026-08-12 08:07:18.628","6a067c503d00e7e58c8bd63f","695c95a5e6237a652ce60464","[PREMIUM]","[PREMIUM]","[PREMIUM]","[PREMIUM]","[PREMIUM]","[2,4]","509","14","Upper","['5','6','7','8']","mobile","tm","tmqr",,"[PREMIUM]","[PREMIUM]","[]","2026-10-17 00:00:00","Baltimore Ravens at Cleveland Browns","nfl","2026-10-18 17:00:00","54230c8b3bf3761a04000002"
"6a4fe9cb63d38d17e7258562","2026-08-04 08:20:51.748","2026-08-04 08:20:51.748","6a4fe9cb63d38d17e7258562","695c95a5e6237a652ce60464","[PREMIUM]","[PREMIUM]","[PREMIUM]","[PREMIUM]","[PREMIUM]","[2,4]","505","17","Upper","['*','*','*','*']","mobile","tm","tmqr",,"[PREMIUM]","[PREMIUM]","[]",,"Baltimore Ravens at Cleveland Browns","nfl","2026-10-18 17:00:00","54230c8b3bf3761a04000002"
"6a7099cc6de0a3a3bfeadef8","2026-08-04 08:20:51.718","2026-08-13 11:23:15.765","6a7099cc6de0a3a3bfeadef8","695c1d973af928c358625d93","[PREMIUM]","[PREMIUM]","[PREMIUM]","[PREMIUM]","[PREMIUM]","[2,4]","344","10","Upper","['11','12','13','14']","mobile","tm","tmqr",,"[PREMIUM]","[PREMIUM]","[]","2026-09-19 00:00:00","Carolina Panthers at Atlanta Falcons","nfl","2026-09-20 17:00:00","58f667fd49850a61e42b0f22"
"6a074467facaa67ec87259ef","2026-08-04 08:20:51.718","2026-08-13 11:23:15.765","6a074467facaa67ec87259ef","695c1d973af928c358625d93","[PREMIUM]","[PREMIUM]","[PREMIUM]","[PREMIUM]","[PREMIUM]","[2]","205","4","Mezzanine","['12','13']","mobile","tm","tmqr",,"[PREMIUM]","[PREMIUM]","[]",,"Carolina Panthers at Atlanta Falcons","nfl","2026-09-20 17:00:00","58f667fd49850a61e42b0f22"
"6a10a5f187b4d91038218535","2026-08-04 08:20:51.718","2026-08-04 08:20:51.718","6a10a5f187b4d91038218535","695c1d973af928c358625d93","[PREMIUM]","[PREMIUM]","[PREMIUM]","[PREMIUM]","[PREMIUM]","[2]","113","17","Lower","['9','10']","mobile","tm","tmqr",,"[PREMIUM]","[PREMIUM]","[]","2026-09-19 00:00:00","Carolina Panthers at Atlanta Falcons","nfl","2026-09-20 17:00:00","58f667fd49850a61e42b0f22"
"6a6a679c58ecd1a128e0a432","2026-08-04 08:20:51.718","2026-08-04 08:20:51.718","6a6a679c58ecd1a128e0a432","695c1d973af928c358625d93","[PREMIUM]","[PREMIUM]","[PREMIUM]","[PREMIUM]","[PREMIUM]","[2]","120","21","Lower","['19','20']","mobile","tm","tmqr",,"[PREMIUM]","[PREMIUM]","[]","2026-09-18 00:00:00","Carolina Panthers at Atlanta Falcons","nfl","2026-09-20 17:00:00","58f667fd49850a61e42b0f22"
"6a5cfe16d832ea344339529c","2026-08-04 08:20:51.718","2026-08-12 08:07:22.214","6a5cfe16d832ea344339529c","695c1d973af928c358625d93","[PREMIUM]","[PREMIUM]","[PREMIUM]","[PREMIUM]","[PREMIUM]","[2]","CLB109","7","Club","['13','14']","mobile","tm","tmqr",,"[PREMIUM]","[PREMIUM]","[]","2026-09-18 00:00:00","Carolina Panthers at Atlanta Falcons","nfl","2026-09-20 17:00:00","58f667fd49850a61e42b0f22"
"6a53f60e63d38d17e77755b5","2026-08-04 08:20:51.718","2026-08-04 08:20:51.718","6a53f60e63d38d17e77755b5","695c1d973af928c358625d93","[PREMIUM]","[PREMIUM]","[PREMIUM]","[PREMIUM]","[PREMIUM]","[2,4]","120","13","Lower","['*','*','*','*']","mobile","tm","tmqr",,"[PREMIUM]","[PREMIUM]","[]","2026-09-19 00:00:00","Carolina Panthers at Atlanta Falcons","nfl","2026-09-20 17:00:00","58f667fd49850a61e42b0f22"
"6a199e7a99548238fdbcad47","2026-08-04 08:20:51.718","2026-08-08 21:33:44.766","6a199e7a99548238fdbcad47","695c1d973af928c358625d93","[PREMIUM]","[PREMIUM]","[PREMIUM]","[PREMIUM]","[PREMIUM]","[2]","325","4","Upper","['*','*']","mobile","tm","tmqr","amazing","[PREMIUM]","[PREMIUM]","[]",,"Carolina Panthers at Atlanta Falcons","nfl","2026-09-20 17:00:00","58f667fd49850a61e42b0f22"
"6a7099cc28fdf5516745c5fe","2026-08-04 08:20:51.718","2026-08-10 01:06:12.020","6a7099cc28fdf5516745c5fe","695c1d973af928c358625d93","[PREMIUM]","[PREMIUM]","[PREMIUM]","[PREMIUM]","[PREMIUM]","[2,4]","131","18","Lower","['5','6','7','8']","mobile","tm","tmqr",,"[PREMIUM]","[PREMIUM]","[]","2026-09-19 00:00:00","Carolina Panthers at Atlanta Falcons","nfl","2026-09-20 17:00:00","58f667fd49850a61e42b0f22"
"6a7099cd070db28a93868ef7","2026-08-04 08:20:51.718","2026-08-08 21:33:44.766","6a7099cd070db28a93868ef7","695c1d973af928c358625d93","[PREMIUM]","[PREMIUM]","[PREMIUM]","[PREMIUM]","[PREMIUM]","[1,2,3,5]","119","20","Lower","['17','18','19','20','21']","mobile","tm","tmqr",,"[PREMIUM]","[PREMIUM]","[]","2026-09-19 00:00:00","Carolina Panthers at Atlanta Falcons","nfl","2026-09-20 17:00:00","58f667fd49850a61e42b0f22"
"6a7099cdd2356d0c6dbf58ed","2026-08-04 08:20:51.718","2026-08-08 21:33:44.766","6a7099cdd2356d0c6dbf58ed","695c1d973af928c358625d93","[PREMIUM]","[PREMIUM]","[PREMIUM]","[PREMIUM]","[PREMIUM]","[2]","204","7","Mezzanine","['1','2']","mobile","tm","tmqr",,"[PREMIUM]","[PREMIUM]","[]","2026-09-19 00:00:00","Carolina Panthers at Atlanta Falcons","nfl","2026-09-20 17:00:00","58f667fd49850a61e42b0f22"
"6a7099cc62a6abbb7a5b8f6e","2026-08-04 08:20:51.718","2026-08-07 18:16:45.536","6a7099cc62a6abbb7a5b8f6e","695c1d973af928c358625d93","[PREMIUM]","[PREMIUM]","[PREMIUM]","[PREMIUM]","[PREMIUM]","[2,4]","131","5","Lower","['1','2','3','4']","mobile","tm","tmqr",,"[PREMIUM]","[PREMIUM]","[]","2026-09-19 00:00:00","Carolina Panthers at Atlanta Falcons","nfl","2026-09-20 17:00:00","58f667fd49850a61e42b0f22"
"6a1fd39f1a701e79b6e93727","2026-08-04 08:20:51.718","2026-08-11 04:41:58.686","6a1fd39f1a701e79b6e93727","695c1d973af928c358625d93","[PREMIUM]","[PREMIUM]","[PREMIUM]","[PREMIUM]","[PREMIUM]","[1,2,3,4,5,6,8]","243","12","Mezzanine","['*','*','*','*','*','*','*','*']","mobile","tm","tmqr",,"[PREMIUM]","[PREMIUM]","[]","2026-09-18 00:00:00","Carolina Panthers at Atlanta Falcons","nfl","2026-09-20 17:00:00","58f667fd49850a61e42b0f22"
"6a6c76efb2472dcce399b26a","2026-08-04 08:20:51.718","2026-08-05 11:33:14.966","6a6c76efb2472dcce399b26a","695c1d973af928c358625d93","[PREMIUM]","[PREMIUM]","[PREMIUM]","[PREMIUM]","[PREMIUM]","[2,4,6]","345","9","Upper","['16','17','18','19','20','21']","mobile","tm","tmqr",,"[PREMIUM]","[PREMIUM]","[]",,"Carolina Panthers at Atlanta Falcons","nfl","2026-09-20 17:00:00","58f667fd49850a61e42b0f22"
"6a15b3ff3828919bf0f7f97d","2026-08-04 08:20:51.718","2026-08-05 11:33:14.966","6a15b3ff3828919bf0f7f97d","695c1d973af928c358625d93","[PREMIUM]","[PREMIUM]","[PREMIUM]","[PREMIUM]","[PREMIUM]","[1,2,3,4,5,6,7,8,9,10]","334","13","Upper","['1','2','3','4','5','6','7','8','9','10']","mobile","tm","tmqr",,"[PREMIUM]","[PREMIUM]","[]",,"Carolina Panthers at Atlanta Falcons","nfl","2026-09-20 17:00:00","58f667fd49850a61e42b0f22"
"6a07445d667a43f391f47597","2026-08-04 08:20:51.718","2026-08-06 14:50:11.829","6a07445d667a43f391f47597","695c1d973af928c358625d93","[PREMIUM]","[PREMIUM]","[PREMIUM]","[PREMIUM]","[PREMIUM]","[2]","209","2","Mezzanine","['7','8']","mobile","tm","tmqr",,"[PREMIUM]","[PREMIUM]","[]",,"Carolina Panthers at Atlanta Falcons","nfl","2026-09-20 17:00:00","58f667fd49850a61e42b0f22"
"6a2893a499548238fd332df2","2026-08-04 08:20:51.718","2026-08-13 11:23:15.765","6a2893a499548238fd332df2","695c1d973af928c358625d93","[PREMIUM]","[PREMIUM]","[PREMIUM]","[PREMIUM]","[PREMIUM]","[2]","121","10","Lower","['3','4']","mobile","tm","tmqr",,"[PREMIUM]","[PREMIUM]","[]","2026-09-19 00:00:00","Carolina Panthers at Atlanta Falcons","nfl","2026-09-20 17:00:00","58f667fd49850a61e42b0f22"
"6a06651b3828919bf0bb2770","2026-08-04 08:20:51.718","2026-08-08 21:33:44.766","6a06651b3828919bf0bb2770","695c1d973af928c358625d93","[PREMIUM]","[PREMIUM]","[PREMIUM]","[PREMIUM]","[PREMIUM]","[2]","345","4","Upper","['9','10']","mobile","tm","tmqr",,"[PREMIUM]","[PREMIUM]","[]",,"Carolina Panthers at Atlanta Falcons","nfl","2026-09-20 17:00:00","58f667fd49850a61e42b0f22"
"6a711bcaa9565186658e92e3","2026-08-04 08:20:51.718","2026-08-06 14:50:11.829","6a711bcaa9565186658e92e3","695c1d973af928c358625d93","[PREMIUM]","[PREMIUM]","[PREMIUM]","[PREMIUM]","[PREMIUM]","[2]","328","3","Upper","['3','4']","mobile","tm","tmqr","great","[PREMIUM]","[PREMIUM]","[]",,"Carolina Panthers at Atlanta Falcons","nfl","2026-09-20 17:00:00","58f667fd49850a61e42b0f22"
"6a708a4b4eb98f2f0428f58e","2026-08-04 08:20:51.718","2026-08-05 11:33:14.966","6a708a4b4eb98f2f0428f58e","695c1d973af928c358625d93","[PREMIUM]","[PREMIUM]","[PREMIUM]","[PREMIUM]","[PREMIUM]","[2]","326","1","Upper","['13','14']","mobile","tm","tmqr",,"[PREMIUM]","[PREMIUM]","[]","2026-09-19 00:00:00","Carolina Panthers at Atlanta Falcons","nfl","2026-09-20 17:00:00","58f667fd49850a61e42b0f22"
"6a708a4a4b4dc74fc329930b","2026-08-04 08:20:51.718","2026-08-05 11:33:14.966","6a708a4a4b4dc74fc329930b","695c1d973af928c358625d93","[PREMIUM]","[PREMIUM]","[PREMIUM]","[PREMIUM]","[PREMIUM]","[2]","132","2","Lower","['1','2']","mobile","tm","tmqr","great","[PREMIUM]","[PREMIUM]","[]","2026-09-19 00:00:00","Carolina Panthers at Atlanta Falcons","nfl","2026-09-20 17:00:00","58f667fd49850a61e42b0f22"
"6a0685ef3828919bf0063e67","2026-08-04 08:20:51.718","2026-08-12 08:07:22.214","6a0685ef3828919bf0063e67","695c1d973af928c358625d93","[PREMIUM]","[PREMIUM]","[PREMIUM]","[PREMIUM]","[PREMIUM]","[2]","135","14","Lower","['3','4']","mobile","tm","tmqr",,"[PREMIUM]","[PREMIUM]","[]","2026-09-10 00:00:00","Carolina Panthers at Atlanta Falcons","nfl","2026-09-20 17:00:00","58f667fd49850a61e42b0f22"
"6a71101aa9565186658e81c6","2026-08-04 08:20:51.718","2026-08-04 08:20:51.718","6a71101aa9565186658e81c6","695c1d973af928c358625d93","[PREMIUM]","[PREMIUM]","[PREMIUM]","[PREMIUM]","[PREMIUM]","[2]","113","2","Lower","['3','4']","mobile","tm","tmqr",,"[PREMIUM]","[PREMIUM]","[]","2026-09-18 00:00:00","Carolina Panthers at Atlanta Falcons","nfl","2026-09-20 17:00:00","58f667fd49850a61e42b0f22"
"6a5fe7d8fe9db17154ffddd2","2026-08-04 08:20:51.365","2026-08-05 11:33:10.536","6a5fe7d8fe9db17154ffddd2","695d53dc2b1ff70efcbf5c79","[PREMIUM]","[PREMIUM]","[PREMIUM]","[PREMIUM]","[PREMIUM]","[2,4,6,8]","305","31","Upper Red Sideline","['*','*','*','*','*','*','*','*']","mobile","tm","tmqr",,"[PREMIUM]","[PREMIUM]","[]","2026-09-12 00:00:00","Denver Broncos at Kansas City Chiefs (Monday Night Football)","nfl","2026-09-15 00:15:00","541a27703bf3767221000004"
"6a5fe7d98875f07c270939ec","2026-08-04 08:20:51.365","2026-08-06 14:50:07.239","6a5fe7d98875f07c270939ec","695d53dc2b1ff70efcbf5c79","[PREMIUM]","[PREMIUM]","[PREMIUM]","[PREMIUM]","[PREMIUM]","[2,4,6,8,10,12]","330","45","Upper Red View","['*','*','*','*','*','*','*','*','*','*','*','*']","mobile","tm","tmqr","cheapest","[PREMIUM]","[PREMIUM]","[]","2026-09-12 00:00:00","Denver Broncos at Kansas City Chiefs (Monday Night Football)","nfl","2026-09-15 00:15:00","541a27703bf3767221000004"
"6a559c2e63d38d17e7d4f4a7","2026-08-04 08:20:51.365","2026-08-12 08:07:18.204","6a559c2e63d38d17e7d4f4a7","695d53dc2b1ff70efcbf5c79","[PREMIUM]","[PREMIUM]","[PREMIUM]","[PREMIUM]","[PREMIUM]","[2]","103","1","Field Sideline","['14','15']","mobile","tm","tmqr",,"[PREMIUM]","[PREMIUM]","[]","2026-09-13 00:00:00","Denver Broncos at Kansas City Chiefs (Monday Night Football)","nfl","2026-09-15 00:15:00","541a27703bf3767221000004"
"6a70cf7cd2c16f3df57577d3","2026-08-04 08:20:51.365","2026-08-05 11:33:10.536","6a70cf7cd2c16f3df57577d3","695d53dc2b1ff70efcbf5c79","[PREMIUM]","[PREMIUM]","[PREMIUM]","[PREMIUM]","[PREMIUM]","[1,2,3,4,5,6,7,8,9,10,11,12,13,14,15,16,17,18,19,20,21,22,23,25]","317","28","Upper Red View","['2','3','4','5','6','7','8','9','10','11','12','13','14','15','16','17','18','19','20','21','22','23','24','25','26']","mobile","tm","tmqr",,"[PREMIUM]","[PREMIUM]","[]",,"Denver Broncos at Kansas City Chiefs (Monday Night Football)","nfl","2026-09-15 00:15:00","541a27703bf3767221000004"
"6a705bc5b95065cf8bb79ade","2026-08-04 08:20:51.365","2026-08-06 14:50:07.239","6a705bc5b95065cf8bb79ade","695d53dc2b1ff70efcbf5c79","[PREMIUM]","[PREMIUM]","[PREMIUM]","[PREMIUM]","[PREMIUM]","[1,2,3,4,6,8]","327","41","Upper Red Sideline","['*','*','*','*','*','*','*','*']","mobile","tm","tmqr",,"[PREMIUM]","[PREMIUM]","[]","2026-09-13 00:00:00","Denver Broncos at Kansas City Chiefs (Monday Night Football)","nfl","2026-09-15 00:15:00","541a27703bf3767221000004"
"6a705ba862a6abbb7a5b51dc","2026-08-04 08:20:51.365","2026-08-05 11:33:10.536","6a705ba862a6abbb7a5b51dc","695d53dc2b1ff70efcbf5c79","[PREMIUM]","[PREMIUM]","[PREMIUM]","[PREMIUM]","[PREMIUM]","[2]","134","3","Field Sideline","['*','*']","mobile","tm","tmqr",,"[PREMIUM]","[PREMIUM]","[]","2026-09-13 00:00:00","Denver Broncos at Kansas City Chiefs (Monday Night Football)","nfl","2026-09-15 00:15:00","541a27703bf3767221000004"
"6a7147fa6d8d9e5c737b9897","2026-08-04 08:20:51.365","2026-08-05 11:33:10.536","6a7147fa6d8d9e5c737b9897","695d53dc2b1ff70efcbf5c79","[PREMIUM]","[PREMIUM]","[PREMIUM]","[PREMIUM]","[PREMIUM]","[2,4,6,8]","312","12","Upper Touchdown","['5','6','7','8','9','10','11','12']","mobile","tm","tmqr",,"[PREMIUM]","[PREMIUM]","[]",,"Denver Broncos at Kansas City Chiefs (Monday Night Football)","nfl","2026-09-15 00:15:00","541a27703bf3767221000004"
"6a2064acec7f758780e84310","2026-08-04 08:20:51.365","2026-08-10 01:06:07.998","6a2064acec7f758780e84310","695d53dc2b1ff70efcbf5c79","[PREMIUM]","[PREMIUM]","[PREMIUM]","[PREMIUM]","[PREMIUM]","[2]","135","8","Field Sideline","['*','*']","mobile","tm","tmqr",,"[PREMIUM]","[PREMIUM]","[]","2026-09-13 00:00:00","Denver Broncos at Kansas City Chiefs (Monday Night Football)","nfl","2026-09-15 00:15:00","541a27703bf3767221000004"
"6a70c00ad43e27ff75caeac9","2026-08-04 08:20:51.365","2026-08-13 11:23:11.380","6a70c00ad43e27ff75caeac9","695d53dc2b1ff70efcbf5c79","[PREMIUM]","[PREMIUM]","[PREMIUM]","[PREMIUM]","[PREMIUM]","[2,4]","341","1","Upper Red View","['5','6','7','8']","mobile","tm","tmqr",,"[PREMIUM]","[PREMIUM]","[]",,"Denver Broncos at Kansas City Chiefs (Monday Night Football)","nfl","2026-09-15 00:15:00","541a27703bf3767221000004"
"6a70c78648fd34353da7cb5e","2026-08-04 08:20:51.365","2026-08-05 11:33:10.536","6a70c78648fd34353da7cb5e","695d53dc2b1ff70efcbf5c79","[PREMIUM]","[PREMIUM]","[PREMIUM]","[PREMIUM]","[PREMIUM]","[2,4,6]","327","30","Upper Red Sideline","['7','8','9','10','11','12']","mobile","tm","tmqr",,"[PREMIUM]","[PREMIUM]","[]",,"Denver Broncos at Kansas City Chiefs (Monday Night Football)","nfl","2026-09-15 00:15:00","541a27703bf3767221000004"
"6a704db47874f7b7941650a4","2026-08-04 08:20:51.365","2026-08-05 11:33:10.536","6a704db47874f7b7941650a4","695d53dc2b1ff70efcbf5c79","[PREMIUM]","[PREMIUM]","[PREMIUM]","[PREMIUM]","[PREMIUM]","[1,2,3,5,7]","101","2","Field Prime","['*','*','*','*','*','*','*']","mobile","tm","tmqr",,"[PREMIUM]","[PREMIUM]","[]","2026-09-13 00:00:00","Denver Broncos at Kansas City Chiefs (Monday Night Football)","nfl","2026-09-15 00:15:00","541a27703bf3767221000004"
"6a6b6cf8d86eb8b14ffb7a5a","2026-08-04 08:20:51.365","2026-08-05 11:33:10.536","6a6b6cf8d86eb8b14ffb7a5a","695d53dc2b1ff70efcbf5c79","[PREMIUM]","[PREMIUM]","[PREMIUM]","[PREMIUM]","[PREMIUM]","[1,2,3,4,5,6,7,8,9,10,11,12,13,14,15,16,17,18,19,21]","344","30","Upper Red Sideline","['1','2','3','4','5','6','7','8','9','10','11','12','13','14','15','16','17','18','19','20','21']","mobile","tm","tmqr",,"[PREMIUM]","[PREMIUM]","[]",,"Denver Broncos at Kansas City Chiefs (Monday Night Football)","nfl","2026-09-15 00:15:00","541a27703bf3767221000004"
"6a70b67a64c90e4c1e1dc360","2026-08-04 08:20:51.365","2026-08-04 08:20:51.365","6a70b67a64c90e4c1e1dc360","695d53dc2b1ff70efcbf5c79","[PREMIUM]","[PREMIUM]","[PREMIUM]","[PREMIUM]","[PREMIUM]","[1,2,3,4,5,6,7,8,9,10,11,12,13,14,15,16,17,19]","338","13","Upper Touchdown","['3','4','5','6','7','8','9','10','11','12','13','14','15','16','17','18','19','20','21']","mobile","tm","tmqr",,"[PREMIUM]","[PREMIUM]","[]",,"Denver Broncos at Kansas City Chiefs (Monday Night Football)","nfl","2026-09-15 00:15:00","541a27703bf3767221000004"
"6a5fe7d938132c43291bb7c9","2026-08-04 08:20:51.365","2026-08-08 21:33:40.174","6a5fe7d938132c43291bb7c9","695d53dc2b1ff70efcbf5c79","[PREMIUM]","[PREMIUM]","[PREMIUM]","[PREMIUM]","[PREMIUM]","[2,4,6,8,10,12]","343","39","Upper Red Sideline","['*','*','*','*','*','*','*','*','*','*','*','*']","mobile","tm","tmqr","great","[PREMIUM]","[PREMIUM]","[]","2026-09-12 00:00:00","Denver Broncos at Kansas City Chiefs (Monday Night Football)","nfl","2026-09-15 00:15:00","541a27703bf3767221000004"
"6a5fe7d6631ea9a518115af4","2026-08-04 08:20:51.365","2026-08-10 01:06:07.998","6a5fe7d6631ea9a518115af4","695d53dc2b1ff70efcbf5c79","[PREMIUM]","[PREMIUM]","[PREMIUM]","[PREMIUM]","[PREMIUM]","[1,2,3,4,5,6,7,9]","306","32","Upper Red View","['11','12','13','14','15','16','17','18','19']","mobile","tm","tmqr","amazing","[PREMIUM]","[PREMIUM]","[]","2026-09-12 00:00:00","Denver Broncos at Kansas City Chiefs (Monday Night Football)","nfl","2026-09-15 00:15:00","541a27703bf3767221000004"
"6a7158bf272ca121a631481b","2026-08-04 08:20:51.365","2026-08-04 08:20:51.365","6a7158bf272ca121a631481b","695d53dc2b1ff70efcbf5c79","[PREMIUM]","[PREMIUM]","[PREMIUM]","[PREMIUM]","[PREMIUM]","[2,4]","305","38","Upper Red Sideline","['*','*','*','*']","mobile","tm","tmqr","great","[PREMIUM]","[PREMIUM]","[]","2026-09-13 00:00:00","Denver Broncos at Kansas City Chiefs (Monday Night Football)","nfl","2026-09-15 00:15:00","541a27703bf3767221000004"
"6a705fe47874f7b794165be6","2026-08-04 08:20:51.365","2026-08-06 14:50:07.239","6a705fe47874f7b794165be6","695d53dc2b1ff70efcbf5c79","[PREMIUM]","[PREMIUM]","[PREMIUM]","[PREMIUM]","[PREMIUM]","[1,2,3,4,6,8]","303","40","Upper Red Sideline","['*','*','*','*','*','*','*','*']","mobile","tm","tmqr",,"[PREMIUM]","[PREMIUM]","[]","2026-09-13 00:00:00","Denver Broncos at Kansas City Chiefs (Monday Night Football)","nfl","2026-09-15 00:15:00","541a27703bf3767221000004"
"6a709295bb1ea3a7241eb163","2026-08-04 08:20:51.365","2026-08-05 11:33:10.536","6a709295bb1ea3a7241eb163","695d53dc2b1ff70efcbf5c79","[PREMIUM]","[PREMIUM]","[PREMIUM]","[PREMIUM]","[PREMIUM]","[2]","334","13","Upper Touchdown","['5','6']","mobile","tm","tmqr","amazing","[PREMIUM]","[PREMIUM]","[]",,"Denver Broncos at Kansas City Chiefs (Monday Night Football)","nfl","2026-09-15 00:15:00","541a27703bf3767221000004"
"6a70a189bafa182b3bfb2f9a","2026-08-04 08:20:51.365","2026-08-05 11:33:10.536","6a70a189bafa182b3bfb2f9a","695d53dc2b1ff70efcbf5c79","[PREMIUM]","[PREMIUM]","[PREMIUM]","[PREMIUM]","[PREMIUM]","[2,4]","340","30","Upper Red View","['15','16','17','18']","mobile","tm","tmqr",,"[PREMIUM]","[PREMIUM]","[]",,"Denver Broncos at Kansas City Chiefs (Monday Night Football)","nfl","2026-09-15 00:15:00","541a27703bf3767221000004"
"6a70970055425e20a2b3438b","2026-08-04 08:20:51.365","2026-08-05 11:33:10.536","6a70970055425e20a2b3438b","695d53dc2b1ff70efcbf5c79","[PREMIUM]","[PREMIUM]","[PREMIUM]","[PREMIUM]","[PREMIUM]","[2]","106","8","Field Red Zone","['11','12']","mobile","tm","tmqr",,"[PREMIUM]","[PREMIUM]","[]",,"Denver Broncos at Kansas City Chiefs (Monday Night Football)","nfl","2026-09-15 00:15:00","541a27703bf3767221000004"
"6a1fbd1c0901771fc1710fd8","2026-08-04 08:20:51.365","2026-08-04 08:20:51.365","6a1fbd1c0901771fc1710fd8","695d53dc2b1ff70efcbf5c79","[PREMIUM]","[PREMIUM]","[PREMIUM]","[PREMIUM]","[PREMIUM]","[2]","128","2","Field Touchdown","['17','18']","mobile","tm","tmqr",,"[PREMIUM]","[PREMIUM]","[]","2026-09-14 00:15:00","Denver Broncos at Kansas City Chiefs (Monday Night Football)","nfl","2026-09-15 00:15:00","541a27703bf3767221000004"
"6a6d07ff48df4f26dfa2e54f","2026-08-04 08:20:51.365","2026-08-05 11:33:10.536","6a6d07ff48df4f26dfa2e54f","695d53dc2b1ff70efcbf5c79","[PREMIUM]","[PREMIUM]","[PREMIUM]","[PREMIUM]","[PREMIUM]","[1,2,3,5]","135","21","Field Sideline","['5','6','7','8','9']","mobile","tm","tmqr",,"[PREMIUM]","[PREMIUM]","[]",,"Denver Broncos at Kansas City Chiefs (Monday Night Football)","nfl","2026-09-15 00:15:00","541a27703bf3767221000004"
"6a70b21db2472dcce33da6c1","2026-08-04 08:20:51.365","2026-08-04 08:20:51.365","6a70b21db2472dcce33da6c1","695d53dc2b1ff70efcbf5c79","[PREMIUM]","[PREMIUM]","[PREMIUM]","[PREMIUM]","[PREMIUM]","[2]","106","34","Field Red Zone","['*','*']","mobile","tm","tmqr",,"[PREMIUM]","[PREMIUM]","['limited_view']","2026-09-14 00:00:00","Denver Broncos at Kansas City Chiefs (Monday Night Football)","nfl","2026-09-15 00:15:00","541a27703bf3767221000004"
"6a6d4951b163843fca3789d0","2026-08-04 08:20:51.365","2026-08-04 08:20:51.365","6a6d4951b163843fca3789d0","695d53dc2b1ff70efcbf5c79","[PREMIUM]","[PREMIUM]","[PREMIUM]","[PREMIUM]","[PREMIUM]","[1,2,3,4,5,7]","324","28","Upper Red Sideline","['6','7','8','9','10','11','12']","mobile","tm","tmqr",,"[PREMIUM]","[PREMIUM]","[]",,"Denver Broncos at Kansas City Chiefs (Monday Night Football)","nfl","2026-09-15 00:15:00","541a27703bf3767221000004"
"6a6d461bd7ad3be61aea11ea","2026-08-04 08:20:51.365","2026-08-07 18:16:44.975","6a6d461bd7ad3be61aea11ea","695d53dc2b1ff70efcbf5c79","[PREMIUM]","[PREMIUM]","[PREMIUM]","[PREMIUM]","[PREMIUM]","[2]","130","24","Field Red Zone","['*','*']","mobile","tm","tmqr",,"[PREMIUM]","[PREMIUM]","[]","2026-09-13 00:00:00","Denver Broncos at Kansas City Chiefs (Monday Night Football)","nfl","2026-09-15 00:15:00","541a27703bf3767221000004"
"6a6b8f6ee6e26b6c233386c9","2026-08-04 08:20:51.365","2026-08-05 11:33:10.536","6a6b8f6ee6e26b6c233386c9","695d53dc2b1ff70efcbf5c79","[PREMIUM]","[PREMIUM]","[PREMIUM]","[PREMIUM]","[PREMIUM]","[2]","136","27","Field Prime","['15','16']","mobile","tm","tmqr",,"[PREMIUM]","[PREMIUM]","[]",,"Denver Broncos at Kansas City Chiefs (Monday Night Football)","nfl","2026-09-15 00:15:00","541a27703bf3767221000004"
"6a6b8f4e5337664fe93338e8","2026-08-04 08:20:51.365","2026-08-05 11:33:10.536","6a6b8f4e5337664fe93338e8","695d53dc2b1ff70efcbf5c79","[PREMIUM]","[PREMIUM]","[PREMIUM]","[PREMIUM]","[PREMIUM]","[2]","131–133","TBD","Field Red Zone","['*','*']","mobile","tm","tmqr","zone","[PREMIUM]","[PREMIUM]","['zone_deal']",,"Denver Broncos at Kansas City Chiefs (Monday Night Football)","nfl","2026-09-15 00:15:00","541a27703bf3767221000004"
"6a6b8d38d9d6fe8a80e80c91","2026-08-04 08:20:51.365","2026-08-05 11:33:10.536","6a6b8d38d9d6fe8a80e80c91","695d53dc2b1ff70efcbf5c79","[PREMIUM]","[PREMIUM]","[PREMIUM]","[PREMIUM]","[PREMIUM]","[2,4,6,8,10,12,14,16]","132","9","Field Red Zone","['3','4','5','6','7','8','9','10','11','12','13','14','15','16','17','18']","mobile","tm","tmqr",,"[PREMIUM]","[PREMIUM]","[]",,"Denver Broncos at Kansas City Chiefs (Monday Night Football)","nfl","2026-09-15 00:15:00","541a27703bf3767221000004"
"6a6b8c0d604a7dc2ebe12d7c","2026-08-04 08:20:51.365","2026-08-05 11:33:10.536","6a6b8c0d604a7dc2ebe12d7c","695d53dc2b1ff70efcbf5c79","[PREMIUM]","[PREMIUM]","[PREMIUM]","[PREMIUM]","[PREMIUM]","[2,4,6,8,10]","122","13","Field Sideline","['9','10','11','12','13','14','15','16','17','18']","mobile","tm","tmqr",,"[PREMIUM]","[PREMIUM]","[]",,"Denver Broncos at Kansas City Chiefs (Monday Night Football)","nfl","2026-09-15 00:15:00","541a27703bf3767221000004"
"6a6b897e3759642847bc800f","2026-08-04 08:20:51.365","2026-08-04 08:20:51.365","6a6b897e3759642847bc800f","695d53dc2b1ff70efcbf5c79","[PREMIUM]","[PREMIUM]","[PREMIUM]","[PREMIUM]","[PREMIUM]","[1,2,3,4,5,6,7,8,9,10,11,12,13,14,15,16,17,19]","343","26","Upper Red Sideline","['3','4','5','6','7','8','9','10','11','12','13','14','15','16','17','18','19','20','21']","mobile","tm","tmqr",,"[PREMIUM]","[PREMIUM]","[]",,"Denver Broncos at Kansas City Chiefs (Monday Night Football)","nfl","2026-09-15 00:15:00","541a27703bf3767221000004"
"6a6b8954e6e26b6c23337ddf","2026-08-04 08:20:51.365","2026-08-04 08:20:51.365","6a6b8954e6e26b6c23337ddf","695d53dc2b1ff70efcbf5c79","[PREMIUM]","[PREMIUM]","[PREMIUM]","[PREMIUM]","[PREMIUM]","[2,4,6,8,10]","331","29","Upper Red View","['1','2','3','4','5','6','7','8','9','10']","mobile","tm","tmqr","amazing","[PREMIUM]","[PREMIUM]","[]",,"Denver Broncos at Kansas City Chiefs (Monday Night Football)","nfl","2026-09-15 00:15:00","541a27703bf3767221000004"
"6a6b8891dda266458efaaf68","2026-08-04 08:20:51.365","2026-08-05 11:33:10.536","6a6b8891dda266458efaaf68","695d53dc2b1ff70efcbf5c79","[PREMIUM]","[PREMIUM]","[PREMIUM]","[PREMIUM]","[PREMIUM]","[2,4,6,8]","116","23","Field Sideline","['11','12','13','14','15','16','17','18']","mobile","tm","tmqr",,"[PREMIUM]","[PREMIUM]","[]",,"Denver Broncos at Kansas City Chiefs (Monday Night Football)","nfl","2026-09-15 00:15:00","541a27703bf3767221000004"
"6a6b8852e6e26b6c23337cb8","2026-08-04 08:20:51.365","2026-08-04 08:20:51.365","6a6b8852e6e26b6c23337cb8","695d53dc2b1ff70efcbf5c79","[PREMIUM]","[PREMIUM]","[PREMIUM]","[PREMIUM]","[PREMIUM]","[2,4,6,8]","123","11","Field Red Zone","['7','8','9','10','11','12','13','14']","mobile","tm","tmqr",,"[PREMIUM]","[PREMIUM]","[]",,"Denver Broncos at Kansas City Chiefs (Monday Night Football)","nfl","2026-09-15 00:15:00","541a27703bf3767221000004"
"6a6b883a82cbee5d9cbe2897","2026-08-04 08:20:51.365","2026-08-04 08:20:51.365","6a6b883a82cbee5d9cbe2897","695d53dc2b1ff70efcbf5c79","[PREMIUM]","[PREMIUM]","[PREMIUM]","[PREMIUM]","[PREMIUM]","[2]","115","21","Field Red Zone","['14','15']","mobile","tm","tmqr",,"[PREMIUM]","[PREMIUM]","[]",,"Denver Broncos at Kansas City Chiefs (Monday Night Football)","nfl","2026-09-15 00:15:00","541a27703bf3767221000004"
"6a6b87edf1c9f4e8d06a07c8","2026-08-04 08:20:51.365","2026-08-05 11:33:10.536","6a6b87edf1c9f4e8d06a07c8","695d53dc2b1ff70efcbf5c79","[PREMIUM]","[PREMIUM]","[PREMIUM]","[PREMIUM]","[PREMIUM]","[2,4,6,8,10,12]","339","12","Upper Touchdown","['9','10','11','12','13','14','15','16','17','18','19','20']","mobile","tm","tmqr",,"[PREMIUM]","[PREMIUM]","[]",,"Denver Broncos at Kansas City Chiefs (Monday Night Football)","nfl","2026-09-15 00:15:00","541a27703bf3767221000004"
"6a6b87c23759642847bc7de4","2026-08-04 08:20:51.365","2026-08-05 11:33:10.536","6a6b87c23759642847bc7de4","695d53dc2b1ff70efcbf5c79","[PREMIUM]","[PREMIUM]","[PREMIUM]","[PREMIUM]","[PREMIUM]","[1,2,3,5]","308","8","Upper Red View","['6','7','8','9','10']","mobile","tm","tmqr",,"[PREMIUM]","[PREMIUM]","[]",,"Denver Broncos at Kansas City Chiefs (Monday Night Football)","nfl","2026-09-15 00:15:00","541a27703bf3767221000004"
"6a6b839c636d0156a0ee86a7","2026-08-04 08:20:51.365","2026-08-05 11:33:10.536","6a6b839c636d0156a0ee86a7","695d53dc2b1ff70efcbf5c79","[PREMIUM]","[PREMIUM]","[PREMIUM]","[PREMIUM]","[PREMIUM]","[2,4,6,8,10,12,14]","305","25","Upper Red Sideline","['8','9','10','11','12','13','14','15','16','17','18','19','20','21']","mobile","tm","tmqr",,"[PREMIUM]","[PREMIUM]","[]",,"Denver Broncos at Kansas City Chiefs (Monday Night Football)","nfl","2026-09-15 00:15:00","541a27703bf3767221000004"
"6a6b7e9e797c932fa907bc5f","2026-08-04 08:20:51.365","2026-08-05 11:33:10.536","6a6b7e9e797c932fa907bc5f","695d53dc2b1ff70efcbf5c79","[PREMIUM]","[PREMIUM]","[PREMIUM]","[PREMIUM]","[PREMIUM]","[1,2,3,4,5,6,7,8,9,11]","126","17","Field Red Zone","['1','2','3','4','5','6','7','8','9','10','11']","mobile","tm","tmqr",,"[PREMIUM]","[PREMIUM]","[]",,"Denver Broncos at Kansas City Chiefs (Monday Night Football)","nfl","2026-09-15 00:15:00","541a27703bf3767221000004"
"6a6b7e9c462aff8c17d90661","2026-08-04 08:20:51.365","2026-08-05 11:33:10.536","6a6b7e9c462aff8c17d90661","695d53dc2b1ff70efcbf5c79","[PREMIUM]","[PREMIUM]","[PREMIUM]","[PREMIUM]","[PREMIUM]","[2]","342","7","Upper Red View","['7','8']","mobile","tm","tmqr",,"[PREMIUM]","[PREMIUM]","[]",,"Denver Broncos at Kansas City Chiefs (Monday Night Football)","nfl","2026-09-15 00:15:00","541a27703bf3767221000004"
"6a6b7e9be6e26b6c233373a6","2026-08-04 08:20:51.365","2026-08-04 08:20:51.365","6a6b7e9be6e26b6c233373a6","695d53dc2b1ff70efcbf5c79","[PREMIUM]","[PREMIUM]","[PREMIUM]","[PREMIUM]","[PREMIUM]","[2,4,6]","114","17","Field Red Zone","['7','8','9','10','11','12']","mobile","tm","tmqr",,"[PREMIUM]","[PREMIUM]","[]",,"Denver Broncos at Kansas City Chiefs (Monday Night Football)","nfl","2026-09-15 00:15:00","541a27703bf3767221000004"
"6a6b7681a564f06d1bae7422","2026-08-04 08:20:51.365","2026-08-04 08:20:51.365","6a6b7681a564f06d1bae7422","695d53dc2b1ff70efcbf5c79","[PREMIUM]","[PREMIUM]","[PREMIUM]","[PREMIUM]","[PREMIUM]","[2,4,6,8]","103","6","Field Sideline","['13','14','15','16','17','18','19','20']","mobile","tm","tmqr",,"[PREMIUM]","[PREMIUM]","[]",,"Denver Broncos at Kansas City Chiefs (Monday Night Football)","nfl","2026-09-15 00:15:00","541a27703bf3767221000004"
"6a6b75f2636d0156a0ee7935","2026-08-04 08:20:51.365","2026-08-05 11:33:10.536","6a6b75f2636d0156a0ee7935","695d53dc2b1ff70efcbf5c79","[PREMIUM]","[PREMIUM]","[PREMIUM]","[PREMIUM]","[PREMIUM]","[1,2,3,4,5,6,7,8,9,11]","330","29","Upper Red View","['3','4','5','6','7','8','9','10','11','12','13']","mobile","tm","tmqr",,"[PREMIUM]","[PREMIUM]","[]",,"Denver Broncos at Kansas City Chiefs (Monday Night Football)","nfl","2026-09-15 00:15:00","541a27703bf3767221000004"
"6a20c53499548238fd9b0a90","2026-08-04 08:20:51.365","2026-08-12 08:07:18.204","6a20c53499548238fd9b0a90","695d53dc2b1ff70efcbf5c79","[PREMIUM]","[PREMIUM]","[PREMIUM]","[PREMIUM]","[PREMIUM]","[2]","136","3","Field Prime","['13','14']","mobile","tm","tmqr",,"[PREMIUM]","[PREMIUM]","[]","2026-09-13 00:00:00","Denver Broncos at Kansas City Chiefs (Monday Night Football)","nfl","2026-09-15 00:15:00","541a27703bf3767221000004"
"6a66811f1782a053de323e25","2026-08-04 08:20:51.365","2026-08-12 08:07:18.204","6a66811f1782a053de323e25","695d53dc2b1ff70efcbf5c79","[PREMIUM]","[PREMIUM]","[PREMIUM]","[PREMIUM]","[PREMIUM]","[2]","301","26","Upper Red Sideline","['*','*']","mobile","tm","tmqr",,"[PREMIUM]","[PREMIUM]","[]","2026-09-13 00:00:00","Denver Broncos at Kansas City Chiefs (Monday Night Football)","nfl","2026-09-15 00:15:00","541a27703bf3767221000004"
"6a71774a849d45d7b33d7a9b","2026-08-04 08:20:51.365","2026-08-05 11:33:10.536","6a71774a849d45d7b33d7a9b","695d53dc2b1ff70efcbf5c79","[PREMIUM]","[PREMIUM]","[PREMIUM]","[PREMIUM]","[PREMIUM]","[2]","333","13","Upper Touchdown","['3','4']","mobile","tm","tmqr",,"[PREMIUM]","[PREMIUM]","[]",,"Denver Broncos at Kansas City Chiefs (Monday Night Football)","nfl","2026-09-15 00:15:00","541a27703bf3767221000004"
"6a70f9e067cd480d3fd085eb","2026-08-04 08:20:51.365","2026-08-04 08:20:51.365","6a70f9e067cd480d3fd085eb","695d53dc2b1ff70efcbf5c79","[PREMIUM]","[PREMIUM]","[PREMIUM]","[PREMIUM]","[PREMIUM]","[2]","302","25","Upper Red Sideline","['*','*']","mobile","tm","tmqr",,"[PREMIUM]","[PREMIUM]","[]","2026-09-13 00:00:00","Denver Broncos at Kansas City Chiefs (Monday Night Football)","nfl","2026-09-15 00:15:00","541a27703bf3767221000004"
"6a61209f468f1be04f4fc8e6","2026-08-04 08:20:50.960","2026-08-10 01:06:07.841","6a61209f468f1be04f4fc8e6","695cac1ceb182fc341c94a56","[PREMIUM]","[PREMIUM]","[PREMIUM]","[PREMIUM]","[PREMIUM]","[2]","233","7","Middle","['5','6']","mobile","tm","tmqr",,"[PREMIUM]","[PREMIUM]","[]","2026-09-20 00:00:00","Houston Texans at Indianapolis Colts","nfl","2026-09-27 17:00:00","554ac12778fea51658000001"
"6a0669cd3828919bf02434f4","2026-08-04 08:20:50.960","2026-08-13 11:23:11.187","6a0669cd3828919bf02434f4","695cac1ceb182fc341c94a56","[PREMIUM]","[PREMIUM]","[PREMIUM]","[PREMIUM]","[PREMIUM]","[2]","643","14","Upper","['15','16']","mobile","tm","tmqr",,"[PREMIUM]","[PREMIUM]","[]","2027-02-28 00:00:00","Houston Texans at Indianapolis Colts","nfl","2026-09-27 17:00:00","554ac12778fea51658000001"
"6a0668ec3828919bf0e10d36","2026-08-04 08:20:50.960","2026-08-13 11:23:11.187","6a0668ec3828919bf0e10d36","695cac1ceb182fc341c94a56","[PREMIUM]","[PREMIUM]","[PREMIUM]","[PREMIUM]","[PREMIUM]","[2,4]","424","8","Loge","['*','*','*','*']","mobile","tm","tmqr",,"[PREMIUM]","[PREMIUM]","[]","2026-09-26 00:00:00","Houston Texans at Indianapolis Colts","nfl","2026-09-27 17:00:00","554ac12778fea51658000001"
"6a0668ec3828919bf0e101c3","2026-08-04 08:20:50.960","2026-08-13 11:23:11.187","6a0668ec3828919bf0e101c3","695cac1ceb182fc341c94a56","[PREMIUM]","[PREMIUM]","[PREMIUM]","[PREMIUM]","[PREMIUM]","[1,2,3,4,5,6,8]","609","10","Upper","['*','*','*','*','*','*','*','*']","mobile","tm","tmqr",,"[PREMIUM]","[PREMIUM]","[]","2026-09-26 00:00:00","Houston Texans at Indianapolis Colts","nfl","2026-09-27 17:00:00","554ac12778fea51658000001"
"6a0668ea3828919bf0e08f98","2026-08-04 08:20:50.960","2026-08-13 11:23:11.187","6a0668ea3828919bf0e08f98","695cac1ceb182fc341c94a56","[PREMIUM]","[PREMIUM]","[PREMIUM]","[PREMIUM]","[PREMIUM]","[2]","611","11","Upper","['*','*']","mobile","tm","tmqr",,"[PREMIUM]","[PREMIUM]","[]","2026-09-26 00:00:00","Houston Texans at Indianapolis Colts","nfl","2026-09-27 17:00:00","554ac12778fea51658000001"
"6a70bebb472528bc6bbb6a9a","2026-08-04 08:20:50.960","2026-08-13 11:23:11.187","6a70bebb472528bc6bbb6a9a","695cac1ceb182fc341c94a56","[PREMIUM]","[PREMIUM]","[PREMIUM]","[PREMIUM]","[PREMIUM]","[1,2,3,5]","404","14","Loge","['*','*','*','*','*']","mobile","tm","tmqr",,"[PREMIUM]","[PREMIUM]","[]","2026-09-25 00:00:00","Houston Texans at Indianapolis Colts","nfl","2026-09-27 17:00:00","554ac12778fea51658000001"
"6a6b4644263f58b9def68f04","2026-08-04 08:20:50.960","2026-08-06 14:50:06.674","6a6b4644263f58b9def68f04","695cac1ceb182fc341c94a56","[PREMIUM]","[PREMIUM]","[PREMIUM]","[PREMIUM]","[PREMIUM]","[2]","627","8","Upper","['21','22']","mobile","tm","tmqr",,"[PREMIUM]","[PREMIUM]","[]",,"Houston Texans at Indianapolis Colts","nfl","2026-09-27 17:00:00","554ac12778fea51658000001"
"6a0669d03828919bf025069f","2026-08-04 08:20:50.960","2026-08-04 08:20:50.960","6a0669d03828919bf025069f","695cac1ceb182fc341c94a56","[PREMIUM]","[PREMIUM]","[PREMIUM]","[PREMIUM]","[PREMIUM]","[2]","609","5","Upper","['15','16']","mobile","tm","tmqr",,"[PREMIUM]","[PREMIUM]","[]","2027-02-28 00:00:00","Houston Texans at Indianapolis Colts","nfl","2026-09-27 17:00:00","554ac12778fea51658000001"
"6a0668ec3828919bf0e107ae","2026-08-04 08:20:50.960","2026-08-06 14:50:06.674","6a0668ec3828919bf0e107ae","695cac1ceb182fc341c94a56","[PREMIUM]","[PREMIUM]","[PREMIUM]","[PREMIUM]","[PREMIUM]","[1,2,3,4,6]","636","7","Upper","['*','*','*','*','*','*']","mobile","tm","tmqr",,"[PREMIUM]","[PREMIUM]","[]","2026-09-26 00:00:00","Houston Texans at Indianapolis Colts","nfl","2026-09-27 17:00:00","554ac12778fea51658000001"
"6a06641e3828919bf06b0893","2026-08-04 08:20:50.960","2026-08-04 08:20:50.960","6a06641e3828919bf06b0893","695cac1ceb182fc341c94a56","[PREMIUM]","[PREMIUM]","[PREMIUM]","[PREMIUM]","[PREMIUM]","[2,4]","646","9","Upper","['11','12','13','14']","mobile","tm","tmqr",,"[PREMIUM]","[PREMIUM]","[]",,"Houston Texans at Indianapolis Colts","nfl","2026-09-27 17:00:00","554ac12778fea51658000001"
"6a47e64b239cabfa2cd2409a","2026-08-04 08:20:50.960","2026-08-05 11:33:10.135","6a47e64b239cabfa2cd2409a","695cac1ceb182fc341c94a56","[PREMIUM]","[PREMIUM]","[PREMIUM]","[PREMIUM]","[PREMIUM]","[1,2,3,4]","617","18","Upper","['*','*','*','*']","mobile","tm","tmqr","amazing","[PREMIUM]","[PREMIUM]","[]","2026-09-26 00:00:00","Houston Texans at Indianapolis Colts","nfl","2026-09-27 17:00:00","554ac12778fea51658000001"
"6a47e64b239cabfa2cd24155","2026-08-04 08:20:50.960","2026-08-05 11:33:10.135","6a47e64b239cabfa2cd24155","695cac1ceb182fc341c94a56","[PREMIUM]","[PREMIUM]","[PREMIUM]","[PREMIUM]","[PREMIUM]","[1,2,3,4]","609","18","Upper","['*','*','*','*']","mobile","tm","tmqr",,"[PREMIUM]","[PREMIUM]","[]","2026-09-26 00:00:00","Houston Texans at Indianapolis Colts","nfl","2026-09-27 17:00:00","554ac12778fea51658000001"
"6a0669d23828919bf025e83b","2026-08-04 08:20:50.960","2026-08-10 01:06:07.841","6a0669d23828919bf025e83b","695cac1ceb182fc341c94a56","[PREMIUM]","[PREMIUM]","[PREMIUM]","[PREMIUM]","[PREMIUM]","[1,2,3,4,6]","625","9","Upper","['6','7','8','9','10','11']","mobile","tm","tmqr",,"[PREMIUM]","[PREMIUM]","[]","2027-02-28 00:00:00","Houston Texans at Indianapolis Colts","nfl","2026-09-27 17:00:00","554ac12778fea51658000001"
"6a0669ce3828919bf024afde","2026-08-04 08:20:50.960","2026-08-12 08:07:17.978","6a0669ce3828919bf024afde","695cac1ceb182fc341c94a56","[PREMIUM]","[PREMIUM]","[PREMIUM]","[PREMIUM]","[PREMIUM]","[1,2,3,4,6]","626","9","Upper","['14','15','16','17','18','19']","mobile","tm","tmqr",,"[PREMIUM]","[PREMIUM]","[]","2027-02-28 00:00:00","Houston Texans at Indianapolis Colts","nfl","2026-09-27 17:00:00","554ac12778fea51658000001"
"6a55b87947fccf1eb471aa43","2026-08-04 08:20:50.753","2026-08-12 08:07:21.131","6a55b87947fccf1eb471aa43","691fbb03223e3b5b545ee563","[PREMIUM]","[PREMIUM]","[PREMIUM]","[PREMIUM]","[PREMIUM]","[2]","208","C","Club","['*','*']","mobile","tm","tmqr",,"[PREMIUM]","[PREMIUM]","[]","2026-09-22 00:00:00","Real Salt Lake at Seattle Sounders FC (Rescheduled from 04/12 to 09/23)","mls","2026-09-24 01:30:00","53acb8a13bf3760237000003"
"6a5131e87d54ae97ed8f0a65","2026-08-04 08:20:50.753","2026-08-12 08:07:21.131","6a5131e87d54ae97ed8f0a65","691fbb03223e3b5b545ee563","[PREMIUM]","[PREMIUM]","[PREMIUM]","[PREMIUM]","[PREMIUM]","[2]","126","PP","Lower Level Corner","['1','2']","mobile","tm","tmqr",,"[PREMIUM]","[PREMIUM]","[]","2026-09-23 01:30:00","Real Salt Lake at Seattle Sounders FC (Rescheduled from 04/12 to 09/23)","mls","2026-09-24 01:30:00","53acb8a13bf3760237000003"
"6a6810013ec58c651ea69fd0","2026-08-04 08:20:50.753","2026-08-05 11:33:13.675","6a6810013ec58c651ea69fd0","691fbb03223e3b5b545ee563","[PREMIUM]","[PREMIUM]","[PREMIUM]","[PREMIUM]","[PREMIUM]","[2]","237","B","Club","['*','*']","mobile","tm","tmqr",,"[PREMIUM]","[PREMIUM]","[]","2026-09-22 00:00:00","Real Salt Lake at Seattle Sounders FC (Rescheduled from 04/12 to 09/23)","mls","2026-09-24 01:30:00","53acb8a13bf3760237000003"
"6a7039ec07dc9fd3b2cd634b","2026-08-04 08:20:50.753","2026-08-04 08:20:50.753","6a7039ec07dc9fd3b2cd634b","691fbb03223e3b5b545ee563","[PREMIUM]","[PREMIUM]","[PREMIUM]","[PREMIUM]","[PREMIUM]","[2]","213","C","Club","['*','*']","mobile","tm","tmqr",,"[PREMIUM]","[PREMIUM]","[]","2026-09-22 00:00:00","Real Salt Lake at Seattle Sounders FC (Rescheduled from 04/12 to 09/23)","mls","2026-09-24 01:30:00","53acb8a13bf3760237000003"
"6a719f74d4a34a52554f67fd","2026-08-04 08:20:50.753","2026-08-04 08:20:50.753","6a719f74d4a34a52554f67fd","691fbb03223e3b5b545ee563","[PREMIUM]","[PREMIUM]","[PREMIUM]","[PREMIUM]","[PREMIUM]","[1,2,3,4]","147","R","Lower Level End Zone","['*','*','*','*']","mobile","tm","tmqr",,"[PREMIUM]","[PREMIUM]","[]","2026-09-20 00:00:00","Real Salt Lake at Seattle Sounders FC (Rescheduled from 04/12 to 09/23)","mls","2026-09-24 01:30:00","53acb8a13bf3760237000003"
"6a7156f11a8b0d231153f53a","2026-08-04 08:20:50.753","2026-08-13 11:23:14.975","6a7156f11a8b0d231153f53a","691fbb03223e3b5b545ee563","[PREMIUM]","[PREMIUM]","[PREMIUM]","[PREMIUM]","[PREMIUM]","[2]","112","D","Charter","['11','12']","mobile","tm","tmqr",,"[PREMIUM]","[PREMIUM]","[]","2026-09-23 01:30:00","Real Salt Lake at Seattle Sounders FC (Rescheduled from 04/12 to 09/23)","mls","2026-09-24 01:30:00","53acb8a13bf3760237000003"
"6a626d2279d0f5325bd34fdb","2026-08-04 08:20:50.753","2026-08-13 11:23:14.975","6a626d2279d0f5325bd34fdb","691fbb03223e3b5b545ee563","[PREMIUM]","[PREMIUM]","[PREMIUM]","[PREMIUM]","[PREMIUM]","[2]","214","K","Middle Level","['19','20']","mobile","tm","tmqr",,"[PREMIUM]","[PREMIUM]","[]","2026-09-23 01:30:00","Real Salt Lake at Seattle Sounders FC (Rescheduled from 04/12 to 09/23)","mls","2026-09-24 01:30:00","53acb8a13bf3760237000003"
"6a6a1879263f58b9de9e293c","2026-08-04 08:20:50.753","2026-08-10 01:06:11.207","6a6a1879263f58b9de9e293c","691fbb03223e3b5b545ee563","[PREMIUM]","[PREMIUM]","[PREMIUM]","[PREMIUM]","[PREMIUM]","[1,2,3,4]","120","JJ","Lower Level End Zone","['*','*','*','*']","mobile","tm","tmqr",,"[PREMIUM]","[PREMIUM]","[]","2026-09-21 00:00:00","Real Salt Lake at Seattle Sounders FC (Rescheduled from 04/12 to 09/23)","mls","2026-09-24 01:30:00","53acb8a13bf3760237000003"
"6a45786081d06e2e993082c7","2026-08-04 08:20:50.753","2026-08-04 08:20:50.753","6a45786081d06e2e993082c7","691fbb03223e3b5b545ee563","[PREMIUM]","[PREMIUM]","[PREMIUM]","[PREMIUM]","[PREMIUM]","[2]","112","W","Charter","['*','*']","mobile","tm","tmqr",,"[PREMIUM]","[PREMIUM]","[]","2026-09-22 00:00:00","Real Salt Lake at Seattle Sounders FC (Rescheduled from 04/12 to 09/23)","mls","2026-09-24 01:30:00","53acb8a13bf3760237000003"
"6a44642b92c16cb6601e99d5","2026-08-04 08:20:50.753","2026-08-06 14:50:10.834","6a44642b92c16cb6601e99d5","691fbb03223e3b5b545ee563","[PREMIUM]","[PREMIUM]","[PREMIUM]","[PREMIUM]","[PREMIUM]","[1,2,3,4]","235","N","Club","['*','*','*','*']","mobile","tm","tmqr",,"[PREMIUM]","[PREMIUM]","[]","2026-09-22 00:00:00","Real Salt Lake at Seattle Sounders FC (Rescheduled from 04/12 to 09/23)","mls","2026-09-24 01:30:00","53acb8a13bf3760237000003"
"6a716d9e4cd374ffb590495c","2026-08-04 08:20:50.753","2026-08-05 11:33:13.675","6a716d9e4cd374ffb590495c","691fbb03223e3b5b545ee563","[PREMIUM]","[PREMIUM]","[PREMIUM]","[PREMIUM]","[PREMIUM]","[2]","101","N","Lower Level Corner","['*','*']","mobile","tm","tmqr","great","[PREMIUM]","[PREMIUM]","[]","2026-09-22 00:00:00","Real Salt Lake at Seattle Sounders FC (Rescheduled from 04/12 to 09/23)","mls","2026-09-24 01:30:00","53acb8a13bf3760237000003"
"6a657dea263f58b9de2fe865","2026-08-04 08:20:50.753","2026-08-08 21:33:44.331","6a657dea263f58b9de2fe865","691fbb03223e3b5b545ee563","[PREMIUM]","[PREMIUM]","[PREMIUM]","[PREMIUM]","[PREMIUM]","[1,2,3,4,5,6,7,8]","110","H","Charter","['*','*','*','*','*','*','*','*']","mobile","tm","tmqr",,"[PREMIUM]","[PREMIUM]","[]","2026-09-22 00:00:00","Real Salt Lake at Seattle Sounders FC (Rescheduled from 04/12 to 09/23)","mls","2026-09-24 01:30:00","53acb8a13bf3760237000003"
"6a6ccf500ecc5a624d95f89d","2026-08-04 08:20:50.753","2026-08-05 11:33:13.675","6a6ccf500ecc5a624d95f89d","691fbb03223e3b5b545ee563","[PREMIUM]","[PREMIUM]","[PREMIUM]","[PREMIUM]","[PREMIUM]","[2]","212","J","Club","['*','*']","mobile","tm","tmqr",,"[PREMIUM]","[PREMIUM]","[]","2026-09-22 00:00:00","Real Salt Lake at Seattle Sounders FC (Rescheduled from 04/12 to 09/23)","mls","2026-09-24 01:30:00","53acb8a13bf3760237000003"
"6a6b8f65c1239105f44b4d88","2026-08-04 08:20:50.753","2026-08-11 04:42:01.252","6a6b8f65c1239105f44b4d88","691fbb03223e3b5b545ee563","[PREMIUM]","[PREMIUM]","[PREMIUM]","[PREMIUM]","[PREMIUM]","[2]","233","H","Club","['14','15']","mobile","tm","tmqr",,"[PREMIUM]","[PREMIUM]","[]","2026-09-23 01:30:00","Real Salt Lake at Seattle Sounders FC (Rescheduled from 04/12 to 09/23)","mls","2026-09-24 01:30:00","53acb8a13bf3760237000003"
"6a52971b8002cd1e4e08661c","2026-08-04 08:20:50.753","2026-08-06 14:50:10.834","6a52971b8002cd1e4e08661c","691fbb03223e3b5b545ee563","[PREMIUM]","[PREMIUM]","[PREMIUM]","[PREMIUM]","[PREMIUM]","[2]","213","H","Club","['*','*']","mobile","tm","tmqr",,"[PREMIUM]","[PREMIUM]","[]","2026-09-22 00:00:00","Real Salt Lake at Seattle Sounders FC (Rescheduled from 04/12 to 09/23)","mls","2026-09-24 01:30:00","53acb8a13bf3760237000003"
"6a70e98d0c4a20bccf6478c6","2026-08-04 08:20:48.407","2026-08-05 11:33:11.560","6a70e98d0c4a20bccf6478c6","695c942fe6237a652ce6038e","[PREMIUM]","[PREMIUM]","[PREMIUM]","[PREMIUM]","[PREMIUM]","[2]","226","13","Main","['3','4']","mobile","sg","tm-web","great","[PREMIUM]","[PREMIUM]","[]","2026-09-19 00:00:00","Washington Commanders at Dallas Cowboys","nfl","2026-09-20 20:25:00","541355423bf376717a000001"
"6a091adc68683aeddc196235","2026-08-04 08:20:48.407","2026-08-13 11:23:08.584","6a091adc68683aeddc196235","695c942fe6237a652ce6038e","[PREMIUM]","[PREMIUM]","[PREMIUM]","[PREMIUM]","[PREMIUM]","[2]","435","10","Upper","['13','14']","mobile","sg","tm-web",,"[PREMIUM]","[PREMIUM]","[]",,"Washington Commanders at Dallas Cowboys","nfl","2026-09-20 20:25:00","541355423bf376717a000001"
"6a066e798ef669abcfc9b61e","2026-08-04 08:20:48.407","2026-08-13 11:23:08.584","6a066e798ef669abcfc9b61e","695c942fe6237a652ce6038e","[PREMIUM]","[PREMIUM]","[PREMIUM]","[PREMIUM]","[PREMIUM]","[2]","240","6","Main","['5','6']","mobile","sg","tm-web",,"[PREMIUM]","[PREMIUM]","[]","2026-09-18 00:00:00","Washington Commanders at Dallas Cowboys","nfl","2026-09-20 20:25:00","541355423bf376717a000001"
"6a066c6bcc1bcf6ebfa95d73","2026-08-04 08:20:48.407","2026-08-13 11:23:08.584","6a066c6bcc1bcf6ebfa95d73","695c942fe6237a652ce6038e","[PREMIUM]","[PREMIUM]","[PREMIUM]","[PREMIUM]","[PREMIUM]","[2]","114","7","Club Hall of Fame","['7','8']","mobile","sg","tm-web",,"[PREMIUM]","[PREMIUM]","[]",,"Washington Commanders at Dallas Cowboys","nfl","2026-09-20 20:25:00","541355423bf376717a000001"
"6a06606c216c3cc4779eda62","2026-08-04 08:20:48.407","2026-08-13 11:23:08.584","6a06606c216c3cc4779eda62","695c942fe6237a652ce6038e","[PREMIUM]","[PREMIUM]","[PREMIUM]","[PREMIUM]","[PREMIUM]","[2]","247","2","Main","['11','12']","mobile","sg","tm-web",,"[PREMIUM]","[PREMIUM]","[]","2026-09-19 00:00:00","Washington Commanders at Dallas Cowboys","nfl","2026-09-20 20:25:00","541355423bf376717a000001"
"6a6f87f5cae4dcd80f131034","2026-08-04 08:20:48.407","2026-08-04 08:20:48.407","6a6f87f5cae4dcd80f131034","695c942fe6237a652ce6038e","[PREMIUM]","[PREMIUM]","[PREMIUM]","[PREMIUM]","[PREMIUM]","[2]","143","5","Hall of Fame","['*','*']","mobile","sg","tm-web",,"[PREMIUM]","[PREMIUM]","[]","2026-09-19 20:25:00","Washington Commanders at Dallas Cowboys","nfl","2026-09-20 20:25:00","541355423bf376717a000001"
"6a006ca09e5c236387ddb4bf","2026-08-04 08:20:48.407","2026-08-04 08:20:48.407","6a006ca09e5c236387ddb4bf","695c942fe6237a652ce6038e","[PREMIUM]","[PREMIUM]","[PREMIUM]","[PREMIUM]","[PREMIUM]","[2,4]","433","10","Upper","['*','*','*','*']","mobile","sg","tm-web",,"[PREMIUM]","[PREMIUM]","[]","2026-09-17 00:00:00","Washington Commanders at Dallas Cowboys","nfl","2026-09-20 20:25:00","541355423bf376717a000001"
"6a0784af3828919bf067c758","2026-08-04 08:20:48.407","2026-08-04 08:20:48.407","6a0784af3828919bf067c758","695c942fe6237a652ce6038e","[PREMIUM]","[PREMIUM]","[PREMIUM]","[PREMIUM]","[PREMIUM]","[2]","452","14","Upper","['*','*']","mobile","sg","tm-web",,"[PREMIUM]","[PREMIUM]","[]","2026-09-19 00:00:00","Washington Commanders at Dallas Cowboys","nfl","2026-09-20 20:25:00","541355423bf376717a000001"
"6a069ee7af91430ad6e2aeb4","2026-08-04 08:20:48.407","2026-08-05 11:33:11.560","6a069ee7af91430ad6e2aeb4","695c942fe6237a652ce6038e","[PREMIUM]","[PREMIUM]","[PREMIUM]","[PREMIUM]","[PREMIUM]","[2]","409","17","Upper","['7','8']","mobile","sg","tm-web",,"[PREMIUM]","[PREMIUM]","[]",,"Washington Commanders at Dallas Cowboys","nfl","2026-09-20 20:25:00","541355423bf376717a000001"
"6a069ee71c42655e51b5e93f","2026-08-04 08:20:48.407","2026-08-04 08:20:48.407","6a069ee71c42655e51b5e93f","695c942fe6237a652ce6038e","[PREMIUM]","[PREMIUM]","[PREMIUM]","[PREMIUM]","[PREMIUM]","[2]","410","29","Upper","['9','10']","mobile","sg","tm-web","great","[PREMIUM]","[PREMIUM]","[]",,"Washington Commanders at Dallas Cowboys","nfl","2026-09-20 20:25:00","541355423bf376717a000001"
"6a066c6fd54b7fb906a0fbe3","2026-08-04 08:20:48.407","2026-08-04 08:20:48.407","6a066c6fd54b7fb906a0fbe3","695c942fe6237a652ce6038e","[PREMIUM]","[PREMIUM]","[PREMIUM]","[PREMIUM]","[PREMIUM]","[2]","247","8","Main","['15','16']","mobile","sg","tm-web",,"[PREMIUM]","[PREMIUM]","[]",,"Washington Commanders at Dallas Cowboys","nfl","2026-09-20 20:25:00","541355423bf376717a000001"
"6a066c443cb775a21cd58b40","2026-08-04 08:20:48.407","2026-08-05 11:33:11.560","6a066c443cb775a21cd58b40","695c942fe6237a652ce6038e","[PREMIUM]","[PREMIUM]","[PREMIUM]","[PREMIUM]","[PREMIUM]","[2]","103","9","Hall of Fame","['3','4']","mobile","sg","tm-web",,"[PREMIUM]","[PREMIUM]","[]",,"Washington Commanders at Dallas Cowboys","nfl","2026-09-20 20:25:00","541355423bf376717a000001"
"6a066c3fc54581d4f5016b2e","2026-08-04 08:20:48.407","2026-08-04 08:20:48.407","6a066c3fc54581d4f5016b2e","695c942fe6237a652ce6038e","[PREMIUM]","[PREMIUM]","[PREMIUM]","[PREMIUM]","[PREMIUM]","[2]","119","9","Hall of Fame","['13','14']","mobile","sg","tm-web",,"[PREMIUM]","[PREMIUM]","[]",,"Washington Commanders at Dallas Cowboys","nfl","2026-09-20 20:25:00","541355423bf376717a000001"
"6a0665e63828919bf0f7056d","2026-08-04 08:20:48.407","2026-08-04 08:20:48.407","6a0665e63828919bf0f7056d","695c942fe6237a652ce6038e","[PREMIUM]","[PREMIUM]","[PREMIUM]","[PREMIUM]","[PREMIUM]","[1,2]","246","15","Main","['*','*']","mobile","sg","tm-web",,"[PREMIUM]","[PREMIUM]","[]","2026-09-19 00:00:00","Washington Commanders at Dallas Cowboys","nfl","2026-09-20 20:25:00","541355423bf376717a000001"
"6a0661253828919bf0857657","2026-08-04 08:20:48.407","2026-08-04 08:20:48.407","6a0661253828919bf0857657","695c942fe6237a652ce6038e","[PREMIUM]","[PREMIUM]","[PREMIUM]","[PREMIUM]","[PREMIUM]","[2]","422","18","Upper","['*','*']","mobile","sg","tm-web",,"[PREMIUM]","[PREMIUM]","[]","2026-09-17 00:00:00","Washington Commanders at Dallas Cowboys","nfl","2026-09-20 20:25:00","541355423bf376717a000001"
"6a06413c3828919bf0227f65","2026-08-04 08:20:48.407","2026-08-07 18:16:42.248","6a06413c3828919bf0227f65","695c942fe6237a652ce6038e","[PREMIUM]","[PREMIUM]","[PREMIUM]","[PREMIUM]","[PREMIUM]","[2]","246","10","Main","['9','10']","mobile","sg","tm-web",,"[PREMIUM]","[PREMIUM]","[]","2026-09-19 00:00:00","Washington Commanders at Dallas Cowboys","nfl","2026-09-20 20:25:00","541355423bf376717a000001"
"6a70afa2b2472dcce3dd64ed","2026-08-04 08:20:48.407","2026-08-06 14:50:08.462","6a70afa2b2472dcce3dd64ed","695c942fe6237a652ce6038e","[PREMIUM]","[PREMIUM]","[PREMIUM]","[PREMIUM]","[PREMIUM]","[2]","148","16","Hall of Fame","['8','9']","mobile","sg","tm-web",,"[PREMIUM]","[PREMIUM]","[]","2026-09-19 00:00:00","Washington Commanders at Dallas Cowboys","nfl","2026-09-20 20:25:00","541355423bf376717a000001"
"6a4d53d6bc6d3687002fb2f2","2026-08-04 08:20:48.407","2026-08-08 21:33:41.529","6a4d53d6bc6d3687002fb2f2","695c942fe6237a652ce6038e","[PREMIUM]","[PREMIUM]","[PREMIUM]","[PREMIUM]","[PREMIUM]","[2]","246","3","Main","['*','*']","mobile","sg","tm-web",,"[PREMIUM]","[PREMIUM]","[]","2026-09-18 00:00:00","Washington Commanders at Dallas Cowboys","nfl","2026-09-20 20:25:00","541355423bf376717a000001"
"6a665225bf9d98b16c3882ff","2026-08-04 08:20:48.407","2026-08-10 01:06:04.941","6a665225bf9d98b16c3882ff","695c942fe6237a652ce6038e","[PREMIUM]","[PREMIUM]","[PREMIUM]","[PREMIUM]","[PREMIUM]","[2]","420","21","Upper","['9','10']","mobile","sg","tm-web","amazing","[PREMIUM]","[PREMIUM]","[]",,"Washington Commanders at Dallas Cowboys","nfl","2026-09-20 20:25:00","541355423bf376717a000001"
"6a07a3d53828919bf0f6d154","2026-08-04 08:20:48.407","2026-08-10 01:06:04.941","6a07a3d53828919bf0f6d154","695c942fe6237a652ce6038e","[PREMIUM]","[PREMIUM]","[PREMIUM]","[PREMIUM]","[PREMIUM]","[2]","420","16","Upper","['4','5']","mobile","sg","tm-web",,"[PREMIUM]","[PREMIUM]","[]","2026-09-19 00:00:00","Washington Commanders at Dallas Cowboys","nfl","2026-09-20 20:25:00","541355423bf376717a000001"
"6a0754b33828919bf0e86813","2026-08-04 08:20:48.407","2026-08-10 01:06:04.941","6a0754b33828919bf0e86813","695c942fe6237a652ce6038e","[PREMIUM]","[PREMIUM]","[PREMIUM]","[PREMIUM]","[PREMIUM]","[2]","414","22","Upper","['*','*']","mobile","sg","tm-web",,"[PREMIUM]","[PREMIUM]","[]","2026-09-19 00:00:00","Washington Commanders at Dallas Cowboys","nfl","2026-09-20 20:25:00","541355423bf376717a000001"
"6a066c5763fe103c268d9d15","2026-08-04 08:20:48.407","2026-08-10 01:06:04.941","6a066c5763fe103c268d9d15","695c942fe6237a652ce6038e","[PREMIUM]","[PREMIUM]","[PREMIUM]","[PREMIUM]","[PREMIUM]","[1,2,3,4,6]","215","8","Main","['1','2','3','4','5','6']","mobile","sg","tm-web",,"[PREMIUM]","[PREMIUM]","[]",,"Washington Commanders at Dallas Cowboys","nfl","2026-09-20 20:25:00","541355423bf376717a000001"
"6a066c60facaa67ec871f23d","2026-08-04 08:20:48.407","2026-08-12 08:07:15.231","6a066c60facaa67ec871f23d","695c942fe6237a652ce6038e","[PREMIUM]","[PREMIUM]","[PREMIUM]","[PREMIUM]","[PREMIUM]","[2,4]","250","10","Main","['3','4','5','6']","mobile","sg","tm-web",,"[PREMIUM]","[PREMIUM]","[]",,"Washington Commanders at Dallas Cowboys","nfl","2026-09-20 20:25:00","541355423bf376717a000001"
"6a0661253828919bf08571aa","2026-08-04 08:20:48.407","2026-08-12 08:07:15.231","6a0661253828919bf08571aa","695c942fe6237a652ce6038e","[PREMIUM]","[PREMIUM]","[PREMIUM]","[PREMIUM]","[PREMIUM]","[1,2,3,4,6]","215","2","Main","['*','*','*','*','*','*']","mobile","sg","tm-web",,"[PREMIUM]","[PREMIUM]","[]","2026-09-17 00:00:00","Washington Commanders at Dallas Cowboys","nfl","2026-09-20 20:25:00","541355423bf376717a000001"
"6a06844c3828919bf0a4f670","2026-08-04 08:20:48.407","2026-08-12 08:07:15.231","6a06844c3828919bf0a4f670","695c942fe6237a652ce6038e","[PREMIUM]","[PREMIUM]","[PREMIUM]","[PREMIUM]","[PREMIUM]","[2,4]","313","7","Club Mezzanine","['15','16','17','18']","mobile","sg","tm-web",,"[PREMIUM]","[PREMIUM]","[]","2026-09-19 00:00:00","Washington Commanders at Dallas Cowboys","nfl","2026-09-20 20:25:00","541355423bf376717a000001"
"6a066c4ba8ebfdad06496366","2026-08-04 08:20:48.407","2026-08-12 08:07:15.231","6a066c4ba8ebfdad06496366","695c942fe6237a652ce6038e","[PREMIUM]","[PREMIUM]","[PREMIUM]","[PREMIUM]","[PREMIUM]","[2]","145","17","Hall of Fame","['7','8']","mobile","sg","tm-web",,"[PREMIUM]","[PREMIUM]","[]",,"Washington Commanders at Dallas Cowboys","nfl","2026-09-20 20:25:00","541355423bf376717a000001"
"6a2cbd2997c791990d63328d","2026-08-04 08:20:48.407","2026-08-06 14:50:08.462","6a2cbd2997c791990d63328d","695c942fe6237a652ce6038e","[PREMIUM]","[PREMIUM]","[PREMIUM]","[PREMIUM]","[PREMIUM]","[2]","SRO","GA","Standing Room Only","['*','*']","mobile","sg","tm-web","cheapest","[PREMIUM]","[PREMIUM]","['standing_room']","2026-09-19 00:00:00","Washington Commanders at Dallas Cowboys","nfl","2026-09-20 20:25:00","541355423bf376717a000001"
"6a176f053828919bf04d1627","2026-08-04 08:20:48.407","2026-08-13 11:23:08.584","6a176f053828919bf04d1627","695c942fe6237a652ce6038e","[PREMIUM]","[PREMIUM]","[PREMIUM]","[PREMIUM]","[PREMIUM]","[2]","321","2","Mezzanine","['*','*']","mobile","sg","tm-web",,"[PREMIUM]","[PREMIUM]","[]","2026-09-19 00:00:00","Washington Commanders at Dallas Cowboys","nfl","2026-09-20 20:25:00","541355423bf376717a000001"
"6a23622b99548238fd31a225","2026-08-04 08:20:48.407","2026-08-04 08:20:48.407","6a23622b99548238fd31a225","695c942fe6237a652ce6038e","[PREMIUM]","[PREMIUM]","[PREMIUM]","[PREMIUM]","[PREMIUM]","[2]","201","12","Main","['5','6']","mobile","sg","tm-web","great","[PREMIUM]","[PREMIUM]","[]","2026-09-19 00:00:00","Washington Commanders at Dallas Cowboys","nfl","2026-09-20 20:25:00","541355423bf376717a000001"
"6a70ffb5fdb288ec7ba1b4b3","2026-08-04 08:20:48.407","2026-08-05 11:33:11.560","6a70ffb5fdb288ec7ba1b4b3","695c942fe6237a652ce6038e","[PREMIUM]","[PREMIUM]","[PREMIUM]","[PREMIUM]","[PREMIUM]","[2]","232","15","Club Main","['*','*']","mobile","sg","tm-web",,"[PREMIUM]","[PREMIUM]","[]","2026-09-19 20:25:00","Washington Commanders at Dallas Cowboys","nfl","2026-09-20 20:25:00","541355423bf376717a000001"
"6a701861b2472dcce3f8b7ea","2026-08-04 08:20:47.120","2026-08-12 08:07:10.582","6a701861b2472dcce3f8b7ea","695c95a41f75b0de0a8f869f","[PREMIUM]","[PREMIUM]","[PREMIUM]","[PREMIUM]","[PREMIUM]","[1,2,3]","303","10","Club","['*','*','*']","mobile","tm","tmqr",,"[PREMIUM]","[PREMIUM]","[]","2026-10-01 00:00:00","Pittsburgh Steelers at Cleveland Browns (Thursday Night Football)","nfl","2026-10-02 00:15:00","54230c8b3bf3761a04000002"
"6a701861b2472dcce3f8b3c4","2026-08-04 08:20:47.120","2026-08-13 11:23:06.776","6a701861b2472dcce3f8b3c4","695c95a41f75b0de0a8f869f","[PREMIUM]","[PREMIUM]","[PREMIUM]","[PREMIUM]","[PREMIUM]","[1,2,3]","118B","30","Lower","['*','*','*']","mobile","tm","tmqr",,"[PREMIUM]","[PREMIUM]","[]","2026-10-01 00:00:00","Pittsburgh Steelers at Cleveland Browns (Thursday Night Football)","nfl","2026-10-02 00:15:00","54230c8b3bf3761a04000002"
"6a084ee07b8a5f56e4add62b","2026-08-04 08:20:47.120","2026-08-13 11:23:06.776","6a084ee07b8a5f56e4add62b","695c95a41f75b0de0a8f869f","[PREMIUM]","[PREMIUM]","[PREMIUM]","[PREMIUM]","[PREMIUM]","[2]","111","2","Lower","['10','11']","mobile","tm","tmqr",,"[PREMIUM]","[PREMIUM]","[]","2026-10-01 00:15:00","Pittsburgh Steelers at Cleveland Browns (Thursday Night Football)","nfl","2026-10-02 00:15:00","54230c8b3bf3761a04000002"
"6a06ec323828919bf0b6aafa","2026-08-04 08:20:47.120","2026-08-13 11:23:06.776","6a06ec323828919bf0b6aafa","695c95a41f75b0de0a8f869f","[PREMIUM]","[PREMIUM]","[PREMIUM]","[PREMIUM]","[PREMIUM]","[2,4]","148","18","Lower","['1','2','3','4']","mobile","tm","tmqr",,"[PREMIUM]","[PREMIUM]","[]","2026-09-29 00:00:00","Pittsburgh Steelers at Cleveland Browns (Thursday Night Football)","nfl","2026-10-02 00:15:00","54230c8b3bf3761a04000002"
"6a06661e3828919bf008c355","2026-08-04 08:20:47.120","2026-08-13 11:23:06.776","6a06661e3828919bf008c355","695c95a41f75b0de0a8f869f","[PREMIUM]","[PREMIUM]","[PREMIUM]","[PREMIUM]","[PREMIUM]","[2,4]","134","17","Lower","['5','6','7','8']","mobile","tm","tmqr",,"[PREMIUM]","[PREMIUM]","[]","2026-09-30 00:00:00","Pittsburgh Steelers at Cleveland Browns (Thursday Night Football)","nfl","2026-10-02 00:15:00","54230c8b3bf3761a04000002"
"6a6ea5b1b2472dcce3c9ec4b","2026-08-04 08:20:47.120","2026-08-08 21:33:37.231","6a6ea5b1b2472dcce3c9ec4b","695c95a41f75b0de0a8f869f","[PREMIUM]","[PREMIUM]","[PREMIUM]","[PREMIUM]","[PREMIUM]","[2,4,6]","506","32","Upper","['25','26','27','28','29','30']","mobile","tm","tmqr",,"[PREMIUM]","[PREMIUM]","[]","2026-09-30 00:00:00","Pittsburgh Steelers at Cleveland Browns (Thursday Night Football)","nfl","2026-10-02 00:15:00","54230c8b3bf3761a04000002"
"6a70c813810ad4fe6a94bedf","2026-08-04 08:20:47.120","2026-08-06 14:50:04.059","6a70c813810ad4fe6a94bedf","695c95a41f75b0de0a8f869f","[PREMIUM]","[PREMIUM]","[PREMIUM]","[PREMIUM]","[PREMIUM]","[2]","505","15","Upper","['*','*']","mobile","tm","tmqr","amazing","[PREMIUM]","[PREMIUM]","[]","2026-09-29 00:00:00","Pittsburgh Steelers at Cleveland Browns (Thursday Night Football)","nfl","2026-10-02 00:15:00","54230c8b3bf3761a04000002"
"6a6b68f3b2472dcce38d0a7b","2026-08-04 08:20:47.120","2026-08-04 08:20:47.120","6a6b68f3b2472dcce38d0a7b","695c95a41f75b0de0a8f869f","[PREMIUM]","[PREMIUM]","[PREMIUM]","[PREMIUM]","[PREMIUM]","[2]","102","13","Lower","['9','10']","mobile","tm","tmqr",,"[PREMIUM]","[PREMIUM]","[]",,"Pittsburgh Steelers at Cleveland Browns (Thursday Night Football)","nfl","2026-10-02 00:15:00","54230c8b3bf3761a04000002"
"6a6b68edb2472dcce38c1428","2026-08-04 08:20:47.120","2026-08-05 11:33:07.661","6a6b68edb2472dcce38c1428","695c95a41f75b0de0a8f869f","[PREMIUM]","[PREMIUM]","[PREMIUM]","[PREMIUM]","[PREMIUM]","[2,4,6]","525","31","Upper","['9','10','11','12','13','14']","mobile","tm","tmqr",,"[PREMIUM]","[PREMIUM]","[]",,"Pittsburgh Steelers at Cleveland Browns (Thursday Night Football)","nfl","2026-10-02 00:15:00","54230c8b3bf3761a04000002"
"6a6627d59d1ea85b025f91f7","2026-08-04 08:20:47.120","2026-08-04 08:20:47.120","6a6627d59d1ea85b025f91f7","695c95a41f75b0de0a8f869f","[PREMIUM]","[PREMIUM]","[PREMIUM]","[PREMIUM]","[PREMIUM]","[1,2,3,4,5,6,8]","540","30","Upper","['14','15','16','17','18','19','20','21']","mobile","tm","tmqr",,"[PREMIUM]","[PREMIUM]","[]","2026-10-01 20:15:00","Pittsburgh Steelers at Cleveland Browns (Thursday Night Football)","nfl","2026-10-02 00:15:00","54230c8b3bf3761a04000002"
"6a06047a3828919bf0508bea","2026-08-04 08:20:47.120","2026-08-10 01:06:02.977","6a06047a3828919bf0508bea","695c95a41f75b0de0a8f869f","[PREMIUM]","[PREMIUM]","[PREMIUM]","[PREMIUM]","[PREMIUM]","[2]","506","16","Upper","['*','*']","mobile","tm","tmqr",,"[PREMIUM]","[PREMIUM]","[]",,"Pittsburgh Steelers at Cleveland Browns (Thursday Night Football)","nfl","2026-10-02 00:15:00","54230c8b3bf3761a04000002"
"6a0604793828919bf0504ce6","2026-08-04 08:20:47.120","2026-08-10 01:06:02.977","6a0604793828919bf0504ce6","695c95a41f75b0de0a8f869f","[PREMIUM]","[PREMIUM]","[PREMIUM]","[PREMIUM]","[PREMIUM]","[2]","138","17","Lower","['*','*']","mobile","tm","tmqr",,"[PREMIUM]","[PREMIUM]","[]",,"Pittsburgh Steelers at Cleveland Browns (Thursday Night Football)","nfl","2026-10-02 00:15:00","54230c8b3bf3761a04000002"
"6a0604763828919bf04fa25b","2026-08-04 08:20:47.120","2026-08-08 21:33:37.231","6a0604763828919bf04fa25b","695c95a41f75b0de0a8f869f","[PREMIUM]","[PREMIUM]","[PREMIUM]","[PREMIUM]","[PREMIUM]","[1,2,3,5]","503","13","Upper","['*','*','*','*','*']","mobile","tm","tmqr",,"[PREMIUM]","[PREMIUM]","[]",,"Pittsburgh Steelers at Cleveland Browns (Thursday Night Football)","nfl","2026-10-02 00:15:00","54230c8b3bf3761a04000002"
"6a06046a3828919bf04d6205","2026-08-04 08:20:47.120","2026-08-08 21:33:37.231","6a06046a3828919bf04d6205","695c95a41f75b0de0a8f869f","[PREMIUM]","[PREMIUM]","[PREMIUM]","[PREMIUM]","[PREMIUM]","[2,4]","508","31","Upper","['3','4','5','6']","mobile","tm","tmqr",,"[PREMIUM]","[PREMIUM]","[]","2027-03-02 00:00:00","Pittsburgh Steelers at Cleveland Browns (Thursday Night Football)","nfl","2026-10-02 00:15:00","54230c8b3bf3761a04000002"
"6a709781b2472dcce3305631","2026-08-04 08:20:47.120","2026-08-04 08:20:47.120","6a709781b2472dcce3305631","695c95a41f75b0de0a8f869f","[PREMIUM]","[PREMIUM]","[PREMIUM]","[PREMIUM]","[PREMIUM]","[1,2,3,4,5,7]","504","12","Upper","['15','16','17','18','19','20','21']","mobile","tm","tmqr",,"[PREMIUM]","[PREMIUM]","[]",,"Pittsburgh Steelers at Cleveland Browns (Thursday Night Football)","nfl","2026-10-02 00:15:00","54230c8b3bf3761a04000002"
"6a70777b33b3ae64851481e7","2026-08-04 08:20:47.120","2026-08-06 14:50:04.059","6a70777b33b3ae64851481e7","695c95a41f75b0de0a8f869f","[PREMIUM]","[PREMIUM]","[PREMIUM]","[PREMIUM]","[PREMIUM]","[2,4]","317A","7","Upper Dawg Pound","['*','*','*','*']","mobile","tm","tmqr",,"[PREMIUM]","[PREMIUM]","[]","2026-09-30 00:00:00","Pittsburgh Steelers at Cleveland Browns (Thursday Night Football)","nfl","2026-10-02 00:15:00","54230c8b3bf3761a04000002"
"6a70772a33b3ae64851481c0","2026-08-04 08:20:47.120","2026-08-06 14:50:04.059","6a70772a33b3ae64851481c0","695c95a41f75b0de0a8f869f","[PREMIUM]","[PREMIUM]","[PREMIUM]","[PREMIUM]","[PREMIUM]","[2,4]","339","13","Club","['*','*','*','*']","mobile","tm","tmqr",,"[PREMIUM]","[PREMIUM]","[]","2026-09-30 00:00:00","Pittsburgh Steelers at Cleveland Browns (Thursday Night Football)","nfl","2026-10-02 00:15:00","54230c8b3bf3761a04000002"
"6a70797ad2c16f3df5751d2d","2026-08-04 08:20:47.120","2026-08-04 08:20:47.120","6a70797ad2c16f3df5751d2d","695c95a41f75b0de0a8f869f","[PREMIUM]","[PREMIUM]","[PREMIUM]","[PREMIUM]","[PREMIUM]","[2]","304","13","Club","['*','*']","mobile","tm","tmqr",,"[PREMIUM]","[PREMIUM]","[]","2026-09-30 00:00:00","Pittsburgh Steelers at Cleveland Browns (Thursday Night Football)","nfl","2026-10-02 00:15:00","54230c8b3bf3761a04000002"
"6a7075153e89c3e3d2c9351a","2026-08-04 08:20:47.120","2026-08-04 08:20:47.120","6a7075153e89c3e3d2c9351a","695c95a41f75b0de0a8f869f","[PREMIUM]","[PREMIUM]","[PREMIUM]","[PREMIUM]","[PREMIUM]","[2]","109","3","Lower","['*','*']","mobile","tm","tmqr",,"[PREMIUM]","[PREMIUM]","[]","2026-09-30 00:00:00","Pittsburgh Steelers at Cleveland Browns (Thursday Night Football)","nfl","2026-10-02 00:15:00","54230c8b3bf3761a04000002"
"6a0754b13828919bf0e8013e","2026-08-04 08:20:47.120","2026-08-04 08:20:47.120","6a0754b13828919bf0e8013e","695c95a41f75b0de0a8f869f","[PREMIUM]","[PREMIUM]","[PREMIUM]","[PREMIUM]","[PREMIUM]","[1,2,3,4,6]","146","27","Lower","['*','*','*','*','*','*']","mobile","tm","tmqr",,"[PREMIUM]","[PREMIUM]","[]","2026-09-30 00:00:00","Pittsburgh Steelers at Cleveland Browns (Thursday Night Football)","nfl","2026-10-02 00:15:00","54230c8b3bf3761a04000002"
"6a0736b43828919bf08ad657","2026-08-04 08:20:47.120","2026-08-05 11:33:07.661","6a0736b43828919bf08ad657","695c95a41f75b0de0a8f869f","[PREMIUM]","[PREMIUM]","[PREMIUM]","[PREMIUM]","[PREMIUM]","[1,2,3,5]","129","3","Lower","['11','12','13','14','15']","mobile","tm","tmqr",,"[PREMIUM]","[PREMIUM]","[]","2026-09-30 00:00:00","Pittsburgh Steelers at Cleveland Browns (Thursday Night Football)","nfl","2026-10-02 00:15:00","54230c8b3bf3761a04000002"
"6a6d2372b2472dcce3827fe8","2026-08-04 08:20:47.120","2026-08-13 11:23:06.776","6a6d2372b2472dcce3827fe8","695c95a41f75b0de0a8f869f","[PREMIUM]","[PREMIUM]","[PREMIUM]","[PREMIUM]","[PREMIUM]","[2,4,6]","144","24","Lower","['3','4','5','6','7','8']","mobile","tm","tmqr",,"[PREMIUM]","[PREMIUM]","[]","2026-09-30 00:00:00","Pittsburgh Steelers at Cleveland Browns (Thursday Night Football)","nfl","2026-10-02 00:15:00","54230c8b3bf3761a04000002"
"6a6d2370b2472dcce382279c","2026-08-04 08:20:47.120","2026-08-13 11:23:06.776","6a6d2370b2472dcce382279c","695c95a41f75b0de0a8f869f","[PREMIUM]","[PREMIUM]","[PREMIUM]","[PREMIUM]","[PREMIUM]","[2,4]","344","16","Mezzanine","['12','13','14','15']","mobile","tm","tmqr",,"[PREMIUM]","[PREMIUM]","[]","2026-09-30 00:00:00","Pittsburgh Steelers at Cleveland Browns (Thursday Night Football)","nfl","2026-10-02 00:15:00","54230c8b3bf3761a04000002"
"6a288ee499548238fd166efa","2026-08-04 08:20:47.120","2026-08-12 08:07:10.582","6a288ee499548238fd166efa","695c95a41f75b0de0a8f869f","[PREMIUM]","[PREMIUM]","[PREMIUM]","[PREMIUM]","[PREMIUM]","[2,4]","121B","34","Lower","['3','4','5','6']","mobile","tm","tmqr",,"[PREMIUM]","[PREMIUM]","[]",,"Pittsburgh Steelers at Cleveland Browns (Thursday Night Football)","nfl","2026-10-02 00:15:00","54230c8b3bf3761a04000002"
"6a6a1493263f58b9dee7ed87","2026-08-04 08:20:47.120","2026-08-04 08:20:47.120","6a6a1493263f58b9dee7ed87","695c95a41f75b0de0a8f869f","[PREMIUM]","[PREMIUM]","[PREMIUM]","[PREMIUM]","[PREMIUM]","[2]","527","17","Upper","['*','*']","mobile","tm","tmqr","great","[PREMIUM]","[PREMIUM]","[]","2026-09-30 00:00:00","Pittsburgh Steelers at Cleveland Browns (Thursday Night Football)","nfl","2026-10-02 00:15:00","54230c8b3bf3761a04000002"
"6a6dd911b2472dcce396840c","2026-08-04 08:20:47.120","2026-08-06 14:50:04.059","6a6dd911b2472dcce396840c","695c95a41f75b0de0a8f869f","[PREMIUM]","[PREMIUM]","[PREMIUM]","[PREMIUM]","[PREMIUM]","[2]","113","15","Lower","['*','*']","mobile","tm","tmqr",,"[PREMIUM]","[PREMIUM]","[]",,"Pittsburgh Steelers at Cleveland Browns (Thursday Night Football)","nfl","2026-10-02 00:15:00","54230c8b3bf3761a04000002"
"6a6d2370b2472dcce3822157","2026-08-04 08:20:47.120","2026-08-11 04:41:50.557","6a6d2370b2472dcce3822157","695c95a41f75b0de0a8f869f","[PREMIUM]","[PREMIUM]","[PREMIUM]","[PREMIUM]","[PREMIUM]","[2,4]","512","13","Upper","['3','4','5','6']","mobile","tm","tmqr",,"[PREMIUM]","[PREMIUM]","[]","2026-09-30 00:00:00","Pittsburgh Steelers at Cleveland Browns (Thursday Night Football)","nfl","2026-10-02 00:15:00","54230c8b3bf3761a04000002"
"6a7069a173f12331b5c4928e","2026-08-04 08:20:47.120","2026-08-06 14:50:04.059","6a7069a173f12331b5c4928e","695c95a41f75b0de0a8f869f","[PREMIUM]","[PREMIUM]","[PREMIUM]","[PREMIUM]","[PREMIUM]","[2]","313","11","Club","['*','*']","mobile","tm","tmqr",,"[PREMIUM]","[PREMIUM]","[]","2026-09-30 00:00:00","Pittsburgh Steelers at Cleveland Browns (Thursday Night Football)","nfl","2026-10-02 00:15:00","54230c8b3bf3761a04000002"
"6a706c3b59c8ff26590748ac","2026-08-04 08:20:47.120","2026-08-05 11:33:07.661","6a706c3b59c8ff26590748ac","695c95a41f75b0de0a8f869f","[PREMIUM]","[PREMIUM]","[PREMIUM]","[PREMIUM]","[PREMIUM]","[2]","133","6","Lower","['*','*']","mobile","tm","tmqr",,"[PREMIUM]","[PREMIUM]","[]","2026-09-30 00:00:00","Pittsburgh Steelers at Cleveland Browns (Thursday Night Football)","nfl","2026-10-02 00:15:00","54230c8b3bf3761a04000002"
"6a706b4d1a07635eabade5de","2026-08-04 08:20:47.120","2026-08-06 14:50:04.059","6a706b4d1a07635eabade5de","695c95a41f75b0de0a8f869f","[PREMIUM]","[PREMIUM]","[PREMIUM]","[PREMIUM]","[PREMIUM]","[2,4]","311","14","Club","['*','*','*','*']","mobile","tm","tmqr",,"[PREMIUM]","[PREMIUM]","[]","2026-09-30 00:00:00","Pittsburgh Steelers at Cleveland Browns (Thursday Night Football)","nfl","2026-10-02 00:15:00","54230c8b3bf3761a04000002"
"6a70736ed2c16f3df5751897","2026-08-04 08:20:47.120","2026-08-06 14:50:04.059","6a70736ed2c16f3df5751897","695c95a41f75b0de0a8f869f","[PREMIUM]","[PREMIUM]","[PREMIUM]","[PREMIUM]","[PREMIUM]","[2,4]","329","18","Club","['*','*','*','*']","mobile","tm","tmqr",,"[PREMIUM]","[PREMIUM]","[]","2026-09-30 00:00:00","Pittsburgh Steelers at Cleveland Browns (Thursday Night Football)","nfl","2026-10-02 00:15:00","54230c8b3bf3761a04000002"
"6a7073001fc6a3da913216d9","2026-08-04 08:20:47.120","2026-08-04 08:20:47.120","6a7073001fc6a3da913216d9","695c95a41f75b0de0a8f869f","[PREMIUM]","[PREMIUM]","[PREMIUM]","[PREMIUM]","[PREMIUM]","[2]","535","3","Upper","['*','*']","mobile","tm","tmqr",,"[PREMIUM]","[PREMIUM]","[]","2026-09-30 00:00:00","Pittsburgh Steelers at Cleveland Browns (Thursday Night Football)","nfl","2026-10-02 00:15:00","54230c8b3bf3761a04000002"
"6a67bf06bb9e19131369ec86","2026-08-04 08:20:47.120","2026-08-07 18:16:41.160","6a67bf06bb9e19131369ec86","695c95a41f75b0de0a8f869f","[PREMIUM]","[PREMIUM]","[PREMIUM]","[PREMIUM]","[PREMIUM]","[2,4]","526","27","Upper","['*','*','*','*']","mobile","tm","tmqr","amazing","[PREMIUM]","[PREMIUM]","[]","2026-09-30 00:00:00","Pittsburgh Steelers at Cleveland Browns (Thursday Night Football)","nfl","2026-10-02 00:15:00","54230c8b3bf3761a04000002"
"6a70d839b2472dcce3b2cc4d","2026-08-04 08:20:47.120","2026-08-12 08:07:10.582","6a70d839b2472dcce3b2cc4d","695c95a41f75b0de0a8f869f","[PREMIUM]","[PREMIUM]","[PREMIUM]","[PREMIUM]","[PREMIUM]","[2,4,6]","507","20","Upper","['17','18','19','20','21','22']","mobile","tm","tmqr",,"[PREMIUM]","[PREMIUM]","[]",,"Pittsburgh Steelers at Cleveland Browns (Thursday Night Football)","nfl","2026-10-02 00:15:00","54230c8b3bf3761a04000002"
"6a066ca1af91430ad6e27fa9","2026-08-04 08:20:47.120","2026-08-10 01:06:02.977","6a066ca1af91430ad6e27fa9","695c95a41f75b0de0a8f869f","[PREMIUM]","[PREMIUM]","[PREMIUM]","[PREMIUM]","[PREMIUM]","[2]","104","17","Lower","['1003','1004']","mobile","tm","tmqr",,"[PREMIUM]","[PREMIUM]","[]","2026-09-30 00:00:00","Pittsburgh Steelers at Cleveland Browns (Thursday Night Football)","nfl","2026-10-02 00:15:00","54230c8b3bf3761a04000002"
"6a0661a83828919bf0ab5c1e","2026-08-04 08:20:47.120","2026-08-10 01:06:02.977","6a0661a83828919bf0ab5c1e","695c95a41f75b0de0a8f869f","[PREMIUM]","[PREMIUM]","[PREMIUM]","[PREMIUM]","[PREMIUM]","[2]","149","27","Lower","['21','22']","mobile","tm","tmqr","great","[PREMIUM]","[PREMIUM]","[]","2026-09-24 00:00:00","Pittsburgh Steelers at Cleveland Browns (Thursday Night Football)","nfl","2026-10-02 00:15:00","54230c8b3bf3761a04000002"
"6a7117f5b2472dcce348e104","2026-08-04 08:20:47.120","2026-08-04 08:20:47.120","6a7117f5b2472dcce348e104","695c95a41f75b0de0a8f869f","[PREMIUM]","[PREMIUM]","[PREMIUM]","[PREMIUM]","[PREMIUM]","[1,2,3,4,5,6,8]","511","32","Upper","['9','10','11','12','13','14','15','16']","mobile","tm","tmqr",,"[PREMIUM]","[PREMIUM]","[]","2026-09-30 00:00:00","Pittsburgh Steelers at Cleveland Browns (Thursday Night Football)","nfl","2026-10-02 00:15:00","54230c8b3bf3761a04000002"
"6a707e3e73f12331b5c4a805","2026-08-04 08:20:47.120","2026-08-06 14:50:04.059","6a707e3e73f12331b5c4a805","695c95a41f75b0de0a8f869f","[PREMIUM]","[PREMIUM]","[PREMIUM]","[PREMIUM]","[PREMIUM]","[1,2,3,4,6,8]","310","17","Club","['*','*','*','*','*','*','*','*']","mobile","tm","tmqr",,"[PREMIUM]","[PREMIUM]","[]","2026-09-30 00:00:00","Pittsburgh Steelers at Cleveland Browns (Thursday Night Football)","nfl","2026-10-02 00:15:00","54230c8b3bf3761a04000002"
"6a689bb4cb904882b4ab0f8b","2026-08-04 08:20:47.120","2026-08-13 11:23:06.776","6a689bb4cb904882b4ab0f8b","695c95a41f75b0de0a8f869f","[PREMIUM]","[PREMIUM]","[PREMIUM]","[PREMIUM]","[PREMIUM]","[2]","130","7","Lower","['13','14']","mobile","tm","tmqr",,"[PREMIUM]","[PREMIUM]","[]",,"Pittsburgh Steelers at Cleveland Browns (Thursday Night Football)","nfl","2026-10-02 00:15:00","54230c8b3bf3761a04000002"
"6a71327a1a8b0d231153cf96","2026-08-04 08:20:47.120","2026-08-04 08:20:47.120","6a71327a1a8b0d231153cf96","695c95a41f75b0de0a8f869f","[PREMIUM]","[PREMIUM]","[PREMIUM]","[PREMIUM]","[PREMIUM]","[1,2,3,4,5,6,7,8,9,10,11,12,13,14,15,16,17,18,19,20,21,22,23,25]","528","30","Upper","['*','*','*','*','*','*','*','*','*','*','*','*','*','*','*','*','*','*','*','*','*','*','*','*','*']","mobile","tm","tmqr",,"[PREMIUM]","[PREMIUM]","[]","2026-09-30 00:00:00","Pittsburgh Steelers at Cleveland Browns (Thursday Night Football)","nfl","2026-10-02 00:15:00","54230c8b3bf3761a04000002"
"6a710dbdd4a34a52554eeb02","2026-08-04 08:20:47.120","2026-08-07 18:16:41.160","6a710dbdd4a34a52554eeb02","695c95a41f75b0de0a8f869f","[PREMIUM]","[PREMIUM]","[PREMIUM]","[PREMIUM]","[PREMIUM]","[1,2,3,4,5,6,7,8,9,10,11,12,13,14,15,16,17,18,19,20,22]","526","32","Upper","['*','*','*','*','*','*','*','*','*','*','*','*','*','*','*','*','*','*','*','*','*','*']","mobile","tm","tmqr",,"[PREMIUM]","[PREMIUM]","[]","2026-09-30 00:00:00","Pittsburgh Steelers at Cleveland Browns (Thursday Night Football)","nfl","2026-10-02 00:15:00","54230c8b3bf3761a04000002"
"6a70185db2472dcce3f8371e","2026-08-04 08:20:47.120","2026-08-04 08:20:47.120","6a70185db2472dcce3f8371e","695c95a41f75b0de0a8f869f","[PREMIUM]","[PREMIUM]","[PREMIUM]","[PREMIUM]","[PREMIUM]","[2]","112","4","Lower","['*','*']","mobile","tm","tmqr",,"[PREMIUM]","[PREMIUM]","[]","2026-10-01 00:00:00","Pittsburgh Steelers at Cleveland Browns (Thursday Night Football)","nfl","2026-10-02 00:15:00","54230c8b3bf3761a04000002"
"6a611e8550c19865fa8feb72","2026-08-04 08:20:46.910","2026-08-10 01:06:02.382","6a611e8550c19865fa8feb72","695cac1e1970578a821d2c5b","[PREMIUM]","[PREMIUM]","[PREMIUM]","[PREMIUM]","[PREMIUM]","[2,4]","425","3","Loge","['14','15','16','17']","mobile","tm","tmqr",,"[PREMIUM]","[PREMIUM]","[]","2026-10-11 00:00:00","Tennessee Titans at Indianapolis Colts","nfl","2026-10-18 17:00:00","554ac12778fea51658000001"
"6a70243eb2472dcce3b31b32","2026-08-04 08:20:46.910","2026-08-13 11:23:06.557","6a70243eb2472dcce3b31b32","695cac1e1970578a821d2c5b","[PREMIUM]","[PREMIUM]","[PREMIUM]","[PREMIUM]","[PREMIUM]","[1,2,3,4,5,6,7,8,9,10,12]","618","11","Upper","['1','2','3','4','5','6','7','8','9','10','11','12']","mobile","tm","tmqr",,"[PREMIUM]","[PREMIUM]","[]",,"Tennessee Titans at Indianapolis Colts","nfl","2026-10-18 17:00:00","554ac12778fea51658000001"
"6a0753cd3828919bf0b5989d","2026-08-04 08:20:46.910","2026-08-13 11:23:06.557","6a0753cd3828919bf0b5989d","695cac1e1970578a821d2c5b","[PREMIUM]","[PREMIUM]","[PREMIUM]","[PREMIUM]","[PREMIUM]","[2]","125","14","Lower","['*','*']","mobile","tm","tmqr",,"[PREMIUM]","[PREMIUM]","[]","2026-10-16 00:00:00","Tennessee Titans at Indianapolis Colts","nfl","2026-10-18 17:00:00","554ac12778fea51658000001"
"6a0664443828919bf0771d8d","2026-08-04 08:20:46.910","2026-08-13 11:23:06.557","6a0664443828919bf0771d8d","695cac1e1970578a821d2c5b","[PREMIUM]","[PREMIUM]","[PREMIUM]","[PREMIUM]","[PREMIUM]","[2,4]","116","14","Lower","['*','*','*','*']","mobile","tm","tmqr",,"[PREMIUM]","[PREMIUM]","[]","2026-10-16 00:00:00","Tennessee Titans at Indianapolis Colts","nfl","2026-10-18 17:00:00","554ac12778fea51658000001"
"6a0664443828919bf0771b58","2026-08-04 08:20:46.910","2026-08-13 11:23:06.557","6a0664443828919bf0771b58","695cac1e1970578a821d2c5b","[PREMIUM]","[PREMIUM]","[PREMIUM]","[PREMIUM]","[PREMIUM]","[2]","152","17","Lower","['*','*']","mobile","tm","tmqr",,"[PREMIUM]","[PREMIUM]","[]","2026-10-16 00:00:00","Tennessee Titans at Indianapolis Colts","nfl","2026-10-18 17:00:00","554ac12778fea51658000001"
"6a113936612c81e63ccc4a10","2026-08-04 08:20:46.910","2026-08-04 08:20:46.910","6a113936612c81e63ccc4a10","695cac1e1970578a821d2c5b","[PREMIUM]","[PREMIUM]","[PREMIUM]","[PREMIUM]","[PREMIUM]","[2]","110","21","Lower","['3','4']","mobile","tm","tmqr",,"[PREMIUM]","[PREMIUM]","[]","2026-10-17 00:00:00","Tennessee Titans at Indianapolis Colts","nfl","2026-10-18 17:00:00","554ac12778fea51658000001"
"6a68b93097c1149405f08572","2026-08-04 08:20:46.910","2026-08-05 11:33:07.112","6a68b93097c1149405f08572","695cac1e1970578a821d2c5b","[PREMIUM]","[PREMIUM]","[PREMIUM]","[PREMIUM]","[PREMIUM]","[1,2,3,4,5,6,8]","616","16","Upper","['10','11','12','13','14','15','16','17']","mobile","tm","tmqr",,"[PREMIUM]","[PREMIUM]","[]","2026-10-16 00:00:00","Tennessee Titans at Indianapolis Colts","nfl","2026-10-18 17:00:00","554ac12778fea51658000001"
"6a1f11de832280c6b331ada5","2026-08-04 08:20:46.910","2026-08-10 01:06:02.382","6a1f11de832280c6b331ada5","695cac1e1970578a821d2c5b","[PREMIUM]","[PREMIUM]","[PREMIUM]","[PREMIUM]","[PREMIUM]","[2,4]","450","9","Loge","['*','*','*','*']","mobile","tm","tmqr",,"[PREMIUM]","[PREMIUM]","[]","2026-10-16 00:00:00","Tennessee Titans at Indianapolis Colts","nfl","2026-10-18 17:00:00","554ac12778fea51658000001"
"6a7106a31cf0c34637364094","2026-08-04 08:20:46.910","2026-08-13 11:23:06.557","6a7106a31cf0c34637364094","695cac1e1970578a821d2c5b","[PREMIUM]","[PREMIUM]","[PREMIUM]","[PREMIUM]","[PREMIUM]","[2,4]","105","1","Lower","['*','*','*','*']","mobile","tm","tmqr",,"[PREMIUM]","[PREMIUM]","[]","2026-10-16 00:00:00","Tennessee Titans at Indianapolis Colts","nfl","2026-10-18 17:00:00","554ac12778fea51658000001"
"6a6b59ecb2472dcce3573e09","2026-08-04 08:20:46.910","2026-08-04 08:20:46.910","6a6b59ecb2472dcce3573e09","695cac1e1970578a821d2c5b","[PREMIUM]","[PREMIUM]","[PREMIUM]","[PREMIUM]","[PREMIUM]","[2,4]","643","19","Upper","['9','10','11','12']","mobile","tm","tmqr",,"[PREMIUM]","[PREMIUM]","[]",,"Tennessee Titans at Indianapolis Colts","nfl","2026-10-18 17:00:00","554ac12778fea51658000001"
"6a7139b4b2472dcce3cec86f","2026-08-04 08:20:46.910","2026-08-13 11:23:06.557","6a7139b4b2472dcce3cec86f","695cac1e1970578a821d2c5b","[PREMIUM]","[PREMIUM]","[PREMIUM]","[PREMIUM]","[PREMIUM]","[2]","543","3","Terrace","['3','4']","mobile","tm","tmqr",,"[PREMIUM]","[PREMIUM]","[]",,"Tennessee Titans at Indianapolis Colts","nfl","2026-10-18 17:00:00","554ac12778fea51658000001"
"6a7106871ee9ef2a0d816763","2026-08-04 08:20:46.910","2026-08-04 08:20:46.910","6a7106871ee9ef2a0d816763","695cac1e1970578a821d2c5b","[PREMIUM]","[PREMIUM]","[PREMIUM]","[PREMIUM]","[PREMIUM]","[2,4]","451","1","Loge","['*','*','*','*']","mobile","tm","tmqr",,"[PREMIUM]","[PREMIUM]","[]","2026-10-16 00:00:00","Tennessee Titans at Indianapolis Colts","nfl","2026-10-18 17:00:00","554ac12778fea51658000001"
"6a6e27d3eb5957a7b05ef62f","2026-08-04 08:20:46.910","2026-08-12 08:07:13.524","6a6e27d3eb5957a7b05ef62f","695cac1e1970578a821d2c5b","[PREMIUM]","[PREMIUM]","[PREMIUM]","[PREMIUM]","[PREMIUM]","[2]","420","2","Loge","['20','21']","mobile","tm","tmqr",,"[PREMIUM]","[PREMIUM]","[]","2026-10-17 17:00:00","Tennessee Titans at Indianapolis Colts","nfl","2026-10-18 17:00:00","554ac12778fea51658000001"
"6a6b59ecb2472dcce3574459","2026-08-04 08:20:46.910","2026-08-10 01:06:02.382","6a6b59ecb2472dcce3574459","695cac1e1970578a821d2c5b","[PREMIUM]","[PREMIUM]","[PREMIUM]","[PREMIUM]","[PREMIUM]","[2]","637","19","Upper","['9','10']","mobile","tm","tmqr",,"[PREMIUM]","[PREMIUM]","[]",,"Tennessee Titans at Indianapolis Colts","nfl","2026-10-18 17:00:00","554ac12778fea51658000001"
"6a709aed070db28a93868f8b","2026-08-04 08:20:46.910","2026-08-06 14:50:03.670","6a709aed070db28a93868f8b","695cac1e1970578a821d2c5b","[PREMIUM]","[PREMIUM]","[PREMIUM]","[PREMIUM]","[PREMIUM]","[2]","236","1","Middle","['5','6']","mobile","tm","tmqr",,"[PREMIUM]","[PREMIUM]","[]","2026-10-18 00:00:00","Tennessee Titans at Indianapolis Colts","nfl","2026-10-18 17:00:00","554ac12778fea51658000001"
"6a1f11ddf57dcfa23d939899","2026-08-04 08:20:46.910","2026-08-04 08:20:46.910","6a1f11ddf57dcfa23d939899","695cac1e1970578a821d2c5b","[PREMIUM]","[PREMIUM]","[PREMIUM]","[PREMIUM]","[PREMIUM]","[2,4]","616","22","Upper","['*','*','*','*']","mobile","tm","tmqr",,"[PREMIUM]","[PREMIUM]","[]","2026-10-16 00:00:00","Tennessee Titans at Indianapolis Colts","nfl","2026-10-18 17:00:00","554ac12778fea51658000001"
"6a1f80e199548238fd734267","2026-08-04 08:20:46.910","2026-08-05 11:33:07.112","6a1f80e199548238fd734267","695cac1e1970578a821d2c5b","[PREMIUM]","[PREMIUM]","[PREMIUM]","[PREMIUM]","[PREMIUM]","[2,4]","343","5","Lower Loge","['*','*','*','*']","mobile","tm","tmqr",,"[PREMIUM]","[PREMIUM]","[]","2026-10-16 00:00:00","Tennessee Titans at Indianapolis Colts","nfl","2026-10-18 17:00:00","554ac12778fea51658000001"
"6a0669d43828919bf026b0f1","2026-08-04 08:20:46.910","2026-08-04 08:20:46.910","6a0669d43828919bf026b0f1","695cac1e1970578a821d2c5b","[PREMIUM]","[PREMIUM]","[PREMIUM]","[PREMIUM]","[PREMIUM]","[2]","644","18","Upper","['*','*']","mobile","tm","tmqr",,"[PREMIUM]","[PREMIUM]","[]","2026-10-17 00:00:00","Tennessee Titans at Indianapolis Colts","nfl","2026-10-18 17:00:00","554ac12778fea51658000001"
"6a0669d23828919bf025f837","2026-08-04 08:20:46.910","2026-08-05 11:33:07.112","6a0669d23828919bf025f837","695cac1e1970578a821d2c5b","[PREMIUM]","[PREMIUM]","[PREMIUM]","[PREMIUM]","[PREMIUM]","[2]","643","13","Upper","['6','7']","mobile","tm","tmqr","amazing","[PREMIUM]","[PREMIUM]","[]","2027-03-02 00:00:00","Tennessee Titans at Indianapolis Colts","nfl","2026-10-18 17:00:00","554ac12778fea51658000001"
"6a0669d03828919bf0251438","2026-08-04 08:20:46.910","2026-08-06 14:50:03.670","6a0669d03828919bf0251438","695cac1e1970578a821d2c5b","[PREMIUM]","[PREMIUM]","[PREMIUM]","[PREMIUM]","[PREMIUM]","[2]","636","11","Upper","['3','4']","mobile","tm","tmqr","amazing","[PREMIUM]","[PREMIUM]","[]","2027-03-02 00:00:00","Tennessee Titans at Indianapolis Colts","nfl","2026-10-18 17:00:00","554ac12778fea51658000001"
"6a0668ec3828919bf0e10a4f","2026-08-04 08:20:46.910","2026-08-05 11:33:07.112","6a0668ec3828919bf0e10a4f","695cac1e1970578a821d2c5b","[PREMIUM]","[PREMIUM]","[PREMIUM]","[PREMIUM]","[PREMIUM]","[1,2,3,4,6]","611","11","Upper","['*','*','*','*','*','*']","mobile","tm","tmqr",,"[PREMIUM]","[PREMIUM]","[]","2026-10-17 00:00:00","Tennessee Titans at Indianapolis Colts","nfl","2026-10-18 17:00:00","554ac12778fea51658000001"
"6a0662333828919bf0d17e6d","2026-08-04 08:20:46.910","2026-08-05 11:33:07.112","6a0662333828919bf0d17e6d","695cac1e1970578a821d2c5b","[PREMIUM]","[PREMIUM]","[PREMIUM]","[PREMIUM]","[PREMIUM]","[2,4]","646","6","Upper","['9','10','11','12']","mobile","tm","tmqr",,"[PREMIUM]","[PREMIUM]","[]",,"Tennessee Titans at Indianapolis Colts","nfl","2026-10-18 17:00:00","554ac12778fea51658000001"
"6a70daffb2472dcce330404f","2026-08-04 08:20:46.910","2026-08-12 08:07:13.524","6a70daffb2472dcce330404f","695cac1e1970578a821d2c5b","[PREMIUM]","[PREMIUM]","[PREMIUM]","[PREMIUM]","[PREMIUM]","[2]","610","16","Upper","['3','4']","mobile","tm","tmqr","amazing","[PREMIUM]","[PREMIUM]","[]",,"Tennessee Titans at Indianapolis Colts","nfl","2026-10-18 17:00:00","554ac12778fea51658000001"
"6a077eb43828919bf0f229aa","2026-08-04 08:20:46.910","2026-08-12 08:07:13.524","6a077eb43828919bf0f229aa","695cac1e1970578a821d2c5b","[PREMIUM]","[PREMIUM]","[PREMIUM]","[PREMIUM]","[PREMIUM]","[2,4,6,8,10]","637","6","Upper","['*','*','*','*','*','*','*','*','*','*']","mobile","tm","tmqr",,"[PREMIUM]","[PREMIUM]","[]",,"Tennessee Titans at Indianapolis Colts","nfl","2026-10-18 17:00:00","554ac12778fea51658000001"
"6a7183ffd6c95a6b301466a5","2026-08-04 08:20:46.910","2026-08-05 11:33:07.112","6a7183ffd6c95a6b301466a5","695cac1e1970578a821d2c5b","[PREMIUM]","[PREMIUM]","[PREMIUM]","[PREMIUM]","[PREMIUM]","[1,2]","137","26","Lower","['*','*']","mobile","tm","tmqr",,"[PREMIUM]","[PREMIUM]","[]","2026-10-17 00:00:00","Tennessee Titans at Indianapolis Colts","nfl","2026-10-18 17:00:00","554ac12778fea51658000001"
"6a14cc4adbfdc4da8d525ed4","2026-08-04 08:20:46.910","2026-08-13 11:23:06.557","6a14cc4adbfdc4da8d525ed4","695cac1e1970578a821d2c5b","[PREMIUM]","[PREMIUM]","[PREMIUM]","[PREMIUM]","[PREMIUM]","[2]","114","24","Lower","['*','*']","mobile","tm","tmqr",,"[PREMIUM]","[PREMIUM]","[]","2026-10-16 00:00:00","Tennessee Titans at Indianapolis Colts","nfl","2026-10-18 17:00:00","554ac12778fea51658000001"
"6a68f007e879bf22a46c7a20","2026-08-04 08:20:46.698","2026-08-04 08:20:46.698","6a68f007e879bf22a46c7a20","695c58571f75b0de0a8f7639","[PREMIUM]","[PREMIUM]","[PREMIUM]","[PREMIUM]","[PREMIUM]","[2,4]","445","25","Top Level Grandstand Three","['5','6','7','8']","mobile","tm","tmqr",,"[PREMIUM]","[PREMIUM]","[]","2026-09-19 00:00:00","Minnesota Vikings at Chicago Bears","nfl","2026-09-20 17:00:00","53dd5ae63bf3762174000001"
"6a70e65a4ffcb056876f1bed","2026-08-04 08:20:46.698","2026-08-04 08:20:46.698","6a70e65a4ffcb056876f1bed","695c58571f75b0de0a8f7639","[PREMIUM]","[PREMIUM]","[PREMIUM]","[PREMIUM]","[PREMIUM]","[2,4]","239","5","Lower Level Mezzanine","['*','*','*','*']","mobile","tm","tmqr",,"[PREMIUM]","[PREMIUM]","[]","2026-09-18 00:00:00","Minnesota Vikings at Chicago Bears","nfl","2026-09-20 17:00:00","53dd5ae63bf3762174000001"
"6a70e63b65fd413d37d21f2c","2026-08-04 08:20:46.698","2026-08-04 08:20:46.698","6a70e63b65fd413d37d21f2c","695c58571f75b0de0a8f7639","[PREMIUM]","[PREMIUM]","[PREMIUM]","[PREMIUM]","[PREMIUM]","[2,4]","107","4","Lower Level Mezzanine","['*','*','*','*']","mobile","tm","tmqr",,"[PREMIUM]","[PREMIUM]","[]","2026-09-18 00:00:00","Minnesota Vikings at Chicago Bears","nfl","2026-09-20 17:00:00","53dd5ae63bf3762174000001"
"6a70ea729b7b86f5c1355aee","2026-08-04 08:20:46.698","2026-08-04 08:20:46.698","6a70ea729b7b86f5c1355aee","695c58571f75b0de0a8f7639","[PREMIUM]","[PREMIUM]","[PREMIUM]","[PREMIUM]","[PREMIUM]","[2,4]","103","18","Lower Level Corner Mezzanine","['5','6','7','8']","mobile","tm","tmqr",,"[PREMIUM]","[PREMIUM]","[]","2026-09-19 00:00:00","Minnesota Vikings at Chicago Bears","nfl","2026-09-20 17:00:00","53dd5ae63bf3762174000001"
"6a70e1d3d75ed67590f4214e","2026-08-04 08:20:46.698","2026-08-05 11:33:07.363","6a70e1d3d75ed67590f4214e","695c58571f75b0de0a8f7639","[PREMIUM]","[PREMIUM]","[PREMIUM]","[PREMIUM]","[PREMIUM]","[2]","434","3","Top Level Grandstand","['9','10']","mobile","tm","tmqr",,"[PREMIUM]","[PREMIUM]","[]","2026-09-19 17:00:00","Minnesota Vikings at Chicago Bears","nfl","2026-09-20 17:00:00","53dd5ae63bf3762174000001"
"6a714a9d5b1b0fe2e1d43061","2026-08-04 08:20:46.698","2026-08-06 14:50:04.127","6a714a9d5b1b0fe2e1d43061","695c58571f75b0de0a8f7639","[PREMIUM]","[PREMIUM]","[PREMIUM]","[PREMIUM]","[PREMIUM]","[2]","437","22","Top Level Grandstand","['1','2']","mobile","tm","tmqr",,"[PREMIUM]","[PREMIUM]","[]",,"Minnesota Vikings at Chicago Bears","nfl","2026-09-20 17:00:00","53dd5ae63bf3762174000001"
"6a70e3f01d04e1a398a26924","2026-08-04 08:20:46.698","2026-08-11 04:41:53.663","6a70e3f01d04e1a398a26924","695c58571f75b0de0a8f7639","[PREMIUM]","[PREMIUM]","[PREMIUM]","[PREMIUM]","[PREMIUM]","[2]","351","25","Upper Level Endzone","['8','9']","mobile","tm","tmqr",,"[PREMIUM]","[PREMIUM]","[]","2026-09-19 00:00:00","Minnesota Vikings at Chicago Bears","nfl","2026-09-20 17:00:00","53dd5ae63bf3762174000001"
"6a622fa058ab5d9041f6ea1e","2026-08-04 08:20:46.698","2026-08-04 08:20:46.698","6a622fa058ab5d9041f6ea1e","695c58571f75b0de0a8f7639","[PREMIUM]","[PREMIUM]","[PREMIUM]","[PREMIUM]","[PREMIUM]","[2,4]","248","10","Mid Level Endzone","['1','2','3','4']","mobile","tm","tmqr",,"[PREMIUM]","[PREMIUM]","[]","2026-09-19 17:00:00","Minnesota Vikings at Chicago Bears","nfl","2026-09-20 17:00:00","53dd5ae63bf3762174000001"
"6a7126ff67cd480d3fd0c975","2026-08-04 08:20:46.698","2026-08-05 11:33:07.363","6a7126ff67cd480d3fd0c975","695c58571f75b0de0a8f7639","[PREMIUM]","[PREMIUM]","[PREMIUM]","[PREMIUM]","[PREMIUM]","[2]","248","22","Mid Level Endzone","['14','15']","mobile","tm","tmqr","great","[PREMIUM]","[PREMIUM]","[]",,"Minnesota Vikings at Chicago Bears","nfl","2026-09-20 17:00:00","53dd5ae63bf3762174000001"
"6a71437096966f998e34ae26","2026-08-04 08:20:46.698","2026-08-13 11:23:06.896","6a71437096966f998e34ae26","695c58571f75b0de0a8f7639","[PREMIUM]","[PREMIUM]","[PREMIUM]","[PREMIUM]","[PREMIUM]","[2]","224","5","Mid Level Endzone","['18','19']","mobile","tm","tmqr",,"[PREMIUM]","[PREMIUM]","[]","2026-09-19 17:00:00","Minnesota Vikings at Chicago Bears","nfl","2026-09-20 17:00:00","53dd5ae63bf3762174000001"
"6a6e0d193e15ea7009c7c7ab","2026-08-04 08:20:46.698","2026-08-12 08:07:13.547","6a6e0d193e15ea7009c7c7ab","695c58571f75b0de0a8f7639","[PREMIUM]","[PREMIUM]","[PREMIUM]","[PREMIUM]","[PREMIUM]","[2,4,6,8]","355","3","Upper Level Endzone","['*','*','*','*','*','*','*','*']","mobile","tm","tmqr",,"[PREMIUM]","[PREMIUM]","[]","2026-09-19 00:00:00","Minnesota Vikings at Chicago Bears","nfl","2026-09-20 17:00:00","53dd5ae63bf3762174000001"
"6a613bb9d28f3319573256ee","2026-08-04 08:20:46.698","2026-08-13 11:23:06.896","6a613bb9d28f3319573256ee","695c58571f75b0de0a8f7639","[PREMIUM]","[PREMIUM]","[PREMIUM]","[PREMIUM]","[PREMIUM]","[2]","324","7","Upper Level Endzone","['13','14']","mobile","tm","tmqr",,"[PREMIUM]","[PREMIUM]","[]","2026-09-19 17:00:00","Minnesota Vikings at Chicago Bears","nfl","2026-09-20 17:00:00","53dd5ae63bf3762174000001"
"6a33217877dcfac40146d82e","2026-08-04 08:20:46.698","2026-08-04 08:20:46.698","6a33217877dcfac40146d82e","695c58571f75b0de0a8f7639","[PREMIUM]","[PREMIUM]","[PREMIUM]","[PREMIUM]","[PREMIUM]","[2]","446","26","Top Level Grandstand Three","['*','*']","mobile","tm","tmqr",,"[PREMIUM]","[PREMIUM]","[]","2026-09-19 00:00:00","Minnesota Vikings at Chicago Bears","nfl","2026-09-20 17:00:00","53dd5ae63bf3762174000001"
"6a7095d597111aec03560d3a","2026-08-04 08:20:46.698","2026-08-11 04:41:53.663","6a7095d597111aec03560d3a","695c58571f75b0de0a8f7639","[PREMIUM]","[PREMIUM]","[PREMIUM]","[PREMIUM]","[PREMIUM]","[2]","122","5","Lower Level Endzone","['5','6']","mobile","tm","tmqr",,"[PREMIUM]","[PREMIUM]","[]","2026-09-19 17:00:00","Minnesota Vikings at Chicago Bears","nfl","2026-09-20 17:00:00","53dd5ae63bf3762174000001"
"6a1dcaa6e78511483312a5c8","2026-08-04 08:20:46.698","2026-08-12 08:07:13.547","6a1dcaa6e78511483312a5c8","695c58571f75b0de0a8f7639","[PREMIUM]","[PREMIUM]","[PREMIUM]","[PREMIUM]","[PREMIUM]","[2]","428","27","Top Level Grandstand Three","['9','10']","mobile","tm","tmqr",,"[PREMIUM]","[PREMIUM]","[]","2026-09-19 17:00:00","Minnesota Vikings at Chicago Bears","nfl","2026-09-20 17:00:00","53dd5ae63bf3762174000001"
"6a6e0d31e10865f764873e20","2026-08-04 08:20:46.698","2026-08-13 11:23:06.896","6a6e0d31e10865f764873e20","695c58571f75b0de0a8f7639","[PREMIUM]","[PREMIUM]","[PREMIUM]","[PREMIUM]","[PREMIUM]","[2,4]","330","9","Upper Level Grandstand Two","['*','*','*','*']","mobile","tm","tmqr",,"[PREMIUM]","[PREMIUM]","[]","2026-09-19 00:00:00","Minnesota Vikings at Chicago Bears","nfl","2026-09-20 17:00:00","53dd5ae63bf3762174000001"
"6a6e0d343e280ad0e856618f","2026-08-04 08:20:46.698","2026-08-04 08:20:46.698","6a6e0d343e280ad0e856618f","695c58571f75b0de0a8f7639","[PREMIUM]","[PREMIUM]","[PREMIUM]","[PREMIUM]","[PREMIUM]","[2]","120","16","Lower Level Endzone","['*','*']","mobile","tm","tmqr",,"[PREMIUM]","[PREMIUM]","[]","2026-09-19 00:00:00","Minnesota Vikings at Chicago Bears","nfl","2026-09-20 17:00:00","53dd5ae63bf3762174000001"
"6a6e0d19ef778276b67d77c9","2026-08-04 08:20:46.698","2026-08-07 18:16:41.125","6a6e0d19ef778276b67d77c9","695c58571f75b0de0a8f7639","[PREMIUM]","[PREMIUM]","[PREMIUM]","[PREMIUM]","[PREMIUM]","[2,4,6]","254","3","Mid Level Endzone","['*','*','*','*','*','*']","mobile","tm","tmqr",,"[PREMIUM]","[PREMIUM]","[]","2026-09-19 00:00:00","Minnesota Vikings at Chicago Bears","nfl","2026-09-20 17:00:00","53dd5ae63bf3762174000001"
"6a1dcaa723419109d6e1591f","2026-08-04 08:20:46.698","2026-08-11 04:41:53.663","6a1dcaa723419109d6e1591f","695c58571f75b0de0a8f7639","[PREMIUM]","[PREMIUM]","[PREMIUM]","[PREMIUM]","[PREMIUM]","[2]","112","3","Lower Level Mezzanine","['7','8']","mobile","tm","tmqr",,"[PREMIUM]","[PREMIUM]","[]","2026-09-19 17:00:00","Minnesota Vikings at Chicago Bears","nfl","2026-09-20 17:00:00","53dd5ae63bf3762174000001"
"6a1096f84f996a7ec0f75d32","2026-08-04 08:20:46.698","2026-08-11 04:41:53.663","6a1096f84f996a7ec0f75d32","695c58571f75b0de0a8f7639","[PREMIUM]","[PREMIUM]","[PREMIUM]","[PREMIUM]","[PREMIUM]","[2]","150","18","Lower Level Endzone","['*','*']","mobile","tm","tmqr",,"[PREMIUM]","[PREMIUM]","[]","2026-09-18 00:00:00","Minnesota Vikings at Chicago Bears","nfl","2026-09-20 17:00:00","53dd5ae63bf3762174000001"
"6a71001fb4762b4846ec0e94","2026-08-04 08:20:46.698","2026-08-05 11:33:07.363","6a71001fb4762b4846ec0e94","695c58571f75b0de0a8f7639","[PREMIUM]","[PREMIUM]","[PREMIUM]","[PREMIUM]","[PREMIUM]","[2]","442","9","Top Level Grandstand Three","['3','4']","mobile","tm","tmqr",,"[PREMIUM]","[PREMIUM]","[]","2026-09-19 17:00:00","Minnesota Vikings at Chicago Bears","nfl","2026-09-20 17:00:00","53dd5ae63bf3762174000001"
"6a70e9067e3fd3db933b8986","2026-08-04 08:20:46.115","2026-08-06 14:50:06.279","6a70e9067e3fd3db933b8986","695cb020fa6aa653081fe5d6","[PREMIUM]","[PREMIUM]","[PREMIUM]","[PREMIUM]","[PREMIUM]","[2,4]","129","14","Lower Level Corner","['*','*','*','*']","mobile","tm","tmqr",,"[PREMIUM]","[PREMIUM]","[]","2026-10-09 00:00:00","Chicago Bears at Green Bay Packers","nfl","2026-10-11 20:25:00","54137a663bf3763536000002"
"6a70e8ac0c4a20bccf647711","2026-08-04 08:20:46.115","2026-08-06 14:50:06.279","6a70e8ac0c4a20bccf647711","695cb020fa6aa653081fe5d6","[PREMIUM]","[PREMIUM]","[PREMIUM]","[PREMIUM]","[PREMIUM]","[2,4]","117","4","Lower Level Sideline","['*','*','*','*']","mobile","tm","tmqr",,"[PREMIUM]","[PREMIUM]","[]","2026-10-09 00:00:00","Chicago Bears at Green Bay Packers","nfl","2026-10-11 20:25:00","54137a663bf3763536000002"
"6a70e8b852b31e8f92a4b0e2","2026-08-04 08:20:46.115","2026-08-04 08:20:46.115","6a70e8b852b31e8f92a4b0e2","695cb020fa6aa653081fe5d6","[PREMIUM]","[PREMIUM]","[PREMIUM]","[PREMIUM]","[PREMIUM]","[2,4]","632","5","Middle South End Zone","['*','*','*','*']","mobile","tm","tmqr",,"[PREMIUM]","[PREMIUM]","[]","2026-10-09 00:00:00","Chicago Bears at Green Bay Packers","nfl","2026-10-11 20:25:00","54137a663bf3763536000002"
"6a70e8d432e1d9ec3ead9be1","2026-08-04 08:20:46.115","2026-08-04 08:20:46.115","6a70e8d432e1d9ec3ead9be1","695cb020fa6aa653081fe5d6","[PREMIUM]","[PREMIUM]","[PREMIUM]","[PREMIUM]","[PREMIUM]","[2,4]","136","5","Lower Level End Zone","['*','*','*','*']","mobile","tm","tmqr",,"[PREMIUM]","[PREMIUM]","[]","2026-10-09 00:00:00","Chicago Bears at Green Bay Packers","nfl","2026-10-11 20:25:00","54137a663bf3763536000002"
"6a70e3a90c4a20bccf646e1e","2026-08-04 08:20:46.115","2026-08-06 14:50:06.279","6a70e3a90c4a20bccf646e1e","695cb020fa6aa653081fe5d6","[PREMIUM]","[PREMIUM]","[PREMIUM]","[PREMIUM]","[PREMIUM]","[2,4]","122","39","Lower Level Sideline","['17','18','19','20']","mobile","tm","tmqr",,"[PREMIUM]","[PREMIUM]","[]",,"Chicago Bears at Green Bay Packers","nfl","2026-10-11 20:25:00","54137a663bf3763536000002"
"6a70e8dcb017384b7fc937cd","2026-08-04 08:20:46.115","2026-08-07 18:16:44.444","6a70e8dcb017384b7fc937cd","695cb020fa6aa653081fe5d6","[PREMIUM]","[PREMIUM]","[PREMIUM]","[PREMIUM]","[PREMIUM]","[2,4]","732","2","Upper South End Zone","['*','*','*','*']","mobile","tm","tmqr",,"[PREMIUM]","[PREMIUM]","[]","2026-10-09 00:00:00","Chicago Bears at Green Bay Packers","nfl","2026-10-11 20:25:00","54137a663bf3763536000002"
"6a70e8e5a960087e0d7dceeb","2026-08-04 08:20:46.115","2026-08-04 08:20:46.115","6a70e8e5a960087e0d7dceeb","695cb020fa6aa653081fe5d6","[PREMIUM]","[PREMIUM]","[PREMIUM]","[PREMIUM]","[PREMIUM]","[2,4]","730","11","Upper South End Zone","['*','*','*','*']","mobile","tm","tmqr",,"[PREMIUM]","[PREMIUM]","[]","2026-10-09 00:00:00","Chicago Bears at Green Bay Packers","nfl","2026-10-11 20:25:00","54137a663bf3763536000002"
"6a70e8e80e7e677f978a39fe","2026-08-04 08:20:46.115","2026-08-04 08:20:46.115","6a70e8e80e7e677f978a39fe","695cb020fa6aa653081fe5d6","[PREMIUM]","[PREMIUM]","[PREMIUM]","[PREMIUM]","[PREMIUM]","[2,4]","100","56","Lower Level End Zone","['*','*','*','*']","mobile","tm","tmqr",,"[PREMIUM]","[PREMIUM]","[]","2026-10-09 00:00:00","Chicago Bears at Green Bay Packers","nfl","2026-10-11 20:25:00","54137a663bf3763536000002"
"6a0669a83828919bf019ddb3","2026-08-04 08:20:46.115","2026-08-13 11:23:10.774","6a0669a83828919bf019ddb3","695cb020fa6aa653081fe5d6","[PREMIUM]","[PREMIUM]","[PREMIUM]","[PREMIUM]","[PREMIUM]","[1,2]","640","10","Middle South End Zone","['*','*']","mobile","tm","tmqr",,"[PREMIUM]","[PREMIUM]","[]","2026-10-10 00:00:00","Chicago Bears at Green Bay Packers","nfl","2026-10-11 20:25:00","54137a663bf3763536000002"
"6a63ceb5263f58b9de056dac","2026-08-04 08:20:46.115","2026-08-05 11:33:09.682","6a63ceb5263f58b9de056dac","695cb020fa6aa653081fe5d6","[PREMIUM]","[PREMIUM]","[PREMIUM]","[PREMIUM]","[PREMIUM]","[2]","128","29","Lower Level Sideline","['*','*']","mobile","tm","tmqr",,"[PREMIUM]","[PREMIUM]","[]",,"Chicago Bears at Green Bay Packers","nfl","2026-10-11 20:25:00","54137a663bf3763536000002"
"6a677d02263f58b9de591ad2","2026-08-04 08:20:46.115","2026-08-05 11:33:09.682","6a677d02263f58b9de591ad2","695cb020fa6aa653081fe5d6","[PREMIUM]","[PREMIUM]","[PREMIUM]","[PREMIUM]","[PREMIUM]","[2]","125","38","Lower Level Sideline","['*','*']","mobile","tm","tmqr",,"[PREMIUM]","[PREMIUM]","[]",,"Chicago Bears at Green Bay Packers","nfl","2026-10-11 20:25:00","54137a663bf3763536000002"
"6a70c1106de0a3a3bfeb0190","2026-08-04 08:20:46.115","2026-08-13 11:23:10.774","6a70c1106de0a3a3bfeb0190","695cb020fa6aa653081fe5d6","[PREMIUM]","[PREMIUM]","[PREMIUM]","[PREMIUM]","[PREMIUM]","[2]","120","8","Lower Level Sideline","['*','*']","mobile","tm","tmqr",,"[PREMIUM]","[PREMIUM]","[]","2026-10-04 00:00:00","Chicago Bears at Green Bay Packers","nfl","2026-10-11 20:25:00","54137a663bf3763536000002"
"6a70cb04749fb049d4304415","2026-08-04 08:20:46.115","2026-08-13 11:23:10.774","6a70cb04749fb049d4304415","695cb020fa6aa653081fe5d6","[PREMIUM]","[PREMIUM]","[PREMIUM]","[PREMIUM]","[PREMIUM]","[2,4]","640","5","Middle South End Zone","['1','2','3','4']","mobile","tm","tmqr",,"[PREMIUM]","[PREMIUM]","[]",,"Chicago Bears at Green Bay Packers","nfl","2026-10-11 20:25:00","54137a663bf3763536000002"
"6a6f7481b84f494431d89cf7","2026-08-04 08:20:46.115","2026-08-05 11:33:09.682","6a6f7481b84f494431d89cf7","695cb020fa6aa653081fe5d6","[PREMIUM]","[PREMIUM]","[PREMIUM]","[PREMIUM]","[PREMIUM]","[2]","124","12","Lower Level Sideline","['*','*']","mobile","tm","tmqr",,"[PREMIUM]","[PREMIUM]","[]","2026-10-10 00:00:00","Chicago Bears at Green Bay Packers","nfl","2026-10-11 20:25:00","54137a663bf3763536000002"
"6a70e8e01d04e1a398a271cd","2026-08-04 08:20:46.115","2026-08-13 11:23:10.774","6a70e8e01d04e1a398a271cd","695cb020fa6aa653081fe5d6","[PREMIUM]","[PREMIUM]","[PREMIUM]","[PREMIUM]","[PREMIUM]","[2,4]","740","13","Upper South End Zone","['*','*','*','*']","mobile","tm","tmqr",,"[PREMIUM]","[PREMIUM]","[]","2026-10-09 00:00:00","Chicago Bears at Green Bay Packers","nfl","2026-10-11 20:25:00","54137a663bf3763536000002"
"6a70e8b152b31e8f92a4b0d6","2026-08-04 08:20:46.115","2026-08-13 11:23:10.774","6a70e8b152b31e8f92a4b0d6","695cb020fa6aa653081fe5d6","[PREMIUM]","[PREMIUM]","[PREMIUM]","[PREMIUM]","[PREMIUM]","[2,4]","336","2","Upper Level","['*','*','*','*']","mobile","tm","tmqr",,"[PREMIUM]","[PREMIUM]","[]","2026-10-09 00:00:00","Chicago Bears at Green Bay Packers","nfl","2026-10-11 20:25:00","54137a663bf3763536000002"
"6a70e912959d92e4a7e52d99","2026-08-04 08:20:46.115","2026-08-13 11:23:10.774","6a70e912959d92e4a7e52d99","695cb020fa6aa653081fe5d6","[PREMIUM]","[PREMIUM]","[PREMIUM]","[PREMIUM]","[PREMIUM]","[2,4]","130","32","Lower Level Corner","['*','*','*','*']","mobile","tm","tmqr",,"[PREMIUM]","[PREMIUM]","[]","2026-10-09 00:00:00","Chicago Bears at Green Bay Packers","nfl","2026-10-11 20:25:00","54137a663bf3763536000002"
"6a70e93afa98abb19f16e277","2026-08-04 08:20:46.115","2026-08-13 11:23:10.774","6a70e93afa98abb19f16e277","695cb020fa6aa653081fe5d6","[PREMIUM]","[PREMIUM]","[PREMIUM]","[PREMIUM]","[PREMIUM]","[2,4]","310","3","Upper Level","['*','*','*','*']","mobile","tm","tmqr",,"[PREMIUM]","[PREMIUM]","[]","2026-10-09 00:00:00","Chicago Bears at Green Bay Packers","nfl","2026-10-11 20:25:00","54137a663bf3763536000002"
"6a70e93fe5a09c53528c48a0","2026-08-04 08:20:46.115","2026-08-13 11:23:10.774","6a70e93fe5a09c53528c48a0","695cb020fa6aa653081fe5d6","[PREMIUM]","[PREMIUM]","[PREMIUM]","[PREMIUM]","[PREMIUM]","[2,4]","738","9","Upper South End Zone","['*','*','*','*']","mobile","tm","tmqr",,"[PREMIUM]","[PREMIUM]","[]","2026-10-09 00:00:00","Chicago Bears at Green Bay Packers","nfl","2026-10-11 20:25:00","54137a663bf3763536000002"
"6a70e94f9b7b86f5c13558f7","2026-08-04 08:20:46.115","2026-08-13 11:23:10.774","6a70e94f9b7b86f5c13558f7","695cb020fa6aa653081fe5d6","[PREMIUM]","[PREMIUM]","[PREMIUM]","[PREMIUM]","[PREMIUM]","[2,4]","347","2","Upper Level","['*','*','*','*']","mobile","tm","tmqr",,"[PREMIUM]","[PREMIUM]","[]","2026-10-09 00:00:00","Chicago Bears at Green Bay Packers","nfl","2026-10-11 20:25:00","54137a663bf3763536000002"
"6a70e8ba959d92e4a7e52d11","2026-08-04 08:20:46.115","2026-08-13 11:23:10.774","6a70e8ba959d92e4a7e52d11","695cb020fa6aa653081fe5d6","[PREMIUM]","[PREMIUM]","[PREMIUM]","[PREMIUM]","[PREMIUM]","[2,4]","636","10","Middle South End Zone","['*','*','*','*']","mobile","tm","tmqr",,"[PREMIUM]","[PREMIUM]","[]","2026-10-09 00:00:00","Chicago Bears at Green Bay Packers","nfl","2026-10-11 20:25:00","54137a663bf3763536000002"
"6a70c4153e89c3e3d2c9841d","2026-08-04 08:20:46.115","2026-08-05 11:33:09.682","6a70c4153e89c3e3d2c9841d","695cb020fa6aa653081fe5d6","[PREMIUM]","[PREMIUM]","[PREMIUM]","[PREMIUM]","[PREMIUM]","[2]","118","20","Lower Level Sideline","['*','*']","mobile","tm","tmqr",,"[PREMIUM]","[PREMIUM]","[]","2026-10-10 00:00:00","Chicago Bears at Green Bay Packers","nfl","2026-10-11 20:25:00","54137a663bf3763536000002"
"6a70e8d01ee9ef2a0d813a68","2026-08-04 08:20:46.115","2026-08-08 21:33:39.514","6a70e8d01ee9ef2a0d813a68","695cb020fa6aa653081fe5d6","[PREMIUM]","[PREMIUM]","[PREMIUM]","[PREMIUM]","[PREMIUM]","[2,4]","638","4","Middle South End Zone","['*','*','*','*']","mobile","tm","tmqr",,"[PREMIUM]","[PREMIUM]","[]","2026-10-09 00:00:00","Chicago Bears at Green Bay Packers","nfl","2026-10-11 20:25:00","54137a663bf3763536000002"
"6a70e8b41357309d29402e3f","2026-08-04 08:20:46.115","2026-08-08 21:33:39.514","6a70e8b41357309d29402e3f","695cb020fa6aa653081fe5d6","[PREMIUM]","[PREMIUM]","[PREMIUM]","[PREMIUM]","[PREMIUM]","[2,4]","342","9","Upper Level","['*','*','*','*']","mobile","tm","tmqr",,"[PREMIUM]","[PREMIUM]","[]","2026-10-09 00:00:00","Chicago Bears at Green Bay Packers","nfl","2026-10-11 20:25:00","54137a663bf3763536000002"
"6a70e94f6d8d9e5c737b21a6","2026-08-04 08:20:46.115","2026-08-08 21:33:39.514","6a70e94f6d8d9e5c737b21a6","695cb020fa6aa653081fe5d6","[PREMIUM]","[PREMIUM]","[PREMIUM]","[PREMIUM]","[PREMIUM]","[2,4]","127","42","Lower Level Sideline","['*','*','*','*']","mobile","tm","tmqr",,"[PREMIUM]","[PREMIUM]","[]","2026-10-09 00:00:00","Chicago Bears at Green Bay Packers","nfl","2026-10-11 20:25:00","54137a663bf3763536000002"
"6a70e8bb52b31e8f92a4b0e8","2026-08-04 08:20:46.115","2026-08-08 21:33:39.514","6a70e8bb52b31e8f92a4b0e8","695cb020fa6aa653081fe5d6","[PREMIUM]","[PREMIUM]","[PREMIUM]","[PREMIUM]","[PREMIUM]","[2,4]","133","40","Lower Level End Zone","['*','*','*','*']","mobile","tm","tmqr",,"[PREMIUM]","[PREMIUM]","[]","2026-10-09 00:00:00","Chicago Bears at Green Bay Packers","nfl","2026-10-11 20:25:00","54137a663bf3763536000002"
"6a70e94a959d92e4a7e52e0d","2026-08-04 08:20:46.115","2026-08-08 21:33:39.514","6a70e94a959d92e4a7e52e0d","695cb020fa6aa653081fe5d6","[PREMIUM]","[PREMIUM]","[PREMIUM]","[PREMIUM]","[PREMIUM]","[2,4]","126","39","Lower Level Sideline","['*','*','*','*']","mobile","tm","tmqr",,"[PREMIUM]","[PREMIUM]","[]","2026-10-09 00:00:00","Chicago Bears at Green Bay Packers","nfl","2026-10-11 20:25:00","54137a663bf3763536000002"
"6a70e902a9565186658e462f","2026-08-04 08:20:46.115","2026-08-10 01:06:07.112","6a70e902a9565186658e462f","695cb020fa6aa653081fe5d6","[PREMIUM]","[PREMIUM]","[PREMIUM]","[PREMIUM]","[PREMIUM]","[2,4]","101","9","Lower Level End Zone","['*','*','*','*']","mobile","tm","tmqr",,"[PREMIUM]","[PREMIUM]","[]","2026-10-09 00:00:00","Chicago Bears at Green Bay Packers","nfl","2026-10-11 20:25:00","54137a663bf3763536000002"
"6a70e8e152b31e8f92a4b125","2026-08-04 08:20:46.115","2026-08-10 01:06:07.112","6a70e8e152b31e8f92a4b125","695cb020fa6aa653081fe5d6","[PREMIUM]","[PREMIUM]","[PREMIUM]","[PREMIUM]","[PREMIUM]","[2,4]","340","2","Upper Level","['*','*','*','*']","mobile","tm","tmqr",,"[PREMIUM]","[PREMIUM]","[]","2026-10-09 00:00:00","Chicago Bears at Green Bay Packers","nfl","2026-10-11 20:25:00","54137a663bf3763536000002"
"6a70e8d2d6c95a6b3013be10","2026-08-04 08:20:46.115","2026-08-10 01:06:07.112","6a70e8d2d6c95a6b3013be10","695cb020fa6aa653081fe5d6","[PREMIUM]","[PREMIUM]","[PREMIUM]","[PREMIUM]","[PREMIUM]","[2,4]","750","11","Upper South End Zone","['*','*','*','*']","mobile","tm","tmqr","great","[PREMIUM]","[PREMIUM]","[]","2026-10-09 00:00:00","Chicago Bears at Green Bay Packers","nfl","2026-10-11 20:25:00","54137a663bf3763536000002"
"6a70fb7ab2472dcce3fb9dd0","2026-08-04 08:20:46.115","2026-08-08 21:33:39.514","6a70fb7ab2472dcce3fb9dd0","695cb020fa6aa653081fe5d6","[PREMIUM]","[PREMIUM]","[PREMIUM]","[PREMIUM]","[PREMIUM]","[2]","121","45","Lower Level Sideline","['13','14']","mobile","tm","tmqr",,"[PREMIUM]","[PREMIUM]","[]","2026-10-11 00:00:00","Chicago Bears at Green Bay Packers","nfl","2026-10-11 20:25:00","54137a663bf3763536000002"
"6a70e8d26d8d9e5c737b2098","2026-08-04 08:20:46.115","2026-08-10 01:06:07.112","6a70e8d26d8d9e5c737b2098","695cb020fa6aa653081fe5d6","[PREMIUM]","[PREMIUM]","[PREMIUM]","[PREMIUM]","[PREMIUM]","[2,4]","745","12","Upper South End Zone","['*','*','*','*']","mobile","tm","tmqr","super","[PREMIUM]","[PREMIUM]","[]","2026-10-09 00:00:00","Chicago Bears at Green Bay Packers","nfl","2026-10-11 20:25:00","54137a663bf3763536000002"
"6a7144a7d656c90f11420db6","2026-08-04 08:20:46.115","2026-08-13 11:23:10.774","6a7144a7d656c90f11420db6","695cb020fa6aa653081fe5d6","[PREMIUM]","[PREMIUM]","[PREMIUM]","[PREMIUM]","[PREMIUM]","[2]","125","57","Lower Level Sideline","['21','22']","mobile","tm","tmqr",,"[PREMIUM]","[PREMIUM]","[]",,"Chicago Bears at Green Bay Packers","nfl","2026-10-11 20:25:00","54137a663bf3763536000002"
"6a7108a49d7fc940aebfa14b","2026-08-04 08:20:46.115","2026-08-04 08:20:46.115","6a7108a49d7fc940aebfa14b","695cb020fa6aa653081fe5d6","[PREMIUM]","[PREMIUM]","[PREMIUM]","[PREMIUM]","[PREMIUM]","[2]","316","3","Upper Level","['*','*']","mobile","tm","tmqr",,"[PREMIUM]","[PREMIUM]","[]","2026-10-10 00:00:00","Chicago Bears at Green Bay Packers","nfl","2026-10-11 20:25:00","54137a663bf3763536000002"
"6a710a4db4762b4846ec215d","2026-08-04 08:20:46.115","2026-08-10 01:06:07.112","6a710a4db4762b4846ec215d","695cb020fa6aa653081fe5d6","[PREMIUM]","[PREMIUM]","[PREMIUM]","[PREMIUM]","[PREMIUM]","[2]","118","48","Lower Level Sideline","['3','4']","mobile","tm","tmqr",,"[PREMIUM]","[PREMIUM]","[]",,"Chicago Bears at Green Bay Packers","nfl","2026-10-11 20:25:00","54137a663bf3763536000002"
"6a70f2357a343f2304b4c62b","2026-08-04 08:20:46.115","2026-08-04 08:20:46.115","6a70f2357a343f2304b4c62b","695cb020fa6aa653081fe5d6","[PREMIUM]","[PREMIUM]","[PREMIUM]","[PREMIUM]","[PREMIUM]","[2]","107","35","Lower Level Corner","['*','*']","mobile","tm","tmqr",,"[PREMIUM]","[PREMIUM]","[]","2026-10-10 00:00:00","Chicago Bears at Green Bay Packers","nfl","2026-10-11 20:25:00","54137a663bf3763536000002"
"6a70ada464c90e4c1e1dbd2c","2026-08-04 08:20:46.115","2026-08-05 11:33:09.682","6a70ada464c90e4c1e1dbd2c","695cb020fa6aa653081fe5d6","[PREMIUM]","[PREMIUM]","[PREMIUM]","[PREMIUM]","[PREMIUM]","[2]","112","26","Lower Level Sideline","['*','*']","mobile","tm","tmqr",,"[PREMIUM]","[PREMIUM]","[]","2026-10-10 00:00:00","Chicago Bears at Green Bay Packers","nfl","2026-10-11 20:25:00","54137a663bf3763536000002"
"6a70ada443a885df9f211a13","2026-08-04 08:20:46.115","2026-08-05 11:33:09.682","6a70ada443a885df9f211a13","695cb020fa6aa653081fe5d6","[PREMIUM]","[PREMIUM]","[PREMIUM]","[PREMIUM]","[PREMIUM]","[2,4]","124","23","Lower Level Sideline","['*','*','*','*']","mobile","tm","tmqr",,"[PREMIUM]","[PREMIUM]","[]","2026-10-10 00:00:00","Chicago Bears at Green Bay Packers","nfl","2026-10-11 20:25:00","54137a663bf3763536000002"
"6a70ada4f522532f3ab0ccaa","2026-08-04 08:20:46.115","2026-08-04 08:20:46.115","6a70ada4f522532f3ab0ccaa","695cb020fa6aa653081fe5d6","[PREMIUM]","[PREMIUM]","[PREMIUM]","[PREMIUM]","[PREMIUM]","[2,4]","117","22","Lower Level Sideline","['*','*','*','*']","mobile","tm","tmqr",,"[PREMIUM]","[PREMIUM]","[]","2026-10-10 00:00:00","Chicago Bears at Green Bay Packers","nfl","2026-10-11 20:25:00","54137a663bf3763536000002"
"6a70a7251cd6c3ac91c4b8c5","2026-08-04 08:20:46.115","2026-08-05 11:33:09.682","6a70a7251cd6c3ac91c4b8c5","695cb020fa6aa653081fe5d6","[PREMIUM]","[PREMIUM]","[PREMIUM]","[PREMIUM]","[PREMIUM]","[2]","133","12","Lower Level End Zone","['*','*']","mobile","tm","tmqr",,"[PREMIUM]","[PREMIUM]","[]","2026-10-10 00:00:00","Chicago Bears at Green Bay Packers","nfl","2026-10-11 20:25:00","54137a663bf3763536000002"
"6a70ada497111aec03562122","2026-08-04 08:20:46.115","2026-08-05 11:33:09.682","6a70ada497111aec03562122","695cb020fa6aa653081fe5d6","[PREMIUM]","[PREMIUM]","[PREMIUM]","[PREMIUM]","[PREMIUM]","[2,4]","130","21","Lower Level Corner","['*','*','*','*']","mobile","tm","tmqr",,"[PREMIUM]","[PREMIUM]","[]","2026-10-10 00:00:00","Chicago Bears at Green Bay Packers","nfl","2026-10-11 20:25:00","54137a663bf3763536000002"
"6a6cb299be473f394ea6350e","2026-08-04 08:20:46.115","2026-08-12 08:07:17.592","6a6cb299be473f394ea6350e","695cb020fa6aa653081fe5d6","[PREMIUM]","[PREMIUM]","[PREMIUM]","[PREMIUM]","[PREMIUM]","[2]","108","24","Lower Level Corner","['7','8']","mobile","tm","tmqr",,"[PREMIUM]","[PREMIUM]","[]","2026-10-10 20:25:00","Chicago Bears at Green Bay Packers","nfl","2026-10-11 20:25:00","54137a663bf3763536000002"
"6a29c4c199548238fd13c5d1","2026-08-04 08:20:46.115","2026-08-13 11:23:10.774","6a29c4c199548238fd13c5d1","695cb020fa6aa653081fe5d6","[PREMIUM]","[PREMIUM]","[PREMIUM]","[PREMIUM]","[PREMIUM]","[2]","119","58","Lower Level Sideline","['9001','9002']","mobile","tm","tmqr",,"[PREMIUM]","[PREMIUM]","[]","2027-03-03 00:00:00","Chicago Bears at Green Bay Packers","nfl","2026-10-11 20:25:00","54137a663bf3763536000002"
"6a29782699548238fdba1501","2026-08-04 08:20:46.115","2026-08-13 11:23:10.774","6a29782699548238fdba1501","695cb020fa6aa653081fe5d6","[PREMIUM]","[PREMIUM]","[PREMIUM]","[PREMIUM]","[PREMIUM]","[1,2]","347","9","Upper Level","['*','*']","mobile","tm","tmqr",,"[PREMIUM]","[PREMIUM]","[]","2026-10-10 00:00:00","Chicago Bears at Green Bay Packers","nfl","2026-10-11 20:25:00","54137a663bf3763536000002"
"6a6e3122c59f13fd3325688f","2026-08-04 08:20:46.115","2026-08-13 11:23:10.774","6a6e3122c59f13fd3325688f","695cb020fa6aa653081fe5d6","[PREMIUM]","[PREMIUM]","[PREMIUM]","[PREMIUM]","[PREMIUM]","[2]","119","53","Lower Level Sideline","['1','2']","mobile","tm","tmqr",,"[PREMIUM]","[PREMIUM]","[]","2026-10-10 20:25:00","Chicago Bears at Green Bay Packers","nfl","2026-10-11 20:25:00","54137a663bf3763536000002"
"6a70e9197a343f2304b4ba1e","2026-08-04 08:20:46.115","2026-08-12 08:07:17.592","6a70e9197a343f2304b4ba1e","695cb020fa6aa653081fe5d6","[PREMIUM]","[PREMIUM]","[PREMIUM]","[PREMIUM]","[PREMIUM]","[2,4]","113","51","Lower Level Sideline","['*','*','*','*']","mobile","tm","tmqr",,"[PREMIUM]","[PREMIUM]","[]","2026-10-09 00:00:00","Chicago Bears at Green Bay Packers","nfl","2026-10-11 20:25:00","54137a663bf3763536000002"
"6a70e920988c9386637b6841","2026-08-04 08:20:46.115","2026-08-12 08:07:17.592","6a70e920988c9386637b6841","695cb020fa6aa653081fe5d6","[PREMIUM]","[PREMIUM]","[PREMIUM]","[PREMIUM]","[PREMIUM]","[2,4]","306","2","Upper Level","['*','*','*','*']","mobile","tm","tmqr",,"[PREMIUM]","[PREMIUM]","[]","2026-10-09 00:00:00","Chicago Bears at Green Bay Packers","nfl","2026-10-11 20:25:00","54137a663bf3763536000002"
"6a0f892a3828919bf0114f6e","2026-08-04 08:20:46.115","2026-08-13 11:23:10.774","6a0f892a3828919bf0114f6e","695cb020fa6aa653081fe5d6","[PREMIUM]","[PREMIUM]","[PREMIUM]","[PREMIUM]","[PREMIUM]","[2,4]","135","20","Lower Level End Zone","['11','12','13','14']","mobile","tm","tmqr",,"[PREMIUM]","[PREMIUM]","[]",,"Chicago Bears at Green Bay Packers","nfl","2026-10-11 20:25:00","54137a663bf3763536000002"
"6a711184b2472dcce318efdb","2026-08-04 08:20:46.115","2026-08-04 08:20:46.115","6a711184b2472dcce318efdb","695cb020fa6aa653081fe5d6","[PREMIUM]","[PREMIUM]","[PREMIUM]","[PREMIUM]","[PREMIUM]","[2]","103","47","Lower Level End Zone","['31','32']","mobile","tm","tmqr",,"[PREMIUM]","[PREMIUM]","[]","2026-10-11 00:00:00","Chicago Bears at Green Bay Packers","nfl","2026-10-11 20:25:00","54137a663bf3763536000002"
"6a295c2699548238fd1ea641","2026-08-04 08:20:46.115","2026-08-07 18:16:44.444","6a295c2699548238fd1ea641","695cb020fa6aa653081fe5d6","[PREMIUM]","[PREMIUM]","[PREMIUM]","[PREMIUM]","[PREMIUM]","[1,2]","316","9","Upper Level","['*','*']","mobile","tm","tmqr",,"[PREMIUM]","[PREMIUM]","[]","2026-10-10 00:00:00","Chicago Bears at Green Bay Packers","nfl","2026-10-11 20:25:00","54137a663bf3763536000002"
"6a70fd9c67cd480d3fd08be7","2026-08-04 08:20:46.115","2026-08-04 08:20:46.115","6a70fd9c67cd480d3fd08be7","695cb020fa6aa653081fe5d6","[PREMIUM]","[PREMIUM]","[PREMIUM]","[PREMIUM]","[PREMIUM]","[2]","132","56","Lower Level Corner","['*','*']","mobile","tm","tmqr",,"[PREMIUM]","[PREMIUM]","[]","2026-10-10 00:00:00","Chicago Bears at Green Bay Packers","nfl","2026-10-11 20:25:00","54137a663bf3763536000002"
"6a0740723828919bf0e609bf","2026-08-04 08:20:43.894","2026-08-13 11:23:03.829","6a0740723828919bf0e609bf","695c74b697f80b1856991b9a","[PREMIUM]","[PREMIUM]","[PREMIUM]","[PREMIUM]","[PREMIUM]","[2]","146","3","Field Sideline","['17','18']","mobile","tm","tmqr",,"[PREMIUM]","[PREMIUM]","[]","2026-10-03 00:00:00","Jacksonville Jaguars at Cincinnati Bengals","nfl","2026-10-04 17:00:00","53ee78863bf3763d8c000002"
"6a05e9493828919bf0f75e32","2026-08-04 08:20:43.894","2026-08-13 11:23:03.829","6a05e9493828919bf0f75e32","695c74b697f80b1856991b9a","[PREMIUM]","[PREMIUM]","[PREMIUM]","[PREMIUM]","[PREMIUM]","[2,4]","305","21","Upper Sideline","['*','*','*','*']","mobile","tm","tmqr","cheapest","[PREMIUM]","[PREMIUM]","[]","2026-10-03 00:00:00","Jacksonville Jaguars at Cincinnati Bengals","nfl","2026-10-04 17:00:00","53ee78863bf3763d8c000002"
"6a05e9473828919bf0f6e27e","2026-08-04 08:20:43.894","2026-08-13 11:23:03.829","6a05e9473828919bf0f6e27e","695c74b697f80b1856991b9a","[PREMIUM]","[PREMIUM]","[PREMIUM]","[PREMIUM]","[PREMIUM]","[2]","224","23","Middle End Zone","['*','*']","mobile","tm","tmqr","great","[PREMIUM]","[PREMIUM]","[]","2026-10-03 00:00:00","Jacksonville Jaguars at Cincinnati Bengals","nfl","2026-10-04 17:00:00","53ee78863bf3763d8c000002"
"6a05e9463828919bf0f680c2","2026-08-04 08:20:43.894","2026-08-13 11:23:03.829","6a05e9463828919bf0f680c2","695c74b697f80b1856991b9a","[PREMIUM]","[PREMIUM]","[PREMIUM]","[PREMIUM]","[PREMIUM]","[2]","233N","28","Middle Corner","['7','8']","mobile","tm","tmqr",,"[PREMIUM]","[PREMIUM]","[]","2027-03-03 00:00:00","Jacksonville Jaguars at Cincinnati Bengals","nfl","2026-10-04 17:00:00","53ee78863bf3763d8c000002"
"6a6ecf50b2472dcce3c77b70","2026-08-04 08:20:43.894","2026-08-08 21:33:33.988","6a6ecf50b2472dcce3c77b70","695c74b697f80b1856991b9a","[PREMIUM]","[PREMIUM]","[PREMIUM]","[PREMIUM]","[PREMIUM]","[2,4]","138","12","Field Sideline","['*','*','*','*']","mobile","tm","tmqr",,"[PREMIUM]","[PREMIUM]","[]",,"Jacksonville Jaguars at Cincinnati Bengals","nfl","2026-10-04 17:00:00","53ee78863bf3763d8c000002"
"6a54710163d38d17e783ebba","2026-08-04 08:20:43.894","2026-08-06 14:50:00.875","6a54710163d38d17e783ebba","695c74b697f80b1856991b9a","[PREMIUM]","[PREMIUM]","[PREMIUM]","[PREMIUM]","[PREMIUM]","[2,4]","138","17","Field Sideline","['9','10','11','12']","mobile","tm","tmqr",,"[PREMIUM]","[PREMIUM]","[]",,"Jacksonville Jaguars at Cincinnati Bengals","nfl","2026-10-04 17:00:00","53ee78863bf3763d8c000002"
"6a1d914099548238fd19aba7","2026-08-04 08:20:43.894","2026-08-10 01:05:59.851","6a1d914099548238fd19aba7","695c74b697f80b1856991b9a","[PREMIUM]","[PREMIUM]","[PREMIUM]","[PREMIUM]","[PREMIUM]","[1,2]","146","12","Field Sideline","['*','*']","mobile","tm","tmqr",,"[PREMIUM]","[PREMIUM]","[]","2026-10-03 00:00:00","Jacksonville Jaguars at Cincinnati Bengals","nfl","2026-10-04 17:00:00","53ee78863bf3763d8c000002"
"6a3f1ae4239cabfa2cd33e67","2026-08-04 08:20:43.894","2026-08-12 08:07:06.982","6a3f1ae4239cabfa2cd33e67","695c74b697f80b1856991b9a","[PREMIUM]","[PREMIUM]","[PREMIUM]","[PREMIUM]","[PREMIUM]","[2]","136","2","Field Sideline","['1','2']","mobile","tm","tmqr",,"[PREMIUM]","[PREMIUM]","[]",,"Jacksonville Jaguars at Cincinnati Bengals","nfl","2026-10-04 17:00:00","53ee78863bf3763d8c000002"
"6a71902428219d0446db4200","2026-08-04 08:20:43.894","2026-08-05 11:33:04.495","6a71902428219d0446db4200","695c74b697f80b1856991b9a","[PREMIUM]","[PREMIUM]","[PREMIUM]","[PREMIUM]","[PREMIUM]","[2]","129","11","Field End Zone","['*','*']","mobile","tm","tmqr",,"[PREMIUM]","[PREMIUM]","[]","2026-10-03 00:00:00","Jacksonville Jaguars at Cincinnati Bengals","nfl","2026-10-04 17:00:00","53ee78863bf3763d8c000002"
"6a7199c996966f998e34ec76","2026-08-04 08:20:43.894","2026-08-04 08:20:43.894","6a7199c996966f998e34ec76","695c74b697f80b1856991b9a","[PREMIUM]","[PREMIUM]","[PREMIUM]","[PREMIUM]","[PREMIUM]","[2]","124","26","Field End Zone","['13','14']","mobile","tm","tmqr",,"[PREMIUM]","[PREMIUM]","[]","2026-10-02 00:00:00","Jacksonville Jaguars at Cincinnati Bengals","nfl","2026-10-04 17:00:00","53ee78863bf3763d8c000002"
"6a06c3f11e18e579d964cc28","2026-08-04 08:20:43.894","2026-08-06 14:50:00.875","6a06c3f11e18e579d964cc28","695c74b697f80b1856991b9a","[PREMIUM]","[PREMIUM]","[PREMIUM]","[PREMIUM]","[PREMIUM]","[2]","152","44","Field End Zone","['*','*']","mobile","tm","tmqr",,"[PREMIUM]","[PREMIUM]","[]","2026-10-02 00:00:00","Jacksonville Jaguars at Cincinnati Bengals","nfl","2026-10-04 17:00:00","53ee78863bf3763d8c000002"
"6a06485a3828919bf027c612","2026-08-04 08:20:43.894","2026-08-04 08:20:43.894","6a06485a3828919bf027c612","695c74b697f80b1856991b9a","[PREMIUM]","[PREMIUM]","[PREMIUM]","[PREMIUM]","[PREMIUM]","[2,4]","342","25","Upper Sideline","['*','*','*','*']","mobile","tm","tmqr",,"[PREMIUM]","[PREMIUM]","[]","2026-10-03 00:00:00","Jacksonville Jaguars at Cincinnati Bengals","nfl","2026-10-04 17:00:00","53ee78863bf3763d8c000002"
"6a05e9463828919bf0f685fc","2026-08-04 08:20:43.894","2026-08-05 11:33:04.495","6a05e9463828919bf0f685fc","695c74b697f80b1856991b9a","[PREMIUM]","[PREMIUM]","[PREMIUM]","[PREMIUM]","[PREMIUM]","[2,4]","341","23","Upper Sideline","['*','*','*','*']","mobile","tm","tmqr",,"[PREMIUM]","[PREMIUM]","[]","2026-10-03 00:00:00","Jacksonville Jaguars at Cincinnati Bengals","nfl","2026-10-04 17:00:00","53ee78863bf3763d8c000002"
"6a63bdd6da642deb00cc30c4","2026-08-04 08:20:43.894","2026-08-13 11:23:03.829","6a63bdd6da642deb00cc30c4","695c74b697f80b1856991b9a","[PREMIUM]","[PREMIUM]","[PREMIUM]","[PREMIUM]","[PREMIUM]","[2,4,6]","149","20","Field End Zone","['*','*','*','*','*','*']","mobile","tm","tmqr",,"[PREMIUM]","[PREMIUM]","[]","2026-10-02 00:00:00","Jacksonville Jaguars at Cincinnati Bengals","nfl","2026-10-04 17:00:00","53ee78863bf3763d8c000002"
"6a63bdd56867c1f69bcf91ad","2026-08-04 08:20:43.894","2026-08-13 11:23:03.829","6a63bdd56867c1f69bcf91ad","695c74b697f80b1856991b9a","[PREMIUM]","[PREMIUM]","[PREMIUM]","[PREMIUM]","[PREMIUM]","[2]","124","33","Field End Zone","['*','*']","mobile","tm","tmqr",,"[PREMIUM]","[PREMIUM]","[]","2026-10-02 00:00:00","Jacksonville Jaguars at Cincinnati Bengals","nfl","2026-10-04 17:00:00","53ee78863bf3763d8c000002"
"6a05e94e3828919bf0f8ae67","2026-08-04 08:20:43.894","2026-08-11 04:41:47.581","6a05e94e3828919bf0f8ae67","695c74b697f80b1856991b9a","[PREMIUM]","[PREMIUM]","[PREMIUM]","[PREMIUM]","[PREMIUM]","[1,2,3,4,6]","335","16","Upper Sideline","['*','*','*','*','*','*']","mobile","tm","tmqr",,"[PREMIUM]","[PREMIUM]","[]","2027-03-03 00:00:00","Jacksonville Jaguars at Cincinnati Bengals","nfl","2026-10-04 17:00:00","53ee78863bf3763d8c000002"
"6a0691763828919bf0c414fb","2026-08-04 08:20:43.894","2026-08-11 04:41:47.581","6a0691763828919bf0c414fb","695c74b697f80b1856991b9a","[PREMIUM]","[PREMIUM]","[PREMIUM]","[PREMIUM]","[PREMIUM]","[2]","158","37","Field End Zone","['1','2']","mobile","tm","tmqr","great","[PREMIUM]","[PREMIUM]","[]",,"Jacksonville Jaguars at Cincinnati Bengals","nfl","2026-10-04 17:00:00","53ee78863bf3763d8c000002"
"6a70ee0cb2472dcce34a7139","2026-08-04 08:20:43.894","2026-08-12 08:07:06.982","6a70ee0cb2472dcce34a7139","695c74b697f80b1856991b9a","[PREMIUM]","[PREMIUM]","[PREMIUM]","[PREMIUM]","[PREMIUM]","[2]","142","25","Field Sideline","['*','*']","mobile","tm","tmqr",,"[PREMIUM]","[PREMIUM]","[]","2026-10-03 00:00:00","Jacksonville Jaguars at Cincinnati Bengals","nfl","2026-10-04 17:00:00","53ee78863bf3763d8c000002"
"6a06c3691c42655e51b5f68b","2026-08-04 08:20:43.894","2026-08-12 08:07:06.982","6a06c3691c42655e51b5f68b","695c74b697f80b1856991b9a","[PREMIUM]","[PREMIUM]","[PREMIUM]","[PREMIUM]","[PREMIUM]","[2]","224","18","Middle End Zone","['*','*']","mobile","tm","tmqr",,"[PREMIUM]","[PREMIUM]","[]","2026-10-02 00:00:00","Jacksonville Jaguars at Cincinnati Bengals","nfl","2026-10-04 17:00:00","53ee78863bf3763d8c000002"
"6a717419b2472dcce34efba5","2026-08-04 08:20:43.894","2026-08-06 14:50:00.875","6a717419b2472dcce34efba5","695c74b697f80b1856991b9a","[PREMIUM]","[PREMIUM]","[PREMIUM]","[PREMIUM]","[PREMIUM]","[1,2,3,4,5,6]","144","26","Field Sideline","['*','*','*','*','*','*']","mobile","tm","tmqr",,"[PREMIUM]","[PREMIUM]","[]",,"Jacksonville Jaguars at Cincinnati Bengals","nfl","2026-10-04 17:00:00","53ee78863bf3763d8c000002"
"6a3d6fbc239cabfa2c21ebc7","2026-08-04 08:20:43.773","2026-08-11 04:41:50.755","6a3d6fbc239cabfa2c21ebc7","695c1d9c97ffa3f05c9b6499","[PREMIUM]","[PREMIUM]","[PREMIUM]","[PREMIUM]","[PREMIUM]","[2]","334","19","Upper","['7','8']","mobile","tm","tmqr",,"[PREMIUM]","[PREMIUM]","[]","2026-10-16 00:00:00","Chicago Bears at Atlanta Falcons","nfl","2026-10-18 17:00:00","58f667fd49850a61e42b0f22"
"6a3d6ffa239cabfa2c339177","2026-08-04 08:20:43.773","2026-08-13 11:23:03.854","6a3d6ffa239cabfa2c339177","695c1d9c97ffa3f05c9b6499","[PREMIUM]","[PREMIUM]","[PREMIUM]","[PREMIUM]","[PREMIUM]","[2,4,6]","245","8","Mezzanine","['13','14','15','16','17','18']","mobile","tm","tmqr",,"[PREMIUM]","[PREMIUM]","[]","2026-10-16 00:00:00","Chicago Bears at Atlanta Falcons","nfl","2026-10-18 17:00:00","58f667fd49850a61e42b0f22"
"6a702219b2472dcce34ec5e1","2026-08-04 08:20:43.773","2026-08-13 11:23:03.854","6a702219b2472dcce34ec5e1","695c1d9c97ffa3f05c9b6499","[PREMIUM]","[PREMIUM]","[PREMIUM]","[PREMIUM]","[PREMIUM]","[2,4]","CLB127","3","Club","['*','*','*','*']","mobile","tm","tmqr",,"[PREMIUM]","[PREMIUM]","[]",,"Chicago Bears at Atlanta Falcons","nfl","2026-10-18 17:00:00","58f667fd49850a61e42b0f22"
"6a702213b2472dcce34d1699","2026-08-04 08:20:43.773","2026-08-13 11:23:03.854","6a702213b2472dcce34d1699","695c1d9c97ffa3f05c9b6499","[PREMIUM]","[PREMIUM]","[PREMIUM]","[PREMIUM]","[PREMIUM]","[2]","331","5","Upper","['*','*']","mobile","tm","tmqr",,"[PREMIUM]","[PREMIUM]","[]",,"Chicago Bears at Atlanta Falcons","nfl","2026-10-18 17:00:00","58f667fd49850a61e42b0f22"
"6a0b57d83828919bf0840faa","2026-08-04 08:20:43.773","2026-08-13 11:23:03.854","6a0b57d83828919bf0840faa","695c1d9c97ffa3f05c9b6499","[PREMIUM]","[PREMIUM]","[PREMIUM]","[PREMIUM]","[PREMIUM]","[2,4]","338","18","Upper","['*','*','*','*']","mobile","tm","tmqr",,"[PREMIUM]","[PREMIUM]","[]","2026-10-16 00:00:00","Chicago Bears at Atlanta Falcons","nfl","2026-10-18 17:00:00","58f667fd49850a61e42b0f22"
"6a06654c21b1900532cfdf93","2026-08-04 08:20:43.773","2026-08-13 11:23:03.854","6a06654c21b1900532cfdf93","695c1d9c97ffa3f05c9b6499","[PREMIUM]","[PREMIUM]","[PREMIUM]","[PREMIUM]","[PREMIUM]","[2]","230","6","Mezzanine","['18','19']","mobile","tm","tmqr",,"[PREMIUM]","[PREMIUM]","[]",,"Chicago Bears at Atlanta Falcons","nfl","2026-10-18 17:00:00","58f667fd49850a61e42b0f22"
"6a580be28d956e94b994c199","2026-08-04 08:20:43.773","2026-08-06 14:50:03.873","6a580be28d956e94b994c199","695c1d9c97ffa3f05c9b6499","[PREMIUM]","[PREMIUM]","[PREMIUM]","[PREMIUM]","[PREMIUM]","[2]","312","4","Upper","['*','*']","mobile","tm","tmqr",,"[PREMIUM]","[PREMIUM]","[]","2026-10-17 00:00:00","Chicago Bears at Atlanta Falcons","nfl","2026-10-18 17:00:00","58f667fd49850a61e42b0f22"
"6a5a0fcdd832ea34439a2e3b","2026-08-04 08:20:43.773","2026-08-11 04:41:50.755","6a5a0fcdd832ea34439a2e3b","695c1d9c97ffa3f05c9b6499","[PREMIUM]","[PREMIUM]","[PREMIUM]","[PREMIUM]","[PREMIUM]","[2,4]","310","30","Upper","['22','23','24','25']","mobile","tm","tmqr","great","[PREMIUM]","[PREMIUM]","[]","2026-10-16 00:00:00","Chicago Bears at Atlanta Falcons","nfl","2026-10-18 17:00:00","58f667fd49850a61e42b0f22"
"6a70b543b2472dcce3b08240","2026-08-04 08:20:43.773","2026-08-13 11:23:03.854","6a70b543b2472dcce3b08240","695c1d9c97ffa3f05c9b6499","[PREMIUM]","[PREMIUM]","[PREMIUM]","[PREMIUM]","[PREMIUM]","[2]","119","28","Lower","['*','*']","hard",,"tmqr",,"[PREMIUM]","[PREMIUM]","[]","2026-10-11 00:00:00","Chicago Bears at Atlanta Falcons","nfl","2026-10-18 17:00:00","58f667fd49850a61e42b0f22"
"6a70e991d2780b7ecae242ad","2026-08-04 08:20:43.773","2026-08-13 11:23:03.854","6a70e991d2780b7ecae242ad","695c1d9c97ffa3f05c9b6499","[PREMIUM]","[PREMIUM]","[PREMIUM]","[PREMIUM]","[PREMIUM]","[2]","228","6","Mezzanine","['19','20']","mobile","tm","tmqr",,"[PREMIUM]","[PREMIUM]","[]",,"Chicago Bears at Atlanta Falcons","nfl","2026-10-18 17:00:00","58f667fd49850a61e42b0f22"
"6a70c8f2b2472dcce31e0e53","2026-08-04 08:20:43.773","2026-08-05 11:33:07.401","6a70c8f2b2472dcce31e0e53","695c1d9c97ffa3f05c9b6499","[PREMIUM]","[PREMIUM]","[PREMIUM]","[PREMIUM]","[PREMIUM]","[2]","312","20","Upper","['4','5']","mobile","tm","tmqr","amazing","[PREMIUM]","[PREMIUM]","[]","2026-10-16 00:00:00","Chicago Bears at Atlanta Falcons","nfl","2026-10-18 17:00:00","58f667fd49850a61e42b0f22"
"6a627ed5263f58b9de541034","2026-08-04 08:20:43.773","2026-08-13 11:23:03.854","6a627ed5263f58b9de541034","695c1d9c97ffa3f05c9b6499","[PREMIUM]","[PREMIUM]","[PREMIUM]","[PREMIUM]","[PREMIUM]","[2]","342","25","Upper","['*','*']","mobile","tm","tmqr",,"[PREMIUM]","[PREMIUM]","[]","2026-10-14 00:00:00","Chicago Bears at Atlanta Falcons","nfl","2026-10-18 17:00:00","58f667fd49850a61e42b0f22"
"6a7136c3b2472dcce350c64b","2026-08-04 08:20:43.773","2026-08-10 01:05:59.886","6a7136c3b2472dcce350c64b","695c1d9c97ffa3f05c9b6499","[PREMIUM]","[PREMIUM]","[PREMIUM]","[PREMIUM]","[PREMIUM]","[2]","322","20","Upper","['*','*']","mobile","tm","tmqr",,"[PREMIUM]","[PREMIUM]","[]","2026-10-17 00:00:00","Chicago Bears at Atlanta Falcons","nfl","2026-10-18 17:00:00","58f667fd49850a61e42b0f22"
"6a449f2b9d6625cfc7344a82","2026-08-04 08:20:43.773","2026-08-04 08:20:43.773","6a449f2b9d6625cfc7344a82","695c1d9c97ffa3f05c9b6499","[PREMIUM]","[PREMIUM]","[PREMIUM]","[PREMIUM]","[PREMIUM]","[1,2,3,4]","318","26","Upper","['*','*','*','*']","mobile","tm","tmqr",,"[PREMIUM]","[PREMIUM]","[]","2026-10-17 00:00:00","Chicago Bears at Atlanta Falcons","nfl","2026-10-18 17:00:00","58f667fd49850a61e42b0f22"
"6a448d50a7db3f2bc71c00fe","2026-08-04 08:20:43.773","2026-08-04 08:20:43.773","6a448d50a7db3f2bc71c00fe","695c1d9c97ffa3f05c9b6499","[PREMIUM]","[PREMIUM]","[PREMIUM]","[PREMIUM]","[PREMIUM]","[1,2,3,4]","306","23","Upper","['*','*','*','*']","mobile","tm","tmqr",,"[PREMIUM]","[PREMIUM]","[]","2026-10-17 00:00:00","Chicago Bears at Atlanta Falcons","nfl","2026-10-18 17:00:00","58f667fd49850a61e42b0f22"
"6a4484cd239cabfa2ce0c99a","2026-08-04 08:20:43.773","2026-08-06 14:50:03.873","6a4484cd239cabfa2ce0c99a","695c1d9c97ffa3f05c9b6499","[PREMIUM]","[PREMIUM]","[PREMIUM]","[PREMIUM]","[PREMIUM]","[2]","323","4","Upper","['*','*']","mobile","tm","tmqr",,"[PREMIUM]","[PREMIUM]","[]","2026-10-17 00:00:00","Chicago Bears at Atlanta Falcons","nfl","2026-10-18 17:00:00","58f667fd49850a61e42b0f22"
"6a53b37063d38d17e771f8ce","2026-08-04 08:20:43.773","2026-08-13 11:23:03.854","6a53b37063d38d17e771f8ce","695c1d9c97ffa3f05c9b6499","[PREMIUM]","[PREMIUM]","[PREMIUM]","[PREMIUM]","[PREMIUM]","[2]","225","1","Mezzanine","['*','*']","mobile","tm","tmqr",,"[PREMIUM]","[PREMIUM]","[]","2026-10-16 00:00:00","Chicago Bears at Atlanta Falcons","nfl","2026-10-18 17:00:00","58f667fd49850a61e42b0f22"
"6a6bfe863515ce32b212ca6b","2026-08-04 08:20:43.773","2026-08-05 11:33:07.401","6a6bfe863515ce32b212ca6b","695c1d9c97ffa3f05c9b6499","[PREMIUM]","[PREMIUM]","[PREMIUM]","[PREMIUM]","[PREMIUM]","[2]","119","16","Lower","['9','10']","mobile","tm","tmqr",,"[PREMIUM]","[PREMIUM]","[]","2026-10-17 17:00:00","Chicago Bears at Atlanta Falcons","nfl","2026-10-18 17:00:00","58f667fd49850a61e42b0f22"
"6a3d7003239cabfa2c361b33","2026-08-04 08:20:43.773","2026-08-05 11:33:07.401","6a3d7003239cabfa2c361b33","695c1d9c97ffa3f05c9b6499","[PREMIUM]","[PREMIUM]","[PREMIUM]","[PREMIUM]","[PREMIUM]","[2,4,6,8]","336","18","Upper","['12','13','14','15','16','17','18','19']","mobile","tm","tmqr","great","[PREMIUM]","[PREMIUM]","[]","2026-10-16 00:00:00","Chicago Bears at Atlanta Falcons","nfl","2026-10-18 17:00:00","58f667fd49850a61e42b0f22"
"6a3d6ff0239cabfa2c317136","2026-08-04 08:20:43.773","2026-08-04 08:20:43.773","6a3d6ff0239cabfa2c317136","695c1d9c97ffa3f05c9b6499","[PREMIUM]","[PREMIUM]","[PREMIUM]","[PREMIUM]","[PREMIUM]","[2,4]","103","51","Lower","['14','15','16','17']","mobile","tm","tmqr",,"[PREMIUM]","[PREMIUM]","[]","2026-10-16 00:00:00","Chicago Bears at Atlanta Falcons","nfl","2026-10-18 17:00:00","58f667fd49850a61e42b0f22"
"6a3d6ff2239cabfa2c31f593","2026-08-04 08:20:43.773","2026-08-04 08:20:43.773","6a3d6ff2239cabfa2c31f593","695c1d9c97ffa3f05c9b6499","[PREMIUM]","[PREMIUM]","[PREMIUM]","[PREMIUM]","[PREMIUM]","[2,4]","CLB129","9","Club","['5','6','7','8']","mobile","tm","tmqr",,"[PREMIUM]","[PREMIUM]","[]","2026-10-16 00:00:00","Chicago Bears at Atlanta Falcons","nfl","2026-10-18 17:00:00","58f667fd49850a61e42b0f22"
"6a0863e53828919bf0399e1b","2026-08-04 08:20:43.773","2026-08-06 14:50:03.873","6a0863e53828919bf0399e1b","695c1d9c97ffa3f05c9b6499","[PREMIUM]","[PREMIUM]","[PREMIUM]","[PREMIUM]","[PREMIUM]","[2]","315","18","Upper","['3','4']","mobile","tm","tmqr",,"[PREMIUM]","[PREMIUM]","[]",,"Chicago Bears at Atlanta Falcons","nfl","2026-10-18 17:00:00","58f667fd49850a61e42b0f22"
"6a4eaf30239cabfa2cce2cac","2026-08-04 08:20:43.773","2026-08-05 11:33:07.401","6a4eaf30239cabfa2cce2cac","695c1d9c97ffa3f05c9b6499","[PREMIUM]","[PREMIUM]","[PREMIUM]","[PREMIUM]","[PREMIUM]","[2]","116","21","Lower","['9','10']","mobile","tm","tmqr",,"[PREMIUM]","[PREMIUM]","[]",,"Chicago Bears at Atlanta Falcons","nfl","2026-10-18 17:00:00","58f667fd49850a61e42b0f22"
"6a0665173828919bf0b9e53f","2026-08-04 08:20:43.773","2026-08-12 08:07:10.745","6a0665173828919bf0b9e53f","695c1d9c97ffa3f05c9b6499","[PREMIUM]","[PREMIUM]","[PREMIUM]","[PREMIUM]","[PREMIUM]","[2]","242","4","Mezzanine","['21','22']","mobile","tm","tmqr",,"[PREMIUM]","[PREMIUM]","[]",,"Chicago Bears at Atlanta Falcons","nfl","2026-10-18 17:00:00","58f667fd49850a61e42b0f22"
"6a0665213828919bf0bd5396","2026-08-04 08:20:43.773","2026-08-12 08:07:10.745","6a0665213828919bf0bd5396","695c1d9c97ffa3f05c9b6499","[PREMIUM]","[PREMIUM]","[PREMIUM]","[PREMIUM]","[PREMIUM]","[2]","345","4","Upper","['9','10']","mobile","tm","tmqr",,"[PREMIUM]","[PREMIUM]","[]",,"Chicago Bears at Atlanta Falcons","nfl","2026-10-18 17:00:00","58f667fd49850a61e42b0f22"
"6a398c2f97c791990d54d19a","2026-08-04 08:20:43.773","2026-08-04 08:20:43.773","6a398c2f97c791990d54d19a","695c1d9c97ffa3f05c9b6499","[PREMIUM]","[PREMIUM]","[PREMIUM]","[PREMIUM]","[PREMIUM]","[2]","339","35","Upper","['*','*']","mobile","tm","tmqr","great","[PREMIUM]","[PREMIUM]","[]","2026-10-17 00:00:00","Chicago Bears at Atlanta Falcons","nfl","2026-10-18 17:00:00","58f667fd49850a61e42b0f22"
"6a398c2f97c791990d54c6a4","2026-08-04 08:20:43.773","2026-08-04 08:20:43.773","6a398c2f97c791990d54c6a4","695c1d9c97ffa3f05c9b6499","[PREMIUM]","[PREMIUM]","[PREMIUM]","[PREMIUM]","[PREMIUM]","[2]","309","27","Upper","['*','*']","mobile","tm","tmqr",,"[PREMIUM]","[PREMIUM]","[]","2026-10-17 00:00:00","Chicago Bears at Atlanta Falcons","nfl","2026-10-18 17:00:00","58f667fd49850a61e42b0f22"
"6a702206b2472dcce349e45f","2026-08-04 08:20:43.773","2026-08-04 08:20:43.773","6a702206b2472dcce349e45f","695c1d9c97ffa3f05c9b6499","[PREMIUM]","[PREMIUM]","[PREMIUM]","[PREMIUM]","[PREMIUM]","[2,4]","301","5","Upper","['*','*','*','*']","mobile","tm","tmqr",,"[PREMIUM]","[PREMIUM]","[]",,"Chicago Bears at Atlanta Falcons","nfl","2026-10-18 17:00:00","58f667fd49850a61e42b0f22"
"6a7020ceb2472dcce308ee9c","2026-08-04 08:20:43.773","2026-08-07 18:16:37.967","6a7020ceb2472dcce308ee9c","695c1d9c97ffa3f05c9b6499","[PREMIUM]","[PREMIUM]","[PREMIUM]","[PREMIUM]","[PREMIUM]","[2,4]","CLB130","7","Club","['*','*','*','*']","mobile","tm","tmqr",,"[PREMIUM]","[PREMIUM]","[]",,"Chicago Bears at Atlanta Falcons","nfl","2026-10-18 17:00:00","58f667fd49850a61e42b0f22"
"6a3d6fce239cabfa2c2767de","2026-08-04 08:20:43.599","2026-08-13 11:23:03.779","6a3d6fce239cabfa2c2767de","695c590297a2cffb3574ad81","[PREMIUM]","[PREMIUM]","[PREMIUM]","[PREMIUM]","[PREMIUM]","[2]","521","19","Upper Corner","['20','21']","mobile","tm","tmqr",,"[PREMIUM]","[PREMIUM]","[]","2026-10-02 00:00:00","Detroit Lions at Carolina Panthers (Sunday Night Football)","nfl","2026-10-05 00:20:00","542b34f43bf3763dba000001"
"6a716253959d92e4a7e5c105","2026-08-04 08:20:43.599","2026-08-08 21:33:34.166","6a716253959d92e4a7e5c105","695c590297a2cffb3574ad81","[PREMIUM]","[PREMIUM]","[PREMIUM]","[PREMIUM]","[PREMIUM]","[2]","514","3","Upper Sideline","['*','*']","mobile","tm","tmqr",,"[PREMIUM]","[PREMIUM]","[]","2026-10-03 00:00:00","Detroit Lions at Carolina Panthers (Sunday Night Football)","nfl","2026-10-05 00:20:00","542b34f43bf3763dba000001"
"6a3fec7b239cabfa2c9f7801","2026-08-04 08:20:43.599","2026-08-13 11:23:03.779","6a3fec7b239cabfa2c9f7801","695c590297a2cffb3574ad81","[PREMIUM]","[PREMIUM]","[PREMIUM]","[PREMIUM]","[PREMIUM]","[2]","531","11","Upper End Zone","['12','13']","mobile","tm","tmqr",,"[PREMIUM]","[PREMIUM]","[]","2026-10-02 00:00:00","Detroit Lions at Carolina Panthers (Sunday Night Football)","nfl","2026-10-05 00:20:00","542b34f43bf3763dba000001"
"6a71403db2472dcce3ed349b","2026-08-04 08:20:43.599","2026-08-06 14:50:01.106","6a71403db2472dcce3ed349b","695c590297a2cffb3574ad81","[PREMIUM]","[PREMIUM]","[PREMIUM]","[PREMIUM]","[PREMIUM]","[2]","548","11","Upper Corner","['15','16']","mobile","tm","tmqr",,"[PREMIUM]","[PREMIUM]","[]",,"Detroit Lions at Carolina Panthers (Sunday Night Football)","nfl","2026-10-05 00:20:00","542b34f43bf3763dba000001"
"6a70eaf1b2472dcce336119a","2026-08-04 08:20:43.599","2026-08-11 04:41:47.644","6a70eaf1b2472dcce336119a","695c590297a2cffb3574ad81","[PREMIUM]","[PREMIUM]","[PREMIUM]","[PREMIUM]","[PREMIUM]","[1,2,3,5]","552","23","Upper End Zone","['17','18','19','20','21']","mobile","tm","tmqr",,"[PREMIUM]","[PREMIUM]","[]",,"Detroit Lions at Carolina Panthers (Sunday Night Football)","nfl","2026-10-05 00:20:00","542b34f43bf3763dba000001"
"6a7126caa9565186658ea005","2026-08-04 08:20:43.599","2026-08-04 08:20:43.599","6a7126caa9565186658ea005","695c590297a2cffb3574ad81","[PREMIUM]","[PREMIUM]","[PREMIUM]","[PREMIUM]","[PREMIUM]","[1,2,3,4]","525","8","Upper End Zone","['17','18','19','20']","mobile","tm","tmqr",,"[PREMIUM]","[PREMIUM]","[]",,"Detroit Lions at Carolina Panthers (Sunday Night Football)","nfl","2026-10-05 00:20:00","542b34f43bf3763dba000001"
"6a70e08ab9e9b2f18c1694ec","2026-08-04 08:20:43.599","2026-08-13 11:23:03.779","6a70e08ab9e9b2f18c1694ec","695c590297a2cffb3574ad81","[PREMIUM]","[PREMIUM]","[PREMIUM]","[PREMIUM]","[PREMIUM]","[2]","114","15","Lower Sideline","['*','*']","mobile","tm","tmqr","great","[PREMIUM]","[PREMIUM]","[]","2026-10-03 00:00:00","Detroit Lions at Carolina Panthers (Sunday Night Football)","nfl","2026-10-05 00:20:00","542b34f43bf3763dba000001"
"6a70c1b86462f5aba572ffb1","2026-08-04 08:20:43.599","2026-08-07 18:16:37.407","6a70c1b86462f5aba572ffb1","695c590297a2cffb3574ad81","[PREMIUM]","[PREMIUM]","[PREMIUM]","[PREMIUM]","[PREMIUM]","[1,2,3,4,5,7]","535","33","Upper Corner","['20','21','22','23','24','25','26']","mobile","tm","tmqr","great","[PREMIUM]","[PREMIUM]","[]","2026-10-02 00:00:00","Detroit Lions at Carolina Panthers (Sunday Night Football)","nfl","2026-10-05 00:20:00","542b34f43bf3763dba000001"
"6a70c1b8d43e27ff75caecb9","2026-08-04 08:20:43.599","2026-08-06 14:50:01.106","6a70c1b8d43e27ff75caecb9","695c590297a2cffb3574ad81","[PREMIUM]","[PREMIUM]","[PREMIUM]","[PREMIUM]","[PREMIUM]","[2]","524","1","Upper End Zone","['14','15']","mobile","tm","tmqr",,"[PREMIUM]","[PREMIUM]","[]","2026-10-02 00:00:00","Detroit Lions at Carolina Panthers (Sunday Night Football)","nfl","2026-10-05 00:20:00","542b34f43bf3763dba000001"
"6a15b4023828919bf0f88bba","2026-08-04 08:20:43.599","2026-08-10 01:05:59.655","6a15b4023828919bf0f88bba","695c590297a2cffb3574ad81","[PREMIUM]","[PREMIUM]","[PREMIUM]","[PREMIUM]","[PREMIUM]","[2]","516","16","Upper Sideline","['19','20']","mobile","tm","tmqr",,"[PREMIUM]","[PREMIUM]","[]",,"Detroit Lions at Carolina Panthers (Sunday Night Football)","nfl","2026-10-05 00:20:00","542b34f43bf3763dba000001"
"6a7175e3fdb288ec7ba23653","2026-08-04 08:20:43.599","2026-08-13 11:23:03.779","6a7175e3fdb288ec7ba23653","695c590297a2cffb3574ad81","[PREMIUM]","[PREMIUM]","[PREMIUM]","[PREMIUM]","[PREMIUM]","[2]","101","17","Lower End Zone","['5','6']","mobile","tm","tmqr",,"[PREMIUM]","[PREMIUM]","[]",,"Detroit Lions at Carolina Panthers (Sunday Night Football)","nfl","2026-10-05 00:20:00","542b34f43bf3763dba000001"
"6a71624dfdb288ec7ba228b9","2026-08-04 08:20:43.599","2026-08-13 11:23:03.779","6a71624dfdb288ec7ba228b9","695c590297a2cffb3574ad81","[PREMIUM]","[PREMIUM]","[PREMIUM]","[PREMIUM]","[PREMIUM]","[2]","320","5","Club","['*','*']","mobile","tm","tmqr",,"[PREMIUM]","[PREMIUM]","[]","2026-10-03 00:00:00","Detroit Lions at Carolina Panthers (Sunday Night Football)","nfl","2026-10-05 00:20:00","542b34f43bf3763dba000001"
"6a71624f5b1b0fe2e1d44959","2026-08-04 08:20:43.599","2026-08-13 11:23:03.779","6a71624f5b1b0fe2e1d44959","695c590297a2cffb3574ad81","[PREMIUM]","[PREMIUM]","[PREMIUM]","[PREMIUM]","[PREMIUM]","[2]","137","8","Lower Corner","['*','*']","mobile","tm","tmqr",,"[PREMIUM]","[PREMIUM]","[]","2026-10-03 00:00:00","Detroit Lions at Carolina Panthers (Sunday Night Football)","nfl","2026-10-05 00:20:00","542b34f43bf3763dba000001"
"6a7136e2b2472dcce355a331","2026-08-04 08:20:43.599","2026-08-08 21:33:34.166","6a7136e2b2472dcce355a331","695c590297a2cffb3574ad81","[PREMIUM]","[PREMIUM]","[PREMIUM]","[PREMIUM]","[PREMIUM]","[2]","524","17","Upper End Zone","['22','23']","mobile","tm","tmqr",,"[PREMIUM]","[PREMIUM]","[]",,"Detroit Lions at Carolina Panthers (Sunday Night Football)","nfl","2026-10-05 00:20:00","542b34f43bf3763dba000001"
"6a6825999b70601fd38e7473","2026-08-04 08:20:43.599","2026-08-11 04:41:47.644","6a6825999b70601fd38e7473","695c590297a2cffb3574ad81","[PREMIUM]","[PREMIUM]","[PREMIUM]","[PREMIUM]","[PREMIUM]","[2]","508","34","Upper Corner","['20','21']","mobile","tm","tmqr","cheapest","[PREMIUM]","[PREMIUM]","[]","2026-10-02 00:00:00","Detroit Lions at Carolina Panthers (Sunday Night Football)","nfl","2026-10-05 00:20:00","542b34f43bf3763dba000001"
"6a15b3ff3828919bf0f7f7ef","2026-08-04 08:20:43.599","2026-08-05 11:33:04.740","6a15b3ff3828919bf0f7f7ef","695c590297a2cffb3574ad81","[PREMIUM]","[PREMIUM]","[PREMIUM]","[PREMIUM]","[PREMIUM]","[1,2]","116","19","Lower Corner","['14','15']","mobile","tm","tmqr",,"[PREMIUM]","[PREMIUM]","[]",,"Detroit Lions at Carolina Panthers (Sunday Night Football)","nfl","2026-10-05 00:20:00","542b34f43bf3763dba000001"
"6a08a92a03c5bb56488d1b14","2026-08-04 08:20:43.599","2026-08-07 18:16:37.407","6a08a92a03c5bb56488d1b14","695c590297a2cffb3574ad81","[PREMIUM]","[PREMIUM]","[PREMIUM]","[PREMIUM]","[PREMIUM]","[2]","542","8","Upper Sideline","['13','14']","mobile","tm","tmqr",,"[PREMIUM]","[PREMIUM]","[]","2026-10-03 00:00:00","Detroit Lions at Carolina Panthers (Sunday Night Football)","nfl","2026-10-05 00:20:00","542b34f43bf3763dba000001"
"6a0664763828919bf08658a2","2026-08-04 08:20:43.599","2026-08-04 08:20:43.599","6a0664763828919bf08658a2","695c590297a2cffb3574ad81","[PREMIUM]","[PREMIUM]","[PREMIUM]","[PREMIUM]","[PREMIUM]","[2]","541","6","Upper Sideline","['*','*']","mobile","tm","tmqr",,"[PREMIUM]","[PREMIUM]","[]","2026-10-01 00:00:00","Detroit Lions at Carolina Panthers (Sunday Night Football)","nfl","2026-10-05 00:20:00","542b34f43bf3763dba000001"
"6a0664743828919bf085bd7b","2026-08-04 08:20:43.599","2026-08-04 08:20:43.599","6a0664743828919bf085bd7b","695c590297a2cffb3574ad81","[PREMIUM]","[PREMIUM]","[PREMIUM]","[PREMIUM]","[PREMIUM]","[2]","102","18","Lower End Zone","['*','*']","mobile","tm","tmqr",,"[PREMIUM]","[PREMIUM]","[]","2026-10-01 00:00:00","Detroit Lions at Carolina Panthers (Sunday Night Football)","nfl","2026-10-05 00:20:00","542b34f43bf3763dba000001"
"6a6361ee263f58b9dea2b10f","2026-08-04 08:20:43.599","2026-08-05 11:33:04.740","6a6361ee263f58b9dea2b10f","695c590297a2cffb3574ad81","[PREMIUM]","[PREMIUM]","[PREMIUM]","[PREMIUM]","[PREMIUM]","[2]","544","29","Upper Sideline","['7','8']","mobile","tm","tmqr",,"[PREMIUM]","[PREMIUM]","[]",,"Detroit Lions at Carolina Panthers (Sunday Night Football)","nfl","2026-10-05 00:20:00","542b34f43bf3763dba000001"
