"_primaryKey","_firstSeenAt","_lastSeenAt","eventId","name","category","datetimeLocal","datetimeUtc","salesCutOff","tbd","timeTbd","dateTbd","minPriceTotal","minPricePrefee","maxPriceTotal","maxPricePrefee","zoneDealPriceTotal","flashDealPriceTotal","hasExclusives","mapless","venueId","performerIds","popularityScore","trendingScore"
"69417feae80a98768ed9de59","2026-03-16 05:47:29.723","2026-03-29 13:54:07.146","69417feae80a98768ed9de59","Josh Groban with Jennifer Hudson","music","2026-06-12 20:00:00","2026-06-13 00:00:00","2026-06-13 01:30:00",false,false,false,"[PREMIUM]","[PREMIUM]","[PREMIUM]","[PREMIUM]","[PREMIUM]","[PREMIUM]",false,false,"5309739c3bf376115d000002","['5aa85c6b132ff60012623e55']","[PREMIUM]","[PREMIUM]"
"694092fcec8721ab3b98b69a","2026-03-16 05:47:29.723","2026-03-29 13:53:56.104","694092fcec8721ab3b98b69a","Quinn Dale","comedy","2026-06-12 19:00:00","2026-06-12 23:00:00","2026-06-12 23:00:00",false,false,false,"[PREMIUM]","[PREMIUM]","[PREMIUM]","[PREMIUM]","[PREMIUM]","[PREMIUM]",false,true,"677eefefd349fa1ac7899fee","['656f987740e772f84418b689']","[PREMIUM]","[PREMIUM]"
"694092fca43d0ace0271e918","2026-03-16 05:47:29.723","2026-03-29 13:54:07.146","694092fca43d0ace0271e918","Quinn Dale","comedy","2026-06-12 21:30:00","2026-06-13 01:30:00","2026-06-13 01:30:00",false,false,false,"[PREMIUM]","[PREMIUM]","[PREMIUM]","[PREMIUM]","[PREMIUM]","[PREMIUM]",false,true,"677eefefd349fa1ac7899fee","['656f987740e772f84418b689']","[PREMIUM]","[PREMIUM]"
"69408ffbd9ed86bc9938e6dd","2026-03-16 05:47:29.723","2026-03-29 13:53:56.104","69408ffbd9ed86bc9938e6dd","Tim Hicks","music","2026-06-12 19:00:00","2026-06-12 23:00:00","2026-06-13 00:30:00",false,false,false,"[PREMIUM]","[PREMIUM]","[PREMIUM]","[PREMIUM]","[PREMIUM]","[PREMIUM]",false,false,"57e9b50acde6626ebe303bbc","['62b1ec1c01d53100019bc22b']","[PREMIUM]","[PREMIUM]"
"69408ffb8ac153e2b6afe9d5","2026-03-16 05:47:29.723","2026-03-29 13:53:56.104","69408ffb8ac153e2b6afe9d5","Tim Hicks (19+ Event)","music","2026-06-11 20:00:00","2026-06-12 00:00:00","2026-06-12 01:30:00",false,false,false,"[PREMIUM]","[PREMIUM]","[PREMIUM]","[PREMIUM]","[PREMIUM]","[PREMIUM]",false,true,"61fc6c4591790300014d4969","['62b1ec1c01d53100019bc22b']","[PREMIUM]","[PREMIUM]"
"69408c311a1369480f11b9f5","2026-03-16 05:47:29.723","2026-03-29 13:53:56.104","69408c311a1369480f11b9f5","Michigan Arsenal at Albany Firebirds","afl","2026-06-12 19:00:00","2026-06-12 23:00:00","2026-06-12 23:00:00",false,false,false,"[PREMIUM]","[PREMIUM]","[PREMIUM]","[PREMIUM]","[PREMIUM]","[PREMIUM]",false,false,"5e13aa938f094e00384df954","['662332f96a8edbef12bde77a','69a082ec023730afdc0c1893']","[PREMIUM]","[PREMIUM]"
"69408ba84d10aa62a057ded9","2026-03-16 05:47:29.723","2026-03-29 13:53:56.104","69408ba84d10aa62a057ded9","The Wailin Jennys","music","2026-06-12 19:30:00","2026-06-13 00:30:00","2026-06-13 00:30:00",false,false,false,"[PREMIUM]","[PREMIUM]","[PREMIUM]","[PREMIUM]","[PREMIUM]","[PREMIUM]",false,true,"654d3ff1dfb2bca80d718f0c","['664e56d2873033b43a1d3bb3']","[PREMIUM]","[PREMIUM]"
"69408b4fb60b53798ffdabd7","2026-03-16 05:47:29.723","2026-03-29 13:53:56.104","69408b4fb60b53798ffdabd7","Awakening","theater","2026-06-11 19:00:00","2026-06-12 02:00:00","2026-06-12 02:00:00",false,false,false,"[PREMIUM]","[PREMIUM]","[PREMIUM]","[PREMIUM]","[PREMIUM]","[PREMIUM]",false,true,"669ecefc5f434ad30b9d025a","['66db69274a7c7d5ae0775026']","[PREMIUM]","[PREMIUM]"
"69408b4ede718a23b928495a","2026-03-16 05:47:29.723","2026-03-29 13:53:56.104","69408b4ede718a23b928495a","Awakening","theater","2026-06-11 21:00:00","2026-06-12 04:00:00","2026-06-12 04:00:00",false,false,false,"[PREMIUM]","[PREMIUM]","[PREMIUM]","[PREMIUM]","[PREMIUM]","[PREMIUM]",false,true,"669ecefc5f434ad30b9d025a","['66db69274a7c7d5ae0775026']","[PREMIUM]","[PREMIUM]"
"69408b4d3432ebbc98d6f63e","2026-03-16 05:47:29.723","2026-03-29 13:53:56.104","69408b4d3432ebbc98d6f63e","Awakening","theater","2026-06-10 21:00:00","2026-06-11 04:00:00","2026-06-11 04:00:00",false,false,false,"[PREMIUM]","[PREMIUM]","[PREMIUM]","[PREMIUM]","[PREMIUM]","[PREMIUM]",false,true,"669ecefc5f434ad30b9d025a","['66db69274a7c7d5ae0775026']","[PREMIUM]","[PREMIUM]"
"69408ac51a1369480f11b9c7","2026-03-16 05:47:29.723","2026-03-29 13:53:56.104","69408ac51a1369480f11b9c7","Iration","music","2026-06-12 18:00:00","2026-06-13 00:00:00","2026-06-13 01:00:00",false,false,false,"[PREMIUM]","[PREMIUM]","[PREMIUM]","[PREMIUM]","[PREMIUM]","[PREMIUM]",false,true,"67c8c6679593bf4f4d1c9831","['582cbd4ff80c41575eaf8e8a']","[PREMIUM]","[PREMIUM]"
"694089c912878720192ba3b1","2026-03-16 05:47:29.723","2026-03-29 13:54:07.146","694089c912878720192ba3b1","Kameron Marlowe","music","2026-06-12 20:00:00","2026-06-13 01:00:00","2026-06-13 02:30:00",false,false,false,"[PREMIUM]","[PREMIUM]","[PREMIUM]","[PREMIUM]","[PREMIUM]","[PREMIUM]",false,false,"5ae8c820fa2d9500137e045a","['62f3f70f4a70e20001a5dc4e']","[PREMIUM]","[PREMIUM]"
"693c80066d38d96a83eaae56","2026-03-16 05:47:29.723","2026-03-29 13:53:56.104","693c80066d38d96a83eaae56","Creed Fisher (21+ Event)","music","2026-06-11 20:00:00","2026-06-12 00:00:00","2026-06-12 00:00:00",false,false,false,"[PREMIUM]","[PREMIUM]","[PREMIUM]","[PREMIUM]","[PREMIUM]","[PREMIUM]",false,true,"669ed32835a37a4031144912","['655525ba175f142bd70afae0']","[PREMIUM]","[PREMIUM]"
"693c6681090104153e7c7368","2026-03-16 05:47:29.723","2026-03-29 13:53:56.104","693c6681090104153e7c7368","Lindsey Webster","music","2026-06-12 19:30:00","2026-06-12 23:30:00","2026-06-12 23:30:00",false,false,false,"[PREMIUM]","[PREMIUM]","[PREMIUM]","[PREMIUM]","[PREMIUM]","[PREMIUM]",false,false,"66b150da45fbf61865ed2d06","['68278d3b78cf981b2ca76496']","[PREMIUM]","[PREMIUM]"
"693c5f030c76440b5367a7c3","2026-03-16 05:47:29.723","2026-03-29 13:54:07.146","693c5f030c76440b5367a7c3","Coco Montoya","music","2026-06-12 20:00:00","2026-06-13 00:00:00","2026-06-13 01:30:00",false,false,false,"[PREMIUM]","[PREMIUM]","[PREMIUM]","[PREMIUM]","[PREMIUM]","[PREMIUM]",false,true,"6813c0b5a9abc8014ab8c51f","['5b8eec67bebfb9001402454a']","[PREMIUM]","[PREMIUM]"
"693a32a864be9fa558d2c4f1","2026-03-16 05:47:29.723","2026-03-29 13:54:07.146","693a32a864be9fa558d2c4f1","Awakening","theater","2026-06-12 21:00:00","2026-06-13 04:00:00","2026-06-13 04:00:00",false,false,false,"[PREMIUM]","[PREMIUM]","[PREMIUM]","[PREMIUM]","[PREMIUM]","[PREMIUM]",false,true,"669ecefc5f434ad30b9d025a","['66db69274a7c7d5ae0775026']","[PREMIUM]","[PREMIUM]"
"693a32a7d00f2fbef8bf2998","2026-03-16 05:47:29.723","2026-03-29 13:53:56.104","693a32a7d00f2fbef8bf2998","Awakening","theater","2026-06-12 19:00:00","2026-06-13 02:00:00","2026-06-13 02:00:00",false,false,false,"[PREMIUM]","[PREMIUM]","[PREMIUM]","[PREMIUM]","[PREMIUM]","[PREMIUM]",false,true,"669ecefc5f434ad30b9d025a","['66db69274a7c7d5ae0775026']","[PREMIUM]","[PREMIUM]"
"6939f96f568b632a74e50fa4","2026-03-16 05:47:29.723","2026-03-29 13:53:56.104","6939f96f568b632a74e50fa4","Harland Williams","comedy","2026-06-11 20:00:00","2026-06-12 00:00:00","2026-06-12 01:30:00",false,false,false,"[PREMIUM]","[PREMIUM]","[PREMIUM]","[PREMIUM]","[PREMIUM]","[PREMIUM]",false,true,"62797ebe202cda0001161224","['646cead3d62d8500017e37c6']","[PREMIUM]","[PREMIUM]"
"6939de47d00f2fbef8bf119c","2026-03-16 05:47:29.723","2026-03-29 13:53:56.104","6939de47d00f2fbef8bf119c","Josh Gates","theater","2026-06-12 19:30:00","2026-06-12 23:30:00","2026-06-12 23:30:00",false,false,false,"[PREMIUM]","[PREMIUM]","[PREMIUM]","[PREMIUM]","[PREMIUM]","[PREMIUM]",false,true,"65ca69f7810cf485917bfc87","['64dba02abf18690001c8004a']","[PREMIUM]","[PREMIUM]"
"693917e56d38d96a83e98500","2026-03-16 05:47:29.723","2026-03-29 13:53:56.104","693917e56d38d96a83e98500","Martin Garrix","music","2026-06-11 20:00:00","2026-06-12 00:00:00","2026-06-12 01:00:00",false,false,false,"[PREMIUM]","[PREMIUM]","[PREMIUM]","[PREMIUM]","[PREMIUM]","[PREMIUM]",false,false,"531fd9073bf3767196000002","['58cc737ff80c412fdc600d29']","[PREMIUM]","[PREMIUM]"
"6938e2b1090104153e7b2ddd","2026-03-16 05:47:29.723","2026-03-29 13:53:56.104","6938e2b1090104153e7b2ddd","Hamilton Tigercats at Winnipeg Blue Bombers","cfl","2026-06-11 19:30:00","2026-06-12 00:30:00","2026-06-12 02:00:00",false,false,false,"[PREMIUM]","[PREMIUM]","[PREMIUM]","[PREMIUM]","[PREMIUM]","[PREMIUM]",false,false,"55f87e84f80c412314000001","['55f87e90f80c412314000003','55f85659f80c414b2a000004']","[PREMIUM]","[PREMIUM]"
"6938e0e070284c5078ad6811","2026-03-16 05:47:29.723","2026-03-29 13:53:56.104","6938e0e070284c5078ad6811","Toronto Argonauts at Montreal Alouettes","cfl","2026-06-12 19:00:00","2026-06-12 23:00:00","2026-06-13 00:30:00",false,false,false,"[PREMIUM]","[PREMIUM]","[PREMIUM]","[PREMIUM]","[PREMIUM]","[PREMIUM]",false,false,"55778499a2e3a94c33000001","['557784a7a2e3a94c33000005','55773910a2e3a90a3c000002']","[PREMIUM]","[PREMIUM]"
"6938c6c048de0b1d9c277875","2026-03-16 05:47:29.723","2026-03-29 13:53:56.104","6938c6c048de0b1d9c277875","Criss Angel - MINDFREAK","music","2026-06-11 19:00:00","2026-06-12 02:00:00","2026-06-12 03:30:00",false,false,false,"[PREMIUM]","[PREMIUM]","[PREMIUM]","[PREMIUM]","[PREMIUM]","[PREMIUM]",false,true,"66997f4615e03bffbeb67c22","['5d72eee0ba7f52003869270c']","[PREMIUM]","[PREMIUM]"
"6938c6bf2eb8712c4375af00","2026-03-16 05:47:29.723","2026-03-29 13:53:56.104","6938c6bf2eb8712c4375af00","Criss Angel","music","2026-06-12 19:00:00","2026-06-13 02:00:00","2026-06-13 03:30:00",false,false,false,"[PREMIUM]","[PREMIUM]","[PREMIUM]","[PREMIUM]","[PREMIUM]","[PREMIUM]",false,true,"66997f4615e03bffbeb67c22","['5d72eee0ba7f52003869270c']","[PREMIUM]","[PREMIUM]"
"69388e0d9e5359c2c76e68e0","2026-03-16 05:47:29.723","2026-03-29 13:53:56.104","69388e0d9e5359c2c76e68e0","Khalid","music","2026-06-12 19:30:00","2026-06-12 23:30:00","2026-06-13 00:30:00",false,false,false,"[PREMIUM]","[PREMIUM]","[PREMIUM]","[PREMIUM]","[PREMIUM]","[PREMIUM]",false,false,"560069abf80c41333a000001","['591c98dcf80c4117fb08292c']","[PREMIUM]","[PREMIUM]"
"6937734f290db21a4cad8d8a","2026-03-16 05:47:29.723","2026-03-29 13:53:56.104","6937734f290db21a4cad8d8a","Lord Huron","music","2026-06-11 19:30:00","2026-06-12 01:30:00","2026-06-12 02:30:00",false,false,false,"[PREMIUM]","[PREMIUM]","[PREMIUM]","[PREMIUM]","[PREMIUM]","[PREMIUM]",false,false,"577c2aebf80c416114358ffc","['564cff8df80c410bf1000008']","[PREMIUM]","[PREMIUM]"
"693758726e552091071ac675","2026-03-16 05:47:29.723","2026-03-29 13:53:56.104","693758726e552091071ac675","Blackhawk","music","2026-06-11 19:30:00","2026-06-12 00:30:00","2026-06-12 00:30:00",false,false,false,"[PREMIUM]","[PREMIUM]","[PREMIUM]","[PREMIUM]","[PREMIUM]","[PREMIUM]",false,true,"67ae8de3e57fa7b9f94f12df","['67d311b646fbb080ef388cc0']","[PREMIUM]","[PREMIUM]"
"6937508ccd07d4e1c49cc849","2026-03-16 05:47:29.723","2026-03-29 13:54:07.146","6937508ccd07d4e1c49cc849","Happy Together Tour","music","2026-06-12 20:00:00","2026-06-13 00:00:00","2026-06-13 00:00:00",false,false,false,"[PREMIUM]","[PREMIUM]","[PREMIUM]","[PREMIUM]","[PREMIUM]","[PREMIUM]",false,false,"5d0cfac7560fec001ccaa5ac","['6581d7ada1358d51594533a9']","[PREMIUM]","[PREMIUM]"
"693710deccec9a3f8316054f","2026-03-16 05:47:29.723","2026-03-29 13:53:56.104","693710deccec9a3f8316054f","Forrest Frank","music","2026-06-12 19:00:00","2026-06-12 23:00:00","2026-06-12 23:00:00",false,false,false,"[PREMIUM]","[PREMIUM]","[PREMIUM]","[PREMIUM]","[PREMIUM]","[PREMIUM]",true,false,"57aa6b9af80c415e66ed6c49","['666b07f400831c20fdb46301']","[PREMIUM]","[PREMIUM]"
"693603ff754dd3549b556b9b","2026-03-16 05:47:29.723","2026-03-29 13:53:56.104","693603ff754dd3549b556b9b","Yellowcard","music","2026-06-12 17:30:00","2026-06-12 21:30:00","2026-06-12 22:30:00",false,false,false,"[PREMIUM]","[PREMIUM]","[PREMIUM]","[PREMIUM]","[PREMIUM]","[PREMIUM]",false,false,"5e2a322b4514610039ceaceb","['57e98af5f80c417a42208e1a']","[PREMIUM]","[PREMIUM]"
"6936029362e738a08d95ff46","2026-03-16 05:47:29.723","2026-03-29 13:53:56.104","6936029362e738a08d95ff46","Yellowcard","music","2026-06-11 18:00:00","2026-06-11 22:00:00","2026-06-11 23:00:00",false,false,false,"[PREMIUM]","[PREMIUM]","[PREMIUM]","[PREMIUM]","[PREMIUM]","[PREMIUM]",false,false,"5788019ef80c410c096281a1","['57e98af5f80c417a42208e1a']","[PREMIUM]","[PREMIUM]"
"693602779a3962814a2f4400","2026-03-16 05:47:29.723","2026-03-29 13:53:56.104","693602779a3962814a2f4400","Buena Vista Social Club - Musical","theater","2026-06-11 19:00:00","2026-06-11 23:00:00","2026-06-11 23:00:00",false,false,false,"[PREMIUM]","[PREMIUM]","[PREMIUM]","[PREMIUM]","[PREMIUM]","[PREMIUM]",false,false,"5a9ed26fea5962001400e390","['65382927aad4c6b877117594']","[PREMIUM]","[PREMIUM]"
"69360277709ea9566b709aff","2026-03-16 05:47:29.723","2026-03-29 13:53:56.104","69360277709ea9566b709aff","Buena Vista Social Club - Musical","theater","2026-06-12 19:00:00","2026-06-12 23:00:00","2026-06-12 23:00:00",false,false,false,"[PREMIUM]","[PREMIUM]","[PREMIUM]","[PREMIUM]","[PREMIUM]","[PREMIUM]",false,false,"5a9ed26fea5962001400e390","['65382927aad4c6b877117594']","[PREMIUM]","[PREMIUM]"
"6935ffdf709ea9566b7099db","2026-03-16 05:47:29.723","2026-03-29 13:53:56.104","6935ffdf709ea9566b7099db","Boney James","music","2026-06-12 19:30:00","2026-06-13 02:30:00","2026-06-13 04:00:00",false,false,false,"[PREMIUM]","[PREMIUM]","[PREMIUM]","[PREMIUM]","[PREMIUM]","[PREMIUM]",false,false,"5a0a1076d183b3001008f820","['5b47cee283ffd00012e97957']","[PREMIUM]","[PREMIUM]"
"6935fd420ea15e782aef6e7a","2026-03-16 05:47:29.723","2026-03-29 13:53:56.104","6935fd420ea15e782aef6e7a","Canada Junior Baseball Team at Aberdeen IronBirds","milb","2026-06-12 19:00:00","2026-06-12 23:00:00","2026-06-12 23:00:00",false,false,false,"[PREMIUM]","[PREMIUM]","[PREMIUM]","[PREMIUM]","[PREMIUM]","[PREMIUM]",false,false,"6737ca607fea1c9c64d0cca3","['653c1685a26453110216a61e','5a99e2126311820014498a01']","[PREMIUM]","[PREMIUM]"
"69320e72f14daa700a4599ed","2026-03-16 05:47:29.723","2026-03-29 13:54:07.146","69320e72f14daa700a4599ed","Russell Peters (18+ Event)","comedy","2026-06-12 21:45:00","2026-06-13 02:45:00","2026-06-13 04:15:00",false,false,false,"[PREMIUM]","[PREMIUM]","[PREMIUM]","[PREMIUM]","[PREMIUM]","[PREMIUM]",false,true,"637bebee9c7f1e00019cc4be","['5b4d2e7d0b128500133a5454']","[PREMIUM]","[PREMIUM]"
"69320e72c9a311c0791b0328","2026-03-16 05:47:29.723","2026-03-29 13:53:56.104","69320e72c9a311c0791b0328","Russell Peters (18+ Event)","comedy","2026-06-11 19:30:00","2026-06-12 00:30:00","2026-06-12 02:00:00",false,false,false,"[PREMIUM]","[PREMIUM]","[PREMIUM]","[PREMIUM]","[PREMIUM]","[PREMIUM]",false,true,"637bebee9c7f1e00019cc4be","['5b4d2e7d0b128500133a5454']","[PREMIUM]","[PREMIUM]"
"69320e725c52bbb3188ae310","2026-03-16 05:47:29.723","2026-03-29 13:53:56.104","69320e725c52bbb3188ae310","Russell Peters (18+ Event)","comedy","2026-06-12 19:30:00","2026-06-13 00:30:00","2026-06-13 02:00:00",false,false,false,"[PREMIUM]","[PREMIUM]","[PREMIUM]","[PREMIUM]","[PREMIUM]","[PREMIUM]",false,true,"637bebee9c7f1e00019cc4be","['5b4d2e7d0b128500133a5454']","[PREMIUM]","[PREMIUM]"
"69320e7218f9847235520001","2026-03-16 05:47:29.723","2026-03-29 13:53:56.104","69320e7218f9847235520001","Russell Peters (18+ Event)","comedy","2026-06-11 21:45:00","2026-06-12 02:45:00","2026-06-12 04:15:00",false,false,false,"[PREMIUM]","[PREMIUM]","[PREMIUM]","[PREMIUM]","[PREMIUM]","[PREMIUM]",false,true,"637bebee9c7f1e00019cc4be","['5b4d2e7d0b128500133a5454']","[PREMIUM]","[PREMIUM]"
"6931f7a60ea15e782aee1478","2026-03-16 05:47:29.723","2026-03-29 13:53:56.104","6931f7a60ea15e782aee1478","2026 NCAA Baseball College World Series - All Sessions Pass","cbs","2026-06-12 10:59:00","2026-06-12 15:59:00","2026-06-12 17:29:00",false,false,false,"[PREMIUM]","[PREMIUM]","[PREMIUM]","[PREMIUM]","[PREMIUM]","[PREMIUM]",false,false,"5ab9332d5d09cc0013382129","['5ab934b85d09cc001338212a']","[PREMIUM]","[PREMIUM]"
"6931f6d29e5359c2c76c2002","2026-03-16 05:47:29.723","2026-03-29 13:54:07.146","6931f6d29e5359c2c76c2002","Martin Garrix","music","2026-06-12 20:00:00","2026-06-13 00:00:00","2026-06-13 01:00:00",false,false,false,"[PREMIUM]","[PREMIUM]","[PREMIUM]","[PREMIUM]","[PREMIUM]","[PREMIUM]",false,false,"531fd9073bf3767196000002","['58cc737ff80c412fdc600d29']","[PREMIUM]","[PREMIUM]"
"6931f4b6630a7e319f7d99c3","2026-03-16 05:47:29.723","2026-03-29 13:54:07.146","6931f4b6630a7e319f7d99c3","Monolord (16+ Event)","music","2026-06-12 20:00:00","2026-06-13 03:00:00","2026-06-13 04:30:00",false,false,false,"[PREMIUM]","[PREMIUM]","[PREMIUM]","[PREMIUM]","[PREMIUM]","[PREMIUM]",false,false,"57e1885950575d33c89c1729","['5b0ec4ae9c85b10014fda659']","[PREMIUM]","[PREMIUM]"
"6931efe8b3c12b9f6f17d93c","2026-03-16 05:47:29.723","2026-03-29 13:54:07.146","6931efe8b3c12b9f6f17d93c","Amyl and The Sniffers","music","2026-06-12 20:00:00","2026-06-13 01:00:00","2026-06-13 02:30:00",false,false,false,"[PREMIUM]","[PREMIUM]","[PREMIUM]","[PREMIUM]","[PREMIUM]","[PREMIUM]",false,false,"61524541b58bf30001037971","['618c192f3d38e50001288054']","[PREMIUM]","[PREMIUM]"
"6931efd369e58b9914cc6cf3","2026-03-16 05:47:29.723","2026-03-29 13:53:56.104","6931efd369e58b9914cc6cf3","Megan Moroney","music","2026-06-12 19:00:00","2026-06-12 23:00:00","2026-06-13 00:30:00",false,false,false,"[PREMIUM]","[PREMIUM]","[PREMIUM]","[PREMIUM]","[PREMIUM]","[PREMIUM]",false,false,"5696e02cf80c4154cc000003","['641c848d483b5800019bb61b']","[PREMIUM]","[PREMIUM]"
"693199c2f14daa700a455fb2","2026-03-16 05:47:29.723","2026-03-29 13:53:56.104","693199c2f14daa700a455fb2","Rosalia","music","2026-06-11 19:30:00","2026-06-11 23:30:00","2026-06-12 01:00:00",false,false,false,"[PREMIUM]","[PREMIUM]","[PREMIUM]","[PREMIUM]","[PREMIUM]","[PREMIUM]",false,false,"532b3d533bf3763296000001","['625daae6e168d30001c097e5']","[PREMIUM]","[PREMIUM]"
"6930db6c568b632a74e1f8df","2026-03-16 05:47:29.723","2026-03-29 13:53:56.104","6930db6c568b632a74e1f8df","Naomi Watanabe","comedy","2026-06-11 19:30:00","2026-06-12 02:30:00","2026-06-12 02:30:00",false,false,false,"[PREMIUM]","[PREMIUM]","[PREMIUM]","[PREMIUM]","[PREMIUM]","[PREMIUM]",false,false,"5e1647236c84ec003b7b8b52","['69333c5ddbe0de956d9e1283']","[PREMIUM]","[PREMIUM]"
"6930ac476d38d96a83e6a86a","2026-03-16 05:47:29.723","2026-03-29 13:53:56.104","6930ac476d38d96a83e6a86a","Jeremy Camp","music","2026-06-12 19:30:00","2026-06-13 00:30:00","2026-06-13 00:30:00",false,false,false,"[PREMIUM]","[PREMIUM]","[PREMIUM]","[PREMIUM]","[PREMIUM]","[PREMIUM]",false,false,"66db7e704a7c7d5ae077503c","['668ff3eb3fe9c8e9c709cbf9']","[PREMIUM]","[PREMIUM]"
"69309e7ab3c12b9f6f1771c9","2026-03-16 05:47:29.723","2026-03-29 13:53:56.104","69309e7ab3c12b9f6f1771c9","Purple Reign - The Prince Tribute Show","theater","2026-06-11 20:30:00","2026-06-12 03:30:00","2026-06-12 03:30:00",false,false,false,"[PREMIUM]","[PREMIUM]","[PREMIUM]","[PREMIUM]","[PREMIUM]","[PREMIUM]",false,false,"65c68eea463851cc713158ae","['65f4b4ff1fd642635637bf33']","[PREMIUM]","[PREMIUM]"
"69302d2569e58b9914cbe1c5","2026-03-16 05:47:29.723","2026-03-29 13:54:07.146","69302d2569e58b9914cbe1c5","& Juliet","theater","2026-06-12 20:00:00","2026-06-13 00:00:00","2026-06-13 00:00:00",false,false,false,"[PREMIUM]","[PREMIUM]","[PREMIUM]","[PREMIUM]","[PREMIUM]","[PREMIUM]",false,false,"5ad8d9a1c8260e0013d1e79f","['648b490a85ab3300016fc5df']","[PREMIUM]","[PREMIUM]"
"69302d2562e738a08d941aa6","2026-03-16 05:47:29.723","2026-03-29 13:53:56.104","69302d2562e738a08d941aa6","& Juliet","theater","2026-06-11 19:00:00","2026-06-11 23:00:00","2026-06-11 23:00:00",false,false,false,"[PREMIUM]","[PREMIUM]","[PREMIUM]","[PREMIUM]","[PREMIUM]","[PREMIUM]",false,false,"5ad8d9a1c8260e0013d1e79f","['648b490a85ab3300016fc5df']","[PREMIUM]","[PREMIUM]"
"692f54926e552091071821ec","2026-03-16 05:47:29.723","2026-03-29 13:53:56.104","692f54926e552091071821ec","The Dead South","music","2026-06-11 18:30:00","2026-06-12 01:30:00","2026-06-12 03:00:00",false,false,false,"[PREMIUM]","[PREMIUM]","[PREMIUM]","[PREMIUM]","[PREMIUM]","[PREMIUM]",false,false,"5b7311dce5a37a0013cd4a72","['5b1ec6b34c577f00145262ab']","[PREMIUM]","[PREMIUM]"
"692f5386dd5a1b9ca29518eb","2026-03-16 05:47:29.723","2026-03-29 13:53:56.104","692f5386dd5a1b9ca29518eb","Naomi Watanabe","comedy","2026-06-12 19:00:00","2026-06-13 02:00:00","2026-06-13 02:00:00",false,false,false,"[PREMIUM]","[PREMIUM]","[PREMIUM]","[PREMIUM]","[PREMIUM]","[PREMIUM]",false,false,"57d1e89250575d33c8544daf","['69333c5ddbe0de956d9e1283']","[PREMIUM]","[PREMIUM]"
"692f3758d10fb49e8d48e8c7","2026-03-16 05:47:29.723","2026-03-29 13:53:56.104","692f3758d10fb49e8d48e8c7","Tyler Childers","music","2026-06-11 18:30:00","2026-06-11 22:30:00","2026-06-11 23:30:00",false,false,false,"[PREMIUM]","[PREMIUM]","[PREMIUM]","[PREMIUM]","[PREMIUM]","[PREMIUM]",false,false,"5c6621cf99b1680014903913","['5a21865625f2c54b6bf277e3']","[PREMIUM]","[PREMIUM]"
"692f193b0817ab1c4f9d3cfe","2026-03-16 05:47:29.723","2026-03-29 13:53:56.104","692f193b0817ab1c4f9d3cfe","Bonnaroo Music Festival - Thursday","music","2026-06-11 23:59:00","2026-06-12 04:59:00","2026-06-12 12:59:00",false,true,false,"[PREMIUM]","[PREMIUM]","[PREMIUM]","[PREMIUM]","[PREMIUM]","[PREMIUM]",false,false,"57321d90f80c411c19000001","['57321da5f80c411c19000006','6335e5d0fd83000001791f6e','665638610ef914a0ddb44ee3','58407255f80c413ededcf15a']","[PREMIUM]","[PREMIUM]"
"692e3648b0eb89031a190333","2026-03-16 05:47:29.723","2026-03-29 13:53:56.104","692e3648b0eb89031a190333","Shrek - The Musical","theater","2026-06-12 19:00:00","2026-06-13 00:00:00","2026-06-13 00:00:00",false,false,false,"[PREMIUM]","[PREMIUM]","[PREMIUM]","[PREMIUM]","[PREMIUM]","[PREMIUM]",false,true,"66b66e8c34a7235e22a2437b","['652eb95c24a6b867fca918e9']","[PREMIUM]","[PREMIUM]"
"692e36489b5972edc2ba8034","2026-03-16 05:47:29.723","2026-03-29 13:53:56.104","692e36489b5972edc2ba8034","Shrek - The Musical","theater","2026-06-11 19:00:00","2026-06-12 00:00:00","2026-06-12 00:00:00",false,false,false,"[PREMIUM]","[PREMIUM]","[PREMIUM]","[PREMIUM]","[PREMIUM]","[PREMIUM]",false,true,"66b66e8c34a7235e22a2437b","['652eb95c24a6b867fca918e9']","[PREMIUM]","[PREMIUM]"
"692dfbb1d6a116b4587e2beb","2026-03-16 05:47:29.723","2026-03-29 13:53:56.104","692dfbb1d6a116b4587e2beb","Evanescence","music","2026-06-12 19:00:00","2026-06-12 23:00:00","2026-06-13 00:00:00",false,false,false,"[PREMIUM]","[PREMIUM]","[PREMIUM]","[PREMIUM]","[PREMIUM]","[PREMIUM]",false,false,"576b2d98f80c4176e97a5985","['57d2639bf80c410f51d89395']","[PREMIUM]","[PREMIUM]"
"692de42204d0845dbc47beb4","2026-03-16 05:47:29.723","2026-03-29 13:53:56.104","692de42204d0845dbc47beb4","Evanescence","music","2026-06-11 19:00:00","2026-06-11 23:00:00","2026-06-12 00:00:00",false,false,false,"[PREMIUM]","[PREMIUM]","[PREMIUM]","[PREMIUM]","[PREMIUM]","[PREMIUM]",false,false,"578fb59df80c4121868b54ec","['57d2639bf80c410f51d89395']","[PREMIUM]","[PREMIUM]"
"692ddf847b3f1a8a4236026d","2026-03-16 05:47:29.723","2026-03-29 13:53:56.104","692ddf847b3f1a8a4236026d","Radel Ortiz","comedy","2026-06-11 19:00:00","2026-06-11 23:00:00","2026-06-11 23:00:00",false,false,false,"[PREMIUM]","[PREMIUM]","[PREMIUM]","[PREMIUM]","[PREMIUM]","[PREMIUM]",false,true,"6621841168236e0da4997685","['664b9bdebe116758cec4183d']","[PREMIUM]","[PREMIUM]"
"692ddf8381bc53d4bd79505d","2026-03-16 05:47:29.723","2026-03-29 13:53:56.104","692ddf8381bc53d4bd79505d","Funny Marco","comedy","2026-06-12 19:00:00","2026-06-12 23:00:00","2026-06-12 23:00:00",false,false,false,"[PREMIUM]","[PREMIUM]","[PREMIUM]","[PREMIUM]","[PREMIUM]","[PREMIUM]",false,false,"6621841168236e0da4997685","['65b029b83def41343d798b9d']","[PREMIUM]","[PREMIUM]"
"692ddf831790a2e73dcfdb4c","2026-03-16 05:47:29.723","2026-03-29 13:54:07.146","692ddf831790a2e73dcfdb4c","Funny Marco","comedy","2026-06-12 21:45:00","2026-06-13 01:45:00","2026-06-13 01:45:00",false,false,false,"[PREMIUM]","[PREMIUM]","[PREMIUM]","[PREMIUM]","[PREMIUM]","[PREMIUM]",false,false,"6621841168236e0da4997685","['65b029b83def41343d798b9d']","[PREMIUM]","[PREMIUM]"
"6927ba807540af1d955dc379","2026-03-16 05:47:29.723","2026-03-29 13:53:56.104","6927ba807540af1d955dc379","Quarter Horse Meet","horses","2026-06-12 18:30:00","2026-06-12 23:30:00","2026-06-12 23:30:00",false,false,false,"[PREMIUM]","[PREMIUM]","[PREMIUM]","[PREMIUM]","[PREMIUM]","[PREMIUM]",false,false,"5ce6c7ca51253f00166f9d99","['679bec9cefde60d6e952a895']","[PREMIUM]","[PREMIUM]"
"6927ba8041abedc2fc6fee62","2026-03-16 05:47:29.723","2026-03-29 13:53:56.104","6927ba8041abedc2fc6fee62","Quarter Horse Meet","horses","2026-06-11 18:30:00","2026-06-11 23:30:00","2026-06-11 23:30:00",false,false,false,"[PREMIUM]","[PREMIUM]","[PREMIUM]","[PREMIUM]","[PREMIUM]","[PREMIUM]",false,false,"5ce6c7ca51253f00166f9d99","['679bec9cefde60d6e952a895']","[PREMIUM]","[PREMIUM]"
"69276212be38d64ce7bf7fcf","2026-03-16 05:47:29.723","2026-03-29 13:53:56.104","69276212be38d64ce7bf7fcf","Josh Gates","theater","2026-06-11 19:30:00","2026-06-11 23:30:00","2026-06-11 23:30:00",false,false,false,"[PREMIUM]","[PREMIUM]","[PREMIUM]","[PREMIUM]","[PREMIUM]","[PREMIUM]",false,false,"67c244aedd9a98daf3c32f95","['64dba02abf18690001c8004a']","[PREMIUM]","[PREMIUM]"
"69262bd37266ef73ba574e97","2026-03-16 05:47:29.723","2026-03-29 13:53:56.104","69262bd37266ef73ba574e97","TJ Miller - Todd Joseph Miller (21+ Event)","comedy","2026-06-12 19:00:00","2026-06-12 23:00:00","2026-06-13 00:30:00",false,false,false,"[PREMIUM]","[PREMIUM]","[PREMIUM]","[PREMIUM]","[PREMIUM]","[PREMIUM]",false,true,"63c87971044d22000160e516","['5d6445620d39b5003965d052']","[PREMIUM]","[PREMIUM]"
"6925fc88fd421c0b4260f7ec","2026-03-16 05:47:29.723","2026-03-29 13:53:56.104","6925fc88fd421c0b4260f7ec","Jason Cheny","comedy","2026-06-12 19:00:00","2026-06-12 23:00:00","2026-06-12 23:00:00",false,false,false,"[PREMIUM]","[PREMIUM]","[PREMIUM]","[PREMIUM]","[PREMIUM]","[PREMIUM]",false,true,"61c109b88389fb0001f8b5f0","['64c2c0b4978fb60001c58fb2']","[PREMIUM]","[PREMIUM]"
"6925fc8787e1417cd3e355d8","2026-03-16 05:47:29.723","2026-03-29 13:54:07.146","6925fc8787e1417cd3e355d8","Jason Cheny","comedy","2026-06-12 21:15:00","2026-06-13 01:15:00","2026-06-13 01:15:00",false,false,false,"[PREMIUM]","[PREMIUM]","[PREMIUM]","[PREMIUM]","[PREMIUM]","[PREMIUM]",false,true,"61c109b88389fb0001f8b5f0","['64c2c0b4978fb60001c58fb2']","[PREMIUM]","[PREMIUM]"
"6925f98ce2a4d7e30888a0cd","2026-03-16 05:47:29.723","2026-03-29 13:53:56.104","6925f98ce2a4d7e30888a0cd","Cecile McLorin Salvant","music","2026-06-11 19:30:00","2026-06-11 23:30:00","2026-06-11 23:30:00",false,false,false,"[PREMIUM]","[PREMIUM]","[PREMIUM]","[PREMIUM]","[PREMIUM]","[PREMIUM]",false,true,"6737d397dfa67603dbc8ff1d","['67c8868adb413fff8a98c9b0']","[PREMIUM]","[PREMIUM]"
"6925f96bc0c7f12885282544","2026-03-16 05:47:29.723","2026-03-29 13:53:56.104","6925f96bc0c7f12885282544","Glenn Miller Orchestra","music","2026-06-11 19:30:00","2026-06-12 00:30:00","2026-06-12 00:30:00",false,false,false,"[PREMIUM]","[PREMIUM]","[PREMIUM]","[PREMIUM]","[PREMIUM]","[PREMIUM]",false,false,"6785a5e443bc2087d3be28c1","['661863d8b1a65ad16e8fdf56']","[PREMIUM]","[PREMIUM]"
"6925f953f761b34c0893168e","2026-03-16 05:47:29.723","2026-03-29 13:54:07.146","6925f953f761b34c0893168e","Pete Lee","comedy","2026-06-12 21:30:00","2026-06-13 02:30:00","2026-06-13 04:00:00",false,false,false,"[PREMIUM]","[PREMIUM]","[PREMIUM]","[PREMIUM]","[PREMIUM]","[PREMIUM]",false,true,"637beb419e732c00013b277d","['61ae9f6c32ce180001b35653']","[PREMIUM]","[PREMIUM]"
"6925f953ea4297b8774b39cd","2026-03-16 05:47:29.723","2026-03-29 13:53:56.104","6925f953ea4297b8774b39cd","Pete Lee","comedy","2026-06-11 19:30:00","2026-06-12 00:30:00","2026-06-12 02:00:00",false,false,false,"[PREMIUM]","[PREMIUM]","[PREMIUM]","[PREMIUM]","[PREMIUM]","[PREMIUM]",false,true,"637beb419e732c00013b277d","['61ae9f6c32ce180001b35653']","[PREMIUM]","[PREMIUM]"
"6925f68f1790a2e73dcda831","2026-03-16 05:47:29.723","2026-03-29 13:53:56.104","6925f68f1790a2e73dcda831","The Book Of Mormon","theater","2026-06-11 19:00:00","2026-06-11 23:00:00","2026-06-12 00:00:00",false,false,false,"[PREMIUM]","[PREMIUM]","[PREMIUM]","[PREMIUM]","[PREMIUM]","[PREMIUM]",false,false,"5824f160cde6626ebe564cd3","['582525dff80c4177c17c7aa6']","[PREMIUM]","[PREMIUM]"
"6925f40afd421c0b4260f3ca","2026-03-16 05:47:29.723","2026-03-29 13:53:56.104","6925f40afd421c0b4260f3ca","Jeremy Piven (18+ Event)","comedy","2026-06-12 19:00:00","2026-06-13 00:00:00","2026-06-13 01:30:00",false,false,false,"[PREMIUM]","[PREMIUM]","[PREMIUM]","[PREMIUM]","[PREMIUM]","[PREMIUM]",false,true,"658f43e7432036f82783467b","['5d28db655fdc64003a923024']","[PREMIUM]","[PREMIUM]"
"6925f40a865482b9ce9a9f1f","2026-03-16 05:47:29.723","2026-03-29 13:54:07.146","6925f40a865482b9ce9a9f1f","Jeremy Piven (18+ Event)","comedy","2026-06-12 21:30:00","2026-06-13 02:30:00","2026-06-13 04:00:00",false,false,false,"[PREMIUM]","[PREMIUM]","[PREMIUM]","[PREMIUM]","[PREMIUM]","[PREMIUM]",false,true,"658f43e7432036f82783467b","['5d28db655fdc64003a923024']","[PREMIUM]","[PREMIUM]"
"6925dca69586b57d52a5eb3c","2026-03-16 05:47:29.723","2026-03-29 13:53:56.104","6925dca69586b57d52a5eb3c","The Book Of Mormon","theater","2026-06-12 19:00:00","2026-06-12 23:00:00","2026-06-13 00:00:00",false,false,false,"[PREMIUM]","[PREMIUM]","[PREMIUM]","[PREMIUM]","[PREMIUM]","[PREMIUM]",false,false,"5824f160cde6626ebe564cd3","['582525dff80c4177c17c7aa6']","[PREMIUM]","[PREMIUM]"
"6925dca35f9df34e3479665f","2026-03-16 05:47:29.723","2026-03-29 13:53:56.104","6925dca35f9df34e3479665f","The Book Of Mormon","theater","2026-06-12 14:00:00","2026-06-12 18:00:00","2026-06-12 19:00:00",false,false,false,"[PREMIUM]","[PREMIUM]","[PREMIUM]","[PREMIUM]","[PREMIUM]","[PREMIUM]",false,false,"5824f160cde6626ebe564cd3","['582525dff80c4177c17c7aa6']","[PREMIUM]","[PREMIUM]"
"6925db0487e1417cd3e34965","2026-03-16 05:47:29.723","2026-03-29 13:53:56.104","6925db0487e1417cd3e34965","Satsang","music","2026-06-11 20:00:00","2026-06-12 00:00:00","2026-06-12 01:30:00",false,false,false,"[PREMIUM]","[PREMIUM]","[PREMIUM]","[PREMIUM]","[PREMIUM]","[PREMIUM]",false,true,"57e1769b50575d33c89bacdc","['6283dda5eac48600011de38b']","[PREMIUM]","[PREMIUM]"
"6925da8ee2a4d7e30888964e","2026-03-16 05:47:29.723","2026-03-29 13:53:56.104","6925da8ee2a4d7e30888964e","Pete Lee","comedy","2026-06-12 19:00:00","2026-06-13 00:00:00","2026-06-13 01:30:00",false,false,false,"[PREMIUM]","[PREMIUM]","[PREMIUM]","[PREMIUM]","[PREMIUM]","[PREMIUM]",false,true,"637beb419e732c00013b277d","['61ae9f6c32ce180001b35653']","[PREMIUM]","[PREMIUM]"
"6925d935732367cd66e661f4","2026-03-16 05:47:29.723","2026-03-29 13:54:07.146","6925d935732367cd66e661f4","Stayin Alive - Bee Gees Tribute","music","2026-06-12 20:00:00","2026-06-13 03:00:00","2026-06-13 03:00:00",false,false,false,"[PREMIUM]","[PREMIUM]","[PREMIUM]","[PREMIUM]","[PREMIUM]","[PREMIUM]",false,false,"6452c55f0ff0c500013e1dc4","['65cd0d9f81da80e1159c1863']","[PREMIUM]","[PREMIUM]"
"691e0bc2c82e73e32e48d42b","2026-03-16 05:47:29.723","2026-03-29 13:53:56.104","691e0bc2c82e73e32e48d42b","Jay Reid","comedy","2026-06-11 19:30:00","2026-06-12 02:30:00","2026-06-12 02:30:00",false,false,false,"[PREMIUM]","[PREMIUM]","[PREMIUM]","[PREMIUM]","[PREMIUM]","[PREMIUM]",false,true,"63e6a8b18d0aad0001987d37","['65bbd26701c0bdb1db728d67']","[PREMIUM]","[PREMIUM]"
"691d2a1982123b4c7ce1173b","2026-03-16 05:47:29.723","2026-03-29 13:53:56.104","691d2a1982123b4c7ce1173b","Lettuce","music","2026-06-11 20:00:00","2026-06-12 00:00:00","2026-06-12 01:00:00",false,false,false,"[PREMIUM]","[PREMIUM]","[PREMIUM]","[PREMIUM]","[PREMIUM]","[PREMIUM]",false,false,"63b7663f14dd89000165819c","['57d2fd5bf80c410f22b2ac6a']","[PREMIUM]","[PREMIUM]"
"691cf746a4dd1089d31d24b2","2026-03-16 05:47:29.723","2026-03-29 13:54:07.146","691cf746a4dd1089d31d24b2","Satsang","music","2026-06-12 20:00:00","2026-06-13 00:00:00","2026-06-13 01:30:00",false,false,false,"[PREMIUM]","[PREMIUM]","[PREMIUM]","[PREMIUM]","[PREMIUM]","[PREMIUM]",false,true,"660348ef70aae9c5f41b6914","['6283dda5eac48600011de38b']","[PREMIUM]","[PREMIUM]"
"691cf31d4f7e31ad72628def","2026-03-16 05:47:29.723","2026-03-29 13:53:56.104","691cf31d4f7e31ad72628def","Sesame Street Live - Elmos Got The Moves","theater","2026-06-12 18:00:00","2026-06-12 22:00:00","2026-06-12 23:00:00",false,false,false,"[PREMIUM]","[PREMIUM]","[PREMIUM]","[PREMIUM]","[PREMIUM]","[PREMIUM]",false,false,"629e4a7d59f7b000012cb4c6","['5a5fb5eb25f2c506480c578b']","[PREMIUM]","[PREMIUM]"
"691cd699e53291f6b6d33161","2026-03-16 05:47:29.723","2026-03-29 13:53:56.104","691cd699e53291f6b6d33161","Daniel Tosh","comedy","2026-06-12 19:00:00","2026-06-12 23:00:00","2026-06-13 00:00:00",false,false,false,"[PREMIUM]","[PREMIUM]","[PREMIUM]","[PREMIUM]","[PREMIUM]","[PREMIUM]",false,false,"63bc85f2824ccc0001ea5b4c","['58a4a611f80c414b42efcca1']","[PREMIUM]","[PREMIUM]"
"691cc418bcbf61c498c5e8fe","2026-03-16 05:47:29.723","2026-03-29 13:53:56.104","691cc418bcbf61c498c5e8fe","Anthony Jeselnik","comedy","2026-06-12 19:00:00","2026-06-13 02:00:00","2026-06-13 03:30:00",false,false,false,"[PREMIUM]","[PREMIUM]","[PREMIUM]","[PREMIUM]","[PREMIUM]","[PREMIUM]",false,false,"676211402609268afabf5770","['5b4f7def7f8de800125c1aa5']","[PREMIUM]","[PREMIUM]"
"691cc4184f7e31ad72626f23","2026-03-16 05:47:29.723","2026-03-29 13:54:07.146","691cc4184f7e31ad72626f23","Anthony Jeselnik","comedy","2026-06-12 21:30:00","2026-06-13 04:30:00","2026-06-13 06:00:00",false,false,false,"[PREMIUM]","[PREMIUM]","[PREMIUM]","[PREMIUM]","[PREMIUM]","[PREMIUM]",false,false,"676211402609268afabf5770","['5b4f7def7f8de800125c1aa5']","[PREMIUM]","[PREMIUM]"
"691cc41849e5d9fc493e1c28","2026-03-16 05:47:29.723","2026-03-29 13:53:56.104","691cc41849e5d9fc493e1c28","Anthony Jeselnik","comedy","2026-06-11 19:00:00","2026-06-12 02:00:00","2026-06-12 03:30:00",false,false,false,"[PREMIUM]","[PREMIUM]","[PREMIUM]","[PREMIUM]","[PREMIUM]","[PREMIUM]",false,false,"676211402609268afabf5770","['5b4f7def7f8de800125c1aa5']","[PREMIUM]","[PREMIUM]"
"691cbb31cc0712d154ce06ee","2026-03-16 05:47:29.723","2026-03-29 13:53:56.104","691cbb31cc0712d154ce06ee","Harry Potter and the Cursed Child","theater","2026-06-11 19:00:00","2026-06-11 23:00:00","2026-06-12 00:00:00",false,false,false,"[PREMIUM]","[PREMIUM]","[PREMIUM]","[PREMIUM]","[PREMIUM]","[PREMIUM]",false,false,"5824b86dcde6626ebe549930","['5a3c554825f2c51d4ed4e8d2']","[PREMIUM]","[PREMIUM]"
"691cbb2eb950bd140a596fad","2026-03-16 05:47:29.723","2026-03-29 13:53:56.104","691cbb2eb950bd140a596fad","Harry Potter and the Cursed Child","theater","2026-06-12 19:00:00","2026-06-12 23:00:00","2026-06-13 00:00:00",false,false,false,"[PREMIUM]","[PREMIUM]","[PREMIUM]","[PREMIUM]","[PREMIUM]","[PREMIUM]",false,false,"5824b86dcde6626ebe549930","['5a3c554825f2c51d4ed4e8d2']","[PREMIUM]","[PREMIUM]"
"691bc568a4dd1089d31ca5f4","2026-03-16 05:47:29.723","2026-03-29 13:54:07.146","691bc568a4dd1089d31ca5f4","Weird Al Yankovic","comedy","2026-06-12 20:00:00","2026-06-13 01:00:00","2026-06-13 02:00:00",false,false,false,"[PREMIUM]","[PREMIUM]","[PREMIUM]","[PREMIUM]","[PREMIUM]","[PREMIUM]",false,false,"641ca98407cdad00016d5a2e","['577d3176f80c4171d17753a0']","[PREMIUM]","[PREMIUM]"
"691baa6574e7017d10ef3dae","2026-03-16 05:47:29.723","2026-03-29 13:53:56.104","691baa6574e7017d10ef3dae","INJI","music","2026-06-12 19:30:00","2026-06-12 23:30:00","2026-06-12 23:30:00",false,false,false,"[PREMIUM]","[PREMIUM]","[PREMIUM]","[PREMIUM]","[PREMIUM]","[PREMIUM]",false,false,"57c77a75f80c416043724025","['662823d5824a1d91c86608bc']","[PREMIUM]","[PREMIUM]"
"691b84c5f761b34c088f5854","2026-03-16 05:47:29.723","2026-03-29 13:54:07.146","691b84c5f761b34c088f5854","Eddie Griffin (Rescheduled from 4/17)","comedy","2026-06-12 22:00:00","2026-06-13 02:00:00","2026-06-13 03:30:00",false,false,false,"[PREMIUM]","[PREMIUM]","[PREMIUM]","[PREMIUM]","[PREMIUM]","[PREMIUM]",false,true,"63e3f7f3c15a660001d13efc","['6206e8055dcfab0001a70540']","[PREMIUM]","[PREMIUM]"
"691b84c582123b4c7ce05fce","2026-03-16 05:47:29.723","2026-03-29 13:53:56.104","691b84c582123b4c7ce05fce","Eddie Griffin (Rescheduled from 4/17)","comedy","2026-06-12 19:00:00","2026-06-12 23:00:00","2026-06-13 00:30:00",false,false,false,"[PREMIUM]","[PREMIUM]","[PREMIUM]","[PREMIUM]","[PREMIUM]","[PREMIUM]",false,true,"63e3f7f3c15a660001d13efc","['6206e8055dcfab0001a70540']","[PREMIUM]","[PREMIUM]"
"691b6daf732367cd66e2b91e","2026-03-16 05:47:29.723","2026-03-29 13:54:07.146","691b6daf732367cd66e2b91e","Ms Pat (21+ Event)","comedy","2026-06-12 21:45:00","2026-06-13 01:45:00","2026-06-13 03:15:00",false,false,false,"[PREMIUM]","[PREMIUM]","[PREMIUM]","[PREMIUM]","[PREMIUM]","[PREMIUM]",false,true,"658f44cfef3afe32713d739a","['620febf72614f30001912805']","[PREMIUM]","[PREMIUM]"
"691b6daf5f9df34e3475aea6","2026-03-16 05:47:29.723","2026-03-29 13:53:56.104","691b6daf5f9df34e3475aea6","Ms Pat (21+ Event)","comedy","2026-06-12 19:00:00","2026-06-12 23:00:00","2026-06-13 00:30:00",false,false,false,"[PREMIUM]","[PREMIUM]","[PREMIUM]","[PREMIUM]","[PREMIUM]","[PREMIUM]",false,true,"658f44cfef3afe32713d739a","['620febf72614f30001912805']","[PREMIUM]","[PREMIUM]"
"69188f137d489a005304d3f8","2026-03-16 05:47:29.723","2026-03-29 13:53:56.104","69188f137d489a005304d3f8","Carlos Mencia (18+ Event)","comedy","2026-06-10 21:30:00","2026-06-11 04:30:00","2026-06-11 06:00:00",false,false,false,"[PREMIUM]","[PREMIUM]","[PREMIUM]","[PREMIUM]","[PREMIUM]","[PREMIUM]",false,true,"63e6a8b18d0aad0001987d37","['61e71b4cee02da00019d6dd2']","[PREMIUM]","[PREMIUM]"
"6917d0f65b059a7917be682c","2026-03-16 05:47:29.723","2026-03-29 13:53:56.104","6917d0f65b059a7917be682c","Alex Warren","music","2026-06-12 19:30:00","2026-06-13 02:30:00","2026-06-13 02:30:00",false,false,false,"[PREMIUM]","[PREMIUM]","[PREMIUM]","[PREMIUM]","[PREMIUM]","[PREMIUM]",false,false,"546d101a3bf3767afe000003","['64f27763cb66920001b4f548']","[PREMIUM]","[PREMIUM]"
"6917ba78f38bcefec91448b4","2026-03-16 05:47:29.723","2026-03-29 13:54:07.146","6917ba78f38bcefec91448b4","Theresa Caputo Live! The Experience","talk","2026-06-12 21:00:00","2026-06-13 01:00:00","2026-06-13 02:00:00",false,false,false,"[PREMIUM]","[PREMIUM]","[PREMIUM]","[PREMIUM]","[PREMIUM]","[PREMIUM]",false,false,"68a39b5bb8f332f2b7c784e3","['59ca9cd625f2c57fb00e5622']","[PREMIUM]","[PREMIUM]"
"6917ba77e0cb2eddceb4b92d","2026-03-16 05:47:29.723","2026-03-29 13:54:07.146","6917ba77e0cb2eddceb4b92d","The Avett Brothers and Mike Patton","music","2026-06-12 20:00:00","2026-06-13 00:00:00","2026-06-13 01:00:00",false,false,false,"[PREMIUM]","[PREMIUM]","[PREMIUM]","[PREMIUM]","[PREMIUM]","[PREMIUM]",false,false,"57d071b250575d33c84e80ac","['588fda3ef80c415143de9795']","[PREMIUM]","[PREMIUM]"
"6917ba31936bfd4cc7997c25","2026-03-16 05:47:29.723","2026-03-29 13:53:56.104","6917ba31936bfd4cc7997c25","Ringo Starr and His All Starr Band","music","2026-06-12 19:30:00","2026-06-13 02:30:00","2026-06-13 04:00:00",false,false,false,"[PREMIUM]","[PREMIUM]","[PREMIUM]","[PREMIUM]","[PREMIUM]","[PREMIUM]",false,false,"585d824ccde6626ebed36dc9","['5ab9183f4135b20012ada3bb']","[PREMIUM]","[PREMIUM]"
"6917b955705b10036dff622a","2026-03-16 05:47:29.723","2026-03-29 13:53:56.104","6917b955705b10036dff622a","Ringo Starr and His All Starr Band","music","2026-06-11 20:00:00","2026-06-12 03:00:00","2026-06-12 04:30:00",false,false,false,"[PREMIUM]","[PREMIUM]","[PREMIUM]","[PREMIUM]","[PREMIUM]","[PREMIUM]",false,false,"5984fb189da0d48c0d89acfe","['5ab9183f4135b20012ada3bb']","[PREMIUM]","[PREMIUM]"
"69179145f2dfb3a788681142","2026-03-16 05:47:29.723","2026-03-29 13:53:56.104","69179145f2dfb3a788681142","The Last Ship","theater","2026-06-11 20:00:00","2026-06-12 00:00:00","2026-06-12 01:30:00",false,false,false,"[PREMIUM]","[PREMIUM]","[PREMIUM]","[PREMIUM]","[PREMIUM]","[PREMIUM]",false,false,"5a6a64a96fb556000f44b979","['5dcf0eaa72fd620039916aac']","[PREMIUM]","[PREMIUM]"
"691791452691130fa73e473b","2026-03-16 05:47:29.723","2026-03-29 13:54:07.146","691791452691130fa73e473b","The Last Ship","theater","2026-06-12 20:00:00","2026-06-13 00:00:00","2026-06-13 01:30:00",false,false,false,"[PREMIUM]","[PREMIUM]","[PREMIUM]","[PREMIUM]","[PREMIUM]","[PREMIUM]",false,false,"5a6a64a96fb556000f44b979","['5dcf0eaa72fd620039916aac']","[PREMIUM]","[PREMIUM]"
"6914d21a7feddb20fde132fa","2026-03-16 05:47:29.723","2026-03-29 13:53:56.104","6914d21a7feddb20fde132fa","Meghan Trainor","music","2026-06-12 18:30:00","2026-06-12 22:30:00","2026-06-12 23:30:00",false,false,false,"[PREMIUM]","[PREMIUM]","[PREMIUM]","[PREMIUM]","[PREMIUM]","[PREMIUM]",false,false,"57912accf80c415c6acc8cfa","['571af4c6f80c41214000000a']","[PREMIUM]","[PREMIUM]"
"6913bab85b90658ec2c55f8b","2026-03-16 05:47:29.723","2026-03-29 13:53:56.104","6913bab85b90658ec2c55f8b","The Lord of the Rings - The Fellowship of the Ring in Concert","music","2026-06-12 19:30:00","2026-06-13 00:30:00","2026-06-13 00:30:00",false,false,false,"[PREMIUM]","[PREMIUM]","[PREMIUM]","[PREMIUM]","[PREMIUM]","[PREMIUM]",false,false,"5aa9551e132ff60012623e58","['6543fd358921b3aa13f5807c']","[PREMIUM]","[PREMIUM]"
"6913b8fe1b12232e820db417","2026-03-16 05:47:29.723","2026-03-29 13:54:07.146","6913b8fe1b12232e820db417","Joe Jackson","music","2026-06-12 20:05:00","2026-06-13 01:05:00","2026-06-13 02:35:00",false,false,false,"[PREMIUM]","[PREMIUM]","[PREMIUM]","[PREMIUM]","[PREMIUM]","[PREMIUM]",false,true,"644187dfdd07a600015c594c","['61a7b7637daaff00010fdfe7']","[PREMIUM]","[PREMIUM]"
"691333c4322d3c376dd7dd4d","2026-03-16 05:47:29.723","2026-03-29 13:53:56.104","691333c4322d3c376dd7dd4d","The Wizard of Oz at Sphere","theater","2026-06-11 17:00:00","2026-06-12 00:00:00","2026-06-12 00:00:00",false,false,false,"[PREMIUM]","[PREMIUM]","[PREMIUM]","[PREMIUM]","[PREMIUM]","[PREMIUM]",false,false,"6448453e2c18960001831a9c","['6849f523c4e12a7114f9e67e']","[PREMIUM]","[PREMIUM]"
"691333bdc47311133c64d69d","2026-03-16 05:47:29.723","2026-03-29 13:53:56.104","691333bdc47311133c64d69d","The Wizard of Oz at Sphere","theater","2026-06-12 11:00:00","2026-06-12 18:00:00","2026-06-12 18:00:00",false,false,false,"[PREMIUM]","[PREMIUM]","[PREMIUM]","[PREMIUM]","[PREMIUM]","[PREMIUM]",false,false,"6448453e2c18960001831a9c","['6849f523c4e12a7114f9e67e']","[PREMIUM]","[PREMIUM]"
"691333bd9ca6b59f98a72ddc","2026-03-16 05:47:29.723","2026-03-29 13:53:56.104","691333bd9ca6b59f98a72ddc","The Wizard of Oz at Sphere","theater","2026-06-12 14:00:00","2026-06-12 21:00:00","2026-06-12 21:00:00",false,false,false,"[PREMIUM]","[PREMIUM]","[PREMIUM]","[PREMIUM]","[PREMIUM]","[PREMIUM]",false,false,"6448453e2c18960001831a9c","['6849f523c4e12a7114f9e67e']","[PREMIUM]","[PREMIUM]"
"691333bb058e11476eae1e11","2026-03-16 05:47:29.723","2026-03-29 13:53:56.104","691333bb058e11476eae1e11","The Wizard of Oz at Sphere","theater","2026-06-11 20:00:00","2026-06-12 03:00:00","2026-06-12 03:00:00",false,false,false,"[PREMIUM]","[PREMIUM]","[PREMIUM]","[PREMIUM]","[PREMIUM]","[PREMIUM]",false,false,"6448453e2c18960001831a9c","['6849f523c4e12a7114f9e67e']","[PREMIUM]","[PREMIUM]"
"690f3a57c0fced58616450f7","2026-03-16 05:47:29.723","2026-03-29 13:54:07.146","690f3a57c0fced58616450f7","Laugh Factory","comedy","2026-06-12 21:30:00","2026-06-13 04:30:00","2026-06-13 04:30:00",false,false,false,"[PREMIUM]","[PREMIUM]","[PREMIUM]","[PREMIUM]","[PREMIUM]","[PREMIUM]",false,false,"61e072c5ee02da00019d6dae","['658c6eed71b106d7496c0a41']","[PREMIUM]","[PREMIUM]"
"690f3a577796a9c6303f4328","2026-03-16 05:47:29.723","2026-03-29 13:53:56.104","690f3a577796a9c6303f4328","Laugh Factory","comedy","2026-06-11 19:30:00","2026-06-12 02:30:00","2026-06-12 02:30:00",false,false,false,"[PREMIUM]","[PREMIUM]","[PREMIUM]","[PREMIUM]","[PREMIUM]","[PREMIUM]",false,false,"61e072c5ee02da00019d6dae","['658c6eed71b106d7496c0a41']","[PREMIUM]","[PREMIUM]"
"690f3a5513134af6aaadb245","2026-03-16 05:47:29.723","2026-03-29 13:53:56.104","690f3a5513134af6aaadb245","Laugh Factory","comedy","2026-06-12 19:30:00","2026-06-13 02:30:00","2026-06-13 02:30:00",false,false,false,"[PREMIUM]","[PREMIUM]","[PREMIUM]","[PREMIUM]","[PREMIUM]","[PREMIUM]",false,false,"61e072c5ee02da00019d6dae","['658c6eed71b106d7496c0a41']","[PREMIUM]","[PREMIUM]"
"690e5c49b8179d2532b5ca1e","2026-03-16 05:47:29.723","2026-03-29 13:53:56.104","690e5c49b8179d2532b5ca1e","Rod Stewart","music","2026-06-12 19:30:00","2026-06-13 02:30:00","2026-06-13 03:30:00",false,false,false,"[PREMIUM]","[PREMIUM]","[PREMIUM]","[PREMIUM]","[PREMIUM]","[PREMIUM]",false,false,"56d73da8f80c416b41000001","['588a4c29f80c412d43c756a4']","[PREMIUM]","[PREMIUM]"
"690e046186054abe76f485b7","2026-03-16 05:47:29.723","2026-03-29 13:54:07.146","690e046186054abe76f485b7","No Doubt","music","2026-06-12 20:30:00","2026-06-13 03:30:00","2026-06-13 03:30:00",false,false,false,"[PREMIUM]","[PREMIUM]","[PREMIUM]","[PREMIUM]","[PREMIUM]","[PREMIUM]",true,false,"6448453e2c18960001831a9c","['65a8887f417c4fb27dfee677']","[PREMIUM]","[PREMIUM]"
"690e043ad7b293169a454229","2026-03-16 05:47:29.723","2026-03-29 13:53:56.104","690e043ad7b293169a454229","No Doubt","music","2026-06-10 20:30:00","2026-06-11 03:30:00","2026-06-11 03:30:00",false,false,false,"[PREMIUM]","[PREMIUM]","[PREMIUM]","[PREMIUM]","[PREMIUM]","[PREMIUM]",false,false,"6448453e2c18960001831a9c","['65a8887f417c4fb27dfee677']","[PREMIUM]","[PREMIUM]"
"690d47305a11dd811a888001","2026-03-16 05:47:29.723","2026-03-29 13:53:56.104","690d47305a11dd811a888001","Ragtime","theater","2026-06-12 19:00:00","2026-06-12 23:00:00","2026-06-13 00:30:00",false,false,false,"[PREMIUM]","[PREMIUM]","[PREMIUM]","[PREMIUM]","[PREMIUM]","[PREMIUM]",false,false,"657ca917bfcf8d7dd21ae28e","['5b32d5aebfe243001221f76e']","[PREMIUM]","[PREMIUM]"
"690d472f271ecc9b37cf6476","2026-03-16 05:47:29.723","2026-03-29 13:53:56.104","690d472f271ecc9b37cf6476","Ragtime","theater","2026-06-11 19:00:00","2026-06-11 23:00:00","2026-06-12 00:30:00",false,false,false,"[PREMIUM]","[PREMIUM]","[PREMIUM]","[PREMIUM]","[PREMIUM]","[PREMIUM]",false,false,"657ca917bfcf8d7dd21ae28e","['5b32d5aebfe243001221f76e']","[PREMIUM]","[PREMIUM]"
"690ce7cf74fd37f0c2dd0aec","2026-03-16 05:47:29.723","2026-03-29 13:53:56.104","690ce7cf74fd37f0c2dd0aec","Journey","music","2026-06-11 19:00:00","2026-06-11 23:00:00","2026-06-12 00:00:00",false,false,false,"[PREMIUM]","[PREMIUM]","[PREMIUM]","[PREMIUM]","[PREMIUM]","[PREMIUM]",false,false,"59baca0215bcc10001824d2c","['56eb070df80c417f84000002']","[PREMIUM]","[PREMIUM]"
"690bd088376c1d613241801a","2026-03-16 05:47:29.723","2026-03-29 13:53:56.104","690bd088376c1d613241801a","Mrs. Doubtfire","theater","2026-06-11 19:30:00","2026-06-11 23:30:00","2026-06-11 23:30:00",false,false,false,"[PREMIUM]","[PREMIUM]","[PREMIUM]","[PREMIUM]","[PREMIUM]","[PREMIUM]",false,false,"648cd9dc28b11a0001efd256","['652ef7a7e0a6d7050f878e9e']","[PREMIUM]","[PREMIUM]"
"690bcf4db6cecbaaa3f8a7e4","2026-03-16 05:47:29.723","2026-03-29 13:53:56.104","690bcf4db6cecbaaa3f8a7e4","Wicked","theater","2026-06-11 19:00:00","2026-06-11 23:00:00","2026-06-12 00:00:00",false,false,false,"[PREMIUM]","[PREMIUM]","[PREMIUM]","[PREMIUM]","[PREMIUM]","[PREMIUM]",false,false,"5a6a6f6e84d4fb000ec1ce32","['5822480df80c4152d5486cd5']","[PREMIUM]","[PREMIUM]"
"690bcf4c59434ff8b7666c90","2026-03-16 05:47:29.723","2026-03-29 13:53:56.104","690bcf4c59434ff8b7666c90","Wicked","theater","2026-06-12 19:00:00","2026-06-12 23:00:00","2026-06-13 00:00:00",false,false,false,"[PREMIUM]","[PREMIUM]","[PREMIUM]","[PREMIUM]","[PREMIUM]","[PREMIUM]",false,false,"5a6a6f6e84d4fb000ec1ce32","['5822480df80c4152d5486cd5']","[PREMIUM]","[PREMIUM]"
"690a83779c1370439bc9bba0","2026-03-16 05:47:29.723","2026-03-29 13:53:56.104","690a83779c1370439bc9bba0","Ben Rector","music","2026-06-11 19:30:00","2026-06-12 00:30:00","2026-06-12 01:30:00",false,false,false,"[PREMIUM]","[PREMIUM]","[PREMIUM]","[PREMIUM]","[PREMIUM]","[PREMIUM]",false,false,"65cd51d71915bb611aa365ce","['57a241a2f80c415fc39f2e9c']","[PREMIUM]","[PREMIUM]"
"6909492359434ff8b765e685","2026-03-16 05:47:29.723","2026-03-29 13:53:56.104","6909492359434ff8b765e685","Nashville Symphony - America the Beautiful with JoAnn Falletta","music","2026-06-11 19:30:00","2026-06-12 00:30:00","2026-06-12 00:30:00",false,false,false,"[PREMIUM]","[PREMIUM]","[PREMIUM]","[PREMIUM]","[PREMIUM]","[PREMIUM]",false,false,"67bfbbae371aaa748ea724f5","['67c0f3b61665916c64582dca']","[PREMIUM]","[PREMIUM]"
"69092c790fd927c026829176","2026-03-16 05:47:29.723","2026-03-29 13:54:07.146","69092c790fd927c026829176","Jim Gaffigan","comedy","2026-06-12 20:00:00","2026-06-13 03:00:00","2026-06-13 04:00:00",false,false,false,"[PREMIUM]","[PREMIUM]","[PREMIUM]","[PREMIUM]","[PREMIUM]","[PREMIUM]",false,false,"61e080c27e0bbb0001bb8505","['58b75009f80c412371dcaafe']","[PREMIUM]","[PREMIUM]"
"69092b216392903846bec9f3","2026-03-16 05:47:29.723","2026-03-29 13:53:56.104","69092b216392903846bec9f3","Jim Gaffigan","comedy","2026-06-11 19:00:00","2026-06-12 01:00:00","2026-06-12 02:00:00",false,false,false,"[PREMIUM]","[PREMIUM]","[PREMIUM]","[PREMIUM]","[PREMIUM]","[PREMIUM]",false,false,"581a6e11cde6626ebe326f88","['58b75009f80c412371dcaafe']","[PREMIUM]","[PREMIUM]"
"6908fa68c5de9b03727b7ad8","2026-03-16 05:47:29.723","2026-03-29 13:53:56.104","6908fa68c5de9b03727b7ad8","Harry Potter and the Cursed Child","theater","2026-06-11 19:00:00","2026-06-12 01:00:00","2026-06-12 02:00:00",false,false,false,"[PREMIUM]","[PREMIUM]","[PREMIUM]","[PREMIUM]","[PREMIUM]","[PREMIUM]",false,false,"5a0a099927e1a60013db1220","['5a3c554825f2c51d4ed4e8d2']","[PREMIUM]","[PREMIUM]"
"6908f6cb5a044d2c2bafd660","2026-03-16 05:47:29.723","2026-03-29 13:53:56.104","6908f6cb5a044d2c2bafd660","Come From Away","theater","2026-06-11 19:30:00","2026-06-12 02:30:00","2026-06-12 04:00:00",false,false,false,"[PREMIUM]","[PREMIUM]","[PREMIUM]","[PREMIUM]","[PREMIUM]","[PREMIUM]",false,false,"6819079b5bcaa2501c870423","['5a9db15b4dbc9800136211f5']","[PREMIUM]","[PREMIUM]"
"6908f6ca4554b4c817d24c04","2026-03-16 05:47:29.723","2026-03-29 13:53:56.104","6908f6ca4554b4c817d24c04","Come From Away","theater","2026-06-12 19:30:00","2026-06-13 02:30:00","2026-06-13 04:00:00",false,false,false,"[PREMIUM]","[PREMIUM]","[PREMIUM]","[PREMIUM]","[PREMIUM]","[PREMIUM]",false,false,"6819079b5bcaa2501c870423","['5a9db15b4dbc9800136211f5']","[PREMIUM]","[PREMIUM]"
"6908f3d8af848a0aa51f844b","2026-03-16 05:47:29.723","2026-03-29 13:54:07.146","6908f3d8af848a0aa51f844b","Mojo Brookzz - Dyon Brooks (21+ Event)","comedy","2026-06-12 21:45:00","2026-06-13 02:45:00","2026-06-13 02:45:00",false,false,false,"[PREMIUM]","[PREMIUM]","[PREMIUM]","[PREMIUM]","[PREMIUM]","[PREMIUM]",false,false,"649c71513a10f70001ea34dc","['6605a5b4faf109389583d7ea']","[PREMIUM]","[PREMIUM]"
"6908f3d81da962714a842d27","2026-03-16 05:47:29.723","2026-03-29 13:53:56.104","6908f3d81da962714a842d27","Mojo Brookzz - Dyon Brooks (21+ Event)","comedy","2026-06-12 19:00:00","2026-06-13 00:00:00","2026-06-13 00:00:00",false,false,false,"[PREMIUM]","[PREMIUM]","[PREMIUM]","[PREMIUM]","[PREMIUM]","[PREMIUM]",false,false,"649c71513a10f70001ea34dc","['6605a5b4faf109389583d7ea']","[PREMIUM]","[PREMIUM]"
"6908f3c5dfe85fe8ad73e6a1","2026-03-16 05:47:29.723","2026-03-29 13:53:56.104","6908f3c5dfe85fe8ad73e6a1","The King Comes Home - Elvis Tribute","music","2026-06-12 19:30:00","2026-06-13 02:30:00","2026-06-13 02:30:00",false,false,false,"[PREMIUM]","[PREMIUM]","[PREMIUM]","[PREMIUM]","[PREMIUM]","[PREMIUM]",false,false,"63bc985189e7820001307e16","['681d173abfce51d4c661f28e']","[PREMIUM]","[PREMIUM]"
"6908f3c52ddd9228e8c94579","2026-03-16 05:47:29.723","2026-03-29 13:53:56.104","6908f3c52ddd9228e8c94579","The King Comes Home - An Elvis Presley Tribute","music","2026-06-11 19:30:00","2026-06-12 02:30:00","2026-06-12 02:30:00",false,false,false,"[PREMIUM]","[PREMIUM]","[PREMIUM]","[PREMIUM]","[PREMIUM]","[PREMIUM]",false,false,"63bc985189e7820001307e16","['681d173abfce51d4c661f28e']","[PREMIUM]","[PREMIUM]"
"6908f3b139c80e3b6d225bc5","2026-03-16 05:47:29.723","2026-03-29 13:53:56.104","6908f3b139c80e3b6d225bc5","Soul Of Motown (5+ Event)","music","2026-06-11 17:30:00","2026-06-12 00:30:00","2026-06-12 00:30:00",false,false,false,"[PREMIUM]","[PREMIUM]","[PREMIUM]","[PREMIUM]","[PREMIUM]","[PREMIUM]",false,false,"63bc985189e7820001307e16","['656e3e53078a1ec1ef3e160d']","[PREMIUM]","[PREMIUM]"
"6908f3b10fd927c02682580d","2026-03-16 05:47:29.723","2026-03-29 13:54:07.146","6908f3b10fd927c02682580d","Soul Of Motown (5+ Event)","music","2026-06-12 21:00:00","2026-06-13 04:00:00","2026-06-13 04:00:00",false,false,false,"[PREMIUM]","[PREMIUM]","[PREMIUM]","[PREMIUM]","[PREMIUM]","[PREMIUM]",false,false,"63bc985189e7820001307e16","['656e3e53078a1ec1ef3e160d']","[PREMIUM]","[PREMIUM]"
"6908f35f0fd927c02682579c","2026-03-16 05:47:29.723","2026-03-29 13:53:56.104","6908f35f0fd927c02682579c","The Magic of Jen Kramer","other","2026-06-12 17:00:00","2026-06-13 00:00:00","2026-06-13 00:00:00",false,false,false,"[PREMIUM]","[PREMIUM]","[PREMIUM]","[PREMIUM]","[PREMIUM]","[PREMIUM]",false,false,"63bc985189e7820001307e16","['656e45f51c89e60d2de45e33']","[PREMIUM]","[PREMIUM]"
"6908f1f8d566dd7a5564030e","2026-03-16 05:47:29.723","2026-03-29 13:53:56.104","6908f1f8d566dd7a5564030e","Stranger Things - The First Shadow","theater","2026-06-12 19:00:00","2026-06-12 23:00:00","2026-06-12 23:00:00",false,false,false,"[PREMIUM]","[PREMIUM]","[PREMIUM]","[PREMIUM]","[PREMIUM]","[PREMIUM]",true,false,"5ac64c8bf366c100132cd377","['66e8acd5c5363c88f1edd060']","[PREMIUM]","[PREMIUM]"
"6908f1f4168028b2133868ec","2026-03-16 05:47:29.723","2026-03-29 13:53:56.104","6908f1f4168028b2133868ec","Stranger Things - The First Shadow","theater","2026-06-11 19:00:00","2026-06-11 23:00:00","2026-06-11 23:00:00",false,false,false,"[PREMIUM]","[PREMIUM]","[PREMIUM]","[PREMIUM]","[PREMIUM]","[PREMIUM]",false,false,"5ac64c8bf366c100132cd377","['66e8acd5c5363c88f1edd060']","[PREMIUM]","[PREMIUM]"
"6906576c0fc1da7738c4aadf","2026-03-16 05:47:29.723","2026-03-29 13:53:56.104","6906576c0fc1da7738c4aadf","Absinthe","theater","2026-06-11 21:00:00","2026-06-12 04:00:00","2026-06-12 04:00:00",false,false,false,"[PREMIUM]","[PREMIUM]","[PREMIUM]","[PREMIUM]","[PREMIUM]","[PREMIUM]",false,true,"65d8fe81d0d2f45c501287f9","['6578ebab25c7ed9b1537da10']","[PREMIUM]","[PREMIUM]"
"6906576bd378092466896c80","2026-03-16 05:47:29.723","2026-03-29 13:53:56.104","6906576bd378092466896c80","Absinthe","theater","2026-06-12 19:00:00","2026-06-13 02:00:00","2026-06-13 02:00:00",false,false,false,"[PREMIUM]","[PREMIUM]","[PREMIUM]","[PREMIUM]","[PREMIUM]","[PREMIUM]",false,true,"65d8fe81d0d2f45c501287f9","['6578ebab25c7ed9b1537da10']","[PREMIUM]","[PREMIUM]"
"6906576b538ffa10894781dd","2026-03-16 05:47:29.723","2026-03-29 13:53:56.104","6906576b538ffa10894781dd","Absinthe","theater","2026-06-10 21:00:00","2026-06-11 04:00:00","2026-06-11 04:00:00",false,false,false,"[PREMIUM]","[PREMIUM]","[PREMIUM]","[PREMIUM]","[PREMIUM]","[PREMIUM]",false,true,"65d8fe81d0d2f45c501287f9","['6578ebab25c7ed9b1537da10']","[PREMIUM]","[PREMIUM]"
"6906576b4bf1a203a304a13d","2026-03-16 05:47:29.723","2026-03-29 13:53:56.104","6906576b4bf1a203a304a13d","Absinthe","theater","2026-06-11 20:00:00","2026-06-12 03:00:00","2026-06-12 03:00:00",false,false,false,"[PREMIUM]","[PREMIUM]","[PREMIUM]","[PREMIUM]","[PREMIUM]","[PREMIUM]",false,true,"65d8fe81d0d2f45c501287f9","['6578ebab25c7ed9b1537da10']","[PREMIUM]","[PREMIUM]"
"6906576b3f89fc54e050748c","2026-03-16 05:47:29.723","2026-03-29 13:54:07.146","6906576b3f89fc54e050748c","Absinthe","theater","2026-06-12 21:00:00","2026-06-13 04:00:00","2026-06-13 04:00:00",false,false,false,"[PREMIUM]","[PREMIUM]","[PREMIUM]","[PREMIUM]","[PREMIUM]","[PREMIUM]",false,true,"65d8fe81d0d2f45c501287f9","['6578ebab25c7ed9b1537da10']","[PREMIUM]","[PREMIUM]"
"6903ca23773615b29146d632","2026-03-16 05:47:29.723","2026-03-29 13:53:56.104","6903ca23773615b29146d632","Nashville Symphony - America the Beautiful with JoAnn Falletta","music","2026-06-11 19:30:00","2026-06-12 00:30:00","2026-06-12 00:30:00",false,false,false,"[PREMIUM]","[PREMIUM]","[PREMIUM]","[PREMIUM]","[PREMIUM]","[PREMIUM]",true,false,"67bfbbae371aaa748ea724f5","['67c0f3b61665916c64582dca']","[PREMIUM]","[PREMIUM]"
"69029588168028b213377b59","2026-03-16 05:47:29.723","2026-03-29 13:53:56.104","69029588168028b213377b59","Hamilton","theater","2026-06-11 19:00:00","2026-06-11 23:00:00","2026-06-11 22:45:00",false,false,false,"[PREMIUM]","[PREMIUM]","[PREMIUM]","[PREMIUM]","[PREMIUM]","[PREMIUM]",false,false,"56d77ed8f80c4170dc000003","['5823759df80c415625c237a0']","[PREMIUM]","[PREMIUM]"
"6902958759434ff8b764b7cf","2026-03-16 05:47:29.723","2026-03-29 13:53:56.104","6902958759434ff8b764b7cf","Hamilton","theater","2026-06-12 19:00:00","2026-06-12 23:00:00","2026-06-12 22:45:00",false,false,false,"[PREMIUM]","[PREMIUM]","[PREMIUM]","[PREMIUM]","[PREMIUM]","[PREMIUM]",false,false,"56d77ed8f80c4170dc000003","['5823759df80c415625c237a0']","[PREMIUM]","[PREMIUM]"
"6900f22a80b9030e56b78836","2026-03-16 05:47:29.723","2026-03-29 13:53:56.104","6900f22a80b9030e56b78836","Mac Demarco","music","2026-06-12 19:00:00","2026-06-12 18:00:00","2026-06-12 19:00:00",false,false,false,"[PREMIUM]","[PREMIUM]","[PREMIUM]","[PREMIUM]","[PREMIUM]","[PREMIUM]",false,true,"6984e34c7b3daf6a5dbacb6d","['5893f6b8f80c411a03d1a763']","[PREMIUM]","[PREMIUM]"
"6900f22a12856ce41fa5dfca","2026-03-16 05:47:29.723","2026-03-29 13:53:56.104","6900f22a12856ce41fa5dfca","Mac Demarco","music","2026-06-11 19:00:00","2026-06-11 18:00:00","2026-06-11 19:00:00",false,false,false,"[PREMIUM]","[PREMIUM]","[PREMIUM]","[PREMIUM]","[PREMIUM]","[PREMIUM]",false,true,"6984e34c7b3daf6a5dbacb6d","['5893f6b8f80c411a03d1a763']","[PREMIUM]","[PREMIUM]"
"69002fe6e2e690571fd5430c","2026-03-16 05:47:29.723","2026-03-29 13:53:56.104","69002fe6e2e690571fd5430c","Tig Notaro","comedy","2026-06-12 19:00:00","2026-06-13 02:00:00","2026-06-13 03:30:00",false,false,false,"[PREMIUM]","[PREMIUM]","[PREMIUM]","[PREMIUM]","[PREMIUM]","[PREMIUM]",false,true,"69b1d1d8df170cf31d09838f","['617076980dee690001326300']","[PREMIUM]","[PREMIUM]"
"69002a10571cef78e5704c98","2026-03-16 05:47:29.723","2026-03-29 13:53:56.104","69002a10571cef78e5704c98","Theresa Caputo","talk","2026-06-11 19:30:00","2026-06-11 23:30:00","2026-06-12 00:30:00",false,false,false,"[PREMIUM]","[PREMIUM]","[PREMIUM]","[PREMIUM]","[PREMIUM]","[PREMIUM]",false,false,"65ea68223323f06cbe36f75c","['59ca9cd625f2c57fb00e5622']","[PREMIUM]","[PREMIUM]"
"68fff3e9fc1c51413816ed96","2026-03-16 05:47:29.723","2026-03-29 13:54:07.146","68fff3e9fc1c51413816ed96","Mark Normand","comedy","2026-06-12 21:45:00","2026-06-13 04:45:00","2026-06-13 06:15:00",false,false,false,"[PREMIUM]","[PREMIUM]","[PREMIUM]","[PREMIUM]","[PREMIUM]","[PREMIUM]",false,false,"5e4eba0a0314bd003c689d18","['61f0937839f4c7000178cc25']","[PREMIUM]","[PREMIUM]"
"68fff3e9d25d2b3acf8fc7ae","2026-03-16 05:47:29.723","2026-03-29 13:53:56.104","68fff3e9d25d2b3acf8fc7ae","Mark Normand","comedy","2026-06-11 19:30:00","2026-06-12 02:30:00","2026-06-12 04:00:00",false,false,false,"[PREMIUM]","[PREMIUM]","[PREMIUM]","[PREMIUM]","[PREMIUM]","[PREMIUM]",false,false,"5e4eba0a0314bd003c689d18","['61f0937839f4c7000178cc25']","[PREMIUM]","[PREMIUM]"
"68fff3e93db21eaba546712f","2026-03-16 05:47:29.723","2026-03-29 13:53:56.104","68fff3e93db21eaba546712f","Mark Normand","comedy","2026-06-12 19:30:00","2026-06-13 02:30:00","2026-06-13 04:00:00",false,false,false,"[PREMIUM]","[PREMIUM]","[PREMIUM]","[PREMIUM]","[PREMIUM]","[PREMIUM]",false,false,"5e4eba0a0314bd003c689d18","['61f0937839f4c7000178cc25']","[PREMIUM]","[PREMIUM]"
"68faadf2e8032c90dfc6acfe","2026-03-16 05:47:29.723","2026-03-29 13:53:56.104","68faadf2e8032c90dfc6acfe","Grand Ole Opry","music","2026-06-11 19:00:00","2026-06-12 00:00:00","2026-06-12 00:00:00",false,false,false,"[PREMIUM]","[PREMIUM]","[PREMIUM]","[PREMIUM]","[PREMIUM]","[PREMIUM]",false,false,"61afb7b2b044210001765879","['64b6c9b2492ae800019f8726']","[PREMIUM]","[PREMIUM]"
"68faadf13c535d99dffe2f6d","2026-03-16 05:47:29.723","2026-03-29 13:53:56.104","68faadf13c535d99dffe2f6d","Grand Ole Opry","music","2026-06-12 19:00:00","2026-06-13 00:00:00","2026-06-13 00:00:00",false,false,false,"[PREMIUM]","[PREMIUM]","[PREMIUM]","[PREMIUM]","[PREMIUM]","[PREMIUM]",false,false,"61afb7b2b044210001765879","['64b6c9b2492ae800019f8726']","[PREMIUM]","[PREMIUM]"
"68faab5debf6613d24ba8f55","2026-03-16 05:47:29.723","2026-03-29 13:53:56.104","68faab5debf6613d24ba8f55","Blue Man Group","theater","2026-06-11 19:00:00","2026-06-11 23:00:00","2026-06-12 00:00:00",false,false,false,"[PREMIUM]","[PREMIUM]","[PREMIUM]","[PREMIUM]","[PREMIUM]","[PREMIUM]",false,false,"5ac3a83912b2b00014732ed2","['59d6a31925f2c554ce10100a']","[PREMIUM]","[PREMIUM]"
"68faab5deac08d3f88781e35","2026-03-16 05:47:29.723","2026-03-29 13:53:56.104","68faab5deac08d3f88781e35","Blue Man Group","theater","2026-06-12 19:00:00","2026-06-12 23:00:00","2026-06-13 00:00:00",false,false,false,"[PREMIUM]","[PREMIUM]","[PREMIUM]","[PREMIUM]","[PREMIUM]","[PREMIUM]",false,false,"5ac3a83912b2b00014732ed2","['59d6a31925f2c554ce10100a']","[PREMIUM]","[PREMIUM]"
"68fa62154c467fd4746419f9","2026-03-16 05:47:29.723","2026-03-29 13:53:56.104","68fa62154c467fd4746419f9","5 Seconds of Summer","music","2026-06-11 20:00:00","2026-06-12 00:00:00","2026-06-12 01:00:00",false,false,false,"[PREMIUM]","[PREMIUM]","[PREMIUM]","[PREMIUM]","[PREMIUM]","[PREMIUM]",false,false,"543ec2693bf3766621000004","['57928f4af80c41558f19e521']","[PREMIUM]","[PREMIUM]"
"68f960ee4f376e07eb3645f7","2026-03-16 05:47:29.723","2026-03-29 13:53:56.104","68f960ee4f376e07eb3645f7","Jo Dee Messina (Rescheduled from 4/25)","music","2026-06-11 20:00:00","2026-06-12 00:00:00","2026-06-12 00:00:00",false,false,false,"[PREMIUM]","[PREMIUM]","[PREMIUM]","[PREMIUM]","[PREMIUM]","[PREMIUM]",false,false,"5df01927c05cd60038ff0ea9","['654aeb5853af06b800b352db']","[PREMIUM]","[PREMIUM]"
"68f959ed78455775b22844d0","2026-03-16 05:47:29.723","2026-03-29 13:53:56.104","68f959ed78455775b22844d0","Winnipeg Goldeyes at Fargo-Moorhead RedHawks","milb","2026-06-12 00:00:00","2026-06-12 05:00:00","2026-06-12 06:30:00",false,true,false,"[PREMIUM]","[PREMIUM]","[PREMIUM]","[PREMIUM]","[PREMIUM]","[PREMIUM]",false,false,"6441c6eeb42f840001463db5","['64407b351da1df00012fd548','667d999492afeef5c7450292']","[PREMIUM]","[PREMIUM]"
"68f959ec53e03daed0907854","2026-03-16 05:47:29.723","2026-03-29 13:53:56.104","68f959ec53e03daed0907854","Kansas City Monarchs at Fargo-Moorhead RedHawks","milb","2026-06-11 00:00:00","2026-06-11 05:00:00","2026-06-11 06:30:00",false,true,false,"[PREMIUM]","[PREMIUM]","[PREMIUM]","[PREMIUM]","[PREMIUM]","[PREMIUM]",false,false,"6441c6eeb42f840001463db5","['64407b351da1df00012fd548','667d98888e6995d2803aa303']","[PREMIUM]","[PREMIUM]"
"68f8798878455775b22809f0","2026-03-16 05:47:29.723","2026-03-29 13:53:56.104","68f8798878455775b22809f0","Kansas City Monarchs at Sioux Falls Canaries","milb","2026-06-12 19:05:00","2026-06-13 00:05:00","2026-06-13 00:05:00",false,false,false,"[PREMIUM]","[PREMIUM]","[PREMIUM]","[PREMIUM]","[PREMIUM]","[PREMIUM]",false,false,"65ce6a4b1c4be019c9dd2bb4","['667d97310de323cd0e45c17b','667d98888e6995d2803aa303']","[PREMIUM]","[PREMIUM]"
"68f847dda0ba98513eb1c897","2026-03-16 05:47:29.723","2026-03-29 13:53:56.104","68f847dda0ba98513eb1c897","Lake Country DockHounds at Kane County Cougars","milb","2026-06-11 18:30:00","2026-06-11 23:30:00","2026-06-12 01:00:00",false,false,false,"[PREMIUM]","[PREMIUM]","[PREMIUM]","[PREMIUM]","[PREMIUM]","[PREMIUM]",false,false,"668c70404dd5513f00fe2444","['5a94795cf089fe00137b0c06','667dda2d56188b1281d545b0']","[PREMIUM]","[PREMIUM]"
"68f847dd2f25851d4563e278","2026-03-16 05:47:29.723","2026-03-29 13:53:56.104","68f847dd2f25851d4563e278","Gary SouthShore RailCats at Kane County Cougars","milb","2026-06-12 18:30:00","2026-06-12 23:30:00","2026-06-13 01:00:00",false,false,false,"[PREMIUM]","[PREMIUM]","[PREMIUM]","[PREMIUM]","[PREMIUM]","[PREMIUM]",false,false,"668c70404dd5513f00fe2444","['5a94795cf089fe00137b0c06','667dbc19b4e79a2c3b395848']","[PREMIUM]","[PREMIUM]"
"68f807fc4b8cf1f55d189d33","2026-03-16 05:47:29.723","2026-03-29 13:53:56.104","68f807fc4b8cf1f55d189d33","Riverdance - The New Generation","theater","2026-06-12 19:30:00","2026-06-13 00:30:00","2026-06-13 00:30:00",false,false,false,"[PREMIUM]","[PREMIUM]","[PREMIUM]","[PREMIUM]","[PREMIUM]","[PREMIUM]",false,false,"57a4e75cf80c417f4e9c45cd","['660edf87e888bc2ee59205ca']","[PREMIUM]","[PREMIUM]"
"68f69ad6f3a8afd8fe7453c7","2026-03-16 05:47:29.723","2026-03-29 13:53:56.104","68f69ad6f3a8afd8fe7453c7","Echo and The Bunnymen","music","2026-06-11 20:00:00","2026-06-12 00:00:00","2026-06-12 01:00:00",false,false,false,"[PREMIUM]","[PREMIUM]","[PREMIUM]","[PREMIUM]","[PREMIUM]","[PREMIUM]",false,false,"61b13a87c7a11f000118cffe","['57d09e47f80c410e19d28546']","[PREMIUM]","[PREMIUM]"
"68f3fb6b396f0a06555e4583","2026-03-16 05:47:29.723","2026-03-29 13:53:56.104","68f3fb6b396f0a06555e4583","The Outsiders","theater","2026-06-12 19:00:00","2026-06-12 23:00:00","2026-06-12 23:00:00",false,false,false,"[PREMIUM]","[PREMIUM]","[PREMIUM]","[PREMIUM]","[PREMIUM]","[PREMIUM]",true,false,"5ad8dbbee5ba620013159b21","['6542d2a8fdd787335382edb0']","[PREMIUM]","[PREMIUM]"
"68f3fb68f3a8afd8fe73506d","2026-03-16 05:47:29.723","2026-03-29 13:53:56.104","68f3fb68f3a8afd8fe73506d","The Outsiders","theater","2026-06-11 19:00:00","2026-06-11 23:00:00","2026-06-11 23:00:00",false,false,false,"[PREMIUM]","[PREMIUM]","[PREMIUM]","[PREMIUM]","[PREMIUM]","[PREMIUM]",false,false,"5ad8dbbee5ba620013159b21","['6542d2a8fdd787335382edb0']","[PREMIUM]","[PREMIUM]"
"68f2c45e367ff2509c7f45f4","2026-03-16 05:47:29.723","2026-03-29 13:53:56.104","68f2c45e367ff2509c7f45f4","State College Spikes at Trenton Thunder","milb","2026-06-12 19:00:00","2026-06-12 23:00:00","2026-06-12 23:00:00",false,false,false,"[PREMIUM]","[PREMIUM]","[PREMIUM]","[PREMIUM]","[PREMIUM]","[PREMIUM]",false,false,"686c39fde68397963a27956c","['6939f1b55c52bbb3188d89c9','6939ee8c4ca0378b0029b4b0']","[PREMIUM]","[PREMIUM]"
"68f2c3eac1b0791c61ccc1a7","2026-03-16 05:47:29.723","2026-03-29 13:53:56.104","68f2c3eac1b0791c61ccc1a7","State College Spikes at Aberdeen IronBirds","milb","2026-06-11 19:00:00","2026-06-11 23:00:00","2026-06-11 23:00:00",false,false,false,"[PREMIUM]","[PREMIUM]","[PREMIUM]","[PREMIUM]","[PREMIUM]","[PREMIUM]",false,false,"6737ca607fea1c9c64d0cca3","['653c1685a26453110216a61e','6939ee8c4ca0378b0029b4b0']","[PREMIUM]","[PREMIUM]"
"68f2c3b7989eb8cf825a6ad6","2026-03-16 05:47:29.723","2026-03-29 13:53:56.104","68f2c3b7989eb8cf825a6ad6","Trenton Thunder at West Virginia Black Bears","milb","2026-06-11 00:00:00","2026-06-11 04:00:00","2026-06-11 04:00:00",false,true,false,"[PREMIUM]","[PREMIUM]","[PREMIUM]","[PREMIUM]","[PREMIUM]","[PREMIUM]",false,false,"668f0e8608f6704e611cccf4","['6939efafd00f2fbef8bf1625','6939f1b55c52bbb3188d89c9']","[PREMIUM]","[PREMIUM]"
"68f2c311cfa405ebabb62c68","2026-03-16 05:47:29.723","2026-03-29 13:53:56.104","68f2c311cfa405ebabb62c68","Kinky Boots (13+ Event)","theater","2026-06-12 19:00:00","2026-06-13 00:00:00","2026-06-13 01:00:00",false,false,false,"[PREMIUM]","[PREMIUM]","[PREMIUM]","[PREMIUM]","[PREMIUM]","[PREMIUM]",false,false,"6543d9624820c1fccb717213","['58237d77f80c4116abfa0cab']","[PREMIUM]","[PREMIUM]"
"68f2c3113926446721f53ae4","2026-03-16 05:47:29.723","2026-03-29 13:53:56.104","68f2c3113926446721f53ae4","Kinky Boots (13+ Event)","theater","2026-06-11 19:00:00","2026-06-12 00:00:00","2026-06-12 01:00:00",false,false,false,"[PREMIUM]","[PREMIUM]","[PREMIUM]","[PREMIUM]","[PREMIUM]","[PREMIUM]",false,false,"6543d9624820c1fccb717213","['58237d77f80c4116abfa0cab']","[PREMIUM]","[PREMIUM]"
"68f2c0fe8c598b16dacf231d","2026-03-16 05:47:29.723","2026-03-29 13:54:07.146","68f2c0fe8c598b16dacf231d","Tyler Henry - Hollywood Medium","talk","2026-06-12 20:00:00","2026-06-13 03:00:00","2026-06-13 04:30:00",false,false,false,"[PREMIUM]","[PREMIUM]","[PREMIUM]","[PREMIUM]","[PREMIUM]","[PREMIUM]",false,false,"67e31244185bc65a83bce9c3","['6351c122f56c450001a12bc4']","[PREMIUM]","[PREMIUM]"
"68f25664a192f1b190f3a6e8","2026-03-16 05:47:29.723","2026-03-29 13:54:07.146","68f25664a192f1b190f3a6e8","Pete Holmes (21+ Event)","comedy","2026-06-12 21:30:00","2026-06-13 03:30:00","2026-06-13 05:00:00",false,false,false,"[PREMIUM]","[PREMIUM]","[PREMIUM]","[PREMIUM]","[PREMIUM]","[PREMIUM]",false,true,"649c6fe08a52ed00016ca5d0","['6335d6dc643c410001bb48b9']","[PREMIUM]","[PREMIUM]"
"68f25664765db723b8bb6f72","2026-03-16 05:47:29.723","2026-03-29 13:53:56.104","68f25664765db723b8bb6f72","Pete Holmes (21+ Event)","comedy","2026-06-11 19:30:00","2026-06-12 01:30:00","2026-06-12 03:00:00",false,false,false,"[PREMIUM]","[PREMIUM]","[PREMIUM]","[PREMIUM]","[PREMIUM]","[PREMIUM]",false,true,"649c6fe08a52ed00016ca5d0","['6335d6dc643c410001bb48b9']","[PREMIUM]","[PREMIUM]"
"68f256645426f76573731c79","2026-03-16 05:47:29.723","2026-03-29 13:53:56.104","68f256645426f76573731c79","Pete Holmes (21+ Event)","comedy","2026-06-12 19:15:00","2026-06-13 01:15:00","2026-06-13 02:45:00",false,false,false,"[PREMIUM]","[PREMIUM]","[PREMIUM]","[PREMIUM]","[PREMIUM]","[PREMIUM]",false,true,"649c6fe08a52ed00016ca5d0","['6335d6dc643c410001bb48b9']","[PREMIUM]","[PREMIUM]"
"68f190cc367ff2509c7ea52c","2026-03-16 05:47:29.723","2026-03-29 13:53:56.104","68f190cc367ff2509c7ea52c","Richard O'Brien's The Rocky Horror Show","theater","2026-06-11 20:30:00","2026-06-12 00:30:00","2026-06-12 00:30:00",false,false,false,"[PREMIUM]","[PREMIUM]","[PREMIUM]","[PREMIUM]","[PREMIUM]","[PREMIUM]",false,true,"67240f9403430b8acb6c7aa5","['652eb1c975a4c4339c280cb5']","[PREMIUM]","[PREMIUM]"
"68f190c826a2501c5d8d0095","2026-03-16 05:47:29.723","2026-03-29 13:54:07.146","68f190c826a2501c5d8d0095","Richard O'Brien's The Rocky Horror Show","theater","2026-06-12 20:00:00","2026-06-13 00:00:00","2026-06-13 00:00:00",false,false,false,"[PREMIUM]","[PREMIUM]","[PREMIUM]","[PREMIUM]","[PREMIUM]","[PREMIUM]",false,true,"67240f9403430b8acb6c7aa5","['652eb1c975a4c4339c280cb5']","[PREMIUM]","[PREMIUM]"
"68f190c6a5701c7cd9c26ffa","2026-03-16 05:47:29.723","2026-03-29 13:53:56.104","68f190c6a5701c7cd9c26ffa","Richard O'Brien's The Rocky Horror Show","theater","2026-06-11 15:00:00","2026-06-11 19:00:00","2026-06-11 19:00:00",false,false,false,"[PREMIUM]","[PREMIUM]","[PREMIUM]","[PREMIUM]","[PREMIUM]","[PREMIUM]",false,true,"67240f9403430b8acb6c7aa5","['652eb1c975a4c4339c280cb5']","[PREMIUM]","[PREMIUM]"
"68f18bdf8c598b16dace82d4","2026-03-16 05:47:29.723","2026-03-29 13:53:56.104","68f18bdf8c598b16dace82d4","ARCA Menards Series Race Mens Auto Racing","nascar","2026-06-12 15:00:00","2026-06-12 19:00:00","2026-06-12 20:30:00",false,false,false,"[PREMIUM]","[PREMIUM]","[PREMIUM]","[PREMIUM]","[PREMIUM]","[PREMIUM]",false,false,"63a5ec9858519400019ce9b6","['6994d070f0647cf8177fed6f']","[PREMIUM]","[PREMIUM]"
"68f155a0ee174d68b1884d43","2026-03-16 05:47:29.723","2026-03-29 13:53:56.104","68f155a0ee174d68b1884d43","Quebec Capitales at New York Boulders","milb","2026-06-11 00:00:00","2026-06-11 04:00:00","2026-06-11 04:00:00",false,true,false,"[PREMIUM]","[PREMIUM]","[PREMIUM]","[PREMIUM]","[PREMIUM]","[PREMIUM]",false,false,"662811d17949f657ebce3e87","['6633f44470de9efa69d61129','64e974b671f3bd0001b201ba']","[PREMIUM]","[PREMIUM]"
"68f153da754fe6362dece57f","2026-03-16 05:47:29.723","2026-03-29 13:54:07.146","68f153da754fe6362dece57f","Dita Von Teese (18+ Event)","theater","2026-06-12 21:00:00","2026-06-13 04:00:00","2026-06-13 05:30:00",false,false,false,"[PREMIUM]","[PREMIUM]","[PREMIUM]","[PREMIUM]","[PREMIUM]","[PREMIUM]",false,false,"64f0f65292050c0001006ed0","['632249ed0ceda50001bec4ad']","[PREMIUM]","[PREMIUM]"
"68f153da396f0a06555cc67b","2026-03-16 05:47:29.723","2026-03-29 13:53:56.104","68f153da396f0a06555cc67b","Dita Von Teese (18+ Event)","theater","2026-06-11 20:00:00","2026-06-12 03:00:00","2026-06-12 04:30:00",false,false,false,"[PREMIUM]","[PREMIUM]","[PREMIUM]","[PREMIUM]","[PREMIUM]","[PREMIUM]",false,false,"64f0f65292050c0001006ed0","['632249ed0ceda50001bec4ad']","[PREMIUM]","[PREMIUM]"
"68f1375d0d6dafb582d579b2","2026-03-16 05:47:29.723","2026-03-29 13:54:07.146","68f1375d0d6dafb582d579b2","The Last Dinner Party","music","2026-06-12 20:00:00","2026-06-13 00:00:00","2026-06-13 00:00:00",false,false,false,"[PREMIUM]","[PREMIUM]","[PREMIUM]","[PREMIUM]","[PREMIUM]","[PREMIUM]",false,false,"57c61b84f80c4132e4199029","['651204faf91cc02d7e07713f']","[PREMIUM]","[PREMIUM]"
"68f00af6a0ba98513eade9f4","2026-03-16 05:47:29.723","2026-03-29 13:53:56.104","68f00af6a0ba98513eade9f4","Hadestown","theater","2026-06-11 20:00:00","2026-06-12 01:00:00","2026-06-12 02:30:00",false,false,false,"[PREMIUM]","[PREMIUM]","[PREMIUM]","[PREMIUM]","[PREMIUM]","[PREMIUM]",false,false,"5792b3abf80c410b5129fe3f","['5cd4713c51c17b0014fd5005']","[PREMIUM]","[PREMIUM]"
"68f00af64a32a26b1a01a1d2","2026-03-16 05:47:29.723","2026-03-29 13:54:07.146","68f00af64a32a26b1a01a1d2","Hadestown","theater","2026-06-12 20:00:00","2026-06-13 01:00:00","2026-06-13 02:30:00",false,false,false,"[PREMIUM]","[PREMIUM]","[PREMIUM]","[PREMIUM]","[PREMIUM]","[PREMIUM]",false,false,"5792b3abf80c410b5129fe3f","['5cd4713c51c17b0014fd5005']","[PREMIUM]","[PREMIUM]"
"68ef28728c598b16dacd3ead","2026-03-16 05:47:29.723","2026-03-29 13:53:56.104","68ef28728c598b16dacd3ead","The Great Gatsby","theater","2026-06-12 19:00:00","2026-06-12 23:00:00","2026-06-12 23:00:00",false,false,false,"[PREMIUM]","[PREMIUM]","[PREMIUM]","[PREMIUM]","[PREMIUM]","[PREMIUM]",false,false,"5825256ccde6626ebe5710e4","['65b977c239e21fd436bbe2e8']","[PREMIUM]","[PREMIUM]"
"68ef28708fcfa2622c05e578","2026-03-16 05:47:29.723","2026-03-29 13:53:56.104","68ef28708fcfa2622c05e578","The Great Gatsby","theater","2026-06-11 14:00:00","2026-06-11 18:00:00","2026-06-11 18:00:00",false,false,false,"[PREMIUM]","[PREMIUM]","[PREMIUM]","[PREMIUM]","[PREMIUM]","[PREMIUM]",true,false,"5825256ccde6626ebe5710e4","['65b977c239e21fd436bbe2e8']","[PREMIUM]","[PREMIUM]"
"68ef287088ee2bbc167b05cc","2026-03-16 05:47:29.723","2026-03-29 13:53:56.104","68ef287088ee2bbc167b05cc","The Great Gatsby","theater","2026-06-11 20:00:00","2026-06-12 00:00:00","2026-06-12 00:00:00",false,false,false,"[PREMIUM]","[PREMIUM]","[PREMIUM]","[PREMIUM]","[PREMIUM]","[PREMIUM]",false,false,"5825256ccde6626ebe5710e4","['65b977c239e21fd436bbe2e8']","[PREMIUM]","[PREMIUM]"
"68eeeaccee174d68b186fc72","2026-03-16 05:47:29.723","2026-03-29 13:53:56.104","68eeeaccee174d68b186fc72","Akaash Singh","comedy","2026-06-12 19:00:00","2026-06-13 00:00:00","2026-06-13 00:00:00",false,false,false,"[PREMIUM]","[PREMIUM]","[PREMIUM]","[PREMIUM]","[PREMIUM]","[PREMIUM]",false,false,"6515da9fc27e4b1f0476a249","['6527f81073e1670baacb1369']","[PREMIUM]","[PREMIUM]"
"68eeeacc2611fdbb94ff6012","2026-03-16 05:47:29.723","2026-03-29 13:54:07.146","68eeeacc2611fdbb94ff6012","Akaash Singh","comedy","2026-06-12 21:45:00","2026-06-13 02:45:00","2026-06-13 02:45:00",false,false,false,"[PREMIUM]","[PREMIUM]","[PREMIUM]","[PREMIUM]","[PREMIUM]","[PREMIUM]",false,false,"6515da9fc27e4b1f0476a249","['6527f81073e1670baacb1369']","[PREMIUM]","[PREMIUM]"
"68eed6532611fdbb94ff54ad","2026-03-16 05:47:29.723","2026-03-29 13:53:56.104","68eed6532611fdbb94ff54ad","DAVID - Play","theater","2026-06-12 19:30:00","2026-06-13 00:30:00","2026-06-13 00:30:00",false,false,false,"[PREMIUM]","[PREMIUM]","[PREMIUM]","[PREMIUM]","[PREMIUM]","[PREMIUM]",false,false,"67ae894622430c8efd16b166","['67b52c0742115155aa84be95']","[PREMIUM]","[PREMIUM]"
"68eed652754fe6362deb895e","2026-03-16 05:47:29.723","2026-03-29 13:53:56.104","68eed652754fe6362deb895e","DAVID - Play","theater","2026-06-12 15:30:00","2026-06-12 20:30:00","2026-06-12 20:30:00",false,false,false,"[PREMIUM]","[PREMIUM]","[PREMIUM]","[PREMIUM]","[PREMIUM]","[PREMIUM]",false,false,"67ae894622430c8efd16b166","['67b52c0742115155aa84be95']","[PREMIUM]","[PREMIUM]"
"68eed64f9d9d4fff611a6d1b","2026-03-16 05:47:29.723","2026-03-29 13:53:56.104","68eed64f9d9d4fff611a6d1b","DAVID - Play","theater","2026-06-11 15:30:00","2026-06-11 20:30:00","2026-06-11 20:30:00",false,false,false,"[PREMIUM]","[PREMIUM]","[PREMIUM]","[PREMIUM]","[PREMIUM]","[PREMIUM]",false,false,"67ae894622430c8efd16b166","['67b52c0742115155aa84be95']","[PREMIUM]","[PREMIUM]"
"68eecff579e10c34c9e8a564","2026-03-16 05:47:29.723","2026-03-29 13:53:56.104","68eecff579e10c34c9e8a564","Cirque du Soleil Mystere","theater","2026-06-12 18:00:00","2026-06-13 01:00:00","2026-06-13 02:30:00",false,false,false,"[PREMIUM]","[PREMIUM]","[PREMIUM]","[PREMIUM]","[PREMIUM]","[PREMIUM]",false,true,"65d54598ac5c06aebc3ffd1a","['63bc788bc2c409000116670e']","[PREMIUM]","[PREMIUM]"
"68eecff40d92bb0dc75ffba5","2026-03-16 05:47:29.723","2026-03-29 13:54:07.146","68eecff40d92bb0dc75ffba5","Cirque du Soleil Mystere","theater","2026-06-12 20:30:00","2026-06-13 03:30:00","2026-06-13 05:00:00",false,false,false,"[PREMIUM]","[PREMIUM]","[PREMIUM]","[PREMIUM]","[PREMIUM]","[PREMIUM]",false,true,"65d54598ac5c06aebc3ffd1a","['63bc788bc2c409000116670e']","[PREMIUM]","[PREMIUM]"
"68eeb45b765db723b8b97c79","2026-03-16 05:47:29.723","2026-03-29 13:53:56.104","68eeb45b765db723b8b97c79","Cats - The Jellicle Ball","theater","2026-06-11 19:00:00","2026-06-11 23:00:00","2026-06-12 00:30:00",false,false,false,"[PREMIUM]","[PREMIUM]","[PREMIUM]","[PREMIUM]","[PREMIUM]","[PREMIUM]",true,false,"5a9ed0d3aade21001363cda7","['5a99a153ccb7ce0014f78794']","[PREMIUM]","[PREMIUM]"
"68eeb3a4a192f1b190f1baf7","2026-03-16 05:47:29.723","2026-03-29 13:53:56.104","68eeb3a4a192f1b190f1baf7","Cats - The Jellicle Ball","theater","2026-06-12 19:00:00","2026-06-12 23:00:00","2026-06-13 00:30:00",false,false,false,"[PREMIUM]","[PREMIUM]","[PREMIUM]","[PREMIUM]","[PREMIUM]","[PREMIUM]",true,false,"5a9ed0d3aade21001363cda7","['5a99a153ccb7ce0014f78794']","[PREMIUM]","[PREMIUM]"
"68eac291ee174d68b1856dc6","2026-03-16 05:47:29.723","2026-03-29 13:53:56.104","68eac291ee174d68b1856dc6","Colin Cloud","other","2026-06-11 18:00:00","2026-06-12 01:00:00","2026-06-12 01:00:00",false,false,false,"[PREMIUM]","[PREMIUM]","[PREMIUM]","[PREMIUM]","[PREMIUM]","[PREMIUM]",false,false,"65f200855af108e82a8c4c7a","['6633cd9c782a3e17d4960275']","[PREMIUM]","[PREMIUM]"
"68eac28f4b8cf1f55d12b363","2026-03-16 05:47:29.723","2026-03-29 13:53:56.104","68eac28f4b8cf1f55d12b363","Colin Cloud","other","2026-06-12 18:00:00","2026-06-13 01:00:00","2026-06-13 01:00:00",false,false,false,"[PREMIUM]","[PREMIUM]","[PREMIUM]","[PREMIUM]","[PREMIUM]","[PREMIUM]",false,false,"65f200855af108e82a8c4c7a","['6633cd9c782a3e17d4960275']","[PREMIUM]","[PREMIUM]"
"68e9bf7c367ff2509c7b580f","2026-03-16 05:47:29.723","2026-03-29 13:53:56.104","68e9bf7c367ff2509c7b580f","Savannah Bananas at The Firefighters","other","2026-06-11 19:00:00","2026-06-12 00:00:00","2026-06-12 01:30:00",false,false,false,"[PREMIUM]","[PREMIUM]","[PREMIUM]","[PREMIUM]","[PREMIUM]","[PREMIUM]",false,false,"591413cf49850a61e4740cb0","['6361a6f8fb012800014ddd8e','6526c334d8b39fcc8ed5622a']","[PREMIUM]","[PREMIUM]"
"68e9a81c88ee2bbc1678f0d8","2026-03-16 05:47:29.723","2026-03-29 13:53:56.104","68e9a81c88ee2bbc1678f0d8","Party Animals at Loco Beach Coconuts","other","2026-06-11 23:59:00","2026-06-12 03:59:00","2026-06-12 05:29:00",false,true,false,"[PREMIUM]","[PREMIUM]","[PREMIUM]","[PREMIUM]","[PREMIUM]","[PREMIUM]",false,false,"67240dead798e0f554ccea86","['6361a792f191f10001d6aad6']","[PREMIUM]","[PREMIUM]"
"68e8fbb5d76e58d1a7fc1c9c","2026-03-16 05:47:29.723","2026-03-29 13:53:56.104","68e8fbb5d76e58d1a7fc1c9c","MJ Live - Michael Jackson Tribute Show","music","2026-06-11 19:00:00","2026-06-12 02:00:00","2026-06-12 02:00:00",false,false,false,"[PREMIUM]","[PREMIUM]","[PREMIUM]","[PREMIUM]","[PREMIUM]","[PREMIUM]",false,true,"676f3ef81c9f99c67660f467","['665f3aec7032d92a83b67766']","[PREMIUM]","[PREMIUM]"
"68e8fbb155db884ae15550be","2026-03-16 05:47:29.723","2026-03-29 13:53:56.104","68e8fbb155db884ae15550be","MJ Live - Michael Jackson Tribute Show","music","2026-06-12 19:00:00","2026-06-13 02:00:00","2026-06-13 02:00:00",false,false,false,"[PREMIUM]","[PREMIUM]","[PREMIUM]","[PREMIUM]","[PREMIUM]","[PREMIUM]",false,true,"676f3ef81c9f99c67660f467","['665f3aec7032d92a83b67766']","[PREMIUM]","[PREMIUM]"
"68e73704431236a0b63ec897","2026-03-16 05:47:29.723","2026-03-29 13:53:56.104","68e73704431236a0b63ec897","Joliet Slammers at Mississippi Mud Monsters","milb","2026-06-12 00:00:00","2026-06-12 05:00:00","2026-06-12 05:00:00",false,true,false,"[PREMIUM]","[PREMIUM]","[PREMIUM]","[PREMIUM]","[PREMIUM]","[PREMIUM]",false,false,"66db7cf03df735f1aaf3f651","['6937518ca485725dfe8d0a99']","[PREMIUM]","[PREMIUM]"
"68e737034b8cf1f55d112fb2","2026-03-16 05:47:29.723","2026-03-29 13:53:56.104","68e737034b8cf1f55d112fb2","Joliet Slammers at Mississippi Mud Monsters","milb","2026-06-11 00:00:00","2026-06-11 05:00:00","2026-06-11 05:00:00",false,true,false,"[PREMIUM]","[PREMIUM]","[PREMIUM]","[PREMIUM]","[PREMIUM]","[PREMIUM]",false,false,"66db7cf03df735f1aaf3f651","['6937518ca485725dfe8d0a99']","[PREMIUM]","[PREMIUM]"
"68e7076a88ee2bbc1677b378","2026-03-16 05:47:29.723","2026-03-29 13:53:56.104","68e7076a88ee2bbc1677b378","Tri-City Valley Cats at Trois-Rivieres Aigles","milb","2026-06-11 00:00:00","2026-06-11 04:00:00","2026-06-11 04:00:00",false,true,false,"[PREMIUM]","[PREMIUM]","[PREMIUM]","[PREMIUM]","[PREMIUM]","[PREMIUM]",false,false,"64e686c008104900015adb4d","['64dcf003e532140001b84a92','64ecd8b4fb38af0001ba4e19']","[PREMIUM]","[PREMIUM]"
"68e70769ec301e58d6ec0086","2026-03-16 05:47:29.723","2026-03-29 13:53:56.104","68e70769ec301e58d6ec0086","Ottawa Titans at Trois-Rivieres Aigles","milb","2026-06-12 00:00:00","2026-06-12 04:00:00","2026-06-12 04:00:00",false,true,false,"[PREMIUM]","[PREMIUM]","[PREMIUM]","[PREMIUM]","[PREMIUM]","[PREMIUM]",false,false,"64e686c008104900015adb4d","['64dcf003e532140001b84a92','64db91b40dfe8d0001c84ab8']","[PREMIUM]","[PREMIUM]"
"68e6cc526fb30e4f66f735bf","2026-03-16 05:47:29.723","2026-03-29 13:53:56.104","68e6cc526fb30e4f66f735bf","New Jersey Jackals at Washington Wild Things","milb","2026-06-12 00:00:00","2026-06-12 04:00:00","2026-06-12 04:00:00",false,true,false,"[PREMIUM]","[PREMIUM]","[PREMIUM]","[PREMIUM]","[PREMIUM]","[PREMIUM]",false,false,"67e594e63d30140f80c0f797","['6724fa3fd798e0f554ccebb9','64db9b4ff23cfb000157344e']","[PREMIUM]","[PREMIUM]"
"68e6c7cde783dab48f757edf","2026-03-16 05:47:29.723","2026-03-29 13:53:56.104","68e6c7cde783dab48f757edf","Trois-Rivieres Aigles at Schaumburg Boomers","milb","2026-06-12 18:30:00","2026-06-12 23:30:00","2026-06-12 23:30:00",false,false,false,"[PREMIUM]","[PREMIUM]","[PREMIUM]","[PREMIUM]","[PREMIUM]","[PREMIUM]",false,false,"67e312563d30140f80c0e458","['69431a0968752892781d204e','64dcf003e532140001b84a92']","[PREMIUM]","[PREMIUM]"
"68e6bc92805458d04566044f","2026-03-16 05:47:29.723","2026-03-29 13:53:56.104","68e6bc92805458d04566044f","Rush","music","2026-06-11 19:30:00","2026-06-12 02:30:00","2026-06-12 02:30:00",false,false,false,"[PREMIUM]","[PREMIUM]","[PREMIUM]","[PREMIUM]","[PREMIUM]","[PREMIUM]",false,false,"55d51982f80c41210c000002","['68e3d501e9d137f3afb4aca5']","[PREMIUM]","[PREMIUM]"
"68e6abf107c02f61df3be8d8","2026-03-16 05:47:29.723","2026-03-29 13:53:56.104","68e6abf107c02f61df3be8d8","Six the Musical","theater","2026-06-11 19:00:00","2026-06-11 23:00:00","2026-06-12 00:30:00",false,false,false,"[PREMIUM]","[PREMIUM]","[PREMIUM]","[PREMIUM]","[PREMIUM]","[PREMIUM]",false,false,"5a9ed1883d72840013fdb247","['641a21f065ff5c00019e582a']","[PREMIUM]","[PREMIUM]"
"68e6ab7a95dfebb5ed2ac94a","2026-03-16 05:47:29.723","2026-03-29 13:53:56.104","68e6ab7a95dfebb5ed2ac94a","SIX - The Musical","theater","2026-06-12 19:00:00","2026-06-12 23:00:00","2026-06-13 00:30:00",false,false,false,"[PREMIUM]","[PREMIUM]","[PREMIUM]","[PREMIUM]","[PREMIUM]","[PREMIUM]",false,false,"5a9ed1883d72840013fdb247","['641a21f065ff5c00019e582a']","[PREMIUM]","[PREMIUM]"
"68e5eebb34848728fb39689b","2026-03-16 05:47:29.723","2026-03-29 13:53:56.104","68e5eebb34848728fb39689b","Schaumburg Boomers at Evansville Otters","milb","2026-06-12 00:00:00","2026-06-12 05:00:00","2026-06-12 05:00:00",false,true,false,"[PREMIUM]","[PREMIUM]","[PREMIUM]","[PREMIUM]","[PREMIUM]","[PREMIUM]",false,false,"689d15793327c9a188774d28","['67240a7fd8b0c8eaa4034ff1','69431a0968752892781d204e']","[PREMIUM]","[PREMIUM]"
"68e5ec7b6a3ae25be3a56e64","2026-03-16 05:47:29.723","2026-03-29 13:53:56.104","68e5ec7b6a3ae25be3a56e64","Quebec Capitales at Brockton Rox","milb","2026-06-12 00:00:00","2026-06-12 04:00:00","2026-06-12 04:00:00",false,true,false,"[PREMIUM]","[PREMIUM]","[PREMIUM]","[PREMIUM]","[PREMIUM]","[PREMIUM]",false,false,"67787a60f61e90e979969988","['693750cc9a3962814a2fc65a','64e974b671f3bd0001b201ba']","[PREMIUM]","[PREMIUM]"
"68e5d05ec3827b81786c6847","2026-03-16 05:47:29.723","2026-03-29 13:53:56.104","68e5d05ec3827b81786c6847","New York Boulders at Tri-City ValleyCats","milb","2026-06-12 18:30:00","2026-06-12 22:30:00","2026-06-12 22:30:00",false,false,false,"[PREMIUM]","[PREMIUM]","[PREMIUM]","[PREMIUM]","[PREMIUM]","[PREMIUM]",false,false,"68963db4b5495caa5394cac7","['64ecd8b4fb38af0001ba4e19','6633f44470de9efa69d61129']","[PREMIUM]","[PREMIUM]"
"68e593b1dd02e29baaa3b567","2026-03-16 05:47:29.723","2026-03-29 13:53:56.104","68e593b1dd02e29baaa3b567","Stockyards Championship Rodeo","pbr","2026-06-12 19:30:00","2026-06-13 00:30:00","2026-06-13 02:00:00",false,false,false,"[PREMIUM]","[PREMIUM]","[PREMIUM]","[PREMIUM]","[PREMIUM]","[PREMIUM]",false,false,"644977b2de0c2d0001065614","['6449a6e95f31680001721f3f']","[PREMIUM]","[PREMIUM]"
"68e544157764dcf3cbf2405a","2026-03-16 05:47:29.723","2026-03-29 13:53:56.104","68e544157764dcf3cbf2405a","2026 Rock the South - Friday","music","2026-06-12 00:00:00","2026-06-12 05:00:00","2026-06-12 06:30:00",false,true,false,"[PREMIUM]","[PREMIUM]","[PREMIUM]","[PREMIUM]","[PREMIUM]","[PREMIUM]",false,true,"695c111e3af928c3586258f4","['61faf51603ac020001ebfaf7']","[PREMIUM]","[PREMIUM]"
"68e544156a3ae25be3a5212a","2026-03-16 05:47:29.723","2026-03-29 13:53:56.104","68e544156a3ae25be3a5212a","2026 Rock the South - 3 Day Pass (6/11 - 6/13) (Jason Aldean, Riley Green, Zach Top)","music","2026-06-11 09:59:00","2026-06-11 14:59:00","2026-06-11 16:29:00",false,false,false,"[PREMIUM]","[PREMIUM]","[PREMIUM]","[PREMIUM]","[PREMIUM]","[PREMIUM]",false,true,"695c111e3af928c3586258f4","['61faf51603ac020001ebfaf7','5893d257f80c413137037d7c','5b298a071c29f9001205dec6','66981a13328a8fec39b90cd2']","[PREMIUM]","[PREMIUM]"
"68e53b9f3d9736bb16119085","2026-03-16 05:47:29.723","2026-03-29 13:53:56.104","68e53b9f3d9736bb16119085","Hardy","music","2026-06-12 19:00:00","2026-06-12 23:00:00","2026-06-13 00:30:00",false,false,false,"[PREMIUM]","[PREMIUM]","[PREMIUM]","[PREMIUM]","[PREMIUM]","[PREMIUM]",false,false,"58f68f9849850a61e42cc6ec","['5d77ded8fa4b6b0038b5b866']","[PREMIUM]","[PREMIUM]"
"68e53b62776b4e0a4ad50b8c","2026-03-16 05:47:29.723","2026-03-29 13:53:56.104","68e53b62776b4e0a4ad50b8c","Hardy","music","2026-06-11 19:00:00","2026-06-11 23:00:00","2026-06-12 00:30:00",false,false,false,"[PREMIUM]","[PREMIUM]","[PREMIUM]","[PREMIUM]","[PREMIUM]","[PREMIUM]",false,false,"57913853f80c416eb20b7109","['5d77ded8fa4b6b0038b5b866']","[PREMIUM]","[PREMIUM]"
"68e47dd8de1d2017ee648f63","2026-03-16 05:47:29.723","2026-03-29 13:53:56.104","68e47dd8de1d2017ee648f63","Olivia Dean (16+ Event)","music","2026-06-12 18:30:00","2026-06-12 17:30:00","2026-06-12 17:30:00",false,false,false,"[PREMIUM]","[PREMIUM]","[PREMIUM]","[PREMIUM]","[PREMIUM]","[PREMIUM]",false,false,"677728a859b7a0bc3ee85169","['64d509f4c782f500014f4df7']","[PREMIUM]","[PREMIUM]"
"68e47dd824c9ae729aa3ccbe","2026-03-16 05:47:29.723","2026-03-29 13:53:56.104","68e47dd824c9ae729aa3ccbe","Olivia Dean (16+ Event)","music","2026-06-11 18:30:00","2026-06-11 17:30:00","2026-06-11 17:30:00",false,false,false,"[PREMIUM]","[PREMIUM]","[PREMIUM]","[PREMIUM]","[PREMIUM]","[PREMIUM]",false,false,"677728a859b7a0bc3ee85169","['64d509f4c782f500014f4df7']","[PREMIUM]","[PREMIUM]"
"68e448713ec03f4dc2925298","2026-03-16 05:47:29.723","2026-03-29 13:53:56.104","68e448713ec03f4dc2925298","PBR Stockyards Showcase Bull Riding","pbr","2026-06-11 19:30:00","2026-06-12 00:30:00","2026-06-12 01:15:00",false,false,false,"[PREMIUM]","[PREMIUM]","[PREMIUM]","[PREMIUM]","[PREMIUM]","[PREMIUM]",false,false,"644977b2de0c2d0001065614","['57f6d43cf80c416e9747f0b0']","[PREMIUM]","[PREMIUM]"
"68e1311dd02d09ff2cf23726","2026-03-16 05:47:29.723","2026-03-29 13:53:56.104","68e1311dd02d09ff2cf23726","Hadestown","theater","2026-06-11 19:00:00","2026-06-11 23:00:00","2026-06-12 00:30:00",false,false,false,"[PREMIUM]","[PREMIUM]","[PREMIUM]","[PREMIUM]","[PREMIUM]","[PREMIUM]",false,false,"5997347a9da0d48c0d33a3a1","['5cd4713c51c17b0014fd5005']","[PREMIUM]","[PREMIUM]"
"68e1311b3203454f2876a221","2026-03-16 05:47:29.723","2026-03-29 13:53:56.104","68e1311b3203454f2876a221","Hadestown","theater","2026-06-12 19:00:00","2026-06-12 23:00:00","2026-06-13 00:30:00",false,false,false,"[PREMIUM]","[PREMIUM]","[PREMIUM]","[PREMIUM]","[PREMIUM]","[PREMIUM]",false,false,"5997347a9da0d48c0d33a3a1","['5cd4713c51c17b0014fd5005']","[PREMIUM]","[PREMIUM]"
"68df19fcac3ba27f1b72969c","2026-03-16 05:47:29.723","2026-03-29 13:53:56.104","68df19fcac3ba27f1b72969c","Les Miserables","theater","2026-06-11 20:45:00","2026-06-12 02:45:00","2026-06-12 04:15:00",false,false,false,"[PREMIUM]","[PREMIUM]","[PREMIUM]","[PREMIUM]","[PREMIUM]","[PREMIUM]",false,false,"67ae2e6dd8e9f1fad00065e7","['5a997c61266a5f0012e626fe']","[PREMIUM]","[PREMIUM]"
"68de1e4d33761b38d06d0e9b","2026-03-16 05:47:29.723","2026-03-29 13:53:56.104","68de1e4d33761b38d06d0e9b","Las Vegas Live Comedy Club (16+ Event)","comedy","2026-06-11 21:00:00","2026-06-12 04:00:00","2026-06-12 04:00:00",false,false,false,"[PREMIUM]","[PREMIUM]","[PREMIUM]","[PREMIUM]","[PREMIUM]","[PREMIUM]",false,true,"65c68eea463851cc713158ae","['661039cd173b6a4933dc5756']","[PREMIUM]","[PREMIUM]"
"68ddcdac776b4e0a4ad2489d","2026-03-16 05:47:29.723","2026-03-29 13:54:07.146","68ddcdac776b4e0a4ad2489d","Menopause the Musical","theater","2026-06-12 20:00:00","2026-06-13 03:00:00","2026-06-13 03:00:00",false,false,false,"[PREMIUM]","[PREMIUM]","[PREMIUM]","[PREMIUM]","[PREMIUM]","[PREMIUM]",false,true,"65f200855af108e82a8c4c7a","['65fdd5da0d1693a2ca558692']","[PREMIUM]","[PREMIUM]"
"68ddcdab9697281dd5f6129c","2026-03-16 05:47:29.723","2026-03-29 13:53:56.104","68ddcdab9697281dd5f6129c","Menopause the Musical","theater","2026-06-11 20:00:00","2026-06-12 03:00:00","2026-06-12 03:00:00",false,false,false,"[PREMIUM]","[PREMIUM]","[PREMIUM]","[PREMIUM]","[PREMIUM]","[PREMIUM]",false,true,"65f200855af108e82a8c4c7a","['65fdd5da0d1693a2ca558692']","[PREMIUM]","[PREMIUM]"
"68dd76cd208a33ac3516e223","2026-03-16 05:47:29.723","2026-03-29 13:53:56.104","68dd76cd208a33ac3516e223","Louis Tomlinson","music","2026-06-11 19:00:00","2026-06-12 02:00:00","2026-06-12 03:30:00",false,false,false,"[PREMIUM]","[PREMIUM]","[PREMIUM]","[PREMIUM]","[PREMIUM]","[PREMIUM]",false,false,"527012a83bf3765f04000006","['5db85451717387003a447e37']","[PREMIUM]","[PREMIUM]"
"68d99faebfe379e3a15e8737","2026-03-16 05:47:29.723","2026-03-29 13:53:56.104","68d99faebfe379e3a15e8737","The Mentalist (16+ Event)","theater","2026-06-11 19:30:00","2026-06-12 02:30:00","2026-06-12 02:30:00",false,false,false,"[PREMIUM]","[PREMIUM]","[PREMIUM]","[PREMIUM]","[PREMIUM]","[PREMIUM]",false,false,"65c68eea463851cc713158ae","['66103866817f6b034052f785']","[PREMIUM]","[PREMIUM]"
"68d944e7de1d2017ee5f9493","2026-03-16 05:47:29.723","2026-03-29 13:54:07.146","68d944e7de1d2017ee5f9493","Anastasia - Musical","theater","2026-06-12 20:00:00","2026-06-13 03:00:00","2026-06-13 04:30:00",false,false,false,"[PREMIUM]","[PREMIUM]","[PREMIUM]","[PREMIUM]","[PREMIUM]","[PREMIUM]",false,true,"67e3123dc46809dea4b32d8e","['5a9db553fc70f90015178aca']","[PREMIUM]","[PREMIUM]"
"68d944e7b94d421ab0ec76db","2026-03-16 05:47:29.723","2026-03-29 13:53:56.104","68d944e7b94d421ab0ec76db","Anastasia - Musical","theater","2026-06-11 19:30:00","2026-06-12 02:30:00","2026-06-12 04:00:00",false,false,false,"[PREMIUM]","[PREMIUM]","[PREMIUM]","[PREMIUM]","[PREMIUM]","[PREMIUM]",false,true,"67e3123dc46809dea4b32d8e","['5a9db553fc70f90015178aca']","[PREMIUM]","[PREMIUM]"
"68d86b68b94d421ab0ec2b98","2026-03-16 05:47:29.723","2026-03-29 13:53:56.104","68d86b68b94d421ab0ec2b98","Zombie Burlesque","theater","2026-06-11 20:00:00","2026-06-12 03:00:00","2026-06-12 03:00:00",false,false,false,"[PREMIUM]","[PREMIUM]","[PREMIUM]","[PREMIUM]","[PREMIUM]","[PREMIUM]",false,false,"65c68eea463851cc713158ae","['660f05a0a97cfd4a67e87779']","[PREMIUM]","[PREMIUM]"
"68d5e052675fe83adcb8803d","2026-03-16 05:47:29.723","2026-03-29 13:54:07.146","68d5e052675fe83adcb8803d","Cirque du Soleil Drawn to Life","theater","2026-06-12 20:00:00","2026-06-13 00:00:00","2026-06-13 00:00:00",false,false,false,"[PREMIUM]","[PREMIUM]","[PREMIUM]","[PREMIUM]","[PREMIUM]","[PREMIUM]",false,false,"67c24553c1fb487abd5f9b22","['65497e9b7655e1ea632d87b4']","[PREMIUM]","[PREMIUM]"
"68d5e05127c7b8c6ffb1917f","2026-03-16 05:47:29.723","2026-03-29 13:53:56.104","68d5e05127c7b8c6ffb1917f","Cirque du Soleil Drawn to Life","theater","2026-06-11 17:30:00","2026-06-11 21:30:00","2026-06-11 21:30:00",false,false,false,"[PREMIUM]","[PREMIUM]","[PREMIUM]","[PREMIUM]","[PREMIUM]","[PREMIUM]",false,false,"67c24553c1fb487abd5f9b22","['65497e9b7655e1ea632d87b4']","[PREMIUM]","[PREMIUM]"
"68d5e04f1c34e75a9f0df40f","2026-03-16 05:47:29.723","2026-03-29 13:53:56.104","68d5e04f1c34e75a9f0df40f","Cirque du Soleil Drawn to Life","theater","2026-06-12 17:30:00","2026-06-12 21:30:00","2026-06-12 21:30:00",false,false,false,"[PREMIUM]","[PREMIUM]","[PREMIUM]","[PREMIUM]","[PREMIUM]","[PREMIUM]",false,false,"67c24553c1fb487abd5f9b22","['65497e9b7655e1ea632d87b4']","[PREMIUM]","[PREMIUM]"
"68d5e04d9779ed06534824a8","2026-03-16 05:47:29.723","2026-03-29 13:53:56.104","68d5e04d9779ed06534824a8","Cirque du Soleil Drawn to Life","theater","2026-06-11 20:00:00","2026-06-12 00:00:00","2026-06-12 00:00:00",false,false,false,"[PREMIUM]","[PREMIUM]","[PREMIUM]","[PREMIUM]","[PREMIUM]","[PREMIUM]",false,false,"67c24553c1fb487abd5f9b22","['65497e9b7655e1ea632d87b4']","[PREMIUM]","[PREMIUM]"
"68d41e6497ab19190eb6c32a","2026-03-16 05:47:29.723","2026-03-29 13:53:56.104","68d41e6497ab19190eb6c32a","Rupauls Drag Race","theater","2026-06-12 19:00:00","2026-06-13 02:00:00","2026-06-13 03:30:00",false,false,false,"[PREMIUM]","[PREMIUM]","[PREMIUM]","[PREMIUM]","[PREMIUM]","[PREMIUM]",false,true,"64011f5f35ef8e000125b353","['61b13d70740dea0001470fd5']","[PREMIUM]","[PREMIUM]"
"68d41e6451dc534fcb6e5912","2026-03-16 05:47:29.723","2026-03-29 13:53:56.104","68d41e6451dc534fcb6e5912","Rupauls Drag Race","theater","2026-06-11 21:30:00","2026-06-12 04:30:00","2026-06-12 06:00:00",false,false,false,"[PREMIUM]","[PREMIUM]","[PREMIUM]","[PREMIUM]","[PREMIUM]","[PREMIUM]",false,true,"64011f5f35ef8e000125b353","['61b13d70740dea0001470fd5']","[PREMIUM]","[PREMIUM]"
"68d41e635a01d5c33df38f4f","2026-03-16 05:47:29.723","2026-03-29 13:54:07.146","68d41e635a01d5c33df38f4f","Rupauls Drag Race","theater","2026-06-12 21:30:00","2026-06-13 04:30:00","2026-06-13 06:00:00",false,false,false,"[PREMIUM]","[PREMIUM]","[PREMIUM]","[PREMIUM]","[PREMIUM]","[PREMIUM]",false,true,"64011f5f35ef8e000125b353","['61b13d70740dea0001470fd5']","[PREMIUM]","[PREMIUM]"
"68d3962d168fdf535e3ea62e","2026-03-16 05:47:29.723","2026-03-29 13:53:56.104","68d3962d168fdf535e3ea62e","2026 Reggae Rise Up - 3 Day Pass (6//12-6/14)","music","2026-06-12 00:00:00","2026-06-12 07:00:00","2026-06-12 07:00:00",false,true,false,"[PREMIUM]","[PREMIUM]","[PREMIUM]","[PREMIUM]","[PREMIUM]","[PREMIUM]",false,true,"67e31252a2665db1ef52e210","['67911674ff9146804b56e262']","[PREMIUM]","[PREMIUM]"
"68d355eb44f3ef5677957535","2026-03-16 05:47:29.723","2026-03-29 13:53:56.104","68d355eb44f3ef5677957535","Bellamy Brothers","music","2026-06-11 19:30:00","2026-06-12 00:30:00","2026-06-12 00:30:00",false,false,false,"[PREMIUM]","[PREMIUM]","[PREMIUM]","[PREMIUM]","[PREMIUM]","[PREMIUM]",false,true,"66db7e704a7c7d5ae077503c","['64ac6711589b050001ba8685']","[PREMIUM]","[PREMIUM]"
"68d2cfcacede508bc091fe6a","2026-03-16 05:47:29.723","2026-03-29 13:53:56.104","68d2cfcacede508bc091fe6a","Cirque du Soleil KA","theater","2026-06-10 20:30:00","2026-06-11 03:30:00","2026-06-11 04:00:00",false,false,false,"[PREMIUM]","[PREMIUM]","[PREMIUM]","[PREMIUM]","[PREMIUM]","[PREMIUM]",false,false,"62cdd6c24e408a00016016cb","['62c758fed5d13700012454ba']","[PREMIUM]","[PREMIUM]"
"68d2aef4814ebb684403d3aa","2026-03-16 05:47:29.723","2026-03-29 13:53:56.104","68d2aef4814ebb684403d3aa","Blue Man Group","theater","2026-06-11 17:00:00","2026-06-12 00:00:00","2026-06-12 01:00:00",false,false,false,"[PREMIUM]","[PREMIUM]","[PREMIUM]","[PREMIUM]","[PREMIUM]","[PREMIUM]",false,false,"62cc6fe874f0f100012e52f6","['59d6a31925f2c554ce10100a']","[PREMIUM]","[PREMIUM]"
"68d2aef275357e36982c36ed","2026-03-16 05:47:29.723","2026-03-29 13:53:56.104","68d2aef275357e36982c36ed","Blue Man Group","theater","2026-06-12 17:00:00","2026-06-13 00:00:00","2026-06-13 01:00:00",false,false,false,"[PREMIUM]","[PREMIUM]","[PREMIUM]","[PREMIUM]","[PREMIUM]","[PREMIUM]",false,false,"62cc6fe874f0f100012e52f6","['59d6a31925f2c554ce10100a']","[PREMIUM]","[PREMIUM]"
"68d2aed4302bab3cec897137","2026-03-16 05:47:29.723","2026-03-29 13:54:07.146","68d2aed4302bab3cec897137","Cirque du Soleil : O","theater","2026-06-12 21:00:00","2026-06-13 04:00:00","2026-06-13 04:00:00",false,false,false,"[PREMIUM]","[PREMIUM]","[PREMIUM]","[PREMIUM]","[PREMIUM]","[PREMIUM]",false,false,"568d94b2f80c417330000001","['65497e9b7655e1ea632d87b4']","[PREMIUM]","[PREMIUM]"
"68d2aebaee6dc107fe32cca9","2026-03-16 05:47:29.723","2026-03-29 13:54:07.146","68d2aebaee6dc107fe32cca9","Cirque du Soleil: Michael Jackson ONE","theater","2026-06-12 21:00:00","2026-06-13 04:00:00","2026-06-13 04:00:00",false,false,false,"[PREMIUM]","[PREMIUM]","[PREMIUM]","[PREMIUM]","[PREMIUM]","[PREMIUM]",false,false,"62cdd7543283f30001154846","['65497e9b7655e1ea632d87b4']","[PREMIUM]","[PREMIUM]"
"68d2aeba220af38af13dea74","2026-03-16 05:47:29.723","2026-03-29 13:53:56.104","68d2aeba220af38af13dea74","Cirque du Soleil: Michael Jackson ONE","theater","2026-06-11 18:30:00","2026-06-12 01:30:00","2026-06-12 01:30:00",false,false,false,"[PREMIUM]","[PREMIUM]","[PREMIUM]","[PREMIUM]","[PREMIUM]","[PREMIUM]",false,false,"62cdd7543283f30001154846","['65497e9b7655e1ea632d87b4']","[PREMIUM]","[PREMIUM]"
"68d2aeb77965bba4350cd16c","2026-03-16 05:47:29.723","2026-03-29 13:53:56.104","68d2aeb77965bba4350cd16c","Cirque du Soleil: Michael Jackson ONE","theater","2026-06-11 21:00:00","2026-06-12 04:00:00","2026-06-12 04:00:00",false,false,false,"[PREMIUM]","[PREMIUM]","[PREMIUM]","[PREMIUM]","[PREMIUM]","[PREMIUM]",false,false,"62cdd7543283f30001154846","['65497e9b7655e1ea632d87b4']","[PREMIUM]","[PREMIUM]"
"68d2aeaf78e2a6b276096283","2026-03-16 05:47:29.723","2026-03-29 13:53:56.104","68d2aeaf78e2a6b276096283","Cirque du Soleil : O","theater","2026-06-11 18:30:00","2026-06-12 01:30:00","2026-06-12 01:30:00",false,false,false,"[PREMIUM]","[PREMIUM]","[PREMIUM]","[PREMIUM]","[PREMIUM]","[PREMIUM]",false,false,"568d94b2f80c417330000001","['65497e9b7655e1ea632d87b4']","[PREMIUM]","[PREMIUM]"
"68d2aeac7965bba4350cd163","2026-03-16 05:47:29.723","2026-03-29 13:53:56.104","68d2aeac7965bba4350cd163","Cirque du Soleil : O","theater","2026-06-12 18:30:00","2026-06-13 01:30:00","2026-06-13 01:30:00",false,false,false,"[PREMIUM]","[PREMIUM]","[PREMIUM]","[PREMIUM]","[PREMIUM]","[PREMIUM]",false,false,"568d94b2f80c417330000001","['65497e9b7655e1ea632d87b4']","[PREMIUM]","[PREMIUM]"
"68d2aeab75357e36982c36b8","2026-03-16 05:47:29.723","2026-03-29 13:53:56.104","68d2aeab75357e36982c36b8","Cirque du Soleil: Michael Jackson ONE","theater","2026-06-12 18:30:00","2026-06-13 01:30:00","2026-06-13 01:30:00",false,false,false,"[PREMIUM]","[PREMIUM]","[PREMIUM]","[PREMIUM]","[PREMIUM]","[PREMIUM]",false,false,"62cdd7543283f30001154846","['65497e9b7655e1ea632d87b4']","[PREMIUM]","[PREMIUM]"
"68d2aea8b77c783eeb096f43","2026-03-16 05:47:29.723","2026-03-29 13:53:56.104","68d2aea8b77c783eeb096f43","Cirque du Soleil: O","theater","2026-06-10 21:00:00","2026-06-11 04:00:00","2026-06-11 04:00:00",false,false,false,"[PREMIUM]","[PREMIUM]","[PREMIUM]","[PREMIUM]","[PREMIUM]","[PREMIUM]",false,false,"568d94b2f80c417330000001","['65497e9b7655e1ea632d87b4']","[PREMIUM]","[PREMIUM]"
"68d2aea5929d937c4f8971cf","2026-03-16 05:47:29.723","2026-03-29 13:53:56.104","68d2aea5929d937c4f8971cf","Cirque du Soleil : O","theater","2026-06-11 21:00:00","2026-06-12 04:00:00","2026-06-12 04:00:00",false,false,false,"[PREMIUM]","[PREMIUM]","[PREMIUM]","[PREMIUM]","[PREMIUM]","[PREMIUM]",false,false,"568d94b2f80c417330000001","['65497e9b7655e1ea632d87b4']","[PREMIUM]","[PREMIUM]"
"68d1d06e78e2a6b27608e89b","2026-03-16 05:47:29.723","2026-03-29 13:53:56.104","68d1d06e78e2a6b27608e89b","Joe Russo's Almost Dead","music","2026-06-12 18:30:00","2026-06-12 22:30:00","2026-06-12 23:30:00",false,false,false,"[PREMIUM]","[PREMIUM]","[PREMIUM]","[PREMIUM]","[PREMIUM]","[PREMIUM]",false,true,"6813e92b4b5ce8f73ad45077","['5806ba44f80c41746f75cbdf']","[PREMIUM]","[PREMIUM]"
"68d1b05e3daffdf8f386aed7","2026-03-16 05:47:29.723","2026-03-29 13:54:07.146","68d1b05e3daffdf8f386aed7","The Lion King","theater","2026-06-12 20:00:00","2026-06-13 00:00:00","2026-06-13 01:00:00",false,false,false,"[PREMIUM]","[PREMIUM]","[PREMIUM]","[PREMIUM]","[PREMIUM]","[PREMIUM]",false,false,"5824bfc2cde6626ebe54af66","['5824bdb4f80c41531c0e9a2f']","[PREMIUM]","[PREMIUM]"
"68d1b05b4ec990671aac663b","2026-03-16 05:47:29.723","2026-03-29 13:53:56.104","68d1b05b4ec990671aac663b","The Lion King","theater","2026-06-11 19:00:00","2026-06-11 23:00:00","2026-06-12 00:00:00",false,false,false,"[PREMIUM]","[PREMIUM]","[PREMIUM]","[PREMIUM]","[PREMIUM]","[PREMIUM]",false,false,"5824bfc2cde6626ebe54af66","['5824bdb4f80c41531c0e9a2f']","[PREMIUM]","[PREMIUM]"
"68cdf5a4299fdb909bbc1c22","2026-03-16 05:47:29.723","2026-03-29 13:53:56.104","68cdf5a4299fdb909bbc1c22","Aladdin","theater","2026-06-11 19:00:00","2026-06-11 23:00:00","2026-06-12 00:00:00",false,false,false,"[PREMIUM]","[PREMIUM]","[PREMIUM]","[PREMIUM]","[PREMIUM]","[PREMIUM]",false,false,"5824ec61cde6626ebe562239","['5824e09bf80c4177ff0df05e']","[PREMIUM]","[PREMIUM]"
"68cd6f88e82c2a129c7b6d5d","2026-03-16 05:47:29.723","2026-03-29 13:54:07.146","68cd6f88e82c2a129c7b6d5d","Aladdin","theater","2026-06-12 20:00:00","2026-06-13 00:00:00","2026-06-13 01:00:00",false,false,false,"[PREMIUM]","[PREMIUM]","[PREMIUM]","[PREMIUM]","[PREMIUM]","[PREMIUM]",false,false,"5824ec61cde6626ebe562239","['5824e09bf80c4177ff0df05e']","[PREMIUM]","[PREMIUM]"
"68cca94de82c2a129c7b0967","2026-03-16 05:47:29.723","2026-03-29 13:53:56.104","68cca94de82c2a129c7b0967","Oh Mary","theater","2026-06-12 19:30:00","2026-06-12 23:30:00","2026-06-12 23:30:00",false,false,false,"[PREMIUM]","[PREMIUM]","[PREMIUM]","[PREMIUM]","[PREMIUM]","[PREMIUM]",false,false,"5ac67bcbd03fa4001318a3a8","['663a800860301e272fa2c5ca']","[PREMIUM]","[PREMIUM]"
"68cca94cae3e35d29816a9a6","2026-03-16 05:47:29.723","2026-03-29 13:53:56.104","68cca94cae3e35d29816a9a6","Oh Mary","theater","2026-06-11 19:30:00","2026-06-11 23:30:00","2026-06-11 23:30:00",false,false,false,"[PREMIUM]","[PREMIUM]","[PREMIUM]","[PREMIUM]","[PREMIUM]","[PREMIUM]",false,false,"5ac67bcbd03fa4001318a3a8","['663a800860301e272fa2c5ca']","[PREMIUM]","[PREMIUM]"
"68cca94c5f64141c331588d4","2026-03-16 05:47:29.723","2026-03-29 13:53:56.104","68cca94c5f64141c331588d4","Oh Mary","theater","2026-06-11 15:00:00","2026-06-11 19:00:00","2026-06-11 19:00:00",false,false,false,"[PREMIUM]","[PREMIUM]","[PREMIUM]","[PREMIUM]","[PREMIUM]","[PREMIUM]",false,false,"5ac67bcbd03fa4001318a3a8","['663a800860301e272fa2c5ca']","[PREMIUM]","[PREMIUM]"
"68cc8cafa396d3b43e3bb160","2026-03-16 05:47:29.723","2026-03-29 13:53:56.104","68cc8cafa396d3b43e3bb160","Piff the Magic Dragon","theater","2026-06-11 19:00:00","2026-06-12 02:00:00","2026-06-12 02:00:00",false,false,false,"[PREMIUM]","[PREMIUM]","[PREMIUM]","[PREMIUM]","[PREMIUM]","[PREMIUM]",false,true,"64011f5f35ef8e000125b353","['65281e8c817075bfb76e707e']","[PREMIUM]","[PREMIUM]"
"68cb75625538a77d4865fdd0","2026-03-16 05:47:29.723","2026-03-29 13:53:56.104","68cb75625538a77d4865fdd0","Machine Gun Kelly","music","2026-06-12 19:00:00","2026-06-12 23:00:00","2026-06-13 00:00:00",false,false,false,"[PREMIUM]","[PREMIUM]","[PREMIUM]","[PREMIUM]","[PREMIUM]","[PREMIUM]",false,false,"6569021763bd177555a97c21","['57d2fd59f80c410f22b2ac69']","[PREMIUM]","[PREMIUM]"
"68c895dfe2180ac821325788","2026-03-16 05:47:29.723","2026-03-29 13:53:56.104","68c895dfe2180ac821325788","Morgan Jay (16+ Event)","comedy","2026-06-12 19:00:00","2026-06-13 00:00:00","2026-06-13 00:00:00",false,false,false,"[PREMIUM]","[PREMIUM]","[PREMIUM]","[PREMIUM]","[PREMIUM]","[PREMIUM]",false,false,"61afd8da8c6aa10001fa7742","['6499b755ac708d0001618995']","[PREMIUM]","[PREMIUM]"
"68c8912f949adcf018842d79","2026-03-16 05:47:29.723","2026-03-29 13:53:56.104","68c8912f949adcf018842d79","Asking for Trouble - Colin Mochrie and Brad Sherwood","comedy","2026-06-11 19:30:00","2026-06-11 23:30:00","2026-06-12 01:00:00",false,false,false,"[PREMIUM]","[PREMIUM]","[PREMIUM]","[PREMIUM]","[PREMIUM]","[PREMIUM]",false,true,"67253035b0fb3e1009ac8637","['5dbc9f5803be540038bb42f6']","[PREMIUM]","[PREMIUM]"
"68c87769924c9cfa60a777ec","2026-03-16 05:47:29.723","2026-03-29 13:53:56.104","68c87769924c9cfa60a777ec","Asking for Trouble - Colin Mochrie and Brad Sherwood","comedy","2026-06-12 19:00:00","2026-06-12 23:00:00","2026-06-13 00:30:00",false,false,false,"[PREMIUM]","[PREMIUM]","[PREMIUM]","[PREMIUM]","[PREMIUM]","[PREMIUM]",false,false,"64306624e5e801000185b1f2","['5dbc9f5803be540038bb42f6']","[PREMIUM]","[PREMIUM]"
"68c85d86999869f207a46104","2026-03-16 05:47:29.723","2026-03-29 13:54:07.146","68c85d86999869f207a46104","Chelsea Handler","comedy","2026-06-12 20:00:00","2026-06-13 03:00:00","2026-06-13 04:30:00",false,false,false,"[PREMIUM]","[PREMIUM]","[PREMIUM]","[PREMIUM]","[PREMIUM]","[PREMIUM]",false,false,"57c8732cf80c4144770ff8ed","['5c74a2b1b44dee00155dd256']","[PREMIUM]","[PREMIUM]"
"68c1d2921009f755b0aa21d1","2026-03-16 05:47:29.723","2026-03-29 13:53:56.104","68c1d2921009f755b0aa21d1","Maybe Happy Ending","theater","2026-06-11 19:00:00","2026-06-11 23:00:00","2026-06-11 23:00:00",false,false,false,"[PREMIUM]","[PREMIUM]","[PREMIUM]","[PREMIUM]","[PREMIUM]","[PREMIUM]",false,true,"5ad8daf5fd8c160012a41dc9","['66709c22510c1cf7ec8b43de']","[PREMIUM]","[PREMIUM]"
"68c1d290b32dff286ce00de8","2026-03-16 05:47:29.723","2026-03-29 13:53:56.104","68c1d290b32dff286ce00de8","Maybe Happy Ending","theater","2026-06-12 19:00:00","2026-06-12 23:00:00","2026-06-12 23:00:00",false,false,false,"[PREMIUM]","[PREMIUM]","[PREMIUM]","[PREMIUM]","[PREMIUM]","[PREMIUM]",false,true,"5ad8daf5fd8c160012a41dc9","['66709c22510c1cf7ec8b43de']","[PREMIUM]","[PREMIUM]"
"68bf3a2eb732816139456e85","2026-03-16 05:47:29.723","2026-03-29 13:54:07.146","68bf3a2eb732816139456e85","RnB Lovers Tour - Keith Sweat, Joe, Dru Hill and Ginuwine","music","2026-06-12 20:00:00","2026-06-13 01:00:00","2026-06-13 02:00:00",false,false,false,"[PREMIUM]","[PREMIUM]","[PREMIUM]","[PREMIUM]","[PREMIUM]","[PREMIUM]",true,false,"5caf64d50b94030015ded8ef","['588be53df80c4174093cc6e2']","[PREMIUM]","[PREMIUM]"
"68bf20429b14d01d34632afb","2026-03-16 05:47:29.723","2026-03-29 13:53:56.104","68bf20429b14d01d34632afb","Bailey Zimmerman","music","2026-06-11 19:00:00","2026-06-12 01:00:00","2026-06-12 02:30:00",false,false,false,"[PREMIUM]","[PREMIUM]","[PREMIUM]","[PREMIUM]","[PREMIUM]","[PREMIUM]",false,false,"65679132d2bf4cae618c6db8","['635bfb3383525c00013cb90d']","[PREMIUM]","[PREMIUM]"
"68bbbf133d7245ab7efecd12","2026-03-16 05:47:29.723","2026-03-29 13:54:07.146","68bbbf133d7245ab7efecd12","Kings Kaleidoscope (Rescheduled from 11/7/2025) (Moved from House of Blues Dallas)","music","2026-06-12 20:00:00","2026-06-13 01:00:00","2026-06-13 02:30:00",false,false,false,"[PREMIUM]","[PREMIUM]","[PREMIUM]","[PREMIUM]","[PREMIUM]","[PREMIUM]",false,false,"61c4fc5e6d85150001f463c9","['621584bc73b08f00014cff02']","[PREMIUM]","[PREMIUM]"
"68bbbc5d2a5adc846c5732dc","2026-03-16 05:47:29.723","2026-03-29 13:53:56.104","68bbbc5d2a5adc846c5732dc","Kings Kaleidoscope","music","2026-06-11 20:00:00","2026-06-12 01:00:00","2026-06-12 02:30:00",false,false,false,"[PREMIUM]","[PREMIUM]","[PREMIUM]","[PREMIUM]","[PREMIUM]","[PREMIUM]",false,true,"687fa5befeab128c9181a159","['621584bc73b08f00014cff02']","[PREMIUM]","[PREMIUM]"
"68ba6b16f3e30627d1c46fae","2026-03-16 05:47:29.723","2026-03-29 13:53:56.104","68ba6b16f3e30627d1c46fae","Hickory Crawdads at Charleston RiverDogs","milb","2026-06-11 19:05:00","2026-06-11 23:05:00","2026-06-11 23:05:00",false,false,false,"[PREMIUM]","[PREMIUM]","[PREMIUM]","[PREMIUM]","[PREMIUM]","[PREMIUM]",false,false,"65fb48b41f449ffccd5c1a55","['6536d97485521b19a95f8a12','63f663e63b787b0001b4ffbd']","[PREMIUM]","[PREMIUM]"
"68ba6b167831aaaa836fb1d7","2026-03-16 05:47:29.723","2026-03-29 13:53:56.104","68ba6b167831aaaa836fb1d7","Hickory Crawdads at Charleston RiverDogs","milb","2026-06-12 19:05:00","2026-06-12 23:05:00","2026-06-12 23:05:00",false,false,false,"[PREMIUM]","[PREMIUM]","[PREMIUM]","[PREMIUM]","[PREMIUM]","[PREMIUM]",false,false,"65fb48b41f449ffccd5c1a55","['6536d97485521b19a95f8a12','63f663e63b787b0001b4ffbd']","[PREMIUM]","[PREMIUM]"
"68ba2e2ef1a7cd0acea9cace","2026-03-16 05:47:29.723","2026-03-29 13:53:56.104","68ba2e2ef1a7cd0acea9cace","Wilson Warbirds at Hill City Howlers","milb","2026-06-12 18:30:00","2026-06-12 22:30:00","2026-06-12 22:30:00",false,false,false,"[PREMIUM]","[PREMIUM]","[PREMIUM]","[PREMIUM]","[PREMIUM]","[PREMIUM]",false,false,"654c1416c35f9dd6cc67ccf0","['6526dd7debf3d7db61c0d2ef','68c04ad2e13a7ddbd5931a3e']","[PREMIUM]","[PREMIUM]"
"68ba2e2d9c69670da065b583","2026-03-16 05:47:29.723","2026-03-29 13:53:56.104","68ba2e2d9c69670da065b583","Wilson Warbirds at Hill City Howlers","milb","2026-06-11 18:30:00","2026-06-11 22:30:00","2026-06-11 22:30:00",false,false,false,"[PREMIUM]","[PREMIUM]","[PREMIUM]","[PREMIUM]","[PREMIUM]","[PREMIUM]",false,false,"654c1416c35f9dd6cc67ccf0","['6526dd7debf3d7db61c0d2ef','68c04ad2e13a7ddbd5931a3e']","[PREMIUM]","[PREMIUM]"
"68b9d999b08b7f35b8ab5fbf","2026-03-16 05:47:29.723","2026-03-29 13:53:56.104","68b9d999b08b7f35b8ab5fbf","Fredericksburg Nationals at Kannapolis Cannon Ballers","milb","2026-06-11 19:00:00","2026-06-11 23:00:00","2026-06-11 23:00:00",false,false,false,"[PREMIUM]","[PREMIUM]","[PREMIUM]","[PREMIUM]","[PREMIUM]","[PREMIUM]",false,false,"6581ca50997d1533453da82e","['6526ddf462da68c78d1e4869','6526c5f1434c0c07a0ead2a9']","[PREMIUM]","[PREMIUM]"
"68b9d998d5261595380eb8a7","2026-03-16 05:47:29.723","2026-03-29 13:53:56.104","68b9d998d5261595380eb8a7","Fredericksburg Nationals at Kannapolis Cannon Ballers","milb","2026-06-12 19:00:00","2026-06-12 23:00:00","2026-06-12 23:00:00",false,false,false,"[PREMIUM]","[PREMIUM]","[PREMIUM]","[PREMIUM]","[PREMIUM]","[PREMIUM]",false,false,"6581ca50997d1533453da82e","['6526ddf462da68c78d1e4869','6526c5f1434c0c07a0ead2a9']","[PREMIUM]","[PREMIUM]"
"68b8a8ee82e6bd5831df7fe8","2026-03-16 05:47:29.723","2026-03-29 13:53:56.104","68b8a8ee82e6bd5831df7fe8","Nate Bargatze","comedy","2026-06-12 19:00:00","2026-06-13 00:00:00","2026-06-13 01:30:00",false,false,false,"[PREMIUM]","[PREMIUM]","[PREMIUM]","[PREMIUM]","[PREMIUM]","[PREMIUM]",false,false,"59c1aa20fb23e50001ecbc40","['5ca67e811842260019e6da97']","[PREMIUM]","[PREMIUM]"
"68b8a32d3a2e9d985151aa2e","2026-03-16 05:47:29.723","2026-03-29 13:53:56.104","68b8a32d3a2e9d985151aa2e","Cirque du Soleil Auana","other","2026-06-11 17:30:00","2026-06-12 03:30:00","2026-06-12 03:30:00",false,false,false,"[PREMIUM]","[PREMIUM]","[PREMIUM]","[PREMIUM]","[PREMIUM]","[PREMIUM]",false,false,"67ae89d27a17130550b17e6b","['67b52d992a9080dfc5e5d3a7']","[PREMIUM]","[PREMIUM]"
"68b8a32cc3784b587f292523","2026-03-16 05:47:29.723","2026-03-29 13:53:56.104","68b8a32cc3784b587f292523","Cirque du Soleil Auana","other","2026-06-12 17:30:00","2026-06-13 03:30:00","2026-06-13 03:30:00",false,false,false,"[PREMIUM]","[PREMIUM]","[PREMIUM]","[PREMIUM]","[PREMIUM]","[PREMIUM]",true,false,"67ae89d27a17130550b17e6b","['67b52d992a9080dfc5e5d3a7']","[PREMIUM]","[PREMIUM]"
"68b8a32be4809020153ce585","2026-03-16 05:47:29.723","2026-03-29 13:53:56.104","68b8a32be4809020153ce585","Cirque du Soleil Auana","other","2026-06-11 20:00:00","2026-06-12 06:00:00","2026-06-12 06:00:00",false,false,false,"[PREMIUM]","[PREMIUM]","[PREMIUM]","[PREMIUM]","[PREMIUM]","[PREMIUM]",true,false,"67ae89d27a17130550b17e6b","['67b52d992a9080dfc5e5d3a7']","[PREMIUM]","[PREMIUM]"
"68b8a32b544d3fa4f3b2fbbf","2026-03-16 05:47:29.723","2026-03-29 13:54:07.146","68b8a32b544d3fa4f3b2fbbf","Cirque du Soleil Auana","other","2026-06-12 20:00:00","2026-06-13 06:00:00","2026-06-13 06:00:00",false,false,false,"[PREMIUM]","[PREMIUM]","[PREMIUM]","[PREMIUM]","[PREMIUM]","[PREMIUM]",false,false,"67ae89d27a17130550b17e6b","['67b52d992a9080dfc5e5d3a7']","[PREMIUM]","[PREMIUM]"
"68b8a253535b5ec4b37fae53","2026-03-16 05:47:29.723","2026-03-29 13:53:56.104","68b8a253535b5ec4b37fae53","SMU Mustangs at North Carolina State Wolfpack Womens Basketball","wcbb","2026-06-11 00:00:00","2026-06-11 04:00:00","2026-06-11 05:30:00",false,true,false,"[PREMIUM]","[PREMIUM]","[PREMIUM]","[PREMIUM]","[PREMIUM]","[PREMIUM]",false,false,"6578cd57467ba3b640773a66","['631fb5959a7a4f00014b9bee','62fe9259a7075000017e7906']","[PREMIUM]","[PREMIUM]"
"68b75e3a745e67256d4152b1","2026-03-16 05:47:29.723","2026-03-29 13:53:56.104","68b75e3a745e67256d4152b1","The Rush Tribute Project","music","2026-06-12 19:30:00","2026-06-13 00:30:00","2026-06-13 00:30:00",false,false,false,"[PREMIUM]","[PREMIUM]","[PREMIUM]","[PREMIUM]","[PREMIUM]","[PREMIUM]",false,false,"61aeb02b1cc40700010eb2cd","['6986656a1594662808e4d587']","[PREMIUM]","[PREMIUM]"
"68b232658ca7e9fdb3afe1ac","2026-03-16 05:47:29.723","2026-03-29 13:53:56.104","68b232658ca7e9fdb3afe1ac","Delmarva Shorebirds at Columbia Fireflies","milb","2026-06-12 19:05:00","2026-06-12 23:05:00","2026-06-12 23:05:00",false,false,false,"[PREMIUM]","[PREMIUM]","[PREMIUM]","[PREMIUM]","[PREMIUM]","[PREMIUM]",false,false,"6529bf02b7310ca55ea2d117","['65380a7a00e46b86c0454bad','6526d8ae1489e533b138183d']","[PREMIUM]","[PREMIUM]"
"68b23263ef0b68ce224cec90","2026-03-16 05:47:29.723","2026-03-29 13:53:56.104","68b23263ef0b68ce224cec90","Delmarva Shorebirds at Columbia Fireflies","milb","2026-06-11 19:05:00","2026-06-11 23:05:00","2026-06-11 23:05:00",false,false,false,"[PREMIUM]","[PREMIUM]","[PREMIUM]","[PREMIUM]","[PREMIUM]","[PREMIUM]",false,false,"6529bf02b7310ca55ea2d117","['65380a7a00e46b86c0454bad','6526d8ae1489e533b138183d']","[PREMIUM]","[PREMIUM]"
"68b1f1136f6328c256249043","2026-03-16 05:47:29.723","2026-03-29 13:53:56.104","68b1f1136f6328c256249043","Fantasy (18+ Event)","theater","2026-06-11 22:30:00","2026-06-12 05:30:00","2026-06-12 05:30:00",false,false,false,"[PREMIUM]","[PREMIUM]","[PREMIUM]","[PREMIUM]","[PREMIUM]","[PREMIUM]",false,false,"62cc6fe874f0f100012e52f6","['662ac3b2876d6eae6a56fe32']","[PREMIUM]","[PREMIUM]"
"68b1f112ef0b68ce224cc497","2026-03-16 05:47:29.723","2026-03-29 13:53:56.104","68b1f112ef0b68ce224cc497","Fantasy (18+ Event)","theater","2026-06-10 22:30:00","2026-06-11 05:30:00","2026-06-11 05:30:00",false,false,false,"[PREMIUM]","[PREMIUM]","[PREMIUM]","[PREMIUM]","[PREMIUM]","[PREMIUM]",false,false,"62cc6fe874f0f100012e52f6","['662ac3b2876d6eae6a56fe32']","[PREMIUM]","[PREMIUM]"
"68afbf6160f33e20f906dd1f","2026-03-16 05:47:29.723","2026-03-29 13:53:56.104","68afbf6160f33e20f906dd1f","Riverdance 30 - The New Generation","theater","2026-06-11 13:30:00","2026-06-11 18:30:00","2026-06-11 18:30:00",false,false,false,"[PREMIUM]","[PREMIUM]","[PREMIUM]","[PREMIUM]","[PREMIUM]","[PREMIUM]",false,true,"66984d4647103bea51e12e82","['660edf87e888bc2ee59205ca']","[PREMIUM]","[PREMIUM]"
"68afa8aff2def3b1e914c110","2026-03-16 05:47:29.723","2026-03-29 13:53:56.104","68afa8aff2def3b1e914c110","Dunedin Blue Jays at Fort Myers Mighty Mussels","milb","2026-06-12 19:05:00","2026-06-12 23:05:00","2026-06-13 00:35:00",false,false,false,"[PREMIUM]","[PREMIUM]","[PREMIUM]","[PREMIUM]","[PREMIUM]","[PREMIUM]",false,false,"56943212f80c4119e7000001","['61983b570675f0000151de45','619839f4a95144000140d7b4']","[PREMIUM]","[PREMIUM]"
"68afa8aec2578edd67b49216","2026-03-16 05:47:29.723","2026-03-29 13:53:56.104","68afa8aec2578edd67b49216","Dunedin Blue Jays at Fort Myers Mighty Mussels","milb","2026-06-11 19:05:00","2026-06-11 23:05:00","2026-06-12 00:35:00",false,false,false,"[PREMIUM]","[PREMIUM]","[PREMIUM]","[PREMIUM]","[PREMIUM]","[PREMIUM]",false,false,"56943212f80c4119e7000001","['61983b570675f0000151de45','619839f4a95144000140d7b4']","[PREMIUM]","[PREMIUM]"
"68afa6b0bf6276ee588df51d","2026-03-16 05:47:29.723","2026-03-29 13:53:56.104","68afa6b0bf6276ee588df51d","St. Lucie Mets at Palm Beach Cardinals","milb","2026-06-12 18:00:00","2026-06-12 22:00:00","2026-06-12 23:30:00",false,false,false,"[PREMIUM]","[PREMIUM]","[PREMIUM]","[PREMIUM]","[PREMIUM]","[PREMIUM]",false,false,"56953b7bf80c415f8e000001","['61983acded8d730001e27708','61983a965469f500014ad799']","[PREMIUM]","[PREMIUM]"
"68afa6b0515a42e3057ff517","2026-03-16 05:47:29.723","2026-03-29 13:53:56.104","68afa6b0515a42e3057ff517","St. Lucie Mets at Palm Beach Cardinals","milb","2026-06-11 18:30:00","2026-06-11 22:30:00","2026-06-12 00:00:00",false,false,false,"[PREMIUM]","[PREMIUM]","[PREMIUM]","[PREMIUM]","[PREMIUM]","[PREMIUM]",false,false,"56953b7bf80c415f8e000001","['61983acded8d730001e27708','61983a965469f500014ad799']","[PREMIUM]","[PREMIUM]"
"68afa19cc2578edd67b49045","2026-03-16 05:47:29.723","2026-03-29 13:53:56.104","68afa19cc2578edd67b49045","Asheville Tourists at Hub City Spartanburgers","milb","2026-06-12 19:05:00","2026-06-12 23:05:00","2026-06-12 23:05:00",false,false,false,"[PREMIUM]","[PREMIUM]","[PREMIUM]","[PREMIUM]","[PREMIUM]","[PREMIUM]",false,false,"68b0aeec18105099c9bf653d","['66d204b8e5351494a31f3719','63f662caac5b140001aa985a']","[PREMIUM]","[PREMIUM]"
"68afa19c3edac2b884b8db2d","2026-03-16 05:47:29.723","2026-03-29 13:53:56.104","68afa19c3edac2b884b8db2d","Asheville Tourists at Hub City Spartanburgers","milb","2026-06-11 18:35:00","2026-06-11 22:35:00","2026-06-11 22:35:00",false,false,false,"[PREMIUM]","[PREMIUM]","[PREMIUM]","[PREMIUM]","[PREMIUM]","[PREMIUM]",false,false,"68b0aeec18105099c9bf653d","['66d204b8e5351494a31f3719','63f662caac5b140001aa985a']","[PREMIUM]","[PREMIUM]"
"68af88df8f863e886de036ad","2026-03-16 05:47:29.723","2026-03-29 13:53:56.104","68af88df8f863e886de036ad","Everett AquaSox at Vancouver Canadians","milb","2026-06-11 19:05:00","2026-06-12 02:05:00","2026-06-12 03:35:00",false,false,false,"[PREMIUM]","[PREMIUM]","[PREMIUM]","[PREMIUM]","[PREMIUM]","[PREMIUM]",false,false,"5d13d8a022f4c5001c448646","['5d129bd0c519f8001ad01b4b','5d13d380023e55001c0926a3']","[PREMIUM]","[PREMIUM]"
"68af88dd61f7e1fa2584a095","2026-03-16 05:47:29.723","2026-03-29 13:53:56.104","68af88dd61f7e1fa2584a095","Everett AquaSox at Vancouver Canadians","milb","2026-06-12 13:05:00","2026-06-12 20:05:00","2026-06-12 21:35:00",false,false,false,"[PREMIUM]","[PREMIUM]","[PREMIUM]","[PREMIUM]","[PREMIUM]","[PREMIUM]",false,false,"5d13d8a022f4c5001c448646","['5d129bd0c519f8001ad01b4b','5d13d380023e55001c0926a3']","[PREMIUM]","[PREMIUM]"
"68af8622bf6276ee588deb8b","2026-03-16 05:47:29.723","2026-03-29 13:53:56.104","68af8622bf6276ee588deb8b","Akron RubberDucks at Erie SeaWolves","milb","2026-06-11 18:05:00","2026-06-11 22:05:00","2026-06-11 22:05:00",false,false,false,"[PREMIUM]","[PREMIUM]","[PREMIUM]","[PREMIUM]","[PREMIUM]","[PREMIUM]",false,false,"64b6e32c9852a00001fcb4fc","['6495ea5bcd9898000130e252','6494721ae201e20001d02452']","[PREMIUM]","[PREMIUM]"
"68af86202b923320a728fc07","2026-03-16 05:47:29.723","2026-03-29 13:53:56.104","68af86202b923320a728fc07","Akron RubberDucks at Erie SeaWolves","milb","2026-06-12 18:35:00","2026-06-12 22:35:00","2026-06-12 22:35:00",false,false,false,"[PREMIUM]","[PREMIUM]","[PREMIUM]","[PREMIUM]","[PREMIUM]","[PREMIUM]",false,false,"64b6e32c9852a00001fcb4fc","['6495ea5bcd9898000130e252','6494721ae201e20001d02452']","[PREMIUM]","[PREMIUM]"
"68af8591af43d83c9b34adc5","2026-03-16 05:47:29.723","2026-03-29 13:53:56.104","68af8591af43d83c9b34adc5","Wilmington Blue Rocks at Greensboro Grasshoppers","milb","2026-06-12 19:00:00","2026-06-12 23:00:00","2026-06-13 00:30:00",false,false,false,"[PREMIUM]","[PREMIUM]","[PREMIUM]","[PREMIUM]","[PREMIUM]","[PREMIUM]",false,false,"67201e29232068a5089a2598","['63f667234f65be0001a637fd','63f666d19a621000017a6117']","[PREMIUM]","[PREMIUM]"
"68af85917ac25ed1de5cad72","2026-03-16 05:47:29.723","2026-03-29 13:53:56.104","68af85917ac25ed1de5cad72","Wilmington Blue Rocks at Greensboro Grasshoppers","milb","2026-06-11 18:30:00","2026-06-11 22:30:00","2026-06-12 00:00:00",false,false,false,"[PREMIUM]","[PREMIUM]","[PREMIUM]","[PREMIUM]","[PREMIUM]","[PREMIUM]",false,false,"67201e29232068a5089a2598","['63f667234f65be0001a637fd','63f666d19a621000017a6117']","[PREMIUM]","[PREMIUM]"
"68af854cceb30d39d5ba2c38","2026-03-16 05:47:29.723","2026-03-29 13:53:56.104","68af854cceb30d39d5ba2c38","Corpus Christi Hooks at Midland RockHounds","milb","2026-06-11 19:00:00","2026-06-12 00:00:00","2026-06-12 01:30:00",false,false,false,"[PREMIUM]","[PREMIUM]","[PREMIUM]","[PREMIUM]","[PREMIUM]","[PREMIUM]",false,false,"652f109db2756925af4c50d8","['61afeeb674b2950001144fd6','61afef2e9386eb0001d73310']","[PREMIUM]","[PREMIUM]"
"68af854cc814c51f4f8dfdbc","2026-03-16 05:47:29.723","2026-03-29 13:53:56.104","68af854cc814c51f4f8dfdbc","Corpus Christi Hooks at Midland RockHounds","milb","2026-06-12 19:00:00","2026-06-13 00:00:00","2026-06-13 01:30:00",false,false,false,"[PREMIUM]","[PREMIUM]","[PREMIUM]","[PREMIUM]","[PREMIUM]","[PREMIUM]",false,false,"652f109db2756925af4c50d8","['61afeeb674b2950001144fd6','61afef2e9386eb0001d73310']","[PREMIUM]","[PREMIUM]"
"68af6f3ff81960799e890a1f","2026-03-16 05:47:29.723","2026-03-29 13:53:56.104","68af6f3ff81960799e890a1f","Rocket City Trash Pandas at Chattanooga Lookouts","milb","2026-06-12 19:00:00","2026-06-12 23:00:00","2026-06-12 23:00:00",false,false,false,"[PREMIUM]","[PREMIUM]","[PREMIUM]","[PREMIUM]","[PREMIUM]","[PREMIUM]",false,false,"65396658f7f339c2d176e639","['649b6e6118b111000144344d','649b6e0220daaf0001125401']","[PREMIUM]","[PREMIUM]"
"68af6f3fab077556743aacf8","2026-03-16 05:47:29.723","2026-03-29 13:53:56.104","68af6f3fab077556743aacf8","Rocket City Trash Pandas at Chattanooga Lookouts","milb","2026-06-11 19:00:00","2026-06-11 23:00:00","2026-06-11 23:00:00",false,false,false,"[PREMIUM]","[PREMIUM]","[PREMIUM]","[PREMIUM]","[PREMIUM]","[PREMIUM]",false,false,"65396658f7f339c2d176e639","['649b6e6118b111000144344d','649b6e0220daaf0001125401']","[PREMIUM]","[PREMIUM]"
"68af6d30ab077556743aac12","2026-03-16 05:47:29.723","2026-03-29 13:53:56.104","68af6d30ab077556743aac12","Winston-Salem Dash at Greenville Drive","milb","2026-06-12 18:45:00","2026-06-12 22:45:00","2026-06-13 00:15:00",false,false,false,"[PREMIUM]","[PREMIUM]","[PREMIUM]","[PREMIUM]","[PREMIUM]","[PREMIUM]",false,false,"6470edd02cd4e000010f9248","['63f664ca81159a0001585090','63f664880207300001b1d23f']","[PREMIUM]","[PREMIUM]"
"68af6d2f4c5847540d933b4c","2026-03-16 05:47:29.723","2026-03-29 13:53:56.104","68af6d2f4c5847540d933b4c","Winston-Salem Dash at Greenville Drive","milb","2026-06-11 18:45:00","2026-06-11 22:45:00","2026-06-12 00:15:00",false,false,false,"[PREMIUM]","[PREMIUM]","[PREMIUM]","[PREMIUM]","[PREMIUM]","[PREMIUM]",false,false,"6470edd02cd4e000010f9248","['63f664ca81159a0001585090','63f664880207300001b1d23f']","[PREMIUM]","[PREMIUM]"
"68af5b8e486ac15b7e7f73cd","2026-03-16 05:47:29.723","2026-03-29 13:53:56.104","68af5b8e486ac15b7e7f73cd","Chicago Cubs at Colorado Rockies","mlb","2026-06-11 13:10:00","2026-06-11 19:10:00","2026-06-11 20:40:00",false,false,false,"[PREMIUM]","[PREMIUM]","[PREMIUM]","[PREMIUM]","[PREMIUM]","[PREMIUM]",true,false,"53acb8a23bf3760237000006","['53acb8aa3bf376023700000d','5363eacd3bf3766593000004']","[PREMIUM]","[PREMIUM]"
"68af5add515a42e3057fda4f","2026-03-16 05:47:29.723","2026-03-29 13:53:56.104","68af5add515a42e3057fda4f","Miami Marlins at Pittsburgh Pirates (Pirates Tiki Mug Giveaway)","mlb","2026-06-12 18:40:00","2026-06-12 22:40:00","2026-06-12 23:10:00",false,false,false,"[PREMIUM]","[PREMIUM]","[PREMIUM]","[PREMIUM]","[PREMIUM]","[PREMIUM]",true,false,"538526c321efd33afb000002","['539619563bf37601f600000f','53acb8a63bf376023700000b']","[PREMIUM]","[PREMIUM]"
"68af5adc0dcf1d7f796e5fcc","2026-03-16 05:47:29.723","2026-03-29 13:53:56.104","68af5adc0dcf1d7f796e5fcc","Los Angeles Dodgers at Pittsburgh Pirates","mlb","2026-06-11 18:40:00","2026-06-11 22:40:00","2026-06-11 23:10:00",false,false,false,"[PREMIUM]","[PREMIUM]","[PREMIUM]","[PREMIUM]","[PREMIUM]","[PREMIUM]",false,false,"538526c321efd33afb000002","['539619563bf37601f600000f','5333e12b3bf3763503000002']","[PREMIUM]","[PREMIUM]"
"68af5a56c2578edd67b47607","2026-03-16 05:47:29.723","2026-03-29 13:53:56.104","68af5a56c2578edd67b47607","San Diego Padres at Baltimore Orioles","mlb","2026-06-12 19:05:00","2026-06-12 23:05:00","2026-06-13 00:05:00",false,false,false,"[PREMIUM]","[PREMIUM]","[PREMIUM]","[PREMIUM]","[PREMIUM]","[PREMIUM]",false,false,"53bb068c3bf37624c3000004","['53bb06963bf37624c3000008','539619543bf37601f600000b']","[PREMIUM]","[PREMIUM]"
"68af5a56134a3cce602c9c08","2026-03-16 05:47:29.723","2026-03-29 13:53:56.104","68af5a56134a3cce602c9c08","Seattle Mariners at Baltimore Orioles","mlb","2026-06-11 19:05:00","2026-06-11 23:05:00","2026-06-12 00:05:00",false,false,false,"[PREMIUM]","[PREMIUM]","[PREMIUM]","[PREMIUM]","[PREMIUM]","[PREMIUM]",true,false,"53bb068c3bf37624c3000004","['53bb06963bf37624c3000008','539619563bf37601f6000011']","[PREMIUM]","[PREMIUM]"
"68af5a035a8fe92ebf9ae72a","2026-03-16 05:47:29.723","2026-03-29 13:53:56.104","68af5a035a8fe92ebf9ae72a","St. Louis Cardinals at Minnesota Twins","mlb","2026-06-12 19:10:00","2026-06-13 00:10:00","2026-06-13 01:40:00",false,false,false,"[PREMIUM]","[PREMIUM]","[PREMIUM]","[PREMIUM]","[PREMIUM]","[PREMIUM]",false,false,"538526c321efd33afb000005","['539619553bf37601f600000d','54b5ab583bf3763f85000003']","[PREMIUM]","[PREMIUM]"
"68af59912b923320a728ea4c","2026-03-16 05:47:29.723","2026-03-29 13:53:56.104","68af59912b923320a728ea4c","Texas Rangers at Boston Red Sox","mlb","2026-06-12 19:10:00","2026-06-12 23:10:00","2026-06-12 23:40:00",false,false,false,"[PREMIUM]","[PREMIUM]","[PREMIUM]","[PREMIUM]","[PREMIUM]","[PREMIUM]",true,false,"5362ccf73bf37627c6000001","['537151673bf3762108000002','53bb068f3bf37624c3000006']","[PREMIUM]","[PREMIUM]"
"68af594ebf6276ee588dd968","2026-03-16 05:47:29.723","2026-03-29 13:53:56.104","68af594ebf6276ee588dd968","Arizona Diamondbacks at Miami Marlins","mlb","2026-06-11 13:10:00","2026-06-11 17:10:00","2026-06-11 17:10:00",false,false,false,"[PREMIUM]","[PREMIUM]","[PREMIUM]","[PREMIUM]","[PREMIUM]","[PREMIUM]",false,false,"53acb8a23bf3760237000004","['53acb8a63bf376023700000b','539619573bf37601f6000013']","[PREMIUM]","[PREMIUM]"
"68af586a6d6358b08448fbad","2026-03-16 05:47:29.723","2026-03-29 13:53:56.104","68af586a6d6358b08448fbad","Los Angeles Dodgers at Chicago White Sox (Homies Big Head Figure Giveaway)","mlb","2026-06-12 18:40:00","2026-06-12 23:40:00","2026-06-13 00:40:00",false,false,false,"[PREMIUM]","[PREMIUM]","[PREMIUM]","[PREMIUM]","[PREMIUM]","[PREMIUM]",false,false,"5362ccf73bf37627c6000004","['5363eacd3bf3766593000002','5333e12b3bf3763503000002']","[PREMIUM]","[PREMIUM]"
"68af586a3edac2b884b8c0da","2026-03-16 05:47:29.723","2026-03-29 13:53:56.104","68af586a3edac2b884b8c0da","Atlanta Braves at Chicago White Sox","mlb","2026-06-11 18:40:00","2026-06-11 23:40:00","2026-06-12 00:40:00",false,false,false,"[PREMIUM]","[PREMIUM]","[PREMIUM]","[PREMIUM]","[PREMIUM]","[PREMIUM]",false,false,"5362ccf73bf37627c6000004","['5363eacd3bf3766593000002','53acb8a23bf3760237000009']","[PREMIUM]","[PREMIUM]"
"68af57d5aa4e560883783349","2026-03-16 05:47:29.723","2026-03-29 13:53:56.104","68af57d5aa4e560883783349","Colorado Rockies at Athletics","mlb","2026-06-12 19:05:00","2026-06-13 02:05:00","2026-06-13 03:35:00",false,false,false,"[PREMIUM]","[PREMIUM]","[PREMIUM]","[PREMIUM]","[PREMIUM]","[PREMIUM]",false,false,"5c9023b2e9574f001b32eb37","['533064c83bf3766e3a000005','53acb8aa3bf376023700000d']","[PREMIUM]","[PREMIUM]"
"68af56b96e994df60a6a20c1","2026-03-16 05:47:29.723","2026-03-29 13:53:56.104","68af56b96e994df60a6a20c1","Cedar Rapids Kernels at Lansing Lugnuts","milb","2026-06-11 19:05:00","2026-06-11 23:05:00","2026-06-12 00:35:00",false,false,false,"[PREMIUM]","[PREMIUM]","[PREMIUM]","[PREMIUM]","[PREMIUM]","[PREMIUM]",false,false,"642b6d3bd802680001356532","['5a9478cae43ec900139f21f1','5a947520c535ab00127d6db1']","[PREMIUM]","[PREMIUM]"
"68af56b90322779c79d27393","2026-03-16 05:47:29.723","2026-03-29 13:53:56.104","68af56b90322779c79d27393","Cedar Rapids Kernels at Lansing Lugnuts","milb","2026-06-12 19:05:00","2026-06-12 23:05:00","2026-06-13 00:35:00",false,false,false,"[PREMIUM]","[PREMIUM]","[PREMIUM]","[PREMIUM]","[PREMIUM]","[PREMIUM]",false,false,"642b6d3bd802680001356532","['5a9478cae43ec900139f21f1','5a947520c535ab00127d6db1']","[PREMIUM]","[PREMIUM]"
"68af56a9aa4e5608837832f7","2026-03-16 05:47:29.723","2026-03-29 13:53:56.104","68af56a9aa4e5608837832f7","Minnesota Twins at Detroit Tigers","mlb","2026-06-11 13:10:00","2026-06-11 17:10:00","2026-06-11 17:40:00",false,false,false,"[PREMIUM]","[PREMIUM]","[PREMIUM]","[PREMIUM]","[PREMIUM]","[PREMIUM]",true,false,"53c03a3b3bf37612c4000002","['53c03a423bf37612c4000006','539619553bf37601f600000d']","[PREMIUM]","[PREMIUM]"
"68af567f561870a68b989443","2026-03-16 05:47:29.723","2026-03-29 13:53:56.104","68af567f561870a68b989443","Texas Rangers at Kansas City Royals","mlb","2026-06-11 13:10:00","2026-06-11 18:10:00","2026-06-11 19:10:00",false,false,false,"[PREMIUM]","[PREMIUM]","[PREMIUM]","[PREMIUM]","[PREMIUM]","[PREMIUM]",false,false,"538526c321efd33afb000004","['539619543bf37601f6000009','53bb068f3bf37624c3000006']","[PREMIUM]","[PREMIUM]"
"68af567f4c5847540d93308b","2026-03-16 05:47:29.723","2026-03-29 13:53:56.104","68af567f4c5847540d93308b","Houston Astros at Kansas City Royals","mlb","2026-06-12 19:10:00","2026-06-13 00:10:00","2026-06-13 01:10:00",false,false,false,"[PREMIUM]","[PREMIUM]","[PREMIUM]","[PREMIUM]","[PREMIUM]","[PREMIUM]",false,false,"538526c321efd33afb000004","['539619543bf37601f6000009','53b30c2b3bf37646fb000004']","[PREMIUM]","[PREMIUM]"
"68af55487ac25ed1de5c9aa4","2026-03-16 05:47:29.723","2026-03-29 13:53:56.104","68af55487ac25ed1de5c9aa4","Tampa Bay Rays at Los Angeles Angels (Angels Soccer Jersey Giveaway)","mlb","2026-06-12 18:38:00","2026-06-13 01:38:00","2026-06-13 02:38:00",false,false,false,"[PREMIUM]","[PREMIUM]","[PREMIUM]","[PREMIUM]","[PREMIUM]","[PREMIUM]",false,false,"533d97153bf3766542000001","['533d97163bf3766542000004','54dcf2bb64f9620805000007']","[PREMIUM]","[PREMIUM]"
"68af5514b645abdd501f0c12","2026-03-16 05:47:29.723","2026-03-29 13:53:56.104","68af5514b645abdd501f0c12","Rome Emperors at Bowling Green Hot Rods","milb","2026-06-11 18:35:00","2026-06-11 23:35:00","2026-06-12 01:05:00",false,false,false,"[PREMIUM]","[PREMIUM]","[PREMIUM]","[PREMIUM]","[PREMIUM]","[PREMIUM]",false,false,"630652ee7aac260001865ef5","['5a947177e43ec900139f21ef','66d1efdfd521c5d92ed18843']","[PREMIUM]","[PREMIUM]"
"68af55132a5f2a35418d42ca","2026-03-16 05:47:29.723","2026-03-29 13:53:56.104","68af55132a5f2a35418d42ca","Rome Emperors at Bowling Green Hot Rods","milb","2026-06-12 18:35:00","2026-06-12 23:35:00","2026-06-13 01:05:00",false,false,false,"[PREMIUM]","[PREMIUM]","[PREMIUM]","[PREMIUM]","[PREMIUM]","[PREMIUM]",false,false,"630652ee7aac260001865ef5","['5a947177e43ec900139f21ef','66d1efdfd521c5d92ed18843']","[PREMIUM]","[PREMIUM]"
"68af5484ceb30d39d5ba1996","2026-03-16 05:47:29.723","2026-03-29 13:53:56.104","68af5484ceb30d39d5ba1996","Arizona Diamondbacks at Cincinnati Reds","mlb","2026-06-12 19:15:00","2026-06-12 23:15:00","2026-06-13 00:15:00",false,false,false,"[PREMIUM]","[PREMIUM]","[PREMIUM]","[PREMIUM]","[PREMIUM]","[PREMIUM]",false,false,"53beec013bf376503f000001","['53beec053bf376503f000005','539619573bf37601f6000013']","[PREMIUM]","[PREMIUM]"
"68af544f60f33e20f906b9eb","2026-03-16 05:47:29.723","2026-03-29 13:53:56.104","68af544f60f33e20f906b9eb","Seattle Mariners at Washington Nationals","mlb","2026-06-12 18:45:00","2026-06-12 22:45:00","2026-06-13 00:15:00",false,false,false,"[PREMIUM]","[PREMIUM]","[PREMIUM]","[PREMIUM]","[PREMIUM]","[PREMIUM]",true,false,"5388f0613bf3761afd000002","['539619533bf37601f6000005','539619563bf37601f6000011']","[PREMIUM]","[PREMIUM]"
"68af53f6f2def3b1e914a245","2026-03-16 05:47:29.723","2026-03-29 13:53:56.104","68af53f6f2def3b1e914a245","Chicago Cubs at San Francisco Giants","mlb","2026-06-12 19:15:00","2026-06-13 02:15:00","2026-06-13 03:45:00",false,false,false,"[PREMIUM]","[PREMIUM]","[PREMIUM]","[PREMIUM]","[PREMIUM]","[PREMIUM]",false,false,"52618c753bf3760b9c000004","['5333a2773bf3767900000003','5363eacd3bf3766593000004']","[PREMIUM]","[PREMIUM]"
"68af53cb247244404743fad8","2026-03-16 05:47:29.723","2026-03-29 13:53:56.104","68af53cb247244404743fad8","Philadelphia Phillies at Milwaukee Brewers","mlb","2026-06-12 18:40:00","2026-06-12 23:40:00","2026-06-13 00:40:00",false,false,false,"[PREMIUM]","[PREMIUM]","[PREMIUM]","[PREMIUM]","[PREMIUM]","[PREMIUM]",false,false,"538526c321efd33afb000003","['539619523bf37601f6000003','539619533bf37601f6000007']","[PREMIUM]","[PREMIUM]"
"68af5296f2def3b1e914a1c7","2026-03-16 05:47:29.723","2026-03-29 13:53:56.104","68af5296f2def3b1e914a1c7","St. Louis Cardinals at New York Mets","mlb","2026-06-11 13:10:00","2026-06-11 17:10:00","2026-06-11 18:10:00",false,false,false,"[PREMIUM]","[PREMIUM]","[PREMIUM]","[PREMIUM]","[PREMIUM]","[PREMIUM]",true,false,"5362ccf73bf37627c6000002","['536454803bf3763374000002','54b5ab583bf3763f85000003']","[PREMIUM]","[PREMIUM]"
"68af52962a5f2a35418d41f0","2026-03-16 05:47:29.723","2026-03-29 13:53:56.104","68af52962a5f2a35418d41f0","Atlanta Braves at New York Mets","mlb","2026-06-12 19:15:00","2026-06-12 23:15:00","2026-06-13 00:15:00",false,false,false,"[PREMIUM]","[PREMIUM]","[PREMIUM]","[PREMIUM]","[PREMIUM]","[PREMIUM]",false,false,"5362ccf73bf37627c6000002","['536454803bf3763374000002','53acb8a23bf3760237000009']","[PREMIUM]","[PREMIUM]"
"68af527fab077556743aa05f","2026-03-16 05:47:29.723","2026-03-29 13:53:56.104","68af527fab077556743aa05f","West Michigan Whitecaps at Lake County Captains","milb","2026-06-11 19:00:00","2026-06-11 23:00:00","2026-06-12 00:30:00",false,false,false,"[PREMIUM]","[PREMIUM]","[PREMIUM]","[PREMIUM]","[PREMIUM]","[PREMIUM]",false,false,"67d0ccef978952a39918f464","['5a9472cbeabe900013b42fe0','5a9476eab9c7450014e70e86']","[PREMIUM]","[PREMIUM]"
"68af527e5a8fe92ebf9ae517","2026-03-16 05:47:29.723","2026-03-29 13:53:56.104","68af527e5a8fe92ebf9ae517","West Michigan Whitecaps at Lake County Captains","milb","2026-06-12 19:00:00","2026-06-12 23:00:00","2026-06-13 00:30:00",false,false,false,"[PREMIUM]","[PREMIUM]","[PREMIUM]","[PREMIUM]","[PREMIUM]","[PREMIUM]",false,false,"67d0ccef978952a39918f464","['5a9472cbeabe900013b42fe0','5a9476eab9c7450014e70e86']","[PREMIUM]","[PREMIUM]"
"68af526c247244404743fa55","2026-03-16 05:47:29.723","2026-03-29 13:53:56.104","68af526c247244404743fa55","Detroit Tigers at Cleveland Guardians (Free Shirt Friday)","mlb","2026-06-12 19:10:00","2026-06-12 23:10:00","2026-06-12 23:25:00",false,false,false,"[PREMIUM]","[PREMIUM]","[PREMIUM]","[PREMIUM]","[PREMIUM]","[PREMIUM]",false,false,"53beec013bf376503f000002","['53beec093bf376503f000007','53c03a423bf37612c4000006']","[PREMIUM]","[PREMIUM]"
"68af4f6aab077556743a9f72","2026-03-16 05:47:29.723","2026-03-29 13:54:07.146","68af4f6aab077556743a9f72","New York Yankees at Toronto Blue Jays","mlb","2026-06-12 19:37:00","2026-06-12 23:37:00","2026-06-13 00:37:00",false,false,false,"[PREMIUM]","[PREMIUM]","[PREMIUM]","[PREMIUM]","[PREMIUM]","[PREMIUM]",false,false,"55116f6864f9625eb3000001","['55116f7064f9625eb3000003','5373d2f03bf37640fe000002']","[PREMIUM]","[PREMIUM]"
"68af4b6dc814c51f4f8de6a6","2026-03-16 05:47:29.723","2026-03-29 13:53:56.104","68af4b6dc814c51f4f8de6a6","Amarillo Sod Poodles at Springfield Cardinals","milb","2026-06-12 19:05:00","2026-06-13 00:05:00","2026-06-13 01:35:00",false,false,false,"[PREMIUM]","[PREMIUM]","[PREMIUM]","[PREMIUM]","[PREMIUM]","[PREMIUM]",false,false,"64f7b20310522a0001930224","['61afee551cc40700010eb2d2','622a228765b53e0001ef71d7']","[PREMIUM]","[PREMIUM]"
"68af4b6d247244404743f7f7","2026-03-16 05:47:29.723","2026-03-29 13:53:56.104","68af4b6d247244404743f7f7","Amarillo Sod Poodles at Springfield Cardinals","milb","2026-06-11 19:05:00","2026-06-12 00:05:00","2026-06-12 01:35:00",false,false,false,"[PREMIUM]","[PREMIUM]","[PREMIUM]","[PREMIUM]","[PREMIUM]","[PREMIUM]",false,false,"64f7b20310522a0001930224","['61afee551cc40700010eb2d2','622a228765b53e0001ef71d7']","[PREMIUM]","[PREMIUM]"
"68ae174fb0c13f009d5c7c46","2026-03-16 05:47:29.723","2026-03-29 13:53:56.104","68ae174fb0c13f009d5c7c46","El Paso Chihuahuas at Round Rock Express","milb","2026-06-11 18:45:00","2026-06-11 23:45:00","2026-06-12 01:15:00",false,false,false,"[PREMIUM]","[PREMIUM]","[PREMIUM]","[PREMIUM]","[PREMIUM]","[PREMIUM]",false,false,"5aa022b01deb370012a79bcd","['59271ce225f2c52ed80f33e3','59271ce225f2c52ed80f33e6']","[PREMIUM]","[PREMIUM]"
"68ae174f7a56cb3178de3c85","2026-03-16 05:47:29.723","2026-03-29 13:53:56.104","68ae174f7a56cb3178de3c85","El Paso Chihuahuas at Round Rock Express","milb","2026-06-12 19:05:00","2026-06-13 00:05:00","2026-06-13 01:35:00",false,false,false,"[PREMIUM]","[PREMIUM]","[PREMIUM]","[PREMIUM]","[PREMIUM]","[PREMIUM]",false,false,"5aa022b01deb370012a79bcd","['59271ce225f2c52ed80f33e3','59271ce225f2c52ed80f33e6']","[PREMIUM]","[PREMIUM]"
"68ad1da5b4049df426c457a2","2026-03-16 05:47:29.723","2026-03-29 13:53:56.104","68ad1da5b4049df426c457a2","Knoxville Smokies at Montgomery Biscuits","milb","2026-06-11 18:35:00","2026-06-11 23:35:00","2026-06-11 23:35:00",false,false,false,"[PREMIUM]","[PREMIUM]","[PREMIUM]","[PREMIUM]","[PREMIUM]","[PREMIUM]",false,false,"6482430522d4410001beaa9b","['6488b0129e46740001738dab','648ca29dc55ee8000183ba82']","[PREMIUM]","[PREMIUM]"
"68ad1da573cce4c2ba9502be","2026-03-16 05:47:29.723","2026-03-29 13:53:56.104","68ad1da573cce4c2ba9502be","Knoxville Smokies at Montgomery Biscuits","milb","2026-06-12 18:35:00","2026-06-12 23:35:00","2026-06-12 23:35:00",false,false,false,"[PREMIUM]","[PREMIUM]","[PREMIUM]","[PREMIUM]","[PREMIUM]","[PREMIUM]",false,false,"6482430522d4410001beaa9b","['6488b0129e46740001738dab','648ca29dc55ee8000183ba82']","[PREMIUM]","[PREMIUM]"
"68ad1da37a56cb3178ddd1e7","2026-03-16 05:47:29.723","2026-03-29 13:53:56.104","68ad1da37a56cb3178ddd1e7","Biloxi Shuckers at Birmingham Barons","milb","2026-06-11 19:00:00","2026-06-12 00:00:00","2026-06-12 00:00:00",false,false,false,"[PREMIUM]","[PREMIUM]","[PREMIUM]","[PREMIUM]","[PREMIUM]","[PREMIUM]",true,false,"6595ec3fabfeffa31d599d23","['648ca32bfe76b50001930979','648ca2113da3700001663531']","[PREMIUM]","[PREMIUM]"
"68ad1da33efaa7538b720cf3","2026-03-16 05:47:29.723","2026-03-29 13:53:56.104","68ad1da33efaa7538b720cf3","Biloxi Shuckers at Birmingham Barons","milb","2026-06-12 19:00:00","2026-06-13 00:00:00","2026-06-13 00:00:00",false,false,false,"[PREMIUM]","[PREMIUM]","[PREMIUM]","[PREMIUM]","[PREMIUM]","[PREMIUM]",false,false,"6595ec3fabfeffa31d599d23","['648ca32bfe76b50001930979','648ca2113da3700001663531']","[PREMIUM]","[PREMIUM]"
"68ad1c4a29ea71cb5f3afc31","2026-03-16 05:47:29.723","2026-03-29 13:53:56.104","68ad1c4a29ea71cb5f3afc31","St. Paul Saints at Toledo Mud Hens","milb","2026-06-11 19:05:00","2026-06-11 23:05:00","2026-06-12 00:35:00",false,false,false,"[PREMIUM]","[PREMIUM]","[PREMIUM]","[PREMIUM]","[PREMIUM]","[PREMIUM]",false,false,"62dae9926def99000189d4b4","['5a70bb4625f2c537d4449b50','60947caf3769070001350026']","[PREMIUM]","[PREMIUM]"
"68ad1c4952d625f46c20ecb4","2026-03-16 05:47:29.723","2026-03-29 13:53:56.104","68ad1c4952d625f46c20ecb4","St. Paul Saints at Toledo Mud Hens","milb","2026-06-12 19:05:00","2026-06-12 23:05:00","2026-06-13 00:35:00",false,false,false,"[PREMIUM]","[PREMIUM]","[PREMIUM]","[PREMIUM]","[PREMIUM]","[PREMIUM]",false,false,"62dae9926def99000189d4b4","['5a70bb4625f2c537d4449b50','60947caf3769070001350026']","[PREMIUM]","[PREMIUM]"
"68ad0641b527156a953f320d","2026-03-16 05:47:29.723","2026-03-29 13:53:56.104","68ad0641b527156a953f320d","Ontario Tower Buzzers at Lake Elsinore Storm","milb","2026-06-11 18:05:00","2026-06-12 01:05:00","2026-06-12 02:35:00",false,false,false,"[PREMIUM]","[PREMIUM]","[PREMIUM]","[PREMIUM]","[PREMIUM]","[PREMIUM]",false,false,"64efb64aa56dd50001d5d02c","['6442d0306235ac0001d487d2','692f761e4ca0378b00264232']","[PREMIUM]","[PREMIUM]"
"68ad064194002e2aa39fdec4","2026-03-16 05:47:29.723","2026-03-29 13:53:56.104","68ad064194002e2aa39fdec4","Ontario Tower Buzzers at Lake Elsinore Storm","milb","2026-06-12 18:45:00","2026-06-13 01:45:00","2026-06-13 03:15:00",false,false,false,"[PREMIUM]","[PREMIUM]","[PREMIUM]","[PREMIUM]","[PREMIUM]","[PREMIUM]",false,false,"64efb64aa56dd50001d5d02c","['6442d0306235ac0001d487d2','692f761e4ca0378b00264232']","[PREMIUM]","[PREMIUM]"
"68ad04653c46b1009a3a4b9f","2026-03-16 05:47:29.723","2026-03-29 13:53:56.104","68ad04653c46b1009a3a4b9f","Tampa Tarpons at Bradenton Marauders","milb","2026-06-11 18:30:00","2026-06-11 22:30:00","2026-06-12 00:00:00",false,false,false,"[PREMIUM]","[PREMIUM]","[PREMIUM]","[PREMIUM]","[PREMIUM]","[PREMIUM]",false,false,"56903f95f80c41639c000003","['61983bd86a5b8300011a9785','61982ea5275b0b0001af0f4d']","[PREMIUM]","[PREMIUM]"
"68ad0464b527156a953f2fc6","2026-03-16 05:47:29.723","2026-03-29 13:53:56.104","68ad0464b527156a953f2fc6","Tampa Tarpons at Bradenton Marauders","milb","2026-06-12 18:30:00","2026-06-12 22:30:00","2026-06-13 00:00:00",false,false,false,"[PREMIUM]","[PREMIUM]","[PREMIUM]","[PREMIUM]","[PREMIUM]","[PREMIUM]",false,false,"56903f95f80c41639c000003","['61983bd86a5b8300011a9785','61982ea5275b0b0001af0f4d']","[PREMIUM]","[PREMIUM]"
"68ace95db4049df426c41e7f","2026-03-16 05:47:29.723","2026-03-29 13:53:56.104","68ace95db4049df426c41e7f","San Jose Giants at Stockton Ports","milb","2026-06-11 19:05:00","2026-06-12 02:05:00","2026-06-12 03:35:00",false,false,false,"[PREMIUM]","[PREMIUM]","[PREMIUM]","[PREMIUM]","[PREMIUM]","[PREMIUM]",false,false,"6470ee4126c5440001c72844","['6442cc5b02b75b0001c2b2c8','6442cb3d385d0100011a8012']","[PREMIUM]","[PREMIUM]"
"68ace95d22884d28cd7842da","2026-03-16 05:47:29.723","2026-03-29 13:53:56.104","68ace95d22884d28cd7842da","San Jose Giants at Stockton Ports","milb","2026-06-12 19:05:00","2026-06-13 02:05:00","2026-06-13 03:35:00",false,false,false,"[PREMIUM]","[PREMIUM]","[PREMIUM]","[PREMIUM]","[PREMIUM]","[PREMIUM]",false,false,"6470ee4126c5440001c72844","['6442cc5b02b75b0001c2b2c8','6442cb3d385d0100011a8012']","[PREMIUM]","[PREMIUM]"
"68ace8a4d94405375b338271","2026-03-16 05:47:29.723","2026-03-29 13:53:56.104","68ace8a4d94405375b338271","Rancho Cucamonga Quakes at Inland Empire 66ers","milb","2026-06-11 18:35:00","2026-06-12 01:35:00","2026-06-12 03:05:00",false,false,false,"[PREMIUM]","[PREMIUM]","[PREMIUM]","[PREMIUM]","[PREMIUM]","[PREMIUM]",true,false,"6578f02aa71af6c413306ba3","['6442d11451af6700016e906c','6442d196385d0100011a8014']","[PREMIUM]","[PREMIUM]"
"68ace8a49e67e4c9dcc795d2","2026-03-16 05:47:29.723","2026-03-29 13:53:56.104","68ace8a49e67e4c9dcc795d2","Rancho Cucamonga Quakes at Inland Empire 66ers","milb","2026-06-12 18:35:00","2026-06-13 01:35:00","2026-06-13 03:05:00",false,false,false,"[PREMIUM]","[PREMIUM]","[PREMIUM]","[PREMIUM]","[PREMIUM]","[PREMIUM]",false,false,"6578f02aa71af6c413306ba3","['6442d11451af6700016e906c','6442d196385d0100011a8014']","[PREMIUM]","[PREMIUM]"
"68ab5a52a934abd09fa91a93","2026-03-16 05:47:29.723","2026-03-29 13:53:56.104","68ab5a52a934abd09fa91a93","MJ - The Musical","theater","2026-06-11 19:00:00","2026-06-11 23:00:00","2026-06-11 23:00:00",false,false,false,"[PREMIUM]","[PREMIUM]","[PREMIUM]","[PREMIUM]","[PREMIUM]","[PREMIUM]",false,false,"64a7067be62cf3000132fc45","['64a70e94c6014c0001601832']","[PREMIUM]","[PREMIUM]"
"68ab5a5026389c97fb483092","2026-03-16 05:47:29.723","2026-03-29 13:53:56.104","68ab5a5026389c97fb483092","MJ - The Musical","theater","2026-06-12 19:00:00","2026-06-12 23:00:00","2026-06-12 23:00:00",false,false,false,"[PREMIUM]","[PREMIUM]","[PREMIUM]","[PREMIUM]","[PREMIUM]","[PREMIUM]",false,false,"64a7067be62cf3000132fc45","['64a70e94c6014c0001601832']","[PREMIUM]","[PREMIUM]"
"68aa924036e3de726cbc3f00","2026-03-16 05:47:29.723","2026-03-29 13:53:56.104","68aa924036e3de726cbc3f00","Lehigh Valley IronPigs at Scranton Wilkes Barre RailRiders","milb","2026-06-11 19:05:00","2026-06-11 23:05:00","2026-06-12 00:35:00",false,false,false,"[PREMIUM]","[PREMIUM]","[PREMIUM]","[PREMIUM]","[PREMIUM]","[PREMIUM]",true,false,"644c0783d0152c000133f85b","['5a70bb4625f2c537d4449b46','5a70bb4625f2c537d4449b3c']","[PREMIUM]","[PREMIUM]"
"68aa923f071458ad3f3f6fef","2026-03-16 05:47:29.723","2026-03-29 13:53:56.104","68aa923f071458ad3f3f6fef","Lehigh Valley IronPigs at Scranton Wilkes Barre RailRiders","milb","2026-06-12 16:05:00","2026-06-12 20:05:00","2026-06-12 21:35:00",false,false,false,"[PREMIUM]","[PREMIUM]","[PREMIUM]","[PREMIUM]","[PREMIUM]","[PREMIUM]",false,false,"644c0783d0152c000133f85b","['5a70bb4625f2c537d4449b46','5a70bb4625f2c537d4449b3c']","[PREMIUM]","[PREMIUM]"
"68a789ed60e1788ceed4be91","2026-03-16 05:47:29.723","2026-03-29 13:53:56.104","68a789ed60e1788ceed4be91","Tri-City Dust Devils at Hillsboro Hops","milb","2026-06-11 18:35:00","2026-06-12 01:35:00","2026-06-12 03:05:00",false,false,false,"[PREMIUM]","[PREMIUM]","[PREMIUM]","[PREMIUM]","[PREMIUM]","[PREMIUM]",false,false,"67e7230b6465e468922271e2","['5d13d31f510933001b7db69c','5d13d3bc9025d8001c65e9d0']","[PREMIUM]","[PREMIUM]"
"68a789ed252babbf2c5d3c71","2026-03-16 05:47:29.723","2026-03-29 13:53:56.104","68a789ed252babbf2c5d3c71","Tri-City Dust Devils at Hillsboro Hops","milb","2026-06-12 18:35:00","2026-06-13 01:35:00","2026-06-13 03:05:00",false,false,false,"[PREMIUM]","[PREMIUM]","[PREMIUM]","[PREMIUM]","[PREMIUM]","[PREMIUM]",false,false,"67e7230b6465e468922271e2","['5d13d31f510933001b7db69c','5d13d3bc9025d8001c65e9d0']","[PREMIUM]","[PREMIUM]"
"68a78449097108334ca99137","2026-03-16 05:47:29.723","2026-03-29 13:53:56.104","68a78449097108334ca99137","Jersey Shore BlueClaws at Hudson Valley Renegades","milb","2026-06-12 19:05:00","2026-06-12 23:05:00","2026-06-12 23:05:00",false,false,false,"[PREMIUM]","[PREMIUM]","[PREMIUM]","[PREMIUM]","[PREMIUM]","[PREMIUM]",false,false,"65396992b74141e7e594a452","['6504c1677c18170001e782d6','653c17d086be748601b6e045']","[PREMIUM]","[PREMIUM]"
"68a784486ea41c3bc3c102ae","2026-03-16 05:47:29.723","2026-03-29 13:53:56.104","68a784486ea41c3bc3c102ae","Jersey Shore BlueClaws at Hudson Valley Renegades","milb","2026-06-11 18:35:00","2026-06-11 22:35:00","2026-06-11 22:35:00",false,false,false,"[PREMIUM]","[PREMIUM]","[PREMIUM]","[PREMIUM]","[PREMIUM]","[PREMIUM]",false,false,"65396992b74141e7e594a452","['6504c1677c18170001e782d6','653c17d086be748601b6e045']","[PREMIUM]","[PREMIUM]"
"68a6a96ca4efd2b31af872ae","2026-03-16 05:47:29.723","2026-03-29 13:53:56.104","68a6a96ca4efd2b31af872ae","Frederick Keys at Brooklyn Cyclones","milb","2026-06-12 18:40:00","2026-06-12 22:40:00","2026-06-12 22:40:00",false,false,false,"[PREMIUM]","[PREMIUM]","[PREMIUM]","[PREMIUM]","[PREMIUM]","[PREMIUM]",false,false,"65456bdadf78e79df4af83b2","['64d156a0407b990001a489c7','689f472d2cfccc82740d8d6b']","[PREMIUM]","[PREMIUM]"
"68a6a96b4f0be0be6f7ab086","2026-03-16 05:47:29.723","2026-03-29 13:53:56.104","68a6a96b4f0be0be6f7ab086","Frederick Keys at Brooklyn Cyclones","milb","2026-06-11 18:40:00","2026-06-11 22:40:00","2026-06-11 22:40:00",false,false,false,"[PREMIUM]","[PREMIUM]","[PREMIUM]","[PREMIUM]","[PREMIUM]","[PREMIUM]",true,false,"65456bdadf78e79df4af83b2","['64d156a0407b990001a489c7','689f472d2cfccc82740d8d6b']","[PREMIUM]","[PREMIUM]"
"68a66ad272ef5f9b7e31208d","2026-03-16 05:47:29.723","2026-03-29 13:53:56.104","68a66ad272ef5f9b7e31208d","Columbus Clippers at Indianapolis Indians","milb","2026-06-12 19:05:00","2026-06-12 23:05:00","2026-06-13 00:35:00",false,false,false,"[PREMIUM]","[PREMIUM]","[PREMIUM]","[PREMIUM]","[PREMIUM]","[PREMIUM]",false,false,"54eba92e64f96251e1000002","['54eba93a64f96251e1000004','5541317578fea5028e000004']","[PREMIUM]","[PREMIUM]"
"68a66ad1379e8fdc72a3e17c","2026-03-16 05:47:29.723","2026-03-29 13:53:56.104","68a66ad1379e8fdc72a3e17c","Columbus Clippers at Indianapolis Indians","milb","2026-06-11 19:05:00","2026-06-11 23:05:00","2026-06-12 00:35:00",false,false,false,"[PREMIUM]","[PREMIUM]","[PREMIUM]","[PREMIUM]","[PREMIUM]","[PREMIUM]",false,false,"54eba92e64f96251e1000002","['54eba93a64f96251e1000004','5541317578fea5028e000004']","[PREMIUM]","[PREMIUM]"
"68a61183a0f672b15737676d","2026-03-16 05:47:29.723","2026-03-29 13:53:56.104","68a61183a0f672b15737676d","Syracuse Mets at Buffalo Bisons","milb","2026-06-12 18:35:00","2026-06-12 22:35:00","2026-06-13 00:05:00",false,false,false,"[PREMIUM]","[PREMIUM]","[PREMIUM]","[PREMIUM]","[PREMIUM]","[PREMIUM]",false,false,"609eb07361d196000153c08c","['5a70bb4625f2c537d4449b52','5a70bb4625f2c537d4449b40']","[PREMIUM]","[PREMIUM]"
"68a611832be9760ed3a18a2d","2026-03-16 05:47:29.723","2026-03-29 13:53:56.104","68a611832be9760ed3a18a2d","Syracuse Mets at Buffalo Bisons","milb","2026-06-11 18:35:00","2026-06-11 22:35:00","2026-06-12 00:05:00",false,false,false,"[PREMIUM]","[PREMIUM]","[PREMIUM]","[PREMIUM]","[PREMIUM]","[PREMIUM]",false,false,"609eb07361d196000153c08c","['5a70bb4625f2c537d4449b52','5a70bb4625f2c537d4449b40']","[PREMIUM]","[PREMIUM]"
"68a4df96470f5348a7110943","2026-03-16 05:47:29.723","2026-03-29 13:53:56.104","68a4df96470f5348a7110943","West Side Story","theater","2026-06-12 19:30:00","2026-06-12 23:30:00","2026-06-12 23:30:00",false,false,false,"[PREMIUM]","[PREMIUM]","[PREMIUM]","[PREMIUM]","[PREMIUM]","[PREMIUM]",false,true,"65ea67c03e78d6f248e0540a","['653150695190d41efce1fad5']","[PREMIUM]","[PREMIUM]"
"68a4df956ea41c3bc3bed977","2026-03-16 05:47:29.723","2026-03-29 13:53:56.104","68a4df956ea41c3bc3bed977","West Side Story","theater","2026-06-11 19:30:00","2026-06-11 23:30:00","2026-06-11 23:30:00",false,false,false,"[PREMIUM]","[PREMIUM]","[PREMIUM]","[PREMIUM]","[PREMIUM]","[PREMIUM]",false,true,"65ea67c03e78d6f248e0540a","['653150695190d41efce1fad5']","[PREMIUM]","[PREMIUM]"
"68a4df951eac985d9b33db1c","2026-03-16 05:47:29.723","2026-03-29 13:53:56.104","68a4df951eac985d9b33db1c","West Side Story","theater","2026-06-11 13:30:00","2026-06-11 17:30:00","2026-06-11 17:30:00",false,false,false,"[PREMIUM]","[PREMIUM]","[PREMIUM]","[PREMIUM]","[PREMIUM]","[PREMIUM]",false,true,"65ea67c03e78d6f248e0540a","['653150695190d41efce1fad5']","[PREMIUM]","[PREMIUM]"
"68a4c3468027dc32ccaad6c6","2026-03-16 05:47:29.723","2026-03-29 13:53:56.104","68a4c3468027dc32ccaad6c6","Belle and Sebastian","music","2026-06-11 20:00:00","2026-06-12 03:00:00","2026-06-12 04:00:00",false,false,false,"[PREMIUM]","[PREMIUM]","[PREMIUM]","[PREMIUM]","[PREMIUM]","[PREMIUM]",false,false,"5654e5c3f80c41136e000001","['58c334b4f80c4175d16fa229']","[PREMIUM]","[PREMIUM]"
"68a4ad31f03e4f4048b875bf","2026-03-16 05:47:29.723","2026-03-29 13:53:56.104","68a4ad31f03e4f4048b875bf","An R-Rated Magic Show (18+ Event)","theater","2026-06-11 19:00:00","2026-06-12 02:00:00","2026-06-12 02:00:00",false,false,false,"[PREMIUM]","[PREMIUM]","[PREMIUM]","[PREMIUM]","[PREMIUM]","[PREMIUM]",false,true,"65c68eea463851cc713158ae","['685db84db2d4b6f1e88fdfdb']","[PREMIUM]","[PREMIUM]"
"68a28dcae26faec79c39b997","2026-03-16 05:47:29.723","2026-03-29 13:53:56.104","68a28dcae26faec79c39b997","Lioz Show (18+ Event)","other","2026-06-11 20:30:00","2026-06-12 03:30:00","2026-06-12 03:30:00",false,false,false,"[PREMIUM]","[PREMIUM]","[PREMIUM]","[PREMIUM]","[PREMIUM]","[PREMIUM]",false,false,"65c68eea463851cc713158ae","['666c823485311f6e71aef608']","[PREMIUM]","[PREMIUM]"
"68a28dcab5e7a759e24f603c","2026-03-16 05:47:29.723","2026-03-29 13:54:07.146","68a28dcab5e7a759e24f603c","Las Vegas Live Comedy Club","comedy","2026-06-12 21:00:00","2026-06-13 04:00:00","2026-06-13 04:00:00",false,false,false,"[PREMIUM]","[PREMIUM]","[PREMIUM]","[PREMIUM]","[PREMIUM]","[PREMIUM]",false,true,"65c68eea463851cc713158ae","['661039cd173b6a4933dc5756']","[PREMIUM]","[PREMIUM]"
"68a28dca580d8123aa503a7a","2026-03-16 05:47:29.723","2026-03-29 13:53:56.104","68a28dca580d8123aa503a7a","Popovich Comedy Pet Theater","comedy","2026-06-12 14:30:00","2026-06-12 21:30:00","2026-06-12 21:30:00",false,false,false,"[PREMIUM]","[PREMIUM]","[PREMIUM]","[PREMIUM]","[PREMIUM]","[PREMIUM]",false,true,"65c68eea463851cc713158ae","['66103916f01dc732f83759c9']","[PREMIUM]","[PREMIUM]"
"68a28dc9e62e1ebbe063d8b3","2026-03-16 05:47:29.723","2026-03-29 13:53:56.104","68a28dc9e62e1ebbe063d8b3","The Mentalist","theater","2026-06-12 19:30:00","2026-06-13 02:30:00","2026-06-13 02:30:00",false,false,false,"[PREMIUM]","[PREMIUM]","[PREMIUM]","[PREMIUM]","[PREMIUM]","[PREMIUM]",false,true,"65c68eea463851cc713158ae","['66103866817f6b034052f785']","[PREMIUM]","[PREMIUM]"
"68a28dc99738810e5057aa33","2026-03-16 05:47:29.723","2026-03-29 13:54:07.146","68a28dc99738810e5057aa33","Zombie Burlesque","theater","2026-06-12 20:00:00","2026-06-13 03:00:00","2026-06-13 03:00:00",false,false,false,"[PREMIUM]","[PREMIUM]","[PREMIUM]","[PREMIUM]","[PREMIUM]","[PREMIUM]",false,false,"65c68eea463851cc713158ae","['660f05a0a97cfd4a67e87779']","[PREMIUM]","[PREMIUM]"
"68a28dc97286acf2bd48351a","2026-03-16 05:47:29.723","2026-03-29 13:53:56.104","68a28dc97286acf2bd48351a","Piano Man","music","2026-06-12 18:30:00","2026-06-13 01:30:00","2026-06-13 01:30:00",false,false,false,"[PREMIUM]","[PREMIUM]","[PREMIUM]","[PREMIUM]","[PREMIUM]","[PREMIUM]",false,true,"65c68eea463851cc713158ae","['660f02917e3f1fb9dc807bbe']","[PREMIUM]","[PREMIUM]"
"68a28dc917b8f9506a5303f8","2026-03-16 05:47:29.723","2026-03-29 13:53:56.104","68a28dc917b8f9506a5303f8","Carpenters Legacy","theater","2026-06-12 17:00:00","2026-06-13 00:00:00","2026-06-13 00:00:00",false,false,false,"[PREMIUM]","[PREMIUM]","[PREMIUM]","[PREMIUM]","[PREMIUM]","[PREMIUM]",false,true,"65c68eea463851cc713158ae","['661015a133a2d4cfd9833a8f']","[PREMIUM]","[PREMIUM]"
"68a28dbfe26faec79c39b989","2026-03-16 05:47:29.723","2026-03-29 13:53:56.104","68a28dbfe26faec79c39b989","V - The Ultimate Variety Show","theater","2026-06-12 19:00:00","2026-06-13 02:00:00","2026-06-13 02:00:00",false,false,false,"[PREMIUM]","[PREMIUM]","[PREMIUM]","[PREMIUM]","[PREMIUM]","[PREMIUM]",false,true,"65c68eea463851cc713158ae","['67c8c79d3cb2c788c2f03776']","[PREMIUM]","[PREMIUM]"
"68a2099d5c67cb344072ac07","2026-03-16 05:47:29.723","2026-03-29 13:53:56.104","68a2099d5c67cb344072ac07","Two Strangers (Carry a Cake Across New York)","theater","2026-06-11 19:30:00","2026-06-11 23:30:00","2026-06-11 23:30:00",false,false,false,"[PREMIUM]","[PREMIUM]","[PREMIUM]","[PREMIUM]","[PREMIUM]","[PREMIUM]",false,true,"5a9ed01a593d25001363a6fe","['696163a0bf44c3a09453a60f']","[PREMIUM]","[PREMIUM]"
"68a209993402cff72798dc5c","2026-03-16 05:47:29.723","2026-03-29 13:53:56.104","68a209993402cff72798dc5c","Two Strangers (Carry a Cake Across New York)","theater","2026-06-12 19:30:00","2026-06-12 23:30:00","2026-06-12 23:30:00",false,false,false,"[PREMIUM]","[PREMIUM]","[PREMIUM]","[PREMIUM]","[PREMIUM]","[PREMIUM]",false,true,"5a9ed01a593d25001363a6fe","['696163a0bf44c3a09453a60f']","[PREMIUM]","[PREMIUM]"
"689fd518dbbe45964082e540","2026-03-16 05:47:29.723","2026-03-29 13:53:56.104","689fd518dbbe45964082e540","Lakeland Flying Tigers at Clearwater Threshers","milb","2026-06-11 18:30:00","2026-06-11 22:30:00","2026-06-12 00:00:00",false,false,false,"[PREMIUM]","[PREMIUM]","[PREMIUM]","[PREMIUM]","[PREMIUM]","[PREMIUM]",false,false,"568d94b3f80c417330000002","['61982d0856dcff0001a27d2c','61983a5105eed90001738aa8']","[PREMIUM]","[PREMIUM]"
"689fd5186c4f03af5c60da35","2026-03-16 05:47:29.723","2026-03-29 13:53:56.104","689fd5186c4f03af5c60da35","Lakeland Flying Tigers at Clearwater Threshers","milb","2026-06-12 00:00:00","2026-06-12 04:00:00","2026-06-12 05:30:00",false,true,false,"[PREMIUM]","[PREMIUM]","[PREMIUM]","[PREMIUM]","[PREMIUM]","[PREMIUM]",false,false,"568d94b3f80c417330000002","['61982d0856dcff0001a27d2c','61983a5105eed90001738aa8']","[PREMIUM]","[PREMIUM]"
"689fd3e759cbaaae78bc9876","2026-03-16 05:47:29.723","2026-03-29 13:53:56.104","689fd3e759cbaaae78bc9876","Big Black Comedy Show","comedy","2026-06-10 20:30:00","2026-06-11 03:30:00","2026-06-11 03:30:00",false,false,false,"[PREMIUM]","[PREMIUM]","[PREMIUM]","[PREMIUM]","[PREMIUM]","[PREMIUM]",false,true,"65c68eea463851cc713158ae","['68110a75c40aeb551eb434c1']","[PREMIUM]","[PREMIUM]"
"689fd3e6b07238b2a2b5b8fd","2026-03-16 05:47:29.723","2026-03-29 13:54:07.146","689fd3e6b07238b2a2b5b8fd","Big Black Comedy Show","comedy","2026-06-12 20:30:00","2026-06-13 03:30:00","2026-06-13 03:30:00",false,false,false,"[PREMIUM]","[PREMIUM]","[PREMIUM]","[PREMIUM]","[PREMIUM]","[PREMIUM]",false,true,"65c68eea463851cc713158ae","['68110a75c40aeb551eb434c1']","[PREMIUM]","[PREMIUM]"
"689fd3adc0b12bb0e4071bb3","2026-03-16 05:47:29.723","2026-03-29 13:53:56.104","689fd3adc0b12bb0e4071bb3","Eddie Griffin (18+ Event)","comedy","2026-06-10 20:30:00","2026-06-11 03:30:00","2026-06-11 05:00:00",false,false,false,"[PREMIUM]","[PREMIUM]","[PREMIUM]","[PREMIUM]","[PREMIUM]","[PREMIUM]",false,true,"660349479d995ddbe11fe0e3","['6206e8055dcfab0001a70540']","[PREMIUM]","[PREMIUM]"
"689f7b4ddbbe4596408294d1","2026-03-16 05:47:29.723","2026-03-29 13:53:56.104","689f7b4ddbbe4596408294d1","Carrot Top (18+ Event)","comedy","2026-06-11 20:00:00","2026-06-12 03:00:00","2026-06-12 03:00:00",false,false,false,"[PREMIUM]","[PREMIUM]","[PREMIUM]","[PREMIUM]","[PREMIUM]","[PREMIUM]",false,false,"62cc6fe874f0f100012e52f6","['669a8bdbeb0816069b8b440e']","[PREMIUM]","[PREMIUM]"
"689f7b4da4d817eebbd8b3af","2026-03-16 05:47:29.723","2026-03-29 13:54:07.146","689f7b4da4d817eebbd8b3af","Carrot Top (18+ Event)","comedy","2026-06-12 20:00:00","2026-06-13 03:00:00","2026-06-13 03:00:00",false,false,false,"[PREMIUM]","[PREMIUM]","[PREMIUM]","[PREMIUM]","[PREMIUM]","[PREMIUM]",false,false,"62cc6fe874f0f100012e52f6","['669a8bdbeb0816069b8b440e']","[PREMIUM]","[PREMIUM]"
"689d2faed33ceb3ea16eed60","2026-03-16 05:47:29.723","2026-03-29 13:53:56.104","689d2faed33ceb3ea16eed60","Durham Bulls at Nashville Sounds","milb","2026-06-11 18:35:00","2026-06-11 23:35:00","2026-06-12 00:20:00",false,false,false,"[PREMIUM]","[PREMIUM]","[PREMIUM]","[PREMIUM]","[PREMIUM]","[PREMIUM]",false,false,"5551542a78fea550d8000001","['5551542f78fea550d8000003','5a70bb4625f2c537d4449b4a']","[PREMIUM]","[PREMIUM]"
"689d2faddcccad073852d74d","2026-03-16 05:47:29.723","2026-03-29 13:53:56.104","689d2faddcccad073852d74d","Durham Bulls at Nashville Sounds","milb","2026-06-12 18:35:00","2026-06-12 23:35:00","2026-06-13 00:20:00",false,false,false,"[PREMIUM]","[PREMIUM]","[PREMIUM]","[PREMIUM]","[PREMIUM]","[PREMIUM]",false,false,"5551542a78fea550d8000001","['5551542f78fea550d8000003','5a70bb4625f2c537d4449b4a']","[PREMIUM]","[PREMIUM]"
"689cf28c799d9a5ca9eeb060","2026-03-16 05:47:29.723","2026-03-29 13:53:56.104","689cf28c799d9a5ca9eeb060","Fort Wayne TinCaps at Dayton Dragons","milb","2026-06-12 19:05:00","2026-06-12 23:05:00","2026-06-13 00:35:00",false,false,false,"[PREMIUM]","[PREMIUM]","[PREMIUM]","[PREMIUM]","[PREMIUM]","[PREMIUM]",false,false,"55423f8a78fea53bb6000001","['55423f8f78fea53bb6000004','5a9474798c7d5900130ba569']","[PREMIUM]","[PREMIUM]"
"689cf28b4fbdfe96719c2576","2026-03-16 05:47:29.723","2026-03-29 13:53:56.104","689cf28b4fbdfe96719c2576","Fort Wayne TinCaps at Dayton Dragons","milb","2026-06-11 19:05:00","2026-06-11 23:05:00","2026-06-12 00:35:00",false,false,false,"[PREMIUM]","[PREMIUM]","[PREMIUM]","[PREMIUM]","[PREMIUM]","[PREMIUM]",false,false,"55423f8a78fea53bb6000001","['55423f8f78fea53bb6000004','5a9474798c7d5900130ba569']","[PREMIUM]","[PREMIUM]"
"689cdfb2337eefad2a0560cf","2026-03-16 05:47:29.723","2026-03-29 13:53:56.104","689cdfb2337eefad2a0560cf","Albuquerque Isotopes at Tacoma Rainiers","milb","2026-06-11 19:05:00","2026-06-12 02:05:00","2026-06-12 03:35:00",false,false,false,"[PREMIUM]","[PREMIUM]","[PREMIUM]","[PREMIUM]","[PREMIUM]","[PREMIUM]",false,false,"5aa02146af2d0e0012970af9","['59271ce225f2c52ed80f33e2','58ba07f6f80c415aad18c9b3']","[PREMIUM]","[PREMIUM]"
"689cdfb212c56c00cebd8b60","2026-03-16 05:47:29.723","2026-03-29 13:53:56.104","689cdfb212c56c00cebd8b60","Albuquerque Isotopes at Tacoma Rainiers","milb","2026-06-12 19:05:00","2026-06-13 02:05:00","2026-06-13 03:35:00",false,false,false,"[PREMIUM]","[PREMIUM]","[PREMIUM]","[PREMIUM]","[PREMIUM]","[PREMIUM]",false,false,"5aa02146af2d0e0012970af9","['59271ce225f2c52ed80f33e2','58ba07f6f80c415aad18c9b3']","[PREMIUM]","[PREMIUM]"
"689cdf7f24bf0aab91bd481b","2026-03-16 05:47:29.723","2026-03-29 13:53:56.104","689cdf7f24bf0aab91bd481b","Peoria Chiefs at South Bend Cubs","milb","2026-06-12 19:05:00","2026-06-13 00:05:00","2026-06-13 01:35:00",false,false,false,"[PREMIUM]","[PREMIUM]","[PREMIUM]","[PREMIUM]","[PREMIUM]","[PREMIUM]",false,false,"67201ea5fe0cb992657cb1f9","['5a9473c9ccb7ce0014f785b1','5a9475c1eabe900013b42fe2']","[PREMIUM]","[PREMIUM]"
"689cdf7e2cb85217b71785b0","2026-03-16 05:47:29.723","2026-03-29 13:53:56.104","689cdf7e2cb85217b71785b0","Peoria Chiefs at South Bend Cubs","milb","2026-06-11 19:05:00","2026-06-12 00:05:00","2026-06-12 01:35:00",false,false,false,"[PREMIUM]","[PREMIUM]","[PREMIUM]","[PREMIUM]","[PREMIUM]","[PREMIUM]",false,false,"67201ea5fe0cb992657cb1f9","['5a9473c9ccb7ce0014f785b1','5a9475c1eabe900013b42fe2']","[PREMIUM]","[PREMIUM]"
"689cde99b1b46959a7826c4a","2026-03-16 05:47:29.723","2026-03-29 13:53:56.104","689cde99b1b46959a7826c4a","Jupiter Hammerheads at Daytona Tortugas","milb","2026-06-11 18:35:00","2026-06-11 22:35:00","2026-06-12 00:05:00",false,false,false,"[PREMIUM]","[PREMIUM]","[PREMIUM]","[PREMIUM]","[PREMIUM]","[PREMIUM]",false,true,"697ba059e701b00e3b1fa795","['61983b845414ea000162d4cf','619c366b80ca5b0001ebab39']","[PREMIUM]","[PREMIUM]"
"689cde98045e1afc6ce26167","2026-03-16 05:47:29.723","2026-03-29 13:53:56.104","689cde98045e1afc6ce26167","Jupiter Hammerheads at Daytona Tortugas","milb","2026-06-12 18:35:00","2026-06-12 22:35:00","2026-06-13 00:05:00",false,false,false,"[PREMIUM]","[PREMIUM]","[PREMIUM]","[PREMIUM]","[PREMIUM]","[PREMIUM]",false,true,"697ba059e701b00e3b1fa795","['61983b845414ea000162d4cf','619c366b80ca5b0001ebab39']","[PREMIUM]","[PREMIUM]"
"689cde5a3327c9a1887708b5","2026-03-16 05:47:29.723","2026-03-29 13:53:56.104","689cde5a3327c9a1887708b5","Wichita Wind Surge at Tulsa Drillers","milb","2026-06-12 19:00:00","2026-06-13 00:00:00","2026-06-13 01:30:00",false,false,false,"[PREMIUM]","[PREMIUM]","[PREMIUM]","[PREMIUM]","[PREMIUM]","[PREMIUM]",false,false,"62046044256bc300016b0b4d","['61afeee3fac7180001001d92','5dbc9757caf80d00370e2645']","[PREMIUM]","[PREMIUM]"
"689cde598029f7468fc26d03","2026-03-16 05:47:29.723","2026-03-29 13:53:56.104","689cde598029f7468fc26d03","Wichita Wind Surge at Tulsa Drillers","milb","2026-06-11 19:00:00","2026-06-12 00:00:00","2026-06-12 01:30:00",false,false,false,"[PREMIUM]","[PREMIUM]","[PREMIUM]","[PREMIUM]","[PREMIUM]","[PREMIUM]",false,false,"62046044256bc300016b0b4d","['61afeee3fac7180001001d92','5dbc9757caf80d00370e2645']","[PREMIUM]","[PREMIUM]"
"689cda35337eefad2a0558f0","2026-03-16 05:47:29.723","2026-03-29 13:53:56.104","689cda35337eefad2a0558f0","Iowa Cubs at Louisville Bats","milb","2026-06-11 18:35:00","2026-06-11 22:35:00","2026-06-12 00:05:00",false,false,false,"[PREMIUM]","[PREMIUM]","[PREMIUM]","[PREMIUM]","[PREMIUM]","[PREMIUM]",false,false,"5d080ae7b0c2f400141d909a","['5a70bb4625f2c537d4449b4e','59271ce225f2c52ed80f33e7']","[PREMIUM]","[PREMIUM]"
"689cda34799d9a5ca9ee9890","2026-03-16 05:47:29.723","2026-03-29 13:53:56.104","689cda34799d9a5ca9ee9890","Iowa Cubs at Louisville Bats","milb","2026-06-12 19:15:00","2026-06-12 23:15:00","2026-06-13 00:45:00",false,false,false,"[PREMIUM]","[PREMIUM]","[PREMIUM]","[PREMIUM]","[PREMIUM]","[PREMIUM]",false,false,"5d080ae7b0c2f400141d909a","['5a70bb4625f2c537d4449b4e','59271ce225f2c52ed80f33e7']","[PREMIUM]","[PREMIUM]"
"689cda0c337eefad2a0558a9","2026-03-16 05:47:29.723","2026-03-29 13:53:56.104","689cda0c337eefad2a0558a9","Oklahoma City Comets at Charlotte Knights","milb","2026-06-12 19:04:00","2026-06-12 23:04:00","2026-06-12 23:49:00",false,false,false,"[PREMIUM]","[PREMIUM]","[PREMIUM]","[PREMIUM]","[PREMIUM]","[PREMIUM]",false,false,"54fde39964f9622fa4000001","['54fde3a364f9622fa4000003','5a70bb4625f2c537d4449b3e']","[PREMIUM]","[PREMIUM]"
"689cda0bb1b46959a782667b","2026-03-16 05:47:29.723","2026-03-29 13:53:56.104","689cda0bb1b46959a782667b","Oklahoma City Comets at Charlotte Knights","milb","2026-06-11 19:04:00","2026-06-11 23:04:00","2026-06-11 23:49:00",false,false,false,"[PREMIUM]","[PREMIUM]","[PREMIUM]","[PREMIUM]","[PREMIUM]","[PREMIUM]",true,false,"54fde39964f9622fa4000001","['54fde3a364f9622fa4000003','5a70bb4625f2c537d4449b3e']","[PREMIUM]","[PREMIUM]"
"689cd8add867595adfc5b417","2026-03-16 05:47:29.723","2026-03-29 13:53:56.104","689cd8add867595adfc5b417","Portland Sea Dogs at Reading Fightin Phils","milb","2026-06-12 19:00:00","2026-06-12 23:00:00","2026-06-12 23:00:00",false,false,false,"[PREMIUM]","[PREMIUM]","[PREMIUM]","[PREMIUM]","[PREMIUM]","[PREMIUM]",false,false,"66db7d60b4cbe5ba87b3cda3","['64e6624db747070001f18009','64ee553dcbffa600017a2232']","[PREMIUM]","[PREMIUM]"
"689cd8ac8800309faf5fe09a","2026-03-16 05:47:29.723","2026-03-29 13:53:56.104","689cd8ac8800309faf5fe09a","Portland Sea Dogs at Reading Fightin Phils","milb","2026-06-11 19:00:00","2026-06-11 23:00:00","2026-06-11 23:00:00",false,false,false,"[PREMIUM]","[PREMIUM]","[PREMIUM]","[PREMIUM]","[PREMIUM]","[PREMIUM]",false,false,"66db7d60b4cbe5ba87b3cda3","['64e6624db747070001f18009','64ee553dcbffa600017a2232']","[PREMIUM]","[PREMIUM]"
"689cd86892fcf9275cca6cda","2026-03-16 05:47:29.723","2026-03-29 13:53:56.104","689cd86892fcf9275cca6cda","Jabbawockeez","theater","2026-06-12 17:30:00","2026-06-13 00:30:00","2026-06-13 00:30:00",false,false,false,"[PREMIUM]","[PREMIUM]","[PREMIUM]","[PREMIUM]","[PREMIUM]","[PREMIUM]",false,true,"65d922171e8767f8399758d2","['6577a8fd467ba3b6407738c9']","[PREMIUM]","[PREMIUM]"
"689cd864f27e64c6e90f2018","2026-03-16 05:47:29.723","2026-03-29 13:53:56.104","689cd864f27e64c6e90f2018","Jabbawockeez","theater","2026-06-11 20:00:00","2026-06-12 03:00:00","2026-06-12 03:00:00",false,false,false,"[PREMIUM]","[PREMIUM]","[PREMIUM]","[PREMIUM]","[PREMIUM]","[PREMIUM]",false,true,"65d922171e8767f8399758d2","['6577a8fd467ba3b6407738c9']","[PREMIUM]","[PREMIUM]"
"689cd863d33ceb3ea16e8252","2026-03-16 05:47:29.723","2026-03-29 13:54:07.146","689cd863d33ceb3ea16e8252","Jabbawockeez","theater","2026-06-12 20:00:00","2026-06-13 03:00:00","2026-06-13 03:00:00",false,false,false,"[PREMIUM]","[PREMIUM]","[PREMIUM]","[PREMIUM]","[PREMIUM]","[PREMIUM]",false,true,"65d922171e8767f8399758d2","['6577a8fd467ba3b6407738c9']","[PREMIUM]","[PREMIUM]"
"689cd8630492dc430f99520a","2026-03-16 05:47:29.723","2026-03-29 13:53:56.104","689cd8630492dc430f99520a","Jabbawockeez","theater","2026-06-11 17:30:00","2026-06-12 00:30:00","2026-06-12 00:30:00",false,false,false,"[PREMIUM]","[PREMIUM]","[PREMIUM]","[PREMIUM]","[PREMIUM]","[PREMIUM]",false,true,"65d922171e8767f8399758d2","['6577a8fd467ba3b6407738c9']","[PREMIUM]","[PREMIUM]"
"689cd7b0b1b46959a782620f","2026-03-16 05:47:29.723","2026-03-29 13:53:56.104","689cd7b0b1b46959a782620f","Gwinnett Stripers at Jacksonville Jumbo Shrimp","milb","2026-06-12 19:05:00","2026-06-12 23:05:00","2026-06-13 00:35:00",false,false,false,"[PREMIUM]","[PREMIUM]","[PREMIUM]","[PREMIUM]","[PREMIUM]","[PREMIUM]",false,false,"5577681aa2e3a9121c000001","['60947c4c6a7fb300017f1313','5a70bb4625f2c537d4449b48']","[PREMIUM]","[PREMIUM]"
"689cd7af92fcf9275cca6ba7","2026-03-16 05:47:29.723","2026-03-29 13:53:56.104","689cd7af92fcf9275cca6ba7","Gwinnett Stripers at Jacksonville Jumbo Shrimp","milb","2026-06-11 19:05:00","2026-06-11 23:05:00","2026-06-12 00:35:00",false,false,false,"[PREMIUM]","[PREMIUM]","[PREMIUM]","[PREMIUM]","[PREMIUM]","[PREMIUM]",false,false,"5577681aa2e3a9121c000001","['60947c4c6a7fb300017f1313','5a70bb4625f2c537d4449b48']","[PREMIUM]","[PREMIUM]"
"689cd7a08800309faf5fded2","2026-03-16 05:47:29.723","2026-03-29 13:53:56.104","689cd7a08800309faf5fded2","Worcester Red Sox at Rochester Red Wings","milb","2026-06-11 13:05:00","2026-06-11 17:05:00","2026-06-11 18:35:00",false,false,false,"[PREMIUM]","[PREMIUM]","[PREMIUM]","[PREMIUM]","[PREMIUM]","[PREMIUM]",true,false,"6452df95118f390001dd41f2","['5a70bb4625f2c537d4449b54','5a70bb4625f2c537d4449b4c']","[PREMIUM]","[PREMIUM]"
"689cd79f6b5fffd6f86fc2cb","2026-03-16 05:47:29.723","2026-03-29 13:53:56.104","689cd79f6b5fffd6f86fc2cb","Worcester Red Sox at Rochester Red Wings","milb","2026-06-12 18:45:00","2026-06-12 22:45:00","2026-06-13 00:15:00",false,false,false,"[PREMIUM]","[PREMIUM]","[PREMIUM]","[PREMIUM]","[PREMIUM]","[PREMIUM]",false,false,"6452df95118f390001dd41f2","['5a70bb4625f2c537d4449b54','5a70bb4625f2c537d4449b4c']","[PREMIUM]","[PREMIUM]"
"689cd746dcccad0738526901","2026-03-16 05:47:29.723","2026-03-29 13:53:56.104","689cd746dcccad0738526901","Binghamton Rumble Ponies at Somerset Patriots","milb","2026-06-12 19:05:00","2026-06-12 23:05:00","2026-06-12 23:05:00",false,false,false,"[PREMIUM]","[PREMIUM]","[PREMIUM]","[PREMIUM]","[PREMIUM]","[PREMIUM]",false,false,"64ac6f8f22d7e400012d2f5c","['6495eaff7405510001af8b99','6495e61150545000013c6c3a']","[PREMIUM]","[PREMIUM]"
"689cd74592fcf9275cca6a40","2026-03-16 05:47:29.723","2026-03-29 13:53:56.104","689cd74592fcf9275cca6a40","Binghamton Rumble Ponies at Somerset Patriots","milb","2026-06-11 18:35:00","2026-06-11 22:35:00","2026-06-11 22:35:00",false,false,false,"[PREMIUM]","[PREMIUM]","[PREMIUM]","[PREMIUM]","[PREMIUM]","[PREMIUM]",false,false,"64ac6f8f22d7e400012d2f5c","['6495eaff7405510001af8b99','6495e61150545000013c6c3a']","[PREMIUM]","[PREMIUM]"
"689cd66b799d9a5ca9ee90e2","2026-03-16 05:47:29.723","2026-03-29 13:53:56.104","689cd66b799d9a5ca9ee90e2","Las Vegas Aviators at Omaha Storm Chasers","milb","2026-06-11 19:05:00","2026-06-12 00:05:00","2026-06-12 01:35:00",false,false,false,"[PREMIUM]","[PREMIUM]","[PREMIUM]","[PREMIUM]","[PREMIUM]","[PREMIUM]",false,false,"59dd1e21323bb70001d308fb","['59271ce225f2c52ed80f33e5','569fd710f80c416348000006']","[PREMIUM]","[PREMIUM]"
"689cd66b337eefad2a05507e","2026-03-16 05:47:29.723","2026-03-29 13:53:56.104","689cd66b337eefad2a05507e","Las Vegas Aviators at Omaha Storm Chasers","milb","2026-06-12 19:05:00","2026-06-13 00:05:00","2026-06-13 01:35:00",false,false,false,"[PREMIUM]","[PREMIUM]","[PREMIUM]","[PREMIUM]","[PREMIUM]","[PREMIUM]",false,false,"59dd1e21323bb70001d308fb","['59271ce225f2c52ed80f33e5','569fd710f80c416348000006']","[PREMIUM]","[PREMIUM]"
"689ac7a3b9803685aee593c4","2026-03-16 05:47:29.723","2026-03-29 13:53:56.104","689ac7a3b9803685aee593c4","Harrisburg Senators at Richmond Flying Squirrels","milb","2026-06-11 19:05:00","2026-06-11 23:05:00","2026-06-11 23:05:00",false,false,false,"[PREMIUM]","[PREMIUM]","[PREMIUM]","[PREMIUM]","[PREMIUM]","[PREMIUM]",false,false,"6502203057c1a3000118f107","['6495e7d2813d730001f89cdf','6495e738c3a2c5000165210c']","[PREMIUM]","[PREMIUM]"
"689ac7a28029f7468fc04fd1","2026-03-16 05:47:29.723","2026-03-29 13:53:56.104","689ac7a28029f7468fc04fd1","Harrisburg Senators at Richmond Flying Squirrels","milb","2026-06-12 19:05:00","2026-06-12 23:05:00","2026-06-12 23:05:00",false,false,false,"[PREMIUM]","[PREMIUM]","[PREMIUM]","[PREMIUM]","[PREMIUM]","[PREMIUM]",false,false,"6502203057c1a3000118f107","['6495e7d2813d730001f89cdf','6495e738c3a2c5000165210c']","[PREMIUM]","[PREMIUM]"
"689aadbedcccad07385046d2","2026-03-16 05:47:29.723","2026-03-29 13:53:56.104","689aadbedcccad07385046d2","Quad Cities River Bandits at Beloit Sky Carp","milb","2026-06-11 18:05:00","2026-06-11 23:05:00","2026-06-12 00:35:00",false,false,false,"[PREMIUM]","[PREMIUM]","[PREMIUM]","[PREMIUM]","[PREMIUM]","[PREMIUM]",false,false,"656f7623a5a409770b1b5ee4","['632a2daecc5e310001f95535','60947cfced516a00011b29ea']","[PREMIUM]","[PREMIUM]"
"689aadbeb53759949b01b2e6","2026-03-16 05:47:29.723","2026-03-29 13:53:56.104","689aadbeb53759949b01b2e6","Quad Cities River Bandits at Beloit Sky Carp","milb","2026-06-12 18:05:00","2026-06-12 23:05:00","2026-06-13 00:35:00",false,false,false,"[PREMIUM]","[PREMIUM]","[PREMIUM]","[PREMIUM]","[PREMIUM]","[PREMIUM]",false,false,"656f7623a5a409770b1b5ee4","['632a2daecc5e310001f95535','60947cfced516a00011b29ea']","[PREMIUM]","[PREMIUM]"
"689a71fdc7f58c0edb47601e","2026-03-16 05:47:29.723","2026-03-29 13:53:56.104","689a71fdc7f58c0edb47601e","Memphis Redbirds at Norfolk Tides","milb","2026-06-11 12:05:00","2026-06-11 16:05:00","2026-06-11 16:50:00",false,false,false,"[PREMIUM]","[PREMIUM]","[PREMIUM]","[PREMIUM]","[PREMIUM]","[PREMIUM]",true,false,"5d0823c580e9dc001ac7ee75","['5a70bb4625f2c537d4449b42','59271ce225f2c52ed80f33e8']","[PREMIUM]","[PREMIUM]"
"689a71fd2cb85217b71539a0","2026-03-16 05:47:29.723","2026-03-29 13:53:56.104","689a71fd2cb85217b71539a0","Memphis Redbirds at Norfolk Tides","milb","2026-06-12 18:35:00","2026-06-12 22:35:00","2026-06-12 23:20:00",false,false,false,"[PREMIUM]","[PREMIUM]","[PREMIUM]","[PREMIUM]","[PREMIUM]","[PREMIUM]",false,false,"5d0823c580e9dc001ac7ee75","['5a70bb4625f2c537d4449b42','59271ce225f2c52ed80f33e8']","[PREMIUM]","[PREMIUM]"
"68966113bb48269ee18dbbe5","2026-03-16 05:47:29.723","2026-03-29 13:53:56.104","68966113bb48269ee18dbbe5","Dear Evan Hansen","theater","2026-06-11 19:30:00","2026-06-12 02:30:00","2026-06-12 03:30:00",false,false,false,"[PREMIUM]","[PREMIUM]","[PREMIUM]","[PREMIUM]","[PREMIUM]","[PREMIUM]",false,true,"6620523eb74b4a3bca61dd40","['5a5e3f8d25f2c56862a9baa5']","[PREMIUM]","[PREMIUM]"
"689584b8a3d572c3884e3de5","2026-03-16 05:47:29.723","2026-03-29 13:53:56.104","689584b8a3d572c3884e3de5","Salt Lake Bees at Reno Aces","milb","2026-06-11 18:35:00","2026-06-12 01:35:00","2026-06-12 03:05:00",false,false,false,"[PREMIUM]","[PREMIUM]","[PREMIUM]","[PREMIUM]","[PREMIUM]","[PREMIUM]",false,false,"61e07f25c8875600014e18ab","['59271ce225f2c52ed80f33e9','54f6486664f9625908000006']","[PREMIUM]","[PREMIUM]"
"689584b854b018c955bf9ed7","2026-03-16 05:47:29.723","2026-03-29 13:53:56.104","689584b854b018c955bf9ed7","Salt Lake Bees at Reno Aces","milb","2026-06-12 18:35:00","2026-06-13 01:35:00","2026-06-13 03:05:00",false,false,false,"[PREMIUM]","[PREMIUM]","[PREMIUM]","[PREMIUM]","[PREMIUM]","[PREMIUM]",false,false,"61e07f25c8875600014e18ab","['59271ce225f2c52ed80f33e9','54f6486664f9625908000006']","[PREMIUM]","[PREMIUM]"
"689542dc0ef372e94520bb53","2026-03-16 05:47:29.723","2026-03-29 13:53:56.104","689542dc0ef372e94520bb53","Hillsboro Hops at Eugene Emeralds","milb","2026-06-11 18:35:00","2026-06-12 01:35:00","2026-06-12 03:05:00",false,false,false,"[PREMIUM]","[PREMIUM]","[PREMIUM]","[PREMIUM]","[PREMIUM]","[PREMIUM]",false,false,"64497686e2c787000187c429","['5dbc96f76ec5f3003887f2aa','5d13d31f510933001b7db69c']","[PREMIUM]","[PREMIUM]"
"689542dbaff11dd321bc9c14","2026-03-16 05:47:29.723","2026-03-29 13:53:56.104","689542dbaff11dd321bc9c14","Hillsboro Hops at Eugene Emeralds","milb","2026-06-12 18:35:00","2026-06-13 01:35:00","2026-06-13 03:05:00",false,false,false,"[PREMIUM]","[PREMIUM]","[PREMIUM]","[PREMIUM]","[PREMIUM]","[PREMIUM]",false,false,"64497686e2c787000187c429","['5dbc96f76ec5f3003887f2aa','5d13d31f510933001b7db69c']","[PREMIUM]","[PREMIUM]"
"6891550ef94fcdb45be0c23e","2026-03-16 05:47:29.723","2026-03-29 13:53:56.104","6891550ef94fcdb45be0c23e","Frisco Roughriders at San Antonio Missions","milb","2026-06-12 19:05:00","2026-06-13 00:05:00","2026-06-13 00:20:00",false,false,false,"[PREMIUM]","[PREMIUM]","[PREMIUM]","[PREMIUM]","[PREMIUM]","[PREMIUM]",false,false,"5c9027f7ba5146001525fe13","['5c90287bdebb680015159b06','61afee125ea45500018b1806']","[PREMIUM]","[PREMIUM]"
"6891550e3400a9e0378d830b","2026-03-16 05:47:29.723","2026-03-29 13:53:56.104","6891550e3400a9e0378d830b","Frisco Roughriders at San Antonio Missions","milb","2026-06-11 19:05:00","2026-06-12 00:05:00","2026-06-12 00:20:00",false,false,false,"[PREMIUM]","[PREMIUM]","[PREMIUM]","[PREMIUM]","[PREMIUM]","[PREMIUM]",false,false,"5c9027f7ba5146001525fe13","['5c90287bdebb680015159b06','61afee125ea45500018b1806']","[PREMIUM]","[PREMIUM]"
"689119e6b86cdcbd7a871b58","2026-03-16 05:47:29.723","2026-03-29 13:53:56.104","689119e6b86cdcbd7a871b58","Chesapeake Baysox at Altoona Curve","milb","2026-06-12 18:00:00","2026-06-12 22:00:00","2026-06-12 22:00:00",false,false,false,"[PREMIUM]","[PREMIUM]","[PREMIUM]","[PREMIUM]","[PREMIUM]","[PREMIUM]",false,false,"653967ae17b636bed5a5d5b0","['6495e92fd43fdc0001a15b29','6495e9dba4dfb10001da0511']","[PREMIUM]","[PREMIUM]"
"689119e44f9c41d09cf0623d","2026-03-16 05:47:29.723","2026-03-29 13:53:56.104","689119e44f9c41d09cf0623d","Chesapeake Baysox at Altoona Curve","milb","2026-06-11 18:00:00","2026-06-11 22:00:00","2026-06-11 22:00:00",false,false,false,"[PREMIUM]","[PREMIUM]","[PREMIUM]","[PREMIUM]","[PREMIUM]","[PREMIUM]",true,false,"653967ae17b636bed5a5d5b0","['6495e92fd43fdc0001a15b29','6495e9dba4dfb10001da0511']","[PREMIUM]","[PREMIUM]"
"688c10b8d52674a0f78270ab","2026-03-16 05:47:29.723","2026-03-29 13:53:56.104","688c10b8d52674a0f78270ab","Northwest Arkansas Naturals at Arkansas Travelers","milb","2026-06-11 18:35:00","2026-06-11 23:35:00","2026-06-12 01:05:00",false,false,false,"[PREMIUM]","[PREMIUM]","[PREMIUM]","[PREMIUM]","[PREMIUM]","[PREMIUM]",false,false,"64efb743730df900014d397e","['61afee842a17320001abd1ac','622a228765b53e0001ef71d7']","[PREMIUM]","[PREMIUM]"
"688c10b78226f4e9a971ed4d","2026-03-16 05:47:29.723","2026-03-29 13:53:56.104","688c10b78226f4e9a971ed4d","Northwest Arkansas Naturals at Arkansas Travelers","milb","2026-06-12 19:05:00","2026-06-13 00:05:00","2026-06-13 01:35:00",false,false,false,"[PREMIUM]","[PREMIUM]","[PREMIUM]","[PREMIUM]","[PREMIUM]","[PREMIUM]",false,false,"64efb743730df900014d397e","['61afee842a17320001abd1ac','622a228765b53e0001ef71d7']","[PREMIUM]","[PREMIUM]"
"688bf0d41e83c91b5cfb3885","2026-03-16 05:47:29.723","2026-03-29 13:53:56.104","688bf0d41e83c91b5cfb3885","Great Lakes Loons at Wisconsin Timber Rattlers","milb","2026-06-12 18:40:00","2026-06-12 23:40:00","2026-06-13 01:10:00",false,false,false,"[PREMIUM]","[PREMIUM]","[PREMIUM]","[PREMIUM]","[PREMIUM]","[PREMIUM]",false,false,"64f7b27a608f6100015b43f7","['632a2d73fe63820001721044','5a94765b416f6600135aaaa3']","[PREMIUM]","[PREMIUM]"
"688bf0d32dc1b32c6e7a5cee","2026-03-16 05:47:29.723","2026-03-29 13:53:56.104","688bf0d32dc1b32c6e7a5cee","Great Lakes Loons at Wisconsin Timber Rattlers","milb","2026-06-11 18:40:00","2026-06-11 23:40:00","2026-06-12 01:10:00",false,false,false,"[PREMIUM]","[PREMIUM]","[PREMIUM]","[PREMIUM]","[PREMIUM]","[PREMIUM]",false,false,"64f7b27a608f6100015b43f7","['632a2d73fe63820001721044','5a94765b416f6600135aaaa3']","[PREMIUM]","[PREMIUM]"
"688a61aa3400a9e0378abe1f","2026-03-16 05:47:29.723","2026-03-29 13:53:56.104","688a61aa3400a9e0378abe1f","New Hampshire Fisher Cats at Hartford Yard Goats","milb","2026-06-12 19:10:00","2026-06-12 23:10:00","2026-06-12 23:10:00",false,false,false,"[PREMIUM]","[PREMIUM]","[PREMIUM]","[PREMIUM]","[PREMIUM]","[PREMIUM]",false,false,"653965a438dcecde21e0eaa4","['64b70f9db0c58900018113b4','64e6610ad2410200017fd951']","[PREMIUM]","[PREMIUM]"
"688a61a989053677beabb48b","2026-03-16 05:47:29.723","2026-03-29 13:53:56.104","688a61a989053677beabb48b","New Hampshire Fisher Cats at Hartford Yard Goats","milb","2026-06-11 19:10:00","2026-06-11 23:10:00","2026-06-11 23:10:00",false,false,false,"[PREMIUM]","[PREMIUM]","[PREMIUM]","[PREMIUM]","[PREMIUM]","[PREMIUM]",false,false,"653965a438dcecde21e0eaa4","['64b70f9db0c58900018113b4','64e6610ad2410200017fd951']","[PREMIUM]","[PREMIUM]"
"688966582af647bf9be0f64d","2026-03-16 05:47:29.723","2026-03-29 13:53:56.104","688966582af647bf9be0f64d","Sacramento River Cats at Sugar Land Space Cowboys","milb","2026-06-11 19:05:00","2026-06-12 00:05:00","2026-06-12 01:35:00",false,false,false,"[PREMIUM]","[PREMIUM]","[PREMIUM]","[PREMIUM]","[PREMIUM]","[PREMIUM]",false,false,"64c31c3319b42b000128eaf9","['60947baf3059ac000114ae9f','55313d1c78fea568e6000003']","[PREMIUM]","[PREMIUM]"
"688966581d74b2f670692d0d","2026-03-16 05:47:29.723","2026-03-29 13:53:56.104","688966581d74b2f670692d0d","Sacramento River Cats at Sugar Land Space Cowboys","milb","2026-06-12 19:05:00","2026-06-13 00:05:00","2026-06-13 01:35:00",false,false,false,"[PREMIUM]","[PREMIUM]","[PREMIUM]","[PREMIUM]","[PREMIUM]","[PREMIUM]",false,false,"64c31c3319b42b000128eaf9","['60947baf3059ac000114ae9f','55313d1c78fea568e6000003']","[PREMIUM]","[PREMIUM]"
"68859397f3d21d14a91025ff","2026-03-16 05:47:29.723","2026-03-29 13:54:07.146","68859397f3d21d14a91025ff","Magic Mike Live (18+ Event)","theater","2026-06-12 22:00:00","2026-06-13 05:00:00","2026-06-13 05:00:00",false,false,false,"[PREMIUM]","[PREMIUM]","[PREMIUM]","[PREMIUM]","[PREMIUM]","[PREMIUM]",false,true,"6206d648e796af000145ae1b","['65b02b7c0a38821a8a84966d']","[PREMIUM]","[PREMIUM]"
"68859396cfcc5db8a143045f","2026-03-16 05:47:29.723","2026-03-29 13:53:56.104","68859396cfcc5db8a143045f","Magic Mike Live (18+ Event)","theater","2026-06-12 19:30:00","2026-06-13 02:30:00","2026-06-13 02:30:00",false,false,false,"[PREMIUM]","[PREMIUM]","[PREMIUM]","[PREMIUM]","[PREMIUM]","[PREMIUM]",false,true,"6206d648e796af000145ae1b","['65b02b7c0a38821a8a84966d']","[PREMIUM]","[PREMIUM]"
"68859395e8b5295df65c0b41","2026-03-16 05:47:29.723","2026-03-29 13:53:56.104","68859395e8b5295df65c0b41","Magic Mike Live (18+ Event)","theater","2026-06-11 19:30:00","2026-06-12 02:30:00","2026-06-12 02:30:00",false,false,false,"[PREMIUM]","[PREMIUM]","[PREMIUM]","[PREMIUM]","[PREMIUM]","[PREMIUM]",false,true,"6206d648e796af000145ae1b","['65b02b7c0a38821a8a84966d']","[PREMIUM]","[PREMIUM]"
"688593921a052d8759b07cbd","2026-03-16 05:47:29.723","2026-03-29 13:53:56.104","688593921a052d8759b07cbd","Magic Mike Live (18+ Event)","theater","2026-06-11 22:00:00","2026-06-12 05:00:00","2026-06-12 05:00:00",false,false,false,"[PREMIUM]","[PREMIUM]","[PREMIUM]","[PREMIUM]","[PREMIUM]","[PREMIUM]",false,true,"6206d648e796af000145ae1b","['65b02b7c0a38821a8a84966d']","[PREMIUM]","[PREMIUM]"
"6882994c1a052d8759ae42ac","2026-03-16 05:47:29.723","2026-03-29 13:54:07.146","6882994c1a052d8759ae42ac","National Symphony Orchestra - Cann plays Coleman","music","2026-06-12 20:00:00","2026-06-13 00:00:00","2026-06-13 00:00:00",false,false,false,"[PREMIUM]","[PREMIUM]","[PREMIUM]","[PREMIUM]","[PREMIUM]","[PREMIUM]",false,false,"67942d5e163a99a8ce4963de","['66d9e4c158a0f682b10328f4']","[PREMIUM]","[PREMIUM]"
"68802e1d1d89f326c2ede3b6","2026-03-16 05:47:29.723","2026-03-29 13:53:56.104","68802e1d1d89f326c2ede3b6","Moulin Rouge","theater","2026-06-11 19:30:00","2026-06-12 02:30:00","2026-06-12 04:00:00",false,false,false,"[PREMIUM]","[PREMIUM]","[PREMIUM]","[PREMIUM]","[PREMIUM]","[PREMIUM]",false,false,"669982064c573ce512ef39d8","['645a7e2034171a0001a810d1']","[PREMIUM]","[PREMIUM]"
"68802e1d05fb25e4529c8d6e","2026-03-16 05:47:29.723","2026-03-29 13:53:56.104","68802e1d05fb25e4529c8d6e","Moulin Rouge","theater","2026-06-12 19:30:00","2026-06-13 02:30:00","2026-06-13 04:00:00",false,false,false,"[PREMIUM]","[PREMIUM]","[PREMIUM]","[PREMIUM]","[PREMIUM]","[PREMIUM]",false,true,"669982064c573ce512ef39d8","['645a7e2034171a0001a810d1']","[PREMIUM]","[PREMIUM]"
"68802ca2da97fa55c7791d1e","2026-03-16 05:47:29.723","2026-03-29 13:53:56.104","68802ca2da97fa55c7791d1e","Seattle Symphony - Xian Conducts Mahler 7","music","2026-06-11 19:30:00","2026-06-12 02:30:00","2026-06-12 02:30:00",false,false,false,"[PREMIUM]","[PREMIUM]","[PREMIUM]","[PREMIUM]","[PREMIUM]","[PREMIUM]",false,true,"65d543f474c4e010b2b07d6a","['65e9d805185d0883d3740ac4']","[PREMIUM]","[PREMIUM]"
"687ebc1e43f6de4e49f8667f","2026-03-16 05:47:29.723","2026-03-29 13:53:56.104","687ebc1e43f6de4e49f8667f","Elektra - San Francisco Opera","theater","2026-06-11 19:30:00","2026-06-12 02:30:00","2026-06-12 02:30:00",false,false,false,"[PREMIUM]","[PREMIUM]","[PREMIUM]","[PREMIUM]","[PREMIUM]","[PREMIUM]",false,true,"5bfefed002b95300169776ff","['658c73e447f8d310a00f4aa2']","[PREMIUM]","[PREMIUM]"
"687ebc1d073e737e8845298f","2026-03-16 05:47:29.723","2026-03-29 13:53:56.104","687ebc1d073e737e8845298f","The Barber of Seville - San Francisco Opera","theater","2026-06-12 19:30:00","2026-06-13 02:30:00","2026-06-13 02:30:00",false,false,false,"[PREMIUM]","[PREMIUM]","[PREMIUM]","[PREMIUM]","[PREMIUM]","[PREMIUM]",false,true,"5bfefed002b95300169776ff","['669996d04c573ce512ef39f3']","[PREMIUM]","[PREMIUM]"
"6879b7999e4073685707e56a","2026-03-16 05:47:29.723","2026-03-29 13:53:56.104","6879b7999e4073685707e56a","Pittsburgh Symphony Orchestra - Lincoln Portrait","music","2026-06-12 19:30:00","2026-06-12 23:30:00","2026-06-12 23:30:00",false,false,false,"[PREMIUM]","[PREMIUM]","[PREMIUM]","[PREMIUM]","[PREMIUM]","[PREMIUM]",false,true,"5a6fb870e1b525000edfa50d","['66c79c2c86c7899e733adb6a']","[PREMIUM]","[PREMIUM]"
"68797bc9b6bed4edb9ee9dba","2026-03-16 05:47:29.723","2026-03-29 13:53:56.104","68797bc9b6bed4edb9ee9dba","Bonnaroo Music Festival - 4 Day Pass (6/11 - 6/14) (Skrillex, The Strokes, Rufus Du Sol, Noah Kahan)","music","2026-06-11 11:59:00","2026-06-11 16:59:00","2026-06-12 00:59:00",false,false,false,"[PREMIUM]","[PREMIUM]","[PREMIUM]","[PREMIUM]","[PREMIUM]","[PREMIUM]",false,false,"57321d90f80c411c19000001","['57321da5f80c411c19000006','665638610ef914a0ddb44ee3','5d49bab9607f0100367509be','57fa7e96f80c411ade31c31f','5b281a913bc40f0013ac63f1']","[PREMIUM]","[PREMIUM]"
"68792b1a39502e0c288b16a9","2026-03-16 05:47:29.723","2026-03-29 13:53:56.104","68792b1a39502e0c288b16a9","Little Women","theater","2026-06-11 19:30:00","2026-06-12 00:30:00","2026-06-12 00:30:00",false,false,false,"[PREMIUM]","[PREMIUM]","[PREMIUM]","[PREMIUM]","[PREMIUM]","[PREMIUM]",false,false,"67d2f8376214c4fc5ffbbaad","['65495dbeb6e17adbd9492964']","[PREMIUM]","[PREMIUM]"
"68792b1a056fc2adf4d8f64f","2026-03-16 05:47:29.723","2026-03-29 13:53:56.104","68792b1a056fc2adf4d8f64f","Little Women","theater","2026-06-12 19:30:00","2026-06-13 00:30:00","2026-06-13 00:30:00",false,false,false,"[PREMIUM]","[PREMIUM]","[PREMIUM]","[PREMIUM]","[PREMIUM]","[PREMIUM]",false,false,"67d2f8376214c4fc5ffbbaad","['65495dbeb6e17adbd9492964']","[PREMIUM]","[PREMIUM]"
"687798927397880938ec95db","2026-03-16 05:47:29.723","2026-03-29 13:53:56.104","687798927397880938ec95db","Mat Franco","other","2026-06-12 19:00:00","2026-06-13 02:00:00","2026-06-13 02:00:00",false,false,false,"[PREMIUM]","[PREMIUM]","[PREMIUM]","[PREMIUM]","[PREMIUM]","[PREMIUM]",false,false,"67880c6a3ad0702b6b6569be","['678ad9f09acc8cbe50ed7025']","[PREMIUM]","[PREMIUM]"
"6877989043b7325ab1efed28","2026-03-16 05:47:29.723","2026-03-29 13:53:56.104","6877989043b7325ab1efed28","Mat Franco","other","2026-06-11 19:00:00","2026-06-12 02:00:00","2026-06-12 02:00:00",false,false,false,"[PREMIUM]","[PREMIUM]","[PREMIUM]","[PREMIUM]","[PREMIUM]","[PREMIUM]",false,false,"67880c6a3ad0702b6b6569be","['678ad9f09acc8cbe50ed7025']","[PREMIUM]","[PREMIUM]"
"6870209975e0240285505b91","2026-03-16 05:47:29.723","2026-03-29 13:53:56.104","6870209975e0240285505b91","Chicago Symphony Orchestra - Gaffigan, Thibaudet and Bernstein","music","2026-06-12 13:30:00","2026-06-12 18:30:00","2026-06-12 18:30:00",false,false,false,"[PREMIUM]","[PREMIUM]","[PREMIUM]","[PREMIUM]","[PREMIUM]","[PREMIUM]",false,true,"663d480609d3e770f4773f9e","['663e25fa1cd1b0ad90c88cbc']","[PREMIUM]","[PREMIUM]"
"687020968b71c82e203eb6d6","2026-03-16 05:47:29.723","2026-03-29 13:53:56.104","687020968b71c82e203eb6d6","Chicago Symphony Orchestra - Gaffigan, Thibaudet and Bernstein","music","2026-06-11 19:30:00","2026-06-12 00:30:00","2026-06-12 00:30:00",false,false,false,"[PREMIUM]","[PREMIUM]","[PREMIUM]","[PREMIUM]","[PREMIUM]","[PREMIUM]",false,true,"663d480609d3e770f4773f9e","['663e25fa1cd1b0ad90c88cbc']","[PREMIUM]","[PREMIUM]"
"686ed342cf3a1ec6058e9029","2026-03-16 05:47:29.723","2026-03-29 13:53:56.104","686ed342cf3a1ec6058e9029","Rock of Ages","theater","2026-06-12 19:30:00","2026-06-12 23:30:00","2026-06-13 01:00:00",false,false,false,"[PREMIUM]","[PREMIUM]","[PREMIUM]","[PREMIUM]","[PREMIUM]","[PREMIUM]",false,true,"67e3124dfda90534ba0abb34","['5a9db45c6900da0014856291']","[PREMIUM]","[PREMIUM]"
"686e5e5141bcc8ee8e422730","2026-03-16 05:47:29.723","2026-03-29 13:53:56.104","686e5e5141bcc8ee8e422730","Sisters Rodeo - Thursday","pbr","2026-06-11 19:00:00","2026-06-12 02:00:00","2026-06-12 02:00:00",false,false,false,"[PREMIUM]","[PREMIUM]","[PREMIUM]","[PREMIUM]","[PREMIUM]","[PREMIUM]",false,true,"6806b4b0015d5a70b4ca3554","['6806b5045f5543ba72506cdd']","[PREMIUM]","[PREMIUM]"
"686db58131ac0a84802c4eda","2026-03-16 05:47:29.723","2026-03-29 13:53:56.104","686db58131ac0a84802c4eda","San Francisco Symphony - Scheherazade","music","2026-06-12 19:30:00","2026-06-13 02:30:00","2026-06-13 02:30:00",false,false,false,"[PREMIUM]","[PREMIUM]","[PREMIUM]","[PREMIUM]","[PREMIUM]","[PREMIUM]",false,false,"58b8c1c4cde6626ebe09ace0","['6542a73bdc596fb3d3535aad']","[PREMIUM]","[PREMIUM]"
"686d100ad0a312b32d12f697","2026-03-16 05:47:29.723","2026-03-29 13:53:56.104","686d100ad0a312b32d12f697","Baltimore Symphony Orchestra - Verdis Rigoletto Conducted by Heyward","music","2026-06-12 19:00:00","2026-06-12 23:00:00","2026-06-12 23:00:00",false,false,false,"[PREMIUM]","[PREMIUM]","[PREMIUM]","[PREMIUM]","[PREMIUM]","[PREMIUM]",false,true,"680ff04e8716848f019cda2e","['677c1777dd02321bc8aa28c2']","[PREMIUM]","[PREMIUM]"
"68670563dd84d876d0fe0bf2","2026-03-16 05:47:29.723","2026-03-29 13:53:56.104","68670563dd84d876d0fe0bf2","The Music Man","theater","2026-06-12 19:30:00","2026-06-12 23:30:00","2026-06-13 01:00:00",false,false,false,"[PREMIUM]","[PREMIUM]","[PREMIUM]","[PREMIUM]","[PREMIUM]","[PREMIUM]",false,false,"68067b6e350b5c35719526b0","['5d28dc6e40d0020037d71644']","[PREMIUM]","[PREMIUM]"
"6861853fe82df79e4b117b65","2026-03-16 05:47:29.723","2026-03-29 13:54:07.146","6861853fe82df79e4b117b65","The Church (21+ Event)","music","2026-06-12 21:30:00","2026-06-13 04:30:00","2026-06-13 05:30:00",false,false,false,"[PREMIUM]","[PREMIUM]","[PREMIUM]","[PREMIUM]","[PREMIUM]","[PREMIUM]",false,true,"5e4ea839490b29003a8e51fd","['59b3189425f2c53fa02a9607']","[PREMIUM]","[PREMIUM]"
"686038f571a63d66c7694f4b","2026-03-16 05:47:29.723","2026-03-29 13:53:56.104","686038f571a63d66c7694f4b","2026 NCAA Baseball College World Series - Game 1","cbs","2026-06-12 00:00:00","2026-06-12 05:00:00","2026-06-12 06:30:00",false,true,false,"[PREMIUM]","[PREMIUM]","[PREMIUM]","[PREMIUM]","[PREMIUM]","[PREMIUM]",false,false,"5ab9332d5d09cc0013382129","['5ab934b85d09cc001338212a']","[PREMIUM]","[PREMIUM]"
"685d97a27e3c41f841694d55","2026-03-16 05:47:29.723","2026-03-29 13:53:56.104","685d97a27e3c41f841694d55","Akaash Singh (21+ Event)","comedy","2026-06-11 19:00:00","2026-06-12 00:00:00","2026-06-12 00:00:00",false,false,false,"[PREMIUM]","[PREMIUM]","[PREMIUM]","[PREMIUM]","[PREMIUM]","[PREMIUM]",false,true,"64839a6ba80e350001a6975e","['6527f81073e1670baacb1369']","[PREMIUM]","[PREMIUM]"
"685af3ae846c68bf3f8e4ac7","2026-03-16 05:47:29.723","2026-03-29 13:53:56.104","685af3ae846c68bf3f8e4ac7","Dracula A Feminist Revenge Fantasy Really","theater","2026-06-11 19:00:00","2026-06-12 02:00:00","2026-06-12 02:00:00",false,false,false,"[PREMIUM]","[PREMIUM]","[PREMIUM]","[PREMIUM]","[PREMIUM]","[PREMIUM]",false,true,"68ace06628449cb0983207af","['67b8f15ebf28ab3b2494fbd4']","[PREMIUM]","[PREMIUM]"
"685af3ad4f4ece554eaef47c","2026-03-16 05:47:29.723","2026-03-29 13:54:07.146","685af3ad4f4ece554eaef47c","Dracula A Feminist Revenge Fantasy Really","theater","2026-06-12 20:00:00","2026-06-13 03:00:00","2026-06-13 03:00:00",false,false,false,"[PREMIUM]","[PREMIUM]","[PREMIUM]","[PREMIUM]","[PREMIUM]","[PREMIUM]",false,true,"68ace06628449cb0983207af","['67b8f15ebf28ab3b2494fbd4']","[PREMIUM]","[PREMIUM]"
"685aebe85bc0fdfdd89ca494","2026-03-16 05:47:29.723","2026-03-29 13:53:56.104","685aebe85bc0fdfdd89ca494","Sisters Rodeo - Friday","pbr","2026-06-12 19:00:00","2026-06-13 02:00:00","2026-06-13 02:00:00",false,false,false,"[PREMIUM]","[PREMIUM]","[PREMIUM]","[PREMIUM]","[PREMIUM]","[PREMIUM]",false,true,"6806b4b0015d5a70b4ca3554","['6806b5045f5543ba72506cdd']","[PREMIUM]","[PREMIUM]"
"6859a233cb1d06a10d49da0a","2026-03-16 05:47:29.723","2026-03-29 13:53:56.104","6859a233cb1d06a10d49da0a","Indianapolis Symphony Orchestra: Jun Markl - Mahlers Resurrection","music","2026-06-12 19:30:00","2026-06-12 23:30:00","2026-06-12 23:30:00",false,false,false,"[PREMIUM]","[PREMIUM]","[PREMIUM]","[PREMIUM]","[PREMIUM]","[PREMIUM]",false,true,"66199051945140f22316e87d","['661ebd53f0c399791700488d']","[PREMIUM]","[PREMIUM]"
"68584a6845e145021cbd30e4","2026-03-16 05:47:29.723","2026-03-29 13:54:07.146","68584a6845e145021cbd30e4","Detroit Symphony Orchestra - Hilary Hahn","music","2026-06-12 20:00:00","2026-06-13 00:00:00","2026-06-13 00:00:00",false,false,false,"[PREMIUM]","[PREMIUM]","[PREMIUM]","[PREMIUM]","[PREMIUM]","[PREMIUM]",false,true,"683de297f9dfbb51e1a91d77","['68a4b9962be9760ed3a07faa']","[PREMIUM]","[PREMIUM]"
"68584a60da0f5af9f43f68cb","2026-03-16 05:47:29.723","2026-03-29 13:53:56.104","68584a60da0f5af9f43f68cb","Detroit Symphony Orchestra - Hilary Hahn","music","2026-06-11 19:30:00","2026-06-11 23:30:00","2026-06-11 23:30:00",false,false,false,"[PREMIUM]","[PREMIUM]","[PREMIUM]","[PREMIUM]","[PREMIUM]","[PREMIUM]",false,true,"683de297f9dfbb51e1a91d77","['68a4b9962be9760ed3a07faa']","[PREMIUM]","[PREMIUM]"
"684726f749328a57c12b5d7b","2026-03-16 05:47:29.723","2026-03-29 13:53:56.104","684726f749328a57c12b5d7b","Thunder from Down Under (18+ Event)","theater","2026-06-11 20:00:00","2026-06-12 03:00:00","2026-06-12 03:00:00",false,false,false,"[PREMIUM]","[PREMIUM]","[PREMIUM]","[PREMIUM]","[PREMIUM]","[PREMIUM]",false,true,"65d8fe08918ba89d7821b4e0","['656f9bad6932c99c6691bcab']","[PREMIUM]","[PREMIUM]"
"684726f684c13efd4f4ad048","2026-03-16 05:47:29.723","2026-03-29 13:54:07.146","684726f684c13efd4f4ad048","Thunder from Down Under (18+ Event)","theater","2026-06-12 22:00:00","2026-06-13 05:00:00","2026-06-13 05:00:00",false,false,false,"[PREMIUM]","[PREMIUM]","[PREMIUM]","[PREMIUM]","[PREMIUM]","[PREMIUM]",false,true,"65d8fe08918ba89d7821b4e0","['656f9bad6932c99c6691bcab']","[PREMIUM]","[PREMIUM]"
"6841e06dbcf94a639300cc2c","2026-03-16 05:47:29.723","2026-03-29 13:53:56.104","6841e06dbcf94a639300cc2c","Linkin Park","music","2026-06-12 19:00:00","2026-06-12 17:00:00","2026-06-12 18:00:00",false,false,false,"[PREMIUM]","[PREMIUM]","[PREMIUM]","[PREMIUM]","[PREMIUM]","[PREMIUM]",false,false,"63221a75221c48000199c979","['590a3920f80c4105396d4bdf']","[PREMIUM]","[PREMIUM]"
"683dee2879a889278f48deca","2026-03-16 05:47:29.723","2026-03-29 13:53:56.104","683dee2879a889278f48deca","Linkin Park","music","2026-06-11 18:00:00","2026-06-11 16:00:00","2026-06-11 17:00:00",false,false,false,"[PREMIUM]","[PREMIUM]","[PREMIUM]","[PREMIUM]","[PREMIUM]","[PREMIUM]",false,false,"63221a75221c48000199c979","['590a3920f80c4105396d4bdf']","[PREMIUM]","[PREMIUM]"
"683601e378eeb49539e95e88","2026-03-16 05:47:29.723","2026-03-29 13:53:56.104","683601e378eeb49539e95e88","Six the Musical","theater","2026-06-11 19:30:00","2026-06-11 23:30:00","2026-06-12 01:00:00",false,false,false,"[PREMIUM]","[PREMIUM]","[PREMIUM]","[PREMIUM]","[PREMIUM]","[PREMIUM]",false,false,"67e31245fc1b9c428563a9bd","['641a21f065ff5c00019e582a']","[PREMIUM]","[PREMIUM]"
"682650bb041afb426cf3578c","2026-03-16 05:47:29.723","2026-03-29 13:53:56.104","682650bb041afb426cf3578c","A Beautiful Noise","theater","2026-06-12 19:30:00","2026-06-12 23:30:00","2026-06-12 23:30:00",false,false,false,"[PREMIUM]","[PREMIUM]","[PREMIUM]","[PREMIUM]","[PREMIUM]","[PREMIUM]",false,true,"66059d53dc070d9ca1e26c1d","['648b54be4babd10001693588']","[PREMIUM]","[PREMIUM]"
"6824e4fdc0e1af7bf8351555","2026-03-16 05:47:29.723","2026-03-29 13:53:56.104","6824e4fdc0e1af7bf8351555","Kings Kaleidoscope (Rescheduled from 11/6/2025)","music","2026-06-11 20:00:00","2026-06-12 01:00:00","2026-06-12 02:30:00",false,false,false,"[PREMIUM]","[PREMIUM]","[PREMIUM]","[PREMIUM]","[PREMIUM]","[PREMIUM]",false,true,"687fa5befeab128c9181a159","['621584bc73b08f00014cff02']","[PREMIUM]","[PREMIUM]"
"6823925f91dbb878fdfaa255","2026-03-16 05:47:29.723","2026-03-29 13:53:56.104","6823925f91dbb878fdfaa255","A Beautiful Noise","theater","2026-06-11 19:30:00","2026-06-11 23:30:00","2026-06-11 23:30:00",false,false,false,"[PREMIUM]","[PREMIUM]","[PREMIUM]","[PREMIUM]","[PREMIUM]","[PREMIUM]",false,true,"66059d53dc070d9ca1e26c1d","['648b54be4babd10001693588']","[PREMIUM]","[PREMIUM]"
"681e4f97665103b288a04db1","2026-03-16 05:47:29.723","2026-03-29 13:53:56.104","681e4f97665103b288a04db1","Bad Bunny","music","2026-06-11 20:00:00","2026-06-11 18:00:00","2026-06-11 19:00:00",false,false,false,"[PREMIUM]","[PREMIUM]","[PREMIUM]","[PREMIUM]","[PREMIUM]","[PREMIUM]",false,false,"68a8eba6b527156a953cbe6b","['5a611a5825f2c558ebe0da0e']","[PREMIUM]","[PREMIUM]"
"681cfd8767e3a4a0bc4756ef","2026-03-16 05:47:29.723","2026-03-29 13:54:07.146","681cfd8767e3a4a0bc4756ef","Mrs. Doubtfire","theater","2026-06-12 20:00:00","2026-06-13 00:00:00","2026-06-13 00:00:00",false,false,false,"[PREMIUM]","[PREMIUM]","[PREMIUM]","[PREMIUM]","[PREMIUM]","[PREMIUM]",false,false,"678ad24b566d81f1202ddc28","['652ef7a7e0a6d7050f878e9e']","[PREMIUM]","[PREMIUM]"
"681cfa73bd75896114d5188f","2026-03-16 05:47:29.723","2026-03-29 13:53:56.104","681cfa73bd75896114d5188f","The Wailin Jennys","music","2026-06-11 20:00:00","2026-06-12 01:00:00","2026-06-12 01:00:00",false,false,false,"[PREMIUM]","[PREMIUM]","[PREMIUM]","[PREMIUM]","[PREMIUM]","[PREMIUM]",false,false,"61ae96775c49c800012f796b","['664e56d2873033b43a1d3bb3']","[PREMIUM]","[PREMIUM]"
"681bac90587ae5f7e41294e1","2026-03-16 05:47:29.723","2026-03-29 13:53:56.104","681bac90587ae5f7e41294e1","Six the Musical","theater","2026-06-12 19:30:00","2026-06-12 23:30:00","2026-06-13 01:00:00",false,false,false,"[PREMIUM]","[PREMIUM]","[PREMIUM]","[PREMIUM]","[PREMIUM]","[PREMIUM]",false,false,"67b66ace77ab093b8a9675c2","['641a21f065ff5c00019e582a']","[PREMIUM]","[PREMIUM]"
"681a5591874c74bcb6aab142","2026-03-16 05:47:29.723","2026-03-29 13:54:07.146","681a5591874c74bcb6aab142","Akkash Singn","comedy","2026-06-12 21:45:00","2026-06-13 02:45:00","2026-06-13 02:45:00",false,false,false,"[PREMIUM]","[PREMIUM]","[PREMIUM]","[PREMIUM]","[PREMIUM]","[PREMIUM]",false,true,"6515da9fc27e4b1f0476a249","['6527f81073e1670baacb1369']","[PREMIUM]","[PREMIUM]"
"681a55917ad3d05017b4cd82","2026-03-16 05:47:29.723","2026-03-29 13:53:56.104","681a55917ad3d05017b4cd82","Akkash Singn","comedy","2026-06-12 19:00:00","2026-06-13 00:00:00","2026-06-13 00:00:00",false,false,false,"[PREMIUM]","[PREMIUM]","[PREMIUM]","[PREMIUM]","[PREMIUM]","[PREMIUM]",false,true,"6515da9fc27e4b1f0476a249","['6527f81073e1670baacb1369']","[PREMIUM]","[PREMIUM]"
"681664d775586c939aa77068","2026-03-16 05:47:29.723","2026-03-29 13:53:56.104","681664d775586c939aa77068","Shin Lim","theater","2026-06-12 19:30:00","2026-06-13 02:30:00","2026-06-13 04:00:00",false,false,false,"[PREMIUM]","[PREMIUM]","[PREMIUM]","[PREMIUM]","[PREMIUM]","[PREMIUM]",false,false,"67a403b65cd7461baeafd0f8","['5d39e21b2ddd7500374d5dac']","[PREMIUM]","[PREMIUM]"
"681664d6b1ae9b9d71572972","2026-03-16 05:47:29.723","2026-03-29 13:53:56.104","681664d6b1ae9b9d71572972","Shin Lim","theater","2026-06-11 19:30:00","2026-06-12 02:30:00","2026-06-12 04:00:00",false,false,false,"[PREMIUM]","[PREMIUM]","[PREMIUM]","[PREMIUM]","[PREMIUM]","[PREMIUM]",false,false,"67a403b65cd7461baeafd0f8","['5d39e21b2ddd7500374d5dac']","[PREMIUM]","[PREMIUM]"
"6812725db33b0ac5b2d5aab8","2026-03-16 05:47:29.723","2026-03-29 13:54:07.146","6812725db33b0ac5b2d5aab8","Beauty And The Beast","theater","2026-06-12 20:00:00","2026-06-13 02:00:00","2026-06-13 03:00:00",false,false,false,"[PREMIUM]","[PREMIUM]","[PREMIUM]","[PREMIUM]","[PREMIUM]","[PREMIUM]",false,false,"65c68b2c4f48b171dc47cae1","['5a5e3f8d25f2c56862a9baa9']","[PREMIUM]","[PREMIUM]"
"6812725d8cc2a0ebca2b4cc5","2026-03-16 05:47:29.723","2026-03-29 13:53:56.104","6812725d8cc2a0ebca2b4cc5","Beauty And The Beast","theater","2026-06-11 13:00:00","2026-06-11 19:00:00","2026-06-11 20:00:00",false,false,false,"[PREMIUM]","[PREMIUM]","[PREMIUM]","[PREMIUM]","[PREMIUM]","[PREMIUM]",false,false,"65c68b2c4f48b171dc47cae1","['5a5e3f8d25f2c56862a9baa9']","[PREMIUM]","[PREMIUM]"
"6812725d65d985c411df169d","2026-03-16 05:47:29.723","2026-03-29 13:53:56.104","6812725d65d985c411df169d","Beauty And The Beast","theater","2026-06-11 19:30:00","2026-06-12 01:30:00","2026-06-12 02:30:00",false,false,false,"[PREMIUM]","[PREMIUM]","[PREMIUM]","[PREMIUM]","[PREMIUM]","[PREMIUM]",false,false,"65c68b2c4f48b171dc47cae1","['5a5e3f8d25f2c56862a9baa9']","[PREMIUM]","[PREMIUM]"
"68126db04b5ce8f73ad42373","2026-03-16 05:47:29.723","2026-03-29 13:53:56.104","68126db04b5ce8f73ad42373","Sal Vulcano (Rescheduled from 9/28/2025)","comedy","2026-06-12 19:00:00","2026-06-13 00:00:00","2026-06-13 01:30:00",false,false,false,"[PREMIUM]","[PREMIUM]","[PREMIUM]","[PREMIUM]","[PREMIUM]","[PREMIUM]",false,false,"66be6c25073587463d24b28f","['5d828869943f480039459c2a']","[PREMIUM]","[PREMIUM]"
"68014eacafb02ce658e2e692","2026-03-16 05:47:29.723","2026-03-29 13:53:56.104","68014eacafb02ce658e2e692","The Notebook - The Musical","theater","2026-06-11 19:30:00","2026-06-11 23:30:00","2026-06-11 23:30:00",false,false,false,"[PREMIUM]","[PREMIUM]","[PREMIUM]","[PREMIUM]","[PREMIUM]","[PREMIUM]",false,true,"66feebb34ac8b8db8802cf21","['651b196b9576c27b8066d76d']","[PREMIUM]","[PREMIUM]"
"68014eac5f5543ba7250181d","2026-03-16 05:47:29.723","2026-03-29 13:54:07.146","68014eac5f5543ba7250181d","The Notebook - The Musical","theater","2026-06-12 20:00:00","2026-06-13 00:00:00","2026-06-13 00:00:00",false,false,false,"[PREMIUM]","[PREMIUM]","[PREMIUM]","[PREMIUM]","[PREMIUM]","[PREMIUM]",false,true,"66feebb34ac8b8db8802cf21","['651b196b9576c27b8066d76d']","[PREMIUM]","[PREMIUM]"
"67fffbfca288a2d280ea1d40","2026-03-16 05:47:29.723","2026-03-29 13:53:56.104","67fffbfca288a2d280ea1d40","Harry Potter and the Cursed Child","theater","2026-06-12 19:00:00","2026-06-13 01:00:00","2026-06-13 02:00:00",false,false,false,"[PREMIUM]","[PREMIUM]","[PREMIUM]","[PREMIUM]","[PREMIUM]","[PREMIUM]",false,false,"5a0a099927e1a60013db1220","['5a3c554825f2c51d4ed4e8d2']","[PREMIUM]","[PREMIUM]"
"67f80c6dc42c332a3b26a3f2","2026-03-16 05:47:29.723","2026-03-29 13:53:56.104","67f80c6dc42c332a3b26a3f2","Hamilton","theater","2026-06-11 19:30:00","2026-06-11 23:30:00","2026-06-11 23:15:00",false,false,false,"[PREMIUM]","[PREMIUM]","[PREMIUM]","[PREMIUM]","[PREMIUM]","[PREMIUM]",false,false,"5ac6b61ff366c100132cd37a","['5823759df80c415625c237a0']","[PREMIUM]","[PREMIUM]"
"67f80c6d49491ac34ac3cd66","2026-03-16 05:47:29.723","2026-03-29 13:53:56.104","67f80c6d49491ac34ac3cd66","Hamilton","theater","2026-06-12 19:30:00","2026-06-12 23:30:00","2026-06-12 23:15:00",false,false,false,"[PREMIUM]","[PREMIUM]","[PREMIUM]","[PREMIUM]","[PREMIUM]","[PREMIUM]",false,false,"5ac6b61ff366c100132cd37a","['5823759df80c415625c237a0']","[PREMIUM]","[PREMIUM]"
"67f6c2ecc7eecf3521fd00ad","2026-03-16 05:47:29.723","2026-03-29 13:53:56.104","67f6c2ecc7eecf3521fd00ad","Water for Elephants","theater","2026-06-11 19:30:00","2026-06-11 23:30:00","2026-06-11 23:30:00",false,false,false,"[PREMIUM]","[PREMIUM]","[PREMIUM]","[PREMIUM]","[PREMIUM]","[PREMIUM]",false,false,"5aaaef32e643520013b50b42","['653ac12fb4486ce2383d9f7a']","[PREMIUM]","[PREMIUM]"
"67f57011167b3f0bbd439790","2026-03-16 05:47:29.723","2026-03-29 13:53:56.104","67f57011167b3f0bbd439790","Water For Elephants","theater","2026-06-12 19:30:00","2026-06-12 23:30:00","2026-06-12 23:30:00",false,false,false,"[PREMIUM]","[PREMIUM]","[PREMIUM]","[PREMIUM]","[PREMIUM]","[PREMIUM]",false,false,"5aaaef32e643520013b50b42","['653ac12fb4486ce2383d9f7a']","[PREMIUM]","[PREMIUM]"
"67eed9fcb0f2fcc5a4d24c9a","2026-03-16 05:47:29.723","2026-03-29 13:53:56.104","67eed9fcb0f2fcc5a4d24c9a","Beetlejuice - The Musical","theater","2026-06-12 19:30:00","2026-06-12 23:30:00","2026-06-13 01:00:00",false,false,false,"[PREMIUM]","[PREMIUM]","[PREMIUM]","[PREMIUM]","[PREMIUM]","[PREMIUM]",false,false,"5aec7ada292cb00012bf9424","['5d28ded112ed26003bc2ff38']","[PREMIUM]","[PREMIUM]"
"67eed9fb41e7aa36409c7bdb","2026-03-16 05:47:29.723","2026-03-29 13:53:56.104","67eed9fb41e7aa36409c7bdb","Beetlejuice - The Musical","theater","2026-06-11 19:30:00","2026-06-11 23:30:00","2026-06-12 01:00:00",false,false,false,"[PREMIUM]","[PREMIUM]","[PREMIUM]","[PREMIUM]","[PREMIUM]","[PREMIUM]",false,false,"5aec7ada292cb00012bf9424","['5d28ded112ed26003bc2ff38']","[PREMIUM]","[PREMIUM]"
"67e992ba32b5621d716fc2e3","2026-03-16 05:47:29.723","2026-03-29 13:53:56.104","67e992ba32b5621d716fc2e3","The Phantom Of The Opera","theater","2026-06-11 19:00:00","2026-06-12 02:00:00","2026-06-12 03:00:00",false,false,false,"[PREMIUM]","[PREMIUM]","[PREMIUM]","[PREMIUM]","[PREMIUM]","[PREMIUM]",false,false,"582f58c8cde6626ebe7ef263","['582be311f80c41556b3043e2']","[PREMIUM]","[PREMIUM]"
"67e992ba210cdceb80ce6c9d","2026-03-16 05:47:29.723","2026-03-29 13:53:56.104","67e992ba210cdceb80ce6c9d","The Phantom Of The Opera","theater","2026-06-12 19:30:00","2026-06-13 02:30:00","2026-06-13 03:30:00",false,false,false,"[PREMIUM]","[PREMIUM]","[PREMIUM]","[PREMIUM]","[PREMIUM]","[PREMIUM]",false,false,"582f58c8cde6626ebe7ef263","['582be311f80c41556b3043e2']","[PREMIUM]","[PREMIUM]"
"67e706e635c0710c252c5413","2026-03-16 05:47:29.723","2026-03-29 13:53:56.104","67e706e635c0710c252c5413","Monty Python Spamalot","theater","2026-06-11 19:30:00","2026-06-12 00:30:00","2026-06-12 00:30:00",false,false,false,"[PREMIUM]","[PREMIUM]","[PREMIUM]","[PREMIUM]","[PREMIUM]","[PREMIUM]",false,false,"66886e266722f4b5b385110d","['6595965e78e96408baaedd59']","[PREMIUM]","[PREMIUM]"
"67e706e616b7a95467d143be","2026-03-16 05:47:29.723","2026-03-29 13:53:56.104","67e706e616b7a95467d143be","Monty Python Spamalot","theater","2026-06-12 19:30:00","2026-06-13 00:30:00","2026-06-13 00:30:00",false,false,false,"[PREMIUM]","[PREMIUM]","[PREMIUM]","[PREMIUM]","[PREMIUM]","[PREMIUM]",false,false,"66886e266722f4b5b385110d","['6595965e78e96408baaedd59']","[PREMIUM]","[PREMIUM]"
"67e706e61051c49a06f80263","2026-03-16 05:47:29.723","2026-03-29 13:53:56.104","67e706e61051c49a06f80263","Monty Python Spamalot","theater","2026-06-11 14:00:00","2026-06-11 19:00:00","2026-06-11 19:00:00",false,false,false,"[PREMIUM]","[PREMIUM]","[PREMIUM]","[PREMIUM]","[PREMIUM]","[PREMIUM]",false,false,"66886e266722f4b5b385110d","['6595965e78e96408baaedd59']","[PREMIUM]","[PREMIUM]"
"67e6e867491fa3445ab17b6b","2026-03-16 05:47:29.723","2026-03-29 13:53:56.104","67e6e867491fa3445ab17b6b","Dear Evan Hansen","theater","2026-06-12 19:30:00","2026-06-13 02:30:00","2026-06-13 03:30:00",false,false,false,"[PREMIUM]","[PREMIUM]","[PREMIUM]","[PREMIUM]","[PREMIUM]","[PREMIUM]",false,false,"6620523eb74b4a3bca61dd40","['5a5e3f8d25f2c56862a9baa5']","[PREMIUM]","[PREMIUM]"
"67df20b58ed1eb298075434d","2026-03-16 05:47:29.723","2026-03-29 13:53:56.104","67df20b58ed1eb298075434d","Disneys Mary Poppins - Musical","theater","2026-06-11 19:30:00","2026-06-12 01:30:00","2026-06-12 01:30:00",false,false,false,"[PREMIUM]","[PREMIUM]","[PREMIUM]","[PREMIUM]","[PREMIUM]","[PREMIUM]",false,true,"68ae16283efaa7538b7274d1","['65ebf4c27c69294d073bd6b1']","[PREMIUM]","[PREMIUM]"
"67df20b54fae180ed5244ab8","2026-03-16 05:47:29.723","2026-03-29 13:53:56.104","67df20b54fae180ed5244ab8","Disneys Mary Poppins - Musical","theater","2026-06-12 19:30:00","2026-06-13 01:30:00","2026-06-13 01:30:00",false,false,false,"[PREMIUM]","[PREMIUM]","[PREMIUM]","[PREMIUM]","[PREMIUM]","[PREMIUM]",false,true,"68ae16283efaa7538b7274d1","['65ebf4c27c69294d073bd6b1']","[PREMIUM]","[PREMIUM]"
"67ddb7d266b7abf6250394fe","2026-03-16 05:47:29.723","2026-03-29 13:53:56.104","67ddb7d266b7abf6250394fe","Suffs","theater","2026-06-12 19:30:00","2026-06-12 23:30:00","2026-06-12 23:30:00",false,false,false,"[PREMIUM]","[PREMIUM]","[PREMIUM]","[PREMIUM]","[PREMIUM]","[PREMIUM]",false,false,"5cffcc669330640015a197df","['65a6e48d083acd359102533f']","[PREMIUM]","[PREMIUM]"
"67ddb7d18ed1eb2980753a79","2026-03-16 05:47:29.723","2026-03-29 13:53:56.104","67ddb7d18ed1eb2980753a79","Suffs","theater","2026-06-11 19:30:00","2026-06-11 23:30:00","2026-06-11 23:30:00",false,false,false,"[PREMIUM]","[PREMIUM]","[PREMIUM]","[PREMIUM]","[PREMIUM]","[PREMIUM]",false,false,"5cffcc669330640015a197df","['65a6e48d083acd359102533f']","[PREMIUM]","[PREMIUM]"
"67db1159c92fe33d394d4d37","2026-03-16 05:47:29.723","2026-03-29 13:53:56.104","67db1159c92fe33d394d4d37","Joffrey Ballet - Eugene Onegin","theater","2026-06-12 19:30:00","2026-06-13 00:30:00","2026-06-13 00:30:00",false,false,false,"[PREMIUM]","[PREMIUM]","[PREMIUM]","[PREMIUM]","[PREMIUM]","[PREMIUM]",false,true,"67f58f0591c0af263195b60e","['6627e7a303fcb21fdc048b58']","[PREMIUM]","[PREMIUM]"
"67db0e13b48e08f71bcf6070","2026-03-16 05:47:29.723","2026-03-29 13:54:07.146","67db0e13b48e08f71bcf6070","The Church (21+ Event)(Rescheduled from 7/18/2025)","music","2026-06-12 21:30:00","2026-06-13 04:30:00","2026-06-13 05:30:00",false,false,false,"[PREMIUM]","[PREMIUM]","[PREMIUM]","[PREMIUM]","[PREMIUM]","[PREMIUM]",false,false,"5e4ea839490b29003a8e51fd","['59b3189425f2c53fa02a9607']","[PREMIUM]","[PREMIUM]"
"67db0badf66946f1eeeabc4d","2026-03-16 05:47:29.723","2026-03-29 13:53:56.104","67db0badf66946f1eeeabc4d","The Sound of Music","theater","2026-06-12 19:30:00","2026-06-13 02:30:00","2026-06-13 03:30:00",false,false,false,"[PREMIUM]","[PREMIUM]","[PREMIUM]","[PREMIUM]","[PREMIUM]","[PREMIUM]",false,false,"59f26e2d83c50f000edfb0ed","['5a611a5225f2c558ebe0d9f2']","[PREMIUM]","[PREMIUM]"
"67db0bac97f9c5e9d1a7862b","2026-03-16 05:47:29.723","2026-03-29 13:53:56.104","67db0bac97f9c5e9d1a7862b","The Sound of Music","theater","2026-06-11 19:30:00","2026-06-12 02:30:00","2026-06-12 03:30:00",false,false,false,"[PREMIUM]","[PREMIUM]","[PREMIUM]","[PREMIUM]","[PREMIUM]","[PREMIUM]",false,false,"59f26e2d83c50f000edfb0ed","['5a611a5225f2c558ebe0d9f2']","[PREMIUM]","[PREMIUM]"
"67db0b86777f3c61afaf3524","2026-03-16 05:47:29.723","2026-03-29 13:53:56.104","67db0b86777f3c61afaf3524","The Church (Rescheduled from 7/19/25)","music","2026-06-10 20:30:00","2026-06-11 03:30:00","2026-06-11 04:30:00",false,false,false,"[PREMIUM]","[PREMIUM]","[PREMIUM]","[PREMIUM]","[PREMIUM]","[PREMIUM]",false,false,"564372dcf80c411191000002","['59b3189425f2c53fa02a9607']","[PREMIUM]","[PREMIUM]"
"67d9bb879f7a403179d73213","2026-03-16 05:47:29.723","2026-03-29 13:53:56.104","67d9bb879f7a403179d73213","& Juliet","theater","2026-06-11 19:30:00","2026-06-12 00:30:00","2026-06-12 00:30:00",false,false,false,"[PREMIUM]","[PREMIUM]","[PREMIUM]","[PREMIUM]","[PREMIUM]","[PREMIUM]",false,false,"5ac63fce0e1af60014f8467e","['648b490a85ab3300016fc5df']","[PREMIUM]","[PREMIUM]"
"67d9bb875c8139276327662d","2026-03-16 05:47:29.723","2026-03-29 13:53:56.104","67d9bb875c8139276327662d","& Juliet","theater","2026-06-12 19:30:00","2026-06-13 00:30:00","2026-06-13 00:30:00",false,false,false,"[PREMIUM]","[PREMIUM]","[PREMIUM]","[PREMIUM]","[PREMIUM]","[PREMIUM]",false,false,"5ac63fce0e1af60014f8467e","['648b490a85ab3300016fc5df']","[PREMIUM]","[PREMIUM]"
"67d0c236efccf5078c9b0bcc","2026-03-16 05:47:29.723","2026-03-29 13:53:56.104","67d0c236efccf5078c9b0bcc","Mamma Mia!","theater","2026-06-12 19:00:00","2026-06-13 01:00:00","2026-06-13 02:00:00",false,false,false,"[PREMIUM]","[PREMIUM]","[PREMIUM]","[PREMIUM]","[PREMIUM]","[PREMIUM]",false,false,"5ab93990029aa60015af22a4","['58224033f80c414dba690e8c']","[PREMIUM]","[PREMIUM]"
"67d0c2366becc8ef839bc5c6","2026-03-16 05:47:29.723","2026-03-29 13:53:56.104","67d0c2366becc8ef839bc5c6","Mamma Mia!","theater","2026-06-11 19:00:00","2026-06-12 01:00:00","2026-06-12 02:00:00",false,false,false,"[PREMIUM]","[PREMIUM]","[PREMIUM]","[PREMIUM]","[PREMIUM]","[PREMIUM]",false,false,"5ab93990029aa60015af22a4","['58224033f80c414dba690e8c']","[PREMIUM]","[PREMIUM]"
"67cb789b42f380a232f4e621","2026-03-16 05:47:29.723","2026-03-29 13:53:56.104","67cb789b42f380a232f4e621","Hells Kitchen","theater","2026-06-11 19:30:00","2026-06-12 02:30:00","2026-06-12 02:30:00",false,false,false,"[PREMIUM]","[PREMIUM]","[PREMIUM]","[PREMIUM]","[PREMIUM]","[PREMIUM]",false,false,"5834da8ccde6626ebe9402e5","['65552d957dd8c8433d96c872']","[PREMIUM]","[PREMIUM]"
"67cb789b3dc32defe000f062","2026-03-16 05:47:29.723","2026-03-29 13:53:56.104","67cb789b3dc32defe000f062","Hells Kitchen","theater","2026-06-12 14:00:00","2026-06-12 21:00:00","2026-06-12 21:00:00",false,false,false,"[PREMIUM]","[PREMIUM]","[PREMIUM]","[PREMIUM]","[PREMIUM]","[PREMIUM]",false,false,"5834da8ccde6626ebe9402e5","['65552d957dd8c8433d96c872']","[PREMIUM]","[PREMIUM]"
"67cb789b211ea8d89feb5269","2026-03-16 05:47:29.723","2026-03-29 13:54:07.146","67cb789b211ea8d89feb5269","Hells Kitchen","theater","2026-06-12 20:30:00","2026-06-13 03:30:00","2026-06-13 03:30:00",false,false,false,"[PREMIUM]","[PREMIUM]","[PREMIUM]","[PREMIUM]","[PREMIUM]","[PREMIUM]",false,false,"5834da8ccde6626ebe9402e5","['65552d957dd8c8433d96c872']","[PREMIUM]","[PREMIUM]"
"67c9b82bb179e7c40b243b9b","2026-03-16 05:47:29.723","2026-03-29 13:53:56.104","67c9b82bb179e7c40b243b9b","Joffrey Ballet - Eugene Onegin","theater","2026-06-11 19:30:00","2026-06-12 00:30:00","2026-06-12 00:30:00",false,false,false,"[PREMIUM]","[PREMIUM]","[PREMIUM]","[PREMIUM]","[PREMIUM]","[PREMIUM]",false,true,"67f58f0591c0af263195b60e","['6627e7a303fcb21fdc048b58']","[PREMIUM]","[PREMIUM]"
"67c7bbdcd4cd6456b3fb0c80","2026-03-16 05:47:29.723","2026-03-29 13:53:56.104","67c7bbdcd4cd6456b3fb0c80","Back To The Future - The Musical","theater","2026-06-11 19:00:00","2026-06-12 01:00:00","2026-06-12 01:00:00",false,false,false,"[PREMIUM]","[PREMIUM]","[PREMIUM]","[PREMIUM]","[PREMIUM]","[PREMIUM]",false,false,"66fb242fe7b88a6c883f7e0c","['64b5a99be10f4b000192586c']","[PREMIUM]","[PREMIUM]"
"67c7bbdc8465ef1375e3dd7d","2026-03-16 05:47:29.723","2026-03-29 13:53:56.104","67c7bbdc8465ef1375e3dd7d","Back To The Future - The Musical","theater","2026-06-12 19:30:00","2026-06-13 01:30:00","2026-06-13 01:30:00",false,false,false,"[PREMIUM]","[PREMIUM]","[PREMIUM]","[PREMIUM]","[PREMIUM]","[PREMIUM]",false,false,"66fb242fe7b88a6c883f7e0c","['64b5a99be10f4b000192586c']","[PREMIUM]","[PREMIUM]"
"67c15e6d074550fc404c9a55","2026-03-16 05:47:29.723","2026-03-29 13:53:56.104","67c15e6d074550fc404c9a55","The Met Orchestra","music","2026-06-11 20:00:00","2026-06-12 00:00:00","2026-06-12 00:00:00",false,false,false,"[PREMIUM]","[PREMIUM]","[PREMIUM]","[PREMIUM]","[PREMIUM]","[PREMIUM]",false,false,"66ff15c6bff1d7b915154098","['6792b778163a99a8ce49619e']","[PREMIUM]","[PREMIUM]"
"67c15c0e9dc112cc89a7867a","2026-03-16 05:47:29.723","2026-03-29 13:53:56.104","67c15c0e9dc112cc89a7867a","The Great Gatsby Musical","theater","2026-06-11 19:30:00","2026-06-11 23:30:00","2026-06-11 23:30:00",false,false,false,"[PREMIUM]","[PREMIUM]","[PREMIUM]","[PREMIUM]","[PREMIUM]","[PREMIUM]",false,false,"67a68780dd25e6e19e4968c3","['65b977c239e21fd436bbe2e8']","[PREMIUM]","[PREMIUM]"
"67c15c0e91b9c0e5a4e8bfa9","2026-03-16 05:47:29.723","2026-03-29 13:53:56.104","67c15c0e91b9c0e5a4e8bfa9","The Great Gatsby Musical","theater","2026-06-12 19:30:00","2026-06-12 23:30:00","2026-06-12 23:30:00",false,false,false,"[PREMIUM]","[PREMIUM]","[PREMIUM]","[PREMIUM]","[PREMIUM]","[PREMIUM]",false,false,"67a68780dd25e6e19e4968c3","['65b977c239e21fd436bbe2e8']","[PREMIUM]","[PREMIUM]"
"67c07ee6a04d9f16a1530618","2026-03-16 05:47:29.723","2026-03-29 13:53:56.104","67c07ee6a04d9f16a1530618","Les Miserables","theater","2026-06-11 19:30:00","2026-06-11 23:30:00","2026-06-12 01:00:00",false,false,false,"[PREMIUM]","[PREMIUM]","[PREMIUM]","[PREMIUM]","[PREMIUM]","[PREMIUM]",false,false,"58216ec1cde6626ebe4ad94a","['5a997c61266a5f0012e626fe']","[PREMIUM]","[PREMIUM]"
"67c0759ed94937ea421a5226","2026-03-16 05:47:29.723","2026-03-29 13:53:56.104","67c0759ed94937ea421a5226","Houston Ballet - Giselle","theater","2026-06-11 19:30:00","2026-06-12 00:30:00","2026-06-12 00:30:00",false,false,false,"[PREMIUM]","[PREMIUM]","[PREMIUM]","[PREMIUM]","[PREMIUM]","[PREMIUM]",false,false,"6733f105e206bdb33cf78e34","['6736244e6a7ceafd61f6c02e']","[PREMIUM]","[PREMIUM]"
"67bfdb783f0cc601c44c1f88","2026-03-16 05:47:29.723","2026-03-29 13:54:07.146","67bfdb783f0cc601c44c1f88","Les Miserables","theater","2026-06-12 20:00:00","2026-06-13 00:00:00","2026-06-13 01:30:00",false,false,false,"[PREMIUM]","[PREMIUM]","[PREMIUM]","[PREMIUM]","[PREMIUM]","[PREMIUM]",false,false,"58216ec1cde6626ebe4ad94a","['5a997c61266a5f0012e626fe']","[PREMIUM]","[PREMIUM]"
"67be7b0f48e7a71cf621a16e","2026-03-16 05:47:29.723","2026-03-29 13:53:56.104","67be7b0f48e7a71cf621a16e","The Outsiders","theater","2026-06-12 19:30:00","2026-06-12 23:30:00","2026-06-12 23:30:00",false,false,false,"[PREMIUM]","[PREMIUM]","[PREMIUM]","[PREMIUM]","[PREMIUM]","[PREMIUM]",false,false,"585c59cfcde6626ebed288fa","['6542d2a8fdd787335382edb0']","[PREMIUM]","[PREMIUM]"
"67be7b0f0ced186b211427f2","2026-03-16 05:47:29.723","2026-03-29 13:53:56.104","67be7b0f0ced186b211427f2","The Outsiders","theater","2026-06-11 19:30:00","2026-06-11 23:30:00","2026-06-11 23:30:00",false,false,false,"[PREMIUM]","[PREMIUM]","[PREMIUM]","[PREMIUM]","[PREMIUM]","[PREMIUM]",false,false,"585c59cfcde6626ebed288fa","['6542d2a8fdd787335382edb0']","[PREMIUM]","[PREMIUM]"
"67b9e6d9e8395c8f5cee1d15","2026-03-16 05:47:29.723","2026-03-29 13:53:56.104","67b9e6d9e8395c8f5cee1d15","The Book Of Mormon","theater","2026-06-11 20:00:00","2026-06-12 00:00:00","2026-06-12 01:00:00",false,false,false,"[PREMIUM]","[PREMIUM]","[PREMIUM]","[PREMIUM]","[PREMIUM]","[PREMIUM]",false,false,"585b05abcde6626ebed1902a","['582525dff80c4177c17c7aa6']","[PREMIUM]","[PREMIUM]"
"67b9e6d97271e73a282f810b","2026-03-16 05:47:29.723","2026-03-29 13:54:07.146","67b9e6d97271e73a282f810b","The Book Of Mormon","theater","2026-06-12 20:00:00","2026-06-13 00:00:00","2026-06-13 01:00:00",false,false,false,"[PREMIUM]","[PREMIUM]","[PREMIUM]","[PREMIUM]","[PREMIUM]","[PREMIUM]",false,false,"585b05abcde6626ebed1902a","['582525dff80c4177c17c7aa6']","[PREMIUM]","[PREMIUM]"
"67ae767c5491446f05b812e7","2026-03-16 05:47:29.723","2026-03-29 13:53:56.104","67ae767c5491446f05b812e7","LA Opera - The Magic Flute","theater","2026-06-11 19:30:00","2026-06-12 02:30:00","2026-06-12 02:30:00",false,false,false,"[PREMIUM]","[PREMIUM]","[PREMIUM]","[PREMIUM]","[PREMIUM]","[PREMIUM]",false,false,"5834da8ccde6626ebe9402e2","['662042b31bcfec6091b4d2f8']","[PREMIUM]","[PREMIUM]"
"67abdbe29b2f80eb1dee6289","2026-03-16 05:47:29.723","2026-03-29 13:53:56.104","67abdbe29b2f80eb1dee6289","Clue - Live on Stage","theater","2026-06-12 19:30:00","2026-06-13 00:30:00","2026-06-13 00:30:00",false,false,false,"[PREMIUM]","[PREMIUM]","[PREMIUM]","[PREMIUM]","[PREMIUM]","[PREMIUM]",false,false,"59f38f1a676494000f845139","['65cd0b4ee73bc045ffba6a18']","[PREMIUM]","[PREMIUM]"
"67abdbe257b3b3839faf848a","2026-03-16 05:47:29.723","2026-03-29 13:53:56.104","67abdbe257b3b3839faf848a","Clue - Live on Stage","theater","2026-06-11 19:30:00","2026-06-12 00:30:00","2026-06-12 00:30:00",false,false,false,"[PREMIUM]","[PREMIUM]","[PREMIUM]","[PREMIUM]","[PREMIUM]","[PREMIUM]",false,false,"59f38f1a676494000f845139","['65cd0b4ee73bc045ffba6a18']","[PREMIUM]","[PREMIUM]"
"67a29be898839872108e674d","2026-03-16 05:47:29.723","2026-03-29 13:53:56.104","67a29be898839872108e674d","Little Shop of Horrors","theater","2026-06-12 19:00:00","2026-06-12 23:00:00","2026-06-12 23:00:00",false,false,false,"[PREMIUM]","[PREMIUM]","[PREMIUM]","[PREMIUM]","[PREMIUM]","[PREMIUM]",false,false,"65972d337bd2c22d70ba800b","['659737b6b2295ec66ef02bbd']","[PREMIUM]","[PREMIUM]"
"67a29be75a9642e68999d9fc","2026-03-16 05:47:29.723","2026-03-29 13:53:56.104","67a29be75a9642e68999d9fc","Little Shop of Horrors","theater","2026-06-11 19:00:00","2026-06-11 23:00:00","2026-06-11 23:00:00",false,false,false,"[PREMIUM]","[PREMIUM]","[PREMIUM]","[PREMIUM]","[PREMIUM]","[PREMIUM]",false,false,"65972d337bd2c22d70ba800b","['659737b6b2295ec66ef02bbd']","[PREMIUM]","[PREMIUM]"
"679c6c5e3f02bc3e89affe2f","2026-03-16 05:47:29.723","2026-03-29 13:53:56.104","679c6c5e3f02bc3e89affe2f","The Lion King","theater","2026-06-11 19:30:00","2026-06-11 23:30:00","2026-06-12 00:30:00",false,false,false,"[PREMIUM]","[PREMIUM]","[PREMIUM]","[PREMIUM]","[PREMIUM]","[PREMIUM]",false,false,"5aa01d2e1ff15600124b6309","['5824bdb4f80c41531c0e9a2f']","[PREMIUM]","[PREMIUM]"
"679c6c5e212d9ca3c4814f0b","2026-03-16 05:47:29.723","2026-03-29 13:53:56.104","679c6c5e212d9ca3c4814f0b","The Lion King","theater","2026-06-12 19:30:00","2026-06-12 23:30:00","2026-06-13 00:30:00",false,false,false,"[PREMIUM]","[PREMIUM]","[PREMIUM]","[PREMIUM]","[PREMIUM]","[PREMIUM]",false,false,"5aa01d2e1ff15600124b6309","['5824bdb4f80c41531c0e9a2f']","[PREMIUM]","[PREMIUM]"
"679c6c5e18883b15d5f3459b","2026-03-16 05:47:29.723","2026-03-29 13:53:56.104","679c6c5e18883b15d5f3459b","The Lion King","theater","2026-06-11 13:00:00","2026-06-11 17:00:00","2026-06-11 18:00:00",false,false,false,"[PREMIUM]","[PREMIUM]","[PREMIUM]","[PREMIUM]","[PREMIUM]","[PREMIUM]",false,false,"5aa01d2e1ff15600124b6309","['5824bdb4f80c41531c0e9a2f']","[PREMIUM]","[PREMIUM]"
"6794849f3000b0a1d77f5719","2026-03-16 05:47:29.723","2026-03-29 13:53:56.104","6794849f3000b0a1d77f5719","Wicked","theater","2026-06-11 19:30:00","2026-06-12 00:30:00","2026-06-12 01:30:00",false,false,false,"[PREMIUM]","[PREMIUM]","[PREMIUM]","[PREMIUM]","[PREMIUM]","[PREMIUM]",false,false,"5a9ed5a0593d25001363a703","['5822480df80c4152d5486cd5']","[PREMIUM]","[PREMIUM]"
"6794849f24757f67de9da0d6","2026-03-16 05:47:29.723","2026-03-29 13:53:56.104","6794849f24757f67de9da0d6","Wicked","theater","2026-06-12 19:30:00","2026-06-13 00:30:00","2026-06-13 01:30:00",false,false,false,"[PREMIUM]","[PREMIUM]","[PREMIUM]","[PREMIUM]","[PREMIUM]","[PREMIUM]",false,false,"5a9ed5a0593d25001363a703","['5822480df80c4152d5486cd5']","[PREMIUM]","[PREMIUM]"
"66b12fdf02779c7f1d943ece","2026-03-16 05:47:29.723","2026-03-29 13:53:56.104","66b12fdf02779c7f1d943ece","FIFA World Cup - Match 1 (Group A) (Mexico vs South Africa)","soccer","2026-06-11 13:00:00","2026-06-11 18:00:00","2026-06-11 18:00:00",false,false,false,"[PREMIUM]","[PREMIUM]","[PREMIUM]","[PREMIUM]","[PREMIUM]","[PREMIUM]",false,false,"5bdb4499302f180015672226","['66f70bca07991b85a6c55ad9','585444e9f80c417ca36b44e8','5c61d11015bc05001687ddab']","[PREMIUM]","[PREMIUM]"
"66b1264152975eb62832bf8c","2026-03-16 05:47:29.723","2026-03-29 13:53:56.104","66b1264152975eb62832bf8c","FIFA World Cup: Canada vs TBD - Match 3 (Group B)","soccer","2026-06-12 15:00:00","2026-06-12 19:00:00","2026-06-12 19:00:00",false,false,false,"[PREMIUM]","[PREMIUM]","[PREMIUM]","[PREMIUM]","[PREMIUM]","[PREMIUM]",false,false,"5502168764f96222a6000001","['66f70bca07991b85a6c55ad9','5ba9501b752c260014a33fdd']","[PREMIUM]","[PREMIUM]"
"66b123396fd038aea66f23ec","2026-03-16 05:47:29.723","2026-03-29 13:53:56.104","66b123396fd038aea66f23ec","FIFA World Cup: USA vs Paraguay - Match 4 (Group D) ","soccer","2026-06-12 18:00:00","2026-06-13 01:00:00","2026-06-13 01:00:00",false,false,false,"[PREMIUM]","[PREMIUM]","[PREMIUM]","[PREMIUM]","[PREMIUM]","[PREMIUM]",false,false,"5d8c0f737d933b0037c23aac","['66f70bca07991b85a6c55ad9','586d4f86f80c41187e3ec813','5c6b3ca66bde710018898aae']","[PREMIUM]","[PREMIUM]"
"66a7e97981e1bdde81ade7be","2026-03-16 05:47:29.723","2026-03-29 13:53:56.104","66a7e97981e1bdde81ade7be","FIFA World Cup - Match 2 (Group A) (Korea Republic vs TBD)","soccer","2026-06-11 21:00:00","2026-06-12 03:00:00","2026-06-12 03:00:00",false,false,false,"[PREMIUM]","[PREMIUM]","[PREMIUM]","[PREMIUM]","[PREMIUM]","[PREMIUM]",false,false,"67942a9aaa8806ec9b8c0122","['66f70bca07991b85a6c55ad9','69247f69661c08081a79ab68']","[PREMIUM]","[PREMIUM]"
"69b71abbfa3d2ad546f3fe44","2026-03-16 05:47:29.723","2026-03-29 13:53:56.104","69b71abbfa3d2ad546f3fe44","San Diego County Fair - General Fair Admission","music","2026-06-11 11:00:00","2026-06-11 18:00:00","2026-06-11 19:30:00",false,false,false,"[PREMIUM]","[PREMIUM]","[PREMIUM]","[PREMIUM]","[PREMIUM]","[PREMIUM]",false,false,"595ffc8c9da0d48c0d3377ba","['623cfb7c963b0300012ed147']","[PREMIUM]","[PREMIUM]"
"69b71abbce15edc6ff0ccd7f","2026-03-16 05:47:29.723","2026-03-29 13:53:56.104","69b71abbce15edc6ff0ccd7f","San Diego County Fair - General Fair Admission","music","2026-06-12 11:00:00","2026-06-12 18:00:00","2026-06-12 19:30:00",false,false,false,"[PREMIUM]","[PREMIUM]","[PREMIUM]","[PREMIUM]","[PREMIUM]","[PREMIUM]",false,false,"595ffc8c9da0d48c0d3377ba","['623cfb7c963b0300012ed147']","[PREMIUM]","[PREMIUM]"
"69b71a91e2448b8a17f74ae9","2026-03-16 05:47:29.723","2026-03-29 13:54:07.146","69b71a91e2448b8a17f74ae9","Spacey Jane","music","2026-06-12 20:00:00","2026-06-13 00:00:00","2026-06-13 01:30:00",false,false,false,"[PREMIUM]","[PREMIUM]","[PREMIUM]","[PREMIUM]","[PREMIUM]","[PREMIUM]",false,false,"61ba892eb3f6ff0001e8a428","['61e9cc43f1238e00019df6a7']","[PREMIUM]","[PREMIUM]"
"69b718a79561b1f113c972fb","2026-03-16 05:47:29.723","2026-03-29 13:54:07.146","69b718a79561b1f113c972fb","Almost Queen","music","2026-06-12 20:00:00","2026-06-13 00:00:00","2026-06-13 01:30:00",false,false,false,"[PREMIUM]","[PREMIUM]","[PREMIUM]","[PREMIUM]","[PREMIUM]","[PREMIUM]",false,true,"63c87f0306c6d4000159041e","['5d71f40c4ef28d00358bc098']","[PREMIUM]","[PREMIUM]"
"69b716921a915c00525ddf40","2026-03-16 05:47:29.723","2026-03-29 13:54:07.146","69b716921a915c00525ddf40","King's X","music","2026-06-12 20:00:00","2026-06-13 03:00:00","2026-06-13 03:00:00",false,false,false,"[PREMIUM]","[PREMIUM]","[PREMIUM]","[PREMIUM]","[PREMIUM]","[PREMIUM]",false,true,"66202b90987712ddc33f4e30","['660349e6b303da74d6ca0151']","[PREMIUM]","[PREMIUM]"
"69b7153e8fa1b5399b1c34d8","2026-03-16 05:47:29.723","2026-03-29 13:53:56.104","69b7153e8fa1b5399b1c34d8","Spacey Jane","music","2026-06-10 20:00:00","2026-06-11 00:00:00","2026-06-11 01:30:00",false,false,false,"[PREMIUM]","[PREMIUM]","[PREMIUM]","[PREMIUM]","[PREMIUM]","[PREMIUM]",false,false,"57eac4b2cde6626ebe3a7c08","['61e9cc43f1238e00019df6a7']","[PREMIUM]","[PREMIUM]"
"69b7152afa3d2ad546f3fc03","2026-03-16 05:47:29.723","2026-03-29 13:54:07.146","69b7152afa3d2ad546f3fc03","Dylan LeBlanc","music","2026-06-12 20:00:00","2026-06-13 00:00:00","2026-06-13 01:30:00",false,false,false,"[PREMIUM]","[PREMIUM]","[PREMIUM]","[PREMIUM]","[PREMIUM]","[PREMIUM]",false,true,"59f77dea6bb673000e542d90","['5cae389416688300189848df']","[PREMIUM]","[PREMIUM]"
"69b7142e3419f949878aeb8a","2026-03-16 05:47:29.723","2026-03-29 13:53:56.104","69b7142e3419f949878aeb8a","Bleachers","music","2026-06-12 19:30:00","2026-06-12 23:30:00","2026-06-13 00:30:00",false,false,false,"[PREMIUM]","[PREMIUM]","[PREMIUM]","[PREMIUM]","[PREMIUM]","[PREMIUM]",false,false,"57913853f80c416eb20b7109","['58e3d68cf80c416cf9754f0f']","[PREMIUM]","[PREMIUM]"
"69b713dbf618125728ac2330","2026-03-16 05:47:29.723","2026-03-29 13:53:56.104","69b713dbf618125728ac2330","Anuhea","music","2026-06-10 20:00:00","2026-06-11 00:00:00","2026-06-11 01:30:00",false,false,false,"[PREMIUM]","[PREMIUM]","[PREMIUM]","[PREMIUM]","[PREMIUM]","[PREMIUM]",false,false,"5bb29e402f3c38001439e9a5","['6372bd9e0bf83f0001f5a3de']","[PREMIUM]","[PREMIUM]"
"69b3b343f31bb70b91ec82ae","2026-03-16 05:47:29.723","2026-03-29 13:53:56.104","69b3b343f31bb70b91ec82ae","Feng - Travas Alan Feneley","music","2026-06-11 20:00:00","2026-06-12 00:00:00","2026-06-12 00:00:00",false,false,false,"[PREMIUM]","[PREMIUM]","[PREMIUM]","[PREMIUM]","[PREMIUM]","[PREMIUM]",false,false,"57eade5dcde6626ebe3ba5e2","['69b2d4a45ae6fe493f4764b4']","[PREMIUM]","[PREMIUM]"
"69b35f292c4823246958c570","2026-03-16 05:47:29.723","2026-03-29 13:53:56.104","69b35f292c4823246958c570","Dog Man - The Musical","theater","2026-06-12 19:00:00","2026-06-12 23:00:00","2026-06-12 23:00:00",false,false,false,"[PREMIUM]","[PREMIUM]","[PREMIUM]","[PREMIUM]","[PREMIUM]","[PREMIUM]",false,true,"66e89f7fe8afc2e9570894d2","['667b2c144dcbdba1160a9eb4']","[PREMIUM]","[PREMIUM]"
"69b35f28ce15edc6ff0b4774","2026-03-16 05:47:29.723","2026-03-29 13:53:56.104","69b35f28ce15edc6ff0b4774","Dog Man - The Musical","theater","2026-06-11 19:00:00","2026-06-11 23:00:00","2026-06-11 23:00:00",false,false,false,"[PREMIUM]","[PREMIUM]","[PREMIUM]","[PREMIUM]","[PREMIUM]","[PREMIUM]",false,true,"66e89f7fe8afc2e9570894d2","['667b2c144dcbdba1160a9eb4']","[PREMIUM]","[PREMIUM]"
"69b33be14e61710090b7ebcc","2026-03-16 05:47:29.723","2026-03-29 13:53:56.104","69b33be14e61710090b7ebcc","Jared James Nichols","music","2026-06-10 20:00:00","2026-06-11 01:00:00","2026-06-11 01:00:00",false,false,false,"[PREMIUM]","[PREMIUM]","[PREMIUM]","[PREMIUM]","[PREMIUM]","[PREMIUM]",false,false,"5a2064463d83c9000fac99c8","['65564e2aac0bbeae994bce88']","[PREMIUM]","[PREMIUM]"
"69b3045fe74b9315c928e608","2026-03-16 05:47:29.723","2026-03-29 13:54:07.146","69b3045fe74b9315c928e608","Gin Blossoms","music","2026-06-12 20:00:00","2026-06-13 02:00:00","2026-06-13 03:30:00",false,false,false,"[PREMIUM]","[PREMIUM]","[PREMIUM]","[PREMIUM]","[PREMIUM]","[PREMIUM]",false,false,"677489191d6301f97e1ff975","['6196ca5556d83a000117cbd8']","[PREMIUM]","[PREMIUM]"
"69b2d5b4a0d830814f81df02","2026-03-16 05:47:29.723","2026-03-29 13:53:56.104","69b2d5b4a0d830814f81df02","Pussycat Dolls","music","2026-06-12 18:30:00","2026-06-13 01:30:00","2026-06-13 01:30:00",false,false,false,"[PREMIUM]","[PREMIUM]","[PREMIUM]","[PREMIUM]","[PREMIUM]","[PREMIUM]",false,false,"56ce059ef80c417a77000001","['69b2cb7941fec3aa6671751e']","[PREMIUM]","[PREMIUM]"
"69b2b5c7cdbb85f7196e4824","2026-03-16 05:47:29.723","2026-03-29 13:53:56.104","69b2b5c7cdbb85f7196e4824","Feng - Travas Alan Feneley","music","2026-06-11 19:00:00","2026-06-11 23:00:00","2026-06-11 23:00:00",false,false,false,"[PREMIUM]","[PREMIUM]","[PREMIUM]","[PREMIUM]","[PREMIUM]","[PREMIUM]",false,false,"57e9b50acde6626ebe303bbc","['69b2d4a45ae6fe493f4764b4']","[PREMIUM]","[PREMIUM]"
"69b1ef26defb8636e1207cfd","2026-03-16 05:47:29.723","2026-03-29 13:54:07.146","69b1ef26defb8636e1207cfd","Ashley McBryde","music","2026-06-12 20:00:00","2026-06-13 01:00:00","2026-06-13 02:30:00",false,false,false,"[PREMIUM]","[PREMIUM]","[PREMIUM]","[PREMIUM]","[PREMIUM]","[PREMIUM]",false,false,"67be584c216a29d3c8975331","['5b0ebf47897aa80014c6683e']","[PREMIUM]","[PREMIUM]"
"69b1ebbe41fec3aa66711a0e","2026-03-16 05:47:29.723","2026-03-29 13:53:56.104","69b1ebbe41fec3aa66711a0e","Kiesza","music","2026-06-11 20:00:00","2026-06-12 00:00:00","2026-06-12 00:00:00",false,false,false,"[PREMIUM]","[PREMIUM]","[PREMIUM]","[PREMIUM]","[PREMIUM]","[PREMIUM]",false,false,"57eade5ecde6626ebe3ba5e8","['6699317315e03bffbeb67bb1']","[PREMIUM]","[PREMIUM]"
"69b1ea8a695932c3fe4f5822","2026-03-16 05:47:29.723","2026-03-29 13:54:07.146","69b1ea8a695932c3fe4f5822","Rick Ross","music","2026-06-12 20:00:00","2026-06-13 00:00:00","2026-06-13 01:30:00",false,false,false,"[PREMIUM]","[PREMIUM]","[PREMIUM]","[PREMIUM]","[PREMIUM]","[PREMIUM]",false,false,"5786b116f80c416b700b1436","['5d49c7c856c05900367854c8']","[PREMIUM]","[PREMIUM]"
"69b198ea10296b4040a53363","2026-03-16 05:47:29.723","2026-03-29 13:53:56.104","69b198ea10296b4040a53363","The Band Perry","music","2026-06-11 17:00:00","2026-06-11 22:00:00","2026-06-11 23:30:00",false,false,false,"[PREMIUM]","[PREMIUM]","[PREMIUM]","[PREMIUM]","[PREMIUM]","[PREMIUM]",false,true,"69b45a1cc3cc317cd8dbe33e","['5d31de49ade3850039283142']","[PREMIUM]","[PREMIUM]"
"69b10f334076825bd144b24e","2026-03-16 05:47:29.723","2026-03-29 13:53:56.104","69b10f334076825bd144b24e","Cole Swindell","music","2026-06-11 19:00:00","2026-06-12 02:00:00","2026-06-12 03:30:00",false,false,false,"[PREMIUM]","[PREMIUM]","[PREMIUM]","[PREMIUM]","[PREMIUM]","[PREMIUM]",false,true,"66bd4567866f7326548fab58","['5b57b549e9b1fb0013b40f0b']","[PREMIUM]","[PREMIUM]"
"69b10c6c2128dbcdc99d52b9","2026-03-16 05:47:29.723","2026-03-29 13:53:56.104","69b10c6c2128dbcdc99d52b9","King's X (21+ Event)","music","2026-06-10 21:00:00","2026-06-11 04:00:00","2026-06-11 04:00:00",false,false,false,"[PREMIUM]","[PREMIUM]","[PREMIUM]","[PREMIUM]","[PREMIUM]","[PREMIUM]",false,true,"5a45636511d31e00124c616e","['660349e6b303da74d6ca0151']","[PREMIUM]","[PREMIUM]"
"69b10a8c5eec09e982017c93","2026-03-16 05:47:29.723","2026-03-29 13:54:07.146","69b10a8c5eec09e982017c93","Haiden Henderson","music","2026-06-12 20:00:00","2026-06-13 00:00:00","2026-06-13 00:00:00",false,false,false,"[PREMIUM]","[PREMIUM]","[PREMIUM]","[PREMIUM]","[PREMIUM]","[PREMIUM]",false,true,"65fe0b9ef150313856e3633c","['681a55c2ee261338aac69152']","[PREMIUM]","[PREMIUM]"
"69b10a6a133cbfe850eb2153","2026-03-16 05:47:29.723","2026-03-29 13:53:56.104","69b10a6a133cbfe850eb2153","Feng - Travas Alan Feneley (Moved from The Mod Club)","music","2026-06-11 20:00:00","2026-06-12 00:00:00","2026-06-12 00:00:00",false,false,false,"[PREMIUM]","[PREMIUM]","[PREMIUM]","[PREMIUM]","[PREMIUM]","[PREMIUM]",false,false,"57eade5dcde6626ebe3ba5e2","['69b2d4a45ae6fe493f4764b4']","[PREMIUM]","[PREMIUM]"
"69b108d7d393eb123eab2421","2026-03-16 05:47:29.723","2026-03-29 13:53:56.104","69b108d7d393eb123eab2421","Tab Benoit","music","2026-06-12 19:30:00","2026-06-13 01:30:00","2026-06-13 03:00:00",false,false,false,"[PREMIUM]","[PREMIUM]","[PREMIUM]","[PREMIUM]","[PREMIUM]","[PREMIUM]",false,true,"66983ef1172674ab5a5c2f54","['5dfbec8db9c62f00399a5734']","[PREMIUM]","[PREMIUM]"
"69b0d66d49996a1df50eca8b","2026-03-16 05:47:29.723","2026-03-29 13:53:56.104","69b0d66d49996a1df50eca8b","Haiden Henderson","music","2026-06-10 20:00:00","2026-06-11 00:00:00","2026-06-11 00:00:00",false,false,false,"[PREMIUM]","[PREMIUM]","[PREMIUM]","[PREMIUM]","[PREMIUM]","[PREMIUM]",false,true,"57eade5dcde6626ebe3ba5e3","['681a55c2ee261338aac69152']","[PREMIUM]","[PREMIUM]"
"69b09f76ed35439fbb6970a8","2026-03-16 05:47:29.723","2026-03-29 13:53:56.104","69b09f76ed35439fbb6970a8","Deer Tick","music","2026-06-12 19:30:00","2026-06-12 23:30:00","2026-06-13 00:30:00",false,false,false,"[PREMIUM]","[PREMIUM]","[PREMIUM]","[PREMIUM]","[PREMIUM]","[PREMIUM]",false,true,"643079aeaf2a9a0001d3d49e","['5943155e25f2c514f0b9dd90']","[PREMIUM]","[PREMIUM]"
"69b09f3c51138f613761d339","2026-03-16 05:47:29.723","2026-03-29 13:53:56.104","69b09f3c51138f613761d339","Buckethead","music","2026-06-11 20:45:00","2026-06-12 01:45:00","2026-06-12 02:45:00",false,false,false,"[PREMIUM]","[PREMIUM]","[PREMIUM]","[PREMIUM]","[PREMIUM]","[PREMIUM]",false,false,"57d97ec950575d33c877746c","['5a45698625f2c505c792db30']","[PREMIUM]","[PREMIUM]"
"69b09ecf512ac851fa51bb39","2026-03-16 05:47:29.723","2026-03-29 13:53:56.104","69b09ecf512ac851fa51bb39","Deer Tick","music","2026-06-10 20:00:00","2026-06-11 00:00:00","2026-06-11 01:00:00",false,false,false,"[PREMIUM]","[PREMIUM]","[PREMIUM]","[PREMIUM]","[PREMIUM]","[PREMIUM]",false,true,"5a4686f712636f0012b68cd1","['5943155e25f2c514f0b9dd90']","[PREMIUM]","[PREMIUM]"
"69b09def2de08451b76cb4bd","2026-03-16 05:47:29.723","2026-03-29 13:53:56.104","69b09def2de08451b76cb4bd","Kansas","music","2026-06-12 18:00:00","2026-06-12 22:00:00","2026-06-12 23:30:00",false,false,false,"[PREMIUM]","[PREMIUM]","[PREMIUM]","[PREMIUM]","[PREMIUM]","[PREMIUM]",false,true,"656e4d9f3e8b15ea85459024","['5ab3d459dc3dad001383bde3']","[PREMIUM]","[PREMIUM]"
"69b0999a356ea7ee618eaa7d","2026-03-16 05:47:29.723","2026-03-29 13:54:07.146","69b0999a356ea7ee618eaa7d","Earl Sweatshirt","music","2026-06-12 20:00:00","2026-06-13 03:00:00","2026-06-13 04:30:00",false,false,false,"[PREMIUM]","[PREMIUM]","[PREMIUM]","[PREMIUM]","[PREMIUM]","[PREMIUM]",false,false,"61afe302fac7180001001d8f","['5cb65777e7e8d60016db8554']","[PREMIUM]","[PREMIUM]"
"69b0997ba7c612c96d5bd325","2026-03-16 05:47:29.723","2026-03-29 13:53:56.104","69b0997ba7c612c96d5bd325","Riley Green","music","2026-06-12 16:00:00","2026-06-12 21:00:00","2026-06-12 22:30:00",false,false,false,"[PREMIUM]","[PREMIUM]","[PREMIUM]","[PREMIUM]","[PREMIUM]","[PREMIUM]",false,true,"67e3124c9f2af5b3d3448f03","['5b298a071c29f9001205dec6']","[PREMIUM]","[PREMIUM]"
"69b0995e2de08451b76cb2c9","2026-03-16 05:47:29.723","2026-03-29 13:53:56.104","69b0995e2de08451b76cb2c9","Greensky Bluegrass","music","2026-06-11 19:00:00","2026-06-11 23:00:00","2026-06-12 00:00:00",false,false,false,"[PREMIUM]","[PREMIUM]","[PREMIUM]","[PREMIUM]","[PREMIUM]","[PREMIUM]",false,true,"67e31242c10acc36e20e0634","['57e1c2eff80c41330431f2f4']","[PREMIUM]","[PREMIUM]"
"69b098218ad8bb586edb709e","2026-03-16 05:47:29.723","2026-03-29 13:53:56.104","69b098218ad8bb586edb709e","Earl Sweatshirt","music","2026-06-10 20:00:00","2026-06-11 03:00:00","2026-06-11 04:30:00",false,false,false,"[PREMIUM]","[PREMIUM]","[PREMIUM]","[PREMIUM]","[PREMIUM]","[PREMIUM]",false,false,"56345e97f80c413454000001","['5cb65777e7e8d60016db8554']","[PREMIUM]","[PREMIUM]"
"69b082de048f71d5f06ca138","2026-03-16 05:47:29.723","2026-03-29 13:53:56.104","69b082de048f71d5f06ca138","Paul Thorn","music","2026-06-11 20:00:00","2026-06-12 00:00:00","2026-06-12 01:30:00",false,false,false,"[PREMIUM]","[PREMIUM]","[PREMIUM]","[PREMIUM]","[PREMIUM]","[PREMIUM]",false,true,"61afe3b1f758120001898102","['62a8c886317ffd00014aa5aa']","[PREMIUM]","[PREMIUM]"
"69b081d710296b4040a4cc35","2026-03-16 05:47:29.723","2026-03-29 13:53:56.104","69b081d710296b4040a4cc35","Marcello Hernandez","comedy","2026-06-11 20:00:00","2026-06-12 01:00:00","2026-06-12 01:00:00",false,false,false,"[PREMIUM]","[PREMIUM]","[PREMIUM]","[PREMIUM]","[PREMIUM]","[PREMIUM]",false,false,"67b79d185a4f82e73b08c972","['664b99939e843d64eee91dcf']","[PREMIUM]","[PREMIUM]"
"69b081632128dbcdc99d13ca","2026-03-16 05:47:29.723","2026-03-29 13:53:56.104","69b081632128dbcdc99d13ca","Killers of Kill Tony","comedy","2026-06-12 19:00:00","2026-06-12 23:00:00","2026-06-12 23:00:00",false,false,false,"[PREMIUM]","[PREMIUM]","[PREMIUM]","[PREMIUM]","[PREMIUM]","[PREMIUM]",false,false,"67d0ce63bda191d3b7c627c4","['65947b500d0428f505d563d0']","[PREMIUM]","[PREMIUM]"
"69afb7162de08451b76c4aee","2026-03-16 05:47:29.723","2026-03-29 13:53:56.104","69afb7162de08451b76c4aee","Mihali","music","2026-06-10 20:00:00","2026-06-11 03:00:00","2026-06-11 03:00:00",false,false,false,"[PREMIUM]","[PREMIUM]","[PREMIUM]","[PREMIUM]","[PREMIUM]","[PREMIUM]",false,true,"5aa95952132ff60012623e59","['65c54848e8f96197e8ac8b83']","[PREMIUM]","[PREMIUM]"
"69af81db2de08451b76c38e5","2026-03-16 05:47:29.723","2026-03-29 13:54:07.146","69af81db2de08451b76c38e5","Pepe Aguilar","music","2026-06-12 20:00:00","2026-06-13 03:00:00","2026-06-13 04:00:00",false,false,false,"[PREMIUM]","[PREMIUM]","[PREMIUM]","[PREMIUM]","[PREMIUM]","[PREMIUM]",false,false,"57d8b1f050575d33c8737920","['5a1de5f625f2c570f75c494c']","[PREMIUM]","[PREMIUM]"
"69af807bfad8aa164f434138","2026-03-16 05:47:29.723","2026-03-29 13:54:07.146","69af807bfad8aa164f434138","Rodney Carrington","comedy","2026-06-12 20:00:00","2026-06-13 00:00:00","2026-06-13 01:30:00",false,false,false,"[PREMIUM]","[PREMIUM]","[PREMIUM]","[PREMIUM]","[PREMIUM]","[PREMIUM]",false,true,"68128cd6fa7a4c5506949230","['5b8eebeffcffc1001336af25']","[PREMIUM]","[PREMIUM]"
"69af4d79e8698d05e4538ead","2026-03-16 05:47:29.723","2026-03-29 13:53:56.104","69af4d79e8698d05e4538ead","Marcus King Band","music","2026-06-11 20:00:00","2026-06-12 00:00:00","2026-06-12 01:30:00",false,false,false,"[PREMIUM]","[PREMIUM]","[PREMIUM]","[PREMIUM]","[PREMIUM]","[PREMIUM]",false,false,"617c3af4d5bdd40001826f60","['5b4f84a1c3c8f60018e4c974']","[PREMIUM]","[PREMIUM]"
"69af4d1f08e8c6c16738e94d","2026-03-16 05:47:29.723","2026-03-29 13:53:56.104","69af4d1f08e8c6c16738e94d","Thievery Corporation","music","2026-06-10 20:00:00","2026-06-11 02:00:00","2026-06-11 03:00:00",false,false,false,"[PREMIUM]","[PREMIUM]","[PREMIUM]","[PREMIUM]","[PREMIUM]","[PREMIUM]",false,false,"57e2fe1450575d33c8a4f72e","['5955316425f2c55280c66a43']","[PREMIUM]","[PREMIUM]"
"69af4ae1966d4dc34d4a6d1a","2026-03-16 05:47:29.723","2026-03-29 13:54:07.146","69af4ae1966d4dc34d4a6d1a","Bill Burr","comedy","2026-06-12 20:00:00","2026-06-13 00:00:00","2026-06-13 01:30:00",false,false,false,"[PREMIUM]","[PREMIUM]","[PREMIUM]","[PREMIUM]","[PREMIUM]","[PREMIUM]",false,true,"69b445572071085b59849e34","['5a9f1ffe2cfb520013660774']","[PREMIUM]","[PREMIUM]"
"69af48b0368c3bc8f166e96c","2026-03-16 05:47:29.723","2026-03-29 13:53:56.104","69af48b0368c3bc8f166e96c","Lauren Daigle","music","2026-06-11 20:00:00","2026-06-12 00:00:00","2026-06-12 01:30:00",false,false,false,"[PREMIUM]","[PREMIUM]","[PREMIUM]","[PREMIUM]","[PREMIUM]","[PREMIUM]",false,false,"57b39ea3f80c411b89b0b835","['5b4d2e0f7f8de800125c19e7']","[PREMIUM]","[PREMIUM]"
"69af31ea10296b4040a43e38","2026-03-16 05:47:29.723","2026-03-29 13:54:07.146","69af31ea10296b4040a43e38","Marcus King Band","music","2026-06-12 20:00:00","2026-06-13 00:00:00","2026-06-13 01:30:00",false,false,false,"[PREMIUM]","[PREMIUM]","[PREMIUM]","[PREMIUM]","[PREMIUM]","[PREMIUM]",false,false,"628fb80ccab294000122971a","['5b4f84a1c3c8f60018e4c974']","[PREMIUM]","[PREMIUM]"
"69af215c6283ed644c9b6d42","2026-03-16 05:47:29.723","2026-03-29 13:53:56.104","69af215c6283ed644c9b6d42","Jill Scott","music","2026-06-11 20:00:00","2026-06-12 00:00:00","2026-06-12 01:00:00",false,false,false,"[PREMIUM]","[PREMIUM]","[PREMIUM]","[PREMIUM]","[PREMIUM]","[PREMIUM]",false,false,"5bc761e8ec5e2100167ecffd","['57acf0ddf80c415429bf2a69']","[PREMIUM]","[PREMIUM]"
"69adf5b5ee2cb24baafc8b47","2026-03-16 05:47:29.723","2026-03-29 13:54:07.146","69adf5b5ee2cb24baafc8b47","Robyn Hitchcock (21+ Event)","music","2026-06-12 20:00:00","2026-06-13 00:00:00","2026-06-13 01:30:00",false,false,false,"[PREMIUM]","[PREMIUM]","[PREMIUM]","[PREMIUM]","[PREMIUM]","[PREMIUM]",false,true,"6515d9318ecb6b935e20ce8a","['5e18c65166a55a003869942a']","[PREMIUM]","[PREMIUM]"
"69ab59072d4d6e1ee71ee661","2026-03-16 05:47:29.723","2026-03-29 13:53:56.104","69ab59072d4d6e1ee71ee661","Jerry Seinfeld","comedy","2026-06-12 19:00:00","2026-06-13 00:00:00","2026-06-13 01:00:00",false,false,false,"[PREMIUM]","[PREMIUM]","[PREMIUM]","[PREMIUM]","[PREMIUM]","[PREMIUM]",false,true,"67240d76313e26e146669c29","['580a8797f80c416571be5094']","[PREMIUM]","[PREMIUM]"
"69ab58f0e6332064343f6bf6","2026-03-16 05:47:29.723","2026-03-29 13:53:56.104","69ab58f0e6332064343f6bf6","Yebba","music","2026-06-11 19:00:00","2026-06-12 00:00:00","2026-06-12 00:00:00",false,false,false,"[PREMIUM]","[PREMIUM]","[PREMIUM]","[PREMIUM]","[PREMIUM]","[PREMIUM]",false,false,"597a7baa9da0d48c0d75df9e","['69b323ae847f0fa108cfff49']","[PREMIUM]","[PREMIUM]"
"69ab35c6a628cabc5e5e1510","2026-03-16 05:47:29.723","2026-03-29 13:53:56.104","69ab35c6a628cabc5e5e1510","Josh Johnson","comedy","2026-06-12 19:00:00","2026-06-12 23:00:00","2026-06-13 00:30:00",false,false,false,"[PREMIUM]","[PREMIUM]","[PREMIUM]","[PREMIUM]","[PREMIUM]","[PREMIUM]",false,false,"5ae8c5ca4854e100149d3dcf","['62880c43750b8900012296f8']","[PREMIUM]","[PREMIUM]"
"69ab3558f434639d8225c358","2026-03-16 05:47:29.723","2026-03-29 13:53:56.104","69ab3558f434639d8225c358","Devon Allman's Blues Summit","music","2026-06-11 19:30:00","2026-06-11 23:30:00","2026-06-12 01:00:00",false,false,false,"[PREMIUM]","[PREMIUM]","[PREMIUM]","[PREMIUM]","[PREMIUM]","[PREMIUM]",false,true,"66b150da45fbf61865ed2d06","['5b0ec3971e94d800137f4ed6']","[PREMIUM]","[PREMIUM]"
"69a92531d3f3b5905ca2be78","2026-03-16 05:47:29.723","2026-03-29 13:53:56.104","69a92531d3f3b5905ca2be78","Marc E Bassy","music","2026-06-11 19:30:00","2026-06-12 00:30:00","2026-06-12 02:00:00",false,false,false,"[PREMIUM]","[PREMIUM]","[PREMIUM]","[PREMIUM]","[PREMIUM]","[PREMIUM]",false,true,"5a207a990045b8000fceba93","['5dc1dd7b9c2305003686fab1']","[PREMIUM]","[PREMIUM]"
"69a8eedb9a03ffed32508c9f","2026-03-16 05:47:29.723","2026-03-29 13:53:56.104","69a8eedb9a03ffed32508c9f","Sun Kil Moon","music","2026-06-11 19:00:00","2026-06-12 02:00:00","2026-06-12 02:00:00",false,false,false,"[PREMIUM]","[PREMIUM]","[PREMIUM]","[PREMIUM]","[PREMIUM]","[PREMIUM]",false,false,"57c4d064f80c412715be6457","['65f28dabebacbe5ad64a18e7']","[PREMIUM]","[PREMIUM]"
"69a8e8bc989076d00776e381","2026-03-16 05:47:29.723","2026-03-29 13:53:56.104","69a8e8bc989076d00776e381","Sun Kil Moon (21+ Event)","music","2026-06-10 20:30:00","2026-06-11 03:30:00","2026-06-11 03:30:00",false,false,false,"[PREMIUM]","[PREMIUM]","[PREMIUM]","[PREMIUM]","[PREMIUM]","[PREMIUM]",false,true,"63c87dcfba41dc00017d792a","['65f28dabebacbe5ad64a18e7']","[PREMIUM]","[PREMIUM]"
"69a8cebe1637bef6860abceb","2026-03-16 05:47:29.723","2026-03-29 13:53:56.104","69a8cebe1637bef6860abceb","Skillet","music","2026-06-12 17:30:00","2026-06-12 21:30:00","2026-06-12 22:30:00",false,false,false,"[PREMIUM]","[PREMIUM]","[PREMIUM]","[PREMIUM]","[PREMIUM]","[PREMIUM]",false,true,"67e31245fda90534ba0abb26","['58587b70f80c415d3aa43fe1']","[PREMIUM]","[PREMIUM]"
"69a8cb0c974aac97f3ae4283","2026-03-16 05:47:29.723","2026-03-29 13:53:56.104","69a8cb0c974aac97f3ae4283","Covet","music","2026-06-11 19:00:00","2026-06-12 00:00:00","2026-06-12 01:30:00",false,false,false,"[PREMIUM]","[PREMIUM]","[PREMIUM]","[PREMIUM]","[PREMIUM]","[PREMIUM]",false,true,"68c89268b28b54f4603b0e95","['5b0ec7f6da37020013646167']","[PREMIUM]","[PREMIUM]"
"69a8cafa9a03ffed325081d5","2026-03-16 05:47:29.723","2026-03-29 13:54:07.146","69a8cafa9a03ffed325081d5","Michael Brun","music","2026-06-12 20:00:00","2026-06-13 00:00:00","2026-06-13 01:30:00",false,false,false,"[PREMIUM]","[PREMIUM]","[PREMIUM]","[PREMIUM]","[PREMIUM]","[PREMIUM]",false,false,"57ae3d08f80c41231817a3e0","['6217f9b3939ede0001eee8a1']","[PREMIUM]","[PREMIUM]"
"69a7f697fd705592f9f49e5c","2026-03-16 05:47:29.723","2026-03-29 13:54:07.146","69a7f697fd705592f9f49e5c","John Pizzarelli","music","2026-06-12 20:00:00","2026-06-13 00:00:00","2026-06-13 00:00:00",false,false,false,"[PREMIUM]","[PREMIUM]","[PREMIUM]","[PREMIUM]","[PREMIUM]","[PREMIUM]",false,false,"6372c334b1060a00018deca5","['66748a2aab2fffb5823dd354']","[PREMIUM]","[PREMIUM]"
"69a7ebde6e315ac4393e9d1f","2026-03-16 05:47:29.723","2026-03-29 13:53:56.104","69a7ebde6e315ac4393e9d1f","Covet (19+ Event)","music","2026-06-12 19:00:00","2026-06-12 23:00:00","2026-06-13 00:30:00",false,false,false,"[PREMIUM]","[PREMIUM]","[PREMIUM]","[PREMIUM]","[PREMIUM]","[PREMIUM]",false,true,"62d0a1cc9fb570000179b778","['5b0ec7f6da37020013646167']","[PREMIUM]","[PREMIUM]"
"69a7ea4ae49872bc18458b5c","2026-03-16 05:47:29.723","2026-03-29 13:53:56.104","69a7ea4ae49872bc18458b5c","Fleetmac Wood","music","2026-06-12 19:00:00","2026-06-13 01:00:00","2026-06-13 01:00:00",false,false,false,"[PREMIUM]","[PREMIUM]","[PREMIUM]","[PREMIUM]","[PREMIUM]","[PREMIUM]",false,true,"643065a12ec62f0001a80590","['6528320d5edc6da196eb664d']","[PREMIUM]","[PREMIUM]"
"69a79af0bb3ec82322bb82ce","2026-03-16 05:47:29.723","2026-03-29 13:53:56.104","69a79af0bb3ec82322bb82ce","Will Burkart (21+ Event)","comedy","2026-06-11 19:30:00","2026-06-12 01:30:00","2026-06-12 01:30:00",false,false,false,"[PREMIUM]","[PREMIUM]","[PREMIUM]","[PREMIUM]","[PREMIUM]","[PREMIUM]",false,true,"67465c3f3652539b2c31c708","['65b2dee5f4bd2300b9435213']","[PREMIUM]","[PREMIUM]"
"69a79af01b86b94afecaa9f3","2026-03-16 05:47:29.723","2026-03-29 13:54:07.146","69a79af01b86b94afecaa9f3","Will Burkart (21+ Event)","comedy","2026-06-12 21:15:00","2026-06-13 03:15:00","2026-06-13 03:15:00",false,false,false,"[PREMIUM]","[PREMIUM]","[PREMIUM]","[PREMIUM]","[PREMIUM]","[PREMIUM]",false,true,"67465c3f3652539b2c31c708","['65b2dee5f4bd2300b9435213']","[PREMIUM]","[PREMIUM]"
"69a79af019928e4e85056cd0","2026-03-16 05:47:29.723","2026-03-29 13:53:56.104","69a79af019928e4e85056cd0","Will Burkart (21+ Event)","comedy","2026-06-12 19:15:00","2026-06-13 01:15:00","2026-06-13 01:15:00",false,false,false,"[PREMIUM]","[PREMIUM]","[PREMIUM]","[PREMIUM]","[PREMIUM]","[PREMIUM]",false,true,"67465c3f3652539b2c31c708","['65b2dee5f4bd2300b9435213']","[PREMIUM]","[PREMIUM]"
"69a796875356d98c39168517","2026-03-16 05:47:29.723","2026-03-29 13:53:56.104","69a796875356d98c39168517","George Lopez","comedy","2026-06-11 20:00:00","2026-06-12 00:00:00","2026-06-12 01:30:00",false,false,false,"[PREMIUM]","[PREMIUM]","[PREMIUM]","[PREMIUM]","[PREMIUM]","[PREMIUM]",false,false,"60bfe89777d356000175a5fb","['5b8f1ba784e3a0001339ac24']","[PREMIUM]","[PREMIUM]"
"69a781a9641405f803987daf","2026-03-16 05:47:29.723","2026-03-29 13:54:07.146","69a781a9641405f803987daf","Cheap Trick","music","2026-06-12 20:00:00","2026-06-13 01:00:00","2026-06-13 02:30:00",false,false,false,"[PREMIUM]","[PREMIUM]","[PREMIUM]","[PREMIUM]","[PREMIUM]","[PREMIUM]",false,false,"66cccaed2ef718b3e3edfc42","['6101c6f833cc9e00012f7dc5']","[PREMIUM]","[PREMIUM]"
"69a7819082d1a124c6009441","2026-03-16 05:47:29.723","2026-03-29 13:53:56.104","69a7819082d1a124c6009441","George Lopez","comedy","2026-06-11 20:00:00","2026-06-12 00:00:00","2026-06-12 01:30:00",false,false,false,"[PREMIUM]","[PREMIUM]","[PREMIUM]","[PREMIUM]","[PREMIUM]","[PREMIUM]",false,false,"58b8c1c3cde6626ebe09acde","['5b8f1ba784e3a0001339ac24']","[PREMIUM]","[PREMIUM]"
"69a77f7a239e210c88e54b71","2026-03-16 05:47:29.723","2026-03-29 13:53:56.104","69a77f7a239e210c88e54b71","moe. with Umphreys McGee","music","2026-06-11 20:00:00","2026-06-12 00:00:00","2026-06-12 01:00:00",false,false,false,"[PREMIUM]","[PREMIUM]","[PREMIUM]","[PREMIUM]","[PREMIUM]","[PREMIUM]",false,true,"613a92eb5fe59900010be53c","['58a79361f80c41494ff7ce57']","[PREMIUM]","[PREMIUM]"
"69a77c795f3df0fc5ef85e9c","2026-03-16 05:47:29.723","2026-03-29 13:53:56.104","69a77c795f3df0fc5ef85e9c","Robyn Hitchcock","music","2026-06-10 20:00:00","2026-06-11 00:00:00","2026-06-11 01:30:00",false,false,false,"[PREMIUM]","[PREMIUM]","[PREMIUM]","[PREMIUM]","[PREMIUM]","[PREMIUM]",false,true,"67e312468d77898b41c1a453","['5e18c65166a55a003869942a']","[PREMIUM]","[PREMIUM]"
"69a77c774eb14ca0b58b73eb","2026-03-16 05:47:29.723","2026-03-29 13:53:56.104","69a77c774eb14ca0b58b73eb","Killswitch Engage","music","2026-06-11 17:30:00","2026-06-11 21:30:00","2026-06-11 22:30:00",false,false,false,"[PREMIUM]","[PREMIUM]","[PREMIUM]","[PREMIUM]","[PREMIUM]","[PREMIUM]",false,false,"658f41a820ed1afcd309bf65","['59e8f28425f2c542d43dadc5']","[PREMIUM]","[PREMIUM]"
"69a77bc58f90e02eb2c8e4c6","2026-03-16 05:47:29.723","2026-03-29 13:53:56.104","69a77bc58f90e02eb2c8e4c6","moe. with Umphreys McGee","music","2026-06-12 19:30:00","2026-06-12 23:30:00","2026-06-13 00:30:00",false,false,false,"[PREMIUM]","[PREMIUM]","[PREMIUM]","[PREMIUM]","[PREMIUM]","[PREMIUM]",false,false,"5af9f51a6422c50012b5630e","['5952e69925f2c578f06ac197']","[PREMIUM]","[PREMIUM]"
"69a77a27b30731ab40d015b9","2026-03-16 05:47:29.723","2026-03-29 13:53:56.104","69a77a27b30731ab40d015b9","Jon B.","music","2026-06-11 19:00:00","2026-06-11 23:00:00","2026-06-11 23:00:00",false,false,false,"[PREMIUM]","[PREMIUM]","[PREMIUM]","[PREMIUM]","[PREMIUM]","[PREMIUM]",false,false,"57d1e15d50575d33c8542f31","['64c3f2dab0ec6000018422cc']","[PREMIUM]","[PREMIUM]"
"69a77a26917fafc687bad5db","2026-03-16 05:47:29.723","2026-03-29 13:53:56.104","69a77a26917fafc687bad5db","Killswitch Engage","music","2026-06-12 18:30:00","2026-06-12 22:30:00","2026-06-12 23:30:00",false,false,false,"[PREMIUM]","[PREMIUM]","[PREMIUM]","[PREMIUM]","[PREMIUM]","[PREMIUM]",false,false,"61b13a87c7a11f000118cffe","['59e8f28425f2c542d43dadc5']","[PREMIUM]","[PREMIUM]"
"69a779aa6f818dcd91427e9a","2026-03-16 05:47:29.723","2026-03-29 13:53:56.104","69a779aa6f818dcd91427e9a","Tash Sultana","music","2026-06-12 19:30:00","2026-06-12 23:30:00","2026-06-13 00:30:00",false,false,false,"[PREMIUM]","[PREMIUM]","[PREMIUM]","[PREMIUM]","[PREMIUM]","[PREMIUM]",false,false,"58c0ac5dcde6626ebe294b83","['58c334b7f80c4175d16fa22f']","[PREMIUM]","[PREMIUM]"
"69a7492f752a9666b28f046a","2026-03-16 05:47:29.723","2026-03-29 13:53:56.104","69a7492f752a9666b28f046a","Trixx","comedy","2026-06-11 19:00:00","2026-06-11 23:00:00","2026-06-12 00:30:00",false,false,false,"[PREMIUM]","[PREMIUM]","[PREMIUM]","[PREMIUM]","[PREMIUM]","[PREMIUM]",false,true,"630e837b236b5800011fa742","['646cff8c0927b6000196c859']","[PREMIUM]","[PREMIUM]"
"69a728e6239e210c88e52d8f","2026-03-16 05:47:29.723","2026-03-29 13:53:56.104","69a728e6239e210c88e52d8f","Popovich Comedy Pet Theater","comedy","2026-06-11 14:30:00","2026-06-11 21:30:00","2026-06-11 21:30:00",false,false,false,"[PREMIUM]","[PREMIUM]","[PREMIUM]","[PREMIUM]","[PREMIUM]","[PREMIUM]",false,true,"65c68eea463851cc713158ae","['66103916f01dc732f83759c9']","[PREMIUM]","[PREMIUM]"
"69a6621912f4af0e9a3eb6ef","2026-03-16 05:47:29.723","2026-03-29 13:53:56.104","69a6621912f4af0e9a3eb6ef","The Sergio Mendes Band","music","2026-06-11 19:30:00","2026-06-11 23:30:00","2026-06-12 01:00:00",false,false,false,"[PREMIUM]","[PREMIUM]","[PREMIUM]","[PREMIUM]","[PREMIUM]","[PREMIUM]",false,true,"66f5b69190bb4fc51cf99d6a","['60ad31383f8544000189e0f1']","[PREMIUM]","[PREMIUM]"
"69a6604210ba19cc5da3ac9d","2026-03-16 05:47:29.723","2026-03-29 13:54:07.146","69a6604210ba19cc5da3ac9d","Dexta Daps","music","2026-06-12 20:00:00","2026-06-13 00:00:00","2026-06-13 00:00:00",false,false,false,"[PREMIUM]","[PREMIUM]","[PREMIUM]","[PREMIUM]","[PREMIUM]","[PREMIUM]",false,false,"63c887686462680001f0a0f4","['660b0a5018976dd207efaaba']","[PREMIUM]","[PREMIUM]"
"69a64c1afd705592f9f41c37","2026-03-16 05:47:29.723","2026-03-29 13:54:07.146","69a64c1afd705592f9f41c37","Get The Led Out - A Tribute to Led Zeppelin","music","2026-06-12 20:00:00","2026-06-13 00:00:00","2026-06-13 01:30:00",false,false,false,"[PREMIUM]","[PREMIUM]","[PREMIUM]","[PREMIUM]","[PREMIUM]","[PREMIUM]",false,false,"5af60a250424bf00127d0d4f","['5b2c035c52dd690012267401']","[PREMIUM]","[PREMIUM]"
"69a64a1510ba19cc5da3a037","2026-03-16 05:47:29.723","2026-03-29 13:54:07.146","69a64a1510ba19cc5da3a037","Big Bad Voodoo Daddy","music","2026-06-12 20:00:00","2026-06-13 00:00:00","2026-06-13 01:30:00",false,false,false,"[PREMIUM]","[PREMIUM]","[PREMIUM]","[PREMIUM]","[PREMIUM]","[PREMIUM]",false,true,"67e31247c5ea37d2e10a5e15","['638908bf611c6d00016a8c97']","[PREMIUM]","[PREMIUM]"
"69a62bc34eb14ca0b58afe72","2026-03-16 05:47:29.723","2026-03-29 13:53:56.104","69a62bc34eb14ca0b58afe72","Kittie","music","2026-06-12 18:30:00","2026-06-13 01:30:00","2026-06-13 01:30:00",false,false,false,"[PREMIUM]","[PREMIUM]","[PREMIUM]","[PREMIUM]","[PREMIUM]","[PREMIUM]",false,false,"58b60c97cde6626ebede29fd","['662a9ba200d00d7268875afe']","[PREMIUM]","[PREMIUM]"
"69a62a61ce95e3e157c47e5b","2026-03-16 05:47:29.723","2026-03-29 13:54:07.146","69a62a61ce95e3e157c47e5b","Underscores","music","2026-06-12 20:00:00","2026-06-13 00:00:00","2026-06-13 00:00:00",false,false,false,"[PREMIUM]","[PREMIUM]","[PREMIUM]","[PREMIUM]","[PREMIUM]","[PREMIUM]",false,false,"57d325c550575d33c85ae9b3","['6482110be4d88a0001121520']","[PREMIUM]","[PREMIUM]"
"69a6283d12f4af0e9a3e9c1f","2026-03-16 05:47:29.723","2026-03-29 13:53:56.104","69a6283d12f4af0e9a3e9c1f","Warrant","music","2026-06-12 19:30:00","2026-06-12 23:30:00","2026-06-12 23:30:00",false,false,false,"[PREMIUM]","[PREMIUM]","[PREMIUM]","[PREMIUM]","[PREMIUM]","[PREMIUM]",false,true,"668c6b2632eff89653f9ffae","['655e3f59077a4101798cb661']","[PREMIUM]","[PREMIUM]"
"69a627fc4eb14ca0b58afcc9","2026-03-16 05:47:29.723","2026-03-29 13:53:56.104","69a627fc4eb14ca0b58afcc9","Underscores","music","2026-06-11 19:00:00","2026-06-11 23:00:00","2026-06-11 23:00:00",false,false,false,"[PREMIUM]","[PREMIUM]","[PREMIUM]","[PREMIUM]","[PREMIUM]","[PREMIUM]",false,false,"57a264b1f80c41466ca5c93d","['6482110be4d88a0001121520']","[PREMIUM]","[PREMIUM]"
"69a60d58ce95e3e157c473ad","2026-03-16 05:47:29.723","2026-03-29 13:53:56.104","69a60d58ce95e3e157c473ad","The Kevin Langue Show Live","comedy","2026-06-12 19:30:00","2026-06-13 00:30:00","2026-06-13 00:30:00",false,false,false,"[PREMIUM]","[PREMIUM]","[PREMIUM]","[PREMIUM]","[PREMIUM]","[PREMIUM]",false,false,"60f2070f0d70d60001e77ca6","['69a86bd6f3562fbd9ca2b690']","[PREMIUM]","[PREMIUM]"
"69a60bc108a0102ac9b23123","2026-03-16 05:47:29.723","2026-03-29 13:54:07.146","69a60bc108a0102ac9b23123","Billy Talent","music","2026-06-12 20:00:00","2026-06-13 00:00:00","2026-06-13 01:30:00",false,false,false,"[PREMIUM]","[PREMIUM]","[PREMIUM]","[PREMIUM]","[PREMIUM]","[PREMIUM]",false,true,"64a70810d350650001c3d2b8","['61534ca326c0cc00017ce4d3']","[PREMIUM]","[PREMIUM]"
"69a5d4ba6f818dcd9141dfb6","2026-03-16 05:47:29.723","2026-03-29 13:53:56.104","69a5d4ba6f818dcd9141dfb6","Finesse Mitchell","comedy","2026-06-11 20:00:00","2026-06-12 00:00:00","2026-06-12 00:00:00",false,false,false,"[PREMIUM]","[PREMIUM]","[PREMIUM]","[PREMIUM]","[PREMIUM]","[PREMIUM]",false,false,"67e720047f0495454b58f34a","['658377f3ca77d641709baa9f']","[PREMIUM]","[PREMIUM]"
"69a3c100b30731ab40ceedb5","2026-03-16 05:47:29.723","2026-03-29 13:54:07.146","69a3c100b30731ab40ceedb5","Adam Carolla","comedy","2026-06-12 21:45:00","2026-06-13 02:45:00","2026-06-13 04:15:00",false,false,false,"[PREMIUM]","[PREMIUM]","[PREMIUM]","[PREMIUM]","[PREMIUM]","[PREMIUM]",false,true,"64f0f8f2e2b35d00016720b4","['5e320038192b2700368794a0']","[PREMIUM]","[PREMIUM]"
"69a3c10029e483e2b717112e","2026-03-16 05:47:29.723","2026-03-29 13:53:56.104","69a3c10029e483e2b717112e","Adam Carolla","comedy","2026-06-12 19:00:00","2026-06-13 00:00:00","2026-06-13 01:30:00",false,false,false,"[PREMIUM]","[PREMIUM]","[PREMIUM]","[PREMIUM]","[PREMIUM]","[PREMIUM]",false,true,"64f0f8f2e2b35d00016720b4","['5e320038192b2700368794a0']","[PREMIUM]","[PREMIUM]"
"69a2dbe33f2fa16073673341","2026-03-16 05:47:29.723","2026-03-29 13:53:56.104","69a2dbe33f2fa16073673341","Joyce Manor","music","2026-06-12 19:00:00","2026-06-12 23:00:00","2026-06-13 00:00:00",false,false,false,"[PREMIUM]","[PREMIUM]","[PREMIUM]","[PREMIUM]","[PREMIUM]","[PREMIUM]",false,false,"57c73ee4f80c411f0d148669","['59b1907725f2c510dbe972ec']","[PREMIUM]","[PREMIUM]"
"69a26e2b917fafc687b96910","2026-03-16 05:47:29.723","2026-03-29 13:53:56.104","69a26e2b917fafc687b96910","Jazz Funk Soul","music","2026-06-11 19:30:00","2026-06-11 23:30:00","2026-06-11 23:30:00",false,false,false,"[PREMIUM]","[PREMIUM]","[PREMIUM]","[PREMIUM]","[PREMIUM]","[PREMIUM]",false,true,"64138a808d444a0001030f52","['688a3cbdd62e8b5490f7b25d']","[PREMIUM]","[PREMIUM]"
"69a26da9f5ed06b6ebc91f25","2026-03-16 05:47:29.723","2026-03-29 13:54:07.146","69a26da9f5ed06b6ebc91f25","Edith Marquez","music","2026-06-12 20:00:00","2026-06-13 03:00:00","2026-06-13 03:00:00",false,false,false,"[PREMIUM]","[PREMIUM]","[PREMIUM]","[PREMIUM]","[PREMIUM]","[PREMIUM]",false,true,"6813b8ea2acaae5340384938","['676f05a4c945c103f1297a44']","[PREMIUM]","[PREMIUM]"
"69a233778ced943f160ead5f","2026-03-16 05:47:29.723","2026-03-29 13:53:56.104","69a233778ced943f160ead5f","Bingo Loco (21+ Event)","music","2026-06-12 19:00:00","2026-06-13 00:00:00","2026-06-13 00:00:00",false,false,false,"[PREMIUM]","[PREMIUM]","[PREMIUM]","[PREMIUM]","[PREMIUM]","[PREMIUM]",false,true,"57d97ec950575d33c877746d","['6668d4cb075eb00266a9c7ca']","[PREMIUM]","[PREMIUM]"
"69a105abd42d76bd0f69e9f1","2026-03-16 05:47:29.723","2026-03-29 13:53:56.104","69a105abd42d76bd0f69e9f1","Lupe Fiasco","music","2026-06-12 19:00:00","2026-06-13 00:00:00","2026-06-13 01:00:00",false,false,false,"[PREMIUM]","[PREMIUM]","[PREMIUM]","[PREMIUM]","[PREMIUM]","[PREMIUM]",false,false,"63e6a9eb377b0500017bd8cc","['57fd3d8ff80c416be456eb49']","[PREMIUM]","[PREMIUM]"
"69a1037f8eb2bf440d3b75cc","2026-03-16 05:47:29.723","2026-03-29 13:54:07.146","69a1037f8eb2bf440d3b75cc","Alejandro Escovedo","music","2026-06-12 20:00:00","2026-06-13 01:00:00","2026-06-13 01:00:00",false,false,false,"[PREMIUM]","[PREMIUM]","[PREMIUM]","[PREMIUM]","[PREMIUM]","[PREMIUM]",false,false,"67b66b74d824cfc11fc3ba81","['667088a8020ef2f9bc55e7ec']","[PREMIUM]","[PREMIUM]"
"699fcc613544277790e4ec5e","2026-03-16 05:47:29.723","2026-03-29 13:53:56.104","699fcc613544277790e4ec5e","Josh Turner","music","2026-06-11 19:30:00","2026-06-12 00:30:00","2026-06-12 02:00:00",false,false,false,"[PREMIUM]","[PREMIUM]","[PREMIUM]","[PREMIUM]","[PREMIUM]","[PREMIUM]",false,false,"6819073038cc81bd87d3538a","['5d7a75f68898eb0036c7fa62']","[PREMIUM]","[PREMIUM]"
"699e9ac96d74be3a1a169e76","2026-03-16 05:47:29.723","2026-03-29 13:53:56.104","699e9ac96d74be3a1a169e76","Aaron Watson","music","2026-06-11 20:00:00","2026-06-12 03:00:00","2026-06-12 04:00:00",false,false,false,"[PREMIUM]","[PREMIUM]","[PREMIUM]","[PREMIUM]","[PREMIUM]","[PREMIUM]",false,false,"61afe302fac7180001001d8f","['59f9010e25f2c5708a5870d5']","[PREMIUM]","[PREMIUM]"
"699e784dfda7968790b0a20a","2026-03-16 05:47:29.723","2026-03-29 13:53:56.104","699e784dfda7968790b0a20a","Mihali (21+ Event)","music","2026-06-11 20:30:00","2026-06-12 03:30:00","2026-06-12 03:30:00",false,false,false,"[PREMIUM]","[PREMIUM]","[PREMIUM]","[PREMIUM]","[PREMIUM]","[PREMIUM]",false,true,"6155e2b462cd3c00019ef67c","['65c54848e8f96197e8ac8b83']","[PREMIUM]","[PREMIUM]"
"699e621287e76d041649fdfb","2026-03-16 05:47:29.723","2026-03-29 13:53:56.104","699e621287e76d041649fdfb","Corinne Bailey Rae","music","2026-06-12 19:00:00","2026-06-12 23:00:00","2026-06-13 00:30:00",false,false,false,"[PREMIUM]","[PREMIUM]","[PREMIUM]","[PREMIUM]","[PREMIUM]","[PREMIUM]",false,false,"578577a7f80c41623d38b3e4","['622b993190373b00018ffa17']","[PREMIUM]","[PREMIUM]"
"699e61d2706fb4505621fc88","2026-03-16 05:47:29.723","2026-03-29 13:54:07.146","699e61d2706fb4505621fc88","Gryffin (18+ Event)","music","2026-06-12 20:00:00","2026-06-13 03:00:00","2026-06-13 04:00:00",false,false,false,"[PREMIUM]","[PREMIUM]","[PREMIUM]","[PREMIUM]","[PREMIUM]","[PREMIUM]",false,false,"6466a41f9bf60100015f8d16","['5982692b25f2c51a1ac02f2f']","[PREMIUM]","[PREMIUM]"
"699e5f0dff6e4049829d41aa","2026-03-16 05:47:29.723","2026-03-29 13:53:56.104","699e5f0dff6e4049829d41aa","Psychedelic Furs","music","2026-06-10 20:00:00","2026-06-11 03:00:00","2026-06-11 04:30:00",false,false,false,"[PREMIUM]","[PREMIUM]","[PREMIUM]","[PREMIUM]","[PREMIUM]","[PREMIUM]",false,true,"67f6dc16f1bd67bf6242e35d","['5ca6850e651ee20016b8feb7']","[PREMIUM]","[PREMIUM]"
"699e5ee05cec0370db51c4e1","2026-03-16 05:47:29.723","2026-03-29 13:53:56.104","699e5ee05cec0370db51c4e1","Between the Buried and Me","music","2026-06-11 19:30:00","2026-06-12 00:30:00","2026-06-12 02:00:00",false,false,false,"[PREMIUM]","[PREMIUM]","[PREMIUM]","[PREMIUM]","[PREMIUM]","[PREMIUM]",false,true,"6442fd78a025cc000135b437","['5b0ecfb29c85b10014fda65b']","[PREMIUM]","[PREMIUM]"
"699e5ea0706fb4505621fbcc","2026-03-16 05:47:29.723","2026-03-29 13:54:07.146","699e5ea0706fb4505621fbcc","Justin Moore (21+)","music","2026-06-12 20:00:00","2026-06-13 00:00:00","2026-06-13 01:00:00",false,false,false,"[PREMIUM]","[PREMIUM]","[PREMIUM]","[PREMIUM]","[PREMIUM]","[PREMIUM]",false,true,"662028dd9c9819280e8278ce","['59a88b0525f2c51f66b12f48']","[PREMIUM]","[PREMIUM]"
"699e5ea036fa2ef4c551ec49","2026-03-16 05:47:29.723","2026-03-29 13:53:56.104","699e5ea036fa2ef4c551ec49","Justin Moore","music","2026-06-11 20:00:00","2026-06-12 00:00:00","2026-06-12 01:00:00",false,false,false,"[PREMIUM]","[PREMIUM]","[PREMIUM]","[PREMIUM]","[PREMIUM]","[PREMIUM]",false,true,"662028dd9c9819280e8278ce","['59a88b0525f2c51f66b12f48']","[PREMIUM]","[PREMIUM]"
"699e5e7220560580a7e96f1f","2026-03-16 05:47:29.723","2026-03-29 13:53:56.104","699e5e7220560580a7e96f1f","Blackberry Smoke","music","2026-06-11 20:00:00","2026-06-12 03:00:00","2026-06-12 04:00:00",false,false,false,"[PREMIUM]","[PREMIUM]","[PREMIUM]","[PREMIUM]","[PREMIUM]","[PREMIUM]",false,true,"57eaf85ecde6626ebe3ce2ef","['59763dd225f2c542d0d0de60']","[PREMIUM]","[PREMIUM]"
"699e5dddadf65bfad2404417","2026-03-16 05:47:29.723","2026-03-29 13:53:56.104","699e5dddadf65bfad2404417","Corinne Bailey Rae","music","2026-06-10 20:00:00","2026-06-11 01:00:00","2026-06-11 02:30:00",false,false,false,"[PREMIUM]","[PREMIUM]","[PREMIUM]","[PREMIUM]","[PREMIUM]","[PREMIUM]",false,true,"684743f9b753e646a4483e4b","['622b993190373b00018ffa17']","[PREMIUM]","[PREMIUM]"
"699e5d96fac35a30dc7e7d8d","2026-03-16 05:47:29.723","2026-03-29 13:53:56.104","699e5d96fac35a30dc7e7d8d","Steve O","comedy","2026-06-12 19:00:00","2026-06-13 00:00:00","2026-06-13 01:30:00",false,false,false,"[PREMIUM]","[PREMIUM]","[PREMIUM]","[PREMIUM]","[PREMIUM]","[PREMIUM]",false,false,"58c0990acde6626ebe285bfb","['6101cd9e33cc9e00012f7dc9']","[PREMIUM]","[PREMIUM]"
"699e5d966d74be3a1a168ec8","2026-03-16 05:47:29.723","2026-03-29 13:54:07.146","699e5d966d74be3a1a168ec8","Steve O","comedy","2026-06-12 21:45:00","2026-06-13 02:45:00","2026-06-13 04:15:00",false,false,false,"[PREMIUM]","[PREMIUM]","[PREMIUM]","[PREMIUM]","[PREMIUM]","[PREMIUM]",false,false,"58c0990acde6626ebe285bfb","['6101cd9e33cc9e00012f7dc9']","[PREMIUM]","[PREMIUM]"
"699e5d9603d497d14321eb23","2026-03-16 05:47:29.723","2026-03-29 13:53:56.104","699e5d9603d497d14321eb23","Steve O","comedy","2026-06-11 19:00:00","2026-06-12 00:00:00","2026-06-12 01:30:00",false,false,false,"[PREMIUM]","[PREMIUM]","[PREMIUM]","[PREMIUM]","[PREMIUM]","[PREMIUM]",false,false,"58c0990acde6626ebe285bfb","['6101cd9e33cc9e00012f7dc9']","[PREMIUM]","[PREMIUM]"
"699e5d8137c6c761b4f6141b","2026-03-16 05:47:29.723","2026-03-29 13:53:56.104","699e5d8137c6c761b4f6141b","Between the Buried and Me","music","2026-06-12 19:30:00","2026-06-13 00:30:00","2026-06-13 02:00:00",false,false,false,"[PREMIUM]","[PREMIUM]","[PREMIUM]","[PREMIUM]","[PREMIUM]","[PREMIUM]",false,true,"5a29b3bae93a79000ece981c","['5b0ecfb29c85b10014fda65b']","[PREMIUM]","[PREMIUM]"
"699e5cac6d74be3a1a168e47","2026-03-16 05:47:29.723","2026-03-29 13:53:56.104","699e5cac6d74be3a1a168e47","KBong","music","2026-06-11 19:00:00","2026-06-11 23:00:00","2026-06-11 23:00:00",false,false,false,"[PREMIUM]","[PREMIUM]","[PREMIUM]","[PREMIUM]","[PREMIUM]","[PREMIUM]",false,false,"598ced1c9da0d48c0db740a9","['666b0d3a745bdd0d1016e684']","[PREMIUM]","[PREMIUM]"
"699e075aadf65bfad240223d","2026-03-16 05:47:29.723","2026-03-29 13:53:56.104","699e075aadf65bfad240223d","Tacos and Tequila Festival - Friday","other","2026-06-12 18:30:00","2026-06-12 23:30:00","2026-06-12 23:30:00",false,false,false,"[PREMIUM]","[PREMIUM]","[PREMIUM]","[PREMIUM]","[PREMIUM]","[PREMIUM]",false,false,"67e3123f3d2a5ae4a818e0d2","['68a4b6caf0ab917861238fc0']","[PREMIUM]","[PREMIUM]"
"699dcdb936fa2ef4c551af0a","2026-03-16 05:47:29.723","2026-03-29 13:54:07.146","699dcdb936fa2ef4c551af0a","Darius Rucker","music","2026-06-12 20:00:00","2026-06-13 00:00:00","2026-06-13 01:30:00",false,false,false,"[PREMIUM]","[PREMIUM]","[PREMIUM]","[PREMIUM]","[PREMIUM]","[PREMIUM]",false,false,"616877a2f9a1b30001401f24","['60edfb3b18dbd10001deaa99']","[PREMIUM]","[PREMIUM]"
"699dcd7bd80dbab341fa9585","2026-03-16 05:47:29.723","2026-03-29 13:53:56.104","699dcd7bd80dbab341fa9585","Darius Rucker","music","2026-06-11 19:00:00","2026-06-11 23:00:00","2026-06-12 00:30:00",false,false,false,"[PREMIUM]","[PREMIUM]","[PREMIUM]","[PREMIUM]","[PREMIUM]","[PREMIUM]",false,false,"6372c334b1060a00018deca5","['60edfb3b18dbd10001deaa99']","[PREMIUM]","[PREMIUM]"
"699d96c45802fd6122e18202","2026-03-16 05:47:29.723","2026-03-29 13:53:56.104","699d96c45802fd6122e18202","Menopause the Musical (14+ Event)","theater","2026-06-11 16:00:00","2026-06-11 23:00:00","2026-06-11 23:00:00",false,false,false,"[PREMIUM]","[PREMIUM]","[PREMIUM]","[PREMIUM]","[PREMIUM]","[PREMIUM]",false,true,"65f200855af108e82a8c4c7a","['65fdd5da0d1693a2ca558692']","[PREMIUM]","[PREMIUM]"
"699d2a1e18e82d9e339af158","2026-03-16 05:47:29.723","2026-03-29 13:53:56.104","699d2a1e18e82d9e339af158","Christopher Cross","music","2026-06-11 20:00:00","2026-06-12 03:00:00","2026-06-12 04:00:00",false,false,false,"[PREMIUM]","[PREMIUM]","[PREMIUM]","[PREMIUM]","[PREMIUM]","[PREMIUM]",false,true,"66b285b827e66af1cae085a3","['5a31b34725f2c5218aced5f8']","[PREMIUM]","[PREMIUM]"
"699d2a09704cc105feed7643","2026-03-16 05:47:29.723","2026-03-29 13:54:07.146","699d2a09704cc105feed7643","Jo Dee Messina","music","2026-06-12 20:00:00","2026-06-13 00:00:00","2026-06-13 00:00:00",false,false,false,"[PREMIUM]","[PREMIUM]","[PREMIUM]","[PREMIUM]","[PREMIUM]","[PREMIUM]",false,true,"67e3123bfb7a857ce6940764","['654aeb5853af06b800b352db']","[PREMIUM]","[PREMIUM]"
"699d282b8dde1feeb12bf8c4","2026-03-16 05:47:29.723","2026-03-29 13:53:56.104","699d282b8dde1feeb12bf8c4","Brothers Osborne","music","2026-06-12 19:00:00","2026-06-12 23:00:00","2026-06-13 00:00:00",false,false,false,"[PREMIUM]","[PREMIUM]","[PREMIUM]","[PREMIUM]","[PREMIUM]","[PREMIUM]",false,true,"68027bc1dc59a1512c18ebee","['57d07a37f80c411b2a9961d7']","[PREMIUM]","[PREMIUM]"
"699d282b06ea506961877984","2026-03-16 05:47:29.723","2026-03-29 13:53:56.104","699d282b06ea506961877984","Brothers Osborne","music","2026-06-11 19:00:00","2026-06-11 23:00:00","2026-06-12 00:00:00",false,false,false,"[PREMIUM]","[PREMIUM]","[PREMIUM]","[PREMIUM]","[PREMIUM]","[PREMIUM]",false,true,"689a5abbd419f0b3d557e457","['57d07a37f80c411b2a9961d7']","[PREMIUM]","[PREMIUM]"
"699d27d806ea506961877947","2026-03-16 05:47:29.723","2026-03-29 13:53:56.104","699d27d806ea506961877947","Alison Krauss","music","2026-06-12 19:30:00","2026-06-13 00:30:00","2026-06-13 01:30:00",false,false,false,"[PREMIUM]","[PREMIUM]","[PREMIUM]","[PREMIUM]","[PREMIUM]","[PREMIUM]",false,true,"664fbb77e4a123d933841dcd","['594c234825f2c5142f3a5928']","[PREMIUM]","[PREMIUM]"
"699d26db962831c8ddc605b5","2026-03-16 05:47:29.723","2026-03-29 13:54:07.146","699d26db962831c8ddc605b5","Christopher Cross","music","2026-06-12 20:00:00","2026-06-13 03:00:00","2026-06-13 04:00:00",false,false,false,"[PREMIUM]","[PREMIUM]","[PREMIUM]","[PREMIUM]","[PREMIUM]","[PREMIUM]",false,true,"670837c43e4475de511e1aeb","['5a31b34725f2c5218aced5f8']","[PREMIUM]","[PREMIUM]"
"699d258420560580a7e8fba8","2026-03-16 05:47:29.723","2026-03-29 13:53:56.104","699d258420560580a7e8fba8","Death Angel","music","2026-06-11 19:00:00","2026-06-12 01:00:00","2026-06-12 02:30:00",false,false,false,"[PREMIUM]","[PREMIUM]","[PREMIUM]","[PREMIUM]","[PREMIUM]","[PREMIUM]",false,false,"57e2fe1450575d33c8a4f72e","['5db1d33869434a00385937bb']","[PREMIUM]","[PREMIUM]"
"699cd94a706fb4505621647c","2026-03-16 05:47:29.723","2026-03-29 13:53:56.104","699cd94a706fb4505621647c","Hawthorne Heights","music","2026-06-11 19:00:00","2026-06-11 23:00:00","2026-06-12 00:30:00",false,false,false,"[PREMIUM]","[PREMIUM]","[PREMIUM]","[PREMIUM]","[PREMIUM]","[PREMIUM]",false,true,"67e3124b756981b00d96cefa","['5a84c46b911d9c00133ea2cc']","[PREMIUM]","[PREMIUM]"
"699cd660fb071635321ed530","2026-03-16 05:47:29.723","2026-03-29 13:53:56.104","699cd660fb071635321ed530","Jon Bellion","music","2026-06-11 19:00:00","2026-06-12 01:00:00","2026-06-12 02:00:00",false,false,false,"[PREMIUM]","[PREMIUM]","[PREMIUM]","[PREMIUM]","[PREMIUM]","[PREMIUM]",false,false,"56038372f80c41109a000001","['57d2639bf80c410f51d89394']","[PREMIUM]","[PREMIUM]"
"699cd438adf65bfad23fabc9","2026-03-16 05:47:29.723","2026-03-29 13:53:56.104","699cd438adf65bfad23fabc9","Max Richter","music","2026-06-12 00:00:00","2026-06-12 04:00:00","2026-06-12 04:00:00",false,true,false,"[PREMIUM]","[PREMIUM]","[PREMIUM]","[PREMIUM]","[PREMIUM]","[PREMIUM]",false,false,"63b7663f14dd89000165819c","['665a5976fe3164e43f2abe06']","[PREMIUM]","[PREMIUM]"
"699a6e0a9830442aca085411","2026-03-16 05:47:29.723","2026-03-29 13:54:07.146","699a6e0a9830442aca085411","Asif Ali","comedy","2026-06-12 21:30:00","2026-06-13 04:30:00","2026-06-13 06:00:00",false,false,false,"[PREMIUM]","[PREMIUM]","[PREMIUM]","[PREMIUM]","[PREMIUM]","[PREMIUM]",false,true,"68a6367e8027dc32ccabf811","['6362e716805f300001e62697']","[PREMIUM]","[PREMIUM]"
"699a6e0a8dde1feeb12af442","2026-03-16 05:47:29.723","2026-03-29 13:53:56.104","699a6e0a8dde1feeb12af442","Asif Ali","comedy","2026-06-12 19:00:00","2026-06-13 02:00:00","2026-06-13 03:30:00",false,false,false,"[PREMIUM]","[PREMIUM]","[PREMIUM]","[PREMIUM]","[PREMIUM]","[PREMIUM]",false,true,"68a6367e8027dc32ccabf811","['6362e716805f300001e62697']","[PREMIUM]","[PREMIUM]"
"699a4ed8447322054f22f0ee","2026-03-16 05:47:29.723","2026-03-29 13:54:07.146","699a4ed8447322054f22f0ee","Braxton Keith","music","2026-06-12 20:00:00","2026-06-13 01:00:00","2026-06-13 01:00:00",false,false,false,"[PREMIUM]","[PREMIUM]","[PREMIUM]","[PREMIUM]","[PREMIUM]","[PREMIUM]",false,false,"5a7110b587425e000fa26b8c","['674f4595f5c19aa4adb0761e']","[PREMIUM]","[PREMIUM]"
"699a37a920560580a7e7e5e1","2026-03-16 05:47:29.723","2026-03-29 13:53:56.104","699a37a920560580a7e7e5e1","Mumford and Sons","music","2026-06-11 18:30:00","2026-06-11 23:30:00","2026-06-12 00:30:00",false,false,false,"[PREMIUM]","[PREMIUM]","[PREMIUM]","[PREMIUM]","[PREMIUM]","[PREMIUM]",false,false,"533d97153bf3766542000002","['577c2b2af80c416114359003']","[PREMIUM]","[PREMIUM]"
"699a33f7fb071635321ddf45","2026-03-16 05:47:29.723","2026-03-29 13:53:56.104","699a33f7fb071635321ddf45","Asgeir","music","2026-06-12 19:30:00","2026-06-13 02:30:00","2026-06-13 04:00:00",false,false,false,"[PREMIUM]","[PREMIUM]","[PREMIUM]","[PREMIUM]","[PREMIUM]","[PREMIUM]",false,true,"5a4433682ad795001160081e","['5dc1d0fa9c2305003686faaf']","[PREMIUM]","[PREMIUM]"
"6998aaff20560580a7e708fc","2026-03-16 05:47:29.723","2026-03-29 13:54:07.146","6998aaff20560580a7e708fc","Helen Hong","comedy","2026-06-12 21:45:00","2026-06-13 04:45:00","2026-06-13 06:15:00",false,false,false,"[PREMIUM]","[PREMIUM]","[PREMIUM]","[PREMIUM]","[PREMIUM]","[PREMIUM]",false,true,"61c0f5fcb7c4e70001633070","['6216b330a7fdb900010b92b7']","[PREMIUM]","[PREMIUM]"
"69988c9fc7bfb326a2b711a7","2026-03-16 05:47:29.723","2026-03-29 13:53:56.104","69988c9fc7bfb326a2b711a7","Helen Hong","comedy","2026-06-10 20:00:00","2026-06-11 03:00:00","2026-06-11 04:30:00",false,false,false,"[PREMIUM]","[PREMIUM]","[PREMIUM]","[PREMIUM]","[PREMIUM]","[PREMIUM]",false,true,"61c0f5fcb7c4e70001633070","['6216b330a7fdb900010b92b7']","[PREMIUM]","[PREMIUM]"
"69988c9f36fa2ef4c54f6c4c","2026-03-16 05:47:29.723","2026-03-29 13:53:56.104","69988c9f36fa2ef4c54f6c4c","Helen Hong","comedy","2026-06-12 19:30:00","2026-06-13 02:30:00","2026-06-13 04:00:00",false,false,false,"[PREMIUM]","[PREMIUM]","[PREMIUM]","[PREMIUM]","[PREMIUM]","[PREMIUM]",false,true,"61c0f5fcb7c4e70001633070","['6216b330a7fdb900010b92b7']","[PREMIUM]","[PREMIUM]"
"69988c9f0fe93b6b2fd78ac0","2026-03-16 05:47:29.723","2026-03-29 13:53:56.104","69988c9f0fe93b6b2fd78ac0","Helen Hong","comedy","2026-06-11 20:00:00","2026-06-12 03:00:00","2026-06-12 04:30:00",false,false,false,"[PREMIUM]","[PREMIUM]","[PREMIUM]","[PREMIUM]","[PREMIUM]","[PREMIUM]",false,true,"61c0f5fcb7c4e70001633070","['6216b330a7fdb900010b92b7']","[PREMIUM]","[PREMIUM]"
"699889bd01b97723066120af","2026-03-16 05:47:29.723","2026-03-29 13:54:07.146","699889bd01b97723066120af","Kev Herrera","comedy","2026-06-12 21:15:00","2026-06-13 02:15:00","2026-06-13 02:15:00",false,false,false,"[PREMIUM]","[PREMIUM]","[PREMIUM]","[PREMIUM]","[PREMIUM]","[PREMIUM]",false,true,"669ed0ec152462944a58f807","['64eb75d9a5ac3e0001ebd2ce']","[PREMIUM]","[PREMIUM]"
"6997e5994410cb180a574284","2026-03-16 05:47:29.723","2026-03-29 13:53:56.104","6997e5994410cb180a574284","George Wallace","comedy","2026-06-11 19:00:00","2026-06-12 00:00:00","2026-06-12 01:30:00",false,false,false,"[PREMIUM]","[PREMIUM]","[PREMIUM]","[PREMIUM]","[PREMIUM]","[PREMIUM]",false,true,"64418ed31da1df00012fd55d","['63584719d058c80001fdb2b3']","[PREMIUM]","[PREMIUM]"
"6997e59901b977230660dff2","2026-03-16 05:47:29.723","2026-03-29 13:53:56.104","6997e59901b977230660dff2","George Wallace","comedy","2026-06-12 19:00:00","2026-06-13 00:00:00","2026-06-13 01:30:00",false,false,false,"[PREMIUM]","[PREMIUM]","[PREMIUM]","[PREMIUM]","[PREMIUM]","[PREMIUM]",false,true,"64418ed31da1df00012fd55d","['63584719d058c80001fdb2b3']","[PREMIUM]","[PREMIUM]"
"6997921f55ed566acc7881cd","2026-03-16 05:47:29.723","2026-03-29 13:53:56.104","6997921f55ed566acc7881cd","Kev Herrera","comedy","2026-06-12 19:00:00","2026-06-13 00:00:00","2026-06-13 00:00:00",false,false,false,"[PREMIUM]","[PREMIUM]","[PREMIUM]","[PREMIUM]","[PREMIUM]","[PREMIUM]",false,true,"669ed0ec152462944a58f807","['64eb75d9a5ac3e0001ebd2ce']","[PREMIUM]","[PREMIUM]"
"6996fe9fbe2cf85ba9b9e7aa","2026-03-16 05:47:29.723","2026-03-29 13:54:07.146","6996fe9fbe2cf85ba9b9e7aa","Fortunate Youth (18+ Event)","music","2026-06-12 20:00:00","2026-06-13 00:00:00","2026-06-13 01:00:00",false,false,false,"[PREMIUM]","[PREMIUM]","[PREMIUM]","[PREMIUM]","[PREMIUM]","[PREMIUM]",false,true,"6737d4e5904537a58a562a72","['5893890ef80c41071cc6440c']","[PREMIUM]","[PREMIUM]"
"6996728c8218a08ba6a34a68","2026-03-16 05:47:29.723","2026-03-29 13:53:56.104","6996728c8218a08ba6a34a68","Ron Funches","comedy","2026-06-12 19:30:00","2026-06-13 02:30:00","2026-06-13 04:00:00",false,false,false,"[PREMIUM]","[PREMIUM]","[PREMIUM]","[PREMIUM]","[PREMIUM]","[PREMIUM]",false,false,"612fe6167ac1e20001aab906","['62680619a753330001eec3c6']","[PREMIUM]","[PREMIUM]"
"6996728c5802fd6122de8919","2026-03-16 05:47:29.723","2026-03-29 13:54:07.146","6996728c5802fd6122de8919","Ron Funches","comedy","2026-06-12 21:45:00","2026-06-13 04:45:00","2026-06-13 06:15:00",false,false,false,"[PREMIUM]","[PREMIUM]","[PREMIUM]","[PREMIUM]","[PREMIUM]","[PREMIUM]",false,false,"612fe6167ac1e20001aab906","['62680619a753330001eec3c6']","[PREMIUM]","[PREMIUM]"
"699671ec5802fd6122de88db","2026-03-16 05:47:29.723","2026-03-29 13:53:56.104","699671ec5802fd6122de88db","Girli","music","2026-06-12 19:00:00","2026-06-12 23:00:00","2026-06-12 23:00:00",false,false,false,"[PREMIUM]","[PREMIUM]","[PREMIUM]","[PREMIUM]","[PREMIUM]","[PREMIUM]",false,false,"5a204c084b5f6500139949f3","['66f72b12edca19fbd4f36034']","[PREMIUM]","[PREMIUM]"
"699671eafb071635321c25f7","2026-03-16 05:47:29.723","2026-03-29 13:53:56.104","699671eafb071635321c25f7","The Wood Brothers","music","2026-06-12 19:00:00","2026-06-12 23:00:00","2026-06-13 00:00:00",false,false,false,"[PREMIUM]","[PREMIUM]","[PREMIUM]","[PREMIUM]","[PREMIUM]","[PREMIUM]",true,false,"66b2832e951c37209c99e6fb","['59e502d225f2c57be8eecf9e']","[PREMIUM]","[PREMIUM]"
"699671c7c820573b746b80ff","2026-03-16 05:47:29.723","2026-03-29 13:53:56.104","699671c7c820573b746b80ff","Beth Stelling","comedy","2026-06-12 19:00:00","2026-06-13 02:00:00","2026-06-13 03:30:00",false,false,false,"[PREMIUM]","[PREMIUM]","[PREMIUM]","[PREMIUM]","[PREMIUM]","[PREMIUM]",false,false,"61c10523f6e0f10001a5c489","['62851dfab033ef0001aa35aa']","[PREMIUM]","[PREMIUM]"
"699671c7c0faa1086e87ff45","2026-03-16 05:47:29.723","2026-03-29 13:53:56.104","699671c7c0faa1086e87ff45","Beth Stelling","comedy","2026-06-11 19:30:00","2026-06-12 02:30:00","2026-06-12 04:00:00",false,false,false,"[PREMIUM]","[PREMIUM]","[PREMIUM]","[PREMIUM]","[PREMIUM]","[PREMIUM]",false,false,"61c10523f6e0f10001a5c489","['62851dfab033ef0001aa35aa']","[PREMIUM]","[PREMIUM]"
"699671c77dd684d8e34a415a","2026-03-16 05:47:29.723","2026-03-29 13:54:07.146","699671c77dd684d8e34a415a","Beth Stelling","comedy","2026-06-12 21:15:00","2026-06-13 04:15:00","2026-06-13 05:45:00",false,false,false,"[PREMIUM]","[PREMIUM]","[PREMIUM]","[PREMIUM]","[PREMIUM]","[PREMIUM]",false,false,"61c10523f6e0f10001a5c489","['62851dfab033ef0001aa35aa']","[PREMIUM]","[PREMIUM]"
"6995ec422794a218c19f90d2","2026-03-16 05:47:29.723","2026-03-29 13:53:56.104","6995ec422794a218c19f90d2","Steve Earle","music","2026-06-11 20:00:00","2026-06-12 00:00:00","2026-06-12 01:00:00",false,false,false,"[PREMIUM]","[PREMIUM]","[PREMIUM]","[PREMIUM]","[PREMIUM]","[PREMIUM]",false,true,"66feeb000bbd42e45172ec88","['5a13715e25f2c55e95e137d6']","[PREMIUM]","[PREMIUM]"
"6995ebfe0aa7af9fadb833e4","2026-03-16 05:47:29.723","2026-03-29 13:53:56.104","6995ebfe0aa7af9fadb833e4","Trousdale","music","2026-06-10 20:00:00","2026-06-11 00:00:00","2026-06-11 01:30:00",false,false,false,"[PREMIUM]","[PREMIUM]","[PREMIUM]","[PREMIUM]","[PREMIUM]","[PREMIUM]",false,true,"57e1769b50575d33c89bacdc","['637c216e809f5a0001bd60e8']","[PREMIUM]","[PREMIUM]"
"6995e76b3beb9acbba05631b","2026-03-16 05:47:29.723","2026-03-29 13:54:07.146","6995e76b3beb9acbba05631b","Hudson Freeman","music","2026-06-12 20:00:00","2026-06-13 00:00:00","2026-06-13 00:00:00",false,false,false,"[PREMIUM]","[PREMIUM]","[PREMIUM]","[PREMIUM]","[PREMIUM]","[PREMIUM]",false,true,"5e4eab1437de3a003d6a9890","['6920c197c0c7f1288526aa30']","[PREMIUM]","[PREMIUM]"
"6995e766653f0f17e5472058","2026-03-16 05:47:29.723","2026-03-29 13:53:56.104","6995e766653f0f17e5472058","The Wood Brothers","music","2026-06-11 20:00:00","2026-06-12 00:00:00","2026-06-12 01:00:00",false,false,false,"[PREMIUM]","[PREMIUM]","[PREMIUM]","[PREMIUM]","[PREMIUM]","[PREMIUM]",false,true,"66b282ad951c37209c99e6fa","['59e502d225f2c57be8eecf9e']","[PREMIUM]","[PREMIUM]"
"6995e5e2d04dbbe831f9012c","2026-03-16 05:47:29.723","2026-03-29 13:53:56.104","6995e5e2d04dbbe831f9012c","Hudson Freeman","music","2026-06-10 20:00:00","2026-06-11 00:00:00","2026-06-11 00:00:00",false,false,false,"[PREMIUM]","[PREMIUM]","[PREMIUM]","[PREMIUM]","[PREMIUM]","[PREMIUM]",false,true,"5a9594612f2bf70013c558f9","['6920c197c0c7f1288526aa30']","[PREMIUM]","[PREMIUM]"
"699521d6d13bb908135052d2","2026-03-16 05:47:29.723","2026-03-29 13:53:56.104","699521d6d13bb908135052d2","Enter Shikari","music","2026-06-12 18:00:00","2026-06-12 22:00:00","2026-06-12 23:00:00",false,false,false,"[PREMIUM]","[PREMIUM]","[PREMIUM]","[PREMIUM]","[PREMIUM]","[PREMIUM]",false,false,"56a01511f80c414f35000001","['59d807b925f2c514bb1d2234']","[PREMIUM]","[PREMIUM]"
"699520e8d13bb908135052b1","2026-03-16 05:47:29.723","2026-03-29 13:53:56.104","699520e8d13bb908135052b1","The Wood Brothers","music","2026-06-12 19:00:00","2026-06-12 23:00:00","2026-06-13 00:00:00",false,false,false,"[PREMIUM]","[PREMIUM]","[PREMIUM]","[PREMIUM]","[PREMIUM]","[PREMIUM]",false,true,"66b2832e951c37209c99e6fb","['59e502d225f2c57be8eecf9e']","[PREMIUM]","[PREMIUM]"
"69950d579cea1808253949fa","2026-03-16 05:47:29.723","2026-03-29 13:53:56.104","69950d579cea1808253949fa","Augustana and Phantom Planet","music","2026-06-11 20:00:00","2026-06-12 01:00:00","2026-06-12 02:30:00",false,false,false,"[PREMIUM]","[PREMIUM]","[PREMIUM]","[PREMIUM]","[PREMIUM]","[PREMIUM]",false,false,"57d9795c50575d33c87759ec","['5d56d00db163af0037df044a']","[PREMIUM]","[PREMIUM]"
"69950d162c7a68ce480ef647","2026-03-16 05:47:29.723","2026-03-29 13:53:56.104","69950d162c7a68ce480ef647","Billy Currington and Kip Moore","music","2026-06-12 19:00:00","2026-06-13 00:00:00","2026-06-13 01:00:00",false,false,false,"[PREMIUM]","[PREMIUM]","[PREMIUM]","[PREMIUM]","[PREMIUM]","[PREMIUM]",false,false,"61522a57e24d4000018d5da7","['57a4dc23f80c41746dca231a']","[PREMIUM]","[PREMIUM]"
"69950cc9d04dbbe831f8b849","2026-03-16 05:47:29.723","2026-03-29 13:53:56.104","69950cc9d04dbbe831f8b849","Greensky Bluegrass","music","2026-06-12 19:00:00","2026-06-12 23:00:00","2026-06-13 00:00:00",false,false,false,"[PREMIUM]","[PREMIUM]","[PREMIUM]","[PREMIUM]","[PREMIUM]","[PREMIUM]",false,false,"57a264b1f80c41466ca5c93d","['57e1c2eff80c41330431f2f4']","[PREMIUM]","[PREMIUM]"
"69950c8da38a8fd81569221f","2026-03-16 05:47:29.723","2026-03-29 13:53:56.104","69950c8da38a8fd81569221f","Gary Clark Jr","music","2026-06-11 20:00:00","2026-06-12 00:00:00","2026-06-12 01:00:00",false,false,false,"[PREMIUM]","[PREMIUM]","[PREMIUM]","[PREMIUM]","[PREMIUM]","[PREMIUM]",false,true,"6760b4add54d9660ab0f4386","['5a7de49a25f2c571ede72fd9']","[PREMIUM]","[PREMIUM]"
"69950c8d628b97eb9475e780","2026-03-16 05:47:29.723","2026-03-29 13:54:07.146","69950c8d628b97eb9475e780","Gary Clark Jr","music","2026-06-12 20:00:00","2026-06-13 00:00:00","2026-06-13 01:00:00",false,false,false,"[PREMIUM]","[PREMIUM]","[PREMIUM]","[PREMIUM]","[PREMIUM]","[PREMIUM]",false,false,"5e28f1def986f7003a03cea4","['5a7de49a25f2c571ede72fd9']","[PREMIUM]","[PREMIUM]"
"69950be8bf0d897cc8133b3d","2026-03-16 05:47:29.723","2026-03-29 13:53:56.104","69950be8bf0d897cc8133b3d","Joe Russo's Almost Dead","music","2026-06-11 18:00:00","2026-06-11 22:00:00","2026-06-11 23:00:00",false,false,false,"[PREMIUM]","[PREMIUM]","[PREMIUM]","[PREMIUM]","[PREMIUM]","[PREMIUM]",false,true,"660ddc8433d42e10243c2843","['5806ba44f80c41746f75cbdf']","[PREMIUM]","[PREMIUM]"
"69950b83d13bb90813504bd7","2026-03-16 05:47:29.723","2026-03-29 13:53:56.104","69950b83d13bb90813504bd7","Augustana","music","2026-06-10 20:00:00","2026-06-11 01:00:00","2026-06-11 02:30:00",false,false,false,"[PREMIUM]","[PREMIUM]","[PREMIUM]","[PREMIUM]","[PREMIUM]","[PREMIUM]",false,false,"57eabf5acde6626ebe3a4ae9","['5d56d00db163af0037df044a']","[PREMIUM]","[PREMIUM]"
"69950b6994db123c16fb27b3","2026-03-16 05:47:29.723","2026-03-29 13:54:07.146","69950b6994db123c16fb27b3","The Toadies","music","2026-06-12 20:00:00","2026-06-13 03:00:00","2026-06-13 04:00:00",false,false,false,"[PREMIUM]","[PREMIUM]","[PREMIUM]","[PREMIUM]","[PREMIUM]","[PREMIUM]",false,false,"56396411f80c415dff000001","['594c234525f2c5142f3a5922']","[PREMIUM]","[PREMIUM]"
"69950b2f9cea180825394920","2026-03-16 05:47:29.723","2026-03-29 13:53:56.104","69950b2f9cea180825394920","Ryan Bingham","music","2026-06-10 20:00:00","2026-06-11 00:00:00","2026-06-11 01:00:00",false,false,false,"[PREMIUM]","[PREMIUM]","[PREMIUM]","[PREMIUM]","[PREMIUM]","[PREMIUM]",false,false,"57d2fbe050575d33c8593598","['57c760a6f80c41029b1c6a93']","[PREMIUM]","[PREMIUM]"
"69950af67ab1e1e45c80f2f0","2026-03-16 05:47:29.723","2026-03-29 13:53:56.104","69950af67ab1e1e45c80f2f0","The Toadies","music","2026-06-10 20:00:00","2026-06-11 03:00:00","2026-06-11 04:00:00",false,false,false,"[PREMIUM]","[PREMIUM]","[PREMIUM]","[PREMIUM]","[PREMIUM]","[PREMIUM]",false,false,"57c61b85f80c4132e419902f","['594c234525f2c5142f3a5922']","[PREMIUM]","[PREMIUM]"
"69950a566bf0ca81b5232f26","2026-03-16 05:47:29.723","2026-03-29 13:53:56.104","69950a566bf0ca81b5232f26","The Kid Laroi","music","2026-06-11 19:30:00","2026-06-12 02:30:00","2026-06-12 04:00:00",false,false,false,"[PREMIUM]","[PREMIUM]","[PREMIUM]","[PREMIUM]","[PREMIUM]","[PREMIUM]",false,false,"65383c65245493a2c22646a8","['613fafea8ea4d90001c74a8b']","[PREMIUM]","[PREMIUM]"
"699509dd653f0f17e546d690","2026-03-16 05:47:29.723","2026-03-29 13:53:56.104","699509dd653f0f17e546d690","Dance Gavin Dance","music","2026-06-12 18:30:00","2026-06-12 22:30:00","2026-06-12 23:30:00",false,false,false,"[PREMIUM]","[PREMIUM]","[PREMIUM]","[PREMIUM]","[PREMIUM]","[PREMIUM]",false,false,"67d0cc89c0de673eccd3ad5e","['57e1a41bf80c413be32ccf2c']","[PREMIUM]","[PREMIUM]"
"699509dd0aa7af9fadb7eaa1","2026-03-16 05:47:29.723","2026-03-29 13:53:56.104","699509dd0aa7af9fadb7eaa1","Young the Giant","music","2026-06-11 17:30:00","2026-06-11 21:30:00","2026-06-11 22:30:00",false,false,false,"[PREMIUM]","[PREMIUM]","[PREMIUM]","[PREMIUM]","[PREMIUM]","[PREMIUM]",false,false,"5e2a322b4514610039ceaceb","['57ad40cdf80c4116d2893fe5']","[PREMIUM]","[PREMIUM]"
"69950983d13bb90813504b67","2026-03-16 05:47:29.723","2026-03-29 13:53:56.104","69950983d13bb90813504b67","John Mulaney","comedy","2026-06-12 19:30:00","2026-06-13 00:30:00","2026-06-13 02:00:00",false,false,false,"[PREMIUM]","[PREMIUM]","[PREMIUM]","[PREMIUM]","[PREMIUM]","[PREMIUM]",false,false,"5798426cf80c417b17e7395f","['613153229d889200015adb0d']","[PREMIUM]","[PREMIUM]"
"69950918ee953753416d5d2d","2026-03-16 05:47:29.723","2026-03-29 13:53:56.104","69950918ee953753416d5d2d","Augustana and Phantom Planet","music","2026-06-12 19:00:00","2026-06-12 23:00:00","2026-06-13 00:30:00",false,false,false,"[PREMIUM]","[PREMIUM]","[PREMIUM]","[PREMIUM]","[PREMIUM]","[PREMIUM]",false,false,"57d1e15d50575d33c8542f33","['5d56d00db163af0037df044a']","[PREMIUM]","[PREMIUM]"
"69950743f0647cf817800bf5","2026-03-16 05:47:29.723","2026-03-29 13:53:56.104","69950743f0647cf817800bf5","Cowboy Junkies","music","2026-06-11 19:30:00","2026-06-11 23:30:00","2026-06-11 23:30:00",false,false,false,"[PREMIUM]","[PREMIUM]","[PREMIUM]","[PREMIUM]","[PREMIUM]","[PREMIUM]",false,false,"57c88330f80c41198732655e","['65c527dd09f96ae9d30d97e1']","[PREMIUM]","[PREMIUM]"
"69950741d04dbbe831f8b6c8","2026-03-16 05:47:29.723","2026-03-29 13:54:07.146","69950741d04dbbe831f8b6c8","Ryan Bingham","music","2026-06-12 20:00:00","2026-06-13 00:00:00","2026-06-13 01:00:00",false,false,false,"[PREMIUM]","[PREMIUM]","[PREMIUM]","[PREMIUM]","[PREMIUM]","[PREMIUM]",true,false,"57c88330f80c41198732655e","['57c760a6f80c41029b1c6a93']","[PREMIUM]","[PREMIUM]"
"699505ab2794a218c19f456d","2026-03-16 05:47:29.723","2026-03-29 13:53:56.104","699505ab2794a218c19f456d","Niko Moon","music","2026-06-12 19:00:00","2026-06-12 23:00:00","2026-06-13 00:30:00",false,false,false,"[PREMIUM]","[PREMIUM]","[PREMIUM]","[PREMIUM]","[PREMIUM]","[PREMIUM]",false,false,"682d0834244940d8acf800ca","['6154b6b75f29a2000151d063']","[PREMIUM]","[PREMIUM]"
"699491917ab1e1e45c80a7aa","2026-03-16 05:47:29.723","2026-03-29 13:53:56.104","699491917ab1e1e45c80a7aa","Rufus Du Sol","music","2026-06-12 19:30:00","2026-06-13 00:30:00","2026-06-13 01:30:00",false,false,false,"[PREMIUM]","[PREMIUM]","[PREMIUM]","[PREMIUM]","[PREMIUM]","[PREMIUM]",true,false,"533d97153bf3766542000002","['57fa7e96f80c411ade31c31f']","[PREMIUM]","[PREMIUM]"
"699397eed04dbbe831f7d8da","2026-03-16 05:47:29.723","2026-03-29 13:53:56.104","699397eed04dbbe831f7d8da","AJ Wilkerson","comedy","2026-06-11 19:00:00","2026-06-11 23:00:00","2026-06-11 23:00:00",false,false,false,"[PREMIUM]","[PREMIUM]","[PREMIUM]","[PREMIUM]","[PREMIUM]","[PREMIUM]",false,true,"676210bd6f35776e7958c72f","['666c5d3ab36f70f95092ac08']","[PREMIUM]","[PREMIUM]"
"6993972554a565ac679cefdc","2026-03-16 05:47:29.723","2026-03-29 13:54:07.146","6993972554a565ac679cefdc","Aaron Lewis and The Stateliners","music","2026-06-12 20:00:00","2026-06-13 01:00:00","2026-06-13 02:00:00",false,false,false,"[PREMIUM]","[PREMIUM]","[PREMIUM]","[PREMIUM]","[PREMIUM]","[PREMIUM]",false,true,"68a39cca7caab967706ca9d5","['57e16ddef80c4114ce71760a']","[PREMIUM]","[PREMIUM]"
"6993432d6bf0ca81b521c654","2026-03-16 05:47:29.723","2026-03-29 13:53:56.104","6993432d6bf0ca81b521c654","Heathers - The Musical","theater","2026-06-12 19:00:00","2026-06-12 23:00:00","2026-06-12 23:00:00",false,false,false,"[PREMIUM]","[PREMIUM]","[PREMIUM]","[PREMIUM]","[PREMIUM]","[PREMIUM]",false,false,"5a74ba8ebf2ea1000ff1a72e","['67ec653f9bad3060039b0712']","[PREMIUM]","[PREMIUM]"
"6993432d53ef5dfd1d61d7f1","2026-03-16 05:47:29.723","2026-03-29 13:53:56.104","6993432d53ef5dfd1d61d7f1","Heathers - The Musical","theater","2026-06-11 14:00:00","2026-06-11 18:00:00","2026-06-11 18:00:00",false,false,false,"[PREMIUM]","[PREMIUM]","[PREMIUM]","[PREMIUM]","[PREMIUM]","[PREMIUM]",false,false,"5a74ba8ebf2ea1000ff1a72e","['67ec653f9bad3060039b0712']","[PREMIUM]","[PREMIUM]"
"6993432c6bf0ca81b521c653","2026-03-16 05:47:29.723","2026-03-29 13:53:56.104","6993432c6bf0ca81b521c653","Heathers - The Musical","theater","2026-06-11 19:30:00","2026-06-11 23:30:00","2026-06-11 23:30:00",false,false,false,"[PREMIUM]","[PREMIUM]","[PREMIUM]","[PREMIUM]","[PREMIUM]","[PREMIUM]",false,false,"5a74ba8ebf2ea1000ff1a72e","['67ec653f9bad3060039b0712']","[PREMIUM]","[PREMIUM]"
"6992b7c97ab1e1e45c7f6290","2026-03-16 05:47:29.723","2026-03-29 13:53:56.104","6992b7c97ab1e1e45c7f6290","AJ Wilkerson","comedy","2026-06-12 19:00:00","2026-06-12 23:00:00","2026-06-12 23:00:00",false,false,false,"[PREMIUM]","[PREMIUM]","[PREMIUM]","[PREMIUM]","[PREMIUM]","[PREMIUM]",false,true,"658f454f9538aba58c16b7d2","['666c5d3ab36f70f95092ac08']","[PREMIUM]","[PREMIUM]"
"6992b7c942249977e023ef40","2026-03-16 05:47:29.723","2026-03-29 13:54:07.146","6992b7c942249977e023ef40","AJ Wilkerson","comedy","2026-06-12 21:45:00","2026-06-13 01:45:00","2026-06-13 01:45:00",false,false,false,"[PREMIUM]","[PREMIUM]","[PREMIUM]","[PREMIUM]","[PREMIUM]","[PREMIUM]",false,true,"658f454f9538aba58c16b7d2","['666c5d3ab36f70f95092ac08']","[PREMIUM]","[PREMIUM]"
"698faacf9ad534115733ec3a","2026-03-16 05:47:29.723","2026-03-29 13:54:07.146","698faacf9ad534115733ec3a","Ray Bull","music","2026-06-12 20:00:00","2026-06-13 00:00:00","2026-06-13 00:00:00",false,false,false,"[PREMIUM]","[PREMIUM]","[PREMIUM]","[PREMIUM]","[PREMIUM]","[PREMIUM]",false,false,"57eade5ecde6626ebe3ba5e8","['660d6b0dab6bb7214dc1d996']","[PREMIUM]","[PREMIUM]"
"698faa37b7cb7a7342f310ad","2026-03-16 05:47:29.723","2026-03-29 13:53:56.104","698faa37b7cb7a7342f310ad","Alabama Shakes","music","2026-06-12 19:30:00","2026-06-13 00:30:00","2026-06-13 01:30:00",false,false,false,"[PREMIUM]","[PREMIUM]","[PREMIUM]","[PREMIUM]","[PREMIUM]","[PREMIUM]",false,false,"5a904c948cda970012444b4f","['57852bcbf80c41080b05a4c7']","[PREMIUM]","[PREMIUM]"
"698fa8902766a6228cc9f578","2026-03-16 05:47:29.723","2026-03-29 13:53:56.104","698fa8902766a6228cc9f578","Flatland Cavalry","music","2026-06-12 19:30:00","2026-06-13 00:30:00","2026-06-13 02:00:00",false,false,false,"[PREMIUM]","[PREMIUM]","[PREMIUM]","[PREMIUM]","[PREMIUM]","[PREMIUM]",false,true,"6494a594fd3de600010d3217","['63c86c6eaf889a0001123f1c']","[PREMIUM]","[PREMIUM]"
"698fa857653f0f17e54444de","2026-03-16 05:47:29.723","2026-03-29 13:53:56.104","698fa857653f0f17e54444de","Flatland Cavalry","music","2026-06-11 19:30:00","2026-06-11 23:30:00","2026-06-12 01:00:00",false,false,false,"[PREMIUM]","[PREMIUM]","[PREMIUM]","[PREMIUM]","[PREMIUM]","[PREMIUM]",false,true,"67e3125cfc1b9c428563a9e3","['63c86c6eaf889a0001123f1c']","[PREMIUM]","[PREMIUM]"
"698fa4eafee69ce6b4887279","2026-03-16 05:47:29.723","2026-03-29 13:53:56.104","698fa4eafee69ce6b4887279","Leanne Morgan","comedy","2026-06-12 19:30:00","2026-06-12 23:30:00","2026-06-13 01:00:00",false,false,false,"[PREMIUM]","[PREMIUM]","[PREMIUM]","[PREMIUM]","[PREMIUM]","[PREMIUM]",false,true,"63c88316c049490001883a08","['617b242827519d000173f82d']","[PREMIUM]","[PREMIUM]"
"698f4a6840a7adb3939b369c","2026-03-16 05:47:29.723","2026-03-29 13:53:56.104","698f4a6840a7adb3939b369c","Dierks Bentley","music","2026-06-12 19:00:00","2026-06-13 00:00:00","2026-06-13 01:00:00",false,false,false,"[PREMIUM]","[PREMIUM]","[PREMIUM]","[PREMIUM]","[PREMIUM]","[PREMIUM]",false,false,"5a6f81c6a9668e00113b5cc0","['57928f30f80c41558f19e51c']","[PREMIUM]","[PREMIUM]"
"698e8f8270af26d946f684e6","2026-03-16 05:47:29.723","2026-03-29 13:53:56.104","698e8f8270af26d946f684e6","Deana Carter","music","2026-06-12 19:30:00","2026-06-13 00:30:00","2026-06-13 00:30:00",false,false,false,"[PREMIUM]","[PREMIUM]","[PREMIUM]","[PREMIUM]","[PREMIUM]","[PREMIUM]",false,true,"67e3124bc5ea37d2e10a5e1b","['666b224c7e3e9dd00adf39e3']","[PREMIUM]","[PREMIUM]"
"698e8beea762b944f5def962","2026-03-16 05:47:29.723","2026-03-29 13:54:07.146","698e8beea762b944f5def962","Al Di Meola","music","2026-06-12 20:00:00","2026-06-13 00:00:00","2026-06-13 01:30:00",false,false,false,"[PREMIUM]","[PREMIUM]","[PREMIUM]","[PREMIUM]","[PREMIUM]","[PREMIUM]",false,true,"64c31ce40e8f5d0001080d7c","['630d06662eb8830001824306']","[PREMIUM]","[PREMIUM]"
"698e742e9a160405fc8cdb1b","2026-03-16 05:47:29.723","2026-03-29 13:53:56.104","698e742e9a160405fc8cdb1b","James Blake","music","2026-06-11 19:00:00","2026-06-12 02:00:00","2026-06-12 03:00:00",false,false,false,"[PREMIUM]","[PREMIUM]","[PREMIUM]","[PREMIUM]","[PREMIUM]","[PREMIUM]",false,false,"56e73f96f80c4150b1000001","['57b5ded7f80c41264bb99861']","[PREMIUM]","[PREMIUM]"
"698e6f66bc847c207e4a5e1c","2026-03-16 05:47:29.723","2026-03-29 13:53:56.104","698e6f66bc847c207e4a5e1c","James Blake","music","2026-06-12 19:30:00","2026-06-13 02:30:00","2026-06-13 03:30:00",false,false,false,"[PREMIUM]","[PREMIUM]","[PREMIUM]","[PREMIUM]","[PREMIUM]","[PREMIUM]",false,false,"560490a3f80c415e24000001","['57b5ded7f80c41264bb99861']","[PREMIUM]","[PREMIUM]"
"698e52f823a078d783fdb66b","2026-03-16 05:47:29.723","2026-03-29 13:54:07.146","698e52f823a078d783fdb66b","Forester (21+ Event)","music","2026-06-12 21:00:00","2026-06-13 03:00:00","2026-06-13 04:30:00",false,false,false,"[PREMIUM]","[PREMIUM]","[PREMIUM]","[PREMIUM]","[PREMIUM]","[PREMIUM]",false,true,"63eec5835f6ed60001aeffef","['6219611737d65400014e7baa']","[PREMIUM]","[PREMIUM]"
"698e1dbd8aafd77d8a3b47fd","2026-03-16 05:47:29.723","2026-03-29 13:54:07.146","698e1dbd8aafd77d8a3b47fd","Arnez J","comedy","2026-06-12 21:30:00","2026-06-13 01:30:00","2026-06-13 03:00:00",false,false,false,"[PREMIUM]","[PREMIUM]","[PREMIUM]","[PREMIUM]","[PREMIUM]","[PREMIUM]",false,true,"615f25afee5027000111ee99","['5dbca4c17c70c000347ffab0']","[PREMIUM]","[PREMIUM]"
"698d5b4c87f25bb0c6c79d21","2026-03-16 05:47:29.723","2026-03-29 13:53:56.104","698d5b4c87f25bb0c6c79d21","Lowertown","music","2026-06-11 19:00:00","2026-06-12 00:00:00","2026-06-12 00:00:00",false,false,false,"[PREMIUM]","[PREMIUM]","[PREMIUM]","[PREMIUM]","[PREMIUM]","[PREMIUM]",false,true,"5a94a639ccb7ce0014f785b8","['67588227ff84f38aced3d02e']","[PREMIUM]","[PREMIUM]"
"698d5a51df95cb17ad5cbdb3","2026-03-16 05:47:29.723","2026-03-29 13:53:56.104","698d5a51df95cb17ad5cbdb3","Keith Urban","music","2026-06-12 19:00:00","2026-06-13 02:00:00","2026-06-13 03:00:00",false,false,false,"[PREMIUM]","[PREMIUM]","[PREMIUM]","[PREMIUM]","[PREMIUM]","[PREMIUM]",false,false,"62797d5dfb267f00018a2d63","['57928f2af80c41558f19e51a']","[PREMIUM]","[PREMIUM]"
"698d59d0405dd662fe3aba23","2026-03-16 05:47:29.723","2026-03-29 13:54:07.146","698d59d0405dd662fe3aba23","Son Little","music","2026-06-12 20:00:00","2026-06-13 01:00:00","2026-06-13 01:00:00",false,false,false,"[PREMIUM]","[PREMIUM]","[PREMIUM]","[PREMIUM]","[PREMIUM]","[PREMIUM]",false,true,"63c878e3044d22000160e515","['669928e3717bf2121fbb2384']","[PREMIUM]","[PREMIUM]"
"698d58959415692045477a90","2026-03-16 05:47:29.723","2026-03-29 13:53:56.104","698d58959415692045477a90","Lupe Fiasco","music","2026-06-11 19:00:00","2026-06-12 00:00:00","2026-06-12 01:00:00",false,false,false,"[PREMIUM]","[PREMIUM]","[PREMIUM]","[PREMIUM]","[PREMIUM]","[PREMIUM]",false,false,"63e6a9eb377b0500017bd8cc","['57fd3d8ff80c416be456eb49']","[PREMIUM]","[PREMIUM]"
"698d5526c1f1a93daa143fdd","2026-03-16 05:47:29.723","2026-03-29 13:53:56.104","698d5526c1f1a93daa143fdd","Wale and Smino","music","2026-06-11 20:00:00","2026-06-12 00:00:00","2026-06-12 01:00:00",false,false,false,"[PREMIUM]","[PREMIUM]","[PREMIUM]","[PREMIUM]","[PREMIUM]","[PREMIUM]",false,false,"5994d2b29da0d48c0df0a676","['58c1ba57f80c413a3a7aa85b','6758d6a152c9450ca23f02bc']","[PREMIUM]","[PREMIUM]"
"698d545fca7d00ac59cf0c5b","2026-03-16 05:47:29.723","2026-03-29 13:54:07.146","698d545fca7d00ac59cf0c5b","HONNE","music","2026-06-12 20:00:00","2026-06-13 00:00:00","2026-06-13 01:30:00",false,false,false,"[PREMIUM]","[PREMIUM]","[PREMIUM]","[PREMIUM]","[PREMIUM]","[PREMIUM]",false,false,"5a14c50f77772b001184bfb3","['5ae7432644fc020012ead2dc']","[PREMIUM]","[PREMIUM]"
"698d53a3443f74e43a3aa1b1","2026-03-16 05:47:29.723","2026-03-29 13:54:07.146","698d53a3443f74e43a3aa1b1","A Midsummer Nights Dream","theater","2026-06-12 20:00:00","2026-06-13 03:00:00","2026-06-13 03:00:00",false,false,false,"[PREMIUM]","[PREMIUM]","[PREMIUM]","[PREMIUM]","[PREMIUM]","[PREMIUM]",false,false,"67e4618ebdcf27059b240957","['65563829a86ddc105a91d581']","[PREMIUM]","[PREMIUM]"
"698d539dc1f1a93daa143fa2","2026-03-16 05:47:29.723","2026-03-29 13:53:56.104","698d539dc1f1a93daa143fa2","Come From Away","theater","2026-06-11 13:30:00","2026-06-11 20:30:00","2026-06-11 22:00:00",false,false,false,"[PREMIUM]","[PREMIUM]","[PREMIUM]","[PREMIUM]","[PREMIUM]","[PREMIUM]",false,false,"67e4618ebdcf27059b240957","['5a9db15b4dbc9800136211f5']","[PREMIUM]","[PREMIUM]"
"698d539ccf007a60c339f33e","2026-03-16 05:47:29.723","2026-03-29 13:53:56.104","698d539ccf007a60c339f33e","Come From Away","theater","2026-06-10 20:00:00","2026-06-11 03:00:00","2026-06-11 04:30:00",false,false,false,"[PREMIUM]","[PREMIUM]","[PREMIUM]","[PREMIUM]","[PREMIUM]","[PREMIUM]",false,false,"67e4618ebdcf27059b240957","['5a9db15b4dbc9800136211f5']","[PREMIUM]","[PREMIUM]"
"698ce8aea1178beccfea5519","2026-03-16 05:47:29.723","2026-03-29 13:54:07.146","698ce8aea1178beccfea5519","Marcello Hernandez","comedy","2026-06-12 20:00:00","2026-06-13 00:00:00","2026-06-13 00:00:00",false,false,false,"[PREMIUM]","[PREMIUM]","[PREMIUM]","[PREMIUM]","[PREMIUM]","[PREMIUM]",false,false,"63f91ca43ec6c2000172a397","['664b99939e843d64eee91dcf']","[PREMIUM]","[PREMIUM]"
"698ce59ba0b60e7a97935073","2026-03-16 05:47:29.723","2026-03-29 13:54:07.146","698ce59ba0b60e7a97935073","Kevin Morby","music","2026-06-12 20:00:00","2026-06-13 00:00:00","2026-06-13 01:30:00",false,false,false,"[PREMIUM]","[PREMIUM]","[PREMIUM]","[PREMIUM]","[PREMIUM]","[PREMIUM]",false,false,"590cfa3349850a61e435912c","['62267f56f3a1a60001469a0f']","[PREMIUM]","[PREMIUM]"
"698cb14a0a68a445731d69af","2026-03-16 05:47:29.723","2026-03-29 13:53:56.104","698cb14a0a68a445731d69af","Jefferson Starship","music","2026-06-11 20:00:00","2026-06-12 01:00:00","2026-06-12 02:30:00",false,false,false,"[PREMIUM]","[PREMIUM]","[PREMIUM]","[PREMIUM]","[PREMIUM]","[PREMIUM]",false,true,"67e312569f2af5b3d3448f17","['646d387d6e9b210001f70e80']","[PREMIUM]","[PREMIUM]"
"698cb0436410864afa8cf157","2026-03-16 05:47:29.723","2026-03-29 13:53:56.104","698cb0436410864afa8cf157","The Rat Pack is Back","theater","2026-06-11 19:30:00","2026-06-12 02:30:00","2026-06-12 02:30:00",false,false,false,"[PREMIUM]","[PREMIUM]","[PREMIUM]","[PREMIUM]","[PREMIUM]","[PREMIUM]",false,true,"658f48a7f7376a074c52f3ab","['6594b29f45f34ddc8d5db833']","[PREMIUM]","[PREMIUM]"
"698cb042c0b30d10c487d934","2026-03-16 05:47:29.723","2026-03-29 13:53:56.104","698cb042c0b30d10c487d934","The Rat Pack is Back","theater","2026-06-12 19:30:00","2026-06-13 02:30:00","2026-06-13 02:30:00",false,false,false,"[PREMIUM]","[PREMIUM]","[PREMIUM]","[PREMIUM]","[PREMIUM]","[PREMIUM]",false,true,"658f48a7f7376a074c52f3ab","['6594b29f45f34ddc8d5db833']","[PREMIUM]","[PREMIUM]"
"698c07cbecffa3f8f4c135ad","2026-03-16 05:47:29.723","2026-03-29 13:53:56.104","698c07cbecffa3f8f4c135ad","The Pink Floyd Laser Spectacular","theater","2026-06-12 19:00:00","2026-06-13 02:00:00","2026-06-13 02:00:00",false,false,false,"[PREMIUM]","[PREMIUM]","[PREMIUM]","[PREMIUM]","[PREMIUM]","[PREMIUM]",false,false,"57e2e87350575d33c8a43268","['676f2d33655e9e5e40efccc4']","[PREMIUM]","[PREMIUM]"
"698c07ae0ecdfd793bee9529","2026-03-16 05:47:29.723","2026-03-29 13:53:56.104","698c07ae0ecdfd793bee9529","TBD at Buffalo Sabres (Stanley Cup Finals - Home Game 2) (Date TBD) (If Necessary)","nhl","2026-06-11 00:00:00","2026-06-11 04:00:00","2026-06-11 04:45:00",true,true,true,"[PREMIUM]","[PREMIUM]","[PREMIUM]","[PREMIUM]","[PREMIUM]","[PREMIUM]",false,false,"5596e33da2e3a926a3000001","['5596e342a2e3a926a3000003','5a99e2126311820014498a01']","[PREMIUM]","[PREMIUM]"
"698c069acf6edbbcd27a7847","2026-03-16 05:47:29.723","2026-03-29 13:54:07.146","698c069acf6edbbcd27a7847","Jake Shimabukuro","music","2026-06-12 20:00:00","2026-06-13 03:00:00","2026-06-13 03:00:00",false,false,false,"[PREMIUM]","[PREMIUM]","[PREMIUM]","[PREMIUM]","[PREMIUM]","[PREMIUM]",false,true,"68235bd9736807258aadc247","['64e663ead2410200017fd953']","[PREMIUM]","[PREMIUM]"
"698c02f0ed24b1d00f00c440","2026-03-16 05:47:29.723","2026-03-29 13:53:56.104","698c02f0ed24b1d00f00c440","Ray Bull","music","2026-06-11 18:30:00","2026-06-11 22:30:00","2026-06-11 22:30:00",false,false,false,"[PREMIUM]","[PREMIUM]","[PREMIUM]","[PREMIUM]","[PREMIUM]","[PREMIUM]",false,true,"643079aeaf2a9a0001d3d49e","['660d6b0dab6bb7214dc1d996']","[PREMIUM]","[PREMIUM]"
"698c029c62266bf36e9d375e","2026-03-16 05:47:29.723","2026-03-29 13:53:56.104","698c029c62266bf36e9d375e","Koe Wetzel","music","2026-06-12 19:30:00","2026-06-13 02:30:00","2026-06-13 04:00:00",false,false,false,"[PREMIUM]","[PREMIUM]","[PREMIUM]","[PREMIUM]","[PREMIUM]","[PREMIUM]",false,false,"595ffc8c9da0d48c0d3377ba","['5d7a747311c5990037e85372']","[PREMIUM]","[PREMIUM]"
"698bd245db35f8f308d7e86f","2026-03-16 05:47:29.723","2026-03-29 13:53:56.104","698bd245db35f8f308d7e86f","HONNE","music","2026-06-11 20:00:00","2026-06-12 00:00:00","2026-06-12 01:30:00",false,false,false,"[PREMIUM]","[PREMIUM]","[PREMIUM]","[PREMIUM]","[PREMIUM]","[PREMIUM]",false,true,"6452c2eca9715f0001bf99ec","['5ae7432644fc020012ead2dc']","[PREMIUM]","[PREMIUM]"
"698bce22c0b30d10c4877dd8","2026-03-16 05:47:29.723","2026-03-29 13:54:07.146","698bce22c0b30d10c4877dd8","HONNE","music","2026-06-12 20:00:00","2026-06-13 00:00:00","2026-06-13 01:30:00",false,false,false,"[PREMIUM]","[PREMIUM]","[PREMIUM]","[PREMIUM]","[PREMIUM]","[PREMIUM]",false,false,"61c0eea7b3f6ff0001e8a49c","['5ae7432644fc020012ead2dc']","[PREMIUM]","[PREMIUM]"
"698bca0fb71a2239be479b09","2026-03-16 05:47:29.723","2026-03-29 13:53:56.104","698bca0fb71a2239be479b09","Noah Kahan","music","2026-06-12 19:30:00","2026-06-12 23:30:00","2026-06-13 01:00:00",false,false,false,"[PREMIUM]","[PREMIUM]","[PREMIUM]","[PREMIUM]","[PREMIUM]","[PREMIUM]",true,false,"545d4acf3bf3762bdb000003","['5b281a913bc40f0013ac63f1']","[PREMIUM]","[PREMIUM]"
"698bb5d8a8d786c031d63110","2026-03-16 05:47:29.723","2026-03-29 13:53:56.104","698bb5d8a8d786c031d63110","Jimmy Eat World","music","2026-06-11 19:00:00","2026-06-12 00:00:00","2026-06-12 01:00:00",false,false,false,"[PREMIUM]","[PREMIUM]","[PREMIUM]","[PREMIUM]","[PREMIUM]","[PREMIUM]",false,false,"576ae3daf80c412fd0f25cf7","['589a1421f80c41334f456374']","[PREMIUM]","[PREMIUM]"
"698bb4ebbb77c6a3e0388467","2026-03-16 05:47:29.723","2026-03-29 13:54:07.146","698bb4ebbb77c6a3e0388467","Jessica Baio","music","2026-06-12 20:00:00","2026-06-13 00:00:00","2026-06-13 00:00:00",false,false,false,"[PREMIUM]","[PREMIUM]","[PREMIUM]","[PREMIUM]","[PREMIUM]","[PREMIUM]",false,true,"61d4da80705405000134b4c5","['6735340da707892e106865a1']","[PREMIUM]","[PREMIUM]"
"698bb187ac57879a0a93d326","2026-03-16 05:47:29.723","2026-03-29 13:53:56.104","698bb187ac57879a0a93d326","The Black Keys","music","2026-06-11 19:00:00","2026-06-12 02:00:00","2026-06-12 03:30:00",false,false,false,"[PREMIUM]","[PREMIUM]","[PREMIUM]","[PREMIUM]","[PREMIUM]","[PREMIUM]",false,false,"58b1e1ddcde6626ebeb0cebe","['5c8ae237e90432001815d7c2']","[PREMIUM]","[PREMIUM]"
"698bb0fdbb77c6a3e0388214","2026-03-16 05:47:29.723","2026-03-29 13:54:07.146","698bb0fdbb77c6a3e0388214","The Black Keys","music","2026-06-12 20:00:00","2026-06-13 03:00:00","2026-06-13 04:30:00",false,false,false,"[PREMIUM]","[PREMIUM]","[PREMIUM]","[PREMIUM]","[PREMIUM]","[PREMIUM]",false,false,"60ca8d64a06735000150347e","['5c8ae237e90432001815d7c2']","[PREMIUM]","[PREMIUM]"
"698bb019caf58f9bc94d4a7e","2026-03-16 05:47:29.723","2026-03-29 13:54:07.146","698bb019caf58f9bc94d4a7e","Tig Notaro - Second Show","comedy","2026-06-12 22:00:00","2026-06-13 05:00:00","2026-06-13 06:30:00",false,false,false,"[PREMIUM]","[PREMIUM]","[PREMIUM]","[PREMIUM]","[PREMIUM]","[PREMIUM]",false,true,"69b1d1d8df170cf31d09838f","['617076980dee690001326300']","[PREMIUM]","[PREMIUM]"
"698bafc544cbc6228c11c04a","2026-03-16 05:47:29.723","2026-03-29 13:53:56.104","698bafc544cbc6228c11c04a","Jimmy Eat World","music","2026-06-12 19:00:00","2026-06-13 00:00:00","2026-06-13 01:00:00",false,false,false,"[PREMIUM]","[PREMIUM]","[PREMIUM]","[PREMIUM]","[PREMIUM]","[PREMIUM]",false,false,"59275d7c9da0d48c0d109da3","['589a1421f80c41334f456374']","[PREMIUM]","[PREMIUM]"
"698bafb39ea15d3ff1b8db85","2026-03-16 05:47:29.723","2026-03-29 13:53:56.104","698bafb39ea15d3ff1b8db85","The Warning","music","2026-06-11 19:00:00","2026-06-11 23:00:00","2026-06-12 00:30:00",false,false,false,"[PREMIUM]","[PREMIUM]","[PREMIUM]","[PREMIUM]","[PREMIUM]","[PREMIUM]",false,false,"5af9f51a6422c50012b5630e","['61b78f251b79b50001f08b7e']","[PREMIUM]","[PREMIUM]"
"698baef78c3ceba54b2a182f","2026-03-16 05:47:29.723","2026-03-29 13:54:07.146","698baef78c3ceba54b2a182f","Taking Back Sunday","music","2026-06-12 20:00:00","2026-06-13 00:00:00","2026-06-13 01:00:00",false,false,false,"[PREMIUM]","[PREMIUM]","[PREMIUM]","[PREMIUM]","[PREMIUM]","[PREMIUM]",false,false,"5a7b7d38a8fc0700143ad2b2","['57d9dbdef80c415c61827530']","[PREMIUM]","[PREMIUM]"
"698bae14d9a9890ff6d642b7","2026-03-16 05:47:29.723","2026-03-29 13:53:56.104","698bae14d9a9890ff6d642b7","Young the Giant","music","2026-06-12 19:00:00","2026-06-12 23:00:00","2026-06-13 00:00:00",false,false,false,"[PREMIUM]","[PREMIUM]","[PREMIUM]","[PREMIUM]","[PREMIUM]","[PREMIUM]",false,false,"57b39ea3f80c411b89b0b835","['57ad40cdf80c4116d2893fe5']","[PREMIUM]","[PREMIUM]"
"698ab07efd9c7e883efeecac","2026-03-16 05:47:29.723","2026-03-29 13:53:56.104","698ab07efd9c7e883efeecac","The Hold Steady","music","2026-06-11 20:00:00","2026-06-12 01:00:00","2026-06-12 02:30:00",false,false,false,"[PREMIUM]","[PREMIUM]","[PREMIUM]","[PREMIUM]","[PREMIUM]","[PREMIUM]",false,false,"57eaab67cde6626ebe3842d6","['5cdb1eb256ba120017d9774a']","[PREMIUM]","[PREMIUM]"
"698ab07dd148c5bf193c0f75","2026-03-16 05:47:29.723","2026-03-29 13:54:07.146","698ab07dd148c5bf193c0f75","The Hold Steady","music","2026-06-12 21:00:00","2026-06-13 02:00:00","2026-06-13 03:30:00",false,false,false,"[PREMIUM]","[PREMIUM]","[PREMIUM]","[PREMIUM]","[PREMIUM]","[PREMIUM]",false,true,"5e4eb78d13093a003c5d75f6","['5cdb1eb256ba120017d9774a']","[PREMIUM]","[PREMIUM]"
"698a63ad34f2ef47afb34750","2026-03-16 05:47:29.723","2026-03-29 13:53:56.104","698a63ad34f2ef47afb34750","Hayes Carll","music","2026-06-12 19:00:00","2026-06-13 00:00:00","2026-06-13 01:30:00",false,false,false,"[PREMIUM]","[PREMIUM]","[PREMIUM]","[PREMIUM]","[PREMIUM]","[PREMIUM]",false,true,"658f46bdae9da4746dd02999","['610979dc19db4b0001fd5fe4']","[PREMIUM]","[PREMIUM]"
"698a6384a44b57f5d1e4fff6","2026-03-16 05:47:29.723","2026-03-29 13:54:07.146","698a6384a44b57f5d1e4fff6","Devo","music","2026-06-12 20:00:00","2026-06-13 00:00:00","2026-06-13 01:30:00",false,false,false,"[PREMIUM]","[PREMIUM]","[PREMIUM]","[PREMIUM]","[PREMIUM]","[PREMIUM]",false,false,"5d0cfd1feea5f8001ce3d1ba","['6112fcbbf1b10c0001efd436']","[PREMIUM]","[PREMIUM]"
"698a48339a0a7187119cd9fa","2026-03-16 05:47:29.723","2026-03-29 13:54:07.146","698a48339a0a7187119cd9fa","Holly Humberstone","music","2026-06-12 20:00:00","2026-06-13 00:00:00","2026-06-13 00:00:00",false,false,false,"[PREMIUM]","[PREMIUM]","[PREMIUM]","[PREMIUM]","[PREMIUM]","[PREMIUM]",false,false,"57e0488b50575d33c8948d92","['6553d422535a589340ecd70d']","[PREMIUM]","[PREMIUM]"
"698a40eddabc6d82af663c0b","2026-03-16 05:47:29.723","2026-03-29 13:54:07.146","698a40eddabc6d82af663c0b","Edwin McCain","music","2026-06-12 20:00:00","2026-06-13 01:00:00","2026-06-13 01:00:00",false,false,false,"[PREMIUM]","[PREMIUM]","[PREMIUM]","[PREMIUM]","[PREMIUM]","[PREMIUM]",false,true,"684869a3df01fdc74ec86035","['67803ab80ec9a64723c0a785']","[PREMIUM]","[PREMIUM]"
"6989d57e0938707e448d292b","2026-03-16 05:47:29.723","2026-03-29 13:53:56.104","6989d57e0938707e448d292b","Steve Byrne","comedy","2026-06-12 19:00:00","2026-06-13 00:00:00","2026-06-13 01:30:00",false,false,false,"[PREMIUM]","[PREMIUM]","[PREMIUM]","[PREMIUM]","[PREMIUM]","[PREMIUM]",false,true,"634dbd5a12c28b0001ff0ab7","['617b2e370ffdf90001e6d8d7']","[PREMIUM]","[PREMIUM]"
"6988d855e229d65e0bb64c6d","2026-03-16 05:47:29.723","2026-03-29 13:53:56.104","6988d855e229d65e0bb64c6d","The Cher Show","theater","2026-06-12 19:30:00","2026-06-12 23:30:00","2026-06-12 23:30:00",false,false,false,"[PREMIUM]","[PREMIUM]","[PREMIUM]","[PREMIUM]","[PREMIUM]","[PREMIUM]",false,false,"6830f94b7d310e85095493cd","['652d9c588a5216177f160daf']","[PREMIUM]","[PREMIUM]"
"6988d30f62a87fcf283e518d","2026-03-16 05:47:29.723","2026-03-29 13:54:07.146","6988d30f62a87fcf283e518d","Martin Lawrence","comedy","2026-06-12 20:00:00","2026-06-13 03:00:00","2026-06-13 04:00:00",false,false,false,"[PREMIUM]","[PREMIUM]","[PREMIUM]","[PREMIUM]","[PREMIUM]","[PREMIUM]",false,false,"61e08381abe64b000136a196","['5a847d4425f2c545576b0f6e']","[PREMIUM]","[PREMIUM]"
"6988d27a32c7abc6a38bbd00","2026-03-16 05:47:29.723","2026-03-29 13:53:56.104","6988d27a32c7abc6a38bbd00","Wait Wait... Don't Tell Me","talk","2026-06-11 19:30:00","2026-06-12 00:30:00","2026-06-12 00:30:00",false,false,false,"[PREMIUM]","[PREMIUM]","[PREMIUM]","[PREMIUM]","[PREMIUM]","[PREMIUM]",false,false,"6830fabc8612a351d76a89ed","['663bc0c8958b06e718f3c2b5']","[PREMIUM]","[PREMIUM]"
"69858df2679b0944bcd8347b","2026-03-16 05:47:29.723","2026-03-29 13:53:56.104","69858df2679b0944bcd8347b","Moulin Rouge","theater","2026-06-12 19:00:00","2026-06-12 23:00:00","2026-06-13 00:30:00",false,false,false,"[PREMIUM]","[PREMIUM]","[PREMIUM]","[PREMIUM]","[PREMIUM]","[PREMIUM]",false,false,"58237ceecde6626ebe51114f","['645a7e2034171a0001a810d1']","[PREMIUM]","[PREMIUM]"
"69858df25d7c848df90058f3","2026-03-16 05:47:29.723","2026-03-29 13:53:56.104","69858df25d7c848df90058f3","Moulin Rouge","theater","2026-06-11 19:00:00","2026-06-11 23:00:00","2026-06-12 00:30:00",false,false,false,"[PREMIUM]","[PREMIUM]","[PREMIUM]","[PREMIUM]","[PREMIUM]","[PREMIUM]",false,false,"58237ceecde6626ebe51114f","['645a7e2034171a0001a810d1']","[PREMIUM]","[PREMIUM]"
"698556b6cdce997ba334a5bc","2026-03-16 05:47:29.723","2026-03-29 13:53:56.104","698556b6cdce997ba334a5bc","Tracy Lawrence","music","2026-06-12 19:00:00","2026-06-13 00:00:00","2026-06-13 00:00:00",false,false,false,"[PREMIUM]","[PREMIUM]","[PREMIUM]","[PREMIUM]","[PREMIUM]","[PREMIUM]",false,true,"67e312503d30140f80c0e44e","['6581ca1d498ee2b0e3c8ad28']","[PREMIUM]","[PREMIUM]"
"698501ae72d78f02d8509feb","2026-03-16 05:47:29.723","2026-03-29 13:53:56.104","698501ae72d78f02d8509feb","The Lemon Twigs","music","2026-06-11 20:00:00","2026-06-12 03:00:00","2026-06-12 04:30:00",false,false,false,"[PREMIUM]","[PREMIUM]","[PREMIUM]","[PREMIUM]","[PREMIUM]","[PREMIUM]",false,false,"57d1e89250575d33c8544daf","['5b85afcb81ac6e001366aae7']","[PREMIUM]","[PREMIUM]"
"6984fec91119ff2a445e8bb9","2026-03-16 05:47:29.723","2026-03-29 13:53:56.104","6984fec91119ff2a445e8bb9","The Jacksons","music","2026-06-11 19:00:00","2026-06-12 00:00:00","2026-06-12 00:00:00",false,false,false,"[PREMIUM]","[PREMIUM]","[PREMIUM]","[PREMIUM]","[PREMIUM]","[PREMIUM]",false,true,"67e3125dfc1b9c428563a9e5","['65c6b12a09a64dfe7d529855']","[PREMIUM]","[PREMIUM]"
"6984fe74e7019212ee7e1eab","2026-03-16 05:47:29.723","2026-03-29 13:53:56.104","6984fe74e7019212ee7e1eab","The Lemon Twigs","music","2026-06-12 19:00:00","2026-06-13 02:00:00","2026-06-13 03:30:00",false,false,false,"[PREMIUM]","[PREMIUM]","[PREMIUM]","[PREMIUM]","[PREMIUM]","[PREMIUM]",false,true,"658f475813dd3e52365a4ac4","['5b85afcb81ac6e001366aae7']","[PREMIUM]","[PREMIUM]"
"6984f1bd72d78f02d8509b88","2026-03-16 05:47:29.723","2026-03-29 13:54:07.146","6984f1bd72d78f02d8509b88","Carin Leon","music","2026-06-12 20:00:00","2026-06-13 00:00:00","2026-06-13 01:30:00",false,false,false,"[PREMIUM]","[PREMIUM]","[PREMIUM]","[PREMIUM]","[PREMIUM]","[PREMIUM]",false,false,"58127f1ecde6626ebe12395e","['620d5cffb40406000193fc4d']","[PREMIUM]","[PREMIUM]"
"6984f19c0a88ead89832073b","2026-03-16 05:47:29.723","2026-03-29 13:53:56.104","6984f19c0a88ead89832073b","Carin Leon","music","2026-06-11 20:00:00","2026-06-12 01:00:00","2026-06-12 02:30:00",false,false,false,"[PREMIUM]","[PREMIUM]","[PREMIUM]","[PREMIUM]","[PREMIUM]","[PREMIUM]",false,false,"55305b5878fea5330c000001","['620d5cffb40406000193fc4d']","[PREMIUM]","[PREMIUM]"
"69840286330458dfbff1cf20","2026-03-16 05:47:29.723","2026-03-29 13:53:56.104","69840286330458dfbff1cf20","Carbon Leaf","music","2026-06-11 19:30:00","2026-06-11 23:30:00","2026-06-12 00:30:00",false,false,false,"[PREMIUM]","[PREMIUM]","[PREMIUM]","[PREMIUM]","[PREMIUM]","[PREMIUM]",false,true,"5e4eb8099ebe10003bbc468f","['5914c46af80c41115a0b16b9']","[PREMIUM]","[PREMIUM]"
"6983af3f15ec32e306d48b4c","2026-03-16 05:47:29.723","2026-03-29 13:53:56.104","6983af3f15ec32e306d48b4c","So Good! The Neil Diamond Experience","music","2026-06-11 19:30:00","2026-06-11 23:30:00","2026-06-11 23:30:00",false,false,false,"[PREMIUM]","[PREMIUM]","[PREMIUM]","[PREMIUM]","[PREMIUM]","[PREMIUM]",false,true,"6823b97b2894e4a1373d4bca","['65f286c4241dd00f1d220867']","[PREMIUM]","[PREMIUM]"
"6982d6bddac12750c0050e06","2026-03-16 05:47:29.723","2026-03-29 13:53:56.104","6982d6bddac12750c0050e06","Zepparella","music","2026-06-11 20:00:00","2026-06-12 03:00:00","2026-06-12 03:00:00",false,false,false,"[PREMIUM]","[PREMIUM]","[PREMIUM]","[PREMIUM]","[PREMIUM]","[PREMIUM]",false,true,"5a46bd16d556bf001255884a","['6618536b87bad602e149c661']","[PREMIUM]","[PREMIUM]"
"6982d477578906961afc8053","2026-03-16 05:47:29.723","2026-03-29 13:54:07.146","6982d477578906961afc8053","Marlon Wayans","comedy","2026-06-12 21:15:00","2026-06-13 02:15:00","2026-06-13 03:45:00",false,false,false,"[PREMIUM]","[PREMIUM]","[PREMIUM]","[PREMIUM]","[PREMIUM]","[PREMIUM]",false,true,"64839a6ba80e350001a6975e","['5e6297faee3831003c9d4b9f']","[PREMIUM]","[PREMIUM]"
"6982d47705e3b2fd80c24be1","2026-03-16 05:47:29.723","2026-03-29 13:53:56.104","6982d47705e3b2fd80c24be1","Marlon Wayans","comedy","2026-06-12 19:00:00","2026-06-13 00:00:00","2026-06-13 01:30:00",false,false,false,"[PREMIUM]","[PREMIUM]","[PREMIUM]","[PREMIUM]","[PREMIUM]","[PREMIUM]",false,true,"64839a6ba80e350001a6975e","['5e6297faee3831003c9d4b9f']","[PREMIUM]","[PREMIUM]"
"6982d39836afb49c51d39981","2026-03-16 05:47:29.723","2026-03-29 13:53:56.104","6982d39836afb49c51d39981","Metric","music","2026-06-11 17:30:00","2026-06-11 23:30:00","2026-06-12 01:00:00",false,false,false,"[PREMIUM]","[PREMIUM]","[PREMIUM]","[PREMIUM]","[PREMIUM]","[PREMIUM]",false,false,"5786b117f80c416b700b1437","['5baab51add52cd0013abcfa9']","[PREMIUM]","[PREMIUM]"
"6982d372292a872120b14dd6","2026-03-16 05:47:29.723","2026-03-29 13:53:56.104","6982d372292a872120b14dd6","Reverend Horton Heat","music","2026-06-11 19:00:00","2026-06-12 01:00:00","2026-06-12 02:00:00",false,false,false,"[PREMIUM]","[PREMIUM]","[PREMIUM]","[PREMIUM]","[PREMIUM]","[PREMIUM]",false,true,"5a29c0a216b922000d942f2a","['59b3189425f2c53fa02a9603']","[PREMIUM]","[PREMIUM]"
"69823b38b5efed5f38ddb58b","2026-03-16 05:47:29.723","2026-03-29 13:54:07.146","69823b38b5efed5f38ddb58b","Paul Simon","music","2026-06-12 20:00:00","2026-06-13 02:00:00","2026-06-13 03:00:00",false,false,false,"[PREMIUM]","[PREMIUM]","[PREMIUM]","[PREMIUM]","[PREMIUM]","[PREMIUM]",false,false,"56038372f80c41109a000001","['58d18a6af80c413e86dc50ee']","[PREMIUM]","[PREMIUM]"
"69822637e1df0ffb29574c0e","2026-03-16 05:47:29.723","2026-03-29 13:53:56.104","69822637e1df0ffb29574c0e","Don Toliver","music","2026-06-11 19:30:00","2026-06-12 00:30:00","2026-06-12 02:00:00",false,false,false,"[PREMIUM]","[PREMIUM]","[PREMIUM]","[PREMIUM]","[PREMIUM]","[PREMIUM]",false,false,"530445733bf3767835000003","['61253442329f88000129f5bd']","[PREMIUM]","[PREMIUM]"
"69817d31ca54ebfc5d752247","2026-03-16 05:47:29.723","2026-03-29 13:53:56.104","69817d31ca54ebfc5d752247","Dexter and the Moonrocks","music","2026-06-11 19:00:00","2026-06-12 00:00:00","2026-06-12 01:30:00",false,false,false,"[PREMIUM]","[PREMIUM]","[PREMIUM]","[PREMIUM]","[PREMIUM]","[PREMIUM]",false,true,"57e2e56f50575d33c8a41c93","['645ac5e6c055020001f7c822']","[PREMIUM]","[PREMIUM]"
"69817d0dd77ef776ec53ee40","2026-03-16 05:47:29.723","2026-03-29 13:53:56.104","69817d0dd77ef776ec53ee40","James Murray","comedy","2026-06-11 19:30:00","2026-06-12 02:30:00","2026-06-12 02:30:00",false,false,false,"[PREMIUM]","[PREMIUM]","[PREMIUM]","[PREMIUM]","[PREMIUM]","[PREMIUM]",false,true,"648cd95a348f230001edaf67","['64ba8588c941990001d31ec2']","[PREMIUM]","[PREMIUM]"
"69817d0dbf19d8accbd343b2","2026-03-16 05:47:29.723","2026-03-29 13:53:56.104","69817d0dbf19d8accbd343b2","James Murray","comedy","2026-06-12 19:00:00","2026-06-13 02:00:00","2026-06-13 02:00:00",false,false,false,"[PREMIUM]","[PREMIUM]","[PREMIUM]","[PREMIUM]","[PREMIUM]","[PREMIUM]",false,true,"648cd95a348f230001edaf67","['64ba8588c941990001d31ec2']","[PREMIUM]","[PREMIUM]"
"69817d0d122694f5193919ce","2026-03-16 05:47:29.723","2026-03-29 13:54:07.146","69817d0d122694f5193919ce","James Murray","comedy","2026-06-12 21:15:00","2026-06-13 04:15:00","2026-06-13 04:15:00",false,false,false,"[PREMIUM]","[PREMIUM]","[PREMIUM]","[PREMIUM]","[PREMIUM]","[PREMIUM]",false,true,"648cd95a348f230001edaf67","['64ba8588c941990001d31ec2']","[PREMIUM]","[PREMIUM]"
"69817ca6d77ef776ec53ee32","2026-03-16 05:47:29.723","2026-03-29 13:54:07.146","69817ca6d77ef776ec53ee32","Distant Worlds - Music From Final Fantasy","music","2026-06-12 20:00:00","2026-06-13 00:00:00","2026-06-13 01:30:00",false,false,false,"[PREMIUM]","[PREMIUM]","[PREMIUM]","[PREMIUM]","[PREMIUM]","[PREMIUM]",false,true,"66ff15c6bff1d7b915154098","['6320b8a3b0f78400011dc783']","[PREMIUM]","[PREMIUM]"
"69817c11c571009eefea57a1","2026-03-16 05:47:29.723","2026-03-29 13:54:07.146","69817c11c571009eefea57a1","The Fab Faux","music","2026-06-12 20:00:00","2026-06-13 00:00:00","2026-06-13 01:00:00",false,false,false,"[PREMIUM]","[PREMIUM]","[PREMIUM]","[PREMIUM]","[PREMIUM]","[PREMIUM]",false,false,"5c7556d9dcbeb70015eef27c","['5952e69925f2c578f06ac195']","[PREMIUM]","[PREMIUM]"
"69817adc9177e1894b635282","2026-03-16 05:47:29.723","2026-03-29 13:53:56.104","69817adc9177e1894b635282","Freddie Gibbs","music","2026-06-11 20:00:00","2026-06-12 00:00:00","2026-06-12 01:30:00",false,false,false,"[PREMIUM]","[PREMIUM]","[PREMIUM]","[PREMIUM]","[PREMIUM]","[PREMIUM]",false,false,"57c61b84f80c4132e4199029","['61bbb915f933be0001dc4b2e']","[PREMIUM]","[PREMIUM]"
"69817a98348a3b4ed26bbcd1","2026-03-16 05:47:29.723","2026-03-29 13:54:07.146","69817a98348a3b4ed26bbcd1","Freddie Gibbs","music","2026-06-12 20:00:00","2026-06-13 00:00:00","2026-06-13 01:30:00",false,false,false,"[PREMIUM]","[PREMIUM]","[PREMIUM]","[PREMIUM]","[PREMIUM]","[PREMIUM]",false,false,"57e16d3950575d33c89b50cd","['61bbb915f933be0001dc4b2e']","[PREMIUM]","[PREMIUM]"
"6981777ec0df6b23b6c4b318","2026-03-16 05:47:29.723","2026-03-29 13:53:56.104","6981777ec0df6b23b6c4b318","Godsmack","music","2026-06-12 19:00:00","2026-06-13 00:00:00","2026-06-13 01:30:00",false,false,false,"[PREMIUM]","[PREMIUM]","[PREMIUM]","[PREMIUM]","[PREMIUM]","[PREMIUM]",false,false,"6913796ef700122b8b1af53a","['5b196c4b530ed50013153f7a']","[PREMIUM]","[PREMIUM]"
"6980ee499370d591607e74fd","2026-03-16 05:47:29.723","2026-03-29 13:54:07.146","6980ee499370d591607e74fd","Chicago - The Musical","theater","2026-06-12 20:00:00","2026-06-13 00:00:00","2026-06-13 01:00:00",false,false,false,"[PREMIUM]","[PREMIUM]","[PREMIUM]","[PREMIUM]","[PREMIUM]","[PREMIUM]",false,false,"5a6a60a14804dd000f5e3bb4","['5a611a5225f2c558ebe0d9f4']","[PREMIUM]","[PREMIUM]"
"6980ee48a90db87471873e50","2026-03-16 05:47:29.723","2026-03-29 13:53:56.104","6980ee48a90db87471873e50","Chicago - The Musical","theater","2026-06-11 19:00:00","2026-06-11 23:00:00","2026-06-12 00:00:00",false,false,false,"[PREMIUM]","[PREMIUM]","[PREMIUM]","[PREMIUM]","[PREMIUM]","[PREMIUM]",false,false,"5a6a60a14804dd000f5e3bb4","['5a611a5225f2c558ebe0d9f4']","[PREMIUM]","[PREMIUM]"
"6980eb0020412509f4f63bba","2026-03-16 05:47:29.723","2026-03-29 13:53:56.104","6980eb0020412509f4f63bba","Chris Franjola","comedy","2026-06-11 19:30:00","2026-06-12 00:30:00","2026-06-12 00:30:00",false,false,false,"[PREMIUM]","[PREMIUM]","[PREMIUM]","[PREMIUM]","[PREMIUM]","[PREMIUM]",false,true,"63d45545ca768d00010f30d0","['647a390447aaff0001ff419b']","[PREMIUM]","[PREMIUM]"
"6980eae9abd59814d57aebb3","2026-03-16 05:47:29.723","2026-03-29 13:53:56.104","6980eae9abd59814d57aebb3","Baltimore Symphony Orchestra - Verdi's Rigoletto Conducted by Heyward","music","2026-06-12 19:00:00","2026-06-12 23:00:00","2026-06-12 23:00:00",false,false,false,"[PREMIUM]","[PREMIUM]","[PREMIUM]","[PREMIUM]","[PREMIUM]","[PREMIUM]",false,false,"6737d397dfa67603dbc8ff1d","['677c1777dd02321bc8aa28c2']","[PREMIUM]","[PREMIUM]"
"6980d0a5afc4acbc4cbd81b9","2026-03-16 05:47:29.723","2026-03-29 13:53:56.104","6980d0a5afc4acbc4cbd81b9","Post Malone and Jelly Roll","music","2026-06-12 19:30:00","2026-06-12 23:30:00","2026-06-13 00:30:00",false,false,false,"[PREMIUM]","[PREMIUM]","[PREMIUM]","[PREMIUM]","[PREMIUM]","[PREMIUM]",false,false,"554ac12778fea51658000001","['57c73f6af80c411f0d14867c','5cb65bd82adba70014183d55']","[PREMIUM]","[PREMIUM]"
"6980c57672417722f936b786","2026-03-16 05:47:29.723","2026-03-29 13:53:56.104","6980c57672417722f936b786","Noah Kahan","music","2026-06-11 19:30:00","2026-06-11 23:30:00","2026-06-12 01:00:00",false,false,false,"[PREMIUM]","[PREMIUM]","[PREMIUM]","[PREMIUM]","[PREMIUM]","[PREMIUM]",false,false,"545d4acf3bf3762bdb000003","['5b281a913bc40f0013ac63f1']","[PREMIUM]","[PREMIUM]"
"697fee41305ba679b825f0de","2026-03-16 05:47:29.723","2026-03-29 13:53:56.104","697fee41305ba679b825f0de","Dublins Irish Tenors and The Celtic Ladies","music","2026-06-11 14:00:00","2026-06-11 19:00:00","2026-06-11 19:00:00",false,false,false,"[PREMIUM]","[PREMIUM]","[PREMIUM]","[PREMIUM]","[PREMIUM]","[PREMIUM]",false,false,"67e45e346e485480c5b61131","['66998495261e5b8d46780f5a']","[PREMIUM]","[PREMIUM]"
"697fec4dcb92be4fa5ed5d93","2026-03-16 05:47:29.723","2026-03-29 13:53:56.104","697fec4dcb92be4fa5ed5d93","Little Image","music","2026-06-12 19:00:00","2026-06-13 02:00:00","2026-06-13 02:00:00",false,false,false,"[PREMIUM]","[PREMIUM]","[PREMIUM]","[PREMIUM]","[PREMIUM]","[PREMIUM]",false,true,"5b3fa5cea6100c00139f99d1","['64e51de75083c00001d7767e']","[PREMIUM]","[PREMIUM]"
"697c148a99d9d238abdd3d87","2026-03-16 05:47:29.723","2026-03-29 13:53:56.104","697c148a99d9d238abdd3d87","& Juliet","theater","2026-06-11 19:30:00","2026-06-11 23:30:00","2026-06-11 23:30:00",false,false,false,"[PREMIUM]","[PREMIUM]","[PREMIUM]","[PREMIUM]","[PREMIUM]","[PREMIUM]",false,false,"6619b40b5ea49b643d5f9e30","['648b490a85ab3300016fc5df']","[PREMIUM]","[PREMIUM]"
"697c148a82076e271b4ef1f4","2026-03-16 05:47:29.723","2026-03-29 13:53:56.104","697c148a82076e271b4ef1f4","& Juliet","theater","2026-06-12 19:30:00","2026-06-12 23:30:00","2026-06-12 23:30:00",false,false,false,"[PREMIUM]","[PREMIUM]","[PREMIUM]","[PREMIUM]","[PREMIUM]","[PREMIUM]",false,false,"6619b40b5ea49b643d5f9e30","['648b490a85ab3300016fc5df']","[PREMIUM]","[PREMIUM]"
"697bc7414c5731e98f665ff6","2026-03-16 05:47:29.723","2026-03-29 13:53:56.104","697bc7414c5731e98f665ff6","Devon Allman","music","2026-06-12 19:30:00","2026-06-12 23:30:00","2026-06-13 01:00:00",false,false,false,"[PREMIUM]","[PREMIUM]","[PREMIUM]","[PREMIUM]","[PREMIUM]","[PREMIUM]",false,true,"5af602f67b299700141a27d2","['5b0ec3971e94d800137f4ed6']","[PREMIUM]","[PREMIUM]"
"697ae2faeb9ec5afc9350900","2026-03-16 05:47:29.723","2026-03-29 13:53:56.104","697ae2faeb9ec5afc9350900","Its Murph (21+ Event)","music","2026-06-12 11:00:00","2026-06-12 18:00:00","2026-06-12 18:00:00",false,false,false,"[PREMIUM]","[PREMIUM]","[PREMIUM]","[PREMIUM]","[PREMIUM]","[PREMIUM]",false,true,"60d612ff80ec48000131fa73","['66e8b1ea095e7d22a570d3db']","[PREMIUM]","[PREMIUM]"
"697aa85e545188f9add4f421","2026-03-16 05:47:29.723","2026-03-29 13:53:56.104","697aa85e545188f9add4f421","High Fade","music","2026-06-12 19:00:00","2026-06-13 00:00:00","2026-06-13 00:00:00",false,false,false,"[PREMIUM]","[PREMIUM]","[PREMIUM]","[PREMIUM]","[PREMIUM]","[PREMIUM]",false,true,"57e2e56f50575d33c8a41c93","['6700422447a41eb4fed9dd46']","[PREMIUM]","[PREMIUM]"
"697a8bfc88677ae01418e82a","2026-03-16 05:47:29.723","2026-03-29 13:53:56.104","697a8bfc88677ae01418e82a","Ben Folds","music","2026-06-11 20:00:00","2026-06-12 00:00:00","2026-06-12 01:00:00",false,false,false,"[PREMIUM]","[PREMIUM]","[PREMIUM]","[PREMIUM]","[PREMIUM]","[PREMIUM]",false,false,"673f85157ab8da0ad76b2927","['5943155f25f2c514f0b9dd92']","[PREMIUM]","[PREMIUM]"
"697a7665b2df2895134fb210","2026-03-16 05:47:29.723","2026-03-29 13:53:56.104","697a7665b2df2895134fb210","The Black Crowes","music","2026-06-12 18:30:00","2026-06-12 22:30:00","2026-06-13 00:00:00",false,false,false,"[PREMIUM]","[PREMIUM]","[PREMIUM]","[PREMIUM]","[PREMIUM]","[PREMIUM]",false,false,"57631cadf80c41449a7c440d","['5dcc5c144ebeb8003a0824dc']","[PREMIUM]","[PREMIUM]"
"697a03ff4762be0d67f9c542","2026-03-16 05:47:29.723","2026-03-29 13:54:07.146","697a03ff4762be0d67f9c542","Struggle Jennings","music","2026-06-12 20:00:00","2026-06-13 01:00:00","2026-06-13 01:00:00",false,false,false,"[PREMIUM]","[PREMIUM]","[PREMIUM]","[PREMIUM]","[PREMIUM]","[PREMIUM]",false,true,"5a959a698c7d5900130ba59d","['665a50e692f498e66fa02865']","[PREMIUM]","[PREMIUM]"
"697a02e97dd1c19e7c8d42d3","2026-03-16 05:47:29.723","2026-03-29 13:53:56.104","697a02e97dd1c19e7c8d42d3","Justin Willman","comedy","2026-06-12 19:00:00","2026-06-13 02:00:00","2026-06-13 03:30:00",false,false,false,"[PREMIUM]","[PREMIUM]","[PREMIUM]","[PREMIUM]","[PREMIUM]","[PREMIUM]",false,true,"6619900f13e0093f93b67dbb","['5d3b35c615a7cc0036d284db']","[PREMIUM]","[PREMIUM]"
"6979c9ae474ec21455d91591","2026-03-16 05:47:29.723","2026-03-29 13:53:56.104","6979c9ae474ec21455d91591","Yot Club","music","2026-06-12 19:00:00","2026-06-12 23:00:00","2026-06-12 23:00:00",false,false,false,"[PREMIUM]","[PREMIUM]","[PREMIUM]","[PREMIUM]","[PREMIUM]","[PREMIUM]",false,true,"5892554fcde6626ebe59bb6b","['65c2b038d37768d6b80f2b87']","[PREMIUM]","[PREMIUM]"
"697976e0661db8826291a9f9","2026-03-16 05:47:29.723","2026-03-29 13:53:56.104","697976e0661db8826291a9f9","Nitty Gritty Dirt Band","music","2026-06-11 19:30:00","2026-06-12 01:30:00","2026-06-12 01:30:00",false,false,false,"[PREMIUM]","[PREMIUM]","[PREMIUM]","[PREMIUM]","[PREMIUM]","[PREMIUM]",false,true,"6983ac6e11c0eb3938f8bad5","['65b4442fe135403695348bd5']","[PREMIUM]","[PREMIUM]"
"697955f03c6247d42e0bea5a","2026-03-16 05:47:29.723","2026-03-29 13:53:56.104","697955f03c6247d42e0bea5a","Jim Jefferies","comedy","2026-06-12 19:00:00","2026-06-13 02:00:00","2026-06-13 03:00:00",false,false,false,"[PREMIUM]","[PREMIUM]","[PREMIUM]","[PREMIUM]","[PREMIUM]","[PREMIUM]",false,false,"5ac6411c022df80013ca2e17","['580a99e8f80c4139e4d504ee']","[PREMIUM]","[PREMIUM]"
"69793b57b0ffea01d206d3a8","2026-03-16 05:47:29.723","2026-03-29 13:53:56.104","69793b57b0ffea01d206d3a8","DeVotchKa","music","2026-06-11 20:00:00","2026-06-12 01:00:00","2026-06-12 02:30:00",false,false,false,"[PREMIUM]","[PREMIUM]","[PREMIUM]","[PREMIUM]","[PREMIUM]","[PREMIUM]",false,true,"57eaab67cde6626ebe3842d8","['5b50d7b487d3e2001308c969']","[PREMIUM]","[PREMIUM]"
"69793b572830067b61956d64","2026-03-16 05:47:29.723","2026-03-29 13:54:07.146","69793b572830067b61956d64","Dillon Francis B2B Flosstradamus","music","2026-06-12 20:00:00","2026-06-13 01:00:00","2026-06-13 02:30:00",false,false,false,"[PREMIUM]","[PREMIUM]","[PREMIUM]","[PREMIUM]","[PREMIUM]","[PREMIUM]",false,false,"5bc64bc2be77be0017f365c6","['5bfdb3f96754a2001665e771']","[PREMIUM]","[PREMIUM]"
"697923eef523cf74de95a58f","2026-03-16 05:47:29.723","2026-03-29 13:53:56.104","697923eef523cf74de95a58f","America","music","2026-06-11 19:00:00","2026-06-12 02:00:00","2026-06-12 03:30:00",false,false,false,"[PREMIUM]","[PREMIUM]","[PREMIUM]","[PREMIUM]","[PREMIUM]","[PREMIUM]",false,false,"564372dbf80c411191000001","['5d71f4c0774e660038d6976b']","[PREMIUM]","[PREMIUM]"
"69791eb4132b1e58c51a018e","2026-03-16 05:47:29.723","2026-03-29 13:53:56.104","69791eb4132b1e58c51a018e","Teddy Swims","music","2026-06-12 19:00:00","2026-06-12 23:00:00","2026-06-13 00:30:00",false,false,false,"[PREMIUM]","[PREMIUM]","[PREMIUM]","[PREMIUM]","[PREMIUM]","[PREMIUM]",false,true,"697d486f8fbc257050b50823","['5dfbd269ce2a9100382466d4']","[PREMIUM]","[PREMIUM]"
"69791e5d63cb4728178537d5","2026-03-16 05:47:29.723","2026-03-29 13:53:56.104","69791e5d63cb4728178537d5","Cooper Alan (18+ Event)","music","2026-06-11 20:00:00","2026-06-12 00:00:00","2026-06-12 01:30:00",false,false,false,"[PREMIUM]","[PREMIUM]","[PREMIUM]","[PREMIUM]","[PREMIUM]","[PREMIUM]",false,false,"64c4161f7391d40001fea262","['61e9e3636f9fa70001b0ea0b']","[PREMIUM]","[PREMIUM]"
"69791e0d8fb23a2e6e231f46","2026-03-16 05:47:29.723","2026-03-29 13:53:56.104","69791e0d8fb23a2e6e231f46","The Wallflowers","music","2026-06-11 20:00:00","2026-06-12 01:00:00","2026-06-12 02:30:00",false,false,false,"[PREMIUM]","[PREMIUM]","[PREMIUM]","[PREMIUM]","[PREMIUM]","[PREMIUM]",false,false,"57e2dfde50575d33c8a3f2ad","['625607a9c838970001f768d1']","[PREMIUM]","[PREMIUM]"
"69791d16b0ffea01d206ca24","2026-03-16 05:47:29.723","2026-03-29 13:54:07.146","69791d16b0ffea01d206ca24","Modest Mouse","music","2026-06-12 20:00:00","2026-06-13 00:00:00","2026-06-13 01:00:00",false,false,false,"[PREMIUM]","[PREMIUM]","[PREMIUM]","[PREMIUM]","[PREMIUM]","[PREMIUM]",false,true,"598ce7de9da0d48c0db72389","['5746087ff80c412246000002']","[PREMIUM]","[PREMIUM]"
"69791c815605bf18205aa9f8","2026-03-16 05:47:29.723","2026-03-29 13:53:56.104","69791c815605bf18205aa9f8","Napalm Death","music","2026-06-12 18:30:00","2026-06-13 00:30:00","2026-06-13 02:00:00",false,false,false,"[PREMIUM]","[PREMIUM]","[PREMIUM]","[PREMIUM]","[PREMIUM]","[PREMIUM]",false,true,"5a29c0a216b922000d942f2a","['632e329300bd4500016dfb71']","[PREMIUM]","[PREMIUM]"
"697902a19ca8d67e810e1046","2026-03-16 05:47:29.723","2026-03-29 13:53:56.104","697902a19ca8d67e810e1046","Dave Matthews Band","music","2026-06-12 19:30:00","2026-06-12 23:30:00","2026-06-13 00:30:00",false,false,false,"[PREMIUM]","[PREMIUM]","[PREMIUM]","[PREMIUM]","[PREMIUM]","[PREMIUM]",false,false,"56d73da9f80c416b41000002","['588fda3af80c415143de9792']","[PREMIUM]","[PREMIUM]"
"6978ca4d76d3062919d01a6a","2026-03-16 05:47:29.723","2026-03-29 13:53:56.104","6978ca4d76d3062919d01a6a","Just in Time","theater","2026-06-11 19:00:00","2026-06-11 23:00:00","2026-06-11 23:00:00",false,false,false,"[PREMIUM]","[PREMIUM]","[PREMIUM]","[PREMIUM]","[PREMIUM]","[PREMIUM]",false,true,"6628123b0eba398f8d469990","['677d98cbe0e587b1d3ee9d7e']","[PREMIUM]","[PREMIUM]"
"6978ca4c186323d385ae2697","2026-03-16 05:47:29.723","2026-03-29 13:53:56.104","6978ca4c186323d385ae2697","Just in Time","theater","2026-06-12 19:00:00","2026-06-12 23:00:00","2026-06-12 23:00:00",false,false,false,"[PREMIUM]","[PREMIUM]","[PREMIUM]","[PREMIUM]","[PREMIUM]","[PREMIUM]",false,true,"6628123b0eba398f8d469990","['677d98cbe0e587b1d3ee9d7e']","[PREMIUM]","[PREMIUM]"
"6977ebede31a1ed046083b1d","2026-03-16 05:47:29.723","2026-03-29 13:53:56.104","6977ebede31a1ed046083b1d","Girl Named Tom","music","2026-06-11 20:00:00","2026-06-12 01:00:00","2026-06-12 02:30:00",false,false,false,"[PREMIUM]","[PREMIUM]","[PREMIUM]","[PREMIUM]","[PREMIUM]","[PREMIUM]",false,true,"617b0d79547c380001ab425f","['63c86a6e5bb6d6000136f66a']","[PREMIUM]","[PREMIUM]"
"6977eadf7d5131c11ccf57db","2026-03-16 05:47:29.723","2026-03-29 13:53:56.104","6977eadf7d5131c11ccf57db","The Crane Wives","music","2026-06-11 20:00:00","2026-06-12 03:00:00","2026-06-12 03:00:00",false,false,false,"[PREMIUM]","[PREMIUM]","[PREMIUM]","[PREMIUM]","[PREMIUM]","[PREMIUM]",false,true,"6984dee7ebbe4e1e3a9c03c9","['64e3c0f9e382120001d60688']","[PREMIUM]","[PREMIUM]"
"6977ea0288cad11f3f954b45","2026-03-16 05:47:29.723","2026-03-29 13:53:56.104","6977ea0288cad11f3f954b45","Em Beihold","music","2026-06-11 20:00:00","2026-06-12 03:00:00","2026-06-12 03:00:00",false,false,false,"[PREMIUM]","[PREMIUM]","[PREMIUM]","[PREMIUM]","[PREMIUM]","[PREMIUM]",false,true,"658f475813dd3e52365a4ac4","['6525fa5c8d2a62da013c8c87']","[PREMIUM]","[PREMIUM]"
"6977e9c77d5131c11ccf5780","2026-03-16 05:47:29.723","2026-03-29 13:54:07.146","6977e9c77d5131c11ccf5780","Gza, Ghostface Killah, Raekwon","music","2026-06-12 20:00:00","2026-06-13 02:00:00","2026-06-13 03:30:00",false,false,false,"[PREMIUM]","[PREMIUM]","[PREMIUM]","[PREMIUM]","[PREMIUM]","[PREMIUM]",false,true,"6813af4c45129a1a3977d71c","['63bdde94aaf53400012182c3','674f28db92123648f7faa8ca']","[PREMIUM]","[PREMIUM]"
"6977e8b6a08a6923bb0687fb","2026-03-16 05:47:29.723","2026-03-29 13:54:07.146","6977e8b6a08a6923bb0687fb","Em Beihold","music","2026-06-12 20:00:00","2026-06-13 03:00:00","2026-06-13 03:00:00",false,false,false,"[PREMIUM]","[PREMIUM]","[PREMIUM]","[PREMIUM]","[PREMIUM]","[PREMIUM]",false,true,"5a4534eaf7346000132383d5","['6525fa5c8d2a62da013c8c87']","[PREMIUM]","[PREMIUM]"
"6977e7f93783bf7286c5a892","2026-03-16 05:47:29.723","2026-03-29 13:54:07.146","6977e7f93783bf7286c5a892","The Chicks","music","2026-06-12 20:00:00","2026-06-13 03:00:00","2026-06-13 04:30:00",false,false,false,"[PREMIUM]","[PREMIUM]","[PREMIUM]","[PREMIUM]","[PREMIUM]","[PREMIUM]",false,false,"6328a2004e227c0001ffc147","['62212f437ad3b4000131a7e1']","[PREMIUM]","[PREMIUM]"
"6977e7519dfd3c4ec1d7ec48","2026-03-16 05:47:29.723","2026-03-29 13:53:56.104","6977e7519dfd3c4ec1d7ec48","The Runarounds","music","2026-06-11 20:00:00","2026-06-12 01:00:00","2026-06-12 01:00:00",false,false,false,"[PREMIUM]","[PREMIUM]","[PREMIUM]","[PREMIUM]","[PREMIUM]","[PREMIUM]",false,true,"681957b2fd92f04afc7cbd35","['68d2f1d24be7e3930cc7093b']","[PREMIUM]","[PREMIUM]"
"6977d26b186323d385ade149","2026-03-16 05:47:29.723","2026-03-29 13:53:56.104","6977d26b186323d385ade149","Voyage - a Journey Tribute","music","2026-06-11 20:00:00","2026-06-12 00:00:00","2026-06-12 00:00:00",false,false,false,"[PREMIUM]","[PREMIUM]","[PREMIUM]","[PREMIUM]","[PREMIUM]","[PREMIUM]",false,false,"5ae9e1666d5aa100126dbf64","['665f97667493eb098435e88e']","[PREMIUM]","[PREMIUM]"
"6977d1e667ed1f91ee10b601","2026-03-16 05:47:29.723","2026-03-29 13:54:07.146","6977d1e667ed1f91ee10b601","Carrie Underwood","music","2026-06-12 20:00:00","2026-06-13 01:00:00","2026-06-13 02:00:00",false,false,false,"[PREMIUM]","[PREMIUM]","[PREMIUM]","[PREMIUM]","[PREMIUM]","[PREMIUM]",false,false,"6578ce3425c7ed9b1537d9f5","['56c255c4f80c411d29000003']","[PREMIUM]","[PREMIUM]"
"6977cc158ac0b2247b0dd971","2026-03-16 05:47:29.723","2026-03-29 13:53:56.104","6977cc158ac0b2247b0dd971","Happy Together Tour","music","2026-06-11 19:30:00","2026-06-11 23:30:00","2026-06-11 23:30:00",false,false,false,"[PREMIUM]","[PREMIUM]","[PREMIUM]","[PREMIUM]","[PREMIUM]","[PREMIUM]",false,true,"66b66e3a43bd07750c0a8fd8","['6581d7ada1358d51594533a9']","[PREMIUM]","[PREMIUM]"
"6977abc375f8c65ffc67a073","2026-03-16 05:47:29.723","2026-03-29 13:53:56.104","6977abc375f8c65ffc67a073","Kid Cudi","music","2026-06-12 18:30:00","2026-06-13 00:30:00","2026-06-13 01:30:00",false,false,false,"[PREMIUM]","[PREMIUM]","[PREMIUM]","[PREMIUM]","[PREMIUM]","[PREMIUM]",false,false,"66bbdd36c47689b595595238","['564e28f8f80c415960000002']","[PREMIUM]","[PREMIUM]"
"6973eb827aab61561a3213dd","2026-03-16 05:47:29.723","2026-03-29 13:53:56.104","6973eb827aab61561a3213dd","Follow My Team - Paraguay National Soccer Team (3 Games USA Matches Only)","soccer","2026-06-11 00:00:00","2026-06-11 04:00:00","2026-06-11 05:30:00",false,false,false,"[PREMIUM]","[PREMIUM]","[PREMIUM]","[PREMIUM]","[PREMIUM]","[PREMIUM]",false,true,"6973d055467c943987d9f594","['5c6b3ca66bde710018898aae']","[PREMIUM]","[PREMIUM]"
"6973ea42bc8e953cf205d385","2026-03-16 05:47:29.723","2026-03-29 13:53:56.104","6973ea42bc8e953cf205d385","Follow My Team - Brazil National Soccer Team (3 Games USA Matches Only)","soccer","2026-06-12 00:00:00","2026-06-12 04:00:00","2026-06-12 05:30:00",false,false,false,"[PREMIUM]","[PREMIUM]","[PREMIUM]","[PREMIUM]","[PREMIUM]","[PREMIUM]",false,true,"6973d055467c943987d9f594","['5b3be1470b128500133a46c4']","[PREMIUM]","[PREMIUM]"
"6973e7c49b0edda627e6089d","2026-03-16 05:47:29.723","2026-03-29 13:53:56.104","6973e7c49b0edda627e6089d","Follow My Team - Morocco National Soccer Team (3 Games USA Matches Only)","soccer","2026-06-12 00:00:00","2026-06-12 04:00:00","2026-06-12 05:30:00",false,false,false,"[PREMIUM]","[PREMIUM]","[PREMIUM]","[PREMIUM]","[PREMIUM]","[PREMIUM]",false,true,"6973d055467c943987d9f594","['62614a302629440001f2bb55']","[PREMIUM]","[PREMIUM]"
"6973e7165b1443686871d4f1","2026-03-16 05:47:29.723","2026-03-29 13:53:56.104","6973e7165b1443686871d4f1","Follow My Team - Scotland National Soccer Team (3 Games USA Matches Only)","soccer","2026-06-12 00:00:00","2026-06-12 04:00:00","2026-06-12 05:30:00",false,false,false,"[PREMIUM]","[PREMIUM]","[PREMIUM]","[PREMIUM]","[PREMIUM]","[PREMIUM]",false,true,"6973d055467c943987d9f594","['692498f19586b57d52a57d40']","[PREMIUM]","[PREMIUM]"
"6973e04b312cd1e31a505ade","2026-03-16 05:47:29.723","2026-03-29 13:53:56.104","6973e04b312cd1e31a505ade","Follow My Team - Haiti National Soccer Team (3 Games USA Matches Only)","soccer","2026-06-12 00:00:00","2026-06-12 04:00:00","2026-06-12 05:30:00",false,false,false,"[PREMIUM]","[PREMIUM]","[PREMIUM]","[PREMIUM]","[PREMIUM]","[PREMIUM]",false,true,"6973d055467c943987d9f594","['6924de597266ef73ba56e741']","[PREMIUM]","[PREMIUM]"
"6973df8150044ed327656135","2026-03-16 05:47:29.723","2026-03-29 13:53:56.104","6973df8150044ed327656135","Follow My Team - USA National Soccer Team (3 Games USA Matches Only)","soccer","2026-06-11 00:00:00","2026-06-11 04:00:00","2026-06-11 04:15:00",false,false,false,"[PREMIUM]","[PREMIUM]","[PREMIUM]","[PREMIUM]","[PREMIUM]","[PREMIUM]",false,true,"6973d055467c943987d9f594","['586d4f86f80c41187e3ec813']","[PREMIUM]","[PREMIUM]"
"6973dbf407450f31ebad4e5d","2026-03-16 05:47:29.723","2026-03-29 13:53:56.104","6973dbf407450f31ebad4e5d","Brit Floyd","music","2026-06-12 19:30:00","2026-06-13 02:30:00","2026-06-13 03:30:00",false,false,false,"[PREMIUM]","[PREMIUM]","[PREMIUM]","[PREMIUM]","[PREMIUM]","[PREMIUM]",false,false,"5e41b2fa3a4508003bee75eb","['58a7935df80c41494ff7ce4f']","[PREMIUM]","[PREMIUM]"
"6973b9564f32a5c12764be69","2026-03-16 05:47:29.723","2026-03-29 13:53:56.104","6973b9564f32a5c12764be69","Luke Bryan","music","2026-06-12 19:00:00","2026-06-13 00:00:00","2026-06-13 01:00:00",false,false,false,"[PREMIUM]","[PREMIUM]","[PREMIUM]","[PREMIUM]","[PREMIUM]","[PREMIUM]",false,false,"5be1dcc65425100016457018","['5626b662f80c414980000002']","[PREMIUM]","[PREMIUM]"
"6973b4e675d2e1ba75574694","2026-03-16 05:47:29.723","2026-03-29 13:53:56.104","6973b4e675d2e1ba75574694","Luke Bryan","music","2026-06-11 19:00:00","2026-06-12 00:00:00","2026-06-12 01:00:00",false,false,false,"[PREMIUM]","[PREMIUM]","[PREMIUM]","[PREMIUM]","[PREMIUM]","[PREMIUM]",false,false,"5caf64d50b94030015ded8ef","['5626b662f80c414980000002']","[PREMIUM]","[PREMIUM]"
"6972c000e4e37a1d12d57465","2026-03-16 05:47:29.723","2026-03-29 13:53:56.104","6972c000e4e37a1d12d57465","Classic Albums Live - The Eagles - Their Greatest Hits","music","2026-06-12 19:30:00","2026-06-13 02:30:00","2026-06-13 02:30:00",false,false,false,"[PREMIUM]","[PREMIUM]","[PREMIUM]","[PREMIUM]","[PREMIUM]","[PREMIUM]",false,false,"61b29b679533ce000197c50a","['66479f3f41d6116558731d26']","[PREMIUM]","[PREMIUM]"
"6972bec07cb7520204cd57bf","2026-03-16 05:47:29.723","2026-03-29 13:53:56.104","6972bec07cb7520204cd57bf","Summer Walker","music","2026-06-12 19:30:00","2026-06-12 23:30:00","2026-06-13 01:00:00",false,false,false,"[PREMIUM]","[PREMIUM]","[PREMIUM]","[PREMIUM]","[PREMIUM]","[PREMIUM]",false,false,"544effe03bf3766eb4000002","['5d5acaa4b163af0037df0547']","[PREMIUM]","[PREMIUM]"
"69728fa636ea932668a76de9","2026-03-16 05:47:29.723","2026-03-29 13:53:56.104","69728fa636ea932668a76de9","Harry Styles","music","2026-06-12 17:00:00","2026-06-12 21:00:00","2026-06-12 22:00:00",false,false,false,"[PREMIUM]","[PREMIUM]","[PREMIUM]","[PREMIUM]","[PREMIUM]","[PREMIUM]",false,false,"631bc3a9453fbb00011cd54f","['5907a9ddf80c410d5002b70d']","[PREMIUM]","[PREMIUM]"
"69718fb1e670d526d6858a67","2026-03-16 05:47:29.723","2026-03-29 13:53:56.104","69718fb1e670d526d6858a67","New York Liberty at Atlanta Dream (Commissioner Cup)","wnba","2026-06-11 19:30:00","2026-06-11 23:30:00","2026-06-12 01:00:00",false,false,false,"[PREMIUM]","[PREMIUM]","[PREMIUM]","[PREMIUM]","[PREMIUM]","[PREMIUM]",false,false,"60b7ee5897775b0001b38bfe","['596e68be25f2c5255b19e016','5967f08325f2c52b597fb01c','60ef43cd2e90dd000184040c']","[PREMIUM]","[PREMIUM]"
"69718eed5b47465d0c41dfdd","2026-03-16 05:47:29.723","2026-03-29 13:53:56.104","69718eed5b47465d0c41dfdd","Chicago Sky at Indiana Fever (WNBA Commissioners Cup)","wnba","2026-06-11 19:00:00","2026-06-11 23:00:00","2026-06-12 00:30:00",false,false,false,"[PREMIUM]","[PREMIUM]","[PREMIUM]","[PREMIUM]","[PREMIUM]","[PREMIUM]",false,false,"545afc653bf3763fb9000006","['5967f08325f2c52b597fb020','5967f08325f2c52b597fb022','60ef43cd2e90dd000184040c']","[PREMIUM]","[PREMIUM]"
"69718e173a80f25326b2a50d","2026-03-16 05:47:29.723","2026-03-29 13:53:56.104","69718e173a80f25326b2a50d","Las Vegas Aces at Portland Fire (Commissioners Cup)","wnba","2026-06-11 19:00:00","2026-06-12 02:00:00","2026-06-12 03:30:00",false,false,false,"[PREMIUM]","[PREMIUM]","[PREMIUM]","[PREMIUM]","[PREMIUM]","[PREMIUM]",false,false,"546d101a3bf3767afe000003","['690934b1c888f45932fa73d6','5ae0b476dd89110012e740b6','60ef43cd2e90dd000184040c']","[PREMIUM]","[PREMIUM]"
"69718d990249fcb747dcdc3d","2026-03-16 05:47:29.723","2026-03-29 13:53:56.104","69718d990249fcb747dcdc3d","Golden State Valkyries at Seattle Storm (Commissioners Cup)","wnba","2026-06-12 19:00:00","2026-06-13 02:00:00","2026-06-13 02:45:00",false,false,false,"[PREMIUM]","[PREMIUM]","[PREMIUM]","[PREMIUM]","[PREMIUM]","[PREMIUM]",false,false,"5605e88bf80c416833000001","['59321f2a25f2c5142b9c19f6','67085618b88b112b73ce2cf2','60ef43cd2e90dd000184040c']","[PREMIUM]","[PREMIUM]"
"69718d66a99ed170967cdf17","2026-03-16 05:47:29.723","2026-03-29 13:53:56.104","69718d66a99ed170967cdf17","Phoenix Mercury at Dallas Wings (Commissioners Cup)","wnba","2026-06-11 20:00:00","2026-06-12 01:00:00","2026-06-12 02:30:00",false,false,false,"[PREMIUM]","[PREMIUM]","[PREMIUM]","[PREMIUM]","[PREMIUM]","[PREMIUM]",false,false,"598b505a9da0d48c0da941a0","['596e68be25f2c5255b19e012','5967f08325f2c52b597fb024','60ef43cd2e90dd000184040c']","[PREMIUM]","[PREMIUM]"
"69718cc4867b280b82b532dd","2026-03-16 05:47:29.723","2026-03-29 13:53:56.104","69718cc4867b280b82b532dd","Commissioners Cup - Toronto Tempo at Washington Mystics","wnba","2026-06-12 19:30:00","2026-06-12 23:30:00","2026-06-13 01:00:00",false,false,false,"[PREMIUM]","[PREMIUM]","[PREMIUM]","[PREMIUM]","[PREMIUM]","[PREMIUM]",false,false,"5bb246df2e7ee30012cb522a","['5967f08325f2c52b597fb02a','6908f2110fd927c0268255fe','60ef43cd2e90dd000184040c']","[PREMIUM]","[PREMIUM]"
"6971561c38b93b909353f47d","2026-03-16 05:47:29.723","2026-03-29 13:53:56.104","6971561c38b93b909353f47d","Ben Rector","music","2026-06-12 19:30:00","2026-06-13 00:30:00","2026-06-13 01:30:00",false,false,false,"[PREMIUM]","[PREMIUM]","[PREMIUM]","[PREMIUM]","[PREMIUM]","[PREMIUM]",false,true,"65cd51d71915bb611aa365ce","['57a241a2f80c415fc39f2e9c']","[PREMIUM]","[PREMIUM]"
"6971547d37a1ca903cdc881a","2026-03-16 05:47:29.723","2026-03-29 13:53:56.104","6971547d37a1ca903cdc881a","Beaches The Musical","theater","2026-06-11 19:00:00","2026-06-11 23:00:00","2026-06-11 23:00:00",false,false,false,"[PREMIUM]","[PREMIUM]","[PREMIUM]","[PREMIUM]","[PREMIUM]","[PREMIUM]",false,true,"5a6a6d8c87425e000fa260b6","['69c54b5e96907d16db3a70bb']","[PREMIUM]","[PREMIUM]"
"6971547ce670d526d6857afc","2026-03-16 05:47:29.723","2026-03-29 13:53:56.104","6971547ce670d526d6857afc","The Lost Boys","theater","2026-06-11 19:00:00","2026-06-11 23:00:00","2026-06-11 23:00:00",false,false,false,"[PREMIUM]","[PREMIUM]","[PREMIUM]","[PREMIUM]","[PREMIUM]","[PREMIUM]",false,true,"67f99229c6ae74fe10d87f17","['6994ae176c2c887fdff0f989']","[PREMIUM]","[PREMIUM]"
"6971547c0249fcb747dccd08","2026-03-16 05:47:29.723","2026-03-29 13:53:56.104","6971547c0249fcb747dccd08","The Lost Boys","theater","2026-06-12 19:00:00","2026-06-12 23:00:00","2026-06-12 23:00:00",false,false,false,"[PREMIUM]","[PREMIUM]","[PREMIUM]","[PREMIUM]","[PREMIUM]","[PREMIUM]",false,true,"67f99229c6ae74fe10d87f17","['6994ae176c2c887fdff0f989']","[PREMIUM]","[PREMIUM]"
"6971547ae162f3c64d7ecbd1","2026-03-16 05:47:29.723","2026-03-29 13:53:56.104","6971547ae162f3c64d7ecbd1","Beaches The Musical","theater","2026-06-12 19:00:00","2026-06-12 23:00:00","2026-06-12 23:00:00",false,false,false,"[PREMIUM]","[PREMIUM]","[PREMIUM]","[PREMIUM]","[PREMIUM]","[PREMIUM]",false,true,"5a6a6d8c87425e000fa260b6","['69c54b5e96907d16db3a70bb']","[PREMIUM]","[PREMIUM]"
"6971525d97f71f961aceffb5","2026-03-16 05:47:29.723","2026-03-29 13:53:56.104","6971525d97f71f961aceffb5","UB40 feat. Ali Campbell","music","2026-06-11 18:30:00","2026-06-11 17:30:00","2026-06-11 18:30:00",false,false,false,"[PREMIUM]","[PREMIUM]","[PREMIUM]","[PREMIUM]","[PREMIUM]","[PREMIUM]",false,false,"67b669d3c95205a2caae88a8","['5931d79825f2c563526d4b88']","[PREMIUM]","[PREMIUM]"
"69703e2ca643408dc3595cc0","2026-03-16 05:47:29.723","2026-03-29 13:53:56.104","69703e2ca643408dc3595cc0","The Play That Goes Wrong","theater","2026-06-11 14:00:00","2026-06-11 18:00:00","2026-06-11 19:30:00",false,false,false,"[PREMIUM]","[PREMIUM]","[PREMIUM]","[PREMIUM]","[PREMIUM]","[PREMIUM]",false,true,"5a74ba8ebf2ea1000ff1a72e","['5a9db6206b71ed001376a8c0']","[PREMIUM]","[PREMIUM]"
"69703e2b2df3bd04d4a5f817","2026-03-16 05:47:29.723","2026-03-29 13:53:56.104","69703e2b2df3bd04d4a5f817","The Play That Goes Wrong","theater","2026-06-12 19:00:00","2026-06-12 23:00:00","2026-06-13 00:30:00",false,false,false,"[PREMIUM]","[PREMIUM]","[PREMIUM]","[PREMIUM]","[PREMIUM]","[PREMIUM]",false,false,"5a74ba8ebf2ea1000ff1a72e","['5a9db6206b71ed001376a8c0']","[PREMIUM]","[PREMIUM]"
"69703e2b0d37f84d85530a4a","2026-03-16 05:47:29.723","2026-03-29 13:53:56.104","69703e2b0d37f84d85530a4a","The Play That Goes Wrong","theater","2026-06-11 19:00:00","2026-06-11 23:00:00","2026-06-12 00:30:00",false,false,false,"[PREMIUM]","[PREMIUM]","[PREMIUM]","[PREMIUM]","[PREMIUM]","[PREMIUM]",false,false,"5a74ba8ebf2ea1000ff1a72e","['5a9db6206b71ed001376a8c0']","[PREMIUM]","[PREMIUM]"
"69703b974045f5eb83794538","2026-03-16 05:47:29.723","2026-03-29 13:53:56.104","69703b974045f5eb83794538","Arnez J","comedy","2026-06-12 19:00:00","2026-06-12 23:00:00","2026-06-13 00:30:00",false,false,false,"[PREMIUM]","[PREMIUM]","[PREMIUM]","[PREMIUM]","[PREMIUM]","[PREMIUM]",false,true,"615f25afee5027000111ee99","['5dbca4c17c70c000347ffab0']","[PREMIUM]","[PREMIUM]"
"69703b430249fcb747dc766f","2026-03-16 05:47:29.723","2026-03-29 13:54:07.146","69703b430249fcb747dc766f","Penn and Teller","theater","2026-06-12 20:00:00","2026-06-13 03:00:00","2026-06-13 03:00:00",false,false,false,"[PREMIUM]","[PREMIUM]","[PREMIUM]","[PREMIUM]","[PREMIUM]","[PREMIUM]",false,true,"69b83c5b5512b6935e7a321a","['6639380eefe0cbd2dcc5d89e']","[PREMIUM]","[PREMIUM]"
"69703b4288ac16171b0fbcbf","2026-03-16 05:47:29.723","2026-03-29 13:53:56.104","69703b4288ac16171b0fbcbf","Penn and Teller","theater","2026-06-11 20:00:00","2026-06-12 03:00:00","2026-06-12 03:00:00",false,false,false,"[PREMIUM]","[PREMIUM]","[PREMIUM]","[PREMIUM]","[PREMIUM]","[PREMIUM]",false,true,"69b83c5b5512b6935e7a321a","['6639380eefe0cbd2dcc5d89e']","[PREMIUM]","[PREMIUM]"
"69703ae40d37f84d85530996","2026-03-16 05:47:29.723","2026-03-29 13:53:56.104","69703ae40d37f84d85530996","The Human League","music","2026-06-12 19:30:00","2026-06-13 02:30:00","2026-06-13 02:30:00",false,false,false,"[PREMIUM]","[PREMIUM]","[PREMIUM]","[PREMIUM]","[PREMIUM]","[PREMIUM]",false,false,"65383c65245493a2c22646a8","['6971427051037f9784a43ed2']","[PREMIUM]","[PREMIUM]"
"69703a998e832ecf94bcd2be","2026-03-16 05:47:29.723","2026-03-29 13:53:56.104","69703a998e832ecf94bcd2be","Les Claypool - Claypool Gold","music","2026-06-12 19:30:00","2026-06-12 23:30:00","2026-06-13 01:00:00",false,false,false,"[PREMIUM]","[PREMIUM]","[PREMIUM]","[PREMIUM]","[PREMIUM]","[PREMIUM]",false,false,"61df62e37c4eae0001e8ec90","['63dd83c38b3a6900016dd8a1']","[PREMIUM]","[PREMIUM]"
"6970384088ac16171b0fbbc5","2026-03-16 05:47:29.723","2026-03-29 13:53:56.104","6970384088ac16171b0fbbc5","Bruce Hornsby","music","2026-06-11 20:00:00","2026-06-12 03:00:00","2026-06-12 04:30:00",false,false,false,"[PREMIUM]","[PREMIUM]","[PREMIUM]","[PREMIUM]","[PREMIUM]","[PREMIUM]",false,false,"5c422a02a26fcd00199d40b1","['622bb9bba75ce80001398ef2']","[PREMIUM]","[PREMIUM]"
"6970377c3221066dfc205748","2026-03-16 05:47:29.723","2026-03-29 13:53:56.104","6970377c3221066dfc205748","Beetlejuice - The Musical","theater","2026-06-11 19:30:00","2026-06-11 23:30:00","2026-06-12 01:00:00",false,false,false,"[PREMIUM]","[PREMIUM]","[PREMIUM]","[PREMIUM]","[PREMIUM]","[PREMIUM]",false,false,"5786b116f80c416b700b1436","['5d28ded112ed26003bc2ff38']","[PREMIUM]","[PREMIUM]"
"6970368727d2b812a3c98173","2026-03-16 05:47:29.723","2026-03-29 13:53:56.104","6970368727d2b812a3c98173","The Human League","music","2026-06-11 19:00:00","2026-06-12 01:00:00","2026-06-12 01:00:00",false,false,false,"[PREMIUM]","[PREMIUM]","[PREMIUM]","[PREMIUM]","[PREMIUM]","[PREMIUM]",false,false,"649c73ad4211c50001cb247a","['6971427051037f9784a43ed2']","[PREMIUM]","[PREMIUM]"
"696fe9cf51037f9784a3c200","2026-03-16 05:47:29.723","2026-03-29 13:53:56.104","696fe9cf51037f9784a3c200","Ralph Barbosa","comedy","2026-06-12 19:30:00","2026-06-13 00:30:00","2026-06-13 02:00:00",false,false,false,"[PREMIUM]","[PREMIUM]","[PREMIUM]","[PREMIUM]","[PREMIUM]","[PREMIUM]",false,false,"64066e4ac24bd4000173c865","['64077234f18f310001833076']","[PREMIUM]","[PREMIUM]"
"696fe926e162f3c64d7e4cfe","2026-03-16 05:47:29.723","2026-03-29 13:53:56.104","696fe926e162f3c64d7e4cfe","Ali Siddiq","comedy","2026-06-12 19:00:00","2026-06-13 00:00:00","2026-06-13 01:30:00",false,false,false,"[PREMIUM]","[PREMIUM]","[PREMIUM]","[PREMIUM]","[PREMIUM]","[PREMIUM]",false,false,"6781be800f98046710bb614d","['62058d3b4bf77600017915f2']","[PREMIUM]","[PREMIUM]"
"696fe2b90249fcb747dc49da","2026-03-16 05:47:29.723","2026-03-29 13:53:56.104","696fe2b90249fcb747dc49da","2026 Tacos and Tequila Festival - Friday","other","2026-06-12 18:30:00","2026-06-12 23:30:00","2026-06-12 23:30:00",false,false,false,"[PREMIUM]","[PREMIUM]","[PREMIUM]","[PREMIUM]","[PREMIUM]","[PREMIUM]",false,false,"67e3123f3d2a5ae4a818e0d2","['68a4b6caf0ab917861238fc0']","[PREMIUM]","[PREMIUM]"
"696fab1e0d37f84d8552cf20","2026-03-16 05:47:29.723","2026-03-29 13:53:56.104","696fab1e0d37f84d8552cf20","ASAP Rocky","music","2026-06-12 19:30:00","2026-06-12 23:30:00","2026-06-13 00:30:00",false,false,false,"[PREMIUM]","[PREMIUM]","[PREMIUM]","[PREMIUM]","[PREMIUM]","[PREMIUM]",false,false,"54514cfd3bf3760d30000001","['56392627f80c41167e000006']","[PREMIUM]","[PREMIUM]"
"696faaf227d2b812a3c946e5","2026-03-16 05:47:29.723","2026-03-29 13:53:56.104","696faaf227d2b812a3c946e5","ASAP Rocky","music","2026-06-11 19:30:00","2026-06-11 23:30:00","2026-06-12 00:30:00",false,false,false,"[PREMIUM]","[PREMIUM]","[PREMIUM]","[PREMIUM]","[PREMIUM]","[PREMIUM]",false,false,"544effe03bf3766eb4000002","['56392627f80c41167e000006']","[PREMIUM]","[PREMIUM]"
"696f759aa643408dc359166f","2026-03-16 05:47:29.723","2026-03-29 13:53:56.104","696f759aa643408dc359166f","Ain't Too Proud","theater","2026-06-11 14:00:00","2026-06-11 18:00:00","2026-06-11 19:30:00",false,false,false,"[PREMIUM]","[PREMIUM]","[PREMIUM]","[PREMIUM]","[PREMIUM]","[PREMIUM]",false,false,"6841f307599456f1f55cfe3e","['5df7f68b73d98c00372d499e']","[PREMIUM]","[PREMIUM]"
"696f759997f71f961ace6442","2026-03-16 05:47:29.723","2026-03-29 13:54:07.146","696f759997f71f961ace6442","Ain't Too Proud","theater","2026-06-12 20:00:00","2026-06-13 00:00:00","2026-06-13 01:30:00",false,false,false,"[PREMIUM]","[PREMIUM]","[PREMIUM]","[PREMIUM]","[PREMIUM]","[PREMIUM]",false,false,"6841f307599456f1f55cfe3e","['5df7f68b73d98c00372d499e']","[PREMIUM]","[PREMIUM]"
"696f75993221066dfc201522","2026-03-16 05:47:29.723","2026-03-29 13:53:56.104","696f75993221066dfc201522","Ain't Too Proud","theater","2026-06-11 20:00:00","2026-06-12 00:00:00","2026-06-12 01:30:00",false,false,false,"[PREMIUM]","[PREMIUM]","[PREMIUM]","[PREMIUM]","[PREMIUM]","[PREMIUM]",false,false,"6841f307599456f1f55cfe3e","['5df7f68b73d98c00372d499e']","[PREMIUM]","[PREMIUM]"
"696db21e77ad89bbabc8cdd6","2026-03-16 05:47:29.723","2026-03-29 13:54:07.146","696db21e77ad89bbabc8cdd6","Pixel Grip","music","2026-06-12 20:00:00","2026-06-13 02:00:00","2026-06-13 02:00:00",false,false,false,"[PREMIUM]","[PREMIUM]","[PREMIUM]","[PREMIUM]","[PREMIUM]","[PREMIUM]",false,true,"67ec0755cc1009bab06a522d","['667b338cc18aecf777573375']","[PREMIUM]","[PREMIUM]"
"696d625bbe133370aa20494c","2026-03-16 05:47:29.723","2026-03-29 13:54:07.146","696d625bbe133370aa20494c","Audrey Hobert","music","2026-06-12 20:00:00","2026-06-13 00:00:00","2026-06-13 00:00:00",false,false,false,"[PREMIUM]","[PREMIUM]","[PREMIUM]","[PREMIUM]","[PREMIUM]","[PREMIUM]",false,false,"57925b1df80c4117b790f0ed","['68cc66fcd588051517f2a69d']","[PREMIUM]","[PREMIUM]"
"696d5c59c240bec623e707a5","2026-03-16 05:47:29.723","2026-03-29 13:53:56.104","696d5c59c240bec623e707a5","Joe Gatto","comedy","2026-06-12 19:00:00","2026-06-12 23:00:00","2026-06-13 00:30:00",false,false,false,"[PREMIUM]","[PREMIUM]","[PREMIUM]","[PREMIUM]","[PREMIUM]","[PREMIUM]",false,true,"63c883c8ab09a60001d76f76","['61f9d21d91790300014d4929']","[PREMIUM]","[PREMIUM]"
"696d5c59a99ed170967bd853","2026-03-16 05:47:29.723","2026-03-29 13:54:07.146","696d5c59a99ed170967bd853","Joe Gatto","comedy","2026-06-12 21:45:00","2026-06-13 01:45:00","2026-06-13 03:15:00",false,false,false,"[PREMIUM]","[PREMIUM]","[PREMIUM]","[PREMIUM]","[PREMIUM]","[PREMIUM]",false,true,"63c883c8ab09a60001d76f76","['61f9d21d91790300014d4929']","[PREMIUM]","[PREMIUM]"
"696d5c590249fcb747dbcf4f","2026-03-16 05:47:29.723","2026-03-29 13:53:56.104","696d5c590249fcb747dbcf4f","Joe Gatto","comedy","2026-06-11 19:00:00","2026-06-11 23:00:00","2026-06-12 00:30:00",false,false,false,"[PREMIUM]","[PREMIUM]","[PREMIUM]","[PREMIUM]","[PREMIUM]","[PREMIUM]",false,true,"63c883c8ab09a60001d76f76","['61f9d21d91790300014d4929']","[PREMIUM]","[PREMIUM]"
"6969a548cda91921c2973dd3","2026-03-16 05:47:29.723","2026-03-29 13:54:07.146","6969a548cda91921c2973dd3","Dave Attell","comedy","2026-06-12 21:30:00","2026-06-13 04:30:00","2026-06-13 06:00:00",false,false,false,"[PREMIUM]","[PREMIUM]","[PREMIUM]","[PREMIUM]","[PREMIUM]","[PREMIUM]",false,true,"669ed1f79427117b2b57084d","['5d72f058774e660038d6979d']","[PREMIUM]","[PREMIUM]"
"6969a5483d68e66ed4a85339","2026-03-16 05:47:29.723","2026-03-29 13:53:56.104","6969a5483d68e66ed4a85339","Dave Attell","comedy","2026-06-12 19:00:00","2026-06-13 02:00:00","2026-06-13 03:30:00",false,false,false,"[PREMIUM]","[PREMIUM]","[PREMIUM]","[PREMIUM]","[PREMIUM]","[PREMIUM]",false,true,"669ed1f79427117b2b57084d","['5d72f058774e660038d6979d']","[PREMIUM]","[PREMIUM]"
"69698b86d7aea638b53f7953","2026-03-16 05:47:29.723","2026-03-29 13:53:56.104","69698b86d7aea638b53f7953","Juvenile","music","2026-06-11 20:00:00","2026-06-12 02:00:00","2026-06-12 03:30:00",false,false,false,"[PREMIUM]","[PREMIUM]","[PREMIUM]","[PREMIUM]","[PREMIUM]","[PREMIUM]",false,false,"57c4d063f80c412715be6455","['63ebc27a94ccfa000185fe2e']","[PREMIUM]","[PREMIUM]"
"696989aaef49d79d5dfb9d79","2026-03-16 05:47:29.723","2026-03-29 13:53:56.104","696989aaef49d79d5dfb9d79","Death Becomes Her","theater","2026-06-12 19:00:00","2026-06-12 23:00:00","2026-06-12 23:00:00",false,false,false,"[PREMIUM]","[PREMIUM]","[PREMIUM]","[PREMIUM]","[PREMIUM]","[PREMIUM]",false,false,"64a70a819960a6000111ddd3","['65c3fbc090f4009660ceb094']","[PREMIUM]","[PREMIUM]"
"696989aac18578119e50ed67","2026-03-16 05:47:29.723","2026-03-29 13:53:56.104","696989aac18578119e50ed67","Death Becomes Her","theater","2026-06-11 19:00:00","2026-06-11 23:00:00","2026-06-11 23:00:00",false,false,false,"[PREMIUM]","[PREMIUM]","[PREMIUM]","[PREMIUM]","[PREMIUM]","[PREMIUM]",false,false,"64a70a819960a6000111ddd3","['65c3fbc090f4009660ceb094']","[PREMIUM]","[PREMIUM]"
"69698470f96921a772918f9a","2026-03-16 05:47:29.723","2026-03-29 13:53:56.104","69698470f96921a772918f9a","Phil Hanley (18+ Event)","comedy","2026-06-11 19:00:00","2026-06-11 23:00:00","2026-06-12 00:30:00",false,false,false,"[PREMIUM]","[PREMIUM]","[PREMIUM]","[PREMIUM]","[PREMIUM]","[PREMIUM]",false,true,"64e9228cc36b610001a7c0cc","['6232579a329f080001a34080']","[PREMIUM]","[PREMIUM]"
"69698470a6a04c958b67635a","2026-03-16 05:47:29.723","2026-03-29 13:54:07.146","69698470a6a04c958b67635a","Phil Hanley (18+ Event)","comedy","2026-06-12 21:00:00","2026-06-13 01:00:00","2026-06-13 02:30:00",false,false,false,"[PREMIUM]","[PREMIUM]","[PREMIUM]","[PREMIUM]","[PREMIUM]","[PREMIUM]",false,true,"64e9228cc36b610001a7c0cc","['6232579a329f080001a34080']","[PREMIUM]","[PREMIUM]"
"696984702b2f117f02c3ae1d","2026-03-16 05:47:29.723","2026-03-29 13:53:56.104","696984702b2f117f02c3ae1d","Phil Hanley (18+ Event)","comedy","2026-06-12 19:00:00","2026-06-12 23:00:00","2026-06-13 00:30:00",false,false,false,"[PREMIUM]","[PREMIUM]","[PREMIUM]","[PREMIUM]","[PREMIUM]","[PREMIUM]",false,true,"64e9228cc36b610001a7c0cc","['6232579a329f080001a34080']","[PREMIUM]","[PREMIUM]"
"696982d08e7737253e2b4d06","2026-03-16 05:47:29.723","2026-03-29 13:54:07.146","696982d08e7737253e2b4d06","Juvenile","music","2026-06-12 20:00:00","2026-06-13 01:00:00","2026-06-13 02:30:00",false,false,false,"[PREMIUM]","[PREMIUM]","[PREMIUM]","[PREMIUM]","[PREMIUM]","[PREMIUM]",false,true,"67e312569f2af5b3d3448f17","['63ebc27a94ccfa000185fe2e']","[PREMIUM]","[PREMIUM]"
"69696e33cda91921c2972e6c","2026-03-16 05:47:29.723","2026-03-29 13:54:07.146","69696e33cda91921c2972e6c","DeRay Davis","comedy","2026-06-12 21:30:00","2026-06-13 04:30:00","2026-06-13 06:00:00",false,false,false,"[PREMIUM]","[PREMIUM]","[PREMIUM]","[PREMIUM]","[PREMIUM]","[PREMIUM]",false,true,"65725423a9fbb664339de6e4","['5e20f4997b9e7c0039cc0f28']","[PREMIUM]","[PREMIUM]"
"69696e337454597c4a3c2c07","2026-03-16 05:47:29.723","2026-03-29 13:53:56.104","69696e337454597c4a3c2c07","DeRay Davis","comedy","2026-06-12 19:00:00","2026-06-13 02:00:00","2026-06-13 03:30:00",false,false,false,"[PREMIUM]","[PREMIUM]","[PREMIUM]","[PREMIUM]","[PREMIUM]","[PREMIUM]",false,true,"65725423a9fbb664339de6e4","['5e20f4997b9e7c0039cc0f28']","[PREMIUM]","[PREMIUM]"
"69696d87f96921a772918999","2026-03-16 05:47:29.723","2026-03-29 13:53:56.104","69696d87f96921a772918999","Jacksonville Sharks at Green Bay Blizzard","afl","2026-06-12 19:00:00","2026-06-13 00:00:00","2026-06-13 01:30:00",false,false,false,"[PREMIUM]","[PREMIUM]","[PREMIUM]","[PREMIUM]","[PREMIUM]","[PREMIUM]",false,false,"57d8b1f050575d33c8737912","['5e504c1701cb900038d8f55f','6584bda23739bf3a14094446']","[PREMIUM]","[PREMIUM]"
"69696ac2b4546353f24e12a4","2026-03-16 05:47:29.723","2026-03-29 13:53:56.104","69696ac2b4546353f24e12a4","David Copperfield","theater","2026-06-11 21:30:00","2026-06-12 04:30:00","2026-06-12 04:30:00",false,false,false,"[PREMIUM]","[PREMIUM]","[PREMIUM]","[PREMIUM]","[PREMIUM]","[PREMIUM]",false,true,"6669d65bd266cd12a7c3858a","['66bfb198158d59af1bb40717']","[PREMIUM]","[PREMIUM]"
"69696ac1f96921a77291892a","2026-03-16 05:47:29.723","2026-03-29 13:54:07.146","69696ac1f96921a77291892a","David Copperfield","theater","2026-06-12 21:30:00","2026-06-13 04:30:00","2026-06-13 04:30:00",false,false,false,"[PREMIUM]","[PREMIUM]","[PREMIUM]","[PREMIUM]","[PREMIUM]","[PREMIUM]",false,true,"6669d65bd266cd12a7c3858a","['66bfb198158d59af1bb40717']","[PREMIUM]","[PREMIUM]"
"69696ac13598c3d9a5cd0854","2026-03-16 05:47:29.723","2026-03-29 13:53:56.104","69696ac13598c3d9a5cd0854","David Copperfield","theater","2026-06-11 19:00:00","2026-06-12 02:00:00","2026-06-12 02:00:00",false,false,false,"[PREMIUM]","[PREMIUM]","[PREMIUM]","[PREMIUM]","[PREMIUM]","[PREMIUM]",false,true,"6669d65bd266cd12a7c3858a","['66bfb198158d59af1bb40717']","[PREMIUM]","[PREMIUM]"
"69696abf657eb32d012f8708","2026-03-16 05:47:29.723","2026-03-29 13:53:56.104","69696abf657eb32d012f8708","David Copperfield","theater","2026-06-12 19:00:00","2026-06-13 02:00:00","2026-06-13 02:00:00",false,false,false,"[PREMIUM]","[PREMIUM]","[PREMIUM]","[PREMIUM]","[PREMIUM]","[PREMIUM]",false,true,"6669d65bd266cd12a7c3858a","['66bfb198158d59af1bb40717']","[PREMIUM]","[PREMIUM]"
"69696abe8d4a9dca428c7282","2026-03-16 05:47:29.723","2026-03-29 13:53:56.104","69696abe8d4a9dca428c7282","David Copperfield","theater","2026-06-10 21:30:00","2026-06-11 04:30:00","2026-06-11 04:30:00",false,false,false,"[PREMIUM]","[PREMIUM]","[PREMIUM]","[PREMIUM]","[PREMIUM]","[PREMIUM]",false,true,"6669d65bd266cd12a7c3858a","['66bfb198158d59af1bb40717']","[PREMIUM]","[PREMIUM]"
"696967bfb0fc312c1468b6cb","2026-03-16 05:47:29.723","2026-03-29 13:53:56.104","696967bfb0fc312c1468b6cb","Fortune Feimster","comedy","2026-06-12 19:00:00","2026-06-13 00:00:00","2026-06-13 01:30:00",false,false,false,"[PREMIUM]","[PREMIUM]","[PREMIUM]","[PREMIUM]","[PREMIUM]","[PREMIUM]",false,false,"6819073038cc81bd87d3538a","['5e31f0f5484dde00396c58bb']","[PREMIUM]","[PREMIUM]"
"69696790e9cbacd2ca9487e0","2026-03-16 05:47:29.723","2026-03-29 13:53:56.104","69696790e9cbacd2ca9487e0","Fortune Feimster","comedy","2026-06-11 19:00:00","2026-06-12 00:00:00","2026-06-12 01:30:00",false,false,false,"[PREMIUM]","[PREMIUM]","[PREMIUM]","[PREMIUM]","[PREMIUM]","[PREMIUM]",false,false,"66984ee68b47d9cad213cb7a","['5e31f0f5484dde00396c58bb']","[PREMIUM]","[PREMIUM]"
"69696762a8c4d36e550af106","2026-03-16 05:47:29.723","2026-03-29 13:54:07.146","69696762a8c4d36e550af106","Tony Rock","comedy","2026-06-12 21:15:00","2026-06-13 01:15:00","2026-06-13 02:45:00",false,false,false,"[PREMIUM]","[PREMIUM]","[PREMIUM]","[PREMIUM]","[PREMIUM]","[PREMIUM]",false,true,"634dba9a28b5a80001457104","['5dfd0cb12141cc00376d5fe3']","[PREMIUM]","[PREMIUM]"
"696967621985df97064f4c8a","2026-03-16 05:47:29.723","2026-03-29 13:53:56.104","696967621985df97064f4c8a","Tony Rock","comedy","2026-06-12 19:00:00","2026-06-12 23:00:00","2026-06-13 00:30:00",false,false,false,"[PREMIUM]","[PREMIUM]","[PREMIUM]","[PREMIUM]","[PREMIUM]","[PREMIUM]",false,true,"634dba9a28b5a80001457104","['5dfd0cb12141cc00376d5fe3']","[PREMIUM]","[PREMIUM]"
"696833b17bd01351c28912b8","2026-03-16 05:47:29.723","2026-03-29 13:53:56.104","696833b17bd01351c28912b8","Kelsy Karter","music","2026-06-12 19:00:00","2026-06-12 23:00:00","2026-06-13 00:30:00",false,false,false,"[PREMIUM]","[PREMIUM]","[PREMIUM]","[PREMIUM]","[PREMIUM]","[PREMIUM]",false,true,"57eaab67cde6626ebe3842d4","['61fc53e7d7c091000152d89f']","[PREMIUM]","[PREMIUM]"
"6967e423069f264d4c6a3ba7","2026-03-16 05:47:29.723","2026-03-29 13:53:56.104","6967e423069f264d4c6a3ba7","Vundabar","music","2026-06-11 19:00:00","2026-06-11 23:00:00","2026-06-12 00:00:00",false,false,false,"[PREMIUM]","[PREMIUM]","[PREMIUM]","[PREMIUM]","[PREMIUM]","[PREMIUM]",false,true,"5e4dcf43d67b97003c5dbbc5","['5a46c51725f2c57ea7e76021']","[PREMIUM]","[PREMIUM]"
"6967e38f8343781d514cc15b","2026-03-16 05:47:29.723","2026-03-29 13:53:56.104","6967e38f8343781d514cc15b","The Beths","music","2026-06-12 19:00:00","2026-06-12 23:00:00","2026-06-13 00:30:00",false,false,false,"[PREMIUM]","[PREMIUM]","[PREMIUM]","[PREMIUM]","[PREMIUM]","[PREMIUM]",false,false,"5a2057e5eab5c4000efd5dd6","['5c9b99cc5bd24d0015e48e9a']","[PREMIUM]","[PREMIUM]"
"6967e3752a302b7c9d8044f2","2026-03-16 05:47:29.723","2026-03-29 13:54:07.146","6967e3752a302b7c9d8044f2","Searows","music","2026-06-12 21:00:00","2026-06-13 04:00:00","2026-06-13 04:00:00",false,false,false,"[PREMIUM]","[PREMIUM]","[PREMIUM]","[PREMIUM]","[PREMIUM]","[PREMIUM]",false,true,"564372dcf80c411191000002","['65a88aac29a42ea9a43a6184']","[PREMIUM]","[PREMIUM]"
"6967dd30dfc60c533037eed3","2026-03-16 05:47:29.723","2026-03-29 13:53:56.104","6967dd30dfc60c533037eed3","Cold","music","2026-06-11 19:00:00","2026-06-11 23:00:00","2026-06-12 00:30:00",false,false,false,"[PREMIUM]","[PREMIUM]","[PREMIUM]","[PREMIUM]","[PREMIUM]","[PREMIUM]",false,false,"5a204c084b5f6500139949f3","['63912d7cb52e1a00010d00c8']","[PREMIUM]","[PREMIUM]"
"6965737169e3f308255203bf","2026-03-16 05:47:29.723","2026-03-29 13:53:56.104","6965737169e3f308255203bf","Titanique","theater","2026-06-12 17:00:00","2026-06-12 21:00:00","2026-06-12 21:00:00",false,false,false,"[PREMIUM]","[PREMIUM]","[PREMIUM]","[PREMIUM]","[PREMIUM]","[PREMIUM]",false,false,"5ac649c9f5c17b001430f6fc","['664d073358cacf465c222213']","[PREMIUM]","[PREMIUM]"
"696573716406ed8fc32fadb8","2026-03-16 05:47:29.723","2026-03-29 13:54:07.146","696573716406ed8fc32fadb8","Titanique","theater","2026-06-12 20:30:00","2026-06-13 00:30:00","2026-06-13 00:30:00",false,false,false,"[PREMIUM]","[PREMIUM]","[PREMIUM]","[PREMIUM]","[PREMIUM]","[PREMIUM]",false,false,"5ac649c9f5c17b001430f6fc","['664d073358cacf465c222213']","[PREMIUM]","[PREMIUM]"
"69657371317627350be3b94a","2026-03-16 05:47:29.723","2026-03-29 13:53:56.104","69657371317627350be3b94a","Titanique","theater","2026-06-11 19:30:00","2026-06-11 23:30:00","2026-06-11 23:30:00",false,false,false,"[PREMIUM]","[PREMIUM]","[PREMIUM]","[PREMIUM]","[PREMIUM]","[PREMIUM]",false,false,"5ac649c9f5c17b001430f6fc","['664d073358cacf465c222213']","[PREMIUM]","[PREMIUM]"
"6965720c8fe77dd66b9f7f2a","2026-03-16 05:47:29.723","2026-03-29 13:53:56.104","6965720c8fe77dd66b9f7f2a","Death of a Salesman","theater","2026-06-11 19:00:00","2026-06-11 23:00:00","2026-06-11 23:00:00",false,false,false,"[PREMIUM]","[PREMIUM]","[PREMIUM]","[PREMIUM]","[PREMIUM]","[PREMIUM]",false,false,"5a9ecf64ea5962001400e38f","['6994a9470aa7af9fadb7baf3']","[PREMIUM]","[PREMIUM]"
"696568f8a1852c2070b71564","2026-03-16 05:47:29.723","2026-03-29 13:54:07.146","696568f8a1852c2070b71564","Cooper Alan","music","2026-06-12 20:00:00","2026-06-13 00:00:00","2026-06-13 01:30:00",false,false,false,"[PREMIUM]","[PREMIUM]","[PREMIUM]","[PREMIUM]","[PREMIUM]","[PREMIUM]",false,false,"6615d19e516d321c2227b403","['61e9e3636f9fa70001b0ea0b']","[PREMIUM]","[PREMIUM]"
"696568940d7566d363eb517e","2026-03-16 05:47:29.723","2026-03-29 13:53:56.104","696568940d7566d363eb517e","Cindy Kaza","comedy","2026-06-11 19:30:00","2026-06-11 23:30:00","2026-06-11 23:30:00",false,false,false,"[PREMIUM]","[PREMIUM]","[PREMIUM]","[PREMIUM]","[PREMIUM]","[PREMIUM]",false,true,"66c91a40af5b9e95157bc439","['65f1f0b79b5cfecb4d36e3d8']","[PREMIUM]","[PREMIUM]"
"6965652a4f7002b5bf59efa8","2026-03-16 05:47:29.723","2026-03-29 13:53:56.104","6965652a4f7002b5bf59efa8","Charlie Puth","music","2026-06-11 19:00:00","2026-06-12 00:00:00","2026-06-12 01:00:00",false,false,false,"[PREMIUM]","[PREMIUM]","[PREMIUM]","[PREMIUM]","[PREMIUM]","[PREMIUM]",false,false,"60f9ed71298e6e0001f914ea","['57b5dee7f80c41264bb99864']","[PREMIUM]","[PREMIUM]"
"6965633ce4f0cd03eb96de6d","2026-03-16 05:47:29.723","2026-03-29 13:54:07.146","6965633ce4f0cd03eb96de6d","Evan Honer","music","2026-06-12 20:00:00","2026-06-13 00:00:00","2026-06-13 00:00:00",false,false,false,"[PREMIUM]","[PREMIUM]","[PREMIUM]","[PREMIUM]","[PREMIUM]","[PREMIUM]",false,false,"57e0488b50575d33c8948d93","['654a84fcc647160d3f7689d4']","[PREMIUM]","[PREMIUM]"
"6965613e317627350be3b35a","2026-03-16 05:47:29.723","2026-03-29 13:53:56.104","6965613e317627350be3b35a","Charlie Puth","music","2026-06-12 19:30:00","2026-06-13 00:30:00","2026-06-13 01:30:00",false,false,false,"[PREMIUM]","[PREMIUM]","[PREMIUM]","[PREMIUM]","[PREMIUM]","[PREMIUM]",false,false,"5989e9aa9da0d48c0d9efc2d","['57b5dee7f80c41264bb99864']","[PREMIUM]","[PREMIUM]"
"696560d26406ed8fc32fa6fd","2026-03-16 05:47:29.723","2026-03-29 13:53:56.104","696560d26406ed8fc32fa6fd","Cinderellas Tom Keifer Band","music","2026-06-12 19:30:00","2026-06-12 23:30:00","2026-06-12 23:30:00",false,false,false,"[PREMIUM]","[PREMIUM]","[PREMIUM]","[PREMIUM]","[PREMIUM]","[PREMIUM]",false,false,"5ae9e1666d5aa100126dbf64","['66636401c88b32c7ad8b4b8c']","[PREMIUM]","[PREMIUM]"
"69655f9da6736497599befd9","2026-03-16 05:47:29.723","2026-03-29 13:54:07.146","69655f9da6736497599befd9","Sommore (21+ Event)","comedy","2026-06-12 21:30:00","2026-06-13 01:30:00","2026-06-13 03:00:00",false,false,false,"[PREMIUM]","[PREMIUM]","[PREMIUM]","[PREMIUM]","[PREMIUM]","[PREMIUM]",false,true,"66c919de93a14c9b64101ef0","['5c8fe30cc621c90017a2d3ce']","[PREMIUM]","[PREMIUM]"
"69655f9d8f9889e1384ead3d","2026-03-16 05:47:29.723","2026-03-29 13:53:56.104","69655f9d8f9889e1384ead3d","Sommore (21+ Event)","comedy","2026-06-12 19:00:00","2026-06-12 23:00:00","2026-06-13 00:30:00",false,false,false,"[PREMIUM]","[PREMIUM]","[PREMIUM]","[PREMIUM]","[PREMIUM]","[PREMIUM]",false,true,"66c919de93a14c9b64101ef0","['5c8fe30cc621c90017a2d3ce']","[PREMIUM]","[PREMIUM]"
"695ff7c46d5e61d7ad3222aa","2026-03-16 05:47:29.723","2026-03-29 13:53:56.104","695ff7c46d5e61d7ad3222aa","Chris Stapleton","music","2026-06-11 19:30:00","2026-06-11 23:30:00","2026-06-12 00:30:00",false,false,false,"[PREMIUM]","[PREMIUM]","[PREMIUM]","[PREMIUM]","[PREMIUM]","[PREMIUM]",false,false,"56e1e5d9f80c416f7e000001","['5703e807f80c415b80000002']","[PREMIUM]","[PREMIUM]"
"695edd19f0b54fb943f02e89","2026-03-16 05:47:29.723","2026-03-29 13:53:56.104","695edd19f0b54fb943f02e89","Tigers Jaw","music","2026-06-12 19:00:00","2026-06-13 02:00:00","2026-06-13 03:30:00",false,false,false,"[PREMIUM]","[PREMIUM]","[PREMIUM]","[PREMIUM]","[PREMIUM]","[PREMIUM]",false,true,"5a43e9eef888b9001285be7b","['5b3519dbb75c960012e57316']","[PREMIUM]","[PREMIUM]"
"695edcf0c0f70c23f9b2a0e0","2026-03-16 05:47:29.723","2026-03-29 13:53:56.104","695edcf0c0f70c23f9b2a0e0","Tigers Jaw","music","2026-06-11 20:00:00","2026-06-12 03:00:00","2026-06-12 04:30:00",false,false,false,"[PREMIUM]","[PREMIUM]","[PREMIUM]","[PREMIUM]","[PREMIUM]","[PREMIUM]",false,false,"57e1885950575d33c89c1726","['5b3519dbb75c960012e57316']","[PREMIUM]","[PREMIUM]"
"695d914b1f75b0de0a8fd649","2026-03-16 05:47:29.723","2026-03-29 13:53:56.104","695d914b1f75b0de0a8fd649","Spite","music","2026-06-12 19:00:00","2026-06-12 23:00:00","2026-06-13 00:30:00",false,false,false,"[PREMIUM]","[PREMIUM]","[PREMIUM]","[PREMIUM]","[PREMIUM]","[PREMIUM]",false,false,"62bf39f8b6b97400011f8aaf","['5dfbcfd0e47f44003ae199f9']","[PREMIUM]","[PREMIUM]"
"695c8fbafedcf98bc3b9ab4d","2026-03-16 05:47:29.723","2026-03-29 13:53:56.104","695c8fbafedcf98bc3b9ab4d","Chris D'Elia","comedy","2026-06-12 19:00:00","2026-06-13 01:00:00","2026-06-13 02:30:00",false,false,false,"[PREMIUM]","[PREMIUM]","[PREMIUM]","[PREMIUM]","[PREMIUM]","[PREMIUM]",false,true,"648a14e200dd850001082cc9","['5be9f663d50b5b0014a030b6']","[PREMIUM]","[PREMIUM]"
"695c8fba5bfb32be58c6dda5","2026-03-16 05:47:29.723","2026-03-29 13:54:07.146","695c8fba5bfb32be58c6dda5","Chris D'Elia","comedy","2026-06-12 21:30:00","2026-06-13 03:30:00","2026-06-13 05:00:00",false,false,false,"[PREMIUM]","[PREMIUM]","[PREMIUM]","[PREMIUM]","[PREMIUM]","[PREMIUM]",false,true,"648a14e200dd850001082cc9","['5be9f663d50b5b0014a030b6']","[PREMIUM]","[PREMIUM]"
"695c8fba0fd7e7fe2bf77422","2026-03-16 05:47:29.723","2026-03-29 13:53:56.104","695c8fba0fd7e7fe2bf77422","Chris D'Elia","comedy","2026-06-11 19:00:00","2026-06-12 01:00:00","2026-06-12 02:30:00",false,false,false,"[PREMIUM]","[PREMIUM]","[PREMIUM]","[PREMIUM]","[PREMIUM]","[PREMIUM]",false,true,"648a14e200dd850001082cc9","['5be9f663d50b5b0014a030b6']","[PREMIUM]","[PREMIUM]"
"695c2b0ebebdbc4f955777ff","2026-03-16 05:47:29.723","2026-03-29 13:53:56.104","695c2b0ebebdbc4f955777ff","Death of a Salesman","theater","2026-06-12 19:00:00","2026-06-12 23:00:00","2026-06-12 23:00:00",false,false,false,"[PREMIUM]","[PREMIUM]","[PREMIUM]","[PREMIUM]","[PREMIUM]","[PREMIUM]",false,false,"5a9ecf64ea5962001400e38f","['6994a9470aa7af9fadb7baf3']","[PREMIUM]","[PREMIUM]"
"6958304dcaee672624a267c1","2026-03-16 05:47:29.723","2026-03-29 13:53:56.104","6958304dcaee672624a267c1","Monolord","music","2026-06-11 20:30:00","2026-06-12 03:30:00","2026-06-12 05:00:00",false,false,false,"[PREMIUM]","[PREMIUM]","[PREMIUM]","[PREMIUM]","[PREMIUM]","[PREMIUM]",false,true,"5a43d398f7f0e90012bd74b6","['5b0ec4ae9c85b10014fda659']","[PREMIUM]","[PREMIUM]"
"6952cc531082d2d4d743ec61","2026-03-16 05:47:29.723","2026-03-29 13:53:56.104","6952cc531082d2d4d743ec61","Richmond Kickers at Athletic Club Boise","usl","2026-06-10 23:59:00","2026-06-11 05:59:00","2026-06-11 05:59:00",false,true,false,"[PREMIUM]","[PREMIUM]","[PREMIUM]","[PREMIUM]","[PREMIUM]","[PREMIUM]",false,true,"6954271afc6bddb37304fad9","['6944733f6442803aa1bca718','5a946b0a4c97ef00127ecfb6']","[PREMIUM]","[PREMIUM]"
"694b87e66d029babcb50aa7b","2026-03-16 05:47:29.723","2026-03-29 13:53:56.104","694b87e66d029babcb50aa7b","Operation Mincemeat - A New Musical","theater","2026-06-12 19:30:00","2026-06-12 23:30:00","2026-06-12 23:30:00",false,false,false,"[PREMIUM]","[PREMIUM]","[PREMIUM]","[PREMIUM]","[PREMIUM]","[PREMIUM]",false,false,"5ad8dd1783f680001326334a","['6781631bffa72984ff900e44']","[PREMIUM]","[PREMIUM]"
"694b6c6b5186697661352b10","2026-03-16 05:47:29.723","2026-03-29 13:53:56.104","694b6c6b5186697661352b10","Operation Mincemeat - A New Musical","theater","2026-06-11 19:00:00","2026-06-11 23:00:00","2026-06-11 23:00:00",false,false,false,"[PREMIUM]","[PREMIUM]","[PREMIUM]","[PREMIUM]","[PREMIUM]","[PREMIUM]",false,false,"5ad8dd1783f680001326334a","['6781631bffa72984ff900e44']","[PREMIUM]","[PREMIUM]"
"694a1f4058141d6d29c66c05","2026-03-16 05:47:29.723","2026-03-29 13:53:56.104","694a1f4058141d6d29c66c05","Carlos Mencia (18+ Event)","comedy","2026-06-11 21:30:00","2026-06-12 04:30:00","2026-06-12 06:00:00",false,false,false,"[PREMIUM]","[PREMIUM]","[PREMIUM]","[PREMIUM]","[PREMIUM]","[PREMIUM]",false,true,"63e6a8b18d0aad0001987d37","['61e71b4cee02da00019d6dd2']","[PREMIUM]","[PREMIUM]"
"694a04892592094c0c54a08c","2026-03-16 05:47:29.723","2026-03-29 13:53:56.104","694a04892592094c0c54a08c","Comedy Cellar","comedy","2026-06-11 19:00:00","2026-06-12 02:00:00","2026-06-12 02:00:00",false,false,false,"[PREMIUM]","[PREMIUM]","[PREMIUM]","[PREMIUM]","[PREMIUM]","[PREMIUM]",false,false,"6660a94b5cd8bd812ba27b93","['6753306351c78e490f37014e']","[PREMIUM]","[PREMIUM]"
"694a0486ee2376b321c40b06","2026-03-16 05:47:29.723","2026-03-29 13:53:56.104","694a0486ee2376b321c40b06","Comedy Cellar","comedy","2026-06-12 19:00:00","2026-06-13 02:00:00","2026-06-13 02:00:00",false,false,false,"[PREMIUM]","[PREMIUM]","[PREMIUM]","[PREMIUM]","[PREMIUM]","[PREMIUM]",false,false,"6660a94b5cd8bd812ba27b93","['6753306351c78e490f37014e']","[PREMIUM]","[PREMIUM]"
"694a0485ae65704f4b4c0559","2026-03-16 05:47:29.723","2026-03-29 13:54:07.146","694a0485ae65704f4b4c0559","Comedy Cellar (18+ Event)","comedy","2026-06-12 21:30:00","2026-06-13 04:30:00","2026-06-13 04:30:00",false,false,false,"[PREMIUM]","[PREMIUM]","[PREMIUM]","[PREMIUM]","[PREMIUM]","[PREMIUM]",false,true,"6660a94b5cd8bd812ba27b93","['6753306351c78e490f37014e']","[PREMIUM]","[PREMIUM]"
"694a0484ededb355baef9dcf","2026-03-16 05:47:29.723","2026-03-29 13:53:56.104","694a0484ededb355baef9dcf","Comedy Cellar","comedy","2026-06-11 21:30:00","2026-06-12 04:30:00","2026-06-12 04:30:00",false,false,false,"[PREMIUM]","[PREMIUM]","[PREMIUM]","[PREMIUM]","[PREMIUM]","[PREMIUM]",false,false,"6660a94b5cd8bd812ba27b93","['6753306351c78e490f37014e']","[PREMIUM]","[PREMIUM]"
"694a0484519b8785700881ed","2026-03-16 05:47:29.723","2026-03-29 13:53:56.104","694a0484519b8785700881ed","Comedy Cellar (18+ Event)","comedy","2026-06-10 21:30:00","2026-06-11 04:30:00","2026-06-11 04:30:00",false,false,false,"[PREMIUM]","[PREMIUM]","[PREMIUM]","[PREMIUM]","[PREMIUM]","[PREMIUM]",false,true,"6660a94b5cd8bd812ba27b93","['6753306351c78e490f37014e']","[PREMIUM]","[PREMIUM]"
"694a047e61cdb44e43d975f1","2026-03-16 05:47:29.723","2026-03-29 13:53:56.104","694a047e61cdb44e43d975f1","Piano Man (18+ Event)","music","2026-06-11 18:30:00","2026-06-12 01:30:00","2026-06-12 01:30:00",false,false,false,"[PREMIUM]","[PREMIUM]","[PREMIUM]","[PREMIUM]","[PREMIUM]","[PREMIUM]",false,true,"65c68eea463851cc713158ae","['660f02917e3f1fb9dc807bbe']","[PREMIUM]","[PREMIUM]"
"694a046f88dce79e0fd604a7","2026-03-16 05:47:29.723","2026-03-29 13:53:56.104","694a046f88dce79e0fd604a7","Carpenters Legacy","theater","2026-06-11 17:00:00","2026-06-12 00:00:00","2026-06-12 00:00:00",false,false,false,"[PREMIUM]","[PREMIUM]","[PREMIUM]","[PREMIUM]","[PREMIUM]","[PREMIUM]",false,true,"65c68eea463851cc713158ae","['661015a133a2d4cfd9833a8f']","[PREMIUM]","[PREMIUM]"
"694a0346aeeb4ca381e26630","2026-03-16 05:47:29.723","2026-03-29 13:53:56.104","694a0346aeeb4ca381e26630","RedPocket Mobiles at Yuba Sutter Freebirds","milb","2026-06-11 23:59:00","2026-06-12 06:59:00","2026-06-12 06:59:00",false,true,false,"[PREMIUM]","[PREMIUM]","[PREMIUM]","[PREMIUM]","[PREMIUM]","[PREMIUM]",false,true,"694ad414d89f8494c302c083","['66747513b36f70f95092b5a2','5a99e2126311820014498a01']","[PREMIUM]","[PREMIUM]"
"694a034658141d6d29c66344","2026-03-16 05:47:29.723","2026-03-29 13:53:56.104","694a034658141d6d29c66344","RedPocket Mobiles at Yuba Sutter Freebirds","milb","2026-06-10 23:59:00","2026-06-11 06:59:00","2026-06-11 06:59:00",false,true,false,"[PREMIUM]","[PREMIUM]","[PREMIUM]","[PREMIUM]","[PREMIUM]","[PREMIUM]",false,true,"694ad414d89f8494c302c083","['66747513b36f70f95092b5a2','5a99e2126311820014498a01']","[PREMIUM]","[PREMIUM]"
"6949eafa36a8d0f018ea0f2a","2026-03-16 05:47:29.723","2026-03-29 13:53:56.104","6949eafa36a8d0f018ea0f2a","Great Falls Voyagers at Ogden Raptors","milb","2026-06-12 00:00:00","2026-06-12 06:00:00","2026-06-12 07:30:00",false,true,false,"[PREMIUM]","[PREMIUM]","[PREMIUM]","[PREMIUM]","[PREMIUM]","[PREMIUM]",false,true,"69987b619830442aca074498","['60ca6d3df9cb5400010bee17','60ca6d86435a58000175440c']","[PREMIUM]","[PREMIUM]"
"6949eaf94ff8323b934147ff","2026-03-16 05:47:29.723","2026-03-29 13:53:56.104","6949eaf94ff8323b934147ff","Great Falls Voyagers at Ogden Raptors","milb","2026-06-11 00:00:00","2026-06-11 06:00:00","2026-06-11 07:30:00",false,true,false,"[PREMIUM]","[PREMIUM]","[PREMIUM]","[PREMIUM]","[PREMIUM]","[PREMIUM]",false,true,"69987b619830442aca074498","['60ca6d3df9cb5400010bee17','60ca6d86435a58000175440c']","[PREMIUM]","[PREMIUM]"
"6949e6cefb8993a40aa373a9","2026-03-16 05:47:29.723","2026-03-29 13:54:07.146","6949e6cefb8993a40aa373a9","Devotchka","music","2026-06-12 20:00:00","2026-06-13 01:00:00","2026-06-13 02:30:00",false,false,false,"[PREMIUM]","[PREMIUM]","[PREMIUM]","[PREMIUM]","[PREMIUM]","[PREMIUM]",false,true,"5994ca8b9da0d48c0dedcc47","['5b50d7b487d3e2001308c969']","[PREMIUM]","[PREMIUM]"
"6949e577865390cb63c53318","2026-03-16 05:47:29.723","2026-03-29 13:53:56.104","6949e577865390cb63c53318","The Music Man","theater","2026-06-12 19:30:00","2026-06-12 23:30:00","2026-06-13 01:00:00",false,false,false,"[PREMIUM]","[PREMIUM]","[PREMIUM]","[PREMIUM]","[PREMIUM]","[PREMIUM]",false,false,"5927c5c59da0d48c0d14ce97","['5d28dc6e40d0020037d71644']","[PREMIUM]","[PREMIUM]"
"6949e3d5519b878570086f39","2026-03-16 05:47:29.723","2026-03-29 13:53:56.104","6949e3d5519b878570086f39","Modesto Roadsters at Long Beach Coast","milb","2026-06-12 18:35:00","2026-06-13 01:35:00","2026-06-13 01:35:00",false,false,false,"[PREMIUM]","[PREMIUM]","[PREMIUM]","[PREMIUM]","[PREMIUM]","[PREMIUM]",false,false,"5a6b57af7508fb000fec27fe","['6949a9a95186697661347b2b','69459a1e900862d92fda0a3b']","[PREMIUM]","[PREMIUM]"
"6949e3d488dce79e0fd5f21a","2026-03-16 05:47:29.723","2026-03-29 13:53:56.104","6949e3d488dce79e0fd5f21a","Modesto Roadsters at Long Beach Coast","milb","2026-06-11 18:35:00","2026-06-12 01:35:00","2026-06-12 01:35:00",false,false,false,"[PREMIUM]","[PREMIUM]","[PREMIUM]","[PREMIUM]","[PREMIUM]","[PREMIUM]",false,false,"5a6b57af7508fb000fec27fe","['6949a9a95186697661347b2b','69459a1e900862d92fda0a3b']","[PREMIUM]","[PREMIUM]"
"6945444c548bc6cac56371f1","2026-03-16 05:47:29.723","2026-03-29 13:53:56.104","6945444c548bc6cac56371f1","Idaho Falls Chukars at Boise Hawks","milb","2026-06-12 00:00:00","2026-06-12 06:00:00","2026-06-12 07:30:00",false,true,false,"[PREMIUM]","[PREMIUM]","[PREMIUM]","[PREMIUM]","[PREMIUM]","[PREMIUM]",false,false,"60c8ecef17c4380001580f97","['5d13d3faec048e001bd17a42','61e886ac33b396000132f8b2']","[PREMIUM]","[PREMIUM]"
"6945444b3857001ad992adc4","2026-03-16 05:47:29.723","2026-03-29 13:53:56.104","6945444b3857001ad992adc4","Idaho Falls Chukars at Boise Hawks","milb","2026-06-11 00:00:00","2026-06-11 06:00:00","2026-06-11 07:30:00",false,true,false,"[PREMIUM]","[PREMIUM]","[PREMIUM]","[PREMIUM]","[PREMIUM]","[PREMIUM]",false,false,"60c8ecef17c4380001580f97","['5d13d3faec048e001bd17a42','61e886ac33b396000132f8b2']","[PREMIUM]","[PREMIUM]"
"69451448c3c665f6486184a7","2026-03-16 05:47:29.723","2026-03-29 13:53:56.104","69451448c3c665f6486184a7","Glacier Range Riders at Billings Mustangs","milb","2026-06-11 00:00:00","2026-06-11 06:00:00","2026-06-11 07:30:00",false,true,false,"[PREMIUM]","[PREMIUM]","[PREMIUM]","[PREMIUM]","[PREMIUM]","[PREMIUM]",false,false,"6945a33856397eff0fab66dc","['60ca6b9275f9590001d24a38','64221e9fe1e7fe0001e4964c']","[PREMIUM]","[PREMIUM]"
"69451447b4f21f6b32ea4129","2026-03-16 05:47:29.723","2026-03-29 13:53:56.104","69451447b4f21f6b32ea4129","Glacier Range Riders at Billings Mustangs","milb","2026-06-12 00:00:00","2026-06-12 06:00:00","2026-06-12 07:30:00",false,true,false,"[PREMIUM]","[PREMIUM]","[PREMIUM]","[PREMIUM]","[PREMIUM]","[PREMIUM]",false,false,"6945a33856397eff0fab66dc","['60ca6b9275f9590001d24a38','64221e9fe1e7fe0001e4964c']","[PREMIUM]","[PREMIUM]"
"6944d8e4db99ca20eeeeec6c","2026-03-16 05:47:29.723","2026-03-29 13:53:56.104","6944d8e4db99ca20eeeeec6c","Tape Face","music","2026-06-12 19:30:00","2026-06-13 02:30:00","2026-06-13 03:30:00",false,false,false,"[PREMIUM]","[PREMIUM]","[PREMIUM]","[PREMIUM]","[PREMIUM]","[PREMIUM]",false,true,"66d76e8256b831368f5a8151","['5a13715c25f2c55e95e137c6']","[PREMIUM]","[PREMIUM]"
"6944d8e434f2c8675f48ff0c","2026-03-16 05:47:29.723","2026-03-29 13:53:56.104","6944d8e434f2c8675f48ff0c","Tape Face","music","2026-06-11 19:30:00","2026-06-12 02:30:00","2026-06-12 03:30:00",false,false,false,"[PREMIUM]","[PREMIUM]","[PREMIUM]","[PREMIUM]","[PREMIUM]","[PREMIUM]",false,true,"66d76e8256b831368f5a8151","['5a13715c25f2c55e95e137c6']","[PREMIUM]","[PREMIUM]"
"694484f39663ce65cb5cfbf5","2026-03-16 05:47:29.723","2026-03-29 13:53:56.104","694484f39663ce65cb5cfbf5","Dallas Smith (18+ Event)","music","2026-06-12 19:00:00","2026-06-13 01:00:00","2026-06-13 02:30:00",false,false,false,"[PREMIUM]","[PREMIUM]","[PREMIUM]","[PREMIUM]","[PREMIUM]","[PREMIUM]",false,false,"644869a57801bc000133e548","['5d72efc4f324c000399287e1']","[PREMIUM]","[PREMIUM]"
"694483fb4a3cf8082a15bfd4","2026-03-16 05:47:29.723","2026-03-29 13:54:07.146","694483fb4a3cf8082a15bfd4","Hotel California","music","2026-06-12 20:00:00","2026-06-13 01:00:00","2026-06-13 01:00:00",false,false,false,"[PREMIUM]","[PREMIUM]","[PREMIUM]","[PREMIUM]","[PREMIUM]","[PREMIUM]",false,true,"65a9986f5395906205453cf6","['6806bcee93f42d47ea5d3e5a']","[PREMIUM]","[PREMIUM]"
"69447defa4ea0546bec829ab","2026-03-16 05:47:29.723","2026-03-29 13:54:07.146","69447defa4ea0546bec829ab","Ben Bankas","comedy","2026-06-12 21:30:00","2026-06-13 01:30:00","2026-06-13 01:30:00",false,false,false,"[PREMIUM]","[PREMIUM]","[PREMIUM]","[PREMIUM]","[PREMIUM]","[PREMIUM]",false,true,"6572537fa9fbb664339de6e2","['679290fa48bd9bea43ba3081']","[PREMIUM]","[PREMIUM]"
"69447def7105225232a37bfc","2026-03-16 05:47:29.723","2026-03-29 13:53:56.104","69447def7105225232a37bfc","Ben Bankas","comedy","2026-06-12 19:00:00","2026-06-12 23:00:00","2026-06-12 23:00:00",false,false,false,"[PREMIUM]","[PREMIUM]","[PREMIUM]","[PREMIUM]","[PREMIUM]","[PREMIUM]",false,false,"6572537fa9fbb664339de6e2","['679290fa48bd9bea43ba3081']","[PREMIUM]","[PREMIUM]"
"69447def35202ecb8a04b3c2","2026-03-16 05:47:29.723","2026-03-29 13:53:56.104","69447def35202ecb8a04b3c2","Ben Bankas","comedy","2026-06-11 19:30:00","2026-06-11 23:30:00","2026-06-11 23:30:00",false,false,false,"[PREMIUM]","[PREMIUM]","[PREMIUM]","[PREMIUM]","[PREMIUM]","[PREMIUM]",false,true,"6572537fa9fbb664339de6e2","['679290fa48bd9bea43ba3081']","[PREMIUM]","[PREMIUM]"
"69446230be69f20f6254499c","2026-03-16 05:47:29.723","2026-03-29 13:53:56.104","69446230be69f20f6254499c","Martin Amini","comedy","2026-06-12 19:00:00","2026-06-13 00:00:00","2026-06-13 00:00:00",false,false,false,"[PREMIUM]","[PREMIUM]","[PREMIUM]","[PREMIUM]","[PREMIUM]","[PREMIUM]",false,true,"63d45545ca768d00010f30d0","['6493b6eac470c0000115d7ad']","[PREMIUM]","[PREMIUM]"
"6944623025765a6474f6a46d","2026-03-16 05:47:29.723","2026-03-29 13:54:07.146","6944623025765a6474f6a46d","Martin Amini","comedy","2026-06-12 21:15:00","2026-06-13 02:15:00","2026-06-13 02:15:00",false,false,false,"[PREMIUM]","[PREMIUM]","[PREMIUM]","[PREMIUM]","[PREMIUM]","[PREMIUM]",false,true,"63d45545ca768d00010f30d0","['6493b6eac470c0000115d7ad']","[PREMIUM]","[PREMIUM]"
"69433511c2aa4baa29e02bf4","2026-03-16 05:47:29.723","2026-03-29 13:54:07.146","69433511c2aa4baa29e02bf4","Ryan Davis","comedy","2026-06-12 22:00:00","2026-06-13 02:00:00","2026-06-13 03:30:00",false,false,false,"[PREMIUM]","[PREMIUM]","[PREMIUM]","[PREMIUM]","[PREMIUM]","[PREMIUM]",false,true,"66202c837350c193b34b1392","['62a8d873586f4a00012c2ada']","[PREMIUM]","[PREMIUM]"
"69433511b99e7d0e80a0f414","2026-03-16 05:47:29.723","2026-03-29 13:53:56.104","69433511b99e7d0e80a0f414","Ryan Davis","comedy","2026-06-12 19:30:00","2026-06-12 23:30:00","2026-06-13 01:00:00",false,false,false,"[PREMIUM]","[PREMIUM]","[PREMIUM]","[PREMIUM]","[PREMIUM]","[PREMIUM]",false,true,"66202c837350c193b34b1392","['62a8d873586f4a00012c2ada']","[PREMIUM]","[PREMIUM]"
"6942a54b386892e5e47d6213","2026-03-16 05:47:29.723","2026-03-29 13:54:07.146","6942a54b386892e5e47d6213","Naomi Watanabe","comedy","2026-06-12 21:45:00","2026-06-13 04:45:00","2026-06-13 04:45:00",false,false,false,"[PREMIUM]","[PREMIUM]","[PREMIUM]","[PREMIUM]","[PREMIUM]","[PREMIUM]",false,false,"57d1e89250575d33c8544daf","['69333c5ddbe0de956d9e1283']","[PREMIUM]","[PREMIUM]"
"694239da905ac594a8c8e8f1","2026-03-16 05:47:29.723","2026-03-29 13:53:56.104","694239da905ac594a8c8e8f1","Orelsan","music","2026-06-11 20:00:00","2026-06-12 00:00:00","2026-06-12 00:00:00",false,false,false,"[PREMIUM]","[PREMIUM]","[PREMIUM]","[PREMIUM]","[PREMIUM]","[PREMIUM]",false,false,"548e84c93bf3764819000001","['6949793d80931b60eaffc420']","[PREMIUM]","[PREMIUM]"
"6941dcecd9ed86bc99393d8d","2026-03-16 05:47:29.723","2026-03-29 13:54:07.146","6941dcecd9ed86bc99393d8d","Leah Kate","music","2026-06-12 21:00:00","2026-06-13 04:00:00","2026-06-13 04:00:00",false,false,false,"[PREMIUM]","[PREMIUM]","[PREMIUM]","[PREMIUM]","[PREMIUM]","[PREMIUM]",false,false,"658f410996fa32d9ae3532f0","['65131c126a5290809350e2f8']","[PREMIUM]","[PREMIUM]"
"69417fc672d48d363112d87d","2026-03-16 05:47:21.535","2026-03-29 13:53:56.104","69417fc672d48d363112d87d","Josh Groban with Jennifer Hudson","music","2026-06-10 20:00:00","2026-06-11 00:00:00","2026-06-11 01:30:00",false,false,false,"[PREMIUM]","[PREMIUM]","[PREMIUM]","[PREMIUM]","[PREMIUM]","[PREMIUM]",false,false,"58127f1ecde6626ebe12395d","['5aa85c6b132ff60012623e55']","[PREMIUM]","[PREMIUM]"
"69409253a43d0ace0271e8ec","2026-03-16 05:47:21.535","2026-03-29 13:53:56.104","69409253a43d0ace0271e8ec","Jackson Hole Rodeo","pbr","2026-06-10 20:00:00","2026-06-11 02:00:00","2026-06-11 02:00:00",false,false,false,"[PREMIUM]","[PREMIUM]","[PREMIUM]","[PREMIUM]","[PREMIUM]","[PREMIUM]",false,false,"682d08a01afc64dbf50797b9","['681e40035fd8cea8f05bd69e']","[PREMIUM]","[PREMIUM]"
"69408b50046fd6611c889ad0","2026-03-16 05:47:21.535","2026-03-29 13:53:43.656","69408b50046fd6611c889ad0","Awakening","theater","2026-06-10 19:00:00","2026-06-11 02:00:00","2026-06-11 02:00:00",false,false,false,"[PREMIUM]","[PREMIUM]","[PREMIUM]","[PREMIUM]","[PREMIUM]","[PREMIUM]",false,true,"669ecefc5f434ad30b9d025a","['66db69274a7c7d5ae0775026']","[PREMIUM]","[PREMIUM]"
"6938c6bfe369caae3f3c6be4","2026-03-16 05:47:21.535","2026-03-29 13:53:43.656","6938c6bfe369caae3f3c6be4","Criss Angel","music","2026-06-10 19:00:00","2026-06-11 02:00:00","2026-06-11 03:30:00",false,false,false,"[PREMIUM]","[PREMIUM]","[PREMIUM]","[PREMIUM]","[PREMIUM]","[PREMIUM]",false,true,"66997f4615e03bffbeb67c22","['5d72eee0ba7f52003869270c']","[PREMIUM]","[PREMIUM]"
"69388a57bf16b1e2aa813d98","2026-03-16 05:47:21.535","2026-03-29 13:53:56.104","69388a57bf16b1e2aa813d98","Khalid","music","2026-06-10 19:30:00","2026-06-10 23:30:00","2026-06-11 00:30:00",false,false,false,"[PREMIUM]","[PREMIUM]","[PREMIUM]","[PREMIUM]","[PREMIUM]","[PREMIUM]",false,false,"677ef2c10f98046710bb5d57","['591c98dcf80c4117fb08292c']","[PREMIUM]","[PREMIUM]"
"693773706e552091071ad01c","2026-03-16 05:47:21.535","2026-03-29 13:53:56.104","693773706e552091071ad01c","Brit Floyd - Pink Floyd Tribute","music","2026-06-10 19:30:00","2026-06-11 02:30:00","2026-06-11 03:30:00",false,false,false,"[PREMIUM]","[PREMIUM]","[PREMIUM]","[PREMIUM]","[PREMIUM]","[PREMIUM]",false,false,"61e080c27e0bbb0001bb8505","['58a7935df80c41494ff7ce4f']","[PREMIUM]","[PREMIUM]"
"693755475560eaf2211e35cf","2026-03-16 05:47:21.535","2026-03-29 13:53:56.104","693755475560eaf2211e35cf","Lord Huron","music","2026-06-10 19:30:00","2026-06-11 01:30:00","2026-06-11 02:30:00",false,false,false,"[PREMIUM]","[PREMIUM]","[PREMIUM]","[PREMIUM]","[PREMIUM]","[PREMIUM]",false,false,"56038372f80c41109a000001","['564cff8df80c410bf1000008']","[PREMIUM]","[PREMIUM]"
"69373c03630a7e319f7f68a1","2026-03-16 05:47:21.535","2026-03-29 13:53:56.104","69373c03630a7e319f7f68a1","Alison Krauss","music","2026-06-10 19:30:00","2026-06-11 00:30:00","2026-06-11 01:30:00",false,false,false,"[PREMIUM]","[PREMIUM]","[PREMIUM]","[PREMIUM]","[PREMIUM]","[PREMIUM]",false,false,"66db7e704a7c7d5ae077503c","['594c234825f2c5142f3a5928']","[PREMIUM]","[PREMIUM]"
"693710b8bfa347a922868744","2026-03-16 05:47:21.535","2026-03-29 13:53:43.656","693710b8bfa347a922868744","Forrest Frank","music","2026-06-10 19:00:00","2026-06-10 23:00:00","2026-06-10 23:00:00",false,false,false,"[PREMIUM]","[PREMIUM]","[PREMIUM]","[PREMIUM]","[PREMIUM]","[PREMIUM]",false,false,"5309739c3bf376115d000002","['666b07f400831c20fdb46301']","[PREMIUM]","[PREMIUM]"
"6936c48edbd55d1dc0af7a48","2026-03-16 05:47:21.535","2026-03-29 13:53:56.104","6936c48edbd55d1dc0af7a48","Pattie Gonia","talk","2026-06-10 20:00:00","2026-06-11 00:00:00","2026-06-11 00:00:00",false,false,false,"[PREMIUM]","[PREMIUM]","[PREMIUM]","[PREMIUM]","[PREMIUM]","[PREMIUM]",false,false,"5df01927c05cd60038ff0ea9","['698cae870ecdfd793beed8cc']","[PREMIUM]","[PREMIUM]"
