"_primaryKey","_firstSeenAt","_lastSeenAt","eventId","name","category","datetimeLocal","datetimeUtc","salesCutOff","tbd","timeTbd","dateTbd","minPriceTotal","minPricePrefee","maxPriceTotal","maxPricePrefee","zoneDealPriceTotal","flashDealPriceTotal","hasExclusives","mapless","venueId","performerIds","popularityScore","trendingScore"
"69d582fbe52e281abfcf650f","2026-04-08 00:09:53.885","2026-04-21 04:38:38.936","69d582fbe52e281abfcf650f","Grand Ole Opry - Opry 100","music","2026-06-29 19:00:00","2026-06-30 00:00:00","2026-06-30 00:00:00",false,false,false,"[PREMIUM]","[PREMIUM]","[PREMIUM]","[PREMIUM]","[PREMIUM]","[PREMIUM]",false,false,"61afb7b2b044210001765879","['64b6c9b2492ae800019f8726']","[PREMIUM]","[PREMIUM]"
"69d56dbf1f49cf2eaa7a7235","2026-04-08 00:09:53.885","2026-04-21 04:38:38.936","69d56dbf1f49cf2eaa7a7235","Bob Dylan","music","2026-06-29 19:00:00","2026-06-30 00:00:00","2026-06-30 01:00:00",false,false,false,"[PREMIUM]","[PREMIUM]","[PREMIUM]","[PREMIUM]","[PREMIUM]","[PREMIUM]",true,false,"6101e79fa20ef2000134a6bd","['56e73f99f80c4150b1000003']","[PREMIUM]","[PREMIUM]"
"69d56ac51f49cf2eaa7a707a","2026-04-08 00:09:53.885","2026-04-21 04:38:38.936","69d56ac51f49cf2eaa7a707a","Kurt Vile and The Violators","music","2026-07-01 19:00:00","2026-07-02 02:00:00","2026-07-02 03:30:00",false,false,false,"[PREMIUM]","[PREMIUM]","[PREMIUM]","[PREMIUM]","[PREMIUM]","[PREMIUM]",false,false,"57e9ab62cde6626ebe2fd6a9","['5b2aa7a9bdaf450013cc32a5']","[PREMIUM]","[PREMIUM]"
"69d56ac0c4e4ea3d2f055bae","2026-04-08 00:09:53.885","2026-04-21 04:38:38.936","69d56ac0c4e4ea3d2f055bae","Bob Dylan","music","2026-06-30 19:00:00","2026-07-01 00:00:00","2026-07-01 01:00:00",false,false,false,"[PREMIUM]","[PREMIUM]","[PREMIUM]","[PREMIUM]","[PREMIUM]","[PREMIUM]",false,true,"64d2ca706d53b4000190658e","['56e73f99f80c4150b1000003']","[PREMIUM]","[PREMIUM]"
"69d565ff86013183eab78eb7","2026-04-08 00:09:53.885","2026-04-21 04:38:38.936","69d565ff86013183eab78eb7","Kurt Vile and The Violators","music","2026-06-28 20:00:00","2026-06-29 01:00:00","2026-06-29 02:30:00",false,false,false,"[PREMIUM]","[PREMIUM]","[PREMIUM]","[PREMIUM]","[PREMIUM]","[PREMIUM]",true,false,"5983adbe9da0d48c0d80d5a9","['5b2aa7a9bdaf450013cc32a5']","[PREMIUM]","[PREMIUM]"
"69d4f9a778d1fa103258b74f","2026-04-08 00:09:53.885","2026-04-21 04:38:38.936","69d4f9a778d1fa103258b74f","Geoffrey Asmus - Late Show","comedy","2026-06-28 20:45:00","2026-06-29 01:45:00","2026-06-29 01:45:00",false,false,false,"[PREMIUM]","[PREMIUM]","[PREMIUM]","[PREMIUM]","[PREMIUM]","[PREMIUM]",false,true,"64b1cec02542c20001b7c583","['64a7076527c00100010e62e2']","[PREMIUM]","[PREMIUM]"
"69d42e159d6e996420b94c01","2026-04-08 00:09:53.885","2026-04-21 04:38:38.936","69d42e159d6e996420b94c01","Riles","music","2026-06-28 20:30:00","2026-06-29 00:30:00","2026-06-29 00:30:00",false,false,false,"[PREMIUM]","[PREMIUM]","[PREMIUM]","[PREMIUM]","[PREMIUM]","[PREMIUM]",true,false,"57eaab67cde6626ebe3842d9","['69d42d57c27d1f8714070033']","[PREMIUM]","[PREMIUM]"
"69d419b7b5e48aa3ffacae9b","2026-04-08 00:09:53.885","2026-04-21 04:38:38.936","69d419b7b5e48aa3ffacae9b","Bela Fleck","music","2026-06-30 19:30:00","2026-06-30 23:30:00","2026-07-01 01:00:00",false,false,false,"[PREMIUM]","[PREMIUM]","[PREMIUM]","[PREMIUM]","[PREMIUM]","[PREMIUM]",true,false,"6823b97b2894e4a1373d4bca","['62fbfc46eed5650001ec89e3']","[PREMIUM]","[PREMIUM]"
"69d419b686013183eab71706","2026-04-08 00:09:53.885","2026-04-21 04:38:38.936","69d419b686013183eab71706","Comedy Bang! Bang!","comedy","2026-06-29 20:00:00","2026-06-30 00:00:00","2026-06-30 01:30:00",false,false,false,"[PREMIUM]","[PREMIUM]","[PREMIUM]","[PREMIUM]","[PREMIUM]","[PREMIUM]",true,false,"61c0ed9372e22e00017f433a","['5d72ed7b0d39b5003965d2d0']","[PREMIUM]","[PREMIUM]"
"69cb374839d4ee61f5c8b4c2","2026-04-08 00:09:53.885","2026-04-21 04:38:19.725","69cb374839d4ee61f5c8b4c2","Emorfik and uSAYbFLOW","music","2026-06-28 19:00:00","2026-06-29 00:00:00","2026-06-29 00:00:00",false,false,false,"[PREMIUM]","[PREMIUM]","[PREMIUM]","[PREMIUM]","[PREMIUM]","[PREMIUM]",false,true,"670068746067a138a66cee64","['66a8fa23dee8f294166be2fd']","[PREMIUM]","[PREMIUM]"
"697fee715e77f9eb0be1688b","2026-04-08 00:09:53.885","2026-04-21 04:38:38.936","697fee715e77f9eb0be1688b","Riles","music","2026-06-29 20:30:00","2026-06-30 00:30:00","2026-06-30 00:30:00",false,false,false,"[PREMIUM]","[PREMIUM]","[PREMIUM]","[PREMIUM]","[PREMIUM]","[PREMIUM]",true,false,"57eaab67cde6626ebe3842d9","['69d42d57c27d1f8714070033']","[PREMIUM]","[PREMIUM]"
"69d58a422241e0731cad9220","2026-04-08 00:09:45.596","2026-04-21 04:38:19.725","69d58a422241e0731cad9220","Boa","music","2026-06-27 19:00:00","2026-06-28 02:00:00","2026-06-28 02:00:00",false,false,false,"[PREMIUM]","[PREMIUM]","[PREMIUM]","[PREMIUM]","[PREMIUM]","[PREMIUM]",false,false,"57e9ab62cde6626ebe2fd6a9","['65fc87089670096540bca4ed']","[PREMIUM]","[PREMIUM]"
"69d56609caff9f04a1f30771","2026-04-08 00:09:45.596","2026-04-21 04:38:19.725","69d56609caff9f04a1f30771","Brantley Gilbert","music","2026-06-27 19:00:00","2026-06-28 00:00:00","2026-06-28 01:00:00",false,false,false,"[PREMIUM]","[PREMIUM]","[PREMIUM]","[PREMIUM]","[PREMIUM]","[PREMIUM]",false,true,"66bbdc062e9b05722f369d75","['579fc66ef80c41718668edbc']","[PREMIUM]","[PREMIUM]"
"69d4fb8550410319c7679a80","2026-04-08 00:09:45.596","2026-04-21 04:38:19.725","69d4fb8550410319c7679a80","Chris Botti","music","2026-06-27 20:00:00","2026-06-28 00:00:00","2026-06-28 01:00:00",false,false,false,"[PREMIUM]","[PREMIUM]","[PREMIUM]","[PREMIUM]","[PREMIUM]","[PREMIUM]",false,true,"67e3123c3d2a5ae4a818e0ca","['595fbb3225f2c52889295bee']","[PREMIUM]","[PREMIUM]"
"69d4fa40c27d1f87140739e6","2026-04-08 00:09:45.596","2026-04-21 04:38:19.725","69d4fa40c27d1f87140739e6","Tonight At the Improv","comedy","2026-06-27 19:00:00","2026-06-28 02:00:00","2026-06-28 02:00:00",false,false,false,"[PREMIUM]","[PREMIUM]","[PREMIUM]","[PREMIUM]","[PREMIUM]","[PREMIUM]",false,false,"61c39b25ad04e000018c24ae","['661749b5fcc53ff64e381858']","[PREMIUM]","[PREMIUM]"
"69d4fa4039501228557dc405","2026-04-08 00:09:45.596","2026-04-21 04:38:19.725","69d4fa4039501228557dc405","Tonight At the Improv","comedy","2026-06-27 21:30:00","2026-06-28 04:30:00","2026-06-28 04:30:00",false,false,false,"[PREMIUM]","[PREMIUM]","[PREMIUM]","[PREMIUM]","[PREMIUM]","[PREMIUM]",false,false,"61c39b25ad04e000018c24ae","['661749b5fcc53ff64e381858']","[PREMIUM]","[PREMIUM]"
"69d4f9efead8a324910300c3","2026-04-08 00:09:45.596","2026-04-21 04:38:19.725","69d4f9efead8a324910300c3","Union FC Macomb at Detroit City FC Womens Soccer","usl","2026-06-27 19:00:00","2026-06-27 23:00:00","2026-06-28 00:30:00",false,false,false,"[PREMIUM]","[PREMIUM]","[PREMIUM]","[PREMIUM]","[PREMIUM]","[PREMIUM]",false,false,"61f863e7ed1c1600010f57b6","['61df5342234fdb0001b18aed','67e6e987e73ea4ebffbefb8c']","[PREMIUM]","[PREMIUM]"
"69d4f9e3fab6d2f89006522d","2026-04-08 00:09:45.596","2026-04-21 04:38:19.725","69d4f9e3fab6d2f89006522d","Skillibeng","music","2026-06-27 19:00:00","2026-06-28 02:00:00","2026-06-28 03:30:00",false,false,false,"[PREMIUM]","[PREMIUM]","[PREMIUM]","[PREMIUM]","[PREMIUM]","[PREMIUM]",false,true,"658f475813dd3e52365a4ac4","['6335e3b87c1d6a0001e7fe85']","[PREMIUM]","[PREMIUM]"
"69d4f9113dcc5b72b14d4ce1","2026-04-08 00:09:45.596","2026-04-21 04:38:19.725","69d4f9113dcc5b72b14d4ce1","Eddie 9V","music","2026-06-27 20:00:00","2026-06-28 00:00:00","2026-06-28 00:00:00",false,false,false,"[PREMIUM]","[PREMIUM]","[PREMIUM]","[PREMIUM]","[PREMIUM]","[PREMIUM]",false,false,"61d4d8d9f3968300016477cf","['6580c2f0b22316ee1df0df0e']","[PREMIUM]","[PREMIUM]"
"69d4530bf4d76236ad181ebb","2026-04-08 00:09:45.596","2026-04-21 04:38:12.832","69d4530bf4d76236ad181ebb","Hot Wheels Monster Trucks Live Glow-N-Fire","auto","2026-06-27 11:30:00","2026-06-27 18:30:00","2026-06-27 20:00:00",false,false,false,"[PREMIUM]","[PREMIUM]","[PREMIUM]","[PREMIUM]","[PREMIUM]","[PREMIUM]",true,false,"589b8bc7cde6626ebe770365","['61957854275b0b0001af0eee']","[PREMIUM]","[PREMIUM]"
"69d4530b860f17877a9e58ee","2026-04-08 00:09:45.596","2026-04-21 04:38:19.725","69d4530b860f17877a9e58ee","Hot Wheels Monster Trucks Live Glow-N-Fire","auto","2026-06-28 13:30:00","2026-06-28 20:30:00","2026-06-28 22:00:00",false,false,false,"[PREMIUM]","[PREMIUM]","[PREMIUM]","[PREMIUM]","[PREMIUM]","[PREMIUM]",true,false,"589b8bc7cde6626ebe770365","['61957854275b0b0001af0eee']","[PREMIUM]","[PREMIUM]"
"69d4530b01b756e3d5c411fe","2026-04-08 00:09:45.596","2026-04-21 04:38:19.725","69d4530b01b756e3d5c411fe","Hot Wheels Monster Trucks Live Glow-N-Fire","auto","2026-06-27 18:30:00","2026-06-28 01:30:00","2026-06-28 03:00:00",false,false,false,"[PREMIUM]","[PREMIUM]","[PREMIUM]","[PREMIUM]","[PREMIUM]","[PREMIUM]",true,false,"589b8bc7cde6626ebe770365","['61957854275b0b0001af0eee']","[PREMIUM]","[PREMIUM]"
"69d419b628fca67d0046e7bd","2026-04-08 00:09:45.596","2026-04-21 04:38:19.725","69d419b628fca67d0046e7bd","Comedy Bang! Bang! - Scott Aukerman","comedy","2026-06-27 20:00:00","2026-06-28 00:00:00","2026-06-28 01:30:00",false,false,false,"[PREMIUM]","[PREMIUM]","[PREMIUM]","[PREMIUM]","[PREMIUM]","[PREMIUM]",true,false,"5dfa7a79bbc9810039d9e658","['5d72ed7b0d39b5003965d2d0']","[PREMIUM]","[PREMIUM]"
"69cadb47a31e4e86395b249c","2026-04-08 00:09:45.596","2026-04-21 04:38:19.725","69cadb47a31e4e86395b249c","Every Brilliant Thing","theater","2026-06-28 15:00:00","2026-06-28 19:00:00","2026-06-28 19:00:00",false,false,false,"[PREMIUM]","[PREMIUM]","[PREMIUM]","[PREMIUM]","[PREMIUM]","[PREMIUM]",true,false,"5ac68286f5c17b001430f6ff","['69d54302533694c159208759']","[PREMIUM]","[PREMIUM]"
"69cadb4048921fe225f31f27","2026-04-08 00:09:45.596","2026-04-21 04:38:19.725","69cadb4048921fe225f31f27","Every Brilliant Thing","theater","2026-06-27 20:30:00","2026-06-28 00:30:00","2026-06-28 00:30:00",false,false,false,"[PREMIUM]","[PREMIUM]","[PREMIUM]","[PREMIUM]","[PREMIUM]","[PREMIUM]",true,false,"5ac68286f5c17b001430f6ff","['69d54302533694c159208759']","[PREMIUM]","[PREMIUM]"
"69c313ba346405ec7f25f91c","2026-04-08 00:09:45.596","2026-04-21 04:38:19.725","69c313ba346405ec7f25f91c","Winyah","music","2026-06-27 20:00:00","2026-06-28 00:00:00","2026-06-28 00:00:00",false,false,false,"[PREMIUM]","[PREMIUM]","[PREMIUM]","[PREMIUM]","[PREMIUM]","[PREMIUM]",false,true,"67e3124cdf8b62997c5df9f3","['69d542bb46045f67dc4b36b0']","[PREMIUM]","[PREMIUM]"
"69d58373233fb2f97d76b596","2026-04-08 00:09:37.753","2026-04-21 04:38:12.832","69d58373233fb2f97d76b596","Insane Clown Posse","music","2026-06-26 19:00:00","2026-06-26 23:00:00","2026-06-27 00:00:00",false,false,false,"[PREMIUM]","[PREMIUM]","[PREMIUM]","[PREMIUM]","[PREMIUM]","[PREMIUM]",true,false,"598ce7de9da0d48c0db7238e","['598b7c9725f2c51deb469e46']","[PREMIUM]","[PREMIUM]"
"69d56b09c50b7af54bd58ebe","2026-04-08 00:09:37.753","2026-04-21 04:38:12.832","69d56b09c50b7af54bd58ebe","Kurt Vile and The Violators","music","2026-06-26 20:00:00","2026-06-27 01:00:00","2026-06-27 02:30:00",false,false,false,"[PREMIUM]","[PREMIUM]","[PREMIUM]","[PREMIUM]","[PREMIUM]","[PREMIUM]",true,false,"63e6a9eb377b0500017bd8cc","['5b2aa7a9bdaf450013cc32a5']","[PREMIUM]","[PREMIUM]"
"69d56af173a8aad5c0f96e58","2026-04-08 00:09:37.753","2026-04-21 04:38:03.938","69d56af173a8aad5c0f96e58","Victor Wooten and The Wooten Brothers","music","2026-06-25 19:00:00","2026-06-25 23:00:00","2026-06-26 00:30:00",false,false,false,"[PREMIUM]","[PREMIUM]","[PREMIUM]","[PREMIUM]","[PREMIUM]","[PREMIUM]",false,true,"641a15810dd26d000196d649","['6268347409c3780001929d08']","[PREMIUM]","[PREMIUM]"
"69d56af154a12b02052d2efe","2026-04-08 00:09:37.753","2026-04-21 04:38:12.832","69d56af154a12b02052d2efe","Victor Wooten and The Wooten Brothers","music","2026-06-25 21:30:00","2026-06-26 01:30:00","2026-06-26 03:00:00",false,false,false,"[PREMIUM]","[PREMIUM]","[PREMIUM]","[PREMIUM]","[PREMIUM]","[PREMIUM]",false,true,"641a15810dd26d000196d649","['6268347409c3780001929d08']","[PREMIUM]","[PREMIUM]"
"69d568ad2241e0731cad824d","2026-04-08 00:09:37.753","2026-04-21 04:38:03.938","69d568ad2241e0731cad824d","Kurt Vile and The Violators","music","2026-06-25 19:00:00","2026-06-25 23:00:00","2026-06-26 00:30:00",false,false,false,"[PREMIUM]","[PREMIUM]","[PREMIUM]","[PREMIUM]","[PREMIUM]","[PREMIUM]",false,false,"57ab8b29f80c411f8fdebfe5","['5b2aa7a9bdaf450013cc32a5']","[PREMIUM]","[PREMIUM]"
"69d475a34477cb1beb318010","2026-04-08 00:09:37.753","2026-04-21 04:38:12.832","69d475a34477cb1beb318010","Skillibeng","music","2026-06-26 18:00:00","2026-06-27 01:00:00","2026-06-27 02:30:00",false,false,false,"[PREMIUM]","[PREMIUM]","[PREMIUM]","[PREMIUM]","[PREMIUM]","[PREMIUM]",false,false,"57e1885950575d33c89c1726","['6335e3b87c1d6a0001e7fe85']","[PREMIUM]","[PREMIUM]"
"69d435a228fca67d0046f3fb","2026-04-08 00:09:37.753","2026-04-21 04:38:12.832","69d435a228fca67d0046f3fb","Bob Dylan","music","2026-06-26 20:00:00","2026-06-27 02:00:00","2026-06-27 03:00:00",false,false,false,"[PREMIUM]","[PREMIUM]","[PREMIUM]","[PREMIUM]","[PREMIUM]","[PREMIUM]",true,false,"662c2a7dbdab5021d94ae04d","['56e73f99f80c4150b1000003']","[PREMIUM]","[PREMIUM]"
"69d4341428fca67d0046f383","2026-04-08 00:09:37.753","2026-04-21 04:38:12.832","69d4341428fca67d0046f383","Comedy Bang! Bang!","comedy","2026-06-25 20:00:00","2026-06-26 00:00:00","2026-06-26 01:30:00",false,false,false,"[PREMIUM]","[PREMIUM]","[PREMIUM]","[PREMIUM]","[PREMIUM]","[PREMIUM]",true,false,"64d2cb42e439a900019d6e35","['5d72ed7b0d39b5003965d2d0']","[PREMIUM]","[PREMIUM]"
"69d431218e7399d47bbbc5a7","2026-04-08 00:09:37.753","2026-04-21 04:38:12.832","69d431218e7399d47bbbc5a7","Subhumans","music","2026-06-26 21:00:00","2026-06-27 01:00:00","2026-06-27 02:30:00",false,false,false,"[PREMIUM]","[PREMIUM]","[PREMIUM]","[PREMIUM]","[PREMIUM]","[PREMIUM]",false,true,"66034af7aaa6685c2f651568","['5d386d2f2ddd7500374d5d5c']","[PREMIUM]","[PREMIUM]"
"69d41b359a6bdab120670b8b","2026-04-08 00:09:37.753","2026-04-21 04:38:12.832","69d41b359a6bdab120670b8b","Comedy Bang! Bang!","comedy","2026-06-25 20:00:00","2026-06-26 00:00:00","2026-06-26 01:30:00",false,false,false,"[PREMIUM]","[PREMIUM]","[PREMIUM]","[PREMIUM]","[PREMIUM]","[PREMIUM]",true,false,"66fb250bb354c9ad207c7750","['5d72ed7b0d39b5003965d2d0']","[PREMIUM]","[PREMIUM]"
"69cc1038152752c124aa755c","2026-04-08 00:09:37.753","2026-04-21 04:38:12.832","69cc1038152752c124aa755c","Social Animals","music","2026-06-25 20:00:00","2026-06-26 01:00:00","2026-06-26 02:30:00",false,false,false,"[PREMIUM]","[PREMIUM]","[PREMIUM]","[PREMIUM]","[PREMIUM]","[PREMIUM]",false,true,"63e3f58c92985a0001b9133c","['5af33496f8961e0013e8928d']","[PREMIUM]","[PREMIUM]"
"69cadb43152752c124a9d548","2026-04-08 00:09:37.753","2026-04-21 04:38:12.832","69cadb43152752c124a9d548","Every Brilliant Thing","theater","2026-06-26 19:00:00","2026-06-26 23:00:00","2026-06-26 23:00:00",false,false,false,"[PREMIUM]","[PREMIUM]","[PREMIUM]","[PREMIUM]","[PREMIUM]","[PREMIUM]",true,false,"5ac68286f5c17b001430f6ff","['69d54302533694c159208759']","[PREMIUM]","[PREMIUM]"
"69cadb40d60c31d47b4114ba","2026-04-08 00:09:37.753","2026-04-21 04:38:03.938","69cadb40d60c31d47b4114ba","Every Brilliant Thing","theater","2026-06-25 19:00:00","2026-06-25 23:00:00","2026-06-25 23:00:00",false,false,false,"[PREMIUM]","[PREMIUM]","[PREMIUM]","[PREMIUM]","[PREMIUM]","[PREMIUM]",true,false,"5ac68286f5c17b001430f6ff","['69d54302533694c159208759']","[PREMIUM]","[PREMIUM]"
"691265cb39cbc0905ca39cb1","2026-04-08 00:09:37.753","2026-04-21 04:38:12.832","691265cb39cbc0905ca39cb1","The Moldy Peaches (Acoustic)","music","2026-06-26 20:00:00","2026-06-27 00:00:00","2026-06-27 00:00:00",false,false,false,"[PREMIUM]","[PREMIUM]","[PREMIUM]","[PREMIUM]","[PREMIUM]","[PREMIUM]",true,false,"66ff15c6bff1d7b915154098","['69d538e650410319c767b8ec']","[PREMIUM]","[PREMIUM]"
"69d58a13dca705abb79d86e6","2026-04-08 00:09:29.963","2026-04-21 04:37:55.878","69d58a13dca705abb79d86e6","Boa","music","2026-06-22 19:00:00","2026-06-23 02:00:00","2026-06-23 02:00:00",false,false,false,"[PREMIUM]","[PREMIUM]","[PREMIUM]","[PREMIUM]","[PREMIUM]","[PREMIUM]",false,false,"57e1db5b50575d33c89e44ec","['65fc87089670096540bca4ed']","[PREMIUM]","[PREMIUM]"
"69d588a4fecdce7084c51b5f","2026-04-08 00:09:29.963","2026-04-21 04:38:03.938","69d588a4fecdce7084c51b5f","Boa","music","2026-06-24 20:00:00","2026-06-25 03:00:00","2026-06-25 03:00:00",false,false,false,"[PREMIUM]","[PREMIUM]","[PREMIUM]","[PREMIUM]","[PREMIUM]","[PREMIUM]",false,false,"648247aab699050001b0db18","['65fc87089670096540bca4ed']","[PREMIUM]","[PREMIUM]"
"69d5876354a12b02052d3c71","2026-04-08 00:09:29.963","2026-04-21 04:38:03.938","69d5876354a12b02052d3c71","Nick Shoulders","music","2026-06-24 20:00:00","2026-06-25 01:00:00","2026-06-25 01:00:00",false,false,false,"[PREMIUM]","[PREMIUM]","[PREMIUM]","[PREMIUM]","[PREMIUM]","[PREMIUM]",false,true,"63eec7dbb2668e00014274c7","['65381cf4ad61cefd32e5a82d']","[PREMIUM]","[PREMIUM]"
"69d58353fecdce7084c519a6","2026-04-08 00:09:29.963","2026-04-21 04:38:03.938","69d58353fecdce7084c519a6","Ziggy Marley","music","2026-06-23 19:30:00","2026-06-24 01:30:00","2026-06-24 03:00:00",false,false,false,"[PREMIUM]","[PREMIUM]","[PREMIUM]","[PREMIUM]","[PREMIUM]","[PREMIUM]",false,true,"649c73ad4211c50001cb247a","['5afdb279efa01b0016b921d0']","[PREMIUM]","[PREMIUM]"
"69d56a9f20fb4988cad2ce83","2026-04-08 00:09:29.963","2026-04-21 04:37:55.878","69d56a9f20fb4988cad2ce83","Kurt Vile and The Violators","music","2026-06-22 20:00:00","2026-06-23 00:00:00","2026-06-23 01:30:00",false,false,false,"[PREMIUM]","[PREMIUM]","[PREMIUM]","[PREMIUM]","[PREMIUM]","[PREMIUM]",true,false,"59f77dea6bb673000e542d90","['5b2aa7a9bdaf450013cc32a5']","[PREMIUM]","[PREMIUM]"
"69d47633f4d76236ad182d49","2026-04-08 00:09:29.963","2026-04-21 04:38:03.938","69d47633f4d76236ad182d49","Cold","music","2026-06-23 20:00:00","2026-06-24 01:00:00","2026-06-24 02:30:00",false,false,false,"[PREMIUM]","[PREMIUM]","[PREMIUM]","[PREMIUM]","[PREMIUM]","[PREMIUM]",false,true,"63c878e3044d22000160e515","['63912d7cb52e1a00010d00c8']","[PREMIUM]","[PREMIUM]"
"69d4761c24f8d4f84ffbebcd","2026-04-08 00:09:29.963","2026-04-21 04:38:03.938","69d4761c24f8d4f84ffbebcd","San Holo","music","2026-06-24 20:00:00","2026-06-25 01:00:00","2026-06-25 02:00:00",false,false,false,"[PREMIUM]","[PREMIUM]","[PREMIUM]","[PREMIUM]","[PREMIUM]","[PREMIUM]",false,true,"685c601b8247928df8be29ed","['59b1d83125f2c563605ef550']","[PREMIUM]","[PREMIUM]"
"69d41c50caff9f04a1f28f1e","2026-04-08 00:09:29.963","2026-04-21 04:38:03.938","69d41c50caff9f04a1f28f1e","Comedy Bang! Bang!","comedy","2026-06-24 20:00:00","2026-06-25 00:00:00","2026-06-25 01:30:00",false,false,false,"[PREMIUM]","[PREMIUM]","[PREMIUM]","[PREMIUM]","[PREMIUM]","[PREMIUM]",true,false,"61c0eea7b3f6ff0001e8a49c","['5d72ed7b0d39b5003965d2d0']","[PREMIUM]","[PREMIUM]"
"69d416d19d6e996420b9415c","2026-04-08 00:09:29.963","2026-04-21 04:38:03.938","69d416d19d6e996420b9415c","Hoobastank","music","2026-06-24 20:00:00","2026-06-25 03:00:00","2026-06-25 04:30:00",false,false,false,"[PREMIUM]","[PREMIUM]","[PREMIUM]","[PREMIUM]","[PREMIUM]","[PREMIUM]",true,false,"6843261641b3e078479d7eb2","['5b85cd97c11ad800135f8510']","[PREMIUM]","[PREMIUM]"
"69cb15f219a015e97f66ea41","2026-04-08 00:09:29.963","2026-04-21 04:38:03.938","69cb15f219a015e97f66ea41","Country Stampede - Thursday","music","2026-06-25 00:00:00","2026-06-25 05:00:00","2026-06-25 05:00:00",false,true,false,"[PREMIUM]","[PREMIUM]","[PREMIUM]","[PREMIUM]","[PREMIUM]","[PREMIUM]",false,false,"5792b3acf80c410b5129fe41","['66fc75f14690d37064701174']","[PREMIUM]","[PREMIUM]"
"69cadb402723acc4f95216c0","2026-04-08 00:09:29.963","2026-04-21 04:38:03.938","69cadb402723acc4f95216c0","Every Brilliant Thing","theater","2026-06-24 19:00:00","2026-06-24 23:00:00","2026-06-24 23:00:00",false,false,false,"[PREMIUM]","[PREMIUM]","[PREMIUM]","[PREMIUM]","[PREMIUM]","[PREMIUM]",true,false,"5ac68286f5c17b001430f6ff","['69d54302533694c159208759']","[PREMIUM]","[PREMIUM]"
"69cadb4002e3e0723c63c64c","2026-04-08 00:09:29.963","2026-04-21 04:38:03.938","69cadb4002e3e0723c63c64c","Every Brilliant Thing","theater","2026-06-23 19:00:00","2026-06-23 23:00:00","2026-06-23 23:00:00",false,false,false,"[PREMIUM]","[PREMIUM]","[PREMIUM]","[PREMIUM]","[PREMIUM]","[PREMIUM]",true,false,"5ac68286f5c17b001430f6ff","['69d54302533694c159208759']","[PREMIUM]","[PREMIUM]"
"69cadb3dd12ce26a9c670558","2026-04-08 00:09:29.963","2026-04-21 04:38:03.938","69cadb3dd12ce26a9c670558","Every Brilliant Thing","theater","2026-06-24 14:00:00","2026-06-24 18:00:00","2026-06-24 18:00:00",false,false,false,"[PREMIUM]","[PREMIUM]","[PREMIUM]","[PREMIUM]","[PREMIUM]","[PREMIUM]",true,false,"5ac68286f5c17b001430f6ff","['69d54302533694c159208759']","[PREMIUM]","[PREMIUM]"
"69979168be2cf85ba9ba249e","2026-04-08 00:09:29.963","2026-04-21 04:38:03.938","69979168be2cf85ba9ba249e","Winyah","music","2026-06-24 19:00:00","2026-06-24 23:00:00","2026-06-24 23:00:00",false,false,false,"[PREMIUM]","[PREMIUM]","[PREMIUM]","[PREMIUM]","[PREMIUM]","[PREMIUM]",false,false,"5e2a322b4514610039ceaceb","['69d542bb46045f67dc4b36b0']","[PREMIUM]","[PREMIUM]"
"69d56c8b1616e7cead20f3e6","2026-04-08 00:09:22.399","2026-04-21 04:37:47.952","69d56c8b1616e7cead20f3e6","George Lopez","comedy","2026-06-20 19:30:00","2026-06-20 23:30:00","2026-06-21 01:00:00",false,false,false,"[PREMIUM]","[PREMIUM]","[PREMIUM]","[PREMIUM]","[PREMIUM]","[PREMIUM]",true,false,"63c883ef96794b0001a25fa8","['5b8f1ba784e3a0001339ac24']","[PREMIUM]","[PREMIUM]"
"69d5514df358724188020a5a","2026-04-08 00:09:22.399","2026-04-21 04:37:55.878","69d5514df358724188020a5a","Dustbowl Revival","music","2026-06-20 21:00:00","2026-06-21 04:00:00","2026-06-21 05:30:00",false,false,false,"[PREMIUM]","[PREMIUM]","[PREMIUM]","[PREMIUM]","[PREMIUM]","[PREMIUM]",false,true,"5a43f5956299af0013ef9ba7","['5dc1e4aa74a1fa003838dbef']","[PREMIUM]","[PREMIUM]"
"69d4fa4076ba681c92ea4415","2026-04-08 00:09:22.399","2026-04-21 04:37:47.952","69d4fa4076ba681c92ea4415","Tonight At the Improv","comedy","2026-06-20 19:00:00","2026-06-21 02:00:00","2026-06-21 02:00:00",false,false,false,"[PREMIUM]","[PREMIUM]","[PREMIUM]","[PREMIUM]","[PREMIUM]","[PREMIUM]",false,false,"61c39b25ad04e000018c24ae","['661749b5fcc53ff64e381858']","[PREMIUM]","[PREMIUM]"
"69d4fa402c549c165e0cf93a","2026-04-08 00:09:22.399","2026-04-21 04:37:55.878","69d4fa402c549c165e0cf93a","Tonight At the Improv","comedy","2026-06-20 21:30:00","2026-06-21 04:30:00","2026-06-21 04:30:00",false,false,false,"[PREMIUM]","[PREMIUM]","[PREMIUM]","[PREMIUM]","[PREMIUM]","[PREMIUM]",false,false,"61c39b25ad04e000018c24ae","['661749b5fcc53ff64e381858']","[PREMIUM]","[PREMIUM]"
"69d4f5b686013183eab759ea","2026-04-08 00:09:22.399","2026-04-21 04:37:47.952","69d4f5b686013183eab759ea","Darius Rucker","music","2026-06-20 19:00:00","2026-06-20 23:00:00","2026-06-21 00:30:00",false,false,false,"[PREMIUM]","[PREMIUM]","[PREMIUM]","[PREMIUM]","[PREMIUM]","[PREMIUM]",false,true,"6813a6fd993ee1fb4a56bb51","['60edfb3b18dbd10001deaa99']","[PREMIUM]","[PREMIUM]"
"69d4751e46045f67dc4af6f4","2026-04-08 00:09:22.399","2026-04-21 04:37:55.878","69d4751e46045f67dc4af6f4","Skillibeng","music","2026-06-21 20:00:00","2026-06-22 03:00:00","2026-06-22 04:30:00",false,false,false,"[PREMIUM]","[PREMIUM]","[PREMIUM]","[PREMIUM]","[PREMIUM]","[PREMIUM]",false,true,"5a45636511d31e00124c616e","['6335e3b87c1d6a0001e7fe85']","[PREMIUM]","[PREMIUM]"
"69d474addca705abb79d2351","2026-04-08 00:09:22.399","2026-04-21 04:37:55.878","69d474addca705abb79d2351","Comedy Bang! Bang!","comedy","2026-06-20 20:00:00","2026-06-21 00:00:00","2026-06-21 01:30:00",false,false,false,"[PREMIUM]","[PREMIUM]","[PREMIUM]","[PREMIUM]","[PREMIUM]","[PREMIUM]",false,true,"5ae7a9fd379d8a0012b64170","['5d72ed7b0d39b5003965d2d0']","[PREMIUM]","[PREMIUM]"
"69d4520af35872418801b402","2026-04-08 00:09:22.399","2026-04-21 04:37:55.878","69d4520af35872418801b402","Jessica Audiffred (18+ Event)","music","2026-06-20 20:00:00","2026-06-21 03:00:00","2026-06-21 03:00:00",false,false,false,"[PREMIUM]","[PREMIUM]","[PREMIUM]","[PREMIUM]","[PREMIUM]","[PREMIUM]",false,false,"599f65df9da0d48c0d9d00b5","['650c444e3e4b45000198301a']","[PREMIUM]","[PREMIUM]"
"69d41498b5e48aa3ffacaa4f","2026-04-08 00:09:22.399","2026-04-21 04:37:55.878","69d41498b5e48aa3ffacaa4f","Comedy Bang! Bang!","comedy","2026-06-21 20:00:00","2026-06-22 00:00:00","2026-06-22 01:30:00",false,false,false,"[PREMIUM]","[PREMIUM]","[PREMIUM]","[PREMIUM]","[PREMIUM]","[PREMIUM]",true,false,"598387be9da0d48c0d7eb8be","['5d72ed7b0d39b5003965d2d0']","[PREMIUM]","[PREMIUM]"
"69d171875221f5a5458b181b","2026-04-08 00:09:22.399","2026-04-21 04:37:55.878","69d171875221f5a5458b181b","October London With Leela James","music","2026-06-20 20:00:00","2026-06-21 00:00:00","2026-06-21 00:00:00",false,false,false,"[PREMIUM]","[PREMIUM]","[PREMIUM]","[PREMIUM]","[PREMIUM]","[PREMIUM]",false,true,"696ff9b38e832ecf94bcae8d","['6577a5abc59e1593df075ec0']","[PREMIUM]","[PREMIUM]"
"69cadb40b8109bed8185d724","2026-04-08 00:09:22.399","2026-04-21 04:37:55.878","69cadb40b8109bed8185d724","Every Brilliant Thing","theater","2026-06-20 20:30:00","2026-06-21 00:30:00","2026-06-21 00:30:00",false,false,false,"[PREMIUM]","[PREMIUM]","[PREMIUM]","[PREMIUM]","[PREMIUM]","[PREMIUM]",true,false,"5ac68286f5c17b001430f6ff","['69d54302533694c159208759']","[PREMIUM]","[PREMIUM]"
"69cadb401c23a2d760338ddd","2026-04-08 00:09:22.399","2026-04-21 04:37:55.878","69cadb401c23a2d760338ddd","Every Brilliant Thing","theater","2026-06-21 15:00:00","2026-06-21 19:00:00","2026-06-21 19:00:00",false,false,false,"[PREMIUM]","[PREMIUM]","[PREMIUM]","[PREMIUM]","[PREMIUM]","[PREMIUM]",true,false,"5ac68286f5c17b001430f6ff","['69d54302533694c159208759']","[PREMIUM]","[PREMIUM]"
"699771f28dde1feeb1298628","2026-04-08 00:09:22.399","2026-04-21 04:37:55.878","699771f28dde1feeb1298628","Kurt Vile and The Violators","music","2026-06-21 19:00:00","2026-06-21 23:00:00","2026-06-22 00:30:00",false,false,false,"[PREMIUM]","[PREMIUM]","[PREMIUM]","[PREMIUM]","[PREMIUM]","[PREMIUM]",false,false,"5e2a322b4514610039ceaceb","['5b2aa7a9bdaf450013cc32a5']","[PREMIUM]","[PREMIUM]"
"69d5870b594751fe4f1dcdf9","2026-04-08 00:09:14.781","2026-04-21 04:37:47.952","69d5870b594751fe4f1dcdf9","Jessica Audiffred","music","2026-06-19 21:00:00","2026-06-20 04:00:00","2026-06-20 04:00:00",false,false,false,"[PREMIUM]","[PREMIUM]","[PREMIUM]","[PREMIUM]","[PREMIUM]","[PREMIUM]",false,false,"613286ce8faa5d0001d0a079","['650c444e3e4b45000198301a']","[PREMIUM]","[PREMIUM]"
"69d56cc850410319c767d30a","2026-04-08 00:09:14.781","2026-04-21 04:37:47.952","69d56cc850410319c767d30a","Kurt Vile and The Violators","music","2026-06-19 20:00:00","2026-06-20 00:00:00","2026-06-20 01:30:00",false,false,false,"[PREMIUM]","[PREMIUM]","[PREMIUM]","[PREMIUM]","[PREMIUM]","[PREMIUM]",false,false,"61d4d8d9f3968300016477cf","['5b2aa7a9bdaf450013cc32a5']","[PREMIUM]","[PREMIUM]"
"69d4530b20fb4988cad269d0","2026-04-08 00:09:14.781","2026-04-21 04:37:30.052","69d4530b20fb4988cad269d0","Burning Spear","music","2026-06-19 19:00:00","2026-06-20 02:00:00","2026-06-20 03:30:00",false,false,false,"[PREMIUM]","[PREMIUM]","[PREMIUM]","[PREMIUM]","[PREMIUM]","[PREMIUM]",true,false,"57e032d350575d33c89417c0","['626714258af02800010cd065']","[PREMIUM]","[PREMIUM]"
"69d4376b46045f67dc4adca5","2026-04-08 00:09:14.781","2026-04-21 04:37:47.952","69d4376b46045f67dc4adca5","Subhumans","music","2026-06-19 20:00:00","2026-06-20 00:00:00","2026-06-20 01:30:00",false,false,false,"[PREMIUM]","[PREMIUM]","[PREMIUM]","[PREMIUM]","[PREMIUM]","[PREMIUM]",false,true,"5a949e52ccb7ce0014f785b7","['5d386d2f2ddd7500374d5d5c']","[PREMIUM]","[PREMIUM]"
"69d433e1a5f7d6337001bd91","2026-04-08 00:09:14.781","2026-04-21 04:37:47.952","69d433e1a5f7d6337001bd91","Terri Clark","music","2026-06-20 12:00:00","2026-06-20 18:00:00","2026-06-20 18:00:00",false,false,false,"[PREMIUM]","[PREMIUM]","[PREMIUM]","[PREMIUM]","[PREMIUM]","[PREMIUM]",false,true,"680ff2a3714a960fc6635a87","['662199b1b7ce63aea0f5fd1d']","[PREMIUM]","[PREMIUM]"
"69d43084860f17877a9e4a5f","2026-04-08 00:09:14.781","2026-04-21 04:37:47.952","69d43084860f17877a9e4a5f","Flatland Cavalry","music","2026-06-20 17:30:00","2026-06-20 23:30:00","2026-06-21 01:00:00",false,false,false,"[PREMIUM]","[PREMIUM]","[PREMIUM]","[PREMIUM]","[PREMIUM]","[PREMIUM]",true,false,"577c2aebf80c416114358ffc","['63c86c6eaf889a0001123f1c']","[PREMIUM]","[PREMIUM]"
"69d42bb66f60e457cfb3884f","2026-04-08 00:09:14.781","2026-04-21 04:37:47.952","69d42bb66f60e457cfb3884f","2026 The Country Fest - Saturday","music","2026-06-20 00:00:00","2026-06-20 04:00:00","2026-06-20 05:30:00",false,true,false,"[PREMIUM]","[PREMIUM]","[PREMIUM]","[PREMIUM]","[PREMIUM]","[PREMIUM]",false,false,"617b095fc9695d00010fe81f","['617c29d2e47f1300013274b1']","[PREMIUM]","[PREMIUM]"
"69d41c6be52e281abfcedc75","2026-04-08 00:09:14.781","2026-04-21 04:37:47.952","69d41c6be52e281abfcedc75","Comedy Bang! Bang!","comedy","2026-06-19 20:00:00","2026-06-20 00:00:00","2026-06-20 01:30:00",false,false,false,"[PREMIUM]","[PREMIUM]","[PREMIUM]","[PREMIUM]","[PREMIUM]","[PREMIUM]",true,false,"61ba892eb3f6ff0001e8a428","['5d72ed7b0d39b5003965d2d0']","[PREMIUM]","[PREMIUM]"
"69d4194a2241e0731cad098a","2026-04-08 00:09:14.781","2026-04-09 04:00:01.361","69d4194a2241e0731cad098a","Flatland Cavalry","music","2026-06-20 17:30:00","2026-06-20 23:30:00","2026-06-21 01:00:00",false,false,false,"[PREMIUM]","[PREMIUM]","[PREMIUM]","[PREMIUM]","[PREMIUM]","[PREMIUM]",false,false,"577c2aebf80c416114358ffc","['63c86c6eaf889a0001123f1c']","[PREMIUM]","[PREMIUM]"
"69d3f8abdca705abb79cdee2","2026-04-08 00:09:14.781","2026-04-21 04:37:30.052","69d3f8abdca705abb79cdee2","Vandelux","music","2026-06-19 11:00:00","2026-06-19 18:00:00","2026-06-19 18:00:00",false,false,false,"[PREMIUM]","[PREMIUM]","[PREMIUM]","[PREMIUM]","[PREMIUM]","[PREMIUM]",false,false,"65ab189c0a38821a8a848f2d","['66635223685fcbcce239e443']","[PREMIUM]","[PREMIUM]"
"69cd12ba204161b4e9dff6de","2026-04-08 00:09:14.781","2026-04-21 04:37:30.052","69cd12ba204161b4e9dff6de","In Conversation with Pour Minds Podcast","comedy","2026-06-19 19:00:00","2026-06-20 00:00:00","2026-06-20 00:00:00",false,false,false,"[PREMIUM]","[PREMIUM]","[PREMIUM]","[PREMIUM]","[PREMIUM]","[PREMIUM]",false,false,"57e16d3950575d33c89b50cf","['64e3c89ed8f4cb0001258493']","[PREMIUM]","[PREMIUM]"
"69cadb400c40c3b79ef1109d","2026-04-08 00:09:14.781","2026-04-21 04:37:47.952","69cadb400c40c3b79ef1109d","Every Brilliant Thing","theater","2026-06-20 17:00:00","2026-06-20 21:00:00","2026-06-20 21:00:00",false,false,false,"[PREMIUM]","[PREMIUM]","[PREMIUM]","[PREMIUM]","[PREMIUM]","[PREMIUM]",true,false,"5ac68286f5c17b001430f6ff","['69d54302533694c159208759']","[PREMIUM]","[PREMIUM]"
"69cadb40087e1e66bb83a07a","2026-04-08 00:09:14.781","2026-04-21 04:37:30.052","69cadb40087e1e66bb83a07a","Every Brilliant Thing","theater","2026-06-19 19:00:00","2026-06-19 23:00:00","2026-06-19 23:00:00",false,false,false,"[PREMIUM]","[PREMIUM]","[PREMIUM]","[PREMIUM]","[PREMIUM]","[PREMIUM]",true,false,"5ac68286f5c17b001430f6ff","['69d54302533694c159208759']","[PREMIUM]","[PREMIUM]"
"699d9a739480946ca422dcf3","2026-04-08 00:09:14.781","2026-04-21 04:37:30.052","699d9a739480946ca422dcf3","2026 The Country Fest - Friday","music","2026-06-19 11:00:00","2026-06-19 15:00:00","2026-06-19 16:30:00",false,true,false,"[PREMIUM]","[PREMIUM]","[PREMIUM]","[PREMIUM]","[PREMIUM]","[PREMIUM]",false,false,"617b095fc9695d00010fe81f","['617c29d2e47f1300013274b1']","[PREMIUM]","[PREMIUM]"
"69d58352c50b7af54bd59b27","2026-04-08 00:09:07.259","2026-04-21 04:37:22.228","69d58352c50b7af54bd59b27","Greensky Bluegrass","music","2026-06-17 19:30:00","2026-06-18 01:30:00","2026-06-18 02:30:00",false,false,false,"[PREMIUM]","[PREMIUM]","[PREMIUM]","[PREMIUM]","[PREMIUM]","[PREMIUM]",false,false,"649c73ad4211c50001cb247a","['57e1c2eff80c41330431f2f4']","[PREMIUM]","[PREMIUM]"
"69d56c6d54a12b02052d3040","2026-04-08 00:09:07.259","2026-04-21 04:37:30.052","69d56c6d54a12b02052d3040","Kurt Vile and The Violators","music","2026-06-17 20:00:00","2026-06-18 00:00:00","2026-06-18 01:30:00",false,false,false,"[PREMIUM]","[PREMIUM]","[PREMIUM]","[PREMIUM]","[PREMIUM]","[PREMIUM]",false,false,"5a29bedfa45907001026a358","['5b2aa7a9bdaf450013cc32a5']","[PREMIUM]","[PREMIUM]"
"69d5514ec94c6cd0044d6103","2026-04-08 00:09:07.259","2026-04-21 04:37:30.052","69d5514ec94c6cd0044d6103","Smoking Popes","music","2026-06-17 20:00:00","2026-06-18 03:00:00","2026-06-18 03:00:00",false,false,false,"[PREMIUM]","[PREMIUM]","[PREMIUM]","[PREMIUM]","[PREMIUM]","[PREMIUM]",false,true,"5a43f5956299af0013ef9ba7","['67b603db34fe69dc7eebfbd1']","[PREMIUM]","[PREMIUM]"
"69d4a76ef4d76236ad1839ac","2026-04-08 00:09:07.259","2026-04-21 04:37:30.052","69d4a76ef4d76236ad1839ac","Eric D'Alessandro","comedy","2026-06-18 20:00:00","2026-06-19 00:00:00","2026-06-19 00:00:00",false,false,false,"[PREMIUM]","[PREMIUM]","[PREMIUM]","[PREMIUM]","[PREMIUM]","[PREMIUM]",false,false,"63c887686462680001f0a0f4","['663e6cee91f2d95700efdcfd']","[PREMIUM]","[PREMIUM]"
"69d487542c549c165e0ce25d","2026-04-08 00:09:07.259","2026-04-21 04:37:22.228","69d487542c549c165e0ce25d","Brittany Schmitt","comedy","2026-06-17 19:30:00","2026-06-17 23:30:00","2026-06-17 23:30:00",false,false,false,"[PREMIUM]","[PREMIUM]","[PREMIUM]","[PREMIUM]","[PREMIUM]","[PREMIUM]",false,true,"66bbd7347b254ce9631bdfe7","['66da1d9c488386a72633f74b']","[PREMIUM]","[PREMIUM]"
"69d47661c27d1f8714071eab","2026-04-08 00:09:07.259","2026-04-21 04:37:30.052","69d47661c27d1f8714071eab","Chris Travis","music","2026-06-17 20:00:00","2026-06-18 00:00:00","2026-06-18 01:30:00",false,false,false,"[PREMIUM]","[PREMIUM]","[PREMIUM]","[PREMIUM]","[PREMIUM]","[PREMIUM]",false,false,"658f4365c8263b7b6c5a9c99","['5cdaf317b5507e00173945d0']","[PREMIUM]","[PREMIUM]"
"69d471f801b756e3d5c41f75","2026-04-08 00:09:07.259","2026-04-21 04:37:30.052","69d471f801b756e3d5c41f75","Del Amitri","music","2026-06-18 19:30:00","2026-06-18 23:30:00","2026-06-19 01:00:00",false,false,false,"[PREMIUM]","[PREMIUM]","[PREMIUM]","[PREMIUM]","[PREMIUM]","[PREMIUM]",false,false,"57e1769b50575d33c89bacdb","['620ac5041eba860001115ecf']","[PREMIUM]","[PREMIUM]"
"69d429429d6e996420b94a1c","2026-04-08 00:09:07.259","2026-04-21 04:37:30.052","69d429429d6e996420b94a1c","2026 The Country Fest - Thursday","music","2026-06-18 16:00:00","2026-06-18 20:00:00","2026-06-18 21:30:00",false,true,false,"[PREMIUM]","[PREMIUM]","[PREMIUM]","[PREMIUM]","[PREMIUM]","[PREMIUM]",false,false,"617b095fc9695d00010fe81f","['617c29d2e47f1300013274b1','64eb74cdfb38af0001ba4dfb']","[PREMIUM]","[PREMIUM]"
"69cadb42b58ac1ca1a07596b","2026-04-08 00:09:07.259","2026-04-21 04:37:30.052","69cadb42b58ac1ca1a07596b","Every Brilliant Thing","theater","2026-06-18 19:00:00","2026-06-18 23:00:00","2026-06-18 23:00:00",false,false,false,"[PREMIUM]","[PREMIUM]","[PREMIUM]","[PREMIUM]","[PREMIUM]","[PREMIUM]",true,false,"5ac68286f5c17b001430f6ff","['69d54302533694c159208759']","[PREMIUM]","[PREMIUM]"
"69cadb4039d4ee61f5c87eb2","2026-04-08 00:09:07.259","2026-04-21 04:37:22.228","69cadb4039d4ee61f5c87eb2","Every Brilliant Thing","theater","2026-06-17 19:00:00","2026-06-17 23:00:00","2026-06-17 23:00:00",false,false,false,"[PREMIUM]","[PREMIUM]","[PREMIUM]","[PREMIUM]","[PREMIUM]","[PREMIUM]",true,false,"5ac68286f5c17b001430f6ff","['69d54302533694c159208759']","[PREMIUM]","[PREMIUM]"
"69cadb40363b2a2e4c4b6096","2026-04-08 00:09:07.259","2026-04-21 04:37:22.228","69cadb40363b2a2e4c4b6096","Every Brilliant Thing","theater","2026-06-17 14:00:00","2026-06-17 18:00:00","2026-06-17 18:00:00",false,false,false,"[PREMIUM]","[PREMIUM]","[PREMIUM]","[PREMIUM]","[PREMIUM]","[PREMIUM]",true,false,"5ac68286f5c17b001430f6ff","['69d54302533694c159208759']","[PREMIUM]","[PREMIUM]"
"69c5b6fb0354f0108f768108","2026-04-08 00:09:07.259","2026-04-21 04:37:30.052","69c5b6fb0354f0108f768108","Winyah","music","2026-06-18 20:00:00","2026-06-19 00:00:00","2026-06-19 00:00:00",false,false,false,"[PREMIUM]","[PREMIUM]","[PREMIUM]","[PREMIUM]","[PREMIUM]","[PREMIUM]",false,false,"6155eb5958593a00017c275c","['69d542bb46045f67dc4b36b0']","[PREMIUM]","[PREMIUM]"
"69c1c01f22630b3ae50ca243","2026-04-08 00:09:07.259","2026-04-21 04:37:22.228","69c1c01f22630b3ae50ca243","Pepper and The Movement","music","2026-06-17 19:00:00","2026-06-17 23:00:00","2026-06-18 00:30:00",false,false,false,"[PREMIUM]","[PREMIUM]","[PREMIUM]","[PREMIUM]","[PREMIUM]","[PREMIUM]",false,false,"64c4161f7391d40001fea262","['5c925b50824c69001898b9d4']","[PREMIUM]","[PREMIUM]"
"68d35bec387c30c8cdbec80c","2026-04-08 00:09:07.259","2026-04-21 04:37:22.228","68d35bec387c30c8cdbec80c","2026 The Country Fest - 4 Day Pass (6/17 - 6/20) (Jordan Davis, Treaty Oak Revival, Zach Top, and Kane Brown)","music","2026-06-17 17:59:00","2026-06-17 21:59:00","2026-06-17 23:29:00",false,false,false,"[PREMIUM]","[PREMIUM]","[PREMIUM]","[PREMIUM]","[PREMIUM]","[PREMIUM]",false,false,"617b095fc9695d00010fe81f","['617c29d2e47f1300013274b1','5e0fd8b55f0c0e00392ac3fb','64eb74cdfb38af0001ba4dfb','66981a13328a8fec39b90cd2','582cbd50f80c41575eaf8e8b']","[PREMIUM]","[PREMIUM]"
"69d589e920fb4988cad2dd0b","2026-04-08 00:08:59.918","2026-04-21 04:37:22.228","69d589e920fb4988cad2dd0b","Boa","music","2026-06-16 19:00:00","2026-06-17 01:00:00","2026-06-17 01:00:00",false,false,false,"[PREMIUM]","[PREMIUM]","[PREMIUM]","[PREMIUM]","[PREMIUM]","[PREMIUM]",false,false,"57e2f27c50575d33c8a48f4d","['65fc87089670096540bca4ed']","[PREMIUM]","[PREMIUM]"
"69d5875301b756e3d5c4836b","2026-04-08 00:08:59.918","2026-04-21 04:37:13.212","69d5875301b756e3d5c4836b","Boa","music","2026-06-14 19:30:00","2026-06-15 02:30:00","2026-06-15 02:30:00",false,false,false,"[PREMIUM]","[PREMIUM]","[PREMIUM]","[PREMIUM]","[PREMIUM]","[PREMIUM]",false,false,"57eade5ecde6626ebe3ba5e6","['65fc87089670096540bca4ed']","[PREMIUM]","[PREMIUM]"
"69d5835328fca67d0047728c","2026-04-08 00:08:59.918","2026-04-21 04:37:22.228","69d5835328fca67d0047728c","Grace Potter","music","2026-06-16 19:30:00","2026-06-17 01:30:00","2026-06-17 03:00:00",false,false,false,"[PREMIUM]","[PREMIUM]","[PREMIUM]","[PREMIUM]","[PREMIUM]","[PREMIUM]",false,true,"649c73ad4211c50001cb247a","['5da4e0f0c2fa140037303f28']","[PREMIUM]","[PREMIUM]"
"69d56d22c27d1f8714077168","2026-04-08 00:08:59.918","2026-04-21 04:37:13.212","69d56d22c27d1f8714077168","John Anderson","music","2026-06-14 19:00:00","2026-06-14 23:00:00","2026-06-14 23:00:00",false,false,false,"[PREMIUM]","[PREMIUM]","[PREMIUM]","[PREMIUM]","[PREMIUM]","[PREMIUM]",false,true,"67e31243fda90534ba0abb22","['65f0c5d8406c050c58b9676b']","[PREMIUM]","[PREMIUM]"
"69d56d0e28fca67d0047674d","2026-04-08 00:08:59.918","2026-04-21 04:37:13.212","69d56d0e28fca67d0047674d","Matt Rife","comedy","2026-06-14 19:00:00","2026-06-15 01:00:00","2026-06-15 02:30:00",false,false,false,"[PREMIUM]","[PREMIUM]","[PREMIUM]","[PREMIUM]","[PREMIUM]","[PREMIUM]",true,false,"630e4f8ae6350100019ed0cf","['637807cd81b2b20001808981']","[PREMIUM]","[PREMIUM]"
"69d569df1f49cf2eaa7a6f6e","2026-04-08 00:08:59.918","2026-04-21 04:37:22.228","69d569df1f49cf2eaa7a6f6e","Kurt Vile and The Violators","music","2026-06-16 19:00:00","2026-06-16 23:00:00","2026-06-17 00:30:00",false,false,false,"[PREMIUM]","[PREMIUM]","[PREMIUM]","[PREMIUM]","[PREMIUM]","[PREMIUM]",true,false,"614a38383876400001615564","['5b2aa7a9bdaf450013cc32a5']","[PREMIUM]","[PREMIUM]"
"69d5514e78d1fa103258e2d0","2026-04-08 00:08:59.918","2026-04-21 04:37:22.228","69d5514e78d1fa103258e2d0","Smoking Popes - 2 Day Pass (6/16-6/17)","music","2026-06-16 18:59:00","2026-06-17 01:59:00","2026-06-17 01:59:00",false,false,false,"[PREMIUM]","[PREMIUM]","[PREMIUM]","[PREMIUM]","[PREMIUM]","[PREMIUM]",false,false,"5a43f5956299af0013ef9ba7","['67b603db34fe69dc7eebfbd1']","[PREMIUM]","[PREMIUM]"
"69d5514e3dcc5b72b14d7837","2026-04-08 00:08:59.918","2026-04-21 04:37:22.228","69d5514e3dcc5b72b14d7837","Smoking Popes","music","2026-06-16 20:00:00","2026-06-17 03:00:00","2026-06-17 03:00:00",false,false,false,"[PREMIUM]","[PREMIUM]","[PREMIUM]","[PREMIUM]","[PREMIUM]","[PREMIUM]",false,true,"5a43f5956299af0013ef9ba7","['67b603db34fe69dc7eebfbd1']","[PREMIUM]","[PREMIUM]"
"69d47560b5e48aa3ffacd4df","2026-04-08 00:08:59.918","2026-04-21 04:37:13.212","69d47560b5e48aa3ffacd4df","Cindy Kaza","comedy","2026-06-14 16:00:00","2026-06-14 21:00:00","2026-06-14 21:00:00",false,false,false,"[PREMIUM]","[PREMIUM]","[PREMIUM]","[PREMIUM]","[PREMIUM]","[PREMIUM]",false,false,"58c0990acde6626ebe285bfb","['65f1f0b79b5cfecb4d36e3d8']","[PREMIUM]","[PREMIUM]"
"69d453823dcc5b72b14d231c","2026-04-08 00:08:59.918","2026-04-21 04:37:13.212","69d453823dcc5b72b14d231c","Burning Spear","music","2026-06-14 19:00:00","2026-06-15 02:00:00","2026-06-15 03:30:00",false,false,false,"[PREMIUM]","[PREMIUM]","[PREMIUM]","[PREMIUM]","[PREMIUM]","[PREMIUM]",false,false,"57e9ab62cde6626ebe2fd6a9","['626714258af02800010cd065']","[PREMIUM]","[PREMIUM]"
"69d418afd75c27c9a00591c3","2026-04-08 00:08:59.918","2026-04-21 04:37:22.228","69d418afd75c27c9a00591c3","Comedy Bang! Bang!","comedy","2026-06-16 20:00:00","2026-06-17 00:00:00","2026-06-17 01:30:00",false,false,false,"[PREMIUM]","[PREMIUM]","[PREMIUM]","[PREMIUM]","[PREMIUM]","[PREMIUM]",true,false,"578577a7f80c41623d38b3e4","['5d72ed7b0d39b5003965d2d0']","[PREMIUM]","[PREMIUM]"
"69d4149a85b81a090e4540a6","2026-04-08 00:08:59.918","2026-04-21 04:37:13.212","69d4149a85b81a090e4540a6","Monty Alexander","music","2026-06-14 20:00:00","2026-06-15 00:00:00","2026-06-15 00:00:00",false,false,false,"[PREMIUM]","[PREMIUM]","[PREMIUM]","[PREMIUM]","[PREMIUM]","[PREMIUM]",false,false,"65fb5fcda3b32f82a0b19148","['676b3c22fd4e0d95dce0240e']","[PREMIUM]","[PREMIUM]"
"69d4149a01b756e3d5c3f54e","2026-04-08 00:08:59.918","2026-04-21 04:37:13.212","69d4149a01b756e3d5c3f54e","Monty Alexander","music","2026-06-14 17:30:00","2026-06-14 21:30:00","2026-06-14 21:30:00",false,false,false,"[PREMIUM]","[PREMIUM]","[PREMIUM]","[PREMIUM]","[PREMIUM]","[PREMIUM]",false,false,"65fb5fcda3b32f82a0b19148","['676b3c22fd4e0d95dce0240e']","[PREMIUM]","[PREMIUM]"
"69cadb40d62cf463d21ba122","2026-04-08 00:08:59.918","2026-04-21 04:37:22.228","69cadb40d62cf463d21ba122","Every Brilliant Thing","theater","2026-06-16 19:00:00","2026-06-16 23:00:00","2026-06-16 23:00:00",false,false,false,"[PREMIUM]","[PREMIUM]","[PREMIUM]","[PREMIUM]","[PREMIUM]","[PREMIUM]",true,false,"5ac68286f5c17b001430f6ff","['69d54302533694c159208759']","[PREMIUM]","[PREMIUM]"
"69cadb40351b4c9460d743bf","2026-04-08 00:08:59.918","2026-04-21 04:37:13.212","69cadb40351b4c9460d743bf","Every Brilliant Thing","theater","2026-06-14 15:00:00","2026-06-14 19:00:00","2026-06-14 19:00:00",false,false,false,"[PREMIUM]","[PREMIUM]","[PREMIUM]","[PREMIUM]","[PREMIUM]","[PREMIUM]",true,false,"5ac68286f5c17b001430f6ff","['69d54302533694c159208759']","[PREMIUM]","[PREMIUM]"
"69d550ccc4e4ea3d2f054f09","2026-04-08 00:08:51.625","2026-04-21 04:37:04.950","69d550ccc4e4ea3d2f054f09","Matt Rife","comedy","2026-06-12 20:00:00","2026-06-13 01:00:00","2026-06-13 02:30:00",false,false,false,"[PREMIUM]","[PREMIUM]","[PREMIUM]","[PREMIUM]","[PREMIUM]","[PREMIUM]",true,false,"62c5e7af6a9190000116db26","['637807cd81b2b20001808981']","[PREMIUM]","[PREMIUM]"
"69d550ccc08daba9be0692b4","2026-04-08 00:08:51.625","2026-04-21 04:37:13.212","69d550ccc08daba9be0692b4","Matt Rife","comedy","2026-06-13 20:00:00","2026-06-14 01:00:00","2026-06-14 02:30:00",false,false,false,"[PREMIUM]","[PREMIUM]","[PREMIUM]","[PREMIUM]","[PREMIUM]","[PREMIUM]",true,false,"630e5127ff97930001bcff22","['637807cd81b2b20001808981']","[PREMIUM]","[PREMIUM]"
"69d4fa40ca55d8f46c1c6411","2026-04-08 00:08:51.625","2026-04-21 04:37:13.212","69d4fa40ca55d8f46c1c6411","Tonight At the Improv","comedy","2026-06-13 19:00:00","2026-06-14 02:00:00","2026-06-14 02:00:00",false,false,false,"[PREMIUM]","[PREMIUM]","[PREMIUM]","[PREMIUM]","[PREMIUM]","[PREMIUM]",false,false,"61c39b25ad04e000018c24ae","['661749b5fcc53ff64e381858']","[PREMIUM]","[PREMIUM]"
"69d4fa4028fca67d00472cdd","2026-04-08 00:08:51.625","2026-04-21 04:37:13.212","69d4fa4028fca67d00472cdd","Tonight At the Improv","comedy","2026-06-13 21:30:00","2026-06-14 04:30:00","2026-06-14 04:30:00",false,false,false,"[PREMIUM]","[PREMIUM]","[PREMIUM]","[PREMIUM]","[PREMIUM]","[PREMIUM]",false,false,"61c39b25ad04e000018c24ae","['661749b5fcc53ff64e381858']","[PREMIUM]","[PREMIUM]"
"69d4fa4001b756e3d5c43d42","2026-04-08 00:08:51.625","2026-04-21 04:37:04.950","69d4fa4001b756e3d5c43d42","Tonight At the Improv","comedy","2026-06-12 21:30:00","2026-06-13 04:30:00","2026-06-13 04:30:00",false,false,false,"[PREMIUM]","[PREMIUM]","[PREMIUM]","[PREMIUM]","[PREMIUM]","[PREMIUM]",false,false,"61c39b25ad04e000018c24ae","['661749b5fcc53ff64e381858']","[PREMIUM]","[PREMIUM]"
"69d470a4b5e48aa3ffacd321","2026-04-08 00:08:51.625","2026-04-21 04:37:13.212","69d470a4b5e48aa3ffacd321","The Emo Night Tour (21+ Event)","music","2026-06-13 20:00:00","2026-06-14 02:00:00","2026-06-14 02:00:00",false,false,false,"[PREMIUM]","[PREMIUM]","[PREMIUM]","[PREMIUM]","[PREMIUM]","[PREMIUM]",false,true,"5a443313f7346000132383c4","['65ce998d07a5794f79181c42']","[PREMIUM]","[PREMIUM]"
"69d454ac533694c159203961","2026-04-08 00:08:51.625","2026-04-21 04:37:13.212","69d454ac533694c159203961","Burning Spear","music","2026-06-13 20:00:00","2026-06-14 03:00:00","2026-06-14 04:30:00",false,false,false,"[PREMIUM]","[PREMIUM]","[PREMIUM]","[PREMIUM]","[PREMIUM]","[PREMIUM]",false,false,"57e1885950575d33c89c1726","['626714258af02800010cd065']","[PREMIUM]","[PREMIUM]"
"69d4149ac27d1f871406f3cb","2026-04-08 00:08:51.625","2026-04-21 04:37:04.950","69d4149ac27d1f871406f3cb","Monty Alexander","music","2026-06-12 21:30:00","2026-06-13 01:30:00","2026-06-13 01:30:00",false,false,false,"[PREMIUM]","[PREMIUM]","[PREMIUM]","[PREMIUM]","[PREMIUM]","[PREMIUM]",false,false,"65fb5fcda3b32f82a0b19148","['676b3c22fd4e0d95dce0240e']","[PREMIUM]","[PREMIUM]"
"69d4149a2c549c165e0cb141","2026-04-08 00:08:51.625","2026-04-21 04:37:13.212","69d4149a2c549c165e0cb141","Monty Alexander","music","2026-06-13 19:00:00","2026-06-13 23:00:00","2026-06-13 23:00:00",false,false,false,"[PREMIUM]","[PREMIUM]","[PREMIUM]","[PREMIUM]","[PREMIUM]","[PREMIUM]",false,false,"65fb5fcda3b32f82a0b19148","['676b3c22fd4e0d95dce0240e']","[PREMIUM]","[PREMIUM]"
"69d4149a1f49cf2eaa79ef21","2026-04-08 00:08:51.625","2026-04-21 04:37:13.212","69d4149a1f49cf2eaa79ef21","Monty Alexander","music","2026-06-13 21:00:00","2026-06-14 01:00:00","2026-06-14 01:00:00",false,false,false,"[PREMIUM]","[PREMIUM]","[PREMIUM]","[PREMIUM]","[PREMIUM]","[PREMIUM]",false,false,"65fb5fcda3b32f82a0b19148","['676b3c22fd4e0d95dce0240e']","[PREMIUM]","[PREMIUM]"
"69cadb426ac7b91b3666e8e0","2026-04-08 00:08:51.625","2026-04-21 04:37:13.212","69cadb426ac7b91b3666e8e0","Every Brilliant Thing","theater","2026-06-13 20:30:00","2026-06-14 00:30:00","2026-06-14 00:30:00",false,false,false,"[PREMIUM]","[PREMIUM]","[PREMIUM]","[PREMIUM]","[PREMIUM]","[PREMIUM]",true,false,"5ac68286f5c17b001430f6ff","['69d54302533694c159208759']","[PREMIUM]","[PREMIUM]"
"69cadb40b8109bed8185d723","2026-04-08 00:08:51.625","2026-04-21 04:37:04.950","69cadb40b8109bed8185d723","Every Brilliant Thing","theater","2026-06-13 17:00:00","2026-06-13 21:00:00","2026-06-13 21:00:00",false,false,false,"[PREMIUM]","[PREMIUM]","[PREMIUM]","[PREMIUM]","[PREMIUM]","[PREMIUM]",true,false,"5ac68286f5c17b001430f6ff","['69d54302533694c159208759']","[PREMIUM]","[PREMIUM]"
"69d58322c27d1f8714077c21","2026-04-08 00:08:39.739","2026-04-21 04:37:04.950","69d58322c27d1f8714077c21","Boa","music","2026-06-12 19:00:00","2026-06-13 02:00:00","2026-06-13 02:00:00",false,false,false,"[PREMIUM]","[PREMIUM]","[PREMIUM]","[PREMIUM]","[PREMIUM]","[PREMIUM]",false,false,"576d839ff80c415f0cc30d94","['65fc87089670096540bca4ed']","[PREMIUM]","[PREMIUM]"
"69d4fa401f49cf2eaa7a37ca","2026-04-08 00:08:39.739","2026-04-21 04:37:04.950","69d4fa401f49cf2eaa7a37ca","Tonight At the Improv","comedy","2026-06-12 19:30:00","2026-06-13 02:30:00","2026-06-13 02:30:00",false,false,false,"[PREMIUM]","[PREMIUM]","[PREMIUM]","[PREMIUM]","[PREMIUM]","[PREMIUM]",false,false,"61c39b25ad04e000018c24ae","['661749b5fcc53ff64e381858']","[PREMIUM]","[PREMIUM]"
"69d46ed01f49cf2eaa7a190c","2026-04-08 00:08:39.739","2026-04-21 04:37:04.950","69d46ed01f49cf2eaa7a190c","Skillibeng","music","2026-06-12 19:00:00","2026-06-12 23:00:00","2026-06-13 00:30:00",false,false,false,"[PREMIUM]","[PREMIUM]","[PREMIUM]","[PREMIUM]","[PREMIUM]","[PREMIUM]",false,false,"57e16af750575d33c89b402e","['6335e3b87c1d6a0001e7fe85']","[PREMIUM]","[PREMIUM]"
"69d4149a50410319c7675322","2026-04-08 00:08:39.739","2026-04-21 04:37:04.950","69d4149a50410319c7675322","Monty Alexander","music","2026-06-12 19:00:00","2026-06-12 23:00:00","2026-06-12 23:00:00",false,false,false,"[PREMIUM]","[PREMIUM]","[PREMIUM]","[PREMIUM]","[PREMIUM]","[PREMIUM]",false,false,"65fb5fcda3b32f82a0b19148","['676b3c22fd4e0d95dce0240e']","[PREMIUM]","[PREMIUM]"
"69cadb47152752c124a9d54b","2026-04-08 00:08:39.739","2026-04-21 04:36:51.788","69cadb47152752c124a9d54b","Every Brilliant Thing","theater","2026-06-11 19:00:00","2026-06-11 23:00:00","2026-06-11 23:00:00",false,false,false,"[PREMIUM]","[PREMIUM]","[PREMIUM]","[PREMIUM]","[PREMIUM]","[PREMIUM]",true,false,"5ac68286f5c17b001430f6ff","['69d54302533694c159208759']","[PREMIUM]","[PREMIUM]"
"69cadb40087e1e66bb83a07c","2026-04-08 00:08:39.739","2026-04-21 04:37:04.950","69cadb40087e1e66bb83a07c","Every Brilliant Thing","theater","2026-06-12 19:00:00","2026-06-12 23:00:00","2026-06-12 23:00:00",false,false,false,"[PREMIUM]","[PREMIUM]","[PREMIUM]","[PREMIUM]","[PREMIUM]","[PREMIUM]",true,false,"5ac68286f5c17b001430f6ff","['69d54302533694c159208759']","[PREMIUM]","[PREMIUM]"
"69d56d0b594751fe4f1dc200","2026-04-08 00:08:32.085","2026-04-21 04:36:37.154","69d56d0b594751fe4f1dc200","Superheaven","music","2026-06-08 19:30:00","2026-06-09 02:30:00","2026-06-09 02:30:00",false,false,false,"[PREMIUM]","[PREMIUM]","[PREMIUM]","[PREMIUM]","[PREMIUM]","[PREMIUM]",false,true,"5a4534eaf7346000132383d5","['681e34605bf497fbd7aa21ce']","[PREMIUM]","[PREMIUM]"
"69d418f36f60e457cfb38022","2026-04-08 00:08:32.085","2026-04-21 04:36:37.154","69d418f36f60e457cfb38022","Comedy Bang! Bang!","comedy","2026-06-07 20:00:00","2026-06-08 01:00:00","2026-06-08 02:30:00",false,false,false,"[PREMIUM]","[PREMIUM]","[PREMIUM]","[PREMIUM]","[PREMIUM]","[PREMIUM]",true,false,"57c61b85f80c4132e4199030","['5d72ed7b0d39b5003965d2d0']","[PREMIUM]","[PREMIUM]"
"69d41659233fb2f97d762b4b","2026-04-08 00:08:32.085","2026-04-21 04:36:37.154","69d41659233fb2f97d762b4b","Comedy Bang! Bang!","comedy","2026-06-08 19:00:00","2026-06-09 00:00:00","2026-06-09 01:30:00",false,false,false,"[PREMIUM]","[PREMIUM]","[PREMIUM]","[PREMIUM]","[PREMIUM]","[PREMIUM]",true,false,"57d325c550575d33c85ae9b4","['5d72ed7b0d39b5003965d2d0']","[PREMIUM]","[PREMIUM]"
"69cadb4dc63b17d9df440052","2026-04-08 00:08:32.085","2026-04-21 04:36:37.154","69cadb4dc63b17d9df440052","Every Brilliant Thing","theater","2026-06-09 19:00:00","2026-06-09 23:00:00","2026-06-09 23:00:00",false,false,false,"[PREMIUM]","[PREMIUM]","[PREMIUM]","[PREMIUM]","[PREMIUM]","[PREMIUM]",true,false,"5ac68286f5c17b001430f6ff","['69d54302533694c159208759']","[PREMIUM]","[PREMIUM]"
"69cadb4795f5e8fdf9c3c28e","2026-04-08 00:08:32.085","2026-04-21 04:36:51.788","69cadb4795f5e8fdf9c3c28e","Every Brilliant Thing","theater","2026-06-10 19:00:00","2026-06-10 23:00:00","2026-06-10 23:00:00",false,false,false,"[PREMIUM]","[PREMIUM]","[PREMIUM]","[PREMIUM]","[PREMIUM]","[PREMIUM]",true,false,"5ac68286f5c17b001430f6ff","['69d54302533694c159208759']","[PREMIUM]","[PREMIUM]"
"69cadb4036a7d1cf8caaf339","2026-04-08 00:08:32.085","2026-04-21 04:36:37.154","69cadb4036a7d1cf8caaf339","Every Brilliant Thing","theater","2026-06-10 14:00:00","2026-06-10 18:00:00","2026-06-10 18:00:00",false,false,false,"[PREMIUM]","[PREMIUM]","[PREMIUM]","[PREMIUM]","[PREMIUM]","[PREMIUM]",true,false,"5ac68286f5c17b001430f6ff","['69d54302533694c159208759']","[PREMIUM]","[PREMIUM]"
"69d58abac50b7af54bd59d64","2026-04-08 00:08:24.735","2026-04-21 04:36:27.929","69d58abac50b7af54bd59d64","Superheaven","music","2026-06-06 19:30:00","2026-06-07 01:30:00","2026-06-07 01:30:00",false,false,false,"[PREMIUM]","[PREMIUM]","[PREMIUM]","[PREMIUM]","[PREMIUM]","[PREMIUM]",true,false,"5a677a23d2295a0012abc57e","['681e34605bf497fbd7aa21ce']","[PREMIUM]","[PREMIUM]"
"69d58a07860f17877a9eca48","2026-04-08 00:08:24.735","2026-04-21 04:36:37.154","69d58a07860f17877a9eca48","Superheaven","music","2026-06-07 19:00:00","2026-06-08 02:00:00","2026-06-08 02:00:00",false,false,false,"[PREMIUM]","[PREMIUM]","[PREMIUM]","[PREMIUM]","[PREMIUM]","[PREMIUM]",false,false,"57e2f27c50575d33c8a48f4c","['681e34605bf497fbd7aa21ce']","[PREMIUM]","[PREMIUM]"
"69d56dd8c4e4ea3d2f055d73","2026-04-08 00:08:24.735","2026-04-21 04:36:27.929","69d56dd8c4e4ea3d2f055d73","Kloud","music","2026-06-06 22:00:00","2026-06-07 04:00:00","2026-06-07 05:30:00",false,false,false,"[PREMIUM]","[PREMIUM]","[PREMIUM]","[PREMIUM]","[PREMIUM]","[PREMIUM]",false,true,"5a85ec6b2e200f0012238e3b","['6376c278476255000116ea6d']","[PREMIUM]","[PREMIUM]"
"69d5514efab6d2f890067e9d","2026-04-08 00:08:24.735","2026-04-21 04:36:27.929","69d5514efab6d2f890067e9d","Seahaven","music","2026-06-06 20:00:00","2026-06-07 03:00:00","2026-06-07 04:30:00",false,false,false,"[PREMIUM]","[PREMIUM]","[PREMIUM]","[PREMIUM]","[PREMIUM]","[PREMIUM]",false,true,"62bf3aa7875de600012028da","['69bdad7eac8ae3d70e58e2c2']","[PREMIUM]","[PREMIUM]"
"69d4fa40f35872418801dea8","2026-04-08 00:08:24.735","2026-04-21 04:36:27.929","69d4fa40f35872418801dea8","Tonight At the Improv","comedy","2026-06-06 21:30:00","2026-06-07 04:30:00","2026-06-07 04:30:00",false,false,false,"[PREMIUM]","[PREMIUM]","[PREMIUM]","[PREMIUM]","[PREMIUM]","[PREMIUM]",false,false,"61c39b25ad04e000018c24ae","['661749b5fcc53ff64e381858']","[PREMIUM]","[PREMIUM]"
"69d4fa402241e0731cad4c34","2026-04-08 00:08:24.735","2026-04-21 04:36:27.929","69d4fa402241e0731cad4c34","Tonight At the Improv","comedy","2026-06-06 19:00:00","2026-06-07 02:00:00","2026-06-07 02:00:00",false,false,false,"[PREMIUM]","[PREMIUM]","[PREMIUM]","[PREMIUM]","[PREMIUM]","[PREMIUM]",false,false,"61c39b25ad04e000018c24ae","['661749b5fcc53ff64e381858']","[PREMIUM]","[PREMIUM]"
"69d475d82c549c165e0cdcd1","2026-04-08 00:08:24.735","2026-04-21 04:36:27.929","69d475d82c549c165e0cdcd1","Skillibeng","music","2026-06-06 19:00:00","2026-06-07 00:00:00","2026-06-07 01:30:00",false,false,false,"[PREMIUM]","[PREMIUM]","[PREMIUM]","[PREMIUM]","[PREMIUM]","[PREMIUM]",false,true,"689cfab5d419f0b3d55a6a92","['6335e3b87c1d6a0001e7fe85']","[PREMIUM]","[PREMIUM]"
"69d4751e20fb4988cad278bb","2026-04-08 00:08:24.735","2026-04-21 04:36:27.929","69d4751e20fb4988cad278bb","Malaa","music","2026-06-06 22:00:00","2026-06-07 05:00:00","2026-06-07 06:30:00",false,false,false,"[PREMIUM]","[PREMIUM]","[PREMIUM]","[PREMIUM]","[PREMIUM]","[PREMIUM]",false,true,"63e3f759d3442e00010d1b58","['633b647e460e2000019cf0f3']","[PREMIUM]","[PREMIUM]"
"69d45224f4d76236ad181e77","2026-04-08 00:08:24.735","2026-04-21 04:36:27.929","69d45224f4d76236ad181e77","Burning Spear (21+ Event)","music","2026-06-06 20:00:00","2026-06-07 02:00:00","2026-06-07 03:30:00",false,false,false,"[PREMIUM]","[PREMIUM]","[PREMIUM]","[PREMIUM]","[PREMIUM]","[PREMIUM]",false,true,"669ed2a723bd646d539e084c","['626714258af02800010cd065']","[PREMIUM]","[PREMIUM]"
"69d433e1519b3502fd384f2a","2026-04-08 00:08:24.735","2026-04-21 04:36:27.929","69d433e1519b3502fd384f2a","Monster X Tour","auto","2026-06-06 19:00:00","2026-06-07 01:00:00","2026-06-07 01:45:00",false,false,false,"[PREMIUM]","[PREMIUM]","[PREMIUM]","[PREMIUM]","[PREMIUM]","[PREMIUM]",false,true,"680ff2a3714a960fc6635a87","['5deee9f0ab73290037ec4eba']","[PREMIUM]","[PREMIUM]"
"69cc85a8e33c934b456aee9d","2026-04-08 00:08:24.735","2026-04-21 04:36:37.154","69cc85a8e33c934b456aee9d","In Conversation with Pour Minds Podcast","comedy","2026-06-07 19:00:00","2026-06-07 23:00:00","2026-06-07 23:00:00",false,false,false,"[PREMIUM]","[PREMIUM]","[PREMIUM]","[PREMIUM]","[PREMIUM]","[PREMIUM]",false,false,"658f4365c8263b7b6c5a9c99","['64e3c89ed8f4cb0001258493']","[PREMIUM]","[PREMIUM]"
"69cc85343e7041e987efd2cc","2026-04-08 00:08:24.735","2026-04-21 04:36:27.929","69cc85343e7041e987efd2cc","In Conversation with Pour Minds Podcast","comedy","2026-06-06 19:30:00","2026-06-07 00:30:00","2026-06-07 00:30:00",false,false,false,"[PREMIUM]","[PREMIUM]","[PREMIUM]","[PREMIUM]","[PREMIUM]","[PREMIUM]",false,false,"57e1954350575d33c89c666b","['64e3c89ed8f4cb0001258493']","[PREMIUM]","[PREMIUM]"
"69cadb4da5af5020fc98cf64","2026-04-08 00:08:24.735","2026-04-21 04:36:37.154","69cadb4da5af5020fc98cf64","Every Brilliant Thing","theater","2026-06-07 15:00:00","2026-06-07 19:00:00","2026-06-07 19:00:00",false,false,false,"[PREMIUM]","[PREMIUM]","[PREMIUM]","[PREMIUM]","[PREMIUM]","[PREMIUM]",true,false,"5ac68286f5c17b001430f6ff","['69d54302533694c159208759']","[PREMIUM]","[PREMIUM]"
"69cadb4c3393b056d3e85ea2","2026-04-08 00:08:24.735","2026-04-21 04:36:27.929","69cadb4c3393b056d3e85ea2","Every Brilliant Thing","theater","2026-06-06 20:30:00","2026-06-07 00:30:00","2026-06-07 00:30:00",false,false,false,"[PREMIUM]","[PREMIUM]","[PREMIUM]","[PREMIUM]","[PREMIUM]","[PREMIUM]",true,false,"5ac68286f5c17b001430f6ff","['69d54302533694c159208759']","[PREMIUM]","[PREMIUM]"
"69d5838676ba681c92ea88af","2026-04-08 00:08:17.759","2026-04-21 04:36:18.965","69d5838676ba681c92ea88af","BoDeans","music","2026-06-05 19:30:00","2026-06-06 00:30:00","2026-06-06 00:30:00",false,false,false,"[PREMIUM]","[PREMIUM]","[PREMIUM]","[PREMIUM]","[PREMIUM]","[PREMIUM]",false,true,"6647b2bcb7387d9f8afcbb8f","['65e64013fa314034c23f5131']","[PREMIUM]","[PREMIUM]"
"69d5514d24f8d4f84ffc3157","2026-04-08 00:08:17.759","2026-04-21 04:36:18.965","69d5514d24f8d4f84ffc3157","Therapy Gecko (21+ Event)","theater","2026-06-05 19:00:00","2026-06-06 02:00:00","2026-06-06 02:00:00",false,false,false,"[PREMIUM]","[PREMIUM]","[PREMIUM]","[PREMIUM]","[PREMIUM]","[PREMIUM]",false,false,"62bf3aa7875de600012028da","['65ebf2f78d0e56b753318e9a']","[PREMIUM]","[PREMIUM]"
"69d4fa40c4e4ea3d2f052404","2026-04-08 00:08:17.759","2026-04-21 04:36:18.965","69d4fa40c4e4ea3d2f052404","Tonight At the Improv","comedy","2026-06-05 21:30:00","2026-06-06 04:30:00","2026-06-06 04:30:00",false,false,false,"[PREMIUM]","[PREMIUM]","[PREMIUM]","[PREMIUM]","[PREMIUM]","[PREMIUM]",false,false,"61c39b25ad04e000018c24ae","['661749b5fcc53ff64e381858']","[PREMIUM]","[PREMIUM]"
"69d4fa4078d1fa103258b787","2026-04-08 00:08:17.759","2026-04-21 04:36:18.965","69d4fa4078d1fa103258b787","Tonight At the Improv","comedy","2026-06-05 19:30:00","2026-06-06 02:30:00","2026-06-06 02:30:00",false,false,false,"[PREMIUM]","[PREMIUM]","[PREMIUM]","[PREMIUM]","[PREMIUM]","[PREMIUM]",false,false,"61c39b25ad04e000018c24ae","['661749b5fcc53ff64e381858']","[PREMIUM]","[PREMIUM]"
"69d4f60f594751fe4f1d885a","2026-04-08 00:08:17.759","2026-04-21 04:36:18.965","69d4f60f594751fe4f1d885a","Emo Nite","music","2026-06-05 21:00:00","2026-06-06 02:00:00","2026-06-06 02:00:00",false,false,false,"[PREMIUM]","[PREMIUM]","[PREMIUM]","[PREMIUM]","[PREMIUM]","[PREMIUM]",false,false,"57d0980550575d33c84f608e","['65ce998d07a5794f79181c42']","[PREMIUM]","[PREMIUM]"
"69d4522476ba681c92ea18e2","2026-04-08 00:08:17.759","2026-04-21 04:36:18.965","69d4522476ba681c92ea18e2","Burning Spear","music","2026-06-05 20:00:00","2026-06-06 02:00:00","2026-06-06 03:30:00",false,false,false,"[PREMIUM]","[PREMIUM]","[PREMIUM]","[PREMIUM]","[PREMIUM]","[PREMIUM]",false,false,"5ae0a76dd750e200128d7e84","['626714258af02800010cd065']","[PREMIUM]","[PREMIUM]"
"69d433e1f35872418801a782","2026-04-08 00:08:17.759","2026-04-21 04:36:18.965","69d433e1f35872418801a782","Monster X Tour","auto","2026-06-06 12:00:00","2026-06-06 18:00:00","2026-06-06 18:45:00",false,false,false,"[PREMIUM]","[PREMIUM]","[PREMIUM]","[PREMIUM]","[PREMIUM]","[PREMIUM]",false,true,"680ff2a3714a960fc6635a87","['5deee9f0ab73290037ec4eba']","[PREMIUM]","[PREMIUM]"
"69d41b50519b3502fd3844db","2026-04-08 00:08:17.759","2026-04-21 04:36:18.965","69d41b50519b3502fd3844db","Comedy Bang! Bang!","comedy","2026-06-05 20:00:00","2026-06-06 00:00:00","2026-06-06 01:30:00",false,false,false,"[PREMIUM]","[PREMIUM]","[PREMIUM]","[PREMIUM]","[PREMIUM]","[PREMIUM]",true,false,"5a133d738320f80012a6d19b","['5d72ed7b0d39b5003965d2d0']","[PREMIUM]","[PREMIUM]"
"69cadb5039d4ee61f5c87eb6","2026-04-08 00:08:17.759","2026-04-21 04:36:18.965","69cadb5039d4ee61f5c87eb6","Every Brilliant Thing","theater","2026-06-05 19:00:00","2026-06-05 23:00:00","2026-06-05 23:00:00",false,false,false,"[PREMIUM]","[PREMIUM]","[PREMIUM]","[PREMIUM]","[PREMIUM]","[PREMIUM]",true,false,"5ac68286f5c17b001430f6ff","['69d54302533694c159208759']","[PREMIUM]","[PREMIUM]"
"69cadb4d43431a0d5801af3c","2026-04-08 00:08:17.759","2026-04-21 04:36:27.929","69cadb4d43431a0d5801af3c","Every Brilliant Thing","theater","2026-06-06 17:00:00","2026-06-06 21:00:00","2026-06-06 21:00:00",false,false,false,"[PREMIUM]","[PREMIUM]","[PREMIUM]","[PREMIUM]","[PREMIUM]","[PREMIUM]",true,false,"5ac68286f5c17b001430f6ff","['69d54302533694c159208759']","[PREMIUM]","[PREMIUM]"
"6944be84c3c665f64861747c","2026-04-08 00:08:17.759","2026-04-21 04:36:27.929","6944be84c3c665f64861747c","TBD at Michigan Arsenal","afl","2026-06-06 19:00:00","2026-06-06 23:00:00","2026-06-07 00:30:00",false,false,false,"[PREMIUM]","[PREMIUM]","[PREMIUM]","[PREMIUM]","[PREMIUM]","[PREMIUM]",false,true,"635c26a468c8f30001a574e7","['69a082ec023730afdc0c1893','6685a14d3fcfca03571bb5a2']","[PREMIUM]","[PREMIUM]"
"69d5514d50410319c767c52a","2026-04-08 00:08:09.692","2026-04-21 04:36:18.965","69d5514d50410319c767c52a","John Craigie","music","2026-06-04 20:00:00","2026-06-05 03:00:00","2026-06-05 04:30:00",false,false,false,"[PREMIUM]","[PREMIUM]","[PREMIUM]","[PREMIUM]","[PREMIUM]","[PREMIUM]",false,true,"62bf3aa7875de600012028da","['61d5d51518b2df0001996ecf']","[PREMIUM]","[PREMIUM]"
"69d54ca21f49cf2eaa7a612f","2026-04-08 00:08:09.692","2026-04-21 04:36:18.965","69d54ca21f49cf2eaa7a612f","Howie Day","music","2026-06-04 20:00:00","2026-06-05 02:00:00","2026-06-05 02:00:00",false,false,false,"[PREMIUM]","[PREMIUM]","[PREMIUM]","[PREMIUM]","[PREMIUM]","[PREMIUM]",false,true,"57e31d1450575d33c8a5fb73","['65f0cba844ba24eb76e43bda']","[PREMIUM]","[PREMIUM]"
"69d47662c27d1f8714071eac","2026-04-08 00:08:09.692","2026-04-21 04:36:09.177","69d47662c27d1f8714071eac","Skillibeng","music","2026-06-03 20:00:00","2026-06-04 00:00:00","2026-06-04 01:30:00",false,false,false,"[PREMIUM]","[PREMIUM]","[PREMIUM]","[PREMIUM]","[PREMIUM]","[PREMIUM]",true,false,"57d325c550575d33c85ae9b5","['6335e3b87c1d6a0001e7fe85']","[PREMIUM]","[PREMIUM]"
"69d45224594751fe4f1d5ef6","2026-04-08 00:08:09.692","2026-04-21 04:36:18.965","69d45224594751fe4f1d5ef6","Burning Spear","music","2026-06-04 20:00:00","2026-06-05 02:00:00","2026-06-05 03:30:00",false,false,false,"[PREMIUM]","[PREMIUM]","[PREMIUM]","[PREMIUM]","[PREMIUM]","[PREMIUM]",false,false,"57e2fbc650575d33c8a4df07","['626714258af02800010cd065']","[PREMIUM]","[PREMIUM]"
"69d4311ac94c6cd0044cfcf1","2026-04-08 00:08:09.692","2026-04-21 04:36:18.965","69d4311ac94c6cd0044cfcf1","Comedy Bang! Bang!","comedy","2026-06-04 20:00:00","2026-06-05 00:00:00","2026-06-05 01:30:00",false,false,false,"[PREMIUM]","[PREMIUM]","[PREMIUM]","[PREMIUM]","[PREMIUM]","[PREMIUM]",false,false,"57c09127f80c412d743f40bb","['5d72ed7b0d39b5003965d2d0']","[PREMIUM]","[PREMIUM]"
"69d41921594751fe4f1d46d1","2026-04-08 00:08:09.692","2026-04-21 04:36:09.177","69d41921594751fe4f1d46d1","Comedy Bang! Bang!","comedy","2026-06-03 20:00:00","2026-06-04 00:00:00","2026-06-04 01:30:00",false,false,false,"[PREMIUM]","[PREMIUM]","[PREMIUM]","[PREMIUM]","[PREMIUM]","[PREMIUM]",true,false,"598ce7de9da0d48c0db7238e","['5d72ed7b0d39b5003965d2d0']","[PREMIUM]","[PREMIUM]"
"69d3f8aa20fb4988cad232ed","2026-04-08 00:08:09.692","2026-04-21 04:36:18.965","69d3f8aa20fb4988cad232ed","Jerro","music","2026-06-05 11:00:00","2026-06-05 18:00:00","2026-06-05 18:00:00",false,false,false,"[PREMIUM]","[PREMIUM]","[PREMIUM]","[PREMIUM]","[PREMIUM]","[PREMIUM]",false,false,"65ab189c0a38821a8a848f2d","['661075e42d3b32c95069c9c1']","[PREMIUM]","[PREMIUM]"
"69cadb50d62cf463d21ba12b","2026-04-08 00:08:09.692","2026-04-21 04:36:09.177","69cadb50d62cf463d21ba12b","Every Brilliant Thing","theater","2026-06-03 19:00:00","2026-06-03 23:00:00","2026-06-03 23:00:00",false,false,false,"[PREMIUM]","[PREMIUM]","[PREMIUM]","[PREMIUM]","[PREMIUM]","[PREMIUM]",true,false,"5ac68286f5c17b001430f6ff","['69d54302533694c159208759']","[PREMIUM]","[PREMIUM]"
"69cadb50c63b17d9df440053","2026-04-08 00:08:09.692","2026-04-21 04:36:09.177","69cadb50c63b17d9df440053","Every Brilliant Thing","theater","2026-06-04 19:00:00","2026-06-04 23:00:00","2026-06-04 23:00:00",false,false,false,"[PREMIUM]","[PREMIUM]","[PREMIUM]","[PREMIUM]","[PREMIUM]","[PREMIUM]",true,false,"5ac68286f5c17b001430f6ff","['69d54302533694c159208759']","[PREMIUM]","[PREMIUM]"
"69d58ab139501228557e09e9","2026-04-08 00:08:02.641","2026-04-21 04:35:52.009","69d58ab139501228557e09e9","Superheaven","music","2026-05-31 18:30:00","2026-05-31 23:30:00","2026-05-31 23:30:00",false,false,false,"[PREMIUM]","[PREMIUM]","[PREMIUM]","[PREMIUM]","[PREMIUM]","[PREMIUM]",true,false,"57e9af98cde6626ebe301245","['681e34605bf497fbd7aa21ce']","[PREMIUM]","[PREMIUM]"
"69d58352fecdce7084c519a5","2026-04-08 00:08:02.641","2026-04-21 04:35:52.009","69d58352fecdce7084c519a5","Big Head Todd and The Monsters","music","2026-05-31 19:00:00","2026-06-01 01:00:00","2026-06-01 02:00:00",false,false,false,"[PREMIUM]","[PREMIUM]","[PREMIUM]","[PREMIUM]","[PREMIUM]","[PREMIUM]",false,true,"649c73ad4211c50001cb247a","['56730ffdf80c410dcd000002']","[PREMIUM]","[PREMIUM]"
"69d58352c94c6cd0044d7a68","2026-04-08 00:08:02.641","2026-04-21 04:35:52.009","69d58352c94c6cd0044d7a68","Trey Anastasio","music","2026-06-02 19:00:00","2026-06-03 01:00:00","2026-06-03 02:00:00",false,false,false,"[PREMIUM]","[PREMIUM]","[PREMIUM]","[PREMIUM]","[PREMIUM]","[PREMIUM]",false,true,"649c73ad4211c50001cb247a","['59973d9e25f2c51ce894c9bf']","[PREMIUM]","[PREMIUM]"
"69d475d9533694c159204699","2026-04-08 00:08:02.641","2026-04-21 04:35:52.009","69d475d9533694c159204699","Pentagram","music","2026-05-31 19:00:00","2026-06-01 00:00:00","2026-06-01 00:00:00",false,false,false,"[PREMIUM]","[PREMIUM]","[PREMIUM]","[PREMIUM]","[PREMIUM]","[PREMIUM]",false,true,"67e3124fd065930b822dfa24","['676b3a4491e572c35fc3a08b']","[PREMIUM]","[PREMIUM]"
"69d4737773a8aad5c0f91bd3","2026-04-08 00:08:02.641","2026-04-21 04:35:52.009","69d4737773a8aad5c0f91bd3","Skillibeng","music","2026-05-31 20:00:00","2026-06-01 00:00:00","2026-06-01 01:30:00",false,false,false,"[PREMIUM]","[PREMIUM]","[PREMIUM]","[PREMIUM]","[PREMIUM]","[PREMIUM]",false,false,"57d325c550575d33c85ae9b3","['6335e3b87c1d6a0001e7fe85']","[PREMIUM]","[PREMIUM]"
"69d43100860f17877a9e4adf","2026-04-08 00:08:02.641","2026-04-21 04:35:52.009","69d43100860f17877a9e4adf","Comedy Bang! Bang!","comedy","2026-05-31 19:00:00","2026-05-31 23:00:00","2026-06-01 00:30:00",false,false,false,"[PREMIUM]","[PREMIUM]","[PREMIUM]","[PREMIUM]","[PREMIUM]","[PREMIUM]",true,false,"57c61b84f80c4132e419902b","['5d72ed7b0d39b5003965d2d0']","[PREMIUM]","[PREMIUM]"
"69d419784477cb1beb31586a","2026-04-08 00:08:02.641","2026-04-21 04:35:52.009","69d419784477cb1beb31586a","Comedy Bang! Bang!","comedy","2026-06-01 20:00:00","2026-06-02 00:00:00","2026-06-02 01:30:00",false,false,false,"[PREMIUM]","[PREMIUM]","[PREMIUM]","[PREMIUM]","[PREMIUM]","[PREMIUM]",false,false,"57bdfc80f80c41303ddb67a2","['5d72ed7b0d39b5003965d2d0']","[PREMIUM]","[PREMIUM]"
"69cadb50102eff2cf6b6c058","2026-04-08 00:08:02.641","2026-04-21 04:35:52.009","69cadb50102eff2cf6b6c058","Every Brilliant Thing","theater","2026-06-02 19:00:00","2026-06-02 23:00:00","2026-06-02 23:00:00",false,false,false,"[PREMIUM]","[PREMIUM]","[PREMIUM]","[PREMIUM]","[PREMIUM]","[PREMIUM]",true,false,"5ac68286f5c17b001430f6ff","['69d54302533694c159208759']","[PREMIUM]","[PREMIUM]"
"69cadb4fe3238cb4eddbb9d6","2026-04-08 00:08:02.641","2026-04-21 04:35:52.009","69cadb4fe3238cb4eddbb9d6","Every Brilliant Thing","theater","2026-05-31 15:00:00","2026-05-31 19:00:00","2026-05-31 19:00:00",false,false,false,"[PREMIUM]","[PREMIUM]","[PREMIUM]","[PREMIUM]","[PREMIUM]","[PREMIUM]",true,false,"5ac68286f5c17b001430f6ff","['69d54302533694c159208759']","[PREMIUM]","[PREMIUM]"
"69c81c7d71127eae1a8c3f61","2026-04-08 00:08:02.641","2026-04-21 04:35:52.009","69c81c7d71127eae1a8c3f61","Ernest and Friends","music","2026-06-02 19:30:00","2026-06-03 00:30:00","2026-06-03 02:00:00",false,false,false,"[PREMIUM]","[PREMIUM]","[PREMIUM]","[PREMIUM]","[PREMIUM]","[PREMIUM]",true,false,"5798426cf80c417b17e7395f","['6448341869358400011fcaf4']","[PREMIUM]","[PREMIUM]"
"69d5519201b756e3d5c468f2","2026-04-08 00:07:54.525","2026-04-21 04:35:42.529","69d5519201b756e3d5c468f2","Barely Alive","music","2026-05-30 20:00:00","2026-05-31 01:00:00","2026-05-31 01:00:00",false,false,false,"[PREMIUM]","[PREMIUM]","[PREMIUM]","[PREMIUM]","[PREMIUM]","[PREMIUM]",false,false,"57c61b85f80c4132e4199031","['65283339051055550e27c262']","[PREMIUM]","[PREMIUM]"
"69d471f9ca55d8f46c1c4687","2026-04-08 00:07:54.525","2026-04-21 04:35:42.529","69d471f9ca55d8f46c1c4687","Skillibeng","music","2026-05-30 18:00:00","2026-05-30 22:00:00","2026-05-30 23:30:00",false,false,false,"[PREMIUM]","[PREMIUM]","[PREMIUM]","[PREMIUM]","[PREMIUM]","[PREMIUM]",false,false,"61046521d90998000194a15d","['6335e3b87c1d6a0001e7fe85']","[PREMIUM]","[PREMIUM]"
"69d41a97b5e48aa3ffacaed9","2026-04-08 00:07:54.525","2026-04-21 04:35:42.529","69d41a97b5e48aa3ffacaed9","Comedy Bang! Bang!","comedy","2026-05-30 20:00:00","2026-05-31 00:00:00","2026-05-31 01:30:00",false,false,false,"[PREMIUM]","[PREMIUM]","[PREMIUM]","[PREMIUM]","[PREMIUM]","[PREMIUM]",true,false,"5dbc4c242bcda30038d90872","['5d72ed7b0d39b5003965d2d0']","[PREMIUM]","[PREMIUM]"
"69d3f8a620fb4988cad232eb","2026-04-08 00:07:54.525","2026-04-21 04:35:52.009","69d3f8a620fb4988cad232eb","TYGA","music","2026-05-31 11:00:00","2026-05-31 18:00:00","2026-05-31 19:00:00",false,false,false,"[PREMIUM]","[PREMIUM]","[PREMIUM]","[PREMIUM]","[PREMIUM]","[PREMIUM]",false,false,"65ab189c0a38821a8a848f2d","['59a88b0225f2c51f66b12f40']","[PREMIUM]","[PREMIUM]"
"69cadb508e0f46da4bc35e29","2026-04-08 00:07:54.525","2026-04-21 04:35:42.529","69cadb508e0f46da4bc35e29","Every Brilliant Thing","theater","2026-05-30 20:30:00","2026-05-31 00:30:00","2026-05-31 00:30:00",false,false,false,"[PREMIUM]","[PREMIUM]","[PREMIUM]","[PREMIUM]","[PREMIUM]","[PREMIUM]",true,false,"5ac68286f5c17b001430f6ff","['69d54302533694c159208759']","[PREMIUM]","[PREMIUM]"
"69cadb4fda46667f104f35bf","2026-04-08 00:07:54.525","2026-04-21 04:35:42.529","69cadb4fda46667f104f35bf","Every Brilliant Thing","theater","2026-05-30 17:00:00","2026-05-30 21:00:00","2026-05-30 21:00:00",false,false,false,"[PREMIUM]","[PREMIUM]","[PREMIUM]","[PREMIUM]","[PREMIUM]","[PREMIUM]",true,false,"5ac68286f5c17b001430f6ff","['69d54302533694c159208759']","[PREMIUM]","[PREMIUM]"
"69d4fa40594751fe4f1d893a","2026-04-08 00:07:47.211","2026-04-21 04:35:32.732","69d4fa40594751fe4f1d893a","Tonight At the Improv - Brian Monarch","comedy","2026-05-28 19:30:00","2026-05-29 02:30:00","2026-05-29 02:30:00",false,false,false,"[PREMIUM]","[PREMIUM]","[PREMIUM]","[PREMIUM]","[PREMIUM]","[PREMIUM]",false,false,"61c39b25ad04e000018c24ae","['661749b5fcc53ff64e381858']","[PREMIUM]","[PREMIUM]"
"69d438c6519b3502fd3850fc","2026-04-08 00:07:47.211","2026-04-21 04:35:32.732","69d438c6519b3502fd3850fc","Brit Floyd","music","2026-05-29 20:00:00","2026-05-30 01:00:00","2026-05-30 02:00:00",false,false,false,"[PREMIUM]","[PREMIUM]","[PREMIUM]","[PREMIUM]","[PREMIUM]","[PREMIUM]",false,false,"5c361ba3fb9340001660d32c","['58a7935df80c41494ff7ce4f']","[PREMIUM]","[PREMIUM]"
"69d41b03c08daba9be062564","2026-04-08 00:07:47.211","2026-04-21 04:35:32.732","69d41b03c08daba9be062564","Comedy Bang! Bang!","comedy","2026-05-28 20:00:00","2026-05-29 01:00:00","2026-05-29 02:30:00",false,false,false,"[PREMIUM]","[PREMIUM]","[PREMIUM]","[PREMIUM]","[PREMIUM]","[PREMIUM]",true,false,"56392625f80c41167e000002","['5d72ed7b0d39b5003965d2d0']","[PREMIUM]","[PREMIUM]"
"69d419b7533694c159201f50","2026-04-08 00:07:47.211","2026-04-21 04:35:32.732","69d419b7533694c159201f50","Arrested Development","music","2026-05-29 20:00:00","2026-05-30 00:00:00","2026-05-30 01:30:00",false,false,false,"[PREMIUM]","[PREMIUM]","[PREMIUM]","[PREMIUM]","[PREMIUM]","[PREMIUM]",false,false,"6823b97b2894e4a1373d4bca","['63128820f966d700018a9662']","[PREMIUM]","[PREMIUM]"
"69cadb502f38022449b21714","2026-04-08 00:07:47.211","2026-04-21 04:35:23.097","69cadb502f38022449b21714","Every Brilliant Thing","theater","2026-05-28 19:00:00","2026-05-28 23:00:00","2026-05-28 23:00:00",false,false,false,"[PREMIUM]","[PREMIUM]","[PREMIUM]","[PREMIUM]","[PREMIUM]","[PREMIUM]",true,false,"5ac68286f5c17b001430f6ff","['69d54302533694c159208759']","[PREMIUM]","[PREMIUM]"
"69cadb4a1c23a2d760338de1","2026-04-08 00:07:47.211","2026-04-21 04:35:32.732","69cadb4a1c23a2d760338de1","Every Brilliant Thing","theater","2026-05-29 19:00:00","2026-05-29 23:00:00","2026-05-29 23:00:00",false,false,false,"[PREMIUM]","[PREMIUM]","[PREMIUM]","[PREMIUM]","[PREMIUM]","[PREMIUM]",true,false,"5ac68286f5c17b001430f6ff","['69d54302533694c159208759']","[PREMIUM]","[PREMIUM]"
"69c5e95871127eae1a8b507e","2026-04-08 00:07:47.211","2026-04-21 04:35:23.097","69c5e95871127eae1a8b507e","Whitey Morgan and the 78's","music","2026-05-28 19:00:00","2026-05-29 01:00:00","2026-05-29 02:30:00",false,false,false,"[PREMIUM]","[PREMIUM]","[PREMIUM]","[PREMIUM]","[PREMIUM]","[PREMIUM]",false,true,"5e4dced272d276003bea2e2c","['5b75c674e5a37a0013cd4a97']","[PREMIUM]","[PREMIUM]"
"69c5d13fda840adf908ebbfd","2026-04-08 00:07:47.211","2026-04-21 04:35:32.732","69c5d13fda840adf908ebbfd","The Calling","music","2026-05-28 19:30:00","2026-05-29 02:30:00","2026-05-29 04:00:00",false,false,false,"[PREMIUM]","[PREMIUM]","[PREMIUM]","[PREMIUM]","[PREMIUM]","[PREMIUM]",false,true,"66b284ed880867d8fb9ef277","['62a7b951959f29000189f434']","[PREMIUM]","[PREMIUM]"
"69d4fa40c08daba9be0667fe","2026-04-08 00:07:39.512","2026-04-21 04:35:23.097","69d4fa40c08daba9be0667fe","Tonight At the Improv - Brian Monarch","comedy","2026-05-26 19:30:00","2026-05-27 02:30:00","2026-05-27 02:30:00",false,false,false,"[PREMIUM]","[PREMIUM]","[PREMIUM]","[PREMIUM]","[PREMIUM]","[PREMIUM]",false,false,"61c39b25ad04e000018c24ae","['661749b5fcc53ff64e381858']","[PREMIUM]","[PREMIUM]"
"69d438c6c27d1f8714070538","2026-04-08 00:07:39.512","2026-04-21 04:35:23.097","69d438c6c27d1f8714070538","Comedy Bang! Bang!","comedy","2026-05-26 20:00:00","2026-05-27 01:00:00","2026-05-27 02:30:00",false,false,false,"[PREMIUM]","[PREMIUM]","[PREMIUM]","[PREMIUM]","[PREMIUM]","[PREMIUM]",false,true,"6669df5556ed6cbd8fbfd4c9","['5d72ed7b0d39b5003965d2d0']","[PREMIUM]","[PREMIUM]"
"69d41932ca55d8f46c1c2067","2026-04-08 00:07:39.512","2026-04-21 04:35:23.097","69d41932ca55d8f46c1c2067","Comedy Bang! Bang!","comedy","2026-05-27 20:00:00","2026-05-28 01:00:00","2026-05-28 02:30:00",false,false,false,"[PREMIUM]","[PREMIUM]","[PREMIUM]","[PREMIUM]","[PREMIUM]","[PREMIUM]",true,false,"64af125bad32db00018b0da5","['5d72ed7b0d39b5003965d2d0']","[PREMIUM]","[PREMIUM]"
"69cadb4da73e8acfe6e71fba","2026-04-08 00:07:39.512","2026-04-21 04:35:23.097","69cadb4da73e8acfe6e71fba","Every Brilliant Thing","theater","2026-05-27 19:00:00","2026-05-27 23:00:00","2026-05-27 23:00:00",false,false,false,"[PREMIUM]","[PREMIUM]","[PREMIUM]","[PREMIUM]","[PREMIUM]","[PREMIUM]",true,false,"5ac68286f5c17b001430f6ff","['69d54302533694c159208759']","[PREMIUM]","[PREMIUM]"
"69cadb4202e3e0723c63c64e","2026-04-08 00:07:39.512","2026-04-21 04:35:23.097","69cadb4202e3e0723c63c64e","Every Brilliant Thing","theater","2026-05-26 19:00:00","2026-05-26 23:00:00","2026-05-26 23:00:00",false,false,false,"[PREMIUM]","[PREMIUM]","[PREMIUM]","[PREMIUM]","[PREMIUM]","[PREMIUM]",true,false,"5ac68286f5c17b001430f6ff","['69d54302533694c159208759']","[PREMIUM]","[PREMIUM]"
"69cadb410c40c3b79ef1109f","2026-04-08 00:07:39.512","2026-04-21 04:35:23.097","69cadb410c40c3b79ef1109f","Every Brilliant Thing","theater","2026-05-27 14:00:00","2026-05-27 18:00:00","2026-05-27 18:00:00",false,false,false,"[PREMIUM]","[PREMIUM]","[PREMIUM]","[PREMIUM]","[PREMIUM]","[PREMIUM]",true,false,"5ac68286f5c17b001430f6ff","['69d54302533694c159208759']","[PREMIUM]","[PREMIUM]"
"69d58a7bd75c27c9a0061d74","2026-04-08 00:07:31.444","2026-04-21 04:35:14.124","69d58a7bd75c27c9a0061d74","Chase and Status","music","2026-05-25 11:00:00","2026-05-25 15:00:00","2026-05-25 15:00:00",false,false,false,"[PREMIUM]","[PREMIUM]","[PREMIUM]","[PREMIUM]","[PREMIUM]","[PREMIUM]",false,false,"63e6a960d249a1000118731c","['655e1b0f8cf6d39fb530cecd']","[PREMIUM]","[PREMIUM]"
"69d58366c50b7af54bd59b35","2026-04-08 00:07:31.444","2026-04-21 04:35:14.124","69d58366c50b7af54bd59b35","Ozomatli","music","2026-05-24 19:00:00","2026-05-25 01:00:00","2026-05-25 01:00:00",false,false,false,"[PREMIUM]","[PREMIUM]","[PREMIUM]","[PREMIUM]","[PREMIUM]","[PREMIUM]",false,true,"67e312393a4e9926b0eb4b27","['683085a364afe378a49ea0ca']","[PREMIUM]","[PREMIUM]"
"69d56c8301b756e3d5c47737","2026-04-08 00:07:31.444","2026-04-21 04:35:04.502","69d56c8301b756e3d5c47737","Willie Nelson and Family","music","2026-05-23 19:30:00","2026-05-23 23:30:00","2026-05-24 00:30:00",false,false,false,"[PREMIUM]","[PREMIUM]","[PREMIUM]","[PREMIUM]","[PREMIUM]","[PREMIUM]",true,false,"5abe8278ee8e450012a55d3f","['58488539f80c41289a5c6c91']","[PREMIUM]","[PREMIUM]"
"69d56aac86013183eab7924b","2026-04-08 00:07:31.444","2026-04-21 04:35:14.124","69d56aac86013183eab7924b","Willie Nelson and Family","music","2026-05-24 19:30:00","2026-05-24 23:30:00","2026-05-25 00:30:00",false,false,false,"[PREMIUM]","[PREMIUM]","[PREMIUM]","[PREMIUM]","[PREMIUM]","[PREMIUM]",false,true,"660ddc8433d42e10243c2843","['58488539f80c41289a5c6c91']","[PREMIUM]","[PREMIUM]"
"69d48754233fb2f97d765b32","2026-04-08 00:07:31.444","2026-04-21 04:35:14.124","69d48754233fb2f97d765b32","JB Smoove","comedy","2026-05-23 21:30:00","2026-05-24 01:30:00","2026-05-24 03:00:00",false,false,false,"[PREMIUM]","[PREMIUM]","[PREMIUM]","[PREMIUM]","[PREMIUM]","[PREMIUM]",false,true,"66bbd7347b254ce9631bdfe7","['62fc0269d2025f0001fc3def']","[PREMIUM]","[PREMIUM]"
"69d473732241e0731cad2f94","2026-04-08 00:07:31.444","2026-04-21 04:35:14.124","69d473732241e0731cad2f94","Tchami","music","2026-05-23 21:30:00","2026-05-24 01:30:00","2026-05-24 02:30:00",false,false,false,"[PREMIUM]","[PREMIUM]","[PREMIUM]","[PREMIUM]","[PREMIUM]","[PREMIUM]",false,true,"66202a707350c193b34b1388","['5858ca07f80c4136d22395f6']","[PREMIUM]","[PREMIUM]"
"69d46eb185b81a090e456a75","2026-04-08 00:07:31.444","2026-04-21 04:35:14.124","69d46eb185b81a090e456a75","Skillibeng","music","2026-05-24 19:30:00","2026-05-24 23:30:00","2026-05-25 01:00:00",false,false,false,"[PREMIUM]","[PREMIUM]","[PREMIUM]","[PREMIUM]","[PREMIUM]","[PREMIUM]",false,false,"563bc481f80c4124ad000001","['6335e3b87c1d6a0001e7fe85']","[PREMIUM]","[PREMIUM]"
"69d44efacaff9f04a1f2a51c","2026-04-08 00:07:31.444","2026-04-21 04:35:04.502","69d44efacaff9f04a1f2a51c","Robby Krieger","music","2026-05-23 19:30:00","2026-05-24 02:30:00","2026-05-24 02:30:00",false,false,false,"[PREMIUM]","[PREMIUM]","[PREMIUM]","[PREMIUM]","[PREMIUM]","[PREMIUM]",false,true,"615761260876490001f0153b","['667b357330f3d887268adb4d']","[PREMIUM]","[PREMIUM]"
"69d41c80caff9f04a1f28f35","2026-04-08 00:07:31.444","2026-04-21 04:35:14.124","69d41c80caff9f04a1f28f35","Comedy Bang! Bang!","comedy","2026-05-25 19:00:00","2026-05-25 23:00:00","2026-05-26 00:30:00",false,false,false,"[PREMIUM]","[PREMIUM]","[PREMIUM]","[PREMIUM]","[PREMIUM]","[PREMIUM]",true,false,"57a4dbe2f80c41746dca2312","['5d72ed7b0d39b5003965d2d0']","[PREMIUM]","[PREMIUM]"
"69d3fa6fc4e4ea3d2f04c50e","2026-04-08 00:07:31.444","2026-04-21 04:35:14.124","69d3fa6fc4e4ea3d2f04c50e","Supersuckers (21+ Event)","music","2026-05-23 20:30:00","2026-05-24 03:30:00","2026-05-24 05:00:00",false,false,false,"[PREMIUM]","[PREMIUM]","[PREMIUM]","[PREMIUM]","[PREMIUM]","[PREMIUM]",false,false,"5a43d398f7f0e90012bd74b6","['5b43d1b04f01e60017ee7dc5']","[PREMIUM]","[PREMIUM]"
"6967c2fbb85e375f1f0e2f5d","2026-04-08 00:07:31.444","2026-04-21 04:35:14.124","6967c2fbb85e375f1f0e2f5d","Zaz","music","2026-05-23 20:00:00","2026-05-24 00:00:00","2026-05-24 00:00:00",false,false,false,"[PREMIUM]","[PREMIUM]","[PREMIUM]","[PREMIUM]","[PREMIUM]","[PREMIUM]",true,false,"548e84c93bf3764819000001","['69d57daaf3587241880221ac']","[PREMIUM]","[PREMIUM]"
"6916425c8417ffccf1a8e7b0","2026-04-08 00:07:31.444","2026-04-21 04:35:14.124","6916425c8417ffccf1a8e7b0","Every Brilliant Thing","theater","2026-05-23 20:30:00","2026-05-24 00:30:00","2026-05-24 00:30:00",false,false,false,"[PREMIUM]","[PREMIUM]","[PREMIUM]","[PREMIUM]","[PREMIUM]","[PREMIUM]",true,false,"5ac68286f5c17b001430f6ff","['69d54302533694c159208759']","[PREMIUM]","[PREMIUM]"
"69d589e9c94c6cd0044d7c50","2026-04-08 00:07:24.289","2026-04-21 04:35:04.502","69d589e9c94c6cd0044d7c50","Ana Popovic","music","2026-05-23 19:00:00","2026-05-24 01:00:00","2026-05-24 01:00:00",false,false,false,"[PREMIUM]","[PREMIUM]","[PREMIUM]","[PREMIUM]","[PREMIUM]","[PREMIUM]",false,true,"67e312419c072adc26e96e16","['6823bcea1bb64377614ab490']","[PREMIUM]","[PREMIUM]"
"69d4fb9486013183eab75b23","2026-04-08 00:07:24.289","2026-04-21 04:35:04.502","69d4fb9486013183eab75b23","Mochakk (21+ Event)","music","2026-05-22 23:00:00","2026-05-23 03:00:00","2026-05-23 03:00:00",false,false,false,"[PREMIUM]","[PREMIUM]","[PREMIUM]","[PREMIUM]","[PREMIUM]","[PREMIUM]",false,false,"5a46bbd62d9661001209e8a2","['68124bfd2ee15428d51aec1a']","[PREMIUM]","[PREMIUM]"
"69d4f9f5a5f7d6337001f5e7","2026-04-08 00:07:24.289","2026-04-21 04:35:04.502","69d4f9f5a5f7d6337001f5e7","Kalamazoo FC at Detroit City FC Womens Soccer","usl","2026-05-23 19:00:00","2026-05-23 23:00:00","2026-05-24 00:30:00",false,false,false,"[PREMIUM]","[PREMIUM]","[PREMIUM]","[PREMIUM]","[PREMIUM]","[PREMIUM]",false,false,"61f863e7ed1c1600010f57b6","['61df5342234fdb0001b18aed','67e5a283ffcd3639bc5f31c9']","[PREMIUM]","[PREMIUM]"
"69d48754f02e06e64af0716a","2026-04-08 00:07:24.289","2026-04-21 04:34:56.836","69d48754f02e06e64af0716a","JB Smoove","comedy","2026-05-22 19:00:00","2026-05-22 23:00:00","2026-05-23 00:30:00",false,false,false,"[PREMIUM]","[PREMIUM]","[PREMIUM]","[PREMIUM]","[PREMIUM]","[PREMIUM]",false,false,"66bbd7347b254ce9631bdfe7","['62fc0269d2025f0001fc3def']","[PREMIUM]","[PREMIUM]"
"69d48754c94c6cd0044d1f86","2026-04-08 00:07:24.289","2026-04-21 04:35:04.502","69d48754c94c6cd0044d1f86","JB Smoove","comedy","2026-05-22 21:15:00","2026-05-23 01:15:00","2026-05-23 02:45:00",false,false,false,"[PREMIUM]","[PREMIUM]","[PREMIUM]","[PREMIUM]","[PREMIUM]","[PREMIUM]",false,false,"66bbd7347b254ce9631bdfe7","['62fc0269d2025f0001fc3def']","[PREMIUM]","[PREMIUM]"
"69d487549d6e996420b96fd3","2026-04-08 00:07:24.289","2026-04-21 04:35:04.502","69d487549d6e996420b96fd3","JB Smoove","comedy","2026-05-23 19:00:00","2026-05-23 23:00:00","2026-05-24 00:30:00",false,false,false,"[PREMIUM]","[PREMIUM]","[PREMIUM]","[PREMIUM]","[PREMIUM]","[PREMIUM]",false,false,"66bbd7347b254ce9631bdfe7","['62fc0269d2025f0001fc3def']","[PREMIUM]","[PREMIUM]"
"696833cc0eda77b077234605","2026-04-08 00:07:24.289","2026-04-21 04:34:56.836","696833cc0eda77b077234605","Zaz","music","2026-05-22 19:00:00","2026-05-22 23:00:00","2026-05-22 23:00:00",false,false,false,"[PREMIUM]","[PREMIUM]","[PREMIUM]","[PREMIUM]","[PREMIUM]","[PREMIUM]",true,false,"63656f721ef9ec00017f5e01","['69d57daaf3587241880221ac']","[PREMIUM]","[PREMIUM]"
"69164262b7742641f454c832","2026-04-08 00:07:24.289","2026-04-21 04:35:04.502","69164262b7742641f454c832","Every Brilliant Thing","theater","2026-05-23 17:00:00","2026-05-23 21:00:00","2026-05-23 21:00:00",false,false,false,"[PREMIUM]","[PREMIUM]","[PREMIUM]","[PREMIUM]","[PREMIUM]","[PREMIUM]",true,false,"5ac68286f5c17b001430f6ff","['69d54302533694c159208759']","[PREMIUM]","[PREMIUM]"
"691642620f7083aa2990d154","2026-04-08 00:07:24.289","2026-04-21 04:34:56.836","691642620f7083aa2990d154","Every Brilliant Thing","theater","2026-05-22 19:00:00","2026-05-22 23:00:00","2026-05-22 23:00:00",false,false,false,"[PREMIUM]","[PREMIUM]","[PREMIUM]","[PREMIUM]","[PREMIUM]","[PREMIUM]",true,false,"5ac68286f5c17b001430f6ff","['69d54302533694c159208759']","[PREMIUM]","[PREMIUM]"
"69d58ab728fca67d004774c0","2026-04-08 00:07:16.603","2026-04-21 04:34:56.836","69d58ab728fca67d004774c0","Willie Nelson and Family","music","2026-05-21 19:30:00","2026-05-21 23:30:00","2026-05-22 00:30:00",false,false,false,"[PREMIUM]","[PREMIUM]","[PREMIUM]","[PREMIUM]","[PREMIUM]","[PREMIUM]",true,false,"5a1c93d1a63a350012b1cebd","['58488539f80c41289a5c6c91']","[PREMIUM]","[PREMIUM]"
"69d5514c76ba681c92ea6f56","2026-04-08 00:07:16.603","2026-04-21 04:34:56.836","69d5514c76ba681c92ea6f56","Cleopatrick","music","2026-05-21 20:00:00","2026-05-22 03:00:00","2026-05-22 04:30:00",false,false,false,"[PREMIUM]","[PREMIUM]","[PREMIUM]","[PREMIUM]","[PREMIUM]","[PREMIUM]",false,true,"62bf3aa7875de600012028da","['5b4f83c583ffd00012e98511']","[PREMIUM]","[PREMIUM]"
"69d4fa4024f8d4f84ffc076d","2026-04-08 00:07:16.603","2026-04-21 04:34:56.836","69d4fa4024f8d4f84ffc076d","Tonight At the Improv - Brian Monarch","comedy","2026-05-21 19:30:00","2026-05-22 02:30:00","2026-05-22 02:30:00",false,false,false,"[PREMIUM]","[PREMIUM]","[PREMIUM]","[PREMIUM]","[PREMIUM]","[PREMIUM]",false,false,"61c39b25ad04e000018c24ae","['661749b5fcc53ff64e381858']","[PREMIUM]","[PREMIUM]"
"69d48754caff9f04a1f2bb4f","2026-04-08 00:07:16.603","2026-04-21 04:34:56.836","69d48754caff9f04a1f2bb4f","JB Smoove","comedy","2026-05-21 19:30:00","2026-05-21 23:30:00","2026-05-22 01:00:00",false,false,false,"[PREMIUM]","[PREMIUM]","[PREMIUM]","[PREMIUM]","[PREMIUM]","[PREMIUM]",false,true,"66bbd7347b254ce9631bdfe7","['62fc0269d2025f0001fc3def']","[PREMIUM]","[PREMIUM]"
"6917913c363f13e39cc2bccd","2026-04-08 00:07:16.603","2026-04-21 04:34:56.836","6917913c363f13e39cc2bccd","Every Brilliant Thing","theater","2026-05-21 19:00:00","2026-05-21 23:00:00","2026-05-21 23:00:00",false,false,false,"[PREMIUM]","[PREMIUM]","[PREMIUM]","[PREMIUM]","[PREMIUM]","[PREMIUM]",true,false,"5ac68286f5c17b001430f6ff","['69d54302533694c159208759']","[PREMIUM]","[PREMIUM]"
"6917913a2e73c72022837a5b","2026-04-08 00:07:16.603","2026-04-21 04:34:45.784","6917913a2e73c72022837a5b","Every Brilliant Thing","theater","2026-05-20 19:00:00","2026-05-20 23:00:00","2026-05-20 23:00:00",false,false,false,"[PREMIUM]","[PREMIUM]","[PREMIUM]","[PREMIUM]","[PREMIUM]","[PREMIUM]",true,false,"5ac68286f5c17b001430f6ff","['69d54302533694c159208759']","[PREMIUM]","[PREMIUM]"
"69d58a7af4d76236ad188e43","2026-04-08 00:07:08.963","2026-04-21 04:34:38.269","69d58a7af4d76236ad188e43","Willie Nelson and Family","music","2026-05-17 19:00:00","2026-05-17 23:00:00","2026-05-18 00:00:00",false,false,false,"[PREMIUM]","[PREMIUM]","[PREMIUM]","[PREMIUM]","[PREMIUM]","[PREMIUM]",true,false,"66fb257881c17ef2c6d0f132","['58488539f80c41289a5c6c91']","[PREMIUM]","[PREMIUM]"
"69d56c6886013183eab793b5","2026-04-08 00:07:08.963","2026-04-21 04:34:45.784","69d56c6886013183eab793b5","Peeling Flesh","music","2026-05-19 18:00:00","2026-05-20 01:00:00","2026-05-20 01:00:00",false,false,false,"[PREMIUM]","[PREMIUM]","[PREMIUM]","[PREMIUM]","[PREMIUM]","[PREMIUM]",false,true,"57e16d3950575d33c89b50cb","['667b32bc4dcbdba1160a9eba']","[PREMIUM]","[PREMIUM]"
"69d5514dc50b7af54bd581fc","2026-04-08 00:07:08.963","2026-04-21 04:34:45.784","69d5514dc50b7af54bd581fc","Gatecreeper","music","2026-05-18 20:00:00","2026-05-19 03:00:00","2026-05-19 03:00:00",false,false,false,"[PREMIUM]","[PREMIUM]","[PREMIUM]","[PREMIUM]","[PREMIUM]","[PREMIUM]",false,true,"62bf3aa7875de600012028da","['66074145a4835cf040711724']","[PREMIUM]","[PREMIUM]"
"6916426cdd58c38170db5f9c","2026-04-08 00:07:08.963","2026-04-21 04:34:45.784","6916426cdd58c38170db5f9c","Every Brilliant Thing","theater","2026-05-20 14:00:00","2026-05-20 18:00:00","2026-05-20 18:00:00",false,false,false,"[PREMIUM]","[PREMIUM]","[PREMIUM]","[PREMIUM]","[PREMIUM]","[PREMIUM]",true,false,"5ac68286f5c17b001430f6ff","['69d54302533694c159208759']","[PREMIUM]","[PREMIUM]"
"6916425ca6d3a896aa4691b8","2026-04-08 00:07:08.963","2026-04-21 04:34:45.784","6916425ca6d3a896aa4691b8","Every Brilliant Thing","theater","2026-05-19 19:00:00","2026-05-19 23:00:00","2026-05-19 23:00:00",false,false,false,"[PREMIUM]","[PREMIUM]","[PREMIUM]","[PREMIUM]","[PREMIUM]","[PREMIUM]",true,false,"5ac68286f5c17b001430f6ff","['69d54302533694c159208759']","[PREMIUM]","[PREMIUM]"
"69d3f8abead8a32491029eb2","2026-04-08 00:07:01.421","2026-04-21 04:34:38.269","69d3f8abead8a32491029eb2","Zach Top","music","2026-05-16 20:00:00","2026-05-17 03:00:00","2026-05-17 03:00:00",false,false,false,"[PREMIUM]","[PREMIUM]","[PREMIUM]","[PREMIUM]","[PREMIUM]","[PREMIUM]",true,false,"5ac3a48ff366c100132cd2ba","['66981a13328a8fec39b90cd2']","[PREMIUM]","[PREMIUM]"
"6931f615bfa347a92284c4b3","2026-04-08 00:07:01.421","2026-04-21 04:34:30.059","6931f615bfa347a92284c4b3","Joe Turner's Come and Gone","theater","2026-05-16 19:00:00","2026-05-16 23:00:00","2026-05-16 23:00:00",false,false,false,"[PREMIUM]","[PREMIUM]","[PREMIUM]","[PREMIUM]","[PREMIUM]","[PREMIUM]",true,false,"65678ff67d4032c04a4df223","['69d4181f24f8d4f84ffbc583']","[PREMIUM]","[PREMIUM]"
"69164285cd371607839d9ab8","2026-04-08 00:07:01.421","2026-04-21 04:34:38.269","69164285cd371607839d9ab8","Every Brilliant Thing","theater","2026-05-17 15:00:00","2026-05-17 19:00:00","2026-05-17 19:00:00",false,false,false,"[PREMIUM]","[PREMIUM]","[PREMIUM]","[PREMIUM]","[PREMIUM]","[PREMIUM]",true,false,"5ac68286f5c17b001430f6ff","['69d54302533694c159208759']","[PREMIUM]","[PREMIUM]"
"6916425c346d3f500959d492","2026-04-08 00:07:01.421","2026-04-21 04:34:38.269","6916425c346d3f500959d492","Every Brilliant Thing","theater","2026-05-16 20:30:00","2026-05-17 00:30:00","2026-05-17 00:30:00",false,false,false,"[PREMIUM]","[PREMIUM]","[PREMIUM]","[PREMIUM]","[PREMIUM]","[PREMIUM]",true,false,"5ac68286f5c17b001430f6ff","['69d54302533694c159208759']","[PREMIUM]","[PREMIUM]"
"69027d5fe32b4c090ba80ae6","2026-04-08 00:07:01.421","2026-04-21 04:34:38.269","69027d5fe32b4c090ba80ae6","August Wilson's Joe Turner's Come and Gone","theater","2026-05-17 14:00:00","2026-05-17 18:00:00","2026-05-17 18:00:00",false,false,false,"[PREMIUM]","[PREMIUM]","[PREMIUM]","[PREMIUM]","[PREMIUM]","[PREMIUM]",true,false,"65678ff67d4032c04a4df223","['69d4181f24f8d4f84ffbc583']","[PREMIUM]","[PREMIUM]"
"69d58a5185b81a090e45d07d","2026-04-08 00:06:53.417","2026-04-21 04:34:22.378","69d58a5185b81a090e45d07d","House Party (18+ Event)","music","2026-05-15 19:00:00","2026-05-15 23:00:00","2026-05-15 23:00:00",false,false,false,"[PREMIUM]","[PREMIUM]","[PREMIUM]","[PREMIUM]","[PREMIUM]","[PREMIUM]",false,false,"57c73ee4f80c411f0d148669","['65cfee6f7fbb8725efad13b9']","[PREMIUM]","[PREMIUM]"
"69d5499ddca705abb79d677d","2026-04-08 00:06:53.417","2026-04-21 04:34:30.059","69d5499ddca705abb79d677d","Gimme Gimme Disco","music","2026-05-15 21:30:00","2026-05-16 03:30:00","2026-05-16 05:00:00",false,false,false,"[PREMIUM]","[PREMIUM]","[PREMIUM]","[PREMIUM]","[PREMIUM]","[PREMIUM]",false,true,"5e4dced272d276003bea2e2c","['63f7f3d492fdf400012c4b38']","[PREMIUM]","[PREMIUM]"
"69d4f9ddfab6d2f89006522c","2026-04-08 00:06:53.417","2026-04-21 04:34:30.059","69d4f9ddfab6d2f89006522c","Creed Fisher","music","2026-05-15 21:00:00","2026-05-16 01:00:00","2026-05-16 01:00:00",false,false,false,"[PREMIUM]","[PREMIUM]","[PREMIUM]","[PREMIUM]","[PREMIUM]","[PREMIUM]",false,false,"61ba892eb3f6ff0001e8a428","['655525ba175f142bd70afae0']","[PREMIUM]","[PREMIUM]"
"6916426b3e1b21d9305e8586","2026-04-08 00:06:53.417","2026-04-21 04:34:22.378","6916426b3e1b21d9305e8586","Every Brilliant Thing","theater","2026-05-15 19:00:00","2026-05-15 23:00:00","2026-05-15 23:00:00",false,false,false,"[PREMIUM]","[PREMIUM]","[PREMIUM]","[PREMIUM]","[PREMIUM]","[PREMIUM]",true,false,"5ac68286f5c17b001430f6ff","['69d54302533694c159208759']","[PREMIUM]","[PREMIUM]"
"6916426229ddede6a4e6b605","2026-04-08 00:06:53.417","2026-04-21 04:34:30.059","6916426229ddede6a4e6b605","Every Brilliant Thing","theater","2026-05-16 17:00:00","2026-05-16 21:00:00","2026-05-16 21:00:00",false,false,false,"[PREMIUM]","[PREMIUM]","[PREMIUM]","[PREMIUM]","[PREMIUM]","[PREMIUM]",true,false,"5ac68286f5c17b001430f6ff","['69d54302533694c159208759']","[PREMIUM]","[PREMIUM]"
"69027d612ddd9228e8c84dfd","2026-04-08 00:06:53.417","2026-04-21 04:34:22.378","69027d612ddd9228e8c84dfd","August Wilson's Joe Turner's Come and Gone","theater","2026-05-15 19:00:00","2026-05-15 23:00:00","2026-05-15 23:00:00",false,false,false,"[PREMIUM]","[PREMIUM]","[PREMIUM]","[PREMIUM]","[PREMIUM]","[PREMIUM]",true,false,"65678ff67d4032c04a4df223","['69d4181f24f8d4f84ffbc583']","[PREMIUM]","[PREMIUM]"
"69027d5a896ac8e72dae0077","2026-04-08 00:06:53.417","2026-04-21 04:34:30.059","69027d5a896ac8e72dae0077","August Wilson's Joe Turner's Come and Gone","theater","2026-05-16 14:00:00","2026-05-16 18:00:00","2026-05-16 18:00:00",false,false,false,"[PREMIUM]","[PREMIUM]","[PREMIUM]","[PREMIUM]","[PREMIUM]","[PREMIUM]",true,false,"65678ff67d4032c04a4df223","['69d4181f24f8d4f84ffbc583']","[PREMIUM]","[PREMIUM]"
"69d56c8b2c549c165e0d32c2","2026-04-08 00:06:45.378","2026-04-21 04:34:22.378","69d56c8b2c549c165e0d32c2","Big Bad Voodoo Daddy","music","2026-05-14 20:00:00","2026-05-15 00:00:00","2026-05-15 01:30:00",false,false,false,"[PREMIUM]","[PREMIUM]","[PREMIUM]","[PREMIUM]","[PREMIUM]","[PREMIUM]",false,true,"67621448c96792cb2c705be0","['638908bf611c6d00016a8c97']","[PREMIUM]","[PREMIUM]"
"69d4fa40c8aa3431a4699901","2026-04-08 00:06:45.378","2026-04-21 04:34:22.378","69d4fa40c8aa3431a4699901","Tonight At the Improv - The Download Comedy Show","comedy","2026-05-14 19:30:00","2026-05-15 02:30:00","2026-05-15 02:30:00",false,false,false,"[PREMIUM]","[PREMIUM]","[PREMIUM]","[PREMIUM]","[PREMIUM]","[PREMIUM]",false,false,"61c39b25ad04e000018c24ae","['661749b5fcc53ff64e381858']","[PREMIUM]","[PREMIUM]"
"69d41a7a9a6bdab120670ae6","2026-04-08 00:06:45.378","2026-04-21 04:34:22.378","69d41a7a9a6bdab120670ae6","Dom Dolla","music","2026-05-14 22:30:00","2026-05-15 05:30:00","2026-05-15 05:30:00",false,false,false,"[PREMIUM]","[PREMIUM]","[PREMIUM]","[PREMIUM]","[PREMIUM]","[PREMIUM]",true,false,"65383c65245493a2c22646a8","['6499e180215298000103cf1a']","[PREMIUM]","[PREMIUM]"
"69d3f8a6e52e281abfcebe00","2026-04-08 00:06:45.378","2026-04-21 04:34:14.758","69d3f8a6e52e281abfcebe00","Porter Robinson","music","2026-05-14 11:00:00","2026-05-14 18:00:00","2026-05-14 19:00:00",false,false,false,"[PREMIUM]","[PREMIUM]","[PREMIUM]","[PREMIUM]","[PREMIUM]","[PREMIUM]",false,false,"65ab189c0a38821a8a848f2d","['57b74ec9f80c411b8449a02f']","[PREMIUM]","[PREMIUM]"
"69d3f8a6caff9f04a1f26f90","2026-04-08 00:06:45.378","2026-04-21 04:34:22.378","69d3f8a6caff9f04a1f26f90","DJ Snake","music","2026-05-15 11:00:00","2026-05-15 18:00:00","2026-05-15 19:00:00",false,false,false,"[PREMIUM]","[PREMIUM]","[PREMIUM]","[PREMIUM]","[PREMIUM]","[PREMIUM]",false,false,"65ab189c0a38821a8a848f2d","['5716bcb8f80c4162ee000002']","[PREMIUM]","[PREMIUM]"
"69c8adedd4b39db7d6a417c0","2026-04-08 00:06:45.378","2026-04-21 04:34:22.378","69c8adedd4b39db7d6a417c0","Noizu and Bolo","music","2026-05-15 12:00:00","2026-05-15 19:00:00","2026-05-15 20:30:00",false,false,false,"[PREMIUM]","[PREMIUM]","[PREMIUM]","[PREMIUM]","[PREMIUM]","[PREMIUM]",false,true,"669ed174fea23eaa04450de3","['63a64e5ea8edc20001434820']","[PREMIUM]","[PREMIUM]"
"69a64a2c69c3fe02a66daef2","2026-04-08 00:06:45.378","2026-04-21 04:34:14.758","69a64a2c69c3fe02a66daef2","H.R. of Bad Brains","music","2026-05-14 18:00:00","2026-05-15 01:00:00","2026-05-15 01:00:00",false,false,false,"[PREMIUM]","[PREMIUM]","[PREMIUM]","[PREMIUM]","[PREMIUM]","[PREMIUM]",false,false,"615761260876490001f0153b","['69d57a02f02e06e64af0c7eb']","[PREMIUM]","[PREMIUM]"
"6931f6150817ab1c4f9e1e34","2026-04-08 00:06:45.378","2026-04-21 04:34:22.378","6931f6150817ab1c4f9e1e34","Joe Turner's Come and Gone","theater","2026-05-14 19:00:00","2026-05-14 23:00:00","2026-05-14 23:00:00",false,false,false,"[PREMIUM]","[PREMIUM]","[PREMIUM]","[PREMIUM]","[PREMIUM]","[PREMIUM]",true,false,"65678ff67d4032c04a4df223","['69d4181f24f8d4f84ffbc583']","[PREMIUM]","[PREMIUM]"
"6916426b3aafcca4a17d0689","2026-04-08 00:06:45.378","2026-04-21 04:34:22.378","6916426b3aafcca4a17d0689","Every Brilliant Thing (12+ Event)","theater","2026-05-14 19:00:00","2026-05-14 23:00:00","2026-05-14 23:00:00",false,false,false,"[PREMIUM]","[PREMIUM]","[PREMIUM]","[PREMIUM]","[PREMIUM]","[PREMIUM]",true,false,"5ac68286f5c17b001430f6ff","['69d54302533694c159208759']","[PREMIUM]","[PREMIUM]"
"69d4fa4050410319c7679a2d","2026-04-08 00:06:37.570","2026-04-21 04:34:14.758","69d4fa4050410319c7679a2d","Tonight At the Improv - Brian Monarch","comedy","2026-05-12 19:30:00","2026-05-13 02:30:00","2026-05-13 02:30:00",false,false,false,"[PREMIUM]","[PREMIUM]","[PREMIUM]","[PREMIUM]","[PREMIUM]","[PREMIUM]",false,false,"61c39b25ad04e000018c24ae","['661749b5fcc53ff64e381858']","[PREMIUM]","[PREMIUM]"
"69d4358a5221f5a5458c23e6","2026-04-08 00:06:37.570","2026-04-21 04:34:06.707","69d4358a5221f5a5458c23e6","Ingested","music","2026-05-10 20:00:00","2026-05-11 00:00:00","2026-05-11 01:30:00",false,false,false,"[PREMIUM]","[PREMIUM]","[PREMIUM]","[PREMIUM]","[PREMIUM]","[PREMIUM]",false,false,"57e16af750575d33c89b402e","['5b858daaa0299c0012dc3e8b']","[PREMIUM]","[PREMIUM]"
"6916426720dfa845c5df734c","2026-04-08 00:06:37.570","2026-04-21 04:34:06.707","6916426720dfa845c5df734c","Every Brilliant Thing (12+ Event)","theater","2026-05-12 19:00:00","2026-05-12 23:00:00","2026-05-12 23:00:00",false,false,false,"[PREMIUM]","[PREMIUM]","[PREMIUM]","[PREMIUM]","[PREMIUM]","[PREMIUM]",true,false,"5ac68286f5c17b001430f6ff","['69d54302533694c159208759']","[PREMIUM]","[PREMIUM]"
"691642627f8750ed3e0a5ecb","2026-04-08 00:06:37.570","2026-04-21 04:34:14.758","691642627f8750ed3e0a5ecb","Every Brilliant Thing","theater","2026-05-13 14:00:00","2026-05-13 18:00:00","2026-05-13 18:00:00",false,false,false,"[PREMIUM]","[PREMIUM]","[PREMIUM]","[PREMIUM]","[PREMIUM]","[PREMIUM]",true,false,"5ac68286f5c17b001430f6ff","['69d54302533694c159208759']","[PREMIUM]","[PREMIUM]"
"691642576f88bce53f2023ad","2026-04-08 00:06:37.570","2026-04-21 04:34:14.758","691642576f88bce53f2023ad","Every Brilliant Thing","theater","2026-05-13 19:00:00","2026-05-13 23:00:00","2026-05-13 23:00:00",false,false,false,"[PREMIUM]","[PREMIUM]","[PREMIUM]","[PREMIUM]","[PREMIUM]","[PREMIUM]",true,false,"5ac68286f5c17b001430f6ff","['69d54302533694c159208759']","[PREMIUM]","[PREMIUM]"
"69027d5f6392903846bd967b","2026-04-08 00:06:37.570","2026-04-21 04:34:14.758","69027d5f6392903846bd967b","August Wilson's Joe Turner's Come and Gone","theater","2026-05-13 14:00:00","2026-05-13 18:00:00","2026-05-13 18:00:00",false,false,false,"[PREMIUM]","[PREMIUM]","[PREMIUM]","[PREMIUM]","[PREMIUM]","[PREMIUM]",true,false,"65678ff67d4032c04a4df223","['69d4181f24f8d4f84ffbc583']","[PREMIUM]","[PREMIUM]"
"69027d5c59434ff8b764b162","2026-04-08 00:06:37.570","2026-04-21 04:34:14.758","69027d5c59434ff8b764b162","August Wilson's Joe Turner's Come and Gone","theater","2026-05-13 19:00:00","2026-05-13 23:00:00","2026-05-13 23:00:00",false,false,false,"[PREMIUM]","[PREMIUM]","[PREMIUM]","[PREMIUM]","[PREMIUM]","[PREMIUM]",true,false,"65678ff67d4032c04a4df223","['69d4181f24f8d4f84ffbc583']","[PREMIUM]","[PREMIUM]"
"69027d59b5f25b13fe329ec1","2026-04-08 00:06:37.570","2026-04-21 04:34:06.707","69027d59b5f25b13fe329ec1","August Wilson's Joe Turner's Come and Gone","theater","2026-05-12 19:00:00","2026-05-12 23:00:00","2026-05-12 23:00:00",false,false,false,"[PREMIUM]","[PREMIUM]","[PREMIUM]","[PREMIUM]","[PREMIUM]","[PREMIUM]",true,false,"65678ff67d4032c04a4df223","['69d4181f24f8d4f84ffbc583']","[PREMIUM]","[PREMIUM]"
"691642853e18917d3a7f4112","2026-04-08 00:06:29.642","2026-04-21 04:33:56.988","691642853e18917d3a7f4112","Every Brilliant Thing","theater","2026-05-09 20:30:00","2026-05-10 00:30:00","2026-05-10 00:30:00",false,false,false,"[PREMIUM]","[PREMIUM]","[PREMIUM]","[PREMIUM]","[PREMIUM]","[PREMIUM]",true,false,"5ac68286f5c17b001430f6ff","['69d54302533694c159208759']","[PREMIUM]","[PREMIUM]"
"691642624fac820e9139b8d1","2026-04-08 00:06:29.642","2026-04-21 04:34:06.707","691642624fac820e9139b8d1","Every Brilliant Thing","theater","2026-05-10 15:00:00","2026-05-10 19:00:00","2026-05-10 19:00:00",false,false,false,"[PREMIUM]","[PREMIUM]","[PREMIUM]","[PREMIUM]","[PREMIUM]","[PREMIUM]",true,false,"5ac68286f5c17b001430f6ff","['69d54302533694c159208759']","[PREMIUM]","[PREMIUM]"
"690a9ecc538ffa10894879c2","2026-04-08 00:06:29.642","2026-04-21 04:33:56.988","690a9ecc538ffa10894879c2","Winyah","music","2026-05-09 20:00:00","2026-05-10 00:00:00","2026-05-10 00:00:00",false,false,false,"[PREMIUM]","[PREMIUM]","[PREMIUM]","[PREMIUM]","[PREMIUM]","[PREMIUM]",false,false,"59f11707391ed0000e5c1825","['69d542bb46045f67dc4b36b0']","[PREMIUM]","[PREMIUM]"
"69027d57d566dd7a55630a4e","2026-04-08 00:06:29.642","2026-04-21 04:34:06.707","69027d57d566dd7a55630a4e","August Wilson's Joe Turner's Come and Gone","theater","2026-05-10 14:00:00","2026-05-10 18:00:00","2026-05-10 18:00:00",false,false,false,"[PREMIUM]","[PREMIUM]","[PREMIUM]","[PREMIUM]","[PREMIUM]","[PREMIUM]",true,false,"65678ff67d4032c04a4df223","['69d4181f24f8d4f84ffbc583']","[PREMIUM]","[PREMIUM]"
"69d470a946045f67dc4af56b","2026-04-08 00:06:22.221","2026-04-21 04:33:56.988","69d470a946045f67dc4af56b","Ludacris","music","2026-05-09 19:00:00","2026-05-10 00:00:00","2026-05-10 01:30:00",false,false,false,"[PREMIUM]","[PREMIUM]","[PREMIUM]","[PREMIUM]","[PREMIUM]","[PREMIUM]",false,false,"62e41239f1be2500012964c7","['5bfd7ca97be8ee00180b0f23']","[PREMIUM]","[PREMIUM]"
"69d43319c27d1f8714070308","2026-04-08 00:06:22.221","2026-04-21 04:33:56.988","69d43319c27d1f8714070308","Ingested","music","2026-05-09 19:30:00","2026-05-09 23:30:00","2026-05-10 01:00:00",false,false,false,"[PREMIUM]","[PREMIUM]","[PREMIUM]","[PREMIUM]","[PREMIUM]","[PREMIUM]",false,true,"5a457034f7346000132383d8","['5b858daaa0299c0012dc3e8b']","[PREMIUM]","[PREMIUM]"
"6977e72b1fefe7f9135123c2","2026-04-08 00:06:22.221","2026-04-21 04:33:56.988","6977e72b1fefe7f9135123c2","Hasan Raheem","music","2026-05-09 19:00:00","2026-05-09 23:00:00","2026-05-09 23:00:00",false,false,false,"[PREMIUM]","[PREMIUM]","[PREMIUM]","[PREMIUM]","[PREMIUM]","[PREMIUM]",false,false,"614a38383876400001615564","['69d556f601b756e3d5c46bd8']","[PREMIUM]","[PREMIUM]"
"6916425d2f76121164279f60","2026-04-08 00:06:22.221","2026-04-21 04:33:56.988","6916425d2f76121164279f60","Every Brilliant Thing","theater","2026-05-09 17:00:00","2026-05-09 21:00:00","2026-05-09 21:00:00",false,false,false,"[PREMIUM]","[PREMIUM]","[PREMIUM]","[PREMIUM]","[PREMIUM]","[PREMIUM]",true,false,"5ac68286f5c17b001430f6ff","['69d54302533694c159208759']","[PREMIUM]","[PREMIUM]"
"69027d60395aa528b319c44a","2026-04-08 00:06:22.221","2026-04-21 04:33:44.230","69027d60395aa528b319c44a","August Wilson's Joe Turner's Come and Gone","theater","2026-05-09 14:00:00","2026-05-09 18:00:00","2026-05-09 18:00:00",false,false,false,"[PREMIUM]","[PREMIUM]","[PREMIUM]","[PREMIUM]","[PREMIUM]","[PREMIUM]",true,false,"65678ff67d4032c04a4df223","['69d4181f24f8d4f84ffbc583']","[PREMIUM]","[PREMIUM]"
"69027d5c39c80e3b6d2163b0","2026-04-08 00:06:22.221","2026-04-21 04:33:56.988","69027d5c39c80e3b6d2163b0","August Wilson's Joe Turner's Come and Gone","theater","2026-05-09 19:00:00","2026-05-09 23:00:00","2026-05-09 23:00:00",false,false,false,"[PREMIUM]","[PREMIUM]","[PREMIUM]","[PREMIUM]","[PREMIUM]","[PREMIUM]",true,false,"65678ff67d4032c04a4df223","['69d4181f24f8d4f84ffbc583']","[PREMIUM]","[PREMIUM]"
"69d46ed873a8aad5c0f91a5f","2026-04-08 00:06:13.821","2026-04-21 04:33:44.230","69d46ed873a8aad5c0f91a5f","Detroit Symphony Orchestra - Wu Family Academy Showcase","music","2026-05-08 19:00:00","2026-05-08 23:00:00","2026-05-08 23:00:00",false,false,false,"[PREMIUM]","[PREMIUM]","[PREMIUM]","[PREMIUM]","[PREMIUM]","[PREMIUM]",false,true,"683de297f9dfbb51e1a91d77","['69d3bec7519b3502fd380476']","[PREMIUM]","[PREMIUM]"
"69d3f8a75221f5a5458bfb1f","2026-04-08 00:06:13.821","2026-04-21 04:33:32.985","69d3f8a75221f5a5458bfb1f","NOTD","music","2026-05-08 11:00:00","2026-05-08 18:00:00","2026-05-08 19:30:00",false,false,false,"[PREMIUM]","[PREMIUM]","[PREMIUM]","[PREMIUM]","[PREMIUM]","[PREMIUM]",false,false,"65ab189c0a38821a8a848f2d","['62a7ba2f01d53100019bc1e4']","[PREMIUM]","[PREMIUM]"
"6977cb88a08a6923bb068042","2026-04-08 00:06:13.821","2026-04-21 04:33:44.230","6977cb88a08a6923bb068042","Hasan Raheem (16+ Event)","music","2026-05-08 20:00:00","2026-05-09 00:00:00","2026-05-09 00:00:00",false,false,false,"[PREMIUM]","[PREMIUM]","[PREMIUM]","[PREMIUM]","[PREMIUM]","[PREMIUM]",false,false,"588a65adcde6626ebe422f45","['69d556f601b756e3d5c46bd8']","[PREMIUM]","[PREMIUM]"
"691642573aafcca4a17d0676","2026-04-08 00:06:13.821","2026-04-21 04:33:32.985","691642573aafcca4a17d0676","Every Brilliant Thing","theater","2026-05-08 19:00:00","2026-05-08 23:00:00","2026-05-08 23:00:00",false,false,false,"[PREMIUM]","[PREMIUM]","[PREMIUM]","[PREMIUM]","[PREMIUM]","[PREMIUM]",true,false,"5ac68286f5c17b001430f6ff","['69d54302533694c159208759']","[PREMIUM]","[PREMIUM]"
"69027d5e95a22bcb644e4e61","2026-04-08 00:06:13.821","2026-04-21 04:33:32.985","69027d5e95a22bcb644e4e61","August Wilson's Joe Turner's Come and Gone","theater","2026-05-08 19:00:00","2026-05-08 23:00:00","2026-05-08 23:00:00",false,false,false,"[PREMIUM]","[PREMIUM]","[PREMIUM]","[PREMIUM]","[PREMIUM]","[PREMIUM]",true,false,"65678ff67d4032c04a4df223","['69d4181f24f8d4f84ffbc583']","[PREMIUM]","[PREMIUM]"
"67c4df78ee7d89686be0bd09","2026-04-08 00:06:13.821","2026-04-21 04:33:32.985","67c4df78ee7d89686be0bd09","Heather Headley","music","2026-05-07 20:00:00","2026-05-08 00:00:00","2026-05-08 00:00:00",false,false,false,"[PREMIUM]","[PREMIUM]","[PREMIUM]","[PREMIUM]","[PREMIUM]","[PREMIUM]",true,false,"66ff15c6bff1d7b915154098","['69d5714fc27d1f871407730e']","[PREMIUM]","[PREMIUM]"
"6977d3251fefe7f913511e0e","2026-04-08 00:06:05.471","2026-04-21 04:33:32.985","6977d3251fefe7f913511e0e","Hasan Raheem","music","2026-05-06 20:00:00","2026-05-07 00:00:00","2026-05-07 00:00:00",false,false,false,"[PREMIUM]","[PREMIUM]","[PREMIUM]","[PREMIUM]","[PREMIUM]","[PREMIUM]",false,false,"59f11707391ed0000e5c1825","['69d556f601b756e3d5c46bd8']","[PREMIUM]","[PREMIUM]"
"69447d5adda9614ca9fb1da4","2026-04-08 00:06:05.471","2026-04-21 04:33:20.565","69447d5adda9614ca9fb1da4","Winyah","music","2026-05-06 19:00:00","2026-05-06 23:00:00","2026-05-06 23:00:00",false,false,false,"[PREMIUM]","[PREMIUM]","[PREMIUM]","[PREMIUM]","[PREMIUM]","[PREMIUM]",false,false,"57bf665ff80c4103a4c914a2","['69d542bb46045f67dc4b36b0']","[PREMIUM]","[PREMIUM]"
"6917914a975061e7602620ac","2026-04-08 00:06:05.471","2026-04-21 04:33:20.565","6917914a975061e7602620ac","Every Brilliant Thing","theater","2026-05-06 19:00:00","2026-05-06 23:00:00","2026-05-06 23:00:00",false,false,false,"[PREMIUM]","[PREMIUM]","[PREMIUM]","[PREMIUM]","[PREMIUM]","[PREMIUM]",true,false,"5ac68286f5c17b001430f6ff","['69d54302533694c159208759']","[PREMIUM]","[PREMIUM]"
"69164286719ae435dba12c15","2026-04-08 00:06:05.471","2026-04-21 04:33:20.565","69164286719ae435dba12c15","Every Brilliant Thing","theater","2026-05-06 14:00:00","2026-05-06 18:00:00","2026-05-06 18:00:00",false,false,false,"[PREMIUM]","[PREMIUM]","[PREMIUM]","[PREMIUM]","[PREMIUM]","[PREMIUM]",true,false,"5ac68286f5c17b001430f6ff","['69d54302533694c159208759']","[PREMIUM]","[PREMIUM]"
"6916425e8926a7bb93d14453","2026-04-08 00:06:05.471","2026-04-21 04:33:32.985","6916425e8926a7bb93d14453","Every Brilliant Thing","theater","2026-05-07 19:00:00","2026-05-07 23:00:00","2026-05-07 23:00:00",false,false,false,"[PREMIUM]","[PREMIUM]","[PREMIUM]","[PREMIUM]","[PREMIUM]","[PREMIUM]",true,false,"5ac68286f5c17b001430f6ff","['69d54302533694c159208759']","[PREMIUM]","[PREMIUM]"
"690aa11cd93d629847c69e63","2026-04-08 00:06:05.471","2026-04-21 04:33:32.985","690aa11cd93d629847c69e63","Winyah","music","2026-05-07 19:00:00","2026-05-07 23:00:00","2026-05-07 23:00:00",false,false,false,"[PREMIUM]","[PREMIUM]","[PREMIUM]","[PREMIUM]","[PREMIUM]","[PREMIUM]",false,false,"57bf665ff80c4103a4c914a2","['69d542bb46045f67dc4b36b0']","[PREMIUM]","[PREMIUM]"
"69027d5e534d49a0453250ac","2026-04-08 00:06:05.471","2026-04-21 04:33:32.985","69027d5e534d49a0453250ac","August Wilson's Joe Turner's Come and Gone","theater","2026-05-07 19:00:00","2026-05-07 23:00:00","2026-05-07 23:00:00",false,false,false,"[PREMIUM]","[PREMIUM]","[PREMIUM]","[PREMIUM]","[PREMIUM]","[PREMIUM]",true,false,"65678ff67d4032c04a4df223","['69d4181f24f8d4f84ffbc583']","[PREMIUM]","[PREMIUM]"
"69027d5b395aa528b319c449","2026-04-08 00:06:05.471","2026-04-21 04:33:20.565","69027d5b395aa528b319c449","August Wilson's Joe Turner's Come and Gone","theater","2026-05-06 19:00:00","2026-05-06 23:00:00","2026-05-06 23:00:00",false,false,false,"[PREMIUM]","[PREMIUM]","[PREMIUM]","[PREMIUM]","[PREMIUM]","[PREMIUM]",true,false,"65678ff67d4032c04a4df223","['69d4181f24f8d4f84ffbc583']","[PREMIUM]","[PREMIUM]"
"69027d594bf1a203a30416a2","2026-04-08 00:06:05.471","2026-04-21 04:33:20.565","69027d594bf1a203a30416a2","August Wilson's Joe Turner's Come and Gone","theater","2026-05-06 14:00:00","2026-05-06 18:00:00","2026-05-06 18:00:00",false,false,false,"[PREMIUM]","[PREMIUM]","[PREMIUM]","[PREMIUM]","[PREMIUM]","[PREMIUM]",true,false,"65678ff67d4032c04a4df223","['69d4181f24f8d4f84ffbc583']","[PREMIUM]","[PREMIUM]"
"69d5514dd75c27c9a0060203","2026-04-08 00:05:58.224","2026-04-21 04:33:13.394","69d5514dd75c27c9a0060203","Tenille Townes","music","2026-05-03 19:00:00","2026-05-04 02:00:00","2026-05-04 03:30:00",false,false,false,"[PREMIUM]","[PREMIUM]","[PREMIUM]","[PREMIUM]","[PREMIUM]","[PREMIUM]",false,true,"62bf3aa7875de600012028da","['61802f1aeebdc80001ad8421']","[PREMIUM]","[PREMIUM]"
"69d51369caff9f04a1f2da2c","2026-04-08 00:05:58.224","2026-04-21 04:33:13.394","69d51369caff9f04a1f2da2c","Suffs - Advance Screening of PBS Great Performances","theater","2026-05-04 19:00:00","2026-05-04 23:00:00","2026-05-04 23:00:00",false,false,false,"[PREMIUM]","[PREMIUM]","[PREMIUM]","[PREMIUM]","[PREMIUM]","[PREMIUM]",true,false,"61c0eea7b3f6ff0001e8a49c","['65a6e48d083acd359102533f']","[PREMIUM]","[PREMIUM]"
"69d48daddca705abb79d2ae3","2026-04-08 00:05:58.224","2026-04-21 04:33:13.394","69d48daddca705abb79d2ae3","Martin Garrix","music","2026-05-03 22:00:00","2026-05-04 02:00:00","2026-05-04 03:00:00",false,false,false,"[PREMIUM]","[PREMIUM]","[PREMIUM]","[PREMIUM]","[PREMIUM]","[PREMIUM]",false,true,"66034c8762db134c1f23b31d","['58cc737ff80c412fdc600d29']","[PREMIUM]","[PREMIUM]"
"69d46eb2f4d76236ad182ae6","2026-04-08 00:05:58.224","2026-04-21 04:33:13.394","69d46eb2f4d76236ad182ae6","Brett Goldstein","comedy","2026-05-03 19:00:00","2026-05-03 23:00:00","2026-05-04 00:30:00",false,false,false,"[PREMIUM]","[PREMIUM]","[PREMIUM]","[PREMIUM]","[PREMIUM]","[PREMIUM]",false,true,"669841efae8cb3548c3fdd49","['6442f4131505110001a3a0ae']","[PREMIUM]","[PREMIUM]"
"69b20555a8c762d403215471","2026-04-08 00:05:58.224","2026-04-21 04:33:13.394","69b20555a8c762d403215471","Haste The Day","music","2026-05-03 19:00:00","2026-05-04 00:00:00","2026-05-04 00:00:00",false,false,false,"[PREMIUM]","[PREMIUM]","[PREMIUM]","[PREMIUM]","[PREMIUM]","[PREMIUM]",false,true,"67e3123ab872dae5b2e770ad","['6494c31bc9afe400014769f2']","[PREMIUM]","[PREMIUM]"
"69164262719ae435dba12c04","2026-04-08 00:05:58.224","2026-04-21 04:33:20.565","69164262719ae435dba12c04","Every Brilliant Thing","theater","2026-05-05 19:00:00","2026-05-05 23:00:00","2026-05-05 23:00:00",false,false,false,"[PREMIUM]","[PREMIUM]","[PREMIUM]","[PREMIUM]","[PREMIUM]","[PREMIUM]",true,false,"5ac68286f5c17b001430f6ff","['69d54302533694c159208759']","[PREMIUM]","[PREMIUM]"
"690d3fbf57b4a77cce3f2d82","2026-04-08 00:05:58.224","2026-04-21 04:33:20.565","690d3fbf57b4a77cce3f2d82","Winyah","music","2026-05-05 20:00:00","2026-05-06 00:00:00","2026-05-06 00:00:00",false,false,false,"[PREMIUM]","[PREMIUM]","[PREMIUM]","[PREMIUM]","[PREMIUM]","[PREMIUM]",false,false,"57eade5ecde6626ebe3ba5e8","['69d542bb46045f67dc4b36b0']","[PREMIUM]","[PREMIUM]"
"69027d6155a11df39db30326","2026-04-08 00:05:58.224","2026-04-21 04:33:20.565","69027d6155a11df39db30326","Joe Turner's Come and Gone","theater","2026-05-05 19:00:00","2026-05-05 23:00:00","2026-05-05 23:00:00",false,false,false,"[PREMIUM]","[PREMIUM]","[PREMIUM]","[PREMIUM]","[PREMIUM]","[PREMIUM]",true,false,"65678ff67d4032c04a4df223","['69d4181f24f8d4f84ffbc583']","[PREMIUM]","[PREMIUM]"
"684b2030648b3c8eeccfd74c","2026-04-08 00:05:58.224","2026-04-21 04:33:20.565","684b2030648b3c8eeccfd74c","Zaz","music","2026-05-05 18:30:00","2026-05-05 17:30:00","2026-05-05 17:30:00",false,false,false,"[PREMIUM]","[PREMIUM]","[PREMIUM]","[PREMIUM]","[PREMIUM]","[PREMIUM]",false,false,"67e70a7465ac653b65465cab","['69d57daaf3587241880221ac']","[PREMIUM]","[PREMIUM]"
"69d46ed9defc14dffcc8c2fe","2026-04-08 00:05:50.588","2026-04-21 04:33:13.394","69d46ed9defc14dffcc8c2fe","Detroit Symphony Orchestra - Civic Youth Ensembles Family Experience","music","2026-05-03 13:00:00","2026-05-03 17:00:00","2026-05-03 17:00:00",false,false,false,"[PREMIUM]","[PREMIUM]","[PREMIUM]","[PREMIUM]","[PREMIUM]","[PREMIUM]",false,true,"683de297f9dfbb51e1a91d77","['69d3bec7519b3502fd380476']","[PREMIUM]","[PREMIUM]"
"69d4315e594751fe4f1d513a","2026-04-08 00:05:50.588","2026-04-21 04:33:03.729","69d4315e594751fe4f1d513a","Monster X Tour","auto","2026-05-02 19:00:00","2026-05-03 02:00:00","2026-05-03 02:45:00",false,false,false,"[PREMIUM]","[PREMIUM]","[PREMIUM]","[PREMIUM]","[PREMIUM]","[PREMIUM]",false,true,"67e3124fa2665db1ef52e208","['5deee9f0ab73290037ec4eba']","[PREMIUM]","[PREMIUM]"
"69a36939752a9666b28dcef6","2026-04-08 00:05:50.588","2026-04-21 04:33:13.394","69a36939752a9666b28dcef6","Shankar Ehsaan Loy","music","2026-05-03 17:15:00","2026-05-03 21:15:00","2026-05-03 21:15:00",false,false,false,"[PREMIUM]","[PREMIUM]","[PREMIUM]","[PREMIUM]","[PREMIUM]","[PREMIUM]",false,true,"62797ebe202cda0001161224","['69d55376f02e06e64af0b463']","[PREMIUM]","[PREMIUM]"
"698baf05caf58f9bc94d4977","2026-04-08 00:05:50.588","2026-04-21 04:33:03.729","698baf05caf58f9bc94d4977","Shyne","music","2026-05-02 21:00:00","2026-05-03 01:00:00","2026-05-03 01:00:00",false,false,false,"[PREMIUM]","[PREMIUM]","[PREMIUM]","[PREMIUM]","[PREMIUM]","[PREMIUM]",true,false,"57d071b250575d33c84e80ac","['69d57cbfe52e281abfcf621d']","[PREMIUM]","[PREMIUM]"
"69164265a34c96348aabdad7","2026-04-08 00:05:50.588","2026-04-21 04:33:03.729","69164265a34c96348aabdad7","Every Brilliant Thing","theater","2026-05-02 20:30:00","2026-05-03 00:30:00","2026-05-03 00:30:00",false,false,false,"[PREMIUM]","[PREMIUM]","[PREMIUM]","[PREMIUM]","[PREMIUM]","[PREMIUM]",true,false,"5ac68286f5c17b001430f6ff","['69d54302533694c159208759']","[PREMIUM]","[PREMIUM]"
"691642617a3d1e6059556f5e","2026-04-08 00:05:50.588","2026-04-21 04:33:13.394","691642617a3d1e6059556f5e","Every Brilliant Thing","theater","2026-05-03 15:00:00","2026-05-03 19:00:00","2026-05-03 19:00:00",false,false,false,"[PREMIUM]","[PREMIUM]","[PREMIUM]","[PREMIUM]","[PREMIUM]","[PREMIUM]",true,false,"5ac68286f5c17b001430f6ff","['69d54302533694c159208759']","[PREMIUM]","[PREMIUM]"
"69027d5ca1c6d1463eefb330","2026-04-08 00:05:50.588","2026-04-21 04:33:13.394","69027d5ca1c6d1463eefb330","August Wilson's Joe Turner's Come and Gone","theater","2026-05-03 14:00:00","2026-05-03 18:00:00","2026-05-03 18:00:00",false,false,false,"[PREMIUM]","[PREMIUM]","[PREMIUM]","[PREMIUM]","[PREMIUM]","[PREMIUM]",true,false,"65678ff67d4032c04a4df223","['69d4181f24f8d4f84ffbc583']","[PREMIUM]","[PREMIUM]"
"69d5514e39501228557deead","2026-04-08 00:05:43.359","2026-04-21 04:32:55.334","69d5514e39501228557deead","Della Mae","music","2026-05-01 21:00:00","2026-05-02 04:00:00","2026-05-02 04:00:00",false,false,false,"[PREMIUM]","[PREMIUM]","[PREMIUM]","[PREMIUM]","[PREMIUM]","[PREMIUM]",false,true,"62bf3aa7875de600012028da","['67b5ffc29fb85b88a62c0c76']","[PREMIUM]","[PREMIUM]"
"69d4315e2241e0731cad141e","2026-04-08 00:05:43.359","2026-04-21 04:32:55.334","69d4315e2241e0731cad141e","Monster X Tour","auto","2026-05-02 12:00:00","2026-05-02 19:00:00","2026-05-02 19:45:00",false,false,false,"[PREMIUM]","[PREMIUM]","[PREMIUM]","[PREMIUM]","[PREMIUM]","[PREMIUM]",false,true,"67e3124fa2665db1ef52e208","['5deee9f0ab73290037ec4eba']","[PREMIUM]","[PREMIUM]"
"6916425de015e7e9510709f3","2026-04-08 00:05:43.359","2026-04-21 04:33:03.729","6916425de015e7e9510709f3","Every Brilliant Thing","theater","2026-05-02 17:00:00","2026-05-02 21:00:00","2026-05-02 21:00:00",false,false,false,"[PREMIUM]","[PREMIUM]","[PREMIUM]","[PREMIUM]","[PREMIUM]","[PREMIUM]",true,false,"5ac68286f5c17b001430f6ff","['69d54302533694c159208759']","[PREMIUM]","[PREMIUM]"
"690459969e9c7e1108b6e3ff","2026-04-08 00:05:43.359","2026-04-21 04:32:55.334","690459969e9c7e1108b6e3ff","Bosco Presents: Grindhaus","theater","2026-05-01 22:30:00","2026-05-02 05:30:00","2026-05-02 05:30:00",false,false,false,"[PREMIUM]","[PREMIUM]","[PREMIUM]","[PREMIUM]","[PREMIUM]","[PREMIUM]",false,false,"57e1885950575d33c89c1726","['69d547afe52e281abfcf4710']","[PREMIUM]","[PREMIUM]"
"69027d5c2df0061a97a66de0","2026-04-08 00:05:43.359","2026-04-21 04:32:55.334","69027d5c2df0061a97a66de0","August Wilson's Joe Turner's Come and Gone","theater","2026-05-02 14:00:00","2026-05-02 18:00:00","2026-05-02 18:00:00",false,false,false,"[PREMIUM]","[PREMIUM]","[PREMIUM]","[PREMIUM]","[PREMIUM]","[PREMIUM]",true,false,"65678ff67d4032c04a4df223","['69d4181f24f8d4f84ffbc583']","[PREMIUM]","[PREMIUM]"
"69027d59168028b2133774ce","2026-04-08 00:05:43.359","2026-04-21 04:33:03.729","69027d59168028b2133774ce","August Wilson's Joe Turner's Come and Gone","theater","2026-05-02 19:00:00","2026-05-02 23:00:00","2026-05-02 23:00:00",false,false,false,"[PREMIUM]","[PREMIUM]","[PREMIUM]","[PREMIUM]","[PREMIUM]","[PREMIUM]",true,false,"65678ff67d4032c04a4df223","['69d4181f24f8d4f84ffbc583']","[PREMIUM]","[PREMIUM]"
"69d41cbcc94c6cd0044cf416","2026-04-08 00:05:36.319","2026-04-21 04:32:48.798","69d41cbcc94c6cd0044cf416","Nelly","music","2026-04-30 20:00:00","2026-05-01 00:00:00","2026-05-01 01:30:00",false,false,false,"[PREMIUM]","[PREMIUM]","[PREMIUM]","[PREMIUM]","[PREMIUM]","[PREMIUM]",false,false,"63e6a960d249a1000118731c","['5b7c3d6e1107e000127b1122']","[PREMIUM]","[PREMIUM]"
"6978042e480c90147c0d31a8","2026-04-08 00:05:36.319","2026-04-21 04:32:55.334","6978042e480c90147c0d31a8","Hasan Raheem","music","2026-05-01 19:30:00","2026-05-02 00:30:00","2026-05-02 00:30:00",false,false,false,"[PREMIUM]","[PREMIUM]","[PREMIUM]","[PREMIUM]","[PREMIUM]","[PREMIUM]",false,false,"57eaab67cde6626ebe3842d6","['69d556f601b756e3d5c46bd8']","[PREMIUM]","[PREMIUM]"
"6917913ad103d3e2339bfef5","2026-04-08 00:05:36.319","2026-04-21 04:32:55.334","6917913ad103d3e2339bfef5","Every Brilliant Thing","theater","2026-05-01 19:00:00","2026-05-01 23:00:00","2026-05-01 23:00:00",false,false,false,"[PREMIUM]","[PREMIUM]","[PREMIUM]","[PREMIUM]","[PREMIUM]","[PREMIUM]",true,false,"5ac68286f5c17b001430f6ff","['69d54302533694c159208759']","[PREMIUM]","[PREMIUM]"
"69027d5717804eed101d5878","2026-04-08 00:05:36.319","2026-04-21 04:32:55.334","69027d5717804eed101d5878","August Wilson's Joe Turner's Come and Gone","theater","2026-05-01 19:00:00","2026-05-01 23:00:00","2026-05-01 23:00:00",false,false,false,"[PREMIUM]","[PREMIUM]","[PREMIUM]","[PREMIUM]","[PREMIUM]","[PREMIUM]",true,false,"65678ff67d4032c04a4df223","['69d4181f24f8d4f84ffbc583']","[PREMIUM]","[PREMIUM]"
"69d5514e8e7399d47bbc2abb","2026-04-08 00:05:29.258","2026-04-21 04:32:48.798","69d5514e8e7399d47bbc2abb","Ashes To Amber","music","2026-04-29 20:00:00","2026-04-30 03:00:00","2026-04-30 04:30:00",false,false,false,"[PREMIUM]","[PREMIUM]","[PREMIUM]","[PREMIUM]","[PREMIUM]","[PREMIUM]",false,false,"62bf3aa7875de600012028da","['69bd930d52f2b00ab8aabe80']","[PREMIUM]","[PREMIUM]"
"6917913e0fe3bba454184d07","2026-04-08 00:05:29.258","2026-04-21 04:32:39.825","6917913e0fe3bba454184d07","Every Brilliant Thing","theater","2026-04-29 19:00:00","2026-04-29 23:00:00","2026-04-29 23:00:00",false,false,false,"[PREMIUM]","[PREMIUM]","[PREMIUM]","[PREMIUM]","[PREMIUM]","[PREMIUM]",true,false,"5ac68286f5c17b001430f6ff","['69d54302533694c159208759']","[PREMIUM]","[PREMIUM]"
"691642659646224dbe02a05f","2026-04-08 00:05:29.258","2026-04-21 04:32:48.798","691642659646224dbe02a05f","Every Brilliant Thing","theater","2026-04-30 19:00:00","2026-04-30 23:00:00","2026-04-30 23:00:00",false,false,false,"[PREMIUM]","[PREMIUM]","[PREMIUM]","[PREMIUM]","[PREMIUM]","[PREMIUM]",true,false,"5ac68286f5c17b001430f6ff","['69d54302533694c159208759']","[PREMIUM]","[PREMIUM]"
"6916425da34c96348aabdacf","2026-04-08 00:05:29.258","2026-04-21 04:32:39.825","6916425da34c96348aabdacf","Every Brilliant Thing","theater","2026-04-29 14:00:00","2026-04-29 18:00:00","2026-04-29 18:00:00",false,false,false,"[PREMIUM]","[PREMIUM]","[PREMIUM]","[PREMIUM]","[PREMIUM]","[PREMIUM]",true,false,"5ac68286f5c17b001430f6ff","['69d54302533694c159208759']","[PREMIUM]","[PREMIUM]"
"69027d60fd02e61ea0e5b75f","2026-04-08 00:05:29.258","2026-04-21 04:32:39.825","69027d60fd02e61ea0e5b75f","August Wilson's Joe Turner's Come and Gone","theater","2026-04-29 14:00:00","2026-04-29 18:00:00","2026-04-29 18:00:00",false,false,false,"[PREMIUM]","[PREMIUM]","[PREMIUM]","[PREMIUM]","[PREMIUM]","[PREMIUM]",true,false,"65678ff67d4032c04a4df223","['69d4181f24f8d4f84ffbc583']","[PREMIUM]","[PREMIUM]"
"69027d60168028b2133774cf","2026-04-08 00:05:29.258","2026-04-21 04:32:39.825","69027d60168028b2133774cf","August Wilson's Joe Turner's Come and Gone","theater","2026-04-29 19:00:00","2026-04-29 23:00:00","2026-04-29 23:00:00",false,false,false,"[PREMIUM]","[PREMIUM]","[PREMIUM]","[PREMIUM]","[PREMIUM]","[PREMIUM]",true,false,"65678ff67d4032c04a4df223","['69d4181f24f8d4f84ffbc583']","[PREMIUM]","[PREMIUM]"
"69027d5f20507a34b7cddd3a","2026-04-08 00:05:29.258","2026-04-21 04:32:48.798","69027d5f20507a34b7cddd3a","August Wilson's Joe Turner's Come and Gone","theater","2026-04-30 19:00:00","2026-04-30 23:00:00","2026-04-30 23:00:00",false,false,false,"[PREMIUM]","[PREMIUM]","[PREMIUM]","[PREMIUM]","[PREMIUM]","[PREMIUM]",true,false,"65678ff67d4032c04a4df223","['69d4181f24f8d4f84ffbc583']","[PREMIUM]","[PREMIUM]"
"69a0fde8b181f7af3c4be80f","2026-04-08 00:05:22.280","2026-04-21 04:32:27.609","69a0fde8b181f7af3c4be80f","Hasan Raheem","music","2026-04-27 18:30:00","2026-04-27 22:30:00","2026-04-27 22:30:00",false,false,false,"[PREMIUM]","[PREMIUM]","[PREMIUM]","[PREMIUM]","[PREMIUM]","[PREMIUM]",false,false,"643079aeaf2a9a0001d3d49e","['69d556f601b756e3d5c46bd8']","[PREMIUM]","[PREMIUM]"
"6916425ce015e7e9510709f0","2026-04-08 00:05:22.280","2026-04-21 04:32:39.825","6916425ce015e7e9510709f0","Every Brilliant Thing","theater","2026-04-28 19:00:00","2026-04-28 23:00:00","2026-04-28 23:00:00",false,false,false,"[PREMIUM]","[PREMIUM]","[PREMIUM]","[PREMIUM]","[PREMIUM]","[PREMIUM]",true,false,"5ac68286f5c17b001430f6ff","['69d54302533694c159208759']","[PREMIUM]","[PREMIUM]"
"6916425c20dfa845c5df7342","2026-04-08 00:05:22.280","2026-04-21 04:32:27.609","6916425c20dfa845c5df7342","Every Brilliant Thing","theater","2026-04-26 15:00:00","2026-04-26 19:00:00","2026-04-26 19:00:00",false,false,false,"[PREMIUM]","[PREMIUM]","[PREMIUM]","[PREMIUM]","[PREMIUM]","[PREMIUM]",true,false,"5ac68286f5c17b001430f6ff","['69d54302533694c159208759']","[PREMIUM]","[PREMIUM]"
"69027d5d9c1370439bc84355","2026-04-08 00:05:22.280","2026-04-21 04:32:39.825","69027d5d9c1370439bc84355","August Wilson's Joe Turner's Come and Gone","theater","2026-04-28 19:00:00","2026-04-28 23:00:00","2026-04-28 23:00:00",false,false,false,"[PREMIUM]","[PREMIUM]","[PREMIUM]","[PREMIUM]","[PREMIUM]","[PREMIUM]",true,false,"65678ff67d4032c04a4df223","['69d4181f24f8d4f84ffbc583']","[PREMIUM]","[PREMIUM]"
"69027c615199bb17d40472fe","2026-04-08 00:05:22.280","2026-04-09 03:55:22.789","69027c615199bb17d40472fe","Joe Turner's Come and Gone CANELLED","theater","2026-04-26 14:00:00","2026-04-26 18:00:00","2026-04-26 18:00:00",false,false,false,"[PREMIUM]","[PREMIUM]","[PREMIUM]","[PREMIUM]","[PREMIUM]","[PREMIUM]",false,false,"65678ff67d4032c04a4df223","['69d4181f24f8d4f84ffbc583']","[PREMIUM]","[PREMIUM]"
"6902651ed0446d899aaad024","2026-04-08 00:05:22.280","2026-04-09 03:55:22.789","6902651ed0446d899aaad024","August Wilson's Joe Turner's Come and Gone","theater","2026-04-26 14:00:00","2026-04-26 19:00:00","2026-04-26 19:00:00",false,false,false,"[PREMIUM]","[PREMIUM]","[PREMIUM]","[PREMIUM]","[PREMIUM]","[PREMIUM]",false,false,"64af125bad32db00018b0da5","['69d4181f24f8d4f84ffbc583']","[PREMIUM]","[PREMIUM]"
"69d5500c3dcc5b72b14d77a8","2026-04-08 00:05:13.076","2026-04-21 04:32:20.124","69d5500c3dcc5b72b14d77a8","Emo Nite (21+ Event)","music","2026-04-25 21:00:00","2026-04-26 04:00:00","2026-04-26 04:00:00",false,false,false,"[PREMIUM]","[PREMIUM]","[PREMIUM]","[PREMIUM]","[PREMIUM]","[PREMIUM]",false,false,"5a204aa31a3204000fbdd8e3","['65ce998d07a5794f79181c42']","[PREMIUM]","[PREMIUM]"
"69d106f92241e0731cabe05e","2026-04-08 00:05:13.076","2026-04-17 12:34:50.735","69d106f92241e0731cabe05e","Saskatoon Blades at Prince Albert Raiders (Round 2 - Home Game 3) (If Necessary)","whl","2026-04-17 19:00:00","2026-04-18 00:00:00","2026-04-18 01:30:00",false,false,false,"[PREMIUM]","[PREMIUM]","[PREMIUM]","[PREMIUM]","[PREMIUM]","[PREMIUM]",false,true,"69d5587f519b3502fd38b4a5","['5c88118e01d5c20015d80f31','5c8813a611de500016b227a2']","[PREMIUM]","[PREMIUM]"
"6978045dbb7a4aaad22d3276","2026-04-08 00:05:13.076","2026-04-21 04:32:20.124","6978045dbb7a4aaad22d3276","Hasan Raheem","music","2026-04-25 20:00:00","2026-04-26 00:00:00","2026-04-26 00:00:00",false,false,false,"[PREMIUM]","[PREMIUM]","[PREMIUM]","[PREMIUM]","[PREMIUM]","[PREMIUM]",false,false,"57e31d1450575d33c8a5fb76","['69d556f601b756e3d5c46bd8']","[PREMIUM]","[PREMIUM]"
"6939a1fa051595248f8641df","2026-04-08 00:05:13.076","2026-04-21 04:32:20.124","6939a1fa051595248f8641df","Lil Texas","music","2026-04-25 21:00:00","2026-04-26 04:00:00","2026-04-26 04:00:00",false,false,false,"[PREMIUM]","[PREMIUM]","[PREMIUM]","[PREMIUM]","[PREMIUM]","[PREMIUM]",false,false,"613286ce8faa5d0001d0a079","['69d416cccaff9f04a1f28b9d']","[PREMIUM]","[PREMIUM]"
"6916425ca82fcc4e95bbfd62","2026-04-08 00:05:13.076","2026-04-21 04:32:20.124","6916425ca82fcc4e95bbfd62","Every Brilliant Thing","theater","2026-04-25 20:30:00","2026-04-26 00:30:00","2026-04-26 00:30:00",false,false,false,"[PREMIUM]","[PREMIUM]","[PREMIUM]","[PREMIUM]","[PREMIUM]","[PREMIUM]",true,false,"5ac68286f5c17b001430f6ff","['69d54302533694c159208759']","[PREMIUM]","[PREMIUM]"
"69d56de9594751fe4f1dc233","2026-04-08 00:05:05.785","2026-04-21 04:32:13.148","69d56de9594751fe4f1dc233","SVDDEN DEATH","music","2026-04-24 22:00:00","2026-04-25 02:00:00","2026-04-25 02:00:00",false,false,false,"[PREMIUM]","[PREMIUM]","[PREMIUM]","[PREMIUM]","[PREMIUM]","[PREMIUM]",false,true,"61d4c812adc14c0001edd5d7","['64fb50d5812a360001822515']","[PREMIUM]","[PREMIUM]"
"69d568f728fca67d00476425","2026-04-08 00:05:05.785","2026-04-21 04:32:13.148","69d568f728fca67d00476425","Laufey","music","2026-04-25 12:30:00","2026-04-25 19:30:00","2026-04-25 21:00:00",false,false,false,"[PREMIUM]","[PREMIUM]","[PREMIUM]","[PREMIUM]","[PREMIUM]","[PREMIUM]",false,true,"68a7626f3fc7c9fbd8800b38","['62b37badb942970001da44c3']","[PREMIUM]","[PREMIUM]"
"69d4fbd21f49cf2eaa7a3825","2026-04-08 00:05:05.785","2026-04-21 04:32:13.148","69d4fbd21f49cf2eaa7a3825","Andrew Schulz","comedy","2026-04-24 21:30:00","2026-04-25 01:30:00","2026-04-25 03:00:00",false,false,false,"[PREMIUM]","[PREMIUM]","[PREMIUM]","[PREMIUM]","[PREMIUM]","[PREMIUM]",false,true,"677eefefd349fa1ac7899fee","['5d728d4d438d5f003afaf18d']","[PREMIUM]","[PREMIUM]"
"6916425c13e7db7489da5070","2026-04-08 00:05:05.785","2026-04-21 04:32:20.124","6916425c13e7db7489da5070","Every Brilliant Thing","theater","2026-04-25 17:00:00","2026-04-25 21:00:00","2026-04-25 21:00:00",false,false,false,"[PREMIUM]","[PREMIUM]","[PREMIUM]","[PREMIUM]","[PREMIUM]","[PREMIUM]",false,false,"5ac68286f5c17b001430f6ff","['69d54302533694c159208759']","[PREMIUM]","[PREMIUM]"
"69d56bb086013183eab7931a","2026-04-08 00:04:58.009","2026-04-21 04:32:00.800","69d56bb086013183eab7931a","Jacob Collier","music","2026-04-23 20:00:00","2026-04-24 00:00:00","2026-04-24 01:30:00",false,false,false,"[PREMIUM]","[PREMIUM]","[PREMIUM]","[PREMIUM]","[PREMIUM]","[PREMIUM]",false,true,"6647b0eaab55edb443a42ec8","['5dcdf1a39704ea00376d5619']","[PREMIUM]","[PREMIUM]"
"699eeb52101378ed9c041e00","2026-04-08 00:04:58.009","2026-04-21 04:32:13.148","699eeb52101378ed9c041e00","Shankar Ehsaan Loy","music","2026-04-24 19:00:00","2026-04-25 02:00:00","2026-04-25 02:00:00",false,false,false,"[PREMIUM]","[PREMIUM]","[PREMIUM]","[PREMIUM]","[PREMIUM]","[PREMIUM]",true,false,"5e31c10a0e09b20038381009","['69d55376f02e06e64af0b463']","[PREMIUM]","[PREMIUM]"
"6977ec38d26a99c0a0cac76d","2026-04-08 00:04:58.009","2026-04-21 04:32:00.800","6977ec38d26a99c0a0cac76d","Hasan Raheem","music","2026-04-23 19:00:00","2026-04-24 00:00:00","2026-04-24 00:00:00",false,false,false,"[PREMIUM]","[PREMIUM]","[PREMIUM]","[PREMIUM]","[PREMIUM]","[PREMIUM]",false,false,"5a14bbdb1a8d14001304bbf7","['69d556f601b756e3d5c46bd8']","[PREMIUM]","[PREMIUM]"
"691642656884c7c9b27225a2","2026-04-08 00:04:58.009","2026-04-21 04:32:00.800","691642656884c7c9b27225a2","Every Brilliant Thing","theater","2026-04-23 19:00:00","2026-04-23 23:00:00","2026-04-23 23:00:00",false,false,false,"[PREMIUM]","[PREMIUM]","[PREMIUM]","[PREMIUM]","[PREMIUM]","[PREMIUM]",true,false,"5ac68286f5c17b001430f6ff","['69d54302533694c159208759']","[PREMIUM]","[PREMIUM]"
"6916425cae430f9876d54eee","2026-04-08 00:04:58.009","2026-04-21 04:32:13.148","6916425cae430f9876d54eee","Every Brilliant Thing","theater","2026-04-24 19:00:00","2026-04-24 23:00:00","2026-04-24 23:00:00",false,false,false,"[PREMIUM]","[PREMIUM]","[PREMIUM]","[PREMIUM]","[PREMIUM]","[PREMIUM]",true,false,"5ac68286f5c17b001430f6ff","['69d54302533694c159208759']","[PREMIUM]","[PREMIUM]"
"69027d61dc54523a2df3e67c","2026-04-08 00:04:58.009","2026-04-21 04:32:00.800","69027d61dc54523a2df3e67c","August Wilson's Joe Turner's Come and Gone","theater","2026-04-23 19:00:00","2026-04-23 23:00:00","2026-04-23 23:00:00",false,false,false,"[PREMIUM]","[PREMIUM]","[PREMIUM]","[PREMIUM]","[PREMIUM]","[PREMIUM]",true,false,"65678ff67d4032c04a4df223","['69d4181f24f8d4f84ffbc583']","[PREMIUM]","[PREMIUM]"
"69027d615199bb17d4047336","2026-04-08 00:04:58.009","2026-04-21 04:32:13.148","69027d615199bb17d4047336","August Wilson's Joe Turner's Come and Gone","theater","2026-04-24 19:00:00","2026-04-24 23:00:00","2026-04-24 23:00:00",false,false,false,"[PREMIUM]","[PREMIUM]","[PREMIUM]","[PREMIUM]","[PREMIUM]","[PREMIUM]",true,false,"65678ff67d4032c04a4df223","['69d4181f24f8d4f84ffbc583']","[PREMIUM]","[PREMIUM]"
"68cdf9548d7d27d950ad73a0","2026-04-08 00:04:58.009","2026-04-21 04:32:00.800","68cdf9548d7d27d950ad73a0","Henry Cho","comedy","2026-04-23 19:30:00","2026-04-23 23:30:00","2026-04-23 23:30:00",false,false,false,"[PREMIUM]","[PREMIUM]","[PREMIUM]","[PREMIUM]","[PREMIUM]","[PREMIUM]",false,false,"668c763f6029bd6095acbcee","['65b9d4ffaa9b770f9754707f']","[PREMIUM]","[PREMIUM]"
"69d25366f35872418800ef2a","2026-04-08 00:04:50.356","2026-04-19 22:43:43.197","69d25366f35872418800ef2a","Calgary Hitmen at Medicine Hat Tigers (Round 2 - Home Game 4)","whl","2026-04-21 19:00:00","2026-04-22 01:00:00","2026-04-22 02:30:00",false,false,false,"[PREMIUM]","[PREMIUM]","[PREMIUM]","[PREMIUM]","[PREMIUM]","[PREMIUM]",false,false,"67f7e46a85a7f9bfdd114374","['5c880f9080878f0017c1e4a9','5c87fadebe1c6200143727e4']","[PREMIUM]","[PREMIUM]"
"69d10703caff9f04a1f15c66","2026-04-08 00:04:50.356","2026-04-19 22:43:43.197","69d10703caff9f04a1f15c66","Saskatoon Blades at Prince Albert Raiders (Round 2 - Home Game 4) (If Necessary)","whl","2026-04-21 19:00:00","2026-04-22 00:00:00","2026-04-22 01:30:00",false,false,false,"[PREMIUM]","[PREMIUM]","[PREMIUM]","[PREMIUM]","[PREMIUM]","[PREMIUM]",false,true,"69d5587f519b3502fd38b4a5","['5c88118e01d5c20015d80f31','5c8813a611de500016b227a2']","[PREMIUM]","[PREMIUM]"
"69cf25f1b7cba5340184e32b","2026-04-08 00:04:50.356","2026-04-19 22:43:43.197","69cf25f1b7cba5340184e32b","Prince George Cougars at Penticton Vees (Round 2 - Home Game 4) (If Necessary)","whl","2026-04-21 19:05:00","2026-04-22 02:05:00","2026-04-22 02:05:00",false,false,false,"[PREMIUM]","[PREMIUM]","[PREMIUM]","[PREMIUM]","[PREMIUM]","[PREMIUM]",false,false,"6500ea121d0cfc0001a115a7","['685c249f16a54a60c2224eed','5c880dd1211dff0016458a9b']","[PREMIUM]","[PREMIUM]"
"69ced0723616181134bc6aa8","2026-04-08 00:04:50.356","2026-04-19 22:43:43.197","69ced0723616181134bc6aa8","Kelowna Rockets at Everett Silvertips (Round 2 - Home Game 4) (If Necessary)","whl","2026-04-21 19:05:00","2026-04-22 02:05:00","2026-04-22 03:35:00",false,false,false,"[PREMIUM]","[PREMIUM]","[PREMIUM]","[PREMIUM]","[PREMIUM]","[PREMIUM]",false,false,"5d79098011c5990037e852f5","['5c88144ecba4310013bec92a','5c880d455abe540016541e82']","[PREMIUM]","[PREMIUM]"
"69cbf63ce12382e4103608db","2026-04-08 00:04:50.356","2026-04-21 04:31:52.562","69cbf63ce12382e4103608db","DJ Questlove - Prince DJ Set","music","2026-04-21 20:00:00","2026-04-22 00:00:00","2026-04-22 00:00:00",false,false,false,"[PREMIUM]","[PREMIUM]","[PREMIUM]","[PREMIUM]","[PREMIUM]","[PREMIUM]",false,true,"5813a492cde6626ebe15f074","['6633b41b044b40bda09cfbf6']","[PREMIUM]","[PREMIUM]"
"6977ebd986c6b2301a065b75","2026-04-08 00:04:50.356","2026-04-21 04:31:52.562","6977ebd986c6b2301a065b75","Hasan Raheem","music","2026-04-22 19:00:00","2026-04-23 00:00:00","2026-04-23 00:00:00",false,false,false,"[PREMIUM]","[PREMIUM]","[PREMIUM]","[PREMIUM]","[PREMIUM]","[PREMIUM]",false,false,"57b5de9cf80c41264bb99858","['69d556f601b756e3d5c46bd8']","[PREMIUM]","[PREMIUM]"
"69164288cd371607839d9aba","2026-04-08 00:04:50.356","2026-04-21 04:31:52.562","69164288cd371607839d9aba","Every Brilliant Thing","theater","2026-04-22 19:00:00","2026-04-22 23:00:00","2026-04-22 23:00:00",false,false,false,"[PREMIUM]","[PREMIUM]","[PREMIUM]","[PREMIUM]","[PREMIUM]","[PREMIUM]",false,false,"5ac68286f5c17b001430f6ff","['69d54302533694c159208759']","[PREMIUM]","[PREMIUM]"
"691642652f76121164279f66","2026-04-08 00:04:50.356","2026-04-21 04:31:52.562","691642652f76121164279f66","Every Brilliant Thing","theater","2026-04-22 14:00:00","2026-04-22 18:00:00","2026-04-22 18:00:00",false,false,false,"[PREMIUM]","[PREMIUM]","[PREMIUM]","[PREMIUM]","[PREMIUM]","[PREMIUM]",true,false,"5ac68286f5c17b001430f6ff","['69d54302533694c159208759']","[PREMIUM]","[PREMIUM]"
"691642651170c0680e20dd5a","2026-04-08 00:04:50.356","2026-04-21 04:31:52.562","691642651170c0680e20dd5a","Every Brilliant Thing","theater","2026-04-21 19:00:00","2026-04-21 23:00:00","2026-04-21 23:00:00",false,false,false,"[PREMIUM]","[PREMIUM]","[PREMIUM]","[PREMIUM]","[PREMIUM]","[PREMIUM]",false,false,"5ac68286f5c17b001430f6ff","['69d54302533694c159208759']","[PREMIUM]","[PREMIUM]"
"69027d602ddd9228e8c84dfc","2026-04-08 00:04:50.356","2026-04-21 04:31:52.562","69027d602ddd9228e8c84dfc","August Wilson's Joe Turner's Come and Gone","theater","2026-04-21 19:00:00","2026-04-21 23:00:00","2026-04-21 23:00:00",false,false,false,"[PREMIUM]","[PREMIUM]","[PREMIUM]","[PREMIUM]","[PREMIUM]","[PREMIUM]",true,false,"65678ff67d4032c04a4df223","['69d4181f24f8d4f84ffbc583']","[PREMIUM]","[PREMIUM]"
"69027d5f59434ff8b764b164","2026-04-08 00:04:50.356","2026-04-21 04:32:00.800","69027d5f59434ff8b764b164","August Wilson's Joe Turner's Come and Gone","theater","2026-04-23 13:00:00","2026-04-23 17:00:00","2026-04-23 17:00:00",false,false,false,"[PREMIUM]","[PREMIUM]","[PREMIUM]","[PREMIUM]","[PREMIUM]","[PREMIUM]",true,false,"65678ff67d4032c04a4df223","['69d4181f24f8d4f84ffbc583']","[PREMIUM]","[PREMIUM]"
"69027d5c95a22bcb644e4e5e","2026-04-08 00:04:50.356","2026-04-21 04:31:52.562","69027d5c95a22bcb644e4e5e","August Wilson's Joe Turner's Come and Gone","theater","2026-04-22 14:00:00","2026-04-22 18:00:00","2026-04-22 18:00:00",false,false,false,"[PREMIUM]","[PREMIUM]","[PREMIUM]","[PREMIUM]","[PREMIUM]","[PREMIUM]",true,false,"65678ff67d4032c04a4df223","['69d4181f24f8d4f84ffbc583']","[PREMIUM]","[PREMIUM]"
"69027d5a24426e01192a2ebc","2026-04-08 00:04:50.356","2026-04-21 04:31:52.562","69027d5a24426e01192a2ebc","August Wilson's Joe Turner's Come and Gone","theater","2026-04-22 19:00:00","2026-04-22 23:00:00","2026-04-22 23:00:00",false,false,false,"[PREMIUM]","[PREMIUM]","[PREMIUM]","[PREMIUM]","[PREMIUM]","[PREMIUM]",true,false,"65678ff67d4032c04a4df223","['69d4181f24f8d4f84ffbc583']","[PREMIUM]","[PREMIUM]"
"69d4f7bacaff9f04a1f2d1cb","2026-04-08 00:04:43.283","2026-04-18 17:32:30.351","69d4f7bacaff9f04a1f2d1cb","Prince Albert Raiders at Saskatoon Blades (Round 2 - Home Game 3) (If Necessary)","whl","2026-04-19 16:00:00","2026-04-19 21:00:00","2026-04-19 22:30:00",false,false,false,"[PREMIUM]","[PREMIUM]","[PREMIUM]","[PREMIUM]","[PREMIUM]","[PREMIUM]",false,false,"63b5f22f0adff300014581e1","['5c8813a611de500016b227a2','5c88118e01d5c20015d80f31']","[PREMIUM]","[PREMIUM]"
"69d4a7c5e52e281abfcf10ac","2026-04-08 00:04:43.283","2026-04-19 22:43:43.197","69d4a7c5e52e281abfcf10ac","Tonight At the Improv","comedy","2026-04-19 19:00:00","2026-04-20 02:00:00","2026-04-20 02:00:00",false,false,false,"[PREMIUM]","[PREMIUM]","[PREMIUM]","[PREMIUM]","[PREMIUM]","[PREMIUM]",false,false,"61c39b25ad04e000018c24ae","['661749b5fcc53ff64e381858']","[PREMIUM]","[PREMIUM]"
"69d3a854233fb2f97d75e527","2026-04-08 00:04:43.283","2026-04-19 22:43:43.197","69d3a854233fb2f97d75e527","Penticton Vees at Prince George Cougars (Round 2 - Home Game 3)","whl","2026-04-19 19:00:00","2026-04-20 02:00:00","2026-04-20 03:30:00",false,false,false,"[PREMIUM]","[PREMIUM]","[PREMIUM]","[PREMIUM]","[PREMIUM]","[PREMIUM]",false,true,"6931c706290db21a4cab95fa","['5c880dd1211dff0016458a9b','685c249f16a54a60c2224eed']","[PREMIUM]","[PREMIUM]"
"69cfb0e7e1d2472bfcf71223","2026-04-08 00:04:43.283","2026-04-19 22:43:43.197","69cfb0e7e1d2472bfcf71223","Medicine Hat Tigers at Calgary Hitmen (Round 2 - Home Game 3)","whl","2026-04-19 16:00:00","2026-04-19 22:00:00","2026-04-19 23:30:00",false,false,false,"[PREMIUM]","[PREMIUM]","[PREMIUM]","[PREMIUM]","[PREMIUM]","[PREMIUM]",false,false,"545afc643bf3763fb9000001","['5c87fadebe1c6200143727e4','5c880f9080878f0017c1e4a9']","[PREMIUM]","[PREMIUM]"
"69683b579376577bbdd079e6","2026-04-08 00:04:43.283","2026-04-19 22:43:43.197","69683b579376577bbdd079e6","Shankar Ehsaan Loy","music","2026-04-19 19:00:00","2026-04-20 02:00:00","2026-04-20 02:00:00",false,false,false,"[PREMIUM]","[PREMIUM]","[PREMIUM]","[PREMIUM]","[PREMIUM]","[PREMIUM]",true,false,"63eec9d877a1150001c310a4","['69d55376f02e06e64af0b463']","[PREMIUM]","[PREMIUM]"
"6916428660edbb9f54daca14","2026-04-08 00:04:43.283","2026-04-18 17:32:30.351","6916428660edbb9f54daca14","Every Brilliant Thing","theater","2026-04-19 15:00:00","2026-04-19 19:00:00","2026-04-19 19:00:00",false,false,false,"[PREMIUM]","[PREMIUM]","[PREMIUM]","[PREMIUM]","[PREMIUM]","[PREMIUM]",true,false,"5ac68286f5c17b001430f6ff","['69d54302533694c159208759']","[PREMIUM]","[PREMIUM]"
"69027d5d9c1370439bc84354","2026-04-08 00:04:43.283","2026-04-19 22:43:43.197","69027d5d9c1370439bc84354","August Wilson's Joe Turner's Come and Gone","theater","2026-04-20 19:00:00","2026-04-20 23:00:00","2026-04-20 23:00:00",false,false,false,"[PREMIUM]","[PREMIUM]","[PREMIUM]","[PREMIUM]","[PREMIUM]","[PREMIUM]",true,false,"65678ff67d4032c04a4df223","['69d4181f24f8d4f84ffbc583']","[PREMIUM]","[PREMIUM]"
"69d3f8a678d1fa10325856a3","2026-04-08 00:04:36.297","2026-04-18 17:32:30.351","69d3f8a678d1fa10325856a3","Jermaine Dupri","music","2026-04-19 11:00:00","2026-04-19 18:00:00","2026-04-19 19:00:00",false,false,false,"[PREMIUM]","[PREMIUM]","[PREMIUM]","[PREMIUM]","[PREMIUM]","[PREMIUM]",false,false,"65ab189c0a38821a8a848f2d","['58d40e2df80c411d16ba2ae5']","[PREMIUM]","[PREMIUM]"
"697a3ca5ba521ec819401b83","2026-04-08 00:04:36.297","2026-04-18 17:32:30.351","697a3ca5ba521ec819401b83","Hasan Raheem","music","2026-04-18 20:00:00","2026-04-19 03:00:00","2026-04-19 03:00:00",false,false,false,"[PREMIUM]","[PREMIUM]","[PREMIUM]","[PREMIUM]","[PREMIUM]","[PREMIUM]",false,true,"644c1bbc638d3600011187b8","['69d556f601b756e3d5c46bd8']","[PREMIUM]","[PREMIUM]"
"695300ff43ecca529087f1e0","2026-04-08 00:04:36.297","2026-04-18 17:32:15.826","695300ff43ecca529087f1e0","Shankar Ehsaan Loy","music","2026-04-18 20:00:00","2026-04-19 00:00:00","2026-04-19 00:00:00",false,false,false,"[PREMIUM]","[PREMIUM]","[PREMIUM]","[PREMIUM]","[PREMIUM]","[PREMIUM]",true,false,"616877a2f9a1b30001401f24","['69d55376f02e06e64af0b463']","[PREMIUM]","[PREMIUM]"
"6939b9d95c52bbb3188d7aa7","2026-04-08 00:04:36.297","2026-04-18 17:32:30.351","6939b9d95c52bbb3188d7aa7","Lil Texas","music","2026-04-18 22:00:00","2026-04-19 04:00:00","2026-04-19 04:00:00",false,false,false,"[PREMIUM]","[PREMIUM]","[PREMIUM]","[PREMIUM]","[PREMIUM]","[PREMIUM]",false,true,"69273d2481bc53d4bd778235","['69d416cccaff9f04a1f28b9d']","[PREMIUM]","[PREMIUM]"
"691d31d4a4dd1089d31d4624","2026-04-08 00:04:36.297","2026-04-18 17:32:15.826","691d31d4a4dd1089d31d4624","Joe Turner's Come and Gone","theater","2026-04-18 20:00:00","2026-04-19 00:00:00","2026-04-19 00:00:00",false,false,false,"[PREMIUM]","[PREMIUM]","[PREMIUM]","[PREMIUM]","[PREMIUM]","[PREMIUM]",false,false,"65678ff67d4032c04a4df223","['69d4181f24f8d4f84ffbc583']","[PREMIUM]","[PREMIUM]"
"69164269b7742641f454c834","2026-04-08 00:04:36.297","2026-04-18 17:32:30.351","69164269b7742641f454c834","Every Brilliant Thing","theater","2026-04-18 20:30:00","2026-04-19 00:30:00","2026-04-19 00:30:00",false,false,false,"[PREMIUM]","[PREMIUM]","[PREMIUM]","[PREMIUM]","[PREMIUM]","[PREMIUM]",false,false,"5ac68286f5c17b001430f6ff","['69d54302533694c159208759']","[PREMIUM]","[PREMIUM]"
"69b4046f1c83c1c1905c64a0","2026-04-08 00:04:28.784","2026-04-17 12:35:05.884","69b4046f1c83c1c1905c64a0","DJ Pauly D with Diox (21+ Event)","music","2026-04-17 23:00:00","2026-04-18 04:00:00","2026-04-18 05:30:00",false,false,false,"[PREMIUM]","[PREMIUM]","[PREMIUM]","[PREMIUM]","[PREMIUM]","[PREMIUM]",false,true,"62d07ba904bdb90001f078e9","['622fcf8ccee8ba0001d40e47']","[PREMIUM]","[PREMIUM]"
"69780af88ac0b2247b0dea6f","2026-04-08 00:04:28.784","2026-04-17 12:34:50.735","69780af88ac0b2247b0dea6f","Hasan Raheem","music","2026-04-17 20:00:00","2026-04-18 03:00:00","2026-04-18 03:00:00",false,false,false,"[PREMIUM]","[PREMIUM]","[PREMIUM]","[PREMIUM]","[PREMIUM]","[PREMIUM]",false,false,"564cff89f80c410bf1000001","['69d556f601b756e3d5c46bd8']","[PREMIUM]","[PREMIUM]"
"69164263a82fcc4e95bbfd68","2026-04-08 00:04:28.784","2026-04-18 17:32:15.826","69164263a82fcc4e95bbfd68","Every Brilliant Thing","theater","2026-04-18 17:00:00","2026-04-18 21:00:00","2026-04-18 21:00:00",false,false,false,"[PREMIUM]","[PREMIUM]","[PREMIUM]","[PREMIUM]","[PREMIUM]","[PREMIUM]",false,false,"5ac68286f5c17b001430f6ff","['69d54302533694c159208759']","[PREMIUM]","[PREMIUM]"
"69027d5f17804eed101d587e","2026-04-08 00:04:28.784","2026-04-17 12:34:50.735","69027d5f17804eed101d587e","August Wilson's Joe Turner's Come and Gone","theater","2026-04-17 20:00:00","2026-04-18 00:00:00","2026-04-18 00:00:00",false,false,false,"[PREMIUM]","[PREMIUM]","[PREMIUM]","[PREMIUM]","[PREMIUM]","[PREMIUM]",false,false,"65678ff67d4032c04a4df223","['69d4181f24f8d4f84ffbc583']","[PREMIUM]","[PREMIUM]"
"69027d5ed0446d899aaad560","2026-04-08 00:04:28.784","2026-04-18 17:32:15.826","69027d5ed0446d899aaad560","August Wilson's Joe Turner's Come and Gone","theater","2026-04-18 14:00:00","2026-04-18 18:00:00","2026-04-18 18:00:00",false,false,false,"[PREMIUM]","[PREMIUM]","[PREMIUM]","[PREMIUM]","[PREMIUM]","[PREMIUM]",false,false,"65678ff67d4032c04a4df223","['69d4181f24f8d4f84ffbc583']","[PREMIUM]","[PREMIUM]"
"69d4fb4ec08daba9be066841","2026-04-08 00:04:21.258","2026-04-10 08:02:19.497","69d4fb4ec08daba9be066841","Ari Lennox","music","2026-04-16 20:00:00","2026-04-17 03:00:00","2026-04-17 04:30:00",false,false,false,"[PREMIUM]","[PREMIUM]","[PREMIUM]","[PREMIUM]","[PREMIUM]","[PREMIUM]",false,false,"56396411f80c415dff000001","['5ca3af006349ea00162d8bd5']","[PREMIUM]","[PREMIUM]"
"69d2536628fca67d004634f7","2026-04-08 00:04:21.258","2026-04-17 12:34:50.735","69d2536628fca67d004634f7","Calgary Hitmen at Medicine Hat Tigers (Round 2 - Home Game 3)","whl","2026-04-17 18:00:00","2026-04-18 00:00:00","2026-04-18 01:30:00",false,false,false,"[PREMIUM]","[PREMIUM]","[PREMIUM]","[PREMIUM]","[PREMIUM]","[PREMIUM]",false,false,"67f7e46a85a7f9bfdd114374","['5c880f9080878f0017c1e4a9','5c87fadebe1c6200143727e4']","[PREMIUM]","[PREMIUM]"
"69cf25f1c6be3566769907a8","2026-04-08 00:04:21.258","2026-04-17 12:34:50.735","69cf25f1c6be3566769907a8","Prince George Cougars at Penticton Vees (Round 2 - Home Game 3)","whl","2026-04-17 19:05:00","2026-04-18 02:05:00","2026-04-18 02:05:00",false,false,false,"[PREMIUM]","[PREMIUM]","[PREMIUM]","[PREMIUM]","[PREMIUM]","[PREMIUM]",false,false,"6500ea121d0cfc0001a115a7","['685c249f16a54a60c2224eed','5c880dd1211dff0016458a9b']","[PREMIUM]","[PREMIUM]"
"69ced0733616181134bc6aa9","2026-04-08 00:04:21.258","2026-04-17 12:34:50.735","69ced0733616181134bc6aa9","Kelowna Rockets at Everett Silvertips (Round 2 - Home Game 3)","whl","2026-04-17 19:05:00","2026-04-18 02:05:00","2026-04-18 03:35:00",false,false,false,"[PREMIUM]","[PREMIUM]","[PREMIUM]","[PREMIUM]","[PREMIUM]","[PREMIUM]",false,false,"5d79098011c5990037e852f5","['5c88144ecba4310013bec92a','5c880d455abe540016541e82']","[PREMIUM]","[PREMIUM]"
"69a2dc33c6f3a780da2c9d23","2026-04-08 00:04:21.258","2026-04-17 12:34:50.735","69a2dc33c6f3a780da2c9d23","H.R. of Bad Brains","music","2026-04-17 19:00:00","2026-04-17 23:00:00","2026-04-17 23:00:00",false,false,false,"[PREMIUM]","[PREMIUM]","[PREMIUM]","[PREMIUM]","[PREMIUM]","[PREMIUM]",false,false,"61fc68f20189970001fb2626","['69d57a02f02e06e64af0c7eb']","[PREMIUM]","[PREMIUM]"
"69a2714f4425c12bcde9b4d3","2026-04-08 00:04:21.258","2026-04-16 09:00:26.388","69a2714f4425c12bcde9b4d3","Hasan Raheem","music","2026-04-16 20:00:00","2026-04-17 03:00:00","2026-04-17 03:00:00",false,false,false,"[PREMIUM]","[PREMIUM]","[PREMIUM]","[PREMIUM]","[PREMIUM]","[PREMIUM]",false,false,"564cff89f80c410bf1000001","['69d556f601b756e3d5c46bd8']","[PREMIUM]","[PREMIUM]"
"695fe1c4f7abc44cdf8a5ac5","2026-04-08 00:04:21.258","2026-04-17 12:34:50.735","695fe1c4f7abc44cdf8a5ac5","NCAA Mens Gymnastics Championships - All Sessions (4/17 - 4/18)","gymnastics","2026-04-17 11:59:00","2026-04-17 16:59:00","2026-04-17 16:59:00",false,false,false,"[PREMIUM]","[PREMIUM]","[PREMIUM]","[PREMIUM]","[PREMIUM]","[PREMIUM]",false,false,"58210a23cde6626ebe48c18a","['65fcac82d7305b2b68e3cad0']","[PREMIUM]","[PREMIUM]"
"69164265719ae435dba12c08","2026-04-08 00:04:21.258","2026-04-17 12:34:50.735","69164265719ae435dba12c08","Every Brilliant Thing","theater","2026-04-17 19:00:00","2026-04-17 23:00:00","2026-04-17 23:00:00",false,false,false,"[PREMIUM]","[PREMIUM]","[PREMIUM]","[PREMIUM]","[PREMIUM]","[PREMIUM]",false,false,"5ac68286f5c17b001430f6ff","['69d54302533694c159208759']","[PREMIUM]","[PREMIUM]"
"691642604fac820e9139b8cf","2026-04-08 00:04:21.258","2026-04-16 09:00:26.388","691642604fac820e9139b8cf","Every Brilliant Thing","theater","2026-04-16 19:00:00","2026-04-16 23:00:00","2026-04-16 23:00:00",false,false,false,"[PREMIUM]","[PREMIUM]","[PREMIUM]","[PREMIUM]","[PREMIUM]","[PREMIUM]",false,false,"5ac68286f5c17b001430f6ff","['69d54302533694c159208759']","[PREMIUM]","[PREMIUM]"
"69027d5b17804eed101d587b","2026-04-08 00:04:21.258","2026-04-16 09:00:26.388","69027d5b17804eed101d587b","August Wilson's Joe Turner's Come and Gone","theater","2026-04-16 20:00:00","2026-04-17 00:00:00","2026-04-17 00:00:00",false,false,false,"[PREMIUM]","[PREMIUM]","[PREMIUM]","[PREMIUM]","[PREMIUM]","[PREMIUM]",true,false,"65678ff67d4032c04a4df223","['69d4181f24f8d4f84ffbc583']","[PREMIUM]","[PREMIUM]"
"69d54ea39d6e996420b9af78","2026-04-08 00:04:13.554","2026-04-15 04:37:24.115","69d54ea39d6e996420b9af78","Tiffany Day","music","2026-04-15 19:00:00","2026-04-16 00:00:00","2026-04-16 01:30:00",false,false,false,"[PREMIUM]","[PREMIUM]","[PREMIUM]","[PREMIUM]","[PREMIUM]","[PREMIUM]",false,true,"690e3ac7b0f5cc9071613bc7","['639a3943f8a66600016e7ac4']","[PREMIUM]","[PREMIUM]"
"69d4f7bb85b81a090e4588ba","2026-04-08 00:04:13.554","2026-04-14 00:42:20.734","69d4f7bb85b81a090e4588ba","Prince Albert Raiders at Saskatoon Blades (Round 2 - Home Game 1)","whl","2026-04-14 19:00:00","2026-04-15 00:00:00","2026-04-15 01:30:00",false,false,false,"[PREMIUM]","[PREMIUM]","[PREMIUM]","[PREMIUM]","[PREMIUM]","[PREMIUM]",false,false,"63b5f22f0adff300014581e1","['5c8813a611de500016b227a2','5c88118e01d5c20015d80f31']","[PREMIUM]","[PREMIUM]"
"69d4f7ba4477cb1beb319b71","2026-04-08 00:04:13.554","2026-04-15 04:37:24.115","69d4f7ba4477cb1beb319b71","Prince Albert Raiders at Saskatoon Blades (Round 2 - Home Game 2)","whl","2026-04-15 19:00:00","2026-04-16 00:00:00","2026-04-16 01:30:00",false,false,false,"[PREMIUM]","[PREMIUM]","[PREMIUM]","[PREMIUM]","[PREMIUM]","[PREMIUM]",true,false,"63b5f22f0adff300014581e1","['5c8813a611de500016b227a2','5c88118e01d5c20015d80f31']","[PREMIUM]","[PREMIUM]"
"69d3a854e52e281abfce920f","2026-04-08 00:04:13.554","2026-04-15 04:37:24.115","69d3a854e52e281abfce920f","Penticton Vees at Prince George Cougars (Round 2 - Home Game 2)","whl","2026-04-15 19:00:00","2026-04-16 02:00:00","2026-04-16 03:30:00",false,false,false,"[PREMIUM]","[PREMIUM]","[PREMIUM]","[PREMIUM]","[PREMIUM]","[PREMIUM]",false,true,"6931c706290db21a4cab95fa","['5c880dd1211dff0016458a9b','685c249f16a54a60c2224eed']","[PREMIUM]","[PREMIUM]"
"69cfb0e6cd3363ef99f52884","2026-04-08 00:04:13.554","2026-04-15 04:37:24.115","69cfb0e6cd3363ef99f52884","Medicine Hat Tigers at Calgary Hitmen (Round 2 - Home Game 2)","whl","2026-04-15 19:00:00","2026-04-16 01:00:00","2026-04-16 02:30:00",false,false,false,"[PREMIUM]","[PREMIUM]","[PREMIUM]","[PREMIUM]","[PREMIUM]","[PREMIUM]",true,false,"545afc643bf3763fb9000001","['5c87fadebe1c6200143727e4','5c880f9080878f0017c1e4a9']","[PREMIUM]","[PREMIUM]"
"69c1d9d848ddf1e22142d4dc","2026-04-08 00:04:13.554","2026-04-14 00:42:20.734","69c1d9d848ddf1e22142d4dc","Everett Silvertips at Kelowna Rockets (Round 2 - Home Game 1)","whl","2026-04-14 19:05:00","2026-04-15 01:05:00","2026-04-15 02:35:00",false,false,false,"[PREMIUM]","[PREMIUM]","[PREMIUM]","[PREMIUM]","[PREMIUM]","[PREMIUM]",true,false,"65679132d2bf4cae618c6db8","['5c880d455abe540016541e82','5c88144ecba4310013bec92a']","[PREMIUM]","[PREMIUM]"
"6977ea081916c25aaff5a185","2026-04-08 00:04:13.554","2026-04-14 00:42:20.734","6977ea081916c25aaff5a185","Hasan Raheem","music","2026-04-14 19:00:00","2026-04-15 02:00:00","2026-04-15 02:00:00",false,false,false,"[PREMIUM]","[PREMIUM]","[PREMIUM]","[PREMIUM]","[PREMIUM]","[PREMIUM]",false,false,"57e2f27c50575d33c8a48f4c","['69d556f601b756e3d5c46bd8']","[PREMIUM]","[PREMIUM]"
"6917913c48a7120aa5a2bbc1","2026-04-08 00:04:13.554","2026-04-15 04:37:24.115","6917913c48a7120aa5a2bbc1","Every Brilliant Thing","theater","2026-04-15 14:00:00","2026-04-15 18:00:00","2026-04-15 18:00:00",false,false,false,"[PREMIUM]","[PREMIUM]","[PREMIUM]","[PREMIUM]","[PREMIUM]","[PREMIUM]",true,false,"5ac68286f5c17b001430f6ff","['69d54302533694c159208759']","[PREMIUM]","[PREMIUM]"
"6917913ab29eebfb126d52cb","2026-04-08 00:04:13.554","2026-04-15 04:37:24.115","6917913ab29eebfb126d52cb","Every Brilliant Thing","theater","2026-04-15 19:00:00","2026-04-15 23:00:00","2026-04-15 23:00:00",false,false,false,"[PREMIUM]","[PREMIUM]","[PREMIUM]","[PREMIUM]","[PREMIUM]","[PREMIUM]",false,false,"5ac68286f5c17b001430f6ff","['69d54302533694c159208759']","[PREMIUM]","[PREMIUM]"
"6916426b224e4afbbbaecb0b","2026-04-08 00:04:13.554","2026-04-14 00:42:20.734","6916426b224e4afbbbaecb0b","Every Brilliant Thing","theater","2026-04-14 19:00:00","2026-04-14 23:00:00","2026-04-14 23:00:00",false,false,false,"[PREMIUM]","[PREMIUM]","[PREMIUM]","[PREMIUM]","[PREMIUM]","[PREMIUM]",true,false,"5ac68286f5c17b001430f6ff","['69d54302533694c159208759']","[PREMIUM]","[PREMIUM]"
"69027d5e55a11df39db30325","2026-04-08 00:04:13.554","2026-04-15 04:37:24.115","69027d5e55a11df39db30325","August Wilson's Joe Turner's Come and Gone","theater","2026-04-15 14:00:00","2026-04-15 18:00:00","2026-04-15 18:00:00",false,false,false,"[PREMIUM]","[PREMIUM]","[PREMIUM]","[PREMIUM]","[PREMIUM]","[PREMIUM]",false,false,"65678ff67d4032c04a4df223","['69d4181f24f8d4f84ffbc583']","[PREMIUM]","[PREMIUM]"
"69027d59cd7b6057b6cd5fff","2026-04-08 00:04:13.554","2026-04-15 04:37:24.115","69027d59cd7b6057b6cd5fff","August Wilson's Joe Turner's Come and Gone","theater","2026-04-15 20:00:00","2026-04-16 00:00:00","2026-04-16 00:00:00",false,false,false,"[PREMIUM]","[PREMIUM]","[PREMIUM]","[PREMIUM]","[PREMIUM]","[PREMIUM]",true,false,"65678ff67d4032c04a4df223","['69d4181f24f8d4f84ffbc583']","[PREMIUM]","[PREMIUM]"
"69027d572ddd9228e8c84df7","2026-04-08 00:04:13.554","2026-04-14 00:42:20.734","69027d572ddd9228e8c84df7","August Wilson's Joe Turner's Come and Gone","theater","2026-04-14 20:00:00","2026-04-15 00:00:00","2026-04-15 00:00:00",false,false,false,"[PREMIUM]","[PREMIUM]","[PREMIUM]","[PREMIUM]","[PREMIUM]","[PREMIUM]",false,false,"65678ff67d4032c04a4df223","['69d4181f24f8d4f84ffbc583']","[PREMIUM]","[PREMIUM]"
"69d5514db5e48aa3ffad1b11","2026-04-08 00:04:04.743","2026-04-12 18:10:12.956","69d5514db5e48aa3ffad1b11","Cameron Esposito","comedy","2026-04-12 21:30:00","2026-04-13 04:30:00","2026-04-13 06:00:00",false,false,false,"[PREMIUM]","[PREMIUM]","[PREMIUM]","[PREMIUM]","[PREMIUM]","[PREMIUM]",false,true,"62bf3aa7875de600012028da","['63bdea33cc8b6b0001ee4ba7']","[PREMIUM]","[PREMIUM]"
"69d5514d533694c159208e9a","2026-04-08 00:04:04.743","2026-04-12 18:10:12.956","69d5514d533694c159208e9a","Cameron Esposito","comedy","2026-04-12 19:00:00","2026-04-13 02:00:00","2026-04-13 03:30:00",false,false,false,"[PREMIUM]","[PREMIUM]","[PREMIUM]","[PREMIUM]","[PREMIUM]","[PREMIUM]",false,true,"62bf3aa7875de600012028da","['63bdea33cc8b6b0001ee4ba7']","[PREMIUM]","[PREMIUM]"
"69cfb0e644285c2b7bf2baf2","2026-04-08 00:04:04.743","2026-04-14 00:42:20.734","69cfb0e644285c2b7bf2baf2","Medicine Hat Tigers at Calgary Hitmen (Round 2 - Home Game 1)","whl","2026-04-13 19:00:00","2026-04-14 01:00:00","2026-04-14 02:30:00",false,false,false,"[PREMIUM]","[PREMIUM]","[PREMIUM]","[PREMIUM]","[PREMIUM]","[PREMIUM]",true,false,"545afc643bf3763fb9000001","['5c87fadebe1c6200143727e4','5c880f9080878f0017c1e4a9']","[PREMIUM]","[PREMIUM]"
"699e98cb5579e340a5161c9e","2026-04-08 00:04:04.743","2026-04-12 18:10:12.956","699e98cb5579e340a5161c9e","Shankar Ehsaan Loy","music","2026-04-12 19:00:00","2026-04-13 00:00:00","2026-04-13 00:00:00",false,false,false,"[PREMIUM]","[PREMIUM]","[PREMIUM]","[PREMIUM]","[PREMIUM]","[PREMIUM]",true,false,"5aa94f2a03ee5300130a56c3","['69d55376f02e06e64af0b463']","[PREMIUM]","[PREMIUM]"
"6931f6165c52bbb3188ad018","2026-04-08 00:04:04.743","2026-04-12 18:10:12.956","6931f6165c52bbb3188ad018","Joe Turner's Come and Gone","theater","2026-04-13 20:00:00","2026-04-14 00:00:00","2026-04-14 00:00:00",false,false,false,"[PREMIUM]","[PREMIUM]","[PREMIUM]","[PREMIUM]","[PREMIUM]","[PREMIUM]",true,false,"65678ff67d4032c04a4df223","['69d4181f24f8d4f84ffbc583']","[PREMIUM]","[PREMIUM]"
"692f4e596e55209107181fb2","2026-04-08 00:04:04.743","2026-04-12 18:10:12.956","692f4e596e55209107181fb2","Winyah","music","2026-04-12 20:00:00","2026-04-13 02:00:00","2026-04-13 02:00:00",false,false,false,"[PREMIUM]","[PREMIUM]","[PREMIUM]","[PREMIUM]","[PREMIUM]","[PREMIUM]",false,false,"598ce7de9da0d48c0db7238d","['69d542bb46045f67dc4b36b0']","[PREMIUM]","[PREMIUM]"
"6917913c363f13e39cc2bcd0","2026-04-08 00:04:04.743","2026-04-12 18:10:12.956","6917913c363f13e39cc2bcd0","Every Brilliant Thing","theater","2026-04-12 15:00:00","2026-04-12 19:00:00","2026-04-12 19:00:00",false,false,false,"[PREMIUM]","[PREMIUM]","[PREMIUM]","[PREMIUM]","[PREMIUM]","[PREMIUM]",false,false,"5ac68286f5c17b001430f6ff","['69d54302533694c159208759']","[PREMIUM]","[PREMIUM]"
"690a9b295a044d2c2bb05bec","2026-04-08 00:04:04.743","2026-04-14 00:42:20.734","690a9b295a044d2c2bb05bec","Winyah (Moved from Uptown Theater Kansas City)","music","2026-04-14 19:00:00","2026-04-15 00:00:00","2026-04-15 00:00:00",false,false,false,"[PREMIUM]","[PREMIUM]","[PREMIUM]","[PREMIUM]","[PREMIUM]","[PREMIUM]",false,false,"57d325c550575d33c85ae9b4","['69d542bb46045f67dc4b36b0']","[PREMIUM]","[PREMIUM]"
"69d48806c8aa3431a46982d7","2026-04-08 00:03:57.831","2026-04-11 12:24:11.955","69d48806c8aa3431a46982d7","Birmingham Bulls at Roanoke Rail Yard Dawgs (Round 1 - Home Game 2)","echl","2026-04-11 19:05:00","2026-04-11 23:05:00","2026-04-11 23:05:00",false,false,false,"[PREMIUM]","[PREMIUM]","[PREMIUM]","[PREMIUM]","[PREMIUM]","[PREMIUM]",false,false,"5e8258bbbbdb520001f2719a","['64ee7a33a1fc2d0001335da0','64e4d99a767cc9000180e084']","[PREMIUM]","[PREMIUM]"
"69d486a0fab6d2f890063a52","2026-04-08 00:03:57.831","2026-04-11 12:24:11.955","69d486a0fab6d2f890063a52","San Francisco Symphony - Bach's Easter Oratorio","music","2026-04-11 19:30:00","2026-04-12 02:30:00","2026-04-12 02:30:00",false,false,false,"[PREMIUM]","[PREMIUM]","[PREMIUM]","[PREMIUM]","[PREMIUM]","[PREMIUM]",false,false,"58b8c1c4cde6626ebe09ace0","['6542a73bdc596fb3d3535aad']","[PREMIUM]","[PREMIUM]"
"69d452803dcc5b72b14d22bd","2026-04-08 00:03:57.831","2026-04-12 18:10:12.956","69d452803dcc5b72b14d22bd","Rice Owls at UNC Charlotte 49ers Baseball","cbs","2026-04-12 13:00:00","2026-04-12 17:00:00","2026-04-12 18:30:00",false,false,false,"[PREMIUM]","[PREMIUM]","[PREMIUM]","[PREMIUM]","[PREMIUM]","[PREMIUM]",false,false,"67ec3e274df3f71f03b8bcc0","['5a4bc9e125f2c576aee7eeac']","[PREMIUM]","[PREMIUM]"
"69d3f8a250410319c7673b39","2026-04-08 00:03:57.831","2026-04-12 18:10:12.956","69d3f8a250410319c7673b39","Ying Yang Twins","music","2026-04-12 11:00:00","2026-04-12 18:00:00","2026-04-12 19:30:00",false,false,false,"[PREMIUM]","[PREMIUM]","[PREMIUM]","[PREMIUM]","[PREMIUM]","[PREMIUM]",false,false,"65ab189c0a38821a8a848f2d","['61c37d3eed963100010245a3']","[PREMIUM]","[PREMIUM]"
"69d25367c8aa3431a468a763","2026-04-08 00:03:57.831","2026-04-11 12:24:11.955","69d25367c8aa3431a468a763","Calgary Hitmen at Medicine Hat Tigers (Round 2 - Home Game 2)","whl","2026-04-11 19:00:00","2026-04-12 01:00:00","2026-04-12 02:30:00",false,false,false,"[PREMIUM]","[PREMIUM]","[PREMIUM]","[PREMIUM]","[PREMIUM]","[PREMIUM]",false,false,"67f7e46a85a7f9bfdd114374","['5c880f9080878f0017c1e4a9','5c87fadebe1c6200143727e4']","[PREMIUM]","[PREMIUM]"
"69d106f9b5e48aa3ffab8a0d","2026-04-08 00:03:57.831","2026-04-11 12:24:11.955","69d106f9b5e48aa3ffab8a0d","Saskatoon Blades at Prince Albert Raiders (Round 2 - Home Game 2)","whl","2026-04-11 19:00:00","2026-04-12 00:00:00","2026-04-12 01:30:00",false,false,false,"[PREMIUM]","[PREMIUM]","[PREMIUM]","[PREMIUM]","[PREMIUM]","[PREMIUM]",false,true,"69d5587f519b3502fd38b4a5","['5c88118e01d5c20015d80f31','5c8813a611de500016b227a2']","[PREMIUM]","[PREMIUM]"
"69cf25f148386004933a27a7","2026-04-08 00:03:57.831","2026-04-11 12:24:11.955","69cf25f148386004933a27a7","Prince George Cougars at Penticton Vees (Round 2 - Home Game 2)","whl","2026-04-11 19:05:00","2026-04-12 02:05:00","2026-04-12 02:05:00",false,false,false,"[PREMIUM]","[PREMIUM]","[PREMIUM]","[PREMIUM]","[PREMIUM]","[PREMIUM]",false,false,"6500ea121d0cfc0001a115a7","['685c249f16a54a60c2224eed','5c880dd1211dff0016458a9b']","[PREMIUM]","[PREMIUM]"
"696fcc6c2df3bd04d4a5c66c","2026-04-08 00:03:57.831","2026-04-11 12:24:29.293","696fcc6c2df3bd04d4a5c66c","Shankar Ehsaan Loy","music","2026-04-11 20:00:00","2026-04-12 01:00:00","2026-04-12 01:00:00",false,false,false,"[PREMIUM]","[PREMIUM]","[PREMIUM]","[PREMIUM]","[PREMIUM]","[PREMIUM]",false,false,"5ae8c820fa2d9500137e045a","['69d55376f02e06e64af0b463']","[PREMIUM]","[PREMIUM]"
"6939bfb3738ec4b1221f55d1","2026-04-08 00:03:57.831","2026-04-11 12:24:29.293","6939bfb3738ec4b1221f55d1","Lil Texas (18+ Event)","music","2026-04-11 22:00:00","2026-04-12 03:00:00","2026-04-12 03:00:00",false,false,false,"[PREMIUM]","[PREMIUM]","[PREMIUM]","[PREMIUM]","[PREMIUM]","[PREMIUM]",false,true,"689cfba1c7bd4dd9e00b05de","['69d416cccaff9f04a1f28b9d']","[PREMIUM]","[PREMIUM]"
"69189111ea4297b87746c1b6","2026-04-08 00:03:57.831","2026-04-11 12:24:11.955","69189111ea4297b87746c1b6","Music of Randy Travis","music","2026-04-11 19:30:00","2026-04-11 23:30:00","2026-04-11 23:30:00",false,false,false,"[PREMIUM]","[PREMIUM]","[PREMIUM]","[PREMIUM]","[PREMIUM]","[PREMIUM]",false,true,"69d00b35b6cb53c13591a159","['664cc3be504c2dcc8f148091']","[PREMIUM]","[PREMIUM]"
"6917913df9af1fc119f52bac","2026-04-08 00:03:57.831","2026-04-11 12:24:29.293","6917913df9af1fc119f52bac","Every Brilliant Thing","theater","2026-04-11 20:30:00","2026-04-12 00:30:00","2026-04-12 00:30:00",false,false,false,"[PREMIUM]","[PREMIUM]","[PREMIUM]","[PREMIUM]","[PREMIUM]","[PREMIUM]",false,false,"5ac68286f5c17b001430f6ff","['69d54302533694c159208759']","[PREMIUM]","[PREMIUM]"
"690bd5d7b6cecbaaa3f8a9ff","2026-04-08 00:03:57.831","2026-04-11 12:24:11.955","690bd5d7b6cecbaaa3f8a9ff","Winyah (16+ Event)","music","2026-04-11 20:00:00","2026-04-12 02:00:00","2026-04-12 02:00:00",false,false,false,"[PREMIUM]","[PREMIUM]","[PREMIUM]","[PREMIUM]","[PREMIUM]","[PREMIUM]",false,false,"57e2fbc650575d33c8a4df07","['69d542bb46045f67dc4b36b0']","[PREMIUM]","[PREMIUM]"
"6902651e6aa5529274ca4a86","2026-04-08 00:03:57.831","2026-04-11 12:24:11.955","6902651e6aa5529274ca4a86","August Wilson's Joe Turner's Come and Gone","theater","2026-04-11 20:00:00","2026-04-12 00:00:00","2026-04-12 00:00:00",false,false,false,"[PREMIUM]","[PREMIUM]","[PREMIUM]","[PREMIUM]","[PREMIUM]","[PREMIUM]",false,false,"65678ff67d4032c04a4df223","['69d4181f24f8d4f84ffbc583']","[PREMIUM]","[PREMIUM]"
"69026429168028b213376f71","2026-04-08 00:03:57.831","2026-04-09 03:53:46.105","69026429168028b213376f71","Joe Turner's Come and Gone","theater","2026-04-11 20:00:00","2026-04-12 00:00:00","2026-04-12 00:00:00",false,false,false,"[PREMIUM]","[PREMIUM]","[PREMIUM]","[PREMIUM]","[PREMIUM]","[PREMIUM]",false,false,"65678ff67d4032c04a4df223","['69d4181f24f8d4f84ffbc583']","[PREMIUM]","[PREMIUM]"
"69d44ccfca55d8f46c1c3611","2026-04-08 00:03:50.891","2026-04-10 08:01:33.050","69d44ccfca55d8f46c1c3611","Huntsville Havoc at Knoxville Ice Bears","echl","2026-04-10 19:30:00","2026-04-10 23:30:00","2026-04-10 23:30:00",false,false,false,"[PREMIUM]","[PREMIUM]","[PREMIUM]","[PREMIUM]","[PREMIUM]","[PREMIUM]",true,false,"59e8f35cf4fa7a000e2f9abb","['64e4dd39c99f310001bf2b38','64e4dbd2f2d3660001ba884a']","[PREMIUM]","[PREMIUM]"
"6917913a705b10036dff2c43","2026-04-08 00:03:50.891","2026-04-11 12:24:11.955","6917913a705b10036dff2c43","Every Brilliant Thing","theater","2026-04-11 17:00:00","2026-04-11 21:00:00","2026-04-11 21:00:00",false,false,false,"[PREMIUM]","[PREMIUM]","[PREMIUM]","[PREMIUM]","[PREMIUM]","[PREMIUM]",false,false,"5ac68286f5c17b001430f6ff","['69d54302533694c159208759']","[PREMIUM]","[PREMIUM]"
"69027d5e558539a921fb89a2","2026-04-08 00:03:50.891","2026-04-10 08:01:33.050","69027d5e558539a921fb89a2","August Wilson's Joe Turner's Come and Gone","theater","2026-04-10 20:00:00","2026-04-11 00:00:00","2026-04-11 00:00:00",false,false,false,"[PREMIUM]","[PREMIUM]","[PREMIUM]","[PREMIUM]","[PREMIUM]","[PREMIUM]",false,false,"65678ff67d4032c04a4df223","['69d4181f24f8d4f84ffbc583']","[PREMIUM]","[PREMIUM]"
"6902651e6392903846bd9115","2026-04-08 00:03:50.891","2026-04-11 12:24:11.955","6902651e6392903846bd9115","August Wilson's Joe Turner's Come and Gone","theater","2026-04-11 14:00:00","2026-04-11 18:00:00","2026-04-11 18:00:00",false,false,false,"[PREMIUM]","[PREMIUM]","[PREMIUM]","[PREMIUM]","[PREMIUM]","[PREMIUM]",false,false,"65678ff67d4032c04a4df223","['69d4181f24f8d4f84ffbc583']","[PREMIUM]","[PREMIUM]"
"6902642920507a34b7cdd7c8","2026-04-08 00:03:50.891","2026-04-09 03:53:30.317","6902642920507a34b7cdd7c8","Joe Turner's Come and Gone","theater","2026-04-11 14:00:00","2026-04-11 18:00:00","2026-04-11 18:00:00",false,false,false,"[PREMIUM]","[PREMIUM]","[PREMIUM]","[PREMIUM]","[PREMIUM]","[PREMIUM]",false,false,"65678ff67d4032c04a4df223","['69d4181f24f8d4f84ffbc583']","[PREMIUM]","[PREMIUM]"
"69d4fb64c27d1f8714073a2b","2026-04-08 00:03:43.597","2026-04-08 00:03:43.597","69d4fb64c27d1f8714073a2b","Greensboro Swarm at Stockton Kings (G League Finals - Home Game 2)","nbagl","2026-04-10 19:00:00","2026-04-11 02:00:00","2026-04-11 03:30:00",false,false,false,"[PREMIUM]","[PREMIUM]","[PREMIUM]","[PREMIUM]","[PREMIUM]","[PREMIUM]",false,false,"62ffd54cc643860001a6469f","['5df009fd1052bb0037e361c8','5df03d120bbda9003520fedb']","[PREMIUM]","[PREMIUM]"
"69d3a854caff9f04a1f24329","2026-04-08 00:03:43.597","2026-04-14 00:42:20.734","69d3a854caff9f04a1f24329","Penticton Vees at Prince George Cougars (Round 2 - Home Game 1)","whl","2026-04-14 19:00:00","2026-04-15 02:00:00","2026-04-15 03:30:00",false,false,false,"[PREMIUM]","[PREMIUM]","[PREMIUM]","[PREMIUM]","[PREMIUM]","[PREMIUM]",false,true,"6931c706290db21a4cab95fa","['5c880dd1211dff0016458a9b','685c249f16a54a60c2224eed']","[PREMIUM]","[PREMIUM]"
"69d253671f49cf2eaa794355","2026-04-08 00:03:43.597","2026-04-10 08:01:33.050","69d253671f49cf2eaa794355","Calgary Hitmen at Medicine Hat Tigers (Round 2 - Home Game 1)","whl","2026-04-10 19:00:00","2026-04-11 01:00:00","2026-04-11 02:30:00",false,false,false,"[PREMIUM]","[PREMIUM]","[PREMIUM]","[PREMIUM]","[PREMIUM]","[PREMIUM]",false,false,"67f7e46a85a7f9bfdd114374","['5c880f9080878f0017c1e4a9','5c87fadebe1c6200143727e4']","[PREMIUM]","[PREMIUM]"
"69d1068701b756e3d5c2cd21","2026-04-08 00:03:43.597","2026-04-10 08:01:33.050","69d1068701b756e3d5c2cd21","Saskatoon Blades at Prince Albert Raiders (Round 2 - Home Game 1)","whl","2026-04-10 19:00:00","2026-04-11 00:00:00","2026-04-11 01:30:00",false,false,false,"[PREMIUM]","[PREMIUM]","[PREMIUM]","[PREMIUM]","[PREMIUM]","[PREMIUM]",false,true,"69d5587f519b3502fd38b4a5","['5c88118e01d5c20015d80f31','5c8813a611de500016b227a2']","[PREMIUM]","[PREMIUM]"
"69cf25f0e1b4dc371c925f87","2026-04-08 00:03:43.597","2026-04-10 08:01:33.050","69cf25f0e1b4dc371c925f87","Prince George Cougars at Penticton Vees (Round 2 - Home Game 1)","whl","2026-04-10 19:05:00","2026-04-11 02:05:00","2026-04-11 02:05:00",false,false,false,"[PREMIUM]","[PREMIUM]","[PREMIUM]","[PREMIUM]","[PREMIUM]","[PREMIUM]",false,false,"6500ea121d0cfc0001a115a7","['685c249f16a54a60c2224eed','5c880dd1211dff0016458a9b']","[PREMIUM]","[PREMIUM]"
"69ce5ea799551424b78e0489","2026-04-08 00:03:43.597","2026-04-10 08:01:33.050","69ce5ea799551424b78e0489","Kelowna Rockets at Everett Silvertips (Round 2 - Home Game 1)","whl","2026-04-10 19:00:00","2026-04-11 02:00:00","2026-04-11 03:30:00",false,false,false,"[PREMIUM]","[PREMIUM]","[PREMIUM]","[PREMIUM]","[PREMIUM]","[PREMIUM]",true,false,"5d79098011c5990037e852f5","['5c88144ecba4310013bec92a','5c880d455abe540016541e82']","[PREMIUM]","[PREMIUM]"
"6944b8174512f0ebc2f67ab4","2026-04-08 00:03:43.597","2026-04-10 08:01:33.050","6944b8174512f0ebc2f67ab4","Apres at the Amp - Friday (Tiesto, Bunt, Aspens, Calvin Campbell)","music","2026-04-10 17:30:00","2026-04-10 23:30:00","2026-04-10 23:30:00",false,false,false,"[PREMIUM]","[PREMIUM]","[PREMIUM]","[PREMIUM]","[PREMIUM]","[PREMIUM]",false,false,"6669deef9f71b6f19696c213","['69d54accb5e48aa3ffad17fd','61ae6634f365c0000110356c']","[PREMIUM]","[PREMIUM]"
"6939bcd5754dd3549b56bff9","2026-04-08 00:03:43.597","2026-04-09 03:53:21.902","6939bcd5754dd3549b56bff9","Lil Texas (18+ Event)","music","2026-04-09 21:00:00","2026-04-10 02:00:00","2026-04-10 02:00:00",false,false,false,"[PREMIUM]","[PREMIUM]","[PREMIUM]","[PREMIUM]","[PREMIUM]","[PREMIUM]",false,false,"670068746067a138a66cee64","['69d416cccaff9f04a1f28b9d']","[PREMIUM]","[PREMIUM]"
"69164261043b82248d27a41e","2026-04-08 00:03:43.597","2026-04-10 08:01:33.050","69164261043b82248d27a41e","Every Brilliant Thing","theater","2026-04-10 19:00:00","2026-04-10 23:00:00","2026-04-10 23:00:00",false,false,false,"[PREMIUM]","[PREMIUM]","[PREMIUM]","[PREMIUM]","[PREMIUM]","[PREMIUM]",true,false,"5ac68286f5c17b001430f6ff","['69d54302533694c159208759']","[PREMIUM]","[PREMIUM]"
"691642592cb2224f65acf9ab","2026-04-08 00:03:43.597","2026-04-09 03:53:21.902","691642592cb2224f65acf9ab","Every Brilliant Thing","theater","2026-04-09 19:00:00","2026-04-09 23:00:00","2026-04-09 23:00:00",false,false,false,"[PREMIUM]","[PREMIUM]","[PREMIUM]","[PREMIUM]","[PREMIUM]","[PREMIUM]",false,false,"5ac68286f5c17b001430f6ff","['69d54302533694c159208759']","[PREMIUM]","[PREMIUM]"
"690abd4040dba8dcb1050154","2026-04-08 00:03:43.597","2026-04-10 08:01:33.050","690abd4040dba8dcb1050154","Winyah","music","2026-04-10 19:00:00","2026-04-11 01:00:00","2026-04-11 01:00:00",false,false,false,"[PREMIUM]","[PREMIUM]","[PREMIUM]","[PREMIUM]","[PREMIUM]","[PREMIUM]",false,false,"5a20531c1a3204000fbdd8e4","['69d542bb46045f67dc4b36b0']","[PREMIUM]","[PREMIUM]"
"69027d5fd1f7f8697733d6c2","2026-04-08 00:03:43.597","2026-04-09 03:53:21.902","69027d5fd1f7f8697733d6c2","August Wilson's Joe Turner's Come and Gone","theater","2026-04-09 20:00:00","2026-04-10 01:00:00","2026-04-10 01:00:00",false,false,false,"[PREMIUM]","[PREMIUM]","[PREMIUM]","[PREMIUM]","[PREMIUM]","[PREMIUM]",false,false,"64af125bad32db00018b0da5","['69d4181f24f8d4f84ffbc583']","[PREMIUM]","[PREMIUM]"
"69d4313686013183eab7218f","2026-04-08 00:03:35.589","2026-04-08 00:03:35.589","69d4313686013183eab7218f","Fleshwater","music","2026-04-08 20:00:00","2026-04-09 03:00:00","2026-04-09 03:00:00",false,false,false,"[PREMIUM]","[PREMIUM]","[PREMIUM]","[PREMIUM]","[PREMIUM]","[PREMIUM]",false,false,"634db8d576f0420001dc7c93","['662a840b128112debecd7b51']","[PREMIUM]","[PREMIUM]"
"69cf2a993674a0809e929f0e","2026-04-08 00:03:35.589","2026-04-08 00:03:35.589","69cf2a993674a0809e929f0e","Pensacola Ice Flyers at Evansville Thunderbolts (Round 1 - Home Game 1)","echl","2026-04-08 18:00:00","2026-04-08 23:00:00","2026-04-08 23:00:00",false,false,false,"[PREMIUM]","[PREMIUM]","[PREMIUM]","[PREMIUM]","[PREMIUM]","[PREMIUM]",true,false,"581ccaaacde6626ebe3b2060","['64ecbbc38857110001656ea8','64ee7a9c05f850000164d678']","[PREMIUM]","[PREMIUM]"
"6917913c81aa14a0ba1fd89d","2026-04-08 00:03:35.589","2026-04-08 00:03:35.589","6917913c81aa14a0ba1fd89d","Every Brilliant Thing","theater","2026-04-08 19:00:00","2026-04-08 23:00:00","2026-04-08 23:00:00",false,false,false,"[PREMIUM]","[PREMIUM]","[PREMIUM]","[PREMIUM]","[PREMIUM]","[PREMIUM]",false,false,"5ac68286f5c17b001430f6ff","['69d54302533694c159208759']","[PREMIUM]","[PREMIUM]"
"69179139d8a2f2949e48bf73","2026-04-08 00:03:35.589","2026-04-08 00:03:35.589","69179139d8a2f2949e48bf73","Every Brilliant Thing","theater","2026-04-08 14:00:00","2026-04-08 18:00:00","2026-04-08 18:00:00",false,false,false,"[PREMIUM]","[PREMIUM]","[PREMIUM]","[PREMIUM]","[PREMIUM]","[PREMIUM]",false,false,"5ac68286f5c17b001430f6ff","['69d54302533694c159208759']","[PREMIUM]","[PREMIUM]"
"69027d5f5a044d2c2baedbb8","2026-04-08 00:03:35.589","2026-04-08 00:03:35.589","69027d5f5a044d2c2baedbb8","August Wilson's Joe Turner's Come and Gone","theater","2026-04-08 14:00:00","2026-04-08 19:00:00","2026-04-08 19:00:00",false,false,false,"[PREMIUM]","[PREMIUM]","[PREMIUM]","[PREMIUM]","[PREMIUM]","[PREMIUM]",false,false,"64af125bad32db00018b0da5","['69d4181f24f8d4f84ffbc583']","[PREMIUM]","[PREMIUM]"
"69027d5a24426e01192a2ebd","2026-04-08 00:03:35.589","2026-04-08 00:03:35.589","69027d5a24426e01192a2ebd","August Wilson's Joe Turner's Come and Gone","theater","2026-04-08 20:00:00","2026-04-09 01:00:00","2026-04-09 01:00:00",false,false,false,"[PREMIUM]","[PREMIUM]","[PREMIUM]","[PREMIUM]","[PREMIUM]","[PREMIUM]",false,false,"64af125bad32db00018b0da5","['69d4181f24f8d4f84ffbc583']","[PREMIUM]","[PREMIUM]"
