"_primaryKey","_firstSeenAt","_lastSeenAt","eventId","name","category","datetimeLocal","datetimeUtc","salesCutOff","tbd","timeTbd","dateTbd","minPriceTotal","minPricePrefee","maxPriceTotal","maxPricePrefee","zoneDealPriceTotal","flashDealPriceTotal","hasExclusives","mapless","venueId","performerIds","popularityScore","trendingScore"
"69817e23e41b9f35935103cf","2026-02-04 01:17:58.173","2026-03-03 12:22:12.325","69817e23e41b9f35935103cf","Alesso","music","2026-04-25 19:00:00","2026-04-26 01:00:00","2026-04-26 02:00:00",false,false,false,"[PREMIUM]","[PREMIUM]","[PREMIUM]","[PREMIUM]","[PREMIUM]","[PREMIUM]",false,false,"56038372f80c41109a000001","['577442a7f80c4131c8897f6e']","[PREMIUM]","[PREMIUM]"
"69817d0d34e985baa1e2432e","2026-02-04 01:17:58.173","2026-03-03 12:22:19.560","69817d0d34e985baa1e2432e","Shayfer James","music","2026-04-26 20:00:00","2026-04-27 03:00:00","2026-04-27 04:30:00",false,false,false,"[PREMIUM]","[PREMIUM]","[PREMIUM]","[PREMIUM]","[PREMIUM]","[PREMIUM]",false,true,"5a4534eaf7346000132383d5","['63d15ecbcccfe50001e7d684']","[PREMIUM]","[PREMIUM]"
"697bc705598607e27a0bfbfd","2026-02-04 01:17:58.173","2026-03-03 12:22:19.560","697bc705598607e27a0bfbfd","CONCACAF Champions Cup Semifinals - TBD at Los Angeles FC (Date TBD) (4/28 - 5/7) (If Necessary)","mls","2026-04-28 00:00:00","2026-04-28 07:00:00","2026-04-28 07:45:00",true,true,true,"[PREMIUM]","[PREMIUM]","[PREMIUM]","[PREMIUM]","[PREMIUM]","[PREMIUM]",false,false,"5a4fc684f440de00136a0def","['5a4fbec425f2c57287343140','5a99e2126311820014498a01','6377cb5dea16fc0001d294d4']","[PREMIUM]","[PREMIUM]"
"697b1dd5a796a97fab9fc19a","2026-02-04 01:17:58.173","2026-03-03 12:22:19.560","697b1dd5a796a97fab9fc19a","CONCACAF Champions Cup Semifinals - TBD at Philadelphia Union (Date TBD) (4/28 - 5/7) (If Necessary)","mls","2026-04-28 00:00:00","2026-04-28 04:00:00","2026-04-28 04:45:00",true,true,true,"[PREMIUM]","[PREMIUM]","[PREMIUM]","[PREMIUM]","[PREMIUM]","[PREMIUM]",false,false,"53acb8a13bf3760237000002","['53acb8ac3bf3760237000011','5a99e2126311820014498a01','6377cb5dea16fc0001d294d4']","[PREMIUM]","[PREMIUM]"
"697b1d1606a22f60b64deefd","2026-02-04 01:17:58.173","2026-03-03 12:22:19.560","697b1d1606a22f60b64deefd","CONCACAF Champions Cup Semifinal - TBD at Nashville SC (Date TBD) (4/28 - 5/7) (If Necessary)","mls","2026-04-28 00:00:00","2026-04-28 05:00:00","2026-04-28 05:45:00",true,true,true,"[PREMIUM]","[PREMIUM]","[PREMIUM]","[PREMIUM]","[PREMIUM]","[PREMIUM]",false,false,"620e9a2adbd46a0001e7d105","['5aa95bac859ef10013a98758','5a99e2126311820014498a01','6377cb5dea16fc0001d294d4']","[PREMIUM]","[PREMIUM]"
"697b1bf8db36a58d6b90b34a","2026-02-04 01:17:58.173","2026-03-03 12:22:19.560","697b1bf8db36a58d6b90b34a","CONCACAF Champions Cup Semifinal - TBD at San Diego FC (Date TBD) (4/28 - 5/7) (If Necessary)","mls","2026-04-28 00:00:00","2026-04-28 07:00:00","2026-04-28 07:00:00",true,true,true,"[PREMIUM]","[PREMIUM]","[PREMIUM]","[PREMIUM]","[PREMIUM]","[PREMIUM]",false,false,"62cc81b8fcd74700019ad72b","['67659494bff3b0a9b3422f40','5a99e2126311820014498a01']","[PREMIUM]","[PREMIUM]"
"69823b39d7f53e315b53b12c","2026-02-04 01:17:58.173","2026-03-03 12:22:19.560","69823b39d7f53e315b53b12c","Ari Lennox","music","2026-04-26 18:30:00","2026-04-27 00:30:00","2026-04-27 02:00:00",false,false,false,"[PREMIUM]","[PREMIUM]","[PREMIUM]","[PREMIUM]","[PREMIUM]","[PREMIUM]",false,false,"5786b117f80c416b700b1437","['5ca3af006349ea00162d8bd5']","[PREMIUM]","[PREMIUM]"
"697b193e6c7ae2a072d16a6a","2026-02-04 01:17:58.173","2026-03-03 12:22:19.560","697b193e6c7ae2a072d16a6a","CONCACAF Champions Cup Semifinals - TBD at FC Cincinnati (Date TBD) (4/28 - 5/7) (If Necessary)","mls","2026-04-28 00:00:00","2026-04-28 04:00:00","2026-04-28 05:30:00",true,true,true,"[PREMIUM]","[PREMIUM]","[PREMIUM]","[PREMIUM]","[PREMIUM]","[PREMIUM]",false,false,"60b047cc77d356000175a48c","['5775aef4f80c4140355d346f','5a99e2126311820014498a01','6377cb5dea16fc0001d294d4']","[PREMIUM]","[PREMIUM]"
"697b170196ebf3acd7b1cc6e","2026-02-04 01:17:58.173","2026-03-03 12:22:19.560","697b170196ebf3acd7b1cc6e","CONCACAF Champions Cup Semifinal - TBD at Los Angeles Galaxy (Date TBD) (4/28 - 5/7) (If Necessary)","mls","2026-04-28 00:00:00","2026-04-28 07:00:00","2026-04-28 07:45:00",true,true,true,"[PREMIUM]","[PREMIUM]","[PREMIUM]","[PREMIUM]","[PREMIUM]","[PREMIUM]",false,false,"538794ad21efd360b1000006","['539619583bf37601f600001b','5a99e2126311820014498a01','6377cb5dea16fc0001d294d4']","[PREMIUM]","[PREMIUM]"
"69817d5f510c8ed7977cde25","2026-02-04 01:17:58.173","2026-03-03 12:22:12.325","69817d5f510c8ed7977cde25","Govt Mule","music","2026-04-25 20:00:00","2026-04-26 01:00:00","2026-04-26 02:00:00",false,false,false,"[PREMIUM]","[PREMIUM]","[PREMIUM]","[PREMIUM]","[PREMIUM]","[PREMIUM]",false,true,"63eec6842540aa00017b603c","['58b8c250f80c413c017b178a']","[PREMIUM]","[PREMIUM]"
"697b169dfdd30f871ee85e9e","2026-02-04 01:17:58.173","2026-03-03 12:22:19.560","697b169dfdd30f871ee85e9e","CONCACAF Champions Cup Semifinals - TBD at Vancouver Whitecaps FC (Date TBD) (4/28 - 5/7) (If Necessary)","mls","2026-04-28 00:00:00","2026-04-28 07:00:00","2026-04-28 07:45:00",true,true,true,"[PREMIUM]","[PREMIUM]","[PREMIUM]","[PREMIUM]","[PREMIUM]","[PREMIUM]",false,false,"55423f8b78fea53bb6000002","['55423f9678fea53bb6000006','5a99e2126311820014498a01','6377cb5dea16fc0001d294d4']","[PREMIUM]","[PREMIUM]"
"69820572e1df0ffb29573f7e","2026-02-04 01:17:58.173","2026-03-03 12:22:12.325","69820572e1df0ffb29573f7e","Vancouver FC at Atletico Ottawa","cpl","2026-04-26 13:00:00","2026-04-26 17:00:00","2026-04-26 18:30:00",false,false,false,"[PREMIUM]","[PREMIUM]","[PREMIUM]","[PREMIUM]","[PREMIUM]","[PREMIUM]",false,false,"5ac2a485768ee600130bba49","['61043d9651e6b400015c9365','642622ae8d44400001ee3967']","[PREMIUM]","[PREMIUM]"
"69817b29dbbdcb51aa76bbed","2026-02-04 01:17:50.571","2026-02-04 01:17:50.571","69817b29dbbdcb51aa76bbed","Post Malone","music","2026-04-25 19:00:00","2026-04-26 00:00:00","2026-04-26 01:00:00",false,false,false,"[PREMIUM]","[PREMIUM]","[PREMIUM]","[PREMIUM]","[PREMIUM]","[PREMIUM]",false,false,"55c3ab43f80c412103000001","['57c73f6af80c411f0d14867c']","[PREMIUM]","[PREMIUM]"
"69817ac5510c8ed7977cddc7","2026-02-04 01:17:50.571","2026-03-03 12:22:12.325","69817ac5510c8ed7977cddc7","Zinadelphia","music","2026-04-25 19:00:00","2026-04-25 23:00:00","2026-04-25 23:00:00",false,false,false,"[PREMIUM]","[PREMIUM]","[PREMIUM]","[PREMIUM]","[PREMIUM]","[PREMIUM]",false,false,"5a204c084b5f6500139949f3","['66b28db0acd7b3d06901b112']","[PREMIUM]","[PREMIUM]"
"698241f1b18a502c1850aca5","2026-02-04 01:17:50.571","2026-03-03 12:22:04.272","698241f1b18a502c1850aca5","Ari Lennox","music","2026-04-24 20:00:00","2026-04-25 03:00:00","2026-04-25 04:30:00",false,false,false,"[PREMIUM]","[PREMIUM]","[PREMIUM]","[PREMIUM]","[PREMIUM]","[PREMIUM]",false,false,"598ce7de9da0d48c0db7238b","['5ca3af006349ea00162d8bd5']","[PREMIUM]","[PREMIUM]"
"69817a86bfbce1f033f9a40c","2026-02-04 01:17:50.571","2026-03-03 12:22:04.272","69817a86bfbce1f033f9a40c","Dexter and the Moonrocks","music","2026-04-24 20:00:00","2026-04-25 01:00:00","2026-04-25 02:30:00",false,false,false,"[PREMIUM]","[PREMIUM]","[PREMIUM]","[PREMIUM]","[PREMIUM]","[PREMIUM]",false,true,"5a849fabe0f747001300578a","['645ac5e6c055020001f7c822']","[PREMIUM]","[PREMIUM]"
"69817afae1df0ffb29571efe","2026-02-04 01:17:50.571","2026-03-03 12:22:04.272","69817afae1df0ffb29571efe","Kat Hasty","music","2026-04-24 20:00:00","2026-04-25 01:00:00","2026-04-25 01:00:00",false,false,false,"[PREMIUM]","[PREMIUM]","[PREMIUM]","[PREMIUM]","[PREMIUM]","[PREMIUM]",false,true,"658f46bdae9da4746dd02999","['6826462a07cb4ed6107a54da']","[PREMIUM]","[PREMIUM]"
"69817891c571009eefea5737","2026-02-04 01:17:50.571","2026-03-03 12:22:12.325","69817891c571009eefea5737","Yacht Rock Revue","music","2026-04-25 20:00:00","2026-04-26 00:00:00","2026-04-26 01:30:00",false,false,false,"[PREMIUM]","[PREMIUM]","[PREMIUM]","[PREMIUM]","[PREMIUM]","[PREMIUM]",false,false,"5a1c8b7eb050620012ae0c08","['61783e6c82f32800019f1450']","[PREMIUM]","[PREMIUM]"
"69817750dbbdcb51aa76bb5b","2026-02-04 01:17:50.571","2026-03-03 12:22:04.272","69817750dbbdcb51aa76bb5b","Grieves","music","2026-04-24 20:00:00","2026-04-25 01:00:00","2026-04-25 02:00:00",false,false,false,"[PREMIUM]","[PREMIUM]","[PREMIUM]","[PREMIUM]","[PREMIUM]","[PREMIUM]",false,true,"63c878e3044d22000160e515","['5967c88425f2c54d32e9f373']","[PREMIUM]","[PREMIUM]"
"69817d5d367de45e48a476fa","2026-02-04 01:17:50.571","2026-03-03 12:22:04.272","69817d5d367de45e48a476fa","Zinadelphia","music","2026-04-24 20:00:00","2026-04-25 00:00:00","2026-04-25 00:00:00",false,false,false,"[PREMIUM]","[PREMIUM]","[PREMIUM]","[PREMIUM]","[PREMIUM]","[PREMIUM]",false,false,"57d325c550575d33c85ae9b3","['66b28db0acd7b3d06901b112']","[PREMIUM]","[PREMIUM]"
"69817d5a049187543ef58e7e","2026-02-04 01:17:50.571","2026-03-03 12:22:12.325","69817d5a049187543ef58e7e","Bill Burr","comedy","2026-04-25 20:00:00","2026-04-26 00:00:00","2026-04-26 01:30:00",false,false,false,"[PREMIUM]","[PREMIUM]","[PREMIUM]","[PREMIUM]","[PREMIUM]","[PREMIUM]",false,false,"616877a2f9a1b30001401f24","['5a9f1ffe2cfb520013660774']","[PREMIUM]","[PREMIUM]"
"69817ca4bfbce1f033f9a43c","2026-02-04 01:17:50.571","2026-03-03 12:22:12.325","69817ca4bfbce1f033f9a43c","Broncho","music","2026-04-25 19:00:00","2026-04-25 23:00:00","2026-04-26 00:30:00",false,false,false,"[PREMIUM]","[PREMIUM]","[PREMIUM]","[PREMIUM]","[PREMIUM]","[PREMIUM]",false,false,"57bf665ff80c4103a4c914a2","['5b8571ed58182c0013f33722']","[PREMIUM]","[PREMIUM]"
"69817de55fad7654c0575a05","2026-02-04 01:17:42.897","2026-03-03 12:22:04.272","69817de55fad7654c0575a05","Jose Maria Napoleon","music","2026-04-24 19:00:00","2026-04-25 02:00:00","2026-04-25 02:00:00",false,false,false,"[PREMIUM]","[PREMIUM]","[PREMIUM]","[PREMIUM]","[PREMIUM]","[PREMIUM]",false,false,"670836ff711e7028b72b1eb9","['6813a17e2ee15428d51b140a']","[PREMIUM]","[PREMIUM]"
"69817b2c37d36be3f69c58f7","2026-02-04 01:17:42.897","2026-03-03 12:21:56.426","69817b2c37d36be3f69c58f7","Govt Mule with Larkin Poe","music","2026-04-23 20:00:00","2026-04-24 00:00:00","2026-04-24 01:00:00",false,false,false,"[PREMIUM]","[PREMIUM]","[PREMIUM]","[PREMIUM]","[PREMIUM]","[PREMIUM]",false,true,"644c1d42d3540e0001295a82","['58b8c250f80c413c017b178a']","[PREMIUM]","[PREMIUM]"
"698205db346f6babfa6adae9","2026-02-04 01:17:42.897","2026-03-03 12:21:56.426","698205db346f6babfa6adae9","Diljit Dosanjh","music","2026-04-23 20:00:00","2026-04-24 03:00:00","2026-04-24 04:30:00",false,false,false,"[PREMIUM]","[PREMIUM]","[PREMIUM]","[PREMIUM]","[PREMIUM]","[PREMIUM]",false,false,"55423f8b78fea53bb6000002","['624cc73dc2fa5b00018d8734']","[PREMIUM]","[PREMIUM]"
"6981773c510c8ed7977cdd40","2026-02-04 01:17:42.897","2026-03-03 12:21:56.426","6981773c510c8ed7977cdd40","Cobrah","music","2026-04-23 19:00:00","2026-04-24 00:00:00","2026-04-24 00:00:00",false,false,false,"[PREMIUM]","[PREMIUM]","[PREMIUM]","[PREMIUM]","[PREMIUM]","[PREMIUM]",false,true,"61c4fc5e6d85150001f463c9","['6529c4e455e05140a43e6a95']","[PREMIUM]","[PREMIUM]"
"69817befcb5b701f6bfac534","2026-02-04 01:17:42.897","2026-03-03 12:21:56.426","69817befcb5b701f6bfac534","Govt Mule with Larkin Poe","music","2026-04-24 18:00:00","2026-04-24 23:00:00","2026-04-25 00:00:00",false,false,false,"[PREMIUM]","[PREMIUM]","[PREMIUM]","[PREMIUM]","[PREMIUM]","[PREMIUM]",false,false,"67e3123f3d2a5ae4a818e0d2","['58b8c250f80c413c017b178a']","[PREMIUM]","[PREMIUM]"
"69823afdcb980efa1ff09a9d","2026-02-04 01:17:42.897","2026-03-03 12:21:56.426","69823afdcb980efa1ff09a9d","Ari Lennox","music","2026-04-23 20:00:00","2026-04-24 03:00:00","2026-04-24 04:30:00",false,false,false,"[PREMIUM]","[PREMIUM]","[PREMIUM]","[PREMIUM]","[PREMIUM]","[PREMIUM]",false,false,"60ef6e09458d2c0001b15e1d","['5ca3af006349ea00162d8bd5']","[PREMIUM]","[PREMIUM]"
"69817d5b34e985baa1e2434b","2026-02-04 01:17:42.897","2026-03-03 12:21:56.426","69817d5b34e985baa1e2434b","Broncho","music","2026-04-23 20:00:00","2026-04-24 00:00:00","2026-04-24 01:30:00",false,false,false,"[PREMIUM]","[PREMIUM]","[PREMIUM]","[PREMIUM]","[PREMIUM]","[PREMIUM]",false,true,"5a4686f712636f0012b68cd1","['5b8571ed58182c0013f33722']","[PREMIUM]","[PREMIUM]"
"69817ca49177e1894b6352b4","2026-02-04 01:17:42.897","2026-03-03 12:22:04.272","69817ca49177e1894b6352b4","Broncho","music","2026-04-24 19:00:00","2026-04-24 23:00:00","2026-04-25 00:30:00",false,false,false,"[PREMIUM]","[PREMIUM]","[PREMIUM]","[PREMIUM]","[PREMIUM]","[PREMIUM]",false,false,"57bf665ff80c4103a4c914a2","['5b8571ed58182c0013f33722']","[PREMIUM]","[PREMIUM]"
"69817e25be953fbf7109c4c9","2026-02-04 01:17:35.109","2026-03-03 12:21:48.625","69817e25be953fbf7109c4c9","Cobrah","music","2026-04-21 20:00:00","2026-04-22 02:00:00","2026-04-22 02:00:00",false,false,false,"[PREMIUM]","[PREMIUM]","[PREMIUM]","[PREMIUM]","[PREMIUM]","[PREMIUM]",false,false,"57c4d063f80c412715be6455","['6529c4e455e05140a43e6a95']","[PREMIUM]","[PREMIUM]"
"69423755b079d9e5c4a4f848","2026-02-04 01:17:35.109","2026-03-03 12:21:48.625","69423755b079d9e5c4a4f848","CF Monterrey vs Club Puebla","soccer","2026-04-21 21:00:00","2026-04-22 02:00:00","2026-04-22 03:30:00",false,false,false,"[PREMIUM]","[PREMIUM]","[PREMIUM]","[PREMIUM]","[PREMIUM]","[PREMIUM]",false,false,"678041462134422fb085f4ee","['5c671881cacf1a0015a8d33f','5d5c51d5a40ef80038cda814']","[PREMIUM]","[PREMIUM]"
"69823fc821f7f1e7bed14f6f","2026-02-04 01:17:35.109","2026-03-03 12:21:48.625","69823fc821f7f1e7bed14f6f","Styx","music","2026-04-21 19:00:00","2026-04-22 00:00:00","2026-04-22 01:00:00",false,false,false,"[PREMIUM]","[PREMIUM]","[PREMIUM]","[PREMIUM]","[PREMIUM]","[PREMIUM]",false,false,"5798426cf80c417b17e7395f","['58af5ff6f80c41314308ca46']","[PREMIUM]","[PREMIUM]"
"6977d2554769ef9b61e8ab1f","2026-02-04 01:17:35.109","2026-03-03 12:21:48.625","6977d2554769ef9b61e8ab1f","Surfer Girl","music","2026-04-21 00:00:00","2026-04-21 06:00:00","2026-04-21 06:00:00",false,true,false,"[PREMIUM]","[PREMIUM]","[PREMIUM]","[PREMIUM]","[PREMIUM]","[PREMIUM]",false,true,"67e31257212b3c9fae47ad5c","['65aaa6136cf9f12a8844d73f']","[PREMIUM]","[PREMIUM]"
"69817b18cb5b701f6bfac514","2026-02-04 01:17:35.109","2026-03-03 12:21:48.625","69817b18cb5b701f6bfac514","Broncho","music","2026-04-21 20:00:00","2026-04-22 00:00:00","2026-04-22 01:30:00",false,false,false,"[PREMIUM]","[PREMIUM]","[PREMIUM]","[PREMIUM]","[PREMIUM]","[PREMIUM]",false,true,"5e4eb8099ebe10003bbc468f","['5b8571ed58182c0013f33722']","[PREMIUM]","[PREMIUM]"
"697a8d0aa796a97fab9f9f2e","2026-02-04 01:17:35.109","2026-03-03 12:21:56.426","697a8d0aa796a97fab9f9f2e","Maisie Peters","music","2026-04-22 20:30:00","2026-04-23 03:30:00","2026-04-23 05:00:00",false,false,false,"[PREMIUM]","[PREMIUM]","[PREMIUM]","[PREMIUM]","[PREMIUM]","[PREMIUM]",false,false,"564372dcf80c411191000002","['614a28f61ebdd30001fe147f']","[PREMIUM]","[PREMIUM]"
"69817ca88d8cb3b45d5e4f44","2026-02-04 01:17:35.109","2026-03-03 12:21:48.625","69817ca88d8cb3b45d5e4f44","Zinadelphia","music","2026-04-22 19:00:00","2026-04-22 23:00:00","2026-04-22 23:00:00",false,false,false,"[PREMIUM]","[PREMIUM]","[PREMIUM]","[PREMIUM]","[PREMIUM]","[PREMIUM]",false,false,"57bf665ff80c4103a4c914a2","['66b28db0acd7b3d06901b112']","[PREMIUM]","[PREMIUM]"
"69817d72882f59d938135a1d","2026-02-04 01:17:35.109","2026-03-03 12:21:48.625","69817d72882f59d938135a1d","Zinadelphia","music","2026-04-21 18:30:00","2026-04-21 22:30:00","2026-04-21 22:30:00",false,false,false,"[PREMIUM]","[PREMIUM]","[PREMIUM]","[PREMIUM]","[PREMIUM]","[PREMIUM]",false,true,"643079aeaf2a9a0001d3d49e","['66b28db0acd7b3d06901b112']","[PREMIUM]","[PREMIUM]"
"69817ca4dbbdcb51aa76bc16","2026-02-04 01:17:35.109","2026-03-03 12:21:56.426","69817ca4dbbdcb51aa76bc16","Broncho","music","2026-04-22 20:00:00","2026-04-23 00:00:00","2026-04-23 01:30:00",false,false,false,"[PREMIUM]","[PREMIUM]","[PREMIUM]","[PREMIUM]","[PREMIUM]","[PREMIUM]",false,true,"6815080e45129a1a3977fe48","['5b8571ed58182c0013f33722']","[PREMIUM]","[PREMIUM]"
"69823d8e0ecdac0b51b36070","2026-02-04 01:17:35.109","2026-03-03 12:21:48.625","69823d8e0ecdac0b51b36070","Ari Lennox","music","2026-04-21 20:00:00","2026-04-22 03:00:00","2026-04-22 04:30:00",false,false,false,"[PREMIUM]","[PREMIUM]","[PREMIUM]","[PREMIUM]","[PREMIUM]","[PREMIUM]",false,false,"57e2e87350575d33c8a43268","['5ca3af006349ea00162d8bd5']","[PREMIUM]","[PREMIUM]"
"69820c3a510c8ed7977d00bd","2026-02-04 01:17:35.109","2026-03-03 12:21:48.625","69820c3a510c8ed7977d00bd","Shayfer James","music","2026-04-22 19:00:00","2026-04-23 01:00:00","2026-04-23 02:30:00",false,false,false,"[PREMIUM]","[PREMIUM]","[PREMIUM]","[PREMIUM]","[PREMIUM]","[PREMIUM]",false,true,"5a96dc003cd048001226208e","['63d15ecbcccfe50001e7d684']","[PREMIUM]","[PREMIUM]"
"6981768f85343e2cf18bd9b3","2026-02-04 01:17:35.109","2026-03-03 12:21:56.426","6981768f85343e2cf18bd9b3","Govt Mule with Larkin Poe","music","2026-04-22 19:30:00","2026-04-23 00:30:00","2026-04-23 01:30:00",false,false,false,"[PREMIUM]","[PREMIUM]","[PREMIUM]","[PREMIUM]","[PREMIUM]","[PREMIUM]",false,false,"66fdc670c154b5fcc082f1f3","['58b8c250f80c413c017b178a']","[PREMIUM]","[PREMIUM]"
"6971521423fcdcd664d0a5cf","2026-02-04 01:17:35.109","2026-03-03 12:21:48.625","6971521423fcdcd664d0a5cf","Free Throw","music","2026-04-22 19:30:00","2026-04-23 02:30:00","2026-04-23 04:00:00",false,false,false,"[PREMIUM]","[PREMIUM]","[PREMIUM]","[PREMIUM]","[PREMIUM]","[PREMIUM]",false,false,"588fd9c3cde6626ebe51b318","['5cfff515381559001af1faa0']","[PREMIUM]","[PREMIUM]"
"69817b48122694f519391987","2026-02-04 01:17:28.221","2026-03-03 12:21:48.625","69817b48122694f519391987","Govt Mule","music","2026-04-20 19:30:00","2026-04-21 00:30:00","2026-04-21 01:30:00",false,false,false,"[PREMIUM]","[PREMIUM]","[PREMIUM]","[PREMIUM]","[PREMIUM]","[PREMIUM]",false,false,"61524541b58bf30001037971","['58b8c250f80c413c017b178a']","[PREMIUM]","[PREMIUM]"
"69817b6b348a3b4ed26bbceb","2026-02-04 01:17:28.221","2026-03-03 12:21:40.165","69817b6b348a3b4ed26bbceb","Grieves","music","2026-04-19 19:00:00","2026-04-19 23:00:00","2026-04-20 00:00:00",false,false,false,"[PREMIUM]","[PREMIUM]","[PREMIUM]","[PREMIUM]","[PREMIUM]","[PREMIUM]",false,true,"5a2077132e778f0011e6fd6c","['5967c88425f2c54d32e9f373']","[PREMIUM]","[PREMIUM]"
"69823d6fb18a502c1850aa23","2026-02-04 01:17:28.221","2026-03-03 12:21:40.165","69823d6fb18a502c1850aa23","Ari Lennox","music","2026-04-19 20:00:00","2026-04-20 03:00:00","2026-04-20 04:30:00",false,false,false,"[PREMIUM]","[PREMIUM]","[PREMIUM]","[PREMIUM]","[PREMIUM]","[PREMIUM]",false,false,"5ac3a48ff366c100132cd2ba","['5ca3af006349ea00162d8bd5']","[PREMIUM]","[PREMIUM]"
"6982427c0d6c054e3ac4da66","2026-02-04 01:17:28.221","2026-03-03 12:21:40.165","6982427c0d6c054e3ac4da66","Ari Lennox","music","2026-04-18 20:00:00","2026-04-19 03:00:00","2026-04-19 04:30:00",false,false,false,"[PREMIUM]","[PREMIUM]","[PREMIUM]","[PREMIUM]","[PREMIUM]","[PREMIUM]",false,false,"6452c55f0ff0c500013e1dc4","['5ca3af006349ea00162d8bd5']","[PREMIUM]","[PREMIUM]"
"69817b2ec571009eefea5789","2026-02-04 01:17:28.221","2026-03-03 12:21:40.165","69817b2ec571009eefea5789","Dexter and The Moonrocks","music","2026-04-19 20:00:00","2026-04-20 00:00:00","2026-04-20 01:30:00",false,false,false,"[PREMIUM]","[PREMIUM]","[PREMIUM]","[PREMIUM]","[PREMIUM]","[PREMIUM]",false,true,"644c1d42d3540e0001295a82","['645ac5e6c055020001f7c822']","[PREMIUM]","[PREMIUM]"
"69817cb1c0df6b23b6c4b3d5","2026-02-04 01:17:28.221","2026-03-03 12:21:40.165","69817cb1c0df6b23b6c4b3d5","Dexter and the Moonrocks","music","2026-04-18 20:00:00","2026-04-19 00:00:00","2026-04-19 01:30:00",false,false,false,"[PREMIUM]","[PREMIUM]","[PREMIUM]","[PREMIUM]","[PREMIUM]","[PREMIUM]",false,true,"57eaab67cde6626ebe3842d3","['645ac5e6c055020001f7c822']","[PREMIUM]","[PREMIUM]"
"69817884122694f519391937","2026-02-04 01:17:28.221","2026-03-03 12:21:40.165","69817884122694f519391937","Govt Mule with Larkin Poe","music","2026-04-19 20:00:00","2026-04-20 00:00:00","2026-04-20 01:00:00",false,false,false,"[PREMIUM]","[PREMIUM]","[PREMIUM]","[PREMIUM]","[PREMIUM]","[PREMIUM]",false,false,"689d072c6b5fffd6f8700574","['58b8c250f80c413c017b178a']","[PREMIUM]","[PREMIUM]"
"69817da9d77ef776ec53ee6f","2026-02-04 01:17:28.221","2026-03-03 12:21:40.165","69817da9d77ef776ec53ee6f","Patrick Warburton","comedy","2026-04-18 20:45:00","2026-04-19 01:45:00","2026-04-19 03:15:00",false,false,false,"[PREMIUM]","[PREMIUM]","[PREMIUM]","[PREMIUM]","[PREMIUM]","[PREMIUM]",false,true,"64f0f8f2e2b35d00016720b4","['6421e72595d4e200019b6315']","[PREMIUM]","[PREMIUM]"
"69817b2a8d8cb3b45d5e4f1b","2026-02-04 01:17:28.221","2026-03-03 12:21:40.165","69817b2a8d8cb3b45d5e4f1b","Avery Anna","music","2026-04-18 21:00:00","2026-04-19 02:00:00","2026-04-19 02:00:00",false,false,false,"[PREMIUM]","[PREMIUM]","[PREMIUM]","[PREMIUM]","[PREMIUM]","[PREMIUM]",false,true,"5a14cb27d67dc100134a0a1a","['68767376b8b68266ffcbe981']","[PREMIUM]","[PREMIUM]"
"69817894882f59d93813595b","2026-02-04 01:17:28.221","2026-03-03 12:21:40.165","69817894882f59d93813595b","Los Parras","music","2026-04-19 20:00:00","2026-04-20 00:00:00","2026-04-20 00:00:00",false,false,false,"[PREMIUM]","[PREMIUM]","[PREMIUM]","[PREMIUM]","[PREMIUM]","[PREMIUM]",false,false,"6138f2b2f82f860001391f7d","['68a89022d3f6e8b09aabfdf2']","[PREMIUM]","[PREMIUM]"
"69817d11c384cf09c913cd2e","2026-02-04 01:17:28.221","2026-03-03 12:21:40.165","69817d11c384cf09c913cd2e","Jose Maria Napoleon","music","2026-04-18 20:00:00","2026-04-19 03:00:00","2026-04-19 03:00:00",false,false,false,"[PREMIUM]","[PREMIUM]","[PREMIUM]","[PREMIUM]","[PREMIUM]","[PREMIUM]",false,false,"61c4fceb6a1d8d0001d14b6b","['6813a17e2ee15428d51b140a']","[PREMIUM]","[PREMIUM]"
"69817d0d659a83e325276df2","2026-02-04 01:17:28.221","2026-03-03 12:21:40.165","69817d0d659a83e325276df2","Ms. Pat","comedy","2026-04-18 21:30:00","2026-04-19 04:30:00","2026-04-19 06:00:00",false,false,false,"[PREMIUM]","[PREMIUM]","[PREMIUM]","[PREMIUM]","[PREMIUM]","[PREMIUM]",false,true,"648cd95a348f230001edaf67","['620febf72614f30001912805']","[PREMIUM]","[PREMIUM]"
"69817aef367de45e48a4769b","2026-02-04 01:17:28.221","2026-03-03 12:21:40.165","69817aef367de45e48a4769b","Zinadelphia","music","2026-04-19 00:00:00","2026-04-19 05:00:00","2026-04-19 05:00:00",false,true,false,"[PREMIUM]","[PREMIUM]","[PREMIUM]","[PREMIUM]","[PREMIUM]","[PREMIUM]",false,false,"598ce7dd9da0d48c0db72387","['66b28db0acd7b3d06901b112']","[PREMIUM]","[PREMIUM]"
"69817df8bb17cbcd6eaa969e","2026-02-04 01:17:28.221","2026-03-03 12:21:40.165","69817df8bb17cbcd6eaa969e","Grieves","music","2026-04-18 20:00:00","2026-04-19 00:00:00","2026-04-19 01:00:00",false,false,false,"[PREMIUM]","[PREMIUM]","[PREMIUM]","[PREMIUM]","[PREMIUM]","[PREMIUM]",false,true,"5a204fdb99b284000fe3b6d1","['5967c88425f2c54d32e9f373']","[PREMIUM]","[PREMIUM]"
"69817ac3c0df6b23b6c4b3a1","2026-02-04 01:17:28.221","2026-03-03 12:21:48.625","69817ac3c0df6b23b6c4b3a1","Broncho","music","2026-04-20 20:00:00","2026-04-21 00:00:00","2026-04-21 01:30:00",false,false,false,"[PREMIUM]","[PREMIUM]","[PREMIUM]","[PREMIUM]","[PREMIUM]","[PREMIUM]",false,false,"59f11707391ed0000e5c1825","['5b8571ed58182c0013f33722']","[PREMIUM]","[PREMIUM]"
"69817cb13d9146498e1ac678","2026-02-04 01:17:19.647","2026-03-03 12:21:32.958","69817cb13d9146498e1ac678","October London","music","2026-04-17 20:00:00","2026-04-18 00:00:00","2026-04-18 00:00:00",false,false,false,"[PREMIUM]","[PREMIUM]","[PREMIUM]","[PREMIUM]","[PREMIUM]","[PREMIUM]",false,true,"66be691efe1196278766163b","['6577a5abc59e1593df075ec0']","[PREMIUM]","[PREMIUM]"
"69817beb49ab635b3cd9a64c","2026-02-04 01:17:19.647","2026-03-03 12:21:32.958","69817beb49ab635b3cd9a64c","October London","music","2026-04-18 00:00:00","2026-04-18 04:00:00","2026-04-18 04:00:00",false,true,false,"[PREMIUM]","[PREMIUM]","[PREMIUM]","[PREMIUM]","[PREMIUM]","[PREMIUM]",false,false,"584ef6a6cde6626ebebc8026","['6577a5abc59e1593df075ec0']","[PREMIUM]","[PREMIUM]"
"69817bc0c571009eefea5794","2026-02-04 01:17:19.647","2026-03-03 12:21:32.958","69817bc0c571009eefea5794","Los Parras","music","2026-04-17 20:00:00","2026-04-18 01:00:00","2026-04-18 01:00:00",false,false,false,"[PREMIUM]","[PREMIUM]","[PREMIUM]","[PREMIUM]","[PREMIUM]","[PREMIUM]",false,false,"578ff79bf80c413be08cd602","['68a89022d3f6e8b09aabfdf2']","[PREMIUM]","[PREMIUM]"
"69817acecb5b701f6bfac507","2026-02-04 01:17:19.647","2026-03-03 12:21:32.958","69817acecb5b701f6bfac507","Govt Mule with Larkin Poe","music","2026-04-18 18:00:00","2026-04-18 22:00:00","2026-04-18 23:00:00",false,false,false,"[PREMIUM]","[PREMIUM]","[PREMIUM]","[PREMIUM]","[PREMIUM]","[PREMIUM]",false,false,"68016947ef22b539ed5ce51f","['58b8c250f80c413c017b178a']","[PREMIUM]","[PREMIUM]"
"694237557945711ba6b3df4a","2026-02-04 01:17:19.647","2026-03-03 12:21:32.958","694237557945711ba6b3df4a","CF Monterrey vs CF Pachuca","soccer","2026-04-18 19:00:00","2026-04-19 00:00:00","2026-04-19 01:30:00",false,false,false,"[PREMIUM]","[PREMIUM]","[PREMIUM]","[PREMIUM]","[PREMIUM]","[PREMIUM]",false,false,"678041462134422fb085f4ee","['5c671881cacf1a0015a8d33f','5b2abb291ca0dc00137a20cb']","[PREMIUM]","[PREMIUM]"
"69817d0dca54ebfc5d75223a","2026-02-04 01:17:19.647","2026-03-03 12:21:32.958","69817d0dca54ebfc5d75223a","Ms. Pat","comedy","2026-04-17 21:15:00","2026-04-18 04:15:00","2026-04-18 05:45:00",false,false,false,"[PREMIUM]","[PREMIUM]","[PREMIUM]","[PREMIUM]","[PREMIUM]","[PREMIUM]",false,false,"648cd95a348f230001edaf67","['620febf72614f30001912805']","[PREMIUM]","[PREMIUM]"
"69817da9bf19d8accbd343e7","2026-02-04 01:17:19.647","2026-03-03 12:21:32.958","69817da9bf19d8accbd343e7","Patrick Warburton","comedy","2026-04-18 18:00:00","2026-04-18 23:00:00","2026-04-19 00:30:00",false,false,false,"[PREMIUM]","[PREMIUM]","[PREMIUM]","[PREMIUM]","[PREMIUM]","[PREMIUM]",false,true,"64f0f8f2e2b35d00016720b4","['6421e72595d4e200019b6315']","[PREMIUM]","[PREMIUM]"
"69817cf87e1604dfd1a93026","2026-02-04 01:17:19.647","2026-03-03 12:21:32.958","69817cf87e1604dfd1a93026","Cobrah","music","2026-04-17 21:00:00","2026-04-18 04:00:00","2026-04-18 04:00:00",false,false,false,"[PREMIUM]","[PREMIUM]","[PREMIUM]","[PREMIUM]","[PREMIUM]","[PREMIUM]",false,false,"57e1885950575d33c89c1729","['6529c4e455e05140a43e6a95']","[PREMIUM]","[PREMIUM]"
"69817d0d49ab635b3cd9a66d","2026-02-04 01:17:19.647","2026-03-03 12:21:32.958","69817d0d49ab635b3cd9a66d","Ms. Pat","comedy","2026-04-18 19:00:00","2026-04-19 02:00:00","2026-04-19 03:30:00",false,false,false,"[PREMIUM]","[PREMIUM]","[PREMIUM]","[PREMIUM]","[PREMIUM]","[PREMIUM]",false,false,"648cd95a348f230001edaf67","['620febf72614f30001912805']","[PREMIUM]","[PREMIUM]"
"69817da9049187543ef58e91","2026-02-04 01:17:19.647","2026-03-03 12:21:32.958","69817da9049187543ef58e91","Patrick Warburton","comedy","2026-04-17 21:45:00","2026-04-18 02:45:00","2026-04-18 04:15:00",false,false,false,"[PREMIUM]","[PREMIUM]","[PREMIUM]","[PREMIUM]","[PREMIUM]","[PREMIUM]",false,true,"64f0f8f2e2b35d00016720b4","['6421e72595d4e200019b6315']","[PREMIUM]","[PREMIUM]"
"69823ab9d1d83109c65eb2cf","2026-02-04 01:17:19.647","2026-03-03 12:21:32.958","69823ab9d1d83109c65eb2cf","Avery Anna","music","2026-04-17 20:00:00","2026-04-18 01:00:00","2026-04-18 01:00:00",false,false,false,"[PREMIUM]","[PREMIUM]","[PREMIUM]","[PREMIUM]","[PREMIUM]","[PREMIUM]",false,false,"5994d2b29da0d48c0df0a683","['68767376b8b68266ffcbe981']","[PREMIUM]","[PREMIUM]"
"696565aef7faf37a38076b86","2026-02-04 01:17:13.053","2026-02-12 01:25:47.931","696565aef7faf37a38076b86","2026 Crawfish Music Festival - Friday","music","2026-04-17 17:00:00","2026-04-17 22:00:00","2026-04-17 23:00:00",false,false,false,"[PREMIUM]","[PREMIUM]","[PREMIUM]","[PREMIUM]","[PREMIUM]","[PREMIUM]",false,false,"59d51abb14e1f70001b343f6","['57e9abebf80c410b6379e77f']","[PREMIUM]","[PREMIUM]"
"69817da9122694f5193919ff","2026-02-04 01:17:13.053","2026-03-03 12:21:24.554","69817da9122694f5193919ff","Patrick Warburton","comedy","2026-04-17 19:00:00","2026-04-18 00:00:00","2026-04-18 01:30:00",false,false,false,"[PREMIUM]","[PREMIUM]","[PREMIUM]","[PREMIUM]","[PREMIUM]","[PREMIUM]",false,true,"64f0f8f2e2b35d00016720b4","['6421e72595d4e200019b6315']","[PREMIUM]","[PREMIUM]"
"6981787bbf19d8accbd34316","2026-02-04 01:17:13.053","2026-03-03 12:21:16.688","6981787bbf19d8accbd34316","Broncho","music","2026-04-16 19:00:00","2026-04-16 23:00:00","2026-04-17 00:30:00",false,false,false,"[PREMIUM]","[PREMIUM]","[PREMIUM]","[PREMIUM]","[PREMIUM]","[PREMIUM]",false,true,"5e4ea8f6077d740038fcfdfa","['5b8571ed58182c0013f33722']","[PREMIUM]","[PREMIUM]"
"6981789443c068ff2331a1d0","2026-02-04 01:17:13.053","2026-03-03 12:21:24.554","6981789443c068ff2331a1d0","Zinadelphia","music","2026-04-17 00:00:00","2026-04-17 04:00:00","2026-04-17 04:00:00",false,true,false,"[PREMIUM]","[PREMIUM]","[PREMIUM]","[PREMIUM]","[PREMIUM]","[PREMIUM]",false,false,"6762160f27864ba0a0b92ae9","['66b28db0acd7b3d06901b112']","[PREMIUM]","[PREMIUM]"
"697150927b979bb8f42a0962","2026-02-04 01:17:13.053","2026-03-03 12:21:16.688","697150927b979bb8f42a0962","Kxllswxtch","music","2026-04-16 19:00:00","2026-04-16 23:00:00","2026-04-17 00:30:00",false,false,false,"[PREMIUM]","[PREMIUM]","[PREMIUM]","[PREMIUM]","[PREMIUM]","[PREMIUM]",false,false,"57ab8b29f80c411f8fdebfe5","['638e45b12e3596000150e271']","[PREMIUM]","[PREMIUM]"
"69817cf8e1df0ffb29571f3e","2026-02-04 01:17:13.053","2026-03-03 12:21:24.554","69817cf8e1df0ffb29571f3e","Cobrah","music","2026-04-16 20:00:00","2026-04-17 03:00:00","2026-04-17 03:00:00",false,false,false,"[PREMIUM]","[PREMIUM]","[PREMIUM]","[PREMIUM]","[PREMIUM]","[PREMIUM]",false,false,"564a8584f80c413ce4000001","['6529c4e455e05140a43e6a95']","[PREMIUM]","[PREMIUM]"
"69817d0dc384cf09c913cd2a","2026-02-04 01:17:13.053","2026-03-03 12:21:24.554","69817d0dc384cf09c913cd2a","Ms. Pat","comedy","2026-04-17 19:00:00","2026-04-18 02:00:00","2026-04-18 03:30:00",false,false,false,"[PREMIUM]","[PREMIUM]","[PREMIUM]","[PREMIUM]","[PREMIUM]","[PREMIUM]",false,false,"648cd95a348f230001edaf67","['620febf72614f30001912805']","[PREMIUM]","[PREMIUM]"
"69817cf8346f6babfa6abb06","2026-02-04 01:17:13.053","2026-03-03 12:21:16.688","69817cf8346f6babfa6abb06","Anuhea","music","2026-04-16 19:00:00","2026-04-17 02:00:00","2026-04-17 03:30:00",false,false,false,"[PREMIUM]","[PREMIUM]","[PREMIUM]","[PREMIUM]","[PREMIUM]","[PREMIUM]",false,true,"62a2732a4058e800010aaecf","['6372bd9e0bf83f0001f5a3de']","[PREMIUM]","[PREMIUM]"
"69817da9659a83e325276e28","2026-02-04 01:17:13.053","2026-03-03 12:21:16.688","69817da9659a83e325276e28","Patrick Warburton","comedy","2026-04-16 19:00:00","2026-04-17 00:00:00","2026-04-17 01:30:00",false,false,false,"[PREMIUM]","[PREMIUM]","[PREMIUM]","[PREMIUM]","[PREMIUM]","[PREMIUM]",false,true,"64f0f8f2e2b35d00016720b4","['6421e72595d4e200019b6315']","[PREMIUM]","[PREMIUM]"
"69823c285e78a87f7624bb9d","2026-02-04 01:17:13.053","2026-03-03 12:21:24.554","69823c285e78a87f7624bb9d","Zakir Khan","comedy","2026-04-17 19:30:00","2026-04-17 23:30:00","2026-04-17 23:30:00",false,false,false,"[PREMIUM]","[PREMIUM]","[PREMIUM]","[PREMIUM]","[PREMIUM]","[PREMIUM]",false,false,"560069abf80c41333a000001","['648b210356f5230001695e9f']","[PREMIUM]","[PREMIUM]"
"69817b7884da95487cd733f9","2026-02-04 01:17:13.053","2026-03-03 12:21:24.554","69817b7884da95487cd733f9","Govt Mule","music","2026-04-17 19:00:00","2026-04-17 23:00:00","2026-04-18 00:00:00",false,false,false,"[PREMIUM]","[PREMIUM]","[PREMIUM]","[PREMIUM]","[PREMIUM]","[PREMIUM]",false,false,"682d0834244940d8acf800ca","['58b8c250f80c413c017b178a']","[PREMIUM]","[PREMIUM]"
"69817d0ee41b9f3593510376","2026-02-04 01:17:13.053","2026-03-03 12:21:24.554","69817d0ee41b9f3593510376","Fumi Abe","comedy","2026-04-16 19:30:00","2026-04-17 02:30:00","2026-04-17 02:30:00",false,false,false,"[PREMIUM]","[PREMIUM]","[PREMIUM]","[PREMIUM]","[PREMIUM]","[PREMIUM]",false,true,"648cd95a348f230001edaf67","['65aabf791ecc99b095bdcf68']","[PREMIUM]","[PREMIUM]"
"69817e26c571009eefea5810","2026-02-04 01:17:13.053","2026-03-03 12:21:24.554","69817e26c571009eefea5810","Jose Maria Napoleon","music","2026-04-16 20:00:00","2026-04-17 02:00:00","2026-04-17 02:00:00",false,false,false,"[PREMIUM]","[PREMIUM]","[PREMIUM]","[PREMIUM]","[PREMIUM]","[PREMIUM]",false,false,"57c754f1f80c413c471a8d8d","['6813a17e2ee15428d51b140a']","[PREMIUM]","[PREMIUM]"
"698241c9cb980efa1ff09f2c","2026-02-04 01:17:13.053","2026-03-03 12:21:24.554","698241c9cb980efa1ff09f2c","Ari Lennox","music","2026-04-16 20:00:00","2026-04-17 03:00:00","2026-04-17 04:30:00",false,false,false,"[PREMIUM]","[PREMIUM]","[PREMIUM]","[PREMIUM]","[PREMIUM]","[PREMIUM]",false,false,"5654e5c3f80c41136e000001","['5ca3af006349ea00162d8bd5']","[PREMIUM]","[PREMIUM]"
"698204205fad7654c05779e5","2026-02-04 01:17:13.053","2026-03-03 12:21:16.688","698204205fad7654c05779e5","Red Not Chili Peppers - A Tribute to Red Hot Chili Peppers","music","2026-04-16 19:00:00","2026-04-16 23:00:00","2026-04-16 23:00:00",false,false,false,"[PREMIUM]","[PREMIUM]","[PREMIUM]","[PREMIUM]","[PREMIUM]","[PREMIUM]",false,false,"57e16af750575d33c89b402e","['674f4383f84149a7400e1644']","[PREMIUM]","[PREMIUM]"
"698161deac24908c00f6d529","2026-02-04 01:17:13.053","2026-03-03 12:21:24.554","698161deac24908c00f6d529","Hayley Williams","music","2026-04-16 19:30:00","2026-04-16 23:30:00","2026-04-17 01:00:00",false,false,false,"[PREMIUM]","[PREMIUM]","[PREMIUM]","[PREMIUM]","[PREMIUM]","[PREMIUM]",false,false,"5bc761e8ec5e2100167ecffd","['5e62be1ed1bc01003d5e072c']","[PREMIUM]","[PREMIUM]"
"68c1d74c0ae8ecafb0ba7d8e","2026-02-04 01:17:06.008","2026-03-03 12:21:08.970","68c1d74c0ae8ecafb0ba7d8e","Arkansas Pine Bluff Golden Lions vs Arkansas Razorbacks Baseball","cbs","2026-04-14 18:00:00","2026-04-14 23:00:00","2026-04-15 00:30:00",false,false,false,"[PREMIUM]","[PREMIUM]","[PREMIUM]","[PREMIUM]","[PREMIUM]","[PREMIUM]",false,false,"64efb743730df900014d397e","['5a4d5cc925f2c51914175bcf','58e87f94f80c4173e649faae']","[PREMIUM]","[PREMIUM]"
"69817d2f122694f5193919db","2026-02-04 01:17:06.008","2026-03-03 12:21:16.688","69817d2f122694f5193919db","Govt Mule with Larkin Poe","music","2026-04-15 19:30:00","2026-04-16 00:30:00","2026-04-16 01:30:00",false,false,false,"[PREMIUM]","[PREMIUM]","[PREMIUM]","[PREMIUM]","[PREMIUM]","[PREMIUM]",false,false,"5a9598d5e43ec900139f2228","['58b8c250f80c413c017b178a']","[PREMIUM]","[PREMIUM]"
"69817b84122694f51939198b","2026-02-04 01:17:06.008","2026-03-03 12:21:16.688","69817b84122694f51939198b","Govt Mule with Larkin Poe","music","2026-04-14 20:00:00","2026-04-15 01:00:00","2026-04-15 02:00:00",false,false,false,"[PREMIUM]","[PREMIUM]","[PREMIUM]","[PREMIUM]","[PREMIUM]","[PREMIUM]",false,false,"57d325c550575d33c85ae9b4","['58b8c250f80c413c017b178a']","[PREMIUM]","[PREMIUM]"
"69817aca59b29dccb6deadf7","2026-02-04 01:17:06.008","2026-03-03 12:21:08.970","69817aca59b29dccb6deadf7","Broncho","music","2026-04-13 20:00:00","2026-04-14 00:00:00","2026-04-14 01:30:00",false,false,false,"[PREMIUM]","[PREMIUM]","[PREMIUM]","[PREMIUM]","[PREMIUM]","[PREMIUM]",false,true,"5e4eab1437de3a003d6a9890","['5b8571ed58182c0013f33722']","[PREMIUM]","[PREMIUM]"
"697156db5b47465d0c41d0a1","2026-02-04 01:17:06.008","2026-03-03 12:21:16.688","697156db5b47465d0c41d0a1","Voxtrot","music","2026-04-15 20:00:00","2026-04-16 01:00:00","2026-04-16 01:00:00",false,false,false,"[PREMIUM]","[PREMIUM]","[PREMIUM]","[PREMIUM]","[PREMIUM]","[PREMIUM]",false,false,"5a2064463d83c9000fac99c8","['6930b3acfea89c7798effacb']","[PREMIUM]","[PREMIUM]"
"69817aeec0df6b23b6c4b3a8","2026-02-04 01:17:06.008","2026-03-03 12:21:16.688","69817aeec0df6b23b6c4b3a8","Broncho","music","2026-04-14 20:00:00","2026-04-15 01:00:00","2026-04-15 02:30:00",false,false,false,"[PREMIUM]","[PREMIUM]","[PREMIUM]","[PREMIUM]","[PREMIUM]","[PREMIUM]",false,true,"57c61b85f80c4132e4199031","['5b8571ed58182c0013f33722']","[PREMIUM]","[PREMIUM]"
"698241c9b18a502c1850ac9b","2026-02-04 01:17:06.008","2026-03-03 12:21:16.688","698241c9b18a502c1850ac9b","Ari Lennox","music","2026-04-15 20:00:00","2026-04-16 03:00:00","2026-04-16 04:30:00",false,false,false,"[PREMIUM]","[PREMIUM]","[PREMIUM]","[PREMIUM]","[PREMIUM]","[PREMIUM]",false,false,"57b63a83f80c4112cfa15c08","['5ca3af006349ea00162d8bd5']","[PREMIUM]","[PREMIUM]"
"69823c7f94c2e16e42716a63","2026-02-04 01:17:06.008","2026-03-03 12:21:16.688","69823c7f94c2e16e42716a63","Jim Brickman","music","2026-04-16 00:00:00","2026-04-16 05:00:00","2026-04-16 06:30:00",false,true,false,"[PREMIUM]","[PREMIUM]","[PREMIUM]","[PREMIUM]","[PREMIUM]","[PREMIUM]",false,false,"64e921fb34baf6000190780c","['5cc0ac539841e40015e1e50e']","[PREMIUM]","[PREMIUM]"
"698178a67e1604dfd1a92f8f","2026-02-04 01:17:06.008","2026-03-03 12:21:16.688","698178a67e1604dfd1a92f8f","Grieves","music","2026-04-15 20:00:00","2026-04-16 01:00:00","2026-04-16 02:00:00",false,false,false,"[PREMIUM]","[PREMIUM]","[PREMIUM]","[PREMIUM]","[PREMIUM]","[PREMIUM]",false,true,"5a2051ccea0e67000e9d70d0","['5967c88425f2c54d32e9f373']","[PREMIUM]","[PREMIUM]"
"69817be85fad7654c0575982","2026-02-04 01:17:06.008","2026-03-03 12:21:16.688","69817be85fad7654c0575982","Ben Bankas","comedy","2026-04-15 19:00:00","2026-04-15 23:00:00","2026-04-15 23:00:00",false,false,false,"[PREMIUM]","[PREMIUM]","[PREMIUM]","[PREMIUM]","[PREMIUM]","[PREMIUM]",false,true,"682e1a85f19f73a685863ba5","['679290fa48bd9bea43ba3081']","[PREMIUM]","[PREMIUM]"
"69817b6b1b44abe5fd1e7c78","2026-02-04 01:17:06.008","2026-03-03 12:21:16.688","69817b6b1b44abe5fd1e7c78","Broncho","music","2026-04-15 20:00:00","2026-04-16 00:00:00","2026-04-16 01:30:00",false,false,false,"[PREMIUM]","[PREMIUM]","[PREMIUM]","[PREMIUM]","[PREMIUM]","[PREMIUM]",false,true,"57eade5dcde6626ebe3ba5e3","['5b8571ed58182c0013f33722']","[PREMIUM]","[PREMIUM]"
"69817aa2ca54ebfc5d7521ed","2026-02-04 01:16:59.007","2026-03-03 12:21:08.970","69817aa2ca54ebfc5d7521ed","Jose Maria Napoleon","music","2026-04-12 20:00:00","2026-04-13 03:00:00","2026-04-13 03:00:00",false,false,false,"[PREMIUM]","[PREMIUM]","[PREMIUM]","[PREMIUM]","[PREMIUM]","[PREMIUM]",false,false,"6452c55f0ff0c500013e1dc4","['6813a17e2ee15428d51b140a']","[PREMIUM]","[PREMIUM]"
"69817bd844870d823f123b5d","2026-02-04 01:16:59.007","2026-03-03 12:21:01.596","69817bd844870d823f123b5d","October London","music","2026-04-11 20:00:00","2026-04-12 01:00:00","2026-04-12 01:00:00",false,false,false,"[PREMIUM]","[PREMIUM]","[PREMIUM]","[PREMIUM]","[PREMIUM]","[PREMIUM]",false,false,"59948c9a9da0d48c0de96120","['6577a5abc59e1593df075ec0']","[PREMIUM]","[PREMIUM]"
"69817d252c1ab27d4461a6b6","2026-02-04 01:16:59.007","2026-03-03 12:21:01.596","69817d252c1ab27d4461a6b6","Donavon Frankenreiter","music","2026-04-12 00:00:00","2026-04-12 04:00:00","2026-04-12 05:00:00",false,true,false,"[PREMIUM]","[PREMIUM]","[PREMIUM]","[PREMIUM]","[PREMIUM]","[PREMIUM]",false,false,"67f83459bdf1be3bcf87c25d","['5a1de5f825f2c570f75c494e']","[PREMIUM]","[PREMIUM]"
"69817c7a18d44d1a0e997782","2026-02-04 01:16:59.007","2026-03-03 12:21:08.970","69817c7a18d44d1a0e997782","Jim Gaffigan","comedy","2026-04-12 16:00:00","2026-04-12 20:00:00","2026-04-12 21:00:00",false,false,false,"[PREMIUM]","[PREMIUM]","[PREMIUM]","[PREMIUM]","[PREMIUM]","[PREMIUM]",false,false,"564bbf5bf80c417f37000001","['58b75009f80c412371dcaafe']","[PREMIUM]","[PREMIUM]"
"69817d8297c8a57c99441a5c","2026-02-04 01:16:59.007","2026-03-03 12:21:01.596","69817d8297c8a57c99441a5c","Air Supply","music","2026-04-11 20:00:00","2026-04-12 01:00:00","2026-04-12 02:30:00",false,false,false,"[PREMIUM]","[PREMIUM]","[PREMIUM]","[PREMIUM]","[PREMIUM]","[PREMIUM]",false,false,"59b1da9194c1c6000138c9d6","['61b3df47f835810001183897']","[PREMIUM]","[PREMIUM]"
"69817d835fad7654c05759e6","2026-02-04 01:16:59.007","2026-03-03 12:21:01.596","69817d835fad7654c05759e6","Fatboy Slim","music","2026-04-11 21:00:00","2026-04-12 02:00:00","2026-04-12 02:00:00",false,false,false,"[PREMIUM]","[PREMIUM]","[PREMIUM]","[PREMIUM]","[PREMIUM]","[PREMIUM]",false,true,"662029349c9819280e8278cf","['6712dfd8e3e6666c6d9eee39']","[PREMIUM]","[PREMIUM]"
"69817d0e29e7b3aedaec5c37","2026-02-04 01:16:59.007","2026-03-03 12:21:08.970","69817d0e29e7b3aedaec5c37","Lachlan Patterson","comedy","2026-04-12 19:00:00","2026-04-13 02:00:00","2026-04-13 02:00:00",false,false,false,"[PREMIUM]","[PREMIUM]","[PREMIUM]","[PREMIUM]","[PREMIUM]","[PREMIUM]",false,false,"648cd95a348f230001edaf67","['6568e9953d30717a1cf35779']","[PREMIUM]","[PREMIUM]"
"69817d0dd77ef776ec53ee3f","2026-02-04 01:16:59.007","2026-03-03 12:21:01.596","69817d0dd77ef776ec53ee3f","Pauly Shore","comedy","2026-04-11 21:30:00","2026-04-12 04:30:00","2026-04-12 06:00:00",false,false,false,"[PREMIUM]","[PREMIUM]","[PREMIUM]","[PREMIUM]","[PREMIUM]","[PREMIUM]",false,true,"648cd95a348f230001edaf67","['61d6306f9ee37b0001bab7b4']","[PREMIUM]","[PREMIUM]"
"69820cfe85343e2cf18bfd31","2026-02-04 01:16:59.007","2026-03-03 12:21:01.596","69820cfe85343e2cf18bfd31","Big Head Todd and the Monsters (21+ Event)","music","2026-04-11 20:00:00","2026-04-12 01:00:00","2026-04-12 02:00:00",false,false,false,"[PREMIUM]","[PREMIUM]","[PREMIUM]","[PREMIUM]","[PREMIUM]","[PREMIUM]",false,false,"6737d93c176a2e20e05b1243","['56730ffdf80c410dcd000002']","[PREMIUM]","[PREMIUM]"
"69817cf943c068ff2331a26b","2026-02-04 01:16:59.007","2026-03-03 12:21:01.596","69817cf943c068ff2331a26b","Jose Maria Napoleon","music","2026-04-11 20:00:00","2026-04-12 03:00:00","2026-04-12 03:00:00",false,false,false,"[PREMIUM]","[PREMIUM]","[PREMIUM]","[PREMIUM]","[PREMIUM]","[PREMIUM]",false,false,"5654e5c3f80c41136e000001","['6813a17e2ee15428d51b140a']","[PREMIUM]","[PREMIUM]"
"69820420510c8ed7977cfe9e","2026-02-04 01:16:59.007","2026-03-03 12:21:08.970","69820420510c8ed7977cfe9e","Gerald Albright","music","2026-04-12 18:00:00","2026-04-12 22:00:00","2026-04-12 22:00:00",false,false,false,"[PREMIUM]","[PREMIUM]","[PREMIUM]","[PREMIUM]","[PREMIUM]","[PREMIUM]",false,false,"67660cd7a153a2ef9e5bace3","['6891258a3fb0c19a73ecbd80']","[PREMIUM]","[PREMIUM]"
"6982419e5e78a87f7624bf2b","2026-02-04 01:16:59.007","2026-03-03 12:21:08.970","6982419e5e78a87f7624bf2b","Ari Lennox","music","2026-04-12 20:00:00","2026-04-13 03:00:00","2026-04-13 04:30:00",false,false,false,"[PREMIUM]","[PREMIUM]","[PREMIUM]","[PREMIUM]","[PREMIUM]","[PREMIUM]",false,false,"563013aef80c412e71000001","['5ca3af006349ea00162d8bd5']","[PREMIUM]","[PREMIUM]"
"69817b0e7e1604dfd1a92fe9","2026-02-04 01:16:59.007","2026-03-03 12:21:08.970","69817b0e7e1604dfd1a92fe9","Dexter and the Moonrocks","music","2026-04-12 19:00:00","2026-04-12 23:00:00","2026-04-13 00:30:00",false,false,false,"[PREMIUM]","[PREMIUM]","[PREMIUM]","[PREMIUM]","[PREMIUM]","[PREMIUM]",false,true,"66d76f5ab81e747034a9ba87","['645ac5e6c055020001f7c822']","[PREMIUM]","[PREMIUM]"
"69721b06e670d526d685a39b","2026-02-04 01:16:59.007","2026-03-03 12:21:08.970","69721b06e670d526d685a39b","Thursday and Chris Conley","music","2026-04-12 19:30:00","2026-04-13 02:30:00","2026-04-13 03:30:00",false,false,false,"[PREMIUM]","[PREMIUM]","[PREMIUM]","[PREMIUM]","[PREMIUM]","[PREMIUM]",false,false,"5af9e5b01dad50001321a34d","['5892c780f80c410c930ab4a8']","[PREMIUM]","[PREMIUM]"
"69817d0d122694f5193919cb","2026-02-04 01:16:51.234","2026-03-03 12:20:53.301","69817d0d122694f5193919cb","Pauly Shore","comedy","2026-04-10 21:15:00","2026-04-11 04:15:00","2026-04-11 05:45:00",false,false,false,"[PREMIUM]","[PREMIUM]","[PREMIUM]","[PREMIUM]","[PREMIUM]","[PREMIUM]",false,false,"648cd95a348f230001edaf67","['61d6306f9ee37b0001bab7b4']","[PREMIUM]","[PREMIUM]"
"69817d0d049187543ef58e6a","2026-02-04 01:16:51.234","2026-03-03 12:21:01.596","69817d0d049187543ef58e6a","Pauly Shore","comedy","2026-04-11 19:00:00","2026-04-12 02:00:00","2026-04-12 03:30:00",false,false,false,"[PREMIUM]","[PREMIUM]","[PREMIUM]","[PREMIUM]","[PREMIUM]","[PREMIUM]",false,false,"648cd95a348f230001edaf67","['61d6306f9ee37b0001bab7b4']","[PREMIUM]","[PREMIUM]"
"69817b6037d36be3f69c58f9","2026-02-04 01:16:51.234","2026-03-03 12:20:53.301","69817b6037d36be3f69c58f9","Los Parras","music","2026-04-10 20:00:00","2026-04-11 03:00:00","2026-04-11 03:00:00",false,false,false,"[PREMIUM]","[PREMIUM]","[PREMIUM]","[PREMIUM]","[PREMIUM]","[PREMIUM]",false,false,"59b848e23d4a400001188f5b","['68a89022d3f6e8b09aabfdf2']","[PREMIUM]","[PREMIUM]"
"69820cfe29e7b3aedaec7f5b","2026-02-04 01:16:51.234","2026-03-03 12:20:53.301","69820cfe29e7b3aedaec7f5b","Big Head Todd and the Monsters (21+ Event)","music","2026-04-10 20:00:00","2026-04-11 01:00:00","2026-04-11 02:00:00",false,false,false,"[PREMIUM]","[PREMIUM]","[PREMIUM]","[PREMIUM]","[PREMIUM]","[PREMIUM]",false,false,"6737d93c176a2e20e05b1243","['56730ffdf80c410dcd000002']","[PREMIUM]","[PREMIUM]"
"6981771e2c1ab27d4461a5d8","2026-02-04 01:16:51.234","2026-03-03 12:20:53.301","6981771e2c1ab27d4461a5d8","Bingo Loco (21+ Event)","music","2026-04-11 14:30:00","2026-04-11 18:30:00","2026-04-11 18:30:00",false,false,false,"[PREMIUM]","[PREMIUM]","[PREMIUM]","[PREMIUM]","[PREMIUM]","[PREMIUM]",false,false,"57c73ee4f80c411f0d148669","['6668d4cb075eb00266a9c7ca']","[PREMIUM]","[PREMIUM]"
"6981771e510c8ed7977cdd34","2026-02-04 01:16:51.234","2026-03-03 12:21:01.596","6981771e510c8ed7977cdd34","Bingo Loco (21+ Event)","music","2026-04-11 19:30:00","2026-04-11 23:30:00","2026-04-11 23:30:00",false,false,false,"[PREMIUM]","[PREMIUM]","[PREMIUM]","[PREMIUM]","[PREMIUM]","[PREMIUM]",false,false,"57c73ee4f80c411f0d148669","['6668d4cb075eb00266a9c7ca']","[PREMIUM]","[PREMIUM]"
"69012f00b06340bbb8162d43","2026-02-04 01:16:41.601","2026-03-03 12:20:44.914","69012f00b06340bbb8162d43","2026 Breakaway Music Festival Dallas - 2 Day Pass (4/10 - 4/11)","music","2026-04-10 13:59:00","2026-04-10 18:59:00","2026-04-10 23:59:00",false,false,false,"[PREMIUM]","[PREMIUM]","[PREMIUM]","[PREMIUM]","[PREMIUM]","[PREMIUM]",false,false,"5a9ed5a0593d25001363a703","['59763dd725f2c542d0d0de62']","[PREMIUM]","[PREMIUM]"
"69817d0d254cf8b8ebef60c9","2026-02-04 01:16:41.601","2026-03-03 12:20:44.914","69817d0d254cf8b8ebef60c9","Pauly Shore","comedy","2026-04-09 19:30:00","2026-04-10 02:30:00","2026-04-10 04:00:00",false,false,false,"[PREMIUM]","[PREMIUM]","[PREMIUM]","[PREMIUM]","[PREMIUM]","[PREMIUM]",false,true,"648cd95a348f230001edaf67","['61d6306f9ee37b0001bab7b4']","[PREMIUM]","[PREMIUM]"
"69817d9d882f59d938135a2a","2026-02-04 01:16:41.601","2026-03-03 12:20:44.914","69817d9d882f59d938135a2a","Cobrah","music","2026-04-09 20:00:00","2026-04-10 02:00:00","2026-04-10 02:00:00",false,false,false,"[PREMIUM]","[PREMIUM]","[PREMIUM]","[PREMIUM]","[PREMIUM]","[PREMIUM]",false,false,"57e2fe1450575d33c8a4f72e","['6529c4e455e05140a43e6a95']","[PREMIUM]","[PREMIUM]"
"69817d0dc0df6b23b6c4b3e0","2026-02-04 01:16:41.601","2026-03-03 12:20:53.301","69817d0dc0df6b23b6c4b3e0","Pauly Shore","comedy","2026-04-10 19:00:00","2026-04-11 02:00:00","2026-04-11 03:30:00",false,false,false,"[PREMIUM]","[PREMIUM]","[PREMIUM]","[PREMIUM]","[PREMIUM]","[PREMIUM]",false,true,"648cd95a348f230001edaf67","['61d6306f9ee37b0001bab7b4']","[PREMIUM]","[PREMIUM]"
"698178aa44870d823f123aed","2026-02-04 01:16:41.601","2026-03-03 12:20:44.914","698178aa44870d823f123aed","Jose Maria Napoleon","music","2026-04-09 20:00:00","2026-04-10 03:00:00","2026-04-10 03:00:00",false,false,false,"[PREMIUM]","[PREMIUM]","[PREMIUM]","[PREMIUM]","[PREMIUM]","[PREMIUM]",false,false,"61b3c2af91e8fa0001b09a40","['6813a17e2ee15428d51b140a']","[PREMIUM]","[PREMIUM]"
"69820812d77ef776ec540ff8","2026-02-04 01:16:41.601","2026-03-03 12:20:53.301","69820812d77ef776ec540ff8","Dexter and The Moonrocks","music","2026-04-10 20:00:00","2026-04-11 00:00:00","2026-04-11 01:30:00",false,false,false,"[PREMIUM]","[PREMIUM]","[PREMIUM]","[PREMIUM]","[PREMIUM]","[PREMIUM]",false,true,"66034a13fe9a7350348bb7fd","['645ac5e6c055020001f7c822']","[PREMIUM]","[PREMIUM]"
"69817cb443c068ff2331a259","2026-02-04 01:16:41.601","2026-03-03 12:20:53.301","69817cb443c068ff2331a259","Jim Brickman","music","2026-04-10 19:30:00","2026-04-11 01:30:00","2026-04-11 03:00:00",false,false,false,"[PREMIUM]","[PREMIUM]","[PREMIUM]","[PREMIUM]","[PREMIUM]","[PREMIUM]",false,true,"66983ef1172674ab5a5c2f54","['5cc0ac539841e40015e1e50e']","[PREMIUM]","[PREMIUM]"
"69817d5f3d9146498e1ac6a8","2026-02-04 01:16:41.601","2026-03-03 12:20:44.914","69817d5f3d9146498e1ac6a8","Avery Anna","music","2026-04-09 20:00:00","2026-04-10 01:00:00","2026-04-10 01:00:00",false,false,false,"[PREMIUM]","[PREMIUM]","[PREMIUM]","[PREMIUM]","[PREMIUM]","[PREMIUM]",false,true,"63eec6842540aa00017b603c","['68767376b8b68266ffcbe981']","[PREMIUM]","[PREMIUM]"
"6981784243c068ff2331a1c2","2026-02-04 01:16:41.601","2026-03-03 12:20:53.301","6981784243c068ff2331a1c2","Cobrah","music","2026-04-10 19:30:00","2026-04-11 02:30:00","2026-04-11 02:30:00",false,false,false,"[PREMIUM]","[PREMIUM]","[PREMIUM]","[PREMIUM]","[PREMIUM]","[PREMIUM]",false,false,"569fdf92f80c4107cf000002","['6529c4e455e05140a43e6a95']","[PREMIUM]","[PREMIUM]"
"69817d0dbf19d8accbd343b1","2026-02-04 01:16:34.099","2026-03-03 12:20:44.914","69817d0dbf19d8accbd343b1","Pauly Shore","comedy","2026-04-08 19:30:00","2026-04-09 02:30:00","2026-04-09 04:00:00",false,false,false,"[PREMIUM]","[PREMIUM]","[PREMIUM]","[PREMIUM]","[PREMIUM]","[PREMIUM]",false,true,"648cd95a348f230001edaf67","['61d6306f9ee37b0001bab7b4']","[PREMIUM]","[PREMIUM]"
"69817ccbac24908c00f6dc3c","2026-02-04 01:16:34.099","2026-03-03 12:20:36.864","69817ccbac24908c00f6dc3c","Cobrah","music","2026-04-07 20:00:00","2026-04-08 03:00:00","2026-04-08 03:00:00",false,false,false,"[PREMIUM]","[PREMIUM]","[PREMIUM]","[PREMIUM]","[PREMIUM]","[PREMIUM]",false,false,"57e16d3850575d33c89b5081","['6529c4e455e05140a43e6a95']","[PREMIUM]","[PREMIUM]"
"6919032aebe6ec0783af1549","2026-02-04 01:16:25.728","2026-03-03 12:20:28.602","6919032aebe6ec0783af1549","Best of Bim Skala Bim Vol 2 Vinyl Release Party (18+ Event)","music","2026-04-04 20:00:00","2026-04-05 00:00:00","2026-04-05 00:00:00",false,false,false,"[PREMIUM]","[PREMIUM]","[PREMIUM]","[PREMIUM]","[PREMIUM]","[PREMIUM]",false,false,"6452c2eca9715f0001bf99ec","['65f28b40fe223c3929fab609']","[PREMIUM]","[PREMIUM]"
"697b1dd52957158050d6651d","2026-02-04 01:16:25.728","2026-03-03 12:20:36.864","697b1dd52957158050d6651d","CONCACAF Champions Cup Quarterfinals - TBD at Philadelphia Union (Date TBD) (4/7 - 4/16) (If Necessary)","mls","2026-04-07 00:00:00","2026-04-07 04:00:00","2026-04-07 04:45:00",true,true,true,"[PREMIUM]","[PREMIUM]","[PREMIUM]","[PREMIUM]","[PREMIUM]","[PREMIUM]",false,false,"53acb8a13bf3760237000002","['53acb8ac3bf3760237000011','5a99e2126311820014498a01','6377cb5dea16fc0001d294d4']","[PREMIUM]","[PREMIUM]"
"697bc70590fa2bd5bd18c224","2026-02-04 01:16:25.728","2026-03-03 12:20:36.864","697bc70590fa2bd5bd18c224","CONCACAF Champions Cup Quarterfinals - TBD at Los Angeles FC (Date TBD) (4/7 - 4/16) (If Necessary)","mls","2026-04-07 00:00:00","2026-04-07 07:00:00","2026-04-07 07:45:00",true,true,true,"[PREMIUM]","[PREMIUM]","[PREMIUM]","[PREMIUM]","[PREMIUM]","[PREMIUM]",false,false,"5a4fc684f440de00136a0def","['5a4fbec425f2c57287343140','5a99e2126311820014498a01','6377cb5dea16fc0001d294d4']","[PREMIUM]","[PREMIUM]"
"697b1bf8215c064319867059","2026-02-04 01:16:25.728","2026-03-03 12:20:36.864","697b1bf8215c064319867059","CONCACAF Champions Cup Quarterfinals - TBD at San Diego FC (Date TBD) (4/7 - 4/16) (If Necessary)","mls","2026-04-07 00:00:00","2026-04-07 07:00:00","2026-04-07 07:00:00",true,true,true,"[PREMIUM]","[PREMIUM]","[PREMIUM]","[PREMIUM]","[PREMIUM]","[PREMIUM]",false,false,"62cc81b8fcd74700019ad72b","['67659494bff3b0a9b3422f40','5a99e2126311820014498a01']","[PREMIUM]","[PREMIUM]"
"697b193e4e6c608a99a83add","2026-02-04 01:16:25.728","2026-03-03 12:20:36.864","697b193e4e6c608a99a83add","CONCACAF Champions Cup Quarterfinals - TBD at FC Cincinnati (Date TBD) (4/7 - 4/16) (If Necessary)","mls","2026-04-07 00:00:00","2026-04-07 04:00:00","2026-04-07 05:30:00",true,true,true,"[PREMIUM]","[PREMIUM]","[PREMIUM]","[PREMIUM]","[PREMIUM]","[PREMIUM]",false,false,"60b047cc77d356000175a48c","['5775aef4f80c4140355d346f','5a99e2126311820014498a01','6377cb5dea16fc0001d294d4']","[PREMIUM]","[PREMIUM]"
"69817afa7e1604dfd1a92fe7","2026-02-04 01:16:25.728","2026-03-03 12:20:28.602","69817afa7e1604dfd1a92fe7","Los Parras","music","2026-04-04 20:00:00","2026-04-05 01:00:00","2026-04-05 01:00:00",false,false,false,"[PREMIUM]","[PREMIUM]","[PREMIUM]","[PREMIUM]","[PREMIUM]","[PREMIUM]",false,true,"67f93d5b50e2b3537dbb0f5d","['68a89022d3f6e8b09aabfdf2']","[PREMIUM]","[PREMIUM]"
"697b16f7a1f6b6a06248a11e","2026-02-04 01:16:25.728","2026-03-03 12:20:36.864","697b16f7a1f6b6a06248a11e","CONCACAF Champions Cup Quarterfinals - TBD at Los Angeles Galaxy (Date TBD) (4/7 - 4/16) (If Necessary)","mls","2026-04-07 00:00:00","2026-04-07 07:00:00","2026-04-07 07:45:00",true,true,true,"[PREMIUM]","[PREMIUM]","[PREMIUM]","[PREMIUM]","[PREMIUM]","[PREMIUM]",false,false,"538794ad21efd360b1000006","['539619583bf37601f600001b','5a99e2126311820014498a01','6377cb5dea16fc0001d294d4']","[PREMIUM]","[PREMIUM]"
"697b169ddb36a58d6b90b11d","2026-02-04 01:16:25.728","2026-03-03 12:20:36.864","697b169ddb36a58d6b90b11d","CONCACAF Champions Cup Quarterfinals - TBD at Vancouver Whitecaps FC (Date TBD) (4/7 - 4/16) (If Necessary)","mls","2026-04-07 00:00:00","2026-04-07 07:00:00","2026-04-07 07:45:00",true,true,true,"[PREMIUM]","[PREMIUM]","[PREMIUM]","[PREMIUM]","[PREMIUM]","[PREMIUM]",false,false,"55423f8b78fea53bb6000002","['55423f9678fea53bb6000006','5a99e2126311820014498a01','6377cb5dea16fc0001d294d4']","[PREMIUM]","[PREMIUM]"
"69817b63367de45e48a476a0","2026-02-04 01:16:25.728","2026-03-03 12:20:28.602","69817b63367de45e48a476a0","Cobrah","music","2026-04-05 19:00:00","2026-04-06 01:00:00","2026-04-06 01:00:00",false,false,false,"[PREMIUM]","[PREMIUM]","[PREMIUM]","[PREMIUM]","[PREMIUM]","[PREMIUM]",false,true,"5a29bfd47d2bc3000f24a033","['6529c4e455e05140a43e6a95']","[PREMIUM]","[PREMIUM]"
"69817d7337d36be3f69c595f","2026-02-04 01:16:25.728","2026-03-03 12:20:36.864","69817d7337d36be3f69c595f","Jose Maria Napoleon","music","2026-04-05 20:00:00","2026-04-06 00:00:00","2026-04-06 00:00:00",false,false,false,"[PREMIUM]","[PREMIUM]","[PREMIUM]","[PREMIUM]","[PREMIUM]","[PREMIUM]",false,false,"598387be9da0d48c0d7eb8be","['6813a17e2ee15428d51b140a']","[PREMIUM]","[PREMIUM]"
"69816120254cf8b8ebef59b3","2026-02-04 01:16:25.728","2026-03-03 12:20:36.864","69816120254cf8b8ebef59b3","Black Label Society","music","2026-04-06 19:30:00","2026-04-06 23:30:00","2026-04-07 00:30:00",false,false,false,"[PREMIUM]","[PREMIUM]","[PREMIUM]","[PREMIUM]","[PREMIUM]","[PREMIUM]",false,false,"57d2fbe050575d33c8593598","['59dfb15f25f2c5105f665a6a']","[PREMIUM]","[PREMIUM]"
"697b1d13019b0bfb30c1a430","2026-02-04 01:16:25.728","2026-03-03 12:20:36.864","697b1d13019b0bfb30c1a430","CONCACAF Champions Cup Quarterfinals - TBD at Nashville SC (Date TBD) (4/7 - 4/16) (If Necessary)","mls","2026-04-07 00:00:00","2026-04-07 05:00:00","2026-04-07 05:45:00",true,true,true,"[PREMIUM]","[PREMIUM]","[PREMIUM]","[PREMIUM]","[PREMIUM]","[PREMIUM]",false,false,"620e9a2adbd46a0001e7d105","['5aa95bac859ef10013a98758','5a99e2126311820014498a01','6377cb5dea16fc0001d294d4']","[PREMIUM]","[PREMIUM]"
"6973a52b242b94b0e39fa58b","2026-02-04 01:16:25.728","2026-03-03 12:20:36.864","6973a52b242b94b0e39fa58b","Voxtrot (18+ Event)","music","2026-04-06 19:00:00","2026-04-06 23:00:00","2026-04-06 23:00:00",false,false,false,"[PREMIUM]","[PREMIUM]","[PREMIUM]","[PREMIUM]","[PREMIUM]","[PREMIUM]",false,true,"69446e107202511770e35542","['6930b3acfea89c7798effacb']","[PREMIUM]","[PREMIUM]"
"69817de3c571009eefea57fe","2026-02-04 01:16:25.728","2026-03-03 12:20:28.602","69817de3c571009eefea57fe","Rob Schneider","comedy","2026-04-04 19:30:00","2026-04-05 02:30:00","2026-04-05 04:00:00",false,false,false,"[PREMIUM]","[PREMIUM]","[PREMIUM]","[PREMIUM]","[PREMIUM]","[PREMIUM]",false,true,"67e3124e7b248feb3bf2ebde","['61a6bc9d7f747f000126a5ab']","[PREMIUM]","[PREMIUM]"
"6979fd87b077ddb326410ab1","2026-02-04 01:16:25.728","2026-03-03 12:20:28.602","6979fd87b077ddb326410ab1","Gospel Brunch","music","2026-04-05 10:00:00","2026-04-05 17:00:00","2026-04-05 18:00:00",false,false,false,"[PREMIUM]","[PREMIUM]","[PREMIUM]","[PREMIUM]","[PREMIUM]","[PREMIUM]",false,false,"57c4d064f80c412715be6457","['5a7de49725f2c571ede72fc7']","[PREMIUM]","[PREMIUM]"
"69816028049187543ef5873d","2026-02-04 01:16:18.722","2026-03-03 12:20:20.196","69816028049187543ef5873d","Black Label Society","music","2026-04-03 19:30:00","2026-04-03 23:30:00","2026-04-04 00:30:00",false,false,false,"[PREMIUM]","[PREMIUM]","[PREMIUM]","[PREMIUM]","[PREMIUM]","[PREMIUM]",false,false,"62b25fcca10296000139f20e","['59dfb15f25f2c5105f665a6a']","[PREMIUM]","[PREMIUM]"
"6982061bbb17cbcd6eaab780","2026-02-04 01:16:18.722","2026-03-03 12:20:20.196","6982061bbb17cbcd6eaab780","Forge FC at Atletico Ottawa","cpl","2026-04-04 15:00:00","2026-04-04 19:00:00","2026-04-04 20:30:00",false,false,false,"[PREMIUM]","[PREMIUM]","[PREMIUM]","[PREMIUM]","[PREMIUM]","[PREMIUM]",false,false,"55f8564ef80c414b2a000001","['61043d9651e6b400015c9365','5d14f1895da0210019ae57ad']","[PREMIUM]","[PREMIUM]"
"69817da9254cf8b8ebef60f7","2026-02-04 01:16:18.722","2026-03-03 12:20:20.196","69817da9254cf8b8ebef60f7","Randy Feltface","comedy","2026-04-03 21:45:00","2026-04-04 02:45:00","2026-04-04 04:15:00",false,false,false,"[PREMIUM]","[PREMIUM]","[PREMIUM]","[PREMIUM]","[PREMIUM]","[PREMIUM]",false,false,"64f0f8f2e2b35d00016720b4","['6334c58297f3bf00014efc0b']","[PREMIUM]","[PREMIUM]"
"69817d0ebe953fbf7109c478","2026-02-04 01:16:18.722","2026-03-03 12:20:20.196","69817d0ebe953fbf7109c478","Emily Catalano","comedy","2026-04-03 21:15:00","2026-04-04 04:15:00","2026-04-04 04:15:00",false,false,false,"[PREMIUM]","[PREMIUM]","[PREMIUM]","[PREMIUM]","[PREMIUM]","[PREMIUM]",false,true,"648cd95a348f230001edaf67","['66cdeb7ccf3cf1ad3eee8125']","[PREMIUM]","[PREMIUM]"
"69817dea742b08617c1ece8e","2026-02-04 01:16:18.722","2026-03-03 12:20:20.196","69817dea742b08617c1ece8e","Los Parras","music","2026-04-03 20:00:00","2026-04-04 02:00:00","2026-04-04 02:00:00",false,false,false,"[PREMIUM]","[PREMIUM]","[PREMIUM]","[PREMIUM]","[PREMIUM]","[PREMIUM]",false,true,"6495e79e813d730001f89cdd","['68a89022d3f6e8b09aabfdf2']","[PREMIUM]","[PREMIUM]"
"694237551b0bf047bda05342","2026-02-04 01:16:18.722","2026-03-03 12:20:20.196","694237551b0bf047bda05342","CF Monterrey vs San Luis FC","soccer","2026-04-04 17:00:00","2026-04-04 22:00:00","2026-04-04 23:30:00",false,false,false,"[PREMIUM]","[PREMIUM]","[PREMIUM]","[PREMIUM]","[PREMIUM]","[PREMIUM]",false,false,"678041462134422fb085f4ee","['5c671881cacf1a0015a8d33f','6272e9c47ada3b00014c3b2c']","[PREMIUM]","[PREMIUM]"
"69817d72dbbdcb51aa76bc46","2026-02-04 01:16:18.722","2026-03-03 12:20:20.196","69817d72dbbdcb51aa76bc46","Capital Classic","other","2026-04-04 10:30:00","2026-04-04 14:30:00","2026-04-04 16:00:00",false,false,false,"[PREMIUM]","[PREMIUM]","[PREMIUM]","[PREMIUM]","[PREMIUM]","[PREMIUM]",false,false,"5429fd7b3bf376137f000001","['63efeafa9826330001c9688a']","[PREMIUM]","[PREMIUM]"
"69817b19e1df0ffb29571f03","2026-02-04 01:16:18.722","2026-03-03 12:20:20.196","69817b19e1df0ffb29571f03","Jose Maria Napoleon","music","2026-04-03 20:00:00","2026-04-04 00:00:00","2026-04-04 00:00:00",false,false,false,"[PREMIUM]","[PREMIUM]","[PREMIUM]","[PREMIUM]","[PREMIUM]","[PREMIUM]",false,false,"63bc85f2824ccc0001ea5b4c","['6813a17e2ee15428d51b140a']","[PREMIUM]","[PREMIUM]"
"69823b025ec4cc9f6a543004","2026-02-04 01:16:18.722","2026-03-03 12:20:28.602","69823b025ec4cc9f6a543004","Cobrah","music","2026-04-04 19:00:00","2026-04-05 01:00:00","2026-04-05 01:00:00",false,false,false,"[PREMIUM]","[PREMIUM]","[PREMIUM]","[PREMIUM]","[PREMIUM]","[PREMIUM]",false,false,"5a85d19a214981001496e54e","['6529c4e455e05140a43e6a95']","[PREMIUM]","[PREMIUM]"
"69817ca87e1604dfd1a93015","2026-02-04 01:16:11.909","2026-03-03 12:20:09.164","69817ca87e1604dfd1a93015","Jose Maria Napoleon","music","2026-04-02 19:00:00","2026-04-02 23:00:00","2026-04-02 23:00:00",false,false,false,"[PREMIUM]","[PREMIUM]","[PREMIUM]","[PREMIUM]","[PREMIUM]","[PREMIUM]",false,false,"658f41a820ed1afcd309bf65","['6813a17e2ee15428d51b140a']","[PREMIUM]","[PREMIUM]"
"69823d8f0d6c054e3ac4d79e","2026-02-04 01:16:11.909","2026-03-03 12:20:09.164","69823d8f0d6c054e3ac4d79e","Rich Amiri","music","2026-04-01 20:00:00","2026-04-02 03:00:00","2026-04-02 03:00:00",false,false,false,"[PREMIUM]","[PREMIUM]","[PREMIUM]","[PREMIUM]","[PREMIUM]","[PREMIUM]",false,true,"57e16d3950575d33c89b50cb","['65d8ebf26424bd088a7f68e5']","[PREMIUM]","[PREMIUM]"
"69817d0e97c8a57c99441a31","2026-02-04 01:16:11.909","2026-03-03 12:20:09.164","69817d0e97c8a57c99441a31","Cobrah","music","2026-04-01 20:00:00","2026-04-02 03:00:00","2026-04-02 03:00:00",false,false,false,"[PREMIUM]","[PREMIUM]","[PREMIUM]","[PREMIUM]","[PREMIUM]","[PREMIUM]",false,false,"57e31d1450575d33c8a5fb77","['6529c4e455e05140a43e6a95']","[PREMIUM]","[PREMIUM]"
"69817b375fad7654c0575972","2026-02-04 01:16:11.909","2026-03-03 12:20:09.164","69817b375fad7654c0575972","Cobrah","music","2026-04-02 19:00:00","2026-04-03 02:00:00","2026-04-03 02:00:00",false,false,false,"[PREMIUM]","[PREMIUM]","[PREMIUM]","[PREMIUM]","[PREMIUM]","[PREMIUM]",false,false,"57e9ab62cde6626ebe2fd6a9","['6529c4e455e05140a43e6a95']","[PREMIUM]","[PREMIUM]"
"69816042367de45e48a46f62","2026-02-04 01:16:11.909","2026-03-03 12:20:09.164","69816042367de45e48a46f62","Black Label Society","music","2026-04-02 19:30:00","2026-04-02 23:30:00","2026-04-03 00:30:00",false,false,false,"[PREMIUM]","[PREMIUM]","[PREMIUM]","[PREMIUM]","[PREMIUM]","[PREMIUM]",false,false,"597b6fe29da0d48c0d9396cd","['59dfb15f25f2c5105f665a6a']","[PREMIUM]","[PREMIUM]"
"6982035749ab635b3cd9c68e","2026-02-04 01:16:11.909","2026-03-03 12:20:09.164","6982035749ab635b3cd9c68e","Dexter and The Moonrocks","music","2026-04-02 18:00:00","2026-04-02 22:00:00","2026-04-02 23:30:00",false,false,false,"[PREMIUM]","[PREMIUM]","[PREMIUM]","[PREMIUM]","[PREMIUM]","[PREMIUM]",false,true,"66202a06e253cde1260250b2","['645ac5e6c055020001f7c822']","[PREMIUM]","[PREMIUM]"
"697151edb186e21ce39beecc","2026-02-04 01:16:05.007","2026-03-03 12:20:01.548","697151edb186e21ce39beecc","Voxtrot","music","2026-03-30 19:00:00","2026-03-31 02:00:00","2026-03-31 02:00:00",false,false,false,"[PREMIUM]","[PREMIUM]","[PREMIUM]","[PREMIUM]","[PREMIUM]","[PREMIUM]",false,false,"57e2f27c50575d33c8a48f4c","['6930b3acfea89c7798effacb']","[PREMIUM]","[PREMIUM]"
"69817ccb049187543ef58e5e","2026-02-04 01:16:05.007","2026-03-03 12:20:01.548","69817ccb049187543ef58e5e","Cobrah","music","2026-03-30 20:00:00","2026-03-31 03:00:00","2026-03-31 03:00:00",false,false,false,"[PREMIUM]","[PREMIUM]","[PREMIUM]","[PREMIUM]","[PREMIUM]","[PREMIUM]",false,false,"56413669f80c416283000003","['6529c4e455e05140a43e6a95']","[PREMIUM]","[PREMIUM]"
"698159b7882f59d93813512e","2026-02-04 01:16:05.007","2026-03-03 12:20:01.548","698159b7882f59d93813512e","Black Label Society","music","2026-03-31 19:30:00","2026-03-31 23:30:00","2026-04-01 00:30:00",false,false,false,"[PREMIUM]","[PREMIUM]","[PREMIUM]","[PREMIUM]","[PREMIUM]","[PREMIUM]",false,false,"57eaab67cde6626ebe3842d9","['59dfb15f25f2c5105f665a6a']","[PREMIUM]","[PREMIUM]"
"69816200cb5b701f6bfabe0f","2026-02-04 01:16:05.007","2026-03-03 12:20:01.548","69816200cb5b701f6bfabe0f","Black Label Society","music","2026-03-29 19:30:00","2026-03-29 23:30:00","2026-03-30 00:30:00",false,false,false,"[PREMIUM]","[PREMIUM]","[PREMIUM]","[PREMIUM]","[PREMIUM]","[PREMIUM]",false,true,"642218bd42378f0001013ec5","['59dfb15f25f2c5105f665a6a']","[PREMIUM]","[PREMIUM]"
"69817d26742b08617c1ece59","2026-02-04 01:16:05.007","2026-03-03 12:20:01.548","69817d26742b08617c1ece59","Elrow","music","2026-03-29 22:00:00","2026-03-30 02:00:00","2026-03-30 02:00:00",false,false,false,"[PREMIUM]","[PREMIUM]","[PREMIUM]","[PREMIUM]","[PREMIUM]","[PREMIUM]",false,true,"66034c8762db134c1f23b31d","['66f1d20cdb0285e0fbb8944d']","[PREMIUM]","[PREMIUM]"
"6941e7e73c753e201e19d757","2026-02-04 01:15:58.242","2026-02-17 19:28:55.221","6941e7e73c753e201e19d757","Jesse Malin","music","2026-03-28 20:00:00","2026-03-29 00:00:00","2026-03-29 01:30:00",false,false,false,"[PREMIUM]","[PREMIUM]","[PREMIUM]","[PREMIUM]","[PREMIUM]","[PREMIUM]",false,false,"57bf665ff80c4103a4c914a2","['5d4355abbe45e4003466e0a6']","[PREMIUM]","[PREMIUM]"
"69715216a99ed170967ccff4","2026-02-04 01:15:58.242","2026-03-03 12:19:54.045","69715216a99ed170967ccff4","Voxtrot","music","2026-03-28 21:00:00","2026-03-29 04:00:00","2026-03-29 04:00:00",false,false,false,"[PREMIUM]","[PREMIUM]","[PREMIUM]","[PREMIUM]","[PREMIUM]","[PREMIUM]",false,false,"564cff89f80c410bf1000001","['6930b3acfea89c7798effacb']","[PREMIUM]","[PREMIUM]"
"69817de5049187543ef58ea4","2026-02-04 01:15:58.242","2026-03-03 12:19:54.045","69817de5049187543ef58ea4","Los Parras","music","2026-03-28 20:00:00","2026-03-29 03:00:00","2026-03-29 03:00:00",false,false,false,"[PREMIUM]","[PREMIUM]","[PREMIUM]","[PREMIUM]","[PREMIUM]","[PREMIUM]",false,true,"66fb21e624a225da20c20a45","['68a89022d3f6e8b09aabfdf2']","[PREMIUM]","[PREMIUM]"
"69817d95e1df0ffb29571f76","2026-02-04 01:15:58.242","2026-03-03 12:19:54.045","69817d95e1df0ffb29571f76","Andy C","music","2026-03-28 22:00:00","2026-03-29 02:00:00","2026-03-29 02:00:00",false,false,false,"[PREMIUM]","[PREMIUM]","[PREMIUM]","[PREMIUM]","[PREMIUM]","[PREMIUM]",false,false,"57a3a163f80c412918b4b347","['65832453469bde5c36f1f61d']","[PREMIUM]","[PREMIUM]"
"69823dcfcaa75ac0d02b7363","2026-02-04 01:15:58.242","2026-03-03 12:19:54.045","69823dcfcaa75ac0d02b7363","KenTheMan","music","2026-03-28 20:00:00","2026-03-29 01:00:00","2026-03-29 01:00:00",false,false,false,"[PREMIUM]","[PREMIUM]","[PREMIUM]","[PREMIUM]","[PREMIUM]","[PREMIUM]",false,false,"62d0a657b1c2f2000148b58a","['650c47fb7387120001a14799']","[PREMIUM]","[PREMIUM]"
"6981773744870d823f123aaa","2026-02-04 01:15:50.639","2026-03-03 12:19:38.487","6981773744870d823f123aaa","Bob Schneider","music","2026-03-27 19:15:00","2026-03-28 00:15:00","2026-03-28 01:45:00",false,false,false,"[PREMIUM]","[PREMIUM]","[PREMIUM]","[PREMIUM]","[PREMIUM]","[PREMIUM]",false,true,"67e3123b9bd83d6ba481f852","['61e07f20234fdb0001b18b01']","[PREMIUM]","[PREMIUM]"
"69817cf9659a83e325276dec","2026-02-04 01:15:50.639","2026-03-03 12:19:46.395","69817cf9659a83e325276dec","Los Parras","music","2026-03-27 20:00:00","2026-03-28 03:00:00","2026-03-28 03:00:00",false,false,false,"[PREMIUM]","[PREMIUM]","[PREMIUM]","[PREMIUM]","[PREMIUM]","[PREMIUM]",false,false,"5984fb189da0d48c0d89acfe","['68a89022d3f6e8b09aabfdf2']","[PREMIUM]","[PREMIUM]"
"6972c9114e4fb730c101fd2e","2026-02-04 01:15:50.639","2026-03-03 12:19:46.395","6972c9114e4fb730c101fd2e","Birmingham Stallions at Louisville Kings","xfl","2026-03-27 20:00:00","2026-03-28 00:00:00","2026-03-28 01:30:00",false,false,false,"[PREMIUM]","[PREMIUM]","[PREMIUM]","[PREMIUM]","[PREMIUM]","[PREMIUM]",false,false,"6192fe2db1cf980001d914ab","['698110cf7da2932e978c32ae','61f1b20c03ac020001ebfa94']","[PREMIUM]","[PREMIUM]"
"698205b184da95487cd7551e","2026-02-04 01:15:43.409","2026-03-03 12:19:38.487","698205b184da95487cd7551e","The Soul Rebels","music","2026-03-26 20:00:00","2026-03-27 00:00:00","2026-03-27 01:30:00",false,false,false,"[PREMIUM]","[PREMIUM]","[PREMIUM]","[PREMIUM]","[PREMIUM]","[PREMIUM]",false,true,"613a92eb5fe59900010be53c","['615b7efcf47c7800014d177b']","[PREMIUM]","[PREMIUM]"
"69820cc9742b08617c1ef0a8","2026-02-04 01:15:43.409","2026-03-03 12:19:38.487","69820cc9742b08617c1ef0a8","Tower of Power","music","2026-03-26 19:00:00","2026-03-27 01:00:00","2026-03-27 01:00:00",false,false,false,"[PREMIUM]","[PREMIUM]","[PREMIUM]","[PREMIUM]","[PREMIUM]","[PREMIUM]",false,true,"68af41114c5847540d932924","['64af0c81ad32db00018b0da2']","[PREMIUM]","[PREMIUM]"
"69817b8c122694f51939198c","2026-02-04 01:15:43.409","2026-03-03 12:19:38.487","69817b8c122694f51939198c","WWE NXT Live","wres","2026-03-26 19:30:00","2026-03-27 00:30:00","2026-03-27 01:30:00",false,false,false,"[PREMIUM]","[PREMIUM]","[PREMIUM]","[PREMIUM]","[PREMIUM]","[PREMIUM]",false,true,"67e312569f2af5b3d3448f17","['5976850725f2c53195de77f2']","[PREMIUM]","[PREMIUM]"
"69817c09882f59d9381359df","2026-02-04 01:15:43.409","2026-03-03 12:19:38.487","69817c09882f59d9381359df","Mary Poppins Jr","theater","2026-03-26 19:00:00","2026-03-26 23:00:00","2026-03-26 23:00:00",false,false,false,"[PREMIUM]","[PREMIUM]","[PREMIUM]","[PREMIUM]","[PREMIUM]","[PREMIUM]",false,true,"66b66e3a43bd07750c0a8fd8","['65ebf4c27c69294d073bd6b1']","[PREMIUM]","[PREMIUM]"
"698224e7d77ef776ec541b43","2026-02-04 01:15:43.409","2026-03-03 12:19:30.859","698224e7d77ef776ec541b43","KenTheMan","music","2026-03-25 20:00:00","2026-03-26 01:00:00","2026-03-26 01:00:00",false,false,false,"[PREMIUM]","[PREMIUM]","[PREMIUM]","[PREMIUM]","[PREMIUM]","[PREMIUM]",false,false,"57d325c550575d33c85ae9b4","['650c47fb7387120001a14799']","[PREMIUM]","[PREMIUM]"
"69824155de2c13513da05852","2026-02-04 01:15:43.409","2026-03-03 12:19:30.859","69824155de2c13513da05852","Nimesh Patel","comedy","2026-03-25 20:00:00","2026-03-26 01:00:00","2026-03-26 02:30:00",false,false,false,"[PREMIUM]","[PREMIUM]","[PREMIUM]","[PREMIUM]","[PREMIUM]","[PREMIUM]",false,true,"64af125bad32db00018b0da5","['62b9db3efc61f700018ed9f4']","[PREMIUM]","[PREMIUM]"
"69817d82348a3b4ed26bbd57","2026-02-04 01:15:43.409","2026-03-03 12:19:38.487","69817d82348a3b4ed26bbd57","Roger Clyne","music","2026-03-27 18:00:00","2026-03-27 23:00:00","2026-03-28 00:30:00",false,false,false,"[PREMIUM]","[PREMIUM]","[PREMIUM]","[PREMIUM]","[PREMIUM]","[PREMIUM]",false,false,"67aa86838ff7484ba59a92b2","['5b0ec54510b18e00122a9508']","[PREMIUM]","[PREMIUM]"
"69715079a590240b02940a34","2026-02-04 01:15:43.409","2026-03-03 12:19:30.859","69715079a590240b02940a34","Voxtrot","music","2026-03-25 20:00:00","2026-03-26 03:00:00","2026-03-26 03:00:00",false,false,false,"[PREMIUM]","[PREMIUM]","[PREMIUM]","[PREMIUM]","[PREMIUM]","[PREMIUM]",false,false,"57eade5ecde6626ebe3ba5e6","['6930b3acfea89c7798effacb']","[PREMIUM]","[PREMIUM]"
"695d7706c055f638ac937fc4","2026-02-04 01:15:43.409","2026-03-03 12:19:46.395","695d7706c055f638ac937fc4","2026 Louisville Kings Season Tickets (Includes Tickets for Regular Season Home Games)","xfl","2026-03-27 20:01:00","2026-03-28 00:01:00","2026-03-28 01:31:00",false,false,false,"[PREMIUM]","[PREMIUM]","[PREMIUM]","[PREMIUM]","[PREMIUM]","[PREMIUM]",false,false,"6192fe2db1cf980001d914ab","['698110cf7da2932e978c32ae']","[PREMIUM]","[PREMIUM]"
"69817da82c1ab27d4461a6e4","2026-02-04 01:15:43.409","2026-03-03 12:19:38.487","69817da82c1ab27d4461a6e4","WWE NXT Live","wres","2026-03-27 18:30:00","2026-03-27 23:30:00","2026-03-28 00:30:00",false,false,false,"[PREMIUM]","[PREMIUM]","[PREMIUM]","[PREMIUM]","[PREMIUM]","[PREMIUM]",false,true,"59f2394cfbdab6000e265a3d","['5976850725f2c53195de77f2']","[PREMIUM]","[PREMIUM]"
"69817ca744870d823f123b6f","2026-02-04 01:15:35.130","2026-03-03 12:19:30.859","69817ca744870d823f123b6f","Mary Poppins Jr","theater","2026-03-25 19:00:00","2026-03-25 23:00:00","2026-03-25 23:00:00",false,false,false,"[PREMIUM]","[PREMIUM]","[PREMIUM]","[PREMIUM]","[PREMIUM]","[PREMIUM]",false,true,"66b66e3a43bd07750c0a8fd8","['65ebf4c27c69294d073bd6b1']","[PREMIUM]","[PREMIUM]"
"69817e2a9177e1894b63531c","2026-02-04 01:15:35.130","2026-03-03 12:19:30.859","69817e2a9177e1894b63531c","Jackyl","music","2026-03-24 20:00:00","2026-03-25 03:00:00","2026-03-25 04:30:00",false,false,false,"[PREMIUM]","[PREMIUM]","[PREMIUM]","[PREMIUM]","[PREMIUM]","[PREMIUM]",false,true,"63c87b1eb0dc8500018b0310","['61fd7a464354c00001c5c67e']","[PREMIUM]","[PREMIUM]"
"698178aa659a83e325276d52","2026-02-04 01:15:35.130","2026-03-03 12:19:22.426","698178aa659a83e325276d52","LA Mafia","music","2026-03-22 20:00:00","2026-03-23 03:00:00","2026-03-23 03:00:00",false,false,false,"[PREMIUM]","[PREMIUM]","[PREMIUM]","[PREMIUM]","[PREMIUM]","[PREMIUM]",false,true,"61afdbe8f7a31c00018a0ee6","['6647c811a7f8a76629252305']","[PREMIUM]","[PREMIUM]"
"69817daa43c068ff2331a2a8","2026-02-04 01:15:35.130","2026-03-03 12:19:30.859","69817daa43c068ff2331a2a8","Zach Rushing","comedy","2026-03-25 19:00:00","2026-03-26 00:00:00","2026-03-26 00:00:00",false,false,false,"[PREMIUM]","[PREMIUM]","[PREMIUM]","[PREMIUM]","[PREMIUM]","[PREMIUM]",false,true,"64f0f8f2e2b35d00016720b4","['664f599fd792c99667a28f5a']","[PREMIUM]","[PREMIUM]"
"6980eda24367b7fe511c13a8","2026-02-04 01:15:35.130","2026-03-03 12:19:22.426","6980eda24367b7fe511c13a8","Arizona State Sun Devils at UNLV Rebels Baseball","cbs","2026-03-23 18:05:00","2026-03-24 01:05:00","2026-03-24 02:35:00",false,false,false,"[PREMIUM]","[PREMIUM]","[PREMIUM]","[PREMIUM]","[PREMIUM]","[PREMIUM]",false,false,"5c9023b2e9574f001b32eb37","['5a4d271825f2c55c22265365','5a21defe25f2c5448dd3ecd8']","[PREMIUM]","[PREMIUM]"
"6941e7e750337993dce2fbc2","2026-02-04 01:15:27.529","2026-02-17 19:28:22.278","6941e7e750337993dce2fbc2","Jesse Malin","music","2026-03-21 20:00:00","2026-03-22 00:00:00","2026-03-22 01:30:00",false,false,false,"[PREMIUM]","[PREMIUM]","[PREMIUM]","[PREMIUM]","[PREMIUM]","[PREMIUM]",false,false,"57bf665ff80c4103a4c914a2","['5d4355abbe45e4003466e0a6']","[PREMIUM]","[PREMIUM]"
"69817d7fe41b9f35935103a2","2026-02-04 01:15:27.529","2026-03-03 12:19:14.391","69817d7fe41b9f35935103a2","Bob Schneider","music","2026-03-21 20:00:00","2026-03-22 01:00:00","2026-03-22 02:30:00",false,false,false,"[PREMIUM]","[PREMIUM]","[PREMIUM]","[PREMIUM]","[PREMIUM]","[PREMIUM]",false,true,"65725519a9fbb664339de6e6","['61e07f20234fdb0001b18b01']","[PREMIUM]","[PREMIUM]"
"6941e7e7386892e5e47d2ebb","2026-02-04 01:15:19.697","2026-02-17 19:28:07.113","6941e7e7386892e5e47d2ebb","Jesse Malin","music","2026-03-20 20:00:00","2026-03-21 00:00:00","2026-03-21 01:30:00",false,false,false,"[PREMIUM]","[PREMIUM]","[PREMIUM]","[PREMIUM]","[PREMIUM]","[PREMIUM]",false,false,"57bf665ff80c4103a4c914a2","['5d4355abbe45e4003466e0a6']","[PREMIUM]","[PREMIUM]"
"694217163432ebbc98d75fc6","2026-02-04 01:15:19.697","2026-03-03 12:19:14.391","694217163432ebbc98d75fc6","CF Monterrey vs Chivas de Guadalajara","soccer","2026-03-21 19:00:00","2026-03-22 00:00:00","2026-03-22 01:30:00",false,false,false,"[PREMIUM]","[PREMIUM]","[PREMIUM]","[PREMIUM]","[PREMIUM]","[PREMIUM]",false,false,"678041462134422fb085f4ee","['5c671881cacf1a0015a8d33f','59a7188a25f2c532b1ef74ea']","[PREMIUM]","[PREMIUM]"
"697314d61fb73a37ecf50e04","2026-02-04 01:15:19.697","2026-03-03 12:19:06.311","697314d61fb73a37ecf50e04","Clozee","music","2026-03-21 00:00:00","2026-03-21 07:00:00","2026-03-21 08:30:00",false,true,false,"[PREMIUM]","[PREMIUM]","[PREMIUM]","[PREMIUM]","[PREMIUM]","[PREMIUM]",false,false,"67465f0ab612309c0e125e2d","['5b3aade44298f700132d2238']","[PREMIUM]","[PREMIUM]"
"69817be7049187543ef58e48","2026-02-04 01:15:12.698","2026-03-03 12:18:57.993","69817be7049187543ef58e48","2026 98 Rockfest - Eve","music","2026-03-19 20:00:00","2026-03-20 00:00:00","2026-03-20 01:30:00",false,false,false,"[PREMIUM]","[PREMIUM]","[PREMIUM]","[PREMIUM]","[PREMIUM]","[PREMIUM]",false,true,"66feeb000bbd42e45172ec88","['5c991f94c2f8a70016aacecc']","[PREMIUM]","[PREMIUM]"
"69817d2bbb17cbcd6eaa9663","2026-02-04 01:15:12.698","2026-03-03 12:18:57.993","69817d2bbb17cbcd6eaa9663","Life of Pi","theater","2026-03-19 19:00:00","2026-03-20 01:00:00","2026-03-20 01:00:00",false,false,false,"[PREMIUM]","[PREMIUM]","[PREMIUM]","[PREMIUM]","[PREMIUM]","[PREMIUM]",false,true,"66aab1ac9db44625660a6eaf","['648b71f6348f230001edaf5f']","[PREMIUM]","[PREMIUM]"
"6982061c122694f519393a5b","2026-02-04 01:15:06.130","2026-03-03 12:18:57.993","6982061c122694f519393a5b","KenTheMan (19+ Event)","music","2026-03-18 19:00:00","2026-03-18 23:00:00","2026-03-18 23:00:00",false,false,false,"[PREMIUM]","[PREMIUM]","[PREMIUM]","[PREMIUM]","[PREMIUM]","[PREMIUM]",false,false,"57eade5dcde6626ebe3ba5e2","['650c47fb7387120001a14799']","[PREMIUM]","[PREMIUM]"
"69718ed15b47465d0c41dfd7","2026-02-04 01:15:06.130","2026-03-03 12:18:57.993","69718ed15b47465d0c41dfd7","La Goony Chonga","music","2026-03-19 00:00:00","2026-03-19 07:00:00","2026-03-19 07:00:00",false,true,false,"[PREMIUM]","[PREMIUM]","[PREMIUM]","[PREMIUM]","[PREMIUM]","[PREMIUM]",false,false,"5c6309975204840016e4c4b2","['650c65fd4dd3510001e24026']","[PREMIUM]","[PREMIUM]"
"69421720033fe7e0ee989257","2026-02-04 01:14:58.855","2026-03-03 12:18:41.306","69421720033fe7e0ee989257","CF Monterrey vs Tigres UANL","soccer","2026-03-15 17:00:00","2026-03-15 22:00:00","2026-03-15 23:30:00",false,false,false,"[PREMIUM]","[PREMIUM]","[PREMIUM]","[PREMIUM]","[PREMIUM]","[PREMIUM]",false,false,"678041462134422fb085f4ee","['5c671881cacf1a0015a8d33f','5d44bd9a8216fc0036fe1086']","[PREMIUM]","[PREMIUM]"
"69817b6429e7b3aedaec5bf7","2026-02-04 01:14:58.855","2026-03-03 12:18:41.306","69817b6429e7b3aedaec5bf7","YDG","music","2026-03-14 21:00:00","2026-03-15 03:00:00","2026-03-15 03:00:00",false,false,false,"[PREMIUM]","[PREMIUM]","[PREMIUM]","[PREMIUM]","[PREMIUM]","[PREMIUM]",false,true,"5a29bfd47d2bc3000f24a033","['677eec893656f182d9f4d8a3']","[PREMIUM]","[PREMIUM]"
"6979551100dd60a99b2bbebd","2026-02-04 01:14:58.855","2026-03-03 12:18:41.306","6979551100dd60a99b2bbebd","Club 90s - Heated Rivalry Night (18+ Event)","music","2026-03-14 21:00:00","2026-03-15 04:00:00","2026-03-15 04:00:00",false,false,false,"[PREMIUM]","[PREMIUM]","[PREMIUM]","[PREMIUM]","[PREMIUM]","[PREMIUM]",false,false,"56413669f80c416283000003","['65ce9a22bcbac887432e06c5']","[PREMIUM]","[PREMIUM]"
"69817cafc384cf09c913cd19","2026-02-04 01:14:58.855","2026-03-03 12:18:41.306","69817cafc384cf09c913cd19","Nate Jackson","comedy","2026-03-14 21:15:00","2026-03-15 01:15:00","2026-03-15 01:15:00",false,false,false,"[PREMIUM]","[PREMIUM]","[PREMIUM]","[PREMIUM]","[PREMIUM]","[PREMIUM]",false,false,"63c87971044d22000160e516","['6568e84d6937546cf0b10dbd']","[PREMIUM]","[PREMIUM]"
"6941e7e7c37bf3f207cfe7c0","2026-02-04 01:14:58.855","2026-02-17 19:27:43.111","6941e7e7c37bf3f207cfe7c0","Jesse Malin","music","2026-03-14 20:00:00","2026-03-15 00:00:00","2026-03-15 01:30:00",false,false,false,"[PREMIUM]","[PREMIUM]","[PREMIUM]","[PREMIUM]","[PREMIUM]","[PREMIUM]",false,false,"57bf665ff80c4103a4c914a2","['5d4355abbe45e4003466e0a6']","[PREMIUM]","[PREMIUM]"
"6979addc8668a46f3271dafc","2026-02-04 01:14:51.594","2026-03-03 12:18:32.508","6979addc8668a46f3271dafc","Shrek Rave (18+ Event)","music","2026-03-13 21:00:00","2026-03-14 01:00:00","2026-03-14 02:30:00",false,false,false,"[PREMIUM]","[PREMIUM]","[PREMIUM]","[PREMIUM]","[PREMIUM]","[PREMIUM]",false,false,"57e0488b50575d33c8948d93","['6309342e0444b900012c9b59']","[PREMIUM]","[PREMIUM]"
"69817da944870d823f123baa","2026-02-04 01:14:51.594","2026-03-03 12:18:41.306","69817da944870d823f123baa","Zack Fox","music","2026-03-14 19:00:00","2026-03-15 00:00:00","2026-03-15 00:00:00",false,false,false,"[PREMIUM]","[PREMIUM]","[PREMIUM]","[PREMIUM]","[PREMIUM]","[PREMIUM]",false,true,"5a29b3bae93a79000ece981c","['64eb7e6ab8057f00016dee5a']","[PREMIUM]","[PREMIUM]"
"6977cde8a08a6923bb0680cc","2026-02-04 01:14:51.594","2026-03-03 12:18:32.508","6977cde8a08a6923bb0680cc","Lucero","music","2026-03-13 20:00:00","2026-03-14 01:00:00","2026-03-14 02:00:00",false,false,false,"[PREMIUM]","[PREMIUM]","[PREMIUM]","[PREMIUM]","[PREMIUM]","[PREMIUM]",false,false,"5a95a8de8c7d5900130ba59e","['5a1df8e925f2c540bc5497e3']","[PREMIUM]","[PREMIUM]"
"698242bf6bc6e442ecdc10af","2026-02-04 01:14:51.594","2026-03-03 12:18:32.508","698242bf6bc6e442ecdc10af","The Emo Night Tour","music","2026-03-13 20:00:00","2026-03-14 01:00:00","2026-03-14 01:00:00",false,false,false,"[PREMIUM]","[PREMIUM]","[PREMIUM]","[PREMIUM]","[PREMIUM]","[PREMIUM]",false,true,"5a959a698c7d5900130ba59d","['65ce998d07a5794f79181c42']","[PREMIUM]","[PREMIUM]"
"6982247a7da2932e978c7d71","2026-02-04 01:14:51.594","2026-03-03 12:18:32.508","6982247a7da2932e978c7d71","Mitis","music","2026-03-13 22:00:00","2026-03-14 05:00:00","2026-03-14 06:30:00",false,false,false,"[PREMIUM]","[PREMIUM]","[PREMIUM]","[PREMIUM]","[PREMIUM]","[PREMIUM]",false,true,"6838a9cd790d61f3e6769b3b","['613b98c78ea4d90001c74a36']","[PREMIUM]","[PREMIUM]"
"69718dd67c3ad2d4cc439d51","2026-02-04 01:14:51.594","2026-03-03 12:18:32.508","69718dd67c3ad2d4cc439d51","Club 90s - Heated Rivalry Night","music","2026-03-13 21:00:00","2026-03-14 04:00:00","2026-03-14 04:00:00",false,false,false,"[PREMIUM]","[PREMIUM]","[PREMIUM]","[PREMIUM]","[PREMIUM]","[PREMIUM]",false,false,"62a2732a4058e800010aaecf","['65ce9a22bcbac887432e06c5']","[PREMIUM]","[PREMIUM]"
"697154ff88ac16171b101476","2026-02-04 01:14:51.594","2026-03-03 12:18:41.306","697154ff88ac16171b101476","Bingo Loco","music","2026-03-14 19:00:00","2026-03-14 23:00:00","2026-03-14 23:00:00",false,false,false,"[PREMIUM]","[PREMIUM]","[PREMIUM]","[PREMIUM]","[PREMIUM]","[PREMIUM]",false,false,"687fa4bf62126b8de912a052","['6668d4cb075eb00266a9c7ca']","[PREMIUM]","[PREMIUM]"
"6904a9275a044d2c2baf2b30","2026-02-04 01:14:44.508","2026-03-03 12:18:23.282","6904a9275a044d2c2baf2b30","Sacramento State Hornets at Washington Huskies Womens Gymnastics","gymnastics","2026-03-13 00:00:00","2026-03-13 07:00:00","2026-03-13 07:00:00",false,true,false,"[PREMIUM]","[PREMIUM]","[PREMIUM]","[PREMIUM]","[PREMIUM]","[PREMIUM]",false,false,"54d5097364f96229c7000001","['65aaee6db844ff6c5cfa4b57','69820a61510c8ed7977d002b']","[PREMIUM]","[PREMIUM]"
"69817da97e1604dfd1a93050","2026-02-04 01:14:44.508","2026-03-03 12:18:23.282","69817da97e1604dfd1a93050","Zack Fox","music","2026-03-13 19:00:00","2026-03-14 00:00:00","2026-03-14 00:00:00",false,false,false,"[PREMIUM]","[PREMIUM]","[PREMIUM]","[PREMIUM]","[PREMIUM]","[PREMIUM]",false,true,"61e9f633b0dbc100010f0932","['64eb7e6ab8057f00016dee5a']","[PREMIUM]","[PREMIUM]"
"69817bd7c384cf09c913cd0b","2026-02-04 01:14:44.508","2026-03-03 12:18:23.282","69817bd7c384cf09c913cd0b","Bill Burr","comedy","2026-03-12 19:30:00","2026-03-13 00:30:00","2026-03-13 02:00:00",false,false,false,"[PREMIUM]","[PREMIUM]","[PREMIUM]","[PREMIUM]","[PREMIUM]","[PREMIUM]",false,false,"5792b3abf80c410b5129fe40","['5a9f1ffe2cfb520013660774']","[PREMIUM]","[PREMIUM]"
"6941e7e72e6d406da3dc0896","2026-02-04 01:14:44.508","2026-02-17 19:27:34.581","6941e7e72e6d406da3dc0896","Jesse Malin","music","2026-03-13 20:00:00","2026-03-14 00:00:00","2026-03-14 01:30:00",false,false,false,"[PREMIUM]","[PREMIUM]","[PREMIUM]","[PREMIUM]","[PREMIUM]","[PREMIUM]",false,false,"57bf665ff80c4103a4c914a2","['5d4355abbe45e4003466e0a6']","[PREMIUM]","[PREMIUM]"
"6973dc34e4e37a1d12d5d15c","2026-02-04 01:14:37.961","2026-03-03 12:18:15.429","6973dc34e4e37a1d12d5d15c","Gogol Bordello","music","2026-03-10 20:00:00","2026-03-11 03:00:00","2026-03-11 04:00:00",false,false,false,"[PREMIUM]","[PREMIUM]","[PREMIUM]","[PREMIUM]","[PREMIUM]","[PREMIUM]",false,false,"569eaf7cf80c41101a000001","['5a4e6b7325f2c501f9cef334']","[PREMIUM]","[PREMIUM]"
"697afabe4c5731e98f663226","2026-02-04 01:14:37.961","2026-03-03 12:18:15.429","697afabe4c5731e98f663226","CONCACAF Champions Cup Round of 16 - Club America at Philadelphia Union","mls","2026-03-10 19:00:00","2026-03-10 23:00:00","2026-03-10 23:45:00",false,false,false,"[PREMIUM]","[PREMIUM]","[PREMIUM]","[PREMIUM]","[PREMIUM]","[PREMIUM]",true,false,"53acb8a13bf3760237000002","['53acb8ac3bf3760237000011','5a99e2126311820014498a01','6377cb5dea16fc0001d294d4']","[PREMIUM]","[PREMIUM]"
"6971550c30df4bdbc1298494","2026-02-04 01:14:37.961","2026-03-03 12:18:15.429","6971550c30df4bdbc1298494","Katatonia","music","2026-03-12 00:00:00","2026-03-12 04:00:00","2026-03-12 05:30:00",false,true,false,"[PREMIUM]","[PREMIUM]","[PREMIUM]","[PREMIUM]","[PREMIUM]","[PREMIUM]",false,false,"634da21ed9a7e70001ba4229","['6306737e0444b900012c9b22']","[PREMIUM]","[PREMIUM]"
"69817dd35fad7654c05759ee","2026-02-04 01:14:37.961","2026-03-03 12:18:23.282","69817dd35fad7654c05759ee","Phantogram","music","2026-03-12 19:00:00","2026-03-13 02:00:00","2026-03-13 03:00:00",false,false,false,"[PREMIUM]","[PREMIUM]","[PREMIUM]","[PREMIUM]","[PREMIUM]","[PREMIUM]",false,false,"57bf665ff80c4103a4c914a1","['576c1956f80c415e1b87fa76']","[PREMIUM]","[PREMIUM]"
"69714fc671e21fe8ed58c266","2026-02-04 01:14:37.961","2026-03-03 12:18:15.429","69714fc671e21fe8ed58c266","AJ Croce","music","2026-03-10 19:30:00","2026-03-11 00:30:00","2026-03-11 02:00:00",false,false,false,"[PREMIUM]","[PREMIUM]","[PREMIUM]","[PREMIUM]","[PREMIUM]","[PREMIUM]",false,false,"65d542547b5be59fbaa71bf2","['642722b16806ef00013d23e5']","[PREMIUM]","[PREMIUM]"
"69817dd3be953fbf7109c4a4","2026-02-04 01:14:37.961","2026-03-03 12:18:15.429","69817dd3be953fbf7109c4a4","Phantogram","music","2026-03-11 19:00:00","2026-03-12 02:00:00","2026-03-12 03:00:00",false,false,false,"[PREMIUM]","[PREMIUM]","[PREMIUM]","[PREMIUM]","[PREMIUM]","[PREMIUM]",false,false,"57bf665ff80c4103a4c914a1","['576c1956f80c415e1b87fa76']","[PREMIUM]","[PREMIUM]"
"698205f449ab635b3cd9c751","2026-02-04 01:14:37.961","2026-03-03 12:18:15.429","698205f449ab635b3cd9c751","CAA Mens Basketball Tournament - Championship (Session 7)","cbb","2026-03-10 19:00:00","2026-03-10 23:00:00","2026-03-11 00:30:00",false,false,false,"[PREMIUM]","[PREMIUM]","[PREMIUM]","[PREMIUM]","[PREMIUM]","[PREMIUM]",true,false,"5bb246df2e7ee30012cb522a","['61eb35d995b2310001552f0e']","[PREMIUM]","[PREMIUM]"
"695de3801970578a821d9426","2026-02-04 01:14:30.725","2026-03-03 12:18:07.563","695de3801970578a821d9426","Connor and Yvette Work It Out (21+ Event)","comedy","2026-03-08 19:30:00","2026-03-08 23:30:00","2026-03-08 23:30:00",false,false,false,"[PREMIUM]","[PREMIUM]","[PREMIUM]","[PREMIUM]","[PREMIUM]","[PREMIUM]",false,true,"65498d5040abe8fec8a6031c","['659f3244501060e0a66f62ab']","[PREMIUM]","[PREMIUM]"
"698205f4049187543ef5ae77","2026-02-04 01:14:30.725","2026-03-03 12:18:07.563","698205f4049187543ef5ae77","CAA Mens Basketball Tournament - Session 6 - Semifinals Mens Basketball","cbb","2026-03-09 18:00:00","2026-03-09 22:00:00","2026-03-09 23:30:00",false,false,false,"[PREMIUM]","[PREMIUM]","[PREMIUM]","[PREMIUM]","[PREMIUM]","[PREMIUM]",false,false,"5bb246df2e7ee30012cb522a","['61eb35d995b2310001552f0e']","[PREMIUM]","[PREMIUM]"
"698205f42ec568ce290d06a3","2026-02-04 01:14:30.725","2026-03-03 12:18:07.563","698205f42ec568ce290d06a3","CAA Mens Basketball Tournament - Quarterfinals (Session 4)","cbb","2026-03-08 12:00:00","2026-03-08 16:00:00","2026-03-08 17:30:00",false,false,false,"[PREMIUM]","[PREMIUM]","[PREMIUM]","[PREMIUM]","[PREMIUM]","[PREMIUM]",false,false,"5bb246df2e7ee30012cb522a","['61eb35d995b2310001552f0e']","[PREMIUM]","[PREMIUM]"
"698205f4c384cf09c913ee28","2026-02-04 01:14:30.725","2026-03-03 12:18:07.563","698205f4c384cf09c913ee28","CAA Mens Basketball Championship - Session 5","cbb","2026-03-08 18:00:00","2026-03-08 22:00:00","2026-03-08 23:30:00",false,false,false,"[PREMIUM]","[PREMIUM]","[PREMIUM]","[PREMIUM]","[PREMIUM]","[PREMIUM]",false,false,"5bb246df2e7ee30012cb522a","['61eb35d995b2310001552f0e']","[PREMIUM]","[PREMIUM]"
"697bc70330f49240ddc15152","2026-02-04 01:14:30.725","2026-03-03 12:18:15.429","697bc70330f49240ddc15152","CONCACAF Champions Cup Round of 16 - LD Alajuelense at Los Angeles FC","mls","2026-03-10 20:00:00","2026-03-11 03:00:00","2026-03-11 03:45:00",false,false,false,"[PREMIUM]","[PREMIUM]","[PREMIUM]","[PREMIUM]","[PREMIUM]","[PREMIUM]",true,false,"5a4fc684f440de00136a0def","['5a4fbec425f2c57287343140','60dbb3a280ec48000131fb04','6377cb5dea16fc0001d294d4']","[PREMIUM]","[PREMIUM]"
"697b1bf8617de9c706b8ed95","2026-02-04 01:14:30.725","2026-03-03 12:18:15.429","697b1bf8617de9c706b8ed95","CONCACAF Champions Cup Round of 16 - Toluca FC at San Diego FC","mls","2026-03-11 20:30:00","2026-03-12 03:30:00","2026-03-12 03:30:00",false,false,false,"[PREMIUM]","[PREMIUM]","[PREMIUM]","[PREMIUM]","[PREMIUM]","[PREMIUM]",false,false,"62cc81b8fcd74700019ad72b","['67659494bff3b0a9b3422f40','5a99e2126311820014498a01']","[PREMIUM]","[PREMIUM]"
"697b193e05a48471aabbc153","2026-02-04 01:14:30.725","2026-03-03 12:18:23.282","697b193e05a48471aabbc153","CONCACAF Champions Cup Round of 16 - Tigres UANL at FC Cincinnati","mls","2026-03-12 20:00:00","2026-03-13 00:00:00","2026-03-13 01:30:00",false,false,false,"[PREMIUM]","[PREMIUM]","[PREMIUM]","[PREMIUM]","[PREMIUM]","[PREMIUM]",false,false,"60b047cc77d356000175a48c","['5775aef4f80c4140355d346f','5d44bd9a8216fc0036fe1086','6377cb5dea16fc0001d294d4']","[PREMIUM]","[PREMIUM]"
"697b1704925cda7a11d67b89","2026-02-04 01:14:30.725","2026-03-03 12:18:15.429","697b1704925cda7a11d67b89","CONCACAF Champions Cup Round of 16 - Mount Pleasant FA at Los Angeles Galaxy","mls","2026-03-11 18:30:00","2026-03-12 01:30:00","2026-03-12 02:15:00",false,false,false,"[PREMIUM]","[PREMIUM]","[PREMIUM]","[PREMIUM]","[PREMIUM]","[PREMIUM]",false,false,"538794ad21efd360b1000006","['539619583bf37601f600001b','5a99e2126311820014498a01','6377cb5dea16fc0001d294d4']","[PREMIUM]","[PREMIUM]"
"696561caa1852c2070b71241","2026-02-04 01:14:30.725","2026-03-03 12:18:07.563","696561caa1852c2070b71241","2026 Vancouver Sevens Tournament - Sunday","rugby","2026-03-08 10:00:00","2026-03-08 17:00:00","2026-03-08 20:00:00",false,false,false,"[PREMIUM]","[PREMIUM]","[PREMIUM]","[PREMIUM]","[PREMIUM]","[PREMIUM]",false,false,"55423f8b78fea53bb6000002","['59d2cdd525f2c5567b6302f6']","[PREMIUM]","[PREMIUM]"
"697b169d668e75b69a4ddd97","2026-02-04 01:14:30.725","2026-03-03 12:18:23.282","697b169d668e75b69a4ddd97","CONCACAF Champions Cup Round of 16 - Seattle Sounders at Vancouver Whitecaps FC","mls","2026-03-12 19:00:00","2026-03-13 02:00:00","2026-03-13 02:45:00",false,false,false,"[PREMIUM]","[PREMIUM]","[PREMIUM]","[PREMIUM]","[PREMIUM]","[PREMIUM]",false,false,"55423f8b78fea53bb6000002","['55423f9678fea53bb6000006','53acb8ad3bf3760237000013','6377cb5dea16fc0001d294d4']","[PREMIUM]","[PREMIUM]"
"6977b1a9715598f74fe8efbb","2026-02-04 01:14:23.700","2026-03-03 12:17:59.458","6977b1a9715598f74fe8efbb","Bingo Loco","music","2026-03-07 18:00:00","2026-03-08 02:00:00","2026-03-08 02:00:00",false,false,false,"[PREMIUM]","[PREMIUM]","[PREMIUM]","[PREMIUM]","[PREMIUM]","[PREMIUM]",false,false,"57e1885950575d33c89c1726","['6668d4cb075eb00266a9c7ca']","[PREMIUM]","[PREMIUM]"
"69817aebac24908c00f6dc06","2026-02-04 01:14:23.700","2026-02-25 19:36:27.368","69817aebac24908c00f6dc06","Max Amini","comedy","2026-03-07 17:00:00","2026-03-07 22:00:00","2026-03-07 22:00:00",false,false,false,"[PREMIUM]","[PREMIUM]","[PREMIUM]","[PREMIUM]","[PREMIUM]","[PREMIUM]",false,true,"69320452630a7e319f7da316","['65fb41a7fcf71483b112dcac']","[PREMIUM]","[PREMIUM]"
"698205f444870d823f125c60","2026-02-04 01:14:23.700","2026-03-03 12:17:59.458","698205f444870d823f125c60","CAA Mens Basketball Tournament - Session 3","cbb","2026-03-07 18:00:00","2026-03-07 23:00:00","2026-03-08 00:30:00",false,false,false,"[PREMIUM]","[PREMIUM]","[PREMIUM]","[PREMIUM]","[PREMIUM]","[PREMIUM]",false,false,"5bb246df2e7ee30012cb522a","['61eb35d995b2310001552f0e']","[PREMIUM]","[PREMIUM]"
"6941e7e7c319587b4f7eb00e","2026-02-04 01:14:23.700","2026-02-17 19:27:09.636","6941e7e7c319587b4f7eb00e","Jesse Malin","music","2026-03-07 20:00:00","2026-03-08 01:00:00","2026-03-08 02:30:00",false,false,false,"[PREMIUM]","[PREMIUM]","[PREMIUM]","[PREMIUM]","[PREMIUM]","[PREMIUM]",false,false,"57bf665ff80c4103a4c914a2","['5d4355abbe45e4003466e0a6']","[PREMIUM]","[PREMIUM]"
"6982039d367de45e48a4970e","2026-02-04 01:14:23.700","2026-03-03 12:17:59.458","6982039d367de45e48a4970e","Becky Robinson","comedy","2026-03-07 21:00:00","2026-03-08 05:00:00","2026-03-08 06:30:00",false,false,false,"[PREMIUM]","[PREMIUM]","[PREMIUM]","[PREMIUM]","[PREMIUM]","[PREMIUM]",false,false,"5e4eba0a0314bd003c689d18","['61ae66e9f83581000118382f']","[PREMIUM]","[PREMIUM]"
"6977b1aa5d17f7b4019ce806","2026-02-04 01:14:23.700","2026-03-03 12:17:59.458","6977b1aa5d17f7b4019ce806","Bingo Loco (21+ Event)","music","2026-03-07 21:30:00","2026-03-08 05:30:00","2026-03-08 05:30:00",false,false,false,"[PREMIUM]","[PREMIUM]","[PREMIUM]","[PREMIUM]","[PREMIUM]","[PREMIUM]",false,false,"57e1885950575d33c89c1726","['6668d4cb075eb00266a9c7ca']","[PREMIUM]","[PREMIUM]"
"68827a3bdfc4ada8723adc06","2026-02-04 01:14:16.959","2026-03-03 12:17:51.726","68827a3bdfc4ada8723adc06","Utah Tech Trailblazers at Utah Valley Wolverines Womens Basketball","wcbb","2026-03-07 14:00:00","2026-03-07 21:00:00","2026-03-07 21:00:00",false,false,false,"[PREMIUM]","[PREMIUM]","[PREMIUM]","[PREMIUM]","[PREMIUM]","[PREMIUM]",false,false,"61bbdab8dcfdfa0001d024a4","['6513327ac44844f33cdbac07','636aa433a3bc8700017ad32e']","[PREMIUM]","[PREMIUM]"
"696561c80866b8f0534b9a25","2026-02-04 01:14:16.959","2026-03-03 12:17:51.726","696561c80866b8f0534b9a25","2026 Vancouver Sevens Tournament - Saturday","rugby","2026-03-07 10:00:00","2026-03-07 18:00:00","2026-03-07 21:00:00",false,false,false,"[PREMIUM]","[PREMIUM]","[PREMIUM]","[PREMIUM]","[PREMIUM]","[PREMIUM]",false,false,"55423f8b78fea53bb6000002","['59d2cdd525f2c5567b6302f6']","[PREMIUM]","[PREMIUM]"
"698205f4ca54ebfc5d754381","2026-02-04 01:14:16.959","2026-03-03 12:17:51.726","698205f4ca54ebfc5d754381","CAA Mens Basketball Tournament - Session 2","cbb","2026-03-07 12:00:00","2026-03-07 17:00:00","2026-03-07 18:30:00",false,false,false,"[PREMIUM]","[PREMIUM]","[PREMIUM]","[PREMIUM]","[PREMIUM]","[PREMIUM]",true,false,"5bb246df2e7ee30012cb522a","['61eb35d995b2310001552f0e']","[PREMIUM]","[PREMIUM]"
"696561e78fe77dd66b9f798c","2026-02-04 01:14:09.200","2026-03-03 12:17:44.050","696561e78fe77dd66b9f798c","Manic Focus and SunSquabi","music","2026-03-05 20:00:00","2026-03-06 01:00:00","2026-03-06 02:30:00",false,false,false,"[PREMIUM]","[PREMIUM]","[PREMIUM]","[PREMIUM]","[PREMIUM]","[PREMIUM]",false,false,"598ce7de9da0d48c0db72389","['6310e01a402c3400012f7a61']","[PREMIUM]","[PREMIUM]"
"698203fd59b29dccb6dece91","2026-02-04 01:14:09.200","2026-03-03 12:17:35.681","698203fd59b29dccb6dece91","Sam Greenfield","music","2026-03-04 20:00:00","2026-03-05 03:00:00","2026-03-05 03:00:00",false,false,false,"[PREMIUM]","[PREMIUM]","[PREMIUM]","[PREMIUM]","[PREMIUM]","[PREMIUM]",false,false,"57e2fbc650575d33c8a4df07","['66bed1733e6d43851b2a4c54']","[PREMIUM]","[PREMIUM]"
"6941e7e71b0bf047bda03973","2026-02-04 01:14:09.200","2026-02-17 19:26:45.808","6941e7e71b0bf047bda03973","Jesse Malin","music","2026-03-05 20:00:00","2026-03-06 01:00:00","2026-03-06 02:30:00",false,false,false,"[PREMIUM]","[PREMIUM]","[PREMIUM]","[PREMIUM]","[PREMIUM]","[PREMIUM]",false,false,"57bf665ff80c4103a4c914a2","['5d4355abbe45e4003466e0a6']","[PREMIUM]","[PREMIUM]"
"6943331d72d48d3631134f14","2026-02-04 01:14:02.112","2026-03-03 12:17:35.681","6943331d72d48d3631134f14","CF Monterrey vs Queretaro FC","soccer","2026-03-04 19:00:00","2026-03-05 01:00:00","2026-03-05 02:30:00",false,false,false,"[PREMIUM]","[PREMIUM]","[PREMIUM]","[PREMIUM]","[PREMIUM]","[PREMIUM]",false,false,"678041462134422fb085f4ee","['5c671881cacf1a0015a8d33f','640b7e9eb5e69b00012077f1']","[PREMIUM]","[PREMIUM]"
"6971540351037f9784a443d0","2026-02-04 01:14:02.112","2026-03-02 09:04:12.247","6971540351037f9784a443d0","Katatonia","music","2026-03-03 00:00:00","2026-03-03 06:00:00","2026-03-03 07:30:00",false,true,false,"[PREMIUM]","[PREMIUM]","[PREMIUM]","[PREMIUM]","[PREMIUM]","[PREMIUM]",false,false,"61c372e8f343d10001739e44","['6306737e0444b900012c9b22']","[PREMIUM]","[PREMIUM]"
"697156a68e832ecf94bd2ae1","2026-02-04 01:13:55.038","2026-02-28 02:35:35.784","697156a68e832ecf94bd2ae1","Club 90s (18+ Event)","music","2026-02-28 20:00:00","2026-03-01 03:00:00","2026-03-01 03:00:00",false,false,false,"[PREMIUM]","[PREMIUM]","[PREMIUM]","[PREMIUM]","[PREMIUM]","[PREMIUM]",false,false,"57e2f27c50575d33c8a48f4d","['65ce9a22bcbac887432e06c5']","[PREMIUM]","[PREMIUM]"
"69715078867b280b82b5230e","2026-02-04 01:13:55.038","2026-03-01 05:57:34.480","69715078867b280b82b5230e","Katatonia","music","2026-03-01 23:59:00","2026-03-02 06:59:00","2026-03-02 08:29:00",false,true,false,"[PREMIUM]","[PREMIUM]","[PREMIUM]","[PREMIUM]","[PREMIUM]","[PREMIUM]",false,false,"57e16d3950575d33c89b50cb","['6306737e0444b900012c9b22']","[PREMIUM]","[PREMIUM]"
"69096409e5df38ddc18ff4e4","2026-02-04 01:13:46.721","2026-02-28 02:35:27.453","69096409e5df38ddc18ff4e4","Loyola Ramblers at La Salle Explorers Womens Basketball","wcbb","2026-02-28 13:00:00","2026-02-28 18:00:00","2026-02-28 18:00:00",false,false,false,"[PREMIUM]","[PREMIUM]","[PREMIUM]","[PREMIUM]","[PREMIUM]","[PREMIUM]",false,false,"618adba786384b0001f270da","['64ee3a214595d50001b6c27d','650a0db65c20970001e537ea']","[PREMIUM]","[PREMIUM]"
"697156effdbab677d11d5fcb","2026-02-04 01:13:46.721","2026-02-28 02:35:35.784","697156effdbab677d11d5fcb","Sister Hazel & Keller Williams","music","2026-02-28 19:30:00","2026-03-01 00:30:00","2026-03-01 00:30:00",false,false,false,"[PREMIUM]","[PREMIUM]","[PREMIUM]","[PREMIUM]","[PREMIUM]","[PREMIUM]",true,false,"67e3125db872dae5b2e770eb","['6627db9b11478621dff8d698']","[PREMIUM]","[PREMIUM]"
"6943331c2e6d406da3dc585a","2026-02-04 01:13:46.721","2026-02-28 02:35:35.784","6943331c2e6d406da3dc585a","CF Monterrey vs Cruz Azul","soccer","2026-02-28 19:00:00","2026-03-01 01:00:00","2026-03-01 02:30:00",false,false,false,"[PREMIUM]","[PREMIUM]","[PREMIUM]","[PREMIUM]","[PREMIUM]","[PREMIUM]",false,false,"678041462134422fb085f4ee","['5c671881cacf1a0015a8d33f','5b887db6ff80b7001425d689']","[PREMIUM]","[PREMIUM]"
"69817ca85fad7654c057599a","2026-02-04 01:13:46.721","2026-02-28 02:35:35.784","69817ca85fad7654c057599a","The Funeral Portrait","music","2026-02-28 19:00:00","2026-03-01 00:00:00","2026-03-01 00:00:00",false,false,false,"[PREMIUM]","[PREMIUM]","[PREMIUM]","[PREMIUM]","[PREMIUM]","[PREMIUM]",false,true,"65fe0aebfcf71483b112e06e","['670842bc012f121ade75f85f']","[PREMIUM]","[PREMIUM]"
"6973ba2adefb667a9d05628e","2026-02-04 01:13:39.916","2026-02-28 02:35:27.453","6973ba2adefb667a9d05628e","Club 90s - Heated Rivalry Night","music","2026-02-27 21:00:00","2026-02-28 04:00:00","2026-02-28 04:00:00",false,false,false,"[PREMIUM]","[PREMIUM]","[PREMIUM]","[PREMIUM]","[PREMIUM]","[PREMIUM]",false,false,"5890efeccde6626ebe52a222","['65ce9a22bcbac887432e06c5']","[PREMIUM]","[PREMIUM]"
"6979791a0fa0bf08445d288c","2026-02-04 01:13:39.916","2026-02-28 02:35:27.453","6979791a0fa0bf08445d288c","Club 90s (18+ Event)","music","2026-02-27 19:30:00","2026-02-28 03:30:00","2026-02-28 03:30:00",false,false,false,"[PREMIUM]","[PREMIUM]","[PREMIUM]","[PREMIUM]","[PREMIUM]","[PREMIUM]",false,false,"576d839ff80c415f0cc30d94","['65ce9a22bcbac887432e06c5']","[PREMIUM]","[PREMIUM]"
"69817de4367de45e48a47719","2026-02-04 01:13:39.916","2026-02-28 02:35:27.453","69817de4367de45e48a47719","Emo Nite (21+ Event)","music","2026-02-27 21:00:00","2026-02-28 05:00:00","2026-02-28 05:00:00",false,false,false,"[PREMIUM]","[PREMIUM]","[PREMIUM]","[PREMIUM]","[PREMIUM]","[PREMIUM]",false,true,"6838a9cd790d61f3e6769b3b","['65ce998d07a5794f79181c42']","[PREMIUM]","[PREMIUM]"
"6972bdc1339fef029ea595a7","2026-02-04 01:13:39.916","2026-02-26 23:01:18.562","6972bdc1339fef029ea595a7","Bingo Loco (21+ Event)","music","2026-02-27 19:30:00","2026-02-28 01:30:00","2026-02-28 01:30:00",false,false,false,"[PREMIUM]","[PREMIUM]","[PREMIUM]","[PREMIUM]","[PREMIUM]","[PREMIUM]",false,false,"61e9f633b0dbc100010f0932","['6668d4cb075eb00266a9c7ca']","[PREMIUM]","[PREMIUM]"
"69820d17bf19d8accbd36662","2026-02-04 01:13:39.916","2026-02-26 23:01:08.941","69820d17bf19d8accbd36662","Club 90s - Heated Rivalry Night (18+ Event)","music","2026-02-26 21:00:00","2026-02-27 03:00:00","2026-02-27 03:00:00",false,false,false,"[PREMIUM]","[PREMIUM]","[PREMIUM]","[PREMIUM]","[PREMIUM]","[PREMIUM]",false,true,"57d9795c50575d33c87759e6","['65ce9a22bcbac887432e06c5']","[PREMIUM]","[PREMIUM]"
"694091e8046fd6611c889c29","2026-02-04 01:13:32.086","2026-02-26 23:01:08.941","694091e8046fd6611c889c29","Philadelphia Union vs Defence Force FC (CONCACAF Champions Cup) (Round One)","mls","2026-02-26 19:00:00","2026-02-27 00:00:00","2026-02-27 00:45:00",false,false,false,"[PREMIUM]","[PREMIUM]","[PREMIUM]","[PREMIUM]","[PREMIUM]","[PREMIUM]",true,false,"53acb8a13bf3760237000002","['53acb8ac3bf3760237000011','69824e9d26d49b5d228fea26','6377cb5dea16fc0001d294d4']","[PREMIUM]","[PREMIUM]"
"692fa65262e738a08d93fbf5","2026-02-04 01:13:23.846","2026-02-25 19:35:28.800","692fa65262e738a08d93fbf5","Waseda University Bear at Stanford Cardinal Baseball","cbs","2026-02-25 15:30:00","2026-02-25 23:30:00","2026-02-26 01:00:00",false,false,false,"[PREMIUM]","[PREMIUM]","[PREMIUM]","[PREMIUM]","[PREMIUM]","[PREMIUM]",false,false,"641a256d0476c000015c9e3d","['5a21defe25f2c5448dd3ecd4']","[PREMIUM]","[PREMIUM]"
"69817d83348a3b4ed26bbd58","2026-02-04 01:13:23.846","2026-02-22 09:15:28.097","69817d83348a3b4ed26bbd58","Corey B","comedy","2026-02-22 19:00:00","2026-02-23 01:00:00","2026-02-23 01:00:00",false,false,false,"[PREMIUM]","[PREMIUM]","[PREMIUM]","[PREMIUM]","[PREMIUM]","[PREMIUM]",false,true,"63d45545ca768d00010f30d0","['66db6b583475287ec2ff2b9e']","[PREMIUM]","[PREMIUM]"
"6981787c254cf8b8ebef602b","2026-02-04 01:13:23.846","2026-02-22 09:15:28.097","6981787c254cf8b8ebef602b","The Funeral Portrait","music","2026-02-22 19:00:00","2026-02-23 00:00:00","2026-02-23 00:00:00",false,false,false,"[PREMIUM]","[PREMIUM]","[PREMIUM]","[PREMIUM]","[PREMIUM]","[PREMIUM]",false,false,"57ab8b29f80c411f8fdebfe5","['670842bc012f121ade75f85f']","[PREMIUM]","[PREMIUM]"
"6941e7e7ff721780336952ea","2026-02-04 01:13:17.139","2026-02-17 19:25:48.237","6941e7e7ff721780336952ea","Jesse Malin","music","2026-02-21 20:00:00","2026-02-22 01:00:00","2026-02-22 02:30:00",false,false,false,"[PREMIUM]","[PREMIUM]","[PREMIUM]","[PREMIUM]","[PREMIUM]","[PREMIUM]",false,false,"57bf665ff80c4103a4c914a2","['5d4355abbe45e4003466e0a6']","[PREMIUM]","[PREMIUM]"
"69817d83bfbce1f033f9a485","2026-02-04 01:13:17.139","2026-02-21 05:53:43.518","69817d83bfbce1f033f9a485","Corey B","comedy","2026-02-21 20:30:00","2026-02-22 02:30:00","2026-02-22 02:30:00",false,false,false,"[PREMIUM]","[PREMIUM]","[PREMIUM]","[PREMIUM]","[PREMIUM]","[PREMIUM]",false,false,"63d45545ca768d00010f30d0","['66db6b583475287ec2ff2b9e']","[PREMIUM]","[PREMIUM]"
"68827a3b2969f72e4ac25afa","2026-02-04 01:13:09.884","2026-02-21 05:53:34.308","68827a3b2969f72e4ac25afa","UT Arlington Mavericks at Utah Valley Wolverines Womens Basketball","wcbb","2026-02-21 14:00:00","2026-02-21 21:00:00","2026-02-21 21:00:00",false,false,false,"[PREMIUM]","[PREMIUM]","[PREMIUM]","[PREMIUM]","[PREMIUM]","[PREMIUM]",false,false,"61bbdab8dcfdfa0001d024a4","['6513327ac44844f33cdbac07','633f23716c6dcc000192eceb']","[PREMIUM]","[PREMIUM]"
"68f2dc7944da816842a0e155","2026-02-04 01:13:09.884","2026-02-21 05:53:34.308","68f2dc7944da816842a0e155","Loyola Ramblers at St. Bonaventure Bonnies Womens Basketball","wcbb","2026-02-21 15:00:00","2026-02-21 20:00:00","2026-02-21 20:00:00",false,false,false,"[PREMIUM]","[PREMIUM]","[PREMIUM]","[PREMIUM]","[PREMIUM]","[PREMIUM]",false,false,"581bc8aacde6626ebe369dbe","['650a12c5e59197000160998e','650a0db65c20970001e537ea']","[PREMIUM]","[PREMIUM]"
"6976f104d749b0d44a5f89ca","2026-02-04 01:13:09.884","2026-02-20 02:34:50.790","6976f104d749b0d44a5f89ca","Club 90s - Heated Rivalrave (18+ Event)","music","2026-02-20 21:00:00","2026-02-21 02:00:00","2026-02-21 02:00:00",false,false,false,"[PREMIUM]","[PREMIUM]","[PREMIUM]","[PREMIUM]","[PREMIUM]","[PREMIUM]",false,false,"5798426cf80c417b17e73961","['65ce9a22bcbac887432e06c5']","[PREMIUM]","[PREMIUM]"
"6965638fa1852c2070b71325","2026-02-04 01:13:09.884","2026-02-21 05:53:34.308","6965638fa1852c2070b71325","Club 90s - Heated Rivalry Night (18+ Event)","music","2026-02-20 21:00:00","2026-02-21 07:00:00","2026-02-21 07:00:00",false,false,false,"[PREMIUM]","[PREMIUM]","[PREMIUM]","[PREMIUM]","[PREMIUM]","[PREMIUM]",false,false,"5b76fa330e84fa0012a0356a","['65ce9a22bcbac887432e06c5']","[PREMIUM]","[PREMIUM]"
"69817d5be1df0ffb29571f60","2026-02-04 01:13:09.884","2026-02-20 02:34:50.790","69817d5be1df0ffb29571f60","Michael Blackson","music","2026-02-20 20:00:00","2026-02-21 01:00:00","2026-02-21 02:30:00",false,false,false,"[PREMIUM]","[PREMIUM]","[PREMIUM]","[PREMIUM]","[PREMIUM]","[PREMIUM]",false,true,"5ae9e3281bacc50013566e95","['5afcb4162479b000153d0b4f']","[PREMIUM]","[PREMIUM]"
"69817d823d9146498e1ac6bc","2026-02-04 01:13:09.884","2026-02-21 05:53:34.308","69817d823d9146498e1ac6bc","Corey B","comedy","2026-02-21 18:00:00","2026-02-22 00:00:00","2026-02-22 00:00:00",false,false,false,"[PREMIUM]","[PREMIUM]","[PREMIUM]","[PREMIUM]","[PREMIUM]","[PREMIUM]",false,false,"63d45545ca768d00010f30d0","['66db6b583475287ec2ff2b9e']","[PREMIUM]","[PREMIUM]"
"69817d82c571009eefea57e7","2026-02-04 01:13:09.884","2026-02-20 02:34:50.790","69817d82c571009eefea57e7","Corey B","comedy","2026-02-20 21:15:00","2026-02-21 03:15:00","2026-02-21 03:15:00",false,false,false,"[PREMIUM]","[PREMIUM]","[PREMIUM]","[PREMIUM]","[PREMIUM]","[PREMIUM]",false,false,"63d45545ca768d00010f30d0","['66db6b583475287ec2ff2b9e']","[PREMIUM]","[PREMIUM]"
"6941e7e7eb4b97862e17a8e4","2026-02-04 01:13:09.884","2026-02-17 19:25:39.598","6941e7e7eb4b97862e17a8e4","Jesse Malin","music","2026-02-20 20:00:00","2026-02-21 01:00:00","2026-02-21 02:30:00",false,false,false,"[PREMIUM]","[PREMIUM]","[PREMIUM]","[PREMIUM]","[PREMIUM]","[PREMIUM]",false,false,"57bf665ff80c4103a4c914a2","['5d4355abbe45e4003466e0a6']","[PREMIUM]","[PREMIUM]"
"697317436e2f4e59333f6af6","2026-02-04 01:13:09.884","2026-02-20 02:34:50.790","697317436e2f4e59333f6af6","Club 90s - Heated Rivalry Night (18+ Event)","music","2026-02-20 20:15:00","2026-02-21 04:15:00","2026-02-21 04:15:00",false,false,false,"[PREMIUM]","[PREMIUM]","[PREMIUM]","[PREMIUM]","[PREMIUM]","[PREMIUM]",false,false,"67f58ca782cfee4b9655b64e","['65ce9a22bcbac887432e06c5']","[PREMIUM]","[PREMIUM]"
"69767ec730fbe5ffd7d07986","2026-02-04 01:13:09.884","2026-02-20 02:34:42.482","69767ec730fbe5ffd7d07986","Emo Night Karaoke (Rescheduled from 1/24)","music","2026-02-20 20:00:00","2026-02-21 01:00:00","2026-02-21 01:00:00",false,false,false,"[PREMIUM]","[PREMIUM]","[PREMIUM]","[PREMIUM]","[PREMIUM]","[PREMIUM]",false,false,"594c3cbb9da0d48c0d6db81f","['65ce998d07a5794f79181c42']","[PREMIUM]","[PREMIUM]"
"69817ca8c384cf09c913cd18","2026-02-04 01:13:00.166","2026-02-18 23:22:39.278","69817ca8c384cf09c913cd18","Bushwicks Dead (18+ Event)","music","2026-02-19 20:00:00","2026-02-20 01:00:00","2026-02-20 01:00:00",false,false,false,"[PREMIUM]","[PREMIUM]","[PREMIUM]","[PREMIUM]","[PREMIUM]","[PREMIUM]",false,true,"5813a492cde6626ebe15f074","['6650d9574437b9b5b6896c00']","[PREMIUM]","[PREMIUM]"
"69817abcdc1d5b3939e46fdf","2026-02-04 01:13:00.166","2026-02-20 02:34:42.482","69817abcdc1d5b3939e46fdf","Northeastern Huskies at UMass Lowell River Hawks Mens Hockey","cho","2026-02-20 19:15:00","2026-02-21 00:15:00","2026-02-21 01:45:00",false,false,false,"[PREMIUM]","[PREMIUM]","[PREMIUM]","[PREMIUM]","[PREMIUM]","[PREMIUM]",true,false,"5af6125df001600012e2995a","['5a68c17f25f2c56b4b46cd3a','59b71b8825f2c56ac1679875']","[PREMIUM]","[PREMIUM]"
"69817d83dbbdcb51aa76bc4d","2026-02-04 01:13:00.166","2026-02-20 02:34:42.482","69817d83dbbdcb51aa76bc4d","Corey B","comedy","2026-02-20 19:00:00","2026-02-21 01:00:00","2026-02-21 01:00:00",false,false,false,"[PREMIUM]","[PREMIUM]","[PREMIUM]","[PREMIUM]","[PREMIUM]","[PREMIUM]",false,false,"63d45545ca768d00010f30d0","['66db6b583475287ec2ff2b9e']","[PREMIUM]","[PREMIUM]"
"697156b54d63a33c999d53d5","2026-02-04 01:13:00.166","2026-02-20 02:34:42.482","697156b54d63a33c999d53d5","Billy Strings","music","2026-02-20 19:30:00","2026-02-21 00:30:00","2026-02-21 02:00:00",false,false,false,"[PREMIUM]","[PREMIUM]","[PREMIUM]","[PREMIUM]","[PREMIUM]","[PREMIUM]",false,false,"5e176f6f753f5b003a11783d","['5b85755c856b350013a082a0']","[PREMIUM]","[PREMIUM]"
"6981774fac24908c00f6db88","2026-02-04 01:12:46.880","2026-02-16 15:42:13.989","6981774fac24908c00f6db88","Dave Chappelle","comedy","2026-02-16 19:30:00","2026-02-17 01:30:00","2026-02-17 02:15:00",false,false,false,"[PREMIUM]","[PREMIUM]","[PREMIUM]","[PREMIUM]","[PREMIUM]","[PREMIUM]",true,false,"543ec2683bf3766621000002","['56982080f80c4172a3000002']","[PREMIUM]","[PREMIUM]"
"69715600e162f3c64d7ecc40","2026-02-04 01:12:46.880","2026-02-15 12:44:19.940","69715600e162f3c64d7ecc40","Needtobreathe","music","2026-02-15 19:30:00","2026-02-16 00:30:00","2026-02-16 01:30:00",false,false,false,"[PREMIUM]","[PREMIUM]","[PREMIUM]","[PREMIUM]","[PREMIUM]","[PREMIUM]",false,false,"5ac6b61ff366c100132cd37a","['57c4d421f80c4174c5bac8ed']","[PREMIUM]","[PREMIUM]"
"69724eea761a24f82e18d1e5","2026-02-04 01:12:46.880","2026-02-16 15:42:13.989","69724eea761a24f82e18d1e5","Roanoke Rail Yard Dawgs Blue vs Roanoke Rail Yard Dawgs White (Exhibition)","echl","2026-02-17 10:35:00","2026-02-17 15:35:00","2026-02-17 15:35:00",false,false,false,"[PREMIUM]","[PREMIUM]","[PREMIUM]","[PREMIUM]","[PREMIUM]","[PREMIUM]",false,false,"5e8258bbbbdb520001f2719a","['64ee7a33a1fc2d0001335da0']","[PREMIUM]","[PREMIUM]"
"694217202e6d406da3dc192d","2026-02-04 01:12:39.341","2026-02-14 08:48:01.645","694217202e6d406da3dc192d","CF Monterrey vs Club Leon","soccer","2026-02-14 19:00:00","2026-02-15 01:00:00","2026-02-15 02:30:00",false,false,false,"[PREMIUM]","[PREMIUM]","[PREMIUM]","[PREMIUM]","[PREMIUM]","[PREMIUM]",false,false,"678041462134422fb085f4ee","['5c671881cacf1a0015a8d33f','59a7259b25f2c53090ff110b']","[PREMIUM]","[PREMIUM]"
"69825852228f4a1497c389a3","2026-02-04 01:12:39.341","2026-02-14 08:48:13.980","69825852228f4a1497c389a3","Chase Matthew","music","2026-02-14 20:00:00","2026-02-15 01:00:00","2026-02-15 02:30:00",false,false,false,"[PREMIUM]","[PREMIUM]","[PREMIUM]","[PREMIUM]","[PREMIUM]","[PREMIUM]",false,false,"61afdd78ed874600017bb812","['62ed8228e319e900018bfa9e']","[PREMIUM]","[PREMIUM]"
"69797896043833f502addaf3","2026-02-04 01:12:39.341","2026-02-14 08:48:13.980","69797896043833f502addaf3","Emo Night Brooklyn (21+ Event)","music","2026-02-14 21:00:00","2026-02-15 02:00:00","2026-02-15 02:00:00",false,false,false,"[PREMIUM]","[PREMIUM]","[PREMIUM]","[PREMIUM]","[PREMIUM]","[PREMIUM]",false,false,"5e2a322b4514610039ceaceb","['65ce998d07a5794f79181c42']","[PREMIUM]","[PREMIUM]"
"69817ca584da95487cd7341b","2026-02-04 01:12:32.298","2026-02-13 04:39:43.640","69817ca584da95487cd7341b","Jerrod Carmichael","comedy","2026-02-13 19:30:00","2026-02-14 00:30:00","2026-02-14 02:00:00",false,false,false,"[PREMIUM]","[PREMIUM]","[PREMIUM]","[PREMIUM]","[PREMIUM]","[PREMIUM]",false,false,"62a26daa66c7390001ed9fda","['61ddc16463106a0001e62ebb']","[PREMIUM]","[PREMIUM]"
"697150923221066dfc20aea7","2026-02-04 01:12:32.298","2026-02-13 04:39:43.640","697150923221066dfc20aea7","Club 90s - Heated Rivalrave (18+ Event)","music","2026-02-13 20:00:00","2026-02-14 01:00:00","2026-02-14 01:00:00",false,false,false,"[PREMIUM]","[PREMIUM]","[PREMIUM]","[PREMIUM]","[PREMIUM]","[PREMIUM]",false,false,"5799112bf80c4152cf6865d8","['65ce9a22bcbac887432e06c5']","[PREMIUM]","[PREMIUM]"
"6972c771519f1ca705adfd17","2026-02-04 01:12:32.298","2026-02-13 04:39:43.640","6972c771519f1ca705adfd17","Club 90s - Heated Rivalry Night (18+ Event)","music","2026-02-13 20:30:00","2026-02-14 01:30:00","2026-02-14 01:30:00",false,false,false,"[PREMIUM]","[PREMIUM]","[PREMIUM]","[PREMIUM]","[PREMIUM]","[PREMIUM]",false,false,"578577a7f80c41623d38b3e5","['65ce9a22bcbac887432e06c5']","[PREMIUM]","[PREMIUM]"
"68827a3b598b11d1ebb34f10","2026-02-04 01:12:24.794","2026-02-12 01:20:23.852","68827a3b598b11d1ebb34f10","Utah Tech Trailblazers at Utah Valley Wolverines Womens Basketball","wcbb","2026-02-12 18:00:00","2026-02-13 01:00:00","2026-02-13 01:00:00",false,false,false,"[PREMIUM]","[PREMIUM]","[PREMIUM]","[PREMIUM]","[PREMIUM]","[PREMIUM]",false,false,"61bbdab8dcfdfa0001d024a4","['6513327ac44844f33cdbac07','636aa433a3bc8700017ad32e']","[PREMIUM]","[PREMIUM]"
"69408fc9ce049e53d511887b","2026-02-04 01:12:24.794","2026-02-12 01:20:23.852","69408fc9ce049e53d511887b","CF Monterrey vs CSD Xelaju MC (CONCACAF Champions Cup) (Round One)","soccer","2026-02-11 22:00:00","2026-02-12 04:00:00","2026-02-12 05:30:00",false,false,false,"[PREMIUM]","[PREMIUM]","[PREMIUM]","[PREMIUM]","[PREMIUM]","[PREMIUM]",false,false,"678041462134422fb085f4ee","['5c671881cacf1a0015a8d33f','626007c11e6ce700012bcd5d','6377cb5dea16fc0001d294d4']","[PREMIUM]","[PREMIUM]"
"698241f2967791dff7bb97cb","2026-02-04 01:12:24.794","2026-02-13 04:39:43.640","698241f2967791dff7bb97cb","Mariela","music","2026-02-12 20:30:00","2026-02-13 04:30:00","2026-02-13 06:00:00",false,false,false,"[PREMIUM]","[PREMIUM]","[PREMIUM]","[PREMIUM]","[PREMIUM]","[PREMIUM]",false,true,"5a43d398f7f0e90012bd74b6","['62fc048fcbbebe0001360add']","[PREMIUM]","[PREMIUM]"
"69817d8297c8a57c99441a5d","2026-02-04 01:12:17.658","2026-02-10 21:02:43.926","69817d8297c8a57c99441a5d","Peter Antoniou","comedy","2026-02-10 19:30:00","2026-02-11 01:30:00","2026-02-11 01:30:00",false,false,false,"[PREMIUM]","[PREMIUM]","[PREMIUM]","[PREMIUM]","[PREMIUM]","[PREMIUM]",false,true,"63d45545ca768d00010f30d0","['6529571dfaf5e239e0215833']","[PREMIUM]","[PREMIUM]"
"68ce2cfd9fc6aa16d52c9f52","2026-02-04 01:12:10.954","2026-02-07 10:50:25.850","68ce2cfd9fc6aa16d52c9f52","MAC-SBC Challenge: Louisiana Monroe Warhawks at Buffalo Bulls Womens Basketball","wcbb","2026-02-07 14:00:00","2026-02-07 19:00:00","2026-02-07 19:00:00",false,false,false,"[PREMIUM]","[PREMIUM]","[PREMIUM]","[PREMIUM]","[PREMIUM]","[PREMIUM]",false,false,"637c0b64f6e5ef00011b59d7","['650b33d637cbc30001cf2a9a','64f910450acaa600018e87b1']","[PREMIUM]","[PREMIUM]"
"6909640924426e01192b6c69","2026-02-04 01:12:10.954","2026-02-07 10:50:25.850","6909640924426e01192b6c69","Fordham Rams at La Salle Explorers Womens Basketball","wcbb","2026-02-07 13:00:00","2026-02-07 18:00:00","2026-02-07 18:00:00",false,false,false,"[PREMIUM]","[PREMIUM]","[PREMIUM]","[PREMIUM]","[PREMIUM]","[PREMIUM]",false,false,"618adba786384b0001f270da","['64ee3a214595d50001b6c27d','62ec0672fc6f7e00012438fb']","[PREMIUM]","[PREMIUM]"
"692fa08c0817ab1c4f9d6d89","2026-02-04 01:12:10.954","2026-02-07 10:50:25.850","692fa08c0817ab1c4f9d6d89","Cornell Big Red at Princeton Tigers Wrestling","wres","2026-02-07 20:00:00","2026-02-08 01:00:00","2026-02-08 01:00:00",false,false,false,"[PREMIUM]","[PREMIUM]","[PREMIUM]","[PREMIUM]","[PREMIUM]","[PREMIUM]",false,false,"671a737811a34d9a3aefaf36","['675754073fdfa64d2285ecbb','69822a59e41b9f3593513378']","[PREMIUM]","[PREMIUM]"
"6956f301f7c597ee5ffd21d7","2026-02-04 01:12:10.954","2026-02-07 10:50:33.757","6956f301f7c597ee5ffd21d7","Emo Night","music","2026-02-07 20:00:00","2026-02-08 04:00:00","2026-02-08 04:00:00",false,false,false,"[PREMIUM]","[PREMIUM]","[PREMIUM]","[PREMIUM]","[PREMIUM]","[PREMIUM]",false,false,"61c3a620dea1f70001288b01","['65ce998d07a5794f79181c42']","[PREMIUM]","[PREMIUM]"
"694d9c750243b97211be8956","2026-02-04 01:12:10.954","2026-02-07 10:50:33.757","694d9c750243b97211be8956","The Emo Night Tour (21+ Event)","music","2026-02-07 20:00:00","2026-02-08 04:00:00","2026-02-08 04:00:00",false,false,false,"[PREMIUM]","[PREMIUM]","[PREMIUM]","[PREMIUM]","[PREMIUM]","[PREMIUM]",false,false,"61b3c15213be7a000159a504","['65ce998d07a5794f79181c42']","[PREMIUM]","[PREMIUM]"
"69126cfaf4118f6b43e5fdb8","2026-02-04 01:12:03.913","2026-02-07 10:50:25.850","69126cfaf4118f6b43e5fdb8","2026 Excision Presents: The Thunderdome - Saturday","music","2026-02-07 18:30:00","2026-02-08 02:30:00","2026-02-08 06:30:00",false,false,false,"[PREMIUM]","[PREMIUM]","[PREMIUM]","[PREMIUM]","[PREMIUM]","[PREMIUM]",false,false,"56959334f80c4155ab000001","['67a50303ffe07532e09aa8a9']","[PREMIUM]","[PREMIUM]"
"6971552966c7fd4b15309171","2026-02-04 01:12:03.913","2026-02-06 07:41:19.971","6971552966c7fd4b15309171","NEEDTOBREATHE","music","2026-02-06 20:00:00","2026-02-07 04:00:00","2026-02-07 05:00:00",false,false,false,"[PREMIUM]","[PREMIUM]","[PREMIUM]","[PREMIUM]","[PREMIUM]","[PREMIUM]",false,false,"6452c55f0ff0c500013e1dc4","['57c4d421f80c4174c5bac8ed']","[PREMIUM]","[PREMIUM]"
"698290115df0e3a4d671f318","2026-02-04 01:12:03.913","2026-02-06 07:41:19.971","698290115df0e3a4d671f318","2026 Excision Presents: The Thunderdome - Friday","music","2026-02-06 18:30:00","2026-02-07 02:30:00","2026-02-07 06:30:00",false,false,false,"[PREMIUM]","[PREMIUM]","[PREMIUM]","[PREMIUM]","[PREMIUM]","[PREMIUM]",false,false,"56959334f80c4155ab000001","['67a50303ffe07532e09aa8a9']","[PREMIUM]","[PREMIUM]"
"6982903d79e9b6306cb7773f","2026-02-04 01:12:03.913","2026-02-06 07:41:19.971","6982903d79e9b6306cb7773f","2026 Excision Presents: The Thunderdome - 3 Day Pass","music","2026-02-06 18:00:00","2026-02-07 02:00:00","2026-02-07 06:00:00",false,true,false,"[PREMIUM]","[PREMIUM]","[PREMIUM]","[PREMIUM]","[PREMIUM]","[PREMIUM]",false,false,"56959334f80c4155ab000001","['67a50303ffe07532e09aa8a9']","[PREMIUM]","[PREMIUM]"
"68f2dc7ac748b502a50fee0d","2026-02-04 01:11:56.149","2026-02-04 01:11:56.149","68f2dc7ac748b502a50fee0d","Davidson Wildcats at St. Bonaventure Bonnies Womens Basketball","wcbb","2026-02-04 18:00:00","2026-02-04 23:00:00","2026-02-04 23:00:00",false,false,false,"[PREMIUM]","[PREMIUM]","[PREMIUM]","[PREMIUM]","[PREMIUM]","[PREMIUM]",false,false,"581bc8aacde6626ebe369dbe","['650a12c5e59197000160998e','62ec06b0323bca0001765304']","[PREMIUM]","[PREMIUM]"
"69096409dc7b575c2495e8e5","2026-02-04 01:11:56.149","2026-02-04 01:11:56.149","69096409dc7b575c2495e8e5","Dayton Flyers at La Salle Explorers Womens Basketball","wcbb","2026-02-04 18:30:00","2026-02-04 23:30:00","2026-02-04 23:30:00",false,false,false,"[PREMIUM]","[PREMIUM]","[PREMIUM]","[PREMIUM]","[PREMIUM]","[PREMIUM]",false,false,"618adba786384b0001f270da","['64ee3a214595d50001b6c27d','650a0c4c694c320001fc429f']","[PREMIUM]","[PREMIUM]"
"69817b0ebe953fbf7109c436","2026-02-04 01:11:56.149","2026-02-05 04:23:33.890","69817b0ebe953fbf7109c436","Auburn Tigers at North Florida Ospreys Softball","csoft","2026-02-05 16:00:00","2026-02-05 21:00:00","2026-02-05 21:00:00",false,false,false,"[PREMIUM]","[PREMIUM]","[PREMIUM]","[PREMIUM]","[PREMIUM]","[PREMIUM]",false,false,"65fb609c5c15a6e9551f0d55","['696fec4bf87aabcb4037cb21','67b8e347623275248804f54a']","[PREMIUM]","[PREMIUM]"
"69817846049187543ef58ddb","2026-02-04 01:11:56.149","2026-02-05 04:23:33.890","69817846049187543ef58ddb","Waste Management Phoenix Open - 4 Day Pass (2/5 - 2/8)","pga","2026-02-05 05:59:00","2026-02-05 12:59:00","2026-02-05 15:59:00",false,false,false,"[PREMIUM]","[PREMIUM]","[PREMIUM]","[PREMIUM]","[PREMIUM]","[PREMIUM]",false,false,"56a91b48f80c4141da000001","['56a91b6cf80c4141da000003']","[PREMIUM]","[PREMIUM]"
"69767bf34e741fbc23da8965","2026-02-04 01:11:56.149","2026-02-04 01:11:56.149","69767bf34e741fbc23da8965","Jackie Venson","music","2026-02-04 20:00:00","2026-02-05 02:00:00","2026-02-05 02:00:00",false,false,false,"[PREMIUM]","[PREMIUM]","[PREMIUM]","[PREMIUM]","[PREMIUM]","[PREMIUM]",false,false,"61e9f4ad8e648a000188c9eb","['6515b792a26a30ef74402403']","[PREMIUM]","[PREMIUM]"
"6940923a72d48d363112a586","2026-02-04 01:11:56.149","2026-02-05 04:23:33.890","6940923a72d48d363112a586","Vancouver FC vs Cruz Azul (CONCACAF Champions Cup) (Round One)","cpl","2026-02-04 19:00:00","2026-02-05 03:00:00","2026-02-05 04:30:00",false,false,false,"[PREMIUM]","[PREMIUM]","[PREMIUM]","[PREMIUM]","[PREMIUM]","[PREMIUM]",false,false,"6578b3136bc3fbaec13e9f01","['642622ae8d44400001ee3967','5b887db6ff80b7001425d689','6377cb5dea16fc0001d294d4']","[PREMIUM]","[PREMIUM]"
