"_primaryKey","_firstSeenAt","_lastSeenAt","eventId","name","category","datetimeLocal","datetimeUtc","salesCutOff","tbd","timeTbd","dateTbd","minPriceTotal","minPricePrefee","maxPriceTotal","maxPricePrefee","zoneDealPriceTotal","flashDealPriceTotal","hasExclusives","mapless","venueId","performerIds","popularityScore","trendingScore"
"69718f78a99ed170967cdfa8","2026-01-22 18:38:09.786","2026-03-03 12:21:32.958","69718f78a99ed170967cdfa8","Atlanta United 2 at Chicago Fire FC II","mils","2026-04-18 15:00:00","2026-04-18 20:00:00","2026-04-18 21:30:00",false,false,false,"[PREMIUM]","[PREMIUM]","[PREMIUM]","[PREMIUM]","[PREMIUM]","[PREMIUM]",false,false,"538794ad21efd360b1000005","['623b8f4311753a0001a1ab37','5a946a7dd5b2150013f63f17']","[PREMIUM]","[PREMIUM]"
"69718e40a99ed170967cdf3d","2026-01-22 18:38:09.786","2026-03-03 12:21:32.958","69718e40a99ed170967cdf3d","Huntsville City FC at Inter Miami CF II","mils","2026-04-18 18:00:00","2026-04-18 22:00:00","2026-04-18 23:30:00",false,false,false,"[PREMIUM]","[PREMIUM]","[PREMIUM]","[PREMIUM]","[PREMIUM]","[PREMIUM]",false,false,"5e0f76a2f3c3e1003b6c83ff","['623b905c39cfc0000147f109','642cbb7b86394e00014c9b03']","[PREMIUM]","[PREMIUM]"
"69718e0f39bcc426ebcbe4e3","2026-01-22 18:38:09.786","2026-03-03 12:21:32.958","69718e0f39bcc426ebcbe4e3","New England Revolution II at Columbus Crew 2","mils","2026-04-18 15:00:00","2026-04-18 19:00:00","2026-04-18 20:30:00",false,false,false,"[PREMIUM]","[PREMIUM]","[PREMIUM]","[PREMIUM]","[PREMIUM]","[PREMIUM]",false,false,"60da3f2e9eeeb0000118f396","['623b8fdcf807a90001c3adc1','623b90b74777d300018cdcfd']","[PREMIUM]","[PREMIUM]"
"69718d4afdbab677d11d6e34","2026-01-22 18:38:09.786","2026-03-03 12:21:32.958","69718d4afdbab677d11d6e34","Crowder","music","2026-04-18 19:00:00","2026-04-18 23:00:00","2026-04-19 00:00:00",false,false,false,"[PREMIUM]","[PREMIUM]","[PREMIUM]","[PREMIUM]","[PREMIUM]","[PREMIUM]",false,true,"65baabd5b0160562c7bb0b23","['5a7a06ff25f2c5110b1bf094']","[PREMIUM]","[PREMIUM]"
"69718d285b47465d0c41df73","2026-01-22 18:38:09.786","2026-03-03 12:21:32.958","69718d285b47465d0c41df73","DeRay Davis","comedy","2026-04-17 21:30:00","2026-04-18 04:30:00","2026-04-18 06:00:00",false,false,false,"[PREMIUM]","[PREMIUM]","[PREMIUM]","[PREMIUM]","[PREMIUM]","[PREMIUM]",false,false,"61c10523f6e0f10001a5c489","['5e20f4997b9e7c0039cc0f28']","[PREMIUM]","[PREMIUM]"
"69718d2827d2b812a3c9e885","2026-01-22 18:38:09.786","2026-03-03 12:21:32.958","69718d2827d2b812a3c9e885","DeRay Davis","comedy","2026-04-18 19:00:00","2026-04-19 02:00:00","2026-04-19 03:30:00",false,false,false,"[PREMIUM]","[PREMIUM]","[PREMIUM]","[PREMIUM]","[PREMIUM]","[PREMIUM]",false,false,"61c10523f6e0f10001a5c489","['5e20f4997b9e7c0039cc0f28']","[PREMIUM]","[PREMIUM]"
"69718c908e378ebc24ad3ab1","2026-01-22 18:38:09.786","2026-03-03 12:21:32.958","69718c908e378ebc24ad3ab1","Disney On Ice: Road Trip Adventures","theater","2026-04-18 18:30:00","2026-04-19 01:30:00","2026-04-19 01:45:00",false,false,false,"[PREMIUM]","[PREMIUM]","[PREMIUM]","[PREMIUM]","[PREMIUM]","[PREMIUM]",false,false,"542da6dd3bf376781a000001","['57dc19b1f80c417e9c06490e']","[PREMIUM]","[PREMIUM]"
"69718af77c3ad2d4cc439cfc","2026-01-22 18:38:09.786","2026-03-03 12:21:32.958","69718af77c3ad2d4cc439cfc","Chattanooga FC at Crown Legacy FC","mils","2026-04-18 19:00:00","2026-04-18 23:00:00","2026-04-19 00:30:00",false,false,false,"[PREMIUM]","[PREMIUM]","[PREMIUM]","[PREMIUM]","[PREMIUM]","[PREMIUM]",false,false,"5d07f7ebdaa171001876e16f","['642cb91647673b0001cc4526','65fdae2791c70456413be2d9']","[PREMIUM]","[PREMIUM]"
"6971555ee162f3c64d7ecc14","2026-01-22 18:38:09.786","2026-03-03 12:21:32.958","6971555ee162f3c64d7ecc14","Montgomery Biscuits at Chattanooga Lookouts","milb","2026-04-18 18:30:00","2026-04-18 22:30:00","2026-04-18 22:30:00",false,false,false,"[PREMIUM]","[PREMIUM]","[PREMIUM]","[PREMIUM]","[PREMIUM]","[PREMIUM]",false,false,"65396658f7f339c2d176e639","['649b6e6118b111000144344d','6488b0129e46740001738dab']","[PREMIUM]","[PREMIUM]"
"697154e188ac16171b101472","2026-01-22 18:38:09.786","2026-03-03 12:21:32.958","697154e188ac16171b101472","Harry Potter and the Cursed Child","theater","2026-04-18 14:00:00","2026-04-18 18:00:00","2026-04-18 19:00:00",false,false,false,"[PREMIUM]","[PREMIUM]","[PREMIUM]","[PREMIUM]","[PREMIUM]","[PREMIUM]",false,false,"5824b86dcde6626ebe549930","['5a3c554825f2c51d4ed4e8d2']","[PREMIUM]","[PREMIUM]"
"69714fc197f71f961aceff03","2026-01-22 18:38:09.786","2026-03-03 12:21:32.958","69714fc197f71f961aceff03","The Academy Is","music","2026-04-18 18:00:00","2026-04-18 22:00:00","2026-04-18 22:00:00",false,false,false,"[PREMIUM]","[PREMIUM]","[PREMIUM]","[PREMIUM]","[PREMIUM]","[PREMIUM]",false,false,"5defc6331052bb0037e3616d","['689b5b0767ecb059215df2d9']","[PREMIUM]","[PREMIUM]"
"69703d45fdbab677d11d0847","2026-01-22 18:38:09.786","2026-03-03 12:21:32.958","69703d45fdbab677d11d0847","Elrow - Saturday","music","2026-04-18 00:00:00","2026-04-18 05:00:00","2026-04-18 05:00:00",false,true,false,"[PREMIUM]","[PREMIUM]","[PREMIUM]","[PREMIUM]","[PREMIUM]","[PREMIUM]",false,false,"670068746067a138a66cee64","['66f1d20cdb0285e0fbb8944d']","[PREMIUM]","[PREMIUM]"
"6972531baab4007167bbbcfb","2026-01-22 18:38:00.382","2026-03-03 12:21:16.688","6972531baab4007167bbbcfb","Lexa Gates","music","2026-04-16 19:00:00","2026-04-16 23:00:00","2026-04-16 23:00:00",false,false,false,"[PREMIUM]","[PREMIUM]","[PREMIUM]","[PREMIUM]","[PREMIUM]","[PREMIUM]",false,false,"57eade5dcde6626ebe3ba5e2","['66f1dd3ba3e20e9040184bf3']","[PREMIUM]","[PREMIUM]"
"69718e013221066dfc20becd","2026-01-22 18:38:00.382","2026-03-03 12:21:24.554","69718e013221066dfc20becd","Disco Biscuits","music","2026-04-16 20:00:00","2026-04-17 03:00:00","2026-04-17 04:30:00",false,false,false,"[PREMIUM]","[PREMIUM]","[PREMIUM]","[PREMIUM]","[PREMIUM]","[PREMIUM]",false,false,"576d839ff80c415f0cc30d94","['5df7ddf7ea430d003ad7beb2']","[PREMIUM]","[PREMIUM]"
"69718daa7c3ad2d4cc439d50","2026-01-22 18:38:00.382","2026-03-03 12:21:24.554","69718daa7c3ad2d4cc439d50","St Louis City 2 at Tacoma Defiance","mils","2026-04-17 19:00:00","2026-04-18 02:00:00","2026-04-18 03:30:00",false,false,false,"[PREMIUM]","[PREMIUM]","[PREMIUM]","[PREMIUM]","[PREMIUM]","[PREMIUM]",false,false,"5ac668d0629e220013b564f9","['5ced973751253f00166f9e04','592f1e4f25f2c51a7397b3fb']","[PREMIUM]","[PREMIUM]"
"69718d28a643408dc359c2e4","2026-01-22 18:38:00.382","2026-03-03 12:21:16.688","69718d28a643408dc359c2e4","Justin Silva","comedy","2026-04-16 19:00:00","2026-04-17 02:00:00","2026-04-17 02:00:00",false,false,false,"[PREMIUM]","[PREMIUM]","[PREMIUM]","[PREMIUM]","[PREMIUM]","[PREMIUM]",false,false,"61c10523f6e0f10001a5c489","['65721b71a9fbb664339de690']","[PREMIUM]","[PREMIUM]"
"69718d28382599bae0c40081","2026-01-22 18:38:00.382","2026-03-03 12:21:24.554","69718d28382599bae0c40081","DeRay Davis","comedy","2026-04-17 19:00:00","2026-04-18 02:00:00","2026-04-18 03:30:00",false,false,false,"[PREMIUM]","[PREMIUM]","[PREMIUM]","[PREMIUM]","[PREMIUM]","[PREMIUM]",false,false,"61c10523f6e0f10001a5c489","['5e20f4997b9e7c0039cc0f28']","[PREMIUM]","[PREMIUM]"
"69718cde38b93b9093540362","2026-01-22 18:38:00.382","2026-03-03 12:21:24.554","69718cde38b93b9093540362","Philadelphia Union II at Toronto FC II","mils","2026-04-17 19:00:00","2026-04-17 23:00:00","2026-04-18 00:30:00",false,false,false,"[PREMIUM]","[PREMIUM]","[PREMIUM]","[PREMIUM]","[PREMIUM]","[PREMIUM]",false,false,"644c082518134e000181912a","['623b916815687500014fafec','592f1e4f25f2c51a7397b3fe']","[PREMIUM]","[PREMIUM]"
"69718af5df642ca8f1813f35","2026-01-22 18:38:00.382","2026-03-03 12:21:16.688","69718af5df642ca8f1813f35","Dark Tranquillity","music","2026-04-16 19:00:00","2026-04-16 23:00:00","2026-04-17 00:30:00",false,false,false,"[PREMIUM]","[PREMIUM]","[PREMIUM]","[PREMIUM]","[PREMIUM]","[PREMIUM]",false,false,"598b505a9da0d48c0da9419f","['618d463bc507ca000121f856']","[PREMIUM]","[PREMIUM]"
"697157118e832ecf94bd2b07","2026-01-22 18:38:00.382","2026-03-03 12:21:16.688","697157118e832ecf94bd2b07","David - Live on Stage","theater","2026-04-16 11:30:00","2026-04-16 16:30:00","2026-04-16 16:30:00",false,false,false,"[PREMIUM]","[PREMIUM]","[PREMIUM]","[PREMIUM]","[PREMIUM]","[PREMIUM]",false,false,"67ae894622430c8efd16b166","['67b52c0742115155aa84be95']","[PREMIUM]","[PREMIUM]"
"697156db38b93b909353f4af","2026-01-22 18:38:00.382","2026-03-03 12:21:24.554","697156db38b93b909353f4af","The Academy Is","music","2026-04-16 20:00:00","2026-04-17 01:00:00","2026-04-17 01:00:00",false,false,false,"[PREMIUM]","[PREMIUM]","[PREMIUM]","[PREMIUM]","[PREMIUM]","[PREMIUM]",false,false,"610afdf5ec170600019c9c41","['689b5b0767ecb059215df2d9']","[PREMIUM]","[PREMIUM]"
"6971560588ac16171b1014b2","2026-01-22 18:38:00.382","2026-03-03 12:21:24.554","6971560588ac16171b1014b2","Happy Landing","music","2026-04-16 20:00:00","2026-04-17 00:00:00","2026-04-17 01:30:00",false,false,false,"[PREMIUM]","[PREMIUM]","[PREMIUM]","[PREMIUM]","[PREMIUM]","[PREMIUM]",false,true,"5e4eb7374cb3a9003a0f62d4","['646ce6136747e30001ee63af']","[PREMIUM]","[PREMIUM]"
"6971557b3ac5c5b7fca01d63","2026-01-22 18:38:00.382","2026-03-03 12:21:24.554","6971557b3ac5c5b7fca01d63","Ali Siddiq","comedy","2026-04-17 19:00:00","2026-04-17 23:00:00","2026-04-18 00:30:00",false,false,false,"[PREMIUM]","[PREMIUM]","[PREMIUM]","[PREMIUM]","[PREMIUM]","[PREMIUM]",false,true,"689d072c6b5fffd6f8700574","['62058d3b4bf77600017915f2']","[PREMIUM]","[PREMIUM]"
"69715428fdbab677d11d5ef8","2026-01-22 18:38:00.382","2026-03-03 12:21:24.554","69715428fdbab677d11d5ef8","Swan Lake - International Ballet Stars","theater","2026-04-17 19:00:00","2026-04-18 01:00:00","2026-04-18 01:00:00",false,false,false,"[PREMIUM]","[PREMIUM]","[PREMIUM]","[PREMIUM]","[PREMIUM]","[PREMIUM]",false,true,"61f0842b690a880001a8c23b","['65650ab5789203b6677fde8e']","[PREMIUM]","[PREMIUM]"
"69715417d1c7e820928510f7","2026-01-22 18:38:00.382","2026-03-03 12:21:24.554","69715417d1c7e820928510f7","Diana Krall (19+ Event)","music","2026-04-16 20:00:00","2026-04-17 01:00:00","2026-04-17 02:00:00",false,false,false,"[PREMIUM]","[PREMIUM]","[PREMIUM]","[PREMIUM]","[PREMIUM]","[PREMIUM]",false,false,"67b79d185a4f82e73b08c972","['58a7935ef80c41494ff7ce51']","[PREMIUM]","[PREMIUM]"
"6971521a7c3ad2d4cc438e1f","2026-01-22 18:38:00.382","2026-03-03 12:21:16.688","6971521a7c3ad2d4cc438e1f","Garrison Keillor","talk","2026-04-16 19:00:00","2026-04-16 23:00:00","2026-04-16 23:00:00",false,false,false,"[PREMIUM]","[PREMIUM]","[PREMIUM]","[PREMIUM]","[PREMIUM]","[PREMIUM]",false,false,"6781bcc33656f182d9f4dc96","['674f4f1329acd576295a1289']","[PREMIUM]","[PREMIUM]"
"69703d45434e2bfaf649649a","2026-01-22 18:38:00.382","2026-03-03 12:21:24.554","69703d45434e2bfaf649649a","Elrow - 2 Day Pass (4/17 - 4/18)","music","2026-04-17 12:55:00","2026-04-17 17:55:00","2026-04-17 17:55:00",false,false,false,"[PREMIUM]","[PREMIUM]","[PREMIUM]","[PREMIUM]","[PREMIUM]","[PREMIUM]",false,false,"670068746067a138a66cee64","['66f1d20cdb0285e0fbb8944d']","[PREMIUM]","[PREMIUM]"
"69378dd5709ea9566b713512","2026-01-22 18:38:00.382","2026-03-03 12:21:24.554","69378dd5709ea9566b713512","Tig Has Friends","comedy","2026-04-17 19:30:00","2026-04-18 02:30:00","2026-04-18 04:00:00",false,false,false,"[PREMIUM]","[PREMIUM]","[PREMIUM]","[PREMIUM]","[PREMIUM]","[PREMIUM]",false,true,"6971741fa590240b02941398","['617076980dee690001326300']","[PREMIUM]","[PREMIUM]"
"69721af5a99ed170967cf83c","2026-01-22 18:37:50.214","2026-03-03 12:21:16.688","69721af5a99ed170967cf83c","Thursday","music","2026-04-14 19:30:00","2026-04-15 02:30:00","2026-04-15 03:30:00",false,false,false,"[PREMIUM]","[PREMIUM]","[PREMIUM]","[PREMIUM]","[PREMIUM]","[PREMIUM]",false,false,"57e1885950575d33c89c1726","['5892c780f80c410c930ab4a8']","[PREMIUM]","[PREMIUM]"
"69721a1397f71f961acf29ed","2026-01-22 18:37:50.214","2026-03-03 12:21:08.970","69721a1397f71f961acf29ed","Lexa Gates","music","2026-04-14 19:00:00","2026-04-14 23:00:00","2026-04-14 23:00:00",false,false,false,"[PREMIUM]","[PREMIUM]","[PREMIUM]","[PREMIUM]","[PREMIUM]","[PREMIUM]",false,true,"5892554fcde6626ebe59bb6b","['66f1dd3ba3e20e9040184bf3']","[PREMIUM]","[PREMIUM]"
"69718fc4762fd6c8bd37dac1","2026-01-22 18:37:50.214","2026-03-03 12:21:08.970","69718fc4762fd6c8bd37dac1","Dark Tranquillity","music","2026-04-13 18:00:00","2026-04-13 22:00:00","2026-04-13 23:30:00",false,false,false,"[PREMIUM]","[PREMIUM]","[PREMIUM]","[PREMIUM]","[PREMIUM]","[PREMIUM]",false,false,"57e16af750575d33c89b402e","['618d463bc507ca000121f856']","[PREMIUM]","[PREMIUM]"
"69718f858ab220d3aa81a665","2026-01-22 18:37:50.214","2026-03-03 12:21:16.688","69718f858ab220d3aa81a665","Walter Trout","music","2026-04-15 20:00:00","2026-04-16 00:00:00","2026-04-16 00:00:00",false,false,false,"[PREMIUM]","[PREMIUM]","[PREMIUM]","[PREMIUM]","[PREMIUM]","[PREMIUM]",false,true,"67e31244d2596f87c374a461","['666b1a95d354b4f4b07f1b99']","[PREMIUM]","[PREMIUM]"
"69718f41382599bae0c4010e","2026-01-22 18:37:50.214","2026-03-03 12:21:08.970","69718f41382599bae0c4010e","Lexa Gates","music","2026-04-12 20:00:00","2026-04-13 01:00:00","2026-04-13 01:00:00",false,false,false,"[PREMIUM]","[PREMIUM]","[PREMIUM]","[PREMIUM]","[PREMIUM]","[PREMIUM]",false,true,"62fac8d2f3a44b0001934fa6","['66f1dd3ba3e20e9040184bf3']","[PREMIUM]","[PREMIUM]"
"69718ed1fdbab677d11d6e9a","2026-01-22 18:37:50.214","2026-03-03 12:21:16.688","69718ed1fdbab677d11d6e9a","Protoje","music","2026-04-15 20:00:00","2026-04-16 03:00:00","2026-04-16 04:30:00",false,false,false,"[PREMIUM]","[PREMIUM]","[PREMIUM]","[PREMIUM]","[PREMIUM]","[PREMIUM]",false,false,"578577a7f80c41623d38b3e6","['62ed8362c0033f00012ff28c']","[PREMIUM]","[PREMIUM]"
"69718b2b39bcc426ebcbe484","2026-01-22 18:37:50.214","2026-03-03 12:21:16.688","69718b2b39bcc426ebcbe484","Dark Tranquillity","music","2026-04-14 20:00:00","2026-04-15 00:00:00","2026-04-15 01:30:00",false,false,false,"[PREMIUM]","[PREMIUM]","[PREMIUM]","[PREMIUM]","[PREMIUM]","[PREMIUM]",false,true,"5c54d467ab52cf00162a9f91","['618d463bc507ca000121f856']","[PREMIUM]","[PREMIUM]"
"697156fd39bcc426ebcbd626","2026-01-22 18:37:50.214","2026-03-03 12:21:16.688","697156fd39bcc426ebcbd626","Black Pistol Fire","music","2026-04-15 19:30:00","2026-04-15 23:30:00","2026-04-16 01:00:00",false,false,false,"[PREMIUM]","[PREMIUM]","[PREMIUM]","[PREMIUM]","[PREMIUM]","[PREMIUM]",false,true,"641389ec13e878000166371e","['5ca67ee31842260019e6da99']","[PREMIUM]","[PREMIUM]"
"69715684be133370aa2144c9","2026-01-22 18:37:50.214","2026-03-03 12:21:16.688","69715684be133370aa2144c9","Black Pistol Fire","music","2026-04-14 20:30:00","2026-04-15 00:30:00","2026-04-15 02:00:00",false,false,false,"[PREMIUM]","[PREMIUM]","[PREMIUM]","[PREMIUM]","[PREMIUM]","[PREMIUM]",false,true,"5a204fdb99b284000fe3b6d1","['5ca67ee31842260019e6da99']","[PREMIUM]","[PREMIUM]"
"697155f0762fd6c8bd37cafc","2026-01-22 18:37:50.214","2026-03-03 12:21:08.970","697155f0762fd6c8bd37cafc","Lake Street Dive","music","2026-04-12 20:00:00","2026-04-13 00:00:00","2026-04-13 01:00:00",false,false,false,"[PREMIUM]","[PREMIUM]","[PREMIUM]","[PREMIUM]","[PREMIUM]","[PREMIUM]",false,false,"61ba885c4f9a050001b6a653","['57a3d5b0f80c416e4e31fe0e']","[PREMIUM]","[PREMIUM]"
"6971557d1fec7a6174fff102","2026-01-22 18:37:50.214","2026-03-03 12:21:16.688","6971557d1fec7a6174fff102","The Academy Is","music","2026-04-15 20:00:00","2026-04-16 00:00:00","2026-04-16 00:00:00",false,false,false,"[PREMIUM]","[PREMIUM]","[PREMIUM]","[PREMIUM]","[PREMIUM]","[PREMIUM]",false,false,"578577a7f80c41623d38b3e4","['689b5b0767ecb059215df2d9']","[PREMIUM]","[PREMIUM]"
"6971550b4d63a33c999d5377","2026-01-22 18:37:50.214","2026-03-03 12:21:16.688","6971550b4d63a33c999d5377","Beaches","music","2026-04-15 14:00:00","2026-04-15 18:00:00","2026-04-15 19:30:00",false,false,false,"[PREMIUM]","[PREMIUM]","[PREMIUM]","[PREMIUM]","[PREMIUM]","[PREMIUM]",false,true,"5a6a6d8c87425e000fa260b6","['61ccad8a7cacb4000136abd7']","[PREMIUM]","[PREMIUM]"
"6971550b38b93b909353f42f","2026-01-22 18:37:50.214","2026-03-03 12:21:16.688","6971550b38b93b909353f42f","Beaches","music","2026-04-15 20:00:00","2026-04-16 00:00:00","2026-04-16 01:30:00",false,false,false,"[PREMIUM]","[PREMIUM]","[PREMIUM]","[PREMIUM]","[PREMIUM]","[PREMIUM]",false,true,"5a6a6d8c87425e000fa260b6","['61ccad8a7cacb4000136abd7']","[PREMIUM]","[PREMIUM]"
"697154e130df4bdbc1298490","2026-01-22 18:37:50.214","2026-03-03 12:21:16.688","697154e130df4bdbc1298490","Harry Potter and the Cursed Child","theater","2026-04-15 13:00:00","2026-04-15 17:00:00","2026-04-15 18:00:00",false,false,false,"[PREMIUM]","[PREMIUM]","[PREMIUM]","[PREMIUM]","[PREMIUM]","[PREMIUM]",false,false,"5824b86dcde6626ebe549930","['5a3c554825f2c51d4ed4e8d2']","[PREMIUM]","[PREMIUM]"
"69715417867b280b82b523d5","2026-01-22 18:37:50.214","2026-03-03 12:21:16.688","69715417867b280b82b523d5","Diana Krall","music","2026-04-15 19:30:00","2026-04-15 23:30:00","2026-04-16 00:30:00",false,false,false,"[PREMIUM]","[PREMIUM]","[PREMIUM]","[PREMIUM]","[PREMIUM]","[PREMIUM]",false,false,"57b5de9df80c41264bb99859","['58a7935ef80c41494ff7ce51']","[PREMIUM]","[PREMIUM]"
"6971541723fcdcd664d0a62b","2026-01-22 18:37:50.214","2026-03-03 12:21:16.688","6971541723fcdcd664d0a62b","Diana Krall","music","2026-04-14 19:30:00","2026-04-14 23:30:00","2026-04-15 00:30:00",false,false,false,"[PREMIUM]","[PREMIUM]","[PREMIUM]","[PREMIUM]","[PREMIUM]","[PREMIUM]",false,false,"57b5de9df80c41264bb99859","['58a7935ef80c41494ff7ce51']","[PREMIUM]","[PREMIUM]"
"697036bf2df3bd04d4a5f5f9","2026-01-22 18:37:50.214","2026-03-03 12:21:08.970","697036bf2df3bd04d4a5f5f9","Free Throw","music","2026-04-13 00:00:00","2026-04-13 05:00:00","2026-04-13 06:30:00",false,true,false,"[PREMIUM]","[PREMIUM]","[PREMIUM]","[PREMIUM]","[PREMIUM]","[PREMIUM]",false,false,"57eb0425cde6626ebe3d48fc","['5cfff515381559001af1faa0']","[PREMIUM]","[PREMIUM]"
"69718ddb39bcc426ebcbe4db","2026-01-22 18:37:41.267","2026-03-03 12:24:16.070","69718ddb39bcc426ebcbe4db","Chris Redd","comedy","2026-05-23 19:00:00","2026-05-24 02:00:00","2026-05-24 03:30:00",false,false,false,"[PREMIUM]","[PREMIUM]","[PREMIUM]","[PREMIUM]","[PREMIUM]","[PREMIUM]",false,false,"612fe6167ac1e20001aab906","['62c464d48c887800017cb871']","[PREMIUM]","[PREMIUM]"
"69718ddb7b979bb8f42a18e4","2026-01-22 18:37:41.267","2026-03-03 12:24:16.070","69718ddb7b979bb8f42a18e4","Chris Redd","comedy","2026-05-23 21:15:00","2026-05-24 04:15:00","2026-05-24 05:45:00",false,false,false,"[PREMIUM]","[PREMIUM]","[PREMIUM]","[PREMIUM]","[PREMIUM]","[PREMIUM]",false,false,"612fe6167ac1e20001aab906","['62c464d48c887800017cb871']","[PREMIUM]","[PREMIUM]"
"69721a3f3a80f25326b2bf33","2026-01-22 18:37:41.267","2026-03-03 12:21:01.596","69721a3f3a80f25326b2bf33","DeRay Davis","comedy","2026-04-11 21:00:00","2026-04-12 02:00:00","2026-04-12 03:30:00",false,false,false,"[PREMIUM]","[PREMIUM]","[PREMIUM]","[PREMIUM]","[PREMIUM]","[PREMIUM]",false,true,"64418ed31da1df00012fd55d","['5e20f4997b9e7c0039cc0f28']","[PREMIUM]","[PREMIUM]"
"69721a3f115c2f3572ea3b61","2026-01-22 18:37:41.267","2026-03-03 12:21:08.970","69721a3f115c2f3572ea3b61","DeRay Davis","comedy","2026-04-12 18:00:00","2026-04-12 23:00:00","2026-04-13 00:30:00",false,false,false,"[PREMIUM]","[PREMIUM]","[PREMIUM]","[PREMIUM]","[PREMIUM]","[PREMIUM]",false,true,"64418ed31da1df00012fd55d","['5e20f4997b9e7c0039cc0f28']","[PREMIUM]","[PREMIUM]"
"69718d4be670d526d68589dc","2026-01-22 18:37:41.267","2026-03-03 12:21:01.596","69718d4be670d526d68589dc","New York Red Bulls II at New England Revolution II","mils","2026-04-12 13:00:00","2026-04-12 17:00:00","2026-04-12 18:30:00",false,false,false,"[PREMIUM]","[PREMIUM]","[PREMIUM]","[PREMIUM]","[PREMIUM]","[PREMIUM]",false,false,"68af8d14504ca5fba8a2c719","['623b90b74777d300018cdcfd','592f1e4f25f2c51a7397b3f9']","[PREMIUM]","[PREMIUM]"
"69718ce03ac5c5b7fca02c73","2026-01-22 18:37:41.267","2026-03-03 12:21:01.596","69718ce03ac5c5b7fca02c73","Crown Legacy FC  at Toronto FC II","mils","2026-04-12 13:00:00","2026-04-12 17:00:00","2026-04-12 18:30:00",false,false,false,"[PREMIUM]","[PREMIUM]","[PREMIUM]","[PREMIUM]","[PREMIUM]","[PREMIUM]",false,false,"644c082518134e000181912a","['623b916815687500014fafec','642cb91647673b0001cc4526']","[PREMIUM]","[PREMIUM]"
"69718cd50249fcb747dcdc15","2026-01-22 18:37:41.267","2026-03-03 12:21:01.596","69718cd50249fcb747dcdc15","Dark Tranquillity","music","2026-04-11 19:00:00","2026-04-12 00:00:00","2026-04-12 01:30:00",false,false,false,"[PREMIUM]","[PREMIUM]","[PREMIUM]","[PREMIUM]","[PREMIUM]","[PREMIUM]",false,true,"61c372e8f343d10001739e44","['618d463bc507ca000121f856']","[PREMIUM]","[PREMIUM]"
"69718bbdde0409e5e4a117db","2026-01-22 18:37:41.267","2026-03-03 12:21:01.596","69718bbdde0409e5e4a117db","Orlando City B at Chattanooga FC","mils","2026-04-11 19:00:00","2026-04-11 23:00:00","2026-04-11 23:00:00",false,false,false,"[PREMIUM]","[PREMIUM]","[PREMIUM]","[PREMIUM]","[PREMIUM]","[PREMIUM]",false,true,"69726b4e4e4fb730c101dbaa","['65fdae2791c70456413be2d9','592f1e4f25f2c51a7397b401']","[PREMIUM]","[PREMIUM]"
"69718ba3762fd6c8bd37d9df","2026-01-22 18:37:41.267","2026-03-03 12:21:08.970","69718ba3762fd6c8bd37d9df","Houston Dynamo 2 at Austin FC II","mils","2026-04-12 19:30:00","2026-04-13 00:30:00","2026-04-13 02:00:00",false,false,false,"[PREMIUM]","[PREMIUM]","[PREMIUM]","[PREMIUM]","[PREMIUM]","[PREMIUM]",false,false,"6696e54327b67ee32b4f5529","['6415013fc24c3b000113a588','6232588486cc8c0001568341']","[PREMIUM]","[PREMIUM]"
"69718b9a867b280b82b532c2","2026-01-22 18:37:41.267","2026-03-03 12:21:08.970","69718b9a867b280b82b532c2","Tacoma Defiance at Vancouver Whitecaps FC 2","mils","2026-04-12 16:00:00","2026-04-12 23:00:00","2026-04-13 00:30:00",false,false,false,"[PREMIUM]","[PREMIUM]","[PREMIUM]","[PREMIUM]","[PREMIUM]","[PREMIUM]",false,true,"6972663aa6c8e4f80dc1387d","['6238d88df54f360001e4b0b0','5ced973751253f00166f9e04']","[PREMIUM]","[PREMIUM]"
"6971566b3ac5c5b7fca01d9b","2026-01-22 18:37:41.267","2026-03-03 12:21:08.970","6971566b3ac5c5b7fca01d9b","RIO - Duran Duran Tribute","music","2026-04-12 15:30:00","2026-04-12 22:30:00","2026-04-12 23:30:00",false,false,false,"[PREMIUM]","[PREMIUM]","[PREMIUM]","[PREMIUM]","[PREMIUM]","[PREMIUM]",false,true,"62a26fe7659ddf0001a208d4","['560da52ff80c410ffa000003']","[PREMIUM]","[PREMIUM]"
"6971558e4d63a33c999d5390","2026-01-22 18:37:41.267","2026-03-03 12:21:01.596","6971558e4d63a33c999d5390","Henry Cho","comedy","2026-04-11 20:00:00","2026-04-12 01:00:00","2026-04-12 01:00:00",false,false,false,"[PREMIUM]","[PREMIUM]","[PREMIUM]","[PREMIUM]","[PREMIUM]","[PREMIUM]",false,false,"6809044fcb2b76be2f88d14f","['65b9d4ffaa9b770f9754707f']","[PREMIUM]","[PREMIUM]"
"6971554b115c2f3572ea12ac","2026-01-22 18:37:41.267","2026-03-03 12:21:01.596","6971554b115c2f3572ea12ac","Steph Tolev","comedy","2026-04-11 19:00:00","2026-04-11 23:00:00","2026-04-11 23:00:00",false,false,false,"[PREMIUM]","[PREMIUM]","[PREMIUM]","[PREMIUM]","[PREMIUM]","[PREMIUM]",false,false,"58b0c603cde6626ebeabff21","['647a0f289e4f5a00017ff476']","[PREMIUM]","[PREMIUM]"
"6971551939bcc426ebcbd5b1","2026-01-22 18:37:41.267","2026-03-03 12:21:08.970","6971551939bcc426ebcbd5b1","Bit Brigade","music","2026-04-12 19:30:00","2026-04-13 00:30:00","2026-04-13 00:30:00",false,false,false,"[PREMIUM]","[PREMIUM]","[PREMIUM]","[PREMIUM]","[PREMIUM]","[PREMIUM]",false,true,"63eec7dbb2668e00014274c7","['6674d0ba8898a7af9aeeaf98']","[PREMIUM]","[PREMIUM]"
"697154e28e832ecf94bd2a6c","2026-01-22 18:37:41.267","2026-03-03 12:21:08.970","697154e28e832ecf94bd2a6c","Harry Potter and the Cursed Child","theater","2026-04-12 15:00:00","2026-04-12 19:00:00","2026-04-12 20:00:00",false,false,false,"[PREMIUM]","[PREMIUM]","[PREMIUM]","[PREMIUM]","[PREMIUM]","[PREMIUM]",false,false,"5824b86dcde6626ebe549930","['5a3c554825f2c51d4ed4e8d2']","[PREMIUM]","[PREMIUM]"
"697154e196e0b622d94c4b86","2026-01-22 18:37:41.267","2026-03-03 12:21:01.596","697154e196e0b622d94c4b86","Harry Potter and the Cursed Child","theater","2026-04-11 20:00:00","2026-04-12 00:00:00","2026-04-12 01:00:00",false,false,false,"[PREMIUM]","[PREMIUM]","[PREMIUM]","[PREMIUM]","[PREMIUM]","[PREMIUM]",false,false,"5824b86dcde6626ebe549930","['5a3c554825f2c51d4ed4e8d2']","[PREMIUM]","[PREMIUM]"
"6971541c382599bae0c3f10a","2026-01-22 18:37:41.267","2026-03-03 12:21:01.596","6971541c382599bae0c3f10a","The Academy Is","music","2026-04-11 19:00:00","2026-04-11 23:00:00","2026-04-11 23:00:00",false,false,false,"[PREMIUM]","[PREMIUM]","[PREMIUM]","[PREMIUM]","[PREMIUM]","[PREMIUM]",false,false,"57a4dbe2f80c41746dca2312","['689b5b0767ecb059215df2d9']","[PREMIUM]","[PREMIUM]"
"6971541bd1c7e820928510f9","2026-01-22 18:37:41.267","2026-03-03 12:21:01.596","6971541bd1c7e820928510f9","Dwayne Gretzky","music","2026-04-11 21:00:00","2026-04-12 01:00:00","2026-04-12 01:00:00",false,false,false,"[PREMIUM]","[PREMIUM]","[PREMIUM]","[PREMIUM]","[PREMIUM]","[PREMIUM]",false,false,"578577a7f80c41623d38b3e5","['656624a6032dafd618e654b4']","[PREMIUM]","[PREMIUM]"
"697153f2de0409e5e4a10919","2026-01-22 18:37:41.267","2026-03-03 12:21:01.596","697153f2de0409e5e4a10919","Oh Wonder","music","2026-04-11 20:00:00","2026-04-12 00:00:00","2026-04-12 01:00:00",false,false,false,"[PREMIUM]","[PREMIUM]","[PREMIUM]","[PREMIUM]","[PREMIUM]","[PREMIUM]",false,false,"590cfa3349850a61e435912c","['57c9cc9df80c4132a0454aaa']","[PREMIUM]","[PREMIUM]"
"697036a797f71f961acea7c6","2026-01-22 18:37:41.267","2026-03-03 12:21:01.596","697036a797f71f961acea7c6","Shen Yun Performing Arts","theater","2026-04-11 19:30:00","2026-04-12 02:30:00","2026-04-12 03:30:00",false,false,false,"[PREMIUM]","[PREMIUM]","[PREMIUM]","[PREMIUM]","[PREMIUM]","[PREMIUM]",false,false,"5ac6411c022df80013ca2e17","['585d82bbf80c4173a4fb25c6']","[PREMIUM]","[PREMIUM]"
"697036a75b6ff771d8e26f43","2026-01-22 18:37:41.267","2026-03-03 12:21:08.970","697036a75b6ff771d8e26f43","Shen Yun Performing Arts","theater","2026-04-12 14:00:00","2026-04-12 21:00:00","2026-04-12 22:00:00",false,false,false,"[PREMIUM]","[PREMIUM]","[PREMIUM]","[PREMIUM]","[PREMIUM]","[PREMIUM]",false,false,"5ac6411c022df80013ca2e17","['585d82bbf80c4173a4fb25c6']","[PREMIUM]","[PREMIUM]"
"696e968de162f3c64d7e06e1","2026-01-22 18:37:41.267","2026-03-03 12:21:01.596","696e968de162f3c64d7e06e1","Monster X Tour","auto","2026-04-11 19:30:00","2026-04-12 02:30:00","2026-04-12 03:15:00",false,false,false,"[PREMIUM]","[PREMIUM]","[PREMIUM]","[PREMIUM]","[PREMIUM]","[PREMIUM]",false,true,"682bb696f2422ad3d181c9ec","['5deee9f0ab73290037ec4eba']","[PREMIUM]","[PREMIUM]"
"6904599624426e01192a7939","2026-01-22 18:37:41.267","2026-03-03 12:21:01.596","6904599624426e01192a7939","Minnesota Golden Gophers at Washington Huskies Softball","csoft","2026-04-12 12:00:00","2026-04-12 19:00:00","2026-04-12 19:00:00",false,false,false,"[PREMIUM]","[PREMIUM]","[PREMIUM]","[PREMIUM]","[PREMIUM]","[PREMIUM]",false,true,"697103aba99ed170967cb4f2","['696a7d7887e97adf56f9b8fd','6952c05136b0cb2091d5ec03']","[PREMIUM]","[PREMIUM]"
"69718ddb4d63a33c999d62cc","2026-01-22 18:37:34.070","2026-03-03 12:24:07.967","69718ddb4d63a33c999d62cc","Chris Redd","comedy","2026-05-22 21:45:00","2026-05-23 04:45:00","2026-05-23 06:15:00",false,false,false,"[PREMIUM]","[PREMIUM]","[PREMIUM]","[PREMIUM]","[PREMIUM]","[PREMIUM]",false,false,"612fe6167ac1e20001aab906","['62c464d48c887800017cb871']","[PREMIUM]","[PREMIUM]"
"69718ddb8ab220d3aa81a5ee","2026-01-22 18:37:34.070","2026-03-03 12:24:07.967","69718ddb8ab220d3aa81a5ee","Chris Redd","comedy","2026-05-22 19:30:00","2026-05-23 02:30:00","2026-05-23 04:00:00",false,false,false,"[PREMIUM]","[PREMIUM]","[PREMIUM]","[PREMIUM]","[PREMIUM]","[PREMIUM]",false,false,"612fe6167ac1e20001aab906","['62c464d48c887800017cb871']","[PREMIUM]","[PREMIUM]"
"69721a3fe670d526d685a394","2026-01-22 18:37:34.070","2026-03-03 12:20:53.301","69721a3fe670d526d685a394","DeRay Davis","comedy","2026-04-10 19:00:00","2026-04-11 00:00:00","2026-04-11 01:30:00",false,false,false,"[PREMIUM]","[PREMIUM]","[PREMIUM]","[PREMIUM]","[PREMIUM]","[PREMIUM]",false,true,"64418ed31da1df00012fd55d","['5e20f4997b9e7c0039cc0f28']","[PREMIUM]","[PREMIUM]"
"69721a3f4045f5eb8379c580","2026-01-22 18:37:34.070","2026-03-03 12:20:53.301","69721a3f4045f5eb8379c580","DeRay Davis","comedy","2026-04-10 21:15:00","2026-04-11 02:15:00","2026-04-11 03:45:00",false,false,false,"[PREMIUM]","[PREMIUM]","[PREMIUM]","[PREMIUM]","[PREMIUM]","[PREMIUM]",false,true,"64418ed31da1df00012fd55d","['5e20f4997b9e7c0039cc0f28']","[PREMIUM]","[PREMIUM]"
"69721a3f1fec7a6174001a90","2026-01-22 18:37:34.070","2026-03-03 12:21:01.596","69721a3f1fec7a6174001a90","DeRay Davis","comedy","2026-04-11 18:30:00","2026-04-11 23:30:00","2026-04-12 01:00:00",false,false,false,"[PREMIUM]","[PREMIUM]","[PREMIUM]","[PREMIUM]","[PREMIUM]","[PREMIUM]",false,true,"64418ed31da1df00012fd55d","['5e20f4997b9e7c0039cc0f28']","[PREMIUM]","[PREMIUM]"
"69718f1a38b93b90935403f3","2026-01-22 18:37:34.070","2026-03-03 12:20:53.301","69718f1a38b93b90935403f3","Lexa Gates","music","2026-04-10 19:30:00","2026-04-11 01:30:00","2026-04-11 01:30:00",false,false,false,"[PREMIUM]","[PREMIUM]","[PREMIUM]","[PREMIUM]","[PREMIUM]","[PREMIUM]",false,false,"57e9ab61cde6626ebe2fd6a3","['66f1dd3ba3e20e9040184bf3']","[PREMIUM]","[PREMIUM]"
"69718de4382599bae0c40095","2026-01-22 18:37:34.070","2026-03-03 12:20:53.301","69718de4382599bae0c40095","Colorado Rapids 2 at St Louis City SC 2","mils","2026-04-10 19:00:00","2026-04-11 00:00:00","2026-04-11 01:30:00",false,false,false,"[PREMIUM]","[PREMIUM]","[PREMIUM]","[PREMIUM]","[PREMIUM]","[PREMIUM]",false,false,"637d3ebe5fb210000103555f","['592f1e4f25f2c51a7397b3fb','622159472c30400001668f82']","[PREMIUM]","[PREMIUM]"
"69718d79a590240b02941a80","2026-01-22 18:37:34.070","2026-03-03 12:20:53.301","69718d79a590240b02941a80","Sporting Kansas City II at North Texas SC","mils","2026-04-10 19:30:00","2026-04-11 00:30:00","2026-04-11 02:00:00",false,false,false,"[PREMIUM]","[PREMIUM]","[PREMIUM]","[PREMIUM]","[PREMIUM]","[PREMIUM]",false,false,"53bb068c3bf37624c3000003","['6232518834c4420001aeb0fa','5a946946b9c7450014e70e82']","[PREMIUM]","[PREMIUM]"
"69718d5e71e21fe8ed58d302","2026-01-22 18:37:34.070","2026-03-03 12:20:53.301","69718d5e71e21fe8ed58d302","Billie Marten","music","2026-04-10 20:00:00","2026-04-11 00:00:00","2026-04-11 01:30:00",false,false,false,"[PREMIUM]","[PREMIUM]","[PREMIUM]","[PREMIUM]","[PREMIUM]","[PREMIUM]",false,true,"57e1885950575d33c89c1721","['620d842a5d7bf80001899dc9']","[PREMIUM]","[PREMIUM]"
"6971561d1fec7a6174fff129","2026-01-22 18:37:34.070","2026-03-03 12:20:53.301","6971561d1fec7a6174fff129","Jon Wolfe","music","2026-04-10 22:00:00","2026-04-11 03:00:00","2026-04-11 04:30:00",false,false,false,"[PREMIUM]","[PREMIUM]","[PREMIUM]","[PREMIUM]","[PREMIUM]","[PREMIUM]",false,false,"61c4fbcb4791b90001e81522","['62ec20f2c0b1870001f24971']","[PREMIUM]","[PREMIUM]"
"6971550c3221066dfc20afa3","2026-01-22 18:37:34.070","2026-03-03 12:20:53.301","6971550c3221066dfc20afa3","Steph Tolev","comedy","2026-04-10 19:00:00","2026-04-10 23:00:00","2026-04-10 23:00:00",false,false,false,"[PREMIUM]","[PREMIUM]","[PREMIUM]","[PREMIUM]","[PREMIUM]","[PREMIUM]",false,false,"56b39e31f80c410494000001","['647a0f289e4f5a00017ff476']","[PREMIUM]","[PREMIUM]"
"697154e15b47465d0c41d01d","2026-01-22 18:37:34.070","2026-03-03 12:20:53.301","697154e15b47465d0c41d01d","Harry Potter and the Cursed Child","theater","2026-04-11 14:00:00","2026-04-11 18:00:00","2026-04-11 19:00:00",false,false,false,"[PREMIUM]","[PREMIUM]","[PREMIUM]","[PREMIUM]","[PREMIUM]","[PREMIUM]",false,false,"5824b86dcde6626ebe549930","['5a3c554825f2c51d4ed4e8d2']","[PREMIUM]","[PREMIUM]"
"69715465e670d526d6857aed","2026-01-22 18:37:34.070","2026-03-03 12:21:01.596","69715465e670d526d6857aed","The Amity Affliction with August Burns Red","music","2026-04-11 18:30:00","2026-04-11 22:30:00","2026-04-11 23:30:00",false,false,false,"[PREMIUM]","[PREMIUM]","[PREMIUM]","[PREMIUM]","[PREMIUM]","[PREMIUM]",false,false,"61ae858c5c49c800012f7968","['57e31508f80c414780761a67']","[PREMIUM]","[PREMIUM]"
"697154654045f5eb83799c99","2026-01-22 18:37:34.070","2026-03-03 12:20:53.301","697154654045f5eb83799c99","Lake Street Dive","music","2026-04-10 20:00:00","2026-04-11 00:00:00","2026-04-11 01:00:00",false,false,false,"[PREMIUM]","[PREMIUM]","[PREMIUM]","[PREMIUM]","[PREMIUM]","[PREMIUM]",false,false,"597b6fe29da0d48c0d9396cd","['57a3d5b0f80c416e4e31fe0e']","[PREMIUM]","[PREMIUM]"
"6971541b867b280b82b523d8","2026-01-22 18:37:34.070","2026-03-03 12:20:53.301","6971541b867b280b82b523d8","Dwayne Gretzky","music","2026-04-10 21:00:00","2026-04-11 01:00:00","2026-04-11 01:00:00",false,false,false,"[PREMIUM]","[PREMIUM]","[PREMIUM]","[PREMIUM]","[PREMIUM]","[PREMIUM]",false,false,"578577a7f80c41623d38b3e5","['656624a6032dafd618e654b4']","[PREMIUM]","[PREMIUM]"
"697150751fec7a6174ffefc4","2026-01-22 18:37:34.070","2026-03-03 12:20:53.301","697150751fec7a6174ffefc4","MercyMe","music","2026-04-10 19:00:00","2026-04-11 02:00:00","2026-04-11 03:00:00",false,false,false,"[PREMIUM]","[PREMIUM]","[PREMIUM]","[PREMIUM]","[PREMIUM]","[PREMIUM]",false,false,"542da6dd3bf376781a000001","['5a02270025f2c51f026f6219']","[PREMIUM]","[PREMIUM]"
"69715011e162f3c64d7ecabb","2026-01-22 18:37:34.070","2026-03-03 12:20:53.301","69715011e162f3c64d7ecabb","The Academy Is","music","2026-04-10 20:00:00","2026-04-11 00:00:00","2026-04-11 00:00:00",false,false,false,"[PREMIUM]","[PREMIUM]","[PREMIUM]","[PREMIUM]","[PREMIUM]","[PREMIUM]",false,true,"5a14c50f77772b001184bfb3","['689b5b0767ecb059215df2d9']","[PREMIUM]","[PREMIUM]"
"69703bab88ac16171b0fbccf","2026-01-22 18:37:34.070","2026-03-03 12:20:53.301","69703bab88ac16171b0fbccf","The War and Treaty","music","2026-04-10 19:30:00","2026-04-11 00:30:00","2026-04-11 02:00:00",false,false,false,"[PREMIUM]","[PREMIUM]","[PREMIUM]","[PREMIUM]","[PREMIUM]","[PREMIUM]",false,false,"67e3124159d557a32af058c3","['637513ee5cf6730001cb0e00']","[PREMIUM]","[PREMIUM]"
"69703816a99ed170967c7980","2026-01-22 18:37:34.070","2026-03-03 12:20:53.301","69703816a99ed170967c7980","Eggy","music","2026-04-11 00:00:00","2026-04-11 07:00:00","2026-04-11 07:00:00",false,true,false,"[PREMIUM]","[PREMIUM]","[PREMIUM]","[PREMIUM]","[PREMIUM]","[PREMIUM]",false,false,"57e2f27c50575d33c8a48f4c","['660c39d0ab6bb7214dc1d824']","[PREMIUM]","[PREMIUM]"
"697036a7382599bae0c397c7","2026-01-22 18:37:34.070","2026-03-03 12:20:53.301","697036a7382599bae0c397c7","Shen Yun Performing Arts","theater","2026-04-10 19:30:00","2026-04-11 02:30:00","2026-04-11 03:30:00",false,false,false,"[PREMIUM]","[PREMIUM]","[PREMIUM]","[PREMIUM]","[PREMIUM]","[PREMIUM]",false,false,"5ac6411c022df80013ca2e17","['585d82bbf80c4173a4fb25c6']","[PREMIUM]","[PREMIUM]"
"696e968da643408dc358ead6","2026-01-22 18:37:34.070","2026-03-03 12:20:53.301","696e968da643408dc358ead6","Monster X Tour","auto","2026-04-11 13:30:00","2026-04-11 20:30:00","2026-04-11 21:15:00",false,false,false,"[PREMIUM]","[PREMIUM]","[PREMIUM]","[PREMIUM]","[PREMIUM]","[PREMIUM]",false,true,"682bb696f2422ad3d181c9ec","['5deee9f0ab73290037ec4eba']","[PREMIUM]","[PREMIUM]"
"69045999fd02e61ea0e6015e","2026-01-22 18:37:34.070","2026-03-03 12:20:53.301","69045999fd02e61ea0e6015e","Minnesota Golden Gophers at Washington Huskies Softball","csoft","2026-04-11 15:00:00","2026-04-11 22:00:00","2026-04-11 22:00:00",false,false,false,"[PREMIUM]","[PREMIUM]","[PREMIUM]","[PREMIUM]","[PREMIUM]","[PREMIUM]",false,true,"697103aba99ed170967cb4f2","['696a7d7887e97adf56f9b8fd','6952c05136b0cb2091d5ec03']","[PREMIUM]","[PREMIUM]"
"69718e40382599bae0c400ac","2026-01-22 18:37:24.865","2026-03-03 12:20:44.914","69718e40382599bae0c400ac","Atlanta United 2 at Inter Miami CF II","mils","2026-04-10 18:00:00","2026-04-10 22:00:00","2026-04-10 23:30:00",false,false,false,"[PREMIUM]","[PREMIUM]","[PREMIUM]","[PREMIUM]","[PREMIUM]","[PREMIUM]",false,false,"5e0f76a2f3c3e1003b6c83ff","['623b905c39cfc0000147f109','5a946a7dd5b2150013f63f17']","[PREMIUM]","[PREMIUM]"
"697156e437a1ca903cdc88a6","2026-01-22 18:37:24.865","2026-03-03 12:20:44.914","697156e437a1ca903cdc88a6","Helloween","music","2026-04-08 19:30:00","2026-04-09 00:30:00","2026-04-09 02:00:00",false,false,false,"[PREMIUM]","[PREMIUM]","[PREMIUM]","[PREMIUM]","[PREMIUM]","[PREMIUM]",false,false,"598c8b2c9da0d48c0db1879c","['6334bf0fd9fac9000184928b']","[PREMIUM]","[PREMIUM]"
"697156c5a643408dc359b41f","2026-01-22 18:37:24.865","2026-03-03 12:20:44.914","697156c5a643408dc359b41f","Ethan Regan","music","2026-04-10 18:00:00","2026-04-10 22:00:00","2026-04-10 22:00:00",false,false,false,"[PREMIUM]","[PREMIUM]","[PREMIUM]","[PREMIUM]","[PREMIUM]","[PREMIUM]",false,false,"61ba892eb3f6ff0001e8a428","['6838ceaaf967570afe423582']","[PREMIUM]","[PREMIUM]"
"697155c68e832ecf94bd2aab","2026-01-22 18:37:24.865","2026-03-03 12:20:44.914","697155c68e832ecf94bd2aab","Henry Cho","comedy","2026-04-09 20:00:00","2026-04-10 01:00:00","2026-04-10 01:00:00",false,false,false,"[PREMIUM]","[PREMIUM]","[PREMIUM]","[PREMIUM]","[PREMIUM]","[PREMIUM]",false,false,"5abe819cb6520e0013b736fb","['65b9d4ffaa9b770f9754707f']","[PREMIUM]","[PREMIUM]"
"6971554b7b979bb8f42a0a78","2026-01-22 18:37:24.865","2026-03-03 12:20:44.914","6971554b7b979bb8f42a0a78","Clint Black","music","2026-04-09 20:00:00","2026-04-10 00:00:00","2026-04-10 00:00:00",false,false,false,"[PREMIUM]","[PREMIUM]","[PREMIUM]","[PREMIUM]","[PREMIUM]","[PREMIUM]",false,false,"64c4161f7391d40001fea262","['6529c6d8ea1b78a604672e6d']","[PREMIUM]","[PREMIUM]"
"69715549e670d526d6857b38","2026-01-22 18:37:24.865","2026-03-03 12:20:44.914","69715549e670d526d6857b38","August Burns Red","music","2026-04-10 18:30:00","2026-04-10 22:30:00","2026-04-10 23:30:00",false,false,false,"[PREMIUM]","[PREMIUM]","[PREMIUM]","[PREMIUM]","[PREMIUM]","[PREMIUM]",false,false,"62bf39f8b6b97400011f8aaf","['5813c0d9f80c411b87dd34b3']","[PREMIUM]","[PREMIUM]"
"697155355b47465d0c41d030","2026-01-22 18:37:24.865","2026-03-03 12:20:44.914","697155355b47465d0c41d030","Poison the Well and Converge","music","2026-04-09 19:00:00","2026-04-09 23:00:00","2026-04-09 23:00:00",false,false,false,"[PREMIUM]","[PREMIUM]","[PREMIUM]","[PREMIUM]","[PREMIUM]","[PREMIUM]",false,false,"62bf39f8b6b97400011f8aaf","['67509da8409ca68ea8e640fe']","[PREMIUM]","[PREMIUM]"
"69715506be133370aa21445d","2026-01-22 18:37:24.865","2026-03-03 12:20:44.914","69715506be133370aa21445d","Lake Street Dive","music","2026-04-08 19:30:00","2026-04-08 23:30:00","2026-04-09 00:30:00",false,false,false,"[PREMIUM]","[PREMIUM]","[PREMIUM]","[PREMIUM]","[PREMIUM]","[PREMIUM]",false,false,"67880bec5855050a317170cf","['57a3d5b0f80c416e4e31fe0e']","[PREMIUM]","[PREMIUM]"
"697154ff27d2b812a3c9d9c2","2026-01-22 18:37:24.865","2026-03-03 12:20:44.914","697154ff27d2b812a3c9d9c2","Jim Gaffigan","comedy","2026-04-09 19:00:00","2026-04-09 23:00:00","2026-04-10 00:00:00",false,false,false,"[PREMIUM]","[PREMIUM]","[PREMIUM]","[PREMIUM]","[PREMIUM]","[PREMIUM]",false,false,"564bbf5bf80c417f37000001","['58b75009f80c412371dcaafe']","[PREMIUM]","[PREMIUM]"
"69715477b186e21ce39bef59","2026-01-22 18:37:24.865","2026-03-03 12:20:44.914","69715477b186e21ce39bef59","Poison the Well and Converge","music","2026-04-10 17:00:00","2026-04-10 21:00:00","2026-04-10 21:00:00",false,false,false,"[PREMIUM]","[PREMIUM]","[PREMIUM]","[PREMIUM]","[PREMIUM]","[PREMIUM]",false,false,"64b7194bcd4cfd0001cc4522","['67509da8409ca68ea8e640fe']","[PREMIUM]","[PREMIUM]"
"697153f48ab220d3aa819703","2026-01-22 18:37:24.865","2026-03-03 12:20:44.914","697153f48ab220d3aa819703","Happy Landing","music","2026-04-09 20:00:00","2026-04-10 00:00:00","2026-04-10 01:30:00",false,false,false,"[PREMIUM]","[PREMIUM]","[PREMIUM]","[PREMIUM]","[PREMIUM]","[PREMIUM]",false,true,"5a949e52ccb7ce0014f785b7","['646ce6136747e30001ee63af']","[PREMIUM]","[PREMIUM]"
"69715091b186e21ce39bee77","2026-01-22 18:37:24.865","2026-03-03 12:20:44.914","69715091b186e21ce39bee77","Bat Out Of Hell","theater","2026-04-08 19:30:00","2026-04-08 23:30:00","2026-04-09 01:00:00",false,false,false,"[PREMIUM]","[PREMIUM]","[PREMIUM]","[PREMIUM]","[PREMIUM]","[PREMIUM]",false,false,"578ff79bf80c413be08cd601","['5b477ab82152e50012ef0eaa']","[PREMIUM]","[PREMIUM]"
"69703b788e832ecf94bcd2f2","2026-01-22 18:37:24.865","2026-03-03 12:20:44.914","69703b788e832ecf94bcd2f2","John Legend","music","2026-04-09 20:00:00","2026-04-10 00:00:00","2026-04-10 01:00:00",false,false,false,"[PREMIUM]","[PREMIUM]","[PREMIUM]","[PREMIUM]","[PREMIUM]","[PREMIUM]",false,false,"687fe2ffcff62a07de87a3a4","['589a141df80c41334f456371']","[PREMIUM]","[PREMIUM]"
"69045996168028b21337be33","2026-01-22 18:37:24.865","2026-03-03 12:20:44.914","69045996168028b21337be33","Minnesota Golden Gophers at Washington Huskies Softball","csoft","2026-04-10 18:00:00","2026-04-11 01:00:00","2026-04-11 01:00:00",false,false,false,"[PREMIUM]","[PREMIUM]","[PREMIUM]","[PREMIUM]","[PREMIUM]","[PREMIUM]",false,true,"697103aba99ed170967cb4f2","['696a7d7887e97adf56f9b8fd','6952c05136b0cb2091d5ec03']","[PREMIUM]","[PREMIUM]"
"6971554b680318e16b76ffcc","2026-01-22 18:37:24.865","2026-01-26 08:26:11.831","6971554b680318e16b76ffcc","Matt Mathews","comedy","2026-04-09 21:30:00","2026-04-10 01:30:00","2026-04-10 03:00:00",false,false,false,"[PREMIUM]","[PREMIUM]","[PREMIUM]","[PREMIUM]","[PREMIUM]","[PREMIUM]",true,false,"5823ad0fcde6626ebe525d00","['646ce139e752f900019cb87f']","[PREMIUM]","[PREMIUM]"
"6971a79188ac16171b1029a0","2026-01-22 18:37:15.847","2026-03-03 12:20:36.864","6971a79188ac16171b1029a0","Dark Tranquillity","music","2026-04-06 19:00:00","2026-04-07 02:00:00","2026-04-07 03:30:00",false,false,false,"[PREMIUM]","[PREMIUM]","[PREMIUM]","[PREMIUM]","[PREMIUM]","[PREMIUM]",false,false,"59e918f015c858000e95ac44","['618d463bc507ca000121f856']","[PREMIUM]","[PREMIUM]"
"6971a5242df3bd04d4a663d9","2026-01-22 18:37:15.847","2026-03-03 12:20:36.864","6971a5242df3bd04d4a663d9","UpDating","comedy","2026-04-08 19:00:00","2026-04-08 23:00:00","2026-04-08 23:00:00",false,false,false,"[PREMIUM]","[PREMIUM]","[PREMIUM]","[PREMIUM]","[PREMIUM]","[PREMIUM]",false,true,"66c9196b8347927d88766d52","['6793fa3b163a99a8ce496389']","[PREMIUM]","[PREMIUM]"
"6971a509434e2bfaf649d0f9","2026-01-22 18:37:15.847","2026-03-03 12:20:36.864","6971a509434e2bfaf649d0f9","Dark Tranquillity","music","2026-04-08 19:00:00","2026-04-09 02:00:00","2026-04-09 03:30:00",false,false,false,"[PREMIUM]","[PREMIUM]","[PREMIUM]","[PREMIUM]","[PREMIUM]","[PREMIUM]",false,true,"57e16d3950575d33c89b50cb","['618d463bc507ca000121f856']","[PREMIUM]","[PREMIUM]"
"69718fa95b47465d0c41e001","2026-01-22 18:37:15.847","2026-03-03 12:20:36.864","69718fa95b47465d0c41e001","Kenny G","music","2026-04-08 19:00:00","2026-04-09 00:00:00","2026-04-09 01:30:00",false,false,false,"[PREMIUM]","[PREMIUM]","[PREMIUM]","[PREMIUM]","[PREMIUM]","[PREMIUM]",false,true,"660b1278984f0d0d7a35b6b2","['5b4e2912ebaf710013b7df9f']","[PREMIUM]","[PREMIUM]"
"69718f1a355fcc219fca1da4","2026-01-22 18:37:15.847","2026-03-03 12:20:36.864","69718f1a355fcc219fca1da4","Koffin Kats","music","2026-04-05 20:00:00","2026-04-06 02:00:00","2026-04-06 02:00:00",false,false,false,"[PREMIUM]","[PREMIUM]","[PREMIUM]","[PREMIUM]","[PREMIUM]","[PREMIUM]",false,false,"57fbd048cde6626ebeac2078","['65c580211939d945f76e3541']","[PREMIUM]","[PREMIUM]"
"69718ed039bcc426ebcbe53c","2026-01-22 18:37:15.847","2026-03-03 12:20:36.864","69718ed039bcc426ebcbe53c","Dark Tranquillity","music","2026-04-07 19:00:00","2026-04-08 02:00:00","2026-04-08 03:30:00",false,false,false,"[PREMIUM]","[PREMIUM]","[PREMIUM]","[PREMIUM]","[PREMIUM]","[PREMIUM]",false,false,"57e1769b50575d33c89bacda","['618d463bc507ca000121f856']","[PREMIUM]","[PREMIUM]"
"69718e258efbc46e363f855b","2026-01-22 18:37:15.847","2026-03-03 12:20:36.864","69718e258efbc46e363f855b","Lexa Gates","music","2026-04-07 20:00:00","2026-04-08 03:00:00","2026-04-08 03:00:00",false,false,false,"[PREMIUM]","[PREMIUM]","[PREMIUM]","[PREMIUM]","[PREMIUM]","[PREMIUM]",false,false,"57e31d1450575d33c8a5fb77","['66f1dd3ba3e20e9040184bf3']","[PREMIUM]","[PREMIUM]"
"69718dac3ac5c5b7fca02c96","2026-01-22 18:37:15.847","2026-03-03 12:20:36.864","69718dac3ac5c5b7fca02c96","Lexa Gates","music","2026-04-05 20:00:00","2026-04-06 03:00:00","2026-04-06 03:00:00",false,false,false,"[PREMIUM]","[PREMIUM]","[PREMIUM]","[PREMIUM]","[PREMIUM]","[PREMIUM]",false,false,"56413669f80c416283000003","['66f1dd3ba3e20e9040184bf3']","[PREMIUM]","[PREMIUM]"
"69718cfb0249fcb747dcdc29","2026-01-22 18:37:15.847","2026-03-03 12:20:36.864","69718cfb0249fcb747dcdc29","Vanessa Collier","music","2026-04-06 20:00:00","2026-04-07 02:00:00","2026-04-07 02:00:00",false,false,false,"[PREMIUM]","[PREMIUM]","[PREMIUM]","[PREMIUM]","[PREMIUM]","[PREMIUM]",false,true,"57e31d1450575d33c8a5fb73","['6663633581174a023b862776']","[PREMIUM]","[PREMIUM]"
"69718b2b66c7fd4b15309f8f","2026-01-22 18:37:15.847","2026-03-03 12:20:36.864","69718b2b66c7fd4b15309f8f","Billie Marten","music","2026-04-06 19:00:00","2026-04-06 23:00:00","2026-04-07 00:30:00",false,false,false,"[PREMIUM]","[PREMIUM]","[PREMIUM]","[PREMIUM]","[PREMIUM]","[PREMIUM]",false,true,"57e1885a50575d33c89c172a","['620d842a5d7bf80001899dc9']","[PREMIUM]","[PREMIUM]"
"697154e1b186e21ce39bef78","2026-01-22 18:37:15.847","2026-03-03 12:20:36.864","697154e1b186e21ce39bef78","Harry Potter and the Cursed Child","theater","2026-04-08 13:00:00","2026-04-08 17:00:00","2026-04-08 18:00:00",false,false,false,"[PREMIUM]","[PREMIUM]","[PREMIUM]","[PREMIUM]","[PREMIUM]","[PREMIUM]",false,false,"5824b86dcde6626ebe549930","['5a3c554825f2c51d4ed4e8d2']","[PREMIUM]","[PREMIUM]"
"697036a77c3ad2d4cc4337d4","2026-01-22 18:37:15.847","2026-03-03 12:20:36.864","697036a77c3ad2d4cc4337d4","Shen Yun Performing Arts","theater","2026-04-08 14:00:00","2026-04-08 21:00:00","2026-04-08 22:00:00",false,false,false,"[PREMIUM]","[PREMIUM]","[PREMIUM]","[PREMIUM]","[PREMIUM]","[PREMIUM]",false,false,"5ac6411c022df80013ca2e17","['585d82bbf80c4173a4fb25c6']","[PREMIUM]","[PREMIUM]"
"6971a514fdbab677d11d7420","2026-01-22 18:37:05.808","2026-03-03 12:20:28.602","6971a514fdbab677d11d7420","Nate Jackson","comedy","2026-04-04 18:30:00","2026-04-04 22:30:00","2026-04-04 22:30:00",false,false,false,"[PREMIUM]","[PREMIUM]","[PREMIUM]","[PREMIUM]","[PREMIUM]","[PREMIUM]",false,true,"63e3f7f3c15a660001d13efc","['6568e84d6937546cf0b10dbd']","[PREMIUM]","[PREMIUM]"
"6971a514434e2bfaf649d0ff","2026-01-22 18:37:05.808","2026-03-03 12:20:28.602","6971a514434e2bfaf649d0ff","Nate Jackson","comedy","2026-04-04 21:15:00","2026-04-05 01:15:00","2026-04-05 01:15:00",false,false,false,"[PREMIUM]","[PREMIUM]","[PREMIUM]","[PREMIUM]","[PREMIUM]","[PREMIUM]",false,true,"63e3f7f3c15a660001d13efc","['6568e84d6937546cf0b10dbd']","[PREMIUM]","[PREMIUM]"
"69718ed28e832ecf94bd397a","2026-01-22 18:37:05.808","2026-03-03 12:20:20.196","69718ed28e832ecf94bd397a","Fred Hammond","music","2026-04-04 17:00:00","2026-04-05 00:00:00","2026-04-05 00:00:00",false,false,false,"[PREMIUM]","[PREMIUM]","[PREMIUM]","[PREMIUM]","[PREMIUM]","[PREMIUM]",false,true,"670836ff711e7028b72b1eb9","['65650d580519753a65f68a1c']","[PREMIUM]","[PREMIUM]"
"69718e907c3ad2d4cc439d93","2026-01-22 18:37:05.808","2026-03-03 12:20:28.602","69718e907c3ad2d4cc439d93","ATLiens","music","2026-04-04 20:00:00","2026-04-05 01:00:00","2026-04-05 01:00:00",false,false,false,"[PREMIUM]","[PREMIUM]","[PREMIUM]","[PREMIUM]","[PREMIUM]","[PREMIUM]",false,false,"59f2394cfbdab6000e265a3d","['667daf2c5b66be05c4b06328']","[PREMIUM]","[PREMIUM]"
"69718cd53221066dfc20be9e","2026-01-22 18:37:05.808","2026-03-03 12:20:28.602","69718cd53221066dfc20be9e","Billie Marten","music","2026-04-04 19:00:00","2026-04-05 00:00:00","2026-04-05 01:30:00",false,false,false,"[PREMIUM]","[PREMIUM]","[PREMIUM]","[PREMIUM]","[PREMIUM]","[PREMIUM]",false,true,"62d0a657b1c2f2000148b58a","['620d842a5d7bf80001899dc9']","[PREMIUM]","[PREMIUM]"
"69718c9d7b979bb8f42a18a8","2026-01-22 18:37:05.808","2026-03-03 12:20:28.602","69718c9d7b979bb8f42a18a8","Bill Bellamy","comedy","2026-04-04 18:30:00","2026-04-04 22:30:00","2026-04-05 00:00:00",false,false,false,"[PREMIUM]","[PREMIUM]","[PREMIUM]","[PREMIUM]","[PREMIUM]","[PREMIUM]",false,true,"6621841168236e0da4997685","['6216d078b0f6c40001e982ff']","[PREMIUM]","[PREMIUM]"
"6971574630df4bdbc129851f","2026-01-22 18:37:05.808","2026-03-03 12:20:28.602","6971574630df4bdbc129851f","Rusowsky","music","2026-04-04 20:00:00","2026-04-05 01:00:00","2026-04-05 01:00:00",false,false,false,"[PREMIUM]","[PREMIUM]","[PREMIUM]","[PREMIUM]","[PREMIUM]","[PREMIUM]",false,false,"57eaab67cde6626ebe3842d6","['6944734f689fca65e7ddbe91']","[PREMIUM]","[PREMIUM]"
"6971573fd1c7e820928511d6","2026-01-22 18:37:05.808","2026-03-03 12:20:28.602","6971573fd1c7e820928511d6","Seven Lions","music","2026-04-04 22:00:00","2026-04-05 03:00:00","2026-04-05 04:00:00",false,false,false,"[PREMIUM]","[PREMIUM]","[PREMIUM]","[PREMIUM]","[PREMIUM]","[PREMIUM]",false,false,"62bf3c5fc5cac100011ee4ea","['57c73f5df80c411f0d14867b']","[PREMIUM]","[PREMIUM]"
"6971566c680318e16b770011","2026-01-22 18:37:05.808","2026-03-03 12:20:28.602","6971566c680318e16b770011","Rick Springfield","music","2026-04-04 20:00:00","2026-04-05 03:00:00","2026-04-05 04:30:00",false,false,false,"[PREMIUM]","[PREMIUM]","[PREMIUM]","[PREMIUM]","[PREMIUM]","[PREMIUM]",false,true,"66db12513a0e03e4ea582358","['5b195231eb50f70013536893']","[PREMIUM]","[PREMIUM]"
"697155eede0409e5e4a1098b","2026-01-22 18:37:05.808","2026-03-03 12:20:28.602","697155eede0409e5e4a1098b","Get The Led Out - A Tribute to Led Zeppelin","music","2026-04-04 20:00:00","2026-04-05 00:00:00","2026-04-05 01:30:00",false,false,false,"[PREMIUM]","[PREMIUM]","[PREMIUM]","[PREMIUM]","[PREMIUM]","[PREMIUM]",false,true,"66a18863573fc39854bf9003","['5b2c035c52dd690012267401']","[PREMIUM]","[PREMIUM]"
"697154e196e0b622d94c4b87","2026-01-22 18:37:05.808","2026-03-03 12:20:28.602","697154e196e0b622d94c4b87","Harry Potter and the Cursed Child","theater","2026-04-04 20:00:00","2026-04-05 00:00:00","2026-04-05 01:00:00",false,false,false,"[PREMIUM]","[PREMIUM]","[PREMIUM]","[PREMIUM]","[PREMIUM]","[PREMIUM]",false,false,"5824b86dcde6626ebe549930","['5a3c554825f2c51d4ed4e8d2']","[PREMIUM]","[PREMIUM]"
"6971546c2df3bd04d4a64e8d","2026-01-22 18:37:05.808","2026-03-03 12:20:20.196","6971546c2df3bd04d4a64e8d","Disney On Ice: Mickeys Search Party","theater","2026-04-04 13:00:00","2026-04-04 17:00:00","2026-04-04 17:15:00",false,false,false,"[PREMIUM]","[PREMIUM]","[PREMIUM]","[PREMIUM]","[PREMIUM]","[PREMIUM]",false,false,"63bc7d8f7beef60001824d58","['57dc19b1f80c417e9c06490e']","[PREMIUM]","[PREMIUM]"
"6971546b4d63a33c999d5353","2026-01-22 18:37:05.808","2026-03-03 12:20:28.602","6971546b4d63a33c999d5353","Disney On Ice: Mickeys Search Party","theater","2026-04-05 14:00:00","2026-04-05 18:00:00","2026-04-05 18:15:00",false,false,false,"[PREMIUM]","[PREMIUM]","[PREMIUM]","[PREMIUM]","[PREMIUM]","[PREMIUM]",false,false,"63bc7d8f7beef60001824d58","['57dc19b1f80c417e9c06490e']","[PREMIUM]","[PREMIUM]"
"6971546b382599bae0c3f11d","2026-01-22 18:37:05.808","2026-03-03 12:20:20.196","6971546b382599bae0c3f11d","Disney On Ice: Mickeys Search Party","theater","2026-04-04 17:00:00","2026-04-04 21:00:00","2026-04-04 21:15:00",false,false,false,"[PREMIUM]","[PREMIUM]","[PREMIUM]","[PREMIUM]","[PREMIUM]","[PREMIUM]",false,false,"63bc7d8f7beef60001824d58","['57dc19b1f80c417e9c06490e']","[PREMIUM]","[PREMIUM]"
"690a9b1a168028b21338f4c0","2026-01-22 18:37:05.808","2026-03-03 12:20:28.602","690a9b1a168028b21338f4c0","LOVB Madison at LOVB Salt Lake","vball","2026-04-04 19:00:00","2026-04-05 01:00:00","2026-04-05 01:00:00",false,false,false,"[PREMIUM]","[PREMIUM]","[PREMIUM]","[PREMIUM]","[PREMIUM]","[PREMIUM]",false,false,"678af071f065f4b4c91c8633","['66eb3931cc972ee2aeeaa0b1']","[PREMIUM]","[PREMIUM]"
"690a7f6e395aa528b31b4353","2026-01-22 18:37:05.808","2026-03-03 12:20:28.602","690a7f6e395aa528b31b4353","LOVB Austin at LOVB Nebraska","vball","2026-04-04 19:00:00","2026-04-05 00:00:00","2026-04-05 00:00:00",false,false,false,"[PREMIUM]","[PREMIUM]","[PREMIUM]","[PREMIUM]","[PREMIUM]","[PREMIUM]",false,false,"5e7155b818e316003acec3f0","['66eb3931cc972ee2aeeaa0b1']","[PREMIUM]","[PREMIUM]"
"6908d9539e9c7e1108b7785b","2026-01-22 18:37:05.808","2026-03-03 12:20:28.602","6908d9539e9c7e1108b7785b","Alexander Stewart","music","2026-04-04 20:00:00","2026-04-05 03:00:00","2026-04-05 03:00:00",false,false,false,"[PREMIUM]","[PREMIUM]","[PREMIUM]","[PREMIUM]","[PREMIUM]","[PREMIUM]",false,true,"697171868e378ebc24ad33b5","['65e258e8d8eee4284d5768b5']","[PREMIUM]","[PREMIUM]"
"68c36c30fa8a17146aebf5e9","2026-01-22 18:37:05.808","2026-03-03 12:20:28.602","68c36c30fa8a17146aebf5e9","Auburn Tigers at Arkansas Razorbacks Softball","csoft","2026-04-05 00:00:00","2026-04-05 05:00:00","2026-04-05 05:00:00",false,true,false,"[PREMIUM]","[PREMIUM]","[PREMIUM]","[PREMIUM]","[PREMIUM]","[PREMIUM]",false,false,"65fb603cb7c45c267ef1015b","['67af71db7a17130550b17fd7','67b8e347623275248804f54a']","[PREMIUM]","[PREMIUM]"
"68c36c3020e6567f35153d11","2026-01-22 18:36:56.871","2026-02-09 17:16:59.856","68c36c3020e6567f35153d11","Auburn Tigers at Arkansas Razorbacks Softball","csoft","2026-04-03 00:00:00","2026-04-03 05:00:00","2026-04-03 05:00:00",false,true,false,"[PREMIUM]","[PREMIUM]","[PREMIUM]","[PREMIUM]","[PREMIUM]","[PREMIUM]",false,false,"65fb603cb7c45c267ef1015b","['67af71db7a17130550b17fd7','67b8e347623275248804f54a']","[PREMIUM]","[PREMIUM]"
"69721b193a80f25326b2bf36","2026-01-22 18:36:56.871","2026-03-03 12:20:20.196","69721b193a80f25326b2bf36","Verka Serduchka","music","2026-04-03 21:00:00","2026-04-04 04:00:00","2026-04-04 05:30:00",false,false,false,"[PREMIUM]","[PREMIUM]","[PREMIUM]","[PREMIUM]","[PREMIUM]","[PREMIUM]",false,false,"588fd9c3cde6626ebe51b318","['63b8b239716df300010aa86c']","[PREMIUM]","[PREMIUM]"
"6971a5148efbc46e363f8b3f","2026-01-22 18:36:56.871","2026-03-03 12:20:20.196","6971a5148efbc46e363f8b3f","Nate Jackson","comedy","2026-04-03 19:00:00","2026-04-03 23:00:00","2026-04-03 23:00:00",false,false,false,"[PREMIUM]","[PREMIUM]","[PREMIUM]","[PREMIUM]","[PREMIUM]","[PREMIUM]",false,true,"63e3f7f3c15a660001d13efc","['6568e84d6937546cf0b10dbd']","[PREMIUM]","[PREMIUM]"
"6971a51488ac16171b102950","2026-01-22 18:36:56.871","2026-03-03 12:20:20.196","6971a51488ac16171b102950","Nate Jackson","comedy","2026-04-03 21:45:00","2026-04-04 01:45:00","2026-04-04 01:45:00",false,false,false,"[PREMIUM]","[PREMIUM]","[PREMIUM]","[PREMIUM]","[PREMIUM]","[PREMIUM]",false,true,"63e3f7f3c15a660001d13efc","['6568e84d6937546cf0b10dbd']","[PREMIUM]","[PREMIUM]"
"69718fc638b93b9093540416","2026-01-22 18:36:56.871","2026-03-03 12:20:09.164","69718fc638b93b9093540416","Ethan Regan","music","2026-04-02 20:00:00","2026-04-03 00:00:00","2026-04-03 00:00:00",false,false,false,"[PREMIUM]","[PREMIUM]","[PREMIUM]","[PREMIUM]","[PREMIUM]","[PREMIUM]",false,true,"5e4ea9420447ca003e091adb","['6838ceaaf967570afe423582']","[PREMIUM]","[PREMIUM]"
"69718f8596e0b622d94c5ae3","2026-01-22 18:36:56.871","2026-03-03 12:20:09.164","69718f8596e0b622d94c5ae3","Vaultboy","music","2026-04-02 20:00:00","2026-04-03 00:00:00","2026-04-03 01:30:00",false,false,false,"[PREMIUM]","[PREMIUM]","[PREMIUM]","[PREMIUM]","[PREMIUM]","[PREMIUM]",false,true,"5e4eb8099ebe10003bbc468f","['637c22f81e17d300017d69d4']","[PREMIUM]","[PREMIUM]"
"69718ed3a590240b02941ade","2026-01-22 18:36:56.871","2026-03-03 12:20:09.164","69718ed3a590240b02941ade","Lexa Gates","music","2026-04-02 20:00:00","2026-04-03 03:00:00","2026-04-03 03:00:00",false,false,false,"[PREMIUM]","[PREMIUM]","[PREMIUM]","[PREMIUM]","[PREMIUM]","[PREMIUM]",false,false,"578577a7f80c41623d38b3e6","['66f1dd3ba3e20e9040184bf3']","[PREMIUM]","[PREMIUM]"
"69718ddc71e21fe8ed58d30e","2026-01-22 18:36:56.871","2026-03-03 12:20:20.196","69718ddc71e21fe8ed58d30e","Lexa Gates","music","2026-04-03 20:00:00","2026-04-04 03:00:00","2026-04-04 03:00:00",false,false,false,"[PREMIUM]","[PREMIUM]","[PREMIUM]","[PREMIUM]","[PREMIUM]","[PREMIUM]",false,true,"6529bc2d8806c89b5464bf7c","['66f1dd3ba3e20e9040184bf3']","[PREMIUM]","[PREMIUM]"
"69718c9d39bcc426ebcbe4af","2026-01-22 18:36:56.871","2026-03-03 12:20:20.196","69718c9d39bcc426ebcbe4af","Bill Bellamy","comedy","2026-04-03 21:45:00","2026-04-04 01:45:00","2026-04-04 03:15:00",false,false,false,"[PREMIUM]","[PREMIUM]","[PREMIUM]","[PREMIUM]","[PREMIUM]","[PREMIUM]",false,true,"6621841168236e0da4997685","['6216d078b0f6c40001e982ff']","[PREMIUM]","[PREMIUM]"
"69715743a590240b02940bd3","2026-01-22 18:36:56.871","2026-03-03 12:20:09.164","69715743a590240b02940bd3","Happy Landing","music","2026-04-02 20:00:00","2026-04-03 01:00:00","2026-04-03 02:30:00",false,false,false,"[PREMIUM]","[PREMIUM]","[PREMIUM]","[PREMIUM]","[PREMIUM]","[PREMIUM]",false,false,"57eaab67cde6626ebe3842d6","['646ce6136747e30001ee63af']","[PREMIUM]","[PREMIUM]"
"69715697434e2bfaf649bc2a","2026-01-22 18:36:56.871","2026-03-03 12:20:20.196","69715697434e2bfaf649bc2a","Jon Langston","music","2026-04-03 20:45:00","2026-04-04 01:45:00","2026-04-04 03:15:00",false,false,false,"[PREMIUM]","[PREMIUM]","[PREMIUM]","[PREMIUM]","[PREMIUM]","[PREMIUM]",false,true,"66202ccf62051376faae5c7b","['5b8eeef2ff80b7001425d7fe']","[PREMIUM]","[PREMIUM]"
"6971557d0249fcb747dccd47","2026-01-22 18:36:56.871","2026-03-03 12:20:20.196","6971557d0249fcb747dccd47","Lala Lala","music","2026-04-03 19:00:00","2026-04-03 23:00:00","2026-04-03 23:00:00",false,false,false,"[PREMIUM]","[PREMIUM]","[PREMIUM]","[PREMIUM]","[PREMIUM]","[PREMIUM]",false,false,"57e16af750575d33c89b402e","['6966d8a669e3f3082552b37c']","[PREMIUM]","[PREMIUM]"
"697154e2df642ca8f1813051","2026-01-22 18:36:56.871","2026-03-03 12:20:09.164","697154e2df642ca8f1813051","Harry Potter and the Cursed Child","theater","2026-04-03 14:00:00","2026-04-03 18:00:00","2026-04-03 19:00:00",false,false,false,"[PREMIUM]","[PREMIUM]","[PREMIUM]","[PREMIUM]","[PREMIUM]","[PREMIUM]",false,false,"5824b86dcde6626ebe549930","['5a3c554825f2c51d4ed4e8d2']","[PREMIUM]","[PREMIUM]"
"697154e2a643408dc359b3a3","2026-01-22 18:36:56.871","2026-03-03 12:20:20.196","697154e2a643408dc359b3a3","Harry Potter and the Cursed Child","theater","2026-04-03 20:00:00","2026-04-04 00:00:00","2026-04-04 01:00:00",false,false,false,"[PREMIUM]","[PREMIUM]","[PREMIUM]","[PREMIUM]","[PREMIUM]","[PREMIUM]",false,false,"5824b86dcde6626ebe549930","['5a3c554825f2c51d4ed4e8d2']","[PREMIUM]","[PREMIUM]"
"6971546b7c3ad2d4cc438ea7","2026-01-22 18:36:56.871","2026-03-03 12:20:09.164","6971546b7c3ad2d4cc438ea7","Disney On Ice: Mickeys Search Party","theater","2026-04-03 11:00:00","2026-04-03 15:00:00","2026-04-03 15:15:00",false,false,false,"[PREMIUM]","[PREMIUM]","[PREMIUM]","[PREMIUM]","[PREMIUM]","[PREMIUM]",false,false,"63bc7d8f7beef60001824d58","['57dc19b1f80c417e9c06490e']","[PREMIUM]","[PREMIUM]"
"6971546b39bcc426ebcbd58b","2026-01-22 18:36:56.871","2026-03-03 12:20:09.164","6971546b39bcc426ebcbd58b","Disney On Ice: Mickeys Search Party","theater","2026-04-03 15:00:00","2026-04-03 19:00:00","2026-04-03 19:15:00",false,false,false,"[PREMIUM]","[PREMIUM]","[PREMIUM]","[PREMIUM]","[PREMIUM]","[PREMIUM]",false,false,"63bc7d8f7beef60001824d58","['57dc19b1f80c417e9c06490e']","[PREMIUM]","[PREMIUM]"
"69715450382599bae0c3f115","2026-01-22 18:36:56.871","2026-03-03 12:20:09.164","69715450382599bae0c3f115","Gurdas Maan","music","2026-04-02 20:00:00","2026-04-03 03:00:00","2026-04-03 03:00:00",false,false,false,"[PREMIUM]","[PREMIUM]","[PREMIUM]","[PREMIUM]","[PREMIUM]","[PREMIUM]",false,true,"6931eadd9e5359c2c76c19c4","['66a1528b16885b26c912befa']","[PREMIUM]","[PREMIUM]"
"6971505c115c2f3572ea1188","2026-01-22 18:36:56.871","2026-03-03 12:20:09.164","6971505c115c2f3572ea1188","Colin Cloud","other","2026-04-03 18:00:00","2026-04-04 01:00:00","2026-04-04 01:00:00",false,false,false,"[PREMIUM]","[PREMIUM]","[PREMIUM]","[PREMIUM]","[PREMIUM]","[PREMIUM]",false,false,"65f200855af108e82a8c4c7a","['6633cd9c782a3e17d4960275']","[PREMIUM]","[PREMIUM]"
"68c36c309aada52ff58f84fd","2026-01-22 18:36:56.871","2026-03-03 12:20:20.196","68c36c309aada52ff58f84fd","Auburn Tigers at Arkansas Razorbacks Softball","csoft","2026-04-04 00:00:00","2026-04-04 05:00:00","2026-04-04 05:00:00",false,true,false,"[PREMIUM]","[PREMIUM]","[PREMIUM]","[PREMIUM]","[PREMIUM]","[PREMIUM]",false,false,"65fb603cb7c45c267ef1015b","['67af71db7a17130550b17fd7','67b8e347623275248804f54a']","[PREMIUM]","[PREMIUM]"
"6971a565d1c7e82092852636","2026-01-22 18:36:47.800","2026-03-03 12:20:09.164","6971a565d1c7e82092852636","John Heffron","comedy","2026-04-01 20:00:00","2026-04-02 03:00:00","2026-04-02 04:30:00",false,false,false,"[PREMIUM]","[PREMIUM]","[PREMIUM]","[PREMIUM]","[PREMIUM]","[PREMIUM]",false,false,"615f24603f8dfc0001507a90","['61ef028db1776e000117160e']","[PREMIUM]","[PREMIUM]"
"6971a51414dca4c5ba200e24","2026-01-22 18:36:47.800","2026-03-03 12:20:09.164","6971a51414dca4c5ba200e24","Nate Jackson","comedy","2026-04-02 19:00:00","2026-04-02 23:00:00","2026-04-02 23:00:00",false,false,false,"[PREMIUM]","[PREMIUM]","[PREMIUM]","[PREMIUM]","[PREMIUM]","[PREMIUM]",false,true,"63e3f7f3c15a660001d13efc","['6568e84d6937546cf0b10dbd']","[PREMIUM]","[PREMIUM]"
"69718e2ad1c7e8209285206a","2026-01-22 18:36:47.800","2026-03-03 12:20:01.548","69718e2ad1c7e8209285206a","The War and Treaty","music","2026-03-31 19:30:00","2026-04-01 02:30:00","2026-04-01 04:00:00",false,false,false,"[PREMIUM]","[PREMIUM]","[PREMIUM]","[PREMIUM]","[PREMIUM]","[PREMIUM]",false,true,"63b608954c40f20001b91a28","['637513ee5cf6730001cb0e00']","[PREMIUM]","[PREMIUM]"
"69718dab5b47465d0c41df85","2026-01-22 18:36:47.800","2026-03-03 12:20:09.164","69718dab5b47465d0c41df85","Soen","music","2026-04-02 19:00:00","2026-04-03 02:00:00","2026-04-03 02:00:00",false,false,false,"[PREMIUM]","[PREMIUM]","[PREMIUM]","[PREMIUM]","[PREMIUM]","[PREMIUM]",false,false,"57d1e89250575d33c8544daf","['65442b886804ab11b0824d91']","[PREMIUM]","[PREMIUM]"
"69715701e670d526d6857ba7","2026-01-22 18:36:47.800","2026-03-03 12:20:01.548","69715701e670d526d6857ba7","Ethan Regan","music","2026-03-31 20:00:00","2026-04-01 00:00:00","2026-04-01 00:00:00",false,false,false,"[PREMIUM]","[PREMIUM]","[PREMIUM]","[PREMIUM]","[PREMIUM]","[PREMIUM]",false,true,"69039b6355a11df39db32aa8","['6838ceaaf967570afe423582']","[PREMIUM]","[PREMIUM]"
"6971566f71e21fe8ed58c40d","2026-01-22 18:36:47.800","2026-03-03 12:20:01.548","6971566f71e21fe8ed58c40d","Bit Brigade","music","2026-03-31 19:00:00","2026-04-01 02:00:00","2026-04-01 02:00:00",false,false,false,"[PREMIUM]","[PREMIUM]","[PREMIUM]","[PREMIUM]","[PREMIUM]","[PREMIUM]",false,true,"649c74c2b50da70001e1176d","['6674d0ba8898a7af9aeeaf98']","[PREMIUM]","[PREMIUM]"
"697154e2a99ed170967cd09f","2026-01-22 18:36:47.800","2026-03-03 12:20:01.548","697154e2a99ed170967cd09f","Harry Potter and the Cursed Child","theater","2026-04-01 13:00:00","2026-04-01 17:00:00","2026-04-01 18:00:00",false,false,false,"[PREMIUM]","[PREMIUM]","[PREMIUM]","[PREMIUM]","[PREMIUM]","[PREMIUM]",false,false,"5824b86dcde6626ebe549930","['5a3c554825f2c51d4ed4e8d2']","[PREMIUM]","[PREMIUM]"
"6971546c4045f5eb83799c9a","2026-01-22 18:36:47.800","2026-03-03 12:20:09.164","6971546c4045f5eb83799c9a","Disney On Ice: Mickeys Search Party","theater","2026-04-02 18:00:00","2026-04-02 22:00:00","2026-04-02 22:15:00",false,false,false,"[PREMIUM]","[PREMIUM]","[PREMIUM]","[PREMIUM]","[PREMIUM]","[PREMIUM]",false,false,"63bc7d8f7beef60001824d58","['57dc19b1f80c417e9c06490e']","[PREMIUM]","[PREMIUM]"
"690a7f7040dba8dcb104ef36","2026-01-22 18:36:47.800","2026-03-03 12:20:01.548","690a7f7040dba8dcb104ef36","LOVB Houston at LOVB Nebraska","vball","2026-04-01 19:00:00","2026-04-02 00:00:00","2026-04-02 00:00:00",false,false,false,"[PREMIUM]","[PREMIUM]","[PREMIUM]","[PREMIUM]","[PREMIUM]","[PREMIUM]",false,false,"5e7155b818e316003acec3f0","['66eb3931cc972ee2aeeaa0b1']","[PREMIUM]","[PREMIUM]"
"690a67ee538ffa10894869e4","2026-01-22 18:36:47.800","2026-03-03 12:20:09.164","690a67ee538ffa10894869e4","LOVB Atlanta at LOVB Madison","vball","2026-04-02 19:00:00","2026-04-03 00:00:00","2026-04-03 00:00:00",false,false,false,"[PREMIUM]","[PREMIUM]","[PREMIUM]","[PREMIUM]","[PREMIUM]","[PREMIUM]",false,false,"5a00fd0de09b87000f635cd9","['66eb3931cc972ee2aeeaa0b1']","[PREMIUM]","[PREMIUM]"
"690a66d7376c1d61324136b0","2026-01-22 18:36:47.800","2026-03-03 12:20:09.164","690a66d7376c1d61324136b0","LOVB Salt Lake at LOVB Austin","vball","2026-04-02 19:00:00","2026-04-03 00:00:00","2026-04-03 00:00:00",false,false,false,"[PREMIUM]","[PREMIUM]","[PREMIUM]","[PREMIUM]","[PREMIUM]","[PREMIUM]",false,false,"59b1da9194c1c6000138c9d6","['66eb3931cc972ee2aeeaa0b1']","[PREMIUM]","[PREMIUM]"
"697155bc867b280b82b52456","2026-01-22 18:36:47.800","2026-01-22 18:36:47.800","697155bc867b280b82b52456","Goo Goo Dolls","music","2026-04-01 18:30:00","2026-04-01 22:30:00","2026-04-01 23:30:00",false,false,false,"[PREMIUM]","[PREMIUM]","[PREMIUM]","[PREMIUM]","[PREMIUM]","[PREMIUM]",false,false,"665f931265a266d54da73633","['578ffce0f80c412206b11463']","[PREMIUM]","[PREMIUM]"
"69718daa39bcc426ebcbe4d7","2026-01-22 18:36:39.390","2026-03-03 12:20:01.548","69718daa39bcc426ebcbe4d7","Ventura County at Tacoma Defiance","mils","2026-03-29 20:00:00","2026-03-30 03:00:00","2026-03-30 04:30:00",false,false,false,"[PREMIUM]","[PREMIUM]","[PREMIUM]","[PREMIUM]","[PREMIUM]","[PREMIUM]",false,false,"5ac668d0629e220013b564f9","['5ced973751253f00166f9e04','667b26564c0cd5d792e6dd7f']","[PREMIUM]","[PREMIUM]"
"69718cfa115c2f3572ea2123","2026-01-22 18:36:39.390","2026-03-03 12:20:01.548","69718cfa115c2f3572ea2123","Billie Marten","music","2026-03-29 20:00:00","2026-03-30 02:00:00","2026-03-30 03:30:00",false,false,false,"[PREMIUM]","[PREMIUM]","[PREMIUM]","[PREMIUM]","[PREMIUM]","[PREMIUM]",false,true,"62bf3965735cd80001119e16","['620d842a5d7bf80001899dc9']","[PREMIUM]","[PREMIUM]"
"69718cc68efbc46e363f8515","2026-01-22 18:36:39.390","2026-03-03 12:19:54.045","69718cc68efbc46e363f8515","Holy Priest","music","2026-03-28 22:00:00","2026-03-29 02:00:00","2026-03-29 02:00:00",false,false,false,"[PREMIUM]","[PREMIUM]","[PREMIUM]","[PREMIUM]","[PREMIUM]","[PREMIUM]",false,false,"57aa6b9af80c415e66ed6c48","['68deb73eac3ba27f1b725d0b']","[PREMIUM]","[PREMIUM]"
"6971573f762fd6c8bd37cb47","2026-01-22 18:36:39.390","2026-03-03 12:20:01.548","6971573f762fd6c8bd37cb47","Steel Panther","music","2026-03-30 19:00:00","2026-03-31 00:00:00","2026-03-31 01:00:00",false,false,false,"[PREMIUM]","[PREMIUM]","[PREMIUM]","[PREMIUM]","[PREMIUM]","[PREMIUM]",false,true,"67e312540f6ccdf4437aecd5","['582be30ef80c41556b3043dc']","[PREMIUM]","[PREMIUM]"
"697155a3b186e21ce39befa0","2026-01-22 18:36:39.390","2026-03-03 12:20:01.548","697155a3b186e21ce39befa0","Ruel","music","2026-03-30 20:00:00","2026-03-31 03:00:00","2026-03-31 04:30:00",false,false,false,"[PREMIUM]","[PREMIUM]","[PREMIUM]","[PREMIUM]","[PREMIUM]","[PREMIUM]",false,false,"57e31d1450575d33c8a5fb77","['5d5aca43f3e3060035f2033f']","[PREMIUM]","[PREMIUM]"
"69715559434e2bfaf649bbc6","2026-01-22 18:36:39.390","2026-03-03 12:19:54.045","69715559434e2bfaf649bbc6","Legally Blonde","theater","2026-03-29 13:00:00","2026-03-29 18:00:00","2026-03-29 18:00:00",false,false,false,"[PREMIUM]","[PREMIUM]","[PREMIUM]","[PREMIUM]","[PREMIUM]","[PREMIUM]",false,true,"67e3125297746b6673e5f1f7","['67f95ce4017a3cc9ca100362']","[PREMIUM]","[PREMIUM]"
"6971550c71e21fe8ed58c3b3","2026-01-22 18:36:39.390","2026-03-03 12:20:01.548","6971550c71e21fe8ed58c3b3","Rick Wakeman","music","2026-03-29 19:00:00","2026-03-29 23:00:00","2026-03-30 00:30:00",false,false,false,"[PREMIUM]","[PREMIUM]","[PREMIUM]","[PREMIUM]","[PREMIUM]","[PREMIUM]",false,true,"6669de8b2f35b37f9529adcf","['63d8375c2c5bf0000108bcef']","[PREMIUM]","[PREMIUM]"
"697152237c3ad2d4cc438e21","2026-01-22 18:36:39.390","2026-03-03 12:19:54.045","697152237c3ad2d4cc438e21","July Talk","music","2026-03-28 20:00:00","2026-03-29 00:00:00","2026-03-29 01:30:00",false,false,false,"[PREMIUM]","[PREMIUM]","[PREMIUM]","[PREMIUM]","[PREMIUM]","[PREMIUM]",false,true,"5a29bedfa45907001026a358","['6196c87be8179f00013ff8d9']","[PREMIUM]","[PREMIUM]"
"697150118e378ebc24ad2ab6","2026-01-22 18:36:39.390","2026-03-03 12:19:54.045","697150118e378ebc24ad2ab6","Better Than Ezra","music","2026-03-28 20:00:00","2026-03-29 00:00:00","2026-03-29 01:30:00",false,false,false,"[PREMIUM]","[PREMIUM]","[PREMIUM]","[PREMIUM]","[PREMIUM]","[PREMIUM]",false,false,"63f91ca43ec6c2000172a397","['62fabc253f2c6c00015039eb']","[PREMIUM]","[PREMIUM]"
"68c36c30a5c83166ff57c318","2026-01-22 18:36:39.390","2026-03-03 12:19:54.045","68c36c30a5c83166ff57c318","Florida Gators at Arkansas Razorbacks Softball","csoft","2026-03-29 00:00:00","2026-03-29 05:00:00","2026-03-29 05:00:00",false,true,false,"[PREMIUM]","[PREMIUM]","[PREMIUM]","[PREMIUM]","[PREMIUM]","[PREMIUM]",false,false,"65fb603cb7c45c267ef1015b","['67af71db7a17130550b17fd7','67b8d6bc40dd9e19dc05c831']","[PREMIUM]","[PREMIUM]"
"6971a5135155e77ca3bf1a6a","2026-01-22 18:36:31.903","2026-03-03 12:19:46.395","6971a5135155e77ca3bf1a6a","Steve O","comedy","2026-03-27 21:45:00","2026-03-28 01:45:00","2026-03-28 03:15:00",false,false,false,"[PREMIUM]","[PREMIUM]","[PREMIUM]","[PREMIUM]","[PREMIUM]","[PREMIUM]",false,true,"63e3f7f3c15a660001d13efc","['6101cd9e33cc9e00012f7dc9']","[PREMIUM]","[PREMIUM]"
"697190948efbc46e363f85da","2026-01-22 18:36:31.903","2026-03-03 12:19:46.395","697190948efbc46e363f85da","Jessica Kirson","comedy","2026-03-28 19:00:00","2026-03-28 23:00:00","2026-03-29 00:30:00",false,false,false,"[PREMIUM]","[PREMIUM]","[PREMIUM]","[PREMIUM]","[PREMIUM]","[PREMIUM]",false,true,"6949866bacbfac53da9b5b37","['6306725ff2d5de0001317d86']","[PREMIUM]","[PREMIUM]"
"69718ec866c7fd4b1530a044","2026-01-22 18:36:31.903","2026-03-03 12:19:46.395","69718ec866c7fd4b1530a044","Wild Child - Doors Tribute Band","music","2026-03-28 19:00:00","2026-03-29 02:00:00","2026-03-29 03:00:00",false,false,false,"[PREMIUM]","[PREMIUM]","[PREMIUM]","[PREMIUM]","[PREMIUM]","[PREMIUM]",false,false,"58b60c97cde6626ebede29fd","['5a46c51925f2c57ea7e76031']","[PREMIUM]","[PREMIUM]"
"69718bbda590240b02941a41","2026-01-22 18:36:31.903","2026-03-03 12:19:46.395","69718bbda590240b02941a41","Columbus Crew 2 at Chattanooga FC","mils","2026-03-28 19:00:00","2026-03-28 23:00:00","2026-03-28 23:00:00",false,false,false,"[PREMIUM]","[PREMIUM]","[PREMIUM]","[PREMIUM]","[PREMIUM]","[PREMIUM]",false,true,"69726b4e4e4fb730c101dbaa","['65fdae2791c70456413be2d9','623b8fdcf807a90001c3adc1']","[PREMIUM]","[PREMIUM]"
"69718af9e670d526d6858981","2026-01-22 18:36:31.903","2026-03-03 12:19:46.395","69718af9e670d526d6858981","Inter Miami CF II at Carolina Core FC","soccer","2026-03-28 15:00:00","2026-03-28 19:00:00","2026-03-28 19:00:00",false,false,false,"[PREMIUM]","[PREMIUM]","[PREMIUM]","[PREMIUM]","[PREMIUM]","[PREMIUM]",false,false,"677c3984483bf544d505e400","['65fc688fce8b53244e08ef39','623b905c39cfc0000147f109']","[PREMIUM]","[PREMIUM]"
"6971570097f71f961acf00d1","2026-01-22 18:36:31.903","2026-03-03 12:19:46.395","6971570097f71f961acf00d1","Henry Cho","comedy","2026-03-27 20:00:00","2026-03-28 00:00:00","2026-03-28 00:00:00",false,false,false,"[PREMIUM]","[PREMIUM]","[PREMIUM]","[PREMIUM]","[PREMIUM]","[PREMIUM]",false,true,"64ac700fd36bfd000182dc03","['65b9d4ffaa9b770f9754707f']","[PREMIUM]","[PREMIUM]"
"697156b037a1ca903cdc8893","2026-01-22 18:36:31.903","2026-03-03 12:19:54.045","697156b037a1ca903cdc8893","Hotel California","music","2026-03-28 19:30:00","2026-03-29 01:30:00","2026-03-29 01:30:00",false,false,false,"[PREMIUM]","[PREMIUM]","[PREMIUM]","[PREMIUM]","[PREMIUM]","[PREMIUM]",false,true,"68af3b73ec76d27570052e14","['6806bcee93f42d47ea5d3e5a']","[PREMIUM]","[PREMIUM]"
"697156308efbc46e363f7654","2026-01-22 18:36:31.903","2026-03-03 12:19:46.395","697156308efbc46e363f7654","Third Eye Blind","music","2026-03-28 19:00:00","2026-03-29 00:00:00","2026-03-29 01:00:00",false,false,false,"[PREMIUM]","[PREMIUM]","[PREMIUM]","[PREMIUM]","[PREMIUM]","[PREMIUM]",false,true,"6814f22b83c1590cbe18ee35","['58814b6cf80c4104f0bbdbbc']","[PREMIUM]","[PREMIUM]"
"6971560539bcc426ebcbd5ed","2026-01-22 18:36:31.903","2026-03-03 12:19:46.395","6971560539bcc426ebcbd5ed","Dog Man - The Musical","theater","2026-03-28 15:00:00","2026-03-28 19:00:00","2026-03-28 19:00:00",false,false,false,"[PREMIUM]","[PREMIUM]","[PREMIUM]","[PREMIUM]","[PREMIUM]","[PREMIUM]",false,true,"62797ebe202cda0001161224","['667b2c144dcbdba1160a9eb4']","[PREMIUM]","[PREMIUM]"
"697156045b6ff771d8e2c791","2026-01-22 18:36:31.903","2026-03-03 12:19:46.395","697156045b6ff771d8e2c791","David Spade","comedy","2026-03-27 20:00:00","2026-03-28 00:00:00","2026-03-28 01:30:00",false,false,false,"[PREMIUM]","[PREMIUM]","[PREMIUM]","[PREMIUM]","[PREMIUM]","[PREMIUM]",false,false,"5ac6b61ff366c100132cd37a","['61958d1d35761a0001771cd4']","[PREMIUM]","[PREMIUM]"
"697155bad1c7e8209285116c","2026-01-22 18:36:31.903","2026-03-03 12:19:46.395","697155bad1c7e8209285116c","Matteo Lane","comedy","2026-03-28 19:00:00","2026-03-28 23:00:00","2026-03-29 00:30:00",false,false,false,"[PREMIUM]","[PREMIUM]","[PREMIUM]","[PREMIUM]","[PREMIUM]","[PREMIUM]",false,false,"5cffd05c77c5090016ec7123","['632c76090ceda50001bec541']","[PREMIUM]","[PREMIUM]"
"6971557c867b280b82b5243a","2026-01-22 18:36:31.903","2026-03-03 12:19:54.045","6971557c867b280b82b5243a","Stayin Alive - Bee Gees Tribute","music","2026-03-28 19:30:00","2026-03-28 23:30:00","2026-03-28 23:30:00",false,false,false,"[PREMIUM]","[PREMIUM]","[PREMIUM]","[PREMIUM]","[PREMIUM]","[PREMIUM]",false,false,"578577a7f80c41623d38b3e4","['65cd0d9f81da80e1159c1863']","[PREMIUM]","[PREMIUM]"
"6971551f96e0b622d94c4b93","2026-01-22 18:36:31.903","2026-03-03 12:19:54.045","6971551f96e0b622d94c4b93","World Championship Ice Racing","auto","2026-03-28 19:30:00","2026-03-28 23:30:00","2026-03-28 23:30:00",false,false,false,"[PREMIUM]","[PREMIUM]","[PREMIUM]","[PREMIUM]","[PREMIUM]","[PREMIUM]",false,true,"67e3125d9bd83d6ba481f894","['6504bb0171e60500010f6b78']","[PREMIUM]","[PREMIUM]"
"6971551d51037f9784a44410","2026-01-22 18:36:31.903","2026-03-03 12:19:46.395","6971551d51037f9784a44410","Matt Mathews (18+ Event)","comedy","2026-03-27 21:30:00","2026-03-28 01:30:00","2026-03-28 03:00:00",false,false,false,"[PREMIUM]","[PREMIUM]","[PREMIUM]","[PREMIUM]","[PREMIUM]","[PREMIUM]",false,false,"6166058381b8f200010a9457","['646ce139e752f900019cb87f']","[PREMIUM]","[PREMIUM]"
"69715519867b280b82b52420","2026-01-22 18:36:31.903","2026-03-03 12:19:54.045","69715519867b280b82b52420","CINCH World's Toughest Rodeo","pbr","2026-03-28 19:30:00","2026-03-28 23:30:00","2026-03-29 01:00:00",false,false,false,"[PREMIUM]","[PREMIUM]","[PREMIUM]","[PREMIUM]","[PREMIUM]","[PREMIUM]",false,false,"57d8b1f050575d33c8737921","['6178386b434dfb0001da0776']","[PREMIUM]","[PREMIUM]"
"697154173221066dfc20af5e","2026-01-22 18:36:31.903","2026-03-03 12:19:46.395","697154173221066dfc20af5e","DVSN","music","2026-03-27 20:00:00","2026-03-28 00:00:00","2026-03-28 01:00:00",false,false,false,"[PREMIUM]","[PREMIUM]","[PREMIUM]","[PREMIUM]","[PREMIUM]","[PREMIUM]",false,false,"57b5de9df80c41264bb99859","['5a0226fc25f2c51f026f6213']","[PREMIUM]","[PREMIUM]"
"6971521638b93b909353f373","2026-01-22 18:36:31.903","2026-03-03 12:19:46.395","6971521638b93b909353f373","Los Inquietos Del Norte","music","2026-03-28 18:00:00","2026-03-29 01:00:00","2026-03-29 01:00:00",false,false,false,"[PREMIUM]","[PREMIUM]","[PREMIUM]","[PREMIUM]","[PREMIUM]","[PREMIUM]",false,false,"571af4b8f80c412140000001","['677c4e2599822e5c39420fb6']","[PREMIUM]","[PREMIUM]"
"697152158e832ecf94bd29c7","2026-01-22 18:36:31.903","2026-03-03 12:19:46.395","697152158e832ecf94bd29c7","Carlos Ballarta","comedy","2026-03-28 19:00:00","2026-03-29 02:00:00","2026-03-29 02:00:00",false,false,false,"[PREMIUM]","[PREMIUM]","[PREMIUM]","[PREMIUM]","[PREMIUM]","[PREMIUM]",false,true,"66f5dbdc03505a6563df4acc","['647a0d6ab005510001fed088']","[PREMIUM]","[PREMIUM]"
"6971505b51037f9784a442e9","2026-01-22 18:36:31.903","2026-03-03 12:19:46.395","6971505b51037f9784a442e9","Show Your Skillz","comedy","2026-03-27 23:30:00","2026-03-28 06:30:00","2026-03-28 06:30:00",false,false,false,"[PREMIUM]","[PREMIUM]","[PREMIUM]","[PREMIUM]","[PREMIUM]","[PREMIUM]",false,true,"63e6a8b18d0aad0001987d37","['65bbd1fb246e3ec07184fb48']","[PREMIUM]","[PREMIUM]"
"6925fa3c82123b4c7ce421da","2026-01-22 18:36:31.903","2026-03-03 12:19:46.395","6925fa3c82123b4c7ce421da","NCAA Mens Hockey Tournament Sioux Falls Regional - Session 2","cho","2026-03-28 17:30:00","2026-03-28 22:30:00","2026-03-29 00:00:00",false,false,false,"[PREMIUM]","[PREMIUM]","[PREMIUM]","[PREMIUM]","[PREMIUM]","[PREMIUM]",false,false,"62c5e7af6a9190000116db26","['589b8c46f80c417fbd03350b']","[PREMIUM]","[PREMIUM]"
"690a7f6f25db979e75f49d16","2026-01-22 18:36:31.903","2026-03-03 12:19:46.395","690a7f6f25db979e75f49d16","LOVB Salt Lake City at LOVB Nebraska","vball","2026-03-28 16:30:00","2026-03-28 21:30:00","2026-03-28 21:30:00",false,false,false,"[PREMIUM]","[PREMIUM]","[PREMIUM]","[PREMIUM]","[PREMIUM]","[PREMIUM]",false,false,"5e7155b818e316003acec3f0","['66eb3931cc972ee2aeeaa0b1']","[PREMIUM]","[PREMIUM]"
"68c36c300de36b087c39e3d4","2026-01-22 18:36:31.903","2026-03-03 12:19:46.395","68c36c300de36b087c39e3d4","Florida Gators at Arkansas Razorbacks Softball","csoft","2026-03-28 00:00:00","2026-03-28 05:00:00","2026-03-28 05:00:00",false,true,false,"[PREMIUM]","[PREMIUM]","[PREMIUM]","[PREMIUM]","[PREMIUM]","[PREMIUM]",false,false,"65fb603cb7c45c267ef1015b","['67af71db7a17130550b17fd7','67b8d6bc40dd9e19dc05c831']","[PREMIUM]","[PREMIUM]"
"6971ab595b6ff771d8e2dcbf","2026-01-22 18:36:23.929","2026-03-03 12:19:38.487","6971ab595b6ff771d8e2dcbf","Dark Tranquillity","music","2026-03-27 19:00:00","2026-03-28 00:00:00","2026-03-28 01:30:00",false,false,false,"[PREMIUM]","[PREMIUM]","[PREMIUM]","[PREMIUM]","[PREMIUM]","[PREMIUM]",false,true,"6932053db3c12b9f6f17e721","['618d463bc507ca000121f856']","[PREMIUM]","[PREMIUM]"
"6971a5131fec7a617400066b","2026-01-22 18:36:23.929","2026-03-03 12:19:38.487","6971a5131fec7a617400066b","Steve O","comedy","2026-03-26 19:00:00","2026-03-26 23:00:00","2026-03-27 00:30:00",false,false,false,"[PREMIUM]","[PREMIUM]","[PREMIUM]","[PREMIUM]","[PREMIUM]","[PREMIUM]",false,true,"63e3f7f3c15a660001d13efc","['6101cd9e33cc9e00012f7dc9']","[PREMIUM]","[PREMIUM]"
"6971a51314dca4c5ba200e21","2026-01-22 18:36:23.929","2026-03-03 12:19:38.487","6971a51314dca4c5ba200e21","Steve O","comedy","2026-03-27 19:00:00","2026-03-27 23:00:00","2026-03-28 00:30:00",false,false,false,"[PREMIUM]","[PREMIUM]","[PREMIUM]","[PREMIUM]","[PREMIUM]","[PREMIUM]",false,true,"63e3f7f3c15a660001d13efc","['6101cd9e33cc9e00012f7dc9']","[PREMIUM]","[PREMIUM]"
"697190a6434e2bfaf649cbaa","2026-01-22 18:36:23.929","2026-03-03 12:19:38.487","697190a6434e2bfaf649cbaa","Electric Avenue","music","2026-03-27 19:00:00","2026-03-27 23:00:00","2026-03-27 23:00:00",false,false,false,"[PREMIUM]","[PREMIUM]","[PREMIUM]","[PREMIUM]","[PREMIUM]","[PREMIUM]",false,true,"5a7b7d38a8fc0700143ad2b2","['66709141fb095769bc3f8db2']","[PREMIUM]","[PREMIUM]"
"69718fd7115c2f3572ea21be","2026-01-22 18:36:23.929","2026-03-03 12:19:38.487","69718fd7115c2f3572ea21be","Snakehips","music","2026-03-26 20:00:00","2026-03-27 01:00:00","2026-03-27 02:00:00",false,false,false,"[PREMIUM]","[PREMIUM]","[PREMIUM]","[PREMIUM]","[PREMIUM]","[PREMIUM]",false,true,"57eae9facde6626ebe3c52d6","['598cdf8e25f2c533335bc561']","[PREMIUM]","[PREMIUM]"
"69718f78be133370aa215450","2026-01-22 18:36:23.929","2026-03-03 12:19:38.487","69718f78be133370aa215450","Vaultboy","music","2026-03-26 20:00:00","2026-03-27 01:00:00","2026-03-27 02:30:00",false,false,false,"[PREMIUM]","[PREMIUM]","[PREMIUM]","[PREMIUM]","[PREMIUM]","[PREMIUM]",false,true,"62a271bb04da2800013fcf3e","['637c22f81e17d300017d69d4']","[PREMIUM]","[PREMIUM]"
"6971562f8e378ebc24ad2c29","2026-01-22 18:36:23.929","2026-03-03 12:19:38.487","6971562f8e378ebc24ad2c29","Brad Williams","comedy","2026-03-27 19:00:00","2026-03-28 00:00:00","2026-03-28 01:30:00",false,false,false,"[PREMIUM]","[PREMIUM]","[PREMIUM]","[PREMIUM]","[PREMIUM]","[PREMIUM]",false,true,"68026c561d5ad66a8f840061","['61e084172cd9560001043137']","[PREMIUM]","[PREMIUM]"
"6971562f51037f9784a4444a","2026-01-22 18:36:23.929","2026-03-03 12:19:38.487","6971562f51037f9784a4444a","Brad Williams","comedy","2026-03-26 19:00:00","2026-03-27 00:00:00","2026-03-27 01:30:00",false,false,false,"[PREMIUM]","[PREMIUM]","[PREMIUM]","[PREMIUM]","[PREMIUM]","[PREMIUM]",false,true,"67ae8de3e57fa7b9f94f12df","['61e084172cd9560001043137']","[PREMIUM]","[PREMIUM]"
"697155f35b47465d0c41d062","2026-01-22 18:36:23.929","2026-03-03 12:19:38.487","697155f35b47465d0c41d062","Sam Grisman Project","music","2026-03-26 20:00:00","2026-03-27 00:00:00","2026-03-27 00:00:00",false,false,false,"[PREMIUM]","[PREMIUM]","[PREMIUM]","[PREMIUM]","[PREMIUM]","[PREMIUM]",false,true,"67e3124fba6d226a637f81dd","['66301e153956b00b223d6951']","[PREMIUM]","[PREMIUM]"
"697155f230df4bdbc12984cd","2026-01-22 18:36:23.929","2026-03-03 12:19:38.487","697155f230df4bdbc12984cd","The Surfrajettes","music","2026-03-27 19:00:00","2026-03-27 23:00:00","2026-03-28 00:30:00",false,false,false,"[PREMIUM]","[PREMIUM]","[PREMIUM]","[PREMIUM]","[PREMIUM]","[PREMIUM]",false,true,"67e31256185bc65a83bce9e7","['62e400facfc90900015eeb31']","[PREMIUM]","[PREMIUM]"
"697155a37b979bb8f42a0a8a","2026-01-22 18:36:23.929","2026-03-03 12:19:38.487","697155a37b979bb8f42a0a8a","Rene Vaca","comedy","2026-03-27 19:30:00","2026-03-28 02:30:00","2026-03-28 04:00:00",false,false,false,"[PREMIUM]","[PREMIUM]","[PREMIUM]","[PREMIUM]","[PREMIUM]","[PREMIUM]",false,true,"66b285b827e66af1cae085a3","['63bde797bd32d600017a7c34']","[PREMIUM]","[PREMIUM]"
"697155791fec7a6174fff101","2026-01-22 18:36:23.929","2026-03-03 12:19:38.487","697155791fec7a6174fff101","Harlem Globetrotters","other","2026-03-26 19:00:00","2026-03-26 23:00:00","2026-03-26 23:45:00",false,false,false,"[PREMIUM]","[PREMIUM]","[PREMIUM]","[PREMIUM]","[PREMIUM]","[PREMIUM]",false,false,"66eb3376d648db703468e8e2","['57f7ede3f80c412b84d958a6']","[PREMIUM]","[PREMIUM]"
"6971555227d2b812a3c9d9db","2026-01-22 18:36:23.929","2026-03-03 12:19:38.487","6971555227d2b812a3c9d9db","Henry Cho","comedy","2026-03-26 20:00:00","2026-03-27 01:00:00","2026-03-27 01:00:00",false,false,false,"[PREMIUM]","[PREMIUM]","[PREMIUM]","[PREMIUM]","[PREMIUM]","[PREMIUM]",false,false,"677823546076d97a7ee0bfa3","['65b9d4ffaa9b770f9754707f']","[PREMIUM]","[PREMIUM]"
"69715519df642ca8f1813054","2026-01-22 18:36:23.929","2026-03-03 12:19:38.487","69715519df642ca8f1813054","CINCH World's Toughest Rodeo","pbr","2026-03-27 19:30:00","2026-03-27 23:30:00","2026-03-28 01:00:00",false,false,false,"[PREMIUM]","[PREMIUM]","[PREMIUM]","[PREMIUM]","[PREMIUM]","[PREMIUM]",false,false,"57d8b1f050575d33c8737921","['6178386b434dfb0001da0776']","[PREMIUM]","[PREMIUM]"
"6971550ce162f3c64d7ecbff","2026-01-22 18:36:23.929","2026-03-03 12:19:38.487","6971550ce162f3c64d7ecbff","Rick Wakeman","music","2026-03-26 20:00:00","2026-03-27 00:00:00","2026-03-27 01:30:00",false,false,false,"[PREMIUM]","[PREMIUM]","[PREMIUM]","[PREMIUM]","[PREMIUM]","[PREMIUM]",false,false,"5c7556d9dcbeb70015eef27c","['63d8375c2c5bf0000108bcef']","[PREMIUM]","[PREMIUM]"
"69714fc68e832ecf94bd2944","2026-01-22 18:36:23.929","2026-03-03 12:19:38.487","69714fc68e832ecf94bd2944","Stayin Alive - Bee Gees Tribute","music","2026-03-26 19:30:00","2026-03-27 00:30:00","2026-03-27 00:30:00",false,false,false,"[PREMIUM]","[PREMIUM]","[PREMIUM]","[PREMIUM]","[PREMIUM]","[PREMIUM]",false,true,"639d02183f11f60001eb1263","['65cd0d9f81da80e1159c1863']","[PREMIUM]","[PREMIUM]"
"69307f9db4813fb78e22dea9","2026-01-22 18:36:23.929","2026-03-03 12:19:38.487","69307f9db4813fb78e22dea9","Voxtrot","music","2026-03-26 20:00:00","2026-03-27 03:00:00","2026-03-27 03:00:00",false,false,false,"[PREMIUM]","[PREMIUM]","[PREMIUM]","[PREMIUM]","[PREMIUM]","[PREMIUM]",false,true,"697171868e378ebc24ad33b5","['6930b3acfea89c7798effacb']","[PREMIUM]","[PREMIUM]"
"690a66d930d5cd4f6272939a","2026-01-22 18:36:23.929","2026-03-03 12:19:38.487","690a66d930d5cd4f6272939a","LOVB Madison at LOVB Austin","vball","2026-03-26 19:00:00","2026-03-27 00:00:00","2026-03-27 00:00:00",false,false,false,"[PREMIUM]","[PREMIUM]","[PREMIUM]","[PREMIUM]","[PREMIUM]","[PREMIUM]",true,false,"59b1da9194c1c6000138c9d6","['66eb3931cc972ee2aeeaa0b1']","[PREMIUM]","[PREMIUM]"
"68c36c30a58e34a482f2ced5","2026-01-22 18:36:23.929","2026-03-03 12:19:38.487","68c36c30a58e34a482f2ced5","Florida Gators at Arkansas Razorbacks Softball","csoft","2026-03-27 00:00:00","2026-03-27 05:00:00","2026-03-27 05:00:00",false,true,false,"[PREMIUM]","[PREMIUM]","[PREMIUM]","[PREMIUM]","[PREMIUM]","[PREMIUM]",false,false,"65fb603cb7c45c267ef1015b","['67af71db7a17130550b17fd7','67b8d6bc40dd9e19dc05c831']","[PREMIUM]","[PREMIUM]"
"6971a5145155e77ca3bf1a6c","2026-01-22 18:36:14.356","2026-03-03 12:19:30.859","6971a5145155e77ca3bf1a6c","Malik B","comedy","2026-03-24 19:00:00","2026-03-24 23:00:00","2026-03-24 23:00:00",false,false,false,"[PREMIUM]","[PREMIUM]","[PREMIUM]","[PREMIUM]","[PREMIUM]","[PREMIUM]",false,true,"63e3f7f3c15a660001d13efc","['6668c62a152c2a8c6a7bf953']","[PREMIUM]","[PREMIUM]"
"69718e23382599bae0c400a4","2026-01-22 18:36:14.356","2026-03-03 12:19:22.426","69718e23382599bae0c400a4","Ventura County FC at Portland Timbers 2","mils","2026-03-23 19:00:00","2026-03-24 02:00:00","2026-03-24 03:30:00",false,false,false,"[PREMIUM]","[PREMIUM]","[PREMIUM]","[PREMIUM]","[PREMIUM]","[PREMIUM]",false,false,"542f261e3bf37665b8000001","['5a94592425f2c54fdef92ecc','667b26564c0cd5d792e6dd7f']","[PREMIUM]","[PREMIUM]"
"697157453ac5c5b7fca01dcb","2026-01-22 18:36:14.356","2026-03-03 12:19:30.859","697157453ac5c5b7fca01dcb","Cecile McLorin Salvant","music","2026-03-23 21:30:00","2026-03-24 02:30:00","2026-03-24 02:30:00",false,false,false,"[PREMIUM]","[PREMIUM]","[PREMIUM]","[PREMIUM]","[PREMIUM]","[PREMIUM]",false,true,"66aab23fb082f2f98b480579","['67c8868adb413fff8a98c9b0']","[PREMIUM]","[PREMIUM]"
"697157450249fcb747dccdbf","2026-01-22 18:36:14.356","2026-03-03 12:19:22.426","697157450249fcb747dccdbf","Cecile McLorin Salvant","music","2026-03-23 19:00:00","2026-03-24 00:00:00","2026-03-24 00:00:00",false,false,false,"[PREMIUM]","[PREMIUM]","[PREMIUM]","[PREMIUM]","[PREMIUM]","[PREMIUM]",false,true,"66aab23fb082f2f98b480579","['67c8868adb413fff8a98c9b0']","[PREMIUM]","[PREMIUM]"
"697156ae4d63a33c999d53d2","2026-01-22 18:36:14.356","2026-03-03 12:19:30.859","697156ae4d63a33c999d53d2","Ruel","music","2026-03-25 20:00:00","2026-03-26 02:00:00","2026-03-26 03:30:00",false,false,false,"[PREMIUM]","[PREMIUM]","[PREMIUM]","[PREMIUM]","[PREMIUM]","[PREMIUM]",false,false,"57e2fbc650575d33c8a4df07","['5d5aca43f3e3060035f2033f']","[PREMIUM]","[PREMIUM]"
"6971554bb186e21ce39bef8c","2026-01-22 18:36:14.356","2026-03-03 12:19:30.859","6971554bb186e21ce39bef8c","Modi - Modi Rosenfeld","comedy","2026-03-25 19:30:00","2026-03-25 23:30:00","2026-03-26 01:00:00",false,false,false,"[PREMIUM]","[PREMIUM]","[PREMIUM]","[PREMIUM]","[PREMIUM]","[PREMIUM]",false,false,"58b0c603cde6626ebeabff21","['640b5e3a3bf6f70001ba92f5']","[PREMIUM]","[PREMIUM]"
"69715510e162f3c64d7ecc01","2026-01-22 18:36:14.356","2026-03-03 12:19:22.426","69715510e162f3c64d7ecc01","Champian Fulton","music","2026-03-23 19:00:00","2026-03-23 23:00:00","2026-03-23 23:00:00",false,false,false,"[PREMIUM]","[PREMIUM]","[PREMIUM]","[PREMIUM]","[PREMIUM]","[PREMIUM]",false,true,"65fe09690c368400736e58e0","['66ec84f124f0addb60ec6f7e']","[PREMIUM]","[PREMIUM]"
"6971550c1fec7a6174fff0ea","2026-01-22 18:36:14.356","2026-03-03 12:19:30.859","6971550c1fec7a6174fff0ea","Rick Wakeman","music","2026-03-25 19:00:00","2026-03-25 23:00:00","2026-03-26 00:30:00",false,false,false,"[PREMIUM]","[PREMIUM]","[PREMIUM]","[PREMIUM]","[PREMIUM]","[PREMIUM]",false,true,"6543e040a79b06cec52ae5c7","['63d8375c2c5bf0000108bcef']","[PREMIUM]","[PREMIUM]"
"6939fa41fea89c7798f31a9e","2026-01-22 18:36:14.356","2026-03-03 12:19:30.859","6939fa41fea89c7798f31a9e","NCAA Mens Hockey Tournament Sioux Falls Regional - All Sessions","cho","2026-03-26 14:59:00","2026-03-26 19:59:00","2026-03-26 21:29:00",false,false,false,"[PREMIUM]","[PREMIUM]","[PREMIUM]","[PREMIUM]","[PREMIUM]","[PREMIUM]",false,false,"62c5e7af6a9190000116db26","['589b8c46f80c417fbd03350b']","[PREMIUM]","[PREMIUM]"
"6925fa3aa4dd1089d3205b68","2026-01-22 18:36:14.356","2026-03-03 12:19:30.859","6925fa3aa4dd1089d3205b68","NCAA Mens Hockey Tournament Sioux Falls Regional - Session 1","cho","2026-03-26 16:00:00","2026-03-26 21:00:00","2026-03-26 22:30:00",false,false,false,"[PREMIUM]","[PREMIUM]","[PREMIUM]","[PREMIUM]","[PREMIUM]","[PREMIUM]",false,false,"62c5e7af6a9190000116db26","['589b8c46f80c417fbd03350b']","[PREMIUM]","[PREMIUM]"
"690de71136e6b2bf37197382","2026-01-22 18:36:14.356","2026-03-03 12:19:30.859","690de71136e6b2bf37197382","LOVB Salt Lake at LOVB Houston Volleyball","vball","2026-03-25 19:30:00","2026-03-26 00:30:00","2026-03-26 00:30:00",false,false,false,"[PREMIUM]","[PREMIUM]","[PREMIUM]","[PREMIUM]","[PREMIUM]","[PREMIUM]",false,false,"67880833cc391d3261382561","['66eb3931cc972ee2aeeaa0b1']","[PREMIUM]","[PREMIUM]"
"69718f78a643408dc359c35e","2026-01-22 18:35:57.486","2026-03-03 12:19:22.426","69718f78a643408dc359c35e","Carolina Core FC at Chicago Fire FC II","mils","2026-03-22 15:00:00","2026-03-22 20:00:00","2026-03-22 21:30:00",false,false,false,"[PREMIUM]","[PREMIUM]","[PREMIUM]","[PREMIUM]","[PREMIUM]","[PREMIUM]",false,false,"538794ad21efd360b1000005","['623b8f4311753a0001a1ab37','65fc688fce8b53244e08ef39']","[PREMIUM]","[PREMIUM]"
"69718de74045f5eb8379ac18","2026-01-22 18:35:57.486","2026-03-03 12:19:22.426","69718de74045f5eb8379ac18","Los Angeles FC 2 at St Louis City SC 2","mils","2026-03-22 16:00:00","2026-03-22 21:00:00","2026-03-22 22:30:00",false,false,false,"[PREMIUM]","[PREMIUM]","[PREMIUM]","[PREMIUM]","[PREMIUM]","[PREMIUM]",false,false,"637d3ebe5fb210000103555f","['592f1e4f25f2c51a7397b3fb','64150178792c390001ebca10']","[PREMIUM]","[PREMIUM]"
"69718daa27d2b812a3c9e89a","2026-01-22 18:35:57.486","2026-03-03 12:19:22.426","69718daa27d2b812a3c9e89a","Austin FC II at Tacoma Defiance","mils","2026-03-22 19:00:00","2026-03-23 02:00:00","2026-03-23 03:30:00",false,false,false,"[PREMIUM]","[PREMIUM]","[PREMIUM]","[PREMIUM]","[PREMIUM]","[PREMIUM]",false,false,"5ac668d0629e220013b564f9","['5ced973751253f00166f9e04','6415013fc24c3b000113a588']","[PREMIUM]","[PREMIUM]"
"69718d4b39bcc426ebcbe4d0","2026-01-22 18:35:57.486","2026-03-03 12:19:22.426","69718d4b39bcc426ebcbe4d0","Connecticut United FC at New England Revolution II","mils","2026-03-22 13:00:00","2026-03-22 17:00:00","2026-03-22 18:30:00",false,false,false,"[PREMIUM]","[PREMIUM]","[PREMIUM]","[PREMIUM]","[PREMIUM]","[PREMIUM]",false,false,"68af8d14504ca5fba8a2c719","['623b90b74777d300018cdcfd','69722eb338b93b9093542269']","[PREMIUM]","[PREMIUM]"
"69718cf9df642ca8f1813f76","2026-01-22 18:35:57.486","2026-03-03 12:19:22.426","69718cf9df642ca8f1813f76","Vancouver Whitecaps FC 2 at Real Monarchs","mils","2026-03-22 13:00:00","2026-03-22 19:00:00","2026-03-22 20:30:00",false,false,false,"[PREMIUM]","[PREMIUM]","[PREMIUM]","[PREMIUM]","[PREMIUM]","[PREMIUM]",false,false,"6452c21fed7e5400010efe3d","['5a94592425f2c54fdef92ec4','6238d88df54f360001e4b0b0']","[PREMIUM]","[PREMIUM]"
"69718b2b434e2bfaf649cabc","2026-01-22 18:35:57.486","2026-03-03 12:19:22.426","69718b2b434e2bfaf649cabc","Inter Miami CF II at Orlando City B (Moved from Osceola County Stadium at Osceola Heritage Park Kissimmee)","mils","2026-03-22 19:00:00","2026-03-22 23:00:00","2026-03-23 00:30:00",false,false,false,"[PREMIUM]","[PREMIUM]","[PREMIUM]","[PREMIUM]","[PREMIUM]","[PREMIUM]",false,false,"61c3990bd1f73e0001d14df7","['592f1e4f25f2c51a7397b401','623b905c39cfc0000147f109']","[PREMIUM]","[PREMIUM]"
"697187d896e0b622d94c5992","2026-01-22 18:35:57.486","2026-03-03 12:19:22.426","697187d896e0b622d94c5992","Minnesota United FC 2 at Sporting Kansas City II","mils","2026-03-22 19:00:00","2026-03-23 00:00:00","2026-03-23 01:30:00",false,false,false,"[PREMIUM]","[PREMIUM]","[PREMIUM]","[PREMIUM]","[PREMIUM]","[PREMIUM]",false,true,"697234bb5b6ff771d8e2f5ce","['5a946946b9c7450014e70e82','623258e77bbae0000119100e']","[PREMIUM]","[PREMIUM]"
"697156aea99ed170967cd104","2026-01-22 18:35:57.486","2026-03-03 12:19:14.391","697156aea99ed170967cd104","Preacher Lawson","comedy","2026-03-21 20:45:00","2026-03-22 02:45:00","2026-03-22 04:15:00",false,false,false,"[PREMIUM]","[PREMIUM]","[PREMIUM]","[PREMIUM]","[PREMIUM]","[PREMIUM]",false,true,"67465c3f3652539b2c31c708","['5c81736610267b00155777fa']","[PREMIUM]","[PREMIUM]"
"697156ae3ac5c5b7fca01dad","2026-01-22 18:35:57.486","2026-03-03 12:19:22.426","697156ae3ac5c5b7fca01dad","Preacher Lawson","comedy","2026-03-22 18:30:00","2026-03-23 00:30:00","2026-03-23 02:00:00",false,false,false,"[PREMIUM]","[PREMIUM]","[PREMIUM]","[PREMIUM]","[PREMIUM]","[PREMIUM]",false,true,"67465c3f3652539b2c31c708","['5c81736610267b00155777fa']","[PREMIUM]","[PREMIUM]"
"697155418e378ebc24ad2bed","2026-01-22 18:35:57.486","2026-03-03 12:19:22.426","697155418e378ebc24ad2bed","Disney On Ice: Frozen and Encanto","theater","2026-03-22 11:00:00","2026-03-22 15:00:00","2026-03-22 15:15:00",false,false,false,"[PREMIUM]","[PREMIUM]","[PREMIUM]","[PREMIUM]","[PREMIUM]","[PREMIUM]",false,false,"61e73ed64f4ab60001dd075f","['57dc19b1f80c417e9c06490e']","[PREMIUM]","[PREMIUM]"
"6971554123fcdcd664d0a684","2026-01-22 18:35:57.486","2026-03-03 12:19:22.426","6971554123fcdcd664d0a684","Disney On Ice: Frozen and Encanto","theater","2026-03-22 15:00:00","2026-03-22 19:00:00","2026-03-22 19:15:00",false,false,false,"[PREMIUM]","[PREMIUM]","[PREMIUM]","[PREMIUM]","[PREMIUM]","[PREMIUM]",false,false,"61e73ed64f4ab60001dd075f","['57dc19b1f80c417e9c06490e']","[PREMIUM]","[PREMIUM]"
"697152167b979bb8f42a09bb","2026-01-22 18:35:57.486","2026-03-03 12:19:14.391","697152167b979bb8f42a09bb","Ole 60","music","2026-03-21 20:15:00","2026-03-22 03:15:00","2026-03-22 03:15:00",false,false,false,"[PREMIUM]","[PREMIUM]","[PREMIUM]","[PREMIUM]","[PREMIUM]","[PREMIUM]",false,false,"5984fb189da0d48c0d89acfe","['66341bbd888611dceb444167']","[PREMIUM]","[PREMIUM]"
"69703e597c3ad2d4cc4339dd","2026-01-22 18:35:57.486","2026-03-03 12:19:22.426","69703e597c3ad2d4cc4339dd","DVSN","music","2026-03-22 19:00:00","2026-03-23 00:00:00","2026-03-23 01:00:00",false,false,false,"[PREMIUM]","[PREMIUM]","[PREMIUM]","[PREMIUM]","[PREMIUM]","[PREMIUM]",false,false,"57c61b85f80c4132e419902e","['5a0226fc25f2c51f026f6213']","[PREMIUM]","[PREMIUM]"
"6970381630df4bdbc1292cce","2026-01-22 18:35:57.486","2026-03-03 12:19:14.391","6970381630df4bdbc1292cce","Emo Nite (21+ Event)","music","2026-03-21 20:00:00","2026-03-22 03:00:00","2026-03-22 03:00:00",false,false,false,"[PREMIUM]","[PREMIUM]","[PREMIUM]","[PREMIUM]","[PREMIUM]","[PREMIUM]",false,false,"57e16d3850575d33c89b5081","['65ce998d07a5794f79181c42']","[PREMIUM]","[PREMIUM]"
"69701e19a99ed170967c6ed2","2026-01-22 18:35:57.486","2026-03-03 12:19:22.426","69701e19a99ed170967c6ed2","Les Claypool - Claypool Gold","music","2026-03-23 18:00:00","2026-03-24 01:00:00","2026-03-24 02:30:00",false,false,false,"[PREMIUM]","[PREMIUM]","[PREMIUM]","[PREMIUM]","[PREMIUM]","[PREMIUM]",false,false,"64dfeeeca499f30001bb56d8","['63dd83c38b3a6900016dd8a1']","[PREMIUM]","[PREMIUM]"
"692dfab8bf2fb835f22ace58","2026-01-22 18:35:57.486","2026-03-03 12:19:22.426","692dfab8bf2fb835f22ace58","UConn Huskies at Arkansas Razorbacks Softball","csoft","2026-03-22 12:00:00","2026-03-22 17:00:00","2026-03-22 17:00:00",false,false,false,"[PREMIUM]","[PREMIUM]","[PREMIUM]","[PREMIUM]","[PREMIUM]","[PREMIUM]",false,false,"65fb603cb7c45c267ef1015b","['67af71db7a17130550b17fd7','67b8f3627189fd5f1f0c0368']","[PREMIUM]","[PREMIUM]"
"69718e0f27d2b812a3c9e8a3","2026-01-22 18:35:40.176","2026-03-03 12:19:14.391","69718e0f27d2b812a3c9e8a3","FC Cincinnati 2 at Columbus Crew 2","mils","2026-03-21 15:00:00","2026-03-21 19:00:00","2026-03-21 20:30:00",false,false,false,"[PREMIUM]","[PREMIUM]","[PREMIUM]","[PREMIUM]","[PREMIUM]","[PREMIUM]",false,false,"60da3f2e9eeeb0000118f396","['623b8fdcf807a90001c3adc1','623b8f8c18230c00018ed104']","[PREMIUM]","[PREMIUM]"
"6971897adf642ca8f1813f01","2026-01-22 18:35:40.176","2026-03-03 12:19:14.391","6971897adf642ca8f1813f01","North Texas SC at Houston Dynamo 2","mils","2026-03-21 16:00:00","2026-03-21 21:00:00","2026-03-21 22:30:00",false,false,false,"[PREMIUM]","[PREMIUM]","[PREMIUM]","[PREMIUM]","[PREMIUM]","[PREMIUM]",false,true,"67bf9a22668d4b16a4411968","['6232588486cc8c0001568341','6232518834c4420001aeb0fa']","[PREMIUM]","[PREMIUM]"
"697156ae8e832ecf94bd2ae4","2026-01-22 18:35:40.176","2026-03-03 12:19:06.311","697156ae8e832ecf94bd2ae4","Preacher Lawson","comedy","2026-03-20 21:00:00","2026-03-21 03:00:00","2026-03-21 04:30:00",false,false,false,"[PREMIUM]","[PREMIUM]","[PREMIUM]","[PREMIUM]","[PREMIUM]","[PREMIUM]",false,true,"67465c3f3652539b2c31c708","['5c81736610267b00155777fa']","[PREMIUM]","[PREMIUM]"
"697156ae30df4bdbc12984f6","2026-01-22 18:35:40.176","2026-03-03 12:19:14.391","697156ae30df4bdbc12984f6","Preacher Lawson","comedy","2026-03-21 18:30:00","2026-03-22 00:30:00","2026-03-22 02:00:00",false,false,false,"[PREMIUM]","[PREMIUM]","[PREMIUM]","[PREMIUM]","[PREMIUM]","[PREMIUM]",false,true,"67465c3f3652539b2c31c708","['5c81736610267b00155777fa']","[PREMIUM]","[PREMIUM]"
"697155ba3ac5c5b7fca01d70","2026-01-22 18:35:40.176","2026-03-03 12:19:14.391","697155ba3ac5c5b7fca01d70","Hannah Berner","comedy","2026-03-21 19:00:00","2026-03-21 23:00:00","2026-03-22 00:30:00",false,false,false,"[PREMIUM]","[PREMIUM]","[PREMIUM]","[PREMIUM]","[PREMIUM]","[PREMIUM]",false,false,"67d0caa2448143e2c4df8fb5","['638fce5ce3168c0001a43f6b']","[PREMIUM]","[PREMIUM]"
"69715548867b280b82b52434","2026-01-22 18:35:40.176","2026-03-03 12:19:14.391","69715548867b280b82b52434","Subtronics","music","2026-03-21 19:30:00","2026-03-21 23:30:00","2026-03-22 01:00:00",false,false,false,"[PREMIUM]","[PREMIUM]","[PREMIUM]","[PREMIUM]","[PREMIUM]","[PREMIUM]",false,false,"628fb80ccab294000122971a","['5da4d515e57e7a0037a9c9cf']","[PREMIUM]","[PREMIUM]"
"69715541e670d526d6857b37","2026-01-22 18:35:40.176","2026-03-03 12:19:14.391","69715541e670d526d6857b37","Disney On Ice: Frozen and Encanto","theater","2026-03-21 19:00:00","2026-03-21 23:00:00","2026-03-21 23:15:00",false,false,false,"[PREMIUM]","[PREMIUM]","[PREMIUM]","[PREMIUM]","[PREMIUM]","[PREMIUM]",false,false,"61e73ed64f4ab60001dd075f","['57dc19b1f80c417e9c06490e']","[PREMIUM]","[PREMIUM]"
"69715541de0409e5e4a10960","2026-01-22 18:35:40.176","2026-03-03 12:19:14.391","69715541de0409e5e4a10960","Disney On Ice: Frozen and Encanto","theater","2026-03-21 15:00:00","2026-03-21 19:00:00","2026-03-21 19:15:00",false,false,false,"[PREMIUM]","[PREMIUM]","[PREMIUM]","[PREMIUM]","[PREMIUM]","[PREMIUM]",false,false,"61e73ed64f4ab60001dd075f","['57dc19b1f80c417e9c06490e']","[PREMIUM]","[PREMIUM]"
"69715541b186e21ce39bef8a","2026-01-22 18:35:40.176","2026-03-03 12:19:06.311","69715541b186e21ce39bef8a","Disney On Ice: Frozen and Encanto","theater","2026-03-21 11:00:00","2026-03-21 15:00:00","2026-03-21 15:15:00",false,false,false,"[PREMIUM]","[PREMIUM]","[PREMIUM]","[PREMIUM]","[PREMIUM]","[PREMIUM]",false,false,"61e73ed64f4ab60001dd075f","['57dc19b1f80c417e9c06490e']","[PREMIUM]","[PREMIUM]"
"697154384d63a33c999d5346","2026-01-22 18:35:40.176","2026-03-03 12:19:06.311","697154384d63a33c999d5346","Steel Panther","music","2026-03-20 20:00:00","2026-03-21 01:00:00","2026-03-21 02:00:00",false,false,false,"[PREMIUM]","[PREMIUM]","[PREMIUM]","[PREMIUM]","[PREMIUM]","[PREMIUM]",false,true,"6688674ce5c548dd76822d28","['582be30ef80c41556b3043dc']","[PREMIUM]","[PREMIUM]"
"69715403867b280b82b523d0","2026-01-22 18:35:40.176","2026-03-03 12:19:14.391","69715403867b280b82b523d0","AJ Croce","music","2026-03-21 19:00:00","2026-03-22 00:00:00","2026-03-22 01:30:00",false,false,false,"[PREMIUM]","[PREMIUM]","[PREMIUM]","[PREMIUM]","[PREMIUM]","[PREMIUM]",false,false,"5a6fba6087425e000fa269cf","['642722b16806ef00013d23e5']","[PREMIUM]","[PREMIUM]"
"69715213e162f3c64d7ecb4e","2026-01-22 18:35:40.176","2026-03-03 12:19:06.311","69715213e162f3c64d7ecb4e","The Expendables","music","2026-03-20 20:00:00","2026-03-21 03:00:00","2026-03-21 04:00:00",false,false,false,"[PREMIUM]","[PREMIUM]","[PREMIUM]","[PREMIUM]","[PREMIUM]","[PREMIUM]",false,true,"61afb90e8c6aa10001fa7741","['5a0226fa25f2c51f026f6211']","[PREMIUM]","[PREMIUM]"
"69715059e162f3c64d7ecaca","2026-01-22 18:35:40.176","2026-03-03 12:19:06.311","69715059e162f3c64d7ecaca","Deorro (21+ Event)","music","2026-03-20 22:30:00","2026-03-21 05:30:00","2026-03-21 06:30:00",false,false,false,"[PREMIUM]","[PREMIUM]","[PREMIUM]","[PREMIUM]","[PREMIUM]","[PREMIUM]",false,true,"65ab17a7c542b45e7ed43b85","['59b1907825f2c510dbe972ee']","[PREMIUM]","[PREMIUM]"
"69714fc0434e2bfaf649ba7b","2026-01-22 18:35:40.176","2026-03-03 12:19:14.391","69714fc0434e2bfaf649ba7b","Tom Papa","comedy","2026-03-21 19:00:00","2026-03-21 23:00:00","2026-03-22 00:30:00",false,false,false,"[PREMIUM]","[PREMIUM]","[PREMIUM]","[PREMIUM]","[PREMIUM]","[PREMIUM]",false,true,"66be682bb6b756e0a224a73b","['5dbca3c21b5e80003a4aceac']","[PREMIUM]","[PREMIUM]"
"692dfab9eb2d5dd4ca4e1151","2026-01-22 18:35:40.176","2026-03-03 12:19:14.391","692dfab9eb2d5dd4ca4e1151","UConn Huskies at Arkansas Razorbacks Softball","csoft","2026-03-21 16:00:00","2026-03-21 21:00:00","2026-03-21 21:00:00",false,false,false,"[PREMIUM]","[PREMIUM]","[PREMIUM]","[PREMIUM]","[PREMIUM]","[PREMIUM]",false,false,"65fb603cb7c45c267ef1015b","['67af71db7a17130550b17fd7','67b8f3627189fd5f1f0c0368']","[PREMIUM]","[PREMIUM]"
"691bc0bddb539d3a89df5072","2026-01-22 18:35:40.176","2026-03-03 12:19:06.311","691bc0bddb539d3a89df5072","Timecop1983","music","2026-03-20 20:00:00","2026-03-21 03:00:00","2026-03-21 03:00:00",false,false,false,"[PREMIUM]","[PREMIUM]","[PREMIUM]","[PREMIUM]","[PREMIUM]","[PREMIUM]",false,true,"697171868e378ebc24ad33b5","['647938dbba9e2200011464cc']","[PREMIUM]","[PREMIUM]"
"690a67f0c8d0c3677083e8c8","2026-01-22 18:35:40.176","2026-03-03 12:19:14.391","690a67f0c8d0c3677083e8c8","LOVB Houston at LOVB Madison","vball","2026-03-21 18:00:00","2026-03-21 23:00:00","2026-03-21 23:00:00",false,false,false,"[PREMIUM]","[PREMIUM]","[PREMIUM]","[PREMIUM]","[PREMIUM]","[PREMIUM]",false,false,"5a00fd0de09b87000f635cd9","['66eb3931cc972ee2aeeaa0b1']","[PREMIUM]","[PREMIUM]"
"690a6097376c1d613241349f","2026-01-22 18:35:40.176","2026-03-03 12:19:14.391","690a6097376c1d613241349f","LOVB Salt Lake at LOVB Atlanta","vball","2026-03-21 14:00:00","2026-03-21 18:00:00","2026-03-21 18:00:00",false,false,false,"[PREMIUM]","[PREMIUM]","[PREMIUM]","[PREMIUM]","[PREMIUM]","[PREMIUM]",false,false,"60b7ee5897775b0001b38bfe","['66eb3931cc972ee2aeeaa0b1']","[PREMIUM]","[PREMIUM]"
"68ef27cd55db884ae1579d36","2026-01-22 18:35:40.176","2026-03-03 12:19:14.391","68ef27cd55db884ae1579d36","The Magic of Motown","music","2026-03-21 19:30:00","2026-03-22 01:30:00","2026-03-22 01:30:00",false,false,false,"[PREMIUM]","[PREMIUM]","[PREMIUM]","[PREMIUM]","[PREMIUM]","[PREMIUM]",false,false,"5ab93990029aa60015af22a4","['69712508476a948626617b70']","[PREMIUM]","[PREMIUM]"
"697156ae0249fcb747dccd94","2026-01-22 18:35:27.724","2026-03-03 12:19:06.311","697156ae0249fcb747dccd94","Preacher Lawson","comedy","2026-03-20 19:00:00","2026-03-21 01:00:00","2026-03-21 02:30:00",false,false,false,"[PREMIUM]","[PREMIUM]","[PREMIUM]","[PREMIUM]","[PREMIUM]","[PREMIUM]",false,true,"67465c3f3652539b2c31c708","['5c81736610267b00155777fa']","[PREMIUM]","[PREMIUM]"
"697155a497f71f961acf0075","2026-01-22 18:35:27.724","2026-03-03 12:18:57.993","697155a497f71f961acf0075","Ole 60","music","2026-03-19 20:15:00","2026-03-20 03:15:00","2026-03-20 03:15:00",false,false,false,"[PREMIUM]","[PREMIUM]","[PREMIUM]","[PREMIUM]","[PREMIUM]","[PREMIUM]",false,true,"58b0c604cde6626ebeabff22","['66341bbd888611dceb444167']","[PREMIUM]","[PREMIUM]"
"697155421fec7a6174fff0f7","2026-01-22 18:35:27.724","2026-03-03 12:19:06.311","697155421fec7a6174fff0f7","Matteo Lane","comedy","2026-03-20 19:30:00","2026-03-20 23:30:00","2026-03-21 01:00:00",false,false,false,"[PREMIUM]","[PREMIUM]","[PREMIUM]","[PREMIUM]","[PREMIUM]","[PREMIUM]",false,true,"65da006997b10a984e24d312","['632c76090ceda50001bec541']","[PREMIUM]","[PREMIUM]"
"69715519867b280b82b52421","2026-01-22 18:35:27.724","2026-03-03 12:19:06.311","69715519867b280b82b52421","Steven Curtis Chapman","music","2026-03-20 19:00:00","2026-03-20 23:00:00","2026-03-20 23:00:00",false,false,false,"[PREMIUM]","[PREMIUM]","[PREMIUM]","[PREMIUM]","[PREMIUM]","[PREMIUM]",false,true,"692f69e50817ab1c4f9d5f4f","['656a27805a67951c16ea4532']","[PREMIUM]","[PREMIUM]"
"697154393221066dfc20af66","2026-01-22 18:35:27.724","2026-03-03 12:19:06.311","697154393221066dfc20af66","Mexcio City Capitanes at Sioux Falls Skyforce","nbagl","2026-03-20 19:00:00","2026-03-21 00:00:00","2026-03-21 01:30:00",false,false,false,"[PREMIUM]","[PREMIUM]","[PREMIUM]","[PREMIUM]","[PREMIUM]","[PREMIUM]",false,false,"618ad6ce983aa50001533834","['5df005b4f05d4d00385db7d4','61a94145e9524b0001604171']","[PREMIUM]","[PREMIUM]"
"69714fc6382599bae0c3f002","2026-01-22 18:35:27.724","2026-03-03 12:19:06.311","69714fc6382599bae0c3f002","Sister Hazel","music","2026-03-20 19:00:00","2026-03-21 00:00:00","2026-03-21 00:00:00",false,false,false,"[PREMIUM]","[PREMIUM]","[PREMIUM]","[PREMIUM]","[PREMIUM]","[PREMIUM]",false,false,"64307a367d465b00016f1d89","['6627db9b11478621dff8d698']","[PREMIUM]","[PREMIUM]"
"69703bdc3221066dfc2058a7","2026-01-22 18:35:27.724","2026-03-03 12:18:57.993","69703bdc3221066dfc2058a7","Emo Nite","music","2026-03-20 00:00:00","2026-03-20 05:00:00","2026-03-20 05:00:00",false,true,false,"[PREMIUM]","[PREMIUM]","[PREMIUM]","[PREMIUM]","[PREMIUM]","[PREMIUM]",false,true,"6932053db3c12b9f6f17e721","['65ce998d07a5794f79181c42']","[PREMIUM]","[PREMIUM]"
"692dfab9815c4bdf2893a48f","2026-01-22 18:35:27.724","2026-03-03 12:19:06.311","692dfab9815c4bdf2893a48f","UConn Huskies at Arkansas Razorbacks Softball","csoft","2026-03-20 18:00:00","2026-03-20 23:00:00","2026-03-20 23:00:00",false,false,false,"[PREMIUM]","[PREMIUM]","[PREMIUM]","[PREMIUM]","[PREMIUM]","[PREMIUM]",false,false,"65fb603cb7c45c267ef1015b","['67af71db7a17130550b17fd7','67b8f3627189fd5f1f0c0368']","[PREMIUM]","[PREMIUM]"
"6925fc1c3804c70383d7234c","2026-01-22 18:35:27.724","2026-03-03 12:19:06.311","6925fc1c3804c70383d7234c","Spring Training - Detroit Tigers Prospects at Pittsburgh Pirates Prospects (Spring Breakout Prospect Game)","gl","2026-03-20 19:05:00","2026-03-20 23:05:00","2026-03-20 23:35:00",false,false,false,"[PREMIUM]","[PREMIUM]","[PREMIUM]","[PREMIUM]","[PREMIUM]","[PREMIUM]",false,false,"56903f95f80c41639c000003","['56903fdcf80c41639c00000f','53c03a423bf37612c4000006','67a14b53553fadc41f7db0de']","[PREMIUM]","[PREMIUM]"
"690a66da773615b29148161c","2026-01-22 18:35:27.724","2026-03-03 12:19:06.311","690a66da773615b29148161c","LOVB Nebraska at LOVB Austin","vball","2026-03-20 19:00:00","2026-03-21 00:00:00","2026-03-21 00:00:00",false,false,false,"[PREMIUM]","[PREMIUM]","[PREMIUM]","[PREMIUM]","[PREMIUM]","[PREMIUM]",false,false,"59b1da9194c1c6000138c9d6","['66eb3931cc972ee2aeeaa0b1']","[PREMIUM]","[PREMIUM]"
"692dfab988270d46ef566130","2026-01-22 18:35:16.541","2026-03-03 12:18:49.200","692dfab988270d46ef566130","Central Arkansas Bears at Arkansas Razorbacks Softball","csoft","2026-03-17 11:00:00","2026-03-17 16:00:00","2026-03-17 16:00:00",false,false,false,"[PREMIUM]","[PREMIUM]","[PREMIUM]","[PREMIUM]","[PREMIUM]","[PREMIUM]",false,false,"65fb603cb7c45c267ef1015b","['67af71db7a17130550b17fd7','67af73b78ff7484ba59a9a0a']","[PREMIUM]","[PREMIUM]"
"6971570139bcc426ebcbd627","2026-01-22 18:35:16.541","2026-03-03 12:18:57.993","6971570139bcc426ebcbd627","Steven Curtis Chapman","music","2026-03-18 19:00:00","2026-03-18 23:00:00","2026-03-18 23:00:00",false,false,false,"[PREMIUM]","[PREMIUM]","[PREMIUM]","[PREMIUM]","[PREMIUM]","[PREMIUM]",false,true,"64ac700fd36bfd000182dc03","['656a27805a67951c16ea4532']","[PREMIUM]","[PREMIUM]"
"6971551088ac16171b10147f","2026-01-22 18:35:16.541","2026-03-03 12:18:57.993","6971551088ac16171b10147f","Damon Darling","comedy","2026-03-18 19:00:00","2026-03-18 23:00:00","2026-03-18 23:00:00",false,false,false,"[PREMIUM]","[PREMIUM]","[PREMIUM]","[PREMIUM]","[PREMIUM]","[PREMIUM]",false,true,"658f454f9538aba58c16b7d2","['67647de3e1362f35e174cd22']","[PREMIUM]","[PREMIUM]"
"690a7f70e5df38ddc19030d9","2026-01-22 18:35:16.541","2026-03-03 12:18:57.993","690a7f70e5df38ddc19030d9","LOVB Atlanta at LOVB Nebraska","vball","2026-03-18 19:00:00","2026-03-19 00:00:00","2026-03-19 00:00:00",false,false,false,"[PREMIUM]","[PREMIUM]","[PREMIUM]","[PREMIUM]","[PREMIUM]","[PREMIUM]",false,false,"5e7155b818e316003acec3f0","['66eb3931cc972ee2aeeaa0b1']","[PREMIUM]","[PREMIUM]"
"69715697d1c7e820928511a0","2026-01-22 18:35:16.541","2026-03-03 12:18:49.200","69715697d1c7e820928511a0","Michael Shannon","music","2026-03-16 20:00:00","2026-03-17 00:00:00","2026-03-17 00:00:00",false,false,false,"[PREMIUM]","[PREMIUM]","[PREMIUM]","[PREMIUM]","[PREMIUM]","[PREMIUM]",false,true,"5e4eaaa4490b29003a8e51fe","['651585a536cd8057dee2fcc0']","[PREMIUM]","[PREMIUM]"
"6904b0e95a044d2c2baf2df9","2026-01-22 18:35:06.440","2026-03-03 12:18:41.306","6904b0e95a044d2c2baf2df9","Boise State Broncos at Stanford Cardinal Womens Gymnastics","gymnastics","2026-03-15 14:00:00","2026-03-15 21:00:00","2026-03-15 21:00:00",false,false,false,"[PREMIUM]","[PREMIUM]","[PREMIUM]","[PREMIUM]","[PREMIUM]","[PREMIUM]",false,false,"54d7ea4b64f962357d000001","['6759f20813120421c11cbecc','676b112a86941c8997d448f6']","[PREMIUM]","[PREMIUM]"
"690a67edc8d0c3677083e8c5","2026-01-22 18:35:06.440","2026-03-03 12:18:41.306","690a67edc8d0c3677083e8c5","LOVB Austin at LOVB Madison","vball","2026-03-15 14:00:00","2026-03-15 19:00:00","2026-03-15 19:00:00",false,false,false,"[PREMIUM]","[PREMIUM]","[PREMIUM]","[PREMIUM]","[PREMIUM]","[PREMIUM]",false,false,"5a00fd0de09b87000f635cd9","['66eb3931cc972ee2aeeaa0b1']","[PREMIUM]","[PREMIUM]"
"69718f85434e2bfaf649cb88","2026-01-22 18:35:06.440","2026-03-03 12:18:41.306","69718f85434e2bfaf649cb88","So Good! The Neil Diamond Experience","music","2026-03-14 20:00:00","2026-03-15 00:00:00","2026-03-15 00:00:00",false,false,false,"[PREMIUM]","[PREMIUM]","[PREMIUM]","[PREMIUM]","[PREMIUM]","[PREMIUM]",false,true,"67e31244d2596f87c374a461","['65f286c4241dd00f1d220867']","[PREMIUM]","[PREMIUM]"
"69718f77de0409e5e4a11888","2026-01-22 18:35:06.440","2026-03-03 12:18:41.306","69718f77de0409e5e4a11888","Chattanooga FC at Chicago Fire FC II","mils","2026-03-15 15:00:00","2026-03-15 20:00:00","2026-03-15 21:30:00",false,false,false,"[PREMIUM]","[PREMIUM]","[PREMIUM]","[PREMIUM]","[PREMIUM]","[PREMIUM]",false,false,"538794ad21efd360b1000005","['623b8f4311753a0001a1ab37','65fdae2791c70456413be2d9']","[PREMIUM]","[PREMIUM]"
"69718e0f5b47465d0c41df90","2026-01-22 18:35:06.440","2026-03-03 12:18:41.306","69718e0f5b47465d0c41df90","Toronto FC II at Columbus Crew 2","mils","2026-03-15 15:00:00","2026-03-15 19:00:00","2026-03-15 20:30:00",false,false,false,"[PREMIUM]","[PREMIUM]","[PREMIUM]","[PREMIUM]","[PREMIUM]","[PREMIUM]",false,false,"60da3f2e9eeeb0000118f396","['623b8fdcf807a90001c3adc1','623b916815687500014fafec']","[PREMIUM]","[PREMIUM]"
"69718dab382599bae0c4008f","2026-01-22 18:35:06.440","2026-03-03 12:18:41.306","69718dab382599bae0c4008f","Smells Like Nirvana Tribute","music","2026-03-14 20:00:00","2026-03-15 03:00:00","2026-03-15 03:00:00",false,false,false,"[PREMIUM]","[PREMIUM]","[PREMIUM]","[PREMIUM]","[PREMIUM]","[PREMIUM]",false,false,"57e16d3850575d33c89b5081","['64e7c6c49ac8460001c75651']","[PREMIUM]","[PREMIUM]"
"69718d4b8e378ebc24ad3ada","2026-01-22 18:35:06.440","2026-03-03 12:18:41.306","69718d4b8e378ebc24ad3ada","FC Cincinnati 2 at New England Revolution II","mils","2026-03-15 13:00:00","2026-03-15 17:00:00","2026-03-15 18:30:00",false,false,false,"[PREMIUM]","[PREMIUM]","[PREMIUM]","[PREMIUM]","[PREMIUM]","[PREMIUM]",false,false,"68af8d14504ca5fba8a2c719","['623b90b74777d300018cdcfd','623b8f8c18230c00018ed104']","[PREMIUM]","[PREMIUM]"
"69718ba3a590240b02941a3b","2026-01-22 18:35:06.440","2026-03-03 12:18:49.200","69718ba3a590240b02941a3b","North Texas SC at Austin FC II","mils","2026-03-15 19:30:00","2026-03-16 00:30:00","2026-03-16 02:00:00",false,false,false,"[PREMIUM]","[PREMIUM]","[PREMIUM]","[PREMIUM]","[PREMIUM]","[PREMIUM]",false,false,"6696e54327b67ee32b4f5529","['6415013fc24c3b000113a588','6232518834c4420001aeb0fa']","[PREMIUM]","[PREMIUM]"
"69718b9a867b280b82b532c3","2026-01-22 18:35:06.440","2026-03-03 12:18:41.306","69718b9a867b280b82b532c3","Minnesota United FC 2 at Vancouver Whitecaps FC 2","mils","2026-03-15 16:00:00","2026-03-15 23:00:00","2026-03-16 00:30:00",false,false,false,"[PREMIUM]","[PREMIUM]","[PREMIUM]","[PREMIUM]","[PREMIUM]","[PREMIUM]",false,true,"6972663aa6c8e4f80dc1387d","['6238d88df54f360001e4b0b0','623258e77bbae0000119100e']","[PREMIUM]","[PREMIUM]"
"69718af78ab220d3aa81a593","2026-01-22 18:35:06.440","2026-03-03 12:18:49.200","69718af78ab220d3aa81a593","Inter Miami CF II at Crown Legacy FC","mils","2026-03-15 19:00:00","2026-03-15 23:00:00","2026-03-16 00:30:00",false,false,false,"[PREMIUM]","[PREMIUM]","[PREMIUM]","[PREMIUM]","[PREMIUM]","[PREMIUM]",false,false,"5d07f7ebdaa171001876e16f","['642cb91647673b0001cc4526','623b905c39cfc0000147f109']","[PREMIUM]","[PREMIUM]"
"6971897a8efbc46e363f84a0","2026-01-22 18:35:06.440","2026-03-03 12:18:49.200","6971897a8efbc46e363f84a0","Portland Timbers 2 at Houston Dynamo 2","mils","2026-03-15 18:00:00","2026-03-15 23:00:00","2026-03-16 00:30:00",false,false,false,"[PREMIUM]","[PREMIUM]","[PREMIUM]","[PREMIUM]","[PREMIUM]","[PREMIUM]",false,true,"67bf9a22668d4b16a4411968","['6232588486cc8c0001568341','5a94592425f2c54fdef92ecc']","[PREMIUM]","[PREMIUM]"
"69715744e162f3c64d7ecc87","2026-01-22 18:35:06.440","2026-03-03 12:18:41.306","69715744e162f3c64d7ecc87","Little Shop of Horrors","theater","2026-03-15 13:00:00","2026-03-15 18:00:00","2026-03-15 18:00:00",false,false,false,"[PREMIUM]","[PREMIUM]","[PREMIUM]","[PREMIUM]","[PREMIUM]","[PREMIUM]",true,false,"67c0f56e8e71e88677355e3c","['659737b6b2295ec66ef02bbd']","[PREMIUM]","[PREMIUM]"
"697156d8fdbab677d11d5fc2","2026-01-22 18:35:06.440","2026-03-03 12:18:49.200","697156d8fdbab677d11d5fc2","Diana Ross","music","2026-03-15 19:30:00","2026-03-16 00:30:00","2026-03-16 02:00:00",false,false,false,"[PREMIUM]","[PREMIUM]","[PREMIUM]","[PREMIUM]","[PREMIUM]","[PREMIUM]",false,false,"61afb7b2b044210001765879","['5afdb2f693840800149a504d']","[PREMIUM]","[PREMIUM]"
"6971569623fcdcd664d0a6cf","2026-01-22 18:35:06.440","2026-03-03 12:18:49.200","6971569623fcdcd664d0a6cf","Heart - Rock Band","music","2026-03-15 19:30:00","2026-03-15 23:30:00","2026-03-16 00:30:00",false,false,false,"[PREMIUM]","[PREMIUM]","[PREMIUM]","[PREMIUM]","[PREMIUM]","[PREMIUM]",false,false,"66f5f16890bb4fc51cf99db4","['57c9cca3f80c4132a0454aab']","[PREMIUM]","[PREMIUM]"
"69715630867b280b82b52474","2026-01-22 18:35:06.440","2026-03-03 12:18:41.306","69715630867b280b82b52474","Michael Shannon (18+ Event)","music","2026-03-14 20:00:00","2026-03-15 01:00:00","2026-03-15 01:00:00",false,false,false,"[PREMIUM]","[PREMIUM]","[PREMIUM]","[PREMIUM]","[PREMIUM]","[PREMIUM]",false,false,"578900b9f80c41735b8e16e0","['651585a536cd8057dee2fcc0']","[PREMIUM]","[PREMIUM]"
"6971561c3ac5c5b7fca01d8a","2026-01-22 18:35:06.440","2026-03-03 12:18:41.306","6971561c3ac5c5b7fca01d8a","Beth Hart","music","2026-03-14 20:00:00","2026-03-15 01:00:00","2026-03-15 02:00:00",false,false,false,"[PREMIUM]","[PREMIUM]","[PREMIUM]","[PREMIUM]","[PREMIUM]","[PREMIUM]",false,true,"65fe0769420f70b4b4541406","['59ef9a0f25f2c50557ec4c67']","[PREMIUM]","[PREMIUM]"
"697153f2e670d526d6857ada","2026-01-22 18:35:06.440","2026-03-03 12:18:49.200","697153f2e670d526d6857ada","St. Lucia","music","2026-03-15 19:00:00","2026-03-15 23:00:00","2026-03-16 00:00:00",false,false,false,"[PREMIUM]","[PREMIUM]","[PREMIUM]","[PREMIUM]","[PREMIUM]","[PREMIUM]",false,false,"57a264b1f80c41466ca5c93d","['57a264b7f80c41466ca5c93f']","[PREMIUM]","[PREMIUM]"
"69715059b186e21ce39bee66","2026-01-22 18:35:06.440","2026-03-03 12:18:41.306","69715059b186e21ce39bee66","WAC Basketball Tournament - Mens Championship","cbb","2026-03-14 21:00:00","2026-03-15 04:00:00","2026-03-15 05:30:00",false,false,false,"[PREMIUM]","[PREMIUM]","[PREMIUM]","[PREMIUM]","[PREMIUM]","[PREMIUM]",false,false,"589b8bc7cde6626ebe770365","['5a96ffdc25f2c54d91d6d330']","[PREMIUM]","[PREMIUM]"
"69714fc8f87aabcb4038489c","2026-01-22 18:35:06.440","2026-03-03 12:18:49.200","69714fc8f87aabcb4038489c","Brad Williams","comedy","2026-03-15 19:30:00","2026-03-16 00:30:00","2026-03-16 02:00:00",false,false,false,"[PREMIUM]","[PREMIUM]","[PREMIUM]","[PREMIUM]","[PREMIUM]","[PREMIUM]",false,true,"67240d76313e26e146669c29","['61e084172cd9560001043137']","[PREMIUM]","[PREMIUM]"
"690e5697fb91fbee5665b47b","2026-01-22 18:34:51.450","2026-03-03 12:18:32.508","690e5697fb91fbee5665b47b","LOVB Atlanta at LOVB Houston","vball","2026-03-14 17:00:00","2026-03-14 22:00:00","2026-03-14 22:00:00",false,false,false,"[PREMIUM]","[PREMIUM]","[PREMIUM]","[PREMIUM]","[PREMIUM]","[PREMIUM]",false,true,"67e312393d30140f80c0e428","['66eb3931cc972ee2aeeaa0b1']","[PREMIUM]","[PREMIUM]"
"690abd3b0fc1da7738c5b082","2026-01-22 18:34:51.450","2026-03-03 12:18:32.508","690abd3b0fc1da7738c5b082","LOVB Nebraska at LOVB Salt Lake","vball","2026-03-14 19:00:00","2026-03-15 01:00:00","2026-03-15 01:00:00",false,false,false,"[PREMIUM]","[PREMIUM]","[PREMIUM]","[PREMIUM]","[PREMIUM]","[PREMIUM]",false,false,"678af071f065f4b4c91c8633","['66eb3931cc972ee2aeeaa0b1']","[PREMIUM]","[PREMIUM]"
"68c1d3bca66bfe691974c356","2026-01-22 18:34:51.450","2026-03-03 12:18:32.508","68c1d3bca66bfe691974c356","LYKN","music","2026-03-14 16:00:00","2026-03-14 23:00:00","2026-03-14 23:00:00",false,false,false,"[PREMIUM]","[PREMIUM]","[PREMIUM]","[PREMIUM]","[PREMIUM]","[PREMIUM]",false,false,"67be57ca1fd046f4d096f0cb","['69712bc0434e2bfaf649ad18']","[PREMIUM]","[PREMIUM]"
"69721a9438b93b9093541d85","2026-01-22 18:34:51.450","2026-03-03 12:18:41.306","69721a9438b93b9093541d85","Jessica Kirson","comedy","2026-03-14 19:00:00","2026-03-14 23:00:00","2026-03-15 00:30:00",false,false,false,"[PREMIUM]","[PREMIUM]","[PREMIUM]","[PREMIUM]","[PREMIUM]","[PREMIUM]",false,true,"630e80aae6350100019ed0d5","['6306725ff2d5de0001317d86']","[PREMIUM]","[PREMIUM]"
"69719093f87aabcb40385961","2026-01-22 18:34:51.450","2026-03-03 12:18:32.508","69719093f87aabcb40385961","Kevin Devine","music","2026-03-14 18:00:00","2026-03-14 22:00:00","2026-03-14 23:30:00",false,false,false,"[PREMIUM]","[PREMIUM]","[PREMIUM]","[PREMIUM]","[PREMIUM]","[PREMIUM]",false,true,"5a43f06f6299af0013ef9ba5","['620be135a978860001267787']","[PREMIUM]","[PREMIUM]"
"69718daa37a1ca903cdc96ae","2026-01-22 18:34:51.450","2026-03-03 12:18:41.306","69718daa37a1ca903cdc96ae","San Jose Earthquakes II at Tacoma Defiance","mils","2026-03-14 19:00:00","2026-03-15 02:00:00","2026-03-15 03:30:00",false,false,false,"[PREMIUM]","[PREMIUM]","[PREMIUM]","[PREMIUM]","[PREMIUM]","[PREMIUM]",false,false,"5ac668d0629e220013b564f9","['5ced973751253f00166f9e04','6238d7bf2ad6760001a19068']","[PREMIUM]","[PREMIUM]"
"69718d9296e0b622d94c5a6d","2026-01-22 18:34:51.450","2026-03-03 12:18:32.508","69718d9296e0b622d94c5a6d","Smells Like Nirvana","music","2026-03-13 20:00:00","2026-03-14 02:00:00","2026-03-14 02:00:00",false,false,false,"[PREMIUM]","[PREMIUM]","[PREMIUM]","[PREMIUM]","[PREMIUM]","[PREMIUM]",false,false,"5a677a23d2295a0012abc57e","['64e7c6c49ac8460001c75651']","[PREMIUM]","[PREMIUM]"
"69718d284d63a33c999d62b8","2026-01-22 18:34:51.450","2026-03-03 12:18:41.306","69718d284d63a33c999d62b8","The Liverpool Legends - Beatles Tribute","music","2026-03-14 19:30:00","2026-03-15 02:30:00","2026-03-15 02:30:00",false,false,false,"[PREMIUM]","[PREMIUM]","[PREMIUM]","[PREMIUM]","[PREMIUM]","[PREMIUM]",false,false,"594c3cbb9da0d48c0d6db820","['66d0df472e9b2f862c9852c3']","[PREMIUM]","[PREMIUM]"
"69718af9115c2f3572ea20e6","2026-01-22 18:34:51.450","2026-03-03 12:18:32.508","69718af9115c2f3572ea20e6","Orlando City B at Carolina Core FC","soccer","2026-03-14 15:00:00","2026-03-14 19:00:00","2026-03-14 19:00:00",false,false,false,"[PREMIUM]","[PREMIUM]","[PREMIUM]","[PREMIUM]","[PREMIUM]","[PREMIUM]",false,false,"677c3984483bf544d505e400","['65fc688fce8b53244e08ef39','592f1e4f25f2c51a7397b401']","[PREMIUM]","[PREMIUM]"
"6971573e0249fcb747dccdbd","2026-01-22 18:34:51.450","2026-03-03 12:18:32.508","6971573e0249fcb747dccdbd","Toto","music","2026-03-13 21:00:00","2026-03-14 01:00:00","2026-03-14 02:30:00",false,false,false,"[PREMIUM]","[PREMIUM]","[PREMIUM]","[PREMIUM]","[PREMIUM]","[PREMIUM]",false,false,"67a685a818d484f42faa32f9","['5a99826fd5b2150013f640fc']","[PREMIUM]","[PREMIUM]"
"697156eb762fd6c8bd37cb35","2026-01-22 18:34:51.450","2026-03-03 12:18:32.508","697156eb762fd6c8bd37cb35","The Oak Ridge Boys","music","2026-03-13 20:00:00","2026-03-14 00:00:00","2026-03-14 00:00:00",false,false,false,"[PREMIUM]","[PREMIUM]","[PREMIUM]","[PREMIUM]","[PREMIUM]","[PREMIUM]",false,false,"679be6698c4e3835fc7bc6fb","['665f5e05ac8144748f71961b']","[PREMIUM]","[PREMIUM]"
"6971563bbe133370aa2144bb","2026-01-22 18:34:51.450","2026-03-03 12:18:41.306","6971563bbe133370aa2144bb","Brad Williams","comedy","2026-03-14 19:00:00","2026-03-15 00:00:00","2026-03-15 01:30:00",false,false,false,"[PREMIUM]","[PREMIUM]","[PREMIUM]","[PREMIUM]","[PREMIUM]","[PREMIUM]",false,false,"5ae7a3fb2ce0a20012c21afe","['61e084172cd9560001043137']","[PREMIUM]","[PREMIUM]"
"6971562f2df3bd04d4a64efb","2026-01-22 18:34:51.450","2026-03-03 12:18:32.508","6971562f2df3bd04d4a64efb","Heart - Rock Band","music","2026-03-13 20:00:00","2026-03-14 01:00:00","2026-03-14 02:00:00",false,false,false,"[PREMIUM]","[PREMIUM]","[PREMIUM]","[PREMIUM]","[PREMIUM]","[PREMIUM]",false,true,"664fbb77e4a123d933841dcd","['57c9cca3f80c4132a0454aab']","[PREMIUM]","[PREMIUM]"
"6971561fe162f3c64d7ecc44","2026-01-22 18:34:51.450","2026-03-03 12:18:32.508","6971561fe162f3c64d7ecc44","Big Boogie","music","2026-03-13 20:00:00","2026-03-14 01:00:00","2026-03-14 01:00:00",false,false,false,"[PREMIUM]","[PREMIUM]","[PREMIUM]","[PREMIUM]","[PREMIUM]","[PREMIUM]",false,false,"62a2707ba10296000139f13d","['6933312cb4813fb78e23cb5c']","[PREMIUM]","[PREMIUM]"
"6971558d88ac16171b101499","2026-01-22 18:34:51.450","2026-03-03 12:18:41.306","6971558d88ac16171b101499","Here Come the Mummies","music","2026-03-14 19:30:00","2026-03-15 00:30:00","2026-03-15 02:00:00",false,false,false,"[PREMIUM]","[PREMIUM]","[PREMIUM]","[PREMIUM]","[PREMIUM]","[PREMIUM]",false,true,"68017260221948b332f37ac5","['5d77e025b479030039b65746']","[PREMIUM]","[PREMIUM]"
"69715559115c2f3572ea12ae","2026-01-22 18:34:51.450","2026-03-03 12:18:32.508","69715559115c2f3572ea12ae","Red Not Chili Peppers - A Tribute to Red Hot Chili Peppers","music","2026-03-13 20:00:00","2026-03-14 01:00:00","2026-03-14 01:00:00",false,false,false,"[PREMIUM]","[PREMIUM]","[PREMIUM]","[PREMIUM]","[PREMIUM]","[PREMIUM]",false,true,"597a7baa9da0d48c0d75df9e","['674f4383f84149a7400e1644']","[PREMIUM]","[PREMIUM]"
"6971554c71e21fe8ed58c3c9","2026-01-22 18:34:51.450","2026-03-03 12:18:41.306","6971554c71e21fe8ed58c3c9","Dervish","music","2026-03-14 19:30:00","2026-03-14 23:30:00","2026-03-14 23:30:00",false,false,false,"[PREMIUM]","[PREMIUM]","[PREMIUM]","[PREMIUM]","[PREMIUM]","[PREMIUM]",false,true,"67e31242a2a6670c49dac194","['670044b7b3c6d8c9ccdefcb4']","[PREMIUM]","[PREMIUM]"
"6971505c23fcdcd664d0a56a","2026-01-22 18:34:51.450","2026-03-03 12:18:41.306","6971505c23fcdcd664d0a56a","Orlando Jones","comedy","2026-03-14 19:30:00","2026-03-15 02:30:00","2026-03-15 02:30:00",false,false,false,"[PREMIUM]","[PREMIUM]","[PREMIUM]","[PREMIUM]","[PREMIUM]","[PREMIUM]",false,true,"63e6a8b18d0aad0001987d37","['663e4c44d95f3ecdb2f991d8']","[PREMIUM]","[PREMIUM]"
"6971505b37a1ca903cdc8724","2026-01-22 18:34:51.450","2026-03-03 12:18:32.508","6971505b37a1ca903cdc8724","Show Your Skillz","comedy","2026-03-13 23:30:00","2026-03-14 06:30:00","2026-03-14 06:30:00",false,false,false,"[PREMIUM]","[PREMIUM]","[PREMIUM]","[PREMIUM]","[PREMIUM]","[PREMIUM]",false,true,"63e6a8b18d0aad0001987d37","['65bbd1fb246e3ec07184fb48']","[PREMIUM]","[PREMIUM]"
"69715059680318e16b76fe98","2026-01-22 18:34:51.450","2026-03-03 12:18:32.508","69715059680318e16b76fe98","WAC Basketball Tournament - Womens Championship","cbb","2026-03-14 12:30:00","2026-03-14 19:30:00","2026-03-14 21:00:00",false,false,false,"[PREMIUM]","[PREMIUM]","[PREMIUM]","[PREMIUM]","[PREMIUM]","[PREMIUM]",false,false,"589b8bc7cde6626ebe770365","['5a96ffdc25f2c54d91d6d330']","[PREMIUM]","[PREMIUM]"
"6970c641fdbab677d11d2457","2026-01-22 18:34:51.450","2026-03-03 12:18:32.508","6970c641fdbab677d11d2457","Nate Jackson","comedy","2026-03-13 21:45:00","2026-03-14 01:45:00","2026-03-14 01:45:00",false,false,false,"[PREMIUM]","[PREMIUM]","[PREMIUM]","[PREMIUM]","[PREMIUM]","[PREMIUM]",false,false,"63c87971044d22000160e516","['6568e84d6937546cf0b10dbd']","[PREMIUM]","[PREMIUM]"
"68eeba34681fbf7f706ac534","2026-01-22 18:34:39.706","2026-03-03 12:18:23.282","68eeba34681fbf7f706ac534","Florida Gators at Kentucky Wildcats Womens Gymnastics","gymnastics","2026-03-13 19:00:00","2026-03-13 23:00:00","2026-03-13 23:00:00",false,false,false,"[PREMIUM]","[PREMIUM]","[PREMIUM]","[PREMIUM]","[PREMIUM]","[PREMIUM]",false,false,"67b79eeb72020074fe640927","['65a9ace6c95bfc2acaea8a90','673f7ea6d1f2d8cc4df3bf79']","[PREMIUM]","[PREMIUM]"
"6971aa8b38b93b9093540a32","2026-01-22 18:34:39.706","2026-03-03 12:18:23.282","6971aa8b38b93b9093540a32","Neko Case","music","2026-03-12 19:30:00","2026-03-13 01:30:00","2026-03-13 03:00:00",false,false,false,"[PREMIUM]","[PREMIUM]","[PREMIUM]","[PREMIUM]","[PREMIUM]","[PREMIUM]",false,true,"66aab1ac9db44625660a6eaf","['5ada143cdd22320014c364ab']","[PREMIUM]","[PREMIUM]"
"69718997867b280b82b53271","2026-01-22 18:34:39.706","2026-03-03 12:18:23.282","69718997867b280b82b53271","Home Free","music","2026-03-12 20:00:00","2026-03-13 01:00:00","2026-03-13 02:00:00",false,false,false,"[PREMIUM]","[PREMIUM]","[PREMIUM]","[PREMIUM]","[PREMIUM]","[PREMIUM]",false,true,"65d542547b5be59fbaa71bf2","['5a13715925f2c55e95e137aa']","[PREMIUM]","[PREMIUM]"
"69718991382599bae0c3ffe8","2026-01-22 18:34:39.706","2026-03-03 12:18:23.282","69718991382599bae0c3ffe8","Cage Fury Fighting Championships 151 (21+ Event)","ufc","2026-03-13 19:00:00","2026-03-13 23:00:00","2026-03-13 23:00:00",false,false,false,"[PREMIUM]","[PREMIUM]","[PREMIUM]","[PREMIUM]","[PREMIUM]","[PREMIUM]",false,false,"63e6a960d249a1000118731c","['648b690f9763960001fec64a']","[PREMIUM]","[PREMIUM]"
"6971570b5b6ff771d8e2c7cb","2026-01-22 18:34:39.706","2026-03-03 12:18:23.282","6971570b5b6ff771d8e2c7cb","Brad Williams","comedy","2026-03-13 19:00:00","2026-03-14 00:00:00","2026-03-14 01:30:00",false,false,false,"[PREMIUM]","[PREMIUM]","[PREMIUM]","[PREMIUM]","[PREMIUM]","[PREMIUM]",false,true,"67ae8c713f9a1195bb71eb9f","['61e084172cd9560001043137']","[PREMIUM]","[PREMIUM]"
"697156aede0409e5e4a109b6","2026-01-22 18:34:39.706","2026-03-03 12:18:23.282","697156aede0409e5e4a109b6","Felipe Esparza","comedy","2026-03-13 19:00:00","2026-03-14 01:00:00","2026-03-14 02:30:00",false,false,false,"[PREMIUM]","[PREMIUM]","[PREMIUM]","[PREMIUM]","[PREMIUM]","[PREMIUM]",false,true,"67e3123c756981b00d96cedc","['5afcb78a2479b000153d0b51']","[PREMIUM]","[PREMIUM]"
"69715675e670d526d6857b85","2026-01-22 18:34:39.706","2026-03-03 12:18:23.282","69715675e670d526d6857b85","Black Pistol Fire (18+ Event)","music","2026-03-13 19:00:00","2026-03-14 01:00:00","2026-03-14 02:30:00",false,false,false,"[PREMIUM]","[PREMIUM]","[PREMIUM]","[PREMIUM]","[PREMIUM]","[PREMIUM]",false,true,"5a29c0a216b922000d942f2a","['5ca67ee31842260019e6da99']","[PREMIUM]","[PREMIUM]"
"697155f23ac5c5b7fca01d7e","2026-01-22 18:34:39.706","2026-03-03 12:18:23.282","697155f23ac5c5b7fca01d7e","Gary Allan","music","2026-03-12 20:00:00","2026-03-13 00:00:00","2026-03-13 01:30:00",false,false,false,"[PREMIUM]","[PREMIUM]","[PREMIUM]","[PREMIUM]","[PREMIUM]","[PREMIUM]",false,true,"66a18863573fc39854bf9003","['5d77dbbb9fd6480038c08c44']","[PREMIUM]","[PREMIUM]"
"697155baa99ed170967cd0c4","2026-01-22 18:34:39.706","2026-03-03 12:18:23.282","697155baa99ed170967cd0c4","Gary Gulman","comedy","2026-03-13 19:30:00","2026-03-13 23:30:00","2026-03-14 01:00:00",false,false,false,"[PREMIUM]","[PREMIUM]","[PREMIUM]","[PREMIUM]","[PREMIUM]","[PREMIUM]",false,false,"5ac3a83912b2b00014732ed2","['5d9619e9ae7db300383731bc']","[PREMIUM]","[PREMIUM]"
"6971554366c7fd4b1530917b","2026-01-22 18:34:39.706","2026-03-03 12:18:23.282","6971554366c7fd4b1530917b","Charlie Berens","comedy","2026-03-13 19:00:00","2026-03-13 23:00:00","2026-03-13 23:00:00",false,false,false,"[PREMIUM]","[PREMIUM]","[PREMIUM]","[PREMIUM]","[PREMIUM]","[PREMIUM]",false,false,"5823ad0fcde6626ebe525d00","['648b23429d7e5200019147a8']","[PREMIUM]","[PREMIUM]"
"69715510e162f3c64d7ecc00","2026-01-22 18:34:39.706","2026-03-03 12:18:23.282","69715510e162f3c64d7ecc00","Jackie Fabulous","comedy","2026-03-12 19:30:00","2026-03-12 23:30:00","2026-03-12 23:30:00",false,false,false,"[PREMIUM]","[PREMIUM]","[PREMIUM]","[PREMIUM]","[PREMIUM]","[PREMIUM]",false,true,"63c88316c049490001883a08","['66d78a73d0da08fb925689dd']","[PREMIUM]","[PREMIUM]"
"6971550d27d2b812a3c9d9c6","2026-01-22 18:34:39.706","2026-03-03 12:18:23.282","6971550d27d2b812a3c9d9c6","Jonathan Richman (18+ Event)","music","2026-03-12 20:00:00","2026-03-13 00:00:00","2026-03-13 00:00:00",false,false,false,"[PREMIUM]","[PREMIUM]","[PREMIUM]","[PREMIUM]","[PREMIUM]","[PREMIUM]",false,true,"662183c2987712ddc33f4fa2","['65330bd9b44a99fac7f6dbc4']","[PREMIUM]","[PREMIUM]"
"697154395b6ff771d8e2c70e","2026-01-22 18:34:39.706","2026-03-03 12:18:23.282","697154395b6ff771d8e2c70e","Stockton Kings at Sioux Falls Skyforce","nbagl","2026-03-13 19:00:00","2026-03-14 00:00:00","2026-03-14 01:30:00",false,false,false,"[PREMIUM]","[PREMIUM]","[PREMIUM]","[PREMIUM]","[PREMIUM]","[PREMIUM]",false,false,"618ad6ce983aa50001533834","['5df005b4f05d4d00385db7d4','5df009fd1052bb0037e361c8']","[PREMIUM]","[PREMIUM]"
"69715415e162f3c64d7ecbb4","2026-01-22 18:34:39.706","2026-03-03 12:18:23.282","69715415e162f3c64d7ecbb4","Disney On Ice: Jump In","theater","2026-03-13 11:00:00","2026-03-13 15:00:00","2026-03-13 15:15:00",false,false,false,"[PREMIUM]","[PREMIUM]","[PREMIUM]","[PREMIUM]","[PREMIUM]","[PREMIUM]",false,false,"5a70dbc04804dd000f5e4639","['57dc19b1f80c417e9c06490e']","[PREMIUM]","[PREMIUM]"
"69715059e670d526d68579ff","2026-01-22 18:34:39.706","2026-03-03 12:18:23.282","69715059e670d526d68579ff","WAC Basketball Tournament - Mens Semifinals","cbb","2026-03-13 18:00:00","2026-03-14 01:00:00","2026-03-14 02:30:00",false,false,false,"[PREMIUM]","[PREMIUM]","[PREMIUM]","[PREMIUM]","[PREMIUM]","[PREMIUM]",false,false,"589b8bc7cde6626ebe770365","['5a96ffdc25f2c54d91d6d330']","[PREMIUM]","[PREMIUM]"
"69715059de0409e5e4a1084e","2026-01-22 18:34:39.706","2026-03-03 12:18:23.282","69715059de0409e5e4a1084e","WAC Basketball Tournament - Womens Semifinals","cbb","2026-03-13 12:00:00","2026-03-13 19:00:00","2026-03-13 20:30:00",false,false,false,"[PREMIUM]","[PREMIUM]","[PREMIUM]","[PREMIUM]","[PREMIUM]","[PREMIUM]",false,false,"589b8bc7cde6626ebe770365","['5a96ffdc25f2c54d91d6d330']","[PREMIUM]","[PREMIUM]"
"6970585d5b47465d0c417f2a","2026-01-22 18:34:39.706","2026-03-03 12:18:23.282","6970585d5b47465d0c417f2a","Little Shop of Horrors","theater","2026-03-13 19:30:00","2026-03-14 00:30:00","2026-03-14 00:30:00",false,false,false,"[PREMIUM]","[PREMIUM]","[PREMIUM]","[PREMIUM]","[PREMIUM]","[PREMIUM]",false,true,"67c0f56e8e71e88677355e3c","['659737b6b2295ec66ef02bbd']","[PREMIUM]","[PREMIUM]"
"6970585d51037f9784a3f186","2026-01-22 18:34:39.706","2026-03-03 12:18:23.282","6970585d51037f9784a3f186","Little Shop of Horrors","theater","2026-03-12 19:00:00","2026-03-13 00:00:00","2026-03-13 00:00:00",false,false,false,"[PREMIUM]","[PREMIUM]","[PREMIUM]","[PREMIUM]","[PREMIUM]","[PREMIUM]",false,true,"67c0f56e8e71e88677355e3c","['659737b6b2295ec66ef02bbd']","[PREMIUM]","[PREMIUM]"
"690de71173b511001ded6ef6","2026-01-22 18:34:23.752","2026-03-03 12:18:15.429","690de71173b511001ded6ef6","LOVB Austin at LOVB Houston","vball","2026-03-11 19:00:00","2026-03-12 00:00:00","2026-03-12 00:00:00",false,false,false,"[PREMIUM]","[PREMIUM]","[PREMIUM]","[PREMIUM]","[PREMIUM]","[PREMIUM]",false,true,"67e312393d30140f80c0e428","['66eb3931cc972ee2aeeaa0b1']","[PREMIUM]","[PREMIUM]"
"690a67ef9c1370439bc9b39b","2026-01-22 18:34:23.752","2026-03-03 12:18:23.282","690a67ef9c1370439bc9b39b","LOVB Nebraska at LOVB Madison","vball","2026-03-12 19:00:00","2026-03-13 00:00:00","2026-03-13 00:00:00",false,false,false,"[PREMIUM]","[PREMIUM]","[PREMIUM]","[PREMIUM]","[PREMIUM]","[PREMIUM]",false,false,"5a00fd0de09b87000f635cd9","['66eb3931cc972ee2aeeaa0b1']","[PREMIUM]","[PREMIUM]"
"69718cc68ab220d3aa81a5c7","2026-01-22 18:34:23.752","2026-03-03 12:18:15.429","69718cc68ab220d3aa81a5c7","CAA Womens Basketball Tournament - Session 1","wcbb","2026-03-11 14:00:00","2026-03-11 18:00:00","2026-03-11 18:00:00",false,false,false,"[PREMIUM]","[PREMIUM]","[PREMIUM]","[PREMIUM]","[PREMIUM]","[PREMIUM]",false,false,"5bb246df2e7ee30012cb522a","['65c3a8bfacd4b6dc2e58d146']","[PREMIUM]","[PREMIUM]"
"697157438e832ecf94bd2b13","2026-01-22 18:34:23.752","2026-03-03 12:18:15.429","697157438e832ecf94bd2b13","Shawn Colvin","music","2026-03-10 20:00:00","2026-03-11 01:00:00","2026-03-11 02:30:00",false,false,false,"[PREMIUM]","[PREMIUM]","[PREMIUM]","[PREMIUM]","[PREMIUM]","[PREMIUM]",false,true,"66aab23fb082f2f98b480579","['6318fe8bb8ef970001c41a76']","[PREMIUM]","[PREMIUM]"
"6971565f71e21fe8ed58c407","2026-01-22 18:34:23.752","2026-03-03 12:18:15.429","6971565f71e21fe8ed58c407","Ricardo Arjona","music","2026-03-11 20:00:00","2026-03-12 03:00:00","2026-03-12 04:00:00",false,false,false,"[PREMIUM]","[PREMIUM]","[PREMIUM]","[PREMIUM]","[PREMIUM]","[PREMIUM]",true,false,"63c85de696794b0001a25fa1","['591508b5f80c4153547e37e4']","[PREMIUM]","[PREMIUM]"
"697155c63ac5c5b7fca01d75","2026-01-22 18:34:23.752","2026-03-03 12:18:15.429","697155c63ac5c5b7fca01d75","Toto","music","2026-03-11 20:00:00","2026-03-12 01:00:00","2026-03-12 02:30:00",false,false,false,"[PREMIUM]","[PREMIUM]","[PREMIUM]","[PREMIUM]","[PREMIUM]","[PREMIUM]",true,false,"5abe819cb6520e0013b736fb","['5a99826fd5b2150013f640fc']","[PREMIUM]","[PREMIUM]"
"69715439382599bae0c3f10e","2026-01-22 18:34:23.752","2026-03-03 12:18:15.429","69715439382599bae0c3f10e","Stockton Kings at Sioux Falls Skyforce","nbagl","2026-03-11 18:30:00","2026-03-11 23:30:00","2026-03-12 01:00:00",false,false,false,"[PREMIUM]","[PREMIUM]","[PREMIUM]","[PREMIUM]","[PREMIUM]","[PREMIUM]",false,false,"618ad6ce983aa50001533834","['5df005b4f05d4d00385db7d4','5df009fd1052bb0037e361c8']","[PREMIUM]","[PREMIUM]"
"697154382df3bd04d4a64e78","2026-01-22 18:34:23.752","2026-03-03 12:18:15.429","697154382df3bd04d4a64e78","Heart - Rock Band","music","2026-03-11 19:00:00","2026-03-12 00:00:00","2026-03-12 01:00:00",false,false,false,"[PREMIUM]","[PREMIUM]","[PREMIUM]","[PREMIUM]","[PREMIUM]","[PREMIUM]",false,false,"6318d439f966d700018a96a5","['57c9cca3f80c4132a0454aab']","[PREMIUM]","[PREMIUM]"
"69715418b186e21ce39bef40","2026-01-22 18:34:23.752","2026-03-03 12:18:15.429","69715418b186e21ce39bef40","Katatonia","music","2026-03-10 18:30:00","2026-03-10 22:30:00","2026-03-11 00:00:00",false,false,false,"[PREMIUM]","[PREMIUM]","[PREMIUM]","[PREMIUM]","[PREMIUM]","[PREMIUM]",false,false,"57eade5dcde6626ebe3ba5e2","['6306737e0444b900012c9b22']","[PREMIUM]","[PREMIUM]"
"697152238ab220d3aa819687","2026-01-22 18:34:23.752","2026-03-03 12:18:15.429","697152238ab220d3aa819687","Katatonia","music","2026-03-11 19:30:00","2026-03-11 23:30:00","2026-03-12 01:00:00",false,false,false,"[PREMIUM]","[PREMIUM]","[PREMIUM]","[PREMIUM]","[PREMIUM]","[PREMIUM]",false,true,"6155e1c3ea45ce000166f52a","['6306737e0444b900012c9b22']","[PREMIUM]","[PREMIUM]"
"69715059a590240b02940a2b","2026-01-22 18:34:23.752","2026-03-03 12:18:15.429","69715059a590240b02940a2b","WAC Basketball Tournament - Mens Quarterfinals","cbb","2026-03-12 18:00:00","2026-03-13 01:00:00","2026-03-13 02:30:00",false,false,false,"[PREMIUM]","[PREMIUM]","[PREMIUM]","[PREMIUM]","[PREMIUM]","[PREMIUM]",false,false,"589b8bc7cde6626ebe770365","['5a96ffdc25f2c54d91d6d330']","[PREMIUM]","[PREMIUM]"
"6971505951037f9784a442e8","2026-01-22 18:34:23.752","2026-03-03 12:18:15.429","6971505951037f9784a442e8","WAC Basketball Tournament - Mens First Round","cbb","2026-03-11 17:30:00","2026-03-12 00:30:00","2026-03-12 02:00:00",false,false,false,"[PREMIUM]","[PREMIUM]","[PREMIUM]","[PREMIUM]","[PREMIUM]","[PREMIUM]",false,false,"589b8bc7cde6626ebe770365","['5a96ffdc25f2c54d91d6d330']","[PREMIUM]","[PREMIUM]"
"697150592df3bd04d4a64d8d","2026-01-22 18:34:23.752","2026-03-03 12:18:15.429","697150592df3bd04d4a64d8d","WAC Basketball Tournament - Womens First Round","cbb","2026-03-11 15:00:00","2026-03-11 22:00:00","2026-03-11 23:30:00",false,false,false,"[PREMIUM]","[PREMIUM]","[PREMIUM]","[PREMIUM]","[PREMIUM]","[PREMIUM]",false,false,"589b8bc7cde6626ebe770365","['5a96ffdc25f2c54d91d6d330']","[PREMIUM]","[PREMIUM]"
"69715059115c2f3572ea1187","2026-01-22 18:34:23.752","2026-03-03 12:18:15.429","69715059115c2f3572ea1187","WAC Basketball Tournament - Womens Quarterfinals","cbb","2026-03-12 12:00:00","2026-03-12 19:00:00","2026-03-12 20:30:00",false,false,false,"[PREMIUM]","[PREMIUM]","[PREMIUM]","[PREMIUM]","[PREMIUM]","[PREMIUM]",false,false,"589b8bc7cde6626ebe770365","['5a96ffdc25f2c54d91d6d330']","[PREMIUM]","[PREMIUM]"
"69714fb03ac5c5b7fca01c09","2026-01-22 18:34:23.752","2026-03-03 12:18:15.429","69714fb03ac5c5b7fca01c09","Brian Jonestown Massacre","music","2026-03-10 18:00:00","2026-03-11 04:00:00","2026-03-11 05:00:00",false,false,false,"[PREMIUM]","[PREMIUM]","[PREMIUM]","[PREMIUM]","[PREMIUM]","[PREMIUM]",false,true,"5b772a321107e000127b1105","['5a6929bf25f2c52fa4fb4b58']","[PREMIUM]","[PREMIUM]"
"690459f52df0061a97a6b78e","2026-01-22 18:34:10.238","2026-03-03 12:18:07.563","690459f52df0061a97a6b78e","La Salle Explorers at Clemson Tigers Baseball","cbs","2026-03-08 13:00:00","2026-03-08 17:00:00","2026-03-08 18:30:00",false,false,false,"[PREMIUM]","[PREMIUM]","[PREMIUM]","[PREMIUM]","[PREMIUM]","[PREMIUM]",false,false,"5a6288dddbf104000f673a2b","['5a21defe25f2c5448dd3ecf2','697100bb97f71f961acee38d']","[PREMIUM]","[PREMIUM]"
"68f977058e1ac05ee4534382","2026-01-22 18:34:10.238","2026-03-03 12:18:07.563","68f977058e1ac05ee4534382","Quad Meet (NC State, Eastern Michigan, Penn State at Ohio State Buckeyes Womens Gymnastics)","gymnastics","2026-03-08 14:00:00","2026-03-08 18:00:00","2026-03-08 18:00:00",false,false,false,"[PREMIUM]","[PREMIUM]","[PREMIUM]","[PREMIUM]","[PREMIUM]","[PREMIUM]",false,false,"66f5b60a2edc2ecc2dd2cd79","['67604fbdb909336c01e6165d','67ae63ca451c92bfbbff9597','6759f19cbe16ca6370ca1168']","[PREMIUM]","[PREMIUM]"
"6904599524426e01192a7937","2026-01-22 18:34:10.238","2026-03-03 12:18:07.563","6904599524426e01192a7937","Northwestern Wildcats at Washington Huskies Softball","csoft","2026-03-08 13:00:00","2026-03-08 20:00:00","2026-03-08 20:00:00",false,false,false,"[PREMIUM]","[PREMIUM]","[PREMIUM]","[PREMIUM]","[PREMIUM]","[PREMIUM]",false,true,"697103aba99ed170967cb4f2","['696a7d7887e97adf56f9b8fd','69403baf568b632a74e70faa']","[PREMIUM]","[PREMIUM]"
"68c36c30625bdf19abc3e4b7","2026-01-22 18:34:10.238","2026-03-03 12:17:59.458","68c36c30625bdf19abc3e4b7","Georgia Bulldogs at Arkansas Razorbacks Softball","csoft","2026-03-08 00:00:00","2026-03-08 06:00:00","2026-03-08 06:00:00",false,true,false,"[PREMIUM]","[PREMIUM]","[PREMIUM]","[PREMIUM]","[PREMIUM]","[PREMIUM]",false,false,"65fb603cb7c45c267ef1015b","['67af71db7a17130550b17fd7','67bc9d367162cd0dbacf0e7f']","[PREMIUM]","[PREMIUM]"
"68d45d8416103b4b61fd8a86","2026-01-22 18:34:10.238","2026-03-03 12:18:07.563","68d45d8416103b4b61fd8a86","LYKN","music","2026-03-09 18:00:00","2026-03-09 22:00:00","2026-03-09 22:00:00",false,false,false,"[PREMIUM]","[PREMIUM]","[PREMIUM]","[PREMIUM]","[PREMIUM]","[PREMIUM]",false,false,"57bf665ff80c4103a4c914a3","['69712bc0434e2bfaf649ad18']","[PREMIUM]","[PREMIUM]"
"69718e7e3ac5c5b7fca02ccb","2026-01-22 18:34:10.238","2026-03-03 12:18:07.563","69718e7e3ac5c5b7fca02ccb","FC Cincinnati 2 at Philadelphia Union II","mils","2026-03-08 15:00:00","2026-03-08 19:00:00","2026-03-08 20:30:00",false,false,false,"[PREMIUM]","[PREMIUM]","[PREMIUM]","[PREMIUM]","[PREMIUM]","[PREMIUM]",false,false,"53acb8a13bf3760237000002","['592f1e4f25f2c51a7397b3fe','623b8f8c18230c00018ed104']","[PREMIUM]","[PREMIUM]"
"69718e234d63a33c999d62df","2026-01-22 18:34:10.238","2026-03-03 12:18:07.563","69718e234d63a33c999d62df","Vancouver Whitecaps FC 2 at Portland Timbers 2","mils","2026-03-08 13:00:00","2026-03-08 20:00:00","2026-03-08 21:30:00",false,false,false,"[PREMIUM]","[PREMIUM]","[PREMIUM]","[PREMIUM]","[PREMIUM]","[PREMIUM]",false,false,"542f261e3bf37665b8000001","['5a94592425f2c54fdef92ecc','6238d88df54f360001e4b0b0']","[PREMIUM]","[PREMIUM]"
"69718de5355fcc219fca1d38","2026-01-22 18:34:10.238","2026-03-03 12:18:07.563","69718de5355fcc219fca1d38","Minnesota United FC 2 at St Louis City SC 2","mils","2026-03-08 16:00:00","2026-03-08 21:00:00","2026-03-08 22:30:00",false,false,false,"[PREMIUM]","[PREMIUM]","[PREMIUM]","[PREMIUM]","[PREMIUM]","[PREMIUM]",false,false,"637d3ebe5fb210000103555f","['592f1e4f25f2c51a7397b3fb','623258e77bbae0000119100e']","[PREMIUM]","[PREMIUM]"
"69718d4b88ac16171b10236b","2026-01-22 18:34:10.238","2026-03-03 12:18:07.563","69718d4b88ac16171b10236b","Toronto FC II at New England Revolution II","mils","2026-03-08 16:00:00","2026-03-08 20:00:00","2026-03-08 21:30:00",false,false,false,"[PREMIUM]","[PREMIUM]","[PREMIUM]","[PREMIUM]","[PREMIUM]","[PREMIUM]",false,false,"68af8d14504ca5fba8a2c719","['623b90b74777d300018cdcfd','623b916815687500014fafec']","[PREMIUM]","[PREMIUM]"
"69718bbd867b280b82b532c9","2026-01-22 18:34:10.238","2026-03-03 12:18:07.563","69718bbd867b280b82b532c9","CT United FC at Chattanooga FC","mils","2026-03-08 15:00:00","2026-03-08 19:00:00","2026-03-08 19:00:00",false,false,false,"[PREMIUM]","[PREMIUM]","[PREMIUM]","[PREMIUM]","[PREMIUM]","[PREMIUM]",false,true,"69726b4e4e4fb730c101dbaa","['65fdae2791c70456413be2d9','69722eb338b93b9093542269']","[PREMIUM]","[PREMIUM]"
"69718ba38e378ebc24ad3aa1","2026-01-22 18:34:10.238","2026-03-03 12:18:07.563","69718ba38e378ebc24ad3aa1","Ventura County at Austin FC II","mils","2026-03-08 19:30:00","2026-03-09 00:30:00","2026-03-09 02:00:00",false,false,false,"[PREMIUM]","[PREMIUM]","[PREMIUM]","[PREMIUM]","[PREMIUM]","[PREMIUM]",false,false,"6696e54327b67ee32b4f5529","['6415013fc24c3b000113a588','667b26564c0cd5d792e6dd7f']","[PREMIUM]","[PREMIUM]"
"6971897a8e378ebc24ad3a54","2026-01-22 18:34:10.238","2026-03-03 12:18:07.563","6971897a8e378ebc24ad3a54","Tacoma Defiance at Houston Dynamo 2","mils","2026-03-08 18:00:00","2026-03-08 23:00:00","2026-03-09 00:30:00",false,false,false,"[PREMIUM]","[PREMIUM]","[PREMIUM]","[PREMIUM]","[PREMIUM]","[PREMIUM]",false,true,"67bf9a22668d4b16a4411968","['6232588486cc8c0001568341','5ced973751253f00166f9e04']","[PREMIUM]","[PREMIUM]"
"6971885d38b93b909354029e","2026-01-22 18:34:10.238","2026-03-03 12:18:07.563","6971885d38b93b909354029e","Real Monarchs at Sporting Kansas City II","mils","2026-03-08 19:00:00","2026-03-09 00:00:00","2026-03-09 01:30:00",false,false,false,"[PREMIUM]","[PREMIUM]","[PREMIUM]","[PREMIUM]","[PREMIUM]","[PREMIUM]",false,true,"697234bb5b6ff771d8e2f5ce","['5a946946b9c7450014e70e82','5a94592425f2c54fdef92ec4']","[PREMIUM]","[PREMIUM]"
"6971574488ac16171b1014f4","2026-01-22 18:34:10.238","2026-03-03 12:18:07.563","6971574488ac16171b1014f4","Little Shop of Horrors","theater","2026-03-08 17:00:00","2026-03-08 22:00:00","2026-03-08 22:00:00",false,false,false,"[PREMIUM]","[PREMIUM]","[PREMIUM]","[PREMIUM]","[PREMIUM]","[PREMIUM]",true,false,"67c0f56e8e71e88677355e3c","['659737b6b2295ec66ef02bbd']","[PREMIUM]","[PREMIUM]"
"69715743de0409e5e4a109e2","2026-01-22 18:34:10.238","2026-03-03 12:18:07.563","69715743de0409e5e4a109e2","Little Shop of Horrors","theater","2026-03-08 13:00:00","2026-03-08 18:00:00","2026-03-08 18:00:00",false,false,false,"[PREMIUM]","[PREMIUM]","[PREMIUM]","[PREMIUM]","[PREMIUM]","[PREMIUM]",true,false,"67c0f56e8e71e88677355e3c","['659737b6b2295ec66ef02bbd']","[PREMIUM]","[PREMIUM]"
"697156e45b6ff771d8e2c7c0","2026-01-22 18:34:10.238","2026-03-03 12:17:59.458","697156e45b6ff771d8e2c7c0","Uncle Lucius","music","2026-03-07 21:00:00","2026-03-08 03:00:00","2026-03-08 03:00:00",false,false,false,"[PREMIUM]","[PREMIUM]","[PREMIUM]","[PREMIUM]","[PREMIUM]","[PREMIUM]",false,true,"658f46bdae9da4746dd02999","['660ee461675e6900568f360e']","[PREMIUM]","[PREMIUM]"
"69715604a99ed170967cd0df","2026-01-22 18:34:10.238","2026-03-03 12:17:59.458","69715604a99ed170967cd0df","Donnell Rawlings (18+ Event)","comedy","2026-03-07 21:00:00","2026-03-08 02:00:00","2026-03-08 03:30:00",false,false,false,"[PREMIUM]","[PREMIUM]","[PREMIUM]","[PREMIUM]","[PREMIUM]","[PREMIUM]",false,true,"64e9228cc36b610001a7c0cc","['63dd86a91d73bb0001a2d742']","[PREMIUM]","[PREMIUM]"
"6971560438b93b909353f476","2026-01-22 18:34:10.238","2026-03-03 12:18:07.563","6971560438b93b909353f476","Donnell Rawlings (18+ Event)","comedy","2026-03-08 19:00:00","2026-03-08 23:00:00","2026-03-09 00:30:00",false,false,false,"[PREMIUM]","[PREMIUM]","[PREMIUM]","[PREMIUM]","[PREMIUM]","[PREMIUM]",false,true,"64e9228cc36b610001a7c0cc","['63dd86a91d73bb0001a2d742']","[PREMIUM]","[PREMIUM]"
"697155c630df4bdbc12984bb","2026-01-22 18:34:10.238","2026-03-03 12:18:07.563","697155c630df4bdbc12984bb","Steven Curtis Chapman","music","2026-03-09 19:00:00","2026-03-10 00:00:00","2026-03-10 00:00:00",false,false,false,"[PREMIUM]","[PREMIUM]","[PREMIUM]","[PREMIUM]","[PREMIUM]","[PREMIUM]",false,false,"5abe819cb6520e0013b736fb","['656a27805a67951c16ea4532']","[PREMIUM]","[PREMIUM]"
"697155c623fcdcd664d0a69f","2026-01-22 18:34:10.238","2026-03-03 12:18:07.563","697155c623fcdcd664d0a69f","Charlie Berens","comedy","2026-03-08 19:00:00","2026-03-09 00:00:00","2026-03-09 00:00:00",false,false,false,"[PREMIUM]","[PREMIUM]","[PREMIUM]","[PREMIUM]","[PREMIUM]","[PREMIUM]",false,true,"599dce309da0d48c0d83eb15","['648b23429d7e5200019147a8']","[PREMIUM]","[PREMIUM]"
"6971556537a1ca903cdc8852","2026-01-22 18:34:10.238","2026-03-03 12:18:07.563","6971556537a1ca903cdc8852","Black Pistol Fire (19+ Event)","music","2026-03-08 19:00:00","2026-03-09 02:00:00","2026-03-09 03:30:00",false,false,false,"[PREMIUM]","[PREMIUM]","[PREMIUM]","[PREMIUM]","[PREMIUM]","[PREMIUM]",false,false,"57e9ab62cde6626ebe2fd6a9","['5ca67ee31842260019e6da99']","[PREMIUM]","[PREMIUM]"
"697154395b47465d0c41cfeb","2026-01-22 18:34:10.238","2026-03-03 12:18:07.563","697154395b47465d0c41cfeb","Austin Spurs at Sioux Falls Skyforce","nbagl","2026-03-08 15:00:00","2026-03-08 20:00:00","2026-03-08 21:30:00",false,false,false,"[PREMIUM]","[PREMIUM]","[PREMIUM]","[PREMIUM]","[PREMIUM]","[PREMIUM]",false,false,"618ad6ce983aa50001533834","['5df005b4f05d4d00385db7d4','5df00f2881aa660038d7da5a']","[PREMIUM]","[PREMIUM]"
"697154185b47465d0c41cfe5","2026-01-22 18:34:10.238","2026-03-03 12:18:07.563","697154185b47465d0c41cfe5","Mammoth","music","2026-03-08 19:00:00","2026-03-08 23:00:00","2026-03-09 00:30:00",false,false,false,"[PREMIUM]","[PREMIUM]","[PREMIUM]","[PREMIUM]","[PREMIUM]","[PREMIUM]",false,false,"614a38383876400001615564","['61844bb5b9a3b70001970cd5']","[PREMIUM]","[PREMIUM]"
"696fe3b966c7fd4b15300ff0","2026-01-22 18:34:10.238","2026-03-03 12:18:07.563","696fe3b966c7fd4b15300ff0","2026 Jazz in the Gardens - Sunday","music","2026-03-08 16:00:00","2026-03-08 20:00:00","2026-03-09 00:00:00",false,false,false,"[PREMIUM]","[PREMIUM]","[PREMIUM]","[PREMIUM]","[PREMIUM]","[PREMIUM]",false,false,"54230c8c3bf3761a04000003","['677d91efe2b27a29ad4c1c39']","[PREMIUM]","[PREMIUM]"
"6904b0e977a0fc933f2d2c32","2026-01-22 18:34:00.619","2026-03-03 12:17:51.726","6904b0e977a0fc933f2d2c32","UCLA Bruins at Stanford Cardinal Womens Gymnastics","gymnastics","2026-03-07 14:00:00","2026-03-07 22:00:00","2026-03-07 22:00:00",false,false,false,"[PREMIUM]","[PREMIUM]","[PREMIUM]","[PREMIUM]","[PREMIUM]","[PREMIUM]",false,false,"54d7ea4b64f962357d000001","['6759f20813120421c11cbecc','65aaeadc0a942f330615b58b']","[PREMIUM]","[PREMIUM]"
"690d09bb793922fd59e9f4f7","2026-01-22 18:34:00.619","2026-03-03 12:17:59.458","690d09bb793922fd59e9f4f7","LOVB Salt Lake City at LOVB Nebraska","vball","2026-03-07 19:00:00","2026-03-08 01:00:00","2026-03-08 01:00:00",false,false,false,"[PREMIUM]","[PREMIUM]","[PREMIUM]","[PREMIUM]","[PREMIUM]","[PREMIUM]",false,true,"6917843a9081a5e4701e0a59","['66eb3931cc972ee2aeeaa0b1']","[PREMIUM]","[PREMIUM]"
"690459f5356fae1fb63294f4","2026-01-22 18:34:00.619","2026-03-03 12:17:51.726","690459f5356fae1fb63294f4","La Salle Explorers at Clemson Tigers Baseball","cbs","2026-03-07 16:00:00","2026-03-07 21:00:00","2026-03-07 22:30:00",false,false,false,"[PREMIUM]","[PREMIUM]","[PREMIUM]","[PREMIUM]","[PREMIUM]","[PREMIUM]",false,false,"5a6288dddbf104000f673a2b","['5a21defe25f2c5448dd3ecf2','697100bb97f71f961acee38d']","[PREMIUM]","[PREMIUM]"
"69045999cd7b6057b6cda88b","2026-01-22 18:34:00.619","2026-03-03 12:17:51.726","69045999cd7b6057b6cda88b","Northwestern Wildcats at Washington Huskies Softball","csoft","2026-03-07 15:00:00","2026-03-07 23:00:00","2026-03-07 23:00:00",false,false,false,"[PREMIUM]","[PREMIUM]","[PREMIUM]","[PREMIUM]","[PREMIUM]","[PREMIUM]",false,true,"697103aba99ed170967cb4f2","['696a7d7887e97adf56f9b8fd','69403baf568b632a74e70faa']","[PREMIUM]","[PREMIUM]"
"69718f408ab220d3aa81a64e","2026-01-22 18:34:00.619","2026-03-03 12:17:59.458","69718f408ab220d3aa81a64e","Pallbearer","music","2026-03-07 20:00:00","2026-03-08 02:00:00","2026-03-08 03:30:00",false,false,false,"[PREMIUM]","[PREMIUM]","[PREMIUM]","[PREMIUM]","[PREMIUM]","[PREMIUM]",false,true,"5a2050ed83c653001135abe8","['6324cdd6eb791a0001049b04']","[PREMIUM]","[PREMIUM]"
"69718e8f115c2f3572ea2171","2026-01-22 18:34:00.619","2026-03-03 12:17:59.458","69718e8f115c2f3572ea2171","Snakehips","music","2026-03-07 20:00:00","2026-03-08 02:00:00","2026-03-08 03:00:00",false,false,false,"[PREMIUM]","[PREMIUM]","[PREMIUM]","[PREMIUM]","[PREMIUM]","[PREMIUM]",false,true,"5a29b3bae93a79000ece981c","['598cdf8e25f2c533335bc561']","[PREMIUM]","[PREMIUM]"
"69718d79be133370aa2153e3","2026-01-22 18:34:00.619","2026-03-03 12:17:59.458","69718d79be133370aa2153e3","Colorado Rapids 2 at North Texas SC","mils","2026-03-07 19:30:00","2026-03-08 01:30:00","2026-03-08 03:00:00",false,false,false,"[PREMIUM]","[PREMIUM]","[PREMIUM]","[PREMIUM]","[PREMIUM]","[PREMIUM]",false,false,"53bb068c3bf37624c3000003","['6232518834c4420001aeb0fa','622159472c30400001668f82']","[PREMIUM]","[PREMIUM]"
"69715744a643408dc359b437","2026-01-22 18:34:00.619","2026-03-03 12:17:51.726","69715744a643408dc359b437","Little Shop of Horrors","theater","2026-03-07 16:00:00","2026-03-07 22:00:00","2026-03-07 22:00:00",false,false,false,"[PREMIUM]","[PREMIUM]","[PREMIUM]","[PREMIUM]","[PREMIUM]","[PREMIUM]",true,false,"67c0f56e8e71e88677355e3c","['659737b6b2295ec66ef02bbd']","[PREMIUM]","[PREMIUM]"
"6971573c71e21fe8ed58c44d","2026-01-22 18:34:00.619","2026-03-03 12:17:59.458","6971573c71e21fe8ed58c44d","Charlie Berens","comedy","2026-03-07 20:00:00","2026-03-08 02:00:00","2026-03-08 02:00:00",false,false,false,"[PREMIUM]","[PREMIUM]","[PREMIUM]","[PREMIUM]","[PREMIUM]","[PREMIUM]",false,true,"64d6c6e5c6db270001d9f2d4","['648b23429d7e5200019147a8']","[PREMIUM]","[PREMIUM]"
"697156c4115c2f3572ea130d","2026-01-22 18:34:00.619","2026-03-03 12:17:59.458","697156c4115c2f3572ea130d","Katatonia","music","2026-03-07 20:00:00","2026-03-08 01:00:00","2026-03-08 02:30:00",false,false,false,"[PREMIUM]","[PREMIUM]","[PREMIUM]","[PREMIUM]","[PREMIUM]","[PREMIUM]",false,false,"598b505a9da0d48c0da9419f","['6306737e0444b900012c9b22']","[PREMIUM]","[PREMIUM]"
"697156933221066dfc20b003","2026-01-22 18:34:00.619","2026-03-03 12:17:51.726","697156933221066dfc20b003","Disney On Ice: Frozen and Encanto","theater","2026-03-07 14:30:00","2026-03-07 20:30:00","2026-03-07 20:45:00",false,false,false,"[PREMIUM]","[PREMIUM]","[PREMIUM]","[PREMIUM]","[PREMIUM]","[PREMIUM]",false,false,"63c9d24e0d5fff000179f4ef","['57dc19b1f80c417e9c06490e']","[PREMIUM]","[PREMIUM]"
"6971563b382599bae0c3f193","2026-01-22 18:34:00.619","2026-03-03 12:17:59.458","6971563b382599bae0c3f193","Toto","music","2026-03-07 20:00:00","2026-03-08 02:00:00","2026-03-08 03:30:00",false,false,false,"[PREMIUM]","[PREMIUM]","[PREMIUM]","[PREMIUM]","[PREMIUM]","[PREMIUM]",false,false,"5ae8c820fa2d9500137e045a","['5a99826fd5b2150013f640fc']","[PREMIUM]","[PREMIUM]"
"6971560496e0b622d94c4bc4","2026-01-22 18:34:00.619","2026-03-03 12:17:59.458","6971560496e0b622d94c4bc4","Donnell Rawlings (18+ Event)","comedy","2026-03-07 19:00:00","2026-03-08 00:00:00","2026-03-08 01:30:00",false,false,false,"[PREMIUM]","[PREMIUM]","[PREMIUM]","[PREMIUM]","[PREMIUM]","[PREMIUM]",false,true,"64e9228cc36b610001a7c0cc","['63dd86a91d73bb0001a2d742']","[PREMIUM]","[PREMIUM]"
"697155c0a643408dc359b3d5","2026-01-22 18:34:00.619","2026-03-03 12:17:59.458","697155c0a643408dc359b3d5","Heart - Rock Band","music","2026-03-07 19:30:00","2026-03-08 02:30:00","2026-03-08 03:30:00",false,false,false,"[PREMIUM]","[PREMIUM]","[PREMIUM]","[PREMIUM]","[PREMIUM]","[PREMIUM]",true,false,"63f91bda9c274a000147a303","['57c9cca3f80c4132a0454aab']","[PREMIUM]","[PREMIUM]"
"6971557b39bcc426ebcbd5cd","2026-01-22 18:34:00.619","2026-03-03 12:17:59.458","6971557b39bcc426ebcbd5cd","Small Town Murder","theater","2026-03-07 20:00:00","2026-03-08 01:00:00","2026-03-08 02:30:00",false,false,false,"[PREMIUM]","[PREMIUM]","[PREMIUM]","[PREMIUM]","[PREMIUM]","[PREMIUM]",false,false,"57925b1df80c4117b790f0ed","['5b6c8d61c867db001494543d']","[PREMIUM]","[PREMIUM]"
"69715566be133370aa214480","2026-01-22 18:34:00.619","2026-03-03 12:17:59.458","69715566be133370aa214480","Dominique Fils-Aimé","music","2026-03-07 19:30:00","2026-03-08 03:30:00","2026-03-08 03:30:00",false,false,false,"[PREMIUM]","[PREMIUM]","[PREMIUM]","[PREMIUM]","[PREMIUM]","[PREMIUM]",false,true,"685d81b7a57b099dd69b945b","['68110172b743a6ee92d746a6']","[PREMIUM]","[PREMIUM]"
"69715439a99ed170967cd06a","2026-01-22 18:34:00.619","2026-03-03 12:17:59.458","69715439a99ed170967cd06a","Austin Spurs at Sioux Falls Skyforce","nbagl","2026-03-07 19:00:00","2026-03-08 01:00:00","2026-03-08 02:30:00",false,false,false,"[PREMIUM]","[PREMIUM]","[PREMIUM]","[PREMIUM]","[PREMIUM]","[PREMIUM]",false,false,"618ad6ce983aa50001533834","['5df005b4f05d4d00385db7d4','5df00f2881aa660038d7da5a']","[PREMIUM]","[PREMIUM]"
"690a7d90dc7b575c24962620","2026-01-22 18:33:51.145","2026-03-03 12:17:44.050","690a7d90dc7b575c24962620","LOVB Houston at LOVB Austin","vball","2026-03-06 19:00:00","2026-03-07 01:00:00","2026-03-07 01:00:00",false,false,false,"[PREMIUM]","[PREMIUM]","[PREMIUM]","[PREMIUM]","[PREMIUM]","[PREMIUM]",false,false,"59b1da9194c1c6000138c9d6","['66eb3931cc972ee2aeeaa0b1']","[PREMIUM]","[PREMIUM]"
"68c36c316587546643bdd584","2026-01-22 18:33:51.145","2026-03-03 12:17:51.726","68c36c316587546643bdd584","Georgia Bulldogs at Arkansas Razorbacks Softball","csoft","2026-03-07 00:00:00","2026-03-07 06:00:00","2026-03-07 06:00:00",false,true,false,"[PREMIUM]","[PREMIUM]","[PREMIUM]","[PREMIUM]","[PREMIUM]","[PREMIUM]",false,false,"65fb603cb7c45c267ef1015b","['67af71db7a17130550b17fd7','67bc9d367162cd0dbacf0e7f']","[PREMIUM]","[PREMIUM]"
"690459966392903846bde07c","2026-01-22 18:33:51.145","2026-03-03 12:17:44.050","690459966392903846bde07c","Northwestern Wildcats at Washington Huskies Softball","csoft","2026-03-06 18:00:00","2026-03-07 02:00:00","2026-03-07 02:00:00",false,false,false,"[PREMIUM]","[PREMIUM]","[PREMIUM]","[PREMIUM]","[PREMIUM]","[PREMIUM]",false,true,"697103aba99ed170967cb4f2","['696a7d7887e97adf56f9b8fd','69403baf568b632a74e70faa']","[PREMIUM]","[PREMIUM]"
"690459f559434ff8b764fa61","2026-01-22 18:33:51.145","2026-03-03 12:17:44.050","690459f559434ff8b764fa61","La Salle Explorers at Clemson Tigers Baseball","cbs","2026-03-06 16:00:00","2026-03-06 21:00:00","2026-03-06 22:30:00",false,false,false,"[PREMIUM]","[PREMIUM]","[PREMIUM]","[PREMIUM]","[PREMIUM]","[PREMIUM]",true,false,"5a6288dddbf104000f673a2b","['5a21defe25f2c5448dd3ecf2','697100bb97f71f961acee38d']","[PREMIUM]","[PREMIUM]"
"690459f59c1370439bc88ca2","2026-01-22 18:33:51.145","2026-03-03 12:17:51.726","690459f59c1370439bc88ca2","La Salle Explorers at Clemson Tigers Baseball","cbs","2026-03-07 12:00:00","2026-03-07 17:00:00","2026-03-07 18:30:00",false,false,false,"[PREMIUM]","[PREMIUM]","[PREMIUM]","[PREMIUM]","[PREMIUM]","[PREMIUM]",false,false,"5a6288dddbf104000f673a2b","['5a21defe25f2c5448dd3ecf2','697100bb97f71f961acee38d']","[PREMIUM]","[PREMIUM]"
"691d2a736d18fb6a95e066ef","2026-01-22 18:33:51.145","2026-03-03 12:17:51.726","691d2a736d18fb6a95e066ef","Motown Magic","music","2026-03-06 19:30:00","2026-03-07 00:30:00","2026-03-07 00:30:00",false,false,false,"[PREMIUM]","[PREMIUM]","[PREMIUM]","[PREMIUM]","[PREMIUM]","[PREMIUM]",false,true,"66b282ad951c37209c99e6fa","['69712508476a948626617b70']","[PREMIUM]","[PREMIUM]"
"691bc358d2dc0c5ca20146e5","2026-01-22 18:33:51.145","2026-03-03 12:17:59.458","691bc358d2dc0c5ca20146e5","Aimee Mann (Moved from Pacific Electric)","music","2026-03-07 20:00:00","2026-03-08 04:00:00","2026-03-08 05:00:00",false,false,false,"[PREMIUM]","[PREMIUM]","[PREMIUM]","[PREMIUM]","[PREMIUM]","[PREMIUM]",false,true,"697171868e378ebc24ad33b5","['5888f2b9f80c4135055157b3']","[PREMIUM]","[PREMIUM]"
"68e69766e857433fd757f0bc","2026-01-22 18:33:51.145","2026-03-03 12:17:51.726","68e69766e857433fd757f0bc","Oklahoma Sooners at Arkansas Razorbacks Gymnastics","gymnastics","2026-03-06 19:15:00","2026-03-07 01:15:00","2026-03-07 01:15:00",false,false,false,"[PREMIUM]","[PREMIUM]","[PREMIUM]","[PREMIUM]","[PREMIUM]","[PREMIUM]",false,false,"581800f9cde6626ebe228a8e","['65aae4fe954ba015afd5cda3','673f821d5fc2342383cdbd22']","[PREMIUM]","[PREMIUM]"
"69718d772df3bd04d4a65e11","2026-01-22 18:33:51.145","2026-03-03 12:17:51.726","69718d772df3bd04d4a65e11","Snakehips","music","2026-03-06 21:00:00","2026-03-07 03:00:00","2026-03-07 04:00:00",false,false,false,"[PREMIUM]","[PREMIUM]","[PREMIUM]","[PREMIUM]","[PREMIUM]","[PREMIUM]",false,true,"6442fd78a025cc000135b437","['598cdf8e25f2c533335bc561']","[PREMIUM]","[PREMIUM]"
"69718b1d1fec7a617400001e","2026-01-22 18:33:51.145","2026-03-03 12:17:51.726","69718b1d1fec7a617400001e","United We Dance - EDM Dance Party (18+ Event)","music","2026-03-06 21:30:00","2026-03-07 02:30:00","2026-03-07 02:30:00",false,false,false,"[PREMIUM]","[PREMIUM]","[PREMIUM]","[PREMIUM]","[PREMIUM]","[PREMIUM]",false,true,"611d96bb194e4100013d953e","['665e134d70ae20d24b27bf0b']","[PREMIUM]","[PREMIUM]"
"69718b0d39bcc426ebcbe47c","2026-01-22 18:33:51.145","2026-03-03 12:17:51.726","69718b0d39bcc426ebcbe47c","Lucy Darling","comedy","2026-03-06 19:30:00","2026-03-07 01:30:00","2026-03-07 01:30:00",false,false,false,"[PREMIUM]","[PREMIUM]","[PREMIUM]","[PREMIUM]","[PREMIUM]","[PREMIUM]",true,false,"6823ba6692c28424bc8727b6","['6830866a1132ae53666114b4']","[PREMIUM]","[PREMIUM]"
"69718af63ac5c5b7fca02c3f","2026-01-22 18:33:51.145","2026-03-03 12:17:51.726","69718af63ac5c5b7fca02c3f","Huntsville City FC at Crown Legacy FC","mils","2026-03-06 19:00:00","2026-03-07 00:00:00","2026-03-07 01:30:00",false,false,false,"[PREMIUM]","[PREMIUM]","[PREMIUM]","[PREMIUM]","[PREMIUM]","[PREMIUM]",false,false,"5d07f7ebdaa171001876e16f","['642cb91647673b0001cc4526','642cbb7b86394e00014c9b03']","[PREMIUM]","[PREMIUM]"
"6971570d4d63a33c999d53f1","2026-01-22 18:33:51.145","2026-03-03 12:17:51.726","6971570d4d63a33c999d53f1","Rodney Carrington","comedy","2026-03-06 20:30:00","2026-03-07 02:30:00","2026-03-07 04:00:00",false,false,false,"[PREMIUM]","[PREMIUM]","[PREMIUM]","[PREMIUM]","[PREMIUM]","[PREMIUM]",false,false,"679c1be7dec37965c143906d","['5b8eebeffcffc1001336af25']","[PREMIUM]","[PREMIUM]"
"697156e4382599bae0c3f1ca","2026-01-22 18:33:51.145","2026-03-03 12:17:51.726","697156e4382599bae0c3f1ca","Uncle Lucius","music","2026-03-06 20:00:00","2026-03-07 02:00:00","2026-03-07 02:00:00",false,false,false,"[PREMIUM]","[PREMIUM]","[PREMIUM]","[PREMIUM]","[PREMIUM]","[PREMIUM]",false,true,"658f46bdae9da4746dd02999","['660ee461675e6900568f360e']","[PREMIUM]","[PREMIUM]"
"697156c4382599bae0c3f1ba","2026-01-22 18:33:51.145","2026-03-03 12:17:51.726","697156c4382599bae0c3f1ba","Eric Gales","music","2026-03-06 20:00:00","2026-03-07 01:00:00","2026-03-07 01:00:00",false,false,false,"[PREMIUM]","[PREMIUM]","[PREMIUM]","[PREMIUM]","[PREMIUM]","[PREMIUM]",false,true,"67621448c96792cb2c705be0","['650b6543f42e6500010b6338']","[PREMIUM]","[PREMIUM]"
"6971569727d2b812a3c9da25","2026-01-22 18:33:51.145","2026-03-03 12:17:51.726","6971569727d2b812a3c9da25","Central Michigan Chippewas at Ball State Cardinals Mens Basketball","cbb","2026-03-06 19:00:00","2026-03-07 00:00:00","2026-03-07 01:30:00",false,false,false,"[PREMIUM]","[PREMIUM]","[PREMIUM]","[PREMIUM]","[PREMIUM]","[PREMIUM]",false,false,"5a3029ccc173c100124c31ed","['59caeadd25f2c56a69c03c92','59caeadc25f2c56a69c03c5e']","[PREMIUM]","[PREMIUM]"
"6971569351037f9784a4445a","2026-01-22 18:33:51.145","2026-03-03 12:17:51.726","6971569351037f9784a4445a","Disney On Ice: Frozen and Encanto","theater","2026-03-07 10:30:00","2026-03-07 16:30:00","2026-03-07 16:45:00",false,false,false,"[PREMIUM]","[PREMIUM]","[PREMIUM]","[PREMIUM]","[PREMIUM]","[PREMIUM]",false,false,"63c9d24e0d5fff000179f4ef","['57dc19b1f80c417e9c06490e']","[PREMIUM]","[PREMIUM]"
"69715677a99ed170967cd0f6","2026-01-22 18:33:51.145","2026-03-03 12:17:51.726","69715677a99ed170967cd0f6","Heart - Rock Band","music","2026-03-06 20:00:00","2026-03-07 03:00:00","2026-03-07 04:00:00",false,false,false,"[PREMIUM]","[PREMIUM]","[PREMIUM]","[PREMIUM]","[PREMIUM]","[PREMIUM]",false,false,"6425d242be1c2f000178e4c1","['57c9cca3f80c4132a0454aab']","[PREMIUM]","[PREMIUM]"
"697156043221066dfc20afe4","2026-01-22 18:33:51.145","2026-03-03 12:17:51.726","697156043221066dfc20afe4","Donnell Rawlings (18+ Event)","comedy","2026-03-06 21:00:00","2026-03-07 02:00:00","2026-03-07 03:30:00",false,false,false,"[PREMIUM]","[PREMIUM]","[PREMIUM]","[PREMIUM]","[PREMIUM]","[PREMIUM]",false,true,"64e9228cc36b610001a7c0cc","['63dd86a91d73bb0001a2d742']","[PREMIUM]","[PREMIUM]"
"697156040249fcb747dccd71","2026-01-22 18:33:51.145","2026-03-03 12:17:51.726","697156040249fcb747dccd71","Donnell Rawlings (18+ Event)","comedy","2026-03-06 19:00:00","2026-03-07 00:00:00","2026-03-07 01:30:00",false,false,false,"[PREMIUM]","[PREMIUM]","[PREMIUM]","[PREMIUM]","[PREMIUM]","[PREMIUM]",false,true,"64e9228cc36b610001a7c0cc","['63dd86a91d73bb0001a2d742']","[PREMIUM]","[PREMIUM]"
"6971550bde0409e5e4a10951","2026-01-22 18:33:51.145","2026-03-03 12:17:51.726","6971550bde0409e5e4a10951","Andrew Dice Clay","comedy","2026-03-06 20:00:00","2026-03-07 01:00:00","2026-03-07 02:30:00",false,false,false,"[PREMIUM]","[PREMIUM]","[PREMIUM]","[PREMIUM]","[PREMIUM]","[PREMIUM]",false,true,"6737d52e8236faac3399019e","['5d728b8a438d5f003afaf18b']","[PREMIUM]","[PREMIUM]"
"697151ec27d2b812a3c9d926","2026-01-22 18:33:51.145","2026-03-03 12:17:51.726","697151ec27d2b812a3c9d926","Merkules","music","2026-03-06 19:00:00","2026-03-07 03:00:00","2026-03-07 04:30:00",false,false,false,"[PREMIUM]","[PREMIUM]","[PREMIUM]","[PREMIUM]","[PREMIUM]","[PREMIUM]",false,true,"5a45450bf4698100129a89de","['5db1d1ff6f70c10039674362']","[PREMIUM]","[PREMIUM]"
"69714fbf30df4bdbc1298359","2026-01-22 18:33:51.145","2026-03-03 12:17:51.726","69714fbf30df4bdbc1298359","Idina Menzel","music","2026-03-06 20:30:00","2026-03-07 01:30:00","2026-03-07 02:30:00",false,false,false,"[PREMIUM]","[PREMIUM]","[PREMIUM]","[PREMIUM]","[PREMIUM]","[PREMIUM]",false,true,"66a00a33961505ba97e576a9","['58814b6df80c4104f0bbdbbd']","[PREMIUM]","[PREMIUM]"
"69378ddb8fdb0c79cda0d8e7","2026-01-22 18:33:51.145","2026-03-03 12:17:51.726","69378ddb8fdb0c79cda0d8e7","Tig Has Friends","comedy","2026-03-06 19:30:00","2026-03-07 03:30:00","2026-03-07 05:00:00",false,false,false,"[PREMIUM]","[PREMIUM]","[PREMIUM]","[PREMIUM]","[PREMIUM]","[PREMIUM]",false,true,"6971741fa590240b02941398","['617076980dee690001326300']","[PREMIUM]","[PREMIUM]"
"690a67f040dba8dcb104e7eb","2026-01-22 18:33:41.989","2026-03-03 12:17:35.681","690a67f040dba8dcb104e7eb","LOVB Houston at LOVB Madison","vball","2026-03-04 19:00:00","2026-03-05 01:00:00","2026-03-05 01:00:00",false,false,false,"[PREMIUM]","[PREMIUM]","[PREMIUM]","[PREMIUM]","[PREMIUM]","[PREMIUM]",false,false,"5a00fd0de09b87000f635cd9","['66eb3931cc972ee2aeeaa0b1']","[PREMIUM]","[PREMIUM]"
"691bc358e53291f6b6d2cced","2026-01-22 18:33:41.989","2026-03-03 12:17:59.458","691bc358e53291f6b6d2cced","Aimee Mann (Rescheduled from 3/6/26)","music","2026-03-07 20:00:00","2026-03-08 04:00:00","2026-03-08 05:00:00",false,false,false,"[PREMIUM]","[PREMIUM]","[PREMIUM]","[PREMIUM]","[PREMIUM]","[PREMIUM]",false,true,"697171868e378ebc24ad33b5","['5888f2b9f80c4135055157b3']","[PREMIUM]","[PREMIUM]"
"6908d950fa134ee1ed195345","2026-01-22 18:33:41.989","2026-03-03 12:17:35.681","6908d950fa134ee1ed195345","Natalie Jane","music","2026-03-04 20:00:00","2026-03-05 04:00:00","2026-03-05 04:00:00",false,false,false,"[PREMIUM]","[PREMIUM]","[PREMIUM]","[PREMIUM]","[PREMIUM]","[PREMIUM]",false,true,"697171868e378ebc24ad33b5","['65552c4cd7db6fc3f2b6366b']","[PREMIUM]","[PREMIUM]"
"68c36c304b32f2f4310c61a4","2026-01-22 18:33:41.989","2026-03-03 12:17:44.050","68c36c304b32f2f4310c61a4","Georgia Bulldogs at Arkansas Razorbacks Softball","csoft","2026-03-06 00:00:00","2026-03-06 06:00:00","2026-03-06 06:00:00",false,true,false,"[PREMIUM]","[PREMIUM]","[PREMIUM]","[PREMIUM]","[PREMIUM]","[PREMIUM]",false,false,"65fb603cb7c45c267ef1015b","['67af71db7a17130550b17fd7','67bc9d367162cd0dbacf0e7f']","[PREMIUM]","[PREMIUM]"
"69715744fdbab677d11d5fdb","2026-01-22 18:33:41.989","2026-03-03 12:17:35.681","69715744fdbab677d11d5fdb","Little Shop of Horrors","theater","2026-03-05 13:00:00","2026-03-05 19:00:00","2026-03-05 19:00:00",false,false,false,"[PREMIUM]","[PREMIUM]","[PREMIUM]","[PREMIUM]","[PREMIUM]","[PREMIUM]",true,false,"67c0f56e8e71e88677355e3c","['659737b6b2295ec66ef02bbd']","[PREMIUM]","[PREMIUM]"
"6971557b8ab220d3aa81975d","2026-01-22 18:33:41.989","2026-03-03 12:17:44.050","6971557b8ab220d3aa81975d","Katatonia","music","2026-03-05 19:00:00","2026-03-06 00:00:00","2026-03-06 01:30:00",false,false,false,"[PREMIUM]","[PREMIUM]","[PREMIUM]","[PREMIUM]","[PREMIUM]","[PREMIUM]",false,false,"57e16af750575d33c89b402e","['6306737e0444b900012c9b22']","[PREMIUM]","[PREMIUM]"
"69715214d1c7e8209285106f","2026-01-22 18:33:41.989","2026-03-03 12:17:35.681","69715214d1c7e8209285106f","Black Pistol Fire (18+ Event)","music","2026-03-04 20:00:00","2026-03-05 04:00:00","2026-03-05 05:30:00",false,false,false,"[PREMIUM]","[PREMIUM]","[PREMIUM]","[PREMIUM]","[PREMIUM]","[PREMIUM]",false,false,"564cff89f80c410bf1000001","['5ca67ee31842260019e6da99']","[PREMIUM]","[PREMIUM]"
"6971501066c7fd4b1530905a","2026-01-22 18:33:41.989","2026-03-03 12:17:44.050","6971501066c7fd4b1530905a","Mammoth","music","2026-03-05 18:00:00","2026-03-05 23:00:00","2026-03-06 00:30:00",false,false,false,"[PREMIUM]","[PREMIUM]","[PREMIUM]","[PREMIUM]","[PREMIUM]","[PREMIUM]",false,true,"5a14c50f77772b001184bfb3","['61844bb5b9a3b70001970cd5']","[PREMIUM]","[PREMIUM]"
"697037a44d63a33c999cfa5a","2026-01-22 18:33:41.989","2026-03-03 12:17:51.726","697037a44d63a33c999cfa5a","NWSL Preseason - CF Monterrey Femenil at Portland Thorns FC","nwsl","2026-03-06 23:59:00","2026-03-07 07:59:00","2026-03-07 09:29:00",false,true,false,"[PREMIUM]","[PREMIUM]","[PREMIUM]","[PREMIUM]","[PREMIUM]","[PREMIUM]",true,false,"542f261e3bf37665b8000001","['5cc32dfd9841e40015e1e594','5a99e2126311820014498a01']","[PREMIUM]","[PREMIUM]"
"69718daa4d63a33c999d62c7","2026-01-22 18:33:30.770","2026-03-01 05:57:34.480","69718daa4d63a33c999d62c7","Los Angeles FC 2 at Tacoma Defiance","mils","2026-03-01 19:00:00","2026-03-02 03:00:00","2026-03-02 04:30:00",false,false,false,"[PREMIUM]","[PREMIUM]","[PREMIUM]","[PREMIUM]","[PREMIUM]","[PREMIUM]",false,false,"5ac668d0629e220013b564f9","['5ced973751253f00166f9e04','64150178792c390001ebca10']","[PREMIUM]","[PREMIUM]"
"69718d4b7c3ad2d4cc439d49","2026-01-22 18:33:30.770","2026-03-01 05:57:34.480","69718d4b7c3ad2d4cc439d49","Mariah the Scientist","music","2026-03-01 17:00:00","2026-03-01 22:00:00","2026-03-01 23:30:00",false,false,false,"[PREMIUM]","[PREMIUM]","[PREMIUM]","[PREMIUM]","[PREMIUM]","[PREMIUM]",false,true,"6696e48b06735188b8b521c5","['6233aa8f4d330c000187d070']","[PREMIUM]","[PREMIUM]"
"69718d4b355fcc219fca1d30","2026-01-22 18:33:30.770","2026-03-01 05:57:34.480","69718d4b355fcc219fca1d30","Atlanta United 2 at New England Revolution II","mils","2026-03-01 19:00:00","2026-03-02 00:00:00","2026-03-02 01:30:00",false,false,false,"[PREMIUM]","[PREMIUM]","[PREMIUM]","[PREMIUM]","[PREMIUM]","[PREMIUM]",false,false,"68af8d14504ca5fba8a2c719","['623b90b74777d300018cdcfd','5a946a7dd5b2150013f63f17']","[PREMIUM]","[PREMIUM]"
"69718ba366c7fd4b15309fa4","2026-01-22 18:33:30.770","2026-03-01 05:57:34.480","69718ba366c7fd4b15309fa4","Minnesota United FC 2 at Austin FC II","mils","2026-03-01 19:30:00","2026-03-02 01:30:00","2026-03-02 03:00:00",false,false,false,"[PREMIUM]","[PREMIUM]","[PREMIUM]","[PREMIUM]","[PREMIUM]","[PREMIUM]",false,false,"6696e54327b67ee32b4f5529","['6415013fc24c3b000113a588','623258e77bbae0000119100e']","[PREMIUM]","[PREMIUM]"
"69718b2b8efbc46e363f84dd","2026-01-22 18:33:30.770","2026-03-02 09:04:12.247","69718b2b8efbc46e363f84dd","Huntsville City FC at Orlando City B","mils","2026-03-02 19:00:00","2026-03-03 00:00:00","2026-03-03 01:30:00",false,false,false,"[PREMIUM]","[PREMIUM]","[PREMIUM]","[PREMIUM]","[PREMIUM]","[PREMIUM]",false,false,"61c3990bd1f73e0001d14df7","['592f1e4f25f2c51a7397b401','642cbb7b86394e00014c9b03']","[PREMIUM]","[PREMIUM]"
"6971897ae670d526d685894f","2026-01-22 18:33:30.770","2026-03-01 05:57:34.480","6971897ae670d526d685894f","Colorado Rapids 2 at Houston Dynamo 2","mils","2026-03-01 18:00:00","2026-03-02 00:00:00","2026-03-02 01:30:00",false,false,false,"[PREMIUM]","[PREMIUM]","[PREMIUM]","[PREMIUM]","[PREMIUM]","[PREMIUM]",false,true,"67bf9a22668d4b16a4411968","['6232588486cc8c0001568341','622159472c30400001668f82']","[PREMIUM]","[PREMIUM]"
"697157443ac5c5b7fca01dca","2026-01-22 18:33:30.770","2026-03-01 05:57:34.480","697157443ac5c5b7fca01dca","Little Shop of Horrors","theater","2026-03-01 17:00:00","2026-03-01 23:00:00","2026-03-01 23:00:00",false,false,false,"[PREMIUM]","[PREMIUM]","[PREMIUM]","[PREMIUM]","[PREMIUM]","[PREMIUM]",true,false,"67c0f56e8e71e88677355e3c","['659737b6b2295ec66ef02bbd']","[PREMIUM]","[PREMIUM]"
"697157432df3bd04d4a64f45","2026-01-22 18:33:30.770","2026-03-03 12:17:35.681","697157432df3bd04d4a64f45","Little Shop of Horrors","theater","2026-03-04 13:00:00","2026-03-04 19:00:00","2026-03-04 19:00:00",false,false,false,"[PREMIUM]","[PREMIUM]","[PREMIUM]","[PREMIUM]","[PREMIUM]","[PREMIUM]",true,false,"67c0f56e8e71e88677355e3c","['659737b6b2295ec66ef02bbd']","[PREMIUM]","[PREMIUM]"
"697156854045f5eb83799d2b","2026-01-22 18:33:30.770","2026-03-01 05:57:34.480","697156854045f5eb83799d2b","Terry Fator","comedy","2026-03-01 17:00:00","2026-03-01 22:00:00","2026-03-01 22:00:00",false,false,false,"[PREMIUM]","[PREMIUM]","[PREMIUM]","[PREMIUM]","[PREMIUM]","[PREMIUM]",false,true,"67e312414eae1b9810f339d3","['677c4d4937f50f5d9d3e9c5c']","[PREMIUM]","[PREMIUM]"
"6971566c96e0b622d94c4bdb","2026-01-22 18:33:30.770","2026-03-03 12:17:35.681","6971566c96e0b622d94c4bdb","Black Pistol Fire","music","2026-03-03 19:00:00","2026-03-04 03:00:00","2026-03-04 04:30:00",false,false,false,"[PREMIUM]","[PREMIUM]","[PREMIUM]","[PREMIUM]","[PREMIUM]","[PREMIUM]",false,false,"57e2eedb50575d33c8a47729","['5ca67ee31842260019e6da99']","[PREMIUM]","[PREMIUM]"
"69715557b186e21ce39bef8e","2026-01-22 18:33:30.770","2026-03-01 05:57:34.480","69715557b186e21ce39bef8e","Heart - Rock Band","music","2026-03-01 19:30:00","2026-03-02 01:30:00","2026-03-02 02:30:00",false,false,false,"[PREMIUM]","[PREMIUM]","[PREMIUM]","[PREMIUM]","[PREMIUM]","[PREMIUM]",false,false,"588a76edcde6626ebe424493","['57c9cca3f80c4132a0454aab']","[PREMIUM]","[PREMIUM]"
"6971550a23fcdcd664d0a674","2026-01-22 18:33:30.770","2026-03-03 12:17:35.681","6971550a23fcdcd664d0a674","Cat Power","music","2026-03-03 20:00:00","2026-03-04 01:00:00","2026-03-04 02:30:00",false,false,false,"[PREMIUM]","[PREMIUM]","[PREMIUM]","[PREMIUM]","[PREMIUM]","[PREMIUM]",true,false,"6785a746d210d27d100090e8","['5b50d7075e753a001341f6b6']","[PREMIUM]","[PREMIUM]"
"6971544a3221066dfc20af6a","2026-01-22 18:33:30.770","2026-03-01 05:57:34.480","6971544a3221066dfc20af6a","Lavell Crawford (21+ Event)","comedy","2026-03-01 19:00:00","2026-03-02 03:00:00","2026-03-02 04:30:00",false,false,false,"[PREMIUM]","[PREMIUM]","[PREMIUM]","[PREMIUM]","[PREMIUM]","[PREMIUM]",false,true,"63d454a2b6b21d00012b0562","['5d6985092b9feb003a95185b']","[PREMIUM]","[PREMIUM]"
"697153f4680318e16b76ff77","2026-01-22 18:33:30.770","2026-03-03 12:17:35.681","697153f4680318e16b76ff77","Michael Shannon","music","2026-03-03 19:00:00","2026-03-04 00:00:00","2026-03-04 00:00:00",false,false,false,"[PREMIUM]","[PREMIUM]","[PREMIUM]","[PREMIUM]","[PREMIUM]","[PREMIUM]",false,false,"57a264b1f80c41466ca5c93d","['651585a536cd8057dee2fcc0']","[PREMIUM]","[PREMIUM]"
"69715079e162f3c64d7ecacf","2026-01-22 18:33:30.770","2026-03-01 05:57:34.480","69715079e162f3c64d7ecacf","Max Amini","comedy","2026-03-01 19:00:00","2026-03-02 02:00:00","2026-03-02 02:00:00",false,false,false,"[PREMIUM]","[PREMIUM]","[PREMIUM]","[PREMIUM]","[PREMIUM]","[PREMIUM]",true,false,"658b6d6ffcefe2758a3566dd","['65fb41a7fcf71483b112dcac']","[PREMIUM]","[PREMIUM]"
"69714fc539bcc426ebcbd48a","2026-01-22 18:33:30.770","2026-03-02 09:04:12.247","69714fc539bcc426ebcbd48a","Tesla","music","2026-03-02 19:00:00","2026-03-03 01:00:00","2026-03-03 02:30:00",false,false,false,"[PREMIUM]","[PREMIUM]","[PREMIUM]","[PREMIUM]","[PREMIUM]","[PREMIUM]",false,true,"66b1519fb745930d8d82f228","['5d71f2d555e8ea00384187c7']","[PREMIUM]","[PREMIUM]"
"69714fc537a1ca903cdc8705","2026-01-22 18:33:30.770","2026-03-01 05:57:34.480","69714fc537a1ca903cdc8705","Disney On Ice: Mickeys Search Party","theater","2026-03-01 17:00:00","2026-03-01 23:00:00","2026-03-01 23:15:00",false,false,false,"[PREMIUM]","[PREMIUM]","[PREMIUM]","[PREMIUM]","[PREMIUM]","[PREMIUM]",false,false,"57aba98ff80c4115bab50ab0","['57dc19b1f80c417e9c06490e']","[PREMIUM]","[PREMIUM]"
"690a60907e3d7d20ada5a20c","2026-01-22 18:33:22.453","2026-03-01 05:57:34.480","690a60907e3d7d20ada5a20c","LOVB Salt Lake at LOVB Atlanta","vball","2026-03-01 15:00:00","2026-03-01 20:00:00","2026-03-01 20:00:00",false,false,false,"[PREMIUM]","[PREMIUM]","[PREMIUM]","[PREMIUM]","[PREMIUM]","[PREMIUM]",true,false,"60b7ee5897775b0001b38bfe","['66eb3931cc972ee2aeeaa0b1']","[PREMIUM]","[PREMIUM]"
"692dfab987e1417cd3e5984d","2026-01-22 18:33:22.453","2026-03-01 05:57:34.480","692dfab987e1417cd3e5984d","Wooo Pig Classic Day 4 - Boise State, Charlotte, Kansas, and Arkansas Softball","csoft","2026-03-01 12:15:00","2026-03-01 18:15:00","2026-03-01 18:15:00",false,false,false,"[PREMIUM]","[PREMIUM]","[PREMIUM]","[PREMIUM]","[PREMIUM]","[PREMIUM]",false,false,"65fb603cb7c45c267ef1015b","['67af71db7a17130550b17fd7','67af65ce4324b1dd1473f82a']","[PREMIUM]","[PREMIUM]"
"692fa30648de0b1d9c2482f1","2026-01-22 18:33:22.453","2026-03-03 12:22:04.272","692fa30648de0b1d9c2482f1","((( O ))) - June Marieezy (Rescheduled from 2/28)","music","2026-04-24 20:00:00","2026-04-25 03:00:00","2026-04-25 03:00:00",false,false,false,"[PREMIUM]","[PREMIUM]","[PREMIUM]","[PREMIUM]","[PREMIUM]","[PREMIUM]",false,true,"697171868e378ebc24ad33b5","['66f1e96812b1221d7d961ae9']","[PREMIUM]","[PREMIUM]"
"69718e232df3bd04d4a65e2f","2026-01-22 18:33:22.453","2026-03-01 05:57:34.480","69718e232df3bd04d4a65e2f","San Jose Earthquakes II at Portland Timbers 2","mils","2026-03-01 13:00:00","2026-03-01 21:00:00","2026-03-01 22:30:00",false,false,false,"[PREMIUM]","[PREMIUM]","[PREMIUM]","[PREMIUM]","[PREMIUM]","[PREMIUM]",false,false,"542f261e3bf37665b8000001","['5a94592425f2c54fdef92ecc','6238d7bf2ad6760001a19068']","[PREMIUM]","[PREMIUM]"
"69718cf9355fcc219fca1d24","2026-01-22 18:33:22.453","2026-03-01 05:57:34.480","69718cf9355fcc219fca1d24","North Texas SC at Real Monarchs","mils","2026-03-01 15:30:00","2026-03-01 22:30:00","2026-03-02 00:00:00",false,false,false,"[PREMIUM]","[PREMIUM]","[PREMIUM]","[PREMIUM]","[PREMIUM]","[PREMIUM]",false,false,"6452c21fed7e5400010efe3d","['5a94592425f2c54fdef92ec4','6232518834c4420001aeb0fa']","[PREMIUM]","[PREMIUM]"
"69718bbdfdbab677d11d6dfd","2026-01-22 18:33:22.453","2026-03-01 05:57:34.480","69718bbdfdbab677d11d6dfd","Crown Legacy FC at Chattanooga FC","mils","2026-03-01 15:00:00","2026-03-01 20:00:00","2026-03-01 20:00:00",false,false,false,"[PREMIUM]","[PREMIUM]","[PREMIUM]","[PREMIUM]","[PREMIUM]","[PREMIUM]",false,true,"69726b4e4e4fb730c101dbaa","['65fdae2791c70456413be2d9','642cb91647673b0001cc4526']","[PREMIUM]","[PREMIUM]"
"69715745a590240b02940bd5","2026-01-22 18:33:22.453","2026-02-28 02:35:35.784","69715745a590240b02940bd5","Syleena Johnson","music","2026-02-28 21:30:00","2026-03-01 03:30:00","2026-03-01 03:30:00",false,false,false,"[PREMIUM]","[PREMIUM]","[PREMIUM]","[PREMIUM]","[PREMIUM]","[PREMIUM]",false,true,"66fb215bc075e86f60452de0","['67084da13f1dc4240a5e0503']","[PREMIUM]","[PREMIUM]"
"6971574430df4bdbc129851e","2026-01-22 18:33:22.453","2026-03-01 05:57:34.480","6971574430df4bdbc129851e","Little Shop of Horrors","theater","2026-03-01 13:00:00","2026-03-01 19:00:00","2026-03-01 19:00:00",false,false,false,"[PREMIUM]","[PREMIUM]","[PREMIUM]","[PREMIUM]","[PREMIUM]","[PREMIUM]",false,false,"67c0f56e8e71e88677355e3c","['659737b6b2295ec66ef02bbd']","[PREMIUM]","[PREMIUM]"
"6971570da590240b02940bc7","2026-01-22 18:33:22.453","2026-02-28 02:35:35.784","6971570da590240b02940bc7","Here Come the Mummies (18+ Event)","music","2026-02-28 20:30:00","2026-03-01 02:30:00","2026-03-01 04:00:00",false,false,false,"[PREMIUM]","[PREMIUM]","[PREMIUM]","[PREMIUM]","[PREMIUM]","[PREMIUM]",true,false,"679c1be7dec37965c143906d","['5d77e025b479030039b65746']","[PREMIUM]","[PREMIUM]"
"697156e4a590240b02940bbe","2026-01-22 18:33:22.453","2026-02-28 02:35:35.784","697156e4a590240b02940bbe","Josh Ward","music","2026-02-28 22:30:00","2026-03-01 04:30:00","2026-03-01 04:30:00",false,false,false,"[PREMIUM]","[PREMIUM]","[PREMIUM]","[PREMIUM]","[PREMIUM]","[PREMIUM]",false,true,"658f46bdae9da4746dd02999","['64ac71f9d65cea00010860e2']","[PREMIUM]","[PREMIUM]"
"697156e488ac16171b1014e2","2026-01-22 18:33:22.453","2026-03-01 05:57:34.480","697156e488ac16171b1014e2","Memphis Tigers at UTSA Roadrunners Womens Basketball","wcbb","2026-03-01 15:00:00","2026-03-01 21:00:00","2026-03-01 21:00:00",false,false,false,"[PREMIUM]","[PREMIUM]","[PREMIUM]","[PREMIUM]","[PREMIUM]","[PREMIUM]",false,false,"63b7654c10f5830001404a5e","['6511ee321e39b3322088f139','630d10db7aac260001865f6a']","[PREMIUM]","[PREMIUM]"
"6971566d867b280b82b52480","2026-01-22 18:33:22.453","2026-02-28 02:35:35.784","6971566d867b280b82b52480","Katatonia","music","2026-02-28 20:00:00","2026-03-01 04:00:00","2026-03-01 05:30:00",false,false,false,"[PREMIUM]","[PREMIUM]","[PREMIUM]","[PREMIUM]","[PREMIUM]","[PREMIUM]",false,false,"57e1769b50575d33c89bacda","['6306737e0444b900012c9b22']","[PREMIUM]","[PREMIUM]"
"6971561c867b280b82b5246e","2026-01-22 18:33:22.453","2026-02-28 02:35:35.784","6971561c867b280b82b5246e","Black Label Society","music","2026-02-28 19:30:00","2026-03-01 01:30:00","2026-03-01 02:30:00",false,false,false,"[PREMIUM]","[PREMIUM]","[PREMIUM]","[PREMIUM]","[PREMIUM]","[PREMIUM]",false,false,"5734fca0f80c414fa5000001","['59dfb15f25f2c5105f665a6a']","[PREMIUM]","[PREMIUM]"
"69715606b186e21ce39befbd","2026-01-22 18:33:22.453","2026-02-28 02:35:35.784","69715606b186e21ce39befbd","Jackie Fabulous (18+ Event)","comedy","2026-02-28 21:00:00","2026-03-01 02:00:00","2026-03-01 02:00:00",false,false,false,"[PREMIUM]","[PREMIUM]","[PREMIUM]","[PREMIUM]","[PREMIUM]","[PREMIUM]",false,true,"64e9228cc36b610001a7c0cc","['66d78a73d0da08fb925689dd']","[PREMIUM]","[PREMIUM]"
"697156068ab220d3aa819780","2026-01-22 18:33:22.453","2026-02-28 02:35:35.784","697156068ab220d3aa819780","Jackie Fabulous (18+ Event)","comedy","2026-02-28 19:00:00","2026-03-01 00:00:00","2026-03-01 00:00:00",false,false,false,"[PREMIUM]","[PREMIUM]","[PREMIUM]","[PREMIUM]","[PREMIUM]","[PREMIUM]",false,true,"64e9228cc36b610001a7c0cc","['66d78a73d0da08fb925689dd']","[PREMIUM]","[PREMIUM]"
"69715605382599bae0c3f18b","2026-01-22 18:33:22.453","2026-02-28 02:35:35.784","69715605382599bae0c3f18b","Michael Shannon","music","2026-02-28 20:00:00","2026-03-01 01:00:00","2026-03-01 01:00:00",false,false,false,"[PREMIUM]","[PREMIUM]","[PREMIUM]","[PREMIUM]","[PREMIUM]","[PREMIUM]",false,true,"57e1885950575d33c89c1721","['651585a536cd8057dee2fcc0']","[PREMIUM]","[PREMIUM]"
"6971544a8ab220d3aa819718","2026-01-22 18:33:22.453","2026-03-01 05:57:34.480","6971544a8ab220d3aa819718","Lavell Crawford (21+ Event)","comedy","2026-02-28 21:00:00","2026-03-01 05:00:00","2026-03-01 06:30:00",false,false,false,"[PREMIUM]","[PREMIUM]","[PREMIUM]","[PREMIUM]","[PREMIUM]","[PREMIUM]",false,true,"63d454a2b6b21d00012b0562","['5d6985092b9feb003a95185b']","[PREMIUM]","[PREMIUM]"
"6971544a5b6ff771d8e2c711","2026-01-22 18:33:22.453","2026-02-28 02:35:35.784","6971544a5b6ff771d8e2c711","Black Pistol Fire","music","2026-02-28 20:00:00","2026-03-01 04:00:00","2026-03-01 05:30:00",false,false,false,"[PREMIUM]","[PREMIUM]","[PREMIUM]","[PREMIUM]","[PREMIUM]","[PREMIUM]",false,false,"598ce7de9da0d48c0db7238b","['5ca67ee31842260019e6da99']","[PREMIUM]","[PREMIUM]"
"6971544a27d2b812a3c9d99d","2026-01-22 18:33:22.453","2026-02-28 02:35:35.784","6971544a27d2b812a3c9d99d","Lavell Crawford (21+ Event)","comedy","2026-02-28 19:00:00","2026-03-01 03:00:00","2026-03-01 04:30:00",false,false,false,"[PREMIUM]","[PREMIUM]","[PREMIUM]","[PREMIUM]","[PREMIUM]","[PREMIUM]",false,true,"63d454a2b6b21d00012b0562","['5d6985092b9feb003a95185b']","[PREMIUM]","[PREMIUM]"
"69715214a643408dc359b2f5","2026-01-22 18:33:22.453","2026-03-01 05:57:34.480","69715214a643408dc359b2f5","JOSEPH","music","2026-02-28 20:30:00","2026-03-01 04:30:00","2026-03-01 06:00:00",false,false,false,"[PREMIUM]","[PREMIUM]","[PREMIUM]","[PREMIUM]","[PREMIUM]","[PREMIUM]",false,false,"5af9e5b01dad50001321a34d","['5d2668b2fd9e0400151e46a8']","[PREMIUM]","[PREMIUM]"
"69715091680318e16b76fe9d","2026-01-22 18:33:22.453","2026-02-28 02:35:35.784","69715091680318e16b76fe9d","Cat Power","music","2026-02-28 19:00:00","2026-03-01 00:00:00","2026-03-01 01:30:00",false,false,false,"[PREMIUM]","[PREMIUM]","[PREMIUM]","[PREMIUM]","[PREMIUM]","[PREMIUM]",false,false,"57ab8b29f80c411f8fdebfe5","['5b50d7075e753a001341f6b6']","[PREMIUM]","[PREMIUM]"
"6971505a23fcdcd664d0a569","2026-01-22 18:33:22.453","2026-02-28 02:35:35.784","6971505a23fcdcd664d0a569","Brad Williams","comedy","2026-02-28 19:30:00","2026-03-01 03:30:00","2026-03-01 05:00:00",false,false,false,"[PREMIUM]","[PREMIUM]","[PREMIUM]","[PREMIUM]","[PREMIUM]","[PREMIUM]",true,false,"67a403b65cd7461baeafd0f8","['61e084172cd9560001043137']","[PREMIUM]","[PREMIUM]"
"69714fc54d63a33c999d5249","2026-01-22 18:33:22.453","2026-03-01 05:57:34.480","69714fc54d63a33c999d5249","Disney On Ice: Mickeys Search Party","theater","2026-03-01 13:00:00","2026-03-01 19:00:00","2026-03-01 19:15:00",false,false,false,"[PREMIUM]","[PREMIUM]","[PREMIUM]","[PREMIUM]","[PREMIUM]","[PREMIUM]",true,false,"57aba98ff80c4115bab50ab0","['57dc19b1f80c417e9c06490e']","[PREMIUM]","[PREMIUM]"
"6970585d680318e16b76af80","2026-01-22 18:33:22.453","2026-02-28 02:35:35.784","6970585d680318e16b76af80","Little Shop of Horrors","theater","2026-02-28 20:00:00","2026-03-01 02:00:00","2026-03-01 02:00:00",false,false,false,"[PREMIUM]","[PREMIUM]","[PREMIUM]","[PREMIUM]","[PREMIUM]","[PREMIUM]",false,true,"67c0f56e8e71e88677355e3c","['659737b6b2295ec66ef02bbd']","[PREMIUM]","[PREMIUM]"
"696db286c240bec623e716e1","2026-01-22 18:33:22.453","2026-02-28 02:35:35.784","696db286c240bec623e716e1","Monster X Tour","auto","2026-02-28 19:30:00","2026-03-01 03:30:00","2026-03-01 04:15:00",false,false,false,"[PREMIUM]","[PREMIUM]","[PREMIUM]","[PREMIUM]","[PREMIUM]","[PREMIUM]",false,true,"67e31256ea08bd8ee026f6be","['5deee9f0ab73290037ec4eba']","[PREMIUM]","[PREMIUM]"
"68e9a32c19b105fbcd446771","2026-01-22 18:33:09.580","2026-02-28 02:35:27.453","68e9a32c19b105fbcd446771","Campbell Fighting Camels at Towson Tigers Mens Basketball","cbb","2026-02-28 14:00:00","2026-02-28 19:00:00","2026-02-28 20:30:00",false,false,false,"[PREMIUM]","[PREMIUM]","[PREMIUM]","[PREMIUM]","[PREMIUM]","[PREMIUM]",true,false,"677d82b59738e64f89d5801f","['59cc3b5025f2c5079548541a','59cc3b5125f2c5079548543c']","[PREMIUM]","[PREMIUM]"
"690cec9d1e14f1d1fe670855","2026-01-22 18:33:09.580","2026-02-28 02:35:27.453","690cec9d1e14f1d1fe670855","Joseph (Moved from Pacific Electric)","music","2026-02-27 20:00:00","2026-02-28 04:00:00","2026-02-28 05:30:00",false,false,false,"[PREMIUM]","[PREMIUM]","[PREMIUM]","[PREMIUM]","[PREMIUM]","[PREMIUM]",false,true,"697171868e378ebc24ad33b5","['5d2668b2fd9e0400151e46a8']","[PREMIUM]","[PREMIUM]"
"69718e7ef87aabcb403858e2","2026-01-22 18:33:09.580","2026-02-28 02:35:27.453","69718e7ef87aabcb403858e2","Toronto FC II at Philadelphia Union II","mils","2026-02-28 14:00:00","2026-02-28 19:00:00","2026-02-28 20:30:00",false,false,false,"[PREMIUM]","[PREMIUM]","[PREMIUM]","[PREMIUM]","[PREMIUM]","[PREMIUM]",false,false,"53acb8a13bf3760237000002","['592f1e4f25f2c51a7397b3fe','623b916815687500014fafec']","[PREMIUM]","[PREMIUM]"
"69718de48efbc46e363f8540","2026-01-22 18:33:09.580","2026-02-28 02:35:27.453","69718de48efbc46e363f8540","Sporting Kansas City II at St Louis City SC 2","mils","2026-02-28 16:00:00","2026-02-28 22:00:00","2026-02-28 23:30:00",false,false,false,"[PREMIUM]","[PREMIUM]","[PREMIUM]","[PREMIUM]","[PREMIUM]","[PREMIUM]",false,false,"637d3ebe5fb210000103555f","['592f1e4f25f2c51a7397b3fb','5a946946b9c7450014e70e82']","[PREMIUM]","[PREMIUM]"
"69715745680318e16b77004c","2026-01-22 18:33:09.580","2026-02-28 02:35:27.453","69715745680318e16b77004c","Syleena Johnson","music","2026-02-28 18:00:00","2026-03-01 00:00:00","2026-03-01 00:00:00",false,false,false,"[PREMIUM]","[PREMIUM]","[PREMIUM]","[PREMIUM]","[PREMIUM]","[PREMIUM]",false,true,"66fb215bc075e86f60452de0","['67084da13f1dc4240a5e0503']","[PREMIUM]","[PREMIUM]"
"697157444d63a33c999d53fe","2026-01-22 18:33:09.580","2026-02-26 23:01:18.562","697157444d63a33c999d53fe","Shemekia Copeland","music","2026-02-27 20:00:00","2026-02-28 02:00:00","2026-02-28 02:00:00",false,false,false,"[PREMIUM]","[PREMIUM]","[PREMIUM]","[PREMIUM]","[PREMIUM]","[PREMIUM]",false,true,"66aab23fb082f2f98b480579","['66d0c297e9abdec69c9da7a9']","[PREMIUM]","[PREMIUM]"
"697156f43221066dfc20b01d","2026-01-22 18:33:09.580","2026-02-26 23:01:18.562","697156f43221066dfc20b01d","Sister Hazel","music","2026-02-27 20:00:00","2026-02-28 01:00:00","2026-02-28 01:00:00",false,false,false,"[PREMIUM]","[PREMIUM]","[PREMIUM]","[PREMIUM]","[PREMIUM]","[PREMIUM]",true,false,"57d1e89150575d33c8544dad","['6627db9b11478621dff8d698']","[PREMIUM]","[PREMIUM]"
"697156062df3bd04d4a64ef5","2026-01-22 18:33:09.580","2026-02-26 23:01:18.562","697156062df3bd04d4a64ef5","Jackie Fabulous (18+ Event)","comedy","2026-02-27 21:00:00","2026-02-28 02:00:00","2026-02-28 02:00:00",false,false,false,"[PREMIUM]","[PREMIUM]","[PREMIUM]","[PREMIUM]","[PREMIUM]","[PREMIUM]",false,true,"64e9228cc36b610001a7c0cc","['66d78a73d0da08fb925689dd']","[PREMIUM]","[PREMIUM]"
"6971544a7c3ad2d4cc438e9a","2026-01-22 18:33:09.580","2026-02-28 02:35:27.453","6971544a7c3ad2d4cc438e9a","Lavell Crawford (21+ Event)","comedy","2026-02-27 21:00:00","2026-02-28 05:00:00","2026-02-28 06:30:00",false,false,false,"[PREMIUM]","[PREMIUM]","[PREMIUM]","[PREMIUM]","[PREMIUM]","[PREMIUM]",false,true,"63d454a2b6b21d00012b0562","['5d6985092b9feb003a95185b']","[PREMIUM]","[PREMIUM]"
"6971521530df4bdbc12983e9","2026-01-22 18:33:09.580","2026-02-28 02:35:27.453","6971521530df4bdbc12983e9","Katatonia","music","2026-02-27 20:00:00","2026-02-28 04:00:00","2026-02-28 05:30:00",false,false,false,"[PREMIUM]","[PREMIUM]","[PREMIUM]","[PREMIUM]","[PREMIUM]","[PREMIUM]",false,false,"5af9e5b01dad50001321a34d","['6306737e0444b900012c9b22']","[PREMIUM]","[PREMIUM]"
"697151d5680318e16b76fef4","2026-01-22 18:33:09.580","2026-02-28 02:35:27.453","697151d5680318e16b76fef4","Patrick Warburton","comedy","2026-02-27 22:00:00","2026-02-28 05:00:00","2026-02-28 06:30:00",false,false,false,"[PREMIUM]","[PREMIUM]","[PREMIUM]","[PREMIUM]","[PREMIUM]","[PREMIUM]",false,true,"66983ef1172674ab5a5c2f54","['6421e72595d4e200019b6315']","[PREMIUM]","[PREMIUM]"
"697150788efbc46e363f7502","2026-01-22 18:33:09.580","2026-02-28 02:35:27.453","697150788efbc46e363f7502","Black Pistol Fire (16+ Event)","music","2026-02-27 20:00:00","2026-02-28 03:00:00","2026-02-28 04:30:00",false,false,false,"[PREMIUM]","[PREMIUM]","[PREMIUM]","[PREMIUM]","[PREMIUM]","[PREMIUM]",false,false,"57eade5ecde6626ebe3ba5e6","['5ca67ee31842260019e6da99']","[PREMIUM]","[PREMIUM]"
"69714fc6fdbab677d11d5df3","2026-01-22 18:33:09.580","2026-02-28 02:35:27.453","69714fc6fdbab677d11d5df3","K-Pop Warriors","theater","2026-02-28 16:00:00","2026-02-28 22:00:00","2026-02-28 22:00:00",false,false,false,"[PREMIUM]","[PREMIUM]","[PREMIUM]","[PREMIUM]","[PREMIUM]","[PREMIUM]",false,true,"67e3125e212b3c9fae47ad6a","['699f6c5620560580a7e9e391']","[PREMIUM]","[PREMIUM]"
"697052f18e832ecf94bcd7e5","2026-01-22 18:33:09.580","2026-02-26 23:01:18.562","697052f18e832ecf94bcd7e5","Club 90s - Heated Rivalry Night","music","2026-02-27 20:00:00","2026-02-28 02:00:00","2026-02-28 02:00:00",false,false,false,"[PREMIUM]","[PREMIUM]","[PREMIUM]","[PREMIUM]","[PREMIUM]","[PREMIUM]",true,false,"5e0baadf08dc2e00389c10b3","['65ce9a22bcbac887432e06c5']","[PREMIUM]","[PREMIUM]"
"696db28638b93b9093530452","2026-01-22 18:33:09.580","2026-02-28 02:35:27.453","696db28638b93b9093530452","Monster X Tour","auto","2026-02-28 13:30:00","2026-02-28 21:30:00","2026-02-28 22:15:00",false,false,false,"[PREMIUM]","[PREMIUM]","[PREMIUM]","[PREMIUM]","[PREMIUM]","[PREMIUM]",false,true,"67e31256ea08bd8ee026f6be","['5deee9f0ab73290037ec4eba']","[PREMIUM]","[PREMIUM]"
"68eeba34c748b502a50d9ec4","2026-01-22 18:33:00.596","2026-02-26 23:01:08.941","68eeba34c748b502a50d9ec4","Georgia Bulldogs at Kentucky Wildcats Womens Gymnastics","gymnastics","2026-02-27 18:00:00","2026-02-27 23:00:00","2026-02-27 23:00:00",false,false,false,"[PREMIUM]","[PREMIUM]","[PREMIUM]","[PREMIUM]","[PREMIUM]","[PREMIUM]",true,false,"67b79eeb72020074fe640927","['65a9ace6c95bfc2acaea8a90','673f82790d87b681c8ea4e21']","[PREMIUM]","[PREMIUM]"
"690de711a58201087f9f2655","2026-01-22 18:33:00.596","2026-02-26 23:01:08.941","690de711a58201087f9f2655","LOVB Nebraska at LOVB Houston","vball","2026-02-26 19:00:00","2026-02-27 01:00:00","2026-02-27 01:00:00",false,false,false,"[PREMIUM]","[PREMIUM]","[PREMIUM]","[PREMIUM]","[PREMIUM]","[PREMIUM]",true,false,"67880833cc391d3261382561","['66eb3931cc972ee2aeeaa0b1']","[PREMIUM]","[PREMIUM]"
"68e9a32d4a4f096ed53cb854","2026-01-22 18:33:00.596","2026-02-26 23:01:08.941","68e9a32d4a4f096ed53cb854","Elon Phoenix at Towson Tigers Mens Basketball","cbb","2026-02-26 19:00:00","2026-02-27 00:00:00","2026-02-27 01:30:00",false,false,false,"[PREMIUM]","[PREMIUM]","[PREMIUM]","[PREMIUM]","[PREMIUM]","[PREMIUM]",false,false,"677d82b59738e64f89d5801f","['59cc3b5025f2c5079548541a','59cc3b5125f2c5079548549a']","[PREMIUM]","[PREMIUM]"
"692dfab952b486b044e5647e","2026-01-22 18:33:00.596","2026-02-26 23:01:08.941","692dfab952b486b044e5647e","Wooo Pig Classic Day 2 - Omaha, Boise State, Charlotte, Kansas, and Arkansas Softball","csoft","2026-02-27 16:45:00","2026-02-27 22:45:00","2026-02-27 22:45:00",false,false,false,"[PREMIUM]","[PREMIUM]","[PREMIUM]","[PREMIUM]","[PREMIUM]","[PREMIUM]",false,false,"65fb603cb7c45c267ef1015b","['67af71db7a17130550b17fd7','6966baf4dfc60c5330377abb']","[PREMIUM]","[PREMIUM]"
"69718ed223fcdcd664d0b5af","2026-01-22 18:33:00.596","2026-02-25 19:35:28.800","69718ed223fcdcd664d0b5af","42 Dugg","music","2026-02-26 19:00:00","2026-02-27 03:00:00","2026-02-27 03:00:00",false,false,false,"[PREMIUM]","[PREMIUM]","[PREMIUM]","[PREMIUM]","[PREMIUM]","[PREMIUM]",false,false,"57d9ebde50575d33c87a6d45","['654007a90d337535a177cf29']","[PREMIUM]","[PREMIUM]"
"69718e4096e0b622d94c5a8e","2026-01-22 18:33:00.596","2026-02-26 23:01:08.941","69718e4096e0b622d94c5a8e","Chicago Fire II at Inter Miami CF II","mils","2026-02-27 18:00:00","2026-02-27 23:00:00","2026-02-28 00:30:00",false,false,false,"[PREMIUM]","[PREMIUM]","[PREMIUM]","[PREMIUM]","[PREMIUM]","[PREMIUM]",false,false,"5e0f76a2f3c3e1003b6c83ff","['623b905c39cfc0000147f109','623b8f4311753a0001a1ab37']","[PREMIUM]","[PREMIUM]"
"697157452df3bd04d4a64f46","2026-01-22 18:33:00.596","2026-02-26 23:01:18.562","697157452df3bd04d4a64f46","Syleena Johnson","music","2026-02-27 19:30:00","2026-02-28 01:30:00","2026-02-28 01:30:00",false,false,false,"[PREMIUM]","[PREMIUM]","[PREMIUM]","[PREMIUM]","[PREMIUM]","[PREMIUM]",false,true,"66fb215bc075e86f60452de0","['67084da13f1dc4240a5e0503']","[PREMIUM]","[PREMIUM]"
"697157425b6ff771d8e2c7da","2026-01-22 18:33:00.596","2026-02-28 02:35:27.453","697157425b6ff771d8e2c7da","Cat Power","music","2026-02-27 19:30:00","2026-02-28 01:30:00","2026-02-28 03:00:00",false,false,false,"[PREMIUM]","[PREMIUM]","[PREMIUM]","[PREMIUM]","[PREMIUM]","[PREMIUM]",false,false,"563cf1eff80c417e01000001","['5b50d7075e753a001341f6b6']","[PREMIUM]","[PREMIUM]"
"697156303221066dfc20afea","2026-01-22 18:33:00.596","2026-02-26 23:01:08.941","697156303221066dfc20afea","Cat Power","music","2026-02-26 20:00:00","2026-02-27 02:00:00","2026-02-27 03:30:00",false,false,false,"[PREMIUM]","[PREMIUM]","[PREMIUM]","[PREMIUM]","[PREMIUM]","[PREMIUM]",false,false,"578900b9f80c41735b8e16e0","['5b50d7075e753a001341f6b6']","[PREMIUM]","[PREMIUM]"
"697156064045f5eb83799d0a","2026-01-22 18:33:00.596","2026-02-26 23:01:18.562","697156064045f5eb83799d0a","Jackie Fabulous (18+ Event)","comedy","2026-02-27 19:00:00","2026-02-28 00:00:00","2026-02-28 00:00:00",false,false,false,"[PREMIUM]","[PREMIUM]","[PREMIUM]","[PREMIUM]","[PREMIUM]","[PREMIUM]",false,true,"64e9228cc36b610001a7c0cc","['66d78a73d0da08fb925689dd']","[PREMIUM]","[PREMIUM]"
"6971554927d2b812a3c9d9d8","2026-01-22 18:33:00.596","2026-03-03 12:18:07.563","6971554927d2b812a3c9d9d8","Lyle Lovett and John Hiatt (Rescheduled from 2/26)","music","2026-03-09 20:00:00","2026-03-10 00:00:00","2026-03-10 01:00:00",false,false,false,"[PREMIUM]","[PREMIUM]","[PREMIUM]","[PREMIUM]","[PREMIUM]","[PREMIUM]",false,true,"66e896aa8eb3876f788657e5","['5952e69725f2c578f06ac181']","[PREMIUM]","[PREMIUM]"
"6971544a39bcc426ebcbd581","2026-01-22 18:33:00.596","2026-02-28 02:35:27.453","6971544a39bcc426ebcbd581","Lavell Crawford (21+ Event)","comedy","2026-02-27 19:00:00","2026-02-28 03:00:00","2026-02-28 04:30:00",false,false,false,"[PREMIUM]","[PREMIUM]","[PREMIUM]","[PREMIUM]","[PREMIUM]","[PREMIUM]",false,true,"63d454a2b6b21d00012b0562","['5d6985092b9feb003a95185b']","[PREMIUM]","[PREMIUM]"
"697153ef8ab220d3aa819702","2026-01-22 18:33:00.596","2026-02-26 23:01:08.941","697153ef8ab220d3aa819702","Jim Gaffigan","comedy","2026-02-26 19:00:00","2026-02-27 00:00:00","2026-02-27 01:00:00",false,false,false,"[PREMIUM]","[PREMIUM]","[PREMIUM]","[PREMIUM]","[PREMIUM]","[PREMIUM]",true,false,"5a14cd219aedf90011e42e01","['58b75009f80c412371dcaafe']","[PREMIUM]","[PREMIUM]"
"6971522871e21fe8ed58c2f7","2026-01-22 18:33:00.596","2026-02-26 23:01:18.562","6971522871e21fe8ed58c2f7","Choir! Choir! Choir","music","2026-02-27 19:30:00","2026-02-28 01:30:00","2026-02-28 01:30:00",false,false,false,"[PREMIUM]","[PREMIUM]","[PREMIUM]","[PREMIUM]","[PREMIUM]","[PREMIUM]",false,true,"5994ca8b9da0d48c0dedcc4c","['667085ce1ecc5a172bda4076']","[PREMIUM]","[PREMIUM]"
"69714fc639bcc426ebcbd48b","2026-01-22 18:33:00.596","2026-02-26 23:01:08.941","69714fc639bcc426ebcbd48b","Hairball","music","2026-02-26 20:00:00","2026-02-27 02:00:00","2026-02-27 02:00:00",false,false,false,"[PREMIUM]","[PREMIUM]","[PREMIUM]","[PREMIUM]","[PREMIUM]","[PREMIUM]",false,true,"639d02183f11f60001eb1263","['677c1b9f50a3ae0179be08c4']","[PREMIUM]","[PREMIUM]"
"6970585d39bcc426ebcb851b","2026-01-22 18:33:00.596","2026-02-26 23:01:18.562","6970585d39bcc426ebcb851b","Little Shop of Horrors","theater","2026-02-27 19:30:00","2026-02-28 01:30:00","2026-02-28 01:30:00",false,false,false,"[PREMIUM]","[PREMIUM]","[PREMIUM]","[PREMIUM]","[PREMIUM]","[PREMIUM]",false,true,"67c0f56e8e71e88677355e3c","['659737b6b2295ec66ef02bbd']","[PREMIUM]","[PREMIUM]"
"6970585d382599bae0c39f0f","2026-01-22 18:33:00.596","2026-02-26 23:01:08.941","6970585d382599bae0c39f0f","Little Shop of Horrors","theater","2026-02-26 19:00:00","2026-02-27 01:00:00","2026-02-27 01:00:00",false,false,false,"[PREMIUM]","[PREMIUM]","[PREMIUM]","[PREMIUM]","[PREMIUM]","[PREMIUM]",false,true,"67c0f56e8e71e88677355e3c","['659737b6b2295ec66ef02bbd']","[PREMIUM]","[PREMIUM]"
"69703dac96e0b622d94bf4a5","2026-01-22 18:33:00.596","2026-02-26 23:01:18.562","69703dac96e0b622d94bf4a5","The Magic of Motown","music","2026-02-27 19:30:00","2026-02-28 00:30:00","2026-02-28 00:30:00",false,false,false,"[PREMIUM]","[PREMIUM]","[PREMIUM]","[PREMIUM]","[PREMIUM]","[PREMIUM]",false,true,"67e312437b248feb3bf2ebc8","['69712508476a948626617b70']","[PREMIUM]","[PREMIUM]"
"696d5fd44a780db1d4f1ed2c","2026-01-22 18:33:00.596","2026-02-26 23:01:08.941","696d5fd44a780db1d4f1ed2c","Chris Fleming","comedy","2026-02-26 20:00:00","2026-02-27 04:00:00","2026-02-27 05:30:00",false,false,false,"[PREMIUM]","[PREMIUM]","[PREMIUM]","[PREMIUM]","[PREMIUM]","[PREMIUM]",false,true,"6971741fa590240b02941398","['6210109435c9330001c23c05']","[PREMIUM]","[PREMIUM]"
"690a66da5199bb17d405e6c9","2026-01-22 18:32:48.250","2026-02-25 19:35:28.800","690a66da5199bb17d405e6c9","LOVB Salt Lake at LOVB Austin","vball","2026-02-25 19:00:00","2026-02-26 01:00:00","2026-02-26 01:00:00",false,false,false,"[PREMIUM]","[PREMIUM]","[PREMIUM]","[PREMIUM]","[PREMIUM]","[PREMIUM]",false,false,"59b1da9194c1c6000138c9d6","['66eb3931cc972ee2aeeaa0b1']","[PREMIUM]","[PREMIUM]"
"697218ece162f3c64d7ef3f8","2026-01-22 18:32:48.250","2026-02-25 19:35:28.800","697218ece162f3c64d7ef3f8","Tonight At the Improv","comedy","2026-02-25 21:30:00","2026-02-26 05:30:00","2026-02-26 05:30:00",false,false,false,"[PREMIUM]","[PREMIUM]","[PREMIUM]","[PREMIUM]","[PREMIUM]","[PREMIUM]",false,true,"61c39b25ad04e000018c24ae","['661749b5fcc53ff64e381858']","[PREMIUM]","[PREMIUM]"
"697156c5867b280b82b5249f","2026-01-22 18:32:48.250","2026-02-25 19:35:28.800","697156c5867b280b82b5249f","Hairball","music","2026-02-25 19:00:00","2026-02-26 00:00:00","2026-02-26 00:00:00",false,false,false,"[PREMIUM]","[PREMIUM]","[PREMIUM]","[PREMIUM]","[PREMIUM]","[PREMIUM]",false,true,"648cd9dc28b11a0001efd256","['677c1b9f50a3ae0179be08c4']","[PREMIUM]","[PREMIUM]"
"697156972df3bd04d4a64f16","2026-01-22 18:32:48.250","2026-02-24 15:48:43.443","697156972df3bd04d4a64f16","UMass Minutemen at Ball State Cardinals Mens Basketball","cbb","2026-02-24 19:00:00","2026-02-25 00:00:00","2026-02-25 01:30:00",false,false,false,"[PREMIUM]","[PREMIUM]","[PREMIUM]","[PREMIUM]","[PREMIUM]","[PREMIUM]",false,false,"5a3029ccc173c100124c31ed","['59caeadd25f2c56a69c03c92','59caeadd25f2c56a69c03c98']","[PREMIUM]","[PREMIUM]"
"697155f6d1c7e8209285117c","2026-01-22 18:32:48.250","2026-02-25 19:35:28.800","697155f6d1c7e8209285117c","Heart - Rock Band","music","2026-02-25 19:30:00","2026-02-26 01:30:00","2026-02-26 02:30:00",false,false,false,"[PREMIUM]","[PREMIUM]","[PREMIUM]","[PREMIUM]","[PREMIUM]","[PREMIUM]",true,false,"58123feccde6626ebe10cd87","['57c9cca3f80c4132a0454aab']","[PREMIUM]","[PREMIUM]"
"697155c688ac16171b1014a4","2026-01-22 18:32:48.250","2026-02-25 19:35:28.800","697155c688ac16171b1014a4","Bloomington Bison at Iowa Heartlanders","echl","2026-02-25 19:00:00","2026-02-26 01:00:00","2026-02-26 02:30:00",false,false,false,"[PREMIUM]","[PREMIUM]","[PREMIUM]","[PREMIUM]","[PREMIUM]","[PREMIUM]",false,false,"650b76e1ca9e6900012e2c26","['61f33e635ea8b200017508ae','665f75be4d915ee6e3b7f99e']","[PREMIUM]","[PREMIUM]"
"697155593221066dfc20afb9","2026-01-22 18:32:48.250","2026-02-24 15:48:43.443","697155593221066dfc20afb9","Michael Shannon","music","2026-02-24 19:00:00","2026-02-25 01:00:00","2026-02-25 01:00:00",false,false,false,"[PREMIUM]","[PREMIUM]","[PREMIUM]","[PREMIUM]","[PREMIUM]","[PREMIUM]",false,true,"597a7baa9da0d48c0d75df9e","['651585a536cd8057dee2fcc0']","[PREMIUM]","[PREMIUM]"
"696d5fd33ac5c5b7fc9f221c","2026-01-22 18:32:48.250","2026-02-24 15:48:43.443","696d5fd33ac5c5b7fc9f221c","Sarah Silverman","comedy","2026-02-24 20:00:00","2026-02-25 04:00:00","2026-02-25 05:30:00",false,false,false,"[PREMIUM]","[PREMIUM]","[PREMIUM]","[PREMIUM]","[PREMIUM]","[PREMIUM]",false,true,"6971741fa590240b02941398","['61cdef67f343d10001739ea4']","[PREMIUM]","[PREMIUM]"
"690a608f356fae1fb633c081","2026-01-22 18:32:38.037","2026-02-22 09:15:28.097","690a608f356fae1fb633c081","LOVB Austin at LOVB Atlanta","vball","2026-02-22 14:00:00","2026-02-22 19:00:00","2026-02-22 19:00:00",false,false,false,"[PREMIUM]","[PREMIUM]","[PREMIUM]","[PREMIUM]","[PREMIUM]","[PREMIUM]",true,false,"60b7ee5897775b0001b38bfe","['66eb3931cc972ee2aeeaa0b1']","[PREMIUM]","[PREMIUM]"
"6931ef849dfd7174754584cd","2026-01-22 18:32:38.037","2026-02-22 09:15:28.097","6931ef849dfd7174754584cd","America 250","theater","2026-02-22 14:00:00","2026-02-22 19:00:00","2026-02-22 20:00:00",false,false,false,"[PREMIUM]","[PREMIUM]","[PREMIUM]","[PREMIUM]","[PREMIUM]","[PREMIUM]",false,true,"658b6bd16c495a188b655dce","['582160c5f80c41243770ec4c']","[PREMIUM]","[PREMIUM]"
"690a7f6fdfe85fe8ad7468a3","2026-01-22 18:32:38.037","2026-02-22 09:15:28.097","690a7f6fdfe85fe8ad7468a3","LOVB Madison at LOVB Nebraska","vball","2026-02-22 17:00:00","2026-02-22 23:00:00","2026-02-22 23:00:00",false,false,false,"[PREMIUM]","[PREMIUM]","[PREMIUM]","[PREMIUM]","[PREMIUM]","[PREMIUM]",true,false,"5e7155b818e316003acec3f0","['66eb3931cc972ee2aeeaa0b1']","[PREMIUM]","[PREMIUM]"
"692dfab86ec7c103362c8b26","2026-01-22 18:32:38.037","2026-02-22 09:15:28.097","692dfab86ec7c103362c8b26","Razorback Softball Invitational Day 3 - Southeast Missouri State, Northwestern, and Arkansas","csoft","2026-02-22 10:00:00","2026-02-22 16:00:00","2026-02-22 16:00:00",false,false,false,"[PREMIUM]","[PREMIUM]","[PREMIUM]","[PREMIUM]","[PREMIUM]","[PREMIUM]",false,false,"65fb603cb7c45c267ef1015b","['67af71db7a17130550b17fd7','69403baf568b632a74e70faa']","[PREMIUM]","[PREMIUM]"
"69715605e670d526d6857b69","2026-01-22 18:32:38.037","2026-02-22 09:15:28.097","69715605e670d526d6857b69","Chad Prather (18+ Event)","comedy","2026-02-22 19:00:00","2026-02-23 00:00:00","2026-02-23 00:00:00",false,false,false,"[PREMIUM]","[PREMIUM]","[PREMIUM]","[PREMIUM]","[PREMIUM]","[PREMIUM]",false,true,"64e9228cc36b610001a7c0cc","['663e6e0dcb4f8a02ec0c9889']","[PREMIUM]","[PREMIUM]"
"69715541df642ca8f1813066","2026-01-22 18:32:38.037","2026-02-22 09:15:28.097","69715541df642ca8f1813066","Disney On Ice: Jump In","theater","2026-02-22 12:00:00","2026-02-22 17:00:00","2026-02-22 17:15:00",false,false,false,"[PREMIUM]","[PREMIUM]","[PREMIUM]","[PREMIUM]","[PREMIUM]","[PREMIUM]",true,false,"532b3d533bf3763296000001","['57dc19b1f80c417e9c06490e']","[PREMIUM]","[PREMIUM]"
"697155414045f5eb83799cdd","2026-01-22 18:32:38.037","2026-02-22 09:15:28.097","697155414045f5eb83799cdd","Disney On Ice: Jump In","theater","2026-02-22 16:00:00","2026-02-22 21:00:00","2026-02-22 21:15:00",false,false,false,"[PREMIUM]","[PREMIUM]","[PREMIUM]","[PREMIUM]","[PREMIUM]","[PREMIUM]",true,false,"532b3d533bf3763296000001","['57dc19b1f80c417e9c06490e']","[PREMIUM]","[PREMIUM]"
"697154398ab220d3aa819715","2026-01-22 18:32:38.037","2026-02-22 09:15:28.097","697154398ab220d3aa819715","Valley Suns at Sioux Falls Skyforce","nbagl","2026-02-22 15:00:00","2026-02-22 21:00:00","2026-02-22 22:30:00",false,false,false,"[PREMIUM]","[PREMIUM]","[PREMIUM]","[PREMIUM]","[PREMIUM]","[PREMIUM]",true,false,"618ad6ce983aa50001533834","['5df005b4f05d4d00385db7d4','66db294f7c1277e18b30e3d1']","[PREMIUM]","[PREMIUM]"
"697154184045f5eb83799c8a","2026-01-22 18:32:38.037","2026-02-22 09:15:28.097","697154184045f5eb83799c8a","Big Sugar","music","2026-02-22 19:00:00","2026-02-23 00:00:00","2026-02-23 01:30:00",false,false,false,"[PREMIUM]","[PREMIUM]","[PREMIUM]","[PREMIUM]","[PREMIUM]","[PREMIUM]",false,true,"61fc6c4591790300014d4969","['6335d60e8addf200010610c1']","[PREMIUM]","[PREMIUM]"
"697151e92df3bd04d4a64df5","2026-01-22 18:32:38.037","2026-02-22 09:15:28.097","697151e92df3bd04d4a64df5","Henry Cho","comedy","2026-02-22 19:00:00","2026-02-23 03:00:00","2026-02-23 03:00:00",false,false,false,"[PREMIUM]","[PREMIUM]","[PREMIUM]","[PREMIUM]","[PREMIUM]","[PREMIUM]",true,false,"57c61b85f80c4132e419902c","['65b9d4ffaa9b770f9754707f']","[PREMIUM]","[PREMIUM]"
"6971505b382599bae0c3f028","2026-01-22 18:32:38.037","2026-02-21 05:53:43.518","6971505b382599bae0c3f028","Charlie Berens (18+ Event)","comedy","2026-02-21 22:00:00","2026-02-22 06:00:00","2026-02-22 06:00:00",false,false,false,"[PREMIUM]","[PREMIUM]","[PREMIUM]","[PREMIUM]","[PREMIUM]","[PREMIUM]",true,false,"67a403b65cd7461baeafd0f8","['648b23429d7e5200019147a8']","[PREMIUM]","[PREMIUM]"
"6971505a8e378ebc24ad2ac9","2026-01-22 18:32:38.037","2026-02-21 05:53:43.518","6971505a8e378ebc24ad2ac9","John Summit (21+ Event)","music","2026-02-21 22:30:00","2026-02-22 06:30:00","2026-02-22 08:00:00",false,false,false,"[PREMIUM]","[PREMIUM]","[PREMIUM]","[PREMIUM]","[PREMIUM]","[PREMIUM]",true,false,"65383c65245493a2c22646a8","['6320b0d6e06af00001fa0096']","[PREMIUM]","[PREMIUM]"
"69714fc4a643408dc359b265","2026-01-22 18:32:38.037","2026-02-22 09:15:28.097","69714fc4a643408dc359b265","Heart - Rock Band","music","2026-02-22 19:00:00","2026-02-23 01:00:00","2026-02-23 02:00:00",false,false,false,"[PREMIUM]","[PREMIUM]","[PREMIUM]","[PREMIUM]","[PREMIUM]","[PREMIUM]",true,false,"57aba98ff80c4115bab50ab0","['57c9cca3f80c4132a0454aab']","[PREMIUM]","[PREMIUM]"
"695fe05064593d38f303c6a7","2026-01-22 18:32:38.037","2026-02-22 09:15:28.097","695fe05064593d38f303c6a7","Purdue Boilermakers at Georgia Tech Yellow Jackets Softball","csoft","2026-02-22 12:00:00","2026-02-22 17:00:00","2026-02-22 17:00:00",false,false,false,"[PREMIUM]","[PREMIUM]","[PREMIUM]","[PREMIUM]","[PREMIUM]","[PREMIUM]",false,true,"6965b0b5ad6c245af5c6de90","['69404b25d1cc1561b517f63c','695d3852b6d92c5111f8ce4e']","[PREMIUM]","[PREMIUM]"
"6942172ac2aa4baa29dfeb22","2026-01-22 18:32:38.037","2026-02-21 05:53:43.518","6942172ac2aa4baa29dfeb22","Meredith Marks","music","2026-02-21 21:30:00","2026-02-22 02:30:00","2026-02-22 02:30:00",false,false,false,"[PREMIUM]","[PREMIUM]","[PREMIUM]","[PREMIUM]","[PREMIUM]","[PREMIUM]",false,false,"57e9b50acde6626ebe303bbc","['6970eabe71e21fe8ed589397']","[PREMIUM]","[PREMIUM]"
"6931ef83b4813fb78e234f34","2026-01-22 18:32:27.697","2026-02-21 05:53:34.308","6931ef83b4813fb78e234f34","America 250","theater","2026-02-21 14:00:00","2026-02-21 19:00:00","2026-02-21 20:00:00",false,false,false,"[PREMIUM]","[PREMIUM]","[PREMIUM]","[PREMIUM]","[PREMIUM]","[PREMIUM]",false,true,"658b6bd16c495a188b655dce","['582160c5f80c41243770ec4c']","[PREMIUM]","[PREMIUM]"
"6931ef8162e738a08d94a546","2026-01-22 18:32:27.697","2026-02-21 05:53:43.518","6931ef8162e738a08d94a546","America 250","theater","2026-02-21 19:30:00","2026-02-22 00:30:00","2026-02-22 01:30:00",false,false,false,"[PREMIUM]","[PREMIUM]","[PREMIUM]","[PREMIUM]","[PREMIUM]","[PREMIUM]",false,true,"658b6bd16c495a188b655dce","['582160c5f80c41243770ec4c']","[PREMIUM]","[PREMIUM]"
"690abd3fc5de9b03727c075d","2026-01-22 18:32:27.697","2026-02-21 05:53:34.308","690abd3fc5de9b03727c075d","LOVB Houston at LOVB Salt Lake","vball","2026-02-21 18:00:00","2026-02-22 01:00:00","2026-02-22 01:00:00",false,false,false,"[PREMIUM]","[PREMIUM]","[PREMIUM]","[PREMIUM]","[PREMIUM]","[PREMIUM]",true,false,"678af071f065f4b4c91c8633","['66eb3931cc972ee2aeeaa0b1']","[PREMIUM]","[PREMIUM]"
"69724d28761d0f573983402c","2026-01-22 18:32:27.697","2026-02-21 05:53:43.518","69724d28761d0f573983402c","((( O )))","music","2026-02-21 20:00:00","2026-02-22 01:00:00","2026-02-22 01:00:00",false,false,false,"[PREMIUM]","[PREMIUM]","[PREMIUM]","[PREMIUM]","[PREMIUM]","[PREMIUM]",false,false,"5bb29e402f3c38001439e9a5","['66f1e96812b1221d7d961ae9']","[PREMIUM]","[PREMIUM]"
"697156c38ab220d3aa8197aa","2026-01-22 18:32:27.697","2026-02-21 05:53:43.518","697156c38ab220d3aa8197aa","Dwight Yoakam","music","2026-02-21 20:00:00","2026-02-22 01:00:00","2026-02-22 02:00:00",false,false,false,"[PREMIUM]","[PREMIUM]","[PREMIUM]","[PREMIUM]","[PREMIUM]","[PREMIUM]",false,true,"648cd9dc28b11a0001efd256","['58a79362f80c41494ff7ce59']","[PREMIUM]","[PREMIUM]"
"6971569737a1ca903cdc888c","2026-01-22 18:32:27.697","2026-02-02 11:02:30.891","6971569737a1ca903cdc888c","Akron Zips at Ball State Cardinals Mens Basketball","cbb","2026-02-21 14:00:00","2026-02-21 19:00:00","2026-02-21 20:30:00",false,false,false,"[PREMIUM]","[PREMIUM]","[PREMIUM]","[PREMIUM]","[PREMIUM]","[PREMIUM]",true,false,"5a3029ccc173c100124c31ed","['59caeadd25f2c56a69c03c92','59caeadd25f2c56a69c03cb6']","[PREMIUM]","[PREMIUM]"
"6971560597f71f961acf0090","2026-01-22 18:32:27.697","2026-02-21 05:53:43.518","6971560597f71f961acf0090","Chad Prather (18+ Event)","comedy","2026-02-21 21:00:00","2026-02-22 02:00:00","2026-02-22 02:00:00",false,false,false,"[PREMIUM]","[PREMIUM]","[PREMIUM]","[PREMIUM]","[PREMIUM]","[PREMIUM]",false,true,"64e9228cc36b610001a7c0cc","['663e6e0dcb4f8a02ec0c9889']","[PREMIUM]","[PREMIUM]"
"6971560527d2b812a3c9da08","2026-01-22 18:32:27.697","2026-02-21 05:53:34.308","6971560527d2b812a3c9da08","Chad Prather (18+ Event)","comedy","2026-02-21 19:00:00","2026-02-22 00:00:00","2026-02-22 00:00:00",false,false,false,"[PREMIUM]","[PREMIUM]","[PREMIUM]","[PREMIUM]","[PREMIUM]","[PREMIUM]",false,true,"64e9228cc36b610001a7c0cc","['663e6e0dcb4f8a02ec0c9889']","[PREMIUM]","[PREMIUM]"
"6971554a5b6ff771d8e2c756","2026-01-22 18:32:27.697","2026-02-21 05:53:43.518","6971554a5b6ff771d8e2c756","Paula Poundstone","comedy","2026-02-21 19:30:00","2026-02-22 00:30:00","2026-02-22 02:00:00",false,false,false,"[PREMIUM]","[PREMIUM]","[PREMIUM]","[PREMIUM]","[PREMIUM]","[PREMIUM]",false,true,"67e31242a2a6670c49dac194","['5dbc9fc25d6c8600373c70c3']","[PREMIUM]","[PREMIUM]"
"6971546c23fcdcd664d0a63b","2026-01-22 18:32:27.697","2026-02-21 05:53:34.308","6971546c23fcdcd664d0a63b","Tom Papa","comedy","2026-02-21 19:00:00","2026-02-22 00:00:00","2026-02-22 01:30:00",false,false,false,"[PREMIUM]","[PREMIUM]","[PREMIUM]","[PREMIUM]","[PREMIUM]","[PREMIUM]",false,false,"5ae9e1666d5aa100126dbf64","['5dbca3c21b5e80003a4aceac']","[PREMIUM]","[PREMIUM]"
"69715403a643408dc359b361","2026-01-22 18:32:27.697","2026-02-21 05:53:34.308","69715403a643408dc359b361","Michael Shannon","music","2026-02-21 19:00:00","2026-02-22 01:00:00","2026-02-22 01:00:00",false,false,false,"[PREMIUM]","[PREMIUM]","[PREMIUM]","[PREMIUM]","[PREMIUM]","[PREMIUM]",false,false,"57d9ebde50575d33c87a6d43","['651585a536cd8057dee2fcc0']","[PREMIUM]","[PREMIUM]"
"6970585d4045f5eb83794af6","2026-01-22 18:32:27.697","2026-02-21 05:53:43.518","6970585d4045f5eb83794af6","Little Shop of Horrors","theater","2026-02-21 20:00:00","2026-02-22 02:00:00","2026-02-22 02:00:00",false,false,false,"[PREMIUM]","[PREMIUM]","[PREMIUM]","[PREMIUM]","[PREMIUM]","[PREMIUM]",false,true,"67c0f56e8e71e88677355e3c","['659737b6b2295ec66ef02bbd']","[PREMIUM]","[PREMIUM]"
"696db286a99ed170967be7e9","2026-01-22 18:32:27.697","2026-02-21 05:53:43.518","696db286a99ed170967be7e9","Monster X Tour","auto","2026-02-21 19:30:00","2026-02-22 03:30:00","2026-02-22 04:15:00",false,false,false,"[PREMIUM]","[PREMIUM]","[PREMIUM]","[PREMIUM]","[PREMIUM]","[PREMIUM]",false,true,"67e31252a2665db1ef52e210","['5deee9f0ab73290037ec4eba']","[PREMIUM]","[PREMIUM]"
"6930a0f818f9847235518274","2026-01-22 18:32:19.770","2026-02-20 02:34:42.482","6930a0f818f9847235518274","Pittsburgh Panthers at Clemson Tigers Womens Gymnastics","gymnastics","2026-02-20 19:00:00","2026-02-21 00:00:00","2026-02-21 00:00:00",false,false,false,"[PREMIUM]","[PREMIUM]","[PREMIUM]","[PREMIUM]","[PREMIUM]","[PREMIUM]",true,false,"581800f9cde6626ebe228a89","['65aaf7880a38821a8a848efe']","[PREMIUM]","[PREMIUM]"
"68e697675d5df93149b1813d","2026-01-22 18:32:19.770","2026-02-20 02:34:42.482","68e697675d5df93149b1813d","Kentucky Wildcats at Arkansas Razorbacks Gymnastics","gymnastics","2026-02-20 19:15:00","2026-02-21 01:15:00","2026-02-21 01:15:00",false,false,false,"[PREMIUM]","[PREMIUM]","[PREMIUM]","[PREMIUM]","[PREMIUM]","[PREMIUM]",true,false,"581800f9cde6626ebe228a8e","['65aae4fe954ba015afd5cda3','65a9ace6c95bfc2acaea8a90']","[PREMIUM]","[PREMIUM]"
"6925fc4747c1f3cf237b5a1b","2026-01-22 18:32:19.770","2026-02-20 02:34:42.482","6925fc4747c1f3cf237b5a1b","LOVB Madison at LOVB Austin","vball","2026-02-20 19:00:00","2026-02-21 01:00:00","2026-02-21 01:00:00",false,false,false,"[PREMIUM]","[PREMIUM]","[PREMIUM]","[PREMIUM]","[PREMIUM]","[PREMIUM]",true,false,"59b1da9194c1c6000138c9d6","['66eb3931cc972ee2aeeaa0b1']","[PREMIUM]","[PREMIUM]"
"687252b4f1b1214db50f43fa","2026-01-22 18:32:19.770","2026-02-21 05:53:34.308","687252b4f1b1214db50f43fa","Middle Tennessee State Blue Raiders at Western Kentucky Hilltoppers Womens Basketball","wcbb","2026-02-21 14:00:00","2026-02-21 20:00:00","2026-02-21 20:00:00",false,false,false,"[PREMIUM]","[PREMIUM]","[PREMIUM]","[PREMIUM]","[PREMIUM]","[PREMIUM]",false,false,"64efb5b3cbffa600017a224e","['653a813cf9fae0d551b0146d','67070063e7cbcdf0e7a8f51e']","[PREMIUM]","[PREMIUM]"
"692fbd41f7c27e8df35b482e","2026-01-22 18:32:19.770","2026-02-20 02:34:42.482","692fbd41f7c27e8df35b482e","Meredith Marks","music","2026-02-20 20:00:00","2026-02-21 01:00:00","2026-02-21 01:00:00",false,false,false,"[PREMIUM]","[PREMIUM]","[PREMIUM]","[PREMIUM]","[PREMIUM]","[PREMIUM]",false,true,"6815080e45129a1a3977fe48","['6970eabe71e21fe8ed589397']","[PREMIUM]","[PREMIUM]"
"692dfab9183a7c6e70504dae","2026-01-22 18:32:19.770","2026-02-21 05:53:34.308","692dfab9183a7c6e70504dae","Razorback Softball Invitational Day 2 - Southeast Missouri State, Northwestern, and Arkansas","csoft","2026-02-21 13:30:00","2026-02-21 19:30:00","2026-02-21 19:30:00",false,false,false,"[PREMIUM]","[PREMIUM]","[PREMIUM]","[PREMIUM]","[PREMIUM]","[PREMIUM]",false,false,"65fb603cb7c45c267ef1015b","['67af71db7a17130550b17fd7','69403baf568b632a74e70faa']","[PREMIUM]","[PREMIUM]"
"69721b688ab220d3aa81bfb2","2026-01-22 18:32:19.770","2026-02-20 02:34:50.790","69721b688ab220d3aa81bfb2","Broadway Rave (17+ Event)","music","2026-02-20 21:30:00","2026-02-21 03:30:00","2026-02-21 05:00:00",false,false,false,"[PREMIUM]","[PREMIUM]","[PREMIUM]","[PREMIUM]","[PREMIUM]","[PREMIUM]",false,true,"62a271bb04da2800013fcf3e","['63f7ea8830f3780001e158be']","[PREMIUM]","[PREMIUM]"
"697219fc355fcc219fca36b5","2026-01-22 18:32:19.770","2026-02-20 02:34:50.790","697219fc355fcc219fca36b5","Broadway Rave (21+ Event)","music","2026-02-20 21:00:00","2026-02-21 04:00:00","2026-02-21 05:30:00",false,false,false,"[PREMIUM]","[PREMIUM]","[PREMIUM]","[PREMIUM]","[PREMIUM]","[PREMIUM]",false,true,"62d0a6f7c5a57e0001e35643","['63f7ea8830f3780001e158be']","[PREMIUM]","[PREMIUM]"
"6972191a762fd6c8bd37f3d9","2026-01-22 18:32:19.770","2026-02-20 02:34:42.482","6972191a762fd6c8bd37f3d9","Damien Jurado","music","2026-02-20 19:00:00","2026-02-21 02:00:00","2026-02-21 03:30:00",false,false,false,"[PREMIUM]","[PREMIUM]","[PREMIUM]","[PREMIUM]","[PREMIUM]","[PREMIUM]",false,true,"63c88291651c8a0001763009","['5a84c252f4f31200130e4d00']","[PREMIUM]","[PREMIUM]"
"6971aadf97f71f961acf16b7","2026-01-22 18:32:19.770","2026-02-21 05:53:34.308","6971aadf97f71f961acf16b7","Acraze (21+ Event)","music","2026-02-20 22:00:00","2026-02-21 06:00:00","2026-02-21 06:00:00",false,false,false,"[PREMIUM]","[PREMIUM]","[PREMIUM]","[PREMIUM]","[PREMIUM]","[PREMIUM]",false,true,"63e3f759d3442e00010d1b58","['66034808ee001970211d7400']","[PREMIUM]","[PREMIUM]"
"6971a3f53a80f25326b2aa97","2026-01-22 18:32:19.770","2026-02-20 02:34:50.790","6971a3f53a80f25326b2aa97","Debi Tirar Mas Fiestas","music","2026-02-20 21:00:00","2026-02-21 02:00:00","2026-02-21 02:00:00",false,false,false,"[PREMIUM]","[PREMIUM]","[PREMIUM]","[PREMIUM]","[PREMIUM]","[PREMIUM]",false,false,"62bf39f8b6b97400011f8aaf","['67900dc3344906932dcc7aa3']","[PREMIUM]","[PREMIUM]"
"6971566ffdbab677d11d5fa6","2026-01-22 18:32:19.770","2026-02-20 02:34:42.482","6971566ffdbab677d11d5fa6","Henry Cho","comedy","2026-02-20 20:00:00","2026-02-21 04:00:00","2026-02-21 04:00:00",false,false,false,"[PREMIUM]","[PREMIUM]","[PREMIUM]","[PREMIUM]","[PREMIUM]","[PREMIUM]",false,true,"67253250d798e0f554ccec0b","['65b9d4ffaa9b770f9754707f']","[PREMIUM]","[PREMIUM]"
"6971560596e0b622d94c4bc5","2026-01-22 18:32:19.770","2026-02-20 02:34:42.482","6971560596e0b622d94c4bc5","Chad Prather (18+ Event)","comedy","2026-02-20 19:00:00","2026-02-21 00:00:00","2026-02-21 00:00:00",false,false,false,"[PREMIUM]","[PREMIUM]","[PREMIUM]","[PREMIUM]","[PREMIUM]","[PREMIUM]",false,true,"64e9228cc36b610001a7c0cc","['663e6e0dcb4f8a02ec0c9889']","[PREMIUM]","[PREMIUM]"
"69715605867b280b82b5246c","2026-01-22 18:32:19.770","2026-02-20 02:34:50.790","69715605867b280b82b5246c","Chad Prather (18+ Event)","comedy","2026-02-20 21:00:00","2026-02-21 02:00:00","2026-02-21 02:00:00",false,false,false,"[PREMIUM]","[PREMIUM]","[PREMIUM]","[PREMIUM]","[PREMIUM]","[PREMIUM]",false,true,"64e9228cc36b610001a7c0cc","['663e6e0dcb4f8a02ec0c9889']","[PREMIUM]","[PREMIUM]"
"697155f427d2b812a3c9da00","2026-01-22 18:32:19.770","2026-02-20 02:34:42.482","697155f427d2b812a3c9da00","Ole 60","music","2026-02-20 20:00:00","2026-02-21 01:00:00","2026-02-21 01:00:00",false,false,false,"[PREMIUM]","[PREMIUM]","[PREMIUM]","[PREMIUM]","[PREMIUM]","[PREMIUM]",true,false,"57d2fbe050575d33c8593598","['66341bbd888611dceb444167']","[PREMIUM]","[PREMIUM]"
"69715552762fd6c8bd37cacd","2026-01-22 18:32:19.770","2026-02-20 02:34:42.482","69715552762fd6c8bd37cacd","Hairball","music","2026-02-20 19:30:00","2026-02-21 01:30:00","2026-02-21 01:30:00",false,false,false,"[PREMIUM]","[PREMIUM]","[PREMIUM]","[PREMIUM]","[PREMIUM]","[PREMIUM]",false,true,"6452c437bf6e77000103313c","['677c1b9f50a3ae0179be08c4']","[PREMIUM]","[PREMIUM]"
"69715510be133370aa214461","2026-01-22 18:32:19.770","2026-02-20 02:34:42.482","69715510be133370aa214461","Tusk - The Ultimate Fleetwood Mac Tribute","music","2026-02-20 20:00:00","2026-02-21 01:00:00","2026-02-21 01:00:00",false,false,false,"[PREMIUM]","[PREMIUM]","[PREMIUM]","[PREMIUM]","[PREMIUM]","[PREMIUM]",false,false,"67ae8b725491446f05b81301","['676eff47322392a0eb677f17']","[PREMIUM]","[PREMIUM]"
"6971544866c7fd4b15309133","2026-01-22 18:32:19.770","2026-02-20 02:34:42.482","6971544866c7fd4b15309133","Charlie Berens","comedy","2026-02-20 19:00:00","2026-02-21 03:00:00","2026-02-21 03:00:00",false,false,false,"[PREMIUM]","[PREMIUM]","[PREMIUM]","[PREMIUM]","[PREMIUM]","[PREMIUM]",true,false,"59b848e23d4a400001188f5b","['648b23429d7e5200019147a8']","[PREMIUM]","[PREMIUM]"
"6971543927d2b812a3c9d998","2026-01-22 18:32:19.770","2026-02-20 02:34:42.482","6971543927d2b812a3c9d998","Valley Suns at Sioux Falls Skyforce","nbagl","2026-02-20 19:00:00","2026-02-21 01:00:00","2026-02-21 02:30:00",false,false,false,"[PREMIUM]","[PREMIUM]","[PREMIUM]","[PREMIUM]","[PREMIUM]","[PREMIUM]",false,false,"618ad6ce983aa50001533834","['5df005b4f05d4d00385db7d4','66db294f7c1277e18b30e3d1']","[PREMIUM]","[PREMIUM]"
"697153f437a1ca903cdc8800","2026-01-22 18:32:19.770","2026-02-20 02:34:42.482","697153f437a1ca903cdc8800","Esperanza Spalding","music","2026-02-20 19:30:00","2026-02-21 00:30:00","2026-02-21 00:30:00",false,false,false,"[PREMIUM]","[PREMIUM]","[PREMIUM]","[PREMIUM]","[PREMIUM]","[PREMIUM]",false,false,"64138a808d444a0001030f52","['661072eb675e6900568f37e1']","[PREMIUM]","[PREMIUM]"
"6971521a8efbc46e363f7568","2026-01-22 18:32:19.770","2026-02-20 02:34:42.482","6971521a8efbc46e363f7568","Larry Fleet","music","2026-02-20 20:00:00","2026-02-21 01:00:00","2026-02-21 02:30:00",false,false,false,"[PREMIUM]","[PREMIUM]","[PREMIUM]","[PREMIUM]","[PREMIUM]","[PREMIUM]",false,false,"6781bcc33656f182d9f4dc96","['626806cd3d80e100010d9b43']","[PREMIUM]","[PREMIUM]"
"6971505b66c7fd4b15309069","2026-01-22 18:32:19.770","2026-02-21 05:53:34.308","6971505b66c7fd4b15309069","Show Your Skillz","comedy","2026-02-20 23:30:00","2026-02-21 07:30:00","2026-02-21 07:30:00",false,false,false,"[PREMIUM]","[PREMIUM]","[PREMIUM]","[PREMIUM]","[PREMIUM]","[PREMIUM]",false,true,"63e6a8b18d0aad0001987d37","['65bbd1fb246e3ec07184fb48']","[PREMIUM]","[PREMIUM]"
"6970585dbe133370aa20f3b6","2026-01-22 18:32:19.770","2026-02-20 02:34:42.482","6970585dbe133370aa20f3b6","Little Shop of Horrors","theater","2026-02-20 19:30:00","2026-02-21 01:30:00","2026-02-21 01:30:00",false,false,false,"[PREMIUM]","[PREMIUM]","[PREMIUM]","[PREMIUM]","[PREMIUM]","[PREMIUM]",false,true,"67c0f56e8e71e88677355e3c","['659737b6b2295ec66ef02bbd']","[PREMIUM]","[PREMIUM]"
"697038168ab220d3aa814081","2026-01-22 18:32:19.770","2026-02-20 02:34:50.790","697038168ab220d3aa814081","Emo Nite (21+ Event)","music","2026-02-20 21:00:00","2026-02-21 05:00:00","2026-02-21 05:00:00",false,false,false,"[PREMIUM]","[PREMIUM]","[PREMIUM]","[PREMIUM]","[PREMIUM]","[PREMIUM]",false,false,"57e2f27c50575d33c8a48f4c","['65ce998d07a5794f79181c42']","[PREMIUM]","[PREMIUM]"
"697036de96e0b622d94bf2b2","2026-01-22 18:32:19.770","2026-02-18 23:22:47.833","697036de96e0b622d94bf2b2","Faizon Love","comedy","2026-02-20 19:00:00","2026-02-21 01:00:00","2026-02-21 01:00:00",false,false,false,"[PREMIUM]","[PREMIUM]","[PREMIUM]","[PREMIUM]","[PREMIUM]","[PREMIUM]",false,false,"64f0f8f2e2b35d00016720b4","['6511fee4964225e9ff92620e']","[PREMIUM]","[PREMIUM]"
"697036de8e832ecf94bcd18e","2026-01-22 18:32:19.770","2026-02-18 23:22:47.833","697036de8e832ecf94bcd18e","Faizon Love","comedy","2026-02-20 21:45:00","2026-02-21 03:45:00","2026-02-21 03:45:00",false,false,false,"[PREMIUM]","[PREMIUM]","[PREMIUM]","[PREMIUM]","[PREMIUM]","[PREMIUM]",false,false,"64f0f8f2e2b35d00016720b4","['6511fee4964225e9ff92620e']","[PREMIUM]","[PREMIUM]"
"696db2860249fcb747dbde98","2026-01-22 18:32:19.770","2026-02-21 05:53:34.308","696db2860249fcb747dbde98","Monster X Tour","auto","2026-02-21 13:30:00","2026-02-21 21:30:00","2026-02-21 22:15:00",false,false,false,"[PREMIUM]","[PREMIUM]","[PREMIUM]","[PREMIUM]","[PREMIUM]","[PREMIUM]",false,true,"67e31252a2665db1ef52e210","['5deee9f0ab73290037ec4eba']","[PREMIUM]","[PREMIUM]"
"6969daa62b2f117f02c3c2a7","2026-01-22 18:32:19.770","2026-02-20 02:34:42.482","6969daa62b2f117f02c3c2a7","Comedy Allstars","comedy","2026-02-20 19:30:00","2026-02-21 03:30:00","2026-02-21 05:00:00",false,false,false,"[PREMIUM]","[PREMIUM]","[PREMIUM]","[PREMIUM]","[PREMIUM]","[PREMIUM]",false,true,"697172eba99ed170967cd840","['61d34558dcfdfa0001d025bf']","[PREMIUM]","[PREMIUM]"
"690de711225d37a3c592435c","2026-01-22 18:32:08.409","2026-02-18 23:22:39.278","690de711225d37a3c592435c","LOVB Atlanta at LOVB Houston","vball","2026-02-19 19:00:00","2026-02-20 01:00:00","2026-02-20 01:00:00",false,false,false,"[PREMIUM]","[PREMIUM]","[PREMIUM]","[PREMIUM]","[PREMIUM]","[PREMIUM]",true,false,"67880833cc391d3261382561","['66eb3931cc972ee2aeeaa0b1']","[PREMIUM]","[PREMIUM]"
"6971570d867b280b82b524b0","2026-01-22 18:32:08.409","2026-02-18 23:22:39.278","6971570d867b280b82b524b0","Reverend Horton Heat","music","2026-02-18 20:00:00","2026-02-19 02:00:00","2026-02-19 03:00:00",false,false,false,"[PREMIUM]","[PREMIUM]","[PREMIUM]","[PREMIUM]","[PREMIUM]","[PREMIUM]",false,true,"62fac8d2f3a44b0001934fa6","['59b3189425f2c53fa02a9603']","[PREMIUM]","[PREMIUM]"
"6971566edf642ca8f18130b6","2026-01-22 18:32:08.409","2026-02-18 23:22:39.278","6971566edf642ca8f18130b6","Don McMillan","comedy","2026-02-18 20:00:00","2026-02-19 04:00:00","2026-02-19 04:00:00",false,false,false,"[PREMIUM]","[PREMIUM]","[PREMIUM]","[PREMIUM]","[PREMIUM]","[PREMIUM]",false,false,"615f24603f8dfc0001507a90","['658332502e13f7d44ee8b04f']","[PREMIUM]","[PREMIUM]"
"6971563be670d526d6857b77","2026-01-22 18:32:08.409","2026-02-20 02:34:42.482","6971563be670d526d6857b77","Reverend Horton Heat","music","2026-02-19 20:00:00","2026-02-20 02:00:00","2026-02-20 03:00:00",false,false,false,"[PREMIUM]","[PREMIUM]","[PREMIUM]","[PREMIUM]","[PREMIUM]","[PREMIUM]",false,true,"6813ae35fa7a4c550694afd4","['59b3189425f2c53fa02a9603']","[PREMIUM]","[PREMIUM]"
"697155588e378ebc24ad2bf2","2026-01-22 18:32:08.409","2026-02-20 02:34:42.482","697155588e378ebc24ad2bf2","Dwight Yoakam","music","2026-02-19 20:00:00","2026-02-20 02:00:00","2026-02-20 03:00:00",false,false,false,"[PREMIUM]","[PREMIUM]","[PREMIUM]","[PREMIUM]","[PREMIUM]","[PREMIUM]",false,false,"6781be800f98046710bb614d","['58a79362f80c41494ff7ce59']","[PREMIUM]","[PREMIUM]"
"69715541fdbab677d11d5f5a","2026-01-22 18:32:08.409","2026-02-18 23:22:39.278","69715541fdbab677d11d5f5a","Disney On Ice: Jump In","theater","2026-02-19 15:00:00","2026-02-19 20:00:00","2026-02-19 20:15:00",false,false,false,"[PREMIUM]","[PREMIUM]","[PREMIUM]","[PREMIUM]","[PREMIUM]","[PREMIUM]",true,false,"532b3d533bf3763296000001","['57dc19b1f80c417e9c06490e']","[PREMIUM]","[PREMIUM]"
"69715541e162f3c64d7ecc0e","2026-01-22 18:32:08.409","2026-02-20 02:34:42.482","69715541e162f3c64d7ecc0e","Disney On Ice: Jump In","theater","2026-02-20 15:00:00","2026-02-20 20:00:00","2026-02-20 20:15:00",false,false,false,"[PREMIUM]","[PREMIUM]","[PREMIUM]","[PREMIUM]","[PREMIUM]","[PREMIUM]",true,false,"532b3d533bf3763296000001","['57dc19b1f80c417e9c06490e']","[PREMIUM]","[PREMIUM]"
"69715541d1c7e8209285114d","2026-01-22 18:32:08.409","2026-02-18 23:22:39.278","69715541d1c7e8209285114d","Disney On Ice: Jump In","theater","2026-02-18 19:00:00","2026-02-19 00:00:00","2026-02-19 00:15:00",false,false,false,"[PREMIUM]","[PREMIUM]","[PREMIUM]","[PREMIUM]","[PREMIUM]","[PREMIUM]",true,false,"532b3d533bf3763296000001","['57dc19b1f80c417e9c06490e']","[PREMIUM]","[PREMIUM]"
"697155418efbc46e363f7627","2026-01-22 18:32:08.409","2026-02-20 02:34:42.482","697155418efbc46e363f7627","Disney On Ice: Jump In","theater","2026-02-20 11:00:00","2026-02-20 16:00:00","2026-02-20 16:15:00",false,false,false,"[PREMIUM]","[PREMIUM]","[PREMIUM]","[PREMIUM]","[PREMIUM]","[PREMIUM]",true,false,"532b3d533bf3763296000001","['57dc19b1f80c417e9c06490e']","[PREMIUM]","[PREMIUM]"
"69715541867b280b82b52432","2026-01-22 18:32:08.409","2026-02-18 23:22:39.278","69715541867b280b82b52432","Disney On Ice: Jump In","theater","2026-02-19 11:00:00","2026-02-19 16:00:00","2026-02-19 16:15:00",false,false,false,"[PREMIUM]","[PREMIUM]","[PREMIUM]","[PREMIUM]","[PREMIUM]","[PREMIUM]",true,false,"532b3d533bf3763296000001","['57dc19b1f80c417e9c06490e']","[PREMIUM]","[PREMIUM]"
"6971545da643408dc359b373","2026-01-22 18:32:08.409","2026-02-18 23:22:39.278","6971545da643408dc359b373","Heart","music","2026-02-18 19:00:00","2026-02-19 00:00:00","2026-02-19 01:00:00",false,false,false,"[PREMIUM]","[PREMIUM]","[PREMIUM]","[PREMIUM]","[PREMIUM]","[PREMIUM]",true,false,"5819092ccde6626ebe2ad25f","['57c9cca3f80c4132a0454aab']","[PREMIUM]","[PREMIUM]"
"6971543997f71f961acf000e","2026-01-22 18:32:08.409","2026-02-18 23:22:39.278","6971543997f71f961acf000e","Rio Grande Valley Vipers at Sioux Falls Skyforce","nbagl","2026-02-19 18:30:00","2026-02-20 00:30:00","2026-02-20 02:00:00",false,false,false,"[PREMIUM]","[PREMIUM]","[PREMIUM]","[PREMIUM]","[PREMIUM]","[PREMIUM]",false,false,"618ad6ce983aa50001533834","['5df005b4f05d4d00385db7d4','5df007fce043bc00381ea8f6']","[PREMIUM]","[PREMIUM]"
"697153f18e378ebc24ad2b9a","2026-01-22 18:32:08.409","2026-02-18 23:22:39.278","697153f18e378ebc24ad2b9a","Dayton Flyers at George Mason Patriots Mens Basketball","cbb","2026-02-18 19:00:00","2026-02-19 00:00:00","2026-02-19 01:30:00",false,false,false,"[PREMIUM]","[PREMIUM]","[PREMIUM]","[PREMIUM]","[PREMIUM]","[PREMIUM]",true,false,"5796a1a1f80c417d2a835618","['58180165f80c416da256412a','54de9b5b64f9627a3a000008']","[PREMIUM]","[PREMIUM]"
"69703bdbb325e6b6fbe49251","2026-01-22 18:32:08.409","2026-02-18 23:22:39.278","69703bdbb325e6b6fbe49251","Little Shop of Horrors","theater","2026-02-18 19:00:00","2026-02-19 01:00:00","2026-02-19 01:00:00",false,false,false,"[PREMIUM]","[PREMIUM]","[PREMIUM]","[PREMIUM]","[PREMIUM]","[PREMIUM]",false,true,"67c0f56e8e71e88677355e3c","['659737b6b2295ec66ef02bbd']","[PREMIUM]","[PREMIUM]"
"69703bdb71e21fe8ed586d01","2026-01-22 18:32:08.409","2026-02-18 23:22:39.278","69703bdb71e21fe8ed586d01","Little Shop of Horrors","theater","2026-02-19 19:00:00","2026-02-20 01:00:00","2026-02-20 01:00:00",false,false,false,"[PREMIUM]","[PREMIUM]","[PREMIUM]","[PREMIUM]","[PREMIUM]","[PREMIUM]",false,true,"67c0f56e8e71e88677355e3c","['659737b6b2295ec66ef02bbd']","[PREMIUM]","[PREMIUM]"
"694ca4712592094c0c559720","2026-01-22 18:32:08.409","2026-02-20 02:34:42.482","694ca4712592094c0c559720","Northwestern Wildcats at Arkansas Razorbacks Softball","csoft","2026-02-20 16:00:00","2026-02-20 22:00:00","2026-02-20 22:00:00",false,false,false,"[PREMIUM]","[PREMIUM]","[PREMIUM]","[PREMIUM]","[PREMIUM]","[PREMIUM]",false,false,"65fb603cb7c45c267ef1015b","['67af71db7a17130550b17fd7','69403baf568b632a74e70faa']","[PREMIUM]","[PREMIUM]"
"69408c6947db4bd081b01152","2026-01-22 18:32:08.409","2026-02-18 23:22:39.278","69408c6947db4bd081b01152","DJ Meredith Marks (18+ Event)","music","2026-02-19 21:30:00","2026-02-20 02:30:00","2026-02-20 02:30:00",false,false,false,"[PREMIUM]","[PREMIUM]","[PREMIUM]","[PREMIUM]","[PREMIUM]","[PREMIUM]",false,false,"57eaab67cde6626ebe3842d1","['6970eabe71e21fe8ed589397']","[PREMIUM]","[PREMIUM]"
"6938db7dbf16b1e2aa81533d","2026-01-22 18:32:08.409","2026-02-18 23:22:39.278","6938db7dbf16b1e2aa81533d","Meredith Marks","music","2026-02-18 20:00:00","2026-02-19 01:00:00","2026-02-19 01:00:00",false,false,false,"[PREMIUM]","[PREMIUM]","[PREMIUM]","[PREMIUM]","[PREMIUM]","[PREMIUM]",false,false,"57e31d1450575d33c8a5fb76","['6970eabe71e21fe8ed589397']","[PREMIUM]","[PREMIUM]"
"68d5fc6990763db709b07e48","2026-01-22 18:31:56.402","2026-02-15 12:44:19.940","68d5fc6990763db709b07e48","Suzanne Vega: Flying With Angels (21+ Event)","music","2026-02-15 19:30:00","2026-02-16 03:30:00","2026-02-16 03:30:00",false,false,false,"[PREMIUM]","[PREMIUM]","[PREMIUM]","[PREMIUM]","[PREMIUM]","[PREMIUM]",false,true,"6971741fa590240b02941398","['66070840fc8484029e1836f4']","[PREMIUM]","[PREMIUM]"
"68a925e434c3464a8c818583","2026-01-22 18:31:56.402","2026-02-18 23:22:39.278","68a925e434c3464a8c818583","South Alabama Jaguars at Troy Trojans Womens Basketball","wcbb","2026-02-18 18:00:00","2026-02-19 00:00:00","2026-02-19 00:00:00",false,false,false,"[PREMIUM]","[PREMIUM]","[PREMIUM]","[PREMIUM]","[PREMIUM]","[PREMIUM]",false,false,"66db15a3b0e0b37b36bd7412","['64f90c65ddee5e0001596fc3','65bbb872299532d389027601']","[PREMIUM]","[PREMIUM]"
"697218ecbe133370aa216e0f","2026-01-22 18:31:56.402","2026-02-17 19:25:22.529","697218ecbe133370aa216e0f","Tonight At the Improv","comedy","2026-02-17 21:30:00","2026-02-18 05:30:00","2026-02-18 05:30:00",false,false,false,"[PREMIUM]","[PREMIUM]","[PREMIUM]","[PREMIUM]","[PREMIUM]","[PREMIUM]",false,true,"61c39b25ad04e000018c24ae","['661749b5fcc53ff64e381858']","[PREMIUM]","[PREMIUM]"
"697157162df3bd04d4a64f3a","2026-01-22 18:31:56.402","2026-02-15 12:44:19.940","697157162df3bd04d4a64f3a","Disney On Ice: Jump In","theater","2026-02-15 18:30:00","2026-02-16 00:30:00","2026-02-16 00:45:00",false,false,false,"[PREMIUM]","[PREMIUM]","[PREMIUM]","[PREMIUM]","[PREMIUM]","[PREMIUM]",false,false,"530445733bf3767835000003","['57dc19b1f80c417e9c06490e']","[PREMIUM]","[PREMIUM]"
"697156f31fec7a6174fff15f","2026-01-22 18:31:56.402","2026-02-15 12:44:19.940","697156f31fec7a6174fff15f","Stayin Alive - Bee Gees Tribute","music","2026-02-15 19:30:00","2026-02-16 00:30:00","2026-02-16 00:30:00",false,false,false,"[PREMIUM]","[PREMIUM]","[PREMIUM]","[PREMIUM]","[PREMIUM]","[PREMIUM]",false,false,"67ae2ed6426d8edbfae04525","['65cd0d9f81da80e1159c1863']","[PREMIUM]","[PREMIUM]"
"6971557b7b979bb8f42a0a82","2026-01-22 18:31:56.402","2026-02-15 12:44:19.940","6971557b7b979bb8f42a0a82","Heart - Rock Band","music","2026-02-15 19:00:00","2026-02-16 00:00:00","2026-02-16 01:00:00",false,false,false,"[PREMIUM]","[PREMIUM]","[PREMIUM]","[PREMIUM]","[PREMIUM]","[PREMIUM]",false,false,"58127f1ecde6626ebe12395e","['57c9cca3f80c4132a0454aab']","[PREMIUM]","[PREMIUM]"
"69715078e670d526d6857a06","2026-01-22 18:31:56.402","2026-02-15 12:44:19.940","69715078e670d526d6857a06","Cat Power","music","2026-02-15 20:00:00","2026-02-16 03:00:00","2026-02-16 04:30:00",false,false,false,"[PREMIUM]","[PREMIUM]","[PREMIUM]","[PREMIUM]","[PREMIUM]","[PREMIUM]",false,false,"599f65df9da0d48c0d9d00b5","['5b50d7075e753a001341f6b6']","[PREMIUM]","[PREMIUM]"
"6937abd99e5359c2c76e2570","2026-01-22 18:31:56.402","2026-02-17 19:25:22.529","6937abd99e5359c2c76e2570","Anthony Jeselnik","comedy","2026-02-17 20:00:00","2026-02-18 04:00:00","2026-02-18 05:30:00",false,false,false,"[PREMIUM]","[PREMIUM]","[PREMIUM]","[PREMIUM]","[PREMIUM]","[PREMIUM]",false,true,"6971741fa590240b02941398","['5b4f7def7f8de800125c1aa5']","[PREMIUM]","[PREMIUM]"
"68f16fc4396f0a06555cd695","2026-01-22 18:31:46.622","2026-02-15 12:44:19.940","68f16fc4396f0a06555cd695","LIU Sharks at Drexel Dragons Wrestling","wres","2026-02-15 13:00:00","2026-02-15 18:00:00","2026-02-15 18:00:00",false,false,false,"[PREMIUM]","[PREMIUM]","[PREMIUM]","[PREMIUM]","[PREMIUM]","[PREMIUM]",false,false,"674e467427dec6e184670da5","['6722a54a4f38bdea54d91e21','69668bddafb005f970628808']","[PREMIUM]","[PREMIUM]"
"683f4312264e6842a853e9de","2026-01-22 18:31:46.622","2026-02-14 08:48:01.645","683f4312264e6842a853e9de","Gowan","music","2026-02-14 20:00:00","2026-02-15 02:00:00","2026-02-15 02:00:00",false,false,false,"[PREMIUM]","[PREMIUM]","[PREMIUM]","[PREMIUM]","[PREMIUM]","[PREMIUM]",false,false,"6792d1d00138fa7c70cff996","['69712ef497f71f961acef25c']","[PREMIUM]","[PREMIUM]"
"68cdbc32299fdb909bbc0136","2026-01-22 18:31:46.622","2026-02-14 08:48:01.645","68cdbc32299fdb909bbc0136","Definition of Love with SWV and Teddy Riley Experience","music","2026-02-14 19:30:00","2026-02-15 01:30:00","2026-02-15 01:30:00",false,false,false,"[PREMIUM]","[PREMIUM]","[PREMIUM]","[PREMIUM]","[PREMIUM]","[PREMIUM]",true,false,"57a4e75cf80c417f4e9c45cd","['6970e748d1c7e8209284decb','6970e6567b979bb8f429d75c']","[PREMIUM]","[PREMIUM]"
"6971571638b93b909353f4bf","2026-01-22 18:31:46.622","2026-02-15 12:44:19.940","6971571638b93b909353f4bf","Disney On Ice: Jump In","theater","2026-02-15 14:30:00","2026-02-15 20:30:00","2026-02-15 20:45:00",false,false,false,"[PREMIUM]","[PREMIUM]","[PREMIUM]","[PREMIUM]","[PREMIUM]","[PREMIUM]",false,false,"530445733bf3767835000003","['57dc19b1f80c417e9c06490e']","[PREMIUM]","[PREMIUM]"
"6971571627d2b812a3c9da45","2026-01-22 18:31:46.622","2026-02-15 12:44:19.940","6971571627d2b812a3c9da45","Disney On Ice: Jump In","theater","2026-02-15 10:30:00","2026-02-15 16:30:00","2026-02-15 16:45:00",false,false,false,"[PREMIUM]","[PREMIUM]","[PREMIUM]","[PREMIUM]","[PREMIUM]","[PREMIUM]",true,false,"530445733bf3767835000003","['57dc19b1f80c417e9c06490e']","[PREMIUM]","[PREMIUM]"
"6971570b88ac16171b1014eb","2026-01-22 18:31:46.622","2026-02-14 08:48:01.645","6971570b88ac16171b1014eb","Hairball","music","2026-02-14 19:30:00","2026-02-15 01:30:00","2026-02-15 01:30:00",false,false,false,"[PREMIUM]","[PREMIUM]","[PREMIUM]","[PREMIUM]","[PREMIUM]","[PREMIUM]",true,false,"65baab4cf2114bc3d3c9e052","['677c1b9f50a3ae0179be08c4']","[PREMIUM]","[PREMIUM]"
"697156b0d1c7e820928511a6","2026-01-22 18:31:46.622","2026-02-14 08:48:13.980","697156b0d1c7e820928511a6","Amos Gill","comedy","2026-02-14 21:45:00","2026-02-15 04:45:00","2026-02-15 04:45:00",false,false,false,"[PREMIUM]","[PREMIUM]","[PREMIUM]","[PREMIUM]","[PREMIUM]","[PREMIUM]",false,true,"67465c3f3652539b2c31c708","['6668a6554d6d23c0eaa7b7ce']","[PREMIUM]","[PREMIUM]"
"697156b01fec7a6174fff14c","2026-01-22 18:31:46.622","2026-02-14 08:48:01.645","697156b01fec7a6174fff14c","Amos Gill","comedy","2026-02-14 19:30:00","2026-02-15 02:30:00","2026-02-15 02:30:00",false,false,false,"[PREMIUM]","[PREMIUM]","[PREMIUM]","[PREMIUM]","[PREMIUM]","[PREMIUM]",false,true,"67465c3f3652539b2c31c708","['6668a6554d6d23c0eaa7b7ce']","[PREMIUM]","[PREMIUM]"
"697155a3df642ca8f1813082","2026-01-22 18:31:46.622","2026-02-14 08:48:13.980","697155a3df642ca8f1813082","Michael Shannon (21+ Event)","music","2026-02-14 20:00:00","2026-02-15 04:00:00","2026-02-15 04:00:00",false,false,false,"[PREMIUM]","[PREMIUM]","[PREMIUM]","[PREMIUM]","[PREMIUM]","[PREMIUM]",false,true,"57eaf85ecde6626ebe3ce2ef","['651585a536cd8057dee2fcc0']","[PREMIUM]","[PREMIUM]"
"6971555edf642ca8f1813069","2026-01-22 18:31:46.622","2026-02-14 08:48:13.980","6971555edf642ca8f1813069","The Chainsmokers (21+ Event)","music","2026-02-14 21:30:00","2026-02-15 04:30:00","2026-02-15 05:30:00",false,false,false,"[PREMIUM]","[PREMIUM]","[PREMIUM]","[PREMIUM]","[PREMIUM]","[PREMIUM]",false,true,"59a893109da0d48c0d37030f","['563aa50df80c416ba5000003']","[PREMIUM]","[PREMIUM]"
"6971552037a1ca903cdc883e","2026-01-22 18:31:46.622","2026-02-14 08:48:01.645","6971552037a1ca903cdc883e","Lorrie Morgan","music","2026-02-14 19:30:00","2026-02-15 00:30:00","2026-02-15 00:30:00",false,false,false,"[PREMIUM]","[PREMIUM]","[PREMIUM]","[PREMIUM]","[PREMIUM]","[PREMIUM]",false,true,"65fe0a2ff24fc19fc3c751d8","['66353d70888611dceb4442a9']","[PREMIUM]","[PREMIUM]"
"6971544751037f9784a443dc","2026-01-22 18:31:46.622","2026-02-15 12:44:19.940","6971544751037f9784a443dc","San Diego Symphony - Yefim Bronfman","theater","2026-02-15 14:00:00","2026-02-15 22:00:00","2026-02-15 22:00:00",false,false,false,"[PREMIUM]","[PREMIUM]","[PREMIUM]","[PREMIUM]","[PREMIUM]","[PREMIUM]",false,false,"67e3034522495e3b6297dc67","['6601d32b96e6dcfe751c37d5']","[PREMIUM]","[PREMIUM]"
"69703bdc96e0b622d94bf436","2026-01-22 18:31:46.622","2026-02-14 08:48:13.980","69703bdc96e0b622d94bf436","Little Shop of Horrors","theater","2026-02-14 20:00:00","2026-02-15 02:00:00","2026-02-15 02:00:00",false,false,false,"[PREMIUM]","[PREMIUM]","[PREMIUM]","[PREMIUM]","[PREMIUM]","[PREMIUM]",false,true,"67c0f56e8e71e88677355e3c","['659737b6b2295ec66ef02bbd']","[PREMIUM]","[PREMIUM]"
"68f977058f1bb02478c03dea","2026-01-22 18:31:37.970","2026-02-14 08:48:01.645","68f977058f1bb02478c03dea","Washington Huskies at Ohio State Buckeyes Womens Gymnastics","gymnastics","2026-02-14 16:00:00","2026-02-14 21:00:00","2026-02-14 21:00:00",false,false,false,"[PREMIUM]","[PREMIUM]","[PREMIUM]","[PREMIUM]","[PREMIUM]","[PREMIUM]",true,false,"66f5b60a2edc2ecc2dd2cd79","['67604fbdb909336c01e6165d','65aaee6db844ff6c5cfa4b57']","[PREMIUM]","[PREMIUM]"
"68f2ad9fcfa405ebabb61ec2","2026-01-22 18:31:37.970","2026-02-14 08:48:01.645","68f2ad9fcfa405ebabb61ec2","James Madison at Old Dominion Lady Monarchs Women's Basketball","wcbb","2026-02-14 13:00:00","2026-02-14 18:00:00","2026-02-14 18:00:00",false,false,false,"[PREMIUM]","[PREMIUM]","[PREMIUM]","[PREMIUM]","[PREMIUM]","[PREMIUM]",false,false,"654418672ad03464421c70b1","['6552488f2dbb82cd94abc9bf','651705e1826629596f8f05f5']","[PREMIUM]","[PREMIUM]"
"69721b6837a1ca903cdcb050","2026-01-22 18:31:37.970","2026-02-13 04:39:43.640","69721b6837a1ca903cdcb050","House Party","music","2026-02-13 22:00:00","2026-02-14 04:00:00","2026-02-14 04:00:00",false,false,false,"[PREMIUM]","[PREMIUM]","[PREMIUM]","[PREMIUM]","[PREMIUM]","[PREMIUM]",false,false,"56b39e31f80c410494000002","['65cfee6f7fbb8725efad13b9']","[PREMIUM]","[PREMIUM]"
"697157164d63a33c999d53f4","2026-01-22 18:31:37.970","2026-02-14 08:48:01.645","697157164d63a33c999d53f4","Disney On Ice: Jump In","theater","2026-02-14 18:30:00","2026-02-15 00:30:00","2026-02-15 00:45:00",false,false,false,"[PREMIUM]","[PREMIUM]","[PREMIUM]","[PREMIUM]","[PREMIUM]","[PREMIUM]",true,false,"530445733bf3767835000003","['57dc19b1f80c417e9c06490e']","[PREMIUM]","[PREMIUM]"
"6971571637a1ca903cdc88b2","2026-01-22 18:31:37.970","2026-02-14 08:48:01.645","6971571637a1ca903cdc88b2","Disney On Ice: Jump In","theater","2026-02-14 10:30:00","2026-02-14 16:30:00","2026-02-14 16:45:00",false,false,false,"[PREMIUM]","[PREMIUM]","[PREMIUM]","[PREMIUM]","[PREMIUM]","[PREMIUM]",true,false,"530445733bf3767835000003","['57dc19b1f80c417e9c06490e']","[PREMIUM]","[PREMIUM]"
"697157163221066dfc20b029","2026-01-22 18:31:37.970","2026-02-14 08:48:01.645","697157163221066dfc20b029","Disney On Ice: Jump In","theater","2026-02-14 14:30:00","2026-02-14 20:30:00","2026-02-14 20:45:00",false,false,false,"[PREMIUM]","[PREMIUM]","[PREMIUM]","[PREMIUM]","[PREMIUM]","[PREMIUM]",true,false,"530445733bf3767835000003","['57dc19b1f80c417e9c06490e']","[PREMIUM]","[PREMIUM]"
"697156b0fdbab677d11d5fb4","2026-01-22 18:31:37.970","2026-02-13 04:39:43.640","697156b0fdbab677d11d5fb4","Amos Gill","comedy","2026-02-13 19:30:00","2026-02-14 02:30:00","2026-02-14 02:30:00",false,false,false,"[PREMIUM]","[PREMIUM]","[PREMIUM]","[PREMIUM]","[PREMIUM]","[PREMIUM]",false,true,"67465c3f3652539b2c31c708","['6668a6554d6d23c0eaa7b7ce']","[PREMIUM]","[PREMIUM]"
"697156b0867b280b82b52496","2026-01-22 18:31:37.970","2026-02-13 04:39:43.640","697156b0867b280b82b52496","Amos Gill","comedy","2026-02-13 21:30:00","2026-02-14 04:30:00","2026-02-14 04:30:00",false,false,false,"[PREMIUM]","[PREMIUM]","[PREMIUM]","[PREMIUM]","[PREMIUM]","[PREMIUM]",false,true,"67465c3f3652539b2c31c708","['6668a6554d6d23c0eaa7b7ce']","[PREMIUM]","[PREMIUM]"
"697156978ab220d3aa8197a1","2026-01-22 18:31:37.970","2026-02-14 08:48:01.645","697156978ab220d3aa8197a1","Kent State Golden Flashes at Ball State Cardinals Mens Basketball","cbb","2026-02-14 14:00:00","2026-02-14 19:00:00","2026-02-14 20:30:00",false,false,false,"[PREMIUM]","[PREMIUM]","[PREMIUM]","[PREMIUM]","[PREMIUM]","[PREMIUM]",false,false,"5a3029ccc173c100124c31ed","['59caeadd25f2c56a69c03c92','581b7359f80c41159cf8f850']","[PREMIUM]","[PREMIUM]"
"6971521530df4bdbc12983ea","2026-01-22 18:31:37.970","2026-02-13 04:39:43.640","6971521530df4bdbc12983ea","Henry Cho","comedy","2026-02-13 20:00:00","2026-02-14 04:00:00","2026-02-14 04:00:00",false,false,false,"[PREMIUM]","[PREMIUM]","[PREMIUM]","[PREMIUM]","[PREMIUM]","[PREMIUM]",false,true,"61afb90e8c6aa10001fa7741","['65b9d4ffaa9b770f9754707f']","[PREMIUM]","[PREMIUM]"
"697151ed5b6ff771d8e2c680","2026-01-22 18:31:37.970","2026-02-13 04:39:43.640","697151ed5b6ff771d8e2c680","Michael Shannon","music","2026-02-13 20:00:00","2026-02-14 04:00:00","2026-02-14 04:00:00",false,false,false,"[PREMIUM]","[PREMIUM]","[PREMIUM]","[PREMIUM]","[PREMIUM]","[PREMIUM]",false,false,"57d1e89250575d33c8544daf","['651585a536cd8057dee2fcc0']","[PREMIUM]","[PREMIUM]"
"6971505bb186e21ce39bee68","2026-01-22 18:31:37.970","2026-02-13 04:39:43.640","6971505bb186e21ce39bee68","Show Your Skillz","comedy","2026-02-13 23:30:00","2026-02-14 07:30:00","2026-02-14 07:30:00",false,false,false,"[PREMIUM]","[PREMIUM]","[PREMIUM]","[PREMIUM]","[PREMIUM]","[PREMIUM]",false,true,"63e6a8b18d0aad0001987d37","['65bbd1fb246e3ec07184fb48']","[PREMIUM]","[PREMIUM]"
"69703bdbf87aabcb4037f3a3","2026-01-22 18:31:37.970","2026-02-13 04:39:43.640","69703bdbf87aabcb4037f3a3","Little Shop of Horrors","theater","2026-02-13 19:30:00","2026-02-14 01:30:00","2026-02-14 01:30:00",false,false,false,"[PREMIUM]","[PREMIUM]","[PREMIUM]","[PREMIUM]","[PREMIUM]","[PREMIUM]",false,true,"67c0f56e8e71e88677355e3c","['659737b6b2295ec66ef02bbd']","[PREMIUM]","[PREMIUM]"
"697036de680318e16b76a889","2026-01-22 18:31:37.970","2026-02-13 04:39:43.640","697036de680318e16b76a889","Ashley Gavin","comedy","2026-02-13 21:45:00","2026-02-14 03:45:00","2026-02-14 05:15:00",false,false,false,"[PREMIUM]","[PREMIUM]","[PREMIUM]","[PREMIUM]","[PREMIUM]","[PREMIUM]",false,false,"64f0f8f2e2b35d00016720b4","['64149e6903cd7400019cf53b']","[PREMIUM]","[PREMIUM]"
"696967b66c274bd5c4afcf51","2026-01-22 18:31:37.970","2026-02-13 04:39:43.640","696967b66c274bd5c4afcf51","Heated Rivalry Night (19+ Event)","music","2026-02-13 20:00:00","2026-02-14 01:00:00","2026-02-14 01:00:00",false,false,false,"[PREMIUM]","[PREMIUM]","[PREMIUM]","[PREMIUM]","[PREMIUM]","[PREMIUM]",false,false,"5994d2b29da0d48c0df0a677","['65ce9a22bcbac887432e06c5']","[PREMIUM]","[PREMIUM]"
"6969677207310a91eea8d77d","2026-01-22 18:31:37.970","2026-02-13 04:39:43.640","6969677207310a91eea8d77d","Heated Rivalry Rave","music","2026-02-13 21:00:00","2026-02-14 03:00:00","2026-02-14 03:00:00",false,false,false,"[PREMIUM]","[PREMIUM]","[PREMIUM]","[PREMIUM]","[PREMIUM]","[PREMIUM]",false,false,"62a2707ba10296000139f13d","['65ce9a22bcbac887432e06c5']","[PREMIUM]","[PREMIUM]"
"69683b57b0fc312c14686c70","2026-01-22 18:31:37.970","2026-02-13 04:39:43.640","69683b57b0fc312c14686c70","Heated Rivalry Dance Party","music","2026-02-13 21:00:00","2026-02-14 05:00:00","2026-02-14 05:00:00",false,false,false,"[PREMIUM]","[PREMIUM]","[PREMIUM]","[PREMIUM]","[PREMIUM]","[PREMIUM]",false,false,"65725615d734a93b43f76c6e","['65ce9a22bcbac887432e06c5']","[PREMIUM]","[PREMIUM]"
"696836b74c220ad1ec048506","2026-01-22 18:31:37.970","2026-02-13 04:39:43.640","696836b74c220ad1ec048506","Heated Rivalry Dance Party","music","2026-02-13 22:30:00","2026-02-14 06:30:00","2026-02-14 06:30:00",false,false,false,"[PREMIUM]","[PREMIUM]","[PREMIUM]","[PREMIUM]","[PREMIUM]","[PREMIUM]",false,false,"62d0a105b1c2f2000148b589","['65ce9a22bcbac887432e06c5']","[PREMIUM]","[PREMIUM]"
"696831ff2b2f117f02c358df","2026-01-22 18:31:37.970","2026-02-13 04:39:43.640","696831ff2b2f117f02c358df","Heated Rivalry Dance Party","music","2026-02-13 21:00:00","2026-02-14 04:00:00","2026-02-14 04:00:00",false,false,false,"[PREMIUM]","[PREMIUM]","[PREMIUM]","[PREMIUM]","[PREMIUM]","[PREMIUM]",false,false,"64e527266fda25000183609b","['65ce9a22bcbac887432e06c5']","[PREMIUM]","[PREMIUM]"
"69683193c88d6caed4ec74f0","2026-01-22 18:31:37.970","2026-02-13 04:39:43.640","69683193c88d6caed4ec74f0","Heated Rivalry Night (18+ Event)","music","2026-02-13 20:00:00","2026-02-14 02:00:00","2026-02-14 02:00:00",false,false,false,"[PREMIUM]","[PREMIUM]","[PREMIUM]","[PREMIUM]","[PREMIUM]","[PREMIUM]",false,false,"598ce7de9da0d48c0db7238a","['65ce9a22bcbac887432e06c5']","[PREMIUM]","[PREMIUM]"
"6967de8b9f14cb5dfb1ad7f3","2026-01-22 18:31:37.970","2026-02-13 04:39:43.640","6967de8b9f14cb5dfb1ad7f3","Heated Rivalry Night (18+ Event)","music","2026-02-13 21:00:00","2026-02-14 02:00:00","2026-02-14 02:00:00",false,false,false,"[PREMIUM]","[PREMIUM]","[PREMIUM]","[PREMIUM]","[PREMIUM]","[PREMIUM]",false,false,"57e0488b50575d33c8948d93","['65ce9a22bcbac887432e06c5']","[PREMIUM]","[PREMIUM]"
"6967dd16dddd4e6d338b8f15","2026-01-22 18:31:37.970","2026-02-13 04:39:43.640","6967dd16dddd4e6d338b8f15","Heated Rivalry Dance Party (21+ Event)","music","2026-02-13 21:00:00","2026-02-14 02:00:00","2026-02-14 02:00:00",false,false,false,"[PREMIUM]","[PREMIUM]","[PREMIUM]","[PREMIUM]","[PREMIUM]","[PREMIUM]",false,false,"61c0ed9372e22e00017f433a","['65ce9a22bcbac887432e06c5']","[PREMIUM]","[PREMIUM]"
"695fdfe0fab8a68da22975ed","2026-01-22 18:31:37.970","2026-02-13 04:39:43.640","695fdfe0fab8a68da22975ed","Heated Rivalry Dance Party (18+ Event)","music","2026-02-13 21:00:00","2026-02-14 04:00:00","2026-02-14 04:00:00",false,false,false,"[PREMIUM]","[PREMIUM]","[PREMIUM]","[PREMIUM]","[PREMIUM]","[PREMIUM]",false,false,"5a29c0a216b922000d942f2a","['65ce9a22bcbac887432e06c5']","[PREMIUM]","[PREMIUM]"
"695828009f7105f1184b3642","2026-01-22 18:31:37.970","2026-03-03 12:17:51.726","695828009f7105f1184b3642","The Magic of Motown (Rescheduled from 2/13)","music","2026-03-06 19:30:00","2026-03-07 00:30:00","2026-03-07 00:30:00",false,false,false,"[PREMIUM]","[PREMIUM]","[PREMIUM]","[PREMIUM]","[PREMIUM]","[PREMIUM]",false,false,"6781b9fb60de647abee8f328","['69712508476a948626617b70']","[PREMIUM]","[PREMIUM]"
"690987da5199bb17d405b601","2026-01-22 18:31:27.046","2026-02-13 04:39:43.640","690987da5199bb17d405b601","North Dakota State Bison at Oregon State Beavers Wrestling","wres","2026-02-13 19:00:00","2026-02-14 03:00:00","2026-02-14 03:00:00",false,false,false,"[PREMIUM]","[PREMIUM]","[PREMIUM]","[PREMIUM]","[PREMIUM]","[PREMIUM]",false,false,"565e2ec4f80c410a02000001","['67229fad925966cde34976e4','6757553a6ffbc19575dfdfdc']","[PREMIUM]","[PREMIUM]"
"68eeba33431236a0b641cadc","2026-01-22 18:31:27.046","2026-02-13 04:39:43.640","68eeba33431236a0b641cadc","Missouri Tigers at Kentucky Wildcats Womens Gymnastics","gymnastics","2026-02-13 19:00:00","2026-02-14 00:00:00","2026-02-14 00:00:00",false,false,false,"[PREMIUM]","[PREMIUM]","[PREMIUM]","[PREMIUM]","[PREMIUM]","[PREMIUM]",true,false,"67b79eeb72020074fe640927","['65a9ace6c95bfc2acaea8a90','673f7fdf73ea9d318059f6e5']","[PREMIUM]","[PREMIUM]"
"68eeb4ef495a9a9202208499","2026-01-22 18:31:27.046","2026-02-12 01:20:23.852","68eeb4ef495a9a9202208499","Gowan","music","2026-02-12 19:30:00","2026-02-13 00:30:00","2026-02-13 00:30:00",false,false,false,"[PREMIUM]","[PREMIUM]","[PREMIUM]","[PREMIUM]","[PREMIUM]","[PREMIUM]",false,true,"68431f54059a1a2013dc4f11","['69712ef497f71f961acef25c']","[PREMIUM]","[PREMIUM]"
"68e9a32b6fb30e4f66f888a9","2026-01-22 18:31:27.046","2026-02-12 01:20:23.852","68e9a32b6fb30e4f66f888a9","Stony Brook Seawolves at Towson Tigers Mens Basketball","cbb","2026-02-12 19:00:00","2026-02-13 00:00:00","2026-02-13 01:30:00",false,false,false,"[PREMIUM]","[PREMIUM]","[PREMIUM]","[PREMIUM]","[PREMIUM]","[PREMIUM]",true,false,"677d82b59738e64f89d5801f","['59cc3b5025f2c5079548541a','59cc3b5125f2c50795485452']","[PREMIUM]","[PREMIUM]"
"6908f64678773594ad3fa698","2026-01-22 18:31:27.046","2026-02-12 01:20:23.852","6908f64678773594ad3fa698","Des Bishop","comedy","2026-02-12 20:00:00","2026-02-13 04:00:00","2026-02-13 04:00:00",false,false,false,"[PREMIUM]","[PREMIUM]","[PREMIUM]","[PREMIUM]","[PREMIUM]","[PREMIUM]",false,true,"6971741fa590240b02941398","['6595db0cc0f611cca40f9cfe']","[PREMIUM]","[PREMIUM]"
"6971a55996e0b622d94c6073","2026-01-22 18:31:27.046","2026-02-13 04:39:43.640","6971a55996e0b622d94c6073","Club 90s - Heated Rivalry Night (18+ Event)","music","2026-02-12 21:00:00","2026-02-13 05:00:00","2026-02-13 05:00:00",false,false,false,"[PREMIUM]","[PREMIUM]","[PREMIUM]","[PREMIUM]","[PREMIUM]","[PREMIUM]",false,true,"6813ac53009636c360ed1c86","['65ce9a22bcbac887432e06c5']","[PREMIUM]","[PREMIUM]"
"697157397c3ad2d4cc438f55","2026-01-22 18:31:27.046","2026-02-13 04:39:43.640","697157397c3ad2d4cc438f55","Disney On Ice: Jump In","theater","2026-02-13 19:00:00","2026-02-14 01:00:00","2026-02-14 01:00:00",false,false,false,"[PREMIUM]","[PREMIUM]","[PREMIUM]","[PREMIUM]","[PREMIUM]","[PREMIUM]",true,false,"530445733bf3767835000003","['68ffcf1d84dfd2a9b59a8e09']","[PREMIUM]","[PREMIUM]"
"6971573927d2b812a3c9da57","2026-01-22 18:31:27.046","2026-02-13 04:39:43.640","6971573927d2b812a3c9da57","Disney On Ice: Jump In","theater","2026-02-13 10:30:00","2026-02-13 16:30:00","2026-02-13 16:30:00",false,false,false,"[PREMIUM]","[PREMIUM]","[PREMIUM]","[PREMIUM]","[PREMIUM]","[PREMIUM]",true,false,"530445733bf3767835000003","['68ffcf1d84dfd2a9b59a8e09']","[PREMIUM]","[PREMIUM]"
"697156b088ac16171b1014d3","2026-01-22 18:31:27.046","2026-02-12 01:20:23.852","697156b088ac16171b1014d3","Amos Gill","comedy","2026-02-12 19:30:00","2026-02-13 02:30:00","2026-02-13 02:30:00",false,false,false,"[PREMIUM]","[PREMIUM]","[PREMIUM]","[PREMIUM]","[PREMIUM]","[PREMIUM]",false,true,"67465c3f3652539b2c31c708","['6668a6554d6d23c0eaa7b7ce']","[PREMIUM]","[PREMIUM]"
"69703bdba643408dc3595c3f","2026-01-22 18:31:27.046","2026-02-12 01:20:23.852","69703bdba643408dc3595c3f","Little Shop of Horrors","theater","2026-02-12 19:00:00","2026-02-13 01:00:00","2026-02-13 01:00:00",false,false,false,"[PREMIUM]","[PREMIUM]","[PREMIUM]","[PREMIUM]","[PREMIUM]","[PREMIUM]",false,true,"67c0f56e8e71e88677355e3c","['659737b6b2295ec66ef02bbd']","[PREMIUM]","[PREMIUM]"
"6966dffdf75af13115b69500","2026-01-22 18:31:27.046","2026-02-13 04:39:43.640","6966dffdf75af13115b69500","Heated Rivalry Night","music","2026-02-13 16:00:00","2026-02-13 21:00:00","2026-02-13 21:00:00",false,false,false,"[PREMIUM]","[PREMIUM]","[PREMIUM]","[PREMIUM]","[PREMIUM]","[PREMIUM]",false,false,"57e0488b50575d33c8948d93","['65ce9a22bcbac887432e06c5']","[PREMIUM]","[PREMIUM]"
"690de71181aa82a5296530db","2026-01-22 18:31:16.005","2026-02-10 21:02:43.926","690de71181aa82a5296530db","LOVB Nebraska at LOVB Houston","vball","2026-02-11 17:00:00","2026-02-11 23:00:00","2026-02-11 23:00:00",false,false,false,"[PREMIUM]","[PREMIUM]","[PREMIUM]","[PREMIUM]","[PREMIUM]","[PREMIUM]",true,false,"67880833cc391d3261382561","['66eb3931cc972ee2aeeaa0b1']","[PREMIUM]","[PREMIUM]"
"68a925e5a125fd2da24a65f6","2026-01-22 18:31:16.005","2026-02-12 01:20:23.852","68a925e5a125fd2da24a65f6","Louisiana Ragin Cajuns at Troy Trojans Womens Basketball","wcbb","2026-02-12 18:00:00","2026-02-13 00:00:00","2026-02-13 00:00:00",false,false,false,"[PREMIUM]","[PREMIUM]","[PREMIUM]","[PREMIUM]","[PREMIUM]","[PREMIUM]",false,false,"66db15a3b0e0b37b36bd7412","['64f90c65ddee5e0001596fc3','633f203c8eeaba0001d3065c']","[PREMIUM]","[PREMIUM]"
"68545ac6e12c2f45584bdd64","2026-01-22 18:31:16.005","2026-02-09 17:12:46.376","68545ac6e12c2f45584bdd64","Guelph Storm at Niagara IceDogs (Rescheduled from 1/15)","echl","2026-02-09 19:00:00","2026-02-10 00:00:00","2026-02-10 00:00:00",false,false,false,"[PREMIUM]","[PREMIUM]","[PREMIUM]","[PREMIUM]","[PREMIUM]","[PREMIUM]",true,false,"6675fd8d36fb330cfa692675","['65523a00fa8e9034112aa538']","[PREMIUM]","[PREMIUM]"
"68f2ad9cec301e58d6f13946","2026-01-22 18:31:16.005","2026-02-10 21:02:43.926","68f2ad9cec301e58d6f13946","Coastal Carolina at Old Dominion Lady Monarchs Women's Basketball","wcbb","2026-02-11 17:00:00","2026-02-11 22:00:00","2026-02-11 22:00:00",false,false,false,"[PREMIUM]","[PREMIUM]","[PREMIUM]","[PREMIUM]","[PREMIUM]","[PREMIUM]",false,false,"654418672ad03464421c70b1","['6552488f2dbb82cd94abc9bf','630d11c9e9317e000168c838']","[PREMIUM]","[PREMIUM]"
"68e446bdeb36094bcee75d9e","2026-01-22 18:31:16.005","2026-02-12 01:20:23.852","68e446bdeb36094bcee75d9e","Sacramento State Hornets at Northern Colorado Bear Basketball","cbb","2026-02-12 18:00:00","2026-02-13 01:00:00","2026-02-13 02:30:00",false,false,false,"[PREMIUM]","[PREMIUM]","[PREMIUM]","[PREMIUM]","[PREMIUM]","[PREMIUM]",true,false,"65021f68774e8700013d1d1d","['59cc3b5125f2c5079548547e','59caeadd25f2c56a69c03cae']","[PREMIUM]","[PREMIUM]"
"69718f761fec7a61740000f3","2026-01-22 18:31:16.005","2026-02-09 17:12:46.376","69718f761fec7a61740000f3","The Moth StorySLAM - Love Hurts","music","2026-02-09 19:00:00","2026-02-10 01:00:00","2026-02-10 02:30:00",false,false,false,"[PREMIUM]","[PREMIUM]","[PREMIUM]","[PREMIUM]","[PREMIUM]","[PREMIUM]",false,false,"677d9733d210d27d1000859d","['5b351958b75c960012e57313']","[PREMIUM]","[PREMIUM]"
"697156af88ac16171b1014d1","2026-01-22 18:31:16.005","2026-02-12 01:20:23.852","697156af88ac16171b1014d1","Michael Shannon","music","2026-02-11 19:00:00","2026-02-12 02:00:00","2026-02-12 02:00:00",false,false,false,"[PREMIUM]","[PREMIUM]","[PREMIUM]","[PREMIUM]","[PREMIUM]","[PREMIUM]",false,false,"57e2f27c50575d33c8a48f4d","['651585a536cd8057dee2fcc0']","[PREMIUM]","[PREMIUM]"
"6971569797f71f961acf00b3","2026-01-22 18:31:16.005","2026-02-12 01:20:23.852","6971569797f71f961acf00b3","Buffalo Bulls at Ball State Cardinals Mens Basketball","cbb","2026-02-11 19:00:00","2026-02-12 00:00:00","2026-02-12 01:30:00",false,false,false,"[PREMIUM]","[PREMIUM]","[PREMIUM]","[PREMIUM]","[PREMIUM]","[PREMIUM]",true,false,"5a3029ccc173c100124c31ed","['59caeadd25f2c56a69c03c92','59c9916725f2c5588e2e60ba']","[PREMIUM]","[PREMIUM]"
"697151ea96e0b622d94c4ad2","2026-01-22 18:31:16.005","2026-02-08 14:02:59.701","697151ea96e0b622d94c4ad2","The Expendables","music","2026-02-08 20:00:00","2026-02-09 04:00:00","2026-02-09 05:00:00",false,false,false,"[PREMIUM]","[PREMIUM]","[PREMIUM]","[PREMIUM]","[PREMIUM]","[PREMIUM]",false,false,"57e1885950575d33c89c1726","['5a0226fa25f2c51f026f6211']","[PREMIUM]","[PREMIUM]"
"69703bdb8e832ecf94bcd303","2026-01-22 18:31:16.005","2026-02-10 21:02:43.926","69703bdb8e832ecf94bcd303","Little Shop of Horrors","theater","2026-02-11 19:00:00","2026-02-12 01:00:00","2026-02-12 01:00:00",false,false,false,"[PREMIUM]","[PREMIUM]","[PREMIUM]","[PREMIUM]","[PREMIUM]","[PREMIUM]",false,true,"67c0f56e8e71e88677355e3c","['659737b6b2295ec66ef02bbd']","[PREMIUM]","[PREMIUM]"
"691f6597d2dc0c5ca202f582","2026-01-22 18:31:07.849","2026-02-07 10:50:25.850","691f6597d2dc0c5ca202f582","LOVB Austin at LOVB Houston","vball","2026-02-07 19:00:00","2026-02-08 01:00:00","2026-02-08 01:00:00",false,false,false,"[PREMIUM]","[PREMIUM]","[PREMIUM]","[PREMIUM]","[PREMIUM]","[PREMIUM]",false,true,"67e312393d30140f80c0e428","['66eb3931cc972ee2aeeaa0b1']","[PREMIUM]","[PREMIUM]"
"68d4c4a504850b290ae522af","2026-01-22 18:31:07.849","2026-02-08 14:02:59.701","68d4c4a504850b290ae522af","Arizona State Sun Devils at Oklahoma Sooners Wrestling","wres","2026-02-08 14:00:00","2026-02-08 20:00:00","2026-02-08 20:00:00",false,false,false,"[PREMIUM]","[PREMIUM]","[PREMIUM]","[PREMIUM]","[PREMIUM]","[PREMIUM]",false,true,"66bbd53a35fcfb2be1186e46","['696123f99363534600738cec','67377a2fb7f4292c492d7ac0']","[PREMIUM]","[PREMIUM]"
"69545075fc4311ca5c73c07c","2026-01-22 18:31:07.849","2026-03-03 12:24:07.967","69545075fc4311ca5c73c07c","The Magic of Motown (Rescheduled from 2/7/26)","music","2026-05-22 19:30:00","2026-05-23 00:30:00","2026-05-23 00:30:00",false,false,false,"[PREMIUM]","[PREMIUM]","[PREMIUM]","[PREMIUM]","[PREMIUM]","[PREMIUM]",false,false,"5aa950156f2edb0013c537df","['69712508476a948626617b70']","[PREMIUM]","[PREMIUM]"
"69715744a99ed170967cd130","2026-01-22 18:31:07.849","2026-02-08 14:02:59.701","69715744a99ed170967cd130","Little Shop of Horrors","theater","2026-02-08 17:00:00","2026-02-08 23:00:00","2026-02-08 23:00:00",false,false,false,"[PREMIUM]","[PREMIUM]","[PREMIUM]","[PREMIUM]","[PREMIUM]","[PREMIUM]",true,false,"67c0f56e8e71e88677355e3c","['659737b6b2295ec66ef02bbd']","[PREMIUM]","[PREMIUM]"
"69715716a99ed170967cd128","2026-01-22 18:31:07.849","2026-02-08 14:02:59.701","69715716a99ed170967cd128","Disney On Ice: Jump In","theater","2026-02-08 10:30:00","2026-02-08 16:30:00","2026-02-08 16:45:00",false,false,false,"[PREMIUM]","[PREMIUM]","[PREMIUM]","[PREMIUM]","[PREMIUM]","[PREMIUM]",false,false,"54d4e60c64f962229a000001","['57dc19b1f80c417e9c06490e']","[PREMIUM]","[PREMIUM]"
"697157160249fcb747dccdb1","2026-01-22 18:31:07.849","2026-02-08 14:02:59.701","697157160249fcb747dccdb1","Disney On Ice: Jump In","theater","2026-02-08 14:30:00","2026-02-08 20:30:00","2026-02-08 20:45:00",false,false,false,"[PREMIUM]","[PREMIUM]","[PREMIUM]","[PREMIUM]","[PREMIUM]","[PREMIUM]",false,false,"54d4e60c64f962229a000001","['57dc19b1f80c417e9c06490e']","[PREMIUM]","[PREMIUM]"
"69715605680318e16b770001","2026-01-22 18:31:07.849","2026-02-07 10:50:25.850","69715605680318e16b770001","Adele Givens (18+ Event)","comedy","2026-02-07 19:00:00","2026-02-08 00:00:00","2026-02-08 01:30:00",false,false,false,"[PREMIUM]","[PREMIUM]","[PREMIUM]","[PREMIUM]","[PREMIUM]","[PREMIUM]",false,true,"64e9228cc36b610001a7c0cc","['6434782fbd4d550001ea6bd4']","[PREMIUM]","[PREMIUM]"
"69715604a99ed170967cd0e0","2026-01-22 18:31:07.849","2026-02-07 10:50:33.757","69715604a99ed170967cd0e0","Adele Givens (18+ Event)","comedy","2026-02-07 21:00:00","2026-02-08 02:00:00","2026-02-08 03:30:00",false,false,false,"[PREMIUM]","[PREMIUM]","[PREMIUM]","[PREMIUM]","[PREMIUM]","[PREMIUM]",false,true,"64e9228cc36b610001a7c0cc","['6434782fbd4d550001ea6bd4']","[PREMIUM]","[PREMIUM]"
"697155f2115c2f3572ea12d0","2026-01-22 18:31:07.849","2026-02-07 10:50:33.757","697155f2115c2f3572ea12d0","Comedy Allstars","comedy","2026-02-07 21:15:00","2026-02-08 02:15:00","2026-02-08 03:45:00",false,false,false,"[PREMIUM]","[PREMIUM]","[PREMIUM]","[PREMIUM]","[PREMIUM]","[PREMIUM]",false,true,"61c109b88389fb0001f8b5f0","['61d34558dcfdfa0001d025bf']","[PREMIUM]","[PREMIUM]"
"697155c51fec7a6174fff119","2026-01-22 18:31:07.849","2026-02-07 10:50:25.850","697155c51fec7a6174fff119","Hairball","music","2026-02-07 19:30:00","2026-02-08 01:30:00","2026-02-08 01:30:00",false,false,false,"[PREMIUM]","[PREMIUM]","[PREMIUM]","[PREMIUM]","[PREMIUM]","[PREMIUM]",false,true,"661ef90010ce96b2ea715d6b","['677c1b9f50a3ae0179be08c4']","[PREMIUM]","[PREMIUM]"
"697155c11fec7a6174fff117","2026-01-22 18:31:07.849","2026-02-07 10:50:33.757","697155c11fec7a6174fff117","Carlos Mencia (18+ Event)","comedy","2026-02-07 20:00:00","2026-02-08 03:00:00","2026-02-08 04:30:00",false,false,false,"[PREMIUM]","[PREMIUM]","[PREMIUM]","[PREMIUM]","[PREMIUM]","[PREMIUM]",false,false,"677489191d6301f97e1ff975","['61e71b4cee02da00019d6dd2']","[PREMIUM]","[PREMIUM]"
"6971555eb186e21ce39bef93","2026-01-22 18:31:07.849","2026-02-07 10:50:25.850","6971555eb186e21ce39bef93","Grand Kyiv Ballet","theater","2026-02-07 19:00:00","2026-02-08 00:00:00","2026-02-08 00:00:00",false,false,false,"[PREMIUM]","[PREMIUM]","[PREMIUM]","[PREMIUM]","[PREMIUM]","[PREMIUM]",false,true,"61afe3b1f758120001898102","['67b8fa4976d6986f0204e95f']","[PREMIUM]","[PREMIUM]"
"6971541a1fec7a6174fff0ac","2026-01-22 18:31:07.849","2026-02-08 14:02:59.701","6971541a1fec7a6174fff0ac","Kimberly Akimbo","theater","2026-02-08 14:00:00","2026-02-08 19:00:00","2026-02-08 19:00:00",false,false,false,"[PREMIUM]","[PREMIUM]","[PREMIUM]","[PREMIUM]","[PREMIUM]","[PREMIUM]",false,true,"66e89f7fe8afc2e9570894d2","['648b5fc2af13b6000110eb96']","[PREMIUM]","[PREMIUM]"
"696eb1f6867b280b82b4646f","2026-01-22 18:31:07.849","2026-02-07 10:50:33.757","696eb1f6867b280b82b4646f","Heated Rivalry Night (18+ Event)","music","2026-02-07 21:00:00","2026-02-08 03:00:00","2026-02-08 03:00:00",false,false,false,"[PREMIUM]","[PREMIUM]","[PREMIUM]","[PREMIUM]","[PREMIUM]","[PREMIUM]",false,false,"57d1e89250575d33c8544dae","['65ce9a22bcbac887432e06c5']","[PREMIUM]","[PREMIUM]"
"696eaca223fcdcd664cfe805","2026-01-22 18:31:07.849","2026-02-07 10:50:33.757","696eaca223fcdcd664cfe805","Heated Rivalry Night","music","2026-02-07 21:00:00","2026-02-08 03:00:00","2026-02-08 03:00:00",false,false,false,"[PREMIUM]","[PREMIUM]","[PREMIUM]","[PREMIUM]","[PREMIUM]","[PREMIUM]",false,false,"5a29b3bae93a79000ece981c","['65ce9a22bcbac887432e06c5']","[PREMIUM]","[PREMIUM]"
"6968397d31e3a74db6d9f8b9","2026-01-22 18:31:07.849","2026-02-07 10:50:33.757","6968397d31e3a74db6d9f8b9","Heated Rivalry Dance Party (19+ Event)","music","2026-02-07 22:00:00","2026-02-08 05:00:00","2026-02-08 05:00:00",false,false,false,"[PREMIUM]","[PREMIUM]","[PREMIUM]","[PREMIUM]","[PREMIUM]","[PREMIUM]",false,false,"5a85e34242bba40012530c3f","['65ce9a22bcbac887432e06c5']","[PREMIUM]","[PREMIUM]"
"6967e44626e39d8c6983ab25","2026-01-22 18:31:07.849","2026-02-07 10:50:33.757","6967e44626e39d8c6983ab25","Heated Rivalry Dance Party","music","2026-02-07 21:00:00","2026-02-08 04:00:00","2026-02-08 04:00:00",false,false,false,"[PREMIUM]","[PREMIUM]","[PREMIUM]","[PREMIUM]","[PREMIUM]","[PREMIUM]",false,false,"5a443313f7346000132383c4","['65ce9a22bcbac887432e06c5']","[PREMIUM]","[PREMIUM]"
"6967e37d08952e059f57a737","2026-01-22 18:31:07.849","2026-02-07 10:50:33.757","6967e37d08952e059f57a737","Heated Rivalry","music","2026-02-07 21:00:00","2026-02-08 04:00:00","2026-02-08 04:00:00",false,false,false,"[PREMIUM]","[PREMIUM]","[PREMIUM]","[PREMIUM]","[PREMIUM]","[PREMIUM]",false,false,"5e4dced272d276003bea2e2c","['65ce9a22bcbac887432e06c5']","[PREMIUM]","[PREMIUM]"
"69584746ff045c15fbe51287","2026-01-22 18:31:07.849","2026-02-07 10:50:33.757","69584746ff045c15fbe51287","Redneck Brawl 12 - Ohio vs Michigan","boxing","2026-02-07 20:00:00","2026-02-08 01:00:00","2026-02-08 01:00:00",false,false,false,"[PREMIUM]","[PREMIUM]","[PREMIUM]","[PREMIUM]","[PREMIUM]","[PREMIUM]",false,false,"5806df9dcde6626ebee92ea5","['665f62551f6ce92e71060a77']","[PREMIUM]","[PREMIUM]"
"694089aa7945711ba6b36975","2026-01-22 18:31:07.849","2026-02-07 10:50:25.850","694089aa7945711ba6b36975","Gowan","music","2026-02-07 19:00:00","2026-02-08 00:00:00","2026-02-08 00:00:00",false,false,false,"[PREMIUM]","[PREMIUM]","[PREMIUM]","[PREMIUM]","[PREMIUM]","[PREMIUM]",false,false,"5994d2b29da0d48c0df0a677","['69712ef497f71f961acef25c']","[PREMIUM]","[PREMIUM]"
"6904b0eac888f45932f9958e","2026-01-22 18:30:54.497","2026-02-06 07:41:19.971","6904b0eac888f45932f9958e","Pittsburgh Panthers at Stanford Cardinal Womens Gymnastics","gymnastics","2026-02-06 19:00:00","2026-02-07 03:00:00","2026-02-07 03:00:00",false,false,false,"[PREMIUM]","[PREMIUM]","[PREMIUM]","[PREMIUM]","[PREMIUM]","[PREMIUM]",false,false,"54d7ea4b64f962357d000001","['6759f20813120421c11cbecc']","[PREMIUM]","[PREMIUM]"
"68f97705a768106fd7049221","2026-01-22 18:30:54.497","2026-02-07 10:50:25.850","68f97705a768106fd7049221","Michigan Wolverines at at Ohio State Buckeyes Womens Gymnastics","gymnastics","2026-02-07 16:00:00","2026-02-07 21:00:00","2026-02-07 21:00:00",false,false,false,"[PREMIUM]","[PREMIUM]","[PREMIUM]","[PREMIUM]","[PREMIUM]","[PREMIUM]",false,false,"66f5b60a2edc2ecc2dd2cd79","['67604fbdb909336c01e6165d','6745e99386d5e634111d2320']","[PREMIUM]","[PREMIUM]"
"68584f56846c68bf3f8d7783","2026-01-22 18:30:54.497","2026-02-06 07:41:19.971","68584f56846c68bf3f8d7783","Dr Cesar Lozano","talk","2026-02-06 20:00:00","2026-02-07 04:00:00","2026-02-07 04:00:00",false,false,false,"[PREMIUM]","[PREMIUM]","[PREMIUM]","[PREMIUM]","[PREMIUM]","[PREMIUM]",false,false,"61afdbe8f7a31c00018a0ee6","['6971304139bcc426ebcbc8f4']","[PREMIUM]","[PREMIUM]"
"689e66621b2977cfaa4fcca3","2026-01-22 18:30:54.497","2026-02-06 07:41:19.971","689e66621b2977cfaa4fcca3","Ninajirachi (16+ Event) (Moved from Majestic Theatre)","music","2026-02-06 20:00:00","2026-02-07 01:00:00","2026-02-07 01:00:00",false,false,false,"[PREMIUM]","[PREMIUM]","[PREMIUM]","[PREMIUM]","[PREMIUM]","[PREMIUM]",false,false,"5892554fcde6626ebe59bb6b","['6971438037a1ca903cdc83d0']","[PREMIUM]","[PREMIUM]"
"68dbe8afbc91948e50612506","2026-01-22 18:30:54.497","2026-02-07 10:50:25.850","68dbe8afbc91948e50612506","Wisconsin Milwaukee Panthers at Robert Morris University Colonials Womens Basketball","wcbb","2026-02-07 14:00:00","2026-02-07 19:00:00","2026-02-07 19:00:00",false,false,false,"[PREMIUM]","[PREMIUM]","[PREMIUM]","[PREMIUM]","[PREMIUM]","[PREMIUM]",false,false,"64c02064fa3e0a0001bb03d6","['650e18965b94a2a9c8be9b31','670e865aefada27785b917e5']","[PREMIUM]","[PREMIUM]"
"690a67ed3f89fc54e0515ffe","2026-01-22 18:30:54.497","2026-02-07 10:50:25.850","690a67ed3f89fc54e0515ffe","LOVB Atlanta at LOVB Madison","vball","2026-02-07 13:00:00","2026-02-07 19:00:00","2026-02-07 19:00:00",false,false,false,"[PREMIUM]","[PREMIUM]","[PREMIUM]","[PREMIUM]","[PREMIUM]","[PREMIUM]",false,false,"5a00fd0de09b87000f635cd9","['66eb3931cc972ee2aeeaa0b1']","[PREMIUM]","[PREMIUM]"
"6971570bbe133370aa2144ef","2026-01-22 18:30:54.497","2026-02-06 07:41:19.971","6971570bbe133370aa2144ef","Hairball","music","2026-02-06 20:30:00","2026-02-07 02:30:00","2026-02-07 02:30:00",false,false,false,"[PREMIUM]","[PREMIUM]","[PREMIUM]","[PREMIUM]","[PREMIUM]","[PREMIUM]",true,false,"679c1be7dec37965c143906d","['677c1b9f50a3ae0179be08c4']","[PREMIUM]","[PREMIUM]"
"69715605434e2bfaf649bbfe","2026-01-22 18:30:54.497","2026-02-06 07:41:19.971","69715605434e2bfaf649bbfe","Adele Givens (18+ Event)","comedy","2026-02-06 19:00:00","2026-02-07 00:00:00","2026-02-07 01:30:00",false,false,false,"[PREMIUM]","[PREMIUM]","[PREMIUM]","[PREMIUM]","[PREMIUM]","[PREMIUM]",false,true,"64e9228cc36b610001a7c0cc","['6434782fbd4d550001ea6bd4']","[PREMIUM]","[PREMIUM]"
"697156054045f5eb83799d09","2026-01-22 18:30:54.497","2026-02-06 07:41:19.971","697156054045f5eb83799d09","Adele Givens (18+ Event)","comedy","2026-02-06 21:00:00","2026-02-07 02:00:00","2026-02-07 03:30:00",false,false,false,"[PREMIUM]","[PREMIUM]","[PREMIUM]","[PREMIUM]","[PREMIUM]","[PREMIUM]",false,true,"64e9228cc36b610001a7c0cc","['6434782fbd4d550001ea6bd4']","[PREMIUM]","[PREMIUM]"
"697155ec762fd6c8bd37cafa","2026-01-22 18:30:54.497","2026-02-06 07:41:19.971","697155ec762fd6c8bd37cafa","Bill Engvall","comedy","2026-02-06 20:00:00","2026-02-07 01:00:00","2026-02-07 02:30:00",false,false,false,"[PREMIUM]","[PREMIUM]","[PREMIUM]","[PREMIUM]","[PREMIUM]","[PREMIUM]",false,false,"61ba885c4f9a050001b6a653","['6284640d3722d600019a6bbd']","[PREMIUM]","[PREMIUM]"
"697154397c3ad2d4cc438e95","2026-01-22 18:30:54.497","2026-02-06 07:41:19.971","697154397c3ad2d4cc438e95","Maine Celtics at Sioux Falls Skyforce","nbagl","2026-02-06 19:00:00","2026-02-07 01:00:00","2026-02-07 02:30:00",false,false,false,"[PREMIUM]","[PREMIUM]","[PREMIUM]","[PREMIUM]","[PREMIUM]","[PREMIUM]",true,false,"618ad6ce983aa50001533834","['5df005b4f05d4d00385db7d4','5df01b1951d959003577b69e']","[PREMIUM]","[PREMIUM]"
"697151ed3ac5c5b7fca01c95","2026-01-22 18:30:54.497","2026-02-07 10:50:25.850","697151ed3ac5c5b7fca01c95","Sindhu Vee","comedy","2026-02-07 15:30:00","2026-02-07 23:30:00","2026-02-07 23:30:00",false,false,false,"[PREMIUM]","[PREMIUM]","[PREMIUM]","[PREMIUM]","[PREMIUM]","[PREMIUM]",false,false,"57d1e89250575d33c8544daf","['66fef2eec9ece46d2161651f']","[PREMIUM]","[PREMIUM]"
"6971505ba590240b02940a2c","2026-01-22 18:30:54.497","2026-02-06 07:41:19.971","6971505ba590240b02940a2c","Show Your Skillz","comedy","2026-02-06 23:30:00","2026-02-07 07:30:00","2026-02-07 07:30:00",false,false,false,"[PREMIUM]","[PREMIUM]","[PREMIUM]","[PREMIUM]","[PREMIUM]","[PREMIUM]",false,true,"63e6a8b18d0aad0001987d37","['65bbd1fb246e3ec07184fb48']","[PREMIUM]","[PREMIUM]"
"696fc6f25b6ff771d8e23e29","2026-01-22 18:30:54.497","2026-02-06 07:41:19.971","696fc6f25b6ff771d8e23e29","Heated Rivalry Night","music","2026-02-06 21:00:00","2026-02-07 02:00:00","2026-02-07 02:00:00",false,false,false,"[PREMIUM]","[PREMIUM]","[PREMIUM]","[PREMIUM]","[PREMIUM]","[PREMIUM]",false,false,"61d4c812adc14c0001edd5d7","['65ce9a22bcbac887432e06c5']","[PREMIUM]","[PREMIUM]"
"696e214343eb9a8e99012070","2026-01-22 18:30:54.497","2026-02-06 07:41:19.971","696e214343eb9a8e99012070","Ninajirachi","music","2026-02-06 20:00:00","2026-02-07 01:00:00","2026-02-07 01:00:00",false,false,false,"[PREMIUM]","[PREMIUM]","[PREMIUM]","[PREMIUM]","[PREMIUM]","[PREMIUM]",false,false,"5892554fcde6626ebe59bb6b","['6971438037a1ca903cdc83d0']","[PREMIUM]","[PREMIUM]"
"69696e373598c3d9a5cd0905","2026-01-22 18:30:54.497","2026-02-06 07:41:19.971","69696e373598c3d9a5cd0905","Heated Rivalry Night","music","2026-02-06 22:00:00","2026-02-07 05:00:00","2026-02-07 05:00:00",false,false,false,"[PREMIUM]","[PREMIUM]","[PREMIUM]","[PREMIUM]","[PREMIUM]","[PREMIUM]",false,false,"5a29bfd47d2bc3000f24a033","['65ce9a22bcbac887432e06c5']","[PREMIUM]","[PREMIUM]"
"6967e0d3bf0ab26caeb7442d","2026-01-22 18:30:54.497","2026-02-06 07:41:19.971","6967e0d3bf0ab26caeb7442d","Club 90s: Heated Rivalry (18+ Event)","music","2026-02-06 21:00:00","2026-02-07 02:00:00","2026-02-07 02:00:00",false,false,false,"[PREMIUM]","[PREMIUM]","[PREMIUM]","[PREMIUM]","[PREMIUM]","[PREMIUM]",false,false,"5defc6331052bb0037e3616d","['65ce9a22bcbac887432e06c5']","[PREMIUM]","[PREMIUM]"
"695eddb5f05b44dbea6b4c3c","2026-01-22 18:30:54.497","2026-02-06 07:41:19.971","695eddb5f05b44dbea6b4c3c","The Magic of Motown","music","2026-02-06 19:30:00","2026-02-07 00:30:00","2026-02-07 00:30:00",false,false,false,"[PREMIUM]","[PREMIUM]","[PREMIUM]","[PREMIUM]","[PREMIUM]","[PREMIUM]",false,false,"67e3125cdf8b62997c5dfa13","['69712508476a948626617b70']","[PREMIUM]","[PREMIUM]"
"694201c2b079d9e5c4a4e63c","2026-01-22 18:30:54.497","2026-02-06 07:41:19.971","694201c2b079d9e5c4a4e63c","Gowan","music","2026-02-06 19:00:00","2026-02-07 00:00:00","2026-02-07 00:00:00",false,false,false,"[PREMIUM]","[PREMIUM]","[PREMIUM]","[PREMIUM]","[PREMIUM]","[PREMIUM]",false,false,"5994d2b29da0d48c0df0a677","['69712ef497f71f961acef25c']","[PREMIUM]","[PREMIUM]"
"67aa831418d484f42faa3851","2026-01-22 18:30:45.803","2026-02-05 04:23:33.890","67aa831418d484f42faa3851","Dr Cesar Lozano (Rescheduled from 6/26)","talk","2026-02-05 20:00:00","2026-02-06 04:00:00","2026-02-06 04:00:00",false,false,false,"[PREMIUM]","[PREMIUM]","[PREMIUM]","[PREMIUM]","[PREMIUM]","[PREMIUM]",false,false,"677ef42cb6a5179e5fe3be66","['6971304139bcc426ebcbc8f4']","[PREMIUM]","[PREMIUM]"
"690a66dad93d629847c68cf8","2026-01-22 18:30:45.803","2026-02-04 01:11:56.149","690a66dad93d629847c68cf8","LOVB Atlanta at LOVB Austin","vball","2026-02-04 19:00:00","2026-02-05 01:00:00","2026-02-05 01:00:00",false,false,false,"[PREMIUM]","[PREMIUM]","[PREMIUM]","[PREMIUM]","[PREMIUM]","[PREMIUM]",true,false,"59b1da9194c1c6000138c9d6","['66eb3931cc972ee2aeeaa0b1']","[PREMIUM]","[PREMIUM]"
"690a67ee5199bb17d405e729","2026-01-22 18:30:45.803","2026-02-05 04:23:33.890","690a67ee5199bb17d405e729","LOVB Salt Lake at LOVB Madison","vball","2026-02-05 19:00:00","2026-02-06 01:00:00","2026-02-06 01:00:00",false,false,false,"[PREMIUM]","[PREMIUM]","[PREMIUM]","[PREMIUM]","[PREMIUM]","[PREMIUM]",true,false,"5a00fd0de09b87000f635cd9","['66eb3931cc972ee2aeeaa0b1']","[PREMIUM]","[PREMIUM]"
"68dbe8ad24f1e6263932785c","2026-01-22 18:30:45.803","2026-02-05 04:23:33.890","68dbe8ad24f1e6263932785c","Wisconsin Green Bay Phoenix at Robert Morris University Colonials Womens Basketball","wcbb","2026-02-05 11:00:00","2026-02-05 16:00:00","2026-02-05 16:00:00",false,false,false,"[PREMIUM]","[PREMIUM]","[PREMIUM]","[PREMIUM]","[PREMIUM]","[PREMIUM]",false,false,"64c02064fa3e0a0001bb03d6","['650e18965b94a2a9c8be9b31','670e8527941de605d4b3e9a5']","[PREMIUM]","[PREMIUM]"
"691e27603804c70383d4abd6","2026-01-22 18:30:45.803","2026-02-05 04:23:33.890","691e27603804c70383d4abd6","An Evening with Nick Offerman - Big Woodchuck","music","2026-02-05 19:30:00","2026-02-06 03:30:00","2026-02-06 04:30:00",false,false,false,"[PREMIUM]","[PREMIUM]","[PREMIUM]","[PREMIUM]","[PREMIUM]","[PREMIUM]",false,true,"6971741fa590240b02941398","['5967ccb925f2c57558169e82']","[PREMIUM]","[PREMIUM]"
"68e69766738a3ff667130714","2026-01-22 18:30:45.803","2026-02-06 07:41:19.971","68e69766738a3ff667130714","Georgia Bulldogs at Arkansas Razorbacks Gymnastics","gymnastics","2026-02-06 17:45:00","2026-02-06 23:45:00","2026-02-06 23:45:00",false,false,false,"[PREMIUM]","[PREMIUM]","[PREMIUM]","[PREMIUM]","[PREMIUM]","[PREMIUM]",false,false,"581800f9cde6626ebe228a8e","['65aae4fe954ba015afd5cda3','673f82790d87b681c8ea4e21']","[PREMIUM]","[PREMIUM]"
"69724d216e2f4e59333f1e05","2026-01-22 18:30:45.803","2026-02-04 01:11:56.149","69724d216e2f4e59333f1e05","Zoso - The Ultimate Led Zeppelin Experience","music","2026-02-04 20:00:00","2026-02-05 01:00:00","2026-02-05 02:00:00",false,false,false,"[PREMIUM]","[PREMIUM]","[PREMIUM]","[PREMIUM]","[PREMIUM]","[PREMIUM]",false,false,"5bb29e402f3c38001439e9a5","['5813a505f80c41315d885f19']","[PREMIUM]","[PREMIUM]"
"69718fc60249fcb747dcdcb8","2026-01-22 18:30:45.803","2026-02-06 07:41:19.971","69718fc60249fcb747dcdcb8","Georgia Bulldogs Softball - Red and Black Showcase (Day 1)","csoft","2026-02-06 10:30:00","2026-02-06 15:30:00","2026-02-06 15:30:00",false,false,false,"[PREMIUM]","[PREMIUM]","[PREMIUM]","[PREMIUM]","[PREMIUM]","[PREMIUM]",false,true,"69263f80865482b9ce9aba12","['67bc9d367162cd0dbacf0e7f']","[PREMIUM]","[PREMIUM]"
"6971571697f71f961acf00da","2026-01-22 18:30:45.803","2026-02-06 07:41:19.971","6971571697f71f961acf00da","Disney On Ice: Jump In","theater","2026-02-06 10:30:00","2026-02-06 16:30:00","2026-02-06 16:45:00",false,false,false,"[PREMIUM]","[PREMIUM]","[PREMIUM]","[PREMIUM]","[PREMIUM]","[PREMIUM]",true,false,"54d4e60c64f962229a000001","['57dc19b1f80c417e9c06490e']","[PREMIUM]","[PREMIUM]"
"6971558e1fec7a6174fff105","2026-01-22 18:30:45.803","2026-02-05 04:23:33.890","6971558e1fec7a6174fff105","Drumline Live","music","2026-02-05 19:30:00","2026-02-06 01:30:00","2026-02-06 01:30:00",false,false,false,"[PREMIUM]","[PREMIUM]","[PREMIUM]","[PREMIUM]","[PREMIUM]","[PREMIUM]",false,false,"5ac63fce0e1af60014f8467e","['676f333e815dba025f943040']","[PREMIUM]","[PREMIUM]"
"697152318efbc46e363f756f","2026-01-22 18:30:45.803","2026-02-05 04:23:33.890","697152318efbc46e363f756f","The Simon and Garfunkel Story","theater","2026-02-05 19:30:00","2026-02-06 01:30:00","2026-02-06 01:30:00",false,false,false,"[PREMIUM]","[PREMIUM]","[PREMIUM]","[PREMIUM]","[PREMIUM]","[PREMIUM]",false,true,"66be6c25073587463d24b28f","['6555192038752f4b988505f9']","[PREMIUM]","[PREMIUM]"
"69696df9d11cc1358256889e","2026-01-22 18:30:45.803","2026-02-05 04:23:33.890","69696df9d11cc1358256889e","Heated Rivalry Night","music","2026-02-05 19:30:00","2026-02-06 00:30:00","2026-02-06 00:30:00",false,false,false,"[PREMIUM]","[PREMIUM]","[PREMIUM]","[PREMIUM]","[PREMIUM]","[PREMIUM]",false,false,"5defc6331052bb0037e3616d","['65ce9a22bcbac887432e06c5']","[PREMIUM]","[PREMIUM]"
"6937abcfc7267e811be657ca","2026-01-22 18:30:45.803","2026-02-05 04:23:33.890","6937abcfc7267e811be657ca","Nick Offerman: Big Woodchuck","music","2026-02-05 21:30:00","2026-02-06 05:30:00","2026-02-06 06:30:00",false,false,false,"[PREMIUM]","[PREMIUM]","[PREMIUM]","[PREMIUM]","[PREMIUM]","[PREMIUM]",false,true,"6971741fa590240b02941398","['5967ccb925f2c57558169e82']","[PREMIUM]","[PREMIUM]"
"6937a9ffcd07d4e1c49ce96c","2026-01-22 18:30:45.803","2026-02-04 01:11:56.149","6937a9ffcd07d4e1c49ce96c","Emily Catalano","comedy","2026-02-04 20:00:00","2026-02-05 04:00:00","2026-02-05 04:00:00",false,false,false,"[PREMIUM]","[PREMIUM]","[PREMIUM]","[PREMIUM]","[PREMIUM]","[PREMIUM]",false,true,"6971741fa590240b02941398","['66cdeb7ccf3cf1ad3eee8125']","[PREMIUM]","[PREMIUM]"
"692f8a59c9a311c0791a3b50","2026-01-22 18:30:33.443","2026-02-01 06:06:47.549","692f8a59c9a311c0791a3b50","Wright State Raiders at Wisconsin Green Bay Phoenix Mens Basketball","cbb","2026-02-01 13:00:00","2026-02-01 19:00:00","2026-02-01 20:30:00",false,false,false,"[PREMIUM]","[PREMIUM]","[PREMIUM]","[PREMIUM]","[PREMIUM]","[PREMIUM]",false,false,"57d8b1f050575d33c8737912","['58190990f80c414be179c477','59caeadd25f2c56a69c03c80']","[PREMIUM]","[PREMIUM]"
"690a7f6e8f2edeaca1157abb","2026-01-22 18:30:33.443","2026-02-01 06:06:47.549","690a7f6e8f2edeaca1157abb","LOVB Austin at LOVB Nebraska","vball","2026-02-01 15:00:00","2026-02-01 21:00:00","2026-02-01 21:00:00",false,false,false,"[PREMIUM]","[PREMIUM]","[PREMIUM]","[PREMIUM]","[PREMIUM]","[PREMIUM]",true,false,"5e7155b818e316003acec3f0","['66eb3931cc972ee2aeeaa0b1']","[PREMIUM]","[PREMIUM]"
"690de7111e14f1d1fe6734f4","2026-01-22 18:30:33.443","2026-02-01 06:06:47.549","690de7111e14f1d1fe6734f4","LOVB Madison at LOVB Houston","vball","2026-02-01 17:30:00","2026-02-01 23:30:00","2026-02-01 23:30:00",false,false,false,"[PREMIUM]","[PREMIUM]","[PREMIUM]","[PREMIUM]","[PREMIUM]","[PREMIUM]",false,true,"67e312393d30140f80c0e428","['66eb3931cc972ee2aeeaa0b1']","[PREMIUM]","[PREMIUM]"
"68f16f91ddb3ef47976e93f8","2026-01-22 18:30:33.443","2026-02-01 06:06:47.549","68f16f91ddb3ef47976e93f8","Hofstra Pride at Drexel Dragons Mens Wrestling","wres","2026-02-01 18:00:00","2026-02-01 23:00:00","2026-02-01 23:00:00",false,false,false,"[PREMIUM]","[PREMIUM]","[PREMIUM]","[PREMIUM]","[PREMIUM]","[PREMIUM]",false,false,"674e467427dec6e184670da5","['6722a54a4f38bdea54d91e21','67229c46a3573aa552c434be']","[PREMIUM]","[PREMIUM]"
"68a925e56c59d1dd46559270","2026-01-22 18:30:33.443","2026-02-04 01:11:56.149","68a925e56c59d1dd46559270","Appalachian State Mountaineers at Troy Trojans Womens Basketball","wcbb","2026-02-04 18:00:00","2026-02-05 00:00:00","2026-02-05 00:00:00",false,false,false,"[PREMIUM]","[PREMIUM]","[PREMIUM]","[PREMIUM]","[PREMIUM]","[PREMIUM]",false,false,"66db15a3b0e0b37b36bd7412","['64f90c65ddee5e0001596fc3','636aa74ee4c3530001a28c6c']","[PREMIUM]","[PREMIUM]"
"69718ee827d2b812a3c9e8fe","2026-01-22 18:30:33.443","2026-02-01 06:06:47.549","69718ee827d2b812a3c9e8fe","Les Miserables","theater","2026-02-01 18:30:00","2026-02-01 23:30:00","2026-02-02 01:00:00",false,false,false,"[PREMIUM]","[PREMIUM]","[PREMIUM]","[PREMIUM]","[PREMIUM]","[PREMIUM]",false,false,"67c244aedd9a98daf3c32f95","['5a997c61266a5f0012e626fe']","[PREMIUM]","[PREMIUM]"
"697157438e378ebc24ad2c73","2026-01-22 18:30:33.443","2026-02-01 06:06:47.549","697157438e378ebc24ad2c73","Little Shop of Horrors","theater","2026-02-01 17:00:00","2026-02-01 23:00:00","2026-02-01 23:00:00",false,false,false,"[PREMIUM]","[PREMIUM]","[PREMIUM]","[PREMIUM]","[PREMIUM]","[PREMIUM]",false,false,"67c0f56e8e71e88677355e3c","['659737b6b2295ec66ef02bbd']","[PREMIUM]","[PREMIUM]"
"697156b030df4bdbc12984f7","2026-01-22 18:30:33.443","2026-02-01 06:06:47.549","697156b030df4bdbc12984f7","Fiona Cauley","comedy","2026-02-01 17:00:00","2026-02-02 00:00:00","2026-02-02 00:00:00",false,false,false,"[PREMIUM]","[PREMIUM]","[PREMIUM]","[PREMIUM]","[PREMIUM]","[PREMIUM]",false,true,"67465c3f3652539b2c31c708","['66e36a60b5d13fe678db7174']","[PREMIUM]","[PREMIUM]"
"697156937c3ad2d4cc438f2c","2026-01-22 18:30:33.443","2026-02-01 06:06:47.549","697156937c3ad2d4cc438f2c","Disney On Ice: Jump In","theater","2026-02-01 14:30:00","2026-02-01 20:30:00","2026-02-01 20:45:00",false,false,false,"[PREMIUM]","[PREMIUM]","[PREMIUM]","[PREMIUM]","[PREMIUM]","[PREMIUM]",true,false,"581ccaaacde6626ebe3b2060","['57dc19b1f80c417e9c06490e']","[PREMIUM]","[PREMIUM]"
"6971543930df4bdbc129845c","2026-01-22 18:30:33.443","2026-02-04 01:11:56.149","6971543930df4bdbc129845c","Maine Celtics at Sioux Falls Skyforce","nbagl","2026-02-04 18:30:00","2026-02-05 00:30:00","2026-02-05 02:00:00",false,false,false,"[PREMIUM]","[PREMIUM]","[PREMIUM]","[PREMIUM]","[PREMIUM]","[PREMIUM]",true,false,"618ad6ce983aa50001533834","['5df005b4f05d4d00385db7d4','5df01b1951d959003577b69e']","[PREMIUM]","[PREMIUM]"
"6971541b71e21fe8ed58c369","2026-01-22 18:30:33.443","2026-02-04 01:11:56.149","6971541b71e21fe8ed58c369","Kimberly Akimbo","theater","2026-02-04 13:30:00","2026-02-04 18:30:00","2026-02-04 18:30:00",false,false,false,"[PREMIUM]","[PREMIUM]","[PREMIUM]","[PREMIUM]","[PREMIUM]","[PREMIUM]",false,true,"66e89f7fe8afc2e9570894d2","['648b5fc2af13b6000110eb96']","[PREMIUM]","[PREMIUM]"
"6971541afdbab677d11d5ef6","2026-01-22 18:30:33.443","2026-02-01 06:06:47.549","6971541afdbab677d11d5ef6","Kimberly Akimbo","theater","2026-02-01 14:00:00","2026-02-01 19:00:00","2026-02-01 19:00:00",false,false,false,"[PREMIUM]","[PREMIUM]","[PREMIUM]","[PREMIUM]","[PREMIUM]","[PREMIUM]",false,true,"66e89f7fe8afc2e9570894d2","['648b5fc2af13b6000110eb96']","[PREMIUM]","[PREMIUM]"
"69101efdb0d0fa8440f4d9d3","2026-01-22 18:30:23.615","2026-01-31 05:52:18.930","69101efdb0d0fa8440f4d9d3","The Magic of Motown (Rescheduled from 11/15)","music","2026-01-31 14:00:00","2026-01-31 20:00:00","2026-01-31 20:00:00",false,false,false,"[PREMIUM]","[PREMIUM]","[PREMIUM]","[PREMIUM]","[PREMIUM]","[PREMIUM]",false,true,"5cf8340f4c1e5a0015b04cdd","['69712508476a948626617b70']","[PREMIUM]","[PREMIUM]"
"69045a45fd02e61ea0e60186","2026-01-22 18:30:23.615","2026-01-31 05:52:18.930","69045a45fd02e61ea0e60186","Western Kentucky Hilltoppers at Middle Tennessee State Blue Raiders Mens Basketball","cbb","2026-01-31 15:00:00","2026-01-31 21:00:00","2026-01-31 22:30:00",false,false,false,"[PREMIUM]","[PREMIUM]","[PREMIUM]","[PREMIUM]","[PREMIUM]","[PREMIUM]",true,false,"63acb8c9bb4b1c00010c0eb5","['59cc3b5125f2c50795485484','59cc3b5125f2c5079548545c']","[PREMIUM]","[PREMIUM]"
"690abd3b78773594ad403592","2026-01-22 18:30:23.615","2026-01-31 05:52:18.930","690abd3b78773594ad403592","LOVB Atlanta at LOVB Salt Lake","vball","2026-01-31 19:00:00","2026-02-01 02:00:00","2026-02-01 02:00:00",false,false,false,"[PREMIUM]","[PREMIUM]","[PREMIUM]","[PREMIUM]","[PREMIUM]","[PREMIUM]",false,false,"678af071f065f4b4c91c8633","['66eb3931cc972ee2aeeaa0b1']","[PREMIUM]","[PREMIUM]"
"68d4c4a4863b1d8ae590a38e","2026-01-22 18:30:23.615","2026-01-31 05:52:18.930","68d4c4a4863b1d8ae590a38e","Northern Iowa Panthers at Oklahoma Sooners Wrestling","wres","2026-01-31 19:00:00","2026-02-01 01:00:00","2026-02-01 01:00:00",false,false,false,"[PREMIUM]","[PREMIUM]","[PREMIUM]","[PREMIUM]","[PREMIUM]","[PREMIUM]",false,true,"66bbd53a35fcfb2be1186e46","['696123f99363534600738cec','679bf720b3cfaef021d7b2c8']","[PREMIUM]","[PREMIUM]"
"691bc36fbdb56624d92ca87b","2026-01-22 18:30:23.615","2026-01-31 05:52:18.930","691bc36fbdb56624d92ca87b","Eddie Izzard","comedy","2026-01-31 15:00:00","2026-01-31 23:00:00","2026-02-01 00:30:00",false,false,false,"[PREMIUM]","[PREMIUM]","[PREMIUM]","[PREMIUM]","[PREMIUM]","[PREMIUM]",false,true,"6971738b867b280b82b52c44","['5c3fa5bf61fd020019123948']","[PREMIUM]","[PREMIUM]"
"68ea543953e03daed08a126b","2026-01-22 18:30:23.615","2026-01-31 05:52:18.930","68ea543953e03daed08a126b","The Magic of Motown (Rescheduled from 11/15/2025)","music","2026-01-31 19:30:00","2026-02-01 01:30:00","2026-02-01 01:30:00",false,false,false,"[PREMIUM]","[PREMIUM]","[PREMIUM]","[PREMIUM]","[PREMIUM]","[PREMIUM]",false,true,"5cf8340f4c1e5a0015b04cdd","['69712508476a948626617b70']","[PREMIUM]","[PREMIUM]"
"68e9a32a66eb08117d1da559","2026-01-22 18:30:23.615","2026-01-31 05:52:18.930","68e9a32a66eb08117d1da559","Hampton Pirates at Towson Tigers Mens Basketball","cbb","2026-01-31 14:00:00","2026-01-31 19:00:00","2026-01-31 20:30:00",false,false,false,"[PREMIUM]","[PREMIUM]","[PREMIUM]","[PREMIUM]","[PREMIUM]","[PREMIUM]",true,false,"677d82b59738e64f89d5801f","['59cc3b5025f2c5079548541a','59cc3b5125f2c507954854a2']","[PREMIUM]","[PREMIUM]"
"69715745df642ca8f18130ec","2026-01-22 18:30:23.615","2026-01-31 05:52:48.615","69715745df642ca8f18130ec","Hairball","music","2026-01-31 21:00:00","2026-02-01 02:00:00","2026-02-01 02:00:00",false,false,false,"[PREMIUM]","[PREMIUM]","[PREMIUM]","[PREMIUM]","[PREMIUM]","[PREMIUM]",false,false,"67a685a818d484f42faa32f9","['677c1b9f50a3ae0179be08c4']","[PREMIUM]","[PREMIUM]"
"6971574471e21fe8ed58c44f","2026-01-22 18:30:23.615","2026-01-31 05:52:18.930","6971574471e21fe8ed58c44f","Little Shop of Horrors","theater","2026-01-31 16:00:00","2026-01-31 22:00:00","2026-01-31 22:00:00",false,false,false,"[PREMIUM]","[PREMIUM]","[PREMIUM]","[PREMIUM]","[PREMIUM]","[PREMIUM]",false,false,"67c0f56e8e71e88677355e3c","['659737b6b2295ec66ef02bbd']","[PREMIUM]","[PREMIUM]"
"697156c54d63a33c999d53df","2026-01-22 18:30:23.615","2026-01-31 05:52:18.930","697156c54d63a33c999d53df","Emo Night Karaoke","music","2026-01-31 19:00:00","2026-02-01 00:00:00","2026-02-01 00:00:00",false,false,false,"[PREMIUM]","[PREMIUM]","[PREMIUM]","[PREMIUM]","[PREMIUM]","[PREMIUM]",false,false,"598b505a9da0d48c0da9419f","['65ce998d07a5794f79181c42']","[PREMIUM]","[PREMIUM]"
"697156c4867b280b82b5249e","2026-01-22 18:30:23.615","2026-01-28 15:26:00.734","697156c4867b280b82b5249e","Tom Papa","comedy","2026-01-31 19:00:00","2026-02-01 00:00:00","2026-02-01 01:30:00",false,false,false,"[PREMIUM]","[PREMIUM]","[PREMIUM]","[PREMIUM]","[PREMIUM]","[PREMIUM]",false,true,"648cd9dc28b11a0001efd256","['5dbca3c21b5e80003a4aceac']","[PREMIUM]","[PREMIUM]"
"697156c437a1ca903cdc889a","2026-01-22 18:30:23.615","2026-02-20 02:34:42.482","697156c437a1ca903cdc889a","Ms Pat (Rescheduled from 1/31/26)","comedy","2026-02-20 20:00:00","2026-02-21 01:00:00","2026-02-21 02:30:00",false,false,false,"[PREMIUM]","[PREMIUM]","[PREMIUM]","[PREMIUM]","[PREMIUM]","[PREMIUM]",true,false,"61ba892eb3f6ff0001e8a428","['620febf72614f30001912805']","[PREMIUM]","[PREMIUM]"
"69715693a590240b02940ba7","2026-01-22 18:30:23.615","2026-02-01 06:06:47.549","69715693a590240b02940ba7","Disney On Ice: Jump In","theater","2026-02-01 10:30:00","2026-02-01 16:30:00","2026-02-01 16:45:00",false,false,false,"[PREMIUM]","[PREMIUM]","[PREMIUM]","[PREMIUM]","[PREMIUM]","[PREMIUM]",true,false,"581ccaaacde6626ebe3b2060","['57dc19b1f80c417e9c06490e']","[PREMIUM]","[PREMIUM]"
"69715693382599bae0c3f1a8","2026-01-22 18:30:23.615","2026-01-31 05:52:18.930","69715693382599bae0c3f1a8","Disney On Ice: Jump In","theater","2026-01-31 18:30:00","2026-02-01 00:30:00","2026-02-01 00:45:00",false,false,false,"[PREMIUM]","[PREMIUM]","[PREMIUM]","[PREMIUM]","[PREMIUM]","[PREMIUM]",true,false,"581ccaaacde6626ebe3b2060","['57dc19b1f80c417e9c06490e']","[PREMIUM]","[PREMIUM]"
"697156932df3bd04d4a64f14","2026-01-22 18:30:23.615","2026-01-31 05:52:18.930","697156932df3bd04d4a64f14","Disney On Ice: Jump In","theater","2026-01-31 14:30:00","2026-01-31 20:30:00","2026-01-31 20:45:00",false,false,false,"[PREMIUM]","[PREMIUM]","[PREMIUM]","[PREMIUM]","[PREMIUM]","[PREMIUM]",true,false,"581ccaaacde6626ebe3b2060","['57dc19b1f80c417e9c06490e']","[PREMIUM]","[PREMIUM]"
"6971550d0249fcb747dccd29","2026-01-22 18:30:23.615","2026-01-31 05:52:18.930","6971550d0249fcb747dccd29","Trap Karaoke","music","2026-01-31 19:00:00","2026-02-01 00:00:00","2026-02-01 00:00:00",false,false,false,"[PREMIUM]","[PREMIUM]","[PREMIUM]","[PREMIUM]","[PREMIUM]","[PREMIUM]",false,false,"658f41a820ed1afcd309bf65","['65208404bb040ce1278b27de']","[PREMIUM]","[PREMIUM]"
"69715214382599bae0c3f09d","2026-01-22 18:30:23.615","2026-01-31 05:52:18.930","69715214382599bae0c3f09d","Dirty Dancing in Concert","theater","2026-01-31 19:30:00","2026-02-01 03:30:00","2026-02-01 05:00:00",false,false,false,"[PREMIUM]","[PREMIUM]","[PREMIUM]","[PREMIUM]","[PREMIUM]","[PREMIUM]",false,false,"582f58c7cde6626ebe7ef262","['5a9db32b39244d0016fb9cd1']","[PREMIUM]","[PREMIUM]"
"69714fb05b6ff771d8e2c60d","2026-01-22 18:30:23.615","2026-02-01 06:06:47.549","69714fb05b6ff771d8e2c60d","The Record Company","music","2026-01-31 21:00:00","2026-02-01 07:00:00","2026-02-01 08:30:00",false,false,false,"[PREMIUM]","[PREMIUM]","[PREMIUM]","[PREMIUM]","[PREMIUM]","[PREMIUM]",false,true,"5b772a321107e000127b1105","['5ae2133b1bacc50013566d38']","[PREMIUM]","[PREMIUM]"
"69714fb030df4bdbc1298355","2026-01-22 18:30:23.615","2026-01-31 05:52:18.930","69714fb030df4bdbc1298355","The Record Company","music","2026-01-31 18:30:00","2026-02-01 04:30:00","2026-02-01 06:00:00",false,false,false,"[PREMIUM]","[PREMIUM]","[PREMIUM]","[PREMIUM]","[PREMIUM]","[PREMIUM]",false,true,"5b772a321107e000127b1105","['5ae2133b1bacc50013566d38']","[PREMIUM]","[PREMIUM]"
"697036de4a780db1d4f28f56","2026-01-22 18:30:23.615","2026-01-31 05:52:18.930","697036de4a780db1d4f28f56","Zarna Garg","comedy","2026-01-31 19:00:00","2026-02-01 01:00:00","2026-02-01 01:00:00",false,false,false,"[PREMIUM]","[PREMIUM]","[PREMIUM]","[PREMIUM]","[PREMIUM]","[PREMIUM]",false,false,"64f0f8f2e2b35d00016720b4","['64cd7d0edd46ff0001d98f08']","[PREMIUM]","[PREMIUM]"
"697036de23fcdcd664d04f78","2026-01-22 18:30:23.615","2026-01-31 05:52:48.615","697036de23fcdcd664d04f78","Zarna Garg","comedy","2026-01-31 21:45:00","2026-02-01 03:45:00","2026-02-01 03:45:00",false,false,false,"[PREMIUM]","[PREMIUM]","[PREMIUM]","[PREMIUM]","[PREMIUM]","[PREMIUM]",false,false,"64f0f8f2e2b35d00016720b4","['64cd7d0edd46ff0001d98f08']","[PREMIUM]","[PREMIUM]"
"696d617496a223896cfd7d26","2026-01-22 18:30:23.615","2026-01-31 05:52:48.615","696d617496a223896cfd7d26","Heated Rivalry Night","music","2026-01-31 21:00:00","2026-02-01 03:00:00","2026-02-01 03:00:00",false,false,false,"[PREMIUM]","[PREMIUM]","[PREMIUM]","[PREMIUM]","[PREMIUM]","[PREMIUM]",true,false,"5a9598d5e43ec900139f2228","['65ce9a22bcbac887432e06c5']","[PREMIUM]","[PREMIUM]"
"696d5ae502df8bb090e74f64","2026-01-22 18:30:23.615","2026-02-10 21:02:43.926","696d5ae502df8bb090e74f64","Heated Rivalry Party (Rescheduled from 1/31)","music","2026-02-11 20:00:00","2026-02-12 01:00:00","2026-02-12 01:00:00",false,false,false,"[PREMIUM]","[PREMIUM]","[PREMIUM]","[PREMIUM]","[PREMIUM]","[PREMIUM]",false,false,"64138936792c390001ebc9fa","['65ce9a22bcbac887432e06c5']","[PREMIUM]","[PREMIUM]"
"6967de4ea1852c2070b81e4a","2026-01-22 18:30:23.615","2026-01-31 05:52:48.615","6967de4ea1852c2070b81e4a","Heated Rivalry Night (18+ Event)","music","2026-01-31 21:00:00","2026-02-01 05:00:00","2026-02-01 05:00:00",false,false,false,"[PREMIUM]","[PREMIUM]","[PREMIUM]","[PREMIUM]","[PREMIUM]","[PREMIUM]",false,false,"62a2732a4058e800010aaecf","['65ce9a22bcbac887432e06c5']","[PREMIUM]","[PREMIUM]"
"69657214dfc60c533036eb22","2026-01-22 18:30:23.615","2026-01-31 05:52:48.615","69657214dfc60c533036eb22","Heated Rivalry Night (18+ Event)","music","2026-01-31 21:30:00","2026-02-01 02:30:00","2026-02-01 02:30:00",false,false,false,"[PREMIUM]","[PREMIUM]","[PREMIUM]","[PREMIUM]","[PREMIUM]","[PREMIUM]",false,false,"57c77a75f80c416043724025","['65ce9a22bcbac887432e06c5']","[PREMIUM]","[PREMIUM]"
"695fdbec1970578a821e34f7","2026-01-22 18:30:23.615","2026-01-31 05:52:48.615","695fdbec1970578a821e34f7","Club 90's Presents Heated Rivalry Night","music","2026-01-31 21:00:00","2026-02-01 03:00:00","2026-02-01 03:00:00",false,false,false,"[PREMIUM]","[PREMIUM]","[PREMIUM]","[PREMIUM]","[PREMIUM]","[PREMIUM]",false,false,"57eae9facde6626ebe3c52d6","['65ce9a22bcbac887432e06c5']","[PREMIUM]","[PREMIUM]"
"68f2ad9ca0ba98513eaf51f3","2026-01-22 18:30:12.707","2026-01-30 22:40:42.970","68f2ad9ca0ba98513eaf51f3","Southern Miss at Old Dominion Lady Monarchs Women's Basketball (Rescheduled from 1/31/26)","wcbb","2026-01-30 18:30:00","2026-01-30 23:30:00","2026-01-30 23:30:00",false,false,false,"[PREMIUM]","[PREMIUM]","[PREMIUM]","[PREMIUM]","[PREMIUM]","[PREMIUM]",false,false,"654418672ad03464421c70b1","['6552488f2dbb82cd94abc9bf','65525508dfb2bca80d719587']","[PREMIUM]","[PREMIUM]"
"690a7f6ed93d629847c694e0","2026-01-22 18:30:12.707","2026-01-30 22:40:42.970","690a7f6ed93d629847c694e0","LOVB Madison at LOVB Nebraska","vball","2026-01-30 19:00:00","2026-01-31 01:00:00","2026-01-31 01:00:00",false,false,false,"[PREMIUM]","[PREMIUM]","[PREMIUM]","[PREMIUM]","[PREMIUM]","[PREMIUM]",true,false,"5e7155b818e316003acec3f0","['66eb3931cc972ee2aeeaa0b1']","[PREMIUM]","[PREMIUM]"
"689aaba5cefc5996d48d174a","2026-01-22 18:30:12.707","2026-01-30 22:40:42.970","689aaba5cefc5996d48d174a","Ninajirachi (Moved from Bottleneck)","music","2026-01-30 20:00:00","2026-01-31 02:00:00","2026-01-31 02:00:00",false,false,false,"[PREMIUM]","[PREMIUM]","[PREMIUM]","[PREMIUM]","[PREMIUM]","[PREMIUM]",false,false,"62fac8d2f3a44b0001934fa6","['6971438037a1ca903cdc83d0']","[PREMIUM]","[PREMIUM]"
"68e987c2076c1efcc0f9f139","2026-01-22 18:30:12.707","2026-01-29 19:04:35.313","68e987c2076c1efcc0f9f139","UNC Wilmington Seahawks at Towson Tigers Mens Basketball","cbb","2026-01-29 21:00:00","2026-01-30 02:00:00","2026-01-30 03:30:00",false,false,false,"[PREMIUM]","[PREMIUM]","[PREMIUM]","[PREMIUM]","[PREMIUM]","[PREMIUM]",false,false,"677d82b59738e64f89d5801f","['59cc3b5025f2c5079548541a','59caeadc25f2c56a69c03c74']","[PREMIUM]","[PREMIUM]"
"6904b0eadfe85fe8ad7340a4","2026-01-22 18:30:12.707","2026-01-30 22:40:42.970","6904b0eadfe85fe8ad7340a4","California Golden Bears at Stanford Cardinal Womens Gymnastics","gymnastics","2026-01-30 19:00:00","2026-01-31 03:00:00","2026-01-31 03:00:00",false,false,false,"[PREMIUM]","[PREMIUM]","[PREMIUM]","[PREMIUM]","[PREMIUM]","[PREMIUM]",false,false,"54d7ea4b64f962357d000001","['6759f20813120421c11cbecc','65aaf2f704df58637782141c']","[PREMIUM]","[PREMIUM]"
"691bc36f33b4f7db15b26e8a","2026-01-22 18:30:12.707","2026-01-30 22:40:42.970","691bc36f33b4f7db15b26e8a","Eddie Izzard","comedy","2026-01-30 20:00:00","2026-01-31 04:00:00","2026-01-31 05:30:00",false,false,false,"[PREMIUM]","[PREMIUM]","[PREMIUM]","[PREMIUM]","[PREMIUM]","[PREMIUM]",false,true,"6971738b867b280b82b52c44","['5c3fa5bf61fd020019123948']","[PREMIUM]","[PREMIUM]"
"692f8a58290db21a4caafe44","2026-01-22 18:30:12.707","2026-01-30 22:40:42.970","692f8a58290db21a4caafe44","Cleveland State Vikings at Wisconsin Green Bay Phoenix Mens Basketball","cbb","2026-01-30 18:00:00","2026-01-31 00:00:00","2026-01-31 01:30:00",false,false,false,"[PREMIUM]","[PREMIUM]","[PREMIUM]","[PREMIUM]","[PREMIUM]","[PREMIUM]",false,false,"57d8b1f050575d33c8737912","['58190990f80c414be179c477','59caeadd25f2c56a69c03c7a']","[PREMIUM]","[PREMIUM]"
"68d550e61ee8a9ed6d1ee4af","2026-01-22 18:30:12.707","2026-01-30 22:40:42.970","68d550e61ee8a9ed6d1ee4af","Iowa State Cyclones at Oklahoma Sooners Wrestling","wres","2026-01-30 19:00:00","2026-01-31 01:00:00","2026-01-31 01:00:00",false,false,false,"[PREMIUM]","[PREMIUM]","[PREMIUM]","[PREMIUM]","[PREMIUM]","[PREMIUM]",false,true,"66bbd53a35fcfb2be1186e46","['696123f99363534600738cec','673673b6ce4d341d5a1cf75d']","[PREMIUM]","[PREMIUM]"
"697218eb5155e77ca3bf2e61","2026-01-22 18:30:12.707","2026-01-30 22:40:42.970","697218eb5155e77ca3bf2e61","Tacarra Williams","comedy","2026-01-30 21:45:00","2026-01-31 05:45:00","2026-01-31 05:45:00",false,false,false,"[PREMIUM]","[PREMIUM]","[PREMIUM]","[PREMIUM]","[PREMIUM]","[PREMIUM]",false,false,"615f24603f8dfc0001507a90","['647a3b7e2681310001142189']","[PREMIUM]","[PREMIUM]"
"6971aa83115c2f3572ea27dd","2026-01-22 18:30:12.707","2026-01-30 22:40:42.970","6971aa83115c2f3572ea27dd","French Montana (21+ Event)","music","2026-01-30 23:00:00","2026-01-31 04:00:00","2026-01-31 05:30:00",false,false,false,"[PREMIUM]","[PREMIUM]","[PREMIUM]","[PREMIUM]","[PREMIUM]","[PREMIUM]",false,true,"617b0be24d70170001fab6b9","['618d600b8886a00001a574e6']","[PREMIUM]","[PREMIUM]"
"697156c4d1c7e820928511b0","2026-01-22 18:30:12.707","2026-01-30 22:40:42.970","697156c4d1c7e820928511b0","Tom Papa","comedy","2026-01-30 19:00:00","2026-01-31 00:00:00","2026-01-31 01:30:00",false,false,false,"[PREMIUM]","[PREMIUM]","[PREMIUM]","[PREMIUM]","[PREMIUM]","[PREMIUM]",false,false,"61ba892eb3f6ff0001e8a428","['5dbca3c21b5e80003a4aceac']","[PREMIUM]","[PREMIUM]"
"69715693762fd6c8bd37cb19","2026-01-22 18:30:12.707","2026-01-30 22:40:42.970","69715693762fd6c8bd37cb19","Disney On Ice: Jump In","theater","2026-01-30 19:00:00","2026-01-31 01:00:00","2026-01-31 01:15:00",false,false,false,"[PREMIUM]","[PREMIUM]","[PREMIUM]","[PREMIUM]","[PREMIUM]","[PREMIUM]",true,false,"581ccaaacde6626ebe3b2060","['57dc19b1f80c417e9c06490e']","[PREMIUM]","[PREMIUM]"
"697156935b47465d0c41d08a","2026-01-22 18:30:12.707","2026-01-31 05:52:18.930","697156935b47465d0c41d08a","Disney On Ice: Jump In","theater","2026-01-31 10:30:00","2026-01-31 16:30:00","2026-01-31 16:45:00",false,false,false,"[PREMIUM]","[PREMIUM]","[PREMIUM]","[PREMIUM]","[PREMIUM]","[PREMIUM]",true,false,"581ccaaacde6626ebe3b2060","['57dc19b1f80c417e9c06490e']","[PREMIUM]","[PREMIUM]"
"69715604382599bae0c3f18a","2026-01-22 18:30:12.707","2026-01-30 22:40:42.970","69715604382599bae0c3f18a","Ms Pat","comedy","2026-01-30 20:00:00","2026-01-31 01:00:00","2026-01-31 02:30:00",false,false,false,"[PREMIUM]","[PREMIUM]","[PREMIUM]","[PREMIUM]","[PREMIUM]","[PREMIUM]",false,true,"5ae7a9fd379d8a0012b64170","['620febf72614f30001912805']","[PREMIUM]","[PREMIUM]"
"69715603e670d526d6857b67","2026-01-22 18:30:12.707","2026-01-29 19:04:35.313","69715603e670d526d6857b67","Tom Papa","comedy","2026-01-29 20:00:00","2026-01-30 01:00:00","2026-01-30 02:30:00",false,false,false,"[PREMIUM]","[PREMIUM]","[PREMIUM]","[PREMIUM]","[PREMIUM]","[PREMIUM]",false,true,"5ae7a9fd379d8a0012b64170","['5dbca3c21b5e80003a4aceac']","[PREMIUM]","[PREMIUM]"
"697155581fec7a6174fff0f9","2026-01-22 18:30:12.707","2026-01-30 22:40:42.970","697155581fec7a6174fff0f9","Reverend Horton Heat (18+ Event)","music","2026-01-30 21:00:00","2026-01-31 03:00:00","2026-01-31 04:00:00",false,false,false,"[PREMIUM]","[PREMIUM]","[PREMIUM]","[PREMIUM]","[PREMIUM]","[PREMIUM]",false,true,"5a15add7cf12f00012cd4b25","['59b3189425f2c53fa02a9603']","[PREMIUM]","[PREMIUM]"
"69715011a643408dc359b279","2026-01-22 18:30:12.707","2026-01-29 19:04:35.313","69715011a643408dc359b279","Hairball","music","2026-01-29 20:30:00","2026-01-30 01:30:00","2026-01-30 01:30:00",false,false,false,"[PREMIUM]","[PREMIUM]","[PREMIUM]","[PREMIUM]","[PREMIUM]","[PREMIUM]",false,false,"63f91ca43ec6c2000172a397","['677c1b9f50a3ae0179be08c4']","[PREMIUM]","[PREMIUM]"
"69714fb00249fcb747dccbf4","2026-01-22 18:30:12.707","2026-01-31 05:52:18.930","69714fb00249fcb747dccbf4","The Record Company","music","2026-01-30 21:00:00","2026-01-31 07:00:00","2026-01-31 08:30:00",false,false,false,"[PREMIUM]","[PREMIUM]","[PREMIUM]","[PREMIUM]","[PREMIUM]","[PREMIUM]",false,true,"5b772a321107e000127b1105","['5ae2133b1bacc50013566d38']","[PREMIUM]","[PREMIUM]"
"696eac858efbc46e363eb5e1","2026-01-22 18:30:12.707","2026-01-30 22:40:42.970","696eac858efbc46e363eb5e1","Heated Rivalry Night","music","2026-01-30 21:00:00","2026-01-31 03:00:00","2026-01-31 03:00:00",false,false,false,"[PREMIUM]","[PREMIUM]","[PREMIUM]","[PREMIUM]","[PREMIUM]","[PREMIUM]",false,false,"6830fb8d1132ae5366612eac","['65ce9a22bcbac887432e06c5']","[PREMIUM]","[PREMIUM]"
"696d61743ac5c5b7fc9f2250","2026-01-22 18:30:12.707","2026-01-30 22:40:42.970","696d61743ac5c5b7fc9f2250","Heated Rivalry Night","music","2026-01-30 21:00:00","2026-01-31 03:00:00","2026-01-31 03:00:00",false,false,false,"[PREMIUM]","[PREMIUM]","[PREMIUM]","[PREMIUM]","[PREMIUM]","[PREMIUM]",false,false,"57e2e56f50575d33c8a41c93","['65ce9a22bcbac887432e06c5']","[PREMIUM]","[PREMIUM]"
"6969a1e38e7737253e2b569f","2026-01-22 18:30:12.707","2026-01-30 22:40:42.970","6969a1e38e7737253e2b569f","Heated Rivalry Night","music","2026-01-30 21:00:00","2026-01-31 03:00:00","2026-01-31 03:00:00",false,false,false,"[PREMIUM]","[PREMIUM]","[PREMIUM]","[PREMIUM]","[PREMIUM]","[PREMIUM]",false,false,"5a9598d5e43ec900139f2228","['65ce9a22bcbac887432e06c5']","[PREMIUM]","[PREMIUM]"
"6967de267dc61e61298049a6","2026-01-22 18:30:12.707","2026-01-29 19:04:35.313","6967de267dc61e61298049a6","Heated Rivalry Rave","music","2026-01-29 21:00:00","2026-01-30 05:00:00","2026-01-30 05:00:00",false,false,false,"[PREMIUM]","[PREMIUM]","[PREMIUM]","[PREMIUM]","[PREMIUM]","[PREMIUM]",false,false,"57e2f27c50575d33c8a48f4c","['65ce9a22bcbac887432e06c5']","[PREMIUM]","[PREMIUM]"
"6967de25a7c8e48036665dea","2026-01-22 18:30:12.707","2026-01-31 05:52:18.930","6967de25a7c8e48036665dea","Heated Rivalry Rave","music","2026-01-30 22:00:00","2026-01-31 06:00:00","2026-01-31 06:00:00",false,false,false,"[PREMIUM]","[PREMIUM]","[PREMIUM]","[PREMIUM]","[PREMIUM]","[PREMIUM]",false,false,"57e2f27c50575d33c8a48f4c","['65ce9a22bcbac887432e06c5']","[PREMIUM]","[PREMIUM]"
"6967c3068f67a390cc793893","2026-01-22 18:30:12.707","2026-01-30 22:40:42.970","6967c3068f67a390cc793893","Heated Rivalry Dance Party","music","2026-01-30 22:00:00","2026-01-31 04:00:00","2026-01-31 04:00:00",false,false,false,"[PREMIUM]","[PREMIUM]","[PREMIUM]","[PREMIUM]","[PREMIUM]","[PREMIUM]",false,false,"57eaab67cde6626ebe3842d5","['65ce9a22bcbac887432e06c5']","[PREMIUM]","[PREMIUM]"
"6967c2fa8fe77dd66ba07246","2026-01-22 18:30:12.707","2026-01-30 22:40:42.970","6967c2fa8fe77dd66ba07246","Heated Rivalry Night","music","2026-01-30 22:00:00","2026-01-31 03:00:00","2026-01-31 03:00:00",false,false,false,"[PREMIUM]","[PREMIUM]","[PREMIUM]","[PREMIUM]","[PREMIUM]","[PREMIUM]",false,false,"5a468db7ad41310010e39545","['65ce9a22bcbac887432e06c5']","[PREMIUM]","[PREMIUM]"
"6941c24e3e10d75bef7c4548","2026-01-22 18:30:12.707","2026-01-31 05:52:18.930","6941c24e3e10d75bef7c4548","Grand Canyon University Lopes at Arizona Wildcats Hockey","cho","2026-01-31 13:00:00","2026-01-31 20:00:00","2026-01-31 20:00:00",false,false,false,"[PREMIUM]","[PREMIUM]","[PREMIUM]","[PREMIUM]","[PREMIUM]","[PREMIUM]",false,false,"58015c6bcde6626ebed56e0b","['650dae81038a800001fc0bb3','650db283485a630001fefaf0']","[PREMIUM]","[PREMIUM]"
"693b319e2eb8712c437695d2","2026-01-22 18:30:12.707","2026-01-29 19:04:35.313","693b319e2eb8712c437695d2","Meredith Marks","music","2026-01-29 20:00:00","2026-01-30 02:00:00","2026-01-30 02:00:00",false,false,false,"[PREMIUM]","[PREMIUM]","[PREMIUM]","[PREMIUM]","[PREMIUM]","[PREMIUM]",false,false,"62a2707ba10296000139f13d","['6970eabe71e21fe8ed589397']","[PREMIUM]","[PREMIUM]"
"691bc12582123b4c7ce079f4","2026-01-22 18:30:03.170","2026-01-29 19:04:35.313","691bc12582123b4c7ce079f4","Eddie Izzard Hamlet","comedy","2026-01-29 19:00:00","2026-01-30 03:00:00","2026-01-30 04:30:00",false,false,false,"[PREMIUM]","[PREMIUM]","[PREMIUM]","[PREMIUM]","[PREMIUM]","[PREMIUM]",false,true,"6971738b867b280b82b52c44","['5c3fa5bf61fd020019123948']","[PREMIUM]","[PREMIUM]"
"690abd4059434ff8b7663bd3","2026-01-22 18:30:03.170","2026-01-29 19:04:35.313","690abd4059434ff8b7663bd3","LOVB Austin at LOVB Salt Lake","vball","2026-01-29 19:00:00","2026-01-30 02:00:00","2026-01-30 02:00:00",false,false,false,"[PREMIUM]","[PREMIUM]","[PREMIUM]","[PREMIUM]","[PREMIUM]","[PREMIUM]",true,false,"678af071f065f4b4c91c8633","['66eb3931cc972ee2aeeaa0b1']","[PREMIUM]","[PREMIUM]"
"69715743680318e16b77004b","2026-01-22 18:30:03.170","2026-01-28 15:25:44.868","69715743680318e16b77004b","Little Shop of Horrors","theater","2026-01-28 13:00:00","2026-01-28 19:00:00","2026-01-28 19:00:00",false,false,false,"[PREMIUM]","[PREMIUM]","[PREMIUM]","[PREMIUM]","[PREMIUM]","[PREMIUM]",false,false,"67c0f56e8e71e88677355e3c","['659737b6b2295ec66ef02bbd']","[PREMIUM]","[PREMIUM]"
"697154303221066dfc20af63","2026-01-22 18:30:03.170","2026-01-29 19:04:35.313","697154303221066dfc20af63","Jim Gaffigan","comedy","2026-01-29 19:00:00","2026-01-30 01:00:00","2026-01-30 02:00:00",false,false,false,"[PREMIUM]","[PREMIUM]","[PREMIUM]","[PREMIUM]","[PREMIUM]","[PREMIUM]",true,false,"61524541b58bf30001037971","['58b75009f80c412371dcaafe']","[PREMIUM]","[PREMIUM]"
"6971541ade0409e5e4a10923","2026-01-22 18:30:03.170","2026-01-28 15:25:44.868","6971541ade0409e5e4a10923","Kimberly Akimbo","theater","2026-01-28 13:30:00","2026-01-28 18:30:00","2026-01-28 18:30:00",false,false,false,"[PREMIUM]","[PREMIUM]","[PREMIUM]","[PREMIUM]","[PREMIUM]","[PREMIUM]",false,true,"66e89f7fe8afc2e9570894d2","['648b5fc2af13b6000110eb96']","[PREMIUM]","[PREMIUM]"
"6971522330df4bdbc12983ed","2026-01-22 18:30:03.170","2026-01-27 11:47:51.606","6971522330df4bdbc12983ed","Gregory Alan Isakov","music","2026-01-27 20:00:00","2026-01-28 04:00:00","2026-01-28 05:30:00",false,false,false,"[PREMIUM]","[PREMIUM]","[PREMIUM]","[PREMIUM]","[PREMIUM]","[PREMIUM]",false,true,"669982064c573ce512ef39d8","['5b4778510b128500133a489d']","[PREMIUM]","[PREMIUM]"
"697151fbe670d526d6857a60","2026-01-22 18:30:03.170","2026-01-28 15:25:44.868","697151fbe670d526d6857a60","The Book Of Mormon","theater","2026-01-28 13:00:00","2026-01-28 21:00:00","2026-01-28 22:00:00",false,false,false,"[PREMIUM]","[PREMIUM]","[PREMIUM]","[PREMIUM]","[PREMIUM]","[PREMIUM]",false,false,"582f58c8cde6626ebe7ef263","['582525dff80c4177c17c7aa6']","[PREMIUM]","[PREMIUM]"
"693790e95560eaf2211e4be7","2026-01-22 18:30:03.170","2026-01-28 15:25:44.868","693790e95560eaf2211e4be7","Marc Maron","comedy","2026-01-28 19:30:00","2026-01-29 03:30:00","2026-01-29 04:30:00",false,false,false,"[PREMIUM]","[PREMIUM]","[PREMIUM]","[PREMIUM]","[PREMIUM]","[PREMIUM]",false,true,"6971741fa590240b02941398","['58a7935cf80c41494ff7ce4d']","[PREMIUM]","[PREMIUM]"
"6904b0ec9e9c7e1108b6ec46","2026-01-22 18:29:52.840","2026-01-25 03:54:23.470","6904b0ec9e9c7e1108b6ec46","Clemson Tigers at Stanford Cardinal Womens Gymnastics","gymnastics","2026-01-25 14:00:00","2026-01-25 22:00:00","2026-01-25 22:00:00",false,false,false,"[PREMIUM]","[PREMIUM]","[PREMIUM]","[PREMIUM]","[PREMIUM]","[PREMIUM]",false,false,"54d7ea4b64f962357d000001","['6759f20813120421c11cbecc','65aaf7880a38821a8a848efe']","[PREMIUM]","[PREMIUM]"
"691bc125db539d3a89df50d8","2026-01-22 18:29:52.840","2026-01-25 03:54:23.470","691bc125db539d3a89df50d8","Eddie Izzard Hamlet","comedy","2026-01-24 20:00:00","2026-01-25 04:00:00","2026-01-25 05:30:00",false,false,false,"[PREMIUM]","[PREMIUM]","[PREMIUM]","[PREMIUM]","[PREMIUM]","[PREMIUM]",false,true,"6971738b867b280b82b52c44","['5c3fa5bf61fd020019123948']","[PREMIUM]","[PREMIUM]"
"68f9770536c13ad20fb2f1f5","2026-01-22 18:29:52.840","2026-01-23 22:44:11.568","68f9770536c13ad20fb2f1f5","Illinois Fighting Illini at Ohio State Buckeyes Womens Gymnastics (Rescheduled from 1/25)","gymnastics","2026-01-24 14:00:00","2026-01-24 19:00:00","2026-01-24 19:00:00",false,false,false,"[PREMIUM]","[PREMIUM]","[PREMIUM]","[PREMIUM]","[PREMIUM]","[PREMIUM]",true,false,"66f5b60a2edc2ecc2dd2cd79","['67604fbdb909336c01e6165d','6759e3f76fa197f99dc1a2c8']","[PREMIUM]","[PREMIUM]"
"691bc36f3804c70383d37971","2026-01-22 18:29:52.840","2026-01-25 03:54:23.470","691bc36f3804c70383d37971","Eddie Izzard","comedy","2026-01-25 15:00:00","2026-01-25 23:00:00","2026-01-26 00:30:00",false,false,false,"[PREMIUM]","[PREMIUM]","[PREMIUM]","[PREMIUM]","[PREMIUM]","[PREMIUM]",false,true,"6971738b867b280b82b52c44","['5c3fa5bf61fd020019123948']","[PREMIUM]","[PREMIUM]"
"690a609039c80e3b6d22d4b6","2026-01-22 18:29:52.840","2026-01-25 03:54:23.470","690a609039c80e3b6d22d4b6","LOVB Nebraska at LOVB Atlanta","vball","2026-01-25 18:00:00","2026-01-25 23:00:00","2026-01-25 23:00:00",false,false,false,"[PREMIUM]","[PREMIUM]","[PREMIUM]","[PREMIUM]","[PREMIUM]","[PREMIUM]",true,false,"60b7ee5897775b0001b38bfe","['66eb3931cc972ee2aeeaa0b1']","[PREMIUM]","[PREMIUM]"
"697157448efbc46e363f76a5","2026-01-22 18:29:52.840","2026-01-25 03:54:23.470","697157448efbc46e363f76a5","Little Shop of Horrors","theater","2026-01-25 17:00:00","2026-01-25 23:00:00","2026-01-25 23:00:00",false,false,false,"[PREMIUM]","[PREMIUM]","[PREMIUM]","[PREMIUM]","[PREMIUM]","[PREMIUM]",false,false,"67c0f56e8e71e88677355e3c","['659737b6b2295ec66ef02bbd']","[PREMIUM]","[PREMIUM]"
"6971574423fcdcd664d0a6fa","2026-01-22 18:29:52.840","2026-01-25 03:54:23.470","6971574423fcdcd664d0a6fa","Little Shop of Horrors","theater","2026-01-25 13:00:00","2026-01-25 19:00:00","2026-01-25 19:00:00",false,false,false,"[PREMIUM]","[PREMIUM]","[PREMIUM]","[PREMIUM]","[PREMIUM]","[PREMIUM]",false,false,"67c0f56e8e71e88677355e3c","['659737b6b2295ec66ef02bbd']","[PREMIUM]","[PREMIUM]"
"6971573cd1c7e820928511d5","2026-01-22 18:29:52.840","2026-01-25 03:54:23.470","6971573cd1c7e820928511d5","Charlie Berens","comedy","2026-01-25 19:00:00","2026-01-26 01:00:00","2026-01-26 01:00:00",false,false,false,"[PREMIUM]","[PREMIUM]","[PREMIUM]","[PREMIUM]","[PREMIUM]","[PREMIUM]",false,true,"5be1e5e8cf66cc0014f56ba1","['648b23429d7e5200019147a8']","[PREMIUM]","[PREMIUM]"
"697157168ab220d3aa8197c4","2026-01-22 18:29:52.840","2026-01-25 03:54:23.470","697157168ab220d3aa8197c4","Disney On Ice: Jump In","theater","2026-01-25 18:30:00","2026-01-26 00:30:00","2026-01-26 00:45:00",false,false,false,"[PREMIUM]","[PREMIUM]","[PREMIUM]","[PREMIUM]","[PREMIUM]","[PREMIUM]",true,false,"54d4e60c64f962229a000001","['57dc19b1f80c417e9c06490e']","[PREMIUM]","[PREMIUM]"
"697157167c3ad2d4cc438f47","2026-01-22 18:29:52.840","2026-01-25 03:54:23.470","697157167c3ad2d4cc438f47","Disney On Ice: Jump In","theater","2026-01-25 14:30:00","2026-01-25 20:30:00","2026-01-25 20:45:00",false,false,false,"[PREMIUM]","[PREMIUM]","[PREMIUM]","[PREMIUM]","[PREMIUM]","[PREMIUM]",true,false,"54d4e60c64f962229a000001","['57dc19b1f80c417e9c06490e']","[PREMIUM]","[PREMIUM]"
"6971571639bcc426ebcbd629","2026-01-22 18:29:52.840","2026-01-25 03:54:23.470","6971571639bcc426ebcbd629","Disney On Ice: Jump In","theater","2026-01-25 10:30:00","2026-01-25 16:30:00","2026-01-25 16:45:00",false,false,false,"[PREMIUM]","[PREMIUM]","[PREMIUM]","[PREMIUM]","[PREMIUM]","[PREMIUM]",true,false,"54d4e60c64f962229a000001","['57dc19b1f80c417e9c06490e']","[PREMIUM]","[PREMIUM]"
"697156c4b186e21ce39befe7","2026-01-22 18:29:52.840","2026-01-25 03:54:23.470","697156c4b186e21ce39befe7","Tim Heidecker","comedy","2026-01-25 20:00:00","2026-01-26 01:00:00","2026-01-26 02:30:00",false,false,false,"[PREMIUM]","[PREMIUM]","[PREMIUM]","[PREMIUM]","[PREMIUM]","[PREMIUM]",false,false,"61ba892eb3f6ff0001e8a428","['626730dec18b730001c8738d']","[PREMIUM]","[PREMIUM]"
"697156c4434e2bfaf649bc41","2026-01-22 18:29:52.840","2026-01-23 22:44:30.383","697156c4434e2bfaf649bc41","Pete Holmes","comedy","2026-01-24 20:00:00","2026-01-25 01:00:00","2026-01-25 02:30:00",false,false,false,"[PREMIUM]","[PREMIUM]","[PREMIUM]","[PREMIUM]","[PREMIUM]","[PREMIUM]",true,false,"61ba892eb3f6ff0001e8a428","['6335d6dc643c410001bb48b9']","[PREMIUM]","[PREMIUM]"
"69715605f87aabcb40384a10","2026-01-22 18:29:52.840","2026-01-23 22:44:30.383","69715605f87aabcb40384a10","Don DC Curry (18+ Event)","comedy","2026-01-24 21:00:00","2026-01-25 02:00:00","2026-01-25 03:30:00",false,false,false,"[PREMIUM]","[PREMIUM]","[PREMIUM]","[PREMIUM]","[PREMIUM]","[PREMIUM]",false,true,"64e9228cc36b610001a7c0cc","['643478e122509500014be658']","[PREMIUM]","[PREMIUM]"
"697156058efbc46e363f7650","2026-01-22 18:29:52.840","2026-01-25 03:54:23.470","697156058efbc46e363f7650","Don DC Curry (18+ Event)","comedy","2026-01-25 19:00:00","2026-01-26 00:00:00","2026-01-26 01:30:00",false,false,false,"[PREMIUM]","[PREMIUM]","[PREMIUM]","[PREMIUM]","[PREMIUM]","[PREMIUM]",false,true,"64e9228cc36b610001a7c0cc","['643478e122509500014be658']","[PREMIUM]","[PREMIUM]"
"6971541b96e0b622d94c4b54","2026-01-22 18:29:52.840","2026-01-25 03:54:23.470","6971541b96e0b622d94c4b54","Kimberly Akimbo","theater","2026-01-25 14:00:00","2026-01-25 19:00:00","2026-01-25 19:00:00",false,false,false,"[PREMIUM]","[PREMIUM]","[PREMIUM]","[PREMIUM]","[PREMIUM]","[PREMIUM]",false,true,"66e89f7fe8afc2e9570894d2","['648b5fc2af13b6000110eb96']","[PREMIUM]","[PREMIUM]"
"69715216d1c7e82092851073","2026-01-22 18:29:52.840","2026-01-26 08:20:12.734","69715216d1c7e82092851073","PartyOf2","music","2026-01-26 20:00:00","2026-01-27 04:00:00","2026-01-27 04:00:00",false,false,false,"[PREMIUM]","[PREMIUM]","[PREMIUM]","[PREMIUM]","[PREMIUM]","[PREMIUM]",false,true,"61c3a732ef24d50001c93703","['68e559b70892f1cf1a5b2e6e']","[PREMIUM]","[PREMIUM]"
"697151fbdf642ca8f1812fa0","2026-01-22 18:29:52.840","2026-01-25 03:54:23.470","697151fbdf642ca8f1812fa0","The Book Of Mormon","theater","2026-01-25 18:30:00","2026-01-26 02:30:00","2026-01-26 03:30:00",false,false,false,"[PREMIUM]","[PREMIUM]","[PREMIUM]","[PREMIUM]","[PREMIUM]","[PREMIUM]",false,false,"582f58c8cde6626ebe7ef263","['582525dff80c4177c17c7aa6']","[PREMIUM]","[PREMIUM]"
"69714fb07b979bb8f42a092d","2026-01-22 18:29:52.840","2026-01-25 03:54:23.470","69714fb07b979bb8f42a092d","Shoreline Mafia (21+ Event)","music","2026-01-24 20:00:00","2026-01-25 06:00:00","2026-01-25 07:30:00",false,false,false,"[PREMIUM]","[PREMIUM]","[PREMIUM]","[PREMIUM]","[PREMIUM]","[PREMIUM]",false,true,"5b76fa330e84fa0012a0356a","['5b57b4e12785aa001257dbfd']","[PREMIUM]","[PREMIUM]"
"697038380249fcb747dc758d","2026-01-22 18:29:52.840","2026-01-25 03:54:23.470","697038380249fcb747dc758d","Club 90s - Heated Rivalry Night","music","2026-01-24 21:00:00","2026-01-25 05:00:00","2026-01-25 05:00:00",false,false,false,"[PREMIUM]","[PREMIUM]","[PREMIUM]","[PREMIUM]","[PREMIUM]","[PREMIUM]",false,false,"57e1885950575d33c89c1729","['65ce9a22bcbac887432e06c5']","[PREMIUM]","[PREMIUM]"
"691bc26d1790a2e73dc9f693","2026-01-22 18:29:44.367","2026-01-23 22:44:11.568","691bc26d1790a2e73dc9f693","Eddie Izzard Hamlet","comedy","2026-01-23 20:00:00","2026-01-24 04:00:00","2026-01-24 05:30:00",false,false,false,"[PREMIUM]","[PREMIUM]","[PREMIUM]","[PREMIUM]","[PREMIUM]","[PREMIUM]",false,true,"6971738b867b280b82b52c44","['5c3fa5bf61fd020019123948']","[PREMIUM]","[PREMIUM]"
"690bd5b0fd02e61ea0e779da","2026-01-22 18:29:44.367","2026-01-23 22:44:11.568","690bd5b0fd02e61ea0e779da","LOVB Austin vs LOVB Houston","vball","2026-01-24 13:00:00","2026-01-24 19:00:00","2026-01-24 19:00:00",false,false,false,"[PREMIUM]","[PREMIUM]","[PREMIUM]","[PREMIUM]","[PREMIUM]","[PREMIUM]",true,false,"545afc653bf3763fb9000004","['66eb3931cc972ee2aeeaa0b1']","[PREMIUM]","[PREMIUM]"
"68a925e557f85838783be253","2026-01-22 18:29:44.367","2026-01-23 22:44:30.383","68a925e557f85838783be253","Georgia State Panthers at Troy Trojans Womens Basketball","wcbb","2026-01-24 15:30:00","2026-01-24 21:30:00","2026-01-24 21:30:00",false,false,false,"[PREMIUM]","[PREMIUM]","[PREMIUM]","[PREMIUM]","[PREMIUM]","[PREMIUM]",false,false,"66db15a3b0e0b37b36bd7412","['64f90c65ddee5e0001596fc3','6532ddb8c57919784a8f89c1']","[PREMIUM]","[PREMIUM]"
"690c1039b4ae45f26290b9e0","2026-01-22 18:29:44.367","2026-01-23 22:44:30.383","690c1039b4ae45f26290b9e0","Magic of Motown","music","2026-01-24 19:30:00","2026-01-25 00:30:00","2026-01-25 00:30:00",false,false,false,"[PREMIUM]","[PREMIUM]","[PREMIUM]","[PREMIUM]","[PREMIUM]","[PREMIUM]",false,false,"66b2832e951c37209c99e6fb","['69712508476a948626617b70']","[PREMIUM]","[PREMIUM]"
"69715744d1c7e820928511d7","2026-01-22 18:29:44.367","2026-01-23 22:44:30.383","69715744d1c7e820928511d7","Little Shop of Horrors","theater","2026-01-24 16:00:00","2026-01-24 22:00:00","2026-01-24 22:00:00",false,false,false,"[PREMIUM]","[PREMIUM]","[PREMIUM]","[PREMIUM]","[PREMIUM]","[PREMIUM]",true,false,"67c0f56e8e71e88677355e3c","['659737b6b2295ec66ef02bbd']","[PREMIUM]","[PREMIUM]"
"69715716e162f3c64d7ecc7b","2026-01-22 18:29:44.367","2026-01-23 22:44:11.568","69715716e162f3c64d7ecc7b","Disney On Ice: Jump In","theater","2026-01-24 10:30:00","2026-01-24 16:30:00","2026-01-24 16:45:00",false,false,false,"[PREMIUM]","[PREMIUM]","[PREMIUM]","[PREMIUM]","[PREMIUM]","[PREMIUM]",true,false,"54d4e60c64f962229a000001","['57dc19b1f80c417e9c06490e']","[PREMIUM]","[PREMIUM]"
"69715716be133370aa2144f1","2026-01-22 18:29:44.367","2026-01-23 22:44:11.568","69715716be133370aa2144f1","Disney On Ice: Jump In","theater","2026-01-24 14:30:00","2026-01-24 20:30:00","2026-01-24 20:45:00",false,false,false,"[PREMIUM]","[PREMIUM]","[PREMIUM]","[PREMIUM]","[PREMIUM]","[PREMIUM]",true,false,"54d4e60c64f962229a000001","['57dc19b1f80c417e9c06490e']","[PREMIUM]","[PREMIUM]"
"697157165b47465d0c41d0af","2026-01-22 18:29:44.367","2026-01-23 22:44:30.383","697157165b47465d0c41d0af","Disney On Ice: Jump In","theater","2026-01-24 18:30:00","2026-01-25 00:30:00","2026-01-25 00:45:00",false,false,false,"[PREMIUM]","[PREMIUM]","[PREMIUM]","[PREMIUM]","[PREMIUM]","[PREMIUM]",true,false,"54d4e60c64f962229a000001","['57dc19b1f80c417e9c06490e']","[PREMIUM]","[PREMIUM]"
"697156975b47465d0c41d08e","2026-01-22 18:29:44.367","2026-01-23 22:44:11.568","697156975b47465d0c41d08e","Northern Illinois Huskies at Ball State Cardinals Mens Basketball","cbb","2026-01-24 14:00:00","2026-01-24 19:00:00","2026-01-24 20:30:00",false,false,false,"[PREMIUM]","[PREMIUM]","[PREMIUM]","[PREMIUM]","[PREMIUM]","[PREMIUM]",true,false,"5a3029ccc173c100124c31ed","['59caeadd25f2c56a69c03c92','58180165f80c416da2564129']","[PREMIUM]","[PREMIUM]"
"69715605e670d526d6857b68","2026-01-22 18:29:44.367","2026-01-23 22:44:30.383","69715605e670d526d6857b68","Don DC Curry (18+ Event)","comedy","2026-01-24 19:00:00","2026-01-25 00:00:00","2026-01-25 01:30:00",false,false,false,"[PREMIUM]","[PREMIUM]","[PREMIUM]","[PREMIUM]","[PREMIUM]","[PREMIUM]",false,true,"64e9228cc36b610001a7c0cc","['643478e122509500014be658']","[PREMIUM]","[PREMIUM]"
"6971560523fcdcd664d0a6b0","2026-01-22 18:29:44.367","2026-01-23 22:44:11.568","6971560523fcdcd664d0a6b0","Don DC Curry (18+ Event)","comedy","2026-01-23 21:00:00","2026-01-24 02:00:00","2026-01-24 03:30:00",false,false,false,"[PREMIUM]","[PREMIUM]","[PREMIUM]","[PREMIUM]","[PREMIUM]","[PREMIUM]",false,true,"64e9228cc36b610001a7c0cc","['643478e122509500014be658']","[PREMIUM]","[PREMIUM]"
"697153f288ac16171b101433","2026-01-22 18:29:44.367","2026-01-23 22:44:11.568","697153f288ac16171b101433","Banff Mountain Film Festival","theater","2026-01-24 13:00:00","2026-01-24 18:00:00","2026-01-24 18:00:00",false,false,false,"[PREMIUM]","[PREMIUM]","[PREMIUM]","[PREMIUM]","[PREMIUM]","[PREMIUM]",false,true,"65c68a4a6fbcd3d7c8b25f4a","['65d8d9ac9b3513f4c460f5ae']","[PREMIUM]","[PREMIUM]"
"6944d4394b3023ba9778973f","2026-01-22 18:29:44.367","2026-01-23 22:44:30.383","6944d4394b3023ba9778973f","LOVB Madison at LOVB Salt Lake","vball","2026-01-24 19:00:00","2026-01-25 02:00:00","2026-01-25 02:00:00",false,false,false,"[PREMIUM]","[PREMIUM]","[PREMIUM]","[PREMIUM]","[PREMIUM]","[PREMIUM]",false,false,"678af071f065f4b4c91c8633","['66eb3931cc972ee2aeeaa0b1']","[PREMIUM]","[PREMIUM]"
"6941db75c2aa4baa29dfd684","2026-01-22 18:29:44.367","2026-03-03 12:17:51.726","6941db75c2aa4baa29dfd684","The Magic of Motown (Rescheduled from 1/24)","music","2026-03-06 19:30:00","2026-03-07 00:30:00","2026-03-07 00:30:00",false,false,false,"[PREMIUM]","[PREMIUM]","[PREMIUM]","[PREMIUM]","[PREMIUM]","[PREMIUM]",false,true,"69320452630a7e319f7da316","['69712508476a948626617b70']","[PREMIUM]","[PREMIUM]"
"693a116f051595248f8665e0","2026-01-22 18:29:44.367","2026-01-23 22:44:11.568","693a116f051595248f8665e0","What Dreams Are Made Of - Hilary Duff Night","music","2026-01-23 21:00:00","2026-01-24 02:00:00","2026-01-24 02:00:00",false,false,false,"[PREMIUM]","[PREMIUM]","[PREMIUM]","[PREMIUM]","[PREMIUM]","[PREMIUM]",false,true,"62d0a1cc9fb570000179b778","['691268e239cbc0905ca39d63']","[PREMIUM]","[PREMIUM]"
"6937abe370284c5078ad0fa5","2026-01-22 18:29:44.367","2026-01-23 22:44:11.568","6937abe370284c5078ad0fa5","Chris Fleming","comedy","2026-01-23 20:00:00","2026-01-24 04:00:00","2026-01-24 05:30:00",false,false,false,"[PREMIUM]","[PREMIUM]","[PREMIUM]","[PREMIUM]","[PREMIUM]","[PREMIUM]",false,true,"6971741fa590240b02941398","['6210109435c9330001c23c05']","[PREMIUM]","[PREMIUM]"
"68a925e526389c97fb472526","2026-01-22 18:29:36.715","2026-01-22 18:29:36.715","68a925e526389c97fb472526","Georgia Southern Eagles at Troy Trojans Womens Basketball","wcbb","2026-01-22 18:00:00","2026-01-23 00:00:00","2026-01-23 00:00:00",false,false,false,"[PREMIUM]","[PREMIUM]","[PREMIUM]","[PREMIUM]","[PREMIUM]","[PREMIUM]",false,false,"66db15a3b0e0b37b36bd7412","['64f90c65ddee5e0001596fc3','64f90e1b0cee51000150a856']","[PREMIUM]","[PREMIUM]"
"690abd3c376c1d6132415005","2026-01-22 18:29:36.715","2026-01-22 18:29:36.715","690abd3c376c1d6132415005","LOVB Houston at LOVB Salt Lake City","vball","2026-01-22 19:00:00","2026-01-23 02:00:00","2026-01-23 02:00:00",false,false,false,"[PREMIUM]","[PREMIUM]","[PREMIUM]","[PREMIUM]","[PREMIUM]","[PREMIUM]",true,false,"678af071f065f4b4c91c8633","['66eb3931cc972ee2aeeaa0b1']","[PREMIUM]","[PREMIUM]"
"68e697669193f49a689dbce3","2026-01-22 18:29:36.715","2026-01-23 22:44:11.568","68e697669193f49a689dbce3","Southeast Missouri State Redhawks at Arkansas Razorbacks Gymnastics","gymnastics","2026-01-23 19:15:00","2026-01-24 01:15:00","2026-01-24 01:15:00",false,false,false,"[PREMIUM]","[PREMIUM]","[PREMIUM]","[PREMIUM]","[PREMIUM]","[PREMIUM]",false,false,"581800f9cde6626ebe228a8e","['65aae4fe954ba015afd5cda3']","[PREMIUM]","[PREMIUM]"
"691bc12d5f9df34e3475cee2","2026-01-22 18:29:36.715","2026-01-22 18:29:36.715","691bc12d5f9df34e3475cee2","Eddie Izzard Hamlet","comedy","2026-01-22 19:00:00","2026-01-23 03:00:00","2026-01-23 04:30:00",false,false,false,"[PREMIUM]","[PREMIUM]","[PREMIUM]","[PREMIUM]","[PREMIUM]","[PREMIUM]",false,true,"6971738b867b280b82b52c44","['5c3fa5bf61fd020019123948']","[PREMIUM]","[PREMIUM]"
"689a737612c56c00cebb31e6","2026-01-22 18:29:36.715","2026-01-22 18:29:36.715","689a737612c56c00cebb31e6","Ninajirachi (18+ Event)","music","2026-01-22 22:00:00","2026-01-23 03:00:00","2026-01-23 03:00:00",false,false,false,"[PREMIUM]","[PREMIUM]","[PREMIUM]","[PREMIUM]","[PREMIUM]","[PREMIUM]",false,false,"5a45393051d4360012a03157","['6971438037a1ca903cdc83d0']","[PREMIUM]","[PREMIUM]"
"690987da773615b29147e676","2026-01-22 18:29:36.715","2026-01-23 22:44:11.568","690987da773615b29147e676","Little Rock Trojans at Oregon State Beavers Wrestling","wres","2026-01-23 19:00:00","2026-01-24 03:00:00","2026-01-24 03:00:00",false,false,false,"[PREMIUM]","[PREMIUM]","[PREMIUM]","[PREMIUM]","[PREMIUM]","[PREMIUM]",false,false,"565e2ec4f80c410a02000001","['67229fad925966cde34976e4','69612942786362d09a6780fa']","[PREMIUM]","[PREMIUM]"
"67f2cc7c31c6b562289fbbc0","2026-01-22 18:29:36.715","2026-01-23 22:44:11.568","67f2cc7c31c6b562289fbbc0","Dr. Cesar Lozano (Rescheduled from 9/3/2025)","talk","2026-01-23 20:00:00","2026-01-24 04:00:00","2026-01-24 04:00:00",false,false,false,"[PREMIUM]","[PREMIUM]","[PREMIUM]","[PREMIUM]","[PREMIUM]","[PREMIUM]",false,true,"68af6f8e3ec90eeb885ae12f","['6971304139bcc426ebcbc8f4']","[PREMIUM]","[PREMIUM]"
"68e6e9006375c0e7e0497cfe","2026-01-22 18:29:36.715","2026-01-22 18:29:36.715","68e6e9006375c0e7e0497cfe","Dr Cesar Lozano","talk","2026-01-22 20:00:00","2026-01-23 04:00:00","2026-01-23 04:00:00",false,false,false,"[PREMIUM]","[PREMIUM]","[PREMIUM]","[PREMIUM]","[PREMIUM]","[PREMIUM]",false,true,"67e3123af2fb0733c41d4e2a","['6971304139bcc426ebcbc8f4']","[PREMIUM]","[PREMIUM]"
"69715742df642ca8f18130eb","2026-01-22 18:29:36.715","2026-01-22 18:29:36.715","69715742df642ca8f18130eb","Perfume Genius","music","2026-01-22 20:00:00","2026-01-23 02:00:00","2026-01-23 03:30:00",false,false,false,"[PREMIUM]","[PREMIUM]","[PREMIUM]","[PREMIUM]","[PREMIUM]","[PREMIUM]",false,true,"5e1ce1d07c58b3003a6c7c58","['61958b5e13d0a0000113ced7']","[PREMIUM]","[PREMIUM]"
"69715716d1c7e820928511c6","2026-01-22 18:29:36.715","2026-01-22 18:29:36.715","69715716d1c7e820928511c6","Disney On Ice: Jump In","theater","2026-01-23 10:30:00","2026-01-23 16:30:00","2026-01-23 16:45:00",false,false,false,"[PREMIUM]","[PREMIUM]","[PREMIUM]","[PREMIUM]","[PREMIUM]","[PREMIUM]",true,false,"54d4e60c64f962229a000001","['57dc19b1f80c417e9c06490e']","[PREMIUM]","[PREMIUM]"
"69715716a643408dc359b434","2026-01-22 18:29:36.715","2026-01-23 22:44:11.568","69715716a643408dc359b434","Disney On Ice: Jump In","theater","2026-01-23 19:00:00","2026-01-24 01:00:00","2026-01-24 01:15:00",false,false,false,"[PREMIUM]","[PREMIUM]","[PREMIUM]","[PREMIUM]","[PREMIUM]","[PREMIUM]",true,false,"54d4e60c64f962229a000001","['57dc19b1f80c417e9c06490e']","[PREMIUM]","[PREMIUM]"
"697157165b6ff771d8e2c7ce","2026-01-22 18:29:36.715","2026-01-22 18:29:36.715","697157165b6ff771d8e2c7ce","Disney On Ice: Jump In","theater","2026-01-22 19:00:00","2026-01-23 01:00:00","2026-01-23 01:15:00",false,false,false,"[PREMIUM]","[PREMIUM]","[PREMIUM]","[PREMIUM]","[PREMIUM]","[PREMIUM]",true,false,"54d4e60c64f962229a000001","['57dc19b1f80c417e9c06490e']","[PREMIUM]","[PREMIUM]"
"6971570e97f71f961acf00d8","2026-01-22 18:29:36.715","2026-01-23 22:44:11.568","6971570e97f71f961acf00d8","Charlie Berens","comedy","2026-01-23 19:00:00","2026-01-24 01:00:00","2026-01-24 01:00:00",false,false,false,"[PREMIUM]","[PREMIUM]","[PREMIUM]","[PREMIUM]","[PREMIUM]","[PREMIUM]",true,false,"67d210a1d236a9061ae030b6","['648b23429d7e5200019147a8']","[PREMIUM]","[PREMIUM]"
"697156c58e378ebc24ad2c4d","2026-01-22 18:29:36.715","2026-01-23 22:44:11.568","697156c58e378ebc24ad2c4d","Trap Karaoke","music","2026-01-23 19:00:00","2026-01-24 00:00:00","2026-01-24 00:00:00",false,false,false,"[PREMIUM]","[PREMIUM]","[PREMIUM]","[PREMIUM]","[PREMIUM]","[PREMIUM]",false,false,"57c61b84f80c4132e4199029","['65208404bb040ce1278b27de']","[PREMIUM]","[PREMIUM]"
"6971566d7c3ad2d4cc438f24","2026-01-22 18:29:36.715","2026-01-22 18:29:36.715","6971566d7c3ad2d4cc438f24","Tim Dillon","comedy","2026-01-22 21:30:00","2026-01-23 05:30:00","2026-01-23 07:00:00",false,false,false,"[PREMIUM]","[PREMIUM]","[PREMIUM]","[PREMIUM]","[PREMIUM]","[PREMIUM]",false,true,"61c39b25ad04e000018c24ae","['614112555fe59900010be5cc']","[PREMIUM]","[PREMIUM]"
"6971566be162f3c64d7ecc52","2026-01-22 18:29:36.715","2026-01-23 22:44:11.568","6971566be162f3c64d7ecc52","Fooz Fighters - Foo Fighters Tribute","music","2026-01-23 17:00:00","2026-01-24 01:00:00","2026-01-24 02:00:00",false,false,false,"[PREMIUM]","[PREMIUM]","[PREMIUM]","[PREMIUM]","[PREMIUM]","[PREMIUM]",false,true,"62a26fe7659ddf0001a208d4","['56047cb2f80c411756000002']","[PREMIUM]","[PREMIUM]"
"69715605a99ed170967cd0e1","2026-01-22 18:29:36.715","2026-01-22 18:29:36.715","69715605a99ed170967cd0e1","Don McMillan","comedy","2026-01-22 19:00:00","2026-01-23 00:00:00","2026-01-23 00:00:00",false,false,false,"[PREMIUM]","[PREMIUM]","[PREMIUM]","[PREMIUM]","[PREMIUM]","[PREMIUM]",false,true,"634dba9a28b5a80001457104","['658332502e13f7d44ee8b04f']","[PREMIUM]","[PREMIUM]"
"697156058efbc46e363f764f","2026-01-22 18:29:36.715","2026-01-23 22:44:11.568","697156058efbc46e363f764f","Don DC Curry (18+ Event)","comedy","2026-01-23 19:00:00","2026-01-24 00:00:00","2026-01-24 01:30:00",false,false,false,"[PREMIUM]","[PREMIUM]","[PREMIUM]","[PREMIUM]","[PREMIUM]","[PREMIUM]",false,true,"64e9228cc36b610001a7c0cc","['643478e122509500014be658']","[PREMIUM]","[PREMIUM]"
"69715604de0409e5e4a10991","2026-01-22 18:29:36.715","2026-01-23 22:44:11.568","69715604de0409e5e4a10991","Pete Holmes","comedy","2026-01-23 19:00:00","2026-01-24 00:00:00","2026-01-24 01:30:00",false,false,false,"[PREMIUM]","[PREMIUM]","[PREMIUM]","[PREMIUM]","[PREMIUM]","[PREMIUM]",false,true,"5ae7a9fd379d8a0012b64170","['6335d6dc643c410001bb48b9']","[PREMIUM]","[PREMIUM]"
"697151ec8ab220d3aa819679","2026-01-22 18:29:36.715","2026-01-23 22:44:11.568","697151ec8ab220d3aa819679","Tom Papa","comedy","2026-01-23 19:30:00","2026-01-24 03:30:00","2026-01-24 05:00:00",false,false,false,"[PREMIUM]","[PREMIUM]","[PREMIUM]","[PREMIUM]","[PREMIUM]","[PREMIUM]",false,true,"64b9c4ec56da7b0001ad0d9a","['5dbca3c21b5e80003a4aceac']","[PREMIUM]","[PREMIUM]"
"694f2747174e5ed5ac2543f5","2026-01-22 18:29:36.715","2026-01-23 22:44:11.568","694f2747174e5ed5ac2543f5","The Magic of Motown","music","2026-01-23 19:30:00","2026-01-24 00:30:00","2026-01-24 00:30:00",false,false,false,"[PREMIUM]","[PREMIUM]","[PREMIUM]","[PREMIUM]","[PREMIUM]","[PREMIUM]",false,true,"67e31253a2a6670c49dac1b1","['69712508476a948626617b70']","[PREMIUM]","[PREMIUM]"
