"_primaryKey","_firstSeenAt","_lastSeenAt","eventId","name","category","datetimeLocal","datetimeUtc","salesCutOff","tbd","timeTbd","dateTbd","minPriceTotal","minPricePrefee","maxPriceTotal","maxPricePrefee","zoneDealPriceTotal","flashDealPriceTotal","hasExclusives","mapless","venueId","performerIds","popularityScore","trendingScore"
"69a2414ecd8c7b46943b62bc","2026-03-02 09:10:44.228","2026-03-15 00:06:21.483","69a2414ecd8c7b46943b62bc","Aries Spears","comedy","2026-05-24 19:00:00","2026-05-24 23:00:00","2026-05-25 00:30:00",false,false,false,"[PREMIUM]","[PREMIUM]","[PREMIUM]","[PREMIUM]","[PREMIUM]","[PREMIUM]",false,true,"648cd846348f230001edaf66","['5e725e075cae76003c5abe94']","[PREMIUM]","[PREMIUM]"
"69a2414e752a9666b28d9485","2026-03-02 09:10:44.228","2026-03-15 00:06:14.385","69a2414e752a9666b28d9485","Aries Spears","comedy","2026-05-23 21:30:00","2026-05-24 01:30:00","2026-05-24 03:00:00",false,false,false,"[PREMIUM]","[PREMIUM]","[PREMIUM]","[PREMIUM]","[PREMIUM]","[PREMIUM]",false,true,"648cd846348f230001edaf66","['5e725e075cae76003c5abe94']","[PREMIUM]","[PREMIUM]"
"69a2414e6f818dcd914109b5","2026-03-02 09:10:44.228","2026-03-15 00:06:14.385","69a2414e6f818dcd914109b5","Aries Spears","comedy","2026-05-23 19:00:00","2026-05-23 23:00:00","2026-05-24 00:30:00",false,false,false,"[PREMIUM]","[PREMIUM]","[PREMIUM]","[PREMIUM]","[PREMIUM]","[PREMIUM]",false,true,"648cd846348f230001edaf66","['5e725e075cae76003c5abe94']","[PREMIUM]","[PREMIUM]"
"69a13786ce91278aef6b5e39","2026-03-02 09:10:44.228","2026-03-15 00:06:14.385","69a13786ce91278aef6b5e39","Little Miss Nasty","theater","2026-05-23 20:00:00","2026-05-24 03:00:00","2026-05-24 03:00:00",false,false,false,"[PREMIUM]","[PREMIUM]","[PREMIUM]","[PREMIUM]","[PREMIUM]","[PREMIUM]",false,true,"66034a87594a901afee65672","['65e8b6090e16161c1ac91664']","[PREMIUM]","[PREMIUM]"
"699fcc61ea56b13784c96ab8","2026-03-02 09:10:44.228","2026-03-15 00:06:14.385","699fcc61ea56b13784c96ab8","Whitney","music","2026-05-23 20:00:00","2026-05-24 01:00:00","2026-05-24 02:30:00",false,false,false,"[PREMIUM]","[PREMIUM]","[PREMIUM]","[PREMIUM]","[PREMIUM]","[PREMIUM]",false,true,"5994ca8b9da0d48c0dedcc47","['5cdb203d56ba120017d9774c']","[PREMIUM]","[PREMIUM]"
"699fcb9e7440f90bd22be1fa","2026-03-02 09:10:44.228","2026-03-15 00:06:21.483","699fcb9e7440f90bd22be1fa","Sistas Who Kill","talk","2026-05-24 18:00:00","2026-05-24 23:00:00","2026-05-24 23:00:00",false,false,false,"[PREMIUM]","[PREMIUM]","[PREMIUM]","[PREMIUM]","[PREMIUM]","[PREMIUM]",false,false,"57c61b85f80c4132e419902e","['69a1eeecf5ed06b6ebc8f6dc']","[PREMIUM]","[PREMIUM]"
"699fc8cd55f19a695a96204c","2026-03-02 09:10:44.228","2026-03-15 00:06:14.385","699fc8cd55f19a695a96204c","Mac Saturn","music","2026-05-23 20:00:00","2026-05-24 01:00:00","2026-05-24 02:30:00",false,false,false,"[PREMIUM]","[PREMIUM]","[PREMIUM]","[PREMIUM]","[PREMIUM]","[PREMIUM]",false,true,"687fa5befeab128c9181a159","['6398e879e13f48000134a391']","[PREMIUM]","[PREMIUM]"
"699f968a3f7388b4ab1634d2","2026-03-02 09:10:44.228","2026-03-15 00:06:14.385","699f968a3f7388b4ab1634d2","The Heavy Heavy","music","2026-05-23 20:00:00","2026-05-24 03:00:00","2026-05-24 03:00:00",false,false,false,"[PREMIUM]","[PREMIUM]","[PREMIUM]","[PREMIUM]","[PREMIUM]","[PREMIUM]",false,true,"658f410996fa32d9ae3532f0","['66174ba1d95f9467ac43de92']","[PREMIUM]","[PREMIUM]"
"699f9687e1d063cf482d286f","2026-03-02 09:10:44.228","2026-03-15 00:06:21.483","699f9687e1d063cf482d286f","Bush","music","2026-05-24 22:00:00","2026-05-25 05:00:00","2026-05-25 06:00:00",false,false,false,"[PREMIUM]","[PREMIUM]","[PREMIUM]","[PREMIUM]","[PREMIUM]","[PREMIUM]",false,false,"56d091e9f80c4126b4000001","['57e9abebf80c410b6379e77f']","[PREMIUM]","[PREMIUM]"
"699f9629089ca27c7d2c9ecf","2026-03-02 09:10:44.228","2026-03-15 00:06:14.385","699f9629089ca27c7d2c9ecf","Josh Turner","music","2026-05-23 19:30:00","2026-05-24 00:30:00","2026-05-24 02:00:00",false,false,false,"[PREMIUM]","[PREMIUM]","[PREMIUM]","[PREMIUM]","[PREMIUM]","[PREMIUM]",false,true,"67eef02a9b22c7f498e3041e","['5d7a75f68898eb0036c7fa62']","[PREMIUM]","[PREMIUM]"
"699f77090b0ab38f5bfe351b","2026-03-02 09:10:44.228","2026-03-15 00:06:14.385","699f77090b0ab38f5bfe351b","The 502s","music","2026-05-23 19:00:00","2026-05-23 23:00:00","2026-05-24 00:30:00",false,false,false,"[PREMIUM]","[PREMIUM]","[PREMIUM]","[PREMIUM]","[PREMIUM]","[PREMIUM]",false,false,"67e31243fda90534ba0abb22","['62d9b393c3ccd000018e2f1e']","[PREMIUM]","[PREMIUM]"
"699f76cc962831c8ddc6f4ce","2026-03-02 09:10:44.228","2026-03-15 00:06:14.385","699f76cc962831c8ddc6f4ce","Martin Garrix","music","2026-05-24 11:00:00","2026-05-24 18:00:00","2026-05-24 19:00:00",false,false,false,"[PREMIUM]","[PREMIUM]","[PREMIUM]","[PREMIUM]","[PREMIUM]","[PREMIUM]",false,true,"65ab189c0a38821a8a848f2d","['58cc737ff80c412fdc600d29']","[PREMIUM]","[PREMIUM]"
"699f7606962831c8ddc6f481","2026-03-02 09:10:44.228","2026-03-15 00:06:14.385","699f7606962831c8ddc6f481","Midnight Generation","music","2026-05-23 21:00:00","2026-05-24 04:00:00","2026-05-24 04:00:00",false,false,false,"[PREMIUM]","[PREMIUM]","[PREMIUM]","[PREMIUM]","[PREMIUM]","[PREMIUM]",false,false,"5af9e5b01dad50001321a34d","['68d6e0a390763db709b0e32c']","[PREMIUM]","[PREMIUM]"
"699f7605a649fb28b47d9f85","2026-03-02 09:10:44.228","2026-03-15 00:06:21.483","699f7605a649fb28b47d9f85","Better Than Ezra","music","2026-05-24 20:00:00","2026-05-25 03:00:00","2026-05-25 04:30:00",false,false,false,"[PREMIUM]","[PREMIUM]","[PREMIUM]","[PREMIUM]","[PREMIUM]","[PREMIUM]",false,true,"68235bd9736807258aadc247","['62fabc253f2c6c00015039eb']","[PREMIUM]","[PREMIUM]"
"699f41000609d53ad9d19f65","2026-03-02 09:10:44.228","2026-03-15 00:06:21.483","699f41000609d53ad9d19f65","Jerry's Middle Finger","music","2026-05-24 19:00:00","2026-05-25 02:00:00","2026-05-25 02:00:00",false,false,false,"[PREMIUM]","[PREMIUM]","[PREMIUM]","[PREMIUM]","[PREMIUM]","[PREMIUM]",false,false,"66202b90987712ddc33f4e30","['662a8c52acd721f5194a33d8']","[PREMIUM]","[PREMIUM]"
"699eed79706fb45056223ec8","2026-03-02 09:10:44.228","2026-03-15 00:06:14.385","699eed79706fb45056223ec8","Samantha Fish","music","2026-05-23 20:00:00","2026-05-24 00:00:00","2026-05-24 01:30:00",false,false,false,"[PREMIUM]","[PREMIUM]","[PREMIUM]","[PREMIUM]","[PREMIUM]","[PREMIUM]",false,true,"64011e6918d890000112ed68","['636d7f57f9ec20000161a23f']","[PREMIUM]","[PREMIUM]"
"699e61dbe648b1c3ad9096ad","2026-03-02 09:10:44.228","2026-03-15 00:06:21.483","699e61dbe648b1c3ad9096ad","Maoli","music","2026-05-24 22:00:00","2026-05-25 05:00:00","2026-05-25 06:30:00",false,false,false,"[PREMIUM]","[PREMIUM]","[PREMIUM]","[PREMIUM]","[PREMIUM]","[PREMIUM]",false,true,"61afb90e8c6aa10001fa7741","['61606954d7f7ce00017792fc']","[PREMIUM]","[PREMIUM]"
"699e61bd06ea50696187ecb0","2026-03-02 09:10:44.228","2026-03-15 00:06:14.385","699e61bd06ea50696187ecb0","BottleRock After Dark - Borns","music","2026-05-23 22:00:00","2026-05-24 05:00:00","2026-05-24 06:00:00",false,false,false,"[PREMIUM]","[PREMIUM]","[PREMIUM]","[PREMIUM]","[PREMIUM]","[PREMIUM]",false,true,"61afb90e8c6aa10001fa7741","['59dfb15f25f2c5105f665a70']","[PREMIUM]","[PREMIUM]"
"699e60f287e76d041649fdad","2026-03-02 09:10:44.228","2026-03-15 00:06:21.483","699e60f287e76d041649fdad","Between the Buried and Me","music","2026-05-24 18:00:00","2026-05-24 22:00:00","2026-05-24 23:30:00",false,false,false,"[PREMIUM]","[PREMIUM]","[PREMIUM]","[PREMIUM]","[PREMIUM]","[PREMIUM]",false,false,"57e16d3950575d33c89b50cd","['5b0ecfb29c85b10014fda65b']","[PREMIUM]","[PREMIUM]"
"699e5ebb6d74be3a1a168f28","2026-03-02 09:10:44.228","2026-03-15 00:06:14.385","699e5ebb6d74be3a1a168f28","Anberlin","music","2026-05-23 19:00:00","2026-05-24 00:00:00","2026-05-24 01:30:00",false,false,false,"[PREMIUM]","[PREMIUM]","[PREMIUM]","[PREMIUM]","[PREMIUM]","[PREMIUM]",false,true,"57d9795c50575d33c87759e6","['60de0f889eeeb0000118f3fe']","[PREMIUM]","[PREMIUM]"
"699e5d97fb071635321f6d88","2026-03-02 09:10:44.228","2026-03-15 00:06:14.385","699e5d97fb071635321f6d88","Bob The Drag Queen","theater","2026-05-23 20:45:00","2026-05-24 01:45:00","2026-05-24 01:45:00",false,false,false,"[PREMIUM]","[PREMIUM]","[PREMIUM]","[PREMIUM]","[PREMIUM]","[PREMIUM]",false,false,"58c0990acde6626ebe285bfb","['66620976dc305ee07ee9a86b']","[PREMIUM]","[PREMIUM]"
"699e5d977dd684d8e34d8f02","2026-03-02 09:10:44.228","2026-03-15 00:06:21.483","699e5d977dd684d8e34d8f02","Bob The Drag Queen","theater","2026-05-24 18:00:00","2026-05-24 23:00:00","2026-05-24 23:00:00",false,false,false,"[PREMIUM]","[PREMIUM]","[PREMIUM]","[PREMIUM]","[PREMIUM]","[PREMIUM]",false,false,"58c0990acde6626ebe285bfb","['66620976dc305ee07ee9a86b']","[PREMIUM]","[PREMIUM]"
"699e5d958dde1feeb12c6907","2026-03-02 09:10:44.228","2026-03-15 00:06:14.385","699e5d958dde1feeb12c6907","Zoso - The Ultimate Led Zeppelin Experience","music","2026-05-23 20:00:00","2026-05-24 01:00:00","2026-05-24 02:00:00",false,false,false,"[PREMIUM]","[PREMIUM]","[PREMIUM]","[PREMIUM]","[PREMIUM]","[PREMIUM]",false,true,"57d9795c50575d33c87759ec","['5813a505f80c41315d885f19']","[PREMIUM]","[PREMIUM]"
"699e5cc3114a67bf23f890a8","2026-03-02 09:10:44.228","2026-03-15 00:06:14.385","699e5cc3114a67bf23f890a8","Psychedelic Furs","music","2026-05-23 19:00:00","2026-05-24 00:00:00","2026-05-24 01:30:00",false,false,false,"[PREMIUM]","[PREMIUM]","[PREMIUM]","[PREMIUM]","[PREMIUM]","[PREMIUM]",false,false,"57c61b85f80c4132e419902e","['5ca6850e651ee20016b8feb7']","[PREMIUM]","[PREMIUM]"
"699d96c38218a08ba6a649bc","2026-03-02 09:10:44.228","2026-03-15 00:06:14.385","699d96c38218a08ba6a649bc","Damon Wayans Jr","comedy","2026-05-23 21:30:00","2026-05-24 04:30:00","2026-05-24 06:00:00",false,false,false,"[PREMIUM]","[PREMIUM]","[PREMIUM]","[PREMIUM]","[PREMIUM]","[PREMIUM]",false,true,"669ed1f79427117b2b57084d","['6228fcac5a53720001ca94b0']","[PREMIUM]","[PREMIUM]"
"699d96c3704cc105feed96bd","2026-03-02 09:10:44.228","2026-03-15 00:06:21.483","699d96c3704cc105feed96bd","Damon Wayans Jr","comedy","2026-05-24 19:00:00","2026-05-25 02:00:00","2026-05-25 03:30:00",false,false,false,"[PREMIUM]","[PREMIUM]","[PREMIUM]","[PREMIUM]","[PREMIUM]","[PREMIUM]",false,true,"669ed1f79427117b2b57084d","['6228fcac5a53720001ca94b0']","[PREMIUM]","[PREMIUM]"
"699d96c30609d53ad9d0f192","2026-03-02 09:10:44.228","2026-03-15 00:06:14.385","699d96c30609d53ad9d0f192","Damon Wayans Jr","comedy","2026-05-23 19:00:00","2026-05-24 02:00:00","2026-05-24 03:30:00",false,false,false,"[PREMIUM]","[PREMIUM]","[PREMIUM]","[PREMIUM]","[PREMIUM]","[PREMIUM]",false,true,"669ed1f79427117b2b57084d","['6228fcac5a53720001ca94b0']","[PREMIUM]","[PREMIUM]"
"699d963b8218a08ba6a649a9","2026-03-02 09:10:44.228","2026-03-15 00:06:21.483","699d963b8218a08ba6a649a9","Grand Ole Echo - Midnight North","music","2026-05-24 17:00:00","2026-05-25 00:00:00","2026-05-25 00:00:00",false,false,false,"[PREMIUM]","[PREMIUM]","[PREMIUM]","[PREMIUM]","[PREMIUM]","[PREMIUM]",false,true,"5b3fa5cea6100c00139f99d1","['66746db01c9dc7f50ec6cfb3']","[PREMIUM]","[PREMIUM]"
"699d6346a649fb28b47cc9d7","2026-03-02 09:10:44.228","2026-03-15 00:06:14.385","699d6346a649fb28b47cc9d7","Anubhav Singh Bassi - Kisi Ko Batana Mat","comedy","2026-05-23 19:00:00","2026-05-24 02:00:00","2026-05-24 02:00:00",false,false,false,"[PREMIUM]","[PREMIUM]","[PREMIUM]","[PREMIUM]","[PREMIUM]","[PREMIUM]",false,false,"57d1e89250575d33c8544daf","['66f1e8752f0120b82ea67869']","[PREMIUM]","[PREMIUM]"
"699d2c7e0c5b1bb4a82c1bb2","2026-03-02 09:10:44.228","2026-03-15 00:06:21.483","699d2c7e0c5b1bb4a82c1bb2","Clara La San","music","2026-05-24 20:00:00","2026-05-25 01:00:00","2026-05-25 01:00:00",false,false,false,"[PREMIUM]","[PREMIUM]","[PREMIUM]","[PREMIUM]","[PREMIUM]","[PREMIUM]",false,false,"57d0980550575d33c84f608e","['688251391a052d8759ae0664']","[PREMIUM]","[PREMIUM]"
"699d291d55ed566acc7ae722","2026-03-02 09:10:44.228","2026-03-15 00:06:14.385","699d291d55ed566acc7ae722","TBD at Montreal Canadiens (Round 3 - Home Game 2) (Date TBD) (If Necessary)","nhl","2026-05-24 00:00:00","2026-05-24 04:00:00","2026-05-24 04:45:00",true,true,true,"[PREMIUM]","[PREMIUM]","[PREMIUM]","[PREMIUM]","[PREMIUM]","[PREMIUM]",false,false,"548e84c93bf3764819000001","['548e84ee3bf376481900000c','5a99e2126311820014498a01']","[PREMIUM]","[PREMIUM]"
"699d27fdc58814b45bc63139","2026-03-02 09:10:44.228","2026-03-15 00:06:14.385","699d27fdc58814b45bc63139","Chris Tucker","comedy","2026-05-23 20:00:00","2026-05-24 01:00:00","2026-05-24 02:00:00",false,false,false,"[PREMIUM]","[PREMIUM]","[PREMIUM]","[PREMIUM]","[PREMIUM]","[PREMIUM]",false,true,"6674b00e598de66725a7a315","['586c8fdff80c417bcb64600f']","[PREMIUM]","[PREMIUM]"
"699d25bd5cec0370db5151b9","2026-03-02 09:10:44.228","2026-03-15 00:06:14.385","699d25bd5cec0370db5151b9","The Movement","music","2026-05-23 19:30:00","2026-05-24 02:30:00","2026-05-24 04:00:00",false,false,false,"[PREMIUM]","[PREMIUM]","[PREMIUM]","[PREMIUM]","[PREMIUM]","[PREMIUM]",false,true,"630e7ce9c643860001a64793","['5dc1e521f637650038ac9802']","[PREMIUM]","[PREMIUM]"
"699cd369c0897df3481e833d","2026-03-02 09:10:44.228","2026-03-15 00:06:14.385","699cd369c0897df3481e833d","Clara La San","music","2026-05-23 19:00:00","2026-05-24 00:00:00","2026-05-24 00:00:00",false,false,false,"[PREMIUM]","[PREMIUM]","[PREMIUM]","[PREMIUM]","[PREMIUM]","[PREMIUM]",false,false,"61c4fc5e6d85150001f463c9","['688251391a052d8759ae0664']","[PREMIUM]","[PREMIUM]"
"699cd18a06ea506961874e6e","2026-03-02 09:10:44.228","2026-03-15 00:06:21.483","699cd18a06ea506961874e6e","Juice","music","2026-05-24 19:00:00","2026-05-24 23:00:00","2026-05-25 00:30:00",false,false,false,"[PREMIUM]","[PREMIUM]","[PREMIUM]","[PREMIUM]","[PREMIUM]","[PREMIUM]",false,true,"5a2073d42065c400127d2477","['5df2ba3b90021500395ca954']","[PREMIUM]","[PREMIUM]"
"699bd76a93ba9599794e0cc9","2026-03-02 09:10:44.228","2026-03-15 00:06:14.385","699bd76a93ba9599794e0cc9","Sullivan King","music","2026-05-23 22:30:00","2026-05-24 05:30:00","2026-05-24 07:00:00",false,false,false,"[PREMIUM]","[PREMIUM]","[PREMIUM]","[PREMIUM]","[PREMIUM]","[PREMIUM]",false,true,"60d612ff80ec48000131fa73","['61c4e8a1ad04e000018c24c1']","[PREMIUM]","[PREMIUM]"
"699a4ad701b977230662165d","2026-03-02 09:10:44.228","2026-03-15 00:06:14.385","699a4ad701b977230662165d","Bill Charlap Trio","music","2026-05-23 20:30:00","2026-05-24 00:30:00","2026-05-24 00:30:00",false,false,false,"[PREMIUM]","[PREMIUM]","[PREMIUM]","[PREMIUM]","[PREMIUM]","[PREMIUM]",false,true,"65fe09690c368400736e58e0","['6626e387089d85ba0c4090ec']","[PREMIUM]","[PREMIUM]"
"699a3731fb071635321de116","2026-03-02 09:10:44.228","2026-03-15 00:06:21.483","699a3731fb071635321de116","Steven Feifke Trio","music","2026-05-24 17:30:00","2026-05-24 21:30:00","2026-05-24 21:30:00",false,false,false,"[PREMIUM]","[PREMIUM]","[PREMIUM]","[PREMIUM]","[PREMIUM]","[PREMIUM]",false,true,"65fe09690c368400736e58e0","['66d77695aba01935572e5519']","[PREMIUM]","[PREMIUM]"
"699a310cfb071635321dddb0","2026-03-02 09:10:44.228","2026-03-15 00:06:21.483","699a310cfb071635321dddb0","Steve Trevino","comedy","2026-05-24 19:00:00","2026-05-25 00:00:00","2026-05-25 01:30:00",false,false,false,"[PREMIUM]","[PREMIUM]","[PREMIUM]","[PREMIUM]","[PREMIUM]","[PREMIUM]",false,true,"63d45545ca768d00010f30d0","['61d88f447fa87d0001a68cd3']","[PREMIUM]","[PREMIUM]"
"699a310c7340e52b2c22e5fe","2026-03-02 09:10:44.228","2026-03-15 00:06:14.385","699a310c7340e52b2c22e5fe","Steve Trevino","comedy","2026-05-23 21:30:00","2026-05-24 02:30:00","2026-05-24 04:00:00",false,false,false,"[PREMIUM]","[PREMIUM]","[PREMIUM]","[PREMIUM]","[PREMIUM]","[PREMIUM]",false,false,"63d45545ca768d00010f30d0","['61d88f447fa87d0001a68cd3']","[PREMIUM]","[PREMIUM]"
"699a310c06ea506961865637","2026-03-02 09:10:44.228","2026-03-15 00:06:14.385","699a310c06ea506961865637","Steve Trevino","comedy","2026-05-23 19:00:00","2026-05-24 00:00:00","2026-05-24 01:30:00",false,false,false,"[PREMIUM]","[PREMIUM]","[PREMIUM]","[PREMIUM]","[PREMIUM]","[PREMIUM]",false,false,"63d45545ca768d00010f30d0","['61d88f447fa87d0001a68cd3']","[PREMIUM]","[PREMIUM]"
"6997dfa8684ce42d75268c22","2026-03-02 09:10:44.228","2026-03-15 00:06:14.385","6997dfa8684ce42d75268c22","Alyssa Edwards","comedy","2026-05-23 19:00:00","2026-05-24 00:00:00","2026-05-24 01:30:00",false,false,false,"[PREMIUM]","[PREMIUM]","[PREMIUM]","[PREMIUM]","[PREMIUM]","[PREMIUM]",false,false,"57b5de9cf80c41264bb99858","['6228fa9965b53e0001ef71d3']","[PREMIUM]","[PREMIUM]"
"6997933ae6ec3cb88ed951f3","2026-03-02 09:10:44.228","2026-03-15 00:06:14.385","6997933ae6ec3cb88ed951f3","Electric Feels - Indie Rock + Electronic Dance Party","music","2026-05-23 21:00:00","2026-05-24 04:00:00","2026-05-24 05:30:00",false,false,false,"[PREMIUM]","[PREMIUM]","[PREMIUM]","[PREMIUM]","[PREMIUM]","[PREMIUM]",false,true,"62a2732a4058e800010aaecf","['5d35df6b31cbb10037259d23']","[PREMIUM]","[PREMIUM]"
"699695940b65463057defdfc","2026-03-02 09:10:44.228","2026-03-15 00:06:21.483","699695940b65463057defdfc","LCD Soundsystem","music","2026-05-24 20:00:00","2026-05-25 03:00:00","2026-05-25 04:00:00",false,false,false,"[PREMIUM]","[PREMIUM]","[PREMIUM]","[PREMIUM]","[PREMIUM]","[PREMIUM]",true,false,"61e080c27e0bbb0001bb8505","['5760527ef80c41406236f6c5']","[PREMIUM]","[PREMIUM]"
"699679aa8dde1feeb129296e","2026-03-02 09:10:44.228","2026-03-15 00:06:14.385","699679aa8dde1feeb129296e","Funny Marco","comedy","2026-05-23 21:00:00","2026-05-24 01:00:00","2026-05-24 01:00:00",false,false,false,"[PREMIUM]","[PREMIUM]","[PREMIUM]","[PREMIUM]","[PREMIUM]","[PREMIUM]",false,false,"634dba9a28b5a80001457104","['65b029b83def41343d798b9d']","[PREMIUM]","[PREMIUM]"
"699679aa5802fd6122de8aec","2026-03-02 09:10:44.228","2026-03-15 00:06:21.483","699679aa5802fd6122de8aec","Funny Marco","comedy","2026-05-24 18:00:00","2026-05-24 22:00:00","2026-05-24 22:00:00",false,false,false,"[PREMIUM]","[PREMIUM]","[PREMIUM]","[PREMIUM]","[PREMIUM]","[PREMIUM]",false,false,"634dba9a28b5a80001457104","['65b029b83def41343d798b9d']","[PREMIUM]","[PREMIUM]"
"699674d420560580a7e62ed9","2026-03-02 09:10:44.228","2026-03-15 00:06:14.385","699674d420560580a7e62ed9","TBD at Anaheim Ducks (Round 3 - Home Game 2) (Date TBD) (If Necessary)","nhl","2026-05-24 00:00:00","2026-05-24 07:00:00","2026-05-24 07:45:00",true,true,true,"[PREMIUM]","[PREMIUM]","[PREMIUM]","[PREMIUM]","[PREMIUM]","[PREMIUM]",false,false,"544d9d0d3bf37663eb000001","['544d9d2d3bf37663eb000003','5a99e2126311820014498a01']","[PREMIUM]","[PREMIUM]"
"69963fdf20a773312fb01334","2026-03-02 09:10:44.228","2026-03-15 00:06:14.385","69963fdf20a773312fb01334","Disco Biscuits","music","2026-05-23 20:00:00","2026-05-24 02:00:00","2026-05-24 03:30:00",false,false,false,"[PREMIUM]","[PREMIUM]","[PREMIUM]","[PREMIUM]","[PREMIUM]","[PREMIUM]",false,true,"6700692b0439458d247f8f87","['5df7ddf7ea430d003ad7beb2']","[PREMIUM]","[PREMIUM]"
"69963fdf01b97723066041a4","2026-03-02 09:10:44.228","2026-03-15 00:06:21.483","69963fdf01b97723066041a4","Disco Biscuits","music","2026-05-24 19:00:00","2026-05-25 01:00:00","2026-05-25 02:30:00",false,false,false,"[PREMIUM]","[PREMIUM]","[PREMIUM]","[PREMIUM]","[PREMIUM]","[PREMIUM]",false,true,"6700692b0439458d247f8f87","['5df7ddf7ea430d003ad7beb2']","[PREMIUM]","[PREMIUM]"
"69963a00c21b719a4805e504","2026-03-02 09:10:44.228","2026-03-15 00:06:14.385","69963a00c21b719a4805e504","Steve Aoki","music","2026-05-24 00:00:00","2026-05-24 05:00:00","2026-05-24 06:00:00",false,true,false,"[PREMIUM]","[PREMIUM]","[PREMIUM]","[PREMIUM]","[PREMIUM]","[PREMIUM]",false,false,"670068746067a138a66cee64","['58055aa4f80c411ec1c76a7d']","[PREMIUM]","[PREMIUM]"
"6995eb4fbc9640c85370ec89","2026-03-02 09:10:44.228","2026-03-15 00:06:14.385","6995eb4fbc9640c85370ec89","Gordie Brown","comedy","2026-05-23 19:30:00","2026-05-24 02:30:00","2026-05-24 02:30:00",false,false,false,"[PREMIUM]","[PREMIUM]","[PREMIUM]","[PREMIUM]","[PREMIUM]","[PREMIUM]",false,true,"6744fdc325abbfd237efa9b9","['6750bf290fea7745c925d302']","[PREMIUM]","[PREMIUM]"
"699544cab57a0df7b1f8ef6c","2026-03-02 09:10:44.228","2026-03-15 00:06:14.385","699544cab57a0df7b1f8ef6c","Breakfield","music","2026-05-23 20:00:00","2026-05-24 00:00:00","2026-05-24 01:30:00",false,false,false,"[PREMIUM]","[PREMIUM]","[PREMIUM]","[PREMIUM]","[PREMIUM]","[PREMIUM]",false,true,"59976e899da0d48c0d3c59bd","['611423f0f1b10c0001efd46b']","[PREMIUM]","[PREMIUM]"
"69950d4f0eeeee684d94ad5b","2026-03-02 09:10:44.228","2026-03-15 00:06:14.385","69950d4f0eeeee684d94ad5b","Get The Led Out - A Tribute to Led Zeppelin","music","2026-05-23 20:00:00","2026-05-24 00:00:00","2026-05-24 01:30:00",false,false,false,"[PREMIUM]","[PREMIUM]","[PREMIUM]","[PREMIUM]","[PREMIUM]","[PREMIUM]",false,false,"64c4161f7391d40001fea262","['5b2c035c52dd690012267401']","[PREMIUM]","[PREMIUM]"
"69950d1d2c7a68ce480ef64e","2026-03-02 09:10:44.228","2026-03-15 00:06:21.483","69950d1d2c7a68ce480ef64e","The Kid Laroi","music","2026-05-24 19:30:00","2026-05-24 23:30:00","2026-05-25 01:00:00",false,false,false,"[PREMIUM]","[PREMIUM]","[PREMIUM]","[PREMIUM]","[PREMIUM]","[PREMIUM]",false,false,"6166058381b8f200010a9457","['613fafea8ea4d90001c74a8b']","[PREMIUM]","[PREMIUM]"
"69950ceeb57a0df7b1f8dfe2","2026-03-02 09:10:44.228","2026-03-15 00:06:14.385","69950ceeb57a0df7b1f8dfe2","Ryan Bingham and The Texas Gentlemen","music","2026-05-23 20:00:00","2026-05-24 00:00:00","2026-05-24 01:00:00",false,false,false,"[PREMIUM]","[PREMIUM]","[PREMIUM]","[PREMIUM]","[PREMIUM]","[PREMIUM]",false,false,"57bdfc80f80c41303ddb67a2","['57c760a6f80c41029b1c6a93']","[PREMIUM]","[PREMIUM]"
"69950ca70777d4e3760adfd1","2026-03-02 09:10:44.228","2026-03-15 00:06:21.483","69950ca70777d4e3760adfd1","Dance Gavin Dance","music","2026-05-24 17:30:00","2026-05-24 21:30:00","2026-05-24 22:30:00",false,false,false,"[PREMIUM]","[PREMIUM]","[PREMIUM]","[PREMIUM]","[PREMIUM]","[PREMIUM]",false,false,"614a38383876400001615564","['57e1a41bf80c413be32ccf2c']","[PREMIUM]","[PREMIUM]"
"69950c929ad5341157368163","2026-03-02 09:10:44.228","2026-03-15 00:06:14.385","69950c929ad5341157368163","Chrisette Michele","music","2026-05-23 19:00:00","2026-05-23 23:00:00","2026-05-23 23:00:00",false,false,false,"[PREMIUM]","[PREMIUM]","[PREMIUM]","[PREMIUM]","[PREMIUM]","[PREMIUM]",true,false,"56b39e31f80c410494000001","['65bbd6a1d8ab1036367e2837']","[PREMIUM]","[PREMIUM]"
"69950c8d2c7a68ce480ef603","2026-03-02 09:10:44.228","2026-03-15 00:06:14.385","69950c8d2c7a68ce480ef603","The Toadies","music","2026-05-23 19:00:00","2026-05-23 23:00:00","2026-05-24 00:00:00",false,false,false,"[PREMIUM]","[PREMIUM]","[PREMIUM]","[PREMIUM]","[PREMIUM]","[PREMIUM]",false,false,"5e2a322b4514610039ceaceb","['594c234525f2c5142f3a5922']","[PREMIUM]","[PREMIUM]"
"69950acb0777d4e3760adf79","2026-03-02 09:10:44.228","2026-03-15 00:06:21.483","69950acb0777d4e3760adf79","Young the Giant","music","2026-05-24 20:00:00","2026-05-25 03:00:00","2026-05-25 04:00:00",false,false,false,"[PREMIUM]","[PREMIUM]","[PREMIUM]","[PREMIUM]","[PREMIUM]","[PREMIUM]",false,false,"5c87d2cc6568be00151c7914","['57ad40cdf80c4116d2893fe5']","[PREMIUM]","[PREMIUM]"
"6995091d000c2abcff7b5b29","2026-03-02 09:10:44.228","2026-03-15 00:06:21.483","6995091d000c2abcff7b5b29","Ryan Bingham and The Texas Gentlemen","music","2026-05-24 19:30:00","2026-05-24 23:30:00","2026-05-25 00:30:00",false,false,false,"[PREMIUM]","[PREMIUM]","[PREMIUM]","[PREMIUM]","[PREMIUM]","[PREMIUM]",false,false,"598ce7de9da0d48c0db7238e","['57c760a6f80c41029b1c6a93']","[PREMIUM]","[PREMIUM]"
"699509089fb689df89761da9","2026-03-02 09:10:44.228","2026-03-15 00:06:14.385","699509089fb689df89761da9","Shinedown with Coheed and Cambria, Black Stone Cherry","music","2026-05-23 19:00:00","2026-05-24 00:00:00","2026-05-24 01:00:00",false,false,false,"[PREMIUM]","[PREMIUM]","[PREMIUM]","[PREMIUM]","[PREMIUM]","[PREMIUM]",true,false,"544effe13bf3766eb4000003","['57a4dc3ff80c41746dca2325']","[PREMIUM]","[PREMIUM]"
"699508da99ed9d5e096d2bcb","2026-03-02 09:10:44.228","2026-03-15 00:06:21.483","699508da99ed9d5e096d2bcb","Jason Bonham's Led Zeppelin Evening","music","2026-05-24 20:00:00","2026-05-25 03:00:00","2026-05-25 04:30:00",false,false,false,"[PREMIUM]","[PREMIUM]","[PREMIUM]","[PREMIUM]","[PREMIUM]","[PREMIUM]",false,false,"6328a2004e227c0001ffc147","['6283e7e298d9af0001ec33b6']","[PREMIUM]","[PREMIUM]"
"6995072efee69ce6b48b0f51","2026-03-02 09:10:44.228","2026-03-15 00:06:14.385","6995072efee69ce6b48b0f51","The Kid Laroi","music","2026-05-23 19:30:00","2026-05-24 00:30:00","2026-05-24 02:00:00",false,false,false,"[PREMIUM]","[PREMIUM]","[PREMIUM]","[PREMIUM]","[PREMIUM]","[PREMIUM]",true,false,"59275d7c9da0d48c0d109da3","['613fafea8ea4d90001c74a8b']","[PREMIUM]","[PREMIUM]"
"6994ccde53ef5dfd1d6315d6","2026-03-02 09:10:44.228","2026-03-15 00:06:21.483","6994ccde53ef5dfd1d6315d6","Bruce Springsteen and E Street","music","2026-05-24 19:30:00","2026-05-24 23:30:00","2026-05-25 01:00:00",false,false,false,"[PREMIUM]","[PREMIUM]","[PREMIUM]","[PREMIUM]","[PREMIUM]","[PREMIUM]",true,false,"532b3d533bf3763296000001","['62cd9b008547df0001cb4ef4']","[PREMIUM]","[PREMIUM]"
"6993efd36bf0ca81b5229e2d","2026-03-02 09:10:44.228","2026-03-15 00:06:14.385","6993efd36bf0ca81b5229e2d","Pink Floyd Forever - A Laser Spectacular","theater","2026-05-23 20:00:00","2026-05-24 02:00:00","2026-05-24 02:00:00",false,false,false,"[PREMIUM]","[PREMIUM]","[PREMIUM]","[PREMIUM]","[PREMIUM]","[PREMIUM]",false,true,"65c68b2c4f48b171dc47cae1","['676f2d33655e9e5e40efccc4']","[PREMIUM]","[PREMIUM]"
"6993990e9ad534115735a3ac","2026-03-02 09:10:44.228","2026-03-15 00:06:14.385","6993990e9ad534115735a3ac","Curren$y","music","2026-05-23 20:30:00","2026-05-24 00:30:00","2026-05-24 01:30:00",false,false,false,"[PREMIUM]","[PREMIUM]","[PREMIUM]","[PREMIUM]","[PREMIUM]","[PREMIUM]",false,true,"5a4686f712636f0012b68cd1","['59ef9a1025f2c50557ec4c69']","[PREMIUM]","[PREMIUM]"
"6993970ad0a8c59a4fcb936c","2026-03-02 09:10:44.228","2026-03-15 00:06:14.385","6993970ad0a8c59a4fcb936c","Shenandoah","music","2026-05-23 22:00:00","2026-05-24 03:00:00","2026-05-24 03:00:00",false,false,false,"[PREMIUM]","[PREMIUM]","[PREMIUM]","[PREMIUM]","[PREMIUM]","[PREMIUM]",false,false,"61c4fbcb4791b90001e81522","['681d18148b3a76247f268ce0']","[PREMIUM]","[PREMIUM]"
"6990f430b0b0a5acb5a929fb","2026-03-02 09:10:44.228","2026-03-15 00:06:21.483","6990f430b0b0a5acb5a929fb","Nettspend","music","2026-05-24 20:00:00","2026-05-25 02:00:00","2026-05-25 02:00:00",false,false,false,"[PREMIUM]","[PREMIUM]","[PREMIUM]","[PREMIUM]","[PREMIUM]","[PREMIUM]",false,false,"57e2fe1450575d33c8a4f72e","['6740d5d8adde78c446408d9e']","[PREMIUM]","[PREMIUM]"
"6990bbdefee69ce6b488e7b0","2026-03-02 09:10:44.228","2026-03-15 00:06:14.385","6990bbdefee69ce6b488e7b0","Robin Tran (21+ Event)","comedy","2026-05-23 20:00:00","2026-05-24 03:00:00","2026-05-24 04:30:00",false,false,false,"[PREMIUM]","[PREMIUM]","[PREMIUM]","[PREMIUM]","[PREMIUM]","[PREMIUM]",false,true,"634db8d576f0420001dc7c93","['622a869bf3a1a60001469a54']","[PREMIUM]","[PREMIUM]"
"698fe2f7a52b757a21a10e24","2026-03-02 09:10:44.228","2026-03-15 00:06:14.385","698fe2f7a52b757a21a10e24","Circle Jerks","music","2026-05-23 20:00:00","2026-05-24 03:00:00","2026-05-24 04:30:00",false,false,false,"[PREMIUM]","[PREMIUM]","[PREMIUM]","[PREMIUM]","[PREMIUM]","[PREMIUM]",false,true,"6984dee7ebbe4e1e3a9c03c9","['60f750f75a6df300016cf9a1']","[PREMIUM]","[PREMIUM]"
"698fa61c410a74f2b3598c3f","2026-03-02 09:10:44.228","2026-03-15 00:06:14.385","698fa61c410a74f2b3598c3f","Nettspend","music","2026-05-23 20:00:00","2026-05-24 03:00:00","2026-05-24 03:00:00",false,false,false,"[PREMIUM]","[PREMIUM]","[PREMIUM]","[PREMIUM]","[PREMIUM]","[PREMIUM]",false,false,"67d49e7811fa27e2f056429f","['6740d5d8adde78c446408d9e']","[PREMIUM]","[PREMIUM]"
"698fa3fc9ad534115733e79b","2026-03-02 09:10:44.228","2026-03-15 00:06:14.385","698fa3fc9ad534115733e79b","TBD at Edmonton Oilers (Round 3 - Home Game 2) (Date TBD) (If Necessary)","nhl","2026-05-24 00:00:00","2026-05-24 06:00:00","2026-05-24 06:45:00",true,true,true,"[PREMIUM]","[PREMIUM]","[PREMIUM]","[PREMIUM]","[PREMIUM]","[PREMIUM]",false,false,"5744f549f80c412473000001","['545afc873bf3763fb9000013','5a99e2126311820014498a01']","[PREMIUM]","[PREMIUM]"
"698e7393058380a3f8859ae8","2026-03-02 09:10:44.228","2026-03-15 00:06:21.483","698e7393058380a3f8859ae8","PeelingFlesh","music","2026-05-24 18:00:00","2026-05-25 00:00:00","2026-05-25 00:00:00",false,false,false,"[PREMIUM]","[PREMIUM]","[PREMIUM]","[PREMIUM]","[PREMIUM]","[PREMIUM]",false,true,"5a443313f7346000132383c4","['667b32bc4dcbdba1160a9eba']","[PREMIUM]","[PREMIUM]"
"698e6f68ccf3a655f65cdadb","2026-03-02 09:10:44.228","2026-03-15 00:06:14.385","698e6f68ccf3a655f65cdadb","Kevin Morby","music","2026-05-23 19:00:00","2026-05-24 02:00:00","2026-05-24 03:30:00",false,false,false,"[PREMIUM]","[PREMIUM]","[PREMIUM]","[PREMIUM]","[PREMIUM]","[PREMIUM]",false,true,"5e4eb9c2077d740038fcfdfb","['62267f56f3a1a60001469a0f']","[PREMIUM]","[PREMIUM]"
"698e569de8facc10038d0a9a","2026-03-02 09:10:44.228","2026-03-15 00:06:21.483","698e569de8facc10038d0a9a","Lyfe Jennings","music","2026-05-24 20:30:00","2026-05-25 01:30:00","2026-05-25 03:00:00",false,false,false,"[PREMIUM]","[PREMIUM]","[PREMIUM]","[PREMIUM]","[PREMIUM]","[PREMIUM]",false,true,"5a207a990045b8000fceba93","['632ce4537aab450001573279']","[PREMIUM]","[PREMIUM]"
"698e569dbc847c207e4a5182","2026-03-02 09:10:44.228","2026-03-15 00:06:21.483","698e569dbc847c207e4a5182","Lyfe Jennings","music","2026-05-24 17:00:00","2026-05-24 22:00:00","2026-05-24 23:30:00",false,false,false,"[PREMIUM]","[PREMIUM]","[PREMIUM]","[PREMIUM]","[PREMIUM]","[PREMIUM]",false,true,"5a207a990045b8000fceba93","['632ce4537aab450001573279']","[PREMIUM]","[PREMIUM]"
"698e5529e2343a3624b4c4be","2026-03-02 09:10:44.228","2026-03-15 00:06:14.385","698e5529e2343a3624b4c4be","PeelingFlesh","music","2026-05-23 19:00:00","2026-05-24 02:00:00","2026-05-24 02:00:00",false,false,false,"[PREMIUM]","[PREMIUM]","[PREMIUM]","[PREMIUM]","[PREMIUM]","[PREMIUM]",false,true,"63c87b1eb0dc8500018b0310","['667b32bc4dcbdba1160a9eba']","[PREMIUM]","[PREMIUM]"
"698de2a61028abf61ab31260","2026-03-02 09:10:44.228","2026-03-15 00:06:14.385","698de2a61028abf61ab31260","Lowertown","music","2026-05-23 21:00:00","2026-05-24 04:00:00","2026-05-24 04:00:00",false,false,false,"[PREMIUM]","[PREMIUM]","[PREMIUM]","[PREMIUM]","[PREMIUM]","[PREMIUM]",false,true,"62bf3aa7875de600012028da","['67588227ff84f38aced3d02e']","[PREMIUM]","[PREMIUM]"
"698d7421b602dfe217d87697","2026-03-02 09:10:44.228","2026-03-15 00:06:14.385","698d7421b602dfe217d87697","Happy Together Tour","music","2026-05-23 20:00:00","2026-05-24 01:00:00","2026-05-24 01:00:00",false,false,false,"[PREMIUM]","[PREMIUM]","[PREMIUM]","[PREMIUM]","[PREMIUM]","[PREMIUM]",false,false,"67be584c216a29d3c8975331","['6581d7ada1358d51594533a9']","[PREMIUM]","[PREMIUM]"
"698d5a5bcf007a60c339f521","2026-03-02 09:10:44.228","2026-03-15 00:06:14.385","698d5a5bcf007a60c339f521","David Nail","music","2026-05-23 19:30:00","2026-05-23 23:30:00","2026-05-23 23:30:00",false,false,false,"[PREMIUM]","[PREMIUM]","[PREMIUM]","[PREMIUM]","[PREMIUM]","[PREMIUM]",false,true,"66feebb34ac8b8db8802cf21","['673fc202a107144efff9a03c']","[PREMIUM]","[PREMIUM]"
"698d539d4d4c5dc5712f6c80","2026-03-02 09:10:44.228","2026-03-15 00:06:21.483","698d539d4d4c5dc5712f6c80","Come From Away","theater","2026-05-24 20:00:00","2026-05-25 03:00:00","2026-05-25 04:30:00",false,false,false,"[PREMIUM]","[PREMIUM]","[PREMIUM]","[PREMIUM]","[PREMIUM]","[PREMIUM]",false,false,"67e4618ebdcf27059b240957","['5a9db15b4dbc9800136211f5']","[PREMIUM]","[PREMIUM]"
"698d539c405dd662fe3ab88d","2026-03-02 09:10:44.228","2026-03-15 00:06:14.385","698d539c405dd662fe3ab88d","Come From Away","theater","2026-05-23 20:00:00","2026-05-24 03:00:00","2026-05-24 04:30:00",false,false,false,"[PREMIUM]","[PREMIUM]","[PREMIUM]","[PREMIUM]","[PREMIUM]","[PREMIUM]",false,false,"67e4618ebdcf27059b240957","['5a9db15b4dbc9800136211f5']","[PREMIUM]","[PREMIUM]"
"698ce4067346c69690f47c19","2026-03-02 09:10:44.228","2026-03-15 00:06:21.483","698ce4067346c69690f47c19","Kevin Morby","music","2026-05-24 21:00:00","2026-05-25 04:00:00","2026-05-25 05:30:00",false,false,false,"[PREMIUM]","[PREMIUM]","[PREMIUM]","[PREMIUM]","[PREMIUM]","[PREMIUM]",false,true,"5a45636511d31e00124c616e","['62267f56f3a1a60001469a0f']","[PREMIUM]","[PREMIUM]"
"698c07abc13e89cfb4698ebf","2026-03-02 09:10:44.228","2026-03-15 00:06:14.385","698c07abc13e89cfb4698ebf","TBD at Buffalo Sabres (Round 3 - Home Game 2) (Date TBD) (If Necessary)","nhl","2026-05-24 00:00:00","2026-05-24 04:00:00","2026-05-24 04:45:00",true,true,true,"[PREMIUM]","[PREMIUM]","[PREMIUM]","[PREMIUM]","[PREMIUM]","[PREMIUM]",false,false,"5596e33da2e3a926a3000001","['5596e342a2e3a926a3000003','5a99e2126311820014498a01']","[PREMIUM]","[PREMIUM]"
"698c06c85ccd980beaa3d24c","2026-03-02 09:10:44.228","2026-03-15 00:06:14.385","698c06c85ccd980beaa3d24c","TBD at Detroit Red Wings (Round 3 - Home Game 2) (Date TBD) (If Necessary)","nhl","2026-05-24 00:00:00","2026-05-24 04:00:00","2026-05-24 04:45:00",true,true,true,"[PREMIUM]","[PREMIUM]","[PREMIUM]","[PREMIUM]","[PREMIUM]","[PREMIUM]",false,false,"589e50d8cde6626ebe7db601","['542b1a5d3bf37660dc000003','5a99e2126311820014498a01']","[PREMIUM]","[PREMIUM]"
"698bd143c053063c570b27f7","2026-03-02 09:10:44.228","2026-03-15 00:06:14.385","698bd143c053063c570b27f7","Ray Bull","music","2026-05-23 20:00:00","2026-05-24 02:00:00","2026-05-24 02:00:00",false,false,false,"[PREMIUM]","[PREMIUM]","[PREMIUM]","[PREMIUM]","[PREMIUM]","[PREMIUM]",false,true,"62bf3965735cd80001119e16","['660d6b0dab6bb7214dc1d996']","[PREMIUM]","[PREMIUM]"
"698bcfd5c984e0d3f36b1941","2026-03-02 09:10:44.228","2026-03-15 00:06:14.385","698bcfd5c984e0d3f36b1941","TBD at Tampa Bay Lightning (Round 3 - Home Game 2) (Date TBD) (If Necessary)","nhl","2026-05-24 00:00:00","2026-05-24 04:00:00","2026-05-24 04:45:00",true,true,true,"[PREMIUM]","[PREMIUM]","[PREMIUM]","[PREMIUM]","[PREMIUM]","[PREMIUM]",false,false,"54dcf29264f9620805000002","['54dcf2ae64f9620805000005','5a99e2126311820014498a01']","[PREMIUM]","[PREMIUM]"
"698bcfb2bb4bc1168764f485","2026-03-02 09:10:44.228","2026-03-15 00:06:21.483","698bcfb2bb4bc1168764f485","Circle Jerks","music","2026-05-24 19:00:00","2026-05-25 02:00:00","2026-05-25 03:30:00",false,false,false,"[PREMIUM]","[PREMIUM]","[PREMIUM]","[PREMIUM]","[PREMIUM]","[PREMIUM]",false,false,"57e032d350575d33c89417c0","['60f750f75a6df300016cf9a1']","[PREMIUM]","[PREMIUM]"
"698bcb37e00a21af97f00eb9","2026-03-02 09:10:44.228","2026-03-15 00:06:14.385","698bcb37e00a21af97f00eb9","Bingo Loco (21+ Event)","music","2026-05-23 19:30:00","2026-05-24 00:30:00","2026-05-24 00:30:00",false,false,false,"[PREMIUM]","[PREMIUM]","[PREMIUM]","[PREMIUM]","[PREMIUM]","[PREMIUM]",false,false,"57d97ec950575d33c877746c","['6668d4cb075eb00266a9c7ca']","[PREMIUM]","[PREMIUM]"
"698bcaaabb4bc1168764f25d","2026-03-02 09:10:44.228","2026-03-15 00:06:14.385","698bcaaabb4bc1168764f25d","TBD at Dallas Stars (Round 3 - Home Game 2) (Date TBD) (If Necessary)","nhl","2026-05-24 00:00:00","2026-05-24 05:00:00","2026-05-24 05:45:00",true,true,true,"[PREMIUM]","[PREMIUM]","[PREMIUM]","[PREMIUM]","[PREMIUM]","[PREMIUM]",false,false,"54419a203bf3761f8e000001","['54419a473bf3761f8e000005','5a99e2126311820014498a01']","[PREMIUM]","[PREMIUM]"
"698bb51062de041e0169fc24","2026-03-02 09:10:44.228","2026-03-15 00:06:21.483","698bb51062de041e0169fc24","The Hu with Apocalyptica","music","2026-05-24 19:00:00","2026-05-25 00:00:00","2026-05-25 01:00:00",false,false,false,"[PREMIUM]","[PREMIUM]","[PREMIUM]","[PREMIUM]","[PREMIUM]","[PREMIUM]",false,false,"598c8b2c9da0d48c0db1879c","['5952e69925f2c578f06ac191']","[PREMIUM]","[PREMIUM]"
"698bb4a01911b09fa5cc36c6","2026-03-02 09:10:44.228","2026-03-15 00:06:21.483","698bb4a01911b09fa5cc36c6","Jeff Dunham","comedy","2026-05-24 19:00:00","2026-05-24 23:00:00","2026-05-25 00:00:00",false,false,false,"[PREMIUM]","[PREMIUM]","[PREMIUM]","[PREMIUM]","[PREMIUM]","[PREMIUM]",false,false,"60bfe89777d356000175a5fb","['58f69027f80c41508c8920a9']","[PREMIUM]","[PREMIUM]"
"698baee5319e8483ad556db4","2026-03-02 09:10:44.228","2026-03-15 00:06:14.385","698baee5319e8483ad556db4","TBD at Minnesota Wild (Round 3 - Home Game 2) (Date TBD) (If Necessary)","nhl","2026-05-24 00:00:00","2026-05-24 05:00:00","2026-05-24 05:45:00",true,true,true,"[PREMIUM]","[PREMIUM]","[PREMIUM]","[PREMIUM]","[PREMIUM]","[PREMIUM]",false,false,"543ec2683bf3766621000002","['543ec2803bf376662100000a','5a99e2126311820014498a01']","[PREMIUM]","[PREMIUM]"
"698baebeac57879a0a93d127","2026-03-02 09:10:44.228","2026-03-15 00:06:14.385","698baebeac57879a0a93d127","The Hu with Apocalyptica","music","2026-05-23 19:00:00","2026-05-24 00:00:00","2026-05-24 01:00:00",false,false,false,"[PREMIUM]","[PREMIUM]","[PREMIUM]","[PREMIUM]","[PREMIUM]","[PREMIUM]",false,false,"5989e9aa9da0d48c0d9efc2d","['5952e69925f2c578f06ac191']","[PREMIUM]","[PREMIUM]"
"698bae66142d2300eff6e4b7","2026-03-02 09:10:44.228","2026-03-15 00:06:14.385","698bae66142d2300eff6e4b7","Brantley Gilbert","music","2026-05-23 19:00:00","2026-05-24 00:00:00","2026-05-24 01:00:00",false,false,false,"[PREMIUM]","[PREMIUM]","[PREMIUM]","[PREMIUM]","[PREMIUM]","[PREMIUM]",false,true,"64d53bcf002f1d00018f3282","['579fc66ef80c41718668edbc']","[PREMIUM]","[PREMIUM]"
"698b9ae1ea38cf7cffb7c457","2026-03-02 09:10:44.228","2026-03-15 00:06:21.483","698b9ae1ea38cf7cffb7c457","Baby Keem","music","2026-05-24 20:30:00","2026-05-25 00:30:00","2026-05-25 02:00:00",false,false,false,"[PREMIUM]","[PREMIUM]","[PREMIUM]","[PREMIUM]","[PREMIUM]","[PREMIUM]",false,false,"598b505b9da0d48c0da941a4","['61607f10f2e8be000150e69c']","[PREMIUM]","[PREMIUM]"
"698b9a5b9b29d24faefe9a4e","2026-03-02 09:10:44.228","2026-03-15 00:06:14.385","698b9a5b9b29d24faefe9a4e","Baby Keem","music","2026-05-23 20:30:00","2026-05-24 00:30:00","2026-05-24 02:00:00",false,false,false,"[PREMIUM]","[PREMIUM]","[PREMIUM]","[PREMIUM]","[PREMIUM]","[PREMIUM]",false,false,"6166058381b8f200010a9457","['61607f10f2e8be000150e69c']","[PREMIUM]","[PREMIUM]"
"698b27eee6c55786ca835571","2026-03-02 09:10:44.228","2026-03-15 00:06:14.385","698b27eee6c55786ca835571","TBD at Carolina Hurricanes (Round 3 - Home Game 2) (Date TBD) (If Necessary)","nhl","2026-05-24 00:00:00","2026-05-24 04:00:00","2026-05-24 04:45:00",true,true,true,"[PREMIUM]","[PREMIUM]","[PREMIUM]","[PREMIUM]","[PREMIUM]","[PREMIUM]",false,false,"545afc653bf3763fb9000009","['545afc883bf3763fb9000015','5a99e2126311820014498a01']","[PREMIUM]","[PREMIUM]"
"698ab7c3338227151aad65b3","2026-03-02 09:10:44.228","2026-03-15 00:06:14.385","698ab7c3338227151aad65b3","Teen Suicide","music","2026-05-23 20:00:00","2026-05-24 00:00:00","2026-05-24 00:00:00",false,false,false,"[PREMIUM]","[PREMIUM]","[PREMIUM]","[PREMIUM]","[PREMIUM]","[PREMIUM]",false,false,"57eade5ecde6626ebe3ba5e8","['65c40c7990f4009660ceb0bb']","[PREMIUM]","[PREMIUM]"
"698ab3b1942ae4a861b9383e","2026-03-02 09:10:44.228","2026-03-15 00:06:14.385","698ab3b1942ae4a861b9383e","TBD at Vegas Golden Knights (Round 3 - Home Game 2) (Date TBD) (If Necessary)","nhl","2026-05-24 00:00:00","2026-05-24 07:00:00","2026-05-24 07:45:00",true,true,true,"[PREMIUM]","[PREMIUM]","[PREMIUM]","[PREMIUM]","[PREMIUM]","[PREMIUM]",false,false,"56c4e205f80c412275000001","['594d440c25f2c54089b5f9bf','5a99e2126311820014498a01']","[PREMIUM]","[PREMIUM]"
"698ab085d148c5bf193c0f7c","2026-03-02 09:10:44.228","2026-03-15 00:06:14.385","698ab085d148c5bf193c0f7c","TBD at Pittsburgh Penguins (Round 3 - Home Game 2) (Date TBD) (If Necessary)","nhl","2026-05-24 00:00:00","2026-05-24 04:00:00","2026-05-24 04:45:00",true,true,true,"[PREMIUM]","[PREMIUM]","[PREMIUM]","[PREMIUM]","[PREMIUM]","[PREMIUM]",false,false,"543ec2693bf3766621000004","['543ec2803bf376662100000c','5a99e2126311820014498a01']","[PREMIUM]","[PREMIUM]"
"698a7ded862cd7b63d5b9c41","2026-03-02 09:10:44.228","2026-03-15 00:06:21.483","698a7ded862cd7b63d5b9c41","Josiah and the Bonnevilles","music","2026-05-24 19:00:00","2026-05-25 02:00:00","2026-05-25 02:00:00",false,false,false,"[PREMIUM]","[PREMIUM]","[PREMIUM]","[PREMIUM]","[PREMIUM]","[PREMIUM]",false,false,"57e1db5b50575d33c89e44ec","['652ee09bbbe9227dff742e70']","[PREMIUM]","[PREMIUM]"
"698a7b43e6c55786ca8314ca","2026-03-02 09:10:44.228","2026-03-15 00:06:14.385","698a7b43e6c55786ca8314ca","Josiah and the Bonnevilles","music","2026-05-23 20:00:00","2026-05-24 03:00:00","2026-05-24 03:00:00",false,false,false,"[PREMIUM]","[PREMIUM]","[PREMIUM]","[PREMIUM]","[PREMIUM]","[PREMIUM]",false,false,"57e1885950575d33c89c1729","['652ee09bbbe9227dff742e70']","[PREMIUM]","[PREMIUM]"
"698a787cb1b19ee76f2e083d","2026-03-02 09:10:44.228","2026-03-15 00:06:21.483","698a787cb1b19ee76f2e083d","Jose Maria Napoleon","music","2026-05-24 20:00:00","2026-05-25 01:00:00","2026-05-25 01:00:00",false,false,false,"[PREMIUM]","[PREMIUM]","[PREMIUM]","[PREMIUM]","[PREMIUM]","[PREMIUM]",false,false,"5bb38a9d61022b001432f380","['6813a17e2ee15428d51b140a']","[PREMIUM]","[PREMIUM]"
"698a437d75a7a3a6c498c36d","2026-03-02 09:10:44.228","2026-03-15 00:06:14.385","698a437d75a7a3a6c498c36d","Mike Vecchione","comedy","2026-05-23 21:15:00","2026-05-24 01:15:00","2026-05-24 01:15:00",false,false,false,"[PREMIUM]","[PREMIUM]","[PREMIUM]","[PREMIUM]","[PREMIUM]","[PREMIUM]",false,true,"676210bd6f35776e7958c72f","['650c936de13caf0001b5c4d4']","[PREMIUM]","[PREMIUM]"
"6988f0ca1315cf61b90a0164","2026-03-02 09:10:44.228","2026-03-15 00:06:14.385","6988f0ca1315cf61b90a0164","Southern Conference Baseball Tournament - Day 2","cbs","2026-05-23 19:00:00","2026-05-23 23:00:00","2026-05-23 23:00:00",false,false,false,"[PREMIUM]","[PREMIUM]","[PREMIUM]","[PREMIUM]","[PREMIUM]","[PREMIUM]",false,false,"6470edd02cd4e000010f9248","['67eff1ac81dfc3078accf47a']","[PREMIUM]","[PREMIUM]"
"6988d9070938707e448cedbd","2026-03-02 09:10:44.228","2026-03-15 00:06:21.483","6988d9070938707e448cedbd","Futurebirds","music","2026-05-24 18:00:00","2026-05-24 22:00:00","2026-05-24 23:30:00",false,false,false,"[PREMIUM]","[PREMIUM]","[PREMIUM]","[PREMIUM]","[PREMIUM]","[PREMIUM]",false,true,"66202a06e253cde1260250b2","['5cc71de1e0ee290016390015']","[PREMIUM]","[PREMIUM]"
"6988d8f54c40e5d171a9b34e","2026-03-02 09:10:44.228","2026-03-15 00:06:14.385","6988d8f54c40e5d171a9b34e","Marcello Hernandez","comedy","2026-05-23 21:00:00","2026-05-24 01:00:00","2026-05-24 01:00:00",false,false,false,"[PREMIUM]","[PREMIUM]","[PREMIUM]","[PREMIUM]","[PREMIUM]","[PREMIUM]",false,false,"617c3af4d5bdd40001826f60","['664b99939e843d64eee91dcf']","[PREMIUM]","[PREMIUM]"
"6988d7fdf05ab3af27d1331f","2026-03-02 09:10:44.228","2026-03-15 00:06:14.385","6988d7fdf05ab3af27d1331f","Your Neighbors","music","2026-05-23 19:00:00","2026-05-24 00:00:00","2026-05-24 00:00:00",false,false,false,"[PREMIUM]","[PREMIUM]","[PREMIUM]","[PREMIUM]","[PREMIUM]","[PREMIUM]",false,true,"5a4431cf12636f0012b68c8d","['65ca6fc0f4c0db828311f4b8']","[PREMIUM]","[PREMIUM]"
"6988d3144ebf16cfb41dc5b0","2026-03-02 09:10:44.228","2026-03-15 00:06:14.385","6988d3144ebf16cfb41dc5b0","Kansas","music","2026-05-23 20:00:00","2026-05-24 00:00:00","2026-05-24 01:30:00",false,false,false,"[PREMIUM]","[PREMIUM]","[PREMIUM]","[PREMIUM]","[PREMIUM]","[PREMIUM]",false,true,"6737d496410db8ca1a7d37d4","['5ab3d459dc3dad001383bde3']","[PREMIUM]","[PREMIUM]"
"69861f7516eedeaef4c55cce","2026-03-02 09:10:44.228","2026-03-15 00:06:21.483","69861f7516eedeaef4c55cce","Diljit Dosanjh","music","2026-05-24 20:00:00","2026-05-25 00:00:00","2026-05-25 01:30:00",false,false,false,"[PREMIUM]","[PREMIUM]","[PREMIUM]","[PREMIUM]","[PREMIUM]","[PREMIUM]",false,false,"5309739c3bf376115d000002","['624cc73dc2fa5b00018d8734']","[PREMIUM]","[PREMIUM]"
"6985374b2fe4fe45e88086f7","2026-03-02 09:10:44.228","2026-03-15 00:06:14.385","6985374b2fe4fe45e88086f7","SoDown","music","2026-05-23 21:00:00","2026-05-24 01:00:00","2026-05-24 02:30:00",false,false,false,"[PREMIUM]","[PREMIUM]","[PREMIUM]","[PREMIUM]","[PREMIUM]","[PREMIUM]",false,true,"669ed32835a37a4031144912","['5db1c8e2b58ab80039f9ee8e']","[PREMIUM]","[PREMIUM]"
"6984f0da7aab146c5c3a3508","2026-03-02 09:10:44.228","2026-03-15 00:06:21.483","6984f0da7aab146c5c3a3508","Carin Leon","music","2026-05-24 20:00:00","2026-05-25 01:00:00","2026-05-25 02:30:00",false,false,false,"[PREMIUM]","[PREMIUM]","[PREMIUM]","[PREMIUM]","[PREMIUM]","[PREMIUM]",false,false,"545afc653bf3763fb9000004","['620d5cffb40406000193fc4d']","[PREMIUM]","[PREMIUM]"
"698400afe2c92a9310e6a88e","2026-03-02 09:10:44.228","2026-03-15 00:06:14.385","698400afe2c92a9310e6a88e","Ian Munsick","music","2026-05-23 20:00:00","2026-05-24 01:00:00","2026-05-24 02:30:00",false,false,false,"[PREMIUM]","[PREMIUM]","[PREMIUM]","[PREMIUM]","[PREMIUM]","[PREMIUM]",false,true,"6621abb64f0b7548081acb47","['63890425b396380001f2bb73']","[PREMIUM]","[PREMIUM]"
"698400af8f7d880ed7b372ee","2026-03-02 09:10:44.228","2026-03-15 00:06:21.483","698400af8f7d880ed7b372ee","Umphreys McGee","music","2026-05-24 19:00:00","2026-05-25 00:00:00","2026-05-25 01:00:00",false,false,false,"[PREMIUM]","[PREMIUM]","[PREMIUM]","[PREMIUM]","[PREMIUM]","[PREMIUM]",false,true,"6621abb64f0b7548081acb47","['58a79361f80c41494ff7ce57']","[PREMIUM]","[PREMIUM]"
"6984009a16eedeaef4c4e91a","2026-03-02 09:10:44.228","2026-03-15 00:06:14.385","6984009a16eedeaef4c4e91a","Reverend Horton Heat","music","2026-05-23 20:00:00","2026-05-24 01:00:00","2026-05-24 02:00:00",false,false,false,"[PREMIUM]","[PREMIUM]","[PREMIUM]","[PREMIUM]","[PREMIUM]","[PREMIUM]",false,false,"67b66b74d824cfc11fc3ba81","['59b3189425f2c53fa02a9603']","[PREMIUM]","[PREMIUM]"
"6984008cb941bc4f5fe09cfa","2026-03-02 09:10:44.228","2026-03-15 00:06:14.385","6984008cb941bc4f5fe09cfa","Umphreys McGee","music","2026-05-23 19:30:00","2026-05-23 23:30:00","2026-05-24 00:30:00",false,false,false,"[PREMIUM]","[PREMIUM]","[PREMIUM]","[PREMIUM]","[PREMIUM]","[PREMIUM]",false,true,"67e3125947e5192af4804968","['58a79361f80c41494ff7ce57']","[PREMIUM]","[PREMIUM]"
"6984002309834263727296d2","2026-03-02 09:10:44.228","2026-03-15 00:06:14.385","6984002309834263727296d2","Hotel California","music","2026-05-23 19:00:00","2026-05-24 02:00:00","2026-05-24 02:00:00",false,false,false,"[PREMIUM]","[PREMIUM]","[PREMIUM]","[PREMIUM]","[PREMIUM]","[PREMIUM]",false,true,"67f6efa684a0bf387a2b8b5a","['6806bcee93f42d47ea5d3e5a']","[PREMIUM]","[PREMIUM]"
"6983ff348afd07ca3b0d19db","2026-03-02 09:10:44.228","2026-03-15 00:06:14.385","6983ff348afd07ca3b0d19db","A Flock of Seagulls","music","2026-05-23 19:00:00","2026-05-23 23:00:00","2026-05-23 23:00:00",false,false,false,"[PREMIUM]","[PREMIUM]","[PREMIUM]","[PREMIUM]","[PREMIUM]","[PREMIUM]",false,true,"5a7b7d38a8fc0700143ad2b2","['65552f96241b5e764491e11f']","[PREMIUM]","[PREMIUM]"
"6983fe4e20925e00825b7e62","2026-03-02 09:10:44.228","2026-03-15 00:06:14.385","6983fe4e20925e00825b7e62","Jason Mraz","music","2026-05-23 19:30:00","2026-05-23 23:30:00","2026-05-24 00:30:00",false,false,false,"[PREMIUM]","[PREMIUM]","[PREMIUM]","[PREMIUM]","[PREMIUM]","[PREMIUM]",false,false,"67b66ace77ab093b8a9675c2","['5a2f185225f2c572e192fcc4']","[PREMIUM]","[PREMIUM]"
"6983fcda2a9dbab7b0ebdf40","2026-03-02 09:10:44.228","2026-03-15 00:06:21.483","6983fcda2a9dbab7b0ebdf40","Pacific FC at Calvary FC","cpl","2026-05-24 15:00:00","2026-05-24 21:00:00","2026-05-24 22:30:00",false,false,false,"[PREMIUM]","[PREMIUM]","[PREMIUM]","[PREMIUM]","[PREMIUM]","[PREMIUM]",true,false,"644869a57801bc000133e548","['5d14f34b35c79b0019b9e9be','5d13f0be6b0d9300181457b9']","[PREMIUM]","[PREMIUM]"
"6982d7290abdf7c4a0ca961c","2026-03-02 09:10:44.228","2026-03-15 00:06:14.385","6982d7290abdf7c4a0ca961c","Buckethead","music","2026-05-23 20:00:00","2026-05-24 00:00:00","2026-05-24 01:00:00",false,false,false,"[PREMIUM]","[PREMIUM]","[PREMIUM]","[PREMIUM]","[PREMIUM]","[PREMIUM]",false,true,"613a92eb5fe59900010be53c","['5a45698625f2c505c792db30']","[PREMIUM]","[PREMIUM]"
"6982d6e8ec9709e24a3f8c42","2026-03-02 09:10:44.228","2026-03-15 00:06:14.385","6982d6e8ec9709e24a3f8c42","TBD at Ottawa Senators (Round 3 - Home Game 2) (Date TBD) (If Necessary)","nhl","2026-05-24 00:00:00","2026-05-24 04:00:00","2026-05-24 04:45:00",true,true,true,"[PREMIUM]","[PREMIUM]","[PREMIUM]","[PREMIUM]","[PREMIUM]","[PREMIUM]",false,false,"545d4acf3bf3762bdb000002","['545d4af63bf3762bdb000010','5a99e2126311820014498a01']","[PREMIUM]","[PREMIUM]"
"6982d58df45f61dd331e544d","2026-03-02 09:10:44.228","2026-03-15 00:06:21.483","6982d58df45f61dd331e544d","American Football","music","2026-05-24 19:00:00","2026-05-25 02:00:00","2026-05-25 02:00:00",false,false,false,"[PREMIUM]","[PREMIUM]","[PREMIUM]","[PREMIUM]","[PREMIUM]","[PREMIUM]",false,false,"576d839ff80c415f0cc30d94","['65f284e8ad5ad431f3fe92cd']","[PREMIUM]","[PREMIUM]"
"6982d381b9f3ebb7ef7706a3","2026-03-02 09:10:44.228","2026-03-15 00:06:14.385","6982d381b9f3ebb7ef7706a3","TBD at Denver Nuggets (Round 3 - Home Game 2) (Date TBD) (If Necessary)","nba","2026-05-23 23:59:00","2026-05-24 05:59:00","2026-05-24 06:44:00",true,true,true,"[PREMIUM]","[PREMIUM]","[PREMIUM]","[PREMIUM]","[PREMIUM]","[PREMIUM]",false,false,"54518a533bf3761a02000001","['54501b0c3bf3763af4000003','5a99e2126311820014498a01']","[PREMIUM]","[PREMIUM]"
"6982d31dfb1da2e43868eb77","2026-03-02 09:10:44.228","2026-03-15 00:06:21.483","6982d31dfb1da2e43868eb77","Castle Rat","music","2026-05-24 18:30:00","2026-05-25 01:30:00","2026-05-25 01:30:00",false,false,false,"[PREMIUM]","[PREMIUM]","[PREMIUM]","[PREMIUM]","[PREMIUM]","[PREMIUM]",false,false,"58b60c97cde6626ebede29fd","['6826413e07cb4ed6107a5407']","[PREMIUM]","[PREMIUM]"
"6982d31d74e9b3e4701afa51","2026-03-02 09:10:44.228","2026-03-15 00:06:21.483","6982d31d74e9b3e4701afa51","Grandaddy","music","2026-05-24 20:00:00","2026-05-25 03:00:00","2026-05-25 03:00:00",false,false,false,"[PREMIUM]","[PREMIUM]","[PREMIUM]","[PREMIUM]","[PREMIUM]","[PREMIUM]",false,true,"630e7ce9c643860001a64793","['681cd74e33f71a55c3190988']","[PREMIUM]","[PREMIUM]"
"6982d317294c5d101f5168f0","2026-03-02 09:10:44.228","2026-03-15 00:06:14.385","6982d317294c5d101f5168f0","American Football","music","2026-05-23 19:00:00","2026-05-24 02:00:00","2026-05-24 02:00:00",false,false,false,"[PREMIUM]","[PREMIUM]","[PREMIUM]","[PREMIUM]","[PREMIUM]","[PREMIUM]",false,false,"56413668f80c416283000001","['65f284e8ad5ad431f3fe92cd']","[PREMIUM]","[PREMIUM]"
"6982c96dfbf8621f3d73eca4","2026-03-02 09:10:44.228","2026-03-15 00:06:14.385","6982c96dfbf8621f3d73eca4","Grandaddy","music","2026-05-23 20:00:00","2026-05-24 03:00:00","2026-05-24 03:00:00",false,false,false,"[PREMIUM]","[PREMIUM]","[PREMIUM]","[PREMIUM]","[PREMIUM]","[PREMIUM]",false,true,"65fe0a93bdab40657e5c8cdd","['681cd74e33f71a55c3190988']","[PREMIUM]","[PREMIUM]"
"6982c8c2dac12750c0050c23","2026-03-02 09:10:44.228","2026-03-15 00:06:21.483","6982c8c2dac12750c0050c23","Buckethead","music","2026-05-24 19:00:00","2026-05-24 23:00:00","2026-05-25 00:00:00",false,false,false,"[PREMIUM]","[PREMIUM]","[PREMIUM]","[PREMIUM]","[PREMIUM]","[PREMIUM]",false,false,"57a264b1f80c41466ca5c93d","['5a45698625f2c505c792db30']","[PREMIUM]","[PREMIUM]"
"698242a17b6ca2dede398293","2026-03-02 09:10:44.228","2026-03-15 00:06:14.385","698242a17b6ca2dede398293","Ari Lennox","music","2026-05-23 20:00:00","2026-05-24 00:00:00","2026-05-24 01:30:00",false,false,false,"[PREMIUM]","[PREMIUM]","[PREMIUM]","[PREMIUM]","[PREMIUM]","[PREMIUM]",false,false,"628fb80ccab294000122971a","['5ca3af006349ea00162d8bd5']","[PREMIUM]","[PREMIUM]"
"698242626bc6e442ecdc107c","2026-03-02 09:10:44.228","2026-03-15 00:06:21.483","698242626bc6e442ecdc107c","Ari Lennox","music","2026-05-24 20:00:00","2026-05-25 00:00:00","2026-05-25 01:30:00",false,false,false,"[PREMIUM]","[PREMIUM]","[PREMIUM]","[PREMIUM]","[PREMIUM]","[PREMIUM]",false,false,"5c0ee96a895a3f0017566667","['5ca3af006349ea00162d8bd5']","[PREMIUM]","[PREMIUM]"
"69822664742b08617c1efb16","2026-03-02 09:10:44.228","2026-03-15 00:06:14.385","69822664742b08617c1efb16","Corb Lund","music","2026-05-23 19:00:00","2026-05-24 02:00:00","2026-05-24 02:00:00",false,false,false,"[PREMIUM]","[PREMIUM]","[PREMIUM]","[PREMIUM]","[PREMIUM]","[PREMIUM]",false,true,"62d0a105b1c2f2000148b589","['6529c580cc2a4cc25286e8e1']","[PREMIUM]","[PREMIUM]"
"69822408dbbdcb51aa76e85a","2026-03-02 09:10:44.228","2026-03-15 00:06:21.483","69822408dbbdcb51aa76e85a","Don Toliver","music","2026-05-24 19:30:00","2026-05-24 23:30:00","2026-05-25 01:00:00",false,false,false,"[PREMIUM]","[PREMIUM]","[PREMIUM]","[PREMIUM]","[PREMIUM]","[PREMIUM]",false,false,"546d101a3bf3767afe000001","['61253442329f88000129f5bd']","[PREMIUM]","[PREMIUM]"
"698223e6e1df0ffb29574aa3","2026-03-02 09:10:44.228","2026-03-15 00:06:14.385","698223e6e1df0ffb29574aa3","Don Toliver","music","2026-05-23 19:30:00","2026-05-23 23:30:00","2026-05-24 01:00:00",false,false,false,"[PREMIUM]","[PREMIUM]","[PREMIUM]","[PREMIUM]","[PREMIUM]","[PREMIUM]",false,false,"543ec2693bf3766621000004","['61253442329f88000129f5bd']","[PREMIUM]","[PREMIUM]"
"69820d3584da95487cd75744","2026-03-02 09:10:44.228","2026-03-15 00:06:21.483","69820d3584da95487cd75744","Broncho","music","2026-05-24 20:00:00","2026-05-25 03:00:00","2026-05-25 04:30:00",false,false,false,"[PREMIUM]","[PREMIUM]","[PREMIUM]","[PREMIUM]","[PREMIUM]","[PREMIUM]",false,true,"5e4ea839490b29003a8e51fd","['5b8571ed58182c0013f33722']","[PREMIUM]","[PREMIUM]"
"69817de17e1604dfd1a93062","2026-03-02 09:10:44.228","2026-03-15 00:06:14.385","69817de17e1604dfd1a93062","Broncho","music","2026-05-23 19:00:00","2026-05-24 02:00:00","2026-05-24 03:30:00",false,false,false,"[PREMIUM]","[PREMIUM]","[PREMIUM]","[PREMIUM]","[PREMIUM]","[PREMIUM]",false,true,"63c87dcfba41dc00017d792a","['5b8571ed58182c0013f33722']","[PREMIUM]","[PREMIUM]"
"69817d83882f59d938135a24","2026-03-02 09:10:44.228","2026-03-15 00:06:21.483","69817d83882f59d938135a24","Jose Maria Napoleon","music","2026-05-24 20:00:00","2026-05-25 01:00:00","2026-05-25 01:00:00",false,false,false,"[PREMIUM]","[PREMIUM]","[PREMIUM]","[PREMIUM]","[PREMIUM]","[PREMIUM]",true,false,"5bb38a9d61022b001432f380","['6813a17e2ee15428d51b140a']","[PREMIUM]","[PREMIUM]"
"69817d29bf19d8accbd343bd","2026-03-02 09:10:44.228","2026-03-15 00:06:21.483","69817d29bf19d8accbd343bd","Forge FC at Atletico Ottawa","cpl","2026-05-24 14:00:00","2026-05-24 18:00:00","2026-05-24 19:30:00",false,false,false,"[PREMIUM]","[PREMIUM]","[PREMIUM]","[PREMIUM]","[PREMIUM]","[PREMIUM]",false,false,"5ac2a485768ee600130bba49","['61043d9651e6b400015c9365','5d14f1895da0210019ae57ad']","[PREMIUM]","[PREMIUM]"
"69817d0d9177e1894b6352c8","2026-03-02 09:10:44.228","2026-03-15 00:06:14.385","69817d0d9177e1894b6352c8","Trae Crowder","comedy","2026-05-23 20:30:00","2026-05-24 03:30:00","2026-05-24 03:30:00",false,false,false,"[PREMIUM]","[PREMIUM]","[PREMIUM]","[PREMIUM]","[PREMIUM]","[PREMIUM]",false,true,"648cd95a348f230001edaf67","['647a0e91fd33d10001608170']","[PREMIUM]","[PREMIUM]"
"69817d0d3d9146498e1ac68c","2026-03-02 09:10:44.228","2026-03-15 00:06:21.483","69817d0d3d9146498e1ac68c","Trae Crowder","comedy","2026-05-24 18:00:00","2026-05-25 01:00:00","2026-05-25 01:00:00",false,false,false,"[PREMIUM]","[PREMIUM]","[PREMIUM]","[PREMIUM]","[PREMIUM]","[PREMIUM]",false,true,"648cd95a348f230001edaf67","['647a0e91fd33d10001608170']","[PREMIUM]","[PREMIUM]"
"69817bf337d36be3f69c5912","2026-03-02 09:10:44.228","2026-03-15 00:06:14.385","69817bf337d36be3f69c5912","Godsmack","music","2026-05-23 19:00:00","2026-05-24 00:00:00","2026-05-24 01:30:00",false,false,false,"[PREMIUM]","[PREMIUM]","[PREMIUM]","[PREMIUM]","[PREMIUM]","[PREMIUM]",false,false,"644033f60762280001252a48","['5b196c4b530ed50013153f7a']","[PREMIUM]","[PREMIUM]"
"69817bf334e985baa1e242fe","2026-03-02 09:10:44.228","2026-03-15 00:06:21.483","69817bf334e985baa1e242fe","Godsmack","music","2026-05-24 19:00:00","2026-05-25 00:00:00","2026-05-25 01:30:00",false,false,false,"[PREMIUM]","[PREMIUM]","[PREMIUM]","[PREMIUM]","[PREMIUM]","[PREMIUM]",false,false,"60cbd9ab7d3534000132125b","['5b196c4b530ed50013153f7a']","[PREMIUM]","[PREMIUM]"
"69817b8d59b29dccb6deae05","2026-03-02 09:10:44.228","2026-03-15 00:06:21.483","69817b8d59b29dccb6deae05","Freddie Gibbs","music","2026-05-24 20:00:00","2026-05-25 01:00:00","2026-05-25 02:30:00",false,false,false,"[PREMIUM]","[PREMIUM]","[PREMIUM]","[PREMIUM]","[PREMIUM]","[PREMIUM]",false,false,"598ce7de9da0d48c0db7238a","['61bbb915f933be0001dc4b2e']","[PREMIUM]","[PREMIUM]"
"69817751254cf8b8ebef5ffb","2026-03-02 09:10:44.228","2026-03-15 00:06:14.385","69817751254cf8b8ebef5ffb","Freddie Gibbs","music","2026-05-23 20:00:00","2026-05-24 01:00:00","2026-05-24 02:30:00",false,false,false,"[PREMIUM]","[PREMIUM]","[PREMIUM]","[PREMIUM]","[PREMIUM]","[PREMIUM]",false,false,"5983adbe9da0d48c0d80d5a9","['61bbb915f933be0001dc4b2e']","[PREMIUM]","[PREMIUM]"
"698177245fad7654c05758df","2026-03-02 09:10:44.228","2026-03-15 00:06:14.385","698177245fad7654c05758df","Said the Sky","music","2026-05-23 21:00:00","2026-05-24 02:00:00","2026-05-24 03:30:00",false,false,false,"[PREMIUM]","[PREMIUM]","[PREMIUM]","[PREMIUM]","[PREMIUM]","[PREMIUM]",false,true,"670068746067a138a66cee64","['61c0c665fd333c00012e470e']","[PREMIUM]","[PREMIUM]"
"6980eb00f128eb7082c9bc25","2026-03-02 09:10:44.228","2026-03-15 00:06:14.385","6980eb00f128eb7082c9bc25","Chris Porter","comedy","2026-05-23 19:30:00","2026-05-24 00:30:00","2026-05-24 02:00:00",false,false,false,"[PREMIUM]","[PREMIUM]","[PREMIUM]","[PREMIUM]","[PREMIUM]","[PREMIUM]",false,true,"63d45545ca768d00010f30d0","['6217df6b3fd5d00001db5e60']","[PREMIUM]","[PREMIUM]"
"6980eb0090e520fa43bf8aba","2026-03-02 09:10:44.228","2026-03-15 00:06:14.385","6980eb0090e520fa43bf8aba","Chris Porter","comedy","2026-05-23 21:45:00","2026-05-24 02:45:00","2026-05-24 04:15:00",false,false,false,"[PREMIUM]","[PREMIUM]","[PREMIUM]","[PREMIUM]","[PREMIUM]","[PREMIUM]",false,true,"63d45545ca768d00010f30d0","['6217df6b3fd5d00001db5e60']","[PREMIUM]","[PREMIUM]"
"6980ea2559f46b04f6f883e6","2026-03-02 09:10:44.228","2026-03-15 00:06:21.483","6980ea2559f46b04f6f883e6","Zainab Johnson","comedy","2026-05-24 20:45:00","2026-05-25 00:45:00","2026-05-25 00:45:00",false,false,false,"[PREMIUM]","[PREMIUM]","[PREMIUM]","[PREMIUM]","[PREMIUM]","[PREMIUM]",false,true,"63c883c8ab09a60001d76f76","['6605c12e5daed76bd6d4458b']","[PREMIUM]","[PREMIUM]"
"6980ea250fafd68dd8992349","2026-03-02 09:10:44.228","2026-03-15 00:06:21.483","6980ea250fafd68dd8992349","Zainab Johnson","comedy","2026-05-24 18:00:00","2026-05-24 22:00:00","2026-05-24 22:00:00",false,false,false,"[PREMIUM]","[PREMIUM]","[PREMIUM]","[PREMIUM]","[PREMIUM]","[PREMIUM]",false,true,"63c883c8ab09a60001d76f76","['6605c12e5daed76bd6d4458b']","[PREMIUM]","[PREMIUM]"
"6980cdf2f128eb7082c9b215","2026-03-02 09:10:44.228","2026-03-15 00:06:14.385","6980cdf2f128eb7082c9b215","Post Malone","music","2026-05-23 19:30:00","2026-05-24 00:30:00","2026-05-24 01:30:00",false,false,false,"[PREMIUM]","[PREMIUM]","[PREMIUM]","[PREMIUM]","[PREMIUM]","[PREMIUM]",false,false,"55c3ab43f80c412103000001","['57c73f6af80c411f0d14867c','5cb65bd82adba70014183d55']","[PREMIUM]","[PREMIUM]"
"697fec4c0e39d7977073abcd","2026-03-02 09:10:44.228","2026-03-15 00:06:14.385","697fec4c0e39d7977073abcd","Common Kings","music","2026-05-23 19:30:00","2026-05-24 02:30:00","2026-05-24 04:00:00",false,false,false,"[PREMIUM]","[PREMIUM]","[PREMIUM]","[PREMIUM]","[PREMIUM]","[PREMIUM]",false,false,"63c8818e589c8f0001b582c4","['5d72edf4f324c000399287d8']","[PREMIUM]","[PREMIUM]"
"697c30f1cf96a6324845959b","2026-03-02 09:10:44.228","2026-03-15 00:06:21.483","697c30f1cf96a6324845959b","Hot 107.9 Birthday Bash","music","2026-05-24 18:00:00","2026-05-24 22:00:00","2026-05-24 22:00:00",false,false,false,"[PREMIUM]","[PREMIUM]","[PREMIUM]","[PREMIUM]","[PREMIUM]","[PREMIUM]",false,false,"544effe03bf3766eb4000002","['65f23f27fe223c3929fab5c2']","[PREMIUM]","[PREMIUM]"
"697c1c45405e62fd0f3210e0","2026-03-02 09:10:44.228","2026-03-15 00:06:14.385","697c1c45405e62fd0f3210e0","Marlon Wayans","comedy","2026-05-23 21:00:00","2026-05-24 07:00:00","2026-05-24 08:30:00",false,false,false,"[PREMIUM]","[PREMIUM]","[PREMIUM]","[PREMIUM]","[PREMIUM]","[PREMIUM]",false,true,"5b772a321107e000127b1105","['5e6297faee3831003c9d4b9f']","[PREMIUM]","[PREMIUM]"
"697be2b0a1f6b6a06248d222","2026-03-02 09:10:44.228","2026-03-15 00:06:21.483","697be2b0a1f6b6a06248d222","Your Neighbors","music","2026-05-24 20:00:00","2026-05-25 01:00:00","2026-05-25 01:00:00",false,false,false,"[PREMIUM]","[PREMIUM]","[PREMIUM]","[PREMIUM]","[PREMIUM]","[PREMIUM]",false,false,"5bb38a9d61022b001432f380","['65ca6fc0f4c0db828311f4b8']","[PREMIUM]","[PREMIUM]"
"697bc2be06a22f60b64e15f1","2026-03-02 09:10:44.228","2026-03-15 00:06:21.483","697bc2be06a22f60b64e15f1","Blake Shelton","music","2026-05-24 20:00:00","2026-05-25 03:00:00","2026-05-25 04:00:00",false,false,false,"[PREMIUM]","[PREMIUM]","[PREMIUM]","[PREMIUM]","[PREMIUM]","[PREMIUM]",false,false,"568dc4b9f80c41036a000001","['577bdd54f80c4161ad3d6fea']","[PREMIUM]","[PREMIUM]"
"697bbf792957158050d68b53","2026-03-02 09:10:44.228","2026-03-15 00:06:21.483","697bbf792957158050d68b53","Lords of Acid","music","2026-05-24 19:00:00","2026-05-25 00:00:00","2026-05-25 01:00:00",false,false,false,"[PREMIUM]","[PREMIUM]","[PREMIUM]","[PREMIUM]","[PREMIUM]","[PREMIUM]",false,true,"5a94a639ccb7ce0014f785b8","['59efa05425f2c5181ec9fbcd']","[PREMIUM]","[PREMIUM]"
"697b524f71e689b9052bde33","2026-03-02 09:10:44.228","2026-03-15 00:06:14.385","697b524f71e689b9052bde33","High Fade (21+ Event)","music","2026-05-23 20:00:00","2026-05-24 00:00:00","2026-05-24 00:00:00",false,false,false,"[PREMIUM]","[PREMIUM]","[PREMIUM]","[PREMIUM]","[PREMIUM]","[PREMIUM]",false,true,"67e31243ea08bd8ee026f69a","['6700422447a41eb4fed9dd46']","[PREMIUM]","[PREMIUM]"
"697aa7e106608fa2eb95ede3","2026-03-02 09:10:44.228","2026-03-15 00:06:21.483","697aa7e106608fa2eb95ede3","High Fade","music","2026-05-24 19:30:00","2026-05-24 23:30:00","2026-05-24 23:30:00",false,false,false,"[PREMIUM]","[PREMIUM]","[PREMIUM]","[PREMIUM]","[PREMIUM]","[PREMIUM]",false,true,"61d4d8d9f3968300016477cf","['6700422447a41eb4fed9dd46']","[PREMIUM]","[PREMIUM]"
"697a910f4c5731e98f66172a","2026-03-02 09:10:44.228","2026-03-15 00:06:21.483","697a910f4c5731e98f66172a","Black Crowes","music","2026-05-24 18:30:00","2026-05-24 23:30:00","2026-05-25 01:00:00",false,false,false,"[PREMIUM]","[PREMIUM]","[PREMIUM]","[PREMIUM]","[PREMIUM]","[PREMIUM]",false,false,"6760a872abd9b89ba6784b13","['5dcc5c144ebeb8003a0824dc']","[PREMIUM]","[PREMIUM]"
"697a70de06608fa2eb95e071","2026-03-02 09:10:44.228","2026-03-15 00:06:21.483","697a70de06608fa2eb95e071","Decibel Magazine Tour","music","2026-05-24 18:00:00","2026-05-24 22:00:00","2026-05-24 23:30:00",false,false,false,"[PREMIUM]","[PREMIUM]","[PREMIUM]","[PREMIUM]","[PREMIUM]","[PREMIUM]",false,true,"5e4eb8eb77632b003cd2dea0","['63d835f96a68550001f3d44d']","[PREMIUM]","[PREMIUM]"
"6979a9763bb3d8ff3b782557","2026-03-02 09:10:44.228","2026-03-15 00:06:14.385","6979a9763bb3d8ff3b782557","Mariah the Scientist","music","2026-05-23 20:00:00","2026-05-24 06:00:00","2026-05-24 07:30:00",false,false,false,"[PREMIUM]","[PREMIUM]","[PREMIUM]","[PREMIUM]","[PREMIUM]","[PREMIUM]",false,true,"5b76fa330e84fa0012a0356a","['6233aa8f4d330c000187d070']","[PREMIUM]","[PREMIUM]"
"697991a700dd60a99b2bcd01","2026-03-02 09:10:44.228","2026-03-15 00:06:14.385","697991a700dd60a99b2bcd01","Decibel Magazine Tour","music","2026-05-23 19:00:00","2026-05-24 00:00:00","2026-05-24 01:30:00",false,false,false,"[PREMIUM]","[PREMIUM]","[PREMIUM]","[PREMIUM]","[PREMIUM]","[PREMIUM]",false,false,"56b39e31f80c410494000002","['63d835f96a68550001f3d44d']","[PREMIUM]","[PREMIUM]"
"697978f9a1595cf9b1453467","2026-03-02 09:10:44.228","2026-03-15 00:06:14.385","697978f9a1595cf9b1453467","Classic Albums Live - Pink Floyd - Dark Side of the Moon","music","2026-05-23 20:00:00","2026-05-24 03:00:00","2026-05-24 03:00:00",false,false,false,"[PREMIUM]","[PREMIUM]","[PREMIUM]","[PREMIUM]","[PREMIUM]","[PREMIUM]",false,true,"66f5dbdc03505a6563df4acc","['66479f3f41d6116558731d26']","[PREMIUM]","[PREMIUM]"
"697978c5f5ff5fb9947be7e7","2026-03-02 09:10:44.228","2026-03-15 00:06:14.385","697978c5f5ff5fb9947be7e7","Purity Ring","music","2026-05-23 20:00:00","2026-05-24 03:00:00","2026-05-24 04:00:00",false,false,false,"[PREMIUM]","[PREMIUM]","[PREMIUM]","[PREMIUM]","[PREMIUM]","[PREMIUM]",false,false,"57e16d3850575d33c89b5081","['57a02966f80c4127e779f505']","[PREMIUM]","[PREMIUM]"
"697940faaefbf804b5a50003","2026-03-02 09:10:44.228","2026-03-15 00:06:21.483","697940faaefbf804b5a50003","Qveen Herby","music","2026-05-24 19:00:00","2026-05-25 01:00:00","2026-05-25 01:00:00",false,false,false,"[PREMIUM]","[PREMIUM]","[PREMIUM]","[PREMIUM]","[PREMIUM]","[PREMIUM]",false,false,"57eaab67cde6626ebe3842d0","['64da586402005c000190b040']","[PREMIUM]","[PREMIUM]"
"69794096043833f502adcc1d","2026-03-02 09:10:44.228","2026-03-15 00:06:21.483","69794096043833f502adcc1d","Pub Choir","music","2026-05-24 17:00:00","2026-05-25 03:00:00","2026-05-25 03:00:00",false,false,false,"[PREMIUM]","[PREMIUM]","[PREMIUM]","[PREMIUM]","[PREMIUM]","[PREMIUM]",false,true,"5b772a321107e000127b1105","['668418c1b704d5b010ffe2df']","[PREMIUM]","[PREMIUM]"
"69793cab100082dae1025a59","2026-03-02 09:10:44.228","2026-03-15 00:06:21.483","69793cab100082dae1025a59","Purity Ring","music","2026-05-24 20:00:00","2026-05-25 03:00:00","2026-05-25 04:00:00",false,false,false,"[PREMIUM]","[PREMIUM]","[PREMIUM]","[PREMIUM]","[PREMIUM]","[PREMIUM]",false,true,"57eaf85ecde6626ebe3ce2ef","['57a02966f80c4127e779f505']","[PREMIUM]","[PREMIUM]"
"697939e2274ca2f6d4176736","2026-03-02 09:10:44.228","2026-03-15 00:06:14.385","697939e2274ca2f6d4176736","Yot Club","music","2026-05-23 20:00:00","2026-05-24 01:00:00","2026-05-24 01:00:00",false,false,false,"[PREMIUM]","[PREMIUM]","[PREMIUM]","[PREMIUM]","[PREMIUM]","[PREMIUM]",false,false,"62a2707ba10296000139f13d","['65c2b038d37768d6b80f2b87']","[PREMIUM]","[PREMIUM]"
"697939521a83c0bd359a3e3b","2026-03-02 09:10:44.228","2026-03-15 00:06:14.385","697939521a83c0bd359a3e3b","Qveen Herby","music","2026-05-23 20:00:00","2026-05-24 02:00:00","2026-05-24 02:00:00",false,false,false,"[PREMIUM]","[PREMIUM]","[PREMIUM]","[PREMIUM]","[PREMIUM]","[PREMIUM]",false,false,"5dcee58119d92f0038f50794","['64da586402005c000190b040']","[PREMIUM]","[PREMIUM]"
"697923af2db2f7b769647e45","2026-03-02 09:10:44.228","2026-03-15 00:06:21.483","697923af2db2f7b769647e45","Leonid and Friends","music","2026-05-24 15:30:00","2026-05-24 19:30:00","2026-05-24 21:00:00",false,false,false,"[PREMIUM]","[PREMIUM]","[PREMIUM]","[PREMIUM]","[PREMIUM]","[PREMIUM]",false,true,"62a26daa66c7390001ed9fda","['6215832d6203aa00015b89f0']","[PREMIUM]","[PREMIUM]"
"69791e1bb0ffea01d206cab2","2026-03-02 09:10:44.228","2026-03-15 00:06:14.385","69791e1bb0ffea01d206cab2","Napalm Death","music","2026-05-23 20:00:00","2026-05-24 00:00:00","2026-05-24 01:30:00",false,false,false,"[PREMIUM]","[PREMIUM]","[PREMIUM]","[PREMIUM]","[PREMIUM]","[PREMIUM]",false,false,"5e4eb8099ebe10003bbc468f","['632e329300bd4500016dfb71']","[PREMIUM]","[PREMIUM]"
"69791db4156f77fec1c61da6","2026-03-02 09:10:44.228","2026-03-15 00:06:14.385","69791db4156f77fec1c61da6","The Black Angels","music","2026-05-23 20:00:00","2026-05-24 00:00:00","2026-05-24 01:00:00",false,false,false,"[PREMIUM]","[PREMIUM]","[PREMIUM]","[PREMIUM]","[PREMIUM]","[PREMIUM]",false,true,"5a29bedfa45907001026a358","['59b3189425f2c53fa02a9605']","[PREMIUM]","[PREMIUM]"
"6978ca4cf01d46ca24c5734f","2026-03-02 09:10:44.228","2026-03-15 00:06:21.483","6978ca4cf01d46ca24c5734f","Just in Time","theater","2026-05-24 14:00:00","2026-05-24 18:00:00","2026-05-24 18:00:00",false,false,false,"[PREMIUM]","[PREMIUM]","[PREMIUM]","[PREMIUM]","[PREMIUM]","[PREMIUM]",false,true,"6628123b0eba398f8d469990","['677d98cbe0e587b1d3ee9d7e']","[PREMIUM]","[PREMIUM]"
"6978ca4cd65e42a43acfc697","2026-03-02 09:10:44.228","2026-03-15 00:06:14.385","6978ca4cd65e42a43acfc697","Just in Time","theater","2026-05-23 20:00:00","2026-05-24 00:00:00","2026-05-24 00:00:00",false,false,false,"[PREMIUM]","[PREMIUM]","[PREMIUM]","[PREMIUM]","[PREMIUM]","[PREMIUM]",false,true,"6628123b0eba398f8d469990","['677d98cbe0e587b1d3ee9d7e']","[PREMIUM]","[PREMIUM]"
"697840e188cad11f3f95626e","2026-03-02 09:10:44.228","2026-03-15 00:06:21.483","697840e188cad11f3f95626e","Sammy Obeid","comedy","2026-05-24 19:00:00","2026-05-25 02:00:00","2026-05-25 02:00:00",false,false,false,"[PREMIUM]","[PREMIUM]","[PREMIUM]","[PREMIUM]","[PREMIUM]","[PREMIUM]",false,false,"612fe6167ac1e20001aab906","['65f9b9d51dc9b2b4cd86cb9d']","[PREMIUM]","[PREMIUM]"
"697840e13f72de18e227c1a5","2026-03-02 09:10:44.228","2026-03-15 00:06:21.483","697840e13f72de18e227c1a5","Sammy Obeid","comedy","2026-05-24 16:00:00","2026-05-24 23:00:00","2026-05-24 23:00:00",false,false,false,"[PREMIUM]","[PREMIUM]","[PREMIUM]","[PREMIUM]","[PREMIUM]","[PREMIUM]",false,false,"612fe6167ac1e20001aab906","['65f9b9d51dc9b2b4cd86cb9d']","[PREMIUM]","[PREMIUM]"
"697822a256dc3ba108c1aed0","2026-03-02 09:10:44.228","2026-03-15 00:06:21.483","697822a256dc3ba108c1aed0","Paul Anka","music","2026-05-24 20:00:00","2026-05-25 03:00:00","2026-05-25 04:30:00",false,false,false,"[PREMIUM]","[PREMIUM]","[PREMIUM]","[PREMIUM]","[PREMIUM]","[PREMIUM]",false,false,"67e31239ea08bd8ee026f685","['5d82911c8322bc00376f786f']","[PREMIUM]","[PREMIUM]"
"697821c3819e693710d3e027","2026-03-02 09:10:44.228","2026-03-15 00:06:14.385","697821c3819e693710d3e027","Paul Anka","music","2026-05-23 20:00:00","2026-05-24 03:00:00","2026-05-24 04:30:00",false,false,false,"[PREMIUM]","[PREMIUM]","[PREMIUM]","[PREMIUM]","[PREMIUM]","[PREMIUM]",false,false,"63eec9d877a1150001c310a4","['5d82911c8322bc00376f786f']","[PREMIUM]","[PREMIUM]"
"697809cc62328521c3983fb1","2026-03-02 09:10:44.228","2026-03-15 00:06:21.483","697809cc62328521c3983fb1","Moulin Rouge! The Musical","theater","2026-05-24 13:30:00","2026-05-24 17:30:00","2026-05-24 19:00:00",false,false,false,"[PREMIUM]","[PREMIUM]","[PREMIUM]","[PREMIUM]","[PREMIUM]","[PREMIUM]",false,false,"58237ceecde6626ebe51114f","['645a7e2034171a0001a810d1']","[PREMIUM]","[PREMIUM]"
"6977d18676d3062919cfd4bd","2026-03-02 09:10:44.228","2026-03-15 00:06:21.483","6977d18676d3062919cfd4bd","Em Beihold","music","2026-05-24 20:00:00","2026-05-25 00:00:00","2026-05-25 00:00:00",false,false,false,"[PREMIUM]","[PREMIUM]","[PREMIUM]","[PREMIUM]","[PREMIUM]","[PREMIUM]",false,false,"57eade5dcde6626ebe3ba5e2","['6525fa5c8d2a62da013c8c87']","[PREMIUM]","[PREMIUM]"
"6977cc4f186323d385ade002","2026-03-02 09:10:44.228","2026-03-15 00:06:21.483","6977cc4f186323d385ade002","The Fray","music","2026-05-24 20:00:00","2026-05-25 02:00:00","2026-05-25 03:00:00",false,false,false,"[PREMIUM]","[PREMIUM]","[PREMIUM]","[PREMIUM]","[PREMIUM]","[PREMIUM]",false,false,"57eaab67cde6626ebe3842d7","['57d85f5ef80c413301ae25bf','584af51df80c4164a37e45f2']","[PREMIUM]","[PREMIUM]"
"6972c913aab4007167bbea18","2026-03-02 09:10:44.228","2026-03-15 00:06:21.483","6972c913aab4007167bbea18","Dallas Renegades at Louisville Kings","xfl","2026-05-24 16:00:00","2026-05-24 20:00:00","2026-05-24 21:30:00",false,false,false,"[PREMIUM]","[PREMIUM]","[PREMIUM]","[PREMIUM]","[PREMIUM]","[PREMIUM]",false,true,"6192fe2db1cf980001d914ab","['698110cf7da2932e978c32ae','5db2012b8018990037d0e6ec']","[PREMIUM]","[PREMIUM]"
"6972c85273775adf441a447f","2026-03-02 09:10:44.228","2026-03-15 00:06:21.483","6972c85273775adf441a447f","St Louis Battlehawks at Houston Gamblers","xfl","2026-05-24 18:00:00","2026-05-24 23:00:00","2026-05-25 00:30:00",false,false,false,"[PREMIUM]","[PREMIUM]","[PREMIUM]","[PREMIUM]","[PREMIUM]","[PREMIUM]",false,false,"53beec013bf376503f000003","['5db20289d10125003ba8e5f3','5db20a8f58a30e0036af1b81']","[PREMIUM]","[PREMIUM]"
"69728edd7aab61561a31a337","2026-03-02 09:10:44.228","2026-03-15 00:06:14.385","69728edd7aab61561a31a337","Robert Lester Folsom","music","2026-05-23 20:00:00","2026-05-24 02:00:00","2026-05-24 02:00:00",false,false,false,"[PREMIUM]","[PREMIUM]","[PREMIUM]","[PREMIUM]","[PREMIUM]","[PREMIUM]",false,true,"5d264e0bc83832001a9d7a80","['68e55b9bfc7beaf6b6188bc8']","[PREMIUM]","[PREMIUM]"
"69728975e4e37a1d12d563a0","2026-03-02 09:10:44.228","2026-03-15 00:06:14.385","69728975e4e37a1d12d563a0","San Jose Earthquakes II at North Texas SC","mils","2026-05-23 19:30:00","2026-05-24 00:30:00","2026-05-24 02:00:00",false,false,false,"[PREMIUM]","[PREMIUM]","[PREMIUM]","[PREMIUM]","[PREMIUM]","[PREMIUM]",false,true,"697389b2519f1ca705ae2b5c","['6232518834c4420001aeb0fa','6238d7bf2ad6760001a19068']","[PREMIUM]","[PREMIUM]"
"69721a0e5b6ff771d8e2ef6f","2026-03-02 09:10:44.228","2026-03-15 00:06:14.385","69721a0e5b6ff771d8e2ef6f","Live, Lit, Laughter Comedy Jam","comedy","2026-05-23 20:00:00","2026-05-24 00:00:00","2026-05-24 01:30:00",false,false,false,"[PREMIUM]","[PREMIUM]","[PREMIUM]","[PREMIUM]","[PREMIUM]","[PREMIUM]",false,false,"578ff79bf80c413be08cd601","['5e20f4997b9e7c0039cc0f28']","[PREMIUM]","[PREMIUM]"
"6971909088ac16171b1023fb","2026-03-02 09:10:44.228","2026-03-15 00:06:21.483","6971909088ac16171b1023fb","Dallas Wings at New York Liberty","wnba","2026-05-24 15:30:00","2026-05-24 19:30:00","2026-05-24 21:00:00",false,false,false,"[PREMIUM]","[PREMIUM]","[PREMIUM]","[PREMIUM]","[PREMIUM]","[PREMIUM]",false,false,"531fd9073bf3767196000002","['5967f08325f2c52b597fb01c','596e68be25f2c5255b19e012']","[PREMIUM]","[PREMIUM]"
"69718fc3de0409e5e4a11892","2026-03-02 09:10:44.228","2026-03-15 00:06:21.483","69718fc3de0409e5e4a11892","Phoenix Mercury at Atlanta Dream","wnba","2026-05-24 15:00:00","2026-05-24 19:00:00","2026-05-24 20:30:00",false,false,false,"[PREMIUM]","[PREMIUM]","[PREMIUM]","[PREMIUM]","[PREMIUM]","[PREMIUM]",false,false,"60b7ee5897775b0001b38bfe","['596e68be25f2c5255b19e016','5967f08325f2c52b597fb024']","[PREMIUM]","[PREMIUM]"
"69718f780249fcb747dcdcaf","2026-03-02 09:10:44.228","2026-03-15 00:06:21.483","69718f780249fcb747dcdcaf","Huntsville City FC at Chicago Fire FC II","mils","2026-05-24 15:00:00","2026-05-24 20:00:00","2026-05-24 21:30:00",false,false,false,"[PREMIUM]","[PREMIUM]","[PREMIUM]","[PREMIUM]","[PREMIUM]","[PREMIUM]",false,false,"538794ad21efd360b1000005","['623b8f4311753a0001a1ab37','642cbb7b86394e00014c9b03']","[PREMIUM]","[PREMIUM]"
"69718ec53ac5c5b7fca02ce3","2026-03-02 09:10:44.228","2026-03-15 00:06:21.483","69718ec53ac5c5b7fca02ce3","The Afghan Whigs","music","2026-05-24 18:30:00","2026-05-25 01:30:00","2026-05-25 02:30:00",false,false,false,"[PREMIUM]","[PREMIUM]","[PREMIUM]","[PREMIUM]","[PREMIUM]","[PREMIUM]",false,true,"5e4eb9c2077d740038fcfdfb","['590cb59af80c4163cd951473']","[PREMIUM]","[PREMIUM]"
"69718e23762fd6c8bd37da4d","2026-03-02 09:10:44.228","2026-03-15 00:06:14.385","69718e23762fd6c8bd37da4d","Houston Dynamo 2 at Portland Timbers 2","mils","2026-05-24 13:00:00","2026-05-24 20:00:00","2026-05-24 21:30:00",false,false,false,"[PREMIUM]","[PREMIUM]","[PREMIUM]","[PREMIUM]","[PREMIUM]","[PREMIUM]",false,false,"542f261e3bf37665b8000001","['5a94592425f2c54fdef92ecc','6232588486cc8c0001568341']","[PREMIUM]","[PREMIUM]"
"69718e0f7b979bb8f42a18f0","2026-03-02 09:10:44.228","2026-03-15 00:06:21.483","69718e0f7b979bb8f42a18f0","Toronto FC II at Columbus Crew 2","mils","2026-05-24 20:00:00","2026-05-25 00:00:00","2026-05-25 01:30:00",false,false,false,"[PREMIUM]","[PREMIUM]","[PREMIUM]","[PREMIUM]","[PREMIUM]","[PREMIUM]",false,false,"60da3f2e9eeeb0000118f396","['623b8fdcf807a90001c3adc1','623b916815687500014fafec']","[PREMIUM]","[PREMIUM]"
"69718da9e162f3c64d7edae5","2026-03-02 09:10:44.228","2026-03-15 00:06:21.483","69718da9e162f3c64d7edae5","Washington Mystics at Seattle Storm","wnba","2026-05-24 15:00:00","2026-05-24 22:00:00","2026-05-24 22:45:00",false,false,false,"[PREMIUM]","[PREMIUM]","[PREMIUM]","[PREMIUM]","[PREMIUM]","[PREMIUM]",false,false,"5605e88bf80c416833000001","['59321f2a25f2c5142b9c19f6','5967f08325f2c52b597fb02a']","[PREMIUM]","[PREMIUM]"
"69718d8f8e832ecf94bd3924","2026-03-02 09:10:44.228","2026-03-15 00:06:21.483","69718d8f8e832ecf94bd3924","Colorado Rapids 2 at Minnesota United FC 2","mils","2026-05-24 14:00:00","2026-05-24 19:00:00","2026-05-24 20:30:00",false,false,false,"[PREMIUM]","[PREMIUM]","[PREMIUM]","[PREMIUM]","[PREMIUM]","[PREMIUM]",false,false,"556cc2d14678da7a65000002","['623258e77bbae0000119100e','622159472c30400001668f82']","[PREMIUM]","[PREMIUM]"
"69718cfae670d526d68589d0","2026-03-02 09:10:44.228","2026-03-15 00:06:14.385","69718cfae670d526d68589d0","Prince Daddy and The Hyena","music","2026-05-23 20:00:00","2026-05-24 02:00:00","2026-05-24 03:30:00",false,false,false,"[PREMIUM]","[PREMIUM]","[PREMIUM]","[PREMIUM]","[PREMIUM]","[PREMIUM]",false,true,"5a20531c1a3204000fbdd8e4","['61e9c808d7c091000152d7c2']","[PREMIUM]","[PREMIUM]"
"69718cc55b47465d0c41df5a","2026-03-02 09:10:44.228","2026-03-15 00:06:21.483","69718cc55b47465d0c41df5a","Citizen Soldier","music","2026-05-24 18:00:00","2026-05-24 22:00:00","2026-05-24 22:00:00",false,false,false,"[PREMIUM]","[PREMIUM]","[PREMIUM]","[PREMIUM]","[PREMIUM]","[PREMIUM]",false,true,"65fe0d3c5b5870eecba14c2b","['656901937ca58d8f34b235fe']","[PREMIUM]","[PREMIUM]"
"69718bbd680318e16b770e94","2026-03-02 09:10:44.228","2026-03-15 00:06:21.483","69718bbd680318e16b770e94","Carolina Core FC at Chattanooga FC","mils","2026-05-24 15:00:00","2026-05-24 19:00:00","2026-05-24 19:00:00",false,false,false,"[PREMIUM]","[PREMIUM]","[PREMIUM]","[PREMIUM]","[PREMIUM]","[PREMIUM]",false,true,"69726b4e4e4fb730c101dbaa","['65fdae2791c70456413be2d9','65fc688fce8b53244e08ef39']","[PREMIUM]","[PREMIUM]"
"69718b9afdbab677d11d6df6","2026-03-02 09:10:44.228","2026-03-15 00:06:21.483","69718b9afdbab677d11d6df6","Real Monarchs at Vancouver Whitecaps FC 2","mils","2026-05-24 16:00:00","2026-05-24 23:00:00","2026-05-25 00:30:00",false,false,false,"[PREMIUM]","[PREMIUM]","[PREMIUM]","[PREMIUM]","[PREMIUM]","[PREMIUM]",false,true,"6972663aa6c8e4f80dc1387d","['6238d88df54f360001e4b0b0','5a94592425f2c54fdef92ec4']","[PREMIUM]","[PREMIUM]"
"69718b7e39bcc426ebcbe48d","2026-03-02 09:10:44.228","2026-03-15 00:06:21.483","69718b7e39bcc426ebcbe48d","Connecticut United FC at New York Red Bulls II","usl","2026-05-24 19:00:00","2026-05-24 23:00:00","2026-05-25 00:30:00",false,false,false,"[PREMIUM]","[PREMIUM]","[PREMIUM]","[PREMIUM]","[PREMIUM]","[PREMIUM]",false,false,"592f1dcc9da0d48c0d61425e","['592f1e4f25f2c51a7397b3f9','69722eb338b93b9093542269']","[PREMIUM]","[PREMIUM]"
"69718b2b680318e16b770e7b","2026-03-02 09:10:44.228","2026-03-15 00:06:21.483","69718b2b680318e16b770e7b","Inter Miami CF II at Orlando City B","mils","2026-05-24 19:00:00","2026-05-24 23:00:00","2026-05-25 00:30:00",false,false,false,"[PREMIUM]","[PREMIUM]","[PREMIUM]","[PREMIUM]","[PREMIUM]","[PREMIUM]",false,false,"61c3990bd1f73e0001d14df7","['592f1e4f25f2c51a7397b401','623b905c39cfc0000147f109']","[PREMIUM]","[PREMIUM]"
"697189911fec7a6174ffffd2","2026-03-02 09:10:44.228","2026-03-15 00:06:21.483","697189911fec7a6174ffffd2","Protoje","music","2026-05-24 19:00:00","2026-05-24 23:00:00","2026-05-25 00:30:00",false,false,false,"[PREMIUM]","[PREMIUM]","[PREMIUM]","[PREMIUM]","[PREMIUM]","[PREMIUM]",false,true,"6737d4e5904537a58a562a72","['62ed8362c0033f00012ff28c']","[PREMIUM]","[PREMIUM]"
"697155103ac5c5b7fca01d46","2026-03-02 09:10:44.228","2026-03-15 00:06:14.385","697155103ac5c5b7fca01d46","Bill Charlap Trio","music","2026-05-23 22:30:00","2026-05-24 02:30:00","2026-05-24 02:30:00",false,false,false,"[PREMIUM]","[PREMIUM]","[PREMIUM]","[PREMIUM]","[PREMIUM]","[PREMIUM]",false,true,"65fe09690c368400736e58e0","['6626e387089d85ba0c4090ec']","[PREMIUM]","[PREMIUM]"
"6971550b88ac16171b10147b","2026-03-02 09:10:44.228","2026-03-15 00:06:14.385","6971550b88ac16171b10147b","Jay Pharoah","comedy","2026-05-23 21:00:00","2026-05-24 01:00:00","2026-05-24 02:30:00",false,false,false,"[PREMIUM]","[PREMIUM]","[PREMIUM]","[PREMIUM]","[PREMIUM]","[PREMIUM]",false,true,"63c88316c049490001883a08","['5e1cd8c1a71fd2003b36d405']","[PREMIUM]","[PREMIUM]"
"697154777c3ad2d4cc438ead","2026-03-02 09:10:44.228","2026-03-15 00:06:14.385","697154777c3ad2d4cc438ead","Beaches The Musical","music","2026-05-23 20:00:00","2026-05-24 00:00:00","2026-05-24 01:30:00",false,false,false,"[PREMIUM]","[PREMIUM]","[PREMIUM]","[PREMIUM]","[PREMIUM]","[PREMIUM]",false,true,"5a6a6d8c87425e000fa260b6","['61ccad8a7cacb4000136abd7']","[PREMIUM]","[PREMIUM]"
"69715473df642ca8f181302e","2026-03-02 09:10:44.228","2026-03-15 00:06:21.483","69715473df642ca8f181302e","Beaches The Musical","music","2026-05-24 15:00:00","2026-05-24 19:00:00","2026-05-24 20:30:00",false,false,false,"[PREMIUM]","[PREMIUM]","[PREMIUM]","[PREMIUM]","[PREMIUM]","[PREMIUM]",false,true,"5a6a6d8c87425e000fa260b6","['61ccad8a7cacb4000136abd7']","[PREMIUM]","[PREMIUM]"
"6971545071e21fe8ed58c37b","2026-03-02 09:10:44.228","2026-03-15 00:06:14.385","6971545071e21fe8ed58c37b","Rumours - The Ultimate Fleetwood Mac Tribute Show","music","2026-05-23 20:00:00","2026-05-24 03:00:00","2026-05-24 04:00:00",false,false,false,"[PREMIUM]","[PREMIUM]","[PREMIUM]","[PREMIUM]","[PREMIUM]","[PREMIUM]",false,true,"64c01fc76a299b0001dd4281","['5a46c51825f2c57ea7e76027']","[PREMIUM]","[PREMIUM]"
"69715223434e2bfaf649bb0e","2026-03-02 09:10:44.228","2026-03-15 00:06:21.483","69715223434e2bfaf649bb0e","Fit For A King","music","2026-05-24 19:00:00","2026-05-24 23:00:00","2026-05-25 00:00:00",false,false,false,"[PREMIUM]","[PREMIUM]","[PREMIUM]","[PREMIUM]","[PREMIUM]","[PREMIUM]",false,true,"67f58e318b431a5e5dd2351f","['59efda0025f2c561a73e7644']","[PREMIUM]","[PREMIUM]"
"69715213a643408dc359b2f3","2026-03-02 09:10:44.228","2026-03-15 00:06:21.483","69715213a643408dc359b2f3","KSHMR (21+ Event)","music","2026-05-24 21:00:00","2026-05-25 04:00:00","2026-05-25 05:00:00",false,false,false,"[PREMIUM]","[PREMIUM]","[PREMIUM]","[PREMIUM]","[PREMIUM]","[PREMIUM]",false,false,"613286ce8faa5d0001d0a079","['5a14615c25f2c5629fec9dad']","[PREMIUM]","[PREMIUM]"
"69703b435b6ff771d8e2709a","2026-03-02 09:10:44.228","2026-03-15 00:06:14.385","69703b435b6ff771d8e2709a","Penn and Teller","theater","2026-05-23 20:00:00","2026-05-24 03:00:00","2026-05-24 03:00:00",false,false,false,"[PREMIUM]","[PREMIUM]","[PREMIUM]","[PREMIUM]","[PREMIUM]","[PREMIUM]",false,false,"61c11c63a18b1100016eac31","['6639380eefe0cbd2dcc5d89e']","[PREMIUM]","[PREMIUM]"
"69703b420249fcb747dc766e","2026-03-02 09:10:44.228","2026-03-15 00:06:21.483","69703b420249fcb747dc766e","Penn and Teller","theater","2026-05-24 20:00:00","2026-05-25 03:00:00","2026-05-25 03:00:00",false,false,false,"[PREMIUM]","[PREMIUM]","[PREMIUM]","[PREMIUM]","[PREMIUM]","[PREMIUM]",false,false,"61c11c63a18b1100016eac31","['6639380eefe0cbd2dcc5d89e']","[PREMIUM]","[PREMIUM]"
"697037147b979bb8f429b36a","2026-03-02 09:10:44.228","2026-03-15 00:06:21.483","697037147b979bb8f429b36a","Katelyn Tarver","music","2026-05-24 19:00:00","2026-05-25 02:00:00","2026-05-25 02:00:00",false,false,false,"[PREMIUM]","[PREMIUM]","[PREMIUM]","[PREMIUM]","[PREMIUM]","[PREMIUM]",false,true,"5c6309975204840016e4c4b2","['647f6133857be20001d720be']","[PREMIUM]","[PREMIUM]"
"696f7599a99ed170967c379d","2026-03-02 09:10:44.228","2026-03-15 00:06:14.385","696f7599a99ed170967c379d","Ain't Too Proud","theater","2026-05-23 20:00:00","2026-05-24 00:00:00","2026-05-24 01:30:00",false,false,false,"[PREMIUM]","[PREMIUM]","[PREMIUM]","[PREMIUM]","[PREMIUM]","[PREMIUM]",false,false,"6841f307599456f1f55cfe3e","['5df7f68b73d98c00372d499e']","[PREMIUM]","[PREMIUM]"
"696f75994a780db1d4f24c68","2026-03-02 09:10:44.228","2026-03-15 00:06:21.483","696f75994a780db1d4f24c68","Ain't Too Proud","theater","2026-05-24 14:00:00","2026-05-24 18:00:00","2026-05-24 19:30:00",false,false,false,"[PREMIUM]","[PREMIUM]","[PREMIUM]","[PREMIUM]","[PREMIUM]","[PREMIUM]",false,false,"6841f307599456f1f55cfe3e","['5df7f68b73d98c00372d499e']","[PREMIUM]","[PREMIUM]"
"696ecffc382599bae0c336e8","2026-03-02 09:10:44.228","2026-03-15 00:06:21.483","696ecffc382599bae0c336e8","Paw Patrol Live - Heroes Unite","theater","2026-05-24 14:00:00","2026-05-24 20:00:00","2026-05-24 21:00:00",false,false,false,"[PREMIUM]","[PREMIUM]","[PREMIUM]","[PREMIUM]","[PREMIUM]","[PREMIUM]",false,false,"644af5b8c07d6900012c86e2","['58093255f80c41711f31225c']","[PREMIUM]","[PREMIUM]"
"696e25768e832ecf94bc4ceb","2026-03-02 09:10:44.228","2026-03-15 00:06:14.385","696e25768e832ecf94bc4ceb","Rene Vaca","comedy","2026-05-23 21:15:00","2026-05-24 01:15:00","2026-05-24 02:45:00",false,false,false,"[PREMIUM]","[PREMIUM]","[PREMIUM]","[PREMIUM]","[PREMIUM]","[PREMIUM]",false,true,"63c87971044d22000160e516","['63bde797bd32d600017a7c34']","[PREMIUM]","[PREMIUM]"
"696d6273be133370aa20494f","2026-03-02 09:10:44.228","2026-03-15 00:06:14.385","696d6273be133370aa20494f","The Hip Hop Recall","music","2026-05-23 20:00:00","2026-05-24 01:00:00","2026-05-24 01:00:00",false,false,false,"[PREMIUM]","[PREMIUM]","[PREMIUM]","[PREMIUM]","[PREMIUM]","[PREMIUM]",false,true,"68373e1c790d61f3e6765c0d","['67894a684e4dbc9489b59d37']","[PREMIUM]","[PREMIUM]"
"696d607d77ad89bbabc8bf5f","2026-03-02 09:10:44.228","2026-03-15 00:06:14.385","696d607d77ad89bbabc8bf5f","BigXthaPlug","music","2026-05-23 22:30:00","2026-05-24 05:30:00","2026-05-24 05:30:00",false,false,false,"[PREMIUM]","[PREMIUM]","[PREMIUM]","[PREMIUM]","[PREMIUM]","[PREMIUM]",false,true,"65ab180b0e9f23babe254220","['6698211aa3de9e30c1c6a897']","[PREMIUM]","[PREMIUM]"
"696d5e6e52c1befd1a1571a0","2026-03-02 09:10:44.228","2026-03-15 00:06:14.385","696d5e6e52c1befd1a1571a0","Jeff Dunham","comedy","2026-05-23 20:00:00","2026-05-24 01:00:00","2026-05-24 02:00:00",false,false,false,"[PREMIUM]","[PREMIUM]","[PREMIUM]","[PREMIUM]","[PREMIUM]","[PREMIUM]",false,true,"68261f9707cb4ed6107a4e7b","['58f69027f80c41508c8920a9']","[PREMIUM]","[PREMIUM]"
"696d5c598e832ecf94bc2e1d","2026-03-02 09:10:44.228","2026-03-15 00:06:14.385","696d5c598e832ecf94bc2e1d","Josh Wolf","comedy","2026-05-23 20:45:00","2026-05-24 00:45:00","2026-05-24 02:15:00",false,false,false,"[PREMIUM]","[PREMIUM]","[PREMIUM]","[PREMIUM]","[PREMIUM]","[PREMIUM]",false,true,"63c883c8ab09a60001d76f76","['61fc5af48e648a000188cae4']","[PREMIUM]","[PREMIUM]"
"696d5c18f87aabcb403750bb","2026-03-02 09:10:44.228","2026-03-15 00:06:21.483","696d5c18f87aabcb403750bb","The Manhattans Featuring Gerald Alston","music","2026-05-24 19:30:00","2026-05-24 23:30:00","2026-05-24 23:30:00",false,false,false,"[PREMIUM]","[PREMIUM]","[PREMIUM]","[PREMIUM]","[PREMIUM]","[PREMIUM]",false,true,"64138a808d444a0001030f52","['68278df40e69a63b40cc9074']","[PREMIUM]","[PREMIUM]"
"696a84c665104d4b1856073b","2026-03-02 09:10:44.228","2026-03-15 00:06:14.385","696a84c665104d4b1856073b","Steve Aoki","music","2026-05-23 22:30:00","2026-05-24 05:30:00","2026-05-24 06:30:00",false,false,false,"[PREMIUM]","[PREMIUM]","[PREMIUM]","[PREMIUM]","[PREMIUM]","[PREMIUM]",false,false,"65ab170dc542b45e7ed43b82","['58055aa4f80c411ec1c76a7d']","[PREMIUM]","[PREMIUM]"
"6969a5d2cdf6d88315f96b76","2026-03-02 09:10:44.228","2026-03-15 00:06:14.385","6969a5d2cdf6d88315f96b76","Northern Arizona Wranglers at San Diego Strike Force","afl","2026-05-23 21:00:00","2026-05-24 04:00:00","2026-05-24 05:30:00",false,false,false,"[PREMIUM]","[PREMIUM]","[PREMIUM]","[PREMIUM]","[PREMIUM]","[PREMIUM]",false,false,"66ba949809f01db3771b2171","['5e504b7c77734c003bcdf1dc','61e9fc1e4f2d2500017dcc03']","[PREMIUM]","[PREMIUM]"
"696988728e7737253e2b4fd9","2026-03-02 09:10:44.228","2026-03-15 00:06:21.483","696988728e7737253e2b4fd9","Orlando Pride at San Diego Wave FC","nwsl","2026-05-24 16:00:00","2026-05-24 23:00:00","2026-05-25 00:30:00",false,false,false,"[PREMIUM]","[PREMIUM]","[PREMIUM]","[PREMIUM]","[PREMIUM]","[PREMIUM]",false,false,"62cc81b8fcd74700019ad72b","['62214493f04cb6000180b36a','5cc334381ec01400161d0d4c']","[PREMIUM]","[PREMIUM]"
"696982cfcda91921c297336e","2026-03-02 09:10:44.228","2026-03-15 00:06:14.385","696982cfcda91921c297336e","Portland Thorns FC at Kansas City Current","nwsl","2026-05-24 12:00:00","2026-05-24 17:00:00","2026-05-24 18:30:00",false,false,false,"[PREMIUM]","[PREMIUM]","[PREMIUM]","[PREMIUM]","[PREMIUM]","[PREMIUM]",false,false,"65d540b49d9d359abeb5e7d9","['6204629f4084930001337e66','5cc32dfd9841e40015e1e594']","[PREMIUM]","[PREMIUM]"
"69696de831e3a74db6da457a","2026-03-02 09:10:44.228","2026-03-15 00:06:14.385","69696de831e3a74db6da457a","Angel City FC at Houston Dash","nwsl","2026-05-23 19:45:00","2026-05-24 00:45:00","2026-05-24 01:30:00",false,false,false,"[PREMIUM]","[PREMIUM]","[PREMIUM]","[PREMIUM]","[PREMIUM]","[PREMIUM]",false,false,"53beec013bf376503f000003","['5cc337d9a9f4d100146b5a94','622146d3396ca20001d84a65']","[PREMIUM]","[PREMIUM]"
"69696d44f96921a77291898d","2026-03-02 09:10:44.228","2026-03-15 00:06:21.483","69696d44f96921a77291898d","Chicago Stars FC at Bay FC","nwsl","2026-05-24 14:00:00","2026-05-24 21:00:00","2026-05-24 21:00:00",false,false,false,"[PREMIUM]","[PREMIUM]","[PREMIUM]","[PREMIUM]","[PREMIUM]","[PREMIUM]",false,false,"54b089da3bf3766905000001","['65b03be1825e7e708be8fd8f','5cc33414383734001a5eab3e']","[PREMIUM]","[PREMIUM]"
"69696af165104d4b1855c698","2026-03-02 09:10:44.228","2026-03-15 00:06:14.385","69696af165104d4b1855c698","Sophie Buddle","comedy","2026-05-23 20:30:00","2026-05-24 03:30:00","2026-05-24 03:30:00",false,false,false,"[PREMIUM]","[PREMIUM]","[PREMIUM]","[PREMIUM]","[PREMIUM]","[PREMIUM]",false,true,"62a27115317ffd00014aa536","['650c92a229730100013ae4bb']","[PREMIUM]","[PREMIUM]"
"69696af10eda77b077239204","2026-03-02 09:10:44.228","2026-03-15 00:06:21.483","69696af10eda77b077239204","Sophie Buddle","comedy","2026-05-24 18:00:00","2026-05-25 01:00:00","2026-05-25 01:00:00",false,false,false,"[PREMIUM]","[PREMIUM]","[PREMIUM]","[PREMIUM]","[PREMIUM]","[PREMIUM]",false,true,"62a27115317ffd00014aa536","['650c92a229730100013ae4bb']","[PREMIUM]","[PREMIUM]"
"69696ac2a8c4d36e550af1d6","2026-03-02 09:10:44.228","2026-03-15 00:06:21.483","69696ac2a8c4d36e550af1d6","David Copperfield","theater","2026-05-24 21:30:00","2026-05-25 04:30:00","2026-05-25 04:30:00",false,false,false,"[PREMIUM]","[PREMIUM]","[PREMIUM]","[PREMIUM]","[PREMIUM]","[PREMIUM]",false,true,"6669d65bd266cd12a7c3858a","['66bfb198158d59af1bb40717']","[PREMIUM]","[PREMIUM]"
"69696ac1824be7e1433be13d","2026-03-02 09:10:44.228","2026-03-15 00:06:14.385","69696ac1824be7e1433be13d","David Copperfield","theater","2026-05-23 21:30:00","2026-05-24 04:30:00","2026-05-24 04:30:00",false,false,false,"[PREMIUM]","[PREMIUM]","[PREMIUM]","[PREMIUM]","[PREMIUM]","[PREMIUM]",false,true,"6669d65bd266cd12a7c3858a","['66bfb198158d59af1bb40717']","[PREMIUM]","[PREMIUM]"
"69696abfd1b365b6224a21a5","2026-03-02 09:10:44.228","2026-03-15 00:06:21.483","69696abfd1b365b6224a21a5","David Copperfield","theater","2026-05-24 19:00:00","2026-05-25 02:00:00","2026-05-25 02:00:00",false,false,false,"[PREMIUM]","[PREMIUM]","[PREMIUM]","[PREMIUM]","[PREMIUM]","[PREMIUM]",false,true,"6669d65bd266cd12a7c3858a","['66bfb198158d59af1bb40717']","[PREMIUM]","[PREMIUM]"
"696966d1ef49d79d5dfb93d3","2026-03-02 09:10:44.228","2026-03-15 00:06:14.385","696966d1ef49d79d5dfb93d3","KSHMR","music","2026-05-23 20:00:00","2026-05-24 03:00:00","2026-05-24 04:00:00",false,false,false,"[PREMIUM]","[PREMIUM]","[PREMIUM]","[PREMIUM]","[PREMIUM]","[PREMIUM]",false,false,"56345e97f80c413454000001","['5a14615c25f2c5629fec9dad']","[PREMIUM]","[PREMIUM]"
"69692b5116096b988d7cc38c","2026-03-02 09:10:44.228","2026-03-15 00:06:14.385","69692b5116096b988d7cc38c","Pitbull","music","2026-05-23 20:00:00","2026-05-24 01:00:00","2026-05-24 02:00:00",false,false,false,"[PREMIUM]","[PREMIUM]","[PREMIUM]","[PREMIUM]","[PREMIUM]","[PREMIUM]",false,false,"56f1ad89f80c415330000001","['56b4e7dbf80c4170ca000002']","[PREMIUM]","[PREMIUM]"
"6967e131b85e375f1f0e40dc","2026-03-02 09:10:44.228","2026-03-15 00:06:14.385","6967e131b85e375f1f0e40dc","Sebastian Maniscalco","comedy","2026-05-23 19:30:00","2026-05-24 02:30:00","2026-05-24 03:30:00",false,false,false,"[PREMIUM]","[PREMIUM]","[PREMIUM]","[PREMIUM]","[PREMIUM]","[PREMIUM]",false,false,"60e5dfc02e31c8000133bdca","['580a878af80c416571be5093']","[PREMIUM]","[PREMIUM]"
"6967e1318343781d514cc077","2026-03-02 09:10:44.228","2026-03-15 00:06:14.385","6967e1318343781d514cc077","Sebastian Maniscalco","comedy","2026-05-23 22:30:00","2026-05-24 05:30:00","2026-05-24 06:30:00",false,false,false,"[PREMIUM]","[PREMIUM]","[PREMIUM]","[PREMIUM]","[PREMIUM]","[PREMIUM]",false,false,"60e5dfc02e31c8000133bdca","['580a878af80c416571be5093']","[PREMIUM]","[PREMIUM]"
"6967e13126e39d8c6983a9ce","2026-03-02 09:10:44.228","2026-03-15 00:06:21.483","6967e13126e39d8c6983a9ce","Sebastian Maniscalco","comedy","2026-05-24 19:30:00","2026-05-25 02:30:00","2026-05-25 03:30:00",false,false,false,"[PREMIUM]","[PREMIUM]","[PREMIUM]","[PREMIUM]","[PREMIUM]","[PREMIUM]",false,false,"60e5dfc02e31c8000133bdca","['580a878af80c416571be5093']","[PREMIUM]","[PREMIUM]"
"6967debb72a6c67a565e061e","2026-03-02 09:10:44.228","2026-03-15 00:06:14.385","6967debb72a6c67a565e061e","Grupo Bryndis","music","2026-05-23 20:00:00","2026-05-24 01:00:00","2026-05-24 01:00:00",false,false,false,"[PREMIUM]","[PREMIUM]","[PREMIUM]","[PREMIUM]","[PREMIUM]","[PREMIUM]",false,false,"598c8b2c9da0d48c0db1879c","['6558007e37a4c81a664fae5c']","[PREMIUM]","[PREMIUM]"
"6967dd5efdaa505f164067fb","2026-03-02 09:10:44.228","2026-03-15 00:06:14.385","6967dd5efdaa505f164067fb","Jason Cheny","comedy","2026-05-23 21:00:00","2026-05-24 02:00:00","2026-05-24 02:00:00",false,false,false,"[PREMIUM]","[PREMIUM]","[PREMIUM]","[PREMIUM]","[PREMIUM]","[PREMIUM]",false,true,"64418ed31da1df00012fd55d","['64c2c0b4978fb60001c58fb2']","[PREMIUM]","[PREMIUM]"
"6967dd5ea1852c2070b81dfa","2026-03-02 09:10:44.228","2026-03-15 00:06:21.483","6967dd5ea1852c2070b81dfa","Jason Cheny","comedy","2026-05-24 18:00:00","2026-05-24 23:00:00","2026-05-24 23:00:00",false,false,false,"[PREMIUM]","[PREMIUM]","[PREMIUM]","[PREMIUM]","[PREMIUM]","[PREMIUM]",false,true,"64418ed31da1df00012fd55d","['64c2c0b4978fb60001c58fb2']","[PREMIUM]","[PREMIUM]"
"6967dd4cf7faf37a38087601","2026-03-02 09:10:44.228","2026-03-15 00:06:21.483","6967dd4cf7faf37a38087601","Cold","music","2026-05-24 19:00:00","2026-05-24 23:00:00","2026-05-25 00:30:00",false,false,false,"[PREMIUM]","[PREMIUM]","[PREMIUM]","[PREMIUM]","[PREMIUM]","[PREMIUM]",false,false,"57e16af750575d33c89b402e","['63912d7cb52e1a00010d00c8']","[PREMIUM]","[PREMIUM]"
"6967dcf88343781d514cbf08","2026-03-02 09:10:44.228","2026-03-15 00:06:21.483","6967dcf88343781d514cbf08","Becky Robinson","comedy","2026-05-24 19:30:00","2026-05-24 23:30:00","2026-05-25 01:00:00",false,false,false,"[PREMIUM]","[PREMIUM]","[PREMIUM]","[PREMIUM]","[PREMIUM]","[PREMIUM]",false,false,"630e814929ffa70001b0cd92","['61ae66e9f83581000118382f']","[PREMIUM]","[PREMIUM]"
"6967dc9b59780209a2321b8a","2026-03-02 09:10:44.228","2026-03-15 00:06:21.483","6967dc9b59780209a2321b8a","Inner Wave and  Los Mesoneros","music","2026-05-24 20:00:00","2026-05-25 03:00:00","2026-05-25 04:30:00",false,false,false,"[PREMIUM]","[PREMIUM]","[PREMIUM]","[PREMIUM]","[PREMIUM]","[PREMIUM]",false,false,"57e31d1450575d33c8a5fb77","['615b7d938b6a7e0001439a61']","[PREMIUM]","[PREMIUM]"
"69666cfcf7faf37a3807bf8c","2026-03-02 09:10:44.228","2026-03-15 00:06:21.483","69666cfcf7faf37a3807bf8c","BTS","music","2026-05-24 20:00:00","2026-05-25 03:00:00","2026-05-25 04:00:00",false,false,false,"[PREMIUM]","[PREMIUM]","[PREMIUM]","[PREMIUM]","[PREMIUM]","[PREMIUM]",false,false,"5e20e1435954cd0037edff98","['5852e15ef80c413c0f695201']","[PREMIUM]","[PREMIUM]"
"69666cd8fdaa505f163fb4ec","2026-03-02 09:10:44.228","2026-03-15 00:06:14.385","69666cd8fdaa505f163fb4ec","BTS","music","2026-05-23 20:00:00","2026-05-24 03:00:00","2026-05-24 04:00:00",false,false,false,"[PREMIUM]","[PREMIUM]","[PREMIUM]","[PREMIUM]","[PREMIUM]","[PREMIUM]",false,false,"5e20e1435954cd0037edff98","['5852e15ef80c413c0f695201']","[PREMIUM]","[PREMIUM]"
"69657372f75af13115b5ded2","2026-03-02 09:10:44.228","2026-03-15 00:06:21.483","69657372f75af13115b5ded2","Titanique","theater","2026-05-24 18:30:00","2026-05-24 22:30:00","2026-05-24 22:30:00",false,false,false,"[PREMIUM]","[PREMIUM]","[PREMIUM]","[PREMIUM]","[PREMIUM]","[PREMIUM]",false,false,"5ac649c9f5c17b001430f6fc","['664d073358cacf465c222213']","[PREMIUM]","[PREMIUM]"
"69657371e14fdfec64c83298","2026-03-02 09:10:44.228","2026-03-15 00:06:14.385","69657371e14fdfec64c83298","Titanique","theater","2026-05-23 20:00:00","2026-05-24 00:00:00","2026-05-24 00:00:00",false,false,false,"[PREMIUM]","[PREMIUM]","[PREMIUM]","[PREMIUM]","[PREMIUM]","[PREMIUM]",false,false,"5ac649c9f5c17b001430f6fc","['664d073358cacf465c222213']","[PREMIUM]","[PREMIUM]"
"69657370069f264d4c693459","2026-03-02 09:10:44.228","2026-03-15 00:06:21.483","69657370069f264d4c693459","Titanique","theater","2026-05-24 14:00:00","2026-05-24 18:00:00","2026-05-24 18:00:00",false,false,false,"[PREMIUM]","[PREMIUM]","[PREMIUM]","[PREMIUM]","[PREMIUM]","[PREMIUM]",false,false,"5ac649c9f5c17b001430f6fc","['664d073358cacf465c222213']","[PREMIUM]","[PREMIUM]"
"6965655ff7faf37a38076b73","2026-03-02 09:10:44.228","2026-03-15 00:06:14.385","6965655ff7faf37a38076b73","& Juliet","theater","2026-05-23 19:30:00","2026-05-23 23:30:00","2026-05-23 23:30:00",false,false,false,"[PREMIUM]","[PREMIUM]","[PREMIUM]","[PREMIUM]","[PREMIUM]","[PREMIUM]",false,false,"6619b40b5ea49b643d5f9e30","['648b490a85ab3300016fc5df']","[PREMIUM]","[PREMIUM]"
"6965655f19176d7b9e8a68da","2026-03-02 09:10:44.228","2026-03-15 00:06:21.483","6965655f19176d7b9e8a68da","& Juliet","theater","2026-05-24 14:00:00","2026-05-24 18:00:00","2026-05-24 18:00:00",false,false,false,"[PREMIUM]","[PREMIUM]","[PREMIUM]","[PREMIUM]","[PREMIUM]","[PREMIUM]",false,true,"6619b40b5ea49b643d5f9e30","['648b490a85ab3300016fc5df']","[PREMIUM]","[PREMIUM]"
"69656313b14d3e653f7a9335","2026-03-02 09:10:44.228","2026-03-15 00:06:14.385","69656313b14d3e653f7a9335","Jerry's Middle Finger","music","2026-05-23 21:00:00","2026-05-24 04:00:00","2026-05-24 04:00:00",false,false,false,"[PREMIUM]","[PREMIUM]","[PREMIUM]","[PREMIUM]","[PREMIUM]","[PREMIUM]",false,true,"5e4ea839490b29003a8e51fd","['662a8c52acd721f5194a33d8']","[PREMIUM]","[PREMIUM]"
"69655fa2ad6c245af5c6bd36","2026-03-02 09:10:44.228","2026-03-15 00:06:14.385","69655fa2ad6c245af5c6bd36","Don DC Curry (21+ Event)","comedy","2026-05-23 21:00:00","2026-05-24 01:00:00","2026-05-24 02:30:00",false,false,false,"[PREMIUM]","[PREMIUM]","[PREMIUM]","[PREMIUM]","[PREMIUM]","[PREMIUM]",false,true,"66c919de93a14c9b64101ef0","['643478e122509500014be658']","[PREMIUM]","[PREMIUM]"
"69655fa25a0bd0425bdf79c5","2026-03-02 09:10:44.228","2026-03-15 00:06:21.483","69655fa25a0bd0425bdf79c5","Don DC Curry (21+ Event)","comedy","2026-05-24 18:30:00","2026-05-24 22:30:00","2026-05-25 00:00:00",false,false,false,"[PREMIUM]","[PREMIUM]","[PREMIUM]","[PREMIUM]","[PREMIUM]","[PREMIUM]",false,true,"66c919de93a14c9b64101ef0","['643478e122509500014be658']","[PREMIUM]","[PREMIUM]"
"6960052a477e358ad7e81089","2026-03-02 09:10:44.228","2026-03-15 00:06:14.385","6960052a477e358ad7e81089","Chris Stapleton","music","2026-05-23 19:30:00","2026-05-24 00:30:00","2026-05-24 01:30:00",false,false,false,"[PREMIUM]","[PREMIUM]","[PREMIUM]","[PREMIUM]","[PREMIUM]","[PREMIUM]",false,false,"55ae9c43f80c4105fb000001","['5703e807f80c415b80000002']","[PREMIUM]","[PREMIUM]"
"695fe257f361bf6db4742ec3","2026-03-02 09:10:44.228","2026-03-15 00:06:14.385","695fe257f361bf6db4742ec3","Dulce Sloan","comedy","2026-05-23 21:30:00","2026-05-24 01:30:00","2026-05-24 03:00:00",false,false,false,"[PREMIUM]","[PREMIUM]","[PREMIUM]","[PREMIUM]","[PREMIUM]","[PREMIUM]",false,true,"660dde72efbd395c20ea31a7","['623b958b9257fe00016bb7f6']","[PREMIUM]","[PREMIUM]"
"695fca6bc885be160b2e2bca","2026-03-02 09:10:44.228","2026-03-15 00:06:21.483","695fca6bc885be160b2e2bca","Bruno Mars","music","2026-05-24 19:00:00","2026-05-24 23:00:00","2026-05-25 00:00:00",false,false,false,"[PREMIUM]","[PREMIUM]","[PREMIUM]","[PREMIUM]","[PREMIUM]","[PREMIUM]",true,false,"66faeb30e70778fb61f2298e","['582b5ed2f80c413ec3020026']","[PREMIUM]","[PREMIUM]"
"695ee334bc738d0961bcffdb","2026-03-02 09:10:44.228","2026-03-15 00:06:14.385","695ee334bc738d0961bcffdb","Cinderellas Tom Keifer Band","music","2026-05-23 19:30:00","2026-05-23 23:30:00","2026-05-23 23:30:00",false,false,false,"[PREMIUM]","[PREMIUM]","[PREMIUM]","[PREMIUM]","[PREMIUM]","[PREMIUM]",false,true,"64f0f5a5b8c3520001ee1b22","['66636401c88b32c7ad8b4b8c']","[PREMIUM]","[PREMIUM]"
"695d545197a2cffb3574f2b2","2026-03-02 09:10:44.228","2026-03-15 00:06:14.385","695d545197a2cffb3574f2b2","Monet X Change","theater","2026-05-23 21:00:00","2026-05-24 04:00:00","2026-05-24 04:00:00",false,false,false,"[PREMIUM]","[PREMIUM]","[PREMIUM]","[PREMIUM]","[PREMIUM]","[PREMIUM]",false,false,"63d454a2b6b21d00012b0562","['65e7991b3cd7b6945d1e6c78']","[PREMIUM]","[PREMIUM]"
"695c2b0ecf456fada2d5d030","2026-03-02 09:10:44.228","2026-03-15 00:06:14.385","695c2b0ecf456fada2d5d030","Death of a Salesman","theater","2026-05-23 20:00:00","2026-05-24 00:00:00","2026-05-24 00:00:00",false,false,false,"[PREMIUM]","[PREMIUM]","[PREMIUM]","[PREMIUM]","[PREMIUM]","[PREMIUM]",false,false,"5a9ecf64ea5962001400e38f","['6994a9470aa7af9fadb7baf3']","[PREMIUM]","[PREMIUM]"
"695c2b09ab05bc9216a4295c","2026-03-02 09:10:44.228","2026-03-15 00:06:21.483","695c2b09ab05bc9216a4295c","Death of a Salesman","theater","2026-05-24 15:00:00","2026-05-24 19:00:00","2026-05-24 19:00:00",false,false,false,"[PREMIUM]","[PREMIUM]","[PREMIUM]","[PREMIUM]","[PREMIUM]","[PREMIUM]",false,false,"5a9ecf64ea5962001400e38f","['6994a9470aa7af9fadb7baf3']","[PREMIUM]","[PREMIUM]"
"695c22e6ea54a0035af24675","2026-03-02 09:10:44.228","2026-03-15 00:06:21.483","695c22e6ea54a0035af24675","David Lee Roth","music","2026-05-24 19:00:00","2026-05-24 23:00:00","2026-05-25 00:30:00",false,false,false,"[PREMIUM]","[PREMIUM]","[PREMIUM]","[PREMIUM]","[PREMIUM]","[PREMIUM]",false,false,"578ffca0f80c412206b11457","['61534d92c485e70001b6fa1e']","[PREMIUM]","[PREMIUM]"
"695c22b92cdad178a07bdb68","2026-03-02 09:10:44.228","2026-03-15 00:06:14.385","695c22b92cdad178a07bdb68","Sawyer Brown","music","2026-05-23 20:00:00","2026-05-24 03:00:00","2026-05-24 03:00:00",false,false,false,"[PREMIUM]","[PREMIUM]","[PREMIUM]","[PREMIUM]","[PREMIUM]","[PREMIUM]",false,true,"691ce8f8216ac786c131e700","['661ffe87b7fce57687cb4304']","[PREMIUM]","[PREMIUM]"
"6956f7f5c72167ee3aca4fbb","2026-03-02 09:10:44.228","2026-03-15 00:06:21.483","6956f7f5c72167ee3aca4fbb","Back to the Future - The Musical","theater","2026-05-24 19:30:00","2026-05-25 02:30:00","2026-05-25 02:30:00",false,false,false,"[PREMIUM]","[PREMIUM]","[PREMIUM]","[PREMIUM]","[PREMIUM]","[PREMIUM]",false,false,"5a9ed9271ff15600124b5bba","['64b5a99be10f4b000192586c']","[PREMIUM]","[PREMIUM]"
"69548e25a045301caeed7d5c","2026-03-02 09:10:44.228","2026-03-15 00:06:14.385","69548e25a045301caeed7d5c","Eddie Griffin (18+ Event)","comedy","2026-05-23 20:30:00","2026-05-24 03:30:00","2026-05-24 05:00:00",false,false,false,"[PREMIUM]","[PREMIUM]","[PREMIUM]","[PREMIUM]","[PREMIUM]","[PREMIUM]",false,true,"660349479d995ddbe11fe0e3","['6206e8055dcfab0001a70540']","[PREMIUM]","[PREMIUM]"
"6952cc5360aedb5929f41e67","2026-03-02 09:10:44.228","2026-03-15 00:06:14.385","6952cc5360aedb5929f41e67","Fort Wayne FC at Athletic Club Boise","usl","2026-05-23 23:59:00","2026-05-24 05:59:00","2026-05-24 05:59:00",false,true,false,"[PREMIUM]","[PREMIUM]","[PREMIUM]","[PREMIUM]","[PREMIUM]","[PREMIUM]",false,true,"6954271afc6bddb37304fad9","['6944733f6442803aa1bca718','69457dca186ec9b33fa14e3a']","[PREMIUM]","[PREMIUM]"
"6950298bf15fdfd2daa72a47","2026-03-02 09:10:44.228","2026-03-15 00:06:14.385","6950298bf15fdfd2daa72a47","Fleetwood Magic - Fleetwood Mac Tribute","music","2026-05-23 19:30:00","2026-05-24 02:30:00","2026-05-24 04:00:00",false,false,false,"[PREMIUM]","[PREMIUM]","[PREMIUM]","[PREMIUM]","[PREMIUM]","[PREMIUM]",false,true,"68fbc0eaeac08d3f887874be","['5ae23baae300b80012ce44f1']","[PREMIUM]","[PREMIUM]"
"694bdf5cd89f8494c3031863","2026-03-02 09:10:44.228","2026-03-15 00:06:14.385","694bdf5cd89f8494c3031863","Operation Mincemeat - A New Musical","theater","2026-05-23 19:30:00","2026-05-23 23:30:00","2026-05-23 23:30:00",false,false,false,"[PREMIUM]","[PREMIUM]","[PREMIUM]","[PREMIUM]","[PREMIUM]","[PREMIUM]",false,false,"5ad8dd1783f680001326334a","['6781631bffa72984ff900e44']","[PREMIUM]","[PREMIUM]"
"694bdf5bfb8993a40aa41cab","2026-03-02 09:10:44.228","2026-03-15 00:06:21.483","694bdf5bfb8993a40aa41cab","Operation Mincemeat - A New Musical","theater","2026-05-24 14:00:00","2026-05-24 18:00:00","2026-05-24 18:00:00",false,false,false,"[PREMIUM]","[PREMIUM]","[PREMIUM]","[PREMIUM]","[PREMIUM]","[PREMIUM]",false,false,"5ad8dd1783f680001326334a","['6781631bffa72984ff900e44']","[PREMIUM]","[PREMIUM]"
"694bdf5bf15fdfd2daa61012","2026-03-02 09:10:44.228","2026-03-15 00:06:21.483","694bdf5bf15fdfd2daa61012","Operation Mincemeat - A New Musical","theater","2026-05-24 19:30:00","2026-05-24 23:30:00","2026-05-24 23:30:00",false,false,false,"[PREMIUM]","[PREMIUM]","[PREMIUM]","[PREMIUM]","[PREMIUM]","[PREMIUM]",false,false,"5ad8dd1783f680001326334a","['6781631bffa72984ff900e44']","[PREMIUM]","[PREMIUM]"
"694a048b07ab084b030670aa","2026-03-02 09:10:44.228","2026-03-15 00:06:21.483","694a048b07ab084b030670aa","Comedy Cellar (18+ Event)","comedy","2026-05-24 21:30:00","2026-05-25 04:30:00","2026-05-25 04:30:00",false,false,false,"[PREMIUM]","[PREMIUM]","[PREMIUM]","[PREMIUM]","[PREMIUM]","[PREMIUM]",false,true,"6660a94b5cd8bd812ba27b93","['6753306351c78e490f37014e']","[PREMIUM]","[PREMIUM]"
"694a0486bbbd5c4055857101","2026-03-02 09:10:44.228","2026-03-15 00:06:14.385","694a0486bbbd5c4055857101","Comedy Cellar (18+ Event)","comedy","2026-05-23 21:30:00","2026-05-24 04:30:00","2026-05-24 04:30:00",false,false,false,"[PREMIUM]","[PREMIUM]","[PREMIUM]","[PREMIUM]","[PREMIUM]","[PREMIUM]",false,true,"6660a94b5cd8bd812ba27b93","['6753306351c78e490f37014e']","[PREMIUM]","[PREMIUM]"
"694a0484c08f9050fd5ed610","2026-03-02 09:10:44.228","2026-03-15 00:06:21.483","694a0484c08f9050fd5ed610","Comedy Cellar (18+ Event)","comedy","2026-05-24 19:00:00","2026-05-25 02:00:00","2026-05-25 02:00:00",false,false,false,"[PREMIUM]","[PREMIUM]","[PREMIUM]","[PREMIUM]","[PREMIUM]","[PREMIUM]",false,false,"6660a94b5cd8bd812ba27b93","['6753306351c78e490f37014e']","[PREMIUM]","[PREMIUM]"
"694a0346cbe436323fcf0867","2026-03-02 09:10:44.228","2026-03-15 00:06:21.483","694a0346cbe436323fcf0867","Missoula PaddleHeads at Yuba Sutter Freebirds","milb","2026-05-24 23:59:00","2026-05-25 06:59:00","2026-05-25 06:59:00",false,true,false,"[PREMIUM]","[PREMIUM]","[PREMIUM]","[PREMIUM]","[PREMIUM]","[PREMIUM]",false,true,"694ad414d89f8494c302c083","['66747513b36f70f95092b5a2','61e885f13d22530001716aca']","[PREMIUM]","[PREMIUM]"
"6949e89dbbbd5c4055855f52","2026-03-02 09:10:44.228","2026-03-15 00:06:14.385","6949e89dbbbd5c4055855f52","Mark Normand","comedy","2026-05-23 21:45:00","2026-05-24 04:45:00","2026-05-24 06:15:00",false,false,false,"[PREMIUM]","[PREMIUM]","[PREMIUM]","[PREMIUM]","[PREMIUM]","[PREMIUM]",false,true,"676211402609268afabf5770","['61f0937839f4c7000178cc25']","[PREMIUM]","[PREMIUM]"
"6949e862ededb355baef8bee","2026-03-02 09:10:44.228","2026-03-15 00:06:14.385","6949e862ededb355baef8bee","Long Beach Baseball Club at Oakland Ballers","milb","2026-05-24 00:00:00","2026-05-24 07:00:00","2026-05-24 07:00:00",false,true,false,"[PREMIUM]","[PREMIUM]","[PREMIUM]","[PREMIUM]","[PREMIUM]","[PREMIUM]",false,false,"66722929afb413dc9c996f0f","['667473678abf66a3a97f5709','6949a9a95186697661347b2b']","[PREMIUM]","[PREMIUM]"
"6949e46bc13dea8535b33945","2026-03-02 09:10:44.228","2026-03-15 00:06:14.385","6949e46bc13dea8535b33945","Three Dog Night","music","2026-05-23 20:30:00","2026-05-24 01:30:00","2026-05-24 03:00:00",false,false,false,"[PREMIUM]","[PREMIUM]","[PREMIUM]","[PREMIUM]","[PREMIUM]","[PREMIUM]",true,false,"679c1be7dec37965c143906d","['5d71f18655e8ea00384187bf']","[PREMIUM]","[PREMIUM]"
"6949c495c08f9050fd5eb863","2026-03-02 09:10:44.228","2026-03-15 00:06:21.483","6949c495c08f9050fd5eb863","James ""Murr"" Murray","comedy","2026-05-24 19:00:00","2026-05-24 23:00:00","2026-05-24 23:00:00",false,false,false,"[PREMIUM]","[PREMIUM]","[PREMIUM]","[PREMIUM]","[PREMIUM]","[PREMIUM]",false,true,"648cd8f32cbc080001656ef8","['64ba8588c941990001d31ec2']","[PREMIUM]","[PREMIUM]"
"6949c495865390cb63c52866","2026-03-02 09:10:44.228","2026-03-15 00:06:14.385","6949c495865390cb63c52866","James ""Murr"" Murray","comedy","2026-05-23 21:30:00","2026-05-24 01:30:00","2026-05-24 01:30:00",false,false,false,"[PREMIUM]","[PREMIUM]","[PREMIUM]","[PREMIUM]","[PREMIUM]","[PREMIUM]",false,true,"648cd8f32cbc080001656ef8","['64ba8588c941990001d31ec2']","[PREMIUM]","[PREMIUM]"
"6949c32e5186697661348e87","2026-03-02 09:10:44.228","2026-03-15 00:06:14.385","6949c32e5186697661348e87","Idaho Falls Chukars at Great Falls Voyagers","milb","2026-05-24 00:00:00","2026-05-24 06:00:00","2026-05-24 07:30:00",false,true,false,"[PREMIUM]","[PREMIUM]","[PREMIUM]","[PREMIUM]","[PREMIUM]","[PREMIUM]",false,false,"68a4de03673375610e033a23","['60ca6d86435a58000175440c','61e886ac33b396000132f8b2']","[PREMIUM]","[PREMIUM]"
"6945444cbfbf1ede386d2876","2026-03-02 09:10:44.228","2026-03-15 00:06:14.385","6945444cbfbf1ede386d2876","Ogden Raptors at Boise Hawks","milb","2026-05-24 00:00:00","2026-05-24 06:00:00","2026-05-24 07:30:00",false,true,false,"[PREMIUM]","[PREMIUM]","[PREMIUM]","[PREMIUM]","[PREMIUM]","[PREMIUM]",false,false,"60c8ecef17c4380001580f97","['5d13d3faec048e001bd17a42','60ca6d3df9cb5400010bee17']","[PREMIUM]","[PREMIUM]"
"694514484512f0ebc2f68be9","2026-03-02 09:10:44.228","2026-03-15 00:06:14.385","694514484512f0ebc2f68be9","Glacier Range Riders at Billings Mustangs","milb","2026-05-24 00:00:00","2026-05-24 06:00:00","2026-05-24 07:30:00",false,true,false,"[PREMIUM]","[PREMIUM]","[PREMIUM]","[PREMIUM]","[PREMIUM]","[PREMIUM]",false,true,"6945a33856397eff0fab66dc","['60ca6b9275f9590001d24a38','64221e9fe1e7fe0001e4964c']","[PREMIUM]","[PREMIUM]"
"6944d8e5b4f21f6b32ea36c1","2026-03-02 09:10:44.228","2026-03-15 00:06:14.385","6944d8e5b4f21f6b32ea36c1","Tape Face","music","2026-05-23 19:30:00","2026-05-24 02:30:00","2026-05-24 03:30:00",false,false,false,"[PREMIUM]","[PREMIUM]","[PREMIUM]","[PREMIUM]","[PREMIUM]","[PREMIUM]",false,true,"66d76e8256b831368f5a8151","['5a13715c25f2c55e95e137c6']","[PREMIUM]","[PREMIUM]"
"6944d8e577e85242c213470d","2026-03-02 09:10:44.228","2026-03-15 00:06:21.483","6944d8e577e85242c213470d","Tape Face","music","2026-05-24 19:30:00","2026-05-25 02:30:00","2026-05-25 03:30:00",false,false,false,"[PREMIUM]","[PREMIUM]","[PREMIUM]","[PREMIUM]","[PREMIUM]","[PREMIUM]",false,true,"66d76e8256b831368f5a8151","['5a13715c25f2c55e95e137c6']","[PREMIUM]","[PREMIUM]"
"6944b94254bd78e90748dd41","2026-03-02 09:10:44.228","2026-03-15 00:06:14.385","6944b94254bd78e90748dd41","Orchestra Noir","music","2026-05-23 20:00:00","2026-05-24 00:00:00","2026-05-24 00:00:00",false,false,false,"[PREMIUM]","[PREMIUM]","[PREMIUM]","[PREMIUM]","[PREMIUM]","[PREMIUM]",true,false,"598387be9da0d48c0d7eb8be","['67ca060694005dd157d0c76f']","[PREMIUM]","[PREMIUM]"
"694484bffcb8efbc75714fbc","2026-03-02 09:10:44.228","2026-03-15 00:06:21.483","694484bffcb8efbc75714fbc","Andres Cepeda","music","2026-05-24 20:00:00","2026-05-25 01:00:00","2026-05-25 01:00:00",false,false,false,"[PREMIUM]","[PREMIUM]","[PREMIUM]","[PREMIUM]","[PREMIUM]","[PREMIUM]",false,false,"59b8498b82294f00016dbc0c","['6528373d89297e27e89f7b8f']","[PREMIUM]","[PREMIUM]"
"69447e39be69f20f625453b8","2026-03-02 09:10:44.228","2026-03-15 00:06:14.385","69447e39be69f20f625453b8","Sarasota Paradise at Spokane Velocity FC","usl","2026-05-24 00:00:00","2026-05-24 07:00:00","2026-05-24 07:00:00",false,true,false,"[PREMIUM]","[PREMIUM]","[PREMIUM]","[PREMIUM]","[PREMIUM]","[PREMIUM]",false,false,"668ef980899dc82ff009199e","['65cd48af7cb1ced9240f672a','69447ae0467f55d0c18aea78']","[PREMIUM]","[PREMIUM]"
"69446a04be69f20f62544bde","2026-03-02 09:10:44.228","2026-03-15 00:06:14.385","69446a04be69f20f62544bde","Phoenix Rising FC at Tampa Bay Rowdies","usl","2026-05-23 19:30:00","2026-05-23 23:30:00","2026-05-24 01:00:00",false,false,false,"[PREMIUM]","[PREMIUM]","[PREMIUM]","[PREMIUM]","[PREMIUM]","[PREMIUM]",false,false,"5d0822dbbff6370019074220","['5aa95e632524620013ffe014','5a94592425f2c54fdef92ec2']","[PREMIUM]","[PREMIUM]"
"6944699a91be5f26e3a067ad","2026-03-02 09:10:44.228","2026-03-15 00:06:21.483","6944699a91be5f26e3a067ad","Esteman","music","2026-05-24 19:00:00","2026-05-25 02:00:00","2026-05-25 02:00:00",false,false,false,"[PREMIUM]","[PREMIUM]","[PREMIUM]","[PREMIUM]","[PREMIUM]","[PREMIUM]",false,false,"57d9ebde50575d33c87a6d45","['6966d5d536d12823b296eaa6']","[PREMIUM]","[PREMIUM]"
"694231ae95f74cd31cbd686f","2026-03-02 09:10:44.228","2026-03-15 00:06:14.385","694231ae95f74cd31cbd686f","Jackie Venson","music","2026-05-23 21:00:00","2026-05-24 01:00:00","2026-05-24 01:00:00",false,false,false,"[PREMIUM]","[PREMIUM]","[PREMIUM]","[PREMIUM]","[PREMIUM]","[PREMIUM]",false,true,"5a2057e5eab5c4000efd5dd6","['6515b792a26a30ef74402403']","[PREMIUM]","[PREMIUM]"
"69421b52ce049e53d511f333","2026-03-02 09:10:44.228","2026-03-15 00:06:21.483","69421b52ce049e53d511f333","Archspire","music","2026-05-24 19:00:00","2026-05-25 00:00:00","2026-05-25 00:00:00",false,false,false,"[PREMIUM]","[PREMIUM]","[PREMIUM]","[PREMIUM]","[PREMIUM]","[PREMIUM]",false,true,"57e3202f50575d33c8a60ece","['65e63558fa314034c23f511b']","[PREMIUM]","[PREMIUM]"
"6941fba747db4bd081b070d4","2026-03-02 09:10:44.228","2026-03-15 00:06:14.385","6941fba747db4bd081b070d4","The Wallflowers","music","2026-05-23 20:00:00","2026-05-24 00:00:00","2026-05-24 01:30:00",false,false,false,"[PREMIUM]","[PREMIUM]","[PREMIUM]","[PREMIUM]","[PREMIUM]","[PREMIUM]",false,true,"6823b97b2894e4a1373d4bca","['625607a9c838970001f768d1']","[PREMIUM]","[PREMIUM]"
"6941ec1f4ee1ac73506b9709","2026-03-02 09:10:44.228","2026-03-15 00:06:21.483","6941ec1f4ee1ac73506b9709","Romeo Santos and Prince Royce","music","2026-05-24 20:00:00","2026-05-25 03:00:00","2026-05-25 04:00:00",false,false,false,"[PREMIUM]","[PREMIUM]","[PREMIUM]","[PREMIUM]","[PREMIUM]","[PREMIUM]",false,false,"57d8b1f050575d33c8737920","['5a15e6a325f2c52fbc0bd5a5','58f69022f80c41508c8920a5']","[PREMIUM]","[PREMIUM]"
"6941eb50db878dc1544da116","2026-03-02 09:10:44.228","2026-03-15 00:06:14.385","6941eb50db878dc1544da116","Russell Peters","comedy","2026-05-23 20:00:00","2026-05-24 00:00:00","2026-05-24 01:30:00",false,false,false,"[PREMIUM]","[PREMIUM]","[PREMIUM]","[PREMIUM]","[PREMIUM]","[PREMIUM]",false,false,"5bc761e8ec5e2100167ecffd","['5b4d2e7d0b128500133a5454']","[PREMIUM]","[PREMIUM]"
"6941e8505e705302f1cffb1f","2026-03-02 09:10:44.228","2026-03-15 00:06:21.483","6941e8505e705302f1cffb1f","Jackie Venson","music","2026-05-24 20:00:00","2026-05-25 01:00:00","2026-05-25 01:00:00",false,false,false,"[PREMIUM]","[PREMIUM]","[PREMIUM]","[PREMIUM]","[PREMIUM]","[PREMIUM]",false,true,"5a2051ccea0e67000e9d70d0","['6515b792a26a30ef74402403']","[PREMIUM]","[PREMIUM]"
"6941e81e3432ebbc98d74f0a","2026-03-02 09:10:44.228","2026-03-15 00:06:21.483","6941e81e3432ebbc98d74f0a","Chaos and Carnage","music","2026-05-24 17:00:00","2026-05-24 23:00:00","2026-05-24 23:00:00",false,false,false,"[PREMIUM]","[PREMIUM]","[PREMIUM]","[PREMIUM]","[PREMIUM]","[PREMIUM]",false,false,"656e6d537e51250af96c495e","['6949c1c2519b878570086430']","[PREMIUM]","[PREMIUM]"
"6941e2db7945711ba6b3c356","2026-03-02 09:10:44.228","2026-03-15 00:06:14.385","6941e2db7945711ba6b3c356","Romeo Santos and Prince Royce","music","2026-05-23 20:00:00","2026-05-24 03:00:00","2026-05-24 04:00:00",false,false,false,"[PREMIUM]","[PREMIUM]","[PREMIUM]","[PREMIUM]","[PREMIUM]","[PREMIUM]",false,false,"61b3c1f813be7a000159a505","['5a15e6a325f2c52fbc0bd5a5','58f69022f80c41508c8920a5']","[PREMIUM]","[PREMIUM]"
"6941df882e6d406da3dc062b","2026-03-02 09:10:44.228","2026-03-15 00:06:21.483","6941df882e6d406da3dc062b","Thornhill","music","2026-05-24 18:00:00","2026-05-24 23:00:00","2026-05-24 23:00:00",false,false,false,"[PREMIUM]","[PREMIUM]","[PREMIUM]","[PREMIUM]","[PREMIUM]","[PREMIUM]",false,false,"57e2dfde50575d33c8a3f2ad","['6802891b910469b21277f5ac']","[PREMIUM]","[PREMIUM]"
"6941df08e80a98768eda0156","2026-03-02 09:10:44.228","2026-03-15 00:06:14.385","6941df08e80a98768eda0156","Styx with Cheap Trick","music","2026-05-23 19:30:00","2026-05-24 00:30:00","2026-05-24 01:30:00",false,false,false,"[PREMIUM]","[PREMIUM]","[PREMIUM]","[PREMIUM]","[PREMIUM]","[PREMIUM]",false,true,"641ca98407cdad00016d5a2e","['58af5ff6f80c41314308ca46']","[PREMIUM]","[PREMIUM]"
"6941de745e60327a436c88e7","2026-03-02 09:10:44.228","2026-03-15 00:06:21.483","6941de745e60327a436c88e7","Sommore","comedy","2026-05-24 18:00:00","2026-05-24 22:00:00","2026-05-24 23:30:00",false,false,false,"[PREMIUM]","[PREMIUM]","[PREMIUM]","[PREMIUM]","[PREMIUM]","[PREMIUM]",false,true,"63e3f7f3c15a660001d13efc","['5c8fe30cc621c90017a2d3ce']","[PREMIUM]","[PREMIUM]"
"6941de741b0bf047bda036a7","2026-03-02 09:10:44.228","2026-03-15 00:06:14.385","6941de741b0bf047bda036a7","Sommore","comedy","2026-05-23 21:15:00","2026-05-24 01:15:00","2026-05-24 02:45:00",false,false,false,"[PREMIUM]","[PREMIUM]","[PREMIUM]","[PREMIUM]","[PREMIUM]","[PREMIUM]",false,true,"63e3f7f3c15a660001d13efc","['5c8fe30cc621c90017a2d3ce']","[PREMIUM]","[PREMIUM]"
"6941db7a85c4c6397211d2a6","2026-03-02 09:10:44.228","2026-03-15 00:06:14.385","6941db7a85c4c6397211d2a6","Trace Adkins","music","2026-05-23 20:00:00","2026-05-24 01:00:00","2026-05-24 02:30:00",false,false,false,"[PREMIUM]","[PREMIUM]","[PREMIUM]","[PREMIUM]","[PREMIUM]","[PREMIUM]",false,false,"5798426cf80c417b17e7395f","['624db30e979ea20001d78432']","[PREMIUM]","[PREMIUM]"
"6941db4c7945711ba6b3c1af","2026-03-02 09:10:44.228","2026-03-15 00:06:21.483","6941db4c7945711ba6b3c1af","Styx and Cheap Trick","music","2026-05-24 19:30:00","2026-05-25 00:30:00","2026-05-25 01:30:00",false,false,false,"[PREMIUM]","[PREMIUM]","[PREMIUM]","[PREMIUM]","[PREMIUM]","[PREMIUM]",false,false,"64d53bcf002f1d00018f3282","['58af5ff6f80c41314308ca46']","[PREMIUM]","[PREMIUM]"
"6940927ce4dc374d85873d4c","2026-03-02 09:10:44.228","2026-03-15 00:06:14.385","6940927ce4dc374d85873d4c","Kentucky Barrels at Oceanside Bombers","afl","2026-05-24 00:00:00","2026-05-24 07:00:00","2026-05-24 08:30:00",false,true,false,"[PREMIUM]","[PREMIUM]","[PREMIUM]","[PREMIUM]","[PREMIUM]","[PREMIUM]",false,false,"66ba949809f01db3771b2171","['69a081921b2ebccb2d76210f','69a06abf691e51dd746a9104']","[PREMIUM]","[PREMIUM]"
"69409253e80a98768ed9abb1","2026-03-02 09:10:44.228","2026-03-15 00:06:14.385","69409253e80a98768ed9abb1","Jackson Hole Rodeo","pbr","2026-05-23 20:00:00","2026-05-24 02:00:00","2026-05-24 02:00:00",false,false,false,"[PREMIUM]","[PREMIUM]","[PREMIUM]","[PREMIUM]","[PREMIUM]","[PREMIUM]",false,false,"682d08a01afc64dbf50797b9","['681e40035fd8cea8f05bd69e']","[PREMIUM]","[PREMIUM]"
"69408de17ec434885a1d1cbc","2026-03-02 09:10:44.228","2026-03-15 00:06:14.385","69408de17ec434885a1d1cbc","Kreator","music","2026-05-23 19:30:00","2026-05-23 23:30:00","2026-05-24 00:30:00",false,false,false,"[PREMIUM]","[PREMIUM]","[PREMIUM]","[PREMIUM]","[PREMIUM]","[PREMIUM]",false,false,"5c7556d9dcbeb70015eef27c","['59fa962f25f2c505deecb4b4']","[PREMIUM]","[PREMIUM]"
"69408baa72d48d363112a401","2026-03-02 09:10:44.228","2026-03-15 00:06:21.483","69408baa72d48d363112a401","Tim Hicks","music","2026-05-24 20:00:00","2026-05-25 01:00:00","2026-05-25 02:30:00",false,false,false,"[PREMIUM]","[PREMIUM]","[PREMIUM]","[PREMIUM]","[PREMIUM]","[PREMIUM]",false,true,"689d0447f27e64c6e90f4fcf","['62b1ec1c01d53100019bc22b']","[PREMIUM]","[PREMIUM]"
"69408b50370ea39353a222a7","2026-03-02 09:10:44.228","2026-03-15 00:06:14.385","69408b50370ea39353a222a7","Awakening","theater","2026-05-23 23:00:00","2026-05-24 06:00:00","2026-05-24 06:00:00",false,false,false,"[PREMIUM]","[PREMIUM]","[PREMIUM]","[PREMIUM]","[PREMIUM]","[PREMIUM]",false,true,"669ecefc5f434ad30b9d025a","['66db69274a7c7d5ae0775026']","[PREMIUM]","[PREMIUM]"
"69408b500356b766db02025b","2026-03-02 09:10:44.228","2026-03-15 00:06:21.483","69408b500356b766db02025b","Awakening","theater","2026-05-24 21:00:00","2026-05-25 04:00:00","2026-05-25 04:00:00",false,false,false,"[PREMIUM]","[PREMIUM]","[PREMIUM]","[PREMIUM]","[PREMIUM]","[PREMIUM]",false,true,"669ecefc5f434ad30b9d025a","['66db69274a7c7d5ae0775026']","[PREMIUM]","[PREMIUM]"
"69408a94d35159144f372d33","2026-03-02 09:10:44.228","2026-03-15 00:06:21.483","69408a94d35159144f372d33","Iration","music","2026-05-24 18:00:00","2026-05-24 22:00:00","2026-05-24 23:00:00",false,false,false,"[PREMIUM]","[PREMIUM]","[PREMIUM]","[PREMIUM]","[PREMIUM]","[PREMIUM]",false,false,"594c3cbb9da0d48c0d6db81f","['582cbd4ff80c41575eaf8e8a']","[PREMIUM]","[PREMIUM]"
"693c912548de0b1d9c28d4bb","2026-03-02 09:10:44.228","2026-03-15 00:06:21.483","693c912548de0b1d9c28d4bb","Alabama Shakes","music","2026-05-24 19:30:00","2026-05-25 01:30:00","2026-05-25 02:30:00",false,false,false,"[PREMIUM]","[PREMIUM]","[PREMIUM]","[PREMIUM]","[PREMIUM]","[PREMIUM]",false,false,"56038372f80c41109a000001","['57852bcbf80c41080b05a4c7']","[PREMIUM]","[PREMIUM]"
"693c616203b443dafc8caf7c","2026-03-02 09:10:44.228","2026-03-15 00:06:14.385","693c616203b443dafc8caf7c","Brincos Dieras","comedy","2026-05-23 20:00:00","2026-05-24 02:00:00","2026-05-24 02:00:00",false,false,false,"[PREMIUM]","[PREMIUM]","[PREMIUM]","[PREMIUM]","[PREMIUM]","[PREMIUM]",false,false,"57c754f1f80c413c471a8d8d","['65a88524456a163fcba65fbb']","[PREMIUM]","[PREMIUM]"
"693a4ffc9ea7ea22e53f7c50","2026-03-02 09:10:44.228","2026-03-15 00:06:21.483","693a4ffc9ea7ea22e53f7c50","Awakening","theater","2026-05-24 16:00:00","2026-05-24 23:00:00","2026-05-24 23:00:00",false,false,false,"[PREMIUM]","[PREMIUM]","[PREMIUM]","[PREMIUM]","[PREMIUM]","[PREMIUM]",false,true,"669ecefc5f434ad30b9d025a","['66db69274a7c7d5ae0775026']","[PREMIUM]","[PREMIUM]"
"693a32c45429ca21470429dd","2026-03-02 09:10:44.228","2026-03-15 00:06:14.385","693a32c45429ca21470429dd","Josh Gates","theater","2026-05-23 20:00:00","2026-05-24 00:00:00","2026-05-24 00:00:00",false,false,false,"[PREMIUM]","[PREMIUM]","[PREMIUM]","[PREMIUM]","[PREMIUM]","[PREMIUM]",false,false,"67ae2ed6426d8edbfae04525","['64dba02abf18690001c8004a']","[PREMIUM]","[PREMIUM]"
"693a32a8dbd55d1dc0b0c1ae","2026-03-02 09:10:44.228","2026-03-15 00:06:21.483","693a32a8dbd55d1dc0b0c1ae","Awakening","theater","2026-05-24 19:00:00","2026-05-25 02:00:00","2026-05-25 02:00:00",false,false,false,"[PREMIUM]","[PREMIUM]","[PREMIUM]","[PREMIUM]","[PREMIUM]","[PREMIUM]",false,true,"669ecefc5f434ad30b9d025a","['66db69274a7c7d5ae0775026']","[PREMIUM]","[PREMIUM]"
"693a32a75c52bbb3188d9c78","2026-03-02 09:10:44.228","2026-03-15 00:06:14.385","693a32a75c52bbb3188d9c78","Awakening","theater","2026-05-23 21:00:00","2026-05-24 04:00:00","2026-05-24 04:00:00",false,false,false,"[PREMIUM]","[PREMIUM]","[PREMIUM]","[PREMIUM]","[PREMIUM]","[PREMIUM]",false,true,"669ecefc5f434ad30b9d025a","['66db69274a7c7d5ae0775026']","[PREMIUM]","[PREMIUM]"
"69391959d1cc1561b5159dff","2026-03-02 09:10:44.228","2026-03-15 00:06:21.483","69391959d1cc1561b5159dff","The Mountain Goats","music","2026-05-24 20:00:00","2026-05-25 01:00:00","2026-05-25 02:00:00",false,false,false,"[PREMIUM]","[PREMIUM]","[PREMIUM]","[PREMIUM]","[PREMIUM]","[PREMIUM]",false,false,"5813c023cde6626ebe1684fc","['59f9010e25f2c5708a5870d7']","[PREMIUM]","[PREMIUM]"
"6938c817d10fb49e8d4c0ae5","2026-03-02 09:10:44.228","2026-03-15 00:06:14.385","6938c817d10fb49e8d4c0ae5","The Mountain Goats","music","2026-05-23 20:00:00","2026-05-24 00:00:00","2026-05-24 01:00:00",false,false,false,"[PREMIUM]","[PREMIUM]","[PREMIUM]","[PREMIUM]","[PREMIUM]","[PREMIUM]",false,false,"57eabf5acde6626ebe3a4aea","['59f9010e25f2c5708a5870d7']","[PREMIUM]","[PREMIUM]"
"6938c6bfd00f2fbef8bea994","2026-03-02 09:10:44.228","2026-03-15 00:06:21.483","6938c6bfd00f2fbef8bea994","Criss Angel","music","2026-05-24 19:00:00","2026-05-25 02:00:00","2026-05-25 03:30:00",false,false,false,"[PREMIUM]","[PREMIUM]","[PREMIUM]","[PREMIUM]","[PREMIUM]","[PREMIUM]",false,true,"66997f4615e03bffbeb67c22","['5d72eee0ba7f52003869270c']","[PREMIUM]","[PREMIUM]"
"6938c1335c52bbb3188d1ad8","2026-03-02 09:10:44.228","2026-03-15 00:06:14.385","6938c1335c52bbb3188d1ad8","SatchVai Band - Joe Satriani and Steve Vai","music","2026-05-23 19:30:00","2026-05-23 23:30:00","2026-05-24 00:30:00",false,false,false,"[PREMIUM]","[PREMIUM]","[PREMIUM]","[PREMIUM]","[PREMIUM]","[PREMIUM]",false,false,"67d0cc89c0de673eccd3ad5e","['59c451ab25f2c53bd9404122','57eaf8c5f80c41521f892281']","[PREMIUM]","[PREMIUM]"
"6938c10262e738a08d96f297","2026-03-02 09:10:44.228","2026-03-15 00:06:14.385","6938c10262e738a08d96f297","Music of Randy Travis","music","2026-05-23 19:30:00","2026-05-23 23:30:00","2026-05-23 23:30:00",false,false,false,"[PREMIUM]","[PREMIUM]","[PREMIUM]","[PREMIUM]","[PREMIUM]","[PREMIUM]",false,false,"648cd9dc28b11a0001efd256","['664cc3be504c2dcc8f148091']","[PREMIUM]","[PREMIUM]"
"69388c420817ab1c4fa06837","2026-03-02 09:10:44.228","2026-03-15 00:06:21.483","69388c420817ab1c4fa06837","Triumph","music","2026-05-24 20:00:00","2026-05-25 00:00:00","2026-05-25 00:00:00",false,false,false,"[PREMIUM]","[PREMIUM]","[PREMIUM]","[PREMIUM]","[PREMIUM]","[PREMIUM]",false,false,"576b2d98f80c4176e97a5985","['693b0f8bd15841238a66a29b']","[PREMIUM]","[PREMIUM]"
"69388ab0d1cc1561b51562ca","2026-03-02 09:10:44.228","2026-03-15 00:06:14.385","69388ab0d1cc1561b51562ca","Khalid","music","2026-05-23 19:30:00","2026-05-23 23:30:00","2026-05-24 00:30:00",false,false,false,"[PREMIUM]","[PREMIUM]","[PREMIUM]","[PREMIUM]","[PREMIUM]","[PREMIUM]",false,false,"58127f1ecde6626ebe12395d","['591c98dcf80c4117fb08292c']","[PREMIUM]","[PREMIUM]"
"6938864abf16b1e2aa813b88","2026-03-02 09:10:44.228","2026-03-15 00:06:21.483","6938864abf16b1e2aa813b88","Arms Length","music","2026-05-24 18:00:00","2026-05-24 22:00:00","2026-05-24 22:00:00",false,false,false,"[PREMIUM]","[PREMIUM]","[PREMIUM]","[PREMIUM]","[PREMIUM]","[PREMIUM]",false,false,"57a4dbe2f80c41746dca2312","['657a2eb50a080dcd0a75fdd9']","[PREMIUM]","[PREMIUM]"
"693886496d38d96a83e94ad2","2026-03-02 09:10:44.228","2026-03-15 00:06:21.483","693886496d38d96a83e94ad2","Khalid","music","2026-05-24 19:30:00","2026-05-24 23:30:00","2026-05-25 00:30:00",false,false,false,"[PREMIUM]","[PREMIUM]","[PREMIUM]","[PREMIUM]","[PREMIUM]","[PREMIUM]",false,false,"571af4b8f80c412140000002","['591c98dcf80c4117fb08292c']","[PREMIUM]","[PREMIUM]"
"693871a60817ab1c4fa06187","2026-03-02 09:10:44.228","2026-03-15 00:06:21.483","693871a60817ab1c4fa06187","Josh Wolf","comedy","2026-05-24 19:30:00","2026-05-25 02:30:00","2026-05-25 04:00:00",false,false,false,"[PREMIUM]","[PREMIUM]","[PREMIUM]","[PREMIUM]","[PREMIUM]","[PREMIUM]",false,true,"63e6a8b18d0aad0001987d37","['61fc5af48e648a000188cae4']","[PREMIUM]","[PREMIUM]"
"69374ef8ccec9a3f83161fef","2026-03-02 09:10:44.228","2026-03-15 00:06:14.385","69374ef8ccec9a3f83161fef","Powerman 5000","music","2026-05-23 20:00:00","2026-05-24 01:00:00","2026-05-24 01:00:00",false,false,false,"[PREMIUM]","[PREMIUM]","[PREMIUM]","[PREMIUM]","[PREMIUM]","[PREMIUM]",false,true,"689ba0eb5bdf0ea7d44650bf","['67c89431d4cd6456b3fbb4ca']","[PREMIUM]","[PREMIUM]"
"693738b4c7267e811be62ac3","2026-03-02 09:10:44.228","2026-03-15 00:06:14.385","693738b4c7267e811be62ac3","Alison Krauss","music","2026-05-23 19:30:00","2026-05-23 23:30:00","2026-05-24 00:30:00",false,false,false,"[PREMIUM]","[PREMIUM]","[PREMIUM]","[PREMIUM]","[PREMIUM]","[PREMIUM]",false,false,"64e9066a9ac8460001c7566d","['594c234825f2c5142f3a5928']","[PREMIUM]","[PREMIUM]"
"69360298d10fb49e8d4b11d8","2026-03-02 09:10:44.228","2026-03-15 00:06:14.385","69360298d10fb49e8d4b11d8","Kenny Garrett","music","2026-05-23 20:00:00","2026-05-24 00:00:00","2026-05-24 00:00:00",false,false,false,"[PREMIUM]","[PREMIUM]","[PREMIUM]","[PREMIUM]","[PREMIUM]","[PREMIUM]",false,true,"6647b0eaab55edb443a42ec8","['66cf312d9fd1c6d648199be5']","[PREMIUM]","[PREMIUM]"
"69360298754dd3549b556aa6","2026-03-02 09:10:44.228","2026-03-15 00:06:14.385","69360298754dd3549b556aa6","Kenny Garrett","music","2026-05-23 22:30:00","2026-05-24 02:30:00","2026-05-24 02:30:00",false,false,false,"[PREMIUM]","[PREMIUM]","[PREMIUM]","[PREMIUM]","[PREMIUM]","[PREMIUM]",false,true,"6647b0eaab55edb443a42ec8","['66cf312d9fd1c6d648199be5']","[PREMIUM]","[PREMIUM]"
"69360297eba93b296ead95db","2026-03-02 09:10:44.228","2026-03-15 00:06:21.483","69360297eba93b296ead95db","Kenny Garrett","music","2026-05-24 20:00:00","2026-05-25 00:00:00","2026-05-25 00:00:00",false,false,false,"[PREMIUM]","[PREMIUM]","[PREMIUM]","[PREMIUM]","[PREMIUM]","[PREMIUM]",false,true,"6647b0eaab55edb443a42ec8","['66cf312d9fd1c6d648199be5']","[PREMIUM]","[PREMIUM]"
"6935ffedccec9a3f83159db8","2026-03-02 09:10:44.228","2026-03-15 00:06:21.483","6935ffedccec9a3f83159db8","Hilary Duff","music","2026-05-24 21:00:00","2026-05-25 04:00:00","2026-05-25 04:00:00",false,false,false,"[PREMIUM]","[PREMIUM]","[PREMIUM]","[PREMIUM]","[PREMIUM]","[PREMIUM]",false,false,"64f0f65292050c0001006ed0","['691268e239cbc0905ca39d63']","[PREMIUM]","[PREMIUM]"
"6935ffed568b632a74e3a7e6","2026-03-02 09:10:44.228","2026-03-15 00:06:14.385","6935ffed568b632a74e3a7e6","Hilary Duff","music","2026-05-23 21:00:00","2026-05-24 04:00:00","2026-05-24 04:00:00",false,false,false,"[PREMIUM]","[PREMIUM]","[PREMIUM]","[PREMIUM]","[PREMIUM]","[PREMIUM]",false,false,"64f0f65292050c0001006ed0","['691268e239cbc0905ca39d63']","[PREMIUM]","[PREMIUM]"
"6935fe1ccba2f285be868a74","2026-03-02 09:10:44.228","2026-03-15 00:06:21.483","6935fe1ccba2f285be868a74","Yellowcard","music","2026-05-24 18:00:00","2026-05-25 01:00:00","2026-05-25 02:00:00",false,false,false,"[PREMIUM]","[PREMIUM]","[PREMIUM]","[PREMIUM]","[PREMIUM]","[PREMIUM]",false,false,"57c09126f80c412d743f40b8","['57e98af5f80c417a42208e1a']","[PREMIUM]","[PREMIUM]"
"6935fe006e552091071a3daa","2026-03-02 09:10:44.228","2026-03-15 00:06:14.385","6935fe006e552091071a3daa","Arnez J","comedy","2026-05-23 21:15:00","2026-05-24 02:15:00","2026-05-24 03:45:00",false,false,false,"[PREMIUM]","[PREMIUM]","[PREMIUM]","[PREMIUM]","[PREMIUM]","[PREMIUM]",false,true,"634dbd5a12c28b0001ff0ab7","['5dbca4c17c70c000347ffab0']","[PREMIUM]","[PREMIUM]"
"6935fe0062e738a08d95fd33","2026-03-02 09:10:44.228","2026-03-15 00:06:21.483","6935fe0062e738a08d95fd33","Arnez J","comedy","2026-05-24 18:00:00","2026-05-24 23:00:00","2026-05-25 00:30:00",false,false,false,"[PREMIUM]","[PREMIUM]","[PREMIUM]","[PREMIUM]","[PREMIUM]","[PREMIUM]",false,true,"634dbd5a12c28b0001ff0ab7","['5dbca4c17c70c000347ffab0']","[PREMIUM]","[PREMIUM]"
"69332465bf16b1e2aa7f6fc2","2026-03-02 09:10:44.228","2026-03-15 00:06:14.385","69332465bf16b1e2aa7f6fc2","Ian Fidance (21+ Event)","comedy","2026-05-23 21:15:00","2026-05-24 01:15:00","2026-05-24 01:15:00",false,false,false,"[PREMIUM]","[PREMIUM]","[PREMIUM]","[PREMIUM]","[PREMIUM]","[PREMIUM]",false,true,"658f454f9538aba58c16b7d2","['650c88095336f50001a4d1e2']","[PREMIUM]","[PREMIUM]"
"6931f776b411e556be751caa","2026-03-02 09:10:44.228","2026-03-15 00:06:21.483","6931f776b411e556be751caa","Flip Orley","comedy","2026-05-24 18:00:00","2026-05-25 01:00:00","2026-05-25 01:00:00",false,false,false,"[PREMIUM]","[PREMIUM]","[PREMIUM]","[PREMIUM]","[PREMIUM]","[PREMIUM]",false,true,"6140f70d57ef78000189b752","['6811026e063c51cba080c1ca']","[PREMIUM]","[PREMIUM]"
"6931f776051595248f83a61b","2026-03-02 09:10:44.228","2026-03-15 00:06:14.385","6931f776051595248f83a61b","Flip Orley","comedy","2026-05-23 20:30:00","2026-05-24 03:30:00","2026-05-24 03:30:00",false,false,false,"[PREMIUM]","[PREMIUM]","[PREMIUM]","[PREMIUM]","[PREMIUM]","[PREMIUM]",false,true,"6140f70d57ef78000189b752","['6811026e063c51cba080c1ca']","[PREMIUM]","[PREMIUM]"
"6931ee9418f984723551e8f1","2026-03-02 09:10:44.228","2026-03-15 00:06:14.385","6931ee9418f984723551e8f1","Martin Garrix","music","2026-05-23 21:00:00","2026-05-24 02:00:00","2026-05-24 03:00:00",false,false,false,"[PREMIUM]","[PREMIUM]","[PREMIUM]","[PREMIUM]","[PREMIUM]","[PREMIUM]",false,false,"5a5652c0f8cd47001307ceb9","['58cc737ff80c412fdc600d29']","[PREMIUM]","[PREMIUM]"
"69306631f7c27e8df35b6f97","2026-03-02 09:10:44.228","2026-03-15 00:06:21.483","69306631f7c27e8df35b6f97","Popovich Comedy Pet Theater","comedy","2026-05-24 14:30:00","2026-05-24 21:30:00","2026-05-24 21:30:00",false,false,false,"[PREMIUM]","[PREMIUM]","[PREMIUM]","[PREMIUM]","[PREMIUM]","[PREMIUM]",false,true,"65c68eea463851cc713158ae","['66103916f01dc732f83759c9']","[PREMIUM]","[PREMIUM]"
"693065d1f7c27e8df35b6f88","2026-03-02 09:10:44.228","2026-03-15 00:06:14.385","693065d1f7c27e8df35b6f88","The Chainsmokers","music","2026-05-23 22:30:00","2026-05-24 05:30:00","2026-05-24 06:30:00",false,false,false,"[PREMIUM]","[PREMIUM]","[PREMIUM]","[PREMIUM]","[PREMIUM]","[PREMIUM]",false,false,"5e3d98e5ba3b43003c452732","['563aa50df80c416ba5000003']","[PREMIUM]","[PREMIUM]"
"692fc2b23760ce8f17bac3a3","2026-03-02 09:10:44.228","2026-03-15 00:06:21.483","692fc2b23760ce8f17bac3a3","Kinky Boots","theater","2026-05-24 14:00:00","2026-05-24 18:00:00","2026-05-24 19:00:00",false,false,false,"[PREMIUM]","[PREMIUM]","[PREMIUM]","[PREMIUM]","[PREMIUM]","[PREMIUM]",false,true,"66e89f7fe8afc2e9570894d2","['58237d77f80c4116abfa0cab']","[PREMIUM]","[PREMIUM]"
"692fc2b2147d9630f0602519","2026-03-02 09:10:44.228","2026-03-15 00:06:14.385","692fc2b2147d9630f0602519","Kinky Boots","theater","2026-05-23 19:30:00","2026-05-23 23:30:00","2026-05-24 00:30:00",false,false,false,"[PREMIUM]","[PREMIUM]","[PREMIUM]","[PREMIUM]","[PREMIUM]","[PREMIUM]",false,false,"66e89f7fe8afc2e9570894d2","['58237d77f80c4116abfa0cab']","[PREMIUM]","[PREMIUM]"
"692f8838147d9630f06014ef","2026-03-02 09:10:44.228","2026-03-15 00:06:21.483","692f8838147d9630f06014ef","Dance With The Dead and Magic Sword","music","2026-05-24 19:00:00","2026-05-25 02:00:00","2026-05-25 03:30:00",false,false,false,"[PREMIUM]","[PREMIUM]","[PREMIUM]","[PREMIUM]","[PREMIUM]","[PREMIUM]",false,false,"57c4d064f80c412715be6457","['5b47735e73438b0013db9a45']","[PREMIUM]","[PREMIUM]"
"6925fcc1865482b9ce9aa30d","2026-03-02 09:10:44.228","2026-03-15 00:06:14.385","6925fcc1865482b9ce9aa30d","California Roots Music and Arts Festival - Sunday","music","2026-05-24 11:00:00","2026-05-24 18:00:00","2026-05-25 01:33:20",false,false,false,"[PREMIUM]","[PREMIUM]","[PREMIUM]","[PREMIUM]","[PREMIUM]","[PREMIUM]",false,true,"67e3125a3d30140f80c0e460","['67f564d5c73797d1ee3f85aa']","[PREMIUM]","[PREMIUM]"
"6925f9897540af1d955d3322","2026-03-02 09:10:44.228","2026-03-15 00:06:14.385","6925f9897540af1d955d3322","Bret Michaels (21+ Event)","music","2026-05-23 20:00:00","2026-05-24 00:00:00","2026-05-24 01:30:00",false,false,false,"[PREMIUM]","[PREMIUM]","[PREMIUM]","[PREMIUM]","[PREMIUM]","[PREMIUM]",false,true,"67e3124b756981b00d96cefa","['638e4393dce4e600011dee82']","[PREMIUM]","[PREMIUM]"
"6925f6db7266ef73ba573c62","2026-03-02 09:10:44.228","2026-03-15 00:06:21.483","6925f6db7266ef73ba573c62","Clue","theater","2026-05-24 19:00:00","2026-05-24 23:00:00","2026-05-24 23:00:00",false,false,false,"[PREMIUM]","[PREMIUM]","[PREMIUM]","[PREMIUM]","[PREMIUM]","[PREMIUM]",false,false,"63a216396ee6090001f57cd2","['65cd0b4ee73bc045ffba6a18']","[PREMIUM]","[PREMIUM]"
"6925f40bf47392d2a8028aa1","2026-03-02 09:10:44.228","2026-03-15 00:06:14.385","6925f40bf47392d2a8028aa1","DRI - Dirty Rotten Imbeciles (17+ Event)","music","2026-05-23 20:00:00","2026-05-24 01:00:00","2026-05-24 02:30:00",false,false,false,"[PREMIUM]","[PREMIUM]","[PREMIUM]","[PREMIUM]","[PREMIUM]","[PREMIUM]",false,true,"658f47f8474a4905326e3689","['62fc09e8368f110001cc2e19']","[PREMIUM]","[PREMIUM]"
"6925dca37266ef73ba5732e9","2026-03-02 09:10:44.228","2026-03-15 00:06:21.483","6925dca37266ef73ba5732e9","The Book Of Mormon","theater","2026-05-24 19:00:00","2026-05-24 23:00:00","2026-05-25 00:00:00",false,false,false,"[PREMIUM]","[PREMIUM]","[PREMIUM]","[PREMIUM]","[PREMIUM]","[PREMIUM]",false,false,"5824f160cde6626ebe564cd3","['582525dff80c4177c17c7aa6']","[PREMIUM]","[PREMIUM]"
"6925dca326e3825b10021c90","2026-03-02 09:10:44.228","2026-03-15 00:06:21.483","6925dca326e3825b10021c90","The Book Of Mormon","theater","2026-05-24 14:00:00","2026-05-24 18:00:00","2026-05-24 19:00:00",false,false,false,"[PREMIUM]","[PREMIUM]","[PREMIUM]","[PREMIUM]","[PREMIUM]","[PREMIUM]",false,false,"5824f160cde6626ebe564cd3","['582525dff80c4177c17c7aa6']","[PREMIUM]","[PREMIUM]"
"6925da822270cd2118a77b61","2026-03-02 09:10:44.228","2026-03-15 00:06:14.385","6925da822270cd2118a77b61","Radel Ortiz","comedy","2026-05-23 21:15:00","2026-05-24 02:15:00","2026-05-24 02:15:00",false,false,false,"[PREMIUM]","[PREMIUM]","[PREMIUM]","[PREMIUM]","[PREMIUM]","[PREMIUM]",false,true,"669ed0ec152462944a58f807","['664b9bdebe116758cec4183d']","[PREMIUM]","[PREMIUM]"
"6925d8e5d2dc0c5ca204e726","2026-03-02 09:10:44.228","2026-03-15 00:06:14.385","6925d8e5d2dc0c5ca204e726","Desi Banks","comedy","2026-05-23 21:15:00","2026-05-24 01:15:00","2026-05-24 02:45:00",false,false,false,"[PREMIUM]","[PREMIUM]","[PREMIUM]","[PREMIUM]","[PREMIUM]","[PREMIUM]",false,true,"66c9196b8347927d88766d52","['62b9d32701ec09000113220b']","[PREMIUM]","[PREMIUM]"
"6925d8e52270cd2118a77a68","2026-03-02 09:10:44.228","2026-03-15 00:06:21.483","6925d8e52270cd2118a77a68","Desi Banks","comedy","2026-05-24 18:00:00","2026-05-24 22:00:00","2026-05-24 23:30:00",false,false,false,"[PREMIUM]","[PREMIUM]","[PREMIUM]","[PREMIUM]","[PREMIUM]","[PREMIUM]",false,true,"66c9196b8347927d88766d52","['62b9d32701ec09000113220b']","[PREMIUM]","[PREMIUM]"
"691fd7db47c1f3cf2379a2de","2026-03-02 09:10:44.228","2026-03-15 00:06:21.483","691fd7db47c1f3cf2379a2de","Philadelphia Union at Inter Miami CF","mls","2026-05-24 19:00:00","2026-05-24 23:00:00","2026-05-24 23:45:00",false,false,false,"[PREMIUM]","[PREMIUM]","[PREMIUM]","[PREMIUM]","[PREMIUM]","[PREMIUM]",true,false,"6920dc237266ef73ba55cad9","['5df192d41d9696003ad23f7d','53acb8ac3bf3760237000011']","[PREMIUM]","[PREMIUM]"
"691fd5d7a7aaf51b32ea0bc8","2026-03-02 09:10:44.228","2026-03-15 00:06:21.483","691fd5d7a7aaf51b32ea0bc8","Seattle Sounders FC at Los Angeles FC","mls","2026-05-24 18:00:00","2026-05-25 01:00:00","2026-05-25 01:45:00",false,false,false,"[PREMIUM]","[PREMIUM]","[PREMIUM]","[PREMIUM]","[PREMIUM]","[PREMIUM]",false,false,"5a4fc684f440de00136a0def","['5a4fbec425f2c57287343140','53acb8ad3bf3760237000013']","[PREMIUM]","[PREMIUM]"
"691fd5d54f7e31ad7263f75a","2026-03-02 09:10:44.228","2026-03-15 00:06:14.385","691fd5d54f7e31ad7263f75a","Houston Dynamo at Los Angeles Galaxy","mls","2026-05-23 19:30:00","2026-05-24 02:30:00","2026-05-24 03:15:00",false,false,false,"[PREMIUM]","[PREMIUM]","[PREMIUM]","[PREMIUM]","[PREMIUM]","[PREMIUM]",false,false,"538794ad21efd360b1000006","['539619583bf37601f600001b','53beec0d3bf376503f000009']","[PREMIUM]","[PREMIUM]"
"691fd109868262af608d0944","2026-03-02 09:10:44.228","2026-03-15 00:06:14.385","691fd109868262af608d0944","FC Dallas at Colorado Rapids","mls","2026-05-23 19:30:00","2026-05-24 01:30:00","2026-05-24 02:15:00",false,false,false,"[PREMIUM]","[PREMIUM]","[PREMIUM]","[PREMIUM]","[PREMIUM]","[PREMIUM]",false,false,"53acb8a23bf3760237000007","['53acb8ae3bf3760237000015','539619583bf37601f600001f']","[PREMIUM]","[PREMIUM]"
"691fd0d35f9df34e3477b354","2026-03-02 09:10:44.228","2026-03-15 00:06:14.385","691fd0d35f9df34e3477b354","New York City FC at Nashville SC","mls","2026-05-23 19:30:00","2026-05-24 00:30:00","2026-05-24 01:15:00",false,false,false,"[PREMIUM]","[PREMIUM]","[PREMIUM]","[PREMIUM]","[PREMIUM]","[PREMIUM]",false,false,"620e9a2adbd46a0001e7d105","['5aa95bac859ef10013a98758','54d411ec64f96206c6000002']","[PREMIUM]","[PREMIUM]"
"691fcf28553e36f03ef773ce","2026-03-02 09:10:44.228","2026-03-15 00:06:14.385","691fcf28553e36f03ef773ce","Toronto FC at Chicago Fire FC","mls","2026-05-23 19:30:00","2026-05-24 00:30:00","2026-05-24 01:15:00",false,false,false,"[PREMIUM]","[PREMIUM]","[PREMIUM]","[PREMIUM]","[PREMIUM]","[PREMIUM]",false,false,"53dd5ae63bf3762174000001","['539619573bf37601f6000017','5502169164f96222a6000003']","[PREMIUM]","[PREMIUM]"
"691fcec3467ad132be42c836","2026-03-02 09:10:44.228","2026-03-15 00:06:14.385","691fcec3467ad132be42c836","New York Red Bulls at Sporting Kansas City","mls","2026-05-23 19:30:00","2026-05-24 00:30:00","2026-05-24 01:15:00",false,false,false,"[PREMIUM]","[PREMIUM]","[PREMIUM]","[PREMIUM]","[PREMIUM]","[PREMIUM]",true,false,"540e3ed53bf3761e69000001","['53c03a473bf37612c400000a','539619573bf37601f6000019']","[PREMIUM]","[PREMIUM]"
"691fcd78cdcc919648baf0d9","2026-03-02 09:10:44.228","2026-03-15 00:06:14.385","691fcd78cdcc919648baf0d9","Orlando City SC at FC Cincinnati","mls","2026-05-23 19:30:00","2026-05-23 23:30:00","2026-05-24 01:00:00",false,false,false,"[PREMIUM]","[PREMIUM]","[PREMIUM]","[PREMIUM]","[PREMIUM]","[PREMIUM]",false,false,"60b047cc77d356000175a48c","['5775aef4f80c4140355d346f','557a4947a2e3a903f8000004']","[PREMIUM]","[PREMIUM]"
"691fbb33ad41aebe8e15a4b4","2026-03-02 09:10:44.228","2026-03-15 00:06:14.385","691fbb33ad41aebe8e15a4b4","New England Revolution at Charlotte FC","mls","2026-05-23 19:30:00","2026-05-23 23:30:00","2026-05-24 01:00:00",false,false,false,"[PREMIUM]","[PREMIUM]","[PREMIUM]","[PREMIUM]","[PREMIUM]","[PREMIUM]",false,false,"542b34f43bf3763dba000001","['6196de818ec6a50001dfc08b','539619573bf37601f6000015']","[PREMIUM]","[PREMIUM]"
"691fba05a7aaf51b32ea003a","2026-03-02 09:10:44.228","2026-03-15 00:06:21.483","691fba05a7aaf51b32ea003a","Atlanta United at Columbus Crew","mls","2026-05-24 17:00:00","2026-05-24 21:00:00","2026-05-24 21:45:00",false,false,false,"[PREMIUM]","[PREMIUM]","[PREMIUM]","[PREMIUM]","[PREMIUM]","[PREMIUM]",false,false,"60da3f2e9eeeb0000118f396","['53c03a473bf37612c4000008','5876a270f80c416b93eed779']","[PREMIUM]","[PREMIUM]"
"691fb6517266ef73ba556aee","2026-03-02 09:10:44.228","2026-03-15 00:06:14.385","691fb6517266ef73ba556aee","CF Montreal at DC United","mls","2026-05-23 19:30:00","2026-05-23 23:30:00","2026-05-24 00:15:00",false,false,false,"[PREMIUM]","[PREMIUM]","[PREMIUM]","[PREMIUM]","[PREMIUM]","[PREMIUM]",true,false,"5a4fde77f440de00136a0df0","['53acb8ac3bf376023700000f','5543bc2478fea57857000003']","[PREMIUM]","[PREMIUM]"
"691f7c79ad41aebe8e157ac0","2026-03-02 09:10:44.228","2026-03-15 00:06:21.483","691f7c79ad41aebe8e157ac0","Greenville Drive at Frederick Keys","milb","2026-05-24 15:00:00","2026-05-24 19:00:00","2026-05-24 19:00:00",false,false,false,"[PREMIUM]","[PREMIUM]","[PREMIUM]","[PREMIUM]","[PREMIUM]","[PREMIUM]",false,false,"689d10fc6d48fbed6a0c3d6b","['689f472d2cfccc82740d8d6b','63f664ca81159a0001585090']","[PREMIUM]","[PREMIUM]"
"691f7bc5bb6cdd2db1fdbdb1","2026-03-02 09:10:44.228","2026-03-15 00:06:14.385","691f7bc5bb6cdd2db1fdbdb1","& Juliet","theater","2026-05-24 13:00:00","2026-05-24 17:00:00","2026-05-24 17:00:00",false,false,false,"[PREMIUM]","[PREMIUM]","[PREMIUM]","[PREMIUM]","[PREMIUM]","[PREMIUM]",false,false,"5ad8d9a1c8260e0013d1e79f","['648b490a85ab3300016fc5df']","[PREMIUM]","[PREMIUM]"
"691f7bc4c82e73e32e496f1f","2026-03-02 09:10:44.228","2026-03-15 00:06:14.385","691f7bc4c82e73e32e496f1f","& Juliet","theater","2026-05-23 20:00:00","2026-05-24 00:00:00","2026-05-24 00:00:00",false,false,false,"[PREMIUM]","[PREMIUM]","[PREMIUM]","[PREMIUM]","[PREMIUM]","[PREMIUM]",false,false,"5ad8d9a1c8260e0013d1e79f","['648b490a85ab3300016fc5df']","[PREMIUM]","[PREMIUM]"
"691f7bc3216ac786c13327b0","2026-03-02 09:10:44.228","2026-03-15 00:06:21.483","691f7bc3216ac786c13327b0","& Juliet","theater","2026-05-24 18:30:00","2026-05-24 22:30:00","2026-05-24 22:30:00",false,false,false,"[PREMIUM]","[PREMIUM]","[PREMIUM]","[PREMIUM]","[PREMIUM]","[PREMIUM]",false,false,"5ad8d9a1c8260e0013d1e79f","['648b490a85ab3300016fc5df']","[PREMIUM]","[PREMIUM]"
"691d16efa7aaf51b32e8b802","2026-03-02 09:10:44.228","2026-03-15 00:06:14.385","691d16efa7aaf51b32e8b802","Jim Breuer","comedy","2026-05-23 20:00:00","2026-05-24 00:00:00","2026-05-24 01:30:00",false,false,false,"[PREMIUM]","[PREMIUM]","[PREMIUM]","[PREMIUM]","[PREMIUM]","[PREMIUM]",false,false,"57e2e56f50575d33c8a41c92","['5d4b0fa556c059003678552f']","[PREMIUM]","[PREMIUM]"
"691cf2c9223e3b5b545d806e","2026-03-02 09:10:44.228","2026-03-15 00:06:21.483","691cf2c9223e3b5b545d806e","Sesame Street Live - Elmos Got The Moves","theater","2026-05-24 16:00:00","2026-05-24 23:00:00","2026-05-25 00:00:00",false,false,false,"[PREMIUM]","[PREMIUM]","[PREMIUM]","[PREMIUM]","[PREMIUM]","[PREMIUM]",false,false,"669982064c573ce512ef39d8","['5a5fb5eb25f2c506480c578b']","[PREMIUM]","[PREMIUM]"
"691cf24d26e3825b10fef3ab","2026-03-02 09:10:44.228","2026-03-15 00:06:21.483","691cf24d26e3825b10fef3ab","Michael Franti and Spearhead","music","2026-05-24 19:00:00","2026-05-25 02:00:00","2026-05-25 03:00:00",false,false,false,"[PREMIUM]","[PREMIUM]","[PREMIUM]","[PREMIUM]","[PREMIUM]","[PREMIUM]",false,true,"637424f497b7fd00013cf7ad","['58f69025f80c41508c8920a8']","[PREMIUM]","[PREMIUM]"
"691cbc9fbdb56624d92d0172","2026-03-02 09:10:44.228","2026-03-15 00:06:14.385","691cbc9fbdb56624d92d0172","L8NITE Comedy","comedy","2026-05-23 23:30:00","2026-05-24 06:30:00","2026-05-24 06:30:00",false,false,false,"[PREMIUM]","[PREMIUM]","[PREMIUM]","[PREMIUM]","[PREMIUM]","[PREMIUM]",false,true,"63e6a8b18d0aad0001987d37","['673fba4873abf3b13feaad0b']","[PREMIUM]","[PREMIUM]"
"691cbb36e53291f6b6d3244f","2026-03-02 09:10:44.228","2026-03-15 00:06:21.483","691cbb36e53291f6b6d3244f","Harry Potter and the Cursed Child","theater","2026-05-24 19:00:00","2026-05-24 23:00:00","2026-05-25 00:00:00",false,false,false,"[PREMIUM]","[PREMIUM]","[PREMIUM]","[PREMIUM]","[PREMIUM]","[PREMIUM]",false,false,"5824b86dcde6626ebe549930","['5a3c554825f2c51d4ed4e8d2']","[PREMIUM]","[PREMIUM]"
"691cbb3549e5d9fc493e16af","2026-03-02 09:10:44.228","2026-03-15 00:06:14.385","691cbb3549e5d9fc493e16af","Harry Potter and the Cursed Child","theater","2026-05-24 13:00:00","2026-05-24 17:00:00","2026-05-24 18:00:00",false,false,false,"[PREMIUM]","[PREMIUM]","[PREMIUM]","[PREMIUM]","[PREMIUM]","[PREMIUM]",false,false,"5824b86dcde6626ebe549930","['5a3c554825f2c51d4ed4e8d2']","[PREMIUM]","[PREMIUM]"
"691cbb2e223e3b5b545d5a8c","2026-03-02 09:10:44.228","2026-03-15 00:06:14.385","691cbb2e223e3b5b545d5a8c","Harry Potter and the Cursed Child","theater","2026-05-23 20:00:00","2026-05-24 00:00:00","2026-05-24 01:00:00",false,false,false,"[PREMIUM]","[PREMIUM]","[PREMIUM]","[PREMIUM]","[PREMIUM]","[PREMIUM]",false,false,"5824b86dcde6626ebe549930","['5a3c554825f2c51d4ed4e8d2']","[PREMIUM]","[PREMIUM]"
"691c6919bdb56624d92cd546","2026-03-02 09:10:44.228","2026-03-15 00:06:21.483","691c6919bdb56624d92cd546","Kam Patterson","comedy","2026-05-24 18:00:00","2026-05-24 22:00:00","2026-05-24 22:00:00",false,false,false,"[PREMIUM]","[PREMIUM]","[PREMIUM]","[PREMIUM]","[PREMIUM]","[PREMIUM]",false,true,"6621841168236e0da4997685","['65d7a1c164f4a0913e5fae28']","[PREMIUM]","[PREMIUM]"
"691c6919bbd80bf903955778","2026-03-02 09:10:44.228","2026-03-15 00:06:14.385","691c6919bbd80bf903955778","Kam Patterson","comedy","2026-05-23 21:15:00","2026-05-24 01:15:00","2026-05-24 01:15:00",false,false,false,"[PREMIUM]","[PREMIUM]","[PREMIUM]","[PREMIUM]","[PREMIUM]","[PREMIUM]",false,true,"6621841168236e0da4997685","['65d7a1c164f4a0913e5fae28']","[PREMIUM]","[PREMIUM]"
"691c1587b950bd140a593233","2026-03-02 09:10:44.228","2026-03-15 00:06:14.385","691c1587b950bd140a593233","Brit Floyd The Moon, The Wall and Beyond!","music","2026-05-23 20:00:00","2026-05-24 01:00:00","2026-05-24 02:00:00",false,false,false,"[PREMIUM]","[PREMIUM]","[PREMIUM]","[PREMIUM]","[PREMIUM]","[PREMIUM]",false,false,"58b1e1dccde6626ebeb0ceb6","['58a7935df80c41494ff7ce4f']","[PREMIUM]","[PREMIUM]"
"691bfd337d489a005305a7e3","2026-03-02 09:10:44.228","2026-03-15 00:06:21.483","691bfd337d489a005305a7e3","Stars On Ice","theater","2026-05-24 16:00:00","2026-05-24 23:00:00","2026-05-25 00:00:00",false,false,false,"[PREMIUM]","[PREMIUM]","[PREMIUM]","[PREMIUM]","[PREMIUM]","[PREMIUM]",false,false,"5bc7586d2ee08100160af97d","['5890d40af80c411d950ade4b']","[PREMIUM]","[PREMIUM]"
"691bc61d467ad132be40df53","2026-03-02 09:10:44.228","2026-03-15 00:06:14.385","691bc61d467ad132be40df53","Ron White","comedy","2026-05-23 20:00:00","2026-05-24 03:00:00","2026-05-24 04:30:00",false,false,false,"[PREMIUM]","[PREMIUM]","[PREMIUM]","[PREMIUM]","[PREMIUM]","[PREMIUM]",false,true,"65badf49d80c97349153ce21","['5b281baf140b45001339401e']","[PREMIUM]","[PREMIUM]"
"691b899974e7017d10ef3220","2026-03-02 09:10:44.228","2026-03-15 00:06:14.385","691b899974e7017d10ef3220","Goo Goo Dolls","music","2026-05-23 20:30:00","2026-05-24 03:30:00","2026-05-24 04:30:00",false,false,false,"[PREMIUM]","[PREMIUM]","[PREMIUM]","[PREMIUM]","[PREMIUM]","[PREMIUM]",false,false,"61c11c63a18b1100016eac31","['578ffce0f80c412206b11463']","[PREMIUM]","[PREMIUM]"
"69190631b950bd140a5878b5","2026-03-02 09:10:44.228","2026-03-15 00:06:21.483","69190631b950bd140a5878b5","Beetlejuice","theater","2026-05-24 19:30:00","2026-05-24 23:30:00","2026-05-25 01:00:00",false,false,false,"[PREMIUM]","[PREMIUM]","[PREMIUM]","[PREMIUM]","[PREMIUM]","[PREMIUM]",false,false,"67ae2ed6426d8edbfae04525","['5d28ded112ed26003bc2ff38']","[PREMIUM]","[PREMIUM]"
"6917b7a448a7120aa5a2f06d","2026-03-02 09:10:44.228","2026-03-15 00:06:14.385","6917b7a448a7120aa5a2f06d","French Open: Round 1 - Ladies and Gentlemens Singles (Outside Courts Only)","atp","2026-05-24 11:00:00","2026-05-24 09:00:00","2026-05-24 09:00:00",false,false,false,"[PREMIUM]","[PREMIUM]","[PREMIUM]","[PREMIUM]","[PREMIUM]","[PREMIUM]",false,false,"681d40a22d30fa36854beff0","['682b783d5025dcb59d1f2c12']","[PREMIUM]","[PREMIUM]"
"691630f0719ae435dba126ce","2026-03-02 09:10:44.228","2026-03-15 00:06:14.385","691630f0719ae435dba126ce","Griztronics - GriZ (Sunday)","music","2026-05-24 12:00:00","2026-05-24 19:00:00","2026-05-25 00:00:00",false,true,false,"[PREMIUM]","[PREMIUM]","[PREMIUM]","[PREMIUM]","[PREMIUM]","[PREMIUM]",false,false,"56d091e9f80c4126b4000002","['69162e4a719ae435dba125f4','57c9b008f80c417876553deb','6155d4df32ca2700019856a8']","[PREMIUM]","[PREMIUM]"
"69154aff6884c7c9b271a57d","2026-03-02 09:10:44.228","2026-03-15 00:06:14.385","69154aff6884c7c9b271a57d","2026 Suenos - Sunday (Fuerza Regida)","music","2026-05-24 12:00:00","2026-05-24 17:00:00","2026-05-24 18:30:00",false,false,false,"[PREMIUM]","[PREMIUM]","[PREMIUM]","[PREMIUM]","[PREMIUM]","[PREMIUM]",false,false,"56f175c3f80c417931000001","['620ac870164bf00001fedd66']","[PREMIUM]","[PREMIUM]"
"6913ba1ffcf50d5cd7457796","2026-03-02 09:10:44.228","2026-03-15 00:06:14.385","6913ba1ffcf50d5cd7457796","Joe Jackson","music","2026-05-23 20:00:00","2026-05-24 01:00:00","2026-05-24 02:30:00",false,false,false,"[PREMIUM]","[PREMIUM]","[PREMIUM]","[PREMIUM]","[PREMIUM]","[PREMIUM]",false,true,"64b826a7af6514000161083a","['61a7b7637daaff00010fdfe7']","[PREMIUM]","[PREMIUM]"
"69132cf17feddb20fde09a0f","2026-03-02 09:10:44.228","2026-03-15 00:06:14.385","69132cf17feddb20fde09a0f","Chicago","music","2026-05-23 20:00:00","2026-05-24 00:00:00","2026-05-24 01:00:00",false,false,false,"[PREMIUM]","[PREMIUM]","[PREMIUM]","[PREMIUM]","[PREMIUM]","[PREMIUM]",false,false,"66feebb34ac8b8db8802cf21","['586c8fdef80c417bcb64600d']","[PREMIUM]","[PREMIUM]"
"69124e4a058e11476eadf66e","2026-03-02 09:10:44.228","2026-03-15 00:06:14.385","69124e4a058e11476eadf66e","Carlos Vives","music","2026-05-23 20:00:00","2026-05-24 00:00:00","2026-05-24 01:30:00",false,false,false,"[PREMIUM]","[PREMIUM]","[PREMIUM]","[PREMIUM]","[PREMIUM]","[PREMIUM]",false,false,"544ad8743bf3764587000001","['5b6b5a2fe5a37a0013cd48f0']","[PREMIUM]","[PREMIUM]"
"691249a1f29f2f2ea3bda74c","2026-03-02 09:10:44.228","2026-03-15 00:06:21.483","691249a1f29f2f2ea3bda74c","Carlos Vives - Al Sol","music","2026-05-24 20:00:00","2026-05-25 00:00:00","2026-05-25 01:30:00",false,false,false,"[PREMIUM]","[PREMIUM]","[PREMIUM]","[PREMIUM]","[PREMIUM]","[PREMIUM]",false,false,"545d4acf3bf3762bdb000003","['5b6b5a2fe5a37a0013cd48f0']","[PREMIUM]","[PREMIUM]"
"690f3a583c1a1e8e4c05acd2","2026-03-02 09:10:44.228","2026-03-15 00:06:14.385","690f3a583c1a1e8e4c05acd2","Laugh Factory (18+ Event)","comedy","2026-05-23 19:30:00","2026-05-24 02:30:00","2026-05-24 02:30:00",false,false,false,"[PREMIUM]","[PREMIUM]","[PREMIUM]","[PREMIUM]","[PREMIUM]","[PREMIUM]",false,false,"61e072c5ee02da00019d6dae","['658c6eed71b106d7496c0a41']","[PREMIUM]","[PREMIUM]"
"690f3a56b0d0fa8440f4a683","2026-03-02 09:10:44.228","2026-03-15 00:06:14.385","690f3a56b0d0fa8440f4a683","Laugh Factory (18+ Event)","comedy","2026-05-23 21:30:00","2026-05-24 04:30:00","2026-05-24 04:30:00",false,false,false,"[PREMIUM]","[PREMIUM]","[PREMIUM]","[PREMIUM]","[PREMIUM]","[PREMIUM]",false,false,"61e072c5ee02da00019d6dae","['658c6eed71b106d7496c0a41']","[PREMIUM]","[PREMIUM]"
"690f3a55c031aba974f43adb","2026-03-02 09:10:44.228","2026-03-15 00:06:21.483","690f3a55c031aba974f43adb","Laugh Factory (18+ Event)","comedy","2026-05-24 19:30:00","2026-05-25 02:30:00","2026-05-25 02:30:00",false,false,false,"[PREMIUM]","[PREMIUM]","[PREMIUM]","[PREMIUM]","[PREMIUM]","[PREMIUM]",false,false,"61e072c5ee02da00019d6dae","['658c6eed71b106d7496c0a41']","[PREMIUM]","[PREMIUM]"
"690de8d670b5434209180a11","2026-03-02 09:10:44.228","2026-03-15 00:06:14.385","690de8d670b5434209180a11","Heathers - The Musical","theater","2026-05-23 19:30:00","2026-05-23 23:30:00","2026-05-23 23:30:00",false,false,false,"[PREMIUM]","[PREMIUM]","[PREMIUM]","[PREMIUM]","[PREMIUM]","[PREMIUM]",false,true,"5a74ba8ebf2ea1000ff1a72e","['67ec653f9bad3060039b0712']","[PREMIUM]","[PREMIUM]"
"690de8d4d7b293169a453d5c","2026-03-02 09:10:44.228","2026-03-15 00:06:21.483","690de8d4d7b293169a453d5c","Heathers - The Musical","theater","2026-05-24 14:00:00","2026-05-24 18:00:00","2026-05-24 18:00:00",false,false,false,"[PREMIUM]","[PREMIUM]","[PREMIUM]","[PREMIUM]","[PREMIUM]","[PREMIUM]",false,false,"5a74ba8ebf2ea1000ff1a72e","['67ec653f9bad3060039b0712']","[PREMIUM]","[PREMIUM]"
"690d7e3479ecc8af2db4e406","2026-03-02 09:10:44.228","2026-03-15 00:06:14.385","690d7e3479ecc8af2db4e406","We Them Ones Comedy Tour","comedy","2026-05-23 20:00:00","2026-05-24 03:00:00","2026-05-24 03:00:00",false,false,false,"[PREMIUM]","[PREMIUM]","[PREMIUM]","[PREMIUM]","[PREMIUM]","[PREMIUM]",false,false,"60b7e395e700f4000126fedb","['654d50a4c6085770d8f84321']","[PREMIUM]","[PREMIUM]"
"690d472e9b14bc7a3167dcc5","2026-03-02 09:10:44.228","2026-03-15 00:06:14.385","690d472e9b14bc7a3167dcc5","Ragtime","theater","2026-05-23 20:00:00","2026-05-24 00:00:00","2026-05-24 01:30:00",false,false,false,"[PREMIUM]","[PREMIUM]","[PREMIUM]","[PREMIUM]","[PREMIUM]","[PREMIUM]",false,false,"657ca917bfcf8d7dd21ae28e","['5b32d5aebfe243001221f76e']","[PREMIUM]","[PREMIUM]"
"690d472e59705b19e760ec99","2026-03-02 09:10:44.228","2026-03-15 00:06:21.483","690d472e59705b19e760ec99","Ragtime","theater","2026-05-24 15:00:00","2026-05-24 19:00:00","2026-05-24 20:30:00",false,false,false,"[PREMIUM]","[PREMIUM]","[PREMIUM]","[PREMIUM]","[PREMIUM]","[PREMIUM]",false,true,"657ca917bfcf8d7dd21ae28e","['5b32d5aebfe243001221f76e']","[PREMIUM]","[PREMIUM]"
"690ce7cf225d37a3c59215e2","2026-03-02 09:10:44.228","2026-03-15 00:06:14.385","690ce7cf225d37a3c59215e2","Journey","music","2026-05-23 19:30:00","2026-05-23 23:30:00","2026-05-24 00:30:00",false,false,false,"[PREMIUM]","[PREMIUM]","[PREMIUM]","[PREMIUM]","[PREMIUM]","[PREMIUM]",false,false,"5d0cfbe379f881001ad8dd0c","['56eb070df80c417f84000002']","[PREMIUM]","[PREMIUM]"
"690bf218cb2656bb61ef9a99","2026-03-02 09:10:44.228","2026-03-15 00:06:14.385","690bf218cb2656bb61ef9a99","Riverdance","theater","2026-05-24 13:00:00","2026-05-24 19:00:00","2026-05-24 19:00:00",false,false,false,"[PREMIUM]","[PREMIUM]","[PREMIUM]","[PREMIUM]","[PREMIUM]","[PREMIUM]",false,true,"66fb242fe7b88a6c883f7e0c","['660edf87e888bc2ee59205ca']","[PREMIUM]","[PREMIUM]"
"690beafdefc27c1e64b46e6a","2026-03-02 09:10:44.228","2026-03-15 00:06:14.385","690beafdefc27c1e64b46e6a","The Scratch","music","2026-05-23 21:00:00","2026-05-24 04:00:00","2026-05-24 04:00:00",false,false,false,"[PREMIUM]","[PREMIUM]","[PREMIUM]","[PREMIUM]","[PREMIUM]","[PREMIUM]",false,true,"5a43f5956299af0013ef9ba7","['65563ce786798213b63d3034']","[PREMIUM]","[PREMIUM]"
"690a4ec7376c1d6132412d6b","2026-03-02 09:10:44.228","2026-03-15 00:06:14.385","690a4ec7376c1d6132412d6b","Sting","music","2026-05-23 20:00:00","2026-05-24 00:00:00","2026-05-24 01:00:00",false,false,false,"[PREMIUM]","[PREMIUM]","[PREMIUM]","[PREMIUM]","[PREMIUM]","[PREMIUM]",false,false,"57b39ea3f80c411b89b0b835","['577e6bcff80c4164a2f67efb']","[PREMIUM]","[PREMIUM]"
"69098adcaf848a0aa51fd044","2026-03-02 09:10:44.228","2026-03-15 00:06:21.483","69098adcaf848a0aa51fd044","Gabriel ""Fluffy"" Iglesias","comedy","2026-05-24 20:00:00","2026-05-25 03:00:00","2026-05-25 04:00:00",false,false,false,"[PREMIUM]","[PREMIUM]","[PREMIUM]","[PREMIUM]","[PREMIUM]","[PREMIUM]",false,false,"5ac3a48ff366c100132cd2ba","['59024aadf80c41545bf69f79']","[PREMIUM]","[PREMIUM]"
"69098adc9e9c7e1108b7dce7","2026-03-02 09:10:44.228","2026-03-15 00:06:14.385","69098adc9e9c7e1108b7dce7","Gabriel ""Fluffy"" Iglesias","comedy","2026-05-23 20:00:00","2026-05-24 03:00:00","2026-05-24 04:00:00",false,false,false,"[PREMIUM]","[PREMIUM]","[PREMIUM]","[PREMIUM]","[PREMIUM]","[PREMIUM]",false,false,"5ac3a48ff366c100132cd2ba","['59024aadf80c41545bf69f79']","[PREMIUM]","[PREMIUM]"
"690934ac40dba8dcb104a86c","2026-03-02 09:10:44.228","2026-03-15 00:06:21.483","690934ac40dba8dcb104a86c","Josh Gates Live!","theater","2026-05-24 19:00:00","2026-05-24 23:00:00","2026-05-24 23:00:00",false,false,false,"[PREMIUM]","[PREMIUM]","[PREMIUM]","[PREMIUM]","[PREMIUM]","[PREMIUM]",false,false,"5ae9e1666d5aa100126dbf64","['64dba02abf18690001c8004a']","[PREMIUM]","[PREMIUM]"
"69092ed46392903846becaaf","2026-03-02 09:10:44.228","2026-03-15 00:06:14.385","69092ed46392903846becaaf","Kimberly Akimbo","theater","2026-05-23 19:30:00","2026-05-23 23:30:00","2026-05-23 23:30:00",false,false,false,"[PREMIUM]","[PREMIUM]","[PREMIUM]","[PREMIUM]","[PREMIUM]","[PREMIUM]",false,true,"66b66e3a43bd07750c0a8fd8","['648b5fc2af13b6000110eb96']","[PREMIUM]","[PREMIUM]"
"69092ed42ddd9228e8c97f43","2026-03-02 09:10:44.228","2026-03-15 00:06:14.385","69092ed42ddd9228e8c97f43","Kimberly Akimbo","theater","2026-05-24 13:00:00","2026-05-24 17:00:00","2026-05-24 17:00:00",false,false,false,"[PREMIUM]","[PREMIUM]","[PREMIUM]","[PREMIUM]","[PREMIUM]","[PREMIUM]",false,true,"66b66e3a43bd07750c0a8fd8","['648b5fc2af13b6000110eb96']","[PREMIUM]","[PREMIUM]"
"69092ed4168028b21338a5d4","2026-03-02 09:10:44.228","2026-03-15 00:06:21.483","69092ed4168028b21338a5d4","Kimberly Akimbo","theater","2026-05-24 19:00:00","2026-05-24 23:00:00","2026-05-24 23:00:00",false,false,false,"[PREMIUM]","[PREMIUM]","[PREMIUM]","[PREMIUM]","[PREMIUM]","[PREMIUM]",false,true,"66b66e3a43bd07750c0a8fd8","['648b5fc2af13b6000110eb96']","[PREMIUM]","[PREMIUM]"
"69091057d3780924668a046c","2026-03-02 09:10:44.228","2026-03-15 00:06:14.385","69091057d3780924668a046c","Don McLean (21+ Events)","music","2026-05-23 19:30:00","2026-05-23 23:30:00","2026-05-24 01:00:00",false,false,false,"[PREMIUM]","[PREMIUM]","[PREMIUM]","[PREMIUM]","[PREMIUM]","[PREMIUM]",false,true,"66e207942b1cd154c9255860","['61b7d677d1f73e0001d14d58']","[PREMIUM]","[PREMIUM]"
"6908f6d9af848a0aa51f8800","2026-03-02 09:10:44.228","2026-03-15 00:06:14.385","6908f6d9af848a0aa51f8800","SEC Baseball Tournament - Session 8","cbs","2026-05-24 12:00:00","2026-05-24 17:00:00","2026-05-24 17:00:00",false,false,false,"[PREMIUM]","[PREMIUM]","[PREMIUM]","[PREMIUM]","[PREMIUM]","[PREMIUM]",false,false,"6806ade313318f9e0e35fbc9","['6806acc00e61e83f18b27367']","[PREMIUM]","[PREMIUM]"
"6908f3d7d566dd7a5564055d","2026-03-02 09:10:44.228","2026-03-15 00:06:14.385","6908f3d7d566dd7a5564055d","Tiffany Haddish (21+ Event)","comedy","2026-05-23 21:15:00","2026-05-24 02:15:00","2026-05-24 03:45:00",false,false,false,"[PREMIUM]","[PREMIUM]","[PREMIUM]","[PREMIUM]","[PREMIUM]","[PREMIUM]",false,true,"649c71513a10f70001ea34dc","['63bc72745a2a1200018d36a1']","[PREMIUM]","[PREMIUM]"
"6908f3d76392903846be9005","2026-03-02 09:10:44.228","2026-03-15 00:06:21.483","6908f3d76392903846be9005","2026 Big Ten Baseball Tournament - Sunday Mens Baseball","cbs","2026-05-24 14:00:00","2026-05-24 19:00:00","2026-05-24 20:30:00",false,false,false,"[PREMIUM]","[PREMIUM]","[PREMIUM]","[PREMIUM]","[PREMIUM]","[PREMIUM]",false,false,"5ab9332d5d09cc0013382129","['64595822245e090001276a47']","[PREMIUM]","[PREMIUM]"
"6908f3b2af848a0aa51f8424","2026-03-02 09:10:44.228","2026-03-15 00:06:14.385","6908f3b2af848a0aa51f8424","Soul Of Motown","music","2026-05-23 19:30:00","2026-05-24 02:30:00","2026-05-24 02:30:00",false,false,false,"[PREMIUM]","[PREMIUM]","[PREMIUM]","[PREMIUM]","[PREMIUM]","[PREMIUM]",false,false,"63bc985189e7820001307e16","['656e3e53078a1ec1ef3e160d']","[PREMIUM]","[PREMIUM]"
"6908f3b29e9c7e1108b791b8","2026-03-02 09:10:44.228","2026-03-15 00:06:21.483","6908f3b29e9c7e1108b791b8","Soul Of Motown","music","2026-05-24 19:30:00","2026-05-25 02:30:00","2026-05-25 02:30:00",false,false,false,"[PREMIUM]","[PREMIUM]","[PREMIUM]","[PREMIUM]","[PREMIUM]","[PREMIUM]",false,false,"63bc985189e7820001307e16","['656e3e53078a1ec1ef3e160d']","[PREMIUM]","[PREMIUM]"
"6908f37ed3fb06c081ed8ad2","2026-03-02 09:10:44.228","2026-03-15 00:06:21.483","6908f37ed3fb06c081ed8ad2","The Magic of Jen Kramer","other","2026-05-24 17:00:00","2026-05-25 00:00:00","2026-05-25 00:00:00",false,false,false,"[PREMIUM]","[PREMIUM]","[PREMIUM]","[PREMIUM]","[PREMIUM]","[PREMIUM]",false,false,"63bc985189e7820001307e16","['656e45f51c89e60d2de45e33']","[PREMIUM]","[PREMIUM]"
"6908f20cfd02e61ea0e6af39","2026-03-02 09:10:44.228","2026-03-15 00:06:21.483","6908f20cfd02e61ea0e6af39","Stranger Things - The First Shadow","theater","2026-05-24 19:00:00","2026-05-24 23:00:00","2026-05-24 23:00:00",false,false,false,"[PREMIUM]","[PREMIUM]","[PREMIUM]","[PREMIUM]","[PREMIUM]","[PREMIUM]",false,false,"5ac64c8bf366c100132cd377","['66e8acd5c5363c88f1edd060']","[PREMIUM]","[PREMIUM]"
"6908d76bfd02e61ea0e69734","2026-03-02 09:10:44.228","2026-03-15 00:06:14.385","6908d76bfd02e61ea0e69734","Stranger Things - The First Shadow","theater","2026-05-24 13:00:00","2026-05-24 17:00:00","2026-05-24 17:00:00",false,false,false,"[PREMIUM]","[PREMIUM]","[PREMIUM]","[PREMIUM]","[PREMIUM]","[PREMIUM]",true,false,"5ac64c8bf366c100132cd377","['66e8acd5c5363c88f1edd060']","[PREMIUM]","[PREMIUM]"
"6903ef6cd566dd7a5563414f","2026-03-02 09:10:44.228","2026-03-15 00:06:21.483","6903ef6cd566dd7a5563414f","The Lost Boys","theater","2026-05-24 15:00:00","2026-05-24 19:00:00","2026-05-24 19:00:00",false,false,false,"[PREMIUM]","[PREMIUM]","[PREMIUM]","[PREMIUM]","[PREMIUM]","[PREMIUM]",false,true,"67f99229c6ae74fe10d87f17","['6994ae176c2c887fdff0f989']","[PREMIUM]","[PREMIUM]"
"690295891c516ec4eb663fe8","2026-03-02 09:10:44.228","2026-03-15 00:06:21.483","690295891c516ec4eb663fe8","Hamilton","theater","2026-05-24 19:00:00","2026-05-24 23:00:00","2026-05-24 22:45:00",false,false,false,"[PREMIUM]","[PREMIUM]","[PREMIUM]","[PREMIUM]","[PREMIUM]","[PREMIUM]",false,false,"56d77ed8f80c4170dc000003","['5823759df80c415625c237a0']","[PREMIUM]","[PREMIUM]"
"69029585cd7b6057b6cd6674","2026-03-02 09:10:44.228","2026-03-15 00:06:14.385","69029585cd7b6057b6cd6674","Hamilton","theater","2026-05-24 13:00:00","2026-05-24 17:00:00","2026-05-24 16:45:00",false,false,false,"[PREMIUM]","[PREMIUM]","[PREMIUM]","[PREMIUM]","[PREMIUM]","[PREMIUM]",false,false,"56d77ed8f80c4170dc000003","['5823759df80c415625c237a0']","[PREMIUM]","[PREMIUM]"
"6901ba63571cef78e570a430","2026-03-02 09:10:44.228","2026-03-15 00:06:14.385","6901ba63571cef78e570a430","Marcus Miller","music","2026-05-23 19:30:00","2026-05-23 23:30:00","2026-05-23 23:30:00",false,false,false,"[PREMIUM]","[PREMIUM]","[PREMIUM]","[PREMIUM]","[PREMIUM]","[PREMIUM]",false,true,"64138a808d444a0001030f52","['664e5cbae209545748cff2a5']","[PREMIUM]","[PREMIUM]"
"690185e0e8e727ed7b2ba662","2026-03-02 09:10:44.228","2026-03-15 00:06:14.385","690185e0e8e727ed7b2ba662","The Last Dinner Party","music","2026-05-23 20:00:00","2026-05-24 03:00:00","2026-05-24 03:00:00",false,false,false,"[PREMIUM]","[PREMIUM]","[PREMIUM]","[PREMIUM]","[PREMIUM]","[PREMIUM]",false,false,"56413669f80c416283000003","['651204faf91cc02d7e07713f']","[PREMIUM]","[PREMIUM]"
"69010a8af3a1df2ff89f9495","2026-03-02 09:10:44.228","2026-03-15 00:06:21.483","69010a8af3a1df2ff89f9495","Marcus Miller","music","2026-05-24 20:00:00","2026-05-25 00:00:00","2026-05-25 00:00:00",false,false,false,"[PREMIUM]","[PREMIUM]","[PREMIUM]","[PREMIUM]","[PREMIUM]","[PREMIUM]",false,true,"5af475337d91ee0013bfb2cb","['664e5cbae209545748cff2a5']","[PREMIUM]","[PREMIUM]"
"69010a8ad041b1e387294a26","2026-03-02 09:10:44.228","2026-03-15 00:06:21.483","69010a8ad041b1e387294a26","Marcus Miller","music","2026-05-24 17:00:00","2026-05-24 21:00:00","2026-05-24 21:00:00",false,false,false,"[PREMIUM]","[PREMIUM]","[PREMIUM]","[PREMIUM]","[PREMIUM]","[PREMIUM]",false,true,"5af475337d91ee0013bfb2cb","['664e5cbae209545748cff2a5']","[PREMIUM]","[PREMIUM]"
"68ff8e00f6656115f8dffc1c","2026-03-02 09:10:44.228","2026-03-15 00:06:21.483","68ff8e00f6656115f8dffc1c","Demi Lovato","music","2026-05-24 20:00:00","2026-05-25 01:00:00","2026-05-25 02:00:00",false,false,false,"[PREMIUM]","[PREMIUM]","[PREMIUM]","[PREMIUM]","[PREMIUM]","[PREMIUM]",true,false,"60f9ed71298e6e0001f914ea","['578d5a8bf80c4111b8824d08']","[PREMIUM]","[PREMIUM]"
"68fd380be8032c90dfc764a5","2026-03-02 09:10:44.228","2026-03-15 00:06:21.483","68fd380be8032c90dfc764a5","Luenell at Jimmy Kimmel's Comedy Club (18+ Event)","comedy","2026-05-24 21:30:00","2026-05-25 04:30:00","2026-05-25 04:30:00",false,false,false,"[PREMIUM]","[PREMIUM]","[PREMIUM]","[PREMIUM]","[PREMIUM]","[PREMIUM]",false,true,"63e6a8b18d0aad0001987d37","['673fba4873abf3b13feaad0b','61e71a42a63e20000170b094']","[PREMIUM]","[PREMIUM]"
"68faad7975bfeab14b8abbfb","2026-03-02 09:10:44.228","2026-03-15 00:06:21.483","68faad7975bfeab14b8abbfb","Chet Faker","music","2026-05-24 20:00:00","2026-05-25 00:00:00","2026-05-25 01:00:00",false,false,false,"[PREMIUM]","[PREMIUM]","[PREMIUM]","[PREMIUM]","[PREMIUM]","[PREMIUM]",false,false,"57eaab67cde6626ebe3842d9","['5952e69925f2c578f06ac199']","[PREMIUM]","[PREMIUM]"
"68f959edee174d68b18bb136","2026-03-02 09:10:44.228","2026-03-15 00:06:14.385","68f959edee174d68b18bb136","Kane County Cougars at Fargo-Moorhead RedHawks","milb","2026-05-24 00:00:00","2026-05-24 05:00:00","2026-05-24 06:30:00",false,true,false,"[PREMIUM]","[PREMIUM]","[PREMIUM]","[PREMIUM]","[PREMIUM]","[PREMIUM]",false,false,"6441c6eeb42f840001463db5","['64407b351da1df00012fd548','5a94795cf089fe00137b0c06']","[PREMIUM]","[PREMIUM]"
"68f87988f3a8afd8fe74f8e6","2026-03-02 09:10:44.228","2026-03-15 00:06:21.483","68f87988f3a8afd8fe74f8e6","Chicago Dogs at Sioux Falls Canaries","milb","2026-05-24 16:05:00","2026-05-24 21:05:00","2026-05-24 21:05:00",false,false,false,"[PREMIUM]","[PREMIUM]","[PREMIUM]","[PREMIUM]","[PREMIUM]","[PREMIUM]",false,false,"65ce6a4b1c4be019c9dd2bb4","['667d97310de323cd0e45c17b','667d98e8ecf433a191b7bcdd']","[PREMIUM]","[PREMIUM]"
"68f80d2a78455775b227e81f","2026-03-02 09:10:44.228","2026-03-15 00:06:14.385","68f80d2a78455775b227e81f","NCAA Womens Lacrosse Championship","clax","2026-05-24 00:00:00","2026-05-24 05:00:00","2026-05-24 06:30:00",false,true,false,"[PREMIUM]","[PREMIUM]","[PREMIUM]","[PREMIUM]","[PREMIUM]","[PREMIUM]",false,false,"668f0e0f464fc72de4e92ce3","['642efb544e11400001d95cbf']","[PREMIUM]","[PREMIUM]"
"68f72df3f3a8afd8fe749ae8","2026-03-02 09:10:44.228","2026-03-15 00:06:14.385","68f72df3f3a8afd8fe749ae8","NCAA Mens Lacrosse Championships - Division II Mens Final & Division III Mens Final","clax","2026-05-24 00:00:00","2026-05-24 04:00:00","2026-05-24 05:30:00",false,true,false,"[PREMIUM]","[PREMIUM]","[PREMIUM]","[PREMIUM]","[PREMIUM]","[PREMIUM]",false,false,"57c893def80c4106b7c5b45a","['58f64fd6f80c41448a3f0f1f']","[PREMIUM]","[PREMIUM]"
"68f69cbeddb3ef47977102cc","2026-03-02 09:10:44.228","2026-03-15 00:06:14.385","68f69cbeddb3ef47977102cc","The Wizard of Oz at Sphere","theater","2026-05-24 11:00:00","2026-05-24 18:00:00","2026-05-24 18:00:00",false,false,false,"[PREMIUM]","[PREMIUM]","[PREMIUM]","[PREMIUM]","[PREMIUM]","[PREMIUM]",false,false,"6448453e2c18960001831a9c","['6849f523c4e12a7114f9e67e']","[PREMIUM]","[PREMIUM]"
"68f69cbc8c598b16dad0e878","2026-03-02 09:10:44.228","2026-03-15 00:06:21.483","68f69cbc8c598b16dad0e878","The Wizard of Oz at Sphere","theater","2026-05-24 14:00:00","2026-05-24 21:00:00","2026-05-24 21:00:00",false,false,false,"[PREMIUM]","[PREMIUM]","[PREMIUM]","[PREMIUM]","[PREMIUM]","[PREMIUM]",false,false,"6448453e2c18960001831a9c","['6849f523c4e12a7114f9e67e']","[PREMIUM]","[PREMIUM]"
"68f69c54ee174d68b18acf33","2026-03-02 09:10:44.228","2026-03-15 00:06:21.483","68f69c54ee174d68b18acf33","Echo and the Bunnymen","music","2026-05-24 20:00:00","2026-05-25 01:00:00","2026-05-25 02:00:00",false,false,false,"[PREMIUM]","[PREMIUM]","[PREMIUM]","[PREMIUM]","[PREMIUM]","[PREMIUM]",false,false,"57b5de9cf80c41264bb99858","['57d09e47f80c410e19d28546']","[PREMIUM]","[PREMIUM]"
"68f3fb6c6a764f1361e4a093","2026-03-02 09:10:44.228","2026-03-15 00:06:21.483","68f3fb6c6a764f1361e4a093","The Outsiders","theater","2026-05-24 14:00:00","2026-05-24 18:00:00","2026-05-24 18:00:00",false,false,false,"[PREMIUM]","[PREMIUM]","[PREMIUM]","[PREMIUM]","[PREMIUM]","[PREMIUM]",false,false,"5ad8dbbee5ba620013159b21","['6542d2a8fdd787335382edb0']","[PREMIUM]","[PREMIUM]"
"68f3fb6b8bc6db7edbf9465e","2026-03-02 09:10:44.228","2026-03-15 00:06:21.483","68f3fb6b8bc6db7edbf9465e","The Outsiders","theater","2026-05-24 19:30:00","2026-05-24 23:30:00","2026-05-24 23:30:00",false,false,false,"[PREMIUM]","[PREMIUM]","[PREMIUM]","[PREMIUM]","[PREMIUM]","[PREMIUM]",false,false,"5ad8dbbee5ba620013159b21","['6542d2a8fdd787335382edb0']","[PREMIUM]","[PREMIUM]"
"68f3fb6a6a764f1361e4a092","2026-03-02 09:10:44.228","2026-03-15 00:06:14.385","68f3fb6a6a764f1361e4a092","The Outsiders","theater","2026-05-23 20:00:00","2026-05-24 00:00:00","2026-05-24 00:00:00",false,false,false,"[PREMIUM]","[PREMIUM]","[PREMIUM]","[PREMIUM]","[PREMIUM]","[PREMIUM]",true,false,"5ad8dbbee5ba620013159b21","['6542d2a8fdd787335382edb0']","[PREMIUM]","[PREMIUM]"
"68f2ac2979e10c34c9eac1ee","2026-03-02 09:10:44.228","2026-03-15 00:06:21.483","68f2ac2979e10c34c9eac1ee","Big Black Comedy Show (16+ Event)","comedy","2026-05-24 20:30:00","2026-05-25 03:30:00","2026-05-25 03:30:00",false,false,false,"[PREMIUM]","[PREMIUM]","[PREMIUM]","[PREMIUM]","[PREMIUM]","[PREMIUM]",false,false,"65c68eea463851cc713158ae","['68110a75c40aeb551eb434c1']","[PREMIUM]","[PREMIUM]"
"68f1ccd79043c144ad36d143","2026-03-02 09:10:44.228","2026-03-15 00:06:21.483","68f1ccd79043c144ad36d143","French Open: Round 1 - Ladies and Gentlemens Singles","atp","2026-05-24 20:15:00","2026-05-24 18:15:00","2026-05-24 18:15:00",false,false,false,"[PREMIUM]","[PREMIUM]","[PREMIUM]","[PREMIUM]","[PREMIUM]","[PREMIUM]",false,false,"681d410bbaa433cb236cd247","['682b783d5025dcb59d1f2c12']","[PREMIUM]","[PREMIUM]"
"68f1ccd74a4f096ed540465f","2026-03-02 09:10:44.228","2026-03-15 00:06:14.385","68f1ccd74a4f096ed540465f","French Open: Round 1 - Ladies and Gentlemens Singles","atp","2026-05-24 11:00:00","2026-05-24 09:00:00","2026-05-24 09:00:00",false,false,false,"[PREMIUM]","[PREMIUM]","[PREMIUM]","[PREMIUM]","[PREMIUM]","[PREMIUM]",false,false,"681d1a98461a12138062d9a3","['682b783d5025dcb59d1f2c12']","[PREMIUM]","[PREMIUM]"
"68f1ccd6f3a8afd8fe720f35","2026-03-02 09:10:44.228","2026-03-15 00:06:14.385","68f1ccd6f3a8afd8fe720f35","French Open: Round 1 - Ladies and Gentlemens Singles","atp","2026-05-24 11:00:00","2026-05-24 09:00:00","2026-05-24 09:00:00",false,false,false,"[PREMIUM]","[PREMIUM]","[PREMIUM]","[PREMIUM]","[PREMIUM]","[PREMIUM]",false,false,"681d419174f045fb85d28b47","['682b783d5025dcb59d1f2c12']","[PREMIUM]","[PREMIUM]"
"68f1ccc1754fe6362ded2497","2026-03-02 09:10:44.228","2026-03-15 00:06:14.385","68f1ccc1754fe6362ded2497","French Open: Round 1 - Ladies and Gentlemens Singles","atp","2026-05-24 12:00:00","2026-05-24 10:00:00","2026-05-24 10:00:00",false,false,false,"[PREMIUM]","[PREMIUM]","[PREMIUM]","[PREMIUM]","[PREMIUM]","[PREMIUM]",false,false,"681d410bbaa433cb236cd247","['682b783d5025dcb59d1f2c12']","[PREMIUM]","[PREMIUM]"
"68f1917b6fb30e4f66fbf4b8","2026-03-02 09:10:44.228","2026-03-15 00:06:14.385","68f1917b6fb30e4f66fbf4b8","The Rocky Horror Show","theater","2026-05-23 20:30:00","2026-05-24 00:30:00","2026-05-24 00:30:00",false,false,false,"[PREMIUM]","[PREMIUM]","[PREMIUM]","[PREMIUM]","[PREMIUM]","[PREMIUM]",false,true,"67240f9403430b8acb6c7aa5","['652eb1c975a4c4339c280cb5']","[PREMIUM]","[PREMIUM]"
"68f190b726a2501c5d8d0092","2026-03-02 09:10:44.228","2026-03-15 00:06:21.483","68f190b726a2501c5d8d0092","Richard O'Brien's The Rocky Horror Show","theater","2026-05-24 16:00:00","2026-05-24 20:00:00","2026-05-24 20:00:00",false,false,false,"[PREMIUM]","[PREMIUM]","[PREMIUM]","[PREMIUM]","[PREMIUM]","[PREMIUM]",false,true,"67240f9403430b8acb6c7aa5","['652eb1c975a4c4339c280cb5']","[PREMIUM]","[PREMIUM]"
"68f177368c598b16dace787c","2026-03-02 09:10:44.228","2026-03-15 00:06:21.483","68f177368c598b16dace787c","Quebec Capitales at New Jersey Jackals","milb","2026-05-24 14:05:00","2026-05-24 18:05:00","2026-05-24 18:05:00",false,false,false,"[PREMIUM]","[PREMIUM]","[PREMIUM]","[PREMIUM]","[PREMIUM]","[PREMIUM]",false,false,"64d6c54c692ce8000117048d","['64db9b4ff23cfb000157344e','64e974b671f3bd0001b201ba']","[PREMIUM]","[PREMIUM]"
"68f15bcfc1b0791c61cc04c4","2026-03-02 09:10:44.228","2026-03-15 00:06:21.483","68f15bcfc1b0791c61cc04c4","2026 Patriotic Festival - Sunday","music","2026-05-24 19:00:00","2026-05-24 23:00:00","2026-05-25 00:30:00",false,false,false,"[PREMIUM]","[PREMIUM]","[PREMIUM]","[PREMIUM]","[PREMIUM]","[PREMIUM]",false,false,"616764c987a55a000100b17b","['636d67f84699420001593122','65aaa99e8f12f45a443d0eda']","[PREMIUM]","[PREMIUM]"
"68f155a08401d8f634d09e30","2026-03-02 09:10:44.228","2026-03-15 00:06:14.385","68f155a08401d8f634d09e30","Trois-Rivieres Aigles at New York Boulders","milb","2026-05-23 23:59:00","2026-05-24 03:59:00","2026-05-24 03:59:00",false,true,false,"[PREMIUM]","[PREMIUM]","[PREMIUM]","[PREMIUM]","[PREMIUM]","[PREMIUM]",false,false,"662811d17949f657ebce3e87","['6633f44470de9efa69d61129','64dcf003e532140001b84a92']","[PREMIUM]","[PREMIUM]"
"68f137a8c748b502a50efffa","2026-03-02 09:10:44.228","2026-03-15 00:06:21.483","68f137a8c748b502a50efffa","Riverdance","theater","2026-05-24 18:30:00","2026-05-25 00:30:00","2026-05-25 00:30:00",false,false,false,"[PREMIUM]","[PREMIUM]","[PREMIUM]","[PREMIUM]","[PREMIUM]","[PREMIUM]",false,true,"66fb242fe7b88a6c883f7e0c","['660edf87e888bc2ee59205ca']","[PREMIUM]","[PREMIUM]"
"68f137a8431236a0b643292d","2026-03-02 09:10:44.228","2026-03-15 00:06:14.385","68f137a8431236a0b643292d","Riverdance","theater","2026-05-23 20:00:00","2026-05-24 02:00:00","2026-05-24 02:00:00",false,false,false,"[PREMIUM]","[PREMIUM]","[PREMIUM]","[PREMIUM]","[PREMIUM]","[PREMIUM]",false,true,"66fb242fe7b88a6c883f7e0c","['660edf87e888bc2ee59205ca']","[PREMIUM]","[PREMIUM]"
"68f025809043c144ad35f6d9","2026-03-02 09:10:44.228","2026-03-15 00:06:14.385","68f025809043c144ad35f6d9","Monty Python Spamalot","theater","2026-05-24 13:00:00","2026-05-24 18:00:00","2026-05-24 18:00:00",false,false,false,"[PREMIUM]","[PREMIUM]","[PREMIUM]","[PREMIUM]","[PREMIUM]","[PREMIUM]",false,false,"57280bfef80c41549d000002","['6595965e78e96408baaedd59']","[PREMIUM]","[PREMIUM]"
"68f0258088ee2bbc167b95de","2026-03-02 09:10:44.228","2026-03-15 00:06:21.483","68f0258088ee2bbc167b95de","Monty Python Spamalot","theater","2026-05-24 18:30:00","2026-05-24 23:30:00","2026-05-24 23:30:00",false,false,false,"[PREMIUM]","[PREMIUM]","[PREMIUM]","[PREMIUM]","[PREMIUM]","[PREMIUM]",false,false,"57280bfef80c41549d000002","['6595965e78e96408baaedd59']","[PREMIUM]","[PREMIUM]"
"68f025806678d3001beb693a","2026-03-02 09:10:44.228","2026-03-15 00:06:14.385","68f025806678d3001beb693a","Monty Python Spamalot","theater","2026-05-23 19:30:00","2026-05-24 00:30:00","2026-05-24 00:30:00",false,false,false,"[PREMIUM]","[PREMIUM]","[PREMIUM]","[PREMIUM]","[PREMIUM]","[PREMIUM]",false,false,"57280bfef80c41549d000002","['6595965e78e96408baaedd59']","[PREMIUM]","[PREMIUM]"
"68f006e5a0ba98513eade751","2026-03-02 09:10:44.228","2026-03-15 00:06:21.483","68f006e5a0ba98513eade751","No Doubt","music","2026-05-24 20:30:00","2026-05-25 03:30:00","2026-05-25 03:30:00",false,false,false,"[PREMIUM]","[PREMIUM]","[PREMIUM]","[PREMIUM]","[PREMIUM]","[PREMIUM]",true,false,"6448453e2c18960001831a9c","['65a8887f417c4fb27dfee677']","[PREMIUM]","[PREMIUM]"
"68f006cb0d92bb0dc760a626","2026-03-02 09:10:44.228","2026-03-15 00:06:14.385","68f006cb0d92bb0dc760a626","No Doubt","music","2026-05-23 20:30:00","2026-05-24 03:30:00","2026-05-24 03:30:00",false,false,false,"[PREMIUM]","[PREMIUM]","[PREMIUM]","[PREMIUM]","[PREMIUM]","[PREMIUM]",true,false,"6448453e2c18960001831a9c","['65a8887f417c4fb27dfee677']","[PREMIUM]","[PREMIUM]"
"68ef28eb53e03daed08be937","2026-03-02 09:10:44.228","2026-03-15 00:06:14.385","68ef28eb53e03daed08be937","Tusk","music","2026-05-23 19:30:00","2026-05-24 02:30:00","2026-05-24 02:30:00",false,false,false,"[PREMIUM]","[PREMIUM]","[PREMIUM]","[PREMIUM]","[PREMIUM]","[PREMIUM]",false,false,"679c1c63efde60d6e952a8e7","['676eff47322392a0eb677f17']","[PREMIUM]","[PREMIUM]"
"68ef28744b8cf1f55d146a4f","2026-03-02 09:10:44.228","2026-03-15 00:06:21.483","68ef28744b8cf1f55d146a4f","The Great Gatsby","theater","2026-05-24 15:00:00","2026-05-24 19:00:00","2026-05-24 19:00:00",false,false,false,"[PREMIUM]","[PREMIUM]","[PREMIUM]","[PREMIUM]","[PREMIUM]","[PREMIUM]",false,false,"5825256ccde6626ebe5710e4","['65b977c239e21fd436bbe2e8']","[PREMIUM]","[PREMIUM]"
"68ef28729d9d4fff611a9ca5","2026-03-02 09:10:44.228","2026-03-15 00:06:14.385","68ef28729d9d4fff611a9ca5","The Great Gatsby","theater","2026-05-23 20:00:00","2026-05-24 00:00:00","2026-05-24 00:00:00",false,false,false,"[PREMIUM]","[PREMIUM]","[PREMIUM]","[PREMIUM]","[PREMIUM]","[PREMIUM]",false,false,"5825256ccde6626ebe5710e4","['65b977c239e21fd436bbe2e8']","[PREMIUM]","[PREMIUM]"
"68ef2851a1df084bdd638e2a","2026-03-02 09:10:44.228","2026-03-15 00:06:21.483","68ef2851a1df084bdd638e2a","Death Becomes Her","theater","2026-05-24 19:30:00","2026-05-24 23:30:00","2026-05-24 23:30:00",false,false,false,"[PREMIUM]","[PREMIUM]","[PREMIUM]","[PREMIUM]","[PREMIUM]","[PREMIUM]",false,false,"64a70a819960a6000111ddd3","['65c3fbc090f4009660ceb094']","[PREMIUM]","[PREMIUM]"
"68ef2850d49c230645b4a8d9","2026-03-02 09:10:44.228","2026-03-15 00:06:21.483","68ef2850d49c230645b4a8d9","Death Becomes Her","theater","2026-05-24 14:00:00","2026-05-24 18:00:00","2026-05-24 18:00:00",false,false,false,"[PREMIUM]","[PREMIUM]","[PREMIUM]","[PREMIUM]","[PREMIUM]","[PREMIUM]",false,false,"64a70a819960a6000111ddd3","['65c3fbc090f4009660ceb094']","[PREMIUM]","[PREMIUM]"
"68ef285053e03daed08be901","2026-03-02 09:10:44.228","2026-03-15 00:06:14.385","68ef285053e03daed08be901","Death Becomes Her","theater","2026-05-23 20:00:00","2026-05-24 00:00:00","2026-05-24 00:00:00",false,false,false,"[PREMIUM]","[PREMIUM]","[PREMIUM]","[PREMIUM]","[PREMIUM]","[PREMIUM]",false,false,"64a70a819960a6000111ddd3","['65c3fbc090f4009660ceb094']","[PREMIUM]","[PREMIUM]"
"68eed6504cc0681037ce17e5","2026-03-02 09:10:44.228","2026-03-15 00:06:14.385","68eed6504cc0681037ce17e5","David","theater","2026-05-23 19:30:00","2026-05-24 00:30:00","2026-05-24 00:30:00",false,false,false,"[PREMIUM]","[PREMIUM]","[PREMIUM]","[PREMIUM]","[PREMIUM]","[PREMIUM]",false,false,"67ae894622430c8efd16b166","['67b52c0742115155aa84be95']","[PREMIUM]","[PREMIUM]"
"68eecffdd49c230645b475fe","2026-03-02 09:10:44.228","2026-03-15 00:06:14.385","68eecffdd49c230645b475fe","Cirque du Soleil Mystere","theater","2026-05-23 20:30:00","2026-05-24 03:30:00","2026-05-24 05:00:00",false,false,false,"[PREMIUM]","[PREMIUM]","[PREMIUM]","[PREMIUM]","[PREMIUM]","[PREMIUM]",false,true,"65d54598ac5c06aebc3ffd1a","['63bc788bc2c409000116670e']","[PREMIUM]","[PREMIUM]"
"68eecffda192f1b190f1cfa0","2026-03-02 09:10:44.228","2026-03-15 00:06:21.483","68eecffda192f1b190f1cfa0","Cirque du Soleil Mystere","theater","2026-05-24 18:00:00","2026-05-25 01:00:00","2026-05-25 02:30:00",false,false,false,"[PREMIUM]","[PREMIUM]","[PREMIUM]","[PREMIUM]","[PREMIUM]","[PREMIUM]",false,true,"65d54598ac5c06aebc3ffd1a","['63bc788bc2c409000116670e']","[PREMIUM]","[PREMIUM]"
"68eecffd6678d3001beaab44","2026-03-02 09:10:44.228","2026-03-15 00:06:21.483","68eecffd6678d3001beaab44","Cirque du Soleil Mystere","theater","2026-05-24 20:30:00","2026-05-25 03:30:00","2026-05-25 05:00:00",false,false,false,"[PREMIUM]","[PREMIUM]","[PREMIUM]","[PREMIUM]","[PREMIUM]","[PREMIUM]",false,true,"65d54598ac5c06aebc3ffd1a","['63bc788bc2c409000116670e']","[PREMIUM]","[PREMIUM]"
"68eeb45b4cc0681037ce011c","2026-03-02 09:10:44.228","2026-03-15 00:06:21.483","68eeb45b4cc0681037ce011c","Cats - The Jellicle Ball","theater","2026-05-24 13:30:00","2026-05-24 17:30:00","2026-05-24 19:00:00",false,false,false,"[PREMIUM]","[PREMIUM]","[PREMIUM]","[PREMIUM]","[PREMIUM]","[PREMIUM]",false,false,"5a9ed0d3aade21001363cda7","['5a99a153ccb7ce0014f78794']","[PREMIUM]","[PREMIUM]"
"68eeb45b46e8b31924903f36","2026-03-02 09:10:44.228","2026-03-15 00:06:14.385","68eeb45b46e8b31924903f36","Cats - The Jellicle Ball","theater","2026-05-23 20:00:00","2026-05-24 00:00:00","2026-05-24 01:30:00",false,false,false,"[PREMIUM]","[PREMIUM]","[PREMIUM]","[PREMIUM]","[PREMIUM]","[PREMIUM]",false,false,"5a9ed0d3aade21001363cda7","['5a99a153ccb7ce0014f78794']","[PREMIUM]","[PREMIUM]"
"68eeb3a0ddb3ef47976d1579","2026-03-02 09:10:44.228","2026-03-15 00:06:21.483","68eeb3a0ddb3ef47976d1579","Cats - The Jellicle Ball","theater","2026-05-24 19:30:00","2026-05-24 23:30:00","2026-05-25 01:00:00",false,false,false,"[PREMIUM]","[PREMIUM]","[PREMIUM]","[PREMIUM]","[PREMIUM]","[PREMIUM]",false,false,"5a9ed0d3aade21001363cda7","['5a99a153ccb7ce0014f78794']","[PREMIUM]","[PREMIUM]"
"68ed641a4e3fcdb4df1506aa","2026-03-02 09:10:44.228","2026-03-15 00:06:21.483","68ed641a4e3fcdb4df1506aa","Absinthe","theater","2026-05-24 19:00:00","2026-05-25 02:00:00","2026-05-25 02:00:00",false,false,false,"[PREMIUM]","[PREMIUM]","[PREMIUM]","[PREMIUM]","[PREMIUM]","[PREMIUM]",false,true,"65d8fe81d0d2f45c501287f9","['6578ebab25c7ed9b1537da10']","[PREMIUM]","[PREMIUM]"
"68ed641a396f0a06555ab2af","2026-03-02 09:10:44.228","2026-03-15 00:06:14.385","68ed641a396f0a06555ab2af","Absinthe","theater","2026-05-23 23:00:00","2026-05-24 06:00:00","2026-05-24 06:00:00",false,false,false,"[PREMIUM]","[PREMIUM]","[PREMIUM]","[PREMIUM]","[PREMIUM]","[PREMIUM]",false,true,"65d8fe81d0d2f45c501287f9","['6578ebab25c7ed9b1537da10']","[PREMIUM]","[PREMIUM]"
"68ed641a19b105fbcd4596fe","2026-03-02 09:10:44.228","2026-03-15 00:06:21.483","68ed641a19b105fbcd4596fe","Absinthe","theater","2026-05-24 21:00:00","2026-05-25 04:00:00","2026-05-25 04:00:00",false,false,false,"[PREMIUM]","[PREMIUM]","[PREMIUM]","[PREMIUM]","[PREMIUM]","[PREMIUM]",false,true,"65d8fe81d0d2f45c501287f9","['6578ebab25c7ed9b1537da10']","[PREMIUM]","[PREMIUM]"
"68ed478b431236a0b64116ca","2026-03-02 09:10:44.228","2026-03-15 00:06:14.385","68ed478b431236a0b64116ca","Absinthe","theater","2026-05-23 21:00:00","2026-05-24 04:00:00","2026-05-24 04:00:00",false,false,false,"[PREMIUM]","[PREMIUM]","[PREMIUM]","[PREMIUM]","[PREMIUM]","[PREMIUM]",false,true,"65d8fe81d0d2f45c501287f9","['6578ebab25c7ed9b1537da10']","[PREMIUM]","[PREMIUM]"
"68e9c70960ffcf7e5d021360","2026-03-02 09:10:44.228","2026-03-15 00:06:14.385","68e9c70960ffcf7e5d021360","Indianapolis Clowns at Party Animals","other","2026-05-24 00:00:00","2026-05-24 07:00:00","2026-05-24 08:30:00",false,true,false,"[PREMIUM]","[PREMIUM]","[PREMIUM]","[PREMIUM]","[PREMIUM]","[PREMIUM]",false,false,"5aa02146af2d0e0012970af9","['6361a792f191f10001d6aad6','68f180c20d6dafb582d5a408']","[PREMIUM]","[PREMIUM]"
"68e9a9cac748b502a50bc45f","2026-03-02 09:10:44.228","2026-03-15 00:06:14.385","68e9a9cac748b502a50bc45f","The Lost Boys","theater","2026-05-23 20:00:00","2026-05-24 00:00:00","2026-05-24 00:00:00",false,false,false,"[PREMIUM]","[PREMIUM]","[PREMIUM]","[PREMIUM]","[PREMIUM]","[PREMIUM]",false,true,"67f99229c6ae74fe10d87f17","['6994ae176c2c887fdff0f989']","[PREMIUM]","[PREMIUM]"
"68e8fbb44b8cf1f55d121c12","2026-03-02 09:10:44.228","2026-03-15 00:06:21.483","68e8fbb44b8cf1f55d121c12","MJ Live - Michael Jackson Tribute Show","music","2026-05-24 19:00:00","2026-05-25 02:00:00","2026-05-25 02:00:00",false,false,false,"[PREMIUM]","[PREMIUM]","[PREMIUM]","[PREMIUM]","[PREMIUM]","[PREMIUM]",false,true,"676f3ef81c9f99c67660f467","['665f3aec7032d92a83b67766']","[PREMIUM]","[PREMIUM]"
"68e874ef6a764f1361df85c2","2026-03-02 09:10:44.228","2026-03-15 00:06:14.385","68e874ef6a764f1361df85c2","Les Miserables","theater","2026-05-23 19:30:00","2026-05-24 00:30:00","2026-05-24 02:00:00",false,false,false,"[PREMIUM]","[PREMIUM]","[PREMIUM]","[PREMIUM]","[PREMIUM]","[PREMIUM]",false,false,"582be4a6cde6626ebe6f3026","['5a997c61266a5f0012e626fe']","[PREMIUM]","[PREMIUM]"
"68e874ef431236a0b63f8d36","2026-03-02 09:10:44.228","2026-03-15 00:06:14.385","68e874ef431236a0b63f8d36","Les Miserables","theater","2026-05-24 13:00:00","2026-05-24 18:00:00","2026-05-24 19:30:00",false,false,false,"[PREMIUM]","[PREMIUM]","[PREMIUM]","[PREMIUM]","[PREMIUM]","[PREMIUM]",false,false,"582be4a6cde6626ebe6f3026","['5a997c61266a5f0012e626fe']","[PREMIUM]","[PREMIUM]"
"68e83c4c4a4f096ed53c1d36","2026-03-02 09:10:44.228","2026-03-15 00:06:14.385","68e83c4c4a4f096ed53c1d36","Wicked","theater","2026-05-23 20:00:00","2026-05-24 00:00:00","2026-05-24 01:00:00",false,false,false,"[PREMIUM]","[PREMIUM]","[PREMIUM]","[PREMIUM]","[PREMIUM]","[PREMIUM]",false,false,"5a6a6f6e84d4fb000ec1ce32","['5822480df80c4152d5486cd5']","[PREMIUM]","[PREMIUM]"
"68e83c4a495a9a92021e1185","2026-03-02 09:10:44.228","2026-03-15 00:06:21.483","68e83c4a495a9a92021e1185","Wicked","theater","2026-05-24 15:00:00","2026-05-24 19:00:00","2026-05-24 20:00:00",false,false,false,"[PREMIUM]","[PREMIUM]","[PREMIUM]","[PREMIUM]","[PREMIUM]","[PREMIUM]",false,false,"5a6a6f6e84d4fb000ec1ce32","['5822480df80c4152d5486cd5']","[PREMIUM]","[PREMIUM]"
"68e81c1b681fbf7f706844d3","2026-03-02 09:10:44.228","2026-03-15 00:06:14.385","68e81c1b681fbf7f706844d3","Heather Land","music","2026-05-23 20:00:00","2026-05-24 00:00:00","2026-05-24 01:30:00",false,false,false,"[PREMIUM]","[PREMIUM]","[PREMIUM]","[PREMIUM]","[PREMIUM]","[PREMIUM]",false,true,"67ae8d6f49e103187fc402ab","['5b0eda921e94d800137f4ede']","[PREMIUM]","[PREMIUM]"
"68e708a00d92bb0dc75ce93c","2026-03-02 09:10:44.228","2026-03-15 00:06:21.483","68e708a00d92bb0dc75ce93c","Ultimate Bullfighters","pbr","2026-05-24 13:30:00","2026-05-24 18:30:00","2026-05-24 18:30:00",false,false,false,"[PREMIUM]","[PREMIUM]","[PREMIUM]","[PREMIUM]","[PREMIUM]","[PREMIUM]",false,false,"644977b2de0c2d0001065614","['65786af1fd4756efbb24ab28']","[PREMIUM]","[PREMIUM]"
"68e6eb9ec748b502a50a7a96","2026-03-02 09:10:44.228","2026-03-15 00:06:14.385","68e6eb9ec748b502a50a7a96","Mississippi Mud Monsters at Schaumburg Boomers","milb","2026-05-24 13:00:00","2026-05-24 18:00:00","2026-05-24 18:00:00",false,false,false,"[PREMIUM]","[PREMIUM]","[PREMIUM]","[PREMIUM]","[PREMIUM]","[PREMIUM]",false,true,"67e312563d30140f80c0e458","['69431a0968752892781d204e','69431c83c35207f2db169808']","[PREMIUM]","[PREMIUM]"
"68e6ea8a79e10c34c9e587ca","2026-03-02 09:10:44.228","2026-03-15 00:06:14.385","68e6ea8a79e10c34c9e587ca","Stockyards Championship Rodeo","pbr","2026-05-23 19:30:00","2026-05-24 00:30:00","2026-05-24 02:00:00",false,false,false,"[PREMIUM]","[PREMIUM]","[PREMIUM]","[PREMIUM]","[PREMIUM]","[PREMIUM]",false,false,"644977b2de0c2d0001065614","['6449a6e95f31680001721f3f']","[PREMIUM]","[PREMIUM]"
"68e6cc528fcfa2622c0286e8","2026-03-02 09:10:44.228","2026-03-15 00:06:14.385","68e6cc528fcfa2622c0286e8","Joliet Slammers at Washington Wild Things","milb","2026-05-24 00:00:00","2026-05-24 04:00:00","2026-05-24 04:00:00",false,true,false,"[PREMIUM]","[PREMIUM]","[PREMIUM]","[PREMIUM]","[PREMIUM]","[PREMIUM]",false,false,"67e594e63d30140f80c0f797","['6724fa3fd798e0f554ccebb9','6937518ca485725dfe8d0a99']","[PREMIUM]","[PREMIUM]"
"68e6ab7c45e34d4621dc36f3","2026-03-02 09:10:44.228","2026-03-15 00:06:14.385","68e6ab7c45e34d4621dc36f3","SIX - The Musical","theater","2026-05-23 20:00:00","2026-05-24 00:00:00","2026-05-24 01:30:00",false,false,false,"[PREMIUM]","[PREMIUM]","[PREMIUM]","[PREMIUM]","[PREMIUM]","[PREMIUM]",false,false,"5a9ed1883d72840013fdb247","['641a21f065ff5c00019e582a']","[PREMIUM]","[PREMIUM]"
"68e6ab74856c01cf16a53d6c","2026-03-02 09:10:44.228","2026-03-15 00:06:21.483","68e6ab74856c01cf16a53d6c","SIX - The Musical","theater","2026-05-24 14:00:00","2026-05-24 18:00:00","2026-05-24 19:30:00",false,false,false,"[PREMIUM]","[PREMIUM]","[PREMIUM]","[PREMIUM]","[PREMIUM]","[PREMIUM]",false,false,"5a9ed1883d72840013fdb247","['641a21f065ff5c00019e582a']","[PREMIUM]","[PREMIUM]"
"68e6ab73c16a9641529da7c3","2026-03-02 09:10:44.228","2026-03-15 00:06:21.483","68e6ab73c16a9641529da7c3","SIX - The Musical","theater","2026-05-24 19:00:00","2026-05-24 23:00:00","2026-05-25 00:30:00",false,false,false,"[PREMIUM]","[PREMIUM]","[PREMIUM]","[PREMIUM]","[PREMIUM]","[PREMIUM]",false,false,"5a9ed1883d72840013fdb247","['641a21f065ff5c00019e582a']","[PREMIUM]","[PREMIUM]"
"68e5e8349d506fcf6183e42b","2026-03-02 09:10:44.228","2026-03-15 00:06:21.483","68e5e8349d506fcf6183e42b","Brockton Rox at Tri-City ValleyCats","milb","2026-05-24 17:00:00","2026-05-24 21:00:00","2026-05-24 21:00:00",false,false,false,"[PREMIUM]","[PREMIUM]","[PREMIUM]","[PREMIUM]","[PREMIUM]","[PREMIUM]",false,true,"68963db4b5495caa5394cac7","['64ecd8b4fb38af0001ba4e19','693750cc9a3962814a2fc65a']","[PREMIUM]","[PREMIUM]"
"68e5b3a334848728fb39535a","2026-03-02 09:10:44.228","2026-03-15 00:06:14.385","68e5b3a334848728fb39535a","Windy City Thunderbolts at Evansville Otters","milb","2026-05-24 00:00:00","2026-05-24 05:00:00","2026-05-24 05:00:00",false,true,false,"[PREMIUM]","[PREMIUM]","[PREMIUM]","[PREMIUM]","[PREMIUM]","[PREMIUM]",false,false,"689d15793327c9a188774d28","['67240a7fd8b0c8eaa4034ff1','69431b5fce049e53d5122cd1']","[PREMIUM]","[PREMIUM]"
"68e42a2de7b2c3583a1afa66","2026-03-02 09:10:44.228","2026-03-15 00:06:21.483","68e42a2de7b2c3583a1afa66","Morgan Jay (16+ Event)","comedy","2026-05-24 19:00:00","2026-05-25 02:00:00","2026-05-25 02:00:00",false,false,false,"[PREMIUM]","[PREMIUM]","[PREMIUM]","[PREMIUM]","[PREMIUM]","[PREMIUM]",false,true,"64c01fc76a299b0001dd4281","['6499b755ac708d0001618995']","[PREMIUM]","[PREMIUM]"
"68e42773d98673bbeef9f8cd","2026-03-02 09:10:44.228","2026-03-15 00:06:14.385","68e42773d98673bbeef9f8cd","Clue","theater","2026-05-23 19:30:00","2026-05-23 23:30:00","2026-05-23 23:30:00",false,false,false,"[PREMIUM]","[PREMIUM]","[PREMIUM]","[PREMIUM]","[PREMIUM]","[PREMIUM]",false,false,"61cb7ba47cacb4000136abc1","['65cd0b4ee73bc045ffba6a18']","[PREMIUM]","[PREMIUM]"
"68e1311dfabf0eb55929e468","2026-03-02 09:10:44.228","2026-03-15 00:06:21.483","68e1311dfabf0eb55929e468","Hadestown","theater","2026-05-24 19:30:00","2026-05-24 23:30:00","2026-05-25 01:00:00",false,false,false,"[PREMIUM]","[PREMIUM]","[PREMIUM]","[PREMIUM]","[PREMIUM]","[PREMIUM]",false,false,"5997347a9da0d48c0d33a3a1","['5cd4713c51c17b0014fd5005']","[PREMIUM]","[PREMIUM]"
"68e1311cc16ba96eb49bf328","2026-03-02 09:10:44.228","2026-03-15 00:06:21.483","68e1311cc16ba96eb49bf328","Hadestown","theater","2026-05-24 14:00:00","2026-05-24 18:00:00","2026-05-24 19:30:00",false,false,false,"[PREMIUM]","[PREMIUM]","[PREMIUM]","[PREMIUM]","[PREMIUM]","[PREMIUM]",false,false,"5997347a9da0d48c0d33a3a1","['5cd4713c51c17b0014fd5005']","[PREMIUM]","[PREMIUM]"
"68e1311c5a4c936ee6eb5058","2026-03-02 09:10:44.228","2026-03-15 00:06:14.385","68e1311c5a4c936ee6eb5058","Hadestown","theater","2026-05-23 20:00:00","2026-05-24 00:00:00","2026-05-24 01:30:00",false,false,false,"[PREMIUM]","[PREMIUM]","[PREMIUM]","[PREMIUM]","[PREMIUM]","[PREMIUM]",false,false,"5997347a9da0d48c0d33a3a1","['5cd4713c51c17b0014fd5005']","[PREMIUM]","[PREMIUM]"
"68df19fc42f87a3bfb8a52c4","2026-03-02 09:10:44.228","2026-03-15 00:06:14.385","68df19fc42f87a3bfb8a52c4","Les Miserables","theater","2026-05-23 20:45:00","2026-05-24 02:45:00","2026-05-24 04:15:00",false,false,false,"[PREMIUM]","[PREMIUM]","[PREMIUM]","[PREMIUM]","[PREMIUM]","[PREMIUM]",false,true,"67ae2e6dd8e9f1fad00065e7","['5a997c61266a5f0012e626fe']","[PREMIUM]","[PREMIUM]"
"68dd8d16776b4e0a4ad21df8","2026-03-02 09:10:44.228","2026-03-15 00:06:14.385","68dd8d16776b4e0a4ad21df8","Menopause the Musical","theater","2026-05-23 20:00:00","2026-05-24 03:00:00","2026-05-24 03:00:00",false,false,false,"[PREMIUM]","[PREMIUM]","[PREMIUM]","[PREMIUM]","[PREMIUM]","[PREMIUM]",false,true,"65f200855af108e82a8c4c7a","['65fdd5da0d1693a2ca558692']","[PREMIUM]","[PREMIUM]"
"68dc5b40cd597ad26a9bd8e1","2026-03-02 09:10:44.228","2026-03-15 00:06:14.385","68dc5b40cd597ad26a9bd8e1","Bert Kreischer","comedy","2026-05-23 22:00:00","2026-05-24 05:00:00","2026-05-24 06:30:00",false,false,false,"[PREMIUM]","[PREMIUM]","[PREMIUM]","[PREMIUM]","[PREMIUM]","[PREMIUM]",false,false,"66bd4683507e4b0edc06a9ed","['5bc8f19dc6912e00182ffc16']","[PREMIUM]","[PREMIUM]"
"68dab61a4fe54f79a3c018ea","2026-03-02 09:10:44.228","2026-03-15 00:06:14.385","68dab61a4fe54f79a3c018ea","Doja Cat","music","2026-05-23 19:30:00","2026-05-23 23:30:00","2026-05-24 01:00:00",false,false,false,"[PREMIUM]","[PREMIUM]","[PREMIUM]","[PREMIUM]","[PREMIUM]","[PREMIUM]",false,false,"677ef073927ba56a57bcbee3","['5b85718248ca7000143dc9c2']","[PREMIUM]","[PREMIUM]"
"68d99faea99075c82761cd63","2026-03-02 09:10:44.228","2026-03-15 00:06:21.483","68d99faea99075c82761cd63","The Mentalist (16+ Event)","theater","2026-05-24 19:30:00","2026-05-25 02:30:00","2026-05-25 02:30:00",false,false,false,"[PREMIUM]","[PREMIUM]","[PREMIUM]","[PREMIUM]","[PREMIUM]","[PREMIUM]",false,false,"65c68eea463851cc713158ae","['66103866817f6b034052f785']","[PREMIUM]","[PREMIUM]"
"68d86b6865dfbdbfcdaaf795","2026-03-02 09:10:44.228","2026-03-15 00:06:21.483","68d86b6865dfbdbfcdaaf795","Zombie Burlesque (16+ Event)","theater","2026-05-24 20:00:00","2026-05-25 03:00:00","2026-05-25 03:00:00",false,false,false,"[PREMIUM]","[PREMIUM]","[PREMIUM]","[PREMIUM]","[PREMIUM]","[PREMIUM]",false,true,"65c68eea463851cc713158ae","['660f05a0a97cfd4a67e87779']","[PREMIUM]","[PREMIUM]"
"68d734468f2a2012a1da77e6","2026-03-02 09:10:44.228","2026-03-15 00:06:14.385","68d734468f2a2012a1da77e6","Marisela","music","2026-05-23 20:00:00","2026-05-24 00:00:00","2026-05-24 01:30:00",false,false,false,"[PREMIUM]","[PREMIUM]","[PREMIUM]","[PREMIUM]","[PREMIUM]","[PREMIUM]",false,false,"63c883ef96794b0001a25fa8","['62fc048fcbbebe0001360add']","[PREMIUM]","[PREMIUM]"
"68d5e052ea4c63b0d9db899c","2026-03-02 09:10:44.228","2026-03-15 00:06:21.483","68d5e052ea4c63b0d9db899c","Cirque du Soleil Drawn to Life","theater","2026-05-24 13:30:00","2026-05-24 17:30:00","2026-05-24 17:30:00",false,false,false,"[PREMIUM]","[PREMIUM]","[PREMIUM]","[PREMIUM]","[PREMIUM]","[PREMIUM]",false,false,"67c24553c1fb487abd5f9b22","['65497e9b7655e1ea632d87b4']","[PREMIUM]","[PREMIUM]"
"68d5e051494a370e94519944","2026-03-02 09:10:44.228","2026-03-15 00:06:21.483","68d5e051494a370e94519944","Cirque du Soleil Drawn to Life","theater","2026-05-24 16:00:00","2026-05-24 20:00:00","2026-05-24 20:00:00",false,false,false,"[PREMIUM]","[PREMIUM]","[PREMIUM]","[PREMIUM]","[PREMIUM]","[PREMIUM]",false,false,"67c24553c1fb487abd5f9b22","['65497e9b7655e1ea632d87b4']","[PREMIUM]","[PREMIUM]"
"68d5e0501882c1ae6f3072ca","2026-03-02 09:10:44.228","2026-03-15 00:06:14.385","68d5e0501882c1ae6f3072ca","Cirque du Soleil Drawn to Life","theater","2026-05-23 20:00:00","2026-05-24 00:00:00","2026-05-24 00:00:00",false,false,false,"[PREMIUM]","[PREMIUM]","[PREMIUM]","[PREMIUM]","[PREMIUM]","[PREMIUM]",false,false,"67c24553c1fb487abd5f9b22","['65497e9b7655e1ea632d87b4']","[PREMIUM]","[PREMIUM]"
"68d41e64aadacc47e2555345","2026-03-02 09:10:44.228","2026-03-15 00:06:21.483","68d41e64aadacc47e2555345","Rupauls Drag Race","theater","2026-05-24 21:30:00","2026-05-25 04:30:00","2026-05-25 06:00:00",false,false,false,"[PREMIUM]","[PREMIUM]","[PREMIUM]","[PREMIUM]","[PREMIUM]","[PREMIUM]",false,true,"64011f5f35ef8e000125b353","['61b13d70740dea0001470fd5']","[PREMIUM]","[PREMIUM]"
"68d41e63494a370e9450a0d1","2026-03-02 09:10:44.228","2026-03-15 00:06:14.385","68d41e63494a370e9450a0d1","Rupauls Drag Race","theater","2026-05-23 21:30:00","2026-05-24 04:30:00","2026-05-24 06:00:00",false,false,false,"[PREMIUM]","[PREMIUM]","[PREMIUM]","[PREMIUM]","[PREMIUM]","[PREMIUM]",false,true,"64011f5f35ef8e000125b353","['61b13d70740dea0001470fd5']","[PREMIUM]","[PREMIUM]"
"68d3938d6f183cec94445030","2026-03-02 09:10:44.228","2026-03-15 00:06:14.385","68d3938d6f183cec94445030","Marcus D Wiley (18+ Event)","comedy","2026-05-23 21:30:00","2026-05-24 02:30:00","2026-05-24 02:30:00",false,false,false,"[PREMIUM]","[PREMIUM]","[PREMIUM]","[PREMIUM]","[PREMIUM]","[PREMIUM]",false,true,"637beb419e732c00013b277d","['67f565b9df82e6f69c9728f5']","[PREMIUM]","[PREMIUM]"
"68d3938d283d803dd63a14d3","2026-03-02 09:10:44.228","2026-03-15 00:06:21.483","68d3938d283d803dd63a14d3","Marcus D Wiley (18+ Event)","comedy","2026-05-24 19:00:00","2026-05-25 00:00:00","2026-05-25 00:00:00",false,false,false,"[PREMIUM]","[PREMIUM]","[PREMIUM]","[PREMIUM]","[PREMIUM]","[PREMIUM]",false,true,"637beb419e732c00013b277d","['67f565b9df82e6f69c9728f5']","[PREMIUM]","[PREMIUM]"
"68d301cf77197aa01a031c4b","2026-03-02 09:10:44.228","2026-03-15 00:06:14.385","68d301cf77197aa01a031c4b","Cirque du Soleil Mad Apple (18+ Event)","music","2026-05-23 21:30:00","2026-05-24 04:30:00","2026-05-24 06:00:00",false,false,false,"[PREMIUM]","[PREMIUM]","[PREMIUM]","[PREMIUM]","[PREMIUM]","[PREMIUM]",false,false,"568dac45f80c4173b2000001","['62c761ea089594000195d327']","[PREMIUM]","[PREMIUM]"
"68d300b829987c199dc86cfd","2026-03-02 09:10:44.228","2026-03-15 00:06:14.385","68d300b829987c199dc86cfd","Jason Isbell","music","2026-05-23 20:00:00","2026-05-24 01:00:00","2026-05-24 02:00:00",false,false,false,"[PREMIUM]","[PREMIUM]","[PREMIUM]","[PREMIUM]","[PREMIUM]","[PREMIUM]",true,false,"58c09909cde6626ebe285bef","['58a48d26f80c412774a77326']","[PREMIUM]","[PREMIUM]"
"68d2cfc9283d803dd6397d1c","2026-03-02 09:10:44.228","2026-03-15 00:06:21.483","68d2cfc9283d803dd6397d1c","Cirque du Soleil KA","theater","2026-05-24 19:00:00","2026-05-25 02:00:00","2026-05-25 02:30:00",false,false,false,"[PREMIUM]","[PREMIUM]","[PREMIUM]","[PREMIUM]","[PREMIUM]","[PREMIUM]",false,false,"62cdd6c24e408a00016016cb","['62c758fed5d13700012454ba']","[PREMIUM]","[PREMIUM]"
"68d2cfc829987c199dc81f7c","2026-03-02 09:10:44.228","2026-03-15 00:06:21.483","68d2cfc829987c199dc81f7c","Cirque du Soleil KA","theater","2026-05-24 16:30:00","2026-05-24 23:30:00","2026-05-25 00:00:00",false,false,false,"[PREMIUM]","[PREMIUM]","[PREMIUM]","[PREMIUM]","[PREMIUM]","[PREMIUM]",false,false,"62cdd6c24e408a00016016cb","['62c758fed5d13700012454ba']","[PREMIUM]","[PREMIUM]"
"68d2aef2302bab3cec897150","2026-03-02 09:10:44.228","2026-03-15 00:06:21.483","68d2aef2302bab3cec897150","Blue Man Group","theater","2026-05-24 17:00:00","2026-05-25 00:00:00","2026-05-25 01:00:00",false,false,false,"[PREMIUM]","[PREMIUM]","[PREMIUM]","[PREMIUM]","[PREMIUM]","[PREMIUM]",false,false,"62cc6fe874f0f100012e52f6","['59d6a31925f2c554ce10100a']","[PREMIUM]","[PREMIUM]"
"68d2aef16008596c14882001","2026-03-02 09:10:44.228","2026-03-15 00:06:21.483","68d2aef16008596c14882001","Blue Man Group","theater","2026-05-24 14:00:00","2026-05-24 21:00:00","2026-05-24 22:00:00",false,false,false,"[PREMIUM]","[PREMIUM]","[PREMIUM]","[PREMIUM]","[PREMIUM]","[PREMIUM]",false,false,"62cc6fe874f0f100012e52f6","['59d6a31925f2c554ce10100a']","[PREMIUM]","[PREMIUM]"
"68d2aeb6fdbe7886638db4be","2026-03-02 09:10:44.228","2026-03-15 00:06:14.385","68d2aeb6fdbe7886638db4be","Cirque du Soleil: Michael Jackson ONE","theater","2026-05-23 21:00:00","2026-05-24 04:00:00","2026-05-24 04:00:00",false,false,false,"[PREMIUM]","[PREMIUM]","[PREMIUM]","[PREMIUM]","[PREMIUM]","[PREMIUM]",false,false,"62cdd7543283f30001154846","['65497e9b7655e1ea632d87b4']","[PREMIUM]","[PREMIUM]"
"68d2aeb6ee6dc107fe32cca6","2026-03-02 09:10:44.228","2026-03-15 00:06:21.483","68d2aeb6ee6dc107fe32cca6","Cirque du Soleil: O","theater","2026-05-24 21:00:00","2026-05-25 04:00:00","2026-05-25 04:00:00",false,false,false,"[PREMIUM]","[PREMIUM]","[PREMIUM]","[PREMIUM]","[PREMIUM]","[PREMIUM]",false,false,"568d94b2f80c417330000001","['65497e9b7655e1ea632d87b4']","[PREMIUM]","[PREMIUM]"
"68d2aeb41bfa1385867d1d9e","2026-03-02 09:10:44.228","2026-03-15 00:06:21.483","68d2aeb41bfa1385867d1d9e","Cirque du Soleil: Michael Jackson ONE","theater","2026-05-24 21:00:00","2026-05-25 04:00:00","2026-05-25 04:00:00",false,false,false,"[PREMIUM]","[PREMIUM]","[PREMIUM]","[PREMIUM]","[PREMIUM]","[PREMIUM]",false,false,"62cdd7543283f30001154846","['65497e9b7655e1ea632d87b4']","[PREMIUM]","[PREMIUM]"
"68d2aeb3d8d8b0d8f32d7fdf","2026-03-02 09:10:44.228","2026-03-15 00:06:14.385","68d2aeb3d8d8b0d8f32d7fdf","Cirque du Soleil : O","theater","2026-05-23 21:00:00","2026-05-24 04:00:00","2026-05-24 04:00:00",false,false,false,"[PREMIUM]","[PREMIUM]","[PREMIUM]","[PREMIUM]","[PREMIUM]","[PREMIUM]",false,false,"568d94b2f80c417330000001","['65497e9b7655e1ea632d87b4']","[PREMIUM]","[PREMIUM]"
"68d2aeab4ec990671aad2d1f","2026-03-02 09:10:44.228","2026-03-15 00:06:21.483","68d2aeab4ec990671aad2d1f","Cirque du Soleil: Michael Jackson ONE","theater","2026-05-24 18:30:00","2026-05-25 01:30:00","2026-05-25 01:30:00",false,false,false,"[PREMIUM]","[PREMIUM]","[PREMIUM]","[PREMIUM]","[PREMIUM]","[PREMIUM]",false,false,"62cdd7543283f30001154846","['65497e9b7655e1ea632d87b4']","[PREMIUM]","[PREMIUM]"
"68d2aea0fdbe7886638db4a7","2026-03-02 09:10:44.228","2026-03-15 00:06:21.483","68d2aea0fdbe7886638db4a7","Cirque du Soleil: O","theater","2026-05-24 18:30:00","2026-05-25 01:30:00","2026-05-25 01:30:00",false,false,false,"[PREMIUM]","[PREMIUM]","[PREMIUM]","[PREMIUM]","[PREMIUM]","[PREMIUM]",false,false,"568d94b2f80c417330000001","['65497e9b7655e1ea632d87b4']","[PREMIUM]","[PREMIUM]"
"68d1b6435c8b0ea5ff8e1e69","2026-03-02 09:10:44.228","2026-03-15 00:06:21.483","68d1b6435c8b0ea5ff8e1e69","Santana","music","2026-05-24 19:00:00","2026-05-25 02:00:00","2026-05-25 03:00:00",false,false,false,"[PREMIUM]","[PREMIUM]","[PREMIUM]","[PREMIUM]","[PREMIUM]","[PREMIUM]",false,false,"569fdf92f80c4107cf000002","['569fdf93f80c4107cf000004']","[PREMIUM]","[PREMIUM]"
"68d1b05eb71bcc44b924532f","2026-03-02 09:10:44.228","2026-03-15 00:06:14.385","68d1b05eb71bcc44b924532f","The Lion King","theater","2026-05-23 20:00:00","2026-05-24 00:00:00","2026-05-24 01:00:00",false,false,false,"[PREMIUM]","[PREMIUM]","[PREMIUM]","[PREMIUM]","[PREMIUM]","[PREMIUM]",false,false,"5824bfc2cde6626ebe54af66","['5824bdb4f80c41531c0e9a2f']","[PREMIUM]","[PREMIUM]"
"68d1b05a30cb7c8d07a0bfdd","2026-03-02 09:10:44.228","2026-03-15 00:06:21.483","68d1b05a30cb7c8d07a0bfdd","The Lion King","theater","2026-05-24 15:00:00","2026-05-24 19:00:00","2026-05-24 20:00:00",false,false,false,"[PREMIUM]","[PREMIUM]","[PREMIUM]","[PREMIUM]","[PREMIUM]","[PREMIUM]",true,false,"5824bfc2cde6626ebe54af66","['5824bdb4f80c41531c0e9a2f']","[PREMIUM]","[PREMIUM]"
"68d198ef78e2a6b27608932a","2026-03-02 09:10:44.228","2026-03-15 00:06:14.385","68d198ef78e2a6b27608932a","Nikki Glaser and David Spade","comedy","2026-05-23 20:00:00","2026-05-24 03:00:00","2026-05-24 04:30:00",false,false,false,"[PREMIUM]","[PREMIUM]","[PREMIUM]","[PREMIUM]","[PREMIUM]","[PREMIUM]",false,false,"568dc4b9f80c41036a000001","['5d96197d97611400384f52cf','61958d1d35761a0001771cd4']","[PREMIUM]","[PREMIUM]"
"68ce5083b77c783eeb06b8b1","2026-03-02 09:10:44.228","2026-03-15 00:06:21.483","68ce5083b77c783eeb06b8b1","Leonid and Friends","music","2026-05-24 19:30:00","2026-05-24 23:30:00","2026-05-25 01:00:00",false,false,false,"[PREMIUM]","[PREMIUM]","[PREMIUM]","[PREMIUM]","[PREMIUM]","[PREMIUM]",false,true,"62a26daa66c7390001ed9fda","['6215832d6203aa00015b89f0']","[PREMIUM]","[PREMIUM]"
"68cd6f8bb77c783eeb0646a4","2026-03-02 09:10:44.228","2026-03-15 00:06:14.385","68cd6f8bb77c783eeb0646a4","Aladdin","theater","2026-05-23 20:00:00","2026-05-24 00:00:00","2026-05-24 01:00:00",false,false,false,"[PREMIUM]","[PREMIUM]","[PREMIUM]","[PREMIUM]","[PREMIUM]","[PREMIUM]",false,false,"5824ec61cde6626ebe562239","['5824e09bf80c4177ff0df05e']","[PREMIUM]","[PREMIUM]"
"68cd6f8a5a0c8f74272d148a","2026-03-02 09:10:44.228","2026-03-15 00:06:21.483","68cd6f8a5a0c8f74272d148a","Aladdin","theater","2026-05-24 15:00:00","2026-05-24 19:00:00","2026-05-24 20:00:00",false,false,false,"[PREMIUM]","[PREMIUM]","[PREMIUM]","[PREMIUM]","[PREMIUM]","[PREMIUM]",false,false,"5824ec61cde6626ebe562239","['5824e09bf80c4177ff0df05e']","[PREMIUM]","[PREMIUM]"
"68cca94f05d98fd0ff5f7a63","2026-03-02 09:10:44.228","2026-03-15 00:06:21.483","68cca94f05d98fd0ff5f7a63","Oh Mary","theater","2026-05-24 18:30:00","2026-05-24 22:30:00","2026-05-24 22:30:00",false,false,false,"[PREMIUM]","[PREMIUM]","[PREMIUM]","[PREMIUM]","[PREMIUM]","[PREMIUM]",false,false,"5ac67bcbd03fa4001318a3a8","['663a800860301e272fa2c5ca']","[PREMIUM]","[PREMIUM]"
"68cca94c15c05ec7779084a1","2026-03-02 09:10:44.228","2026-03-15 00:06:21.483","68cca94c15c05ec7779084a1","Oh Mary","theater","2026-05-24 14:00:00","2026-05-24 18:00:00","2026-05-24 18:00:00",false,false,false,"[PREMIUM]","[PREMIUM]","[PREMIUM]","[PREMIUM]","[PREMIUM]","[PREMIUM]",false,false,"5ac67bcbd03fa4001318a3a8","['663a800860301e272fa2c5ca']","[PREMIUM]","[PREMIUM]"
"68cca94b3c66eb7fc44bf0ff","2026-03-02 09:10:44.228","2026-03-15 00:06:14.385","68cca94b3c66eb7fc44bf0ff","Oh Mary","theater","2026-05-23 20:30:00","2026-05-24 00:30:00","2026-05-24 00:30:00",false,false,false,"[PREMIUM]","[PREMIUM]","[PREMIUM]","[PREMIUM]","[PREMIUM]","[PREMIUM]",true,false,"5ac67bcbd03fa4001318a3a8","['663a800860301e272fa2c5ca']","[PREMIUM]","[PREMIUM]"
"68cc8caf1a788d38e38f6c70","2026-03-02 09:10:44.228","2026-03-15 00:06:21.483","68cc8caf1a788d38e38f6c70","Piff the Magic Dragon","theater","2026-05-24 19:00:00","2026-05-25 02:00:00","2026-05-25 02:00:00",false,false,false,"[PREMIUM]","[PREMIUM]","[PREMIUM]","[PREMIUM]","[PREMIUM]","[PREMIUM]",false,true,"64011f5f35ef8e000125b353","['65281e8c817075bfb76e707e']","[PREMIUM]","[PREMIUM]"
"68cb743f4935504c52742062","2026-03-02 09:10:44.228","2026-03-15 00:06:21.483","68cb743f4935504c52742062","Machine Gun Kelly","music","2026-05-24 19:00:00","2026-05-25 00:00:00","2026-05-25 01:00:00",false,false,false,"[PREMIUM]","[PREMIUM]","[PREMIUM]","[PREMIUM]","[PREMIUM]","[PREMIUM]",true,false,"56f1ad89f80c415330000001","['57d2fd59f80c410f22b2ac69']","[PREMIUM]","[PREMIUM]"
"68c8970a1bf2997312152679","2026-03-02 09:10:44.228","2026-03-15 00:06:14.385","68c8970a1bf2997312152679","Morgan Jay (18+ Event)","comedy","2026-05-23 21:00:00","2026-05-24 01:00:00","2026-05-24 01:00:00",false,false,false,"[PREMIUM]","[PREMIUM]","[PREMIUM]","[PREMIUM]","[PREMIUM]","[PREMIUM]",false,false,"5af9e3c1f53c2800121b4c3c","['6499b755ac708d0001618995']","[PREMIUM]","[PREMIUM]"
"68c58249e213a095fce5ad98","2026-03-02 09:10:44.228","2026-03-15 00:06:21.483","68c58249e213a095fce5ad98","Phil Wickham","music","2026-05-24 19:00:00","2026-05-25 00:00:00","2026-05-25 01:30:00",false,false,false,"[PREMIUM]","[PREMIUM]","[PREMIUM]","[PREMIUM]","[PREMIUM]","[PREMIUM]",false,false,"63c9d24e0d5fff000179f4ef","['63069f4dff97930001bcfede']","[PREMIUM]","[PREMIUM]"
"68c1d4cbe9931f89cf5c96f3","2026-03-02 09:10:44.228","2026-03-15 00:06:14.385","68c1d4cbe9931f89cf5c96f3","Laura Pausini","music","2026-05-23 20:00:00","2026-05-24 01:00:00","2026-05-24 02:30:00",false,false,false,"[PREMIUM]","[PREMIUM]","[PREMIUM]","[PREMIUM]","[PREMIUM]","[PREMIUM]",false,false,"57a4e75cf80c417f4e9c45cd","['64265fe24919200001bc9381']","[PREMIUM]","[PREMIUM]"
"68c1d293cdfcc245988855bf","2026-03-02 09:10:44.228","2026-03-15 00:06:21.483","68c1d293cdfcc245988855bf","Maybe Happy Ending","theater","2026-05-24 18:00:00","2026-05-24 22:00:00","2026-05-24 22:00:00",false,false,false,"[PREMIUM]","[PREMIUM]","[PREMIUM]","[PREMIUM]","[PREMIUM]","[PREMIUM]",false,true,"5ad8daf5fd8c160012a41dc9","['66709c22510c1cf7ec8b43de']","[PREMIUM]","[PREMIUM]"
"68c1d2921830128e1a2b565e","2026-03-02 09:10:44.228","2026-03-15 00:06:14.385","68c1d2921830128e1a2b565e","Maybe Happy Ending","theater","2026-05-24 13:00:00","2026-05-24 17:00:00","2026-05-24 17:00:00",false,false,false,"[PREMIUM]","[PREMIUM]","[PREMIUM]","[PREMIUM]","[PREMIUM]","[PREMIUM]",false,true,"5ad8daf5fd8c160012a41dc9","['66709c22510c1cf7ec8b43de']","[PREMIUM]","[PREMIUM]"
"68bf5f1f5a1aec93852d2eae","2026-03-02 09:10:44.228","2026-03-15 00:06:14.385","68bf5f1f5a1aec93852d2eae","Donny Osmond","music","2026-05-23 19:30:00","2026-05-24 02:30:00","2026-05-24 04:00:00",false,false,false,"[PREMIUM]","[PREMIUM]","[PREMIUM]","[PREMIUM]","[PREMIUM]","[PREMIUM]",false,false,"676f3ef81c9f99c67660f467","['643dbed0071f2700010c99f5']","[PREMIUM]","[PREMIUM]"
"68ba8790d328dcbc14d9d564","2026-03-02 09:10:44.228","2026-03-15 00:06:21.483","68ba8790d328dcbc14d9d564","Columbia Fireflies at Augusta GreenJackets","milb","2026-05-24 18:05:00","2026-05-24 23:05:00","2026-05-24 23:05:00",false,false,false,"[PREMIUM]","[PREMIUM]","[PREMIUM]","[PREMIUM]","[PREMIUM]","[PREMIUM]",false,false,"68a4e628d375b78ec2eb852e","['6538094d1bfda6ed2abe0c4b','65380a7a00e46b86c0454bad']","[PREMIUM]","[PREMIUM]"
"68ba2e2d5f1ef86c59a7da1f","2026-03-02 09:10:44.228","2026-03-15 00:06:21.483","68ba2e2d5f1ef86c59a7da1f","Salem RidgeYaks at Hill City Howlers","milb","2026-05-24 14:00:00","2026-05-24 18:00:00","2026-05-24 18:00:00",false,false,false,"[PREMIUM]","[PREMIUM]","[PREMIUM]","[PREMIUM]","[PREMIUM]","[PREMIUM]",false,false,"654c1416c35f9dd6cc67ccf0","['6526dd7debf3d7db61c0d2ef','6526e2a8af2d4acc0dbfc14f']","[PREMIUM]","[PREMIUM]"
"68ba0f6f3b3ad0f38a948e2a","2026-03-02 09:10:44.228","2026-03-15 00:06:14.385","68ba0f6f3b3ad0f38a948e2a","Fredericksburg Nationals at Fayetteville Woodpeckers","milb","2026-05-23 19:05:00","2026-05-23 23:05:00","2026-05-23 23:05:00",false,false,false,"[PREMIUM]","[PREMIUM]","[PREMIUM]","[PREMIUM]","[PREMIUM]","[PREMIUM]",false,false,"652f11c112c382968b73a589","['6526da83146c5be0aefd9aaf','6526c5f1434c0c07a0ead2a9']","[PREMIUM]","[PREMIUM]"
"68ba0f6e9fa4575c735043ef","2026-03-02 09:10:44.228","2026-03-15 00:06:21.483","68ba0f6e9fa4575c735043ef","Fredericksburg Nationals at Fayetteville Woodpeckers","milb","2026-05-24 17:05:00","2026-05-24 21:05:00","2026-05-24 21:05:00",false,false,false,"[PREMIUM]","[PREMIUM]","[PREMIUM]","[PREMIUM]","[PREMIUM]","[PREMIUM]",false,false,"652f11c112c382968b73a589","['6526da83146c5be0aefd9aaf','6526c5f1434c0c07a0ead2a9']","[PREMIUM]","[PREMIUM]"
"68b9f7139b14d01d3460fd5b","2026-03-02 09:10:44.228","2026-03-15 00:06:21.483","68b9f7139b14d01d3460fd5b","Charleston RiverDogs at Hickory Crawdads","milb","2026-05-24 18:30:00","2026-05-24 22:30:00","2026-05-25 00:00:00",false,false,false,"[PREMIUM]","[PREMIUM]","[PREMIUM]","[PREMIUM]","[PREMIUM]","[PREMIUM]",false,false,"66c65ec8c92e998273ce8ef5","['63f663e63b787b0001b4ffbd','6536d97485521b19a95f8a12']","[PREMIUM]","[PREMIUM]"
"68b9d9981cfb8993f74a1106","2026-03-02 09:10:44.228","2026-03-15 00:06:21.483","68b9d9981cfb8993f74a1106","Myrtle Beach Pelicans at Kannapolis Cannon Ballers","milb","2026-05-24 13:30:00","2026-05-24 17:30:00","2026-05-24 17:30:00",false,false,false,"[PREMIUM]","[PREMIUM]","[PREMIUM]","[PREMIUM]","[PREMIUM]","[PREMIUM]",false,false,"6581ca50997d1533453da82e","['6526ddf462da68c78d1e4869','65380b073dd0a7f313d399f7']","[PREMIUM]","[PREMIUM]"
"68b9b20e535b5ec4b380141a","2026-03-02 09:10:44.228","2026-03-15 00:06:14.385","68b9b20e535b5ec4b380141a","Mrs. Doubtfire","theater","2026-05-23 19:30:00","2026-05-24 02:30:00","2026-05-24 02:30:00",false,false,false,"[PREMIUM]","[PREMIUM]","[PREMIUM]","[PREMIUM]","[PREMIUM]","[PREMIUM]",false,false,"67ec3ddd306a37dd1da91b2f","['652ef7a7e0a6d7050f878e9e']","[PREMIUM]","[PREMIUM]"
"68b8a9048aa3ed39eb5de8d4","2026-03-02 09:10:44.228","2026-03-15 00:06:21.483","68b8a9048aa3ed39eb5de8d4","Alter Bridge","music","2026-05-24 19:00:00","2026-05-24 23:00:00","2026-05-25 00:00:00",false,false,false,"[PREMIUM]","[PREMIUM]","[PREMIUM]","[PREMIUM]","[PREMIUM]","[PREMIUM]",false,false,"63e6a960d249a1000118731c","['582be30ff80c41556b3043df']","[PREMIUM]","[PREMIUM]"
"68b8a32d9c69670da0651535","2026-03-02 09:10:44.228","2026-03-15 00:06:21.483","68b8a32d9c69670da0651535","Cirque du Soleil Auana","other","2026-05-24 17:30:00","2026-05-25 03:30:00","2026-05-25 03:30:00",false,false,false,"[PREMIUM]","[PREMIUM]","[PREMIUM]","[PREMIUM]","[PREMIUM]","[PREMIUM]",false,false,"67ae89d27a17130550b17e6b","['67b52d992a9080dfc5e5d3a7']","[PREMIUM]","[PREMIUM]"
"68b8a32ba10a22424345dc6f","2026-03-02 09:10:44.228","2026-03-15 00:06:21.483","68b8a32ba10a22424345dc6f","Cirque du Soleil Auana","other","2026-05-24 20:00:00","2026-05-25 06:00:00","2026-05-25 06:00:00",false,false,false,"[PREMIUM]","[PREMIUM]","[PREMIUM]","[PREMIUM]","[PREMIUM]","[PREMIUM]",false,false,"67ae89d27a17130550b17e6b","['67b52d992a9080dfc5e5d3a7']","[PREMIUM]","[PREMIUM]"
"68b8a32b1cfb8993f749955a","2026-03-02 09:10:44.228","2026-03-15 00:06:14.385","68b8a32b1cfb8993f749955a","Cirque du Soleil Auana","other","2026-05-23 20:00:00","2026-05-24 06:00:00","2026-05-24 06:00:00",false,false,false,"[PREMIUM]","[PREMIUM]","[PREMIUM]","[PREMIUM]","[PREMIUM]","[PREMIUM]",false,false,"67ae89d27a17130550b17e6b","['67b52d992a9080dfc5e5d3a7']","[PREMIUM]","[PREMIUM]"
"68b1f115e1a5588ad2a8a360","2026-03-02 09:10:44.228","2026-03-15 00:06:21.483","68b1f115e1a5588ad2a8a360","Fantasy (18+ Event)","theater","2026-05-24 22:30:00","2026-05-25 05:30:00","2026-05-25 05:30:00",false,false,false,"[PREMIUM]","[PREMIUM]","[PREMIUM]","[PREMIUM]","[PREMIUM]","[PREMIUM]",false,false,"62cc6fe874f0f100012e52f6","['662ac3b2876d6eae6a56fe32']","[PREMIUM]","[PREMIUM]"
"68b1f114c1bb39c8dd32c97c","2026-03-02 09:10:44.228","2026-03-15 00:06:14.385","68b1f114c1bb39c8dd32c97c","Fantasy (18+ Event)","theater","2026-05-23 22:30:00","2026-05-24 05:30:00","2026-05-24 05:30:00",false,false,false,"[PREMIUM]","[PREMIUM]","[PREMIUM]","[PREMIUM]","[PREMIUM]","[PREMIUM]",false,false,"62cc6fe874f0f100012e52f6","['662ac3b2876d6eae6a56fe32']","[PREMIUM]","[PREMIUM]"
"68b09d9e3a085d23ccc3e75e","2026-03-02 09:10:44.228","2026-03-15 00:06:14.385","68b09d9e3a085d23ccc3e75e","Fort Myers Mighty Mussels at Dunedin Blue Jays","milb","2026-05-24 12:00:00","2026-05-24 16:00:00","2026-05-24 17:30:00",false,false,false,"[PREMIUM]","[PREMIUM]","[PREMIUM]","[PREMIUM]","[PREMIUM]","[PREMIUM]",false,false,"568d94b3f80c417330000006","['619839f4a95144000140d7b4','61983b570675f0000151de45']","[PREMIUM]","[PREMIUM]"
"68afa19c6d6358b0844915e5","2026-03-02 09:10:44.228","2026-03-15 00:06:21.483","68afa19c6d6358b0844915e5","Rome Emperors at Hub City Spartanburgers","milb","2026-05-24 18:35:00","2026-05-24 22:35:00","2026-05-24 22:35:00",false,false,false,"[PREMIUM]","[PREMIUM]","[PREMIUM]","[PREMIUM]","[PREMIUM]","[PREMIUM]",false,false,"68b0aeec18105099c9bf653d","['66d204b8e5351494a31f3719','66d1efdfd521c5d92ed18843']","[PREMIUM]","[PREMIUM]"
"68afa0abe679c40425be3d29","2026-03-02 09:10:44.228","2026-03-15 00:06:14.385","68afa0abe679c40425be3d29","Reading Fightin Phils at Portland Sea Dogs","milb","2026-05-24 13:00:00","2026-05-24 17:00:00","2026-05-24 17:00:00",false,false,false,"[PREMIUM]","[PREMIUM]","[PREMIUM]","[PREMIUM]","[PREMIUM]","[PREMIUM]",false,false,"66b66fce2b763ca71ee645d6","['64ee553dcbffa600017a2232','64e6624db747070001f18009']","[PREMIUM]","[PREMIUM]"
"68af8a25bbe8a1f1686b6aa8","2026-03-02 09:10:44.228","2026-03-15 00:06:14.385","68af8a25bbe8a1f1686b6aa8","Bradenton Marauders at Lakeland Flying Tigers","milb","2026-05-24 12:00:00","2026-05-24 16:00:00","2026-05-24 17:30:00",false,false,false,"[PREMIUM]","[PREMIUM]","[PREMIUM]","[PREMIUM]","[PREMIUM]","[PREMIUM]",false,false,"568d94b3f80c417330000005","['61983a5105eed90001738aa8','61983bd86a5b8300011a9785']","[PREMIUM]","[PREMIUM]"
"68af8a22134a3cce602caee2","2026-03-02 09:10:44.228","2026-03-15 00:06:14.385","68af8a22134a3cce602caee2","Clearwater Threshers at Tampa Tarpons","milb","2026-05-24 12:00:00","2026-05-24 16:00:00","2026-05-24 17:30:00",false,false,false,"[PREMIUM]","[PREMIUM]","[PREMIUM]","[PREMIUM]","[PREMIUM]","[PREMIUM]",false,false,"56903f95f80c41639c000005","['61982ea5275b0b0001af0f4d','61982d0856dcff0001a27d2c']","[PREMIUM]","[PREMIUM]"
"68af8a1fb645abdd501f2012","2026-03-02 09:10:44.228","2026-03-15 00:06:14.385","68af8a1fb645abdd501f2012","Palm Beach Cardinals at St. Lucie Mets","milb","2026-05-24 12:10:00","2026-05-24 16:10:00","2026-05-24 17:40:00",false,false,false,"[PREMIUM]","[PREMIUM]","[PREMIUM]","[PREMIUM]","[PREMIUM]","[PREMIUM]",false,false,"56930d71f80c410e58000001","['61983a965469f500014ad799','61983acded8d730001e27708']","[PREMIUM]","[PREMIUM]"
"68af8592613b50d0d60101d1","2026-03-02 09:10:44.228","2026-03-15 00:06:21.483","68af8592613b50d0d60101d1","Winston-Salem Dash at Greensboro Grasshoppers","milb","2026-05-24 18:30:00","2026-05-24 22:30:00","2026-05-25 00:00:00",false,false,false,"[PREMIUM]","[PREMIUM]","[PREMIUM]","[PREMIUM]","[PREMIUM]","[PREMIUM]",false,false,"67201e29232068a5089a2598","['63f667234f65be0001a637fd','63f664880207300001b1d23f']","[PREMIUM]","[PREMIUM]"
"68af85766e994df60a6a3296","2026-03-02 09:10:44.228","2026-03-15 00:06:14.385","68af85766e994df60a6a3296","Daytona Tortugas at Jupiter Hammerheads","milb","2026-05-24 12:30:00","2026-05-24 16:30:00","2026-05-24 18:00:00",false,false,false,"[PREMIUM]","[PREMIUM]","[PREMIUM]","[PREMIUM]","[PREMIUM]","[PREMIUM]",false,false,"56953b7bf80c415f8e000001","['619c366b80ca5b0001ebab39','61983b845414ea000162d4cf']","[PREMIUM]","[PREMIUM]"
"68af70baf81960799e890ac3","2026-03-02 09:10:44.228","2026-03-15 00:06:21.483","68af70baf81960799e890ac3","Midland RockHounds at Corpus Christi Hooks","milb","2026-05-24 18:35:00","2026-05-24 23:35:00","2026-05-25 01:05:00",false,false,false,"[PREMIUM]","[PREMIUM]","[PREMIUM]","[PREMIUM]","[PREMIUM]","[PREMIUM]",false,false,"64f8fa5224fb4e0001677e1b","['61afef2e9386eb0001d73310','61afeeb674b2950001144fd6']","[PREMIUM]","[PREMIUM]"
"68af70baab077556743aad96","2026-03-02 09:10:44.228","2026-03-15 00:06:14.385","68af70baab077556743aad96","Midland RockHounds at Corpus Christi Hooks","milb","2026-05-23 19:05:00","2026-05-24 00:05:00","2026-05-24 01:35:00",false,false,false,"[PREMIUM]","[PREMIUM]","[PREMIUM]","[PREMIUM]","[PREMIUM]","[PREMIUM]",false,false,"64f8fa5224fb4e0001677e1b","['61afef2e9386eb0001d73310','61afeeb674b2950001144fd6']","[PREMIUM]","[PREMIUM]"
"68af6df73a17d236cc3737c5","2026-03-02 09:10:44.228","2026-03-15 00:06:21.483","68af6df73a17d236cc3737c5","Vancouver Canadians at Spokane Indians","milb","2026-05-24 13:05:00","2026-05-24 20:05:00","2026-05-24 21:35:00",false,false,false,"[PREMIUM]","[PREMIUM]","[PREMIUM]","[PREMIUM]","[PREMIUM]","[PREMIUM]",false,false,"67a687e3ba4c3c97f08e3c98","['5d13d29c1a4d09001cb828a1','5d129bd0c519f8001ad01b4b']","[PREMIUM]","[PREMIUM]"
"68af6dafafd35e5e7d650bc6","2026-03-02 09:10:44.228","2026-03-15 00:06:14.385","68af6dafafd35e5e7d650bc6","Hartford Yard Goats at New Hampshire Fisher Cats","milb","2026-05-24 13:05:00","2026-05-24 17:05:00","2026-05-24 17:05:00",false,false,false,"[PREMIUM]","[PREMIUM]","[PREMIUM]","[PREMIUM]","[PREMIUM]","[PREMIUM]",true,false,"66db7c94fedabbac75fbe94a","['64e6610ad2410200017fd951','64b70f9db0c58900018113b4']","[PREMIUM]","[PREMIUM]"
"68af6d7d31b0417b2a9d6b95","2026-03-02 09:10:44.228","2026-03-15 00:06:14.385","68af6d7d31b0417b2a9d6b95","Jersey Shore BlueClaws at Wilmington Blue Rocks","milb","2026-05-24 13:05:00","2026-05-24 17:05:00","2026-05-24 18:35:00",false,false,false,"[PREMIUM]","[PREMIUM]","[PREMIUM]","[PREMIUM]","[PREMIUM]","[PREMIUM]",false,false,"689e73910a9ae361a121a734","['63f666d19a621000017a6117','653c17d086be748601b6e045']","[PREMIUM]","[PREMIUM]"
"68af67d3bbe8a1f1686b5dc5","2026-03-02 09:10:44.228","2026-03-15 00:06:14.385","68af67d3bbe8a1f1686b5dc5","Somerset Patriots at Chesapeake Baysox","milb","2026-05-24 13:05:00","2026-05-24 17:05:00","2026-05-24 17:05:00",false,false,false,"[PREMIUM]","[PREMIUM]","[PREMIUM]","[PREMIUM]","[PREMIUM]","[PREMIUM]",false,false,"655ea8ec11278a11d001d01c","['6495e9dba4dfb10001da0511','6495eaff7405510001af8b99']","[PREMIUM]","[PREMIUM]"
"68af5a6e74310d5e52b013b1","2026-03-02 09:10:44.228","2026-03-15 00:06:21.483","68af5a6e74310d5e52b013b1","Athletics at San Diego Padres","mlb","2026-05-24 13:10:00","2026-05-24 20:10:00","2026-05-24 21:10:00",false,false,false,"[PREMIUM]","[PREMIUM]","[PREMIUM]","[PREMIUM]","[PREMIUM]","[PREMIUM]",true,false,"53692f0a3bf3760f90000001","['539619543bf37601f600000b','533064c83bf3766e3a000005']","[PREMIUM]","[PREMIUM]"
"68af5a56bbe8a1f1686b5780","2026-03-02 09:10:44.228","2026-03-15 00:06:21.483","68af5a56bbe8a1f1686b5780","Detroit Tigers at Baltimore Orioles","mlb","2026-05-24 13:35:00","2026-05-24 17:35:00","2026-05-24 18:35:00",false,false,false,"[PREMIUM]","[PREMIUM]","[PREMIUM]","[PREMIUM]","[PREMIUM]","[PREMIUM]",true,false,"53bb068c3bf37624c3000004","['53bb06963bf37624c3000008','53c03a423bf37612c4000006']","[PREMIUM]","[PREMIUM]"
"68af59917ac25ed1de5c9b85","2026-03-02 09:10:44.228","2026-03-15 00:06:21.483","68af59917ac25ed1de5c9b85","Minnesota Twins at Boston Red Sox","mlb","2026-05-24 13:35:00","2026-05-24 17:35:00","2026-05-24 18:05:00",false,false,false,"[PREMIUM]","[PREMIUM]","[PREMIUM]","[PREMIUM]","[PREMIUM]","[PREMIUM]",true,false,"5362ccf73bf37627c6000001","['537151673bf3762108000002','539619553bf37601f600000d']","[PREMIUM]","[PREMIUM]"
"68af5950613b50d0d600f00d","2026-03-02 09:10:44.228","2026-03-15 00:06:21.483","68af5950613b50d0d600f00d","New York Mets at Miami Marlins","mlb","2026-05-24 13:40:00","2026-05-24 17:40:00","2026-05-24 18:40:00",false,false,false,"[PREMIUM]","[PREMIUM]","[PREMIUM]","[PREMIUM]","[PREMIUM]","[PREMIUM]",false,false,"53acb8a23bf3760237000004","['53acb8a63bf376023700000b','536454803bf3763374000002']","[PREMIUM]","[PREMIUM]"
"68af58f0ab077556743aa211","2026-03-02 09:10:44.228","2026-03-15 00:06:21.483","68af58f0ab077556743aa211","Washington Nationals at Atlanta Braves","mlb","2026-05-24 16:10:00","2026-05-24 20:10:00","2026-05-24 20:40:00",false,false,false,"[PREMIUM]","[PREMIUM]","[PREMIUM]","[PREMIUM]","[PREMIUM]","[PREMIUM]",false,false,"5876a1f7cde6626ebe0d3e87","['53acb8a23bf3760237000009','539619533bf37601f6000005']","[PREMIUM]","[PREMIUM]"
"68af586674310d5e52b0133c","2026-03-02 09:10:44.228","2026-03-15 00:06:21.483","68af586674310d5e52b0133c","Houston Astros at Chicago Cubs","mlb","2026-05-24 13:20:00","2026-05-24 18:20:00","2026-05-24 19:20:00",false,false,false,"[PREMIUM]","[PREMIUM]","[PREMIUM]","[PREMIUM]","[PREMIUM]","[PREMIUM]",true,false,"533d97153bf3766542000002","['5363eacd3bf3766593000004','53b30c2b3bf37646fb000004']","[PREMIUM]","[PREMIUM]"
"68af5680b645abdd501f0c65","2026-03-02 09:10:44.228","2026-03-15 00:06:21.483","68af5680b645abdd501f0c65","Seattle Mariners at Kansas City Royals","mlb","2026-05-24 13:10:00","2026-05-24 18:10:00","2026-05-24 19:10:00",false,false,false,"[PREMIUM]","[PREMIUM]","[PREMIUM]","[PREMIUM]","[PREMIUM]","[PREMIUM]",false,false,"538526c321efd33afb000004","['539619543bf37601f6000009','539619563bf37601f6000011']","[PREMIUM]","[PREMIUM]"
"68af55fd3a17d236cc372cee","2026-03-02 09:10:44.228","2026-03-15 00:06:21.483","68af55fd3a17d236cc372cee","Colorado Rockies at Arizona Diamondbacks","mlb","2026-05-24 13:10:00","2026-05-24 20:10:00","2026-05-24 21:10:00",false,false,false,"[PREMIUM]","[PREMIUM]","[PREMIUM]","[PREMIUM]","[PREMIUM]","[PREMIUM]",true,false,"538526c421efd33afb000006","['539619573bf37601f6000013','53acb8aa3bf376023700000d']","[PREMIUM]","[PREMIUM]"
"68af55fcdf4544316a760ba3","2026-03-02 09:10:44.228","2026-03-15 00:06:14.385","68af55fcdf4544316a760ba3","Colorado Rockies at Arizona Diamondbacks","mlb","2026-05-23 19:10:00","2026-05-24 02:10:00","2026-05-24 03:10:00",false,false,false,"[PREMIUM]","[PREMIUM]","[PREMIUM]","[PREMIUM]","[PREMIUM]","[PREMIUM]",false,false,"538526c421efd33afb000006","['539619573bf37601f6000013','53acb8aa3bf376023700000d']","[PREMIUM]","[PREMIUM]"
"68af55482b923320a728e95e","2026-03-02 09:10:44.228","2026-03-15 00:06:14.385","68af55482b923320a728e95e","Texas Rangers at Los Angeles Angels","mlb","2026-05-23 19:05:00","2026-05-24 02:05:00","2026-05-24 03:05:00",false,false,false,"[PREMIUM]","[PREMIUM]","[PREMIUM]","[PREMIUM]","[PREMIUM]","[PREMIUM]",false,false,"533d97153bf3766542000001","['533d97163bf3766542000004','53bb068f3bf37624c3000006']","[PREMIUM]","[PREMIUM]"
"68af5547e679c40425be20d0","2026-03-02 09:10:44.228","2026-03-15 00:06:21.483","68af5547e679c40425be20d0","Texas Rangers at Los Angeles Angels","mlb","2026-05-24 16:20:00","2026-05-24 23:20:00","2026-05-25 00:20:00",false,false,false,"[PREMIUM]","[PREMIUM]","[PREMIUM]","[PREMIUM]","[PREMIUM]","[PREMIUM]",false,false,"533d97153bf3766542000001","['533d97163bf3766542000004','53bb068f3bf37624c3000006']","[PREMIUM]","[PREMIUM]"
"68af5513630aca517177583c","2026-03-02 09:10:44.228","2026-03-15 00:06:14.385","68af5513630aca517177583c","Asheville Tourists at Bowling Green Hot Rods","milb","2026-05-24 12:05:00","2026-05-24 17:05:00","2026-05-24 18:35:00",false,false,false,"[PREMIUM]","[PREMIUM]","[PREMIUM]","[PREMIUM]","[PREMIUM]","[PREMIUM]",false,false,"630652ee7aac260001865ef5","['5a947177e43ec900139f21ef','63f662caac5b140001aa985a']","[PREMIUM]","[PREMIUM]"
"68af5484afd35e5e7d650004","2026-03-02 09:10:44.228","2026-03-15 00:06:14.385","68af5484afd35e5e7d650004","St. Louis Cardinals at Cincinnati Reds (KeBryan Hayes Gold Glove Bobblehead Giveaway)","mlb","2026-05-23 19:15:00","2026-05-23 23:15:00","2026-05-24 00:15:00",false,false,false,"[PREMIUM]","[PREMIUM]","[PREMIUM]","[PREMIUM]","[PREMIUM]","[PREMIUM]",false,false,"53beec013bf376503f000001","['53beec053bf376503f000005','54b5ab583bf3763f85000003']","[PREMIUM]","[PREMIUM]"
"68af5483df4544316a760b54","2026-03-02 09:10:44.228","2026-03-15 00:06:21.483","68af5483df4544316a760b54","St. Louis Cardinals at Cincinnati Reds","mlb","2026-05-24 13:40:00","2026-05-24 17:40:00","2026-05-24 18:40:00",false,false,false,"[PREMIUM]","[PREMIUM]","[PREMIUM]","[PREMIUM]","[PREMIUM]","[PREMIUM]",true,false,"53beec013bf376503f000001","['53beec053bf376503f000005','54b5ab583bf3763f85000003']","[PREMIUM]","[PREMIUM]"
"68af53f76d6358b08448fac8","2026-03-02 09:10:44.228","2026-03-15 00:06:14.385","68af53f76d6358b08448fac8","Chicago White Sox at San Francisco Giants (Star Wars Grogu Bobblehead Giveaway)","mlb","2026-05-24 13:05:00","2026-05-24 20:05:00","2026-05-24 21:35:00",false,false,false,"[PREMIUM]","[PREMIUM]","[PREMIUM]","[PREMIUM]","[PREMIUM]","[PREMIUM]",false,false,"52618c753bf3760b9c000004","['5333a2773bf3767900000003','5363eacd3bf3766593000002']","[PREMIUM]","[PREMIUM]"
"68af53ca59c7d399737f2676","2026-03-02 09:10:44.228","2026-03-15 00:06:21.483","68af53ca59c7d399737f2676","Los Angeles Dodgers at Milwaukee Brewers","mlb","2026-05-24 13:10:00","2026-05-24 18:10:00","2026-05-24 19:10:00",false,false,false,"[PREMIUM]","[PREMIUM]","[PREMIUM]","[PREMIUM]","[PREMIUM]","[PREMIUM]",true,false,"538526c321efd33afb000003","['539619523bf37601f6000003','5333e12b3bf3763503000002']","[PREMIUM]","[PREMIUM]"
"68af52984c5847540d932f76","2026-03-02 09:10:44.228","2026-03-15 00:06:21.483","68af52984c5847540d932f76","Tampa Bay Rays at New York Yankees","mlb","2026-05-24 13:35:00","2026-05-24 17:35:00","2026-05-24 18:35:00",false,false,false,"[PREMIUM]","[PREMIUM]","[PREMIUM]","[PREMIUM]","[PREMIUM]","[PREMIUM]",true,false,"5362ccf73bf37627c6000003","['5373d2f03bf37640fe000002','54dcf2bb64f9620805000007']","[PREMIUM]","[PREMIUM]"
"68af527ec814c51f4f8de93d","2026-03-02 09:10:44.228","2026-03-15 00:06:14.385","68af527ec814c51f4f8de93d","Lansing Lugnuts at Lake County Captains","milb","2026-05-24 13:00:00","2026-05-24 17:00:00","2026-05-24 18:30:00",false,false,false,"[PREMIUM]","[PREMIUM]","[PREMIUM]","[PREMIUM]","[PREMIUM]","[PREMIUM]",false,false,"67d0ccef978952a39918f464","['5a9472cbeabe900013b42fe0','5a9478cae43ec900139f21f1']","[PREMIUM]","[PREMIUM]"
"68af4f684c5847540d932e9a","2026-03-02 09:10:44.228","2026-03-15 00:06:14.385","68af4f684c5847540d932e9a","Pittsburgh Pirates at Toronto Blue Jays","mlb","2026-05-24 12:15:00","2026-05-24 16:15:00","2026-05-24 17:15:00",false,false,false,"[PREMIUM]","[PREMIUM]","[PREMIUM]","[PREMIUM]","[PREMIUM]","[PREMIUM]",false,false,"55116f6864f9625eb3000001","['55116f7064f9625eb3000003','539619563bf37601f600000f']","[PREMIUM]","[PREMIUM]"
"68af4c12561870a68b9890fa","2026-03-02 09:10:44.228","2026-03-15 00:06:21.483","68af4c12561870a68b9890fa","Cleveland Guardians at Philadelphia Phillies (Phanatic Childrens Book Giveaway)","mlb","2026-05-24 13:35:00","2026-05-24 17:35:00","2026-05-24 18:35:00",false,false,false,"[PREMIUM]","[PREMIUM]","[PREMIUM]","[PREMIUM]","[PREMIUM]","[PREMIUM]",false,false,"539619523bf37601f6000001","['539619533bf37601f6000007','53beec093bf376503f000007']","[PREMIUM]","[PREMIUM]"
"68af4b8c60f33e20f906b6b4","2026-03-02 09:10:44.228","2026-03-15 00:06:14.385","68af4b8c60f33e20f906b6b4","South Bend Cubs at West Michigan Whitecaps","milb","2026-05-23 19:05:00","2026-05-24 00:05:00","2026-05-24 01:35:00",false,false,false,"[PREMIUM]","[PREMIUM]","[PREMIUM]","[PREMIUM]","[PREMIUM]","[PREMIUM]",false,false,"64f7b30ef9c8cd0001a1b5ce","['5a9476eab9c7450014e70e86','5a9473c9ccb7ce0014f785b1']","[PREMIUM]","[PREMIUM]"
"68af4b8c504ca5fba8a2af38","2026-03-02 09:10:44.228","2026-03-15 00:06:21.483","68af4b8c504ca5fba8a2af38","South Bend Cubs at West Michigan Whitecaps","milb","2026-05-24 18:35:00","2026-05-24 23:35:00","2026-05-25 01:05:00",false,false,false,"[PREMIUM]","[PREMIUM]","[PREMIUM]","[PREMIUM]","[PREMIUM]","[PREMIUM]",false,false,"64f7b30ef9c8cd0001a1b5ce","['5a9476eab9c7450014e70e86','5a9473c9ccb7ce0014f785b1']","[PREMIUM]","[PREMIUM]"
"68af4b88561870a68b9890dd","2026-03-02 09:10:44.228","2026-03-15 00:06:14.385","68af4b88561870a68b9890dd","Wisconsin Timber Rattlers at Great Lakes Loons","milb","2026-05-24 13:05:00","2026-05-24 17:05:00","2026-05-24 18:35:00",false,false,false,"[PREMIUM]","[PREMIUM]","[PREMIUM]","[PREMIUM]","[PREMIUM]","[PREMIUM]",false,false,"65396917583390fdb9aa5a06","['5a94765b416f6600135aaaa3','632a2d73fe63820001721044']","[PREMIUM]","[PREMIUM]"
"68adc6183c46b1009a3a94ac","2026-03-02 09:10:44.228","2026-03-15 00:06:21.483","68adc6183c46b1009a3a94ac","Montgomery Biscuits at Knoxville Smokies","milb","2026-05-24 14:00:00","2026-05-24 19:00:00","2026-05-24 19:00:00",false,false,false,"[PREMIUM]","[PREMIUM]","[PREMIUM]","[PREMIUM]","[PREMIUM]","[PREMIUM]",false,false,"67fe9c8b2a4f2245a2111ef1","['648ca29dc55ee8000183ba82','6488b0129e46740001738dab']","[PREMIUM]","[PREMIUM]"
"68adc434f801a327e2d733a6","2026-03-02 09:10:44.228","2026-03-15 00:06:21.483","68adc434f801a327e2d733a6","Tacoma Rainiers at Salt Lake Bees","milb","2026-05-24 14:05:00","2026-05-24 20:05:00","2026-05-24 21:35:00",false,false,false,"[PREMIUM]","[PREMIUM]","[PREMIUM]","[PREMIUM]","[PREMIUM]","[PREMIUM]",false,false,"67f02256192ef5bcfb19620f","['54f6486664f9625908000006','59271ce225f2c52ed80f33e2']","[PREMIUM]","[PREMIUM]"
"68ad40e5754f03039c88ec4f","2026-03-02 09:10:44.228","2026-03-15 00:06:14.385","68ad40e5754f03039c88ec4f","Albuquerque Isotopes at Las Vegas Aviators","milb","2026-05-24 12:05:00","2026-05-24 19:05:00","2026-05-24 19:50:00",false,false,false,"[PREMIUM]","[PREMIUM]","[PREMIUM]","[PREMIUM]","[PREMIUM]","[PREMIUM]",false,false,"5c9023b2e9574f001b32eb37","['569fd710f80c416348000006','58ba07f6f80c415aad18c9b3']","[PREMIUM]","[PREMIUM]"
"68ad40e53c46b1009a3a6a5e","2026-03-02 09:10:44.228","2026-03-15 00:06:14.385","68ad40e53c46b1009a3a6a5e","Albuquerque Isotopes at Las Vegas Aviators","milb","2026-05-23 19:05:00","2026-05-24 02:05:00","2026-05-24 02:50:00",false,false,false,"[PREMIUM]","[PREMIUM]","[PREMIUM]","[PREMIUM]","[PREMIUM]","[PREMIUM]",false,false,"5c9023b2e9574f001b32eb37","['569fd710f80c416348000006','58ba07f6f80c415aad18c9b3']","[PREMIUM]","[PREMIUM]"
"68ad1d6965171c37719822db","2026-03-02 09:10:44.228","2026-03-15 00:06:21.483","68ad1d6965171c37719822db","Reno Aces at Oklahoma City Comets","milb","2026-05-24 14:05:00","2026-05-24 19:05:00","2026-05-24 19:50:00",false,false,false,"[PREMIUM]","[PREMIUM]","[PREMIUM]","[PREMIUM]","[PREMIUM]","[PREMIUM]",true,false,"5a78e924210eb900145aaec6","['5a70bb4625f2c537d4449b3e','59271ce225f2c52ed80f33e9']","[PREMIUM]","[PREMIUM]"
"68ad1cb94b71c468b2dd6417","2026-03-02 09:10:44.228","2026-03-15 00:06:14.385","68ad1cb94b71c468b2dd6417","Rochester Red Wings at Worcester Red Sox","milb","2026-05-24 13:05:00","2026-05-24 17:05:00","2026-05-24 18:35:00",false,false,false,"[PREMIUM]","[PREMIUM]","[PREMIUM]","[PREMIUM]","[PREMIUM]","[PREMIUM]",false,false,"641205448e326200015076d2","['5a70bb4625f2c537d4449b4c','5a70bb4625f2c537d4449b54']","[PREMIUM]","[PREMIUM]"
"68ad1c49985f363f2ec97229","2026-03-02 09:10:44.228","2026-03-15 00:06:21.483","68ad1c49985f363f2ec97229","Indianapolis Indians at Toledo Mud Hens","milb","2026-05-24 17:35:00","2026-05-24 21:35:00","2026-05-24 23:05:00",false,false,false,"[PREMIUM]","[PREMIUM]","[PREMIUM]","[PREMIUM]","[PREMIUM]","[PREMIUM]",false,false,"62dae9926def99000189d4b4","['5a70bb4625f2c537d4449b50','54eba93a64f96251e1000004']","[PREMIUM]","[PREMIUM]"
"68ad1c49482a8fb034ae79b8","2026-03-02 09:10:44.228","2026-03-15 00:06:14.385","68ad1c49482a8fb034ae79b8","Indianapolis Indians at Toledo Mud Hens","milb","2026-05-23 19:05:00","2026-05-23 23:05:00","2026-05-24 00:35:00",false,false,false,"[PREMIUM]","[PREMIUM]","[PREMIUM]","[PREMIUM]","[PREMIUM]","[PREMIUM]",false,false,"62dae9926def99000189d4b4","['5a70bb4625f2c537d4449b50','54eba93a64f96251e1000004']","[PREMIUM]","[PREMIUM]"
"68ad1c353c46b1009a3a5d2f","2026-03-02 09:10:44.228","2026-03-15 00:06:21.483","68ad1c353c46b1009a3a5d2f","Fresno Grizzlies at Rancho Cucamonga Quakes","milb","2026-05-24 14:00:00","2026-05-24 21:00:00","2026-05-24 22:30:00",false,false,false,"[PREMIUM]","[PREMIUM]","[PREMIUM]","[PREMIUM]","[PREMIUM]","[PREMIUM]",false,false,"6539683930dd2d0b024d7c29","['6442d196385d0100011a8014','59271ce225f2c52ed80f33e4']","[PREMIUM]","[PREMIUM]"
"68ad1b11e007c0421df5cf0f","2026-03-02 09:10:44.228","2026-03-15 00:06:21.483","68ad1b11e007c0421df5cf0f","Columbus Clingstones at Pensacola Blue Wahoos","milb","2026-05-24 16:05:00","2026-05-24 21:05:00","2026-05-24 21:05:00",false,false,false,"[PREMIUM]","[PREMIUM]","[PREMIUM]","[PREMIUM]","[PREMIUM]","[PREMIUM]",false,false,"650a1fc55093a80001cc5602","['648ca25abbc0b10001f7dda5','688ce9c54f9c41d09ceecf7c']","[PREMIUM]","[PREMIUM]"
"68ad1a1d5ef024048c79c86c","2026-03-02 09:10:44.228","2026-03-15 00:06:21.483","68ad1a1d5ef024048c79c86c","Akron RubberDucks at Harrisburg Senators","milb","2026-05-24 18:30:00","2026-05-24 22:30:00","2026-05-24 22:30:00",false,false,false,"[PREMIUM]","[PREMIUM]","[PREMIUM]","[PREMIUM]","[PREMIUM]","[PREMIUM]",false,false,"65456c57f808bca01bc52ee5","['6495e738c3a2c5000165210c','6494721ae201e20001d02452']","[PREMIUM]","[PREMIUM]"
"68ad06205d12b4e5a2d0b61f","2026-03-02 09:10:44.228","2026-03-15 00:06:21.483","68ad06205d12b4e5a2d0b61f","Omaha Storm Chasers at St. Paul Saints","milb","2026-05-24 17:07:00","2026-05-24 22:07:00","2026-05-24 23:37:00",false,false,false,"[PREMIUM]","[PREMIUM]","[PREMIUM]","[PREMIUM]","[PREMIUM]","[PREMIUM]",true,false,"62d8378c26bbd00001471161","['60947caf3769070001350026','59271ce225f2c52ed80f33e5']","[PREMIUM]","[PREMIUM]"
"68ace8a3e404405927a6930d","2026-03-02 09:10:44.228","2026-03-15 00:06:21.483","68ace8a3e404405927a6930d","Ontario at Inland Empire 66ers","milb","2026-05-24 14:05:00","2026-05-24 21:05:00","2026-05-24 22:35:00",false,false,false,"[PREMIUM]","[PREMIUM]","[PREMIUM]","[PREMIUM]","[PREMIUM]","[PREMIUM]",false,false,"6578f02aa71af6c413306ba3","['6442d11451af6700016e906c','692f761e4ca0378b00264232']","[PREMIUM]","[PREMIUM]"
"68ab5a5522884d28cd773bcd","2026-03-02 09:10:44.228","2026-03-15 00:06:14.385","68ab5a5522884d28cd773bcd","MJ - The Musical","theater","2026-05-24 13:00:00","2026-05-24 17:00:00","2026-05-24 17:00:00",false,false,false,"[PREMIUM]","[PREMIUM]","[PREMIUM]","[PREMIUM]","[PREMIUM]","[PREMIUM]",false,false,"64a7067be62cf3000132fc45","['64a70e94c6014c0001601832']","[PREMIUM]","[PREMIUM]"
"68ab5a51b4049df426c31227","2026-03-02 09:10:44.228","2026-03-15 00:06:21.483","68ab5a51b4049df426c31227","MJ - The Musical","theater","2026-05-24 19:00:00","2026-05-24 23:00:00","2026-05-24 23:00:00",false,false,false,"[PREMIUM]","[PREMIUM]","[PREMIUM]","[PREMIUM]","[PREMIUM]","[PREMIUM]",false,false,"64a7067be62cf3000132fc45","['64a70e94c6014c0001601832']","[PREMIUM]","[PREMIUM]"
"68a90e7b27a8533f1448e663","2026-03-02 09:10:44.228","2026-03-15 00:06:14.385","68a90e7b27a8533f1448e663","Stockton Ports at San Jose Giants","milb","2026-05-24 13:00:00","2026-05-24 20:00:00","2026-05-24 21:30:00",false,false,false,"[PREMIUM]","[PREMIUM]","[PREMIUM]","[PREMIUM]","[PREMIUM]","[PREMIUM]",false,false,"6477ba19b77e5a0001efdc95","['6442cb3d385d0100011a8012','6442cc5b02b75b0001c2b2c8']","[PREMIUM]","[PREMIUM]"
"68a8d097f732ddb89eb507ef","2026-03-02 09:10:44.228","2026-03-15 00:06:21.483","68a8d097f732ddb89eb507ef","The Play That Goes Wrong","theater","2026-05-24 19:00:00","2026-05-24 23:00:00","2026-05-25 00:30:00",false,false,false,"[PREMIUM]","[PREMIUM]","[PREMIUM]","[PREMIUM]","[PREMIUM]","[PREMIUM]",false,true,"5a74ba8ebf2ea1000ff1a72e","['5a9db6206b71ed001376a8c0']","[PREMIUM]","[PREMIUM]"
"68a8d095ccc5ca293d4b6872","2026-03-02 09:10:44.228","2026-03-15 00:06:14.385","68a8d095ccc5ca293d4b6872","The Play That Goes Wrong","theater","2026-05-23 20:00:00","2026-05-24 00:00:00","2026-05-24 01:30:00",false,false,false,"[PREMIUM]","[PREMIUM]","[PREMIUM]","[PREMIUM]","[PREMIUM]","[PREMIUM]",false,true,"5a74ba8ebf2ea1000ff1a72e","['5a9db6206b71ed001376a8c0']","[PREMIUM]","[PREMIUM]"
"68a8d08f49316002d9d37c59","2026-03-02 09:10:44.228","2026-03-15 00:06:21.483","68a8d08f49316002d9d37c59","The Play That Goes Wrong","theater","2026-05-24 14:00:00","2026-05-24 18:00:00","2026-05-24 19:30:00",false,false,false,"[PREMIUM]","[PREMIUM]","[PREMIUM]","[PREMIUM]","[PREMIUM]","[PREMIUM]",false,true,"5a74ba8ebf2ea1000ff1a72e","['5a9db6206b71ed001376a8c0']","[PREMIUM]","[PREMIUM]"
"68a7db38d80324776a96c24a","2026-03-02 09:10:44.228","2026-03-15 00:06:21.483","68a7db38d80324776a96c24a","Ringling Bros B&B Circus","theater","2026-05-24 16:00:00","2026-05-24 20:00:00","2026-05-24 21:00:00",false,false,false,"[PREMIUM]","[PREMIUM]","[PREMIUM]","[PREMIUM]","[PREMIUM]","[PREMIUM]",false,false,"59baca0215bcc10001824d2c","['585c2f43f80c417215ae42cc']","[PREMIUM]","[PREMIUM]"
"68a7a3d06ea41c3bc3c12146","2026-03-02 09:10:44.228","2026-03-15 00:06:21.483","68a7a3d06ea41c3bc3c12146","San Antonio Missions at Frisco Roughriders","milb","2026-05-24 18:05:00","2026-05-24 23:05:00","2026-05-25 00:35:00",false,false,false,"[PREMIUM]","[PREMIUM]","[PREMIUM]","[PREMIUM]","[PREMIUM]","[PREMIUM]",false,false,"6515d5f9496e145bc77ba1c5","['61afee125ea45500018b1806','5c90287bdebb680015159b06']","[PREMIUM]","[PREMIUM]"
"68a7a3d0097108334ca9aee5","2026-03-02 09:10:44.228","2026-03-15 00:06:14.385","68a7a3d0097108334ca9aee5","San Antonio Missions at Frisco Roughriders","milb","2026-05-23 19:05:00","2026-05-24 00:05:00","2026-05-24 01:35:00",false,false,false,"[PREMIUM]","[PREMIUM]","[PREMIUM]","[PREMIUM]","[PREMIUM]","[PREMIUM]",false,false,"6515d5f9496e145bc77ba1c5","['61afee125ea45500018b1806','5c90287bdebb680015159b06']","[PREMIUM]","[PREMIUM]"
"68a79d398027dc32ccad2c97","2026-03-02 09:10:44.228","2026-03-15 00:06:14.385","68a79d398027dc32ccad2c97","Ringling Bros B&B Circus","theater","2026-05-24 12:00:00","2026-05-24 16:00:00","2026-05-24 17:00:00",false,false,false,"[PREMIUM]","[PREMIUM]","[PREMIUM]","[PREMIUM]","[PREMIUM]","[PREMIUM]",false,false,"59baca0215bcc10001824d2c","['585c2f43f80c417215ae42cc']","[PREMIUM]","[PREMIUM]"
"68a6a96c097108334ca8fe00","2026-03-02 09:10:44.228","2026-03-15 00:06:21.483","68a6a96c097108334ca8fe00","Hudson Valley Renegades at Brooklyn Cyclones","milb","2026-05-24 14:00:00","2026-05-24 18:00:00","2026-05-24 18:00:00",false,false,false,"[PREMIUM]","[PREMIUM]","[PREMIUM]","[PREMIUM]","[PREMIUM]","[PREMIUM]",true,false,"65456bdadf78e79df4af83b2","['64d156a0407b990001a489c7','6504c1677c18170001e782d6']","[PREMIUM]","[PREMIUM]"
"68a63029f03e4f4048b9a96a","2026-03-02 09:10:44.228","2026-03-15 00:06:21.483","68a63029f03e4f4048b9a96a","Nashville Sounds at Durham Bulls","milb","2026-05-24 17:05:00","2026-05-24 21:05:00","2026-05-24 22:35:00",false,false,false,"[PREMIUM]","[PREMIUM]","[PREMIUM]","[PREMIUM]","[PREMIUM]","[PREMIUM]",false,false,"61f30847513a040001a18d80","['5a70bb4625f2c537d4449b4a','5551542f78fea550d8000003']","[PREMIUM]","[PREMIUM]"
"68a373ae85019116c470de0d","2026-03-02 09:10:44.228","2026-03-15 00:06:21.483","68a373ae85019116c470de0d","Sister Act","theater","2026-05-24 14:00:00","2026-05-24 19:00:00","2026-05-24 19:00:00",false,false,false,"[PREMIUM]","[PREMIUM]","[PREMIUM]","[PREMIUM]","[PREMIUM]","[PREMIUM]",false,true,"67e312468a533eebfb212397","['6668ba9dd3205ebadc574197']","[PREMIUM]","[PREMIUM]"
"68a209b48d70c32e156bb092","2026-03-02 09:10:44.228","2026-03-15 00:06:14.385","68a209b48d70c32e156bb092","Two Strangers (Carry a Cake Across New York)","theater","2026-05-23 19:30:00","2026-05-23 23:30:00","2026-05-23 23:30:00",false,false,false,"[PREMIUM]","[PREMIUM]","[PREMIUM]","[PREMIUM]","[PREMIUM]","[PREMIUM]",false,true,"5a9ed01a593d25001363a6fe","['696163a0bf44c3a09453a60f']","[PREMIUM]","[PREMIUM]"
"68a20999fbac7cf169b26d9f","2026-03-02 09:10:44.228","2026-03-15 00:06:21.483","68a20999fbac7cf169b26d9f","Two Strangers (Carry a Cake Across New York)","theater","2026-05-24 15:00:00","2026-05-24 19:00:00","2026-05-24 19:00:00",false,false,false,"[PREMIUM]","[PREMIUM]","[PREMIUM]","[PREMIUM]","[PREMIUM]","[PREMIUM]",false,true,"5a9ed01a593d25001363a6fe","['696163a0bf44c3a09453a60f']","[PREMIUM]","[PREMIUM]"
"689f9675d5c477be363c7e34","2026-03-02 09:10:44.228","2026-03-15 00:06:21.483","689f9675d5c477be363c7e34","Buffalo Bisons at Syracuse Mets","milb","2026-05-24 18:35:00","2026-05-24 22:35:00","2026-05-25 00:05:00",false,false,false,"[PREMIUM]","[PREMIUM]","[PREMIUM]","[PREMIUM]","[PREMIUM]","[PREMIUM]",false,false,"645beb034c9c0000015dbc3f","['5a70bb4625f2c537d4449b40','5a70bb4625f2c537d4449b52']","[PREMIUM]","[PREMIUM]"
"689f7b4d78e4021166a70390","2026-03-02 09:10:44.228","2026-03-15 00:06:14.385","689f7b4d78e4021166a70390","Carrot Top (18+ Event)","comedy","2026-05-23 20:00:00","2026-05-24 03:00:00","2026-05-24 03:00:00",false,false,false,"[PREMIUM]","[PREMIUM]","[PREMIUM]","[PREMIUM]","[PREMIUM]","[PREMIUM]",false,false,"62cc6fe874f0f100012e52f6","['669a8bdbeb0816069b8b440e']","[PREMIUM]","[PREMIUM]"
"689f7b4d2cfccc82740dbdbb","2026-03-02 09:10:44.228","2026-03-15 00:06:21.483","689f7b4d2cfccc82740dbdbb","Carrot Top (18+ Event)","comedy","2026-05-24 20:00:00","2026-05-25 03:00:00","2026-05-25 03:00:00",false,false,false,"[PREMIUM]","[PREMIUM]","[PREMIUM]","[PREMIUM]","[PREMIUM]","[PREMIUM]",false,false,"62cc6fe874f0f100012e52f6","['669a8bdbeb0816069b8b440e']","[PREMIUM]","[PREMIUM]"
"689ebbe17548b7e31d782cf6","2026-03-02 09:10:44.228","2026-03-15 00:06:14.385","689ebbe17548b7e31d782cf6","Sugar Land Space Cowboys at Sacramento River Cats","milb","2026-05-24 13:05:00","2026-05-24 20:05:00","2026-05-24 21:35:00",false,false,false,"[PREMIUM]","[PREMIUM]","[PREMIUM]","[PREMIUM]","[PREMIUM]","[PREMIUM]",false,false,"55313d1878fea568e6000001","['55313d1c78fea568e6000003','60947baf3059ac000114ae9f']","[PREMIUM]","[PREMIUM]"
"689e4c05c695d7fef3a8aa85","2026-03-02 09:10:44.228","2026-03-15 00:06:21.483","689e4c05c695d7fef3a8aa85","Cedar Rapids Kernels at Peoria Chiefs","milb","2026-05-24 18:35:00","2026-05-24 23:35:00","2026-05-25 01:05:00",false,false,false,"[PREMIUM]","[PREMIUM]","[PREMIUM]","[PREMIUM]","[PREMIUM]","[PREMIUM]",false,false,"655550c6873e945e6c4a5173","['5a9475c1eabe900013b42fe2','5a947520c535ab00127d6db1']","[PREMIUM]","[PREMIUM]"
"689cf443045e1afc6ce27532","2026-03-02 09:10:44.228","2026-03-15 00:06:14.385","689cf443045e1afc6ce27532","Charlotte Knights at Gwinnett Stripers","milb","2026-05-24 13:05:00","2026-05-24 17:05:00","2026-05-24 18:35:00",false,false,false,"[PREMIUM]","[PREMIUM]","[PREMIUM]","[PREMIUM]","[PREMIUM]","[PREMIUM]",true,false,"61e0b87861750b0001aa2f24","['5a70bb4625f2c537d4449b48','54fde3a364f9622fa4000003']","[PREMIUM]","[PREMIUM]"
"689cf2be12c56c00cebd9b47","2026-03-02 09:10:44.228","2026-03-15 00:06:14.385","689cf2be12c56c00cebd9b47","Tri-City Dust Devils at Everett AquaSox","milb","2026-05-23 19:05:00","2026-05-24 02:05:00","2026-05-24 03:35:00",false,false,false,"[PREMIUM]","[PREMIUM]","[PREMIUM]","[PREMIUM]","[PREMIUM]","[PREMIUM]",false,false,"64efb6d8c2f6810001d8fd0a","['5d13d380023e55001c0926a3','5d13d3bc9025d8001c65e9d0']","[PREMIUM]","[PREMIUM]"
"689cf2bd7208875d2b89e21f","2026-03-02 09:10:44.228","2026-03-15 00:06:21.483","689cf2bd7208875d2b89e21f","Tri-City Dust Devils at Everett AquaSox","milb","2026-05-24 16:05:00","2026-05-24 23:05:00","2026-05-25 00:35:00",false,false,false,"[PREMIUM]","[PREMIUM]","[PREMIUM]","[PREMIUM]","[PREMIUM]","[PREMIUM]",false,false,"64efb6d8c2f6810001d8fd0a","['5d13d380023e55001c0926a3','5d13d3bc9025d8001c65e9d0']","[PREMIUM]","[PREMIUM]"
"689cdfc16b5fffd6f86fcfc9","2026-03-02 09:10:44.228","2026-03-15 00:06:14.385","689cdfc16b5fffd6f86fcfc9","Kelsey Cook (21+ Event)","comedy","2026-05-23 21:45:00","2026-05-24 04:45:00","2026-05-24 06:15:00",false,false,false,"[PREMIUM]","[PREMIUM]","[PREMIUM]","[PREMIUM]","[PREMIUM]","[PREMIUM]",false,true,"62a26cbf659ddf0001a208d3","['63dc0087073df30001303660']","[PREMIUM]","[PREMIUM]"
"689cdf4ab1b46959a7826dd7","2026-03-02 09:10:44.228","2026-03-15 00:06:21.483","689cdf4ab1b46959a7826dd7","Beloit Sky Carp at Quad Cities River Bandits","milb","2026-05-24 18:30:00","2026-05-24 23:30:00","2026-05-25 01:00:00",false,false,false,"[PREMIUM]","[PREMIUM]","[PREMIUM]","[PREMIUM]","[PREMIUM]","[PREMIUM]",false,false,"6709a4625f6f4d7287bdd749","['60947cfced516a00011b29ea','632a2daecc5e310001f95535']","[PREMIUM]","[PREMIUM]"
"689cdb42045e1afc6ce25e9d","2026-03-02 09:10:44.228","2026-03-15 00:06:21.483","689cdb42045e1afc6ce25e9d","Chattanooga Lookouts at Rocket City Trash Pandas","milb","2026-05-24 17:35:00","2026-05-24 22:35:00","2026-05-24 22:35:00",false,false,false,"[PREMIUM]","[PREMIUM]","[PREMIUM]","[PREMIUM]","[PREMIUM]","[PREMIUM]",false,false,"6493463dcdb329000156a125","['649b6e0220daaf0001125401','649b6e6118b111000144344d']","[PREMIUM]","[PREMIUM]"
"689cd99ed419f0b3d55a48fd","2026-03-02 09:10:44.228","2026-03-15 00:06:21.483","689cd99ed419f0b3d55a48fd","Birmingham Barons at Biloxi Shuckers","milb","2026-05-24 17:05:00","2026-05-24 22:05:00","2026-05-24 22:05:00",false,false,false,"[PREMIUM]","[PREMIUM]","[PREMIUM]","[PREMIUM]","[PREMIUM]","[PREMIUM]",false,false,"67201da3d8d6bc72e1cb1177","['648ca2113da3700001663531','648ca32bfe76b50001930979']","[PREMIUM]","[PREMIUM]"
"689cd86b6d48fbed6a0bf534","2026-03-02 09:10:44.228","2026-03-15 00:06:21.483","689cd86b6d48fbed6a0bf534","Jabbawockeez","theater","2026-05-24 20:00:00","2026-05-25 03:00:00","2026-05-25 03:00:00",false,false,false,"[PREMIUM]","[PREMIUM]","[PREMIUM]","[PREMIUM]","[PREMIUM]","[PREMIUM]",false,true,"65d922171e8767f8399758d2","['6577a8fd467ba3b6407738c9']","[PREMIUM]","[PREMIUM]"
"689cd86b4fbdfe96719c0982","2026-03-02 09:10:44.228","2026-03-15 00:06:21.483","689cd86b4fbdfe96719c0982","Jabbawockeez","theater","2026-05-24 17:30:00","2026-05-25 00:30:00","2026-05-25 00:30:00",false,false,false,"[PREMIUM]","[PREMIUM]","[PREMIUM]","[PREMIUM]","[PREMIUM]","[PREMIUM]",false,true,"65d922171e8767f8399758d2","['6577a8fd467ba3b6407738c9']","[PREMIUM]","[PREMIUM]"
"689cd8660492dc430f99520f","2026-03-02 09:10:44.228","2026-03-15 00:06:21.483","689cd8660492dc430f99520f","Jabbawockeez","theater","2026-05-24 14:00:00","2026-05-24 21:00:00","2026-05-24 21:00:00",false,false,false,"[PREMIUM]","[PREMIUM]","[PREMIUM]","[PREMIUM]","[PREMIUM]","[PREMIUM]",false,true,"65d922171e8767f8399758d2","['6577a8fd467ba3b6407738c9']","[PREMIUM]","[PREMIUM]"
"689cd864c5bf26f13b712289","2026-03-02 09:10:44.228","2026-03-15 00:06:14.385","689cd864c5bf26f13b712289","Jabbawockeez","theater","2026-05-23 20:00:00","2026-05-24 03:00:00","2026-05-24 03:00:00",false,false,false,"[PREMIUM]","[PREMIUM]","[PREMIUM]","[PREMIUM]","[PREMIUM]","[PREMIUM]",false,true,"65d922171e8767f8399758d2","['6577a8fd467ba3b6407738c9']","[PREMIUM]","[PREMIUM]"
"689cd7aeb53759949b03e05c","2026-03-02 09:10:44.228","2026-03-15 00:06:21.483","689cd7aeb53759949b03e05c","Norfolk Tides at Jacksonville Jumbo Shrimp","milb","2026-05-24 18:35:00","2026-05-24 22:35:00","2026-05-25 00:05:00",false,false,false,"[PREMIUM]","[PREMIUM]","[PREMIUM]","[PREMIUM]","[PREMIUM]","[PREMIUM]",false,false,"5577681aa2e3a9121c000001","['60947c4c6a7fb300017f1313','5a70bb4625f2c537d4449b42']","[PREMIUM]","[PREMIUM]"
"689cd7abe262fee4ebe39bf6","2026-03-02 09:10:44.228","2026-03-15 00:06:21.483","689cd7abe262fee4ebe39bf6","Round Rock Express at El Paso Chihuahuas","milb","2026-05-24 18:05:00","2026-05-25 00:05:00","2026-05-25 01:35:00",false,false,false,"[PREMIUM]","[PREMIUM]","[PREMIUM]","[PREMIUM]","[PREMIUM]","[PREMIUM]",false,false,"5d07fa8696c0e3001ac670b8","['59271ce225f2c52ed80f33e6','59271ce225f2c52ed80f33e3']","[PREMIUM]","[PREMIUM]"
"689cd68e92fcf9275cca68b6","2026-03-02 09:10:44.228","2026-03-15 00:06:14.385","689cd68e92fcf9275cca68b6","Louisville Bats at Columbus Clippers","milb","2026-05-24 13:05:00","2026-05-24 17:05:00","2026-05-24 17:50:00",false,false,false,"[PREMIUM]","[PREMIUM]","[PREMIUM]","[PREMIUM]","[PREMIUM]","[PREMIUM]",false,false,"5541316f78fea5028e000002","['5541317578fea5028e000004','5a70bb4625f2c537d4449b4e']","[PREMIUM]","[PREMIUM]"
"689b8c6ab1b46959a780fbd6","2026-03-02 09:10:44.228","2026-03-15 00:06:21.483","689b8c6ab1b46959a780fbd6","Dayton Dragons at Fort Wayne TinCaps","milb","2026-05-24 18:35:00","2026-05-24 22:35:00","2026-05-25 00:05:00",false,false,false,"[PREMIUM]","[PREMIUM]","[PREMIUM]","[PREMIUM]","[PREMIUM]","[PREMIUM]",false,false,"6595ee7942e6143ed7dca327","['5a9474798c7d5900130ba569','55423f8f78fea53bb6000004']","[PREMIUM]","[PREMIUM]"
"689b87c224bf0aab91bbc72b","2026-03-02 09:10:44.228","2026-03-15 00:06:14.385","689b87c224bf0aab91bbc72b","Louisville Bats at Columbus Clippers","milb","2026-05-23 19:05:00","2026-05-23 23:05:00","2026-05-23 23:50:00",false,false,false,"[PREMIUM]","[PREMIUM]","[PREMIUM]","[PREMIUM]","[PREMIUM]","[PREMIUM]",false,false,"5541316f78fea5028e000002","['5541317578fea5028e000004','5a70bb4625f2c537d4449b4e']","[PREMIUM]","[PREMIUM]"
"689ac7a2c188886014bb06f7","2026-03-02 09:10:44.228","2026-03-15 00:06:21.483","689ac7a2c188886014bb06f7","Binghamton Rumble Ponies at Richmond Flying Squirrels","milb","2026-05-24 14:05:00","2026-05-24 18:05:00","2026-05-24 18:05:00",false,false,false,"[PREMIUM]","[PREMIUM]","[PREMIUM]","[PREMIUM]","[PREMIUM]","[PREMIUM]",false,false,"6502203057c1a3000118f107","['6495e7d2813d730001f89cdf','6495e61150545000013c6c3a']","[PREMIUM]","[PREMIUM]"
"689ac7a224bf0aab91bb236b","2026-03-02 09:10:44.228","2026-03-15 00:06:14.385","689ac7a224bf0aab91bb236b","Binghamton Rumble Ponies at Richmond Flying Squirrels","milb","2026-05-23 19:05:00","2026-05-23 23:05:00","2026-05-23 23:05:00",false,false,false,"[PREMIUM]","[PREMIUM]","[PREMIUM]","[PREMIUM]","[PREMIUM]","[PREMIUM]",false,false,"6502203057c1a3000118f107","['6495e7d2813d730001f89cdf','6495e61150545000013c6c3a']","[PREMIUM]","[PREMIUM]"
"689a56996d48fbed6a099858","2026-03-02 09:10:44.228","2026-03-15 00:06:21.483","689a56996d48fbed6a099858","Scranton Wilkes Barre RailRiders at Lehigh Valley IronPigs","milb","2026-05-24 18:35:00","2026-05-24 22:35:00","2026-05-25 00:05:00",false,false,false,"[PREMIUM]","[PREMIUM]","[PREMIUM]","[PREMIUM]","[PREMIUM]","[PREMIUM]",false,false,"61f8570050a0a90001bac11d","['5a70bb4625f2c537d4449b3c','5a70bb4625f2c537d4449b46']","[PREMIUM]","[PREMIUM]"
"689a563fd705eee771b0cab5","2026-03-02 09:10:44.228","2026-03-15 00:06:14.385","689a563fd705eee771b0cab5","Northwest Arkansas Naturals at Amarillo Sod Poodles","milb","2026-05-23 19:05:00","2026-05-24 00:05:00","2026-05-24 01:35:00",false,false,false,"[PREMIUM]","[PREMIUM]","[PREMIUM]","[PREMIUM]","[PREMIUM]","[PREMIUM]",false,false,"6529be73cc9d716112c63ed9","['622a228765b53e0001ef71d7','62560b563d80e100010d9af1']","[PREMIUM]","[PREMIUM]"
"689a563ed867595adfc35a20","2026-03-02 09:10:44.228","2026-03-15 00:06:14.385","689a563ed867595adfc35a20","Northwest Arkansas Naturals at Amarillo Sod Poodles","milb","2026-05-24 13:05:00","2026-05-24 18:05:00","2026-05-24 19:35:00",false,false,false,"[PREMIUM]","[PREMIUM]","[PREMIUM]","[PREMIUM]","[PREMIUM]","[PREMIUM]",false,false,"6529be73cc9d716112c63ed9","['622a228765b53e0001ef71d7','62560b563d80e100010d9af1']","[PREMIUM]","[PREMIUM]"
"689640c38511acde336a97e6","2026-03-02 09:10:44.228","2026-03-15 00:06:14.385","689640c38511acde336a97e6","Sister Act","theater","2026-05-23 19:30:00","2026-05-24 00:30:00","2026-05-24 00:30:00",false,false,false,"[PREMIUM]","[PREMIUM]","[PREMIUM]","[PREMIUM]","[PREMIUM]","[PREMIUM]",false,true,"67e312468a533eebfb212397","['6668ba9dd3205ebadc574197']","[PREMIUM]","[PREMIUM]"
"689542dc8400c32c96c228b8","2026-03-02 09:10:44.228","2026-03-15 00:06:14.385","689542dc8400c32c96c228b8","Hillsboro Hops at Eugene Emeralds","milb","2026-05-24 13:05:00","2026-05-24 20:05:00","2026-05-24 21:35:00",false,false,false,"[PREMIUM]","[PREMIUM]","[PREMIUM]","[PREMIUM]","[PREMIUM]","[PREMIUM]",false,false,"64497686e2c787000187c429","['5dbc96f76ec5f3003887f2aa','5d13d31f510933001b7db69c']","[PREMIUM]","[PREMIUM]"
"6893b9b2569bfe6e56f8ada7","2026-03-02 09:10:44.228","2026-03-15 00:06:21.483","6893b9b2569bfe6e56f8ada7","Memphis Redbirds at Iowa Cubs","milb","2026-05-24 13:08:00","2026-05-24 18:08:00","2026-05-24 19:38:00",false,false,false,"[PREMIUM]","[PREMIUM]","[PREMIUM]","[PREMIUM]","[PREMIUM]","[PREMIUM]",false,false,"5aa01f755501d90012f6ebba","['59271ce225f2c52ed80f33e7','59271ce225f2c52ed80f33e8']","[PREMIUM]","[PREMIUM]"
"68911a54dab200a8cb638493","2026-03-02 09:10:44.228","2026-03-15 00:06:14.385","68911a54dab200a8cb638493","Tulsa Drillers at Wichita Wind Surge","milb","2026-05-24 13:05:00","2026-05-24 18:05:00","2026-05-24 19:35:00",false,false,false,"[PREMIUM]","[PREMIUM]","[PREMIUM]","[PREMIUM]","[PREMIUM]","[PREMIUM]",false,false,"66bfd662866f7326548faf07","['5dbc9757caf80d00370e2645','61afeee3fac7180001001d92']","[PREMIUM]","[PREMIUM]"
"689119e51afd8b8ab7a64fdf","2026-03-02 09:10:44.228","2026-03-15 00:06:14.385","689119e51afd8b8ab7a64fdf","Erie Seawolves at Altoona Curve","milb","2026-05-24 13:00:00","2026-05-24 17:00:00","2026-05-24 17:00:00",false,false,false,"[PREMIUM]","[PREMIUM]","[PREMIUM]","[PREMIUM]","[PREMIUM]","[PREMIUM]",false,false,"653967ae17b636bed5a5d5b0","['6495e92fd43fdc0001a15b29','6495ea5bcd9898000130e252']","[PREMIUM]","[PREMIUM]"
"688e41d322ac64b824d7ea61","2026-03-02 09:10:44.228","2026-03-15 00:06:14.385","688e41d322ac64b824d7ea61","Georgia Symphony Orchestra","music","2026-05-23 19:30:00","2026-05-23 23:30:00","2026-05-23 23:30:00",false,false,false,"[PREMIUM]","[PREMIUM]","[PREMIUM]","[PREMIUM]","[PREMIUM]","[PREMIUM]",false,false,"63b7663f14dd89000165819c","['657ca57d88bf0d7e78307ecb']","[PREMIUM]","[PREMIUM]"
"688c10b82dc1b32c6e7a6f27","2026-03-02 09:10:44.228","2026-03-15 00:06:21.483","688c10b82dc1b32c6e7a6f27","Springfield Cardinals at Arkansas Travelers","milb","2026-05-24 18:05:00","2026-05-24 23:05:00","2026-05-25 00:35:00",false,false,false,"[PREMIUM]","[PREMIUM]","[PREMIUM]","[PREMIUM]","[PREMIUM]","[PREMIUM]",false,false,"64efb743730df900014d397e","['61afee842a17320001abd1ac','61afee551cc40700010eb2d2']","[PREMIUM]","[PREMIUM]"
"688c0bde49677b2ac4a0abfb","2026-03-02 09:10:44.228","2026-03-15 00:06:21.483","688c0bde49677b2ac4a0abfb","Coca-Cola 600 NASCAR Cup Series","nascar","2026-05-24 18:00:00","2026-05-24 22:00:00","2026-05-24 23:30:00",false,false,false,"[PREMIUM]","[PREMIUM]","[PREMIUM]","[PREMIUM]","[PREMIUM]","[PREMIUM]",true,false,"5ca4df3ef986c10014437f82","['5b69b730c867db0014945340']","[PREMIUM]","[PREMIUM]"
"688ab687511e5945b478ddd5","2026-03-02 09:10:44.228","2026-03-15 00:06:14.385","688ab687511e5945b478ddd5","Buena Vista Social Club - Musical","theater","2026-05-23 19:30:00","2026-05-23 23:30:00","2026-05-23 23:30:00",false,false,false,"[PREMIUM]","[PREMIUM]","[PREMIUM]","[PREMIUM]","[PREMIUM]","[PREMIUM]",false,false,"5a9ed26fea5962001400e390","['65382927aad4c6b877117594']","[PREMIUM]","[PREMIUM]"
"688ab68640e6017de6231578","2026-03-02 09:10:44.228","2026-03-15 00:06:21.483","688ab68640e6017de6231578","Buena Vista Social Club - Musical","theater","2026-05-24 15:00:00","2026-05-24 19:00:00","2026-05-24 19:00:00",false,false,false,"[PREMIUM]","[PREMIUM]","[PREMIUM]","[PREMIUM]","[PREMIUM]","[PREMIUM]",false,false,"5a9ed26fea5962001400e390","['65382927aad4c6b877117594']","[PREMIUM]","[PREMIUM]"
"688a12a36fc400e97fc4d567","2026-03-02 09:10:44.228","2026-03-15 00:06:21.483","688a12a36fc400e97fc4d567","V-The Ultimate Variety Show","theater","2026-05-24 19:00:00","2026-05-25 02:00:00","2026-05-25 02:00:00",false,false,false,"[PREMIUM]","[PREMIUM]","[PREMIUM]","[PREMIUM]","[PREMIUM]","[PREMIUM]",false,true,"65c68eea463851cc713158ae","['67c8c79d3cb2c788c2f03776']","[PREMIUM]","[PREMIUM]"
"688a129cd52674a0f7818039","2026-03-02 09:10:44.228","2026-03-15 00:06:21.483","688a129cd52674a0f7818039","Las Vegas Live Comedy Club","comedy","2026-05-24 21:00:00","2026-05-25 04:00:00","2026-05-25 04:00:00",false,false,false,"[PREMIUM]","[PREMIUM]","[PREMIUM]","[PREMIUM]","[PREMIUM]","[PREMIUM]",false,true,"65c68eea463851cc713158ae","['661039cd173b6a4933dc5756']","[PREMIUM]","[PREMIUM]"
"688a12950d37f1f74e12de11","2026-03-02 09:10:44.228","2026-03-15 00:06:21.483","688a12950d37f1f74e12de11","Carpenters Legacy","theater","2026-05-24 17:00:00","2026-05-25 00:00:00","2026-05-25 00:00:00",false,false,false,"[PREMIUM]","[PREMIUM]","[PREMIUM]","[PREMIUM]","[PREMIUM]","[PREMIUM]",false,true,"65c68eea463851cc713158ae","['661015a133a2d4cfd9833a8f']","[PREMIUM]","[PREMIUM]"
"688a127ad69634e46dc44fb1","2026-03-02 09:10:44.228","2026-03-15 00:06:21.483","688a127ad69634e46dc44fb1","Piano Man","music","2026-05-24 18:30:00","2026-05-25 01:30:00","2026-05-25 01:30:00",false,false,false,"[PREMIUM]","[PREMIUM]","[PREMIUM]","[PREMIUM]","[PREMIUM]","[PREMIUM]",false,true,"65c68eea463851cc713158ae","['660f02917e3f1fb9dc807bbe']","[PREMIUM]","[PREMIUM]"
"688819fbf48c1b5d02113261","2026-03-02 09:10:44.228","2026-03-15 00:06:14.385","688819fbf48c1b5d02113261","Lioz Show","other","2026-05-23 20:30:00","2026-05-24 03:30:00","2026-05-24 03:30:00",false,false,false,"[PREMIUM]","[PREMIUM]","[PREMIUM]","[PREMIUM]","[PREMIUM]","[PREMIUM]",false,false,"65c68eea463851cc713158ae","['666c823485311f6e71aef608']","[PREMIUM]","[PREMIUM]"
"688819fa1dea108986b970ad","2026-03-02 09:10:44.228","2026-03-15 00:06:14.385","688819fa1dea108986b970ad","Las Vegas Live Comedy Club","comedy","2026-05-23 21:00:00","2026-05-24 04:00:00","2026-05-24 04:00:00",false,false,false,"[PREMIUM]","[PREMIUM]","[PREMIUM]","[PREMIUM]","[PREMIUM]","[PREMIUM]",false,true,"65c68eea463851cc713158ae","['661039cd173b6a4933dc5756']","[PREMIUM]","[PREMIUM]"
"688819ec62376eab019ae250","2026-03-02 09:10:44.228","2026-03-15 00:06:14.385","688819ec62376eab019ae250","The Mentalist","theater","2026-05-23 19:30:00","2026-05-24 02:30:00","2026-05-24 02:30:00",false,false,false,"[PREMIUM]","[PREMIUM]","[PREMIUM]","[PREMIUM]","[PREMIUM]","[PREMIUM]",false,true,"65c68eea463851cc713158ae","['66103866817f6b034052f785']","[PREMIUM]","[PREMIUM]"
"6887f88e340632a36b067432","2026-03-02 09:10:44.228","2026-03-15 00:06:14.385","6887f88e340632a36b067432","Zombie Burlesque","theater","2026-05-23 20:00:00","2026-05-24 03:00:00","2026-05-24 03:00:00",false,false,false,"[PREMIUM]","[PREMIUM]","[PREMIUM]","[PREMIUM]","[PREMIUM]","[PREMIUM]",false,true,"65c68eea463851cc713158ae","['660f05a0a97cfd4a67e87779']","[PREMIUM]","[PREMIUM]"
"68859395ee5946ab99e1795e","2026-03-02 09:10:44.228","2026-03-15 00:06:21.483","68859395ee5946ab99e1795e","Magic Mike Live","theater","2026-05-24 22:00:00","2026-05-25 05:00:00","2026-05-25 05:00:00",false,false,false,"[PREMIUM]","[PREMIUM]","[PREMIUM]","[PREMIUM]","[PREMIUM]","[PREMIUM]",false,false,"6206d648e796af000145ae1b","['65b02b7c0a38821a8a84966d']","[PREMIUM]","[PREMIUM]"
"68859395a4ae1e88d211f3dc","2026-03-02 09:10:44.228","2026-03-15 00:06:21.483","68859395a4ae1e88d211f3dc","Magic Mike Live (18+ Event)","theater","2026-05-24 19:30:00","2026-05-25 02:30:00","2026-05-25 02:30:00",false,false,false,"[PREMIUM]","[PREMIUM]","[PREMIUM]","[PREMIUM]","[PREMIUM]","[PREMIUM]",false,true,"6206d648e796af000145ae1b","['65b02b7c0a38821a8a84966d']","[PREMIUM]","[PREMIUM]"
"68859391b98a81c602c9702e","2026-03-02 09:10:44.228","2026-03-15 00:06:14.385","68859391b98a81c602c9702e","Magic Mike Live (18+ Event)","theater","2026-05-23 22:00:00","2026-05-24 05:00:00","2026-05-24 05:00:00",false,false,false,"[PREMIUM]","[PREMIUM]","[PREMIUM]","[PREMIUM]","[PREMIUM]","[PREMIUM]",false,true,"6206d648e796af000145ae1b","['65b02b7c0a38821a8a84966d']","[PREMIUM]","[PREMIUM]"
"68859391598b11d1ebb5a037","2026-03-02 09:10:44.228","2026-03-15 00:06:14.385","68859391598b11d1ebb5a037","Magic Mike Live (18+ Event)","theater","2026-05-23 19:30:00","2026-05-24 02:30:00","2026-05-24 02:30:00",false,false,false,"[PREMIUM]","[PREMIUM]","[PREMIUM]","[PREMIUM]","[PREMIUM]","[PREMIUM]",false,true,"6206d648e796af000145ae1b","['65b02b7c0a38821a8a84966d']","[PREMIUM]","[PREMIUM]"
"688032736bdafcea086b68b5","2026-03-02 09:10:44.228","2026-03-15 00:06:14.385","688032736bdafcea086b68b5","Florida Orchestra - America 250","music","2026-05-23 20:00:00","2026-05-24 00:00:00","2026-05-24 00:00:00",false,false,false,"[PREMIUM]","[PREMIUM]","[PREMIUM]","[PREMIUM]","[PREMIUM]","[PREMIUM]",false,false,"656e4e2b0648fd41ae18a8ab","['66db6c0888988a8e611c3739']","[PREMIUM]","[PREMIUM]"
"687ee06a7b0f223b6209fb87","2026-03-02 09:10:44.228","2026-03-15 00:06:14.385","687ee06a7b0f223b6209fb87","Vancouver Symphony Orchestra - Grimaud Plays Gershwin","music","2026-05-23 19:30:00","2026-05-24 02:30:00","2026-05-24 02:30:00",false,false,false,"[PREMIUM]","[PREMIUM]","[PREMIUM]","[PREMIUM]","[PREMIUM]","[PREMIUM]",false,false,"578ff79bf80c413be08cd600","['662973238c4514824c93a6d0']","[PREMIUM]","[PREMIUM]"
"687ebc67feab128c91813ecf","2026-03-02 09:10:44.228","2026-03-15 00:06:14.385","687ebc67feab128c91813ecf","The Great Gatsby Musical","theater","2026-05-23 19:30:00","2026-05-23 23:30:00","2026-05-23 23:30:00",false,false,false,"[PREMIUM]","[PREMIUM]","[PREMIUM]","[PREMIUM]","[PREMIUM]","[PREMIUM]",false,false,"65c68a4a6fbcd3d7c8b25f4a","['65b977c239e21fd436bbe2e8']","[PREMIUM]","[PREMIUM]"
"687ebc6776c2f69a0d853c87","2026-03-02 09:10:44.228","2026-03-15 00:06:21.483","687ebc6776c2f69a0d853c87","The Great Gatsby Musical","theater","2026-05-24 19:30:00","2026-05-24 23:30:00","2026-05-24 23:30:00",false,false,false,"[PREMIUM]","[PREMIUM]","[PREMIUM]","[PREMIUM]","[PREMIUM]","[PREMIUM]",false,false,"65c68a4a6fbcd3d7c8b25f4a","['65b977c239e21fd436bbe2e8']","[PREMIUM]","[PREMIUM]"
"687ebc6727665eebfce94e18","2026-03-02 09:10:44.228","2026-03-15 00:06:21.483","687ebc6727665eebfce94e18","The Great Gatsby Musical","theater","2026-05-24 14:00:00","2026-05-24 18:00:00","2026-05-24 18:00:00",false,false,false,"[PREMIUM]","[PREMIUM]","[PREMIUM]","[PREMIUM]","[PREMIUM]","[PREMIUM]",false,false,"65c68a4a6fbcd3d7c8b25f4a","['65b977c239e21fd436bbe2e8']","[PREMIUM]","[PREMIUM]"
"68792b1b74bc893a4bcb7341","2026-03-02 09:10:44.228","2026-03-15 00:06:14.385","68792b1b74bc893a4bcb7341","Little Women","theater","2026-05-24 13:00:00","2026-05-24 18:00:00","2026-05-24 18:00:00",false,false,false,"[PREMIUM]","[PREMIUM]","[PREMIUM]","[PREMIUM]","[PREMIUM]","[PREMIUM]",false,false,"67d2f8376214c4fc5ffbbaad","['65495dbeb6e17adbd9492964']","[PREMIUM]","[PREMIUM]"
"68792b1ae4d69b82c85f8ce5","2026-03-02 09:10:44.228","2026-03-15 00:06:14.385","68792b1ae4d69b82c85f8ce5","Little Women","theater","2026-05-23 19:30:00","2026-05-24 00:30:00","2026-05-24 00:30:00",false,false,false,"[PREMIUM]","[PREMIUM]","[PREMIUM]","[PREMIUM]","[PREMIUM]","[PREMIUM]",false,false,"67d2f8376214c4fc5ffbbaad","['65495dbeb6e17adbd9492964']","[PREMIUM]","[PREMIUM]"
"68779891ff282fc1da5a138b","2026-03-02 09:10:44.228","2026-03-15 00:06:21.483","68779891ff282fc1da5a138b","Mat Franco","other","2026-05-24 19:00:00","2026-05-25 02:00:00","2026-05-25 02:00:00",false,false,false,"[PREMIUM]","[PREMIUM]","[PREMIUM]","[PREMIUM]","[PREMIUM]","[PREMIUM]",false,false,"67880c6a3ad0702b6b6569be","['678ad9f09acc8cbe50ed7025']","[PREMIUM]","[PREMIUM]"
"68707bdaeb19d51381424cc5","2026-03-02 09:10:44.228","2026-03-15 00:06:21.483","68707bdaeb19d51381424cc5","Dallas Symphony Orchestra - Top Gun: Maverick in Concert","music","2026-05-24 14:00:00","2026-05-24 19:00:00","2026-05-24 19:00:00",false,false,false,"[PREMIUM]","[PREMIUM]","[PREMIUM]","[PREMIUM]","[PREMIUM]","[PREMIUM]",false,false,"65cd51d71915bb611aa365ce","['65ce9298b410a54f83982e7e']","[PREMIUM]","[PREMIUM]"
"68705ee923fbf7f5cec3a936","2026-03-02 09:10:44.228","2026-03-15 00:06:21.483","68705ee923fbf7f5cec3a936","Cleveland Orchestra - Beethoven’s Fidelio","music","2026-05-24 19:00:00","2026-05-24 23:00:00","2026-05-24 23:00:00",false,false,false,"[PREMIUM]","[PREMIUM]","[PREMIUM]","[PREMIUM]","[PREMIUM]","[PREMIUM]",false,false,"6699813ff080c205fda2465a","['6627e2f78b9bd13a093d4f6a']","[PREMIUM]","[PREMIUM]"
"68702098e1a398672d1df5ee","2026-03-02 09:10:44.228","2026-03-15 00:06:14.385","68702098e1a398672d1df5ee","Chicago Symphony Orchestra - Pekka Kuusisto","music","2026-05-23 19:30:00","2026-05-24 00:30:00","2026-05-24 00:30:00",false,false,false,"[PREMIUM]","[PREMIUM]","[PREMIUM]","[PREMIUM]","[PREMIUM]","[PREMIUM]",false,true,"663d480609d3e770f4773f9e","['663e25fa1cd1b0ad90c88cbc']","[PREMIUM]","[PREMIUM]"
"687020983e95546d42c72bf0","2026-03-02 09:10:44.228","2026-03-15 00:06:21.483","687020983e95546d42c72bf0","Chicago Symphony Orchestra - Hilary Hahn","music","2026-05-24 15:00:00","2026-05-24 20:00:00","2026-05-24 20:00:00",false,false,false,"[PREMIUM]","[PREMIUM]","[PREMIUM]","[PREMIUM]","[PREMIUM]","[PREMIUM]",false,true,"663d480609d3e770f4773f9e","['663e25fa1cd1b0ad90c88cbc']","[PREMIUM]","[PREMIUM]"
"686fecc624ef2129f1364bd5","2026-03-02 09:10:44.228","2026-03-15 00:06:14.385","686fecc624ef2129f1364bd5","Chicago - The Musical","theater","2026-05-23 20:00:00","2026-05-24 00:00:00","2026-05-24 01:00:00",false,false,false,"[PREMIUM]","[PREMIUM]","[PREMIUM]","[PREMIUM]","[PREMIUM]","[PREMIUM]",false,false,"5a6a60a14804dd000f5e3bb4","['5a611a5225f2c558ebe0d9f4']","[PREMIUM]","[PREMIUM]"
"686fecc5beba3382d91a8bcf","2026-03-02 09:10:44.228","2026-03-15 00:06:21.483","686fecc5beba3382d91a8bcf","Chicago - The Musical","theater","2026-05-24 14:00:00","2026-05-24 18:00:00","2026-05-24 19:00:00",false,false,false,"[PREMIUM]","[PREMIUM]","[PREMIUM]","[PREMIUM]","[PREMIUM]","[PREMIUM]",false,false,"5a6a60a14804dd000f5e3bb4","['5a611a5225f2c558ebe0d9f4']","[PREMIUM]","[PREMIUM]"
"686fecc4e6e4ba8f0a41d474","2026-03-02 09:10:44.228","2026-03-15 00:06:21.483","686fecc4e6e4ba8f0a41d474","Chicago - The Musical","theater","2026-05-24 19:00:00","2026-05-24 23:00:00","2026-05-25 00:00:00",false,false,false,"[PREMIUM]","[PREMIUM]","[PREMIUM]","[PREMIUM]","[PREMIUM]","[PREMIUM]",false,false,"5a6a60a14804dd000f5e3bb4","['5a611a5225f2c558ebe0d9f4']","[PREMIUM]","[PREMIUM]"
"686dedab40ecf32bcd15b24a","2026-03-02 09:10:44.228","2026-03-15 00:06:21.483","686dedab40ecf32bcd15b24a","Mrs. Doubtfire","theater","2026-05-24 19:30:00","2026-05-25 02:30:00","2026-05-25 02:30:00",false,false,false,"[PREMIUM]","[PREMIUM]","[PREMIUM]","[PREMIUM]","[PREMIUM]","[PREMIUM]",false,false,"67ec3ddd306a37dd1da91b2f","['652ef7a7e0a6d7050f878e9e']","[PREMIUM]","[PREMIUM]"
"686dedab21cee7cae6636649","2026-03-02 09:10:44.228","2026-03-15 00:06:21.483","686dedab21cee7cae6636649","Mrs. Doubtfire","theater","2026-05-24 14:00:00","2026-05-24 21:00:00","2026-05-24 21:00:00",false,false,false,"[PREMIUM]","[PREMIUM]","[PREMIUM]","[PREMIUM]","[PREMIUM]","[PREMIUM]",false,false,"67ec3ddd306a37dd1da91b2f","['652ef7a7e0a6d7050f878e9e']","[PREMIUM]","[PREMIUM]"
"686c105e77437643223db62e","2026-03-02 09:10:44.228","2026-03-15 00:06:21.483","686c105e77437643223db62e","Midge Ure","music","2026-05-24 19:00:00","2026-05-24 18:00:00","2026-05-24 18:00:00",false,false,false,"[PREMIUM]","[PREMIUM]","[PREMIUM]","[PREMIUM]","[PREMIUM]","[PREMIUM]",false,false,"68c182821009f755b0a9efd2","['66842f89eaf14806fd69a227']","[PREMIUM]","[PREMIUM]"
"685d96d0ca8d1531949d08f0","2026-03-02 09:10:44.228","2026-03-15 00:06:14.385","685d96d0ca8d1531949d08f0","Hairspray","theater","2026-05-23 20:00:00","2026-05-24 00:00:00","2026-05-24 00:00:00",false,false,false,"[PREMIUM]","[PREMIUM]","[PREMIUM]","[PREMIUM]","[PREMIUM]","[PREMIUM]",false,false,"5ac52690022df80013ca2dbb","['6529ba7e12ee6b1f2061af8a']","[PREMIUM]","[PREMIUM]"
"685c3ee5abff59890e99d66b","2026-03-02 09:10:44.228","2026-03-15 00:06:21.483","685c3ee5abff59890e99d66b","Hairspray","theater","2026-05-24 14:00:00","2026-05-24 18:00:00","2026-05-24 18:00:00",false,false,false,"[PREMIUM]","[PREMIUM]","[PREMIUM]","[PREMIUM]","[PREMIUM]","[PREMIUM]",false,false,"5ac52690022df80013ca2dbb","['6529ba7e12ee6b1f2061af8a']","[PREMIUM]","[PREMIUM]"
"685c3ee57d5870080f35c4ee","2026-03-02 09:10:44.228","2026-03-15 00:06:14.385","685c3ee57d5870080f35c4ee","Hairspray","theater","2026-05-23 20:00:00","2026-05-24 00:00:00","2026-05-24 00:00:00",false,false,false,"[PREMIUM]","[PREMIUM]","[PREMIUM]","[PREMIUM]","[PREMIUM]","[PREMIUM]",false,false,"5ac52690022df80013ca2dbb","['6529ba7e12ee6b1f2061af8a']","[PREMIUM]","[PREMIUM]"
"685af3a600f5c6649b03d73d","2026-03-02 09:10:44.228","2026-03-15 00:06:21.483","685af3a600f5c6649b03d73d","Dracula A Feminist Revenge Fantasy Really","theater","2026-05-24 14:00:00","2026-05-24 21:00:00","2026-05-24 21:00:00",false,false,false,"[PREMIUM]","[PREMIUM]","[PREMIUM]","[PREMIUM]","[PREMIUM]","[PREMIUM]",false,true,"68ace06628449cb0983207af","['67b8f15ebf28ab3b2494fbd4']","[PREMIUM]","[PREMIUM]"
"685af2b655acd064fd03c1ae","2026-03-02 09:10:44.228","2026-03-15 00:06:14.385","685af2b655acd064fd03c1ae","Dracula A Feminist Revenge Fantasy Really","theater","2026-05-23 20:00:00","2026-05-24 03:00:00","2026-05-24 03:00:00",false,false,false,"[PREMIUM]","[PREMIUM]","[PREMIUM]","[PREMIUM]","[PREMIUM]","[PREMIUM]",false,true,"68ace06628449cb0983207af","['67b8f15ebf28ab3b2494fbd4']","[PREMIUM]","[PREMIUM]"
"685aebd0d49932ade9323fed","2026-03-02 09:10:44.228","2026-03-15 00:06:14.385","685aebd0d49932ade9323fed","Mac DeMarco","music","2026-05-23 19:30:00","2026-05-24 02:30:00","2026-05-24 03:30:00",false,false,false,"[PREMIUM]","[PREMIUM]","[PREMIUM]","[PREMIUM]","[PREMIUM]","[PREMIUM]",false,false,"57d09dc850575d33c84f83b3","['5893f6b8f80c411a03d1a763']","[PREMIUM]","[PREMIUM]"
"68584995b6583d2584f1082e","2026-03-02 09:10:44.228","2026-03-15 00:06:21.483","68584995b6583d2584f1082e","Detroit Symphony Orchestra - Tchaikovskys Swan Lake and Other Tales","theater","2026-05-24 15:00:00","2026-05-24 19:00:00","2026-05-24 19:00:00",false,false,false,"[PREMIUM]","[PREMIUM]","[PREMIUM]","[PREMIUM]","[PREMIUM]","[PREMIUM]",false,true,"683de297f9dfbb51e1a91d77","['65650ab5789203b6677fde8e']","[PREMIUM]","[PREMIUM]"
"685849953bbf6be8ef0f5b72","2026-03-02 09:10:44.228","2026-03-15 00:06:14.385","685849953bbf6be8ef0f5b72","Detroit Symphony Orchestra - Tchaikovskys Swan Lake and Other Tales","theater","2026-05-23 20:00:00","2026-05-24 00:00:00","2026-05-24 00:00:00",false,false,false,"[PREMIUM]","[PREMIUM]","[PREMIUM]","[PREMIUM]","[PREMIUM]","[PREMIUM]",false,true,"683de297f9dfbb51e1a91d77","['65650ab5789203b6677fde8e']","[PREMIUM]","[PREMIUM]"
"6854566fb5c484db0ef81a99","2026-03-02 09:10:44.228","2026-03-15 00:06:21.483","6854566fb5c484db0ef81a99","Phoenix Symphony - Star Wars Return of the Jedi in Concert","music","2026-05-24 14:00:00","2026-05-24 21:00:00","2026-05-24 21:00:00",false,false,false,"[PREMIUM]","[PREMIUM]","[PREMIUM]","[PREMIUM]","[PREMIUM]","[PREMIUM]",false,false,"68069e9a221948b332f3cb2f","['6809162f575f508e884fd4fb']","[PREMIUM]","[PREMIUM]"
"6854566f7efc171c134c359f","2026-03-02 09:10:44.228","2026-03-15 00:06:14.385","6854566f7efc171c134c359f","Phoenix Symphony - Star Wars Return of the Jedi in Concert","music","2026-05-23 19:30:00","2026-05-24 02:30:00","2026-05-24 02:30:00",false,false,false,"[PREMIUM]","[PREMIUM]","[PREMIUM]","[PREMIUM]","[PREMIUM]","[PREMIUM]",false,false,"68069e9a221948b332f3cb2f","['6809162f575f508e884fd4fb']","[PREMIUM]","[PREMIUM]"
"6851b7e9e88382026989f592","2026-03-02 09:10:44.228","2026-03-15 00:06:21.483","6851b7e9e88382026989f592","Monster Spectacular","auto","2026-05-24 14:00:00","2026-05-24 18:00:00","2026-05-24 19:30:00",false,false,false,"[PREMIUM]","[PREMIUM]","[PREMIUM]","[PREMIUM]","[PREMIUM]","[PREMIUM]",false,false,"6669e34506f00b81bbb6eed1","['636ad54446902b0001ce6565']","[PREMIUM]","[PREMIUM]"
"684c726b65a1bb96839f5806","2026-03-02 09:10:44.228","2026-03-15 00:06:14.385","684c726b65a1bb96839f5806","Descendants","theater","2026-05-24 10:30:00","2026-05-24 14:30:00","2026-05-24 14:30:00",false,false,false,"[PREMIUM]","[PREMIUM]","[PREMIUM]","[PREMIUM]","[PREMIUM]","[PREMIUM]",false,false,"67e5cec8d6660de23d89f926","['68838d97b98a81c602c81119']","[PREMIUM]","[PREMIUM]"
"684b2302648b3c8eeccfd7d3","2026-03-02 09:10:44.228","2026-03-15 00:06:21.483","684b2302648b3c8eeccfd7d3","Liverpool FC vs Brentford FC","soccer","2026-05-24 16:00:00","2026-05-24 15:00:00","2026-05-24 16:30:00",false,false,false,"[PREMIUM]","[PREMIUM]","[PREMIUM]","[PREMIUM]","[PREMIUM]","[PREMIUM]",false,true,"68224845638a2cb1b4e024d6","['5cc75045fe2dd800175d06fb','686408e30a3ccd829c64a15d']","[PREMIUM]","[PREMIUM]"
"6849cea59ec02afc25943499","2026-03-02 09:10:44.228","2026-03-15 00:06:14.385","6849cea59ec02afc25943499","2026 Formula 1 - Canadian Grand Prix - Sunday","f1","2026-05-24 00:00:00","2026-05-24 04:00:00","2026-05-24 05:30:00",false,true,false,"[PREMIUM]","[PREMIUM]","[PREMIUM]","[PREMIUM]","[PREMIUM]","[PREMIUM]",false,false,"61d8beed98eee90001d5f7d2","['61d8cae763106a0001e62e7e']","[PREMIUM]","[PREMIUM]"
"684726f5724b6276f8502f75","2026-03-02 09:10:44.228","2026-03-15 00:06:14.385","684726f5724b6276f8502f75","Thunder from Down Under (18+ Event)","theater","2026-05-23 20:00:00","2026-05-24 03:00:00","2026-05-24 03:00:00",false,false,false,"[PREMIUM]","[PREMIUM]","[PREMIUM]","[PREMIUM]","[PREMIUM]","[PREMIUM]",false,true,"65d8fe08918ba89d7821b4e0","['656f9bad6932c99c6691bcab']","[PREMIUM]","[PREMIUM]"
"684726f55d56ba00c100ed31","2026-03-02 09:10:44.228","2026-03-15 00:06:21.483","684726f55d56ba00c100ed31","Thunder from Down Under (18+ Event)","theater","2026-05-24 20:00:00","2026-05-25 03:00:00","2026-05-25 03:00:00",false,false,false,"[PREMIUM]","[PREMIUM]","[PREMIUM]","[PREMIUM]","[PREMIUM]","[PREMIUM]",false,true,"65d8fe08918ba89d7821b4e0","['656f9bad6932c99c6691bcab']","[PREMIUM]","[PREMIUM]"
"684726f51878ec5c48509604","2026-03-02 09:10:44.228","2026-03-15 00:06:14.385","684726f51878ec5c48509604","Thunder from Down Under (18+ Event)","theater","2026-05-23 22:00:00","2026-05-24 05:00:00","2026-05-24 05:00:00",false,false,false,"[PREMIUM]","[PREMIUM]","[PREMIUM]","[PREMIUM]","[PREMIUM]","[PREMIUM]",false,true,"65d8fe08918ba89d7821b4e0","['656f9bad6932c99c6691bcab']","[PREMIUM]","[PREMIUM]"
"68409356bfc6dd071d0e7c2a","2026-03-02 09:10:44.228","2026-03-15 00:06:14.385","68409356bfc6dd071d0e7c2a","Back to the Future - The Musical","theater","2026-05-23 19:30:00","2026-05-24 02:30:00","2026-05-24 02:30:00",false,false,false,"[PREMIUM]","[PREMIUM]","[PREMIUM]","[PREMIUM]","[PREMIUM]","[PREMIUM]",false,false,"5a9ed9271ff15600124b5bba","['64b5a99be10f4b000192586c']","[PREMIUM]","[PREMIUM]"
"6840935623836cd36634cd57","2026-03-02 09:10:44.228","2026-03-15 00:06:21.483","6840935623836cd36634cd57","Back to the Future - The Musical","theater","2026-05-24 13:30:00","2026-05-24 20:30:00","2026-05-24 20:30:00",false,false,false,"[PREMIUM]","[PREMIUM]","[PREMIUM]","[PREMIUM]","[PREMIUM]","[PREMIUM]",false,false,"5a9ed9271ff15600124b5bba","['64b5a99be10f4b000192586c']","[PREMIUM]","[PREMIUM]"
"684091b11b4a78e1658c7c07","2026-03-02 09:10:44.228","2026-03-15 00:06:21.483","684091b11b4a78e1658c7c07","Burnley FC vs Wolverhampton Wanderers FC","soccer","2026-05-24 16:00:00","2026-05-24 15:00:00","2026-05-24 15:00:00",false,false,false,"[PREMIUM]","[PREMIUM]","[PREMIUM]","[PREMIUM]","[PREMIUM]","[PREMIUM]",false,true,"6865a40c4229f0384af53dbb","['68640c1e48ff06d2c0790d2d','66635adba9aa7fb2695a19f2']","[PREMIUM]","[PREMIUM]"
"683f42cc599456f1f55c8bdd","2026-03-02 09:10:44.228","2026-03-15 00:06:21.483","683f42cc599456f1f55c8bdd","Crystal Palace FC vs Arsenal FC","soccer","2026-05-24 16:00:00","2026-05-24 15:00:00","2026-05-24 15:00:00",false,false,false,"[PREMIUM]","[PREMIUM]","[PREMIUM]","[PREMIUM]","[PREMIUM]","[PREMIUM]",false,true,"6865b1a3e82df79e4b1223fb","['646e8cffebb5dd00019519d1','6260050fb27db800018ab42c']","[PREMIUM]","[PREMIUM]"
"683f42cae731b67449c98985","2026-03-02 09:10:44.228","2026-03-15 00:06:21.483","683f42cae731b67449c98985","Sunderland FC vs Chelsea FC","soccer","2026-05-24 16:00:00","2026-05-24 15:00:00","2026-05-24 16:30:00",false,false,false,"[PREMIUM]","[PREMIUM]","[PREMIUM]","[PREMIUM]","[PREMIUM]","[PREMIUM]",false,true,"6866071468fab3c80c94e9a0","['63f557ebdf72f40001fac0bd','5c992d77c193390017d4a650']","[PREMIUM]","[PREMIUM]"
"683f40f86812abbf8f7bcdaa","2026-03-02 09:10:44.228","2026-03-15 00:06:21.483","683f40f86812abbf8f7bcdaa","Manchester City FC vs Aston Villa FC","soccer","2026-05-24 16:00:00","2026-05-24 15:00:00","2026-05-24 16:30:00",false,false,false,"[PREMIUM]","[PREMIUM]","[PREMIUM]","[PREMIUM]","[PREMIUM]","[PREMIUM]",false,true,"686600f506a8823a75587a1c","['626811151e6ce700012bcda2','65df7738a1fdb7d9cc2a6f63']","[PREMIUM]","[PREMIUM]"
"683f400acdc153f48dc21416","2026-03-02 09:10:44.228","2026-03-15 00:06:21.483","683f400acdc153f48dc21416","Nottingham Forest FC vs AFC Bournemouth","soccer","2026-05-24 16:00:00","2026-05-24 15:00:00","2026-05-24 15:00:00",false,false,false,"[PREMIUM]","[PREMIUM]","[PREMIUM]","[PREMIUM]","[PREMIUM]","[PREMIUM]",false,true,"686606566f89b043d4a7481b","['686447ad68fab3c80c949389','667dd45d58ad8e5e6b1b13b6']","[PREMIUM]","[PREMIUM]"
"683f3fdf576968cb872d6048","2026-03-02 09:10:44.228","2026-03-15 00:06:21.483","683f3fdf576968cb872d6048","Fulham FC vs Newcastle United FC","soccer","2026-05-24 15:00:00","2026-05-24 14:00:00","2026-05-24 14:00:00",false,false,false,"[PREMIUM]","[PREMIUM]","[PREMIUM]","[PREMIUM]","[PREMIUM]","[PREMIUM]",false,true,"6865b7584f850adafdde45b0","['68640de12c642806233b7b20','686445af452f5b6a4f554f47']","[PREMIUM]","[PREMIUM]"
"683f3f251729824eb15ce4ab","2026-03-02 09:10:44.228","2026-03-15 00:06:21.483","683f3f251729824eb15ce4ab","Brighton and Hove Albion FC vs Manchester United FC","soccer","2026-05-24 16:00:00","2026-05-24 15:00:00","2026-05-24 15:00:00",false,false,false,"[PREMIUM]","[PREMIUM]","[PREMIUM]","[PREMIUM]","[PREMIUM]","[PREMIUM]",false,true,"68659f62dd84d876d0fddef8","['6864028af5ec85c67f4dddd2','5ad7733384362000130fb8f7']","[PREMIUM]","[PREMIUM]"
"6838a79bf967570afe422528","2026-03-02 09:10:44.228","2026-03-15 00:06:21.483","6838a79bf967570afe422528","West Ham United FC vs Leeds United FC","soccer","2026-05-24 16:00:00","2026-05-24 15:00:00","2026-05-24 15:00:00",false,false,false,"[PREMIUM]","[PREMIUM]","[PREMIUM]","[PREMIUM]","[PREMIUM]","[PREMIUM]",false,true,"640a6671a925cd00010d98f7","['66635a1f607e3302dd897497','68642a17efa3755c878bbdbd']","[PREMIUM]","[PREMIUM]"
"6838a79a3baf45524c5e42a2","2026-03-02 09:10:44.228","2026-03-15 00:06:21.483","6838a79a3baf45524c5e42a2","Tottenham Hotspur FC vs Everton FC","soccer","2026-05-24 16:00:00","2026-05-24 15:00:00","2026-05-24 15:00:00",false,false,false,"[PREMIUM]","[PREMIUM]","[PREMIUM]","[PREMIUM]","[PREMIUM]","[PREMIUM]",false,false,"63179d24b8ef970001c41a5a","['686449cd8841dcc9c892a0d6','627ad20c3bbf2d00015c4d22']","[PREMIUM]","[PREMIUM]"
"6834b15093ca701b2a79d71a","2026-03-02 09:10:44.228","2026-03-15 00:06:14.385","6834b15093ca701b2a79d71a","2026 BottleRock Festival - Sunday (Backstreet Boys, Sombr, Ludacris)","music","2026-05-24 11:30:00","2026-05-24 18:30:00","2026-05-25 02:03:20",false,false,false,"[PREMIUM]","[PREMIUM]","[PREMIUM]","[PREMIUM]","[PREMIUM]","[PREMIUM]",false,false,"56d091e9f80c4126b4000001","['56d091faf80c4126b4000008','57fa7638f80c417574c0cb84','66573fbccefcacb761d2b3b8','5bfd7ca97be8ee00180b0f23']","[PREMIUM]","[PREMIUM]"
"682f6b2c64afe378a49e3555","2026-03-02 09:10:44.228","2026-03-15 00:06:21.483","682f6b2c64afe378a49e3555","Metallica","music","2026-05-24 18:00:00","2026-05-25 01:00:00","2026-05-25 02:00:00",false,false,false,"[PREMIUM]","[PREMIUM]","[PREMIUM]","[PREMIUM]","[PREMIUM]","[PREMIUM]",false,false,"648a2473eceac900014ff0a2","['5654b0bdf80c4123fb000006']","[PREMIUM]","[PREMIUM]"
"6828d62f91818a5b88a34058","2026-03-02 09:10:44.228","2026-03-15 00:06:14.385","6828d62f91818a5b88a34058","2026 Indy 500","auto","2026-05-24 00:00:00","2026-05-24 04:00:00","2026-05-24 05:00:00",false,true,false,"[PREMIUM]","[PREMIUM]","[PREMIUM]","[PREMIUM]","[PREMIUM]","[PREMIUM]",false,false,"56f5b6cbf80c4136d7000001","['56f5b6f7f80c4136d7000003']","[PREMIUM]","[PREMIUM]"
"6822414a438ee4470d906f94","2026-03-02 09:10:44.228","2026-03-15 00:06:14.385","6822414a438ee4470d906f94","Beetlejuice - The Musical","theater","2026-05-23 19:30:00","2026-05-23 23:30:00","2026-05-24 01:00:00",false,false,false,"[PREMIUM]","[PREMIUM]","[PREMIUM]","[PREMIUM]","[PREMIUM]","[PREMIUM]",false,true,"67e312377d068cc68893871a","['5d28ded112ed26003bc2ff38']","[PREMIUM]","[PREMIUM]"
"681cfca5403b4c2477160420","2026-03-02 09:10:44.228","2026-03-15 00:06:14.385","681cfca5403b4c2477160420","Top Gun - Maverick in Concert","music","2026-05-23 19:30:00","2026-05-24 00:30:00","2026-05-24 00:30:00",false,false,false,"[PREMIUM]","[PREMIUM]","[PREMIUM]","[PREMIUM]","[PREMIUM]","[PREMIUM]",false,false,"65cd51d71915bb611aa365ce","['65ce9298b410a54f83982e7e']","[PREMIUM]","[PREMIUM]"
"681a51d8bbff130cf1218ac6","2026-03-02 09:10:44.228","2026-03-15 00:06:21.483","681a51d8bbff130cf1218ac6","San Diego Symphony Orchestra - Also sprach Zarathustra & Bluebeards Castle","theater","2026-05-24 14:00:00","2026-05-24 21:00:00","2026-05-24 21:00:00",false,false,false,"[PREMIUM]","[PREMIUM]","[PREMIUM]","[PREMIUM]","[PREMIUM]","[PREMIUM]",false,false,"57abc270f80c415298864d43","['6601d32b96e6dcfe751c37d5']","[PREMIUM]","[PREMIUM]"
"681664d7154b0673b36982a1","2026-03-02 09:10:44.228","2026-03-15 00:06:21.483","681664d7154b0673b36982a1","Shin Lim","theater","2026-05-24 19:30:00","2026-05-25 02:30:00","2026-05-25 04:00:00",false,false,false,"[PREMIUM]","[PREMIUM]","[PREMIUM]","[PREMIUM]","[PREMIUM]","[PREMIUM]",false,false,"67a403b65cd7461baeafd0f8","['5d39e21b2ddd7500374d5dac']","[PREMIUM]","[PREMIUM]"
"681664d5ce5eae06b641a34b","2026-03-02 09:10:44.228","2026-03-15 00:06:14.385","681664d5ce5eae06b641a34b","Shin Lim","theater","2026-05-23 19:30:00","2026-05-24 02:30:00","2026-05-24 04:00:00",false,false,false,"[PREMIUM]","[PREMIUM]","[PREMIUM]","[PREMIUM]","[PREMIUM]","[PREMIUM]",false,false,"67a403b65cd7461baeafd0f8","['5d39e21b2ddd7500374d5dac']","[PREMIUM]","[PREMIUM]"
"6813c01556cd3b8eb00a0398","2026-03-02 09:10:44.228","2026-03-15 00:06:14.385","6813c01556cd3b8eb00a0398","Mamma Mia!","theater","2026-05-23 19:30:00","2026-05-24 01:30:00","2026-05-24 02:30:00",false,false,false,"[PREMIUM]","[PREMIUM]","[PREMIUM]","[PREMIUM]","[PREMIUM]","[PREMIUM]",false,false,"5ae8d70b44fc020012ead336","['58224033f80c414dba690e8c']","[PREMIUM]","[PREMIUM]"
"6813c014190a8c69b2442116","2026-03-02 09:10:44.228","2026-03-15 00:06:21.483","6813c014190a8c69b2442116","Mamma Mia!","theater","2026-05-24 14:00:00","2026-05-24 20:00:00","2026-05-24 21:00:00",false,false,false,"[PREMIUM]","[PREMIUM]","[PREMIUM]","[PREMIUM]","[PREMIUM]","[PREMIUM]",false,false,"5ae8d70b44fc020012ead336","['58224033f80c414dba690e8c']","[PREMIUM]","[PREMIUM]"
"680e7b31ad32297ead27acfc","2026-03-02 09:10:44.228","2026-03-15 00:06:21.483","680e7b31ad32297ead27acfc","Nashville Symphony - How To Train Your Dragon in Concert","music","2026-05-24 14:00:00","2026-05-24 19:00:00","2026-05-24 19:00:00",false,false,false,"[PREMIUM]","[PREMIUM]","[PREMIUM]","[PREMIUM]","[PREMIUM]","[PREMIUM]",false,false,"67bfbbae371aaa748ea724f5","['67c0f3b61665916c64582dca']","[PREMIUM]","[PREMIUM]"
"680d294ed237de3c2c1b9dc0","2026-03-02 09:10:44.228","2026-03-15 00:06:21.483","680d294ed237de3c2c1b9dc0","Beautiful - The Carole King Musical","theater","2026-05-24 19:30:00","2026-05-25 00:30:00","2026-05-25 01:30:00",false,false,false,"[PREMIUM]","[PREMIUM]","[PREMIUM]","[PREMIUM]","[PREMIUM]","[PREMIUM]",false,false,"59f38f1a676494000f845139","['585b0620f80c417e513d21b5']","[PREMIUM]","[PREMIUM]"
"680d294e615c6cc34347a39a","2026-03-02 09:10:44.228","2026-03-15 00:06:14.385","680d294e615c6cc34347a39a","Beautiful - The Carole King Musical","theater","2026-05-23 20:00:00","2026-05-24 01:00:00","2026-05-24 02:00:00",false,false,false,"[PREMIUM]","[PREMIUM]","[PREMIUM]","[PREMIUM]","[PREMIUM]","[PREMIUM]",false,false,"59f38f1a676494000f845139","['585b0620f80c417e513d21b5']","[PREMIUM]","[PREMIUM]"
"680d294e31bdd4695928e5a6","2026-03-02 09:10:44.228","2026-03-15 00:06:21.483","680d294e31bdd4695928e5a6","Beautiful - The Carole King Musical","theater","2026-05-24 14:00:00","2026-05-24 19:00:00","2026-05-24 20:00:00",false,false,false,"[PREMIUM]","[PREMIUM]","[PREMIUM]","[PREMIUM]","[PREMIUM]","[PREMIUM]",false,false,"59f38f1a676494000f845139","['585b0620f80c417e513d21b5']","[PREMIUM]","[PREMIUM]"
"68054378f534381f059f1bba","2026-03-02 09:10:44.228","2026-03-15 00:06:14.385","68054378f534381f059f1bba","The Notebook - The Musical","theater","2026-05-23 19:30:00","2026-05-23 23:30:00","2026-05-23 23:30:00",false,false,false,"[PREMIUM]","[PREMIUM]","[PREMIUM]","[PREMIUM]","[PREMIUM]","[PREMIUM]",false,false,"5a6fa79c01d651000f71d16a","['651b196b9576c27b8066d76d']","[PREMIUM]","[PREMIUM]"
"68054378dc59a1512c19100d","2026-03-02 09:10:44.228","2026-03-15 00:06:21.483","68054378dc59a1512c19100d","The Notebook - The Musical","theater","2026-05-24 18:30:00","2026-05-24 22:30:00","2026-05-24 22:30:00",false,false,false,"[PREMIUM]","[PREMIUM]","[PREMIUM]","[PREMIUM]","[PREMIUM]","[PREMIUM]",false,false,"5a6fa79c01d651000f71d16a","['651b196b9576c27b8066d76d']","[PREMIUM]","[PREMIUM]"
"6805437893f42d47ea5d1ec9","2026-03-02 09:10:44.228","2026-03-15 00:06:14.385","6805437893f42d47ea5d1ec9","The Notebook - The Musical","theater","2026-05-24 13:00:00","2026-05-24 17:00:00","2026-05-24 17:00:00",false,false,false,"[PREMIUM]","[PREMIUM]","[PREMIUM]","[PREMIUM]","[PREMIUM]","[PREMIUM]",false,false,"5a6fa79c01d651000f71d16a","['651b196b9576c27b8066d76d']","[PREMIUM]","[PREMIUM]"
"6803e819fb90cce94a7efcf3","2026-03-02 09:10:44.228","2026-03-15 00:06:14.385","6803e819fb90cce94a7efcf3","Nashville Symphony - How To Train Your Dragon in Concert","music","2026-05-23 19:30:00","2026-05-24 00:30:00","2026-05-24 00:30:00",false,false,false,"[PREMIUM]","[PREMIUM]","[PREMIUM]","[PREMIUM]","[PREMIUM]","[PREMIUM]",false,false,"67bfbbae371aaa748ea724f5","['67c0f3b61665916c64582dca']","[PREMIUM]","[PREMIUM]"
"68014917edf53243b455ec88","2026-03-02 09:10:44.228","2026-03-15 00:06:21.483","68014917edf53243b455ec88","Beauty and the Beast","theater","2026-05-24 19:00:00","2026-05-24 23:00:00","2026-05-25 00:00:00",false,false,false,"[PREMIUM]","[PREMIUM]","[PREMIUM]","[PREMIUM]","[PREMIUM]","[PREMIUM]",false,false,"5e222832a66a3f0037bbfc23","['5a5e3f8d25f2c56862a9baa9']","[PREMIUM]","[PREMIUM]"
"68014917629bf92e99dc3ae0","2026-03-02 09:10:44.228","2026-03-15 00:06:14.385","68014917629bf92e99dc3ae0","Beauty and the Beast","theater","2026-05-23 20:00:00","2026-05-24 00:00:00","2026-05-24 01:00:00",false,false,false,"[PREMIUM]","[PREMIUM]","[PREMIUM]","[PREMIUM]","[PREMIUM]","[PREMIUM]",false,false,"5e222832a66a3f0037bbfc23","['5a5e3f8d25f2c56862a9baa9']","[PREMIUM]","[PREMIUM]"
"67fffa64d31c935d5437efed","2026-03-02 09:10:44.228","2026-03-15 00:06:21.483","67fffa64d31c935d5437efed","Beauty and the Beast","theater","2026-05-24 13:30:00","2026-05-24 17:30:00","2026-05-24 18:30:00",false,false,false,"[PREMIUM]","[PREMIUM]","[PREMIUM]","[PREMIUM]","[PREMIUM]","[PREMIUM]",false,false,"5e222832a66a3f0037bbfc23","['5a5e3f8d25f2c56862a9baa9']","[PREMIUM]","[PREMIUM]"
"67fea65c3246e4fc76e9f650","2026-03-02 09:10:44.228","2026-03-15 00:06:14.385","67fea65c3246e4fc76e9f650","Utah Symphony - Bruckner's Symphony No. 4","music","2026-05-23 19:30:00","2026-05-24 01:30:00","2026-05-24 01:30:00",false,false,false,"[PREMIUM]","[PREMIUM]","[PREMIUM]","[PREMIUM]","[PREMIUM]","[PREMIUM]",false,false,"6781be15adadf3ca98111d72","['666c7ec6ab2fffb5823dc99c']","[PREMIUM]","[PREMIUM]"
"67f80c6d75bc55f95f8c2067","2026-03-02 09:10:44.228","2026-03-15 00:06:21.483","67f80c6d75bc55f95f8c2067","Hamilton","theater","2026-05-24 19:00:00","2026-05-24 23:00:00","2026-05-24 22:45:00",false,false,false,"[PREMIUM]","[PREMIUM]","[PREMIUM]","[PREMIUM]","[PREMIUM]","[PREMIUM]",false,false,"5ac6b61ff366c100132cd37a","['5823759df80c415625c237a0']","[PREMIUM]","[PREMIUM]"
"67f80c6cf1bd67bf6243177a","2026-03-02 09:10:44.228","2026-03-15 00:06:14.385","67f80c6cf1bd67bf6243177a","Hamilton","theater","2026-05-24 13:00:00","2026-05-24 17:00:00","2026-05-24 16:45:00",false,false,false,"[PREMIUM]","[PREMIUM]","[PREMIUM]","[PREMIUM]","[PREMIUM]","[PREMIUM]",false,false,"5ac6b61ff366c100132cd37a","['5823759df80c415625c237a0']","[PREMIUM]","[PREMIUM]"
"67f80c6cc156d2b8d16fda99","2026-03-02 09:10:44.228","2026-03-15 00:06:14.385","67f80c6cc156d2b8d16fda99","Hamilton","theater","2026-05-23 19:30:00","2026-05-23 23:30:00","2026-05-23 23:15:00",false,false,false,"[PREMIUM]","[PREMIUM]","[PREMIUM]","[PREMIUM]","[PREMIUM]","[PREMIUM]",false,false,"5ac6b61ff366c100132cd37a","['5823759df80c415625c237a0']","[PREMIUM]","[PREMIUM]"
"67f6bbd40f38a5da734338d2","2026-03-02 09:10:44.228","2026-03-15 00:06:21.483","67f6bbd40f38a5da734338d2","Oregon Symphony - The Music of John Williams","music","2026-05-24 14:00:00","2026-05-24 21:00:00","2026-05-24 21:00:00",false,false,false,"[PREMIUM]","[PREMIUM]","[PREMIUM]","[PREMIUM]","[PREMIUM]","[PREMIUM]",false,false,"57c8732cf80c4144770ff8ed","['65721802db97847360a76302']","[PREMIUM]","[PREMIUM]"
"67f6bbd38729281818a44df5","2026-03-02 09:10:44.228","2026-03-15 00:06:14.385","67f6bbd38729281818a44df5","Oregon Symphony - The Music of John Williams","music","2026-05-23 19:30:00","2026-05-24 02:30:00","2026-05-24 02:30:00",false,false,false,"[PREMIUM]","[PREMIUM]","[PREMIUM]","[PREMIUM]","[PREMIUM]","[PREMIUM]",true,false,"57c8732cf80c4144770ff8ed","['65721802db97847360a76302']","[PREMIUM]","[PREMIUM]"
"67f41d25dc7a5d23e0f166a4","2026-03-02 09:10:44.228","2026-03-15 00:06:21.483","67f41d25dc7a5d23e0f166a4","New York City Ballet - Coppelia","theater","2026-05-24 15:00:00","2026-05-24 19:00:00","2026-05-24 20:00:00",false,false,false,"[PREMIUM]","[PREMIUM]","[PREMIUM]","[PREMIUM]","[PREMIUM]","[PREMIUM]",false,false,"582206bccde6626ebe4ca2db","['5823db1bf80c41614144b023']","[PREMIUM]","[PREMIUM]"
"67f41d24f7036856041ddfc5","2026-03-02 09:10:44.228","2026-03-15 00:06:14.385","67f41d24f7036856041ddfc5","New York City Ballet - Coppelia","theater","2026-05-23 19:30:00","2026-05-23 23:30:00","2026-05-24 00:30:00",false,false,false,"[PREMIUM]","[PREMIUM]","[PREMIUM]","[PREMIUM]","[PREMIUM]","[PREMIUM]",false,false,"582206bccde6626ebe4ca2db","['5823db1bf80c41614144b023']","[PREMIUM]","[PREMIUM]"
"67f2c73d60cc33e6aa13ca6f","2026-03-02 09:10:44.228","2026-03-15 00:06:21.483","67f2c73d60cc33e6aa13ca6f","Mamma Mia!","theater","2026-05-24 19:30:00","2026-05-25 01:30:00","2026-05-25 02:30:00",false,false,false,"[PREMIUM]","[PREMIUM]","[PREMIUM]","[PREMIUM]","[PREMIUM]","[PREMIUM]",false,false,"5ae8d70b44fc020012ead336","['58224033f80c414dba690e8c']","[PREMIUM]","[PREMIUM]"
"67e598e4c10acc36e20e19f6","2026-03-02 09:10:44.228","2026-03-15 00:06:21.483","67e598e4c10acc36e20e19f6","San Francisco Symphony - Macelaru Conducts Dvoraks New World","music","2026-05-24 14:00:00","2026-05-24 21:00:00","2026-05-24 21:00:00",false,false,false,"[PREMIUM]","[PREMIUM]","[PREMIUM]","[PREMIUM]","[PREMIUM]","[PREMIUM]",false,false,"58b8c1c4cde6626ebe09ace0","['6542a73bdc596fb3d3535aad']","[PREMIUM]","[PREMIUM]"
"67e598e43a4e9926b0eb5ee8","2026-03-02 09:10:44.228","2026-03-15 00:06:14.385","67e598e43a4e9926b0eb5ee8","San Francisco Symphony - Macelaru Conducts Dvoraks New World","music","2026-05-23 19:30:00","2026-05-24 02:30:00","2026-05-24 02:30:00",false,false,false,"[PREMIUM]","[PREMIUM]","[PREMIUM]","[PREMIUM]","[PREMIUM]","[PREMIUM]",false,false,"58b8c1c4cde6626ebe09ace0","['6542a73bdc596fb3d3535aad']","[PREMIUM]","[PREMIUM]"
"67e59701fc1b9c428563bd66","2026-03-02 09:10:44.228","2026-03-15 00:06:14.385","67e59701fc1b9c428563bd66","The Lion King","theater","2026-05-24 13:00:00","2026-05-24 17:00:00","2026-05-24 18:00:00",false,false,false,"[PREMIUM]","[PREMIUM]","[PREMIUM]","[PREMIUM]","[PREMIUM]","[PREMIUM]",false,false,"5ac54a4f022df80013ca2dbc","['5824bdb4f80c41531c0e9a2f']","[PREMIUM]","[PREMIUM]"
"67e59701f2fb0733c41d61e2","2026-03-02 09:10:44.228","2026-03-15 00:06:14.385","67e59701f2fb0733c41d61e2","The Lion King","theater","2026-05-23 20:00:00","2026-05-24 00:00:00","2026-05-24 01:00:00",false,false,false,"[PREMIUM]","[PREMIUM]","[PREMIUM]","[PREMIUM]","[PREMIUM]","[PREMIUM]",false,false,"5ac54a4f022df80013ca2dbc","['5824bdb4f80c41531c0e9a2f']","[PREMIUM]","[PREMIUM]"
"67e59701c4594a940f24f6e8","2026-03-02 09:10:44.228","2026-03-15 00:06:21.483","67e59701c4594a940f24f6e8","The Lion King","theater","2026-05-24 18:30:00","2026-05-24 22:30:00","2026-05-24 23:30:00",false,false,false,"[PREMIUM]","[PREMIUM]","[PREMIUM]","[PREMIUM]","[PREMIUM]","[PREMIUM]",false,false,"5ac54a4f022df80013ca2dbc","['5824bdb4f80c41531c0e9a2f']","[PREMIUM]","[PREMIUM]"
"67d47c81fd11b46eacf22b93","2026-03-02 09:10:44.228","2026-03-15 00:06:14.385","67d47c81fd11b46eacf22b93","MJ - The Musical","theater","2026-05-23 19:30:00","2026-05-24 00:30:00","2026-05-24 00:30:00",false,false,false,"[PREMIUM]","[PREMIUM]","[PREMIUM]","[PREMIUM]","[PREMIUM]","[PREMIUM]",false,false,"59937ece9da0d48c0de078b4","['64a70e94c6014c0001601832']","[PREMIUM]","[PREMIUM]"
"67d47c81d7f0b43015f4642f","2026-03-02 09:10:44.228","2026-03-15 00:06:14.385","67d47c81d7f0b43015f4642f","MJ - The Musical","theater","2026-05-24 13:00:00","2026-05-24 18:00:00","2026-05-24 18:00:00",false,false,false,"[PREMIUM]","[PREMIUM]","[PREMIUM]","[PREMIUM]","[PREMIUM]","[PREMIUM]",false,false,"59937ece9da0d48c0de078b4","['64a70e94c6014c0001601832']","[PREMIUM]","[PREMIUM]"
"67d4788d28d5ff580f7ec877","2026-03-02 09:10:44.228","2026-03-15 00:06:21.483","67d4788d28d5ff580f7ec877","The Wiz","theater","2026-05-24 19:00:00","2026-05-25 00:00:00","2026-05-25 00:00:00",false,false,false,"[PREMIUM]","[PREMIUM]","[PREMIUM]","[PREMIUM]","[PREMIUM]","[PREMIUM]",false,false,"5aa951532524620013ffe013","['65149eeb5021f1b6a7bde06a']","[PREMIUM]","[PREMIUM]"
"67d4788ce7c40c936790c8be","2026-03-02 09:10:44.228","2026-03-15 00:06:14.385","67d4788ce7c40c936790c8be","The Wiz","theater","2026-05-23 19:30:00","2026-05-24 00:30:00","2026-05-24 00:30:00",false,false,false,"[PREMIUM]","[PREMIUM]","[PREMIUM]","[PREMIUM]","[PREMIUM]","[PREMIUM]",false,false,"5aa951532524620013ffe013","['65149eeb5021f1b6a7bde06a']","[PREMIUM]","[PREMIUM]"
"67d4788cd7f0b43015f463ef","2026-03-02 09:10:44.228","2026-03-15 00:06:21.483","67d4788cd7f0b43015f463ef","The Wiz","theater","2026-05-24 13:30:00","2026-05-24 18:30:00","2026-05-24 18:30:00",false,false,false,"[PREMIUM]","[PREMIUM]","[PREMIUM]","[PREMIUM]","[PREMIUM]","[PREMIUM]",false,false,"5aa951532524620013ffe013","['65149eeb5021f1b6a7bde06a']","[PREMIUM]","[PREMIUM]"
"67d23ff87c7e9155b575f655","2026-03-02 09:10:44.228","2026-03-15 00:06:14.385","67d23ff87c7e9155b575f655","Los Angeles Philharmonic - Die Walkure Act II","music","2026-05-23 20:00:00","2026-05-24 03:00:00","2026-05-24 03:00:00",false,false,false,"[PREMIUM]","[PREMIUM]","[PREMIUM]","[PREMIUM]","[PREMIUM]","[PREMIUM]",false,false,"5ca238643fb8c60016fcb2c9","['6596ecaf4598e53e08db2a9a']","[PREMIUM]","[PREMIUM]"
"67d207e21d12cb578029947e","2026-03-02 09:10:44.228","2026-03-15 00:06:14.385","67d207e21d12cb578029947e","Sir Andras Schiff - Bach, Mozart and Mendelssohn","music","2026-05-23 19:30:00","2026-05-23 23:30:00","2026-05-23 23:30:00",false,false,false,"[PREMIUM]","[PREMIUM]","[PREMIUM]","[PREMIUM]","[PREMIUM]","[PREMIUM]",false,true,"5dfbfc49834c0b003a4fa5af","['66301ca9f30bdbec5409fd7e']","[PREMIUM]","[PREMIUM]"
"67d0f5163a3760cc1a5230ce","2026-03-02 09:10:44.228","2026-03-15 00:06:14.385","67d0f5163a3760cc1a5230ce","The Outsiders","theater","2026-05-23 20:00:00","2026-05-24 00:00:00","2026-05-24 00:00:00",false,false,false,"[PREMIUM]","[PREMIUM]","[PREMIUM]","[PREMIUM]","[PREMIUM]","[PREMIUM]",false,false,"6781bda843bc2087d3be2367","['6542d2a8fdd787335382edb0']","[PREMIUM]","[PREMIUM]"
"67d0f514bdbe408172774bf9","2026-03-02 09:10:44.228","2026-03-15 00:06:21.483","67d0f514bdbe408172774bf9","The Outsiders","theater","2026-05-24 14:00:00","2026-05-24 18:00:00","2026-05-24 18:00:00",false,false,false,"[PREMIUM]","[PREMIUM]","[PREMIUM]","[PREMIUM]","[PREMIUM]","[PREMIUM]",false,false,"6781bda843bc2087d3be2367","['6542d2a8fdd787335382edb0']","[PREMIUM]","[PREMIUM]"
"67cbad7aefdae303ebc7d7a5","2026-03-02 09:10:44.228","2026-03-15 00:06:21.483","67cbad7aefdae303ebc7d7a5","Los Angeles Philharmonic - Die Walkure Act III","music","2026-05-24 14:00:00","2026-05-24 21:00:00","2026-05-24 21:00:00",false,false,false,"[PREMIUM]","[PREMIUM]","[PREMIUM]","[PREMIUM]","[PREMIUM]","[PREMIUM]",false,false,"5ca238643fb8c60016fcb2c9","['6596ecaf4598e53e08db2a9a']","[PREMIUM]","[PREMIUM]"
"67cb789890a6d1f007e23d17","2026-03-02 09:10:44.228","2026-03-15 00:06:21.483","67cb789890a6d1f007e23d17","The Sound of Music","theater","2026-05-24 18:30:00","2026-05-25 01:30:00","2026-05-25 02:30:00",false,false,false,"[PREMIUM]","[PREMIUM]","[PREMIUM]","[PREMIUM]","[PREMIUM]","[PREMIUM]",false,false,"5834da8ccde6626ebe9402e5","['5a611a5225f2c558ebe0d9f2']","[PREMIUM]","[PREMIUM]"
"67cb789855a2e04388686000","2026-03-02 09:10:44.228","2026-03-15 00:06:14.385","67cb789855a2e04388686000","The Sound of Music","theater","2026-05-24 13:00:00","2026-05-24 20:00:00","2026-05-24 21:00:00",false,false,false,"[PREMIUM]","[PREMIUM]","[PREMIUM]","[PREMIUM]","[PREMIUM]","[PREMIUM]",false,false,"5834da8ccde6626ebe9402e5","['5a611a5225f2c558ebe0d9f2']","[PREMIUM]","[PREMIUM]"
"67cb78981ca5c622c43da9fb","2026-03-02 09:10:44.228","2026-03-15 00:06:14.385","67cb78981ca5c622c43da9fb","The Sound of Music","theater","2026-05-23 20:00:00","2026-05-24 03:00:00","2026-05-24 04:00:00",false,false,false,"[PREMIUM]","[PREMIUM]","[PREMIUM]","[PREMIUM]","[PREMIUM]","[PREMIUM]",false,false,"5834da8ccde6626ebe9402e5","['5a611a5225f2c558ebe0d9f2']","[PREMIUM]","[PREMIUM]"
"67c7f2c2a65c6250504f1b5f","2026-03-02 09:10:44.228","2026-03-15 00:06:14.385","67c7f2c2a65c6250504f1b5f","Hells Kitchen","theater","2026-05-24 13:00:00","2026-05-24 20:00:00","2026-05-24 20:00:00",false,false,false,"[PREMIUM]","[PREMIUM]","[PREMIUM]","[PREMIUM]","[PREMIUM]","[PREMIUM]",false,false,"582f58c8cde6626ebe7ef263","['65552d957dd8c8433d96c872']","[PREMIUM]","[PREMIUM]"
"67c69d0de1873452a99319ff","2026-03-02 09:10:44.228","2026-03-15 00:06:14.385","67c69d0de1873452a99319ff","Colorado Symphony Orchestra - Star Wars Return of the Jedi In Concert","music","2026-05-23 19:30:00","2026-05-24 01:30:00","2026-05-24 01:30:00",false,false,false,"[PREMIUM]","[PREMIUM]","[PREMIUM]","[PREMIUM]","[PREMIUM]","[PREMIUM]",false,false,"6622fcb56e2086ac6791cd7b","['664e535b9859c1b2edc16fe9']","[PREMIUM]","[PREMIUM]"
"67c69d0d2d283ad79b5ad5d9","2026-03-02 09:10:44.228","2026-03-15 00:06:21.483","67c69d0d2d283ad79b5ad5d9","Colorado Symphony Orchestra - Star Wars Return of the Jedi In Concert","music","2026-05-24 14:30:00","2026-05-24 20:30:00","2026-05-24 20:30:00",false,false,false,"[PREMIUM]","[PREMIUM]","[PREMIUM]","[PREMIUM]","[PREMIUM]","[PREMIUM]",false,false,"6622fcb56e2086ac6791cd7b","['664e535b9859c1b2edc16fe9']","[PREMIUM]","[PREMIUM]"
"67c4e015d87626f8eed8f893","2026-03-02 09:10:44.228","2026-03-15 00:06:14.385","67c4e015d87626f8eed8f893","Harry Connick Jr","music","2026-05-23 20:00:00","2026-05-24 00:00:00","2026-05-24 01:30:00",false,false,false,"[PREMIUM]","[PREMIUM]","[PREMIUM]","[PREMIUM]","[PREMIUM]","[PREMIUM]",false,false,"66ff15c6bff1d7b915154098","['5baab4acdd52cd0013abcfa7']","[PREMIUM]","[PREMIUM]"
"67c270a1c1fb487abd5fdf86","2026-03-02 09:10:44.228","2026-03-15 00:06:14.385","67c270a1c1fb487abd5fdf86","Hells Kitchen","theater","2026-05-23 19:30:00","2026-05-24 02:30:00","2026-05-24 02:30:00",false,false,false,"[PREMIUM]","[PREMIUM]","[PREMIUM]","[PREMIUM]","[PREMIUM]","[PREMIUM]",false,false,"582f58c8cde6626ebe7ef263","['65552d957dd8c8433d96c872']","[PREMIUM]","[PREMIUM]"
"67b7abae6fd4f979a3cb000d","2026-03-02 09:10:44.228","2026-03-15 00:06:14.385","67b7abae6fd4f979a3cb000d","Metropolitan Opera - La Traviata","theater","2026-05-23 20:00:00","2026-05-24 00:00:00","2026-05-24 00:00:00",false,false,false,"[PREMIUM]","[PREMIUM]","[PREMIUM]","[PREMIUM]","[PREMIUM]","[PREMIUM]",false,true,"5a6a64a96fb556000f44b979","['655d757c4be8e1fad274b8b9']","[PREMIUM]","[PREMIUM]"
"67b7aba53278ea2c02ddec52","2026-03-02 09:10:44.228","2026-03-15 00:06:21.483","67b7aba53278ea2c02ddec52","Metropolitan Opera - Turandot","theater","2026-05-24 15:00:00","2026-05-24 19:00:00","2026-05-24 19:00:00",false,false,false,"[PREMIUM]","[PREMIUM]","[PREMIUM]","[PREMIUM]","[PREMIUM]","[PREMIUM]",false,true,"5a6a64a96fb556000f44b979","['655d757c4be8e1fad274b8b9']","[PREMIUM]","[PREMIUM]"
"67b69652e86b77bad7e5c3f6","2026-03-02 09:10:44.228","2026-03-15 00:06:14.385","67b69652e86b77bad7e5c3f6","Buffalo Philharmonic Orchestra - Patriotic Pops","music","2026-05-23 19:30:00","2026-05-23 23:30:00","2026-05-23 23:30:00",false,false,false,"[PREMIUM]","[PREMIUM]","[PREMIUM]","[PREMIUM]","[PREMIUM]","[PREMIUM]",false,false,"66f5b826e136245f843f222e","['67361e4b3eb58926e0e0b1b5']","[PREMIUM]","[PREMIUM]"
"67b3f8b922430c8efd16b9a8","2026-03-02 09:10:44.228","2026-03-15 00:06:21.483","67b3f8b922430c8efd16b9a8","San Diego Symphony Orchestra - Also sprach Zarathustra","theater","2026-05-24 14:00:00","2026-05-24 21:00:00","2026-05-24 21:00:00",false,false,false,"[PREMIUM]","[PREMIUM]","[PREMIUM]","[PREMIUM]","[PREMIUM]","[PREMIUM]",false,false,"67e3034522495e3b6297dc67","['6601d32b96e6dcfe751c37d5']","[PREMIUM]","[PREMIUM]"
"67a29be5f8d43aee8b83fe4c","2026-03-02 09:10:44.228","2026-03-15 00:06:14.385","67a29be5f8d43aee8b83fe4c","Little Shop of Horrors","theater","2026-05-23 20:00:00","2026-05-24 00:00:00","2026-05-24 00:00:00",false,false,false,"[PREMIUM]","[PREMIUM]","[PREMIUM]","[PREMIUM]","[PREMIUM]","[PREMIUM]",false,false,"65972d337bd2c22d70ba800b","['659737b6b2295ec66ef02bbd']","[PREMIUM]","[PREMIUM]"
"67a29be2d23323d79c0dc953","2026-03-02 09:10:44.228","2026-03-15 00:06:21.483","67a29be2d23323d79c0dc953","Little Shop of Horrors","theater","2026-05-24 19:30:00","2026-05-24 23:30:00","2026-05-24 23:30:00",false,false,false,"[PREMIUM]","[PREMIUM]","[PREMIUM]","[PREMIUM]","[PREMIUM]","[PREMIUM]",false,false,"65972d337bd2c22d70ba800b","['659737b6b2295ec66ef02bbd']","[PREMIUM]","[PREMIUM]"
"67a29be2c4728dd330ab56c0","2026-03-02 09:10:44.228","2026-03-15 00:06:21.483","67a29be2c4728dd330ab56c0","Little Shop of Horrors","theater","2026-05-24 14:00:00","2026-05-24 18:00:00","2026-05-24 18:00:00",false,false,false,"[PREMIUM]","[PREMIUM]","[PREMIUM]","[PREMIUM]","[PREMIUM]","[PREMIUM]",false,false,"65972d337bd2c22d70ba800b","['659737b6b2295ec66ef02bbd']","[PREMIUM]","[PREMIUM]"
"6794849f849eb11115955ce2","2026-03-02 09:10:44.228","2026-03-15 00:06:14.385","6794849f849eb11115955ce2","Wicked","theater","2026-05-24 13:00:00","2026-05-24 18:00:00","2026-05-24 19:00:00",false,false,false,"[PREMIUM]","[PREMIUM]","[PREMIUM]","[PREMIUM]","[PREMIUM]","[PREMIUM]",false,false,"5a9ed5a0593d25001363a703","['5822480df80c4152d5486cd5']","[PREMIUM]","[PREMIUM]"
"6794849f4473774b4e231411","2026-03-02 09:10:44.228","2026-03-15 00:06:14.385","6794849f4473774b4e231411","Wicked","theater","2026-05-23 19:30:00","2026-05-24 00:30:00","2026-05-24 01:30:00",false,false,false,"[PREMIUM]","[PREMIUM]","[PREMIUM]","[PREMIUM]","[PREMIUM]","[PREMIUM]",false,false,"5a9ed5a0593d25001363a703","['5822480df80c4152d5486cd5']","[PREMIUM]","[PREMIUM]"
"6794849e0a3609eaf8eb3cc6","2026-03-02 09:10:44.228","2026-03-15 00:06:21.483","6794849e0a3609eaf8eb3cc6","Wicked","theater","2026-05-24 19:00:00","2026-05-25 00:00:00","2026-05-25 01:00:00",false,false,false,"[PREMIUM]","[PREMIUM]","[PREMIUM]","[PREMIUM]","[PREMIUM]","[PREMIUM]",false,false,"5a9ed5a0593d25001363a703","['5822480df80c4152d5486cd5']","[PREMIUM]","[PREMIUM]"
"6791af90d51fc1137376cfa3","2026-03-02 09:10:44.228","2026-03-15 00:06:14.385","6791af90d51fc1137376cfa3","The Phantom of the Opera","theater","2026-05-23 20:00:00","2026-05-24 03:00:00","2026-05-24 04:00:00",false,false,false,"[PREMIUM]","[PREMIUM]","[PREMIUM]","[PREMIUM]","[PREMIUM]","[PREMIUM]",true,false,"564372dbf80c411191000001","['582be311f80c41556b3043e2']","[PREMIUM]","[PREMIUM]"
"6791af90970f4f35908c7bd5","2026-03-02 09:10:44.228","2026-03-15 00:06:14.385","6791af90970f4f35908c7bd5","The Phantom of the Opera","theater","2026-05-24 13:00:00","2026-05-24 20:00:00","2026-05-24 21:00:00",false,false,false,"[PREMIUM]","[PREMIUM]","[PREMIUM]","[PREMIUM]","[PREMIUM]","[PREMIUM]",false,false,"564372dbf80c411191000001","['582be311f80c41556b3043e2']","[PREMIUM]","[PREMIUM]"
"6791af8ff4d9dac3ecfe4483","2026-03-02 09:10:44.228","2026-03-15 00:06:21.483","6791af8ff4d9dac3ecfe4483","The Phantom of the Opera","theater","2026-05-24 18:30:00","2026-05-25 01:30:00","2026-05-25 02:30:00",false,false,false,"[PREMIUM]","[PREMIUM]","[PREMIUM]","[PREMIUM]","[PREMIUM]","[PREMIUM]",false,false,"564372dbf80c411191000001","['582be311f80c41556b3043e2']","[PREMIUM]","[PREMIUM]"
"6788a723c515863108427bbc","2026-03-02 09:10:44.228","2026-03-15 00:06:21.483","6788a723c515863108427bbc","& Juliet","theater","2026-05-24 18:30:00","2026-05-24 23:30:00","2026-05-24 23:30:00",false,false,false,"[PREMIUM]","[PREMIUM]","[PREMIUM]","[PREMIUM]","[PREMIUM]","[PREMIUM]",false,false,"58af457acde6626ebea9d1ed","['648b490a85ab3300016fc5df']","[PREMIUM]","[PREMIUM]"
"6788a723566d81f1202dd916","2026-03-02 09:10:44.228","2026-03-15 00:06:14.385","6788a723566d81f1202dd916","& Juliet","theater","2026-05-23 19:30:00","2026-05-24 00:30:00","2026-05-24 00:30:00",false,false,false,"[PREMIUM]","[PREMIUM]","[PREMIUM]","[PREMIUM]","[PREMIUM]","[PREMIUM]",false,false,"58af457acde6626ebea9d1ed","['648b490a85ab3300016fc5df']","[PREMIUM]","[PREMIUM]"
"6788a7234bf778bae3dbe49c","2026-03-02 09:10:44.228","2026-03-15 00:06:14.385","6788a7234bf778bae3dbe49c","& Juliet","theater","2026-05-24 13:00:00","2026-05-24 18:00:00","2026-05-24 18:00:00",false,false,false,"[PREMIUM]","[PREMIUM]","[PREMIUM]","[PREMIUM]","[PREMIUM]","[PREMIUM]",false,false,"58af457acde6626ebea9d1ed","['648b490a85ab3300016fc5df']","[PREMIUM]","[PREMIUM]"
"69a368ac5f3df0fc5ef71e99","2026-03-02 09:10:19.790","2026-03-15 00:05:50.906","69a368ac5f3df0fc5ef71e99","Debí Tirar Más Fiestas (18+ Event)","music","2026-05-16 21:00:00","2026-05-17 02:00:00","2026-05-17 02:00:00",false,false,false,"[PREMIUM]","[PREMIUM]","[PREMIUM]","[PREMIUM]","[PREMIUM]","[PREMIUM]",false,false,"57e16d3950575d33c89b50cf","['67900dc3344906932dcc7aa3']","[PREMIUM]","[PREMIUM]"
"69a52f170bc3177535d9e7ea","2026-03-02 09:09:40.180","2026-03-15 00:05:02.754","69a52f170bc3177535d9e7ea","Muse - A Salute to Divas of the 90s","music","2026-05-07 20:30:00","2026-05-08 00:30:00","2026-05-08 01:30:00",false,false,false,"[PREMIUM]","[PREMIUM]","[PREMIUM]","[PREMIUM]","[PREMIUM]","[PREMIUM]",false,false,"59f11707391ed0000e5c1825","['5631bb0ff80c41790b000002']","[PREMIUM]","[PREMIUM]"
"69a468db3f2fa1607367866a","2026-03-02 09:09:40.180","2026-03-15 00:05:10.691","69a468db3f2fa1607367866a","Strangelove - Depeche Mode Tribute Band","music","2026-05-08 20:00:00","2026-05-09 01:00:00","2026-05-09 01:00:00",false,false,false,"[PREMIUM]","[PREMIUM]","[PREMIUM]","[PREMIUM]","[PREMIUM]","[PREMIUM]",false,false,"57c61b85f80c4132e4199030","['6622c51da071aea3f7ba6173']","[PREMIUM]","[PREMIUM]"
"69a488dccd8c7b46943bd84c","2026-03-02 09:09:31.846","2026-03-15 00:05:02.754","69a488dccd8c7b46943bd84c","The Dear Hunter (21+ Event)","music","2026-05-06 19:30:00","2026-05-07 02:30:00","2026-05-07 03:30:00",false,false,false,"[PREMIUM]","[PREMIUM]","[PREMIUM]","[PREMIUM]","[PREMIUM]","[PREMIUM]",false,true,"634dbc64afedb80001291a14","['5a00ae0a25f2c50ea228749e']","[PREMIUM]","[PREMIUM]"
"69a4322e867c82f48e0874ae","2026-03-02 09:09:23.991","2026-03-15 00:04:55.432","69a4322e867c82f48e0874ae","Rachel Feinstein","comedy","2026-05-03 19:00:00","2026-05-04 02:00:00","2026-05-04 03:30:00",false,false,false,"[PREMIUM]","[PREMIUM]","[PREMIUM]","[PREMIUM]","[PREMIUM]","[PREMIUM]",false,true,"676211402609268afabf5770","['6244d4784e392900017d34d7']","[PREMIUM]","[PREMIUM]"
"69a4f4b5f22181d3626456bd","2026-03-02 09:09:15.612","2026-03-15 00:04:46.452","69a4f4b5f22181d3626456bd","MARIS","music","2026-05-02 20:00:00","2026-05-03 00:00:00","2026-05-03 00:00:00",false,false,false,"[PREMIUM]","[PREMIUM]","[PREMIUM]","[PREMIUM]","[PREMIUM]","[PREMIUM]",false,true,"57eade5dcde6626ebe3ba5e3","['68487e10346f19cdc9d4f2db']","[PREMIUM]","[PREMIUM]"
"69a482de29e483e2b7173079","2026-03-02 09:08:59.498","2026-03-15 00:04:29.706","69a482de29e483e2b7173079","Gary Gulman","comedy","2026-04-30 19:30:00","2026-04-30 23:30:00","2026-05-01 01:00:00",false,false,false,"[PREMIUM]","[PREMIUM]","[PREMIUM]","[PREMIUM]","[PREMIUM]","[PREMIUM]",false,false,"6843007762b1535061b3b73d","['5d9619e9ae7db300383731bc']","[PREMIUM]","[PREMIUM]"
"69a4f3bfb2aec89077184bcc","2026-03-02 09:08:28.342","2026-03-16 05:40:35.001","69a4f3bfb2aec89077184bcc","Pentagram","music","2026-04-22 21:00:00","2026-04-23 04:00:00","2026-04-23 04:00:00",false,false,false,"[PREMIUM]","[PREMIUM]","[PREMIUM]","[PREMIUM]","[PREMIUM]","[PREMIUM]",false,true,"63c87c09a6310900018c461f","['676b3a4491e572c35fc3a08b']","[PREMIUM]","[PREMIUM]"
"69a52feb8ced943f160f5469","2026-03-02 09:08:12.493","2026-03-16 05:39:59.132","69a52feb8ced943f160f5469","David Copperfield","theater","2026-04-18 21:30:00","2026-04-19 04:30:00","2026-04-19 04:30:00",false,false,false,"[PREMIUM]","[PREMIUM]","[PREMIUM]","[PREMIUM]","[PREMIUM]","[PREMIUM]",false,true,"6669d65bd266cd12a7c3858a","['66bfb198158d59af1bb40717']","[PREMIUM]","[PREMIUM]"
"69a3df2baac40370263b6976","2026-03-02 09:08:12.493","2026-03-16 05:39:59.132","69a3df2baac40370263b6976","Bo Johnson","comedy","2026-04-19 15:00:00","2026-04-19 20:00:00","2026-04-19 20:00:00",false,false,false,"[PREMIUM]","[PREMIUM]","[PREMIUM]","[PREMIUM]","[PREMIUM]","[PREMIUM]",false,true,"64f0f8f2e2b35d00016720b4","['67e2f36ede5c67b4e080171d']","[PREMIUM]","[PREMIUM]"
"68014591f534381f059ee5b5","2026-03-02 09:08:04.787","2026-03-16 05:39:45.721","68014591f534381f059ee5b5","Flyte (Rescheduled from 10/7/2025)","music","2026-04-17 20:30:00","2026-04-18 03:30:00","2026-04-18 03:30:00",false,false,false,"[PREMIUM]","[PREMIUM]","[PREMIUM]","[PREMIUM]","[PREMIUM]","[PREMIUM]",false,false,"658f4222b968a5dbdd00e86d","['680285d4356542f9d3a762bb']","[PREMIUM]","[PREMIUM]"
"69a384cf1fc2fb28acdad033","2026-03-02 09:07:56.824","2026-03-16 05:39:30.825","69a384cf1fc2fb28acdad033","LFA 231","ufc","2026-04-17 16:45:00","2026-04-17 21:45:00","2026-04-17 23:15:00",false,false,false,"[PREMIUM]","[PREMIUM]","[PREMIUM]","[PREMIUM]","[PREMIUM]","[PREMIUM]",false,false,"664fbb77e4a123d933841dcd","['63efdc709ea9a700018e54b4']","[PREMIUM]","[PREMIUM]"
"69a489340c37928d4d5808e4","2026-03-02 09:07:48.083","2026-03-16 05:39:11.916","69a489340c37928d4d5808e4","Pentagram (21+ Event)","music","2026-04-14 20:00:00","2026-04-15 02:00:00","2026-04-15 02:00:00",false,false,false,"[PREMIUM]","[PREMIUM]","[PREMIUM]","[PREMIUM]","[PREMIUM]","[PREMIUM]",false,true,"6413886f835edf00013c0153","['676b3a4491e572c35fc3a08b']","[PREMIUM]","[PREMIUM]"
"69a4f5f4e5cb0a6b8c4d21c3","2026-03-02 09:07:40.695","2026-03-16 05:38:56.981","69a4f5f4e5cb0a6b8c4d21c3","D.R.I.","music","2026-04-12 20:00:00","2026-04-13 02:00:00","2026-04-13 03:30:00",false,false,false,"[PREMIUM]","[PREMIUM]","[PREMIUM]","[PREMIUM]","[PREMIUM]","[PREMIUM]",false,true,"5892554fcde6626ebe59bb68","['62fc09e8368f110001cc2e19']","[PREMIUM]","[PREMIUM]"
"69a483742dfb6298b6d19684","2026-03-02 09:07:40.695","2026-03-16 05:38:56.981","69a483742dfb6298b6d19684","From Indian Lakes","music","2026-04-13 19:00:00","2026-04-14 01:00:00","2026-04-14 01:00:00",false,false,false,"[PREMIUM]","[PREMIUM]","[PREMIUM]","[PREMIUM]","[PREMIUM]","[PREMIUM]",false,true,"5a20531c1a3204000fbdd8e4","['65f4a6fa45e1fa16c222b8a4']","[PREMIUM]","[PREMIUM]"
"69a4f93e3a4c005f9b73deb6","2026-03-02 09:07:09.592","2026-03-16 05:37:20.162","69a4f93e3a4c005f9b73deb6","Wicked","theater","2026-04-06 19:30:00","2026-04-06 23:30:00","2026-04-07 00:30:00",false,false,false,"[PREMIUM]","[PREMIUM]","[PREMIUM]","[PREMIUM]","[PREMIUM]","[PREMIUM]",false,false,"5ac6b61ff366c100132cd37a","['5822480df80c4152d5486cd5']","[PREMIUM]","[PREMIUM]"
"69a3df2ac6f3a780da2cd972","2026-03-02 09:07:09.592","2026-03-16 05:37:20.162","69a3df2ac6f3a780da2cd972","Todd Barry","comedy","2026-04-07 19:00:00","2026-04-08 00:00:00","2026-04-08 00:00:00",false,false,false,"[PREMIUM]","[PREMIUM]","[PREMIUM]","[PREMIUM]","[PREMIUM]","[PREMIUM]",false,true,"64f0f8f2e2b35d00016720b4","['64ee2d696834560001098f27']","[PREMIUM]","[PREMIUM]"
"69a4f93ee7dbe44e696ad5cd","2026-03-02 09:06:59.115","2026-03-16 05:36:48.173","69a4f93ee7dbe44e696ad5cd","Wicked","theater","2026-04-04 18:30:00","2026-04-04 22:30:00","2026-04-04 23:30:00",false,false,false,"[PREMIUM]","[PREMIUM]","[PREMIUM]","[PREMIUM]","[PREMIUM]","[PREMIUM]",false,false,"5ac6b61ff366c100132cd37a","['5822480df80c4152d5486cd5']","[PREMIUM]","[PREMIUM]"
"69a4f93eaac40370263ba35e","2026-03-02 09:06:51.412","2026-03-16 05:36:48.173","69a4f93eaac40370263ba35e","Wicked","theater","2026-04-04 13:00:00","2026-04-04 17:00:00","2026-04-04 18:00:00",false,false,false,"[PREMIUM]","[PREMIUM]","[PREMIUM]","[PREMIUM]","[PREMIUM]","[PREMIUM]",false,false,"5ac6b61ff366c100132cd37a","['5822480df80c4152d5486cd5']","[PREMIUM]","[PREMIUM]"
"69a4f93ece95e3e157c40b27","2026-03-02 09:06:36.144","2026-03-16 05:36:24.151","69a4f93ece95e3e157c40b27","Wicked","theater","2026-04-01 13:00:00","2026-04-01 17:00:00","2026-04-01 18:00:00",false,false,false,"[PREMIUM]","[PREMIUM]","[PREMIUM]","[PREMIUM]","[PREMIUM]","[PREMIUM]",false,false,"5ac6b61ff366c100132cd37a","['5822480df80c4152d5486cd5']","[PREMIUM]","[PREMIUM]"
"69a53132aac40370263bb43e","2026-03-02 09:06:28.059","2026-03-16 05:36:12.381","69a53132aac40370263bb43e","Adriatique (21+ Event)","music","2026-03-28 23:30:00","2026-03-29 03:30:00","2026-03-29 03:30:00",false,false,false,"[PREMIUM]","[PREMIUM]","[PREMIUM]","[PREMIUM]","[PREMIUM]","[PREMIUM]",false,true,"617b0be24d70170001fab6b9","['6793f8b655c31f8b2e8dbdfb']","[PREMIUM]","[PREMIUM]"
"69a4a4c0cd8c7b46943bdf34","2026-03-02 09:05:58.159","2026-03-16 05:35:05.343","69a4a4c0cd8c7b46943bdf34","Aaron Gillespie","music","2026-03-22 19:30:00","2026-03-22 23:30:00","2026-03-22 23:30:00",false,false,false,"[PREMIUM]","[PREMIUM]","[PREMIUM]","[PREMIUM]","[PREMIUM]","[PREMIUM]",false,true,"6155eb5958593a00017c275c","['6949c00a53cd45bc78a783a7']","[PREMIUM]","[PREMIUM]"
"69a4a38b917fafc687b9da17","2026-03-02 09:05:42.410","2026-03-16 05:34:26.180","69a4a38b917fafc687b9da17","Chris Fleming","comedy","2026-03-19 20:00:00","2026-03-20 03:00:00","2026-03-20 04:30:00",false,false,false,"[PREMIUM]","[PREMIUM]","[PREMIUM]","[PREMIUM]","[PREMIUM]","[PREMIUM]",false,true,"6971741fa590240b02941398","['6210109435c9330001c23c05']","[PREMIUM]","[PREMIUM]"
"69a4834778a7ba1e246d48f5","2026-03-02 09:05:42.410","2026-03-16 05:34:37.298","69a4834778a7ba1e246d48f5","Emo Nite (21+ Event)","music","2026-03-20 21:00:00","2026-03-21 04:00:00","2026-03-21 04:00:00",false,false,false,"[PREMIUM]","[PREMIUM]","[PREMIUM]","[PREMIUM]","[PREMIUM]","[PREMIUM]",false,true,"5a43d398f7f0e90012bd74b6","['65ce998d07a5794f79181c42']","[PREMIUM]","[PREMIUM]"
"699fe8f9a34029153ebef5fc","2026-03-02 09:04:53.017","2026-03-11 13:54:21.709","699fe8f9a34029153ebef5fc","Inter Miami CF at Nashville SC (CONCACAF Champions Cup) (Round of 16)","mls","2026-03-11 18:30:00","2026-03-11 23:30:00","2026-03-12 00:15:00",false,false,false,"[PREMIUM]","[PREMIUM]","[PREMIUM]","[PREMIUM]","[PREMIUM]","[PREMIUM]",false,false,"620e9a2adbd46a0001e7d105","['5aa95bac859ef10013a98758','5df192d41d9696003ad23f7d']","[PREMIUM]","[PREMIUM]"
"69a5300078a7ba1e246d78d8","2026-03-02 09:04:12.247","2026-03-03 12:17:35.681","69a5300078a7ba1e246d78d8","Zombie Burlesque","theater","2026-03-03 23:00:00","2026-03-04 07:00:00","2026-03-04 07:00:00",false,false,false,"[PREMIUM]","[PREMIUM]","[PREMIUM]","[PREMIUM]","[PREMIUM]","[PREMIUM]",false,true,"65c68eea463851cc713158ae","['660f05a0a97cfd4a67e87779']","[PREMIUM]","[PREMIUM]"
"69a3dbce2afe2d2966a10982","2026-03-02 09:04:12.247","2026-03-02 09:04:12.247","69a3dbce2afe2d2966a10982","Luenell at Jimmy Kimmel's Comedy Club (18+ Event)","comedy","2026-03-03 00:30:00","2026-03-03 08:30:00","2026-03-03 08:30:00",false,false,false,"[PREMIUM]","[PREMIUM]","[PREMIUM]","[PREMIUM]","[PREMIUM]","[PREMIUM]",false,true,"63e6a8b18d0aad0001987d37","['673fba4873abf3b13feaad0b','61e71a42a63e20000170b094']","[PREMIUM]","[PREMIUM]"
"69a3dbcd0bc3177535d99c3f","2026-03-02 09:04:12.247","2026-03-02 09:04:12.247","69a3dbcd0bc3177535d99c3f","Jabbawockeez","theater","2026-03-02 23:00:00","2026-03-03 07:00:00","2026-03-03 07:00:00",false,false,false,"[PREMIUM]","[PREMIUM]","[PREMIUM]","[PREMIUM]","[PREMIUM]","[PREMIUM]",false,true,"65d922171e8767f8399758d2","['6577a8fd467ba3b6407738c9']","[PREMIUM]","[PREMIUM]"
"69a37008bc75144e9ad8ee81","2026-03-02 09:04:12.247","2026-03-04 16:20:28.199","69a37008bc75144e9ad8ee81","(TBD) at Oakland Golden Grizzlies Mens Basketball","cbb","2026-03-04 19:00:00","2026-03-05 00:00:00","2026-03-05 01:30:00",false,false,false,"[PREMIUM]","[PREMIUM]","[PREMIUM]","[PREMIUM]","[PREMIUM]","[PREMIUM]",false,false,"662812afaa9be89f8d7d8c1a","['59c9916725f2c5588e2e609c']","[PREMIUM]","[PREMIUM]"
