"_primaryKey","_firstSeenAt","_lastSeenAt","eventId","name","category","datetimeLocal","datetimeUtc","salesCutOff","tbd","timeTbd","dateTbd","minPriceTotal","minPricePrefee","maxPriceTotal","maxPricePrefee","zoneDealPriceTotal","flashDealPriceTotal","hasExclusives","mapless","venueId","performerIds","popularityScore","trendingScore"
"69c46108d4b5b3002b44c145","2026-03-26 00:45:48.560","2026-04-08 00:09:07.259","69c46108d4b5b3002b44c145","Eric Hutchinson","music","2026-06-18 20:00:00","2026-06-19 00:00:00","2026-06-19 01:00:00",false,false,false,"[PREMIUM]","[PREMIUM]","[PREMIUM]","[PREMIUM]","[PREMIUM]","[PREMIUM]",false,true,"65f8c1befc0ba43782c14ce5","['57e1b1faf80c412189d55c52']","[PREMIUM]","[PREMIUM]"
"69c4600fe980968c8e5e1432","2026-03-26 00:45:48.560","2026-04-08 00:09:14.781","69c4600fe980968c8e5e1432","Eric D'Alessandro","comedy","2026-06-19 19:00:00","2026-06-19 23:00:00","2026-06-19 23:00:00",false,false,false,"[PREMIUM]","[PREMIUM]","[PREMIUM]","[PREMIUM]","[PREMIUM]","[PREMIUM]",false,true,"648cd8f32cbc080001656ef8","['663e6cee91f2d95700efdcfd']","[PREMIUM]","[PREMIUM]"
"69c4600fd2270f5b1d16adff","2026-03-26 00:45:48.560","2026-04-08 00:09:14.781","69c4600fd2270f5b1d16adff","Eric D'Alessandro","comedy","2026-06-19 21:15:00","2026-06-20 01:15:00","2026-06-20 01:15:00",false,false,false,"[PREMIUM]","[PREMIUM]","[PREMIUM]","[PREMIUM]","[PREMIUM]","[PREMIUM]",false,true,"648cd8f32cbc080001656ef8","['663e6cee91f2d95700efdcfd']","[PREMIUM]","[PREMIUM]"
"69c45bdfd4b5b3002b44be9a","2026-03-26 00:45:48.560","2026-04-08 00:09:14.781","69c45bdfd4b5b3002b44be9a","Indiana Fever at Atlanta Dream","wnba","2026-06-20 13:00:00","2026-06-20 17:00:00","2026-06-20 18:30:00",false,false,false,"[PREMIUM]","[PREMIUM]","[PREMIUM]","[PREMIUM]","[PREMIUM]","[PREMIUM]",false,false,"544effe03bf3766eb4000002","['596e68be25f2c5255b19e016','5967f08325f2c52b597fb020']","[PREMIUM]","[PREMIUM]"
"69c4422d509ff2c7f204cde8","2026-03-26 00:45:48.560","2026-04-08 00:09:14.781","69c4422d509ff2c7f204cde8","Ty Myers","music","2026-06-19 19:30:00","2026-06-19 23:30:00","2026-06-19 23:30:00",false,false,false,"[PREMIUM]","[PREMIUM]","[PREMIUM]","[PREMIUM]","[PREMIUM]","[PREMIUM]",false,false,"6487abe03f226c00011303d6","['66b28641ce51b375a4e67f7a']","[PREMIUM]","[PREMIUM]"
"69c35f479f0de473d66d3cd6","2026-03-26 00:45:48.560","2026-04-08 00:09:14.781","69c35f479f0de473d66d3cd6","Elijah Scott","music","2026-06-19 18:00:00","2026-06-20 00:00:00","2026-06-20 00:00:00",false,false,false,"[PREMIUM]","[PREMIUM]","[PREMIUM]","[PREMIUM]","[PREMIUM]","[PREMIUM]",false,true,"5a20531c1a3204000fbdd8e4","['69333760b411e556be759947']","[PREMIUM]","[PREMIUM]"
"69c35d87a8d83695e72aa3fb","2026-03-26 00:45:48.560","2026-04-08 00:09:14.781","69c35d87a8d83695e72aa3fb","Of Montreal","music","2026-06-19 19:00:00","2026-06-19 23:00:00","2026-06-20 00:00:00",false,false,false,"[PREMIUM]","[PREMIUM]","[PREMIUM]","[PREMIUM]","[PREMIUM]","[PREMIUM]",false,true,"5e4ea9420447ca003e091adb","['57eaabf9f80c417abb857867']","[PREMIUM]","[PREMIUM]"
"69c35cc5dfb17ce91fac655b","2026-03-26 00:45:48.560","2026-04-08 00:09:14.781","69c35cc5dfb17ce91fac655b","The Aquabats","music","2026-06-19 19:00:00","2026-06-19 23:00:00","2026-06-20 00:00:00",false,false,false,"[PREMIUM]","[PREMIUM]","[PREMIUM]","[PREMIUM]","[PREMIUM]","[PREMIUM]",false,false,"57e0488b50575d33c8948d93","['5991cd9325f2c51309e700e8']","[PREMIUM]","[PREMIUM]"
"69c35c83d819d90ebf96eaec","2026-03-26 00:45:48.560","2026-04-08 00:09:07.259","69c35c83d819d90ebf96eaec","Brad Upton","comedy","2026-06-18 19:00:00","2026-06-19 02:00:00","2026-06-19 02:00:00",false,false,false,"[PREMIUM]","[PREMIUM]","[PREMIUM]","[PREMIUM]","[PREMIUM]","[PREMIUM]",false,true,"62a26cbf659ddf0001a208d3","['663d32717b629ef9f5ec4c17']","[PREMIUM]","[PREMIUM]"
"69c35c835bb7e809cb83e58a","2026-03-26 00:45:48.560","2026-04-08 00:09:14.781","69c35c835bb7e809cb83e58a","Brad Upton","comedy","2026-06-19 19:00:00","2026-06-20 02:00:00","2026-06-20 02:00:00",false,false,false,"[PREMIUM]","[PREMIUM]","[PREMIUM]","[PREMIUM]","[PREMIUM]","[PREMIUM]",false,true,"62a26cbf659ddf0001a208d3","['663d32717b629ef9f5ec4c17']","[PREMIUM]","[PREMIUM]"
"69c35bee9f0de473d66d3ae3","2026-03-26 00:45:48.560","2026-04-08 00:09:07.259","69c35bee9f0de473d66d3ae3","Matt Maeson","music","2026-06-18 20:00:00","2026-06-19 01:00:00","2026-06-19 02:30:00",false,false,false,"[PREMIUM]","[PREMIUM]","[PREMIUM]","[PREMIUM]","[PREMIUM]","[PREMIUM]",false,true,"689d04e6323953f5df6ee6fd","['5ce2e273a920a4001664306a']","[PREMIUM]","[PREMIUM]"
"69c35bee197a1e3e5d12ab96","2026-03-26 00:45:48.560","2026-04-08 00:09:07.259","69c35bee197a1e3e5d12ab96","Fruit Bats","music","2026-06-18 19:00:00","2026-06-18 23:00:00","2026-06-19 00:30:00",false,false,false,"[PREMIUM]","[PREMIUM]","[PREMIUM]","[PREMIUM]","[PREMIUM]","[PREMIUM]",false,true,"5a2057e5eab5c4000efd5dd6","['5cf80e01352427001694e17d']","[PREMIUM]","[PREMIUM]"
"69c35b13993d6c319e4b2b42","2026-03-26 00:45:48.560","2026-04-08 00:09:14.781","69c35b13993d6c319e4b2b42","Dark Star Orchestra","music","2026-06-19 19:00:00","2026-06-19 23:00:00","2026-06-20 00:00:00",false,false,false,"[PREMIUM]","[PREMIUM]","[PREMIUM]","[PREMIUM]","[PREMIUM]","[PREMIUM]",false,true,"65c566afee49175a38d70cb0","['57e1c2edf80c41330431f2f3']","[PREMIUM]","[PREMIUM]"
"69c35972688133826f29c45d","2026-03-26 00:45:48.560","2026-04-08 00:09:07.259","69c35972688133826f29c45d","Our Lady Peace","music","2026-06-18 19:30:00","2026-06-19 02:30:00","2026-06-19 03:30:00",false,false,false,"[PREMIUM]","[PREMIUM]","[PREMIUM]","[PREMIUM]","[PREMIUM]","[PREMIUM]",false,false,"569fdf92f80c4107cf000002","['5982692525f2c51a1ac02f2d']","[PREMIUM]","[PREMIUM]"
"69c357f91e8f775e821c75d9","2026-03-26 00:45:48.560","2026-04-08 00:09:07.259","69c357f91e8f775e821c75d9","Todd Rundgren","music","2026-06-19 00:00:00","2026-06-19 05:00:00","2026-06-19 06:00:00",false,true,false,"[PREMIUM]","[PREMIUM]","[PREMIUM]","[PREMIUM]","[PREMIUM]","[PREMIUM]",false,false,"61aeb02b1cc40700010eb2cd","['59dd13e725f2c52a47c78c08']","[PREMIUM]","[PREMIUM]"
"69c357dd427ff8ffb7397afd","2026-03-26 00:45:48.560","2026-04-08 00:09:14.781","69c357dd427ff8ffb7397afd","Matt Maeson","music","2026-06-19 20:00:00","2026-06-20 01:00:00","2026-06-20 02:30:00",false,false,false,"[PREMIUM]","[PREMIUM]","[PREMIUM]","[PREMIUM]","[PREMIUM]","[PREMIUM]",false,false,"5bc64bc2be77be0017f365c6","['5ce2e273a920a4001664306a']","[PREMIUM]","[PREMIUM]"
"69c2f28a8255d5d56f23407b","2026-03-26 00:45:48.560","2026-04-08 00:09:07.259","69c2f28a8255d5d56f23407b","Dark Star Orchestra","music","2026-06-18 19:30:00","2026-06-18 23:30:00","2026-06-19 00:30:00",false,false,false,"[PREMIUM]","[PREMIUM]","[PREMIUM]","[PREMIUM]","[PREMIUM]","[PREMIUM]",false,false,"61ba885c4f9a050001b6a653","['57e1c2edf80c41330431f2f3']","[PREMIUM]","[PREMIUM]"
"69c1beb1bb807ebe2156ba42","2026-03-26 00:45:48.560","2026-04-08 00:09:07.259","69c1beb1bb807ebe2156ba42","Pepper and The Movement","music","2026-06-18 19:15:00","2026-06-18 23:15:00","2026-06-19 00:45:00",false,false,false,"[PREMIUM]","[PREMIUM]","[PREMIUM]","[PREMIUM]","[PREMIUM]","[PREMIUM]",false,false,"57d34cca50575d33c85b4cf4","['5c925b50824c69001898b9d4']","[PREMIUM]","[PREMIUM]"
"69b2b332ab480ef435f2d754","2026-03-26 00:45:48.560","2026-04-08 00:09:14.781","69b2b332ab480ef435f2d754","Jamie Allans Amaze","theater","2026-06-19 20:00:00","2026-06-20 00:00:00","2026-06-20 00:00:00",false,false,false,"[PREMIUM]","[PREMIUM]","[PREMIUM]","[PREMIUM]","[PREMIUM]","[PREMIUM]",false,true,"5a74ba8ebf2ea1000ff1a72e","['69c3f13fdfb17ce91fac9693']","[PREMIUM]","[PREMIUM]"
"69a77bc50bc3177535dac03c","2026-03-26 00:45:48.560","2026-04-08 00:09:07.259","69a77bc50bc3177535dac03c","Chess","theater","2026-06-18 19:00:00","2026-06-18 23:00:00","2026-06-18 23:00:00",false,false,false,"[PREMIUM]","[PREMIUM]","[PREMIUM]","[PREMIUM]","[PREMIUM]","[PREMIUM]",false,false,"5ac6890d12b2b00014732f71","['69c2e222ec5fd961a5359715']","[PREMIUM]","[PREMIUM]"
"698ab6b1c9ab7d8349f6aeae","2026-03-26 00:45:33.507","2026-04-08 00:09:07.259","698ab6b1c9ab7d8349f6aeae","TBD at Colorado Avalanche (Stanley Cup Finals - Home Game 3) (Date TBD) (If Necessary)","nhl","2026-06-17 00:00:00","2026-06-17 06:00:00","2026-06-17 06:45:00",true,true,true,"[PREMIUM]","[PREMIUM]","[PREMIUM]","[PREMIUM]","[PREMIUM]","[PREMIUM]",false,false,"54518a533bf3761a02000001","['54518a783bf3761a0200000b','5a99e2126311820014498a01']","[PREMIUM]","[PREMIUM]"
"69c461634372ca7735ad6edf","2026-03-26 00:45:33.507","2026-04-08 00:09:07.259","69c461634372ca7735ad6edf","Joshua Slone","music","2026-06-18 18:30:00","2026-06-18 22:30:00","2026-06-18 22:30:00",false,false,false,"[PREMIUM]","[PREMIUM]","[PREMIUM]","[PREMIUM]","[PREMIUM]","[PREMIUM]",false,false,"57e032d350575d33c89417bf","['69811f132c9adb7c2f98c58e']","[PREMIUM]","[PREMIUM]"
"69c46153e980968c8e5e1535","2026-03-26 00:45:33.507","2026-04-08 00:09:07.259","69c46153e980968c8e5e1535","Joshua Slone","music","2026-06-17 18:30:00","2026-06-17 22:30:00","2026-06-17 22:30:00",false,false,false,"[PREMIUM]","[PREMIUM]","[PREMIUM]","[PREMIUM]","[PREMIUM]","[PREMIUM]",false,false,"57a4dbe2f80c41746dca2312","['69811f132c9adb7c2f98c58e']","[PREMIUM]","[PREMIUM]"
"69c460fb07a5f1a6afa5d2ca","2026-03-26 00:45:33.507","2026-04-08 00:08:59.918","69c460fb07a5f1a6afa5d2ca","Joshua Slone","music","2026-06-15 19:30:00","2026-06-15 23:30:00","2026-06-15 23:30:00",false,false,false,"[PREMIUM]","[PREMIUM]","[PREMIUM]","[PREMIUM]","[PREMIUM]","[PREMIUM]",false,false,"57e1769b50575d33c89bacdb","['69811f132c9adb7c2f98c58e']","[PREMIUM]","[PREMIUM]"
"69c447368d50921314508344","2026-03-26 00:45:33.507","2026-04-08 00:09:07.259","69c447368d50921314508344","Big KRIT","music","2026-06-17 20:00:00","2026-06-18 00:00:00","2026-06-18 01:00:00",false,false,false,"[PREMIUM]","[PREMIUM]","[PREMIUM]","[PREMIUM]","[PREMIUM]","[PREMIUM]",false,false,"598b505a9da0d48c0da9419f","['5a45698725f2c505c792db34']","[PREMIUM]","[PREMIUM]"
"69c35f5faed4008d3642340a","2026-03-26 00:45:33.507","2026-04-08 00:09:07.259","69c35f5faed4008d3642340a","Todd Rundgren (21+ Event)","music","2026-06-17 19:00:00","2026-06-18 00:00:00","2026-06-18 01:00:00",false,false,false,"[PREMIUM]","[PREMIUM]","[PREMIUM]","[PREMIUM]","[PREMIUM]","[PREMIUM]",false,false,"57c61b85f80c4132e419902e","['59dd13e725f2c52a47c78c08']","[PREMIUM]","[PREMIUM]"
"69c35d4d9f0de473d66d3bc0","2026-03-26 00:45:33.507","2026-04-08 00:08:59.918","69c35d4d9f0de473d66d3bc0","Matt Maeson","music","2026-06-15 20:00:00","2026-06-16 01:00:00","2026-06-16 02:30:00",false,false,false,"[PREMIUM]","[PREMIUM]","[PREMIUM]","[PREMIUM]","[PREMIUM]","[PREMIUM]",false,false,"57d325c550575d33c85ae9b4","['5ce2e273a920a4001664306a']","[PREMIUM]","[PREMIUM]"
"69c35b7317105c3bca13e7ed","2026-03-26 00:45:33.507","2026-04-08 00:08:59.918","69c35b7317105c3bca13e7ed","Our Lady Peace","music","2026-06-16 19:00:00","2026-06-17 02:00:00","2026-06-17 03:00:00",false,false,false,"[PREMIUM]","[PREMIUM]","[PREMIUM]","[PREMIUM]","[PREMIUM]","[PREMIUM]",false,false,"57d9ebde50575d33c87a6d45","['5982692525f2c51a1ac02f2d']","[PREMIUM]","[PREMIUM]"
"69c358a9197a1e3e5d12aa67","2026-03-26 00:45:33.507","2026-04-08 00:09:07.259","69c358a9197a1e3e5d12aa67","Upon a Burning Body","music","2026-06-17 18:00:00","2026-06-17 22:00:00","2026-06-17 23:30:00",false,false,false,"[PREMIUM]","[PREMIUM]","[PREMIUM]","[PREMIUM]","[PREMIUM]","[PREMIUM]",false,true,"647670465c0a77000101af5c","['5b5f59dfed06f100145fab35']","[PREMIUM]","[PREMIUM]"
"69c35854e444063ae6c46a4f","2026-03-26 00:45:33.507","2026-04-08 00:08:59.918","69c35854e444063ae6c46a4f","Todd Rundgren","music","2026-06-16 19:00:00","2026-06-17 00:00:00","2026-06-17 01:00:00",false,false,false,"[PREMIUM]","[PREMIUM]","[PREMIUM]","[PREMIUM]","[PREMIUM]","[PREMIUM]",false,false,"59b8498b82294f00016dbc0c","['59dd13e725f2c52a47c78c08']","[PREMIUM]","[PREMIUM]"
"69c357dc1e8f775e821c75c3","2026-03-26 00:45:33.507","2026-04-08 00:08:59.918","69c357dc1e8f775e821c75c3","The Aquabats","music","2026-06-16 19:00:00","2026-06-17 00:00:00","2026-06-17 01:00:00",false,false,false,"[PREMIUM]","[PREMIUM]","[PREMIUM]","[PREMIUM]","[PREMIUM]","[PREMIUM]",false,true,"57eaab67cde6626ebe3842d8","['5991cd9325f2c51309e700e8']","[PREMIUM]","[PREMIUM]"
"69c305de1b98c932f1e216ee","2026-03-26 00:45:33.507","2026-04-08 00:09:07.259","69c305de1b98c932f1e216ee","2026 NCAA Baseball College World Series - Game 12","cbs","2026-06-17 15:00:00","2026-06-17 20:00:00","2026-06-17 21:30:00",false,true,false,"[PREMIUM]","[PREMIUM]","[PREMIUM]","[PREMIUM]","[PREMIUM]","[PREMIUM]",true,false,"5ab9332d5d09cc0013382129","['5ab934b85d09cc001338212a']","[PREMIUM]","[PREMIUM]"
"69c3057652932106a511f7a1","2026-03-26 00:45:33.507","2026-04-08 00:08:59.918","69c3057652932106a511f7a1","2026 NCAA Baseball College World Series - Game 10","cbs","2026-06-16 15:00:00","2026-06-16 20:00:00","2026-06-16 21:30:00",false,true,false,"[PREMIUM]","[PREMIUM]","[PREMIUM]","[PREMIUM]","[PREMIUM]","[PREMIUM]",false,false,"5ab9332d5d09cc0013382129","['5ab934b85d09cc001338212a']","[PREMIUM]","[PREMIUM]"
"69c2f47a6fc61615311e0cd1","2026-03-26 00:45:33.507","2026-04-08 00:09:07.259","69c2f47a6fc61615311e0cd1","Elijah Scott","music","2026-06-17 20:00:00","2026-06-18 03:00:00","2026-06-18 03:00:00",false,false,false,"[PREMIUM]","[PREMIUM]","[PREMIUM]","[PREMIUM]","[PREMIUM]","[PREMIUM]",false,true,"647a729d47aaff0001ff41a5","['69333760b411e556be759947']","[PREMIUM]","[PREMIUM]"
"69c2f435f02ed1b74d4c5863","2026-03-26 00:45:33.507","2026-04-08 00:09:07.259","69c2f435f02ed1b74d4c5863","Fruit Bats","music","2026-06-17 20:00:00","2026-06-18 01:00:00","2026-06-18 02:30:00",false,false,false,"[PREMIUM]","[PREMIUM]","[PREMIUM]","[PREMIUM]","[PREMIUM]","[PREMIUM]",false,true,"63eec7dbb2668e00014274c7","['5cf80e01352427001694e17d']","[PREMIUM]","[PREMIUM]"
"69c2f23941c196f7596589fc","2026-03-26 00:45:33.507","2026-04-08 00:08:59.918","69c2f23941c196f7596589fc","Dark Star Orchestra","music","2026-06-16 00:00:00","2026-06-16 04:00:00","2026-06-16 05:00:00",false,true,false,"[PREMIUM]","[PREMIUM]","[PREMIUM]","[PREMIUM]","[PREMIUM]","[PREMIUM]",false,true,"689a5abbd419f0b3d557e457","['57e1c2edf80c41330431f2f3']","[PREMIUM]","[PREMIUM]"
"69bb0f26a418fcead4ab33bb","2026-03-26 00:45:33.507","2026-04-08 00:09:07.259","69bb0f26a418fcead4ab33bb","TBD at Winnipeg Jets (Stanley Cup Finals - Home Game 3) (Date TBD) (If Necessary)","nhl","2026-06-17 00:00:00","2026-06-17 05:00:00","2026-06-17 05:45:00",true,true,true,"[PREMIUM]","[PREMIUM]","[PREMIUM]","[PREMIUM]","[PREMIUM]","[PREMIUM]",false,false,"545d4ace3bf3762bdb000001","['545d4af43bf3762bdb00000c','5a99e2126311820014498a01']","[PREMIUM]","[PREMIUM]"
"69b2b332f1d92bbb05540b92","2026-03-26 00:45:33.507","2026-04-08 00:09:07.259","69b2b332f1d92bbb05540b92","Jamie Allan's Amaze","theater","2026-06-17 19:00:00","2026-06-17 23:00:00","2026-06-17 23:00:00",false,false,false,"[PREMIUM]","[PREMIUM]","[PREMIUM]","[PREMIUM]","[PREMIUM]","[PREMIUM]",false,true,"69c3fc95993d6c319e4b6760","['69c3f13fdfb17ce91fac9693']","[PREMIUM]","[PREMIUM]"
"69b2b319df97f5f26b7aa3b9","2026-03-26 00:45:33.507","2026-04-08 00:08:59.918","69b2b319df97f5f26b7aa3b9","Jamie Allan's Amaze","theater","2026-06-15 19:00:00","2026-06-15 23:00:00","2026-06-15 23:00:00",false,false,false,"[PREMIUM]","[PREMIUM]","[PREMIUM]","[PREMIUM]","[PREMIUM]","[PREMIUM]",false,true,"69c3fc95993d6c319e4b6760","['69c3f13fdfb17ce91fac9693']","[PREMIUM]","[PREMIUM]"
"69a77d2c78a7ba1e246e527c","2026-03-26 00:45:33.507","2026-04-08 00:08:59.918","69a77d2c78a7ba1e246e527c","The Tenors","music","2026-06-16 20:00:00","2026-06-17 00:00:00","2026-06-17 00:00:00",false,false,false,"[PREMIUM]","[PREMIUM]","[PREMIUM]","[PREMIUM]","[PREMIUM]","[PREMIUM]",false,false,"68373722275dc6cce414bb40","['6837463880904dab1913d074']","[PREMIUM]","[PREMIUM]"
"69a77bc7641405f803987c30","2026-03-26 00:45:33.507","2026-04-08 00:08:59.918","69a77bc7641405f803987c30","Chess","theater","2026-06-16 19:00:00","2026-06-16 23:00:00","2026-06-16 23:00:00",false,false,false,"[PREMIUM]","[PREMIUM]","[PREMIUM]","[PREMIUM]","[PREMIUM]","[PREMIUM]",false,false,"5ac6890d12b2b00014732f71","['69c2e222ec5fd961a5359715']","[PREMIUM]","[PREMIUM]"
"69a77bc619928e4e850564b2","2026-03-26 00:45:33.507","2026-04-08 00:09:07.259","69a77bc619928e4e850564b2","Chess","theater","2026-06-17 14:00:00","2026-06-17 18:00:00","2026-06-17 18:00:00",false,false,false,"[PREMIUM]","[PREMIUM]","[PREMIUM]","[PREMIUM]","[PREMIUM]","[PREMIUM]",false,false,"5ac6890d12b2b00014732f71","['69c2e222ec5fd961a5359715']","[PREMIUM]","[PREMIUM]"
"69a77bc5f22181d362653d85","2026-03-26 00:45:33.507","2026-04-08 00:09:07.259","69a77bc5f22181d362653d85","Chess","theater","2026-06-17 19:30:00","2026-06-17 23:30:00","2026-06-17 23:30:00",false,false,false,"[PREMIUM]","[PREMIUM]","[PREMIUM]","[PREMIUM]","[PREMIUM]","[PREMIUM]",false,false,"5ac6890d12b2b00014732f71","['69c2e222ec5fd961a5359715']","[PREMIUM]","[PREMIUM]"
"699e617dc0897df3481f1f3d","2026-03-26 00:45:33.507","2026-04-08 00:08:59.918","699e617dc0897df3481f1f3d","Between the Buried and Me","music","2026-06-16 19:00:00","2026-06-16 23:00:00","2026-06-17 00:30:00",false,false,false,"[PREMIUM]","[PREMIUM]","[PREMIUM]","[PREMIUM]","[PREMIUM]","[PREMIUM]",false,false,"67901cd4e2ddc1728f379677","['5b0ecfb29c85b10014fda65b']","[PREMIUM]","[PREMIUM]"
"6971548ddf642ca8f1813036","2026-03-26 00:45:16.838","2026-04-08 00:08:51.625","6971548ddf642ca8f1813036","Chess - The Musical","theater","2026-06-13 19:30:00","2026-06-13 23:30:00","2026-06-13 23:30:00",false,false,false,"[PREMIUM]","[PREMIUM]","[PREMIUM]","[PREMIUM]","[PREMIUM]","[PREMIUM]",false,false,"5ac6890d12b2b00014732f71","['69c2e222ec5fd961a5359715']","[PREMIUM]","[PREMIUM]"
"69c4492074186025c0fc8ddc","2026-03-26 00:45:16.838","2026-04-08 00:08:59.918","69c4492074186025c0fc8ddc","Fruit Bats","music","2026-06-14 20:00:00","2026-06-15 01:00:00","2026-06-15 02:30:00",false,false,false,"[PREMIUM]","[PREMIUM]","[PREMIUM]","[PREMIUM]","[PREMIUM]","[PREMIUM]",false,true,"5a29b3bae93a79000ece981c","['5cf80e01352427001694e17d']","[PREMIUM]","[PREMIUM]"
"69c448c52e3da9f9400f04f0","2026-03-26 00:45:16.838","2026-04-08 00:08:51.625","69c448c52e3da9f9400f04f0","Ty Myers","music","2026-06-13 18:30:00","2026-06-13 22:30:00","2026-06-13 22:30:00",false,false,false,"[PREMIUM]","[PREMIUM]","[PREMIUM]","[PREMIUM]","[PREMIUM]","[PREMIUM]",false,false,"5af9f51a6422c50012b5630e","['66b28641ce51b375a4e67f7a']","[PREMIUM]","[PREMIUM]"
"69c35cb55bb7e809cb83e5aa","2026-03-26 00:45:16.838","2026-04-08 00:08:59.918","69c35cb55bb7e809cb83e5aa","Todd Rundgren","music","2026-06-14 19:30:00","2026-06-15 00:30:00","2026-06-15 01:30:00",false,false,false,"[PREMIUM]","[PREMIUM]","[PREMIUM]","[PREMIUM]","[PREMIUM]","[PREMIUM]",false,true,"661ef90010ce96b2ea715d6b","['59dd13e725f2c52a47c78c08']","[PREMIUM]","[PREMIUM]"
"69c35c9c688133826f29c598","2026-03-26 00:45:16.838","2026-04-08 00:08:51.625","69c35c9c688133826f29c598","Patti LaBelle","music","2026-06-13 20:00:00","2026-06-14 03:00:00","2026-06-14 04:30:00",false,false,false,"[PREMIUM]","[PREMIUM]","[PREMIUM]","[PREMIUM]","[PREMIUM]","[PREMIUM]",false,false,"63d316c91b353800015e9b96","['5d8290abdb31f2003a655090']","[PREMIUM]","[PREMIUM]"
"69c359729f0de473d66d3a10","2026-03-26 00:45:16.838","2026-04-08 00:08:51.625","69c359729f0de473d66d3a10","Chris Tucker","comedy","2026-06-13 20:00:00","2026-06-14 03:00:00","2026-06-14 04:00:00",false,false,false,"[PREMIUM]","[PREMIUM]","[PREMIUM]","[PREMIUM]","[PREMIUM]","[PREMIUM]",false,false,"60e5dfc02e31c8000133bdca","['586c8fdff80c417bcb64600f']","[PREMIUM]","[PREMIUM]"
"69c3588bdfb17ce91fac63b3","2026-03-26 00:45:16.838","2026-04-08 00:08:51.625","69c3588bdfb17ce91fac63b3","Travis Tritt","music","2026-06-13 19:00:00","2026-06-14 00:00:00","2026-06-14 01:30:00",false,false,false,"[PREMIUM]","[PREMIUM]","[PREMIUM]","[PREMIUM]","[PREMIUM]","[PREMIUM]",false,true,"5bc7544701fcaa001a51500a","['5c2e67f39c87640017b9ccfc']","[PREMIUM]","[PREMIUM]"
"69c358888d248bedaaa0f71f","2026-03-26 00:45:16.838","2026-04-08 00:08:51.625","69c358888d248bedaaa0f71f","Flamingosis","music","2026-06-13 20:00:00","2026-06-14 02:00:00","2026-06-14 03:00:00",false,false,false,"[PREMIUM]","[PREMIUM]","[PREMIUM]","[PREMIUM]","[PREMIUM]","[PREMIUM]",false,true,"634da2c4124d8800018b00a1","['5a452d6325f2c51bd78bc7dd']","[PREMIUM]","[PREMIUM]"
"69c3588851a32c89cc7826f9","2026-03-26 00:45:16.838","2026-04-08 00:08:51.625","69c3588851a32c89cc7826f9","Fruit Bats","music","2026-06-13 19:00:00","2026-06-14 01:00:00","2026-06-14 02:30:00",false,false,false,"[PREMIUM]","[PREMIUM]","[PREMIUM]","[PREMIUM]","[PREMIUM]","[PREMIUM]",false,true,"67e312393a4e9926b0eb4b27","['5cf80e01352427001694e17d']","[PREMIUM]","[PREMIUM]"
"69c3583aa8006a7af879319f","2026-03-26 00:45:16.838","2026-04-08 00:08:51.625","69c3583aa8006a7af879319f","Matt Maeson","music","2026-06-13 20:00:00","2026-06-14 01:00:00","2026-06-14 02:30:00",false,false,false,"[PREMIUM]","[PREMIUM]","[PREMIUM]","[PREMIUM]","[PREMIUM]","[PREMIUM]",false,true,"61e9f633b0dbc100010f0932","['5ce2e273a920a4001664306a']","[PREMIUM]","[PREMIUM]"
"69c3582bdfb17ce91fac6374","2026-03-26 00:45:16.838","2026-04-08 00:08:59.918","69c3582bdfb17ce91fac6374","Eddie 9V","music","2026-06-14 19:30:00","2026-06-14 23:30:00","2026-06-14 23:30:00",false,false,false,"[PREMIUM]","[PREMIUM]","[PREMIUM]","[PREMIUM]","[PREMIUM]","[PREMIUM]",false,false,"59f11707391ed0000e5c1825","['6580c2f0b22316ee1df0df0e']","[PREMIUM]","[PREMIUM]"
"69c3051d4ebef61f60813b32","2026-03-26 00:45:16.838","2026-04-08 00:08:59.918","69c3051d4ebef61f60813b32","2026 NCAA Baseball College World Series - Game 8","cbs","2026-06-15 15:00:00","2026-06-15 20:00:00","2026-06-15 21:30:00",false,true,false,"[PREMIUM]","[PREMIUM]","[PREMIUM]","[PREMIUM]","[PREMIUM]","[PREMIUM]",false,false,"5ab9332d5d09cc0013382129","['5ab934b85d09cc001338212a']","[PREMIUM]","[PREMIUM]"
"69c3047a846f3580eff04e6a","2026-03-26 00:45:16.838","2026-04-08 00:08:59.918","69c3047a846f3580eff04e6a","2026 NCAA Baseball College World Series - Game 6","cbs","2026-06-14 15:00:00","2026-06-14 20:00:00","2026-06-14 21:30:00",false,true,false,"[PREMIUM]","[PREMIUM]","[PREMIUM]","[PREMIUM]","[PREMIUM]","[PREMIUM]",false,false,"5ab9332d5d09cc0013382129","['5ab934b85d09cc001338212a']","[PREMIUM]","[PREMIUM]"
"69c2fab39381f3869e4eb20b","2026-03-26 00:45:16.838","2026-04-08 00:08:59.918","69c2fab39381f3869e4eb20b","Bob Dylan","music","2026-06-14 18:30:00","2026-06-15 01:30:00","2026-06-15 02:30:00",false,false,false,"[PREMIUM]","[PREMIUM]","[PREMIUM]","[PREMIUM]","[PREMIUM]","[PREMIUM]",true,false,"56e73f96f80c4150b1000001","['56e73f99f80c4150b1000003']","[PREMIUM]","[PREMIUM]"
"69c2faa1adca059d14fe773c","2026-03-26 00:45:16.838","2026-04-08 00:08:51.625","69c2faa1adca059d14fe773c","Bob Dylan","music","2026-06-13 19:00:00","2026-06-14 02:00:00","2026-06-14 03:00:00",false,false,false,"[PREMIUM]","[PREMIUM]","[PREMIUM]","[PREMIUM]","[PREMIUM]","[PREMIUM]",true,false,"56e73f96f80c4150b1000001","['56e73f99f80c4150b1000003']","[PREMIUM]","[PREMIUM]"
"69c2f8ea3f94c0779901938b","2026-03-26 00:45:16.838","2026-04-08 00:08:51.625","69c2f8ea3f94c0779901938b","Julia Cole","music","2026-06-13 19:30:00","2026-06-13 23:30:00","2026-06-13 23:30:00",false,false,false,"[PREMIUM]","[PREMIUM]","[PREMIUM]","[PREMIUM]","[PREMIUM]","[PREMIUM]",false,true,"5a2057e5eab5c4000efd5dd6","['66d2563f58a0f682b1031f7c']","[PREMIUM]","[PREMIUM]"
"69c2f2deed7af0d4c0e156f0","2026-03-26 00:45:16.838","2026-04-08 00:08:59.918","69c2f2deed7af0d4c0e156f0","Cooper Alan","music","2026-06-14 19:00:00","2026-06-14 23:00:00","2026-06-15 00:30:00",false,false,false,"[PREMIUM]","[PREMIUM]","[PREMIUM]","[PREMIUM]","[PREMIUM]","[PREMIUM]",false,true,"662028dd9c9819280e8278ce","['61e9e3636f9fa70001b0ea0b']","[PREMIUM]","[PREMIUM]"
"69c2f239935a6acbcb78d161","2026-03-26 00:45:16.838","2026-04-08 00:08:59.918","69c2f239935a6acbcb78d161","Dark Star Orchestra","music","2026-06-15 00:00:00","2026-06-15 04:00:00","2026-06-15 05:00:00",false,true,false,"[PREMIUM]","[PREMIUM]","[PREMIUM]","[PREMIUM]","[PREMIUM]","[PREMIUM]",false,true,"689a5abbd419f0b3d557e457","['57e1c2edf80c41330431f2f3']","[PREMIUM]","[PREMIUM]"
"69c2f2393f94c07799018e4c","2026-03-26 00:45:16.838","2026-04-08 00:08:51.625","69c2f2393f94c07799018e4c","Coheed and Cambria","music","2026-06-13 19:30:00","2026-06-13 23:30:00","2026-06-14 00:30:00",false,false,false,"[PREMIUM]","[PREMIUM]","[PREMIUM]","[PREMIUM]","[PREMIUM]","[PREMIUM]",false,false,"62bf39f8b6b97400011f8aaf","['588a4c2bf80c412d43c756a6']","[PREMIUM]","[PREMIUM]"
"69c2f1d5cbb9b8903f374d11","2026-03-26 00:45:16.838","2026-04-08 00:08:51.625","69c2f1d5cbb9b8903f374d11","Elijah Scott","music","2026-06-13 19:00:00","2026-06-14 02:00:00","2026-06-14 02:00:00",false,false,false,"[PREMIUM]","[PREMIUM]","[PREMIUM]","[PREMIUM]","[PREMIUM]","[PREMIUM]",false,true,"62a2732a4058e800010aaecf","['69333760b411e556be759947']","[PREMIUM]","[PREMIUM]"
"69c2f164b355d651d43f777c","2026-03-26 00:45:16.838","2026-04-08 00:08:51.625","69c2f164b355d651d43f777c","Little River Band","music","2026-06-13 19:00:00","2026-06-13 23:00:00","2026-06-14 00:30:00",false,false,false,"[PREMIUM]","[PREMIUM]","[PREMIUM]","[PREMIUM]","[PREMIUM]","[PREMIUM]",false,true,"5a3afde9bbdea30012273973","['5d7a8288bb163b0038440fd9']","[PREMIUM]","[PREMIUM]"
"69b2b333a0d830814f81cdb5","2026-03-26 00:45:16.838","2026-04-08 00:08:59.918","69b2b333a0d830814f81cdb5","Jamie Allan's Amaze","theater","2026-06-14 12:00:00","2026-06-14 16:00:00","2026-06-14 16:00:00",false,false,false,"[PREMIUM]","[PREMIUM]","[PREMIUM]","[PREMIUM]","[PREMIUM]","[PREMIUM]",false,true,"69c3fc95993d6c319e4b6760","['69c3f13fdfb17ce91fac9693']","[PREMIUM]","[PREMIUM]"
"69b2b319ab480ef435f2d746","2026-03-26 00:45:16.838","2026-04-08 00:08:51.625","69b2b319ab480ef435f2d746","Jamie Allan's Amaze","theater","2026-06-13 20:00:00","2026-06-14 00:00:00","2026-06-14 00:00:00",false,false,false,"[PREMIUM]","[PREMIUM]","[PREMIUM]","[PREMIUM]","[PREMIUM]","[PREMIUM]",false,true,"69c3fc95993d6c319e4b6760","['69c3f13fdfb17ce91fac9693']","[PREMIUM]","[PREMIUM]"
"69b2b319695932c3fe4fa802","2026-03-26 00:45:16.838","2026-04-08 00:08:59.918","69b2b319695932c3fe4fa802","Jamie Allan's Amaze","theater","2026-06-14 15:00:00","2026-06-14 19:00:00","2026-06-14 19:00:00",false,false,false,"[PREMIUM]","[PREMIUM]","[PREMIUM]","[PREMIUM]","[PREMIUM]","[PREMIUM]",false,true,"69c3fc95993d6c319e4b6760","['69c3f13fdfb17ce91fac9693']","[PREMIUM]","[PREMIUM]"
"69a77d07bb3ec82322bb7b82","2026-03-26 00:45:16.838","2026-04-08 00:08:51.625","69a77d07bb3ec82322bb7b82","The Fab Four","music","2026-06-13 19:00:00","2026-06-13 23:00:00","2026-06-14 00:30:00",false,false,false,"[PREMIUM]","[PREMIUM]","[PREMIUM]","[PREMIUM]","[PREMIUM]","[PREMIUM]",false,true,"69c45204ef3183430df1c271","['5ddc5295f923610038725f0d']","[PREMIUM]","[PREMIUM]"
"6971548f3221066dfc20af84","2026-03-26 00:45:01.906","2026-04-08 00:08:51.625","6971548f3221066dfc20af84","Chess - The Musical","theater","2026-06-13 14:00:00","2026-06-13 18:00:00","2026-06-13 18:00:00",false,false,false,"[PREMIUM]","[PREMIUM]","[PREMIUM]","[PREMIUM]","[PREMIUM]","[PREMIUM]",false,false,"5ac6890d12b2b00014732f71","['69c2e222ec5fd961a5359715']","[PREMIUM]","[PREMIUM]"
"6908f612538ffa108947f254","2026-03-26 00:45:01.906","2026-04-08 00:08:51.625","6908f612538ffa108947f254","Matteo Lane","comedy","2026-06-13 18:00:00","2026-06-13 23:00:00","2026-06-14 00:30:00",false,false,false,"[PREMIUM]","[PREMIUM]","[PREMIUM]","[PREMIUM]","[PREMIUM]","[PREMIUM]",false,true,"69c31b5a8459ea2f4504a6c7","['632c76090ceda50001bec541']","[PREMIUM]","[PREMIUM]"
"6971548196e0b622d94c4b6a","2026-03-26 00:45:01.906","2026-04-08 00:08:39.739","6971548196e0b622d94c4b6a","Chess - The Musical","theater","2026-06-12 19:00:00","2026-06-12 23:00:00","2026-06-12 23:00:00",false,false,false,"[PREMIUM]","[PREMIUM]","[PREMIUM]","[PREMIUM]","[PREMIUM]","[PREMIUM]",false,false,"5ac6890d12b2b00014732f71","['69c2e222ec5fd961a5359715']","[PREMIUM]","[PREMIUM]"
"69c46197e980968c8e5e1558","2026-03-26 00:45:01.906","2026-04-08 00:08:51.625","69c46197e980968c8e5e1558","Joshua Slone","music","2026-06-13 18:00:00","2026-06-13 22:00:00","2026-06-13 22:00:00",false,false,false,"[PREMIUM]","[PREMIUM]","[PREMIUM]","[PREMIUM]","[PREMIUM]","[PREMIUM]",false,false,"57a264b1f80c41466ca5c93d","['69811f132c9adb7c2f98c58e']","[PREMIUM]","[PREMIUM]"
"69c4600f639f735e6cad03e4","2026-03-26 00:45:01.906","2026-04-08 00:08:39.739","69c4600f639f735e6cad03e4","Joshua Slone","music","2026-06-12 19:30:00","2026-06-12 23:30:00","2026-06-12 23:30:00",false,false,false,"[PREMIUM]","[PREMIUM]","[PREMIUM]","[PREMIUM]","[PREMIUM]","[PREMIUM]",false,false,"57d34cca50575d33c85b4cf4","['69811f132c9adb7c2f98c58e']","[PREMIUM]","[PREMIUM]"
"69c44973fd11da6ac5da068f","2026-03-26 00:45:01.906","2026-04-08 00:08:39.739","69c44973fd11da6ac5da068f","Ty Myers","music","2026-06-12 19:30:00","2026-06-12 23:30:00","2026-06-12 23:30:00",false,false,false,"[PREMIUM]","[PREMIUM]","[PREMIUM]","[PREMIUM]","[PREMIUM]","[PREMIUM]",false,false,"6372bb6bbd36010001a0ef5b","['66b28641ce51b375a4e67f7a']","[PREMIUM]","[PREMIUM]"
"69c40a503be7a6f31d946a53","2026-03-26 00:45:01.906","2026-04-08 00:08:51.625","69c40a503be7a6f31d946a53","Matt Maeson","music","2026-06-12 20:00:00","2026-06-13 01:00:00","2026-06-13 02:30:00",false,false,false,"[PREMIUM]","[PREMIUM]","[PREMIUM]","[PREMIUM]","[PREMIUM]","[PREMIUM]",false,false,"59f2394cfbdab6000e265a3d","['5ce2e273a920a4001664306a']","[PREMIUM]","[PREMIUM]"
"69c3ef840690bd5f3040ad59","2026-03-26 00:45:01.906","2026-04-08 00:08:51.625","69c3ef840690bd5f3040ad59","The Disco Biscuits","music","2026-06-13 18:30:00","2026-06-13 22:30:00","2026-06-14 00:00:00",false,false,false,"[PREMIUM]","[PREMIUM]","[PREMIUM]","[PREMIUM]","[PREMIUM]","[PREMIUM]",false,true,"67e31242c10acc36e20e0634","['5df7ddf7ea430d003ad7beb2']","[PREMIUM]","[PREMIUM]"
"69c3ef8405227de8dde11e95","2026-03-26 00:45:01.906","2026-04-08 00:08:39.739","69c3ef8405227de8dde11e95","The Disco Biscuits","music","2026-06-12 18:30:00","2026-06-12 22:30:00","2026-06-13 00:00:00",false,false,false,"[PREMIUM]","[PREMIUM]","[PREMIUM]","[PREMIUM]","[PREMIUM]","[PREMIUM]",false,true,"67e31242c10acc36e20e0634","['5df7ddf7ea430d003ad7beb2']","[PREMIUM]","[PREMIUM]"
"69c35c5c17105c3bca13e888","2026-03-26 00:45:01.906","2026-04-08 00:08:51.625","69c35c5c17105c3bca13e888","Todd Rundgren","music","2026-06-12 20:00:00","2026-06-13 01:00:00","2026-06-13 02:00:00",false,false,false,"[PREMIUM]","[PREMIUM]","[PREMIUM]","[PREMIUM]","[PREMIUM]","[PREMIUM]",false,true,"6584b62143c304c38e35d67e","['59dd13e725f2c52a47c78c08']","[PREMIUM]","[PREMIUM]"
"69c35972fab45d197c3a3a3d","2026-03-26 00:45:01.906","2026-04-08 00:08:51.625","69c35972fab45d197c3a3a3d","Chris Tucker (12+ Event)","comedy","2026-06-12 20:00:00","2026-06-13 03:00:00","2026-06-13 04:00:00",false,false,false,"[PREMIUM]","[PREMIUM]","[PREMIUM]","[PREMIUM]","[PREMIUM]","[PREMIUM]",false,false,"60e5dfc02e31c8000133bdca","['586c8fdff80c417bcb64600f']","[PREMIUM]","[PREMIUM]"
"69c304370c445ceb7d500fce","2026-03-26 00:45:01.906","2026-04-08 00:08:51.625","69c304370c445ceb7d500fce","2026 NCAA Baseball College World Series - Game 4","cbs","2026-06-13 15:00:00","2026-06-13 20:00:00","2026-06-13 21:30:00",false,true,false,"[PREMIUM]","[PREMIUM]","[PREMIUM]","[PREMIUM]","[PREMIUM]","[PREMIUM]",false,false,"5ab9332d5d09cc0013382129","['5ab934b85d09cc001338212a']","[PREMIUM]","[PREMIUM]"
"69c303ca5f61e34dcbf7c687","2026-03-26 00:45:01.906","2026-04-08 00:08:39.739","69c303ca5f61e34dcbf7c687","2026 NCAA Baseball College World Series - Game 2","cbs","2026-06-12 15:00:00","2026-06-12 20:00:00","2026-06-12 21:30:00",false,true,false,"[PREMIUM]","[PREMIUM]","[PREMIUM]","[PREMIUM]","[PREMIUM]","[PREMIUM]",false,false,"5ab9332d5d09cc0013382129","['5ab934b85d09cc001338212a']","[PREMIUM]","[PREMIUM]"
"69c2fa8798213107e4682a1e","2026-03-26 00:45:01.906","2026-04-08 00:08:51.625","69c2fa8798213107e4682a1e","Bob Dylan","music","2026-06-12 20:00:00","2026-06-13 03:00:00","2026-06-13 04:00:00",false,false,false,"[PREMIUM]","[PREMIUM]","[PREMIUM]","[PREMIUM]","[PREMIUM]","[PREMIUM]",false,false,"63eec9d877a1150001c310a4","['56e73f99f80c4150b1000003']","[PREMIUM]","[PREMIUM]"
"69c2f68ecbc4ea1f8f29d8d7","2026-03-26 00:45:01.906","2026-04-08 00:08:39.739","69c2f68ecbc4ea1f8f29d8d7","The Disco Biscuits","music","2026-06-11 20:00:00","2026-06-12 00:00:00","2026-06-12 01:30:00",false,false,false,"[PREMIUM]","[PREMIUM]","[PREMIUM]","[PREMIUM]","[PREMIUM]","[PREMIUM]",false,false,"5c7556d9dcbeb70015eef27c","['5df7ddf7ea430d003ad7beb2']","[PREMIUM]","[PREMIUM]"
"69c2f4388255d5d56f23414a","2026-03-26 00:45:01.906","2026-04-08 00:08:51.625","69c2f4388255d5d56f23414a","WWE Friday Night SmackDown","wres","2026-06-12 23:59:00","2026-06-13 03:59:00","2026-06-13 04:59:00",false,false,false,"[PREMIUM]","[PREMIUM]","[PREMIUM]","[PREMIUM]","[PREMIUM]","[PREMIUM]",false,false,"597b6fe19da0d48c0d9396cc","['5976850725f2c53195de77f2']","[PREMIUM]","[PREMIUM]"
"69c2f0f322630b3ae50d3be0","2026-03-26 00:45:01.906","2026-04-08 00:08:39.739","69c2f0f322630b3ae50d3be0","Fruit Bats","music","2026-06-11 20:00:00","2026-06-12 03:00:00","2026-06-12 04:30:00",false,false,false,"[PREMIUM]","[PREMIUM]","[PREMIUM]","[PREMIUM]","[PREMIUM]","[PREMIUM]",false,true,"5e4ea839490b29003a8e51fd","['5cf80e01352427001694e17d']","[PREMIUM]","[PREMIUM]"
"69b2b334fb66a0a86fe8ee25","2026-03-26 00:45:01.906","2026-04-08 00:08:39.739","69b2b334fb66a0a86fe8ee25","Jamie Allan's Amaze","theater","2026-06-12 19:00:00","2026-06-12 23:00:00","2026-06-12 23:00:00",false,false,false,"[PREMIUM]","[PREMIUM]","[PREMIUM]","[PREMIUM]","[PREMIUM]","[PREMIUM]",false,true,"69c3fc95993d6c319e4b6760","['69c3f13fdfb17ce91fac9693']","[PREMIUM]","[PREMIUM]"
"69b2b333d6a3caec78a7261b","2026-03-26 00:45:01.906","2026-04-08 00:08:51.625","69b2b333d6a3caec78a7261b","Jamie Allan's Amaze","theater","2026-06-13 14:00:00","2026-06-13 18:00:00","2026-06-13 18:00:00",false,false,false,"[PREMIUM]","[PREMIUM]","[PREMIUM]","[PREMIUM]","[PREMIUM]","[PREMIUM]",false,true,"69c3fc95993d6c319e4b6760","['69c3f13fdfb17ce91fac9693']","[PREMIUM]","[PREMIUM]"
"6971548ff87aabcb403849bd","2026-03-26 00:44:43.915","2026-04-08 00:08:32.085","6971548ff87aabcb403849bd","Chess - The Musical","theater","2026-06-10 14:00:00","2026-06-10 18:00:00","2026-06-10 18:00:00",false,false,false,"[PREMIUM]","[PREMIUM]","[PREMIUM]","[PREMIUM]","[PREMIUM]","[PREMIUM]",false,false,"5ac6890d12b2b00014732f71","['69c2e222ec5fd961a5359715']","[PREMIUM]","[PREMIUM]"
"697154905b6ff771d8e2c72d","2026-03-26 00:44:43.915","2026-04-08 00:08:32.085","697154905b6ff771d8e2c72d","Chess - The Musical","theater","2026-06-09 19:00:00","2026-06-09 23:00:00","2026-06-09 23:00:00",false,false,false,"[PREMIUM]","[PREMIUM]","[PREMIUM]","[PREMIUM]","[PREMIUM]","[PREMIUM]",false,false,"5ac6890d12b2b00014732f71","['69c2e222ec5fd961a5359715']","[PREMIUM]","[PREMIUM]"
"6971549197f71f961acf002b","2026-03-26 00:44:43.915","2026-04-08 00:08:39.739","6971549197f71f961acf002b","Chess - The Musical","theater","2026-06-11 19:00:00","2026-06-11 23:00:00","2026-06-11 23:00:00",false,false,false,"[PREMIUM]","[PREMIUM]","[PREMIUM]","[PREMIUM]","[PREMIUM]","[PREMIUM]",false,false,"5ac6890d12b2b00014732f71","['69c2e222ec5fd961a5359715']","[PREMIUM]","[PREMIUM]"
"698ab6b1ab2d5960e8186356","2026-03-26 00:44:43.915","2026-04-08 00:08:32.085","698ab6b1ab2d5960e8186356","TBD at Colorado Avalanche (Stanley Cup Finals - Home Game 2) (Date TBD) (If Necessary)","nhl","2026-06-10 00:00:00","2026-06-10 06:00:00","2026-06-10 06:45:00",true,true,true,"[PREMIUM]","[PREMIUM]","[PREMIUM]","[PREMIUM]","[PREMIUM]","[PREMIUM]",false,false,"54518a533bf3761a02000001","['54518a783bf3761a0200000b','5a99e2126311820014498a01']","[PREMIUM]","[PREMIUM]"
"69c460433658f05b8d8917f6","2026-03-26 00:44:43.915","2026-04-08 00:08:32.085","69c460433658f05b8d8917f6","Joshua Slone","music","2026-06-09 19:30:00","2026-06-09 23:30:00","2026-06-09 23:30:00",false,false,false,"[PREMIUM]","[PREMIUM]","[PREMIUM]","[PREMIUM]","[PREMIUM]","[PREMIUM]",false,false,"598b505a9da0d48c0da9419f","['69811f132c9adb7c2f98c58e']","[PREMIUM]","[PREMIUM]"
"69c45f4dc15b5688cf82fec6","2026-03-26 00:44:43.915","2026-04-08 00:08:39.739","69c45f4dc15b5688cf82fec6","Joshua Slone","music","2026-06-11 19:30:00","2026-06-11 23:30:00","2026-06-11 23:30:00",false,false,false,"[PREMIUM]","[PREMIUM]","[PREMIUM]","[PREMIUM]","[PREMIUM]","[PREMIUM]",false,false,"57c77a75f80c416043724025","['69811f132c9adb7c2f98c58e']","[PREMIUM]","[PREMIUM]"
"69c35c5c3d9d051095060c5a","2026-03-26 00:44:43.915","2026-04-08 00:08:39.739","69c35c5c3d9d051095060c5a","Todd Rundgren","music","2026-06-11 19:30:00","2026-06-12 00:30:00","2026-06-12 01:30:00",false,false,false,"[PREMIUM]","[PREMIUM]","[PREMIUM]","[PREMIUM]","[PREMIUM]","[PREMIUM]",false,true,"65a9986f5395906205453cf6","['59dd13e725f2c52a47c78c08']","[PREMIUM]","[PREMIUM]"
"69c35b76688133826f29c4de","2026-03-26 00:44:43.915","2026-04-08 00:08:32.085","69c35b76688133826f29c4de","Breaking Sound (21+ Event)","music","2026-06-10 19:00:00","2026-06-11 02:00:00","2026-06-11 02:00:00",false,false,false,"[PREMIUM]","[PREMIUM]","[PREMIUM]","[PREMIUM]","[PREMIUM]","[PREMIUM]",false,true,"630e8023e44dd80001d0b505","['66186229fcc352ad4f6c4d21']","[PREMIUM]","[PREMIUM]"
"69c35b04427ff8ffb7397c24","2026-03-26 00:44:43.915","2026-04-08 00:08:39.739","69c35b04427ff8ffb7397c24","Sleeping With Sirens","music","2026-06-11 19:00:00","2026-06-11 23:00:00","2026-06-12 00:00:00",false,false,false,"[PREMIUM]","[PREMIUM]","[PREMIUM]","[PREMIUM]","[PREMIUM]","[PREMIUM]",false,false,"57c73ee4f80c411f0d148669","['57fd3da0f80c416be456eb4a']","[PREMIUM]","[PREMIUM]"
"69c3578dccdc8cb98fb544f8","2026-03-26 00:44:43.915","2026-04-08 00:08:39.739","69c3578dccdc8cb98fb544f8","Upon a Burning Body","music","2026-06-11 19:00:00","2026-06-11 23:00:00","2026-06-12 00:30:00",false,false,false,"[PREMIUM]","[PREMIUM]","[PREMIUM]","[PREMIUM]","[PREMIUM]","[PREMIUM]",false,true,"59976e899da0d48c0d3c59bd","['5b5f59dfed06f100145fab35']","[PREMIUM]","[PREMIUM]"
"69c2f87168c22d9d19ea768a","2026-03-26 00:44:43.915","2026-04-08 00:08:39.739","69c2f87168c22d9d19ea768a","Coheed and Cambria","music","2026-06-11 19:00:00","2026-06-11 23:00:00","2026-06-12 00:00:00",false,false,false,"[PREMIUM]","[PREMIUM]","[PREMIUM]","[PREMIUM]","[PREMIUM]","[PREMIUM]",false,true,"65f8c1befc0ba43782c14ce5","['588a4c2bf80c412d43c756a6']","[PREMIUM]","[PREMIUM]"
"69c2f239b2a8ccf1878d8ab1","2026-03-26 00:44:43.915","2026-04-08 00:08:39.739","69c2f239b2a8ccf1878d8ab1","Dark Star Orchestra","music","2026-06-11 19:00:00","2026-06-11 23:00:00","2026-06-12 00:00:00",false,false,false,"[PREMIUM]","[PREMIUM]","[PREMIUM]","[PREMIUM]","[PREMIUM]","[PREMIUM]",false,false,"6372bb6bbd36010001a0ef5b","['57e1c2edf80c41330431f2f3']","[PREMIUM]","[PREMIUM]"
"69c2f2398255d5d56f234061","2026-03-26 00:44:43.915","2026-04-08 00:08:32.085","69c2f2398255d5d56f234061","WWE NXT Live","wres","2026-06-09 19:30:00","2026-06-09 23:30:00","2026-06-10 00:30:00",false,false,false,"[PREMIUM]","[PREMIUM]","[PREMIUM]","[PREMIUM]","[PREMIUM]","[PREMIUM]",false,false,"65da020c4d62d05882b9a8d9","['5976850725f2c53195de77f2']","[PREMIUM]","[PREMIUM]"
"69c2f17e0c445ceb7d500266","2026-03-26 00:44:43.915","2026-04-08 00:08:32.085","69c2f17e0c445ceb7d500266","Coheed and Cambria","music","2026-06-10 19:00:00","2026-06-10 23:00:00","2026-06-11 00:00:00",false,false,false,"[PREMIUM]","[PREMIUM]","[PREMIUM]","[PREMIUM]","[PREMIUM]","[PREMIUM]",false,false,"598ce7de9da0d48c0db7238e","['588a4c2bf80c412d43c756a6']","[PREMIUM]","[PREMIUM]"
"69bb0f26e4ca5d505dda7a57","2026-03-26 00:44:43.915","2026-04-08 00:08:32.085","69bb0f26e4ca5d505dda7a57","TBD at Winnipeg Jets (Stanley Cup Finals - Home Game 2) (Date TBD) (If Necessary)","nhl","2026-06-10 00:00:00","2026-06-10 05:00:00","2026-06-10 05:45:00",true,true,true,"[PREMIUM]","[PREMIUM]","[PREMIUM]","[PREMIUM]","[PREMIUM]","[PREMIUM]",false,false,"545d4ace3bf3762bdb000001","['545d4af43bf3762bdb00000c','5a99e2126311820014498a01']","[PREMIUM]","[PREMIUM]"
"69b2b31af1d92bbb05540b78","2026-03-26 00:44:43.915","2026-04-08 00:08:32.085","69b2b31af1d92bbb05540b78","Jamie Allan's Amaze","theater","2026-06-10 19:00:00","2026-06-10 23:00:00","2026-06-10 23:00:00",false,false,false,"[PREMIUM]","[PREMIUM]","[PREMIUM]","[PREMIUM]","[PREMIUM]","[PREMIUM]",false,true,"69c3fc95993d6c319e4b6760","['69c3f13fdfb17ce91fac9693']","[PREMIUM]","[PREMIUM]"
"69b2b317a14a9fb5bc7f4a90","2026-03-26 00:44:43.915","2026-04-08 00:08:39.739","69b2b317a14a9fb5bc7f4a90","Jamie Allan's Amaze","theater","2026-06-11 19:00:00","2026-06-11 23:00:00","2026-06-11 23:00:00",false,false,false,"[PREMIUM]","[PREMIUM]","[PREMIUM]","[PREMIUM]","[PREMIUM]","[PREMIUM]",false,true,"69c3fc95993d6c319e4b6760","['69c3f13fdfb17ce91fac9693']","[PREMIUM]","[PREMIUM]"
"699507f51b197e9232de6f9f","2026-03-26 00:44:31.890","2026-04-08 00:08:24.735","699507f51b197e9232de6f9f","Theresa Caputo","talk","2026-06-07 15:00:00","2026-06-07 19:00:00","2026-06-07 20:00:00",false,false,false,"[PREMIUM]","[PREMIUM]","[PREMIUM]","[PREMIUM]","[PREMIUM]","[PREMIUM]",false,true,"69c300e3935a6acbcb78dd4f","['59ca9cd625f2c57fb00e5622']","[PREMIUM]","[PREMIUM]"
"697bfa1d6c7ae2a072d1a03e","2026-03-26 00:44:31.890","2026-04-08 00:08:32.085","697bfa1d6c7ae2a072d1a03e","Brandi Carlile","music","2026-06-07 21:00:00","2026-06-08 01:00:00","2026-06-08 02:00:00",false,false,false,"[PREMIUM]","[PREMIUM]","[PREMIUM]","[PREMIUM]","[PREMIUM]","[PREMIUM]",false,true,"69c31463346405ec7f25f9e8","['58d9f25df80c411e4bfafe45']","[PREMIUM]","[PREMIUM]"
"698ab6b10e6def846d2c000e","2026-03-26 00:44:31.890","2026-04-08 00:08:32.085","698ab6b10e6def846d2c000e","TBD at Colorado Avalanche (Stanley Cup Finals - Home Game 1) (Date TBD) (If Necessary)","nhl","2026-06-08 00:00:00","2026-06-08 06:00:00","2026-06-08 06:45:00",true,true,true,"[PREMIUM]","[PREMIUM]","[PREMIUM]","[PREMIUM]","[PREMIUM]","[PREMIUM]",false,false,"54518a533bf3761a02000001","['54518a783bf3761a0200000b','5a99e2126311820014498a01']","[PREMIUM]","[PREMIUM]"
"69c462c4d4672aeae731242c","2026-03-26 00:44:31.890","2026-04-08 00:08:24.735","69c462c4d4672aeae731242c","Joshua Slone","music","2026-06-06 19:30:00","2026-06-06 23:30:00","2026-06-06 23:30:00",false,false,false,"[PREMIUM]","[PREMIUM]","[PREMIUM]","[PREMIUM]","[PREMIUM]","[PREMIUM]",false,false,"57e0488b50575d33c8948d92","['69811f132c9adb7c2f98c58e']","[PREMIUM]","[PREMIUM]"
"69c447cdc05a141e02b0163c","2026-03-26 00:44:31.890","2026-04-08 00:08:24.735","69c447cdc05a141e02b0163c","Everclear","music","2026-06-06 20:00:00","2026-06-07 01:00:00","2026-06-07 02:00:00",false,false,false,"[PREMIUM]","[PREMIUM]","[PREMIUM]","[PREMIUM]","[PREMIUM]","[PREMIUM]",false,true,"6802b413e1329e648d9d651a","['58af5ff2f80c41314308ca45']","[PREMIUM]","[PREMIUM]"
"69c35c9b51a32c89cc7828b3","2026-03-26 00:44:31.890","2026-04-08 00:08:24.735","69c35c9b51a32c89cc7828b3","John Fogerty","music","2026-06-06 20:00:00","2026-06-07 03:00:00","2026-06-07 04:30:00",false,false,false,"[PREMIUM]","[PREMIUM]","[PREMIUM]","[PREMIUM]","[PREMIUM]","[PREMIUM]",false,false,"63d316c91b353800015e9b96","['5cc0a555383734001a5eaabd']","[PREMIUM]","[PREMIUM]"
"69c35a9fdf74fac18ee328cd","2026-03-26 00:44:31.890","2026-04-08 00:08:24.735","69c35a9fdf74fac18ee328cd","Bob Schneider","music","2026-06-06 20:00:00","2026-06-07 02:00:00","2026-06-07 03:30:00",false,false,false,"[PREMIUM]","[PREMIUM]","[PREMIUM]","[PREMIUM]","[PREMIUM]","[PREMIUM]",false,false,"57fbd048cde6626ebeac2078","['61e07f20234fdb0001b18b01']","[PREMIUM]","[PREMIUM]"
"69c358638d248bedaaa0f714","2026-03-26 00:44:31.890","2026-04-08 00:08:24.735","69c358638d248bedaaa0f714","Upon A Burning Body","music","2026-06-07 19:00:00","2026-06-07 23:00:00","2026-06-08 00:30:00",false,false,false,"[PREMIUM]","[PREMIUM]","[PREMIUM]","[PREMIUM]","[PREMIUM]","[PREMIUM]",false,true,"57eaab67cde6626ebe3842d1","['5b5f59dfed06f100145fab35']","[PREMIUM]","[PREMIUM]"
"69c2f18ca8f42a6b22fc45b7","2026-03-26 00:44:31.890","2026-04-08 00:08:32.085","69c2f18ca8f42a6b22fc45b7","Coheed and Cambria","music","2026-06-09 18:00:00","2026-06-09 22:00:00","2026-06-09 23:00:00",false,false,false,"[PREMIUM]","[PREMIUM]","[PREMIUM]","[PREMIUM]","[PREMIUM]","[PREMIUM]",false,false,"61afdd78ed874600017bb812","['588a4c2bf80c412d43c756a6']","[PREMIUM]","[PREMIUM]"
"69c29d46bd4aaf0276f862cd","2026-03-26 00:44:31.890","2026-04-08 00:08:24.735","69c29d46bd4aaf0276f862cd","Clue: The Movie","theater","2026-06-06 19:30:00","2026-06-07 02:30:00","2026-06-07 02:30:00",false,false,false,"[PREMIUM]","[PREMIUM]","[PREMIUM]","[PREMIUM]","[PREMIUM]","[PREMIUM]",false,true,"5aa94ddade55c80013f0f1d2","['65cd0b4ee73bc045ffba6a18']","[PREMIUM]","[PREMIUM]"
"69c1a33c3a2def492bb5107d","2026-03-26 00:44:31.890","2026-04-08 00:08:24.735","69c1a33c3a2def492bb5107d","Brandi Carlile","music","2026-06-06 20:00:00","2026-06-07 00:00:00","2026-06-07 01:00:00",false,false,false,"[PREMIUM]","[PREMIUM]","[PREMIUM]","[PREMIUM]","[PREMIUM]","[PREMIUM]",false,true,"66feebb34ac8b8db8802cf21","['58d9f25df80c411e4bfafe45']","[PREMIUM]","[PREMIUM]"
"69bb0f26d0cf6913ebae586d","2026-03-26 00:44:31.890","2026-04-08 00:08:24.735","69bb0f26d0cf6913ebae586d","TBD at Winnipeg Jets (Stanley Cup Finals - Home Game 1) (Date TBD) (If Necessary)","nhl","2026-06-07 00:00:00","2026-06-07 05:00:00","2026-06-07 05:45:00",true,true,true,"[PREMIUM]","[PREMIUM]","[PREMIUM]","[PREMIUM]","[PREMIUM]","[PREMIUM]",false,false,"545d4ace3bf3762bdb000001","['545d4af43bf3762bdb00000c','5a99e2126311820014498a01']","[PREMIUM]","[PREMIUM]"
"69b2b3346dfbd2994ccc570e","2026-03-26 00:44:31.890","2026-04-08 00:08:24.735","69b2b3346dfbd2994ccc570e","Jamie Allan's Amaze","theater","2026-06-07 15:00:00","2026-06-07 19:00:00","2026-06-07 19:00:00",false,false,false,"[PREMIUM]","[PREMIUM]","[PREMIUM]","[PREMIUM]","[PREMIUM]","[PREMIUM]",false,true,"69c3fc95993d6c319e4b6760","['69c3f13fdfb17ce91fac9693']","[PREMIUM]","[PREMIUM]"
"69b2b31aa0d830814f81cda7","2026-03-26 00:44:31.890","2026-04-08 00:08:32.085","69b2b31aa0d830814f81cda7","Jamie Allan's Amaze","theater","2026-06-08 19:00:00","2026-06-08 23:00:00","2026-06-08 23:00:00",false,false,false,"[PREMIUM]","[PREMIUM]","[PREMIUM]","[PREMIUM]","[PREMIUM]","[PREMIUM]",false,true,"69c3fc95993d6c319e4b6760","['69c3f13fdfb17ce91fac9693']","[PREMIUM]","[PREMIUM]"
"69b2b319d6a3caec78a72610","2026-03-26 00:44:31.890","2026-04-08 00:08:24.735","69b2b319d6a3caec78a72610","Jamie Allan's Amaze","theater","2026-06-07 12:00:00","2026-06-07 16:00:00","2026-06-07 16:00:00",false,false,false,"[PREMIUM]","[PREMIUM]","[PREMIUM]","[PREMIUM]","[PREMIUM]","[PREMIUM]",false,true,"69c3fc95993d6c319e4b6760","['69c3f13fdfb17ce91fac9693']","[PREMIUM]","[PREMIUM]"
"69b1eaf736521c80a47e5fac","2026-03-26 00:44:31.890","2026-04-08 00:08:24.735","69b1eaf736521c80a47e5fac","Jamie Allan's Amaze","theater","2026-06-06 20:00:00","2026-06-07 00:00:00","2026-06-07 00:00:00",false,false,false,"[PREMIUM]","[PREMIUM]","[PREMIUM]","[PREMIUM]","[PREMIUM]","[PREMIUM]",false,true,"69c3fc95993d6c319e4b6760","['69c3f13fdfb17ce91fac9693']","[PREMIUM]","[PREMIUM]"
"697154835b6ff771d8e2c72a","2026-03-26 00:44:17.608","2026-04-08 00:08:24.735","697154835b6ff771d8e2c72a","Chess - The Musical","theater","2026-06-06 19:30:00","2026-06-06 23:30:00","2026-06-06 23:30:00",false,false,false,"[PREMIUM]","[PREMIUM]","[PREMIUM]","[PREMIUM]","[PREMIUM]","[PREMIUM]",false,false,"5ac6890d12b2b00014732f71","['69c2e222ec5fd961a5359715']","[PREMIUM]","[PREMIUM]"
"698bb00ea8d786c031d62da7","2026-03-26 00:44:17.608","2026-04-08 00:08:17.759","698bb00ea8d786c031d62da7","Taking Back Sunday","music","2026-06-05 20:00:00","2026-06-06 00:00:00","2026-06-06 01:00:00",false,false,false,"[PREMIUM]","[PREMIUM]","[PREMIUM]","[PREMIUM]","[PREMIUM]","[PREMIUM]",false,false,"67901cd4e2ddc1728f379677","['57d9dbdef80c415c61827530']","[PREMIUM]","[PREMIUM]"
"69c35d8815f59881327968f8","2026-03-26 00:44:17.608","2026-04-08 00:08:17.759","69c35d8815f59881327968f8","Upon A Burning Body","music","2026-06-06 18:00:00","2026-06-06 22:00:00","2026-06-06 23:30:00",false,false,false,"[PREMIUM]","[PREMIUM]","[PREMIUM]","[PREMIUM]","[PREMIUM]","[PREMIUM]",false,false,"57e16af750575d33c89b402e","['5b5f59dfed06f100145fab35']","[PREMIUM]","[PREMIUM]"
"69c35d09688133826f29c5c4","2026-03-26 00:44:17.608","2026-04-08 00:08:17.759","69c35d09688133826f29c5c4","Matchroom Boxing - Dalton Smith vs Alberto Puello","boxing","2026-06-06 00:00:00","2026-06-05 23:00:00","2026-06-06 08:00:00",false,true,false,"[PREMIUM]","[PREMIUM]","[PREMIUM]","[PREMIUM]","[PREMIUM]","[PREMIUM]",false,true,"69c3f5c17d4546f343cabdd6","['5c8ff39fdf06fb001701da7c']","[PREMIUM]","[PREMIUM]"
"69c35c9b18cfcc63d3e68a67","2026-03-26 00:44:17.608","2026-04-08 00:08:17.759","69c35c9b18cfcc63d3e68a67","John Fogerty","music","2026-06-05 20:00:00","2026-06-06 03:00:00","2026-06-06 04:30:00",false,false,false,"[PREMIUM]","[PREMIUM]","[PREMIUM]","[PREMIUM]","[PREMIUM]","[PREMIUM]",false,false,"63d316c91b353800015e9b96","['5cc0a555383734001a5eaabd']","[PREMIUM]","[PREMIUM]"
"69c35c86993d6c319e4b2c30","2026-03-26 00:44:17.608","2026-04-08 00:08:17.759","69c35c86993d6c319e4b2c30","Bingo Loco - Name That Song","music","2026-06-05 21:30:00","2026-06-06 04:30:00","2026-06-06 04:30:00",false,false,false,"[PREMIUM]","[PREMIUM]","[PREMIUM]","[PREMIUM]","[PREMIUM]","[PREMIUM]",false,false,"57e1885950575d33c89c1726","['6668d4cb075eb00266a9c7ca']","[PREMIUM]","[PREMIUM]"
"69c35b1a77787424b63e52b8","2026-03-26 00:44:17.608","2026-04-08 00:08:17.759","69c35b1a77787424b63e52b8","Dwight Yoakam","music","2026-06-05 19:00:00","2026-06-06 00:00:00","2026-06-06 01:00:00",false,false,false,"[PREMIUM]","[PREMIUM]","[PREMIUM]","[PREMIUM]","[PREMIUM]","[PREMIUM]",false,true,"6814f22b83c1590cbe18ee35","['58a79362f80c41494ff7ce59']","[PREMIUM]","[PREMIUM]"
"69b1eaf826f56fffcb2b7ea5","2026-03-26 00:44:17.608","2026-04-08 00:08:17.759","69b1eaf826f56fffcb2b7ea5","Jamie Allan's Amaze","theater","2026-06-05 19:00:00","2026-06-05 23:00:00","2026-06-05 23:00:00",false,false,false,"[PREMIUM]","[PREMIUM]","[PREMIUM]","[PREMIUM]","[PREMIUM]","[PREMIUM]",false,true,"69c3fc95993d6c319e4b6760","['69c3f13fdfb17ce91fac9693']","[PREMIUM]","[PREMIUM]"
"69b1eaf808a502d7d9ea9543","2026-03-26 00:44:17.608","2026-04-08 00:08:17.759","69b1eaf808a502d7d9ea9543","Jamie Allan's Amaze","theater","2026-06-06 14:00:00","2026-06-06 18:00:00","2026-06-06 18:00:00",false,false,false,"[PREMIUM]","[PREMIUM]","[PREMIUM]","[PREMIUM]","[PREMIUM]","[PREMIUM]",false,true,"69c3fc95993d6c319e4b6760","['69c3f13fdfb17ce91fac9693']","[PREMIUM]","[PREMIUM]"
"697bc2474ca75683055241ec","2026-03-26 00:44:03.855","2026-04-08 00:08:09.692","697bc2474ca75683055241ec","Molly Tuttle","music","2026-06-04 21:00:00","2026-06-05 01:00:00","2026-06-05 01:00:00",false,false,false,"[PREMIUM]","[PREMIUM]","[PREMIUM]","[PREMIUM]","[PREMIUM]","[PREMIUM]",false,true,"69c31463346405ec7f25f9e8","['64f27d45a35fda000122ca29']","[PREMIUM]","[PREMIUM]"
"697bc24971e689b9052bfd52","2026-03-26 00:44:03.855","2026-04-08 00:08:09.692","697bc24971e689b9052bfd52","Emmylou Harris","music","2026-06-05 18:00:00","2026-06-05 22:00:00","2026-06-05 22:00:00",false,false,false,"[PREMIUM]","[PREMIUM]","[PREMIUM]","[PREMIUM]","[PREMIUM]","[PREMIUM]",false,true,"69c31463346405ec7f25f9e8","['6569027271133a6584ede3a3']","[PREMIUM]","[PREMIUM]"
"69c461b7dedd9ef2992db05a","2026-03-26 00:44:03.855","2026-04-08 00:08:09.692","69c461b7dedd9ef2992db05a","Joshua Slone","music","2026-06-03 18:30:00","2026-06-03 23:30:00","2026-06-03 23:30:00",false,false,false,"[PREMIUM]","[PREMIUM]","[PREMIUM]","[PREMIUM]","[PREMIUM]","[PREMIUM]",false,false,"57d9ebde50575d33c87a6d43","['69811f132c9adb7c2f98c58e']","[PREMIUM]","[PREMIUM]"
"69c45fdb4d58cc3a422d9708","2026-03-26 00:44:03.855","2026-04-08 00:08:09.692","69c45fdb4d58cc3a422d9708","Delta Sleep","music","2026-06-04 20:00:00","2026-06-05 01:00:00","2026-06-05 01:00:00",false,false,false,"[PREMIUM]","[PREMIUM]","[PREMIUM]","[PREMIUM]","[PREMIUM]","[PREMIUM]",false,true,"57d9795c50575d33c87759ec","['66174a439d5e673bf6423b6a']","[PREMIUM]","[PREMIUM]"
"69c4118618cfcc63d3e6d97c","2026-03-26 00:44:03.855","2026-04-08 00:08:09.692","69c4118618cfcc63d3e6d97c","Robert Earl Keen","music","2026-06-04 19:30:00","2026-06-04 23:30:00","2026-06-05 01:00:00",false,false,false,"[PREMIUM]","[PREMIUM]","[PREMIUM]","[PREMIUM]","[PREMIUM]","[PREMIUM]",false,true,"5af602f67b299700141a27d2","['5b7c3edbf3ad8a0012d1f911']","[PREMIUM]","[PREMIUM]"
"69c35d5e05227de8dde0ee8f","2026-03-26 00:44:03.855","2026-04-08 00:08:09.692","69c35d5e05227de8dde0ee8f","Bob Dylan","music","2026-06-04 18:30:00","2026-06-05 01:30:00","2026-06-05 02:30:00",false,false,false,"[PREMIUM]","[PREMIUM]","[PREMIUM]","[PREMIUM]","[PREMIUM]","[PREMIUM]",false,false,"5b7311dce5a37a0013cd4a72","['56e73f99f80c4150b1000003']","[PREMIUM]","[PREMIUM]"
"69c35c861e8f775e821c77e1","2026-03-26 00:44:03.855","2026-04-08 00:08:09.692","69c35c861e8f775e821c77e1","Bingo Loco - Name That Song","music","2026-06-05 17:00:00","2026-06-06 00:00:00","2026-06-06 00:00:00",false,false,false,"[PREMIUM]","[PREMIUM]","[PREMIUM]","[PREMIUM]","[PREMIUM]","[PREMIUM]",false,false,"57e1885950575d33c89c1726","['6668d4cb075eb00266a9c7ca']","[PREMIUM]","[PREMIUM]"
"69c2f1a5be6794f088d3082b","2026-03-26 00:44:03.855","2026-04-08 00:08:09.692","69c2f1a5be6794f088d3082b","TopHouse","music","2026-06-04 20:00:00","2026-06-05 00:00:00","2026-06-05 00:00:00",false,false,false,"[PREMIUM]","[PREMIUM]","[PREMIUM]","[PREMIUM]","[PREMIUM]","[PREMIUM]",false,true,"69039b6355a11df39db32aa8","['662043db961b72353fa0d243']","[PREMIUM]","[PREMIUM]"
"69c2f10a52932106a511e886","2026-03-26 00:44:03.855","2026-04-08 00:08:09.692","69c2f10a52932106a511e886","Coheed and Cambria","music","2026-06-04 20:00:00","2026-06-05 00:00:00","2026-06-05 01:00:00",false,false,false,"[PREMIUM]","[PREMIUM]","[PREMIUM]","[PREMIUM]","[PREMIUM]","[PREMIUM]",false,true,"598ce7de9da0d48c0db72389","['588a4c2bf80c412d43c756a6']","[PREMIUM]","[PREMIUM]"
"69b1eaf841fec3aa66711983","2026-03-26 00:44:03.855","2026-04-08 00:08:09.692","69b1eaf841fec3aa66711983","Jamie Allan's Amaze","theater","2026-06-03 19:00:00","2026-06-03 23:00:00","2026-06-03 23:00:00",false,false,false,"[PREMIUM]","[PREMIUM]","[PREMIUM]","[PREMIUM]","[PREMIUM]","[PREMIUM]",false,true,"69c3fc95993d6c319e4b6760","['69c3f13fdfb17ce91fac9693']","[PREMIUM]","[PREMIUM]"
"69b1eaf7a0d830814f817e01","2026-03-26 00:44:03.855","2026-04-08 00:08:09.692","69b1eaf7a0d830814f817e01","Jamie Allan's Amaze","theater","2026-06-04 19:00:00","2026-06-04 23:00:00","2026-06-04 23:00:00",false,false,false,"[PREMIUM]","[PREMIUM]","[PREMIUM]","[PREMIUM]","[PREMIUM]","[PREMIUM]",false,true,"69c3fc95993d6c319e4b6760","['69c3f13fdfb17ce91fac9693']","[PREMIUM]","[PREMIUM]"
"697bc2004ca75683055241dc","2026-03-26 00:43:43.718","2026-04-08 00:08:02.641","697bc2004ca75683055241dc","Indigo Girls","music","2026-06-02 21:00:00","2026-06-03 01:00:00","2026-06-03 02:30:00",false,false,false,"[PREMIUM]","[PREMIUM]","[PREMIUM]","[PREMIUM]","[PREMIUM]","[PREMIUM]",false,true,"69c31463346405ec7f25f9e8","['5b196cd3530ed50013153f7c']","[PREMIUM]","[PREMIUM]"
"6977e91ed65e42a43acf86f8","2026-03-26 00:43:43.718","2026-04-08 00:07:54.525","6977e91ed65e42a43acf86f8","Stay In Bloom - Illenium b2b Dabin","music","2026-05-30 23:59:00","2026-05-31 03:59:00","2026-05-31 05:29:00",false,false,false,"[PREMIUM]","[PREMIUM]","[PREMIUM]","[PREMIUM]","[PREMIUM]","[PREMIUM]",true,false,"662182d679c75d9e5234f242","['5e20d35c6ac2c7003883fbcf']","[PREMIUM]","[PREMIUM]"
"698ab6b1b2ee3b3e14ab0ce0","2026-03-26 00:43:43.718","2026-04-08 00:08:02.641","698ab6b1b2ee3b3e14ab0ce0","TBD at Colorado Avalanche (Round 3 - Home Game 4) (Date TBD) (If Necessary)","nhl","2026-06-03 00:00:00","2026-06-03 06:00:00","2026-06-03 06:45:00",true,true,true,"[PREMIUM]","[PREMIUM]","[PREMIUM]","[PREMIUM]","[PREMIUM]","[PREMIUM]",false,false,"54518a533bf3761a02000001","['54518a783bf3761a0200000b','5a99e2126311820014498a01']","[PREMIUM]","[PREMIUM]"
"698c2029db573e2533777ce0","2026-03-26 00:43:43.718","2026-04-08 00:08:02.641","698c2029db573e2533777ce0","The Mountain Goats","music","2026-05-31 21:00:00","2026-06-01 01:00:00","2026-06-01 02:00:00",false,false,false,"[PREMIUM]","[PREMIUM]","[PREMIUM]","[PREMIUM]","[PREMIUM]","[PREMIUM]",false,true,"69c31463346405ec7f25f9e8","['59f9010e25f2c5708a5870d7']","[PREMIUM]","[PREMIUM]"
"69c46138e980968c8e5e1527","2026-03-26 00:43:43.718","2026-04-08 00:08:02.641","69c46138e980968c8e5e1527","Lavell Crawford","comedy","2026-05-31 19:00:00","2026-05-31 23:00:00","2026-06-01 00:30:00",false,false,false,"[PREMIUM]","[PREMIUM]","[PREMIUM]","[PREMIUM]","[PREMIUM]","[PREMIUM]",false,true,"66bbd7347b254ce9631bdfe7","['5d6985092b9feb003a95185b']","[PREMIUM]","[PREMIUM]"
"69c46138d689485565f8e752","2026-03-26 00:43:43.718","2026-04-08 00:08:02.641","69c46138d689485565f8e752","Lavell Crawford","comedy","2026-05-31 21:15:00","2026-06-01 01:15:00","2026-06-01 02:45:00",false,false,false,"[PREMIUM]","[PREMIUM]","[PREMIUM]","[PREMIUM]","[PREMIUM]","[PREMIUM]",false,true,"66bbd7347b254ce9631bdfe7","['5d6985092b9feb003a95185b']","[PREMIUM]","[PREMIUM]"
"69c357c815f598813279666d","2026-03-26 00:43:43.718","2026-04-08 00:08:02.641","69c357c815f598813279666d","Robert Earl Keen","music","2026-05-31 19:00:00","2026-05-31 23:00:00","2026-06-01 00:30:00",false,false,false,"[PREMIUM]","[PREMIUM]","[PREMIUM]","[PREMIUM]","[PREMIUM]","[PREMIUM]",false,false,"5af60a250424bf00127d0d4f","['5b7c3edbf3ad8a0012d1f911']","[PREMIUM]","[PREMIUM]"
"69c1c04222630b3ae50ca26e","2026-03-26 00:43:43.718","2026-04-08 00:08:02.641","69c1c04222630b3ae50ca26e","FattMack (18+ Event)","music","2026-06-02 20:00:00","2026-06-03 01:00:00","2026-06-03 01:00:00",false,false,false,"[PREMIUM]","[PREMIUM]","[PREMIUM]","[PREMIUM]","[PREMIUM]","[PREMIUM]",false,false,"59948c999da0d48c0de9611e","['69c40c173b380aace3b8ef89']","[PREMIUM]","[PREMIUM]"
"69bd3ddd3b48a05e60821196","2026-03-26 00:43:43.718","2026-04-08 00:08:02.641","69bd3ddd3b48a05e60821196","FattMack","music","2026-05-31 20:00:00","2026-06-01 01:00:00","2026-06-01 01:00:00",false,false,false,"[PREMIUM]","[PREMIUM]","[PREMIUM]","[PREMIUM]","[PREMIUM]","[PREMIUM]",false,false,"598ce7dd9da0d48c0db72387","['69c40c173b380aace3b8ef89']","[PREMIUM]","[PREMIUM]"
"69bd3d427f86ab68345e3240","2026-03-26 00:43:43.718","2026-04-08 00:08:02.641","69bd3d427f86ab68345e3240","FattMack","music","2026-06-01 20:00:00","2026-06-02 01:00:00","2026-06-02 01:00:00",false,false,false,"[PREMIUM]","[PREMIUM]","[PREMIUM]","[PREMIUM]","[PREMIUM]","[PREMIUM]",false,false,"59948c999da0d48c0de9611e","['69c40c173b380aace3b8ef89']","[PREMIUM]","[PREMIUM]"
"69bb0f26d259335baab2f4a8","2026-03-26 00:43:43.718","2026-04-08 00:08:09.692","69bb0f26d259335baab2f4a8","TBD at Winnipeg Jets (Round 3 - Home Game 4) (Date TBD) (If Necessary)","nhl","2026-06-03 00:00:00","2026-06-03 05:00:00","2026-06-03 05:45:00",true,true,true,"[PREMIUM]","[PREMIUM]","[PREMIUM]","[PREMIUM]","[PREMIUM]","[PREMIUM]",false,false,"545d4ace3bf3762bdb000001","['545d4af43bf3762bdb00000c','5a99e2126311820014498a01']","[PREMIUM]","[PREMIUM]"
"69b35c9cd1a981a90a243330","2026-03-26 00:43:43.718","2026-04-08 00:08:02.641","69b35c9cd1a981a90a243330","Jamie Allan's Amaze","theater","2026-05-31 12:00:00","2026-05-31 16:00:00","2026-05-31 16:00:00",false,false,false,"[PREMIUM]","[PREMIUM]","[PREMIUM]","[PREMIUM]","[PREMIUM]","[PREMIUM]",false,true,"69c3fc95993d6c319e4b6760","['69c3f13fdfb17ce91fac9693']","[PREMIUM]","[PREMIUM]"
"69b1eaf7df170cf31d098ed0","2026-03-26 00:43:43.718","2026-04-08 00:08:02.641","69b1eaf7df170cf31d098ed0","Jamie Allan's Amaze","theater","2026-06-01 19:00:00","2026-06-01 23:00:00","2026-06-01 23:00:00",false,false,false,"[PREMIUM]","[PREMIUM]","[PREMIUM]","[PREMIUM]","[PREMIUM]","[PREMIUM]",false,true,"69c3fc95993d6c319e4b6760","['69c3f13fdfb17ce91fac9693']","[PREMIUM]","[PREMIUM]"
"698ab6b3862cd7b63d5bbf07","2026-03-26 00:43:25.244","2026-04-08 00:07:54.525","698ab6b3862cd7b63d5bbf07","TBD at Colorado Avalanche (Round 3 - Home Game 3) (Date TBD) (If Necessary)","nhl","2026-05-30 00:00:00","2026-05-30 06:00:00","2026-05-30 06:45:00",true,true,true,"[PREMIUM]","[PREMIUM]","[PREMIUM]","[PREMIUM]","[PREMIUM]","[PREMIUM]",false,false,"54518a533bf3761a02000001","['54518a783bf3761a0200000b','5a99e2126311820014498a01']","[PREMIUM]","[PREMIUM]"
"69c462d8b57776bfb334a482","2026-03-26 00:43:25.244","2026-04-08 00:07:54.525","69c462d8b57776bfb334a482","Kentucky Barrels at Minnesota Monsters","afl","2026-05-30 18:00:00","2026-05-30 23:00:00","2026-05-31 00:30:00",false,false,false,"[PREMIUM]","[PREMIUM]","[PREMIUM]","[PREMIUM]","[PREMIUM]","[PREMIUM]",false,true,"59bc1e2cf160fb0001817e96","['69a06982f104d73d7640f390','69a06abf691e51dd746a9104']","[PREMIUM]","[PREMIUM]"
"69c461387835ecb4e5bde220","2026-03-26 00:43:25.244","2026-04-08 00:07:54.525","69c461387835ecb4e5bde220","Lavell Crawford","comedy","2026-05-30 19:00:00","2026-05-30 23:00:00","2026-05-31 00:30:00",false,false,false,"[PREMIUM]","[PREMIUM]","[PREMIUM]","[PREMIUM]","[PREMIUM]","[PREMIUM]",false,true,"66bbd7347b254ce9631bdfe7","['5d6985092b9feb003a95185b']","[PREMIUM]","[PREMIUM]"
"69c4613871b6453989ca4fb2","2026-03-26 00:43:25.244","2026-04-08 00:07:54.525","69c4613871b6453989ca4fb2","Lavell Crawford","comedy","2026-05-30 21:30:00","2026-05-31 01:30:00","2026-05-31 03:00:00",false,false,false,"[PREMIUM]","[PREMIUM]","[PREMIUM]","[PREMIUM]","[PREMIUM]","[PREMIUM]",false,true,"66bbd7347b254ce9631bdfe7","['5d6985092b9feb003a95185b']","[PREMIUM]","[PREMIUM]"
"69c4613820da3c2ea2a2756b","2026-03-26 00:43:25.244","2026-04-08 00:07:47.211","69c4613820da3c2ea2a2756b","Lavell Crawford","comedy","2026-05-29 21:15:00","2026-05-30 01:15:00","2026-05-30 02:45:00",false,false,false,"[PREMIUM]","[PREMIUM]","[PREMIUM]","[PREMIUM]","[PREMIUM]","[PREMIUM]",false,true,"66bbd7347b254ce9631bdfe7","['5d6985092b9feb003a95185b']","[PREMIUM]","[PREMIUM]"
"69c448c44d58cc3a422d8a00","2026-03-26 00:43:25.244","2026-04-08 00:07:54.525","69c448c44d58cc3a422d8a00","Magical Mystery Doors","music","2026-05-30 20:00:00","2026-05-31 00:00:00","2026-05-31 00:00:00",false,false,false,"[PREMIUM]","[PREMIUM]","[PREMIUM]","[PREMIUM]","[PREMIUM]","[PREMIUM]",false,true,"6543e040a79b06cec52ae5c7","['664e5b85343e66851eedfacb']","[PREMIUM]","[PREMIUM]"
"69c35cc9993d6c319e4b2c52","2026-03-26 00:43:25.244","2026-04-08 00:07:54.525","69c35cc9993d6c319e4b2c52","Matt Maeson","music","2026-05-30 20:00:00","2026-05-31 03:00:00","2026-05-31 04:30:00",false,false,false,"[PREMIUM]","[PREMIUM]","[PREMIUM]","[PREMIUM]","[PREMIUM]","[PREMIUM]",false,false,"61afe302fac7180001001d8f","['5ce2e273a920a4001664306a']","[PREMIUM]","[PREMIUM]"
"69c35c869a9babf7593d011c","2026-03-26 00:43:25.244","2026-04-08 00:07:54.525","69c35c869a9babf7593d011c","Will Burkart","comedy","2026-05-30 15:00:00","2026-05-30 22:00:00","2026-05-30 22:00:00",false,false,false,"[PREMIUM]","[PREMIUM]","[PREMIUM]","[PREMIUM]","[PREMIUM]","[PREMIUM]",false,true,"62a26cbf659ddf0001a208d3","['65b2dee5f4bd2300b9435213']","[PREMIUM]","[PREMIUM]"
"69c35c84e444063ae6c46bfc","2026-03-26 00:43:25.244","2026-04-08 00:07:54.525","69c35c84e444063ae6c46bfc","Sommore","comedy","2026-05-29 21:45:00","2026-05-30 04:45:00","2026-05-30 06:15:00",false,false,false,"[PREMIUM]","[PREMIUM]","[PREMIUM]","[PREMIUM]","[PREMIUM]","[PREMIUM]",false,true,"62a26cbf659ddf0001a208d3","['5c8fe30cc621c90017a2d3ce']","[PREMIUM]","[PREMIUM]"
"69c35c84d819d90ebf96eaf0","2026-03-26 00:43:25.244","2026-04-08 00:07:54.525","69c35c84d819d90ebf96eaf0","Sommore","comedy","2026-05-30 18:00:00","2026-05-31 01:00:00","2026-05-31 02:30:00",false,false,false,"[PREMIUM]","[PREMIUM]","[PREMIUM]","[PREMIUM]","[PREMIUM]","[PREMIUM]",false,true,"62a26cbf659ddf0001a208d3","['5c8fe30cc621c90017a2d3ce']","[PREMIUM]","[PREMIUM]"
"69c35c8405227de8dde0ee01","2026-03-26 00:43:25.244","2026-04-08 00:07:54.525","69c35c8405227de8dde0ee01","Sommore","comedy","2026-05-30 20:45:00","2026-05-31 03:45:00","2026-05-31 05:15:00",false,false,false,"[PREMIUM]","[PREMIUM]","[PREMIUM]","[PREMIUM]","[PREMIUM]","[PREMIUM]",false,true,"62a26cbf659ddf0001a208d3","['5c8fe30cc621c90017a2d3ce']","[PREMIUM]","[PREMIUM]"
"69c2f86a1b1c18f706fc9730","2026-03-26 00:43:25.244","2026-04-08 00:07:54.525","69c2f86a1b1c18f706fc9730","All Elite Wrestling","wres","2026-05-30 18:30:00","2026-05-30 23:30:00","2026-05-31 00:15:00",false,false,false,"[PREMIUM]","[PREMIUM]","[PREMIUM]","[PREMIUM]","[PREMIUM]","[PREMIUM]",false,false,"57aba98ff80c4115bab50ab0","['5e225159b1a260003b40c139']","[PREMIUM]","[PREMIUM]"
"69bc966f30d8b3c3f26d4a81","2026-03-26 00:43:25.244","2026-04-08 00:07:47.211","69bc966f30d8b3c3f26d4a81","FattMack","music","2026-05-29 20:00:00","2026-05-30 00:00:00","2026-05-30 00:00:00",false,false,false,"[PREMIUM]","[PREMIUM]","[PREMIUM]","[PREMIUM]","[PREMIUM]","[PREMIUM]",false,false,"598b505a9da0d48c0da9419f","['69c40c173b380aace3b8ef89']","[PREMIUM]","[PREMIUM]"
"69bb0f27d0cf6913ebae586f","2026-03-26 00:43:25.244","2026-04-08 00:07:54.525","69bb0f27d0cf6913ebae586f","TBD at Winnipeg Jets (Round 3 - Home Game 3) (Date TBD) (If Necessary)","nhl","2026-05-30 00:00:00","2026-05-30 05:00:00","2026-05-30 05:45:00",true,true,true,"[PREMIUM]","[PREMIUM]","[PREMIUM]","[PREMIUM]","[PREMIUM]","[PREMIUM]",false,false,"545d4ace3bf3762bdb000001","['545d4af43bf3762bdb00000c','5a99e2126311820014498a01']","[PREMIUM]","[PREMIUM]"
"69b1eaf7f1d92bbb0553baea","2026-03-26 00:43:25.244","2026-04-08 00:07:54.525","69b1eaf7f1d92bbb0553baea","Jamie Allan's Amaze","theater","2026-05-30 20:00:00","2026-05-31 00:00:00","2026-05-31 00:00:00",false,false,false,"[PREMIUM]","[PREMIUM]","[PREMIUM]","[PREMIUM]","[PREMIUM]","[PREMIUM]",false,true,"69c3fc95993d6c319e4b6760","['69c3f13fdfb17ce91fac9693']","[PREMIUM]","[PREMIUM]"
"69b09af8048f71d5f06cae59","2026-03-26 00:43:25.244","2026-04-08 00:07:54.525","69b09af8048f71d5f06cae59","Matthew Good","music","2026-05-30 19:00:00","2026-05-30 23:00:00","2026-05-31 00:30:00",false,false,false,"[PREMIUM]","[PREMIUM]","[PREMIUM]","[PREMIUM]","[PREMIUM]","[PREMIUM]",false,true,"69c45204ef3183430df1c271","['5ba401cb272c8500131d8667']","[PREMIUM]","[PREMIUM]"
"699f9603b181f7af3c4b7abf","2026-03-26 00:43:25.244","2026-04-08 00:07:54.525","699f9603b181f7af3c4b7abf","Wage War","music","2026-05-30 19:30:00","2026-05-30 23:30:00","2026-05-31 01:00:00",false,false,false,"[PREMIUM]","[PREMIUM]","[PREMIUM]","[PREMIUM]","[PREMIUM]","[PREMIUM]",false,false,"67901cd4e2ddc1728f379677","['5d266a2ccbc2b7001819608b']","[PREMIUM]","[PREMIUM]"
"691ba41d4f7e31ad7261ff7a","2026-03-26 00:43:10.034","2026-04-08 00:07:47.211","691ba41d4f7e31ad7261ff7a","Ron White","comedy","2026-05-29 19:00:00","2026-05-29 23:00:00","2026-05-30 00:30:00",false,false,false,"[PREMIUM]","[PREMIUM]","[PREMIUM]","[PREMIUM]","[PREMIUM]","[PREMIUM]",false,true,"69c45204ef3183430df1c271","['5b281baf140b45001339401e']","[PREMIUM]","[PREMIUM]"
"693081d4bf16b1e2aa7e81ed","2026-03-26 00:43:10.034","2026-04-08 00:07:47.211","693081d4bf16b1e2aa7e81ed","Marshall Tucker Band","music","2026-05-28 20:00:00","2026-05-29 03:00:00","2026-05-29 04:30:00",false,false,false,"[PREMIUM]","[PREMIUM]","[PREMIUM]","[PREMIUM]","[PREMIUM]","[PREMIUM]",false,false,"6839c48ca8f2e338b9df4de5","['6196c3c492cc3a00014d5507']","[PREMIUM]","[PREMIUM]"
"69c46138d4b5b3002b44c17d","2026-03-26 00:43:10.034","2026-04-08 00:07:47.211","69c46138d4b5b3002b44c17d","Lavell Crawford","comedy","2026-05-29 19:00:00","2026-05-29 23:00:00","2026-05-30 00:30:00",false,false,false,"[PREMIUM]","[PREMIUM]","[PREMIUM]","[PREMIUM]","[PREMIUM]","[PREMIUM]",false,true,"66bbd7347b254ce9631bdfe7","['5d6985092b9feb003a95185b']","[PREMIUM]","[PREMIUM]"
"69c35c840690bd5f30407d13","2026-03-26 00:43:10.034","2026-04-08 00:07:47.211","69c35c840690bd5f30407d13","Sommore","comedy","2026-05-29 19:00:00","2026-05-30 02:00:00","2026-05-30 03:30:00",false,false,false,"[PREMIUM]","[PREMIUM]","[PREMIUM]","[PREMIUM]","[PREMIUM]","[PREMIUM]",false,true,"62a26cbf659ddf0001a208d3","['5c8fe30cc621c90017a2d3ce']","[PREMIUM]","[PREMIUM]"
"69c35a6b1e8f775e821c76bf","2026-03-26 00:43:10.034","2026-04-08 00:07:47.211","69c35a6b1e8f775e821c76bf","Robert Earl Keen","music","2026-05-28 19:00:00","2026-05-28 23:00:00","2026-05-29 00:30:00",false,false,false,"[PREMIUM]","[PREMIUM]","[PREMIUM]","[PREMIUM]","[PREMIUM]","[PREMIUM]",false,false,"56a01511f80c414f35000001","['5b7c3edbf3ad8a0012d1f911']","[PREMIUM]","[PREMIUM]"
"69c35974c9714813b7dcfb86","2026-03-26 00:43:10.034","2026-04-08 00:07:47.211","69c35974c9714813b7dcfb86","Matt Maeson","music","2026-05-29 19:30:00","2026-05-30 02:30:00","2026-05-30 04:00:00",false,false,false,"[PREMIUM]","[PREMIUM]","[PREMIUM]","[PREMIUM]","[PREMIUM]","[PREMIUM]",false,false,"57e032d350575d33c89417c0","['5ce2e273a920a4001664306a']","[PREMIUM]","[PREMIUM]"
"69c357fa991197846f47ccbb","2026-03-26 00:43:10.034","2026-04-08 00:07:47.211","69c357fa991197846f47ccbb","Upon a Burning Body","music","2026-05-29 18:00:00","2026-05-29 23:00:00","2026-05-30 00:30:00",false,false,false,"[PREMIUM]","[PREMIUM]","[PREMIUM]","[PREMIUM]","[PREMIUM]","[PREMIUM]",false,true,"67e312488a533eebfb21239b","['5b5f59dfed06f100145fab35']","[PREMIUM]","[PREMIUM]"
"69bd3bd20d3ed024c9d1924a","2026-03-26 00:43:10.034","2026-04-08 00:07:39.512","69bd3bd20d3ed024c9d1924a","FattMack","music","2026-05-27 21:30:00","2026-05-28 01:30:00","2026-05-28 01:30:00",false,false,false,"[PREMIUM]","[PREMIUM]","[PREMIUM]","[PREMIUM]","[PREMIUM]","[PREMIUM]",false,false,"662183c2987712ddc33f4fa2","['69c40c173b380aace3b8ef89']","[PREMIUM]","[PREMIUM]"
"69b8842c5512b6935e7a5691","2026-03-26 00:43:10.034","2026-04-08 00:07:47.211","69b8842c5512b6935e7a5691","Rene Vaca","comedy","2026-05-28 20:00:00","2026-05-29 00:00:00","2026-05-29 01:30:00",false,false,false,"[PREMIUM]","[PREMIUM]","[PREMIUM]","[PREMIUM]","[PREMIUM]","[PREMIUM]",false,false,"67901cd4e2ddc1728f379677","['63bde797bd32d600017a7c34']","[PREMIUM]","[PREMIUM]"
"69b376f71c5ac5494b25010c","2026-03-26 00:43:10.034","2026-04-08 00:07:47.211","69b376f71c5ac5494b25010c","Dave Matthews Band","music","2026-05-29 00:00:00","2026-05-29 04:00:00","2026-05-29 05:00:00",false,true,false,"[PREMIUM]","[PREMIUM]","[PREMIUM]","[PREMIUM]","[PREMIUM]","[PREMIUM]",false,false,"67901cd4e2ddc1728f379677","['588fda3af80c415143de9792']","[PREMIUM]","[PREMIUM]"
"69b1eaf8df97f5f26b7a53bd","2026-03-26 00:43:10.034","2026-04-08 00:07:47.211","69b1eaf8df97f5f26b7a53bd","Jamie Allan's Amaze","theater","2026-05-29 19:00:00","2026-05-29 23:00:00","2026-05-29 23:00:00",false,false,false,"[PREMIUM]","[PREMIUM]","[PREMIUM]","[PREMIUM]","[PREMIUM]","[PREMIUM]",false,true,"69c3fc95993d6c319e4b6760","['69c3f13fdfb17ce91fac9693']","[PREMIUM]","[PREMIUM]"
"69b1eaf2fb66a0a86fe89d0a","2026-03-26 00:43:10.034","2026-04-08 00:07:47.211","69b1eaf2fb66a0a86fe89d0a","Jamie Allan's Amaze","theater","2026-05-28 19:00:00","2026-05-28 23:00:00","2026-05-28 23:00:00",false,false,false,"[PREMIUM]","[PREMIUM]","[PREMIUM]","[PREMIUM]","[PREMIUM]","[PREMIUM]",false,true,"69c3fc95993d6c319e4b6760","['69c3f13fdfb17ce91fac9693']","[PREMIUM]","[PREMIUM]"
"6984047b045508f2c14b30f9","2026-03-26 00:42:56.498","2026-04-08 00:07:39.512","6984047b045508f2c14b30f9","Little Feat","music","2026-05-26 19:00:00","2026-05-26 23:00:00","2026-05-27 00:30:00",false,false,false,"[PREMIUM]","[PREMIUM]","[PREMIUM]","[PREMIUM]","[PREMIUM]","[PREMIUM]",false,true,"69c305a5b355d651d43f86c1","['5d7a750c4b0fc80039096086']","[PREMIUM]","[PREMIUM]"
"698c202ae00a21af97f02fbd","2026-03-26 00:42:56.498","2026-04-08 00:07:31.444","698c202ae00a21af97f02fbd","Punch Brothers","music","2026-05-24 21:00:00","2026-05-25 01:00:00","2026-05-25 02:30:00",false,false,false,"[PREMIUM]","[PREMIUM]","[PREMIUM]","[PREMIUM]","[PREMIUM]","[PREMIUM]",false,true,"69c31463346405ec7f25f9e8","['5a99838dccb7ce0014f78791']","[PREMIUM]","[PREMIUM]"
"69c44769d4672aeae731153e","2026-03-26 00:42:56.498","2026-04-08 00:07:39.512","69c44769d4672aeae731153e","Nazareth","music","2026-05-27 18:00:00","2026-05-27 23:00:00","2026-05-27 23:00:00",false,false,false,"[PREMIUM]","[PREMIUM]","[PREMIUM]","[PREMIUM]","[PREMIUM]","[PREMIUM]",false,false,"57b5de9cf80c41264bb99858","['6823b22f78cf981b2ca6fc33']","[PREMIUM]","[PREMIUM]"
"69c3eecd8d248bedaaa127ac","2026-03-26 00:42:56.498","2026-04-08 00:07:39.512","69c3eecd8d248bedaaa127ac","Robert Earl Keen","music","2026-05-27 20:00:00","2026-05-28 00:00:00","2026-05-28 01:30:00",false,false,false,"[PREMIUM]","[PREMIUM]","[PREMIUM]","[PREMIUM]","[PREMIUM]","[PREMIUM]",false,false,"67e3123c3d2a5ae4a818e0ca","['5b7c3edbf3ad8a0012d1f911']","[PREMIUM]","[PREMIUM]"
"69c35bd03421ca296b5b91dc","2026-03-26 00:42:56.498","2026-04-08 00:07:31.444","69c35bd03421ca296b5b91dc","Robert Earl Keen","music","2026-05-24 19:00:00","2026-05-24 23:00:00","2026-05-25 00:30:00",false,false,false,"[PREMIUM]","[PREMIUM]","[PREMIUM]","[PREMIUM]","[PREMIUM]","[PREMIUM]",false,true,"67e3124b756981b00d96cefa","['5b7c3edbf3ad8a0012d1f911']","[PREMIUM]","[PREMIUM]"
"69c35b74ff38da9a0183151c","2026-03-26 00:42:56.498","2026-04-08 00:07:39.512","69c35b74ff38da9a0183151c","Matt Maeson","music","2026-05-27 19:00:00","2026-05-28 02:00:00","2026-05-28 03:30:00",false,false,false,"[PREMIUM]","[PREMIUM]","[PREMIUM]","[PREMIUM]","[PREMIUM]","[PREMIUM]",false,false,"578577a7f80c41623d38b3e6","['5ce2e273a920a4001664306a']","[PREMIUM]","[PREMIUM]"
"69c2f5c6e1190a8cab904cf8","2026-03-26 00:42:56.498","2026-04-08 00:07:39.512","69c2f5c6e1190a8cab904cf8","Nazareth","music","2026-05-26 19:00:00","2026-05-27 00:00:00","2026-05-27 00:00:00",false,false,false,"[PREMIUM]","[PREMIUM]","[PREMIUM]","[PREMIUM]","[PREMIUM]","[PREMIUM]",false,false,"57c61b85f80c4132e419902e","['6823b22f78cf981b2ca6fc33']","[PREMIUM]","[PREMIUM]"
"69c2f2869381f3869e4eab34","2026-03-26 00:42:56.498","2026-04-08 00:07:39.512","69c2f2869381f3869e4eab34","All Elite Wrestling","wres","2026-05-27 19:30:00","2026-05-27 23:30:00","2026-05-28 00:15:00",false,false,false,"[PREMIUM]","[PREMIUM]","[PREMIUM]","[PREMIUM]","[PREMIUM]","[PREMIUM]",false,false,"5823ad10cde6626ebe525d02","['5e225159b1a260003b40c139']","[PREMIUM]","[PREMIUM]"
"69c2f1a06fc61615311e0b54","2026-03-26 00:42:56.498","2026-04-08 00:07:39.512","69c2f1a06fc61615311e0b54","Coheed and Cambria","music","2026-05-25 19:30:00","2026-05-25 23:30:00","2026-05-26 00:30:00",false,false,false,"[PREMIUM]","[PREMIUM]","[PREMIUM]","[PREMIUM]","[PREMIUM]","[PREMIUM]",false,true,"656e4d9f3e8b15ea85459024","['588a4c2bf80c412d43c756a6']","[PREMIUM]","[PREMIUM]"
"69bdcd9af0f2bfe316486b51","2026-03-26 00:42:56.498","2026-04-08 00:07:39.512","69bdcd9af0f2bfe316486b51","FattMack","music","2026-05-26 20:00:00","2026-05-27 01:00:00","2026-05-27 01:00:00",false,false,false,"[PREMIUM]","[PREMIUM]","[PREMIUM]","[PREMIUM]","[PREMIUM]","[PREMIUM]",false,true,"690e3ac7b0f5cc9071613bc7","['69c40c173b380aace3b8ef89']","[PREMIUM]","[PREMIUM]"
"69b1eaf8f1d92bbb0553baeb","2026-03-26 00:42:56.498","2026-04-08 00:07:39.512","69b1eaf8f1d92bbb0553baeb","Jamie Allan's Amaze","theater","2026-05-27 19:00:00","2026-05-27 23:00:00","2026-05-27 23:00:00",false,false,false,"[PREMIUM]","[PREMIUM]","[PREMIUM]","[PREMIUM]","[PREMIUM]","[PREMIUM]",false,true,"69c3fc95993d6c319e4b6760","['69c3f13fdfb17ce91fac9693']","[PREMIUM]","[PREMIUM]"
"69b1eaf218f60f911fde8e7c","2026-03-26 00:42:56.498","2026-04-08 00:07:39.512","69b1eaf218f60f911fde8e7c","Jamie Allans Amaze","theater","2026-05-25 20:00:00","2026-05-26 00:00:00","2026-05-26 00:00:00",false,false,false,"[PREMIUM]","[PREMIUM]","[PREMIUM]","[PREMIUM]","[PREMIUM]","[PREMIUM]",false,true,"5a74ba8ebf2ea1000ff1a72e","['69c3f13fdfb17ce91fac9693']","[PREMIUM]","[PREMIUM]"
"699d2c33f5aac1157b985abb","2026-03-26 00:42:56.498","2026-04-08 00:07:31.444","699d2c33f5aac1157b985abb","Chris Tucker","comedy","2026-05-24 19:00:00","2026-05-24 23:00:00","2026-05-25 00:00:00",false,false,false,"[PREMIUM]","[PREMIUM]","[PREMIUM]","[PREMIUM]","[PREMIUM]","[PREMIUM]",false,true,"69c45204ef3183430df1c271","['586c8fdff80c417bcb64600f']","[PREMIUM]","[PREMIUM]"
"691d2c6e7266ef73ba542a00","2026-03-26 00:42:40.415","2026-04-08 00:07:24.289","691d2c6e7266ef73ba542a00","La La Land In Concert (19+ Event)","music","2026-05-23 19:00:00","2026-05-23 23:00:00","2026-05-24 00:00:00",false,false,false,"[PREMIUM]","[PREMIUM]","[PREMIUM]","[PREMIUM]","[PREMIUM]","[PREMIUM]",false,true,"69c45204ef3183430df1c271","['58bf33fff80c41185e6b2984']","[PREMIUM]","[PREMIUM]"
"6938db7f051595248f85f37b","2026-03-26 00:42:40.415","2026-04-08 00:07:31.444","6938db7f051595248f85f37b","Jamie Allans Amaze","theater","2026-05-24 15:00:00","2026-05-24 19:00:00","2026-05-24 19:00:00",false,false,false,"[PREMIUM]","[PREMIUM]","[PREMIUM]","[PREMIUM]","[PREMIUM]","[PREMIUM]",false,false,"67e720047f0495454b58f34a","['69c3f13fdfb17ce91fac9693']","[PREMIUM]","[PREMIUM]"
"6938db7f754dd3549b56664f","2026-03-26 00:42:40.415","2026-04-08 00:07:24.289","6938db7f754dd3549b56664f","Jamie Allans Amaze","theater","2026-05-23 14:00:00","2026-05-23 18:00:00","2026-05-23 18:00:00",false,false,false,"[PREMIUM]","[PREMIUM]","[PREMIUM]","[PREMIUM]","[PREMIUM]","[PREMIUM]",false,false,"67e720047f0495454b58f34a","['69c3f13fdfb17ce91fac9693']","[PREMIUM]","[PREMIUM]"
"69c4609fa68afb1d8ad0ca8a","2026-03-26 00:42:40.415","2026-04-08 00:07:31.444","69c4609fa68afb1d8ad0ca8a","Orlando Leyba","comedy","2026-05-23 21:30:00","2026-05-24 04:30:00","2026-05-24 04:30:00",false,false,false,"[PREMIUM]","[PREMIUM]","[PREMIUM]","[PREMIUM]","[PREMIUM]","[PREMIUM]",false,true,"654d3b270372748a9322980e","['65ebfeefc1ddfc7c2ec15e61']","[PREMIUM]","[PREMIUM]"
"69c4609f4372ca7735ad6e35","2026-03-26 00:42:40.415","2026-04-08 00:07:24.289","69c4609f4372ca7735ad6e35","Orlando Leyba","comedy","2026-05-23 19:00:00","2026-05-24 02:00:00","2026-05-24 02:00:00",false,false,false,"[PREMIUM]","[PREMIUM]","[PREMIUM]","[PREMIUM]","[PREMIUM]","[PREMIUM]",false,true,"654d3b270372748a9322980e","['65ebfeefc1ddfc7c2ec15e61']","[PREMIUM]","[PREMIUM]"
"69c4609f03695394c8119286","2026-03-26 00:42:40.415","2026-04-08 00:07:31.444","69c4609f03695394c8119286","Orlando Leyba","comedy","2026-05-24 18:00:00","2026-05-25 01:00:00","2026-05-25 01:00:00",false,false,false,"[PREMIUM]","[PREMIUM]","[PREMIUM]","[PREMIUM]","[PREMIUM]","[PREMIUM]",false,true,"654d3b270372748a9322980e","['65ebfeefc1ddfc7c2ec15e61']","[PREMIUM]","[PREMIUM]"
"69c40be0814137f2296ae3b1","2026-03-26 00:42:40.415","2026-04-08 00:07:31.444","69c40be0814137f2296ae3b1","TBD at Colorado Avalanche (Round 3 - Home Game 2) (Date TBD) (If Necessary)","nhl","2026-05-24 00:00:00","2026-05-24 06:00:00","2026-05-24 06:45:00",true,true,true,"[PREMIUM]","[PREMIUM]","[PREMIUM]","[PREMIUM]","[PREMIUM]","[PREMIUM]",false,false,"54518a533bf3761a02000001","['54518a783bf3761a0200000b','5a99e2126311820014498a01']","[PREMIUM]","[PREMIUM]"
"69c35f98aed4008d36423429","2026-03-26 00:42:40.415","2026-04-08 00:07:31.444","69c35f98aed4008d36423429","Godfrey (18+ Event)","comedy","2026-05-24 18:00:00","2026-05-24 23:00:00","2026-05-25 00:30:00",false,false,false,"[PREMIUM]","[PREMIUM]","[PREMIUM]","[PREMIUM]","[PREMIUM]","[PREMIUM]",false,true,"6835ea8fab71b508f204b9a1","['5dbca19603be540038bb42f8']","[PREMIUM]","[PREMIUM]"
"69c35f98ab865e9c04ae74a6","2026-03-26 00:42:40.415","2026-04-08 00:07:24.289","69c35f98ab865e9c04ae74a6","Godfrey (18+ Event)","comedy","2026-05-23 19:00:00","2026-05-24 00:00:00","2026-05-24 01:30:00",false,false,false,"[PREMIUM]","[PREMIUM]","[PREMIUM]","[PREMIUM]","[PREMIUM]","[PREMIUM]",false,true,"6835ea8fab71b508f204b9a1","['5dbca19603be540038bb42f8']","[PREMIUM]","[PREMIUM]"
"69c35f98814137f2296a9aff","2026-03-26 00:42:40.415","2026-04-08 00:07:31.444","69c35f98814137f2296a9aff","Godfrey","comedy","2026-05-23 21:15:00","2026-05-24 02:15:00","2026-05-24 03:45:00",false,false,false,"[PREMIUM]","[PREMIUM]","[PREMIUM]","[PREMIUM]","[PREMIUM]","[PREMIUM]",false,true,"6835ea8fab71b508f204b9a1","['5dbca19603be540038bb42f8']","[PREMIUM]","[PREMIUM]"
"69c357ea15f59881327966a1","2026-03-26 00:42:40.415","2026-04-08 00:07:24.289","69c357ea15f59881327966a1","Matt Maeson","music","2026-05-23 19:00:00","2026-05-24 02:00:00","2026-05-24 03:30:00",false,false,false,"[PREMIUM]","[PREMIUM]","[PREMIUM]","[PREMIUM]","[PREMIUM]","[PREMIUM]",false,false,"57e1db5b50575d33c89e44ec","['5ce2e273a920a4001664306a']","[PREMIUM]","[PREMIUM]"
"69c2f897e1190a8cab90508b","2026-03-26 00:42:40.415","2026-04-08 00:07:31.444","69c2f897e1190a8cab90508b","Chet Faker","music","2026-05-23 20:00:00","2026-05-24 00:00:00","2026-05-24 01:00:00",false,false,false,"[PREMIUM]","[PREMIUM]","[PREMIUM]","[PREMIUM]","[PREMIUM]","[PREMIUM]",false,false,"57eade5dcde6626ebe3ba5e2","['5952e69925f2c578f06ac199']","[PREMIUM]","[PREMIUM]"
"69c2f15d5f8257e5ae169e9f","2026-03-26 00:42:40.415","2026-04-08 00:07:31.444","69c2f15d5f8257e5ae169e9f","King George","music","2026-05-23 20:00:00","2026-05-24 00:00:00","2026-05-24 01:30:00",false,false,false,"[PREMIUM]","[PREMIUM]","[PREMIUM]","[PREMIUM]","[PREMIUM]","[PREMIUM]",false,true,"64a71f1fbbcf0a00013e1dc8","['646ceb68fb5653000157ab24']","[PREMIUM]","[PREMIUM]"
"69bb0f269efce91e38f76708","2026-03-26 00:42:40.415","2026-04-08 00:07:31.444","69bb0f269efce91e38f76708","TBD at Winnipeg Jets (Round 3 - Home Game 2) (Date TBD) (If Necessary)","nhl","2026-05-24 00:00:00","2026-05-24 05:00:00","2026-05-24 05:45:00",true,true,true,"[PREMIUM]","[PREMIUM]","[PREMIUM]","[PREMIUM]","[PREMIUM]","[PREMIUM]",false,false,"545d4ace3bf3762bdb000001","['545d4af43bf3762bdb00000c','5a99e2126311820014498a01']","[PREMIUM]","[PREMIUM]"
"69a6285a4eb14ca0b58afcf8","2026-03-26 00:42:40.415","2026-04-08 00:07:31.444","69a6285a4eb14ca0b58afcf8","Larry Hernandez, Alicia Villarreal, and Lupita Infante","music","2026-05-23 21:00:00","2026-05-24 02:00:00","2026-05-24 02:00:00",false,false,false,"[PREMIUM]","[PREMIUM]","[PREMIUM]","[PREMIUM]","[PREMIUM]","[PREMIUM]",false,false,"65eb991764726aa81a21f6e9","['650cc61f284cee000148b2b8']","[PREMIUM]","[PREMIUM]"
"69971f9ee6ec3cb88ed91a7c","2026-03-26 00:42:40.415","2026-04-08 00:07:24.289","69971f9ee6ec3cb88ed91a7c","Jamie Allan's Amaze","theater","2026-05-23 17:00:00","2026-05-23 21:00:00","2026-05-23 21:00:00",false,false,false,"[PREMIUM]","[PREMIUM]","[PREMIUM]","[PREMIUM]","[PREMIUM]","[PREMIUM]",false,true,"69c3fc95993d6c319e4b6760","['69c3f13fdfb17ce91fac9693']","[PREMIUM]","[PREMIUM]"
"691d2c6e553e36f03ef626b5","2026-03-26 00:42:26.336","2026-04-08 00:07:24.289","691d2c6e553e36f03ef626b5","La La Land In Concert","music","2026-05-23 13:00:00","2026-05-23 17:00:00","2026-05-23 18:00:00",false,false,false,"[PREMIUM]","[PREMIUM]","[PREMIUM]","[PREMIUM]","[PREMIUM]","[PREMIUM]",false,true,"69c45204ef3183430df1c271","['58bf33fff80c41185e6b2984']","[PREMIUM]","[PREMIUM]"
"6938db7c051595248f85f37a","2026-03-26 00:42:26.336","2026-04-08 00:07:16.603","6938db7c051595248f85f37a","Jamie Allans Amaze","theater","2026-05-21 19:00:00","2026-05-21 23:00:00","2026-05-21 23:00:00",false,false,false,"[PREMIUM]","[PREMIUM]","[PREMIUM]","[PREMIUM]","[PREMIUM]","[PREMIUM]",false,false,"67e720047f0495454b58f34a","['69c3f13fdfb17ce91fac9693']","[PREMIUM]","[PREMIUM]"
"698ab6b346cf3bbbbc3dd081","2026-03-26 00:42:26.336","2026-04-08 00:07:16.603","698ab6b346cf3bbbbc3dd081","TBD at Colorado Avalanche (Round 3 - Home Game 1) (Date TBD) (If Necessary)","nhl","2026-05-22 00:00:00","2026-05-22 06:00:00","2026-05-22 06:45:00",true,true,true,"[PREMIUM]","[PREMIUM]","[PREMIUM]","[PREMIUM]","[PREMIUM]","[PREMIUM]",false,false,"54518a533bf3761a02000001","['54518a783bf3761a0200000b','5a99e2126311820014498a01']","[PREMIUM]","[PREMIUM]"
"69c4630da68afb1d8ad0cbdb","2026-03-26 00:42:26.336","2026-04-08 00:07:24.289","69c4630da68afb1d8ad0cbdb","Waka Flocka Flame","music","2026-05-22 20:00:00","2026-05-23 00:00:00","2026-05-23 01:00:00",false,false,false,"[PREMIUM]","[PREMIUM]","[PREMIUM]","[PREMIUM]","[PREMIUM]","[PREMIUM]",false,true,"611d96bb194e4100013d953e","['57fefb30f80c4143aa54dca9']","[PREMIUM]","[PREMIUM]"
"69c4609f7886f1a3d661b49e","2026-03-26 00:42:26.336","2026-04-08 00:07:24.289","69c4609f7886f1a3d661b49e","Orlando Leyba","comedy","2026-05-22 21:45:00","2026-05-23 04:45:00","2026-05-23 04:45:00",false,false,false,"[PREMIUM]","[PREMIUM]","[PREMIUM]","[PREMIUM]","[PREMIUM]","[PREMIUM]",false,true,"654d3b270372748a9322980e","['65ebfeefc1ddfc7c2ec15e61']","[PREMIUM]","[PREMIUM]"
"69c4609f2e0885699fc85baa","2026-03-26 00:42:26.336","2026-04-08 00:07:24.289","69c4609f2e0885699fc85baa","Orlando Leyba","comedy","2026-05-22 19:30:00","2026-05-23 02:30:00","2026-05-23 02:30:00",false,false,false,"[PREMIUM]","[PREMIUM]","[PREMIUM]","[PREMIUM]","[PREMIUM]","[PREMIUM]",false,true,"654d3b270372748a9322980e","['65ebfeefc1ddfc7c2ec15e61']","[PREMIUM]","[PREMIUM]"
"69c4497c41c5cc764ba0abca","2026-03-26 00:42:26.336","2026-04-08 00:07:16.603","69c4497c41c5cc764ba0abca","Clint Black","music","2026-05-21 19:30:00","2026-05-21 23:30:00","2026-05-21 23:30:00",false,false,false,"[PREMIUM]","[PREMIUM]","[PREMIUM]","[PREMIUM]","[PREMIUM]","[PREMIUM]",false,true,"62a26ecd89544b00016176d8","['6529c6d8ea1b78a604672e6d']","[PREMIUM]","[PREMIUM]"
"69c442e68d50921314508140","2026-03-26 00:42:26.336","2026-04-08 00:07:24.289","69c442e68d50921314508140","Father Mike Schmitz","talk","2026-05-22 19:00:00","2026-05-22 23:00:00","2026-05-22 23:00:00",false,false,false,"[PREMIUM]","[PREMIUM]","[PREMIUM]","[PREMIUM]","[PREMIUM]","[PREMIUM]",true,false,"5aeb5842e300b80012ce46c6","['66e36d5e9ed55d7b38a36ef9']","[PREMIUM]","[PREMIUM]"
"69c3ee9bccdc8cb98fb575cb","2026-03-26 00:42:26.336","2026-04-08 00:07:16.603","69c3ee9bccdc8cb98fb575cb","Barrington Levy","music","2026-05-21 20:00:00","2026-05-22 03:00:00","2026-05-22 03:00:00",false,false,false,"[PREMIUM]","[PREMIUM]","[PREMIUM]","[PREMIUM]","[PREMIUM]","[PREMIUM]",false,true,"5a45636511d31e00124c616e","['67ffc922d31c935d5437eb00']","[PREMIUM]","[PREMIUM]"
"69c35f99a8006a7af8793514","2026-03-26 00:42:26.336","2026-04-08 00:07:16.603","69c35f99a8006a7af8793514","Mark Viera (18+ Event)","comedy","2026-05-21 19:00:00","2026-05-22 00:00:00","2026-05-22 00:00:00",false,false,false,"[PREMIUM]","[PREMIUM]","[PREMIUM]","[PREMIUM]","[PREMIUM]","[PREMIUM]",false,true,"6835ea8fab71b508f204b9a1","['66cf76f2a29dc4f690be8a16']","[PREMIUM]","[PREMIUM]"
"69c35f98ff38da9a0183177e","2026-03-26 00:42:26.336","2026-04-08 00:07:24.289","69c35f98ff38da9a0183177e","Godfrey","comedy","2026-05-22 21:15:00","2026-05-23 02:15:00","2026-05-23 03:45:00",false,false,false,"[PREMIUM]","[PREMIUM]","[PREMIUM]","[PREMIUM]","[PREMIUM]","[PREMIUM]",false,true,"6835ea8fab71b508f204b9a1","['5dbca19603be540038bb42f8']","[PREMIUM]","[PREMIUM]"
"69c35f98a6b092d278b09374","2026-03-26 00:42:26.336","2026-04-08 00:07:24.289","69c35f98a6b092d278b09374","Godfrey","comedy","2026-05-22 19:00:00","2026-05-23 00:00:00","2026-05-23 01:30:00",false,false,false,"[PREMIUM]","[PREMIUM]","[PREMIUM]","[PREMIUM]","[PREMIUM]","[PREMIUM]",false,true,"6835ea8fab71b508f204b9a1","['5dbca19603be540038bb42f8']","[PREMIUM]","[PREMIUM]"
"69c35d92a17d073a42f0f8be","2026-03-26 00:42:26.336","2026-04-08 00:07:24.289","69c35d92a17d073a42f0f8be","Moonchild","music","2026-05-22 19:00:00","2026-05-22 23:00:00","2026-05-23 00:30:00",false,false,false,"[PREMIUM]","[PREMIUM]","[PREMIUM]","[PREMIUM]","[PREMIUM]","[PREMIUM]",false,false,"57d1e89150575d33c8544dad","['5d39df8e6beb8d0034a92c7b']","[PREMIUM]","[PREMIUM]"
"69c35c9b18cfcc63d3e68a66","2026-03-26 00:42:26.336","2026-04-08 00:07:24.289","69c35c9b18cfcc63d3e68a66","Kool & The Gang","music","2026-05-22 20:00:00","2026-05-23 03:00:00","2026-05-23 04:00:00",false,false,false,"[PREMIUM]","[PREMIUM]","[PREMIUM]","[PREMIUM]","[PREMIUM]","[PREMIUM]",false,false,"63d316c91b353800015e9b96","['5796ac83f80c41408c4378ae']","[PREMIUM]","[PREMIUM]"
"69c35afc993d6c319e4b2b3a","2026-03-26 00:42:26.336","2026-04-08 00:07:16.603","69c35afc993d6c319e4b2b3a","Journey","music","2026-05-21 19:30:00","2026-05-21 23:30:00","2026-05-22 00:30:00",false,false,false,"[PREMIUM]","[PREMIUM]","[PREMIUM]","[PREMIUM]","[PREMIUM]","[PREMIUM]",false,false,"60d0e248a06735000150354c","['56eb070df80c417f84000002']","[PREMIUM]","[PREMIUM]"
"69bc23d82df7046a93c62ec2","2026-03-26 00:42:26.336","2026-04-08 00:07:24.289","69bc23d82df7046a93c62ec2","Boosie","music","2026-05-22 20:00:00","2026-05-23 01:00:00","2026-05-23 01:00:00",false,false,false,"[PREMIUM]","[PREMIUM]","[PREMIUM]","[PREMIUM]","[PREMIUM]","[PREMIUM]",false,false,"5ac63fce0e1af60014f8467e","['68c8e48e9105f21c0f854c28']","[PREMIUM]","[PREMIUM]"
"69bb0f273fba3c5981a608e9","2026-03-26 00:42:26.336","2026-04-08 00:07:16.603","69bb0f273fba3c5981a608e9","TBD at Winnipeg Jets (Round 3 - Home Game 1) (Date TBD) (If Necessary)","nhl","2026-05-22 00:00:00","2026-05-22 05:00:00","2026-05-22 05:45:00",true,true,true,"[PREMIUM]","[PREMIUM]","[PREMIUM]","[PREMIUM]","[PREMIUM]","[PREMIUM]",false,false,"545d4ace3bf3762bdb000001","['545d4af43bf3762bdb00000c','5a99e2126311820014498a01']","[PREMIUM]","[PREMIUM]"
"6938db845560eaf2211ead7d","2026-03-26 00:42:07.048","2026-04-08 00:07:16.603","6938db845560eaf2211ead7d","Jamie Allans Amaze","theater","2026-05-20 19:00:00","2026-05-20 23:00:00","2026-05-20 23:00:00",false,false,false,"[PREMIUM]","[PREMIUM]","[PREMIUM]","[PREMIUM]","[PREMIUM]","[PREMIUM]",false,false,"67e720047f0495454b58f34a","['69c3f13fdfb17ce91fac9693']","[PREMIUM]","[PREMIUM]"
"69c464c7c15b5688cf83013f","2026-03-26 00:42:07.048","2026-04-08 00:07:16.603","69c464c7c15b5688cf83013f","Father Mike Schmitz","talk","2026-05-20 19:00:00","2026-05-20 23:00:00","2026-05-20 23:00:00",false,false,false,"[PREMIUM]","[PREMIUM]","[PREMIUM]","[PREMIUM]","[PREMIUM]","[PREMIUM]",false,false,"5ac3a83912b2b00014732ed2","['66e36d5e9ed55d7b38a36ef9']","[PREMIUM]","[PREMIUM]"
"69c46024e837453ef5ad30c7","2026-03-26 00:42:07.048","2026-04-08 00:07:08.963","69c46024e837453ef5ad30c7","Lucy Darling","comedy","2026-05-19 19:30:00","2026-05-20 02:30:00","2026-05-20 02:30:00",false,false,false,"[PREMIUM]","[PREMIUM]","[PREMIUM]","[PREMIUM]","[PREMIUM]","[PREMIUM]",false,false,"57c8732cf80c4144770ff8ed","['6830866a1132ae53666114b4']","[PREMIUM]","[PREMIUM]"
"69c46024b93015e43ddbb6a0","2026-03-26 00:42:07.048","2026-04-08 00:07:16.603","69c46024b93015e43ddbb6a0","Lucy Darling - Simply Darling","comedy","2026-05-20 19:30:00","2026-05-21 02:30:00","2026-05-21 02:30:00",false,false,false,"[PREMIUM]","[PREMIUM]","[PREMIUM]","[PREMIUM]","[PREMIUM]","[PREMIUM]",false,true,"66198f7e973cd4bbd9e233b0","['6830866a1132ae53666114b4']","[PREMIUM]","[PREMIUM]"
"69c4600f8c2892637d7ceeeb","2026-03-26 00:42:07.048","2026-04-08 00:07:16.603","69c4600f8c2892637d7ceeeb","Ladies and Tangents","talk","2026-05-20 19:30:00","2026-05-20 23:30:00","2026-05-20 23:30:00",false,false,false,"[PREMIUM]","[PREMIUM]","[PREMIUM]","[PREMIUM]","[PREMIUM]","[PREMIUM]",false,true,"648cd8f32cbc080001656ef8","['6826481928a3c86cf81678ce']","[PREMIUM]","[PREMIUM]"
"69c45f758d509213145090b1","2026-03-26 00:42:07.048","2026-04-08 00:07:16.603","69c45f758d509213145090b1","Chet Faker (18+ Event)","music","2026-05-20 20:00:00","2026-05-21 01:00:00","2026-05-21 02:00:00",false,false,false,"[PREMIUM]","[PREMIUM]","[PREMIUM]","[PREMIUM]","[PREMIUM]","[PREMIUM]",false,false,"57e2dfde50575d33c8a3f2ad","['5952e69925f2c578f06ac199']","[PREMIUM]","[PREMIUM]"
"69c329a28459ea2f4504b645","2026-03-26 00:42:07.048","2026-04-08 00:07:16.603","69c329a28459ea2f4504b645","Blue Man Group","theater","2026-05-20 23:59:00","2026-05-21 06:59:00","2026-05-21 07:59:00",false,false,false,"[PREMIUM]","[PREMIUM]","[PREMIUM]","[PREMIUM]","[PREMIUM]","[PREMIUM]",true,false,"62cc6fe874f0f100012e52f6","['59d6a31925f2c554ce10100a']","[PREMIUM]","[PREMIUM]"
"69c2f493a8f42a6b22fc4766","2026-03-26 00:42:07.048","2026-04-08 00:07:16.603","69c2f493a8f42a6b22fc4766","Coheed and Cambria","music","2026-05-20 19:00:00","2026-05-21 00:00:00","2026-05-21 01:00:00",false,false,false,"[PREMIUM]","[PREMIUM]","[PREMIUM]","[PREMIUM]","[PREMIUM]","[PREMIUM]",false,true,"61e9f633b0dbc100010f0932","['588a4c2bf80c412d43c756a6']","[PREMIUM]","[PREMIUM]"
"6938db7e5560eaf2211ead78","2026-03-26 00:41:50.262","2026-04-08 00:07:01.421","6938db7e5560eaf2211ead78","Jamie Allans Amaze","theater","2026-05-17 15:00:00","2026-05-17 19:00:00","2026-05-17 19:00:00",false,false,false,"[PREMIUM]","[PREMIUM]","[PREMIUM]","[PREMIUM]","[PREMIUM]","[PREMIUM]",false,false,"67e720047f0495454b58f34a","['69c3f13fdfb17ce91fac9693']","[PREMIUM]","[PREMIUM]"
"698ab6b3a91fc9367ec3bfe0","2026-03-26 00:41:50.262","2026-04-08 00:07:08.963","698ab6b3a91fc9367ec3bfe0","TBD at Colorado Avalanche (Round 2 - Home Game 4) (Date TBD) (If Necessary)","nhl","2026-05-18 00:00:00","2026-05-18 06:00:00","2026-05-18 06:45:00",true,true,true,"[PREMIUM]","[PREMIUM]","[PREMIUM]","[PREMIUM]","[PREMIUM]","[PREMIUM]",false,false,"54518a533bf3761a02000001","['54518a783bf3761a0200000b','5a99e2126311820014498a01','67ffd504f534381f059eced1']","[PREMIUM]","[PREMIUM]"
"6938db810817ab1c4fa07d83","2026-03-26 00:41:50.262","2026-04-09 03:57:18.844","6938db810817ab1c4fa07d83","Jamie Allans Amaze","theater","2026-05-16 20:00:00","2026-05-17 00:00:00","2026-05-17 00:00:00",false,false,false,"[PREMIUM]","[PREMIUM]","[PREMIUM]","[PREMIUM]","[PREMIUM]","[PREMIUM]",false,false,"67e720047f0495454b58f34a","['69c3f13fdfb17ce91fac9693']","[PREMIUM]","[PREMIUM]"
"6938db81fea89c7798f2b091","2026-03-26 00:41:50.262","2026-04-08 00:07:01.421","6938db81fea89c7798f2b091","Jamie Allans Amaze","theater","2026-05-17 12:00:00","2026-05-17 16:00:00","2026-05-17 16:00:00",false,false,false,"[PREMIUM]","[PREMIUM]","[PREMIUM]","[PREMIUM]","[PREMIUM]","[PREMIUM]",false,false,"67e720047f0495454b58f34a","['69c3f13fdfb17ce91fac9693']","[PREMIUM]","[PREMIUM]"
"6938db820817ab1c4fa07d85","2026-03-26 00:41:50.262","2026-04-08 00:07:08.963","6938db820817ab1c4fa07d85","Jamie Allans Amaze","theater","2026-05-18 19:00:00","2026-05-18 23:00:00","2026-05-18 23:00:00",false,false,false,"[PREMIUM]","[PREMIUM]","[PREMIUM]","[PREMIUM]","[PREMIUM]","[PREMIUM]",false,false,"67e720047f0495454b58f34a","['69c3f13fdfb17ce91fac9693']","[PREMIUM]","[PREMIUM]"
"69c4627a3658f05b8d89192a","2026-03-26 00:41:50.262","2026-04-08 00:07:08.963","69c4627a3658f05b8d89192a","Father Mike Schmitz","talk","2026-05-18 19:00:00","2026-05-19 00:00:00","2026-05-19 00:00:00",false,false,false,"[PREMIUM]","[PREMIUM]","[PREMIUM]","[PREMIUM]","[PREMIUM]","[PREMIUM]",false,false,"5a9ed6c02af8d200131fce78","['66e36d5e9ed55d7b38a36ef9']","[PREMIUM]","[PREMIUM]"
"69c45b7af1052c4e084317d0","2026-03-26 00:41:50.262","2026-04-08 00:07:01.421","69c45b7af1052c4e084317d0","Las Vegas Aces at Atlanta Dream","wnba","2026-05-17 15:00:00","2026-05-17 19:00:00","2026-05-17 20:30:00",false,false,false,"[PREMIUM]","[PREMIUM]","[PREMIUM]","[PREMIUM]","[PREMIUM]","[PREMIUM]",false,false,"544effe03bf3766eb4000002","['596e68be25f2c5255b19e016','5ae0b476dd89110012e740b6']","[PREMIUM]","[PREMIUM]"
"69c443094d58cc3a422d8761","2026-03-26 00:41:50.262","2026-04-08 00:07:08.963","69c443094d58cc3a422d8761","Treaty Oak Revival","music","2026-05-17 19:30:00","2026-05-18 00:30:00","2026-05-18 00:30:00",false,false,false,"[PREMIUM]","[PREMIUM]","[PREMIUM]","[PREMIUM]","[PREMIUM]","[PREMIUM]",true,false,"5798426cf80c417b17e7395f","['64eb74cdfb38af0001ba4dfb']","[PREMIUM]","[PREMIUM]"
"69c405d90690bd5f3040c3c1","2026-03-26 00:41:50.262","2026-04-08 00:07:01.421","69c405d90690bd5f3040c3c1","TBD at New York Knicks (Round 2 - Home Game 4) (Date TBD) (If Necessary)","nba","2026-05-17 00:00:00","2026-05-17 04:00:00","2026-05-17 04:45:00",true,true,true,"[PREMIUM]","[PREMIUM]","[PREMIUM]","[PREMIUM]","[PREMIUM]","[PREMIUM]",false,false,"5309739c3bf376115d000002","['53079e153bf3764978000001','5a99e2126311820014498a01','67ffd3f1ef22b539ed5cca2c']","[PREMIUM]","[PREMIUM]"
"69c35af1427ff8ffb7397c1d","2026-03-26 00:41:50.262","2026-04-08 00:07:08.963","69c35af1427ff8ffb7397c1d","Mannequin Pussy","music","2026-05-17 20:00:00","2026-05-18 03:00:00","2026-05-18 03:00:00",false,false,false,"[PREMIUM]","[PREMIUM]","[PREMIUM]","[PREMIUM]","[PREMIUM]","[PREMIUM]",false,false,"57e1885950575d33c89c1729","['6555127eb490fc1309b785a7']","[PREMIUM]","[PREMIUM]"
"69c35a9fa6b092d278b0909b","2026-03-26 00:41:50.262","2026-04-09 03:57:18.844","69c35a9fa6b092d278b0909b","Matt Maeson","music","2026-05-16 20:00:00","2026-05-17 02:00:00","2026-05-17 03:30:00",false,false,false,"[PREMIUM]","[PREMIUM]","[PREMIUM]","[PREMIUM]","[PREMIUM]","[PREMIUM]",false,false,"5ae0a76dd750e200128d7e84","['5ce2e273a920a4001664306a']","[PREMIUM]","[PREMIUM]"
"69bd3c683279c57c60d77f68","2026-03-26 00:41:50.262","2026-04-08 00:07:08.963","69bd3c683279c57c60d77f68","FattMack","music","2026-05-18 19:00:00","2026-05-19 02:00:00","2026-05-19 02:00:00",false,false,false,"[PREMIUM]","[PREMIUM]","[PREMIUM]","[PREMIUM]","[PREMIUM]","[PREMIUM]",false,false,"5b3fa5cea6100c00139f99d1","['69c40c173b380aace3b8ef89']","[PREMIUM]","[PREMIUM]"
"69bc92493279c57c60d758b9","2026-03-26 00:41:50.262","2026-04-08 00:07:08.963","69bc92493279c57c60d758b9","FattMack","music","2026-05-17 19:00:00","2026-05-18 00:00:00","2026-05-18 00:00:00",false,false,false,"[PREMIUM]","[PREMIUM]","[PREMIUM]","[PREMIUM]","[PREMIUM]","[PREMIUM]",false,false,"57c61b85f80c4132e419902e","['69c40c173b380aace3b8ef89']","[PREMIUM]","[PREMIUM]"
"69bb0f271ee825e82ef798e8","2026-03-26 00:41:50.262","2026-04-08 00:07:08.963","69bb0f271ee825e82ef798e8","TBD at Winnipeg Jets (Round 2 - Home Game 4) (Date TBD) (If Necessary)","nhl","2026-05-18 00:00:00","2026-05-18 05:00:00","2026-05-18 05:45:00",true,true,true,"[PREMIUM]","[PREMIUM]","[PREMIUM]","[PREMIUM]","[PREMIUM]","[PREMIUM]",false,false,"545d4ace3bf3762bdb000001","['545d4af43bf3762bdb00000c','5a99e2126311820014498a01','67ffd504f534381f059eced1']","[PREMIUM]","[PREMIUM]"
"6977ce5b86c6b2301a065366","2026-03-26 00:41:34.841","2026-04-09 03:57:18.844","6977ce5b86c6b2301a065366","The Fray","music","2026-05-16 19:00:00","2026-05-16 23:00:00","2026-05-17 00:00:00",false,false,false,"[PREMIUM]","[PREMIUM]","[PREMIUM]","[PREMIUM]","[PREMIUM]","[PREMIUM]",false,true,"69c45204ef3183430df1c271","['57d85f5ef80c413301ae25bf']","[PREMIUM]","[PREMIUM]"
"6938db7bfbc69d5b569967d5","2026-03-26 00:41:34.841","2026-04-09 03:57:18.844","6938db7bfbc69d5b569967d5","Jamie Allans Amaze","theater","2026-05-16 14:00:00","2026-05-16 18:00:00","2026-05-16 18:00:00",false,false,false,"[PREMIUM]","[PREMIUM]","[PREMIUM]","[PREMIUM]","[PREMIUM]","[PREMIUM]",false,false,"67e720047f0495454b58f34a","['69c3f13fdfb17ce91fac9693']","[PREMIUM]","[PREMIUM]"
"69365d414ca0378b002867e6","2026-03-26 00:41:34.841","2026-04-09 03:57:10.526","69365d414ca0378b002867e6","Candlelight - Ed Sheeran Meets Coldplay","music","2026-05-15 21:00:00","2026-05-16 01:00:00","2026-05-16 01:00:00",false,false,false,"[PREMIUM]","[PREMIUM]","[PREMIUM]","[PREMIUM]","[PREMIUM]","[PREMIUM]",false,true,"69c416d70690bd5f3040d216","['6823ac7ce9edabedb24ba2dc']","[PREMIUM]","[PREMIUM]"
"6977ccc0d26a99c0a0cabf2e","2026-03-26 00:41:34.841","2026-04-09 03:57:18.844","6977ccc0d26a99c0a0cabf2e","Billy Currington","music","2026-05-16 19:30:00","2026-05-17 00:30:00","2026-05-17 01:30:00",false,false,false,"[PREMIUM]","[PREMIUM]","[PREMIUM]","[PREMIUM]","[PREMIUM]","[PREMIUM]",false,true,"69c319155a8b1c052b57c0fb","['57a4dc23f80c41746dca231a']","[PREMIUM]","[PREMIUM]"
"69c35c890690bd5f30407d17","2026-03-26 00:41:34.841","2026-04-09 03:57:10.526","69c35c890690bd5f30407d17","Matt Maeson","music","2026-05-15 20:00:00","2026-05-16 02:00:00","2026-05-16 03:30:00",false,false,false,"[PREMIUM]","[PREMIUM]","[PREMIUM]","[PREMIUM]","[PREMIUM]","[PREMIUM]",false,false,"5a677a23d2295a0012abc57e","['5ce2e273a920a4001664306a']","[PREMIUM]","[PREMIUM]"
"69c35c854ba0d6104c38ef42","2026-03-26 00:41:34.841","2026-04-09 03:57:18.844","69c35c854ba0d6104c38ef42","K-Von","comedy","2026-05-16 16:00:00","2026-05-16 23:00:00","2026-05-17 00:30:00",false,false,false,"[PREMIUM]","[PREMIUM]","[PREMIUM]","[PREMIUM]","[PREMIUM]","[PREMIUM]",false,true,"62a26cbf659ddf0001a208d3","['6421fed3aabf0900012554aa']","[PREMIUM]","[PREMIUM]"
"69971f9e25dfa0e2bcfaeec9","2026-03-26 00:41:34.841","2026-04-09 03:57:18.844","69971f9e25dfa0e2bcfaeec9","Jamie Allan's Amaze","theater","2026-05-16 17:00:00","2026-05-16 21:00:00","2026-05-16 21:00:00",false,false,false,"[PREMIUM]","[PREMIUM]","[PREMIUM]","[PREMIUM]","[PREMIUM]","[PREMIUM]",false,true,"69c3fc95993d6c319e4b6760","['69c3f13fdfb17ce91fac9693']","[PREMIUM]","[PREMIUM]"
"68daf9e1d02d09ff2cef4885","2026-03-26 00:41:19.544","2026-04-09 03:57:10.526","68daf9e1d02d09ff2cef4885","Luka Sulic","music","2026-05-15 19:30:00","2026-05-15 23:30:00","2026-05-15 23:30:00",false,false,false,"[PREMIUM]","[PREMIUM]","[PREMIUM]","[PREMIUM]","[PREMIUM]","[PREMIUM]",false,false,"66a03d1c4590404d60b36671","['69c3eedfa8006a7af879628b']","[PREMIUM]","[PREMIUM]"
"68db4770aad0b2cfcd428e2a","2026-03-26 00:41:19.544","2026-04-09 03:57:01.971","68db4770aad0b2cfcd428e2a","Luka Sulic","music","2026-05-14 19:30:00","2026-05-14 23:30:00","2026-05-14 23:30:00",false,false,false,"[PREMIUM]","[PREMIUM]","[PREMIUM]","[PREMIUM]","[PREMIUM]","[PREMIUM]",false,false,"63c86563b38cfd000120f8ca","['69c3eedfa8006a7af879628b']","[PREMIUM]","[PREMIUM]"
"692f870b48de0b1d9c247bb8","2026-03-26 00:41:19.544","2026-04-09 03:57:10.526","692f870b48de0b1d9c247bb8","Kettama","music","2026-05-14 20:00:00","2026-05-15 03:00:00","2026-05-15 03:00:00",false,false,false,"[PREMIUM]","[PREMIUM]","[PREMIUM]","[PREMIUM]","[PREMIUM]","[PREMIUM]",false,true,"69c316ee4be9023a0587e36f","['68780a0f8687cf17eca886d6']","[PREMIUM]","[PREMIUM]"
"6938db7f9e5359c2c76e7d82","2026-03-26 00:41:19.544","2026-04-09 03:57:10.526","6938db7f9e5359c2c76e7d82","Jamie Allans Amaze","theater","2026-05-15 19:00:00","2026-05-15 23:00:00","2026-05-15 23:00:00",false,false,false,"[PREMIUM]","[PREMIUM]","[PREMIUM]","[PREMIUM]","[PREMIUM]","[PREMIUM]",false,false,"67e720047f0495454b58f34a","['69c3f13fdfb17ce91fac9693']","[PREMIUM]","[PREMIUM]"
"69718b334045f5eb8379abc6","2026-03-26 00:41:19.544","2026-04-09 03:57:10.526","69718b334045f5eb8379abc6","Buffalo Traffic Jam","music","2026-05-14 20:00:00","2026-05-15 02:00:00","2026-05-15 02:00:00",false,false,false,"[PREMIUM]","[PREMIUM]","[PREMIUM]","[PREMIUM]","[PREMIUM]","[PREMIUM]",false,true,"69c30702be6794f088d317e0","['692617397266ef73ba574737']","[PREMIUM]","[PREMIUM]"
"6938db7f290db21a4cadf8cf","2026-03-26 00:41:19.544","2026-04-09 03:57:01.971","6938db7f290db21a4cadf8cf","Jamie Allans Amaze","theater","2026-05-14 19:00:00","2026-05-14 23:00:00","2026-05-14 23:00:00",false,false,false,"[PREMIUM]","[PREMIUM]","[PREMIUM]","[PREMIUM]","[PREMIUM]","[PREMIUM]",false,false,"67e720047f0495454b58f34a","['69c3f13fdfb17ce91fac9693']","[PREMIUM]","[PREMIUM]"
"69c443345463a9f28b731567","2026-03-26 00:41:19.544","2026-04-09 03:57:10.526","69c443345463a9f28b731567","Ilana Glazer","comedy","2026-05-14 21:30:00","2026-05-15 02:30:00","2026-05-15 04:00:00",false,false,false,"[PREMIUM]","[PREMIUM]","[PREMIUM]","[PREMIUM]","[PREMIUM]","[PREMIUM]",false,false,"5a6fba6087425e000fa269cf","['5e28b604ac30e10037f10dad']","[PREMIUM]","[PREMIUM]"
"69c35f98e444063ae6c46dd8","2026-03-26 00:41:19.544","2026-04-09 03:57:01.971","69c35f98e444063ae6c46dd8","Craig Shoemaker (18+ Event)","comedy","2026-05-14 19:00:00","2026-05-15 00:00:00","2026-05-15 01:30:00",false,false,false,"[PREMIUM]","[PREMIUM]","[PREMIUM]","[PREMIUM]","[PREMIUM]","[PREMIUM]",false,true,"6835ea8fab71b508f204b9a1","['61aa870a60915e0001f1016f']","[PREMIUM]","[PREMIUM]"
"69c35c8605227de8dde0ee06","2026-03-26 00:41:19.544","2026-04-09 03:57:10.526","69c35c8605227de8dde0ee06","Lucy Darling","comedy","2026-05-15 19:30:00","2026-05-16 02:30:00","2026-05-16 02:30:00",false,false,false,"[PREMIUM]","[PREMIUM]","[PREMIUM]","[PREMIUM]","[PREMIUM]","[PREMIUM]",false,true,"665a02a0d71a1194bf8a00b8","['6830866a1132ae53666114b4']","[PREMIUM]","[PREMIUM]"
"69c35b98fab45d197c3a3ae7","2026-03-26 00:41:19.544","2026-04-09 03:57:10.526","69c35b98fab45d197c3a3ae7","Zepparella","music","2026-05-14 20:00:00","2026-05-15 00:00:00","2026-05-15 00:00:00",false,false,false,"[PREMIUM]","[PREMIUM]","[PREMIUM]","[PREMIUM]","[PREMIUM]","[PREMIUM]",false,true,"5af475337d91ee0013bfb2cb","['6618536b87bad602e149c661']","[PREMIUM]","[PREMIUM]"
"69bde313e713cf54a9dfdbf1","2026-03-26 00:41:19.544","2026-04-09 03:57:10.526","69bde313e713cf54a9dfdbf1","FattMack","music","2026-05-15 19:00:00","2026-05-16 00:00:00","2026-05-16 00:00:00",false,false,false,"[PREMIUM]","[PREMIUM]","[PREMIUM]","[PREMIUM]","[PREMIUM]","[PREMIUM]",false,false,"57b5de9cf80c41264bb99858","['69c40c173b380aace3b8ef89']","[PREMIUM]","[PREMIUM]"
"68daf5a80892f1cf1a56e9a0","2026-03-26 00:40:59.294","2026-04-09 03:57:01.971","68daf5a80892f1cf1a56e9a0","Luka Sulic","music","2026-05-13 19:30:00","2026-05-13 23:30:00","2026-05-13 23:30:00",false,false,false,"[PREMIUM]","[PREMIUM]","[PREMIUM]","[PREMIUM]","[PREMIUM]","[PREMIUM]",false,false,"656e4e2b0648fd41ae18a8ab","['69c3eedfa8006a7af879628b']","[PREMIUM]","[PREMIUM]"
"698ab6b3e6c55786ca833a8f","2026-03-26 00:40:59.294","2026-04-09 03:57:01.971","698ab6b3e6c55786ca833a8f","TBD at Colorado Avalanche (Round 2 - Home Game 3) (Date TBD) (If Necessary)","nhl","2026-05-14 00:00:00","2026-05-14 06:00:00","2026-05-14 06:45:00",true,true,true,"[PREMIUM]","[PREMIUM]","[PREMIUM]","[PREMIUM]","[PREMIUM]","[PREMIUM]",true,false,"54518a533bf3761a02000001","['54518a783bf3761a0200000b','5a99e2126311820014498a01','67ffd504f534381f059eced1']","[PREMIUM]","[PREMIUM]"
"6938db7e70284c5078ad6687","2026-03-26 00:40:59.294","2026-04-09 03:57:01.971","6938db7e70284c5078ad6687","Jamie Allans Amaze","theater","2026-05-13 19:00:00","2026-05-13 23:00:00","2026-05-13 23:00:00",false,false,false,"[PREMIUM]","[PREMIUM]","[PREMIUM]","[PREMIUM]","[PREMIUM]","[PREMIUM]",false,false,"67e720047f0495454b58f34a","['69c3f13fdfb17ce91fac9693']","[PREMIUM]","[PREMIUM]"
"69c405964ba0d6104c393430","2026-03-26 00:40:59.294","2026-04-09 03:57:01.971","69c405964ba0d6104c393430","TBD at New York Knicks (Round 2 - Home Game 3) (Date TBD) (If Necessary)","nba","2026-05-13 00:00:00","2026-05-13 04:00:00","2026-05-13 04:45:00",true,true,true,"[PREMIUM]","[PREMIUM]","[PREMIUM]","[PREMIUM]","[PREMIUM]","[PREMIUM]",false,false,"5309739c3bf376115d000002","['53079e153bf3764978000001','5a99e2126311820014498a01','67ffd3f1ef22b539ed5cca2c']","[PREMIUM]","[PREMIUM]"
"69bb0f26d6bafc38d46980bf","2026-03-26 00:40:59.294","2026-04-09 03:57:01.971","69bb0f26d6bafc38d46980bf","TBD at Winnipeg Jets (Round 2 - Home Game 3) (Date TBD) (If Necessary)","nhl","2026-05-14 00:00:00","2026-05-14 05:00:00","2026-05-14 05:45:00",true,true,true,"[PREMIUM]","[PREMIUM]","[PREMIUM]","[PREMIUM]","[PREMIUM]","[PREMIUM]",false,false,"545d4ace3bf3762bdb000001","['545d4af43bf3762bdb00000c','5a99e2126311820014498a01','67ffd504f534381f059eced1']","[PREMIUM]","[PREMIUM]"
"699f95f336dcc7524b603787","2026-03-26 00:40:59.294","2026-04-09 03:56:51.853","699f95f336dcc7524b603787","Danny Brown","music","2026-05-12 20:00:00","2026-05-13 02:00:00","2026-05-13 03:00:00",false,false,false,"[PREMIUM]","[PREMIUM]","[PREMIUM]","[PREMIUM]","[PREMIUM]","[PREMIUM]",false,true,"69c30702be6794f088d317e0","['57c8b2faf80c411efb81dc76']","[PREMIUM]","[PREMIUM]"
"68dc73e99697281dd5f55d55","2026-03-26 00:40:41.894","2026-04-09 03:56:51.853","68dc73e99697281dd5f55d55","Luka Sulic","music","2026-05-10 20:00:00","2026-05-11 00:00:00","2026-05-11 00:00:00",false,false,false,"[PREMIUM]","[PREMIUM]","[PREMIUM]","[PREMIUM]","[PREMIUM]","[PREMIUM]",false,false,"598387be9da0d48c0d7eb8be","['69c3eedfa8006a7af879628b']","[PREMIUM]","[PREMIUM]"
"6977cf2f1916c25aaff59a40","2026-03-26 00:40:41.894","2026-04-09 03:56:51.853","6977cf2f1916c25aaff59a40","The Fray","music","2026-05-11 20:00:00","2026-05-12 00:00:00","2026-05-12 01:00:00",false,false,false,"[PREMIUM]","[PREMIUM]","[PREMIUM]","[PREMIUM]","[PREMIUM]","[PREMIUM]",true,false,"68373722275dc6cce414bb40","['57d85f5ef80c413301ae25bf']","[PREMIUM]","[PREMIUM]"
"6938db7fc7267e811be6af87","2026-03-26 00:40:41.894","2026-04-09 03:56:51.853","6938db7fc7267e811be6af87","Jamie Allans Amaze","theater","2026-05-11 19:00:00","2026-05-11 23:00:00","2026-05-11 23:00:00",false,false,false,"[PREMIUM]","[PREMIUM]","[PREMIUM]","[PREMIUM]","[PREMIUM]","[PREMIUM]",false,false,"67e720047f0495454b58f34a","['69c3f13fdfb17ce91fac9693']","[PREMIUM]","[PREMIUM]"
"6938db7f62e738a08d96fa16","2026-03-26 00:40:41.894","2026-04-09 03:56:51.853","6938db7f62e738a08d96fa16","Jamie Allans Amaze","theater","2026-05-10 15:00:00","2026-05-10 19:00:00","2026-05-10 19:00:00",false,false,false,"[PREMIUM]","[PREMIUM]","[PREMIUM]","[PREMIUM]","[PREMIUM]","[PREMIUM]",false,false,"67e720047f0495454b58f34a","['69c3f13fdfb17ce91fac9693']","[PREMIUM]","[PREMIUM]"
"69939dbb794bf7c95c28cdba","2026-03-26 00:40:41.894","2026-04-09 03:56:51.853","69939dbb794bf7c95c28cdba","Curren$y","music","2026-05-10 19:00:00","2026-05-10 23:00:00","2026-05-11 00:00:00",false,false,false,"[PREMIUM]","[PREMIUM]","[PREMIUM]","[PREMIUM]","[PREMIUM]","[PREMIUM]",false,false,"67901cd4e2ddc1728f379677","['59ef9a1025f2c50557ec4c69']","[PREMIUM]","[PREMIUM]"
"69c35f99688133826f29c73c","2026-03-26 00:40:41.894","2026-04-09 03:56:41.507","69c35f99688133826f29c73c","Rocky Dale Davis (18+ Event)","comedy","2026-05-09 21:15:00","2026-05-10 02:15:00","2026-05-10 02:15:00",false,false,false,"[PREMIUM]","[PREMIUM]","[PREMIUM]","[PREMIUM]","[PREMIUM]","[PREMIUM]",false,true,"6835ea8fab71b508f204b9a1","['6605b03c0b5ef58449e6be95']","[PREMIUM]","[PREMIUM]"
"69c35f9946cc2e9d97b41be0","2026-03-26 00:40:41.894","2026-04-09 03:56:51.853","69c35f9946cc2e9d97b41be0","Marcus D Wiley","comedy","2026-05-10 17:00:00","2026-05-10 22:00:00","2026-05-10 22:00:00",false,false,false,"[PREMIUM]","[PREMIUM]","[PREMIUM]","[PREMIUM]","[PREMIUM]","[PREMIUM]",false,true,"6835ea8fab71b508f204b9a1","['67f565b9df82e6f69c9728f5']","[PREMIUM]","[PREMIUM]"
"69c35f991e8f775e821c7984","2026-03-26 00:40:41.894","2026-04-09 03:56:51.853","69c35f991e8f775e821c7984","Marcus D Wiley","comedy","2026-05-10 19:30:00","2026-05-11 00:30:00","2026-05-11 00:30:00",false,false,false,"[PREMIUM]","[PREMIUM]","[PREMIUM]","[PREMIUM]","[PREMIUM]","[PREMIUM]",false,true,"6835ea8fab71b508f204b9a1","['67f565b9df82e6f69c9728f5']","[PREMIUM]","[PREMIUM]"
"69c35bd23be7a6f31d941fb8","2026-03-26 00:40:41.894","2026-04-09 03:56:41.507","69c35bd23be7a6f31d941fb8","Washington Ballet - Cinderella","theater","2026-05-10 14:00:00","2026-05-10 18:00:00","2026-05-10 18:00:00",false,false,false,"[PREMIUM]","[PREMIUM]","[PREMIUM]","[PREMIUM]","[PREMIUM]","[PREMIUM]",false,true,"65c68a4a6fbcd3d7c8b25f4a","['667b306f6815c17c3f455400']","[PREMIUM]","[PREMIUM]"
"69c2f88552932106a511ee44","2026-03-26 00:40:41.894","2026-04-09 03:56:51.853","69c2f88552932106a511ee44","Big Bad Voodoo Daddy","music","2026-05-11 19:30:00","2026-05-11 23:30:00","2026-05-12 01:00:00",false,false,false,"[PREMIUM]","[PREMIUM]","[PREMIUM]","[PREMIUM]","[PREMIUM]","[PREMIUM]",false,true,"61afe3b1f758120001898102","['638908bf611c6d00016a8c97']","[PREMIUM]","[PREMIUM]"
"69c2f46468c22d9d19ea7276","2026-03-26 00:40:41.894","2026-04-09 03:56:41.507","69c2f46468c22d9d19ea7276","Leo Kottke (18+ Event)","music","2026-05-09 20:00:00","2026-05-10 01:00:00","2026-05-10 01:00:00",false,false,false,"[PREMIUM]","[PREMIUM]","[PREMIUM]","[PREMIUM]","[PREMIUM]","[PREMIUM]",false,true,"64e921fb34baf6000190780c","['64d505b1a2feff00013ee8ee']","[PREMIUM]","[PREMIUM]"
"69c2f43498213107e468245f","2026-03-26 00:40:41.894","2026-04-09 03:56:51.853","69c2f43498213107e468245f","Coheed and Cambria","music","2026-05-11 19:30:00","2026-05-11 23:30:00","2026-05-12 00:30:00",false,false,false,"[PREMIUM]","[PREMIUM]","[PREMIUM]","[PREMIUM]","[PREMIUM]","[PREMIUM]",false,true,"57eaab67cde6626ebe3842d3","['588a4c2bf80c412d43c756a6']","[PREMIUM]","[PREMIUM]"
"69b2078e18f60f911fde9a53","2026-03-26 00:40:41.894","2026-04-09 03:56:41.507","69b2078e18f60f911fde9a53","New Found Glory","music","2026-05-09 20:00:00","2026-05-10 00:00:00","2026-05-10 01:00:00",false,false,false,"[PREMIUM]","[PREMIUM]","[PREMIUM]","[PREMIUM]","[PREMIUM]","[PREMIUM]",false,false,"67901cd4e2ddc1728f379677","['58518ff1f80c410e15133017']","[PREMIUM]","[PREMIUM]"
"68daf6f2d02d09ff2cef4783","2026-03-26 00:40:23.130","2026-04-09 03:56:41.507","68daf6f2d02d09ff2cef4783","Luka Sulic","music","2026-05-09 20:00:00","2026-05-10 00:00:00","2026-05-10 00:00:00",false,false,false,"[PREMIUM]","[PREMIUM]","[PREMIUM]","[PREMIUM]","[PREMIUM]","[PREMIUM]",false,false,"61c0eea7b3f6ff0001e8a49c","['69c3eedfa8006a7af879628b']","[PREMIUM]","[PREMIUM]"
"6967e10775f5498d44bce148","2026-03-26 00:40:23.130","2026-04-09 03:56:41.507","6967e10775f5498d44bce148","Mark Normand","comedy","2026-05-09 20:00:00","2026-05-10 00:00:00","2026-05-10 01:30:00",false,false,false,"[PREMIUM]","[PREMIUM]","[PREMIUM]","[PREMIUM]","[PREMIUM]","[PREMIUM]",false,false,"68373722275dc6cce414bb40","['61f0937839f4c7000178cc25']","[PREMIUM]","[PREMIUM]"
"691b85fc74e7017d10ef314d","2026-03-26 00:40:23.130","2026-04-09 03:56:41.507","691b85fc74e7017d10ef314d","Jodeci","music","2026-05-09 20:00:00","2026-05-10 00:00:00","2026-05-10 01:30:00",false,false,false,"[PREMIUM]","[PREMIUM]","[PREMIUM]","[PREMIUM]","[PREMIUM]","[PREMIUM]",false,false,"5d0cfbe379f881001ad8dd0c","['644708628dfa650001472f3c','59ca9cd625f2c57fb00e5620']","[PREMIUM]","[PREMIUM]"
"697289b1242b94b0e39f5aae","2026-03-26 00:40:23.130","2026-04-09 03:56:32.611","697289b1242b94b0e39f5aae","Mersiv","music","2026-05-08 21:00:00","2026-05-09 04:00:00","2026-05-09 04:00:00",false,false,false,"[PREMIUM]","[PREMIUM]","[PREMIUM]","[PREMIUM]","[PREMIUM]","[PREMIUM]",false,true,"69c316ee4be9023a0587e36f","['64eb77ab3321030001294642']","[PREMIUM]","[PREMIUM]"
"6938db7f70284c5078ad6688","2026-03-26 00:40:23.130","2026-04-09 03:56:32.611","6938db7f70284c5078ad6688","Jamie Allans Amaze","theater","2026-05-09 14:00:00","2026-05-09 18:00:00","2026-05-09 18:00:00",false,false,false,"[PREMIUM]","[PREMIUM]","[PREMIUM]","[PREMIUM]","[PREMIUM]","[PREMIUM]",false,false,"67e720047f0495454b58f34a","['69c3f13fdfb17ce91fac9693']","[PREMIUM]","[PREMIUM]"
"6941a7583c753e201e19bcf9","2026-03-26 00:40:23.130","2026-04-09 03:56:32.611","6941a7583c753e201e19bcf9","Louisville Cardinals at Miami Hurricanes Baseball","cbs","2026-05-09 15:00:00","2026-05-09 19:00:00","2026-05-09 20:30:00",false,false,false,"[PREMIUM]","[PREMIUM]","[PREMIUM]","[PREMIUM]","[PREMIUM]","[PREMIUM]",false,false,"590cb51349850a61e43311f9","['590cb5a1f80c4163cd951478','5a4c21f225f2c56ea78fa5bd']","[PREMIUM]","[PREMIUM]"
"6938db830817ab1c4fa07d86","2026-03-26 00:40:23.130","2026-04-09 03:56:41.507","6938db830817ab1c4fa07d86","Jamie Allans Amaze","theater","2026-05-09 20:00:00","2026-05-10 00:00:00","2026-05-10 00:00:00",false,false,false,"[PREMIUM]","[PREMIUM]","[PREMIUM]","[PREMIUM]","[PREMIUM]","[PREMIUM]",false,false,"67e720047f0495454b58f34a","['69c3f13fdfb17ce91fac9693']","[PREMIUM]","[PREMIUM]"
"69c45f49038e6b6b3b8097db","2026-03-26 00:40:23.130","2026-04-09 03:56:32.611","69c45f49038e6b6b3b8097db","Broken Social Scene","music","2026-05-09 13:00:00","2026-05-09 17:00:00","2026-05-09 18:00:00",false,false,false,"[PREMIUM]","[PREMIUM]","[PREMIUM]","[PREMIUM]","[PREMIUM]","[PREMIUM]",false,true,"5d264c077d00b10019ed788c","['5955316525f2c55280c66a45']","[PREMIUM]","[PREMIUM]"
"69c3f4fd1abcc76a94449fbf","2026-03-26 00:40:23.130","2026-04-09 03:56:32.611","69c3f4fd1abcc76a94449fbf","Washington Ballet - Cinderella","theater","2026-05-09 14:00:00","2026-05-09 18:00:00","2026-05-09 18:00:00",false,false,false,"[PREMIUM]","[PREMIUM]","[PREMIUM]","[PREMIUM]","[PREMIUM]","[PREMIUM]",false,true,"65c68a4a6fbcd3d7c8b25f4a","['667b306f6815c17c3f455400']","[PREMIUM]","[PREMIUM]"
"69c3f4fd17105c3bca141cfe","2026-03-26 00:40:23.130","2026-04-09 03:56:41.507","69c3f4fd17105c3bca141cfe","Washington Ballet - Cinderella","theater","2026-05-09 19:00:00","2026-05-09 23:00:00","2026-05-09 23:00:00",false,false,false,"[PREMIUM]","[PREMIUM]","[PREMIUM]","[PREMIUM]","[PREMIUM]","[PREMIUM]",false,true,"65c68a4a6fbcd3d7c8b25f4a","['667b306f6815c17c3f455400']","[PREMIUM]","[PREMIUM]"
"69c35f994ba0d6104c38f0e6","2026-03-26 00:40:23.130","2026-04-09 03:56:41.507","69c35f994ba0d6104c38f0e6","Marcus D Wiley","comedy","2026-05-09 19:00:00","2026-05-10 00:00:00","2026-05-10 00:00:00",false,false,false,"[PREMIUM]","[PREMIUM]","[PREMIUM]","[PREMIUM]","[PREMIUM]","[PREMIUM]",false,true,"6835ea8fab71b508f204b9a1","['67f565b9df82e6f69c9728f5']","[PREMIUM]","[PREMIUM]"
"69c35f993d9d051095060e57","2026-03-26 00:40:23.130","2026-04-09 03:56:32.611","69c35f993d9d051095060e57","Rocky Dale Davis (18+ Event)","comedy","2026-05-08 21:15:00","2026-05-09 02:15:00","2026-05-09 02:15:00",false,false,false,"[PREMIUM]","[PREMIUM]","[PREMIUM]","[PREMIUM]","[PREMIUM]","[PREMIUM]",false,true,"6835ea8fab71b508f204b9a1","['6605b03c0b5ef58449e6be95']","[PREMIUM]","[PREMIUM]"
"69971f9e8218a08ba6a38405","2026-03-26 00:40:23.130","2026-04-09 03:56:32.611","69971f9e8218a08ba6a38405","Jamie Allan's Amaze","theater","2026-05-09 17:00:00","2026-05-09 21:00:00","2026-05-09 21:00:00",false,false,false,"[PREMIUM]","[PREMIUM]","[PREMIUM]","[PREMIUM]","[PREMIUM]","[PREMIUM]",false,true,"69c3fc95993d6c319e4b6760","['69c3f13fdfb17ce91fac9693']","[PREMIUM]","[PREMIUM]"
"6941a757de718a23b92888b5","2026-03-26 00:40:10.049","2026-04-09 03:56:24.918","6941a757de718a23b92888b5","Louisville Cardinals at Miami Hurricanes Baseball","cbs","2026-05-08 18:00:00","2026-05-08 22:00:00","2026-05-08 23:30:00",false,false,false,"[PREMIUM]","[PREMIUM]","[PREMIUM]","[PREMIUM]","[PREMIUM]","[PREMIUM]",true,false,"590cb51349850a61e43311f9","['590cb5a1f80c4163cd951478','5a4c21f225f2c56ea78fa5bd']","[PREMIUM]","[PREMIUM]"
"6938db7d70284c5078ad6686","2026-03-26 00:40:10.049","2026-04-09 03:56:24.918","6938db7d70284c5078ad6686","Jamie Allans Amaze","theater","2026-05-08 19:00:00","2026-05-08 23:00:00","2026-05-08 23:00:00",false,false,false,"[PREMIUM]","[PREMIUM]","[PREMIUM]","[PREMIUM]","[PREMIUM]","[PREMIUM]",false,false,"67e720047f0495454b58f34a","['69c3f13fdfb17ce91fac9693']","[PREMIUM]","[PREMIUM]"
"698ab6b39fdb0ef60f1db4fa","2026-03-26 00:40:10.049","2026-04-09 03:56:24.918","698ab6b39fdb0ef60f1db4fa","TBD at Colorado Avalanche (Round 2 - Home Game 2) (Date TBD) (If Necessary)","nhl","2026-05-08 00:00:00","2026-05-08 06:00:00","2026-05-08 06:45:00",true,true,true,"[PREMIUM]","[PREMIUM]","[PREMIUM]","[PREMIUM]","[PREMIUM]","[PREMIUM]",true,false,"54518a533bf3761a02000001","['54518a783bf3761a0200000b','5a99e2126311820014498a01','67ffd504f534381f059eced1']","[PREMIUM]","[PREMIUM]"
"69c3f50f48eeaea195fba15c","2026-03-26 00:40:10.049","2026-04-09 03:56:24.918","69c3f50f48eeaea195fba15c","Sleep Theory","music","2026-05-07 20:00:00","2026-05-08 01:00:00","2026-05-08 01:00:00",false,false,false,"[PREMIUM]","[PREMIUM]","[PREMIUM]","[PREMIUM]","[PREMIUM]","[PREMIUM]",false,true,"639d02183f11f60001eb1263","['67b63d1c95623541b72c482b']","[PREMIUM]","[PREMIUM]"
"69c35f9948eeaea195fb6dc0","2026-03-26 00:40:10.049","2026-04-09 03:56:24.918","69c35f9948eeaea195fb6dc0","Marcus D Wiley (18+ Event)","comedy","2026-05-08 19:00:00","2026-05-09 00:00:00","2026-05-09 00:00:00",false,false,false,"[PREMIUM]","[PREMIUM]","[PREMIUM]","[PREMIUM]","[PREMIUM]","[PREMIUM]",false,true,"6835ea8fab71b508f204b9a1","['67f565b9df82e6f69c9728f5']","[PREMIUM]","[PREMIUM]"
"69c35f96a17d073a42f0f9e0","2026-03-26 00:40:10.049","2026-04-09 03:56:32.611","69c35f96a17d073a42f0f9e0","Sleeping With Sirens","music","2026-05-08 20:00:00","2026-05-09 01:00:00","2026-05-09 02:00:00",false,false,false,"[PREMIUM]","[PREMIUM]","[PREMIUM]","[PREMIUM]","[PREMIUM]","[PREMIUM]",false,false,"57e1954350575d33c89c666b","['57fd3da0f80c416be456eb4a']","[PREMIUM]","[PREMIUM]"
"69c35a694f212fac5ea1c14a","2026-03-26 00:40:10.049","2026-04-09 03:56:24.918","69c35a694f212fac5ea1c14a","The Moth - NYC GrandSLAM Championship","music","2026-05-07 19:30:00","2026-05-07 23:30:00","2026-05-08 01:00:00",false,false,false,"[PREMIUM]","[PREMIUM]","[PREMIUM]","[PREMIUM]","[PREMIUM]","[PREMIUM]",false,false,"57bf665ff80c4103a4c914a3","['5b351958b75c960012e57313']","[PREMIUM]","[PREMIUM]"
"69c2f2df1ecf329cba518ddf","2026-03-26 00:40:10.049","2026-04-09 03:56:24.918","69c2f2df1ecf329cba518ddf","The Washington Ballet - Cinderella","theater","2026-05-08 19:00:00","2026-05-08 23:00:00","2026-05-08 23:00:00",false,false,false,"[PREMIUM]","[PREMIUM]","[PREMIUM]","[PREMIUM]","[PREMIUM]","[PREMIUM]",true,false,"65c68a4a6fbcd3d7c8b25f4a","['667b306f6815c17c3f455400']","[PREMIUM]","[PREMIUM]"
"69bb0f26ce738ecc60754e44","2026-03-26 00:40:10.049","2026-04-09 03:56:24.918","69bb0f26ce738ecc60754e44","TBD at Winnipeg Jets (Round 2 - Home Game 2) (Date TBD) (If Necessary)","nhl","2026-05-08 00:00:00","2026-05-08 05:00:00","2026-05-08 05:45:00",true,true,true,"[PREMIUM]","[PREMIUM]","[PREMIUM]","[PREMIUM]","[PREMIUM]","[PREMIUM]",false,false,"545d4ace3bf3762bdb000001","['545d4af43bf3762bdb00000c','5a99e2126311820014498a01','67ffd504f534381f059eced1']","[PREMIUM]","[PREMIUM]"
"69a8d2951637bef6860abe1c","2026-03-26 00:40:10.049","2026-04-09 03:56:32.611","69a8d2951637bef6860abe1c","Marianas Trench","music","2026-05-08 20:00:00","2026-05-09 00:00:00","2026-05-09 01:30:00",false,false,false,"[PREMIUM]","[PREMIUM]","[PREMIUM]","[PREMIUM]","[PREMIUM]","[PREMIUM]",false,true,"69c41f1b3770ae3f8f2a0cbe","['5d7b92e339e0b60037d407da']","[PREMIUM]","[PREMIUM]"
"69a0ff12cece4edac5b7b6be","2026-03-26 00:40:10.049","2026-04-09 03:56:24.918","69a0ff12cece4edac5b7b6be","Lukas Nelson","music","2026-05-07 19:30:00","2026-05-08 00:30:00","2026-05-08 02:00:00",false,false,false,"[PREMIUM]","[PREMIUM]","[PREMIUM]","[PREMIUM]","[PREMIUM]","[PREMIUM]",false,true,"69c31b5a8459ea2f4504a6c7","['5d7b91668898eb0036c7fac4']","[PREMIUM]","[PREMIUM]"
"68daf9289697281dd5f496ca","2026-03-26 00:39:56.673","2026-04-09 03:56:15.744","68daf9289697281dd5f496ca","Luka Sulic","music","2026-05-06 20:00:00","2026-05-07 00:00:00","2026-05-07 00:00:00",false,false,false,"[PREMIUM]","[PREMIUM]","[PREMIUM]","[PREMIUM]","[PREMIUM]","[PREMIUM]",false,false,"5af60a250424bf00127d0d4f","['69c3eedfa8006a7af879628b']","[PREMIUM]","[PREMIUM]"
"68dc757fe9d137f3afb1b051","2026-03-26 00:39:56.673","2026-04-09 03:56:24.918","68dc757fe9d137f3afb1b051","Luka Sulic","music","2026-05-07 20:00:00","2026-05-08 00:00:00","2026-05-08 00:00:00",false,false,false,"[PREMIUM]","[PREMIUM]","[PREMIUM]","[PREMIUM]","[PREMIUM]","[PREMIUM]",true,false,"66f5b69190bb4fc51cf99d6a","['69c3eedfa8006a7af879628b']","[PREMIUM]","[PREMIUM]"
"6941a7585e60327a436c70d2","2026-03-26 00:39:56.673","2026-04-09 03:56:24.918","6941a7585e60327a436c70d2","Louisville Cardinals at Miami Hurricanes Baseball","cbs","2026-05-07 19:00:00","2026-05-07 23:00:00","2026-05-08 00:30:00",false,false,false,"[PREMIUM]","[PREMIUM]","[PREMIUM]","[PREMIUM]","[PREMIUM]","[PREMIUM]",false,false,"590cb51349850a61e43311f9","['590cb5a1f80c4163cd951478','5a4c21f225f2c56ea78fa5bd']","[PREMIUM]","[PREMIUM]"
"6938db83eba93b296eae94d5","2026-03-26 00:39:56.673","2026-04-09 03:56:24.918","6938db83eba93b296eae94d5","Jamie Allans Amaze","theater","2026-05-07 19:00:00","2026-05-07 23:00:00","2026-05-07 23:00:00",false,false,false,"[PREMIUM]","[PREMIUM]","[PREMIUM]","[PREMIUM]","[PREMIUM]","[PREMIUM]",false,false,"67e720047f0495454b58f34a","['69c3f13fdfb17ce91fac9693']","[PREMIUM]","[PREMIUM]"
"698404817b3daf6a5dbaa496","2026-03-26 00:39:56.673","2026-04-09 03:56:24.918","698404817b3daf6a5dbaa496","Soulja Boy","music","2026-05-07 20:00:00","2026-05-08 00:00:00","2026-05-08 01:30:00",false,false,false,"[PREMIUM]","[PREMIUM]","[PREMIUM]","[PREMIUM]","[PREMIUM]","[PREMIUM]",false,false,"67901cd4e2ddc1728f379677","['641c866e572e340001b75e23']","[PREMIUM]","[PREMIUM]"
"698ab6b32536824e29602e23","2026-03-26 00:39:56.673","2026-04-09 03:56:15.744","698ab6b32536824e29602e23","TBD at Colorado Avalanche (Round 2 - Home Game 1) (Date TBD) (If Necessary)","nhl","2026-05-07 00:00:00","2026-05-07 06:00:00","2026-05-07 06:45:00",true,true,true,"[PREMIUM]","[PREMIUM]","[PREMIUM]","[PREMIUM]","[PREMIUM]","[PREMIUM]",true,false,"54518a533bf3761a02000001","['54518a783bf3761a0200000b','5a99e2126311820014498a01','67ffd504f534381f059eced1']","[PREMIUM]","[PREMIUM]"
"69c4605ec05a141e02b02444","2026-03-26 00:39:56.673","2026-04-09 03:56:15.744","69c4605ec05a141e02b02444","Yebba","music","2026-05-06 20:00:00","2026-05-07 03:00:00","2026-05-07 03:00:00",false,false,false,"[PREMIUM]","[PREMIUM]","[PREMIUM]","[PREMIUM]","[PREMIUM]","[PREMIUM]",false,false,"56396411f80c415dff000001","['69b323ae847f0fa108cfff49']","[PREMIUM]","[PREMIUM]"
"69c4016f1131fc8b696769d6","2026-03-26 00:39:56.673","2026-04-09 03:56:15.744","69c4016f1131fc8b696769d6","TBD at New York Knicks (Round 2 - Home Game 2) (Date TBD) (If Necessary)","nba","2026-05-06 00:00:00","2026-05-06 04:00:00","2026-05-06 04:45:00",true,true,true,"[PREMIUM]","[PREMIUM]","[PREMIUM]","[PREMIUM]","[PREMIUM]","[PREMIUM]",false,false,"5309739c3bf376115d000002","['53079e153bf3764978000001','5a99e2126311820014498a01','67ffd3f1ef22b539ed5cca2c']","[PREMIUM]","[PREMIUM]"
"69c35f99c9714813b7dcfe96","2026-03-26 00:39:56.673","2026-04-09 03:56:24.918","69c35f99c9714813b7dcfe96","Rocky Dale Davis (18+ Event)","comedy","2026-05-07 19:00:00","2026-05-08 00:00:00","2026-05-08 00:00:00",false,false,false,"[PREMIUM]","[PREMIUM]","[PREMIUM]","[PREMIUM]","[PREMIUM]","[PREMIUM]",false,true,"6835ea8fab71b508f204b9a1","['6605b03c0b5ef58449e6be95']","[PREMIUM]","[PREMIUM]"
"69c35f991e8f775e821c7983","2026-03-26 00:39:56.673","2026-04-09 03:56:15.744","69c35f991e8f775e821c7983","Will Burkart (18+ Event)","comedy","2026-05-06 19:00:00","2026-05-07 00:00:00","2026-05-07 00:00:00",false,false,false,"[PREMIUM]","[PREMIUM]","[PREMIUM]","[PREMIUM]","[PREMIUM]","[PREMIUM]",false,true,"6835ea8fab71b508f204b9a1","['65b2dee5f4bd2300b9435213']","[PREMIUM]","[PREMIUM]"
"69bb0f26b5ab6ab429eb3eff","2026-03-26 00:39:56.673","2026-04-09 03:56:15.744","69bb0f26b5ab6ab429eb3eff","TBD at Winnipeg Jets (Round 2 - Home Game 1) (Date TBD) (If Necessary)","nhl","2026-05-06 00:00:00","2026-05-06 05:00:00","2026-05-06 05:45:00",true,true,true,"[PREMIUM]","[PREMIUM]","[PREMIUM]","[PREMIUM]","[PREMIUM]","[PREMIUM]",false,false,"545d4ace3bf3762bdb000001","['545d4af43bf3762bdb00000c','5a99e2126311820014498a01','67ffd504f534381f059eced1']","[PREMIUM]","[PREMIUM]"
"68dc7469c288fd77208dfbec","2026-03-26 00:39:40.483","2026-04-09 03:56:15.744","68dc7469c288fd77208dfbec","Luka Sulic","music","2026-05-05 19:30:00","2026-05-05 23:30:00","2026-05-05 23:30:00",false,false,false,"[PREMIUM]","[PREMIUM]","[PREMIUM]","[PREMIUM]","[PREMIUM]","[PREMIUM]",false,false,"6781b9fb60de647abee8f328","['69c3eedfa8006a7af879628b']","[PREMIUM]","[PREMIUM]"
"68dc93d76388d525e77ff08d","2026-03-26 00:39:40.483","2026-04-09 03:56:04.299","68dc93d76388d525e77ff08d","Luka Sulic","music","2026-05-03 20:00:00","2026-05-04 00:00:00","2026-05-04 00:00:00",false,false,false,"[PREMIUM]","[PREMIUM]","[PREMIUM]","[PREMIUM]","[PREMIUM]","[PREMIUM]",false,false,"681989e626f7a695e09c3df9","['69c3eedfa8006a7af879628b']","[PREMIUM]","[PREMIUM]"
"6938db8064be9fa558d24885","2026-03-26 00:39:40.483","2026-04-09 03:56:04.299","6938db8064be9fa558d24885","Jamie Allans Amaze","theater","2026-05-03 15:00:00","2026-05-03 19:00:00","2026-05-03 19:00:00",false,false,false,"[PREMIUM]","[PREMIUM]","[PREMIUM]","[PREMIUM]","[PREMIUM]","[PREMIUM]",false,false,"67e720047f0495454b58f34a","['69c3f13fdfb17ce91fac9693']","[PREMIUM]","[PREMIUM]"
"6917b8fff48ec38b9f21d8b0","2026-03-26 00:39:40.483","2026-04-09 03:56:15.744","6917b8fff48ec38b9f21d8b0","Little Feat","music","2026-05-05 19:30:00","2026-05-06 00:30:00","2026-05-06 02:00:00",false,false,false,"[PREMIUM]","[PREMIUM]","[PREMIUM]","[PREMIUM]","[PREMIUM]","[PREMIUM]",false,true,"69c31b5a8459ea2f4504a6c7","['5d7a750c4b0fc80039096086']","[PREMIUM]","[PREMIUM]"
"6941a758ff72178033693787","2026-03-26 00:39:40.483","2026-04-09 03:56:04.299","6941a758ff72178033693787","Florida International Panthers at Miami Hurricanes Baseball","cbs","2026-05-05 18:00:00","2026-05-05 22:00:00","2026-05-05 23:30:00",false,false,false,"[PREMIUM]","[PREMIUM]","[PREMIUM]","[PREMIUM]","[PREMIUM]","[PREMIUM]",false,false,"590cb51349850a61e43311f9","['590cb5a1f80c4163cd951478','5a4d271825f2c55c2226536d']","[PREMIUM]","[PREMIUM]"
"697976b1637f085a0b43af0a","2026-03-26 00:39:40.483","2026-04-09 03:56:04.299","697976b1637f085a0b43af0a","Purity Ring","music","2026-05-03 20:00:00","2026-05-04 00:00:00","2026-05-04 01:00:00",false,false,false,"[PREMIUM]","[PREMIUM]","[PREMIUM]","[PREMIUM]","[PREMIUM]","[PREMIUM]",false,false,"67901cd4e2ddc1728f379677","['57a02966f80c4127e779f505']","[PREMIUM]","[PREMIUM]"
"6938db803760ce8f17bdb938","2026-03-26 00:39:40.483","2026-04-09 03:56:04.299","6938db803760ce8f17bdb938","Jamie Allans Amaze","theater","2026-05-04 19:00:00","2026-05-04 23:00:00","2026-05-04 23:00:00",false,false,false,"[PREMIUM]","[PREMIUM]","[PREMIUM]","[PREMIUM]","[PREMIUM]","[PREMIUM]",false,false,"67e720047f0495454b58f34a","['69c3f13fdfb17ce91fac9693']","[PREMIUM]","[PREMIUM]"
"69c35f9a3d9d051095060e58","2026-03-26 00:39:40.483","2026-04-09 03:56:04.299","69c35f9a3d9d051095060e58","Ari Matti","comedy","2026-05-03 20:30:00","2026-05-04 01:30:00","2026-05-04 01:30:00",false,false,false,"[PREMIUM]","[PREMIUM]","[PREMIUM]","[PREMIUM]","[PREMIUM]","[PREMIUM]",false,true,"6835ea8fab71b508f204b9a1","['69053c53538ffa108947647d']","[PREMIUM]","[PREMIUM]"
"69c35f868cec5ea8b25ae793","2026-03-26 00:39:40.483","2026-04-09 03:56:04.299","69c35f868cec5ea8b25ae793","Eric Eaton","comedy","2026-05-03 18:00:00","2026-05-03 23:00:00","2026-05-03 23:00:00",false,false,false,"[PREMIUM]","[PREMIUM]","[PREMIUM]","[PREMIUM]","[PREMIUM]","[PREMIUM]",false,true,"6835ea8fab71b508f204b9a1","['65d7cef6dd60bdb549fadaf9']","[PREMIUM]","[PREMIUM]"
"69bb0f2738edf7a3563521a7","2026-03-26 00:39:40.483","2026-04-09 03:56:04.299","69bb0f2738edf7a3563521a7","TBD at Winnipeg Jets (Round 1 - Home Game 4) (Date TBD) (If Necessary)","nhl","2026-05-04 00:00:00","2026-05-04 05:00:00","2026-05-04 05:45:00",true,true,true,"[PREMIUM]","[PREMIUM]","[PREMIUM]","[PREMIUM]","[PREMIUM]","[PREMIUM]",false,false,"545d4ace3bf3762bdb000001","['545d4af43bf3762bdb00000c','5a99e2126311820014498a01','67ffd504f534381f059eced1']","[PREMIUM]","[PREMIUM]"
"699e952937c6c761b4f622a7","2026-03-26 00:39:40.483","2026-04-09 03:56:04.299","699e952937c6c761b4f622a7","TBD at New York Knicks (Round 2 - Home Game 1) (Date TBD) (If Necessary)","nba","2026-05-04 23:59:00","2026-05-05 03:59:00","2026-05-05 04:44:00",true,true,true,"[PREMIUM]","[PREMIUM]","[PREMIUM]","[PREMIUM]","[PREMIUM]","[PREMIUM]",true,false,"5309739c3bf376115d000002","['53079e153bf3764978000001','5a99e2126311820014498a01','67ffd3f1ef22b539ed5cca2c']","[PREMIUM]","[PREMIUM]"
"6938db7c090104153e7b2bff","2026-03-26 00:39:27.160","2026-04-09 03:55:55.436","6938db7c090104153e7b2bff","Jamie Allans Amaze","theater","2026-05-02 20:00:00","2026-05-03 00:00:00","2026-05-03 00:00:00",false,false,false,"[PREMIUM]","[PREMIUM]","[PREMIUM]","[PREMIUM]","[PREMIUM]","[PREMIUM]",false,false,"67e720047f0495454b58f34a","['69c3f13fdfb17ce91fac9693']","[PREMIUM]","[PREMIUM]"
"6938db80bb8b89a3c9dc9bca","2026-03-26 00:39:27.160","2026-04-09 03:55:55.436","6938db80bb8b89a3c9dc9bca","Jamie Allans Amaze","theater","2026-05-03 12:00:00","2026-05-03 16:00:00","2026-05-03 16:00:00",false,false,false,"[PREMIUM]","[PREMIUM]","[PREMIUM]","[PREMIUM]","[PREMIUM]","[PREMIUM]",false,false,"67e720047f0495454b58f34a","['69c3f13fdfb17ce91fac9693']","[PREMIUM]","[PREMIUM]"
"69c3ee7505227de8dde11d7f","2026-03-26 00:39:27.160","2026-04-09 03:55:55.436","69c3ee7505227de8dde11d7f","Emo Orchestra","music","2026-05-02 19:00:00","2026-05-03 02:00:00","2026-05-03 02:00:00",false,false,false,"[PREMIUM]","[PREMIUM]","[PREMIUM]","[PREMIUM]","[PREMIUM]","[PREMIUM]",false,false,"67be597fe7020344501d8b56","['64a5b880dad50200014ee1f2']","[PREMIUM]","[PREMIUM]"
"69c35f39814137f2296a9ac1","2026-03-26 00:39:27.160","2026-04-09 03:55:55.436","69c35f39814137f2296a9ac1","Bingo Loco (21+ Event)","music","2026-05-02 22:30:00","2026-05-03 02:30:00","2026-05-03 02:30:00",false,false,false,"[PREMIUM]","[PREMIUM]","[PREMIUM]","[PREMIUM]","[PREMIUM]","[PREMIUM]",false,false,"67a6865b3aeadb7e029f645f","['6668d4cb075eb00266a9c7ca']","[PREMIUM]","[PREMIUM]"
"69c35c9cd842cf99d1335764","2026-03-26 00:39:27.160","2026-04-09 03:55:55.436","69c35c9cd842cf99d1335764","Carlisle Arizona Women's Golf Classic","pga","2026-05-03 07:00:00","2026-05-03 14:00:00","2026-05-03 14:00:00",false,false,false,"[PREMIUM]","[PREMIUM]","[PREMIUM]","[PREMIUM]","[PREMIUM]","[PREMIUM]",false,false,"56a91b48f80c4141da000001","['65fcb4933309fcb0f23a9fa3']","[PREMIUM]","[PREMIUM]"
"69c2dba52719909ada8a914c","2026-03-26 00:39:27.160","2026-04-09 03:55:55.436","69c2dba52719909ada8a914c","RnB Only","music","2026-05-02 21:00:00","2026-05-03 01:00:00","2026-05-03 02:30:00",false,false,false,"[PREMIUM]","[PREMIUM]","[PREMIUM]","[PREMIUM]","[PREMIUM]","[PREMIUM]",false,false,"57c88330f80c41198732655e","['62310dce0d5bce0001ba2fb2']","[PREMIUM]","[PREMIUM]"
"69a2712de5cb0a6b8c4c9aa0","2026-03-26 00:39:27.160","2026-04-09 03:55:55.436","69a2712de5cb0a6b8c4c9aa0","Logan Storley vs Zendeli","boxing","2026-05-02 21:00:00","2026-05-03 02:00:00","2026-05-03 03:30:00",false,false,false,"[PREMIUM]","[PREMIUM]","[PREMIUM]","[PREMIUM]","[PREMIUM]","[PREMIUM]",false,false,"618ad6ce983aa50001533834","['5b16c36c94bf4e00124ac4fc']","[PREMIUM]","[PREMIUM]"
"6938db7e64be9fa558d24882","2026-03-26 00:39:14.111","2026-04-09 03:55:47.316","6938db7e64be9fa558d24882","Jamie Allans Amaze","theater","2026-05-01 19:00:00","2026-05-01 23:00:00","2026-05-01 23:00:00",false,false,false,"[PREMIUM]","[PREMIUM]","[PREMIUM]","[PREMIUM]","[PREMIUM]","[PREMIUM]",false,false,"67e720047f0495454b58f34a","['69c3f13fdfb17ce91fac9693']","[PREMIUM]","[PREMIUM]"
"694ef6fd53cd45bc78a92287","2026-03-26 00:39:14.111","2026-04-09 03:55:47.316","694ef6fd53cd45bc78a92287","Luka Sulic - Life Tour","music","2026-05-01 20:00:00","2026-05-02 00:00:00","2026-05-02 00:00:00",false,false,false,"[PREMIUM]","[PREMIUM]","[PREMIUM]","[PREMIUM]","[PREMIUM]","[PREMIUM]",false,false,"642218bd42378f0001013ec5","['69c3eedfa8006a7af879628b']","[PREMIUM]","[PREMIUM]"
"6938db806d38d96a83e9614a","2026-03-26 00:39:14.111","2026-04-09 03:55:47.316","6938db806d38d96a83e9614a","Jamie Allans Amaze","theater","2026-05-02 14:00:00","2026-05-02 18:00:00","2026-05-02 18:00:00",false,false,false,"[PREMIUM]","[PREMIUM]","[PREMIUM]","[PREMIUM]","[PREMIUM]","[PREMIUM]",false,false,"67e720047f0495454b58f34a","['69c3f13fdfb17ce91fac9693']","[PREMIUM]","[PREMIUM]"
"69c37fbd993d6c319e4b3b71","2026-03-26 00:39:14.111","2026-04-09 03:55:47.316","69c37fbd993d6c319e4b3b71","Benny Benassi (21+ Event)","music","2026-05-01 23:00:00","2026-05-02 03:00:00","2026-05-02 04:30:00",false,false,false,"[PREMIUM]","[PREMIUM]","[PREMIUM]","[PREMIUM]","[PREMIUM]","[PREMIUM]",false,false,"61d4ca2b18b2df0001996ec4","['63224c823edb910001203b73']","[PREMIUM]","[PREMIUM]"
"69c35f390690bd5f30407e6a","2026-03-26 00:39:14.111","2026-04-09 03:55:55.436","69c35f390690bd5f30407e6a","Bingo Loco (21+ Event)","music","2026-05-02 18:00:00","2026-05-02 22:00:00","2026-05-02 22:00:00",false,false,false,"[PREMIUM]","[PREMIUM]","[PREMIUM]","[PREMIUM]","[PREMIUM]","[PREMIUM]",false,false,"67a6865b3aeadb7e029f645f","['6668d4cb075eb00266a9c7ca']","[PREMIUM]","[PREMIUM]"
"69c35c9d48eeaea195fb6c2e","2026-03-26 00:39:14.111","2026-04-09 03:55:47.316","69c35c9d48eeaea195fb6c2e","Carlisle Arizona Women's Golf Classic","pga","2026-05-02 00:00:00","2026-05-02 07:00:00","2026-05-02 07:00:00",false,true,false,"[PREMIUM]","[PREMIUM]","[PREMIUM]","[PREMIUM]","[PREMIUM]","[PREMIUM]",false,false,"56a91b48f80c4141da000001","['65fcb4933309fcb0f23a9fa3']","[PREMIUM]","[PREMIUM]"
"69c35b194f212fac5ea1c17b","2026-03-26 00:39:14.111","2026-04-09 03:55:47.316","69c35b194f212fac5ea1c17b","WNBA Preseason - Toronto Tempo at Minnesota Lynx","wnba","2026-05-01 19:00:00","2026-05-02 00:00:00","2026-05-02 01:30:00",false,false,false,"[PREMIUM]","[PREMIUM]","[PREMIUM]","[PREMIUM]","[PREMIUM]","[PREMIUM]",false,false,"544ad8753bf3764587000002","['5967f08325f2c52b597fb026','6908f2110fd927c0268255fe']","[PREMIUM]","[PREMIUM]"
"69c2f28b3f94c07799018e63","2026-03-26 00:39:14.111","2026-04-09 03:55:47.316","69c2f28b3f94c07799018e63","Jesse Malin","music","2026-05-01 20:00:00","2026-05-02 00:00:00","2026-05-02 01:30:00",false,false,false,"[PREMIUM]","[PREMIUM]","[PREMIUM]","[PREMIUM]","[PREMIUM]","[PREMIUM]",false,true,"65fc647262b0e7fb8669ddc1","['5d4355abbe45e4003466e0a6']","[PREMIUM]","[PREMIUM]"
"69a0ff5de1d063cf482d9764","2026-03-26 00:39:14.111","2026-04-09 03:55:47.316","69a0ff5de1d063cf482d9764","Deathpact","music","2026-05-01 22:00:00","2026-05-02 05:00:00","2026-05-02 05:00:00",false,false,false,"[PREMIUM]","[PREMIUM]","[PREMIUM]","[PREMIUM]","[PREMIUM]","[PREMIUM]",false,true,"69c316ee4be9023a0587e36f","['6740d6fd8c009f089c7822da']","[PREMIUM]","[PREMIUM]"
"69971f9e86b933b13f904117","2026-03-26 00:39:14.111","2026-04-09 03:55:47.316","69971f9e86b933b13f904117","Jamie Allan's Amaze","theater","2026-05-02 17:00:00","2026-05-02 21:00:00","2026-05-02 21:00:00",false,false,false,"[PREMIUM]","[PREMIUM]","[PREMIUM]","[PREMIUM]","[PREMIUM]","[PREMIUM]",false,true,"69c3fc95993d6c319e4b6760","['69c3f13fdfb17ce91fac9693']","[PREMIUM]","[PREMIUM]"
"6938db7d090104153e7b2c01","2026-03-26 00:38:58.780","2026-04-09 03:55:37.492","6938db7d090104153e7b2c01","Jamie Allans Amaze","theater","2026-04-30 19:00:00","2026-04-30 23:00:00","2026-04-30 23:00:00",false,false,false,"[PREMIUM]","[PREMIUM]","[PREMIUM]","[PREMIUM]","[PREMIUM]","[PREMIUM]",false,false,"67e720047f0495454b58f34a","['69c3f13fdfb17ce91fac9693']","[PREMIUM]","[PREMIUM]"
"6941e6de2e6d406da3dc0819","2026-03-26 00:38:58.780","2026-04-09 03:55:37.492","6941e6de2e6d406da3dc0819","Flatland Cavalry","music","2026-04-30 20:00:00","2026-05-01 01:00:00","2026-05-01 02:30:00",false,false,false,"[PREMIUM]","[PREMIUM]","[PREMIUM]","[PREMIUM]","[PREMIUM]","[PREMIUM]",false,true,"69c319155a8b1c052b57c0fb","['63c86c6eaf889a0001123f1c']","[PREMIUM]","[PREMIUM]"
"691cf904c82e73e32e484641","2026-03-26 00:38:58.780","2026-04-09 03:55:30.246","691cf904c82e73e32e484641","Celtic Woman","music","2026-04-29 20:00:00","2026-04-30 00:00:00","2026-04-30 01:30:00",false,false,false,"[PREMIUM]","[PREMIUM]","[PREMIUM]","[PREMIUM]","[PREMIUM]","[PREMIUM]",true,false,"68373722275dc6cce414bb40","['61fc688325494b000160849c']","[PREMIUM]","[PREMIUM]"
"6971572d38b93b909353f4c5","2026-03-26 00:38:58.780","2026-04-09 03:55:37.492","6971572d38b93b909353f4c5","Luka Sulic","music","2026-04-30 19:30:00","2026-05-01 00:30:00","2026-05-01 00:30:00",false,false,false,"[PREMIUM]","[PREMIUM]","[PREMIUM]","[PREMIUM]","[PREMIUM]","[PREMIUM]",false,false,"684743f9b753e646a4483e4b","['69c3eedfa8006a7af879628b']","[PREMIUM]","[PREMIUM]"
"69391643fea89c7798f2d376","2026-03-26 00:38:58.780","2026-04-09 03:55:37.492","69391643fea89c7798f2d376","The Fab Four - The Ultimate Beatles Tribute","music","2026-04-30 19:00:00","2026-04-30 23:00:00","2026-05-01 00:30:00",false,false,false,"[PREMIUM]","[PREMIUM]","[PREMIUM]","[PREMIUM]","[PREMIUM]","[PREMIUM]",false,true,"69c305a5b355d651d43f86c1","['5ddc5295f923610038725f0d']","[PREMIUM]","[PREMIUM]"
"69c35c9d7d4546f343ca8971","2026-03-26 00:38:58.780","2026-04-09 03:55:37.492","69c35c9d7d4546f343ca8971","Carlisle Arizona Women's Golf Classic","pga","2026-05-01 07:00:00","2026-05-01 14:00:00","2026-05-01 14:00:00",false,false,false,"[PREMIUM]","[PREMIUM]","[PREMIUM]","[PREMIUM]","[PREMIUM]","[PREMIUM]",false,false,"56a91b48f80c4141da000001","['65fcb4933309fcb0f23a9fa3']","[PREMIUM]","[PREMIUM]"
"69c35c9c1abcc76a94446b20","2026-03-26 00:38:58.780","2026-04-09 03:55:37.492","69c35c9c1abcc76a94446b20","Carlisle Arizona Women's Golf Classic","pga","2026-04-30 00:00:00","2026-04-30 07:00:00","2026-04-30 07:00:00",false,true,false,"[PREMIUM]","[PREMIUM]","[PREMIUM]","[PREMIUM]","[PREMIUM]","[PREMIUM]",false,false,"56a91b48f80c4141da000001","['65fcb4933309fcb0f23a9fa3']","[PREMIUM]","[PREMIUM]"
"69c35af3aed4008d36423194","2026-03-26 00:38:58.780","2026-04-09 03:55:37.492","69c35af3aed4008d36423194","Earlybirds Club","music","2026-05-01 18:00:00","2026-05-02 01:00:00","2026-05-02 01:00:00",false,false,false,"[PREMIUM]","[PREMIUM]","[PREMIUM]","[PREMIUM]","[PREMIUM]","[PREMIUM]",false,false,"564cff89f80c410bf1000001","['695345d87d32ad72026729ff']","[PREMIUM]","[PREMIUM]"
"69bb0f263ab2cd3bbf67fb14","2026-03-26 00:38:58.780","2026-04-09 03:55:37.492","69bb0f263ab2cd3bbf67fb14","TBD at Winnipeg Jets (Round 1 - Home Game 3) (Date TBD) (If Necessary)","nhl","2026-04-30 00:00:00","2026-04-30 05:00:00","2026-04-30 05:45:00",true,true,true,"[PREMIUM]","[PREMIUM]","[PREMIUM]","[PREMIUM]","[PREMIUM]","[PREMIUM]",false,false,"545d4ace3bf3762bdb000001","['545d4af43bf3762bdb00000c','5a99e2126311820014498a01','67ffd504f534381f059eced1']","[PREMIUM]","[PREMIUM]"
"699a368a8dde1feeb12adeba","2026-03-26 00:38:58.780","2026-04-09 03:55:37.492","699a368a8dde1feeb12adeba","Jamie Allan's Amaze","theater","2026-04-30 14:00:00","2026-04-30 18:00:00","2026-04-30 18:00:00",false,false,false,"[PREMIUM]","[PREMIUM]","[PREMIUM]","[PREMIUM]","[PREMIUM]","[PREMIUM]",false,true,"69c3fc95993d6c319e4b6760","['69c3f13fdfb17ce91fac9693']","[PREMIUM]","[PREMIUM]"
"6938db810817ab1c4fa07d82","2026-03-26 00:38:49.428","2026-04-09 03:55:22.789","6938db810817ab1c4fa07d82","Jamie Allans Amaze","theater","2026-04-27 19:00:00","2026-04-27 23:00:00","2026-04-27 23:00:00",false,false,false,"[PREMIUM]","[PREMIUM]","[PREMIUM]","[PREMIUM]","[PREMIUM]","[PREMIUM]",false,false,"67e720047f0495454b58f34a","['69c3f13fdfb17ce91fac9693']","[PREMIUM]","[PREMIUM]"
"6917cc63e01eb80f7a08a618","2026-03-26 00:38:49.428","2026-04-09 03:55:30.246","6917cc63e01eb80f7a08a618","Langhorne Slim","music","2026-04-28 20:00:00","2026-04-29 02:00:00","2026-04-29 03:30:00",false,false,false,"[PREMIUM]","[PREMIUM]","[PREMIUM]","[PREMIUM]","[PREMIUM]","[PREMIUM]",false,true,"69c30702be6794f088d317e0","['62cdfd7707ca0200018f75f4']","[PREMIUM]","[PREMIUM]"
"6938db83290db21a4cadf8d6","2026-03-26 00:38:49.428","2026-04-09 03:55:30.246","6938db83290db21a4cadf8d6","Jamie Allans Amaze","theater","2026-04-29 19:00:00","2026-04-29 23:00:00","2026-04-29 23:00:00",false,false,false,"[PREMIUM]","[PREMIUM]","[PREMIUM]","[PREMIUM]","[PREMIUM]","[PREMIUM]",false,false,"67e720047f0495454b58f34a","['69c3f13fdfb17ce91fac9693']","[PREMIUM]","[PREMIUM]"
"69bc5cbafafa71315a364136","2026-03-26 00:38:49.428","2026-04-09 03:55:22.789","69bc5cbafafa71315a364136","Fakemink","music","2026-04-27 19:00:00","2026-04-27 23:00:00","2026-04-27 23:00:00",false,false,false,"[PREMIUM]","[PREMIUM]","[PREMIUM]","[PREMIUM]","[PREMIUM]","[PREMIUM]",false,false,"57e16af750575d33c89b402e","['68b21097fc65dbbbd388cdfc']","[PREMIUM]","[PREMIUM]"
"69bb2a97d358805c635600cf","2026-03-26 00:38:49.428","2026-04-09 03:55:30.246","69bb2a97d358805c635600cf","Susie and Toto Wolff","talk","2026-04-29 17:30:00","2026-04-29 21:30:00","2026-04-29 21:30:00",false,false,false,"[PREMIUM]","[PREMIUM]","[PREMIUM]","[PREMIUM]","[PREMIUM]","[PREMIUM]",false,false,"56b39e31f80c410494000001","['69c40b011131fc8b696771f9']","[PREMIUM]","[PREMIUM]"
"69840496045508f2c14b3105","2026-03-26 00:38:37.248","2026-04-09 03:55:13.308","69840496045508f2c14b3105","Wade Forster","music","2026-04-25 20:00:00","2026-04-26 01:00:00","2026-04-26 01:00:00",false,false,false,"[PREMIUM]","[PREMIUM]","[PREMIUM]","[PREMIUM]","[PREMIUM]","[PREMIUM]",false,true,"69c319155a8b1c052b57c0fb","['695c3dba5a70588e3051a11a']","[PREMIUM]","[PREMIUM]"
"6941e6df4ee1ac73506b95d7","2026-03-26 00:38:37.248","2026-04-09 03:55:13.308","6941e6df4ee1ac73506b95d7","Flatland Cavalry","music","2026-04-25 19:30:00","2026-04-25 23:30:00","2026-04-26 01:00:00",false,false,false,"[PREMIUM]","[PREMIUM]","[PREMIUM]","[PREMIUM]","[PREMIUM]","[PREMIUM]",false,true,"69c42c0b1370807ddf21ef40","['63c86c6eaf889a0001123f1c']","[PREMIUM]","[PREMIUM]"
"6941a75840bb70d76760a3d8","2026-03-26 00:38:37.248","2026-04-09 03:55:22.789","6941a75840bb70d76760a3d8","California Golden Bears at Miami Hurricanes Baseball","cbs","2026-04-26 13:00:00","2026-04-26 17:00:00","2026-04-26 18:30:00",false,false,false,"[PREMIUM]","[PREMIUM]","[PREMIUM]","[PREMIUM]","[PREMIUM]","[PREMIUM]",false,false,"590cb51349850a61e43311f9","['590cb5a1f80c4163cd951478','5ba3dc8bf0a4a70013dcf554']","[PREMIUM]","[PREMIUM]"
"6938db7f3760ce8f17bdb937","2026-03-26 00:38:37.248","2026-04-09 03:55:22.789","6938db7f3760ce8f17bdb937","Jamie Allans Amaze","theater","2026-04-26 12:00:00","2026-04-26 16:00:00","2026-04-26 16:00:00",false,false,false,"[PREMIUM]","[PREMIUM]","[PREMIUM]","[PREMIUM]","[PREMIUM]","[PREMIUM]",false,false,"67e720047f0495454b58f34a","['69c3f13fdfb17ce91fac9693']","[PREMIUM]","[PREMIUM]"
"6938db7c0817ab1c4fa07d7f","2026-03-26 00:38:37.248","2026-04-09 03:55:13.308","6938db7c0817ab1c4fa07d7f","Jamie Allans Amaze","theater","2026-04-25 20:00:00","2026-04-26 00:00:00","2026-04-26 00:00:00",false,false,false,"[PREMIUM]","[PREMIUM]","[PREMIUM]","[PREMIUM]","[PREMIUM]","[PREMIUM]",false,false,"67e720047f0495454b58f34a","['69c3f13fdfb17ce91fac9693']","[PREMIUM]","[PREMIUM]"
"6938db83bb8b89a3c9dc9bcd","2026-03-26 00:38:37.248","2026-04-09 03:55:22.789","6938db83bb8b89a3c9dc9bcd","Jamie Allans Amaze","theater","2026-04-26 15:00:00","2026-04-26 19:00:00","2026-04-26 19:00:00",false,false,false,"[PREMIUM]","[PREMIUM]","[PREMIUM]","[PREMIUM]","[PREMIUM]","[PREMIUM]",false,false,"67e720047f0495454b58f34a","['69c3f13fdfb17ce91fac9693']","[PREMIUM]","[PREMIUM]"
"6938db7fe369caae3f3c70c2","2026-03-26 00:38:26.880","2026-04-09 03:55:13.308","6938db7fe369caae3f3c70c2","Jamie Allans Amaze","theater","2026-04-25 14:00:00","2026-04-25 18:00:00","2026-04-25 18:00:00",false,false,false,"[PREMIUM]","[PREMIUM]","[PREMIUM]","[PREMIUM]","[PREMIUM]","[PREMIUM]",false,false,"67e720047f0495454b58f34a","['69c3f13fdfb17ce91fac9693']","[PREMIUM]","[PREMIUM]"
"6941a758d314619d191959db","2026-03-26 00:38:26.880","2026-04-09 03:55:13.308","6941a758d314619d191959db","California Golden Bears at Miami Hurricanes Baseball","cbs","2026-04-25 18:00:00","2026-04-25 22:00:00","2026-04-25 23:30:00",false,false,false,"[PREMIUM]","[PREMIUM]","[PREMIUM]","[PREMIUM]","[PREMIUM]","[PREMIUM]",false,false,"590cb51349850a61e43311f9","['590cb5a1f80c4163cd951478','5ba3dc8bf0a4a70013dcf554']","[PREMIUM]","[PREMIUM]"
"69793af8100082dae1025984","2026-03-26 00:38:26.880","2026-04-09 03:55:13.308","69793af8100082dae1025984","Devon Allman's Blues Summit","music","2026-04-25 19:30:00","2026-04-26 00:30:00","2026-04-26 02:00:00",false,false,false,"[PREMIUM]","[PREMIUM]","[PREMIUM]","[PREMIUM]","[PREMIUM]","[PREMIUM]",false,false,"67ec3bfd4df3f71f03b8bc99","['5b0ec3971e94d800137f4ed6']","[PREMIUM]","[PREMIUM]"
"69bc5a691f5b022749c09181","2026-03-26 00:38:26.880","2026-04-09 03:55:13.308","69bc5a691f5b022749c09181","Fakemink","music","2026-04-25 19:00:00","2026-04-26 00:00:00","2026-04-26 00:00:00",false,false,false,"[PREMIUM]","[PREMIUM]","[PREMIUM]","[PREMIUM]","[PREMIUM]","[PREMIUM]",true,false,"5a14bbdb1a8d14001304bbf7","['68b21097fc65dbbbd388cdfc']","[PREMIUM]","[PREMIUM]"
"69988e140fe93b6b2fd78b0a","2026-03-26 00:38:26.880","2026-04-09 03:55:13.308","69988e140fe93b6b2fd78b0a","Jamie Allan's Amaze","theater","2026-04-25 17:00:00","2026-04-25 21:00:00","2026-04-25 21:00:00",false,false,false,"[PREMIUM]","[PREMIUM]","[PREMIUM]","[PREMIUM]","[PREMIUM]","[PREMIUM]",false,true,"69c3fc95993d6c319e4b6760","['69c3f13fdfb17ce91fac9693']","[PREMIUM]","[PREMIUM]"
"6939140d6e552091071b5ef0","2026-03-26 00:38:17.762","2026-04-09 03:55:05.650","6939140d6e552091071b5ef0","Whos Bad - The Michael Jackson Experience","music","2026-04-24 19:00:00","2026-04-24 23:00:00","2026-04-24 23:00:00",false,false,false,"[PREMIUM]","[PREMIUM]","[PREMIUM]","[PREMIUM]","[PREMIUM]","[PREMIUM]",false,true,"69c305a5b355d651d43f86c1","['65a087ad9a9c1cf2b6e88741']","[PREMIUM]","[PREMIUM]"
"6977eada246ffe8485d71248","2026-03-26 00:38:17.762","2026-04-09 03:54:57.471","6977eada246ffe8485d71248","Jesse Cook","music","2026-04-23 20:00:00","2026-04-24 00:00:00","2026-04-24 01:30:00",false,false,false,"[PREMIUM]","[PREMIUM]","[PREMIUM]","[PREMIUM]","[PREMIUM]","[PREMIUM]",false,true,"69c41f1b3770ae3f8f2a0cbe","['62030d07513a040001a18e52']","[PREMIUM]","[PREMIUM]"
"697957ef8668a46f3271c844","2026-03-26 00:38:17.762","2026-04-09 03:55:05.650","697957ef8668a46f3271c844","Everclear","music","2026-04-24 20:00:00","2026-04-25 00:00:00","2026-04-25 01:00:00",false,false,false,"[PREMIUM]","[PREMIUM]","[PREMIUM]","[PREMIUM]","[PREMIUM]","[PREMIUM]",false,false,"67901cd4e2ddc1728f379677","['58af5ff2f80c41314308ca45']","[PREMIUM]","[PREMIUM]"
"69365d3fcba2f285be86a4a7","2026-03-26 00:38:17.762","2026-04-09 03:55:05.650","69365d3fcba2f285be86a4a7","Candlelight - Ed Sheeran Meets Coldplay","music","2026-04-24 18:30:00","2026-04-24 22:30:00","2026-04-24 22:30:00",false,false,false,"[PREMIUM]","[PREMIUM]","[PREMIUM]","[PREMIUM]","[PREMIUM]","[PREMIUM]",false,true,"69c416d70690bd5f3040d216","['6823ac7ce9edabedb24ba2dc']","[PREMIUM]","[PREMIUM]"
"6941a758454bd6628d427d8d","2026-03-26 00:38:17.762","2026-04-09 03:55:05.650","6941a758454bd6628d427d8d","California Golden Bears at Miami Hurricanes Baseball","cbs","2026-04-24 19:00:00","2026-04-24 23:00:00","2026-04-25 00:30:00",false,false,false,"[PREMIUM]","[PREMIUM]","[PREMIUM]","[PREMIUM]","[PREMIUM]","[PREMIUM]",false,false,"590cb51349850a61e43311f9","['590cb5a1f80c4163cd951478','5ba3dc8bf0a4a70013dcf554']","[PREMIUM]","[PREMIUM]"
"698d545287f25bb0c6c79b39","2026-03-26 00:38:17.762","2026-04-09 03:54:57.471","698d545287f25bb0c6c79b39","Ramirez","music","2026-04-23 20:00:00","2026-04-24 00:00:00","2026-04-24 00:00:00",false,false,false,"[PREMIUM]","[PREMIUM]","[PREMIUM]","[PREMIUM]","[PREMIUM]","[PREMIUM]",false,false,"67901cd4e2ddc1728f379677","['67be28b799f4cd674aeed155']","[PREMIUM]","[PREMIUM]"
"69c380d07d4546f343ca98d1","2026-03-26 00:38:17.762","2026-04-09 03:54:57.471","69c380d07d4546f343ca98d1","Grieves (17+ Event)","music","2026-04-23 20:00:00","2026-04-24 01:00:00","2026-04-24 02:00:00",false,false,false,"[PREMIUM]","[PREMIUM]","[PREMIUM]","[PREMIUM]","[PREMIUM]","[PREMIUM]",false,true,"62a271bb04da2800013fcf3e","['5967c88425f2c54d32e9f373']","[PREMIUM]","[PREMIUM]"
"69c2f8c0ed7af0d4c0e15bff","2026-03-26 00:38:17.762","2026-04-09 03:54:57.471","69c2f8c0ed7af0d4c0e15bff","Ross Lynch","music","2026-04-23 20:00:00","2026-04-24 00:00:00","2026-04-24 00:00:00",false,false,false,"[PREMIUM]","[PREMIUM]","[PREMIUM]","[PREMIUM]","[PREMIUM]","[PREMIUM]",false,false,"63d9ac918632a90001db3069","['65e12317458e1e3a9f148869']","[PREMIUM]","[PREMIUM]"
"695d8c6b8ac525266dad590c","2026-03-26 00:38:00.407","2026-04-09 03:54:47.499","695d8c6b8ac525266dad590c","The Price Is Right Live","other","2026-04-22 18:00:00","2026-04-22 22:00:00","2026-04-22 22:00:00",false,false,false,"[PREMIUM]","[PREMIUM]","[PREMIUM]","[PREMIUM]","[PREMIUM]","[PREMIUM]",false,true,"69c45204ef3183430df1c271","['65778e303c2f25e2c66c5d25']","[PREMIUM]","[PREMIUM]"
"6938db7fc7267e811be6af88","2026-03-26 00:38:00.407","2026-04-09 03:54:47.499","6938db7fc7267e811be6af88","Jamie Allans Amaze","theater","2026-04-22 19:00:00","2026-04-22 23:00:00","2026-04-22 23:00:00",false,false,false,"[PREMIUM]","[PREMIUM]","[PREMIUM]","[PREMIUM]","[PREMIUM]","[PREMIUM]",false,false,"67e720047f0495454b58f34a","['69c3f13fdfb17ce91fac9693']","[PREMIUM]","[PREMIUM]"
"692f869bb411e556be746649","2026-03-26 00:38:00.407","2026-04-09 03:54:57.471","692f869bb411e556be746649","Menopause The Musical","theater","2026-04-23 19:00:00","2026-04-23 23:00:00","2026-04-23 23:00:00",false,false,false,"[PREMIUM]","[PREMIUM]","[PREMIUM]","[PREMIUM]","[PREMIUM]","[PREMIUM]",false,false,"68373722275dc6cce414bb40","['65fdd5da0d1693a2ca558692']","[PREMIUM]","[PREMIUM]"
"6938db80fea89c7798f2b08e","2026-03-26 00:38:00.407","2026-04-09 03:54:57.471","6938db80fea89c7798f2b08e","Jamie Allans Amaze","theater","2026-04-23 19:00:00","2026-04-23 23:00:00","2026-04-23 23:00:00",false,false,false,"[PREMIUM]","[PREMIUM]","[PREMIUM]","[PREMIUM]","[PREMIUM]","[PREMIUM]",false,false,"67e720047f0495454b58f34a","['69c3f13fdfb17ce91fac9693']","[PREMIUM]","[PREMIUM]"
"69c35aa0df74fac18ee328ce","2026-03-26 00:38:00.407","2026-04-09 03:54:47.499","69c35aa0df74fac18ee328ce","Night Of Champions - 2015 Denver Broncos","other","2026-04-22 19:00:00","2026-04-23 01:00:00","2026-04-23 01:00:00",false,false,false,"[PREMIUM]","[PREMIUM]","[PREMIUM]","[PREMIUM]","[PREMIUM]","[PREMIUM]",false,false,"57c754f1f80c413c471a8d8d","['67ae12eb15a021f5967e92f7']","[PREMIUM]","[PREMIUM]"
"69c22c21ad000e2857f81086","2026-03-26 00:38:00.407","2026-04-09 03:54:57.471","69c22c21ad000e2857f81086","Poison Ruïn (17+ Event)","music","2026-04-22 20:00:00","2026-04-23 01:00:00","2026-04-23 01:00:00",false,false,false,"[PREMIUM]","[PREMIUM]","[PREMIUM]","[PREMIUM]","[PREMIUM]","[PREMIUM]",false,true,"62a271bb04da2800013fcf3e","['64e8bd06a156cd0001c14059']","[PREMIUM]","[PREMIUM]"
"69bb0f2625edbfcc34d08fa6","2026-03-26 00:38:00.407","2026-04-09 03:54:57.471","69bb0f2625edbfcc34d08fa6","TBD at Winnipeg Jets (Round 1 - Home Game 2) (Date TBD) (If Necessary)","nhl","2026-04-23 00:00:00","2026-04-23 05:00:00","2026-04-23 05:45:00",true,true,true,"[PREMIUM]","[PREMIUM]","[PREMIUM]","[PREMIUM]","[PREMIUM]","[PREMIUM]",false,false,"545d4ace3bf3762bdb000001","['545d4af43bf3762bdb00000c','5a99e2126311820014498a01','67ffd504f534381f059eced1']","[PREMIUM]","[PREMIUM]"
"699a3689447322054f22e823","2026-03-26 00:38:00.407","2026-04-09 03:54:57.471","699a3689447322054f22e823","Jamie Allan's Amaze","theater","2026-04-23 14:00:00","2026-04-23 18:00:00","2026-04-23 18:00:00",false,false,false,"[PREMIUM]","[PREMIUM]","[PREMIUM]","[PREMIUM]","[PREMIUM]","[PREMIUM]",false,true,"69c3fc95993d6c319e4b6760","['69c3f13fdfb17ce91fac9693']","[PREMIUM]","[PREMIUM]"
"691cdf18fd421c0b425db282","2026-03-26 00:37:46.036","2026-04-09 03:54:39.637","691cdf18fd421c0b425db282","ZZ Top with Dwight Yoakam","music","2026-04-19 19:00:00","2026-04-19 23:00:00","2026-04-20 00:00:00",false,false,false,"[PREMIUM]","[PREMIUM]","[PREMIUM]","[PREMIUM]","[PREMIUM]","[PREMIUM]",false,true,"69c42c0b1370807ddf21ef40","['58a79362f80c41494ff7ce59']","[PREMIUM]","[PREMIUM]"
"695d8c6bc055f638ac93898a","2026-03-26 00:37:46.036","2026-04-09 03:54:47.499","695d8c6bc055f638ac93898a","The Price Is Right Live","other","2026-04-21 18:00:00","2026-04-21 22:00:00","2026-04-21 22:00:00",false,false,false,"[PREMIUM]","[PREMIUM]","[PREMIUM]","[PREMIUM]","[PREMIUM]","[PREMIUM]",false,true,"69c45204ef3183430df1c271","['65778e303c2f25e2c66c5d25']","[PREMIUM]","[PREMIUM]"
"691cf904661c08081a7701a9","2026-03-26 00:37:46.036","2026-04-09 03:54:47.499","691cf904661c08081a7701a9","Celtic Woman","music","2026-04-20 20:00:00","2026-04-21 00:00:00","2026-04-21 01:30:00",false,false,false,"[PREMIUM]","[PREMIUM]","[PREMIUM]","[PREMIUM]","[PREMIUM]","[PREMIUM]",false,true,"69c45204ef3183430df1c271","['61fc688325494b000160849c']","[PREMIUM]","[PREMIUM]"
"6938db7cb411e556be7772b7","2026-03-26 00:37:46.036","2026-04-09 03:54:39.637","6938db7cb411e556be7772b7","Jamie Allans Amaze","theater","2026-04-20 19:00:00","2026-04-20 23:00:00","2026-04-20 23:00:00",false,false,false,"[PREMIUM]","[PREMIUM]","[PREMIUM]","[PREMIUM]","[PREMIUM]","[PREMIUM]",false,false,"67e720047f0495454b58f34a","['69c3f13fdfb17ce91fac9693']","[PREMIUM]","[PREMIUM]"
"691cf90498bf84551742d473","2026-03-26 00:37:46.036","2026-04-09 03:54:39.637","691cf90498bf84551742d473","Celtic Woman","music","2026-04-19 19:00:00","2026-04-19 23:00:00","2026-04-20 00:30:00",false,false,false,"[PREMIUM]","[PREMIUM]","[PREMIUM]","[PREMIUM]","[PREMIUM]","[PREMIUM]",false,true,"69c45204ef3183430df1c271","['61fc688325494b000160849c']","[PREMIUM]","[PREMIUM]"
"69c3f4f98459ea2f45050369","2026-03-26 00:37:46.036","2026-04-09 03:54:39.637","69c3f4f98459ea2f45050369","Nimesh Patel","comedy","2026-04-19 21:00:00","2026-04-20 01:00:00","2026-04-20 02:30:00",false,false,false,"[PREMIUM]","[PREMIUM]","[PREMIUM]","[PREMIUM]","[PREMIUM]","[PREMIUM]",false,false,"590cfa3349850a61e435912c","['62b9db3efc61f700018ed9f4']","[PREMIUM]","[PREMIUM]"
"69bb0f26bd31dc87db49874b","2026-03-26 00:37:46.036","2026-04-09 03:54:47.499","69bb0f26bd31dc87db49874b","TBD at Winnipeg Jets (Round 1 - Home Game 1) (Date TBD) (If Necessary)","nhl","2026-04-21 00:00:00","2026-04-21 05:00:00","2026-04-21 05:45:00",true,true,true,"[PREMIUM]","[PREMIUM]","[PREMIUM]","[PREMIUM]","[PREMIUM]","[PREMIUM]",false,false,"545d4ace3bf3762bdb000001","['545d4af43bf3762bdb00000c','5a99e2126311820014498a01','67ffd504f534381f059eced1']","[PREMIUM]","[PREMIUM]"
"68f15a59f3a8afd8fe71d61b","2026-03-26 00:37:29.469","2026-04-09 03:54:31.576","68f15a59f3a8afd8fe71d61b","Mariachazo","music","2026-04-18 20:00:00","2026-04-19 03:00:00","2026-04-19 03:00:00",false,false,false,"[PREMIUM]","[PREMIUM]","[PREMIUM]","[PREMIUM]","[PREMIUM]","[PREMIUM]",true,false,"60ef6e09458d2c0001b15e1d","['69c463ca639f735e6cad0592']","[PREMIUM]","[PREMIUM]"
"6938db846e552091071b3bf9","2026-03-26 00:37:29.469","2026-04-09 03:54:39.637","6938db846e552091071b3bf9","Jamie Allans Amaze","theater","2026-04-19 15:00:00","2026-04-19 19:00:00","2026-04-19 19:00:00",false,false,false,"[PREMIUM]","[PREMIUM]","[PREMIUM]","[PREMIUM]","[PREMIUM]","[PREMIUM]",false,false,"67e720047f0495454b58f34a","['69c3f13fdfb17ce91fac9693']","[PREMIUM]","[PREMIUM]"
"6938db84abcf240fe63e8a0c","2026-03-26 00:37:29.469","2026-04-09 03:54:39.637","6938db84abcf240fe63e8a0c","Jamie Allans Amaze","theater","2026-04-19 12:00:00","2026-04-19 16:00:00","2026-04-19 16:00:00",false,false,false,"[PREMIUM]","[PREMIUM]","[PREMIUM]","[PREMIUM]","[PREMIUM]","[PREMIUM]",false,false,"67e720047f0495454b58f34a","['69c3f13fdfb17ce91fac9693']","[PREMIUM]","[PREMIUM]"
"6938db80630a7e319f7fe8ae","2026-03-26 00:37:29.469","2026-04-09 03:54:31.576","6938db80630a7e319f7fe8ae","Jamie Allans Amaze","theater","2026-04-18 20:00:00","2026-04-19 00:00:00","2026-04-19 00:00:00",false,false,false,"[PREMIUM]","[PREMIUM]","[PREMIUM]","[PREMIUM]","[PREMIUM]","[PREMIUM]",false,false,"67e720047f0495454b58f34a","['69c3f13fdfb17ce91fac9693']","[PREMIUM]","[PREMIUM]"
"6941e580d35159144f3786ef","2026-03-26 00:37:29.469","2026-04-09 03:54:31.576","6941e580d35159144f3786ef","The Australian Bee Gees Show - A Tribute To The Bee Gees","music","2026-04-18 19:30:00","2026-04-18 23:30:00","2026-04-18 23:30:00",false,false,false,"[PREMIUM]","[PREMIUM]","[PREMIUM]","[PREMIUM]","[PREMIUM]","[PREMIUM]",false,false,"68373722275dc6cce414bb40","['65cfeff3585a8a943a461a4f']","[PREMIUM]","[PREMIUM]"
"698d544c5994a58525c807bd","2026-03-26 00:37:29.469","2026-04-09 03:54:39.637","698d544c5994a58525c807bd","Ian Asher","music","2026-04-18 21:00:00","2026-04-19 04:00:00","2026-04-19 04:00:00",false,false,false,"[PREMIUM]","[PREMIUM]","[PREMIUM]","[PREMIUM]","[PREMIUM]","[PREMIUM]",false,true,"69c316ee4be9023a0587e36f","['66034776dead64f0a00b1639']","[PREMIUM]","[PREMIUM]"
"69c35f9805227de8dde0eff6","2026-03-26 00:37:29.469","2026-04-09 03:54:31.576","69c35f9805227de8dde0eff6","Aaron Weber (18+ Event)","comedy","2026-04-18 19:00:00","2026-04-19 00:00:00","2026-04-19 00:00:00",false,false,false,"[PREMIUM]","[PREMIUM]","[PREMIUM]","[PREMIUM]","[PREMIUM]","[PREMIUM]",false,true,"6835ea8fab71b508f204b9a1","['64e784164b688c0001fe0d83']","[PREMIUM]","[PREMIUM]"
"6938db7e2eb8712c4375b402","2026-03-26 00:37:09.346","2026-04-09 03:54:31.576","6938db7e2eb8712c4375b402","Jamie Allans Amaze","theater","2026-04-18 14:00:00","2026-04-18 18:00:00","2026-04-18 18:00:00",false,false,false,"[PREMIUM]","[PREMIUM]","[PREMIUM]","[PREMIUM]","[PREMIUM]","[PREMIUM]",false,false,"67e720047f0495454b58f34a","['69c3f13fdfb17ce91fac9693']","[PREMIUM]","[PREMIUM]"
"697a6fe04c5731e98f660fa3","2026-03-26 00:37:09.346","2026-04-09 03:54:23.197","697a6fe04c5731e98f660fa3","Tracy Lawrence","music","2026-04-17 19:30:00","2026-04-18 00:30:00","2026-04-18 00:30:00",false,false,false,"[PREMIUM]","[PREMIUM]","[PREMIUM]","[PREMIUM]","[PREMIUM]","[PREMIUM]",false,true,"69c319155a8b1c052b57c0fb","['6581ca1d498ee2b0e3c8ad28']","[PREMIUM]","[PREMIUM]"
"691e6842e2a4d7e308865018","2026-03-26 00:37:09.346","2026-04-09 03:54:23.197","691e6842e2a4d7e308865018","Barely Alive","music","2026-04-17 21:00:00","2026-04-18 04:00:00","2026-04-18 04:00:00",false,false,false,"[PREMIUM]","[PREMIUM]","[PREMIUM]","[PREMIUM]","[PREMIUM]","[PREMIUM]",false,true,"69c316ee4be9023a0587e36f","['65283339051055550e27c262']","[PREMIUM]","[PREMIUM]"
"691b6aa8db539d3a89df2f52","2026-03-26 00:37:09.346","2026-04-09 03:54:23.197","691b6aa8db539d3a89df2f52","Mariachazo","music","2026-04-17 20:00:00","2026-04-18 03:00:00","2026-04-18 03:00:00",false,false,false,"[PREMIUM]","[PREMIUM]","[PREMIUM]","[PREMIUM]","[PREMIUM]","[PREMIUM]",false,false,"6813b8ea2acaae5340384938","['69c463ca639f735e6cad0592']","[PREMIUM]","[PREMIUM]"
"69c3f4d78cec5ea8b25b1ae2","2026-03-26 00:37:09.346","2026-04-09 03:54:31.576","69c3f4d78cec5ea8b25b1ae2","Fargo Force","other","2026-04-18 18:05:00","2026-04-18 23:05:00","2026-04-18 23:05:00",false,false,false,"[PREMIUM]","[PREMIUM]","[PREMIUM]","[PREMIUM]","[PREMIUM]","[PREMIUM]",false,false,"6318d439f966d700018a96a5","['6647dc6b6f4b8d1cb1d85fbd']","[PREMIUM]","[PREMIUM]"
"6997916d0b0ab38f5bfae44c","2026-03-26 00:37:09.346","2026-04-09 03:54:31.576","6997916d0b0ab38f5bfae44c","Jamie Allan's Amaze","theater","2026-04-18 17:00:00","2026-04-18 21:00:00","2026-04-18 21:00:00",false,false,false,"[PREMIUM]","[PREMIUM]","[PREMIUM]","[PREMIUM]","[PREMIUM]","[PREMIUM]",false,true,"69c3fc95993d6c319e4b6760","['69c3f13fdfb17ce91fac9693']","[PREMIUM]","[PREMIUM]"
"691cf8ea99ac8743f3590169","2026-03-26 00:36:55.308","2026-04-09 03:54:23.197","691cf8ea99ac8743f3590169","Gaither Vocal Band","music","2026-04-17 19:00:00","2026-04-17 23:00:00","2026-04-18 00:30:00",false,false,false,"[PREMIUM]","[PREMIUM]","[PREMIUM]","[PREMIUM]","[PREMIUM]","[PREMIUM]",false,true,"69c42e364c6aefc98a05e041","['5b4e28357f8de800125c1a21']","[PREMIUM]","[PREMIUM]"
"6938db7e4ca0378b00294bd9","2026-03-26 00:36:55.308","2026-04-09 03:54:15.308","6938db7e4ca0378b00294bd9","Jamie Allans Amaze","theater","2026-04-16 19:00:00","2026-04-16 23:00:00","2026-04-16 23:00:00",false,false,false,"[PREMIUM]","[PREMIUM]","[PREMIUM]","[PREMIUM]","[PREMIUM]","[PREMIUM]",false,false,"67e720047f0495454b58f34a","['69c3f13fdfb17ce91fac9693']","[PREMIUM]","[PREMIUM]"
"69939dc9a47b9bd459c24fbf","2026-03-26 00:36:55.308","2026-04-09 03:54:15.308","69939dc9a47b9bd459c24fbf","Royksopp","music","2026-04-16 21:00:00","2026-04-17 04:00:00","2026-04-17 04:00:00",false,false,false,"[PREMIUM]","[PREMIUM]","[PREMIUM]","[PREMIUM]","[PREMIUM]","[PREMIUM]",false,true,"69c316ee4be9023a0587e36f","['6494d79d4378de000190fcec']","[PREMIUM]","[PREMIUM]"
"6938db80abe5897cd265dbde","2026-03-26 00:36:55.308","2026-04-09 03:54:23.197","6938db80abe5897cd265dbde","Jamie Allans Amaze","theater","2026-04-17 19:00:00","2026-04-17 23:00:00","2026-04-17 23:00:00",false,false,false,"[PREMIUM]","[PREMIUM]","[PREMIUM]","[PREMIUM]","[PREMIUM]","[PREMIUM]",false,false,"67e720047f0495454b58f34a","['69c3f13fdfb17ce91fac9693']","[PREMIUM]","[PREMIUM]"
"69c460f907a5f1a6afa5d2c7","2026-03-26 00:36:55.308","2026-04-09 03:54:15.308","69c460f907a5f1a6afa5d2c7","Lil Mosey (18+ Event)","music","2026-04-16 21:00:00","2026-04-17 01:00:00","2026-04-17 02:30:00",false,false,false,"[PREMIUM]","[PREMIUM]","[PREMIUM]","[PREMIUM]","[PREMIUM]","[PREMIUM]",false,false,"61046521d90998000194a15d","['5d7a815bb479030039b65828']","[PREMIUM]","[PREMIUM]"
"69c449d9fd11da6ac5da06c6","2026-03-26 00:36:55.308","2026-04-09 03:54:23.197","69c449d9fd11da6ac5da06c6","Youngstown Phantoms","other","2026-04-17 19:05:00","2026-04-17 23:05:00","2026-04-17 23:05:00",false,false,false,"[PREMIUM]","[PREMIUM]","[PREMIUM]","[PREMIUM]","[PREMIUM]","[PREMIUM]",false,false,"5e0a759c0259eb003b8db4ec","['66d8d2eee5351494a31f3fa6']","[PREMIUM]","[PREMIUM]"
"69c35f9877787424b63e555c","2026-03-26 00:36:55.308","2026-04-09 03:54:23.197","69c35f9877787424b63e555c","Aaron Weber (18+ Event)","comedy","2026-04-17 19:00:00","2026-04-18 00:00:00","2026-04-18 00:00:00",false,false,false,"[PREMIUM]","[PREMIUM]","[PREMIUM]","[PREMIUM]","[PREMIUM]","[PREMIUM]",false,true,"6835ea8fab71b508f204b9a1","['64e784164b688c0001fe0d83']","[PREMIUM]","[PREMIUM]"
"69c35a6e51a32c89cc782790","2026-03-26 00:36:55.308","2026-04-09 03:54:15.308","69c35a6e51a32c89cc782790","Emo Night Brooklyn (21+ Event)","music","2026-04-16 21:00:00","2026-04-17 01:00:00","2026-04-17 01:00:00",false,false,false,"[PREMIUM]","[PREMIUM]","[PREMIUM]","[PREMIUM]","[PREMIUM]","[PREMIUM]",false,false,"5e2a322b4514610039ceaceb","['65ce998d07a5794f79181c42']","[PREMIUM]","[PREMIUM]"
"69c2d9fd0c445ceb7d4fefca","2026-03-26 00:36:55.308","2026-04-09 03:54:15.308","69c2d9fd0c445ceb7d4fefca","Quarters of Change -  2 Day Pass (4/17-4/18)","music","2026-04-17 16:59:00","2026-04-17 20:59:00","2026-04-17 22:29:00",false,false,false,"[PREMIUM]","[PREMIUM]","[PREMIUM]","[PREMIUM]","[PREMIUM]","[PREMIUM]",false,false,"56a01511f80c414f35000001","['6387e44c5d190000018979b9']","[PREMIUM]","[PREMIUM]"
"6941a7587945711ba6b3a9ed","2026-03-26 00:36:42.260","2026-04-09 03:54:06.781","6941a7587945711ba6b3a9ed","South Florida Bulls at Miami Hurricanes Baseball","cbs","2026-04-15 18:00:00","2026-04-15 22:00:00","2026-04-15 23:30:00",false,false,false,"[PREMIUM]","[PREMIUM]","[PREMIUM]","[PREMIUM]","[PREMIUM]","[PREMIUM]",false,false,"590cb51349850a61e43311f9","['590cb5a1f80c4163cd951478','5a21defe25f2c5448dd3ecd0']","[PREMIUM]","[PREMIUM]"
"6941e7f550337993dce2fbca","2026-03-26 00:36:42.260","2026-04-09 03:54:06.781","6941e7f550337993dce2fbca","The Happy Fits","music","2026-04-15 19:00:00","2026-04-15 23:00:00","2026-04-16 00:30:00",false,false,false,"[PREMIUM]","[PREMIUM]","[PREMIUM]","[PREMIUM]","[PREMIUM]","[PREMIUM]",false,false,"67901cd4e2ddc1728f379677","['60de17ea9f498d0001d8735a']","[PREMIUM]","[PREMIUM]"
"6938db7ce369caae3f3c70c0","2026-03-26 00:36:42.260","2026-04-09 03:54:06.781","6938db7ce369caae3f3c70c0","Jamie Allans Amaze","theater","2026-04-15 19:00:00","2026-04-15 23:00:00","2026-04-15 23:00:00",false,false,false,"[PREMIUM]","[PREMIUM]","[PREMIUM]","[PREMIUM]","[PREMIUM]","[PREMIUM]",false,false,"67e720047f0495454b58f34a","['69c3f13fdfb17ce91fac9693']","[PREMIUM]","[PREMIUM]"
"69c4613923cf2ac20becf48c","2026-03-26 00:36:42.260","2026-04-09 03:54:06.781","69c4613923cf2ac20becf48c","Sapphira Cristál","theater","2026-04-14 19:30:00","2026-04-14 23:30:00","2026-04-14 23:30:00",false,false,false,"[PREMIUM]","[PREMIUM]","[PREMIUM]","[PREMIUM]","[PREMIUM]","[PREMIUM]",false,true,"66bbd7347b254ce9631bdfe7","['662ffb2b10ea7ecba42bb756']","[PREMIUM]","[PREMIUM]"
"69c3582951a32c89cc7826c6","2026-03-26 00:36:42.260","2026-04-09 03:54:15.308","69c3582951a32c89cc7826c6","Lil Mosey","music","2026-04-16 00:00:00","2026-04-16 04:00:00","2026-04-16 05:30:00",false,true,false,"[PREMIUM]","[PREMIUM]","[PREMIUM]","[PREMIUM]","[PREMIUM]","[PREMIUM]",false,false,"61046521d90998000194a15d","['5d7a815bb479030039b65828']","[PREMIUM]","[PREMIUM]"
"68f958fb8401d8f634d40c65","2026-03-26 00:36:26.410","2026-04-09 03:53:57.468","68f958fb8401d8f634d40c65","Sons of Legion","music","2026-04-12 20:00:00","2026-04-13 00:00:00","2026-04-13 00:00:00",false,false,false,"[PREMIUM]","[PREMIUM]","[PREMIUM]","[PREMIUM]","[PREMIUM]","[PREMIUM]",false,false,"67901cd4e2ddc1728f379677","['68f945f41f14eabe5cfc8e0d']","[PREMIUM]","[PREMIUM]"
"68fa7575577a4665802cdb94","2026-03-26 00:36:26.410","2026-04-09 03:53:57.468","68fa7575577a4665802cdb94","Sons of Legion","music","2026-04-12 20:00:00","2026-04-13 00:00:00","2026-04-13 00:00:00",false,false,false,"[PREMIUM]","[PREMIUM]","[PREMIUM]","[PREMIUM]","[PREMIUM]","[PREMIUM]",false,false,"67901cd4e2ddc1728f379677","['68f945f41f14eabe5cfc8e0d']","[PREMIUM]","[PREMIUM]"
"6938db7c3760ce8f17bdb934","2026-03-26 00:36:26.410","2026-04-09 03:53:57.468","6938db7c3760ce8f17bdb934","Jamie Allans Amaze","theater","2026-04-12 15:00:00","2026-04-12 19:00:00","2026-04-12 19:00:00",false,false,false,"[PREMIUM]","[PREMIUM]","[PREMIUM]","[PREMIUM]","[PREMIUM]","[PREMIUM]",false,false,"67e720047f0495454b58f34a","['69c3f13fdfb17ce91fac9693']","[PREMIUM]","[PREMIUM]"
"6938db7c630a7e319f7fe8ab","2026-03-26 00:36:26.410","2026-04-09 03:53:57.468","6938db7c630a7e319f7fe8ab","Jamie Allans Amaze","theater","2026-04-13 19:00:00","2026-04-13 23:00:00","2026-04-13 23:00:00",false,false,false,"[PREMIUM]","[PREMIUM]","[PREMIUM]","[PREMIUM]","[PREMIUM]","[PREMIUM]",false,false,"67e720047f0495454b58f34a","['69c3f13fdfb17ce91fac9693']","[PREMIUM]","[PREMIUM]"
"697ff3053b02681343b5fd4e","2026-03-26 00:36:26.410","2026-04-09 03:53:57.468","697ff3053b02681343b5fd4e","Shenandoah with Mark Wills","music","2026-04-12 20:00:00","2026-04-13 00:00:00","2026-04-13 00:00:00",false,false,false,"[PREMIUM]","[PREMIUM]","[PREMIUM]","[PREMIUM]","[PREMIUM]","[PREMIUM]",true,false,"68373722275dc6cce414bb40","['681d18148b3a76247f268ce0']","[PREMIUM]","[PREMIUM]"
"6967e1046b5ccbf78b4f73f1","2026-03-26 00:36:26.410","2026-04-09 03:53:57.468","6967e1046b5ccbf78b4f73f1","Hail The Sun","music","2026-04-13 19:00:00","2026-04-13 23:00:00","2026-04-14 00:30:00",false,false,false,"[PREMIUM]","[PREMIUM]","[PREMIUM]","[PREMIUM]","[PREMIUM]","[PREMIUM]",false,false,"67901cd4e2ddc1728f379677","['5cf80436425ff400196f3d04']","[PREMIUM]","[PREMIUM]"
"6967e104a7c8e48036665f01","2026-03-26 00:36:26.410","2026-04-09 03:53:57.468","6967e104a7c8e48036665f01","Hail the Sun","music","2026-04-13 19:00:00","2026-04-13 23:00:00","2026-04-14 00:30:00",false,false,false,"[PREMIUM]","[PREMIUM]","[PREMIUM]","[PREMIUM]","[PREMIUM]","[PREMIUM]",false,false,"67901cd4e2ddc1728f379677","['5cf80436425ff400196f3d04']","[PREMIUM]","[PREMIUM]"
"69c360c546cc2e9d97b41c47","2026-03-26 00:36:26.410","2026-04-03 08:24:34.780","69c360c546cc2e9d97b41c47","TBD at Mexico City Capitanes (G League Finals - Home Game 2) (Date TBD) (If Necessary)","nbagl","2026-04-13 00:00:00","2026-04-13 05:00:00","2026-04-13 06:30:00",true,true,true,"[PREMIUM]","[PREMIUM]","[PREMIUM]","[PREMIUM]","[PREMIUM]","[PREMIUM]",false,false,"633f075d352a0a0001987e3e","['61a94145e9524b0001604171','5a99e2126311820014498a01']","[PREMIUM]","[PREMIUM]"
"69c35f65a8d83695e72aa50a","2026-03-26 00:36:26.410","2026-04-03 08:24:34.780","69c35f65a8d83695e72aa50a","TBD at Cleveland Charge (G League Finals - Home Game 2) (Date TBD) (If Necessary)","nbagl","2026-04-13 00:00:00","2026-04-13 05:00:00","2026-04-13 06:30:00",true,true,true,"[PREMIUM]","[PREMIUM]","[PREMIUM]","[PREMIUM]","[PREMIUM]","[PREMIUM]",false,false,"69090295c71c2e64b8789281","['5df03b65043cf6003736889d','5a99e2126311820014498a01']","[PREMIUM]","[PREMIUM]"
"69c35ca31e8f775e821c77f7","2026-03-26 00:36:26.410","2026-03-31 23:01:09.089","69c35ca31e8f775e821c77f7","TBD at Austin Spurs (G League Finals - Home Game 2) (Date TBD) (If Necessary)","nbagl","2026-04-13 00:00:00","2026-04-13 05:00:00","2026-04-13 06:30:00",true,true,true,"[PREMIUM]","[PREMIUM]","[PREMIUM]","[PREMIUM]","[PREMIUM]","[PREMIUM]",false,false,"59b1da9194c1c6000138c9d6","['5df00f2881aa660038d7da5a','5a99e2126311820014498a01']","[PREMIUM]","[PREMIUM]"
"69c35bbe197a1e3e5d12ab7d","2026-03-26 00:36:26.410","2026-04-04 12:00:00.666","69c35bbe197a1e3e5d12ab7d","TBD at Capital City Go-Go (G League Finals - Home Game 2) (Date TBD) (If Necessary)","nbagl","2026-04-13 00:00:00","2026-04-13 04:00:00","2026-04-13 05:30:00",true,true,true,"[PREMIUM]","[PREMIUM]","[PREMIUM]","[PREMIUM]","[PREMIUM]","[PREMIUM]",false,false,"5bb246df2e7ee30012cb522a","['5df01a74bb189800386720a9','5a99e2126311820014498a01']","[PREMIUM]","[PREMIUM]"
"69c359a451a32c89cc782761","2026-03-26 00:36:26.410","2026-04-03 08:24:34.780","69c359a451a32c89cc782761","TBD at Long Island Nets (G League Finals - Home Game 2) (Date TBD) (If Necessary)","nbagl","2026-04-13 00:00:00","2026-04-13 04:00:00","2026-04-13 05:30:00",true,true,true,"[PREMIUM]","[PREMIUM]","[PREMIUM]","[PREMIUM]","[PREMIUM]","[PREMIUM]",false,false,"547fab013bf3764f5b000002","['5df023a32a5fe80039c81a28','5a99e2126311820014498a01']","[PREMIUM]","[PREMIUM]"
"69c357e6ccdc8cb98fb5454f","2026-03-26 00:36:26.410","2026-04-08 00:04:04.743","69c357e6ccdc8cb98fb5454f","TBD at Stockton Kings (G League Finals - Home Game 2) (Date TBD) (If Necessary)","nbagl","2026-04-13 00:00:00","2026-04-13 07:00:00","2026-04-13 08:30:00",true,true,true,"[PREMIUM]","[PREMIUM]","[PREMIUM]","[PREMIUM]","[PREMIUM]","[PREMIUM]",false,false,"62ffd54cc643860001a6469f","['5df009fd1052bb0037e361c8','5a99e2126311820014498a01']","[PREMIUM]","[PREMIUM]"
"67feaa804f041f1f077dda04","2026-03-26 00:36:11.492","2026-04-09 03:53:46.105","67feaa804f041f1f077dda04","Natalia Lafourcade (Rescheduled from 10/11/2025)","music","2026-04-11 19:30:00","2026-04-11 23:30:00","2026-04-12 01:00:00",false,false,false,"[PREMIUM]","[PREMIUM]","[PREMIUM]","[PREMIUM]","[PREMIUM]","[PREMIUM]",false,true,"69c4232a3be7a6f31d947e39","['5d828c2359637d00380d5ea5']","[PREMIUM]","[PREMIUM]"
"69091491d93d629847c63de2","2026-03-26 00:36:11.492","2026-04-09 03:53:46.105","69091491d93d629847c63de2","Tinzo and Jojo (21+ Event)","music","2026-04-11 21:00:00","2026-04-12 04:00:00","2026-04-12 04:00:00",false,false,false,"[PREMIUM]","[PREMIUM]","[PREMIUM]","[PREMIUM]","[PREMIUM]","[PREMIUM]",false,true,"69c316ee4be9023a0587e36f","['66634d654b0bd161a396e107']","[PREMIUM]","[PREMIUM]"
"6930a78c5429ca214700fb9b","2026-03-26 00:36:11.492","2026-04-09 03:53:46.105","6930a78c5429ca214700fb9b","Ice-T","music","2026-04-11 20:00:00","2026-04-12 03:00:00","2026-04-12 03:00:00",false,false,false,"[PREMIUM]","[PREMIUM]","[PREMIUM]","[PREMIUM]","[PREMIUM]","[PREMIUM]",false,false,"6839c48ca8f2e338b9df4de5","['655d73b7e1d6fb1f34f13dfd']","[PREMIUM]","[PREMIUM]"
"69656f2d069f264d4c69337e","2026-03-26 00:36:11.492","2026-04-09 03:53:46.105","69656f2d069f264d4c69337e","Shenandoah","music","2026-04-11 20:00:00","2026-04-12 00:00:00","2026-04-12 00:00:00",false,false,false,"[PREMIUM]","[PREMIUM]","[PREMIUM]","[PREMIUM]","[PREMIUM]","[PREMIUM]",true,false,"68373722275dc6cce414bb40","['681d18148b3a76247f268ce0']","[PREMIUM]","[PREMIUM]"
"6941a758c2aa4baa29dfbe51","2026-03-26 00:36:11.492","2026-04-09 03:53:57.468","6941a758c2aa4baa29dfbe51","Wake Forest Demon Deacons at Miami Hurricanes Baseball","cbs","2026-04-12 12:00:00","2026-04-12 16:00:00","2026-04-12 17:30:00",false,false,false,"[PREMIUM]","[PREMIUM]","[PREMIUM]","[PREMIUM]","[PREMIUM]","[PREMIUM]",true,false,"590cb51349850a61e43311f9","['590cb5a1f80c4163cd951478','5a4d271825f2c55c22265355']","[PREMIUM]","[PREMIUM]"
"6938db85bf16b1e2aa81533f","2026-03-26 00:36:11.492","2026-04-09 03:53:46.105","6938db85bf16b1e2aa81533f","Jamie Allans Amaze","theater","2026-04-11 20:00:00","2026-04-12 00:00:00","2026-04-12 00:00:00",false,false,false,"[PREMIUM]","[PREMIUM]","[PREMIUM]","[PREMIUM]","[PREMIUM]","[PREMIUM]",false,false,"67e720047f0495454b58f34a","['69c3f13fdfb17ce91fac9693']","[PREMIUM]","[PREMIUM]"
"69c461392e3da9f9400f1347","2026-03-26 00:36:11.492","2026-04-09 03:53:46.105","69c461392e3da9f9400f1347","Andy Woodhull","comedy","2026-04-11 22:00:00","2026-04-12 02:00:00","2026-04-12 02:00:00",false,false,false,"[PREMIUM]","[PREMIUM]","[PREMIUM]","[PREMIUM]","[PREMIUM]","[PREMIUM]",false,true,"66bbd7347b254ce9631bdfe7","['670845f48c2582a1f4f108ff']","[PREMIUM]","[PREMIUM]"
"686dbacf6a26502481b13717","2026-03-26 00:35:53.431","2026-04-09 03:53:30.317","686dbacf6a26502481b13717","Natalia Lafourcade","music","2026-04-10 19:30:00","2026-04-10 23:30:00","2026-04-11 01:00:00",false,false,false,"[PREMIUM]","[PREMIUM]","[PREMIUM]","[PREMIUM]","[PREMIUM]","[PREMIUM]",false,true,"69c4232a3be7a6f31d947e39","['5d828c2359637d00380d5ea5']","[PREMIUM]","[PREMIUM]"
"68fc2081ff988f04cdfc2c16","2026-03-26 00:35:53.431","2026-04-09 03:53:30.317","68fc2081ff988f04cdfc2c16","Aaron Lewis and The Stateliners","music","2026-04-10 20:00:00","2026-04-11 00:00:00","2026-04-11 01:00:00",false,false,false,"[PREMIUM]","[PREMIUM]","[PREMIUM]","[PREMIUM]","[PREMIUM]","[PREMIUM]",false,true,"69c300e3935a6acbcb78dd4f","['57e16ddef80c4114ce71760a']","[PREMIUM]","[PREMIUM]"
"69939dc4628b97eb947507b4","2026-03-26 00:35:53.431","2026-04-09 03:53:30.317","69939dc4628b97eb947507b4","SoDown","music","2026-04-10 21:00:00","2026-04-11 04:00:00","2026-04-11 05:30:00",false,false,false,"[PREMIUM]","[PREMIUM]","[PREMIUM]","[PREMIUM]","[PREMIUM]","[PREMIUM]",false,true,"69c316ee4be9023a0587e36f","['5db1c8e2b58ab80039f9ee8e']","[PREMIUM]","[PREMIUM]"
"6941a757ce049e53d511c719","2026-03-26 00:35:53.431","2026-04-09 03:53:46.105","6941a757ce049e53d511c719","Wake Forest Demon Deacons at Miami Hurricanes Baseball","cbs","2026-04-11 18:00:00","2026-04-11 22:00:00","2026-04-11 23:30:00",false,false,false,"[PREMIUM]","[PREMIUM]","[PREMIUM]","[PREMIUM]","[PREMIUM]","[PREMIUM]",false,false,"590cb51349850a61e43311f9","['590cb5a1f80c4163cd951478','5a4d271825f2c55c22265355']","[PREMIUM]","[PREMIUM]"
"698d542d443f74e43a3aa1bd","2026-03-26 00:35:53.431","2026-04-09 03:53:30.317","698d542d443f74e43a3aa1bd","Whiskey Myers","music","2026-04-10 19:30:00","2026-04-11 00:30:00","2026-04-11 01:30:00",false,false,false,"[PREMIUM]","[PREMIUM]","[PREMIUM]","[PREMIUM]","[PREMIUM]","[PREMIUM]",false,true,"69c319155a8b1c052b57c0fb","['58472de0f80c4133fc1c0ad3']","[PREMIUM]","[PREMIUM]"
"6938db7cfbc69d5b569967d6","2026-03-26 00:35:53.431","2026-04-09 03:53:46.105","6938db7cfbc69d5b569967d6","Jamie Allans Amaze","theater","2026-04-11 17:00:00","2026-04-11 21:00:00","2026-04-11 21:00:00",false,false,false,"[PREMIUM]","[PREMIUM]","[PREMIUM]","[PREMIUM]","[PREMIUM]","[PREMIUM]",false,false,"67e720047f0495454b58f34a","['69c3f13fdfb17ce91fac9693']","[PREMIUM]","[PREMIUM]"
"6938db7c709ea9566b719745","2026-03-26 00:35:53.431","2026-04-09 03:53:30.317","6938db7c709ea9566b719745","Jamie Allans Amaze","theater","2026-04-11 14:00:00","2026-04-11 18:00:00","2026-04-11 18:00:00",false,false,false,"[PREMIUM]","[PREMIUM]","[PREMIUM]","[PREMIUM]","[PREMIUM]","[PREMIUM]",false,false,"67e720047f0495454b58f34a","['69c3f13fdfb17ce91fac9693']","[PREMIUM]","[PREMIUM]"
"69c4613974186025c0fc9bfc","2026-03-26 00:35:53.431","2026-04-09 03:53:30.317","69c4613974186025c0fc9bfc","Andy Woodhull","comedy","2026-04-10 21:15:00","2026-04-11 01:15:00","2026-04-11 01:15:00",false,false,false,"[PREMIUM]","[PREMIUM]","[PREMIUM]","[PREMIUM]","[PREMIUM]","[PREMIUM]",false,true,"66bbd7347b254ce9631bdfe7","['670845f48c2582a1f4f108ff']","[PREMIUM]","[PREMIUM]"
"6938db7dc7267e811be6af85","2026-03-26 00:35:36.714","2026-04-09 03:53:21.902","6938db7dc7267e811be6af85","Jamie Allans Amaze","theater","2026-04-09 14:00:00","2026-04-09 18:00:00","2026-04-09 18:00:00",false,false,false,"[PREMIUM]","[PREMIUM]","[PREMIUM]","[PREMIUM]","[PREMIUM]","[PREMIUM]",false,false,"67e720047f0495454b58f34a","['69c3f13fdfb17ce91fac9693']","[PREMIUM]","[PREMIUM]"
"6938db7fdbd55d1dc0b04643","2026-03-26 00:35:36.714","2026-04-09 03:53:21.902","6938db7fdbd55d1dc0b04643","Jamie Allans Amaze","theater","2026-04-09 20:00:00","2026-04-10 00:00:00","2026-04-10 00:00:00",false,false,false,"[PREMIUM]","[PREMIUM]","[PREMIUM]","[PREMIUM]","[PREMIUM]","[PREMIUM]",false,false,"67e720047f0495454b58f34a","['69c3f13fdfb17ce91fac9693']","[PREMIUM]","[PREMIUM]"
"6941a75825faa5fc16e5b871","2026-03-26 00:35:36.714","2026-04-09 03:53:21.902","6941a75825faa5fc16e5b871","Wake Forest Demon Deacons at Miami Hurricanes Baseball","cbs","2026-04-10 18:00:00","2026-04-10 22:00:00","2026-04-10 23:30:00",false,false,false,"[PREMIUM]","[PREMIUM]","[PREMIUM]","[PREMIUM]","[PREMIUM]","[PREMIUM]",false,false,"590cb51349850a61e43311f9","['590cb5a1f80c4163cd951478','5a4d271825f2c55c22265355']","[PREMIUM]","[PREMIUM]"
"69c46139c3e319ed33f1578b","2026-03-26 00:35:36.714","2026-04-09 03:53:30.317","69c46139c3e319ed33f1578b","Andy Woodhull","comedy","2026-04-10 19:00:00","2026-04-10 23:00:00","2026-04-10 23:00:00",false,false,false,"[PREMIUM]","[PREMIUM]","[PREMIUM]","[PREMIUM]","[PREMIUM]","[PREMIUM]",false,true,"66bbd7347b254ce9631bdfe7","['670845f48c2582a1f4f108ff']","[PREMIUM]","[PREMIUM]"
"69c447147886f1a3d661a5fb","2026-03-26 00:35:36.714","2026-04-09 03:53:30.317","69c447147886f1a3d661a5fb","Brad Stank","music","2026-04-10 19:00:00","2026-04-10 23:00:00","2026-04-10 23:00:00",false,false,false,"[PREMIUM]","[PREMIUM]","[PREMIUM]","[PREMIUM]","[PREMIUM]","[PREMIUM]",false,false,"57e16af750575d33c89b402e","['666b1faefc8ec74fc2f4d001']","[PREMIUM]","[PREMIUM]"
"69a72a8708a0102ac9b29697","2026-03-26 00:35:36.714","2026-04-09 03:53:21.902","69a72a8708a0102ac9b29697","Nessa Barrett","music","2026-04-09 20:00:00","2026-04-10 00:00:00","2026-04-10 01:30:00",false,false,false,"[PREMIUM]","[PREMIUM]","[PREMIUM]","[PREMIUM]","[PREMIUM]","[PREMIUM]",false,true,"69c416d70690bd5f3040d216","['639a4156038a080001da2503']","[PREMIUM]","[PREMIUM]"
"68edb31546e8b319248fb675","2026-03-26 00:35:20.931","2026-04-08 00:03:35.589","68edb31546e8b319248fb675","Chris de Burgh","music","2026-04-07 19:30:00","2026-04-07 23:30:00","2026-04-08 01:00:00",false,false,false,"[PREMIUM]","[PREMIUM]","[PREMIUM]","[PREMIUM]","[PREMIUM]","[PREMIUM]",false,true,"69c42faa507f27e6471ef61e","['61a90c3ff5582f0001175d97']","[PREMIUM]","[PREMIUM]"
"6938db7fd00f2fbef8beae66","2026-03-26 00:35:20.931","2026-04-08 00:03:35.589","6938db7fd00f2fbef8beae66","Jamie Allans Amaze","theater","2026-04-08 20:00:00","2026-04-09 00:00:00","2026-04-09 00:00:00",false,false,false,"[PREMIUM]","[PREMIUM]","[PREMIUM]","[PREMIUM]","[PREMIUM]","[PREMIUM]",false,false,"67e720047f0495454b58f34a","['69c3f13fdfb17ce91fac9693']","[PREMIUM]","[PREMIUM]"
"6941a7577ec434885a1d5a93","2026-03-26 00:35:20.931","2026-04-06 19:54:28.080","6941a7577ec434885a1d5a93","Florida International Panthers at Miami Hurricanes Baseball","cbs","2026-04-07 18:00:00","2026-04-07 22:00:00","2026-04-07 23:30:00",false,false,false,"[PREMIUM]","[PREMIUM]","[PREMIUM]","[PREMIUM]","[PREMIUM]","[PREMIUM]",true,false,"590cb51349850a61e43311f9","['590cb5a1f80c4163cd951478','5a4d271825f2c55c2226536d']","[PREMIUM]","[PREMIUM]"
"691cdfb2a4dd1089d31d0cf2","2026-03-26 00:35:20.931","2026-04-08 00:03:35.589","691cdfb2a4dd1089d31d0cf2","The Devil Wears Prada","music","2026-04-07 19:00:00","2026-04-07 23:00:00","2026-04-08 00:30:00",false,false,false,"[PREMIUM]","[PREMIUM]","[PREMIUM]","[PREMIUM]","[PREMIUM]","[PREMIUM]",false,false,"67901cd4e2ddc1728f379677","['5baab2d0d1ff200012cfae87']","[PREMIUM]","[PREMIUM]"
"69c360c517105c3bca13ea77","2026-03-26 00:35:20.931","2026-04-03 08:23:51.894","69c360c517105c3bca13ea77","TBD at Mexico City Capitanes (G League Finals - Home Game 1) (Date TBD) (If Necessary)","nbagl","2026-04-08 00:00:00","2026-04-08 05:00:00","2026-04-08 06:30:00",true,true,true,"[PREMIUM]","[PREMIUM]","[PREMIUM]","[PREMIUM]","[PREMIUM]","[PREMIUM]",false,false,"633f075d352a0a0001987e3e","['61a94145e9524b0001604171','5a99e2126311820014498a01']","[PREMIUM]","[PREMIUM]"
"69c35f653be7a6f31d9421c6","2026-03-26 00:35:20.931","2026-04-03 08:23:51.894","69c35f653be7a6f31d9421c6","TBD at Cleveland Charge (G League Finals - Home Game 1) (Date TBD) (If Necessary)","nbagl","2026-04-08 00:00:00","2026-04-08 05:00:00","2026-04-08 06:30:00",true,true,true,"[PREMIUM]","[PREMIUM]","[PREMIUM]","[PREMIUM]","[PREMIUM]","[PREMIUM]",false,false,"69090295c71c2e64b8789281","['5df03b65043cf6003736889d','5a99e2126311820014498a01']","[PREMIUM]","[PREMIUM]"
"69c35ca0e444063ae6c46c07","2026-03-26 00:35:20.931","2026-03-31 23:00:13.172","69c35ca0e444063ae6c46c07","TBD at Austin Spurs (G League Finals - Home Game 1) (Date TBD) (If Necessary)","nbagl","2026-04-08 00:00:00","2026-04-08 05:00:00","2026-04-08 06:30:00",true,true,true,"[PREMIUM]","[PREMIUM]","[PREMIUM]","[PREMIUM]","[PREMIUM]","[PREMIUM]",false,false,"59b1da9194c1c6000138c9d6","['5df00f2881aa660038d7da5a','5a99e2126311820014498a01']","[PREMIUM]","[PREMIUM]"
"69c35bbe7d4546f343ca88ee","2026-03-26 00:35:20.931","2026-04-04 11:59:07.435","69c35bbe7d4546f343ca88ee","TBD at Capital City Go-Go (G League Finals - Home Game 1) (Date TBD) (If Necessary)","nbagl","2026-04-08 00:00:00","2026-04-08 04:00:00","2026-04-08 05:30:00",true,true,true,"[PREMIUM]","[PREMIUM]","[PREMIUM]","[PREMIUM]","[PREMIUM]","[PREMIUM]",false,false,"5bb246df2e7ee30012cb522a","['5df01a74bb189800386720a9','5a99e2126311820014498a01']","[PREMIUM]","[PREMIUM]"
"69c359ac1abcc76a944469e1","2026-03-26 00:35:20.931","2026-04-03 08:23:51.894","69c359ac1abcc76a944469e1","TBD at Long Island Nets (G League Finals - Home Game 1) (Date TBD) (If Necessary)","nbagl","2026-04-08 00:00:00","2026-04-08 04:00:00","2026-04-08 05:30:00",true,true,true,"[PREMIUM]","[PREMIUM]","[PREMIUM]","[PREMIUM]","[PREMIUM]","[PREMIUM]",false,false,"547fab013bf3764f5b000002","['5df023a32a5fe80039c81a28','5a99e2126311820014498a01']","[PREMIUM]","[PREMIUM]"
"69c357e40690bd5f30407b0d","2026-03-26 00:35:20.931","2026-04-09 03:53:30.317","69c357e40690bd5f30407b0d","Greensboro Swarm at Stockton Kings (G League Finals - Home Game 1)","nbagl","2026-04-10 19:00:00","2026-04-11 02:00:00","2026-04-11 03:30:00",false,false,false,"[PREMIUM]","[PREMIUM]","[PREMIUM]","[PREMIUM]","[PREMIUM]","[PREMIUM]",false,false,"62ffd54cc643860001a6469f","['5df009fd1052bb0037e361c8','5df03d120bbda9003520fedb']","[PREMIUM]","[PREMIUM]"
"69c215d14b1c7cba4c016fd0","2026-03-26 00:35:20.931","2026-04-06 19:54:28.080","69c215d14b1c7cba4c016fd0","Brandon Wheat Kings at Calgary Hitmen (Round 1 - Home Game 4) (If Necessary)","whl","2026-04-07 19:00:00","2026-04-08 01:00:00","2026-04-08 02:30:00",false,false,false,"[PREMIUM]","[PREMIUM]","[PREMIUM]","[PREMIUM]","[PREMIUM]","[PREMIUM]",false,false,"545afc643bf3763fb9000001","['5c87fadebe1c6200143727e4','5c881038dea7fc0014c3a311']","[PREMIUM]","[PREMIUM]"
"69c2155b846f3580efefd2d2","2026-03-26 00:35:20.931","2026-04-06 19:54:28.080","69c2155b846f3580efefd2d2","Portland Winterhawks at Everett Silvertips (Round 1 - Home Game 4) (If Necessary)","whl","2026-04-07 19:05:00","2026-04-08 02:05:00","2026-04-08 03:35:00",false,false,false,"[PREMIUM]","[PREMIUM]","[PREMIUM]","[PREMIUM]","[PREMIUM]","[PREMIUM]",false,false,"5d79098011c5990037e852f5","['5c88144ecba4310013bec92a','5c8815c980878f0017c1e4ba']","[PREMIUM]","[PREMIUM]"
"68defd8724c9ae729aa1c91e","2026-03-26 00:35:00.218","2026-04-06 19:54:28.080","68defd8724c9ae729aa1c91e","Chris de Burgh","music","2026-04-06 19:30:00","2026-04-06 23:30:00","2026-04-07 01:00:00",false,false,false,"[PREMIUM]","[PREMIUM]","[PREMIUM]","[PREMIUM]","[PREMIUM]","[PREMIUM]",false,true,"69c42faa507f27e6471ef61e","['61a90c3ff5582f0001175d97']","[PREMIUM]","[PREMIUM]"
"698bb02b17859e2bca3a5690","2026-03-26 00:35:00.218","2026-04-04 11:58:59.463","698bb02b17859e2bca3a5690","Sonny Fodera","music","2026-04-04 21:00:00","2026-04-05 04:00:00","2026-04-05 05:30:00",false,false,false,"[PREMIUM]","[PREMIUM]","[PREMIUM]","[PREMIUM]","[PREMIUM]","[PREMIUM]",false,true,"69c316ee4be9023a0587e36f","['5d5acb064a0e010037ec80ab']","[PREMIUM]","[PREMIUM]"
"6938db82c9a311c0791d4167","2026-03-26 00:35:00.218","2026-04-05 16:17:08.650","6938db82c9a311c0791d4167","Jamie Allans Amaze","theater","2026-04-05 19:00:00","2026-04-05 23:00:00","2026-04-05 23:00:00",false,false,false,"[PREMIUM]","[PREMIUM]","[PREMIUM]","[PREMIUM]","[PREMIUM]","[PREMIUM]",false,false,"67e720047f0495454b58f34a","['69c3f13fdfb17ce91fac9693']","[PREMIUM]","[PREMIUM]"
"690e7548898e9bd4b5f5f3e6","2026-03-26 00:35:00.218","2026-04-04 11:58:48.459","690e7548898e9bd4b5f5f3e6","Goldie Boutilier","music","2026-04-04 20:00:00","2026-04-05 01:00:00","2026-04-05 01:00:00",false,false,false,"[PREMIUM]","[PREMIUM]","[PREMIUM]","[PREMIUM]","[PREMIUM]","[PREMIUM]",false,false,"658f463a8a5d430ea7cca239","['69c401203be7a6f31d94618d']","[PREMIUM]","[PREMIUM]"
"6938db7f9e5359c2c76e7d81","2026-03-26 00:35:00.218","2026-04-06 19:54:28.080","6938db7f9e5359c2c76e7d81","Jamie Allans Amaze","theater","2026-04-06 20:00:00","2026-04-07 00:00:00","2026-04-07 00:00:00",false,false,false,"[PREMIUM]","[PREMIUM]","[PREMIUM]","[PREMIUM]","[PREMIUM]","[PREMIUM]",false,false,"67e720047f0495454b58f34a","['69c3f13fdfb17ce91fac9693']","[PREMIUM]","[PREMIUM]"
"6938db7d23334cada76bdcda","2026-03-26 00:35:00.218","2026-04-05 16:17:08.650","6938db7d23334cada76bdcda","Jamie Allans Amaze","theater","2026-04-05 15:00:00","2026-04-05 19:00:00","2026-04-05 19:00:00",false,false,false,"[PREMIUM]","[PREMIUM]","[PREMIUM]","[PREMIUM]","[PREMIUM]","[PREMIUM]",false,false,"67e720047f0495454b58f34a","['69c3f13fdfb17ce91fac9693']","[PREMIUM]","[PREMIUM]"
"6941a758b079d9e5c4a4c32e","2026-03-26 00:35:00.218","2026-04-05 16:17:08.650","6941a758b079d9e5c4a4c32e","Virginia Tech Hokies at Miami Hurricanes Baseball","cbs","2026-04-05 13:00:00","2026-04-05 17:00:00","2026-04-05 18:30:00",false,false,false,"[PREMIUM]","[PREMIUM]","[PREMIUM]","[PREMIUM]","[PREMIUM]","[PREMIUM]",true,false,"590cb51349850a61e43311f9","['590cb5a1f80c4163cd951478','5a4c21f225f2c56ea78fa5c9']","[PREMIUM]","[PREMIUM]"
"69c40a75a17d073a42f141d3","2026-03-26 00:35:00.218","2026-04-04 11:58:59.463","69c40a75a17d073a42f141d3","Debí Tirar Más Fiestas (18+ Event)","music","2026-04-04 21:00:00","2026-04-05 02:00:00","2026-04-05 02:00:00",false,false,false,"[PREMIUM]","[PREMIUM]","[PREMIUM]","[PREMIUM]","[PREMIUM]","[PREMIUM]",false,true,"617b0d79547c380001ab425f","['67900dc3344906932dcc7aa3']","[PREMIUM]","[PREMIUM]"
"69c360c54ba0d6104c38f160","2026-03-26 00:35:00.218","2026-04-03 08:23:43.595","69c360c54ba0d6104c38f160","TBD at Mexico City Capitanes (Round 3) (Date TBD) (If Necessary)","nbagl","2026-04-05 00:00:00","2026-04-05 05:00:00","2026-04-05 06:30:00",true,true,true,"[PREMIUM]","[PREMIUM]","[PREMIUM]","[PREMIUM]","[PREMIUM]","[PREMIUM]",false,false,"633f075d352a0a0001987e3e","['61a94145e9524b0001604171','5a99e2126311820014498a01']","[PREMIUM]","[PREMIUM]"
"69c35f6517105c3bca13ea06","2026-03-26 00:35:00.218","2026-04-03 08:23:43.595","69c35f6517105c3bca13ea06","TBD at Cleveland Charge (Round 3) (Date TBD) (If Necessary)","nbagl","2026-04-05 00:00:00","2026-04-05 05:00:00","2026-04-05 06:30:00",true,true,true,"[PREMIUM]","[PREMIUM]","[PREMIUM]","[PREMIUM]","[PREMIUM]","[PREMIUM]",false,false,"69090295c71c2e64b8789281","['5df03b65043cf6003736889d','5a99e2126311820014498a01']","[PREMIUM]","[PREMIUM]"
"69c35ca1ab865e9c04ae730e","2026-03-26 00:35:00.218","2026-03-31 23:00:03.397","69c35ca1ab865e9c04ae730e","TBD at Austin Spurs (Round 3) (Date TBD) (If Necessary)","nbagl","2026-04-05 00:00:00","2026-04-05 05:00:00","2026-04-05 06:30:00",true,true,true,"[PREMIUM]","[PREMIUM]","[PREMIUM]","[PREMIUM]","[PREMIUM]","[PREMIUM]",false,false,"59b1da9194c1c6000138c9d6","['5df00f2881aa660038d7da5a','5a99e2126311820014498a01']","[PREMIUM]","[PREMIUM]"
"69c35bbe05227de8dde0ed74","2026-03-26 00:35:00.218","2026-04-04 11:58:59.463","69c35bbe05227de8dde0ed74","TBD at Capital City Go-Go (Round 3) (Date TBD) (If Necessary)","nbagl","2026-04-05 00:00:00","2026-04-05 04:00:00","2026-04-05 05:30:00",true,true,true,"[PREMIUM]","[PREMIUM]","[PREMIUM]","[PREMIUM]","[PREMIUM]","[PREMIUM]",false,false,"5bb246df2e7ee30012cb522a","['5df01a74bb189800386720a9','5a99e2126311820014498a01']","[PREMIUM]","[PREMIUM]"
"69c359a4ccdc8cb98fb54615","2026-03-26 00:35:00.218","2026-04-03 08:23:43.595","69c359a4ccdc8cb98fb54615","TBD at Long Island Nets (Round 3) (Date TBD) (If Necessary)","nbagl","2026-04-05 00:00:00","2026-04-05 04:00:00","2026-04-05 05:30:00",true,true,true,"[PREMIUM]","[PREMIUM]","[PREMIUM]","[PREMIUM]","[PREMIUM]","[PREMIUM]",false,false,"547fab013bf3764f5b000002","['5df023a32a5fe80039c81a28','5a99e2126311820014498a01']","[PREMIUM]","[PREMIUM]"
"69c357e2df74fac18ee327c3","2026-03-26 00:35:00.218","2026-04-04 11:58:59.463","69c357e2df74fac18ee327c3","TBD at Stockton Kings (Round 3) (Date TBD) (If Necessary)","nbagl","2026-04-05 00:00:00","2026-04-05 07:00:00","2026-04-05 08:30:00",true,true,true,"[PREMIUM]","[PREMIUM]","[PREMIUM]","[PREMIUM]","[PREMIUM]","[PREMIUM]",false,false,"62ffd54cc643860001a6469f","['5df009fd1052bb0037e361c8','5a99e2126311820014498a01']","[PREMIUM]","[PREMIUM]"
"69c215d1be6794f088d29a2c","2026-03-26 00:35:00.218","2026-04-05 16:17:08.650","69c215d1be6794f088d29a2c","Prince Albert Raiders at Red Deer Rebels (Round 1 - Home Game 3) (If Necessary)","whl","2026-04-05 16:00:00","2026-04-05 22:00:00","2026-04-05 23:30:00",false,false,false,"[PREMIUM]","[PREMIUM]","[PREMIUM]","[PREMIUM]","[PREMIUM]","[PREMIUM]",false,false,"64d41b51a2feff00013ee8eb","['5c880fe580878f0017c1e4ad','5c88118e01d5c20015d80f31']","[PREMIUM]","[PREMIUM]"
"69c215cfadca059d14fe029c","2026-03-26 00:35:00.218","2026-04-05 16:17:08.650","69c215cfadca059d14fe029c","Medicine Hat Tigers at Regina Pats (Round 1 - Home Game 3) (If Necessary)","whl","2026-04-05 18:00:00","2026-04-05 22:00:00","2026-04-05 23:30:00",false,false,false,"[PREMIUM]","[PREMIUM]","[PREMIUM]","[PREMIUM]","[PREMIUM]","[PREMIUM]",false,false,"677ef184de3c04b44537f75d","['5c88122a73576f0015bfab98','5c880f9080878f0017c1e4a9']","[PREMIUM]","[PREMIUM]"
"69bb2b32e279d931b9227aac","2026-03-26 00:35:00.218","2026-04-06 19:54:28.080","69bb2b32e279d931b9227aac","North Bay Battalion at Peterborough Petes (Round 1 - Home Game 4) (If Necessary)","echl","2026-04-06 19:05:00","2026-04-07 00:05:00","2026-04-07 00:05:00",false,false,false,"[PREMIUM]","[PREMIUM]","[PREMIUM]","[PREMIUM]","[PREMIUM]","[PREMIUM]",false,false,"66db7b9e6914829d8ebccbb1","['655234a121533da4699d3813']","[PREMIUM]","[PREMIUM]"
"68ddc7930892f1cf1a586193","2026-03-26 00:34:44.786","2026-04-04 11:58:48.459","68ddc7930892f1cf1a586193","Chris de Burgh","music","2026-04-04 19:30:00","2026-04-04 23:30:00","2026-04-05 01:00:00",false,false,false,"[PREMIUM]","[PREMIUM]","[PREMIUM]","[PREMIUM]","[PREMIUM]","[PREMIUM]",false,true,"69c41f1b3770ae3f8f2a0cbe","['61a90c3ff5582f0001175d97']","[PREMIUM]","[PREMIUM]"
"690e75f97a3f2e0278c30420","2026-03-26 00:34:44.786","2026-03-27 05:14:53.718","690e75f97a3f2e0278c30420","Goldie Boutilier","music","2026-04-04 18:00:00","2026-04-04 23:00:00","2026-04-04 23:00:00",false,false,false,"[PREMIUM]","[PREMIUM]","[PREMIUM]","[PREMIUM]","[PREMIUM]","[PREMIUM]",false,false,"612808659622f2000117b7d4","['69c401203be7a6f31d94618d']","[PREMIUM]","[PREMIUM]"
"6941a75895f74cd31cbd3423","2026-03-26 00:34:44.786","2026-04-04 11:58:48.459","6941a75895f74cd31cbd3423","Virginia Tech Hokies at Miami Hurricanes Baseball","cbs","2026-04-04 18:00:00","2026-04-04 22:00:00","2026-04-04 23:30:00",false,false,false,"[PREMIUM]","[PREMIUM]","[PREMIUM]","[PREMIUM]","[PREMIUM]","[PREMIUM]",false,false,"590cb51349850a61e43311f9","['590cb5a1f80c4163cd951478','5a4c21f225f2c56ea78fa5c9']","[PREMIUM]","[PREMIUM]"
"6938db7e9ea7ea22e53ef354","2026-03-26 00:34:44.786","2026-04-04 11:58:48.459","6938db7e9ea7ea22e53ef354","Jamie Allans Amaze","theater","2026-04-04 17:00:00","2026-04-04 21:00:00","2026-04-04 21:00:00",false,false,false,"[PREMIUM]","[PREMIUM]","[PREMIUM]","[PREMIUM]","[PREMIUM]","[PREMIUM]",false,false,"67e720047f0495454b58f34a","['69c3f13fdfb17ce91fac9693']","[PREMIUM]","[PREMIUM]"
"6938db7e090104153e7b2c02","2026-03-26 00:34:44.786","2026-04-04 11:58:48.459","6938db7e090104153e7b2c02","Jamie Allans Amaze","theater","2026-04-04 14:00:00","2026-04-04 18:00:00","2026-04-04 18:00:00",false,false,false,"[PREMIUM]","[PREMIUM]","[PREMIUM]","[PREMIUM]","[PREMIUM]","[PREMIUM]",false,false,"67e720047f0495454b58f34a","['69c3f13fdfb17ce91fac9693']","[PREMIUM]","[PREMIUM]"
"68e0a6b36a3ae25be3a3a0c3","2026-03-26 00:34:31.597","2026-04-03 08:23:20.184","68e0a6b36a3ae25be3a3a0c3","Chris de Burgh","music","2026-04-03 19:30:00","2026-04-03 23:30:00","2026-04-04 01:00:00",false,false,false,"[PREMIUM]","[PREMIUM]","[PREMIUM]","[PREMIUM]","[PREMIUM]","[PREMIUM]",false,true,"69c41f1b3770ae3f8f2a0cbe","['61a90c3ff5582f0001175d97']","[PREMIUM]","[PREMIUM]"
"697153fd2df3bd04d4a64e69","2026-03-26 00:34:31.597","2026-04-03 08:23:20.184","697153fd2df3bd04d4a64e69","Goldie Boutilier - The King of Possibilities","music","2026-04-03 18:00:00","2026-04-03 23:00:00","2026-04-03 23:00:00",false,false,false,"[PREMIUM]","[PREMIUM]","[PREMIUM]","[PREMIUM]","[PREMIUM]","[PREMIUM]",false,false,"612808659622f2000117b7d4","['69c401203be7a6f31d94618d']","[PREMIUM]","[PREMIUM]"
"6938db7c6e552091071b3bf5","2026-03-26 00:34:31.597","2026-04-03 08:23:20.184","6938db7c6e552091071b3bf5","Jamie Allans Amaze","theater","2026-04-03 19:00:00","2026-04-03 23:00:00","2026-04-03 23:00:00",false,false,false,"[PREMIUM]","[PREMIUM]","[PREMIUM]","[PREMIUM]","[PREMIUM]","[PREMIUM]",false,false,"67e720047f0495454b58f34a","['69c3f13fdfb17ce91fac9693']","[PREMIUM]","[PREMIUM]"
"6941a75868752892781cba5a","2026-03-26 00:34:31.597","2026-04-03 08:23:20.184","6941a75868752892781cba5a","Virginia Tech Hokies at Miami Hurricanes Baseball","cbs","2026-04-03 19:00:00","2026-04-03 23:00:00","2026-04-04 00:30:00",false,false,false,"[PREMIUM]","[PREMIUM]","[PREMIUM]","[PREMIUM]","[PREMIUM]","[PREMIUM]",true,false,"590cb51349850a61e43311f9","['590cb5a1f80c4163cd951478','5a4c21f225f2c56ea78fa5c9']","[PREMIUM]","[PREMIUM]"
"6977d1e7d05916c843759cc8","2026-03-26 00:34:31.597","2026-04-02 04:20:17.916","6977d1e7d05916c843759cc8","Penn and Teller","theater","2026-04-02 20:00:00","2026-04-03 01:00:00","2026-04-03 01:00:00",false,false,false,"[PREMIUM]","[PREMIUM]","[PREMIUM]","[PREMIUM]","[PREMIUM]","[PREMIUM]",true,false,"65eb991764726aa81a21f6e9","['6639380eefe0cbd2dcc5d89e']","[PREMIUM]","[PREMIUM]"
"6938db82754dd3549b566650","2026-03-26 00:34:31.597","2026-04-02 04:20:17.916","6938db82754dd3549b566650","Jamie Allans Amaze","theater","2026-04-02 19:00:00","2026-04-02 23:00:00","2026-04-02 23:00:00",false,false,false,"[PREMIUM]","[PREMIUM]","[PREMIUM]","[PREMIUM]","[PREMIUM]","[PREMIUM]",false,false,"67e720047f0495454b58f34a","['69c3f13fdfb17ce91fac9693']","[PREMIUM]","[PREMIUM]"
"69c46138d4b5b3002b44c17e","2026-03-26 00:34:31.597","2026-04-02 04:20:17.916","69c46138d4b5b3002b44c17e","Chris Kattan","comedy","2026-04-02 19:30:00","2026-04-02 23:30:00","2026-04-02 23:30:00",false,false,false,"[PREMIUM]","[PREMIUM]","[PREMIUM]","[PREMIUM]","[PREMIUM]","[PREMIUM]",false,true,"66bbd7347b254ce9631bdfe7","['65837119d210a9cddea900e2']","[PREMIUM]","[PREMIUM]"
"69c360c5fd56a84220722060","2026-03-26 00:34:31.597","2026-04-02 04:20:17.916","69c360c5fd56a84220722060","TBD at Mexico City Capitanes (Round 2) (Date TBD) (If Necessary)","nbagl","2026-04-03 00:00:00","2026-04-03 05:00:00","2026-04-03 06:30:00",true,true,true,"[PREMIUM]","[PREMIUM]","[PREMIUM]","[PREMIUM]","[PREMIUM]","[PREMIUM]",false,false,"633f075d352a0a0001987e3e","['61a94145e9524b0001604171','5a99e2126311820014498a01']","[PREMIUM]","[PREMIUM]"
"69c35f65d842cf99d133590c","2026-03-26 00:34:31.597","2026-04-02 04:20:17.916","69c35f65d842cf99d133590c","TBD at Cleveland Charge (Round 2) (Date TBD) (If Necessary)","nbagl","2026-04-03 00:00:00","2026-04-03 05:00:00","2026-04-03 06:30:00",true,true,true,"[PREMIUM]","[PREMIUM]","[PREMIUM]","[PREMIUM]","[PREMIUM]","[PREMIUM]",false,false,"69090295c71c2e64b8789281","['5df03b65043cf6003736889d','5a99e2126311820014498a01']","[PREMIUM]","[PREMIUM]"
"69c35c9e8459ea2f4504cf15","2026-03-26 00:34:31.597","2026-03-31 22:59:38.225","69c35c9e8459ea2f4504cf15","TBD at Austin Spurs (Round 2) (Date TBD) (If Necessary)","nbagl","2026-04-03 00:00:00","2026-04-03 05:00:00","2026-04-03 06:30:00",true,true,true,"[PREMIUM]","[PREMIUM]","[PREMIUM]","[PREMIUM]","[PREMIUM]","[PREMIUM]",false,false,"59b1da9194c1c6000138c9d6","['5df00f2881aa660038d7da5a','5a99e2126311820014498a01']","[PREMIUM]","[PREMIUM]"
"69c35bbe8459ea2f4504ce9f","2026-03-26 00:34:31.597","2026-04-02 04:20:17.916","69c35bbe8459ea2f4504ce9f","TBD at Capital City Go-Go (Round 2) (Date TBD) (If Necessary)","nbagl","2026-04-03 00:00:00","2026-04-03 04:00:00","2026-04-03 05:30:00",true,true,true,"[PREMIUM]","[PREMIUM]","[PREMIUM]","[PREMIUM]","[PREMIUM]","[PREMIUM]",false,false,"5bb246df2e7ee30012cb522a","['5df01a74bb189800386720a9','5a99e2126311820014498a01']","[PREMIUM]","[PREMIUM]"
"69c359a59a9babf7593cffea","2026-03-26 00:34:31.597","2026-04-02 04:20:17.916","69c359a59a9babf7593cffea","TBD at Long Island Nets (Round 2) (Date TBD) (If Necessary)","nbagl","2026-04-03 00:00:00","2026-04-03 04:00:00","2026-04-03 05:30:00",true,true,true,"[PREMIUM]","[PREMIUM]","[PREMIUM]","[PREMIUM]","[PREMIUM]","[PREMIUM]",false,false,"547fab013bf3764f5b000002","['5df023a32a5fe80039c81a28','5a99e2126311820014498a01']","[PREMIUM]","[PREMIUM]"
"69c357e23be7a6f31d941e41","2026-03-26 00:34:31.597","2026-04-03 08:23:20.184","69c357e23be7a6f31d941e41","Rip City Remix at Stockton Kings (Round 2)","nbagl","2026-04-03 19:00:00","2026-04-04 02:00:00","2026-04-04 03:30:00",false,false,false,"[PREMIUM]","[PREMIUM]","[PREMIUM]","[PREMIUM]","[PREMIUM]","[PREMIUM]",false,false,"62ffd54cc643860001a6469f","['5df009fd1052bb0037e361c8','5a99e2126311820014498a01']","[PREMIUM]","[PREMIUM]"
"69c215610c445ceb7d4f9372","2026-03-26 00:34:31.597","2026-04-03 08:23:20.184","69c215610c445ceb7d4f9372","Portland Winterhawks at Everett Silvertips (Round 1 - Home Game 3) (If Necessary)","whl","2026-04-03 19:05:00","2026-04-04 02:05:00","2026-04-04 03:35:00",false,false,false,"[PREMIUM]","[PREMIUM]","[PREMIUM]","[PREMIUM]","[PREMIUM]","[PREMIUM]",false,false,"5d79098011c5990037e852f5","['5c88144ecba4310013bec92a','5c8815c980878f0017c1e4ba']","[PREMIUM]","[PREMIUM]"
"69c14d9af0f2bfe316497aa8","2026-03-26 00:34:31.597","2026-04-03 08:23:20.184","69c14d9af0f2bfe316497aa8","Soo Greyhounds at London Knights (Round 1 Home Game 3)","echl","2026-04-03 19:00:00","2026-04-03 23:00:00","2026-04-03 23:00:00",false,false,false,"[PREMIUM]","[PREMIUM]","[PREMIUM]","[PREMIUM]","[PREMIUM]","[PREMIUM]",true,false,"61cb7ba47cacb4000136abc1","['65523c0c708be5bb28fff461','65523714d745939e56938eba']","[PREMIUM]","[PREMIUM]"
"69c054db9cc21a9296ce2a7e","2026-03-26 00:34:31.597","2026-04-03 08:23:20.184","69c054db9cc21a9296ce2a7e","Saskatoon Blades at Edmonton Oil Kings (Round 1 - Home Game 3)","whl","2026-04-03 18:00:00","2026-04-04 00:00:00","2026-04-04 01:30:00",false,false,false,"[PREMIUM]","[PREMIUM]","[PREMIUM]","[PREMIUM]","[PREMIUM]","[PREMIUM]",true,false,"5744f549f80c412473000001","['5c87f9c1211dff0016458a99','5c8813a611de500016b227a2']","[PREMIUM]","[PREMIUM]"
"68dc208ea5a68406785016ce","2026-03-26 00:34:16.240","2026-03-31 22:59:28.375","68dc208ea5a68406785016ce","Chris de Burgh","music","2026-04-01 19:30:00","2026-04-01 23:30:00","2026-04-02 01:00:00",false,false,false,"[PREMIUM]","[PREMIUM]","[PREMIUM]","[PREMIUM]","[PREMIUM]","[PREMIUM]",false,false,"68373722275dc6cce414bb40","['61a90c3ff5582f0001175d97']","[PREMIUM]","[PREMIUM]"
"690e756bfb91fbee5665bc6e","2026-03-26 00:34:16.240","2026-03-31 22:59:28.375","690e756bfb91fbee5665bc6e","Goldie Boutilier","music","2026-04-01 20:00:00","2026-04-02 03:00:00","2026-04-02 03:00:00",false,false,false,"[PREMIUM]","[PREMIUM]","[PREMIUM]","[PREMIUM]","[PREMIUM]","[PREMIUM]",false,false,"57eade5ecde6626ebe3ba5e6","['69c401203be7a6f31d94618d']","[PREMIUM]","[PREMIUM]"
"6939f51b4ca0378b0029b628","2026-03-26 00:34:16.240","2026-03-31 22:59:28.375","6939f51b4ca0378b0029b628","Sebastian Bach","music","2026-03-31 18:30:00","2026-03-31 22:30:00","2026-04-01 00:00:00",false,false,false,"[PREMIUM]","[PREMIUM]","[PREMIUM]","[PREMIUM]","[PREMIUM]","[PREMIUM]",false,false,"67901cd4e2ddc1728f379677","['5cf80a62c18de90016d2889c']","[PREMIUM]","[PREMIUM]"
"6938db7dbf16b1e2aa81533b","2026-03-26 00:34:16.240","2026-03-31 22:59:28.375","6938db7dbf16b1e2aa81533b","Jamie Allans Amaze","theater","2026-04-01 19:00:00","2026-04-01 23:00:00","2026-04-01 23:00:00",false,false,false,"[PREMIUM]","[PREMIUM]","[PREMIUM]","[PREMIUM]","[PREMIUM]","[PREMIUM]",false,false,"67e720047f0495454b58f34a","['69c3f13fdfb17ce91fac9693']","[PREMIUM]","[PREMIUM]"
"698b21475de24fa392264a24","2026-03-26 00:34:16.240","2026-03-31 22:59:28.375","698b21475de24fa392264a24","Goldie Boutilier","music","2026-03-31 20:00:00","2026-04-01 03:00:00","2026-04-01 03:00:00",false,false,false,"[PREMIUM]","[PREMIUM]","[PREMIUM]","[PREMIUM]","[PREMIUM]","[PREMIUM]",false,false,"57d9ebde50575d33c87a6d45","['69c401203be7a6f31d94618d']","[PREMIUM]","[PREMIUM]"
"69c35d21197a1e3e5d12ac40","2026-03-26 00:34:16.240","2026-03-31 22:59:28.375","69c35d21197a1e3e5d12ac40","Hartford Athletic at Rhode Island FC","usl","2026-04-01 19:00:00","2026-04-01 23:00:00","2026-04-01 23:00:00",false,false,false,"[PREMIUM]","[PREMIUM]","[PREMIUM]","[PREMIUM]","[PREMIUM]","[PREMIUM]",true,false,"68a33f68d5c477be36406dc6","['65821d923c528a523db02874','5c902afcb16ff500182dfbb2']","[PREMIUM]","[PREMIUM]"
"69c215d0ec5fd961a535321d","2026-03-26 00:34:16.240","2026-03-31 22:59:28.375","69c215d0ec5fd961a535321d","Prince Albert Raiders at Red Deer Rebels (Round 1 - Home Game 1)","whl","2026-03-31 19:00:00","2026-04-01 01:00:00","2026-04-01 02:30:00",false,false,false,"[PREMIUM]","[PREMIUM]","[PREMIUM]","[PREMIUM]","[PREMIUM]","[PREMIUM]",false,false,"64d41b51a2feff00013ee8eb","['5c880fe580878f0017c1e4ad','5c88118e01d5c20015d80f31']","[PREMIUM]","[PREMIUM]"
"69c215d0a8f42a6b22fbd5f8","2026-03-26 00:34:16.240","2026-03-31 22:59:28.375","69c215d0a8f42a6b22fbd5f8","Medicine Hat Tigers at Regina Pats (Round 1 - Home Game 2)","whl","2026-04-01 19:00:00","2026-04-01 23:00:00","2026-04-02 00:30:00",false,false,false,"[PREMIUM]","[PREMIUM]","[PREMIUM]","[PREMIUM]","[PREMIUM]","[PREMIUM]",true,false,"677ef184de3c04b44537f75d","['5c88122a73576f0015bfab98','5c880f9080878f0017c1e4a9']","[PREMIUM]","[PREMIUM]"
"69c215d00c445ceb7d4f93b6","2026-03-26 00:34:16.240","2026-03-31 22:59:28.375","69c215d00c445ceb7d4f93b6","Prince Albert Raiders at Red Deer Rebels (Round 1 - Home Game 2)","whl","2026-04-01 19:00:00","2026-04-02 01:00:00","2026-04-02 02:30:00",false,false,false,"[PREMIUM]","[PREMIUM]","[PREMIUM]","[PREMIUM]","[PREMIUM]","[PREMIUM]",false,false,"64d41b51a2feff00013ee8eb","['5c880fe580878f0017c1e4ad','5c88118e01d5c20015d80f31']","[PREMIUM]","[PREMIUM]"
"69c215cfed7af0d4c0e0e871","2026-03-26 00:34:16.240","2026-03-31 22:59:28.375","69c215cfed7af0d4c0e0e871","Medicine Hat Tigers at Regina Pats (Round 1 - Home Game 1)","whl","2026-03-31 19:00:00","2026-03-31 23:00:00","2026-04-01 00:30:00",false,false,false,"[PREMIUM]","[PREMIUM]","[PREMIUM]","[PREMIUM]","[PREMIUM]","[PREMIUM]",true,false,"677ef184de3c04b44537f75d","['5c88122a73576f0015bfab98','5c880f9080878f0017c1e4a9']","[PREMIUM]","[PREMIUM]"
"69c2155bc8420aa1b78aff5c","2026-03-26 00:34:16.240","2026-03-31 22:59:28.375","69c2155bc8420aa1b78aff5c","Prince George Cougars at Spokane Chiefs (Round 1 - Home Game 2)","whl","2026-04-01 19:05:00","2026-04-02 02:05:00","2026-04-02 03:35:00",false,false,false,"[PREMIUM]","[PREMIUM]","[PREMIUM]","[PREMIUM]","[PREMIUM]","[PREMIUM]",false,false,"59e8dc81f4fa7a000e2f9ab9","['5c8817a501d5c20015d80f33','5c880dd1211dff0016458a9b']","[PREMIUM]","[PREMIUM]"
"69c2155b77032cf030023fe7","2026-03-26 00:34:16.240","2026-04-02 04:20:17.916","69c2155b77032cf030023fe7","Prince George Cougars at Spokane Chiefs (Round 1 - Home Game 3) (If Necessary)","whl","2026-04-02 18:05:00","2026-04-03 01:05:00","2026-04-03 02:35:00",false,false,false,"[PREMIUM]","[PREMIUM]","[PREMIUM]","[PREMIUM]","[PREMIUM]","[PREMIUM]",true,false,"59e8dc81f4fa7a000e2f9ab9","['5c8817a501d5c20015d80f33','5c880dd1211dff0016458a9b']","[PREMIUM]","[PREMIUM]"
"68e0329924c9ae729aa25468","2026-03-26 00:33:57.838","2026-03-29 13:43:52.571","68e0329924c9ae729aa25468","Dwayne Gretzky","music","2026-03-29 19:30:00","2026-03-29 23:30:00","2026-03-29 23:30:00",false,false,false,"[PREMIUM]","[PREMIUM]","[PREMIUM]","[PREMIUM]","[PREMIUM]","[PREMIUM]",false,true,"69c42faa507f27e6471ef61e","['656624a6032dafd618e654b4']","[PREMIUM]","[PREMIUM]"
"6941a758d32b3bd0603f1862","2026-03-26 00:33:57.838","2026-03-31 22:59:28.375","6941a758d32b3bd0603f1862","Florida Gulf Coast Eagles at Miami Hurricanes Baseball","cbs","2026-03-31 18:00:00","2026-03-31 22:00:00","2026-03-31 23:30:00",false,false,false,"[PREMIUM]","[PREMIUM]","[PREMIUM]","[PREMIUM]","[PREMIUM]","[PREMIUM]",true,false,"590cb51349850a61e43311f9","['590cb5a1f80c4163cd951478','5a21defe25f2c5448dd3ecdc']","[PREMIUM]","[PREMIUM]"
"698177a0049187543ef58dbc","2026-03-26 00:33:57.838","2026-03-29 13:43:52.571","698177a0049187543ef58dbc","Footloose - Musical","theater","2026-03-29 13:30:00","2026-03-29 17:30:00","2026-03-29 17:30:00",false,false,false,"[PREMIUM]","[PREMIUM]","[PREMIUM]","[PREMIUM]","[PREMIUM]","[PREMIUM]",false,true,"69c45204ef3183430df1c271","['675cb67a57851b28a5801cdd']","[PREMIUM]","[PREMIUM]"
"69817d1ccb5b701f6bfac563","2026-03-26 00:33:57.838","2026-03-29 13:43:52.571","69817d1ccb5b701f6bfac563","2026 Factory Town Music Week - Sunday","music","2026-03-29 21:00:00","2026-03-30 01:00:00","2026-03-30 01:00:00",false,false,false,"[PREMIUM]","[PREMIUM]","[PREMIUM]","[PREMIUM]","[PREMIUM]","[PREMIUM]",false,false,"66034c8762db134c1f23b31d","['69c464a0509ff2c7f204e0a0']","[PREMIUM]","[PREMIUM]"
"6982055b49ab635b3cd9c734","2026-03-26 00:33:57.838","2026-03-28 09:35:07.957","6982055b49ab635b3cd9c734","2026 Factory Town Music Week - Saturday","music","2026-03-28 22:00:00","2026-03-29 02:00:00","2026-03-29 02:00:00",false,false,false,"[PREMIUM]","[PREMIUM]","[PREMIUM]","[PREMIUM]","[PREMIUM]","[PREMIUM]",true,false,"66034c8762db134c1f23b31d","['69c464a0509ff2c7f204e0a0']","[PREMIUM]","[PREMIUM]"
"6938db7e23334cada76bdcdb","2026-03-26 00:33:57.838","2026-03-29 13:43:52.571","6938db7e23334cada76bdcdb","Jamie Allans Amaze","theater","2026-03-29 15:00:00","2026-03-29 19:00:00","2026-03-29 19:00:00",false,false,false,"[PREMIUM]","[PREMIUM]","[PREMIUM]","[PREMIUM]","[PREMIUM]","[PREMIUM]",false,false,"67e720047f0495454b58f34a","['69c3f13fdfb17ce91fac9693']","[PREMIUM]","[PREMIUM]"
"690e7a2a7a3f2e0278c30552","2026-03-26 00:33:57.838","2026-03-29 13:43:52.571","690e7a2a7a3f2e0278c30552","Goldie Boutilier","music","2026-03-29 20:00:00","2026-03-30 03:00:00","2026-03-30 03:00:00",false,false,false,"[PREMIUM]","[PREMIUM]","[PREMIUM]","[PREMIUM]","[PREMIUM]","[PREMIUM]",false,false,"5af9e5b01dad50001321a34d","['69c401203be7a6f31d94618d']","[PREMIUM]","[PREMIUM]"
"6938fc165c52bbb3188d37d5","2026-03-26 00:33:57.838","2026-03-29 13:43:52.571","6938fc165c52bbb3188d37d5","Jamie Allans Amaze","theater","2026-03-29 12:00:00","2026-03-29 16:00:00","2026-03-29 16:00:00",false,false,false,"[PREMIUM]","[PREMIUM]","[PREMIUM]","[PREMIUM]","[PREMIUM]","[PREMIUM]",false,true,"5a74ba8ebf2ea1000ff1a72e","['69c3f13fdfb17ce91fac9693']","[PREMIUM]","[PREMIUM]"
"6938db7ebfa347a922871ea3","2026-03-26 00:33:57.838","2026-03-30 18:14:29.363","6938db7ebfa347a922871ea3","Jamie Allans Amaze","theater","2026-03-30 19:00:00","2026-03-30 23:00:00","2026-03-30 23:00:00",false,false,false,"[PREMIUM]","[PREMIUM]","[PREMIUM]","[PREMIUM]","[PREMIUM]","[PREMIUM]",false,false,"67e720047f0495454b58f34a","['69c3f13fdfb17ce91fac9693']","[PREMIUM]","[PREMIUM]"
"69c44559e9a3bceb0768123c","2026-03-26 00:33:57.838","2026-03-29 13:43:52.571","69c44559e9a3bceb0768123c","Craig Conant","comedy","2026-03-29 21:15:00","2026-03-30 04:15:00","2026-03-30 04:15:00",false,false,false,"[PREMIUM]","[PREMIUM]","[PREMIUM]","[PREMIUM]","[PREMIUM]","[PREMIUM]",false,false,"61c10523f6e0f10001a5c489","['65f28e3dc8e05a650233e197']","[PREMIUM]","[PREMIUM]"
"69c360c5d842cf99d1335990","2026-03-26 00:33:57.838","2026-03-31 22:59:28.375","69c360c5d842cf99d1335990","TBD at Mexico City Capitanes (Round 1) (Date TBD) (If Necessary)","nbagl","2026-04-01 21:00:00","2026-04-02 02:00:00","2026-04-02 03:30:00",false,false,false,"[PREMIUM]","[PREMIUM]","[PREMIUM]","[PREMIUM]","[PREMIUM]","[PREMIUM]",false,false,"633f075d352a0a0001987e3e","['61a94145e9524b0001604171','64fa3c3e3d32150001481266']","[PREMIUM]","[PREMIUM]"
"69c35f65a6b092d278b0934f","2026-03-26 00:33:57.838","2026-03-31 22:59:28.375","69c35f65a6b092d278b0934f","TBD at Cleveland Charge (Round 1) (Date TBD) (If Necessary)","nbagl","2026-04-01 19:30:00","2026-04-02 00:30:00","2026-04-02 02:00:00",false,false,false,"[PREMIUM]","[PREMIUM]","[PREMIUM]","[PREMIUM]","[PREMIUM]","[PREMIUM]",true,false,"69090295c71c2e64b8789281","['5df03b65043cf6003736889d','5df01a74bb189800386720a9']","[PREMIUM]","[PREMIUM]"
"69c35c9e51a32c89cc7828b6","2026-03-26 00:33:57.838","2026-03-29 13:43:52.571","69c35c9e51a32c89cc7828b6","TBD at Austin Spurs (Round 1) (Date TBD) (If Necessary)","nbagl","2026-03-31 00:00:00","2026-03-31 05:00:00","2026-03-31 06:30:00",true,true,true,"[PREMIUM]","[PREMIUM]","[PREMIUM]","[PREMIUM]","[PREMIUM]","[PREMIUM]",false,false,"59b1da9194c1c6000138c9d6","['5df00f2881aa660038d7da5a','5a99e2126311820014498a01']","[PREMIUM]","[PREMIUM]"
"69c35bbe197a1e3e5d12ab7c","2026-03-26 00:33:57.838","2026-03-29 13:43:52.571","69c35bbe197a1e3e5d12ab7c","TBD at Capital City Go-Go (Round 1) (Date TBD) (If Necessary)","nbagl","2026-03-31 00:00:00","2026-03-31 04:00:00","2026-03-31 05:30:00",true,true,true,"[PREMIUM]","[PREMIUM]","[PREMIUM]","[PREMIUM]","[PREMIUM]","[PREMIUM]",false,false,"5bb246df2e7ee30012cb522a","['5df01a74bb189800386720a9','5a99e2126311820014498a01']","[PREMIUM]","[PREMIUM]"
"69c35a72ff38da9a018314c2","2026-03-26 00:33:57.838","2026-03-29 13:43:52.571","69c35a72ff38da9a018314c2","2026 Ultra Music Festival - Sunday","music","2026-03-29 13:00:00","2026-03-29 17:00:00","2026-03-30 01:00:00",false,false,false,"[PREMIUM]","[PREMIUM]","[PREMIUM]","[PREMIUM]","[PREMIUM]","[PREMIUM]",false,false,"5a3bf72ebbdea300122739be","['5ab01f10e138210013b896e3']","[PREMIUM]","[PREMIUM]"
"69c359a418cfcc63d3e68934","2026-03-26 00:33:57.838","2026-03-29 13:43:52.571","69c359a418cfcc63d3e68934","TBD at Long Island Nets (Round 1) (Date TBD) (If Necessary)","nbagl","2026-03-31 00:00:00","2026-03-31 04:00:00","2026-03-31 05:30:00",true,true,true,"[PREMIUM]","[PREMIUM]","[PREMIUM]","[PREMIUM]","[PREMIUM]","[PREMIUM]",false,false,"547fab013bf3764f5b000002","['5df023a32a5fe80039c81a28','5a99e2126311820014498a01']","[PREMIUM]","[PREMIUM]"
"69c357e448eeaea195fb6a1b","2026-03-26 00:33:57.838","2026-03-31 22:59:28.375","69c357e448eeaea195fb6a1b","TBD at Stockton Kings (Round 1) (Date TBD) (If Necessary)","nbagl","2026-04-01 18:30:00","2026-04-02 01:30:00","2026-04-02 03:00:00",false,false,false,"[PREMIUM]","[PREMIUM]","[PREMIUM]","[PREMIUM]","[PREMIUM]","[PREMIUM]",false,false,"62ffd54cc643860001a6469f","['5df009fd1052bb0037e361c8','5defdb5d335f710039e610b8']","[PREMIUM]","[PREMIUM]"
"69c21561ad000e2857f8069d","2026-03-26 00:33:57.838","2026-03-30 18:14:29.363","69c21561ad000e2857f8069d","Prince George Cougars at Spokane Chiefs (Round 1 - Home Game 1)","whl","2026-03-30 19:05:00","2026-03-31 02:05:00","2026-03-31 03:35:00",false,false,false,"[PREMIUM]","[PREMIUM]","[PREMIUM]","[PREMIUM]","[PREMIUM]","[PREMIUM]",true,false,"59e8dc81f4fa7a000e2f9ab9","['5c8817a501d5c20015d80f33','5c880dd1211dff0016458a9b']","[PREMIUM]","[PREMIUM]"
"69c14d99ba6a3a844e3a62ca","2026-03-26 00:33:57.838","2026-03-29 13:43:52.571","69c14d99ba6a3a844e3a62ca","Soo Greyhounds at London Knights (Round 1 Home Game 2)","echl","2026-03-29 18:00:00","2026-03-29 22:00:00","2026-03-29 22:00:00",false,false,false,"[PREMIUM]","[PREMIUM]","[PREMIUM]","[PREMIUM]","[PREMIUM]","[PREMIUM]",false,false,"61cb7ba47cacb4000136abc1","['65523c0c708be5bb28fff461','65523714d745939e56938eba']","[PREMIUM]","[PREMIUM]"
"698177a0d77ef776ec53ed8e","2026-03-26 00:33:40.282","2026-03-28 09:34:58.166","698177a0d77ef776ec53ed8e","Footloose - Musical (19+ Event)","theater","2026-03-28 19:00:00","2026-03-28 23:00:00","2026-03-28 23:00:00",false,false,false,"[PREMIUM]","[PREMIUM]","[PREMIUM]","[PREMIUM]","[PREMIUM]","[PREMIUM]",false,true,"69c45204ef3183430df1c271","['675cb67a57851b28a5801cdd']","[PREMIUM]","[PREMIUM]"
"6978eb4401692c22d07be237","2026-03-26 00:33:40.282","2026-03-28 09:35:07.957","6978eb4401692c22d07be237","Kasablanca (18+ Event)","music","2026-03-28 21:00:00","2026-03-29 04:00:00","2026-03-29 04:00:00",false,false,false,"[PREMIUM]","[PREMIUM]","[PREMIUM]","[PREMIUM]","[PREMIUM]","[PREMIUM]",false,true,"69c316ee4be9023a0587e36f","['66a903cbd96b5b7961fc8964']","[PREMIUM]","[PREMIUM]"
"6938db7eb411e556be7772b9","2026-03-26 00:33:40.282","2026-03-28 09:34:58.166","6938db7eb411e556be7772b9","Jamie Allans Amaze","theater","2026-03-28 20:00:00","2026-03-29 00:00:00","2026-03-29 00:00:00",false,false,false,"[PREMIUM]","[PREMIUM]","[PREMIUM]","[PREMIUM]","[PREMIUM]","[PREMIUM]",false,false,"67e720047f0495454b58f34a","['69c3f13fdfb17ce91fac9693']","[PREMIUM]","[PREMIUM]"
"6938db7e3760ce8f17bdb936","2026-03-26 00:33:40.282","2026-03-28 09:34:58.166","6938db7e3760ce8f17bdb936","Jamie Allans Amaze","theater","2026-03-28 17:00:00","2026-03-28 21:00:00","2026-03-28 21:00:00",false,false,false,"[PREMIUM]","[PREMIUM]","[PREMIUM]","[PREMIUM]","[PREMIUM]","[PREMIUM]",false,false,"67e720047f0495454b58f34a","['69c3f13fdfb17ce91fac9693']","[PREMIUM]","[PREMIUM]"
"69c44feb71b6453989ca4555","2026-03-26 00:33:40.282","2026-03-28 09:34:58.166","69c44feb71b6453989ca4555","Preseason - Hartford Harpooners at Seattle Seawolves","rugby","2026-03-28 18:00:00","2026-03-29 01:00:00","2026-03-29 02:30:00",false,false,false,"[PREMIUM]","[PREMIUM]","[PREMIUM]","[PREMIUM]","[PREMIUM]","[PREMIUM]",true,false,"5ac668d0629e220013b564f9","['5ac39cb7273af80014603b79','69c44f93b93015e43ddbad8d']","[PREMIUM]","[PREMIUM]"
"69791ec65605bf18205aab0c","2026-03-26 00:33:24.771","2026-03-27 05:13:27.902","69791ec65605bf18205aab0c","Stoney LaRue","music","2026-03-27 20:00:00","2026-03-28 01:00:00","2026-03-28 01:00:00",false,false,false,"[PREMIUM]","[PREMIUM]","[PREMIUM]","[PREMIUM]","[PREMIUM]","[PREMIUM]",false,true,"69c319155a8b1c052b57c0fb","['67a24d049f529f75c07f6e45']","[PREMIUM]","[PREMIUM]"
"69154b63de3e8d3368cf2a76","2026-03-26 00:33:24.771","2026-03-27 05:13:49.058","69154b63de3e8d3368cf2a76","NCAA Mens Hockey Tournament Loveland Regional - Session 1 (Western Michigan vs Minnesota State, Denver vs Cornell)","cho","2026-03-27 23:59:00","2026-03-28 05:59:00","2026-03-28 07:29:00",false,true,false,"[PREMIUM]","[PREMIUM]","[PREMIUM]","[PREMIUM]","[PREMIUM]","[PREMIUM]",true,false,"5d694ef9a8dc4c0038c7b5db","['589b8c46f80c417fbd03350b','59b9734125f2c5181ed9d47e','5b566ae478a8870013245b36','59b822c625f2c54a9ab0ff0b','6165d06981b8f200010a944a']","[PREMIUM]","[PREMIUM]"
"690fe76eb0d0fa8440f4cced","2026-03-26 00:33:24.771","2026-03-27 05:13:27.902","690fe76eb0d0fa8440f4cced","Grieves","music","2026-03-27 22:00:00","2026-03-28 04:00:00","2026-03-28 05:00:00",false,false,false,"[PREMIUM]","[PREMIUM]","[PREMIUM]","[PREMIUM]","[PREMIUM]","[PREMIUM]",false,true,"69c30702be6794f088d317e0","['5967c88425f2c54d32e9f373']","[PREMIUM]","[PREMIUM]"
"6938db80d1cc1561b51578ba","2026-03-26 00:33:24.771","2026-03-28 09:34:58.166","6938db80d1cc1561b51578ba","Jamie Allans Amaze","theater","2026-03-28 14:00:00","2026-03-28 18:00:00","2026-03-28 18:00:00",false,false,false,"[PREMIUM]","[PREMIUM]","[PREMIUM]","[PREMIUM]","[PREMIUM]","[PREMIUM]",false,false,"67e720047f0495454b58f34a","['69c3f13fdfb17ce91fac9693']","[PREMIUM]","[PREMIUM]"
"6982055e2c9adb7c2f98feb4","2026-03-26 00:33:24.771","2026-03-27 05:13:27.902","6982055e2c9adb7c2f98feb4","2026 Factory Town Music Week - Friday","music","2026-03-27 22:00:00","2026-03-28 02:00:00","2026-03-28 02:00:00",false,false,false,"[PREMIUM]","[PREMIUM]","[PREMIUM]","[PREMIUM]","[PREMIUM]","[PREMIUM]",true,false,"66034c8762db134c1f23b31d","['69c464a0509ff2c7f204e0a0']","[PREMIUM]","[PREMIUM]"
"698177a0c384cf09c913cc6e","2026-03-26 00:33:24.771","2026-03-28 09:34:58.166","698177a0c384cf09c913cc6e","Footloose - Musical","theater","2026-03-28 13:30:00","2026-03-28 17:30:00","2026-03-28 17:30:00",false,false,false,"[PREMIUM]","[PREMIUM]","[PREMIUM]","[PREMIUM]","[PREMIUM]","[PREMIUM]",false,true,"69c45204ef3183430df1c271","['675cb67a57851b28a5801cdd']","[PREMIUM]","[PREMIUM]"
"698177a0c0df6b23b6c4b31e","2026-03-26 00:33:24.771","2026-03-27 05:13:27.902","698177a0c0df6b23b6c4b31e","Footloose - Musical (19+ Event)","theater","2026-03-27 19:00:00","2026-03-27 23:00:00","2026-03-27 23:00:00",false,false,false,"[PREMIUM]","[PREMIUM]","[PREMIUM]","[PREMIUM]","[PREMIUM]","[PREMIUM]",false,true,"69c45204ef3183430df1c271","['675cb67a57851b28a5801cdd']","[PREMIUM]","[PREMIUM]"
"6938db84ccec9a3f831698b9","2026-03-26 00:33:24.771","2026-03-27 05:13:27.902","6938db84ccec9a3f831698b9","Jamie Allans Amaze","theater","2026-03-27 19:00:00","2026-03-27 23:00:00","2026-03-27 23:00:00",false,false,false,"[PREMIUM]","[PREMIUM]","[PREMIUM]","[PREMIUM]","[PREMIUM]","[PREMIUM]",false,false,"67e720047f0495454b58f34a","['69c3f13fdfb17ce91fac9693']","[PREMIUM]","[PREMIUM]"
"69bb2be74ec9b9c04308c0f9","2026-03-26 00:33:24.771","2026-03-28 09:34:58.166","69bb2be74ec9b9c04308c0f9","NCAA Mens Hockey West Regional - Session 2","cho","2026-03-28 12:00:00","2026-03-28 17:00:00","2026-03-28 18:30:00",false,false,false,"[PREMIUM]","[PREMIUM]","[PREMIUM]","[PREMIUM]","[PREMIUM]","[PREMIUM]",false,false,"62c5e7af6a9190000116db26","['589b8c46f80c417fbd03350b']","[PREMIUM]","[PREMIUM]"
"689117b491569e2112d93a2a","2026-03-26 00:33:06.971","2026-03-26 00:33:06.971","689117b491569e2112d93a2a","Itzhak Perlman","music","2026-03-26 20:00:00","2026-03-27 00:00:00","2026-03-27 01:30:00",false,false,false,"[PREMIUM]","[PREMIUM]","[PREMIUM]","[PREMIUM]","[PREMIUM]","[PREMIUM]",false,true,"69c4266717105c3bca144728","['5d77fc4a449236003a9a6f50']","[PREMIUM]","[PREMIUM]"
"690eb31db0d0fa8440f48ff7","2026-03-26 00:33:06.971","2026-03-26 00:33:06.971","690eb31db0d0fa8440f48ff7","Goldie Boutilier","music","2026-03-25 20:00:00","2026-03-26 03:00:00","2026-03-26 03:00:00",false,false,false,"[PREMIUM]","[PREMIUM]","[PREMIUM]","[PREMIUM]","[PREMIUM]","[PREMIUM]",false,false,"62d0a105b1c2f2000148b589","['69c401203be7a6f31d94618d']","[PREMIUM]","[PREMIUM]"
"6938db7e6d38d96a83e96148","2026-03-26 00:33:06.971","2026-03-26 00:33:06.971","6938db7e6d38d96a83e96148","Jamie Allans Amaze","theater","2026-03-26 19:00:00","2026-03-26 23:00:00","2026-03-26 23:00:00",false,false,false,"[PREMIUM]","[PREMIUM]","[PREMIUM]","[PREMIUM]","[PREMIUM]","[PREMIUM]",false,false,"67e720047f0495454b58f34a","['69c3f13fdfb17ce91fac9693']","[PREMIUM]","[PREMIUM]"
"6982055b2c9adb7c2f98feb3","2026-03-26 00:33:06.971","2026-03-26 00:33:06.971","6982055b2c9adb7c2f98feb3","2026 Factory Town Music Week - Thursday","music","2026-03-26 22:00:00","2026-03-27 02:00:00","2026-03-27 02:00:00",false,false,false,"[PREMIUM]","[PREMIUM]","[PREMIUM]","[PREMIUM]","[PREMIUM]","[PREMIUM]",true,false,"66034c8762db134c1f23b31d","['69c464a0509ff2c7f204e0a0']","[PREMIUM]","[PREMIUM]"
"690e708ae964d5b90feec40e","2026-03-26 00:33:06.971","2026-03-27 05:13:27.902","690e708ae964d5b90feec40e","Goldie Boutilier","music","2026-03-27 18:00:00","2026-03-28 01:00:00","2026-03-28 01:00:00",false,false,false,"[PREMIUM]","[PREMIUM]","[PREMIUM]","[PREMIUM]","[PREMIUM]","[PREMIUM]",false,false,"57e1885950575d33c89c1726","['69c401203be7a6f31d94618d']","[PREMIUM]","[PREMIUM]"
"698177a0122694f519391907","2026-03-26 00:33:06.971","2026-03-26 00:33:06.971","698177a0122694f519391907","Footloose - Musical (19+ Event)","theater","2026-03-26 19:00:00","2026-03-26 23:00:00","2026-03-26 23:00:00",false,false,false,"[PREMIUM]","[PREMIUM]","[PREMIUM]","[PREMIUM]","[PREMIUM]","[PREMIUM]",false,true,"69c45204ef3183430df1c271","['675cb67a57851b28a5801cdd']","[PREMIUM]","[PREMIUM]"
"69c380d2d842cf99d133678d","2026-03-26 00:33:06.971","2026-03-27 05:13:27.902","69c380d2d842cf99d133678d","WNIT Super 16 - Abilene Christian Wildcats at Illinois State Redbirds Womens Basketball","wcbb","2026-03-27 18:30:00","2026-03-27 23:30:00","2026-03-28 01:00:00",false,false,false,"[PREMIUM]","[PREMIUM]","[PREMIUM]","[PREMIUM]","[PREMIUM]","[PREMIUM]",false,false,"64ff94e72678870001df528a","['641096e7015f25000150ab8e','654266b7755f1306ece3f8ba','636aa33cb4fd910001f0aa95']","[PREMIUM]","[PREMIUM]"
"69c37e73dfb17ce91fac741f","2026-03-26 00:33:06.971","2026-03-27 05:13:27.902","69c37e73dfb17ce91fac741f","WNIT Super 16 - Marshall Thundering Herd at Youngstown State Penguins Womens Basketball","wcbb","2026-03-27 18:30:00","2026-03-27 22:30:00","2026-03-28 00:00:00",false,false,false,"[PREMIUM]","[PREMIUM]","[PREMIUM]","[PREMIUM]","[PREMIUM]","[PREMIUM]",false,false,"668866d83fcfca03571bb916","['641096e7015f25000150ab8e','636aa00db963cc000116001b','635ae5be027ae50001bd953d']","[PREMIUM]","[PREMIUM]"
"69c37d751abcc76a9444796c","2026-03-26 00:33:06.971","2026-03-27 05:13:27.902","69c37d751abcc76a9444796c","Gianmarco Soresi","comedy","2026-03-26 21:15:00","2026-03-27 04:15:00","2026-03-27 05:45:00",false,false,false,"[PREMIUM]","[PREMIUM]","[PREMIUM]","[PREMIUM]","[PREMIUM]","[PREMIUM]",false,true,"648cd95a348f230001edaf67","['624e0e0898ee3600018cc536']","[PREMIUM]","[PREMIUM]"
"69c36174ccdc8cb98fb54a39","2026-03-26 00:33:06.971","2026-03-26 00:33:06.971","69c36174ccdc8cb98fb54a39","2026 Treefort Music Fest - Wednesday","music","2026-03-25 23:59:00","2026-03-26 05:59:00","2026-03-26 05:59:00",false,true,false,"[PREMIUM]","[PREMIUM]","[PREMIUM]","[PREMIUM]","[PREMIUM]","[PREMIUM]",false,false,"65f8c24cafded753c86d8b9b","['65c69f9bbf818e76cf390e49']","[PREMIUM]","[PREMIUM]"
"69c2db9886ca53a23d577540","2026-03-26 00:33:06.971","2026-03-26 00:33:06.971","69c2db9886ca53a23d577540","WBIT Quarterfinals - Stanford Cardinal at BYU Cougars","wcbb","2026-03-26 19:00:00","2026-03-27 01:00:00","2026-03-27 01:00:00",false,false,false,"[PREMIUM]","[PREMIUM]","[PREMIUM]","[PREMIUM]","[PREMIUM]","[PREMIUM]",false,false,"54f6485d64f9625908000004","['654277bd14df137a5d257367','614e55172626fc0001edb084','630d123515ce5c000123bd28']","[PREMIUM]","[PREMIUM]"
"69c08e170db63e17dcee8d8c","2026-03-26 00:33:06.971","2026-03-27 05:13:27.902","69c08e170db63e17dcee8d8c","NCAA Mens Hockey Tournament Albany Regional - Session 1 (Michigan vs Bentley, Minnesota Duluth vs Penn State)","cho","2026-03-27 17:30:00","2026-03-27 21:30:00","2026-03-27 23:00:00",false,false,false,"[PREMIUM]","[PREMIUM]","[PREMIUM]","[PREMIUM]","[PREMIUM]","[PREMIUM]",true,false,"5e13aa938f094e00384df954","['589b8c46f80c417fbd03350b','59b71b8825f2c56ac167986d','5ba3f81d8ca7a00014fa6046','59b822c625f2c54a9ab0ff0d','5859d336f80c414fde313922']","[PREMIUM]","[PREMIUM]"
"69bb2b97aa85f2c40303c726","2026-03-26 00:33:06.971","2026-03-26 00:33:06.971","69bb2b97aa85f2c40303c726","NCAA Mens Hockey Tournament Worcester Regional - Session 1 (Michigan State vs UConn, Dartmouth vs Wisconsin)","cho","2026-03-26 13:30:00","2026-03-26 17:30:00","2026-03-26 19:00:00",false,false,false,"[PREMIUM]","[PREMIUM]","[PREMIUM]","[PREMIUM]","[PREMIUM]","[PREMIUM]",true,false,"588a76eccde6626ebe424492","['589b8c46f80c417fbd03350b','5859d336f80c414fde313921','59b71b8825f2c56ac1679871','5b56642368bdea0013a845fb','5859d336f80c414fde313923']","[PREMIUM]","[PREMIUM]"
"6997916d36fa2ef4c54f0d59","2026-03-26 00:33:06.971","2026-03-26 00:33:06.971","6997916d36fa2ef4c54f0d59","Jamie Allan's Amaze","theater","2026-03-26 14:00:00","2026-03-26 18:00:00","2026-03-26 18:00:00",false,false,false,"[PREMIUM]","[PREMIUM]","[PREMIUM]","[PREMIUM]","[PREMIUM]","[PREMIUM]",false,true,"69c3fc95993d6c319e4b6760","['69c3f13fdfb17ce91fac9693']","[PREMIUM]","[PREMIUM]"
