"_primaryKey","_firstSeenAt","_lastSeenAt","eventId","name","category","datetimeLocal","datetimeUtc","salesCutOff","tbd","timeTbd","dateTbd","minPriceTotal","minPricePrefee","maxPriceTotal","maxPricePrefee","zoneDealPriceTotal","flashDealPriceTotal","hasExclusives","mapless","venueId","performerIds","popularityScore","trendingScore"
"6914d364ce3dd43a8e484a11","2026-04-04 12:09:33.361","2026-04-16 09:07:34.925","6914d364ce3dd43a8e484a11","Meghan Trainor","music","2026-06-27 18:30:00","2026-06-27 22:30:00","2026-06-27 23:30:00",false,false,false,"[PREMIUM]","[PREMIUM]","[PREMIUM]","[PREMIUM]","[PREMIUM]","[PREMIUM]",true,false,"576b2d99f80c4176e97a5987","['571af4c6f80c41214000000a']","[PREMIUM]","[PREMIUM]"
"69cf0d9a44285c2b7bf29a5f","2026-04-04 12:09:33.361","2026-04-17 12:43:31.647","69cf0d9a44285c2b7bf29a5f","Steel City FC at Pittsburgh Riveters","other","2026-06-27 19:00:00","2026-06-27 23:00:00","2026-06-27 23:00:00",false,false,false,"[PREMIUM]","[PREMIUM]","[PREMIUM]","[PREMIUM]","[PREMIUM]","[PREMIUM]",false,false,"5b280bea1b48280013d39ce7","['68531b42d6c42a3b8b356dcb','68531ce5e8838202698a2e88']","[PREMIUM]","[PREMIUM]"
"69cef2c180407dbed8bbbf92","2026-04-04 12:09:33.361","2026-04-17 12:43:24.389","69cef2c180407dbed8bbbf92","Collective Soul","music","2026-06-26 19:30:00","2026-06-27 02:30:00","2026-06-27 03:30:00",false,false,false,"[PREMIUM]","[PREMIUM]","[PREMIUM]","[PREMIUM]","[PREMIUM]","[PREMIUM]",false,false,"5e41b2fa3a4508003bee75eb","['5641366ef80c416283000005']","[PREMIUM]","[PREMIUM]"
"69ceefbeb7cba5340184cf83","2026-04-04 12:09:33.361","2026-04-17 12:43:24.389","69ceefbeb7cba5340184cf83","Flux Pavilion","music","2026-06-26 22:00:00","2026-06-27 02:00:00","2026-06-27 02:00:00",false,false,false,"[PREMIUM]","[PREMIUM]","[PREMIUM]","[PREMIUM]","[PREMIUM]","[PREMIUM]",false,false,"5defc6331052bb0037e3616d","['6698062912a1aa67faf8bec4']","[PREMIUM]","[PREMIUM]"
"69ceed39e1b4dc371c924b76","2026-04-04 12:09:33.361","2026-04-17 12:43:31.647","69ceed39e1b4dc371c924b76","Old Crow Medicine Show","music","2026-06-27 19:30:00","2026-06-28 00:30:00","2026-06-28 02:00:00",false,false,false,"[PREMIUM]","[PREMIUM]","[PREMIUM]","[PREMIUM]","[PREMIUM]","[PREMIUM]",false,false,"6819073038cc81bd87d3538a","['5d828cb459637d00380d5ea7']","[PREMIUM]","[PREMIUM]"
"69ceeb53e1b4dc371c924a4f","2026-04-04 12:09:33.361","2026-04-17 12:43:24.389","69ceeb53e1b4dc371c924a4f","Seahaven","music","2026-06-26 19:45:00","2026-06-27 02:45:00","2026-06-27 04:15:00",false,false,false,"[PREMIUM]","[PREMIUM]","[PREMIUM]","[PREMIUM]","[PREMIUM]","[PREMIUM]",false,true,"62d0a6f7c5a57e0001e35643","['69bdad7eac8ae3d70e58e2c2']","[PREMIUM]","[PREMIUM]"
"69ceeb53af304b5a878e8391","2026-04-04 12:09:33.361","2026-04-17 12:43:24.389","69ceeb53af304b5a878e8391","Shrek - The Musical","theater","2026-06-26 19:00:00","2026-06-27 02:00:00","2026-06-27 02:00:00",false,false,false,"[PREMIUM]","[PREMIUM]","[PREMIUM]","[PREMIUM]","[PREMIUM]","[PREMIUM]",false,false,"66fc48b514050a7474d516f0","['652eb95c24a6b867fca918e9']","[PREMIUM]","[PREMIUM]"
"69ceeb5380407dbed8bbbc3d","2026-04-04 12:09:33.361","2026-04-17 12:43:31.647","69ceeb5380407dbed8bbbc3d","Shrek - The Musical","theater","2026-06-27 19:00:00","2026-06-28 02:00:00","2026-06-28 02:00:00",false,false,false,"[PREMIUM]","[PREMIUM]","[PREMIUM]","[PREMIUM]","[PREMIUM]","[PREMIUM]",false,false,"66fc48b514050a7474d516f0","['652eb95c24a6b867fca918e9']","[PREMIUM]","[PREMIUM]"
"69cdb768f4008afff0215cee","2026-04-04 12:09:33.361","2026-04-17 12:43:31.647","69cdb768f4008afff0215cee","The Sleeping Beauty","theater","2026-06-27 19:00:00","2026-06-28 01:00:00","2026-06-28 01:00:00",false,false,false,"[PREMIUM]","[PREMIUM]","[PREMIUM]","[PREMIUM]","[PREMIUM]","[PREMIUM]",false,true,"687fe450dcf5e035f447fe6b","['663e449ab6b5a413c0a1762b']","[PREMIUM]","[PREMIUM]"
"69cd8369d0e42158f895b56c","2026-04-04 12:09:33.361","2026-04-17 12:43:31.647","69cd8369d0e42158f895b56c","Everyday People","music","2026-06-27 15:00:00","2026-06-27 19:00:00","2026-06-27 19:00:00",false,false,false,"[PREMIUM]","[PREMIUM]","[PREMIUM]","[PREMIUM]","[PREMIUM]","[PREMIUM]",false,false,"5af9f51a6422c50012b5630e","['649d9b8e07e77a0001025e35']","[PREMIUM]","[PREMIUM]"
"69cd7e1e9dbd46c58851dd16","2026-04-04 12:09:33.361","2026-04-17 12:43:24.389","69cd7e1e9dbd46c58851dd16","Rumours ATL - A Fleetwood Mac Tribute","music","2026-06-26 20:00:00","2026-06-27 00:00:00","2026-06-27 01:00:00",false,false,false,"[PREMIUM]","[PREMIUM]","[PREMIUM]","[PREMIUM]","[PREMIUM]","[PREMIUM]",false,false,"57d325c550575d33c85ae9b3","['5a46c51825f2c57ea7e76027']","[PREMIUM]","[PREMIUM]"
"69cd3a9cd57287c1464c1108","2026-04-04 12:09:33.361","2026-04-17 12:43:24.389","69cd3a9cd57287c1464c1108","Shakira","music","2026-06-26 19:30:00","2026-06-26 23:30:00","2026-06-27 00:30:00",false,false,false,"[PREMIUM]","[PREMIUM]","[PREMIUM]","[PREMIUM]","[PREMIUM]","[PREMIUM]",false,false,"544effe03bf3766eb4000002","['5955316425f2c55280c66a41']","[PREMIUM]","[PREMIUM]"
"69cd13c32555e41a29587bee","2026-04-04 12:09:33.361","2026-04-17 12:43:24.389","69cd13c32555e41a29587bee","Henry Cho (18+ Event)","comedy","2026-06-26 20:00:00","2026-06-27 00:00:00","2026-06-27 00:00:00",false,false,false,"[PREMIUM]","[PREMIUM]","[PREMIUM]","[PREMIUM]","[PREMIUM]","[PREMIUM]",false,false,"598ce7de9da0d48c0db72389","['65b9d4ffaa9b770f9754707f']","[PREMIUM]","[PREMIUM]"
"69cc9da31e1987c41ec62282","2026-04-04 12:09:33.361","2026-04-17 12:43:31.647","69cc9da31e1987c41ec62282","Tommy James and the Shondells","music","2026-06-27 19:00:00","2026-06-27 23:00:00","2026-06-27 23:00:00",false,false,false,"[PREMIUM]","[PREMIUM]","[PREMIUM]","[PREMIUM]","[PREMIUM]","[PREMIUM]",false,false,"67b66ace77ab093b8a9675c2","['6668d34efa6e4b14ee3b5945']","[PREMIUM]","[PREMIUM]"
"69cc6b7c6c362414b2756c38","2026-04-04 12:09:33.361","2026-04-17 12:43:24.389","69cc6b7c6c362414b2756c38","J Boog","music","2026-06-26 20:00:00","2026-06-27 02:00:00","2026-06-27 03:00:00",false,false,false,"[PREMIUM]","[PREMIUM]","[PREMIUM]","[PREMIUM]","[PREMIUM]","[PREMIUM]",false,false,"614a4f43b27a2e0001561ddc","['582cbd51f80c41575eaf8e8c']","[PREMIUM]","[PREMIUM]"
"69cc65329dbd46c5885157ca","2026-04-04 12:09:33.361","2026-04-17 12:43:31.647","69cc65329dbd46c5885157ca","Capone (21+ Event)","comedy","2026-06-27 18:30:00","2026-06-27 22:30:00","2026-06-27 22:30:00",false,false,false,"[PREMIUM]","[PREMIUM]","[PREMIUM]","[PREMIUM]","[PREMIUM]","[PREMIUM]",false,true,"66c919de93a14c9b64101ef0","['678185b500697b8c5ee6dc1c']","[PREMIUM]","[PREMIUM]"
"69cc65320fb26ddaafbf56de","2026-04-04 12:09:33.361","2026-04-17 12:43:24.389","69cc65320fb26ddaafbf56de","Capone (21+ Event)","comedy","2026-06-26 21:30:00","2026-06-27 01:30:00","2026-06-27 01:30:00",false,false,false,"[PREMIUM]","[PREMIUM]","[PREMIUM]","[PREMIUM]","[PREMIUM]","[PREMIUM]",false,true,"66c919de93a14c9b64101ef0","['678185b500697b8c5ee6dc1c']","[PREMIUM]","[PREMIUM]"
"69cc483fd09e862c20f7af51","2026-04-04 12:09:33.361","2026-04-17 12:43:31.647","69cc483fd09e862c20f7af51","Garden Brothers Nuclear Circus","theater","2026-06-27 16:30:00","2026-06-27 21:30:00","2026-06-27 21:30:00",false,false,false,"[PREMIUM]","[PREMIUM]","[PREMIUM]","[PREMIUM]","[PREMIUM]","[PREMIUM]",false,false,"64d294253aebbf0001982e57","['65dff12d4fc349930f11a705']","[PREMIUM]","[PREMIUM]"
"69cc483fb1b3ce0143cb82ab","2026-04-04 12:09:33.361","2026-04-17 12:43:24.389","69cc483fb1b3ce0143cb82ab","Garden Brothers Nuclear Circus","theater","2026-06-26 19:30:00","2026-06-27 00:30:00","2026-06-27 00:30:00",false,false,false,"[PREMIUM]","[PREMIUM]","[PREMIUM]","[PREMIUM]","[PREMIUM]","[PREMIUM]",false,false,"64d294253aebbf0001982e57","['65dff12d4fc349930f11a705']","[PREMIUM]","[PREMIUM]"
"69cc483f70850ad6f2b451ac","2026-04-04 12:09:33.361","2026-04-17 12:43:31.647","69cc483f70850ad6f2b451ac","Garden Brothers Nuclear Circus","theater","2026-06-27 19:30:00","2026-06-28 00:30:00","2026-06-28 00:30:00",false,false,false,"[PREMIUM]","[PREMIUM]","[PREMIUM]","[PREMIUM]","[PREMIUM]","[PREMIUM]",false,false,"64d294253aebbf0001982e57","['65dff12d4fc349930f11a705']","[PREMIUM]","[PREMIUM]"
"69cc483f66cfe34d4f8e8632","2026-04-04 12:09:33.361","2026-04-17 12:43:24.389","69cc483f66cfe34d4f8e8632","Garden Brothers Nuclear Circus","theater","2026-06-27 13:30:00","2026-06-27 18:30:00","2026-06-27 18:30:00",false,false,false,"[PREMIUM]","[PREMIUM]","[PREMIUM]","[PREMIUM]","[PREMIUM]","[PREMIUM]",false,false,"64d294253aebbf0001982e57","['65dff12d4fc349930f11a705']","[PREMIUM]","[PREMIUM]"
"69cc2dbc70850ad6f2b442fa","2026-04-04 12:09:33.361","2026-04-17 12:43:31.647","69cc2dbc70850ad6f2b442fa","Matchroom Boxing - Xander Zayas vs Jaron Ennis","boxing","2026-06-27 17:50:00","2026-06-27 21:50:00","2026-06-28 06:50:00",false,false,false,"[PREMIUM]","[PREMIUM]","[PREMIUM]","[PREMIUM]","[PREMIUM]","[PREMIUM]",false,false,"531fd9073bf3767196000002","['5c8ff39fdf06fb001701da7c']","[PREMIUM]","[PREMIUM]"
"69cbbc720c40c3b79ef16b95","2026-04-04 12:09:33.361","2026-04-17 12:43:31.647","69cbbc720c40c3b79ef16b95","Tumua Tuinei","comedy","2026-06-27 19:00:00","2026-06-28 02:00:00","2026-06-28 02:00:00",false,false,false,"[PREMIUM]","[PREMIUM]","[PREMIUM]","[PREMIUM]","[PREMIUM]","[PREMIUM]",false,false,"615f24603f8dfc0001507a90","['647a33d43c1e4e000107c8f5']","[PREMIUM]","[PREMIUM]"
"69cb2e796ac7b91b36671b47","2026-04-04 12:09:33.361","2026-04-17 12:43:31.647","69cb2e796ac7b91b36671b47","Blue Man Group","theater","2026-06-27 19:00:00","2026-06-27 23:00:00","2026-06-28 00:00:00",false,false,false,"[PREMIUM]","[PREMIUM]","[PREMIUM]","[PREMIUM]","[PREMIUM]","[PREMIUM]",false,false,"597b6fe29da0d48c0d9396cd","['59d6a31925f2c554ce10100a']","[PREMIUM]","[PREMIUM]"
"69cb2e6cd3e0f7e5f0b52a04","2026-04-04 12:09:33.361","2026-04-17 12:43:31.647","69cb2e6cd3e0f7e5f0b52a04","Duncan Trussell","comedy","2026-06-27 19:00:00","2026-06-27 23:00:00","2026-06-28 00:30:00",false,false,false,"[PREMIUM]","[PREMIUM]","[PREMIUM]","[PREMIUM]","[PREMIUM]","[PREMIUM]",false,false,"58b0c603cde6626ebeabff21","['62d97279d9597d0001aa9e92']","[PREMIUM]","[PREMIUM]"
"69cb1842c63b17d9df441ada","2026-04-04 12:09:33.361","2026-04-17 12:43:31.647","69cb1842c63b17d9df441ada","Beyond Wonderland - Saturday (18+ Event)","music","2026-06-27 15:00:00","2026-06-27 22:00:00","2026-06-27 23:30:00",false,false,false,"[PREMIUM]","[PREMIUM]","[PREMIUM]","[PREMIUM]","[PREMIUM]","[PREMIUM]",false,false,"56d091e9f80c4126b4000002","['5e16020b3042ee00354c8d85']","[PREMIUM]","[PREMIUM]"
"69cafb3c2723acc4f95224d0","2026-04-04 12:09:33.361","2026-04-17 12:43:31.647","69cafb3c2723acc4f95224d0","Justin Moore","music","2026-06-27 19:30:00","2026-06-27 23:30:00","2026-06-28 00:30:00",false,false,false,"[PREMIUM]","[PREMIUM]","[PREMIUM]","[PREMIUM]","[PREMIUM]","[PREMIUM]",false,false,"5e6ffc6cd1d7f3003a12db39","['59a88b0525f2c51f66b12f48']","[PREMIUM]","[PREMIUM]"
"69c7c6dfbc8ac99a72f7b28e","2026-04-04 12:09:33.361","2026-04-17 12:43:31.647","69c7c6dfbc8ac99a72f7b28e","Carlos Mencia","comedy","2026-06-27 18:00:00","2026-06-27 23:00:00","2026-06-28 00:30:00",false,false,false,"[PREMIUM]","[PREMIUM]","[PREMIUM]","[PREMIUM]","[PREMIUM]","[PREMIUM]",false,false,"64f0f8f2e2b35d00016720b4","['61e71b4cee02da00019d6dd2']","[PREMIUM]","[PREMIUM]"
"69c7c6df89db3b048eec4a42","2026-04-04 12:09:33.361","2026-04-17 12:43:24.389","69c7c6df89db3b048eec4a42","Carlos Mencia","comedy","2026-06-26 22:15:00","2026-06-27 03:15:00","2026-06-27 04:45:00",false,false,false,"[PREMIUM]","[PREMIUM]","[PREMIUM]","[PREMIUM]","[PREMIUM]","[PREMIUM]",false,true,"64f0f8f2e2b35d00016720b4","['61e71b4cee02da00019d6dd2']","[PREMIUM]","[PREMIUM]"
"69c6e8cfd4b39db7d6a3725b","2026-04-04 12:09:33.361","2026-04-17 12:43:24.389","69c6e8cfd4b39db7d6a3725b","Malik Elassal","comedy","2026-06-26 21:15:00","2026-06-27 02:15:00","2026-06-27 03:45:00",false,false,false,"[PREMIUM]","[PREMIUM]","[PREMIUM]","[PREMIUM]","[PREMIUM]","[PREMIUM]",false,true,"658f444ed5d8657a0304a44a","['620febf72614f30001912805']","[PREMIUM]","[PREMIUM]"
"69c6e879e9333704d34b1f6d","2026-04-04 12:09:33.361","2026-04-17 12:43:31.647","69c6e879e9333704d34b1f6d","Chess - The Musical","theater","2026-06-27 19:30:00","2026-06-27 23:30:00","2026-06-27 23:30:00",false,false,false,"[PREMIUM]","[PREMIUM]","[PREMIUM]","[PREMIUM]","[PREMIUM]","[PREMIUM]",false,false,"5ac6890d12b2b00014732f71","['69c2e222ec5fd961a5359715']","[PREMIUM]","[PREMIUM]"
"69c6e8780354f0108f771987","2026-04-04 12:09:33.361","2026-04-17 12:43:31.647","69c6e8780354f0108f771987","Chess - The Musical","theater","2026-06-27 14:00:00","2026-06-27 18:00:00","2026-06-27 18:00:00",false,false,false,"[PREMIUM]","[PREMIUM]","[PREMIUM]","[PREMIUM]","[PREMIUM]","[PREMIUM]",false,false,"5ac6890d12b2b00014732f71","['69c2e222ec5fd961a5359715']","[PREMIUM]","[PREMIUM]"
"69c69783ca7c5018eb9665d4","2026-04-04 12:09:33.361","2026-04-17 12:43:24.389","69c69783ca7c5018eb9665d4","Comedy Allstars","comedy","2026-06-26 21:30:00","2026-06-27 02:30:00","2026-06-27 04:00:00",false,false,false,"[PREMIUM]","[PREMIUM]","[PREMIUM]","[PREMIUM]","[PREMIUM]","[PREMIUM]",false,true,"669ed0ec152462944a58f807","['61d34558dcfdfa0001d025bf']","[PREMIUM]","[PREMIUM]"
"69c5b8112b7b76f2b674ffa5","2026-04-04 12:09:33.361","2026-04-17 12:43:31.647","69c5b8112b7b76f2b674ffa5","Pablo Cruise & Atlanta Rhythm Section","music","2026-06-27 19:00:00","2026-06-27 23:00:00","2026-06-27 23:00:00",false,false,false,"[PREMIUM]","[PREMIUM]","[PREMIUM]","[PREMIUM]","[PREMIUM]","[PREMIUM]",false,false,"63c883ef96794b0001a25fa8","['677d780cad326bb02758a4c6']","[PREMIUM]","[PREMIUM]"
"69c5b62c9b2298fcb91547ad","2026-04-04 12:09:33.361","2026-04-17 12:43:24.389","69c5b62c9b2298fcb91547ad","Loud Luxury","music","2026-06-26 22:30:00","2026-06-27 05:30:00","2026-06-27 07:00:00",false,false,false,"[PREMIUM]","[PREMIUM]","[PREMIUM]","[PREMIUM]","[PREMIUM]","[PREMIUM]",false,true,"5e3d98e5ba3b43003c452732","['5d266bda7c73920015a526c4']","[PREMIUM]","[PREMIUM]"
"69c57a6f4cbc4c26bc949852","2026-04-04 12:09:33.361","2026-04-17 12:43:24.389","69c57a6f4cbc4c26bc949852","Oliver Heldens","music","2026-06-26 22:00:00","2026-06-27 02:00:00","2026-06-27 03:00:00",false,false,false,"[PREMIUM]","[PREMIUM]","[PREMIUM]","[PREMIUM]","[PREMIUM]","[PREMIUM]",false,false,"63eec90478824300010fb486","['58a7935ef80c41494ff7ce50']","[PREMIUM]","[PREMIUM]"
"69c52571bf80a9609ddad46d","2026-04-04 12:09:33.361","2026-04-17 12:43:31.647","69c52571bf80a9609ddad46d","Jess Hilarious","comedy","2026-06-27 19:00:00","2026-06-28 02:00:00","2026-06-28 03:30:00",false,false,false,"[PREMIUM]","[PREMIUM]","[PREMIUM]","[PREMIUM]","[PREMIUM]","[PREMIUM]",false,true,"654d3b270372748a9322980e","['620eef51d37f660001bc8cac']","[PREMIUM]","[PREMIUM]"
"69c5257171127eae1a8acdc1","2026-04-04 12:09:33.361","2026-04-17 12:43:24.389","69c5257171127eae1a8acdc1","Jess Hilarious","comedy","2026-06-26 21:45:00","2026-06-27 04:45:00","2026-06-27 06:15:00",false,false,false,"[PREMIUM]","[PREMIUM]","[PREMIUM]","[PREMIUM]","[PREMIUM]","[PREMIUM]",false,true,"654d3b270372748a9322980e","['620eef51d37f660001bc8cac']","[PREMIUM]","[PREMIUM]"
"69c4b54f7592f828cc1e2bf6","2026-04-04 12:09:33.361","2026-04-17 12:43:31.647","69c4b54f7592f828cc1e2bf6","Mark Curry","comedy","2026-06-27 19:30:00","2026-06-28 00:30:00","2026-06-28 02:00:00",false,false,false,"[PREMIUM]","[PREMIUM]","[PREMIUM]","[PREMIUM]","[PREMIUM]","[PREMIUM]",false,true,"5a207a990045b8000fceba93","['63c1dea28a1e69000189fb8c']","[PREMIUM]","[PREMIUM]"
"69c4b42a9482468c190547e8","2026-04-04 12:09:33.361","2026-04-17 12:43:24.389","69c4b42a9482468c190547e8","Mark Curry","comedy","2026-06-26 22:00:00","2026-06-27 02:00:00","2026-06-27 03:30:00",false,false,false,"[PREMIUM]","[PREMIUM]","[PREMIUM]","[PREMIUM]","[PREMIUM]","[PREMIUM]",false,false,"67e720047f0495454b58f34a","['63c1dea28a1e69000189fb8c']","[PREMIUM]","[PREMIUM]"
"69c49e935ae295ea8a9718fd","2026-04-04 12:09:33.361","2026-04-17 12:43:31.647","69c49e935ae295ea8a9718fd","Chris Travis","music","2026-06-27 19:30:00","2026-06-28 02:30:00","2026-06-28 04:00:00",false,false,false,"[PREMIUM]","[PREMIUM]","[PREMIUM]","[PREMIUM]","[PREMIUM]","[PREMIUM]",false,false,"57c61b85f80c4132e419902f","['5cdaf317b5507e00173945d0']","[PREMIUM]","[PREMIUM]"
"69c48271541869208eb04fe9","2026-04-04 12:09:33.361","2026-04-17 12:43:31.647","69c48271541869208eb04fe9","Shapel Lacey","comedy","2026-06-27 19:00:00","2026-06-28 02:00:00","2026-06-28 03:30:00",false,false,false,"[PREMIUM]","[PREMIUM]","[PREMIUM]","[PREMIUM]","[PREMIUM]","[PREMIUM]",false,false,"61c10523f6e0f10001a5c489","['6362e66bf22f3c000131f407']","[PREMIUM]","[PREMIUM]"
"69c460c0ef3183430df1cb96","2026-04-04 12:09:33.361","2026-04-17 12:43:31.647","69c460c0ef3183430df1cb96","Obey Your Master","comedy","2026-06-27 19:00:00","2026-06-27 23:00:00","2026-06-27 23:00:00",false,false,false,"[PREMIUM]","[PREMIUM]","[PREMIUM]","[PREMIUM]","[PREMIUM]","[PREMIUM]",false,false,"57d1e15d50575d33c8542f33","['678185b500697b8c5ee6dc1c']","[PREMIUM]","[PREMIUM]"
"69c4609e1fdd483bb63c1949","2026-04-04 12:09:33.361","2026-04-17 12:43:31.647","69c4609e1fdd483bb63c1949","Paul Rodriguez","comedy","2026-06-27 18:00:00","2026-06-28 01:00:00","2026-06-28 02:30:00",false,false,false,"[PREMIUM]","[PREMIUM]","[PREMIUM]","[PREMIUM]","[PREMIUM]","[PREMIUM]",false,true,"62a26fe7659ddf0001a208d4","['61c0ca0f32925c0001749f1f']","[PREMIUM]","[PREMIUM]"
"69c44a41509ff2c7f204d1fc","2026-04-04 12:09:33.361","2026-04-17 12:43:31.647","69c44a41509ff2c7f204d1fc","The Aquabats","music","2026-06-27 19:00:00","2026-06-27 23:00:00","2026-06-28 00:00:00",false,false,false,"[PREMIUM]","[PREMIUM]","[PREMIUM]","[PREMIUM]","[PREMIUM]","[PREMIUM]",false,false,"57d325c550575d33c85ae9b5","['5991cd9325f2c51309e700e8']","[PREMIUM]","[PREMIUM]"
"69c35bfed842cf99d13356fe","2026-04-04 12:09:33.361","2026-04-17 12:43:24.389","69c35bfed842cf99d13356fe","Smokedope2016","music","2026-06-26 20:00:00","2026-06-27 00:00:00","2026-06-27 00:00:00",false,false,false,"[PREMIUM]","[PREMIUM]","[PREMIUM]","[PREMIUM]","[PREMIUM]","[PREMIUM]",false,false,"598b505a9da0d48c0da9419f","['69cee5d6a501fd8f28450a58']","[PREMIUM]","[PREMIUM]"
"69c35b83ff38da9a01831523","2026-04-04 12:09:33.361","2026-04-17 12:43:31.647","69c35b83ff38da9a01831523","Matt Maeson","music","2026-06-27 19:00:00","2026-06-27 23:00:00","2026-06-28 00:30:00",false,false,false,"[PREMIUM]","[PREMIUM]","[PREMIUM]","[PREMIUM]","[PREMIUM]","[PREMIUM]",false,false,"61afdd78ed874600017bb812","['5ce2e273a920a4001664306a']","[PREMIUM]","[PREMIUM]"
"69c35b05e444063ae6c46b13","2026-04-04 12:09:33.361","2026-04-17 12:43:24.389","69c35b05e444063ae6c46b13","Pigeons Playing Ping Pong","music","2026-06-26 23:30:00","2026-06-27 03:30:00","2026-06-27 05:00:00",false,false,false,"[PREMIUM]","[PREMIUM]","[PREMIUM]","[PREMIUM]","[PREMIUM]","[PREMIUM]",false,true,"656e6c81d2dbf68a5361e016","['618c1c37e64aa30001fb8ec9']","[PREMIUM]","[PREMIUM]"
"69c3588851a32c89cc7826fa","2026-04-04 12:09:33.361","2026-04-17 12:43:31.647","69c3588851a32c89cc7826fa","The Polish Ambassador","music","2026-06-27 19:00:00","2026-06-28 01:00:00","2026-06-28 01:00:00",false,false,false,"[PREMIUM]","[PREMIUM]","[PREMIUM]","[PREMIUM]","[PREMIUM]","[PREMIUM]",false,true,"67e312393a4e9926b0eb4b27","['65ca6eab340579ec335bd775']","[PREMIUM]","[PREMIUM]"
"69c3582a15f59881327966c7","2026-04-04 12:09:33.361","2026-04-17 12:43:31.647","69c3582a15f59881327966c7","Rob Schneider","comedy","2026-06-27 19:30:00","2026-06-27 23:30:00","2026-06-28 01:00:00",false,false,false,"[PREMIUM]","[PREMIUM]","[PREMIUM]","[PREMIUM]","[PREMIUM]","[PREMIUM]",false,false,"5823ad0fcde6626ebe525d00","['61a6bc9d7f747f000126a5ab']","[PREMIUM]","[PREMIUM]"
"69c357b8ab865e9c04ae70d3","2026-04-04 12:09:33.361","2026-04-17 12:43:31.647","69c357b8ab865e9c04ae70d3","Philadelphia Orchestra - The Wizard of Oz in Concert","music","2026-06-27 14:00:00","2026-06-27 18:00:00","2026-06-27 18:00:00",false,false,false,"[PREMIUM]","[PREMIUM]","[PREMIUM]","[PREMIUM]","[PREMIUM]","[PREMIUM]",false,false,"6778772fee86fcaefb9daa22","['65f289e1241dd00f1d22086a']","[PREMIUM]","[PREMIUM]"
"69c2f668e1190a8cab904d97","2026-04-04 12:09:33.361","2026-04-17 12:43:31.647","69c2f668e1190a8cab904d97","Dark Star Orchestra","music","2026-06-27 19:00:00","2026-06-27 23:00:00","2026-06-28 00:00:00",false,false,false,"[PREMIUM]","[PREMIUM]","[PREMIUM]","[PREMIUM]","[PREMIUM]","[PREMIUM]",false,false,"6372c334b1060a00018deca5","['57e1c2edf80c41330431f2f3']","[PREMIUM]","[PREMIUM]"
"69c2f2f322630b3ae50d3d2c","2026-04-04 12:09:33.361","2026-04-17 12:43:31.647","69c2f2f322630b3ae50d3d2c","Leanne Morgan","comedy","2026-06-27 19:00:00","2026-06-28 00:00:00","2026-06-28 01:30:00",false,false,false,"[PREMIUM]","[PREMIUM]","[PREMIUM]","[PREMIUM]","[PREMIUM]","[PREMIUM]",false,false,"5798426df80c417b17e73962","['617b242827519d000173f82d']","[PREMIUM]","[PREMIUM]"
"69c2f237935a6acbcb78d160","2026-04-04 12:09:33.361","2026-04-17 12:43:24.389","69c2f237935a6acbcb78d160","Chelsea Handler","comedy","2026-06-27 00:00:00","2026-06-27 04:00:00","2026-06-27 05:30:00",false,true,false,"[PREMIUM]","[PREMIUM]","[PREMIUM]","[PREMIUM]","[PREMIUM]","[PREMIUM]",false,false,"6615d19e516d321c2227b403","['5c74a2b1b44dee00155dd256']","[PREMIUM]","[PREMIUM]"
"69c21651a8f42a6b22fbd67a","2026-04-04 12:09:33.361","2026-04-17 12:43:31.647","69c21651a8f42a6b22fbd67a","Russell Peters","comedy","2026-06-27 18:00:00","2026-06-28 01:00:00","2026-06-28 02:30:00",false,false,false,"[PREMIUM]","[PREMIUM]","[PREMIUM]","[PREMIUM]","[PREMIUM]","[PREMIUM]",false,false,"62bf3bdef2e57d00010e6bac","['5b4d2e7d0b128500133a5454']","[PREMIUM]","[PREMIUM]"
"69c2165168c22d9d19ea0327","2026-04-04 12:09:33.361","2026-04-17 12:43:24.389","69c2165168c22d9d19ea0327","Russell Peters","comedy","2026-06-26 21:45:00","2026-06-27 04:45:00","2026-06-27 06:15:00",false,false,false,"[PREMIUM]","[PREMIUM]","[PREMIUM]","[PREMIUM]","[PREMIUM]","[PREMIUM]",false,false,"62bf3bdef2e57d00010e6bac","['5b4d2e7d0b128500133a5454']","[PREMIUM]","[PREMIUM]"
"69c1a5111b1c18f706fbe2ad","2026-04-04 12:09:33.361","2026-04-17 12:43:31.647","69c1a5111b1c18f706fbe2ad","CA7RIEL and Paco Amoroso","music","2026-06-27 19:30:00","2026-06-27 23:30:00","2026-06-27 23:30:00",false,false,false,"[PREMIUM]","[PREMIUM]","[PREMIUM]","[PREMIUM]","[PREMIUM]","[PREMIUM]",false,false,"628fb80ccab294000122971a","['6740e89a4a75fcfaf22afc8b']","[PREMIUM]","[PREMIUM]"
"69c1a3de2e27817f5da7c057","2026-04-04 12:09:33.361","2026-04-17 12:43:31.647","69c1a3de2e27817f5da7c057","Ragtime","theater","2026-06-27 14:00:00","2026-06-27 18:00:00","2026-06-27 19:30:00",false,false,false,"[PREMIUM]","[PREMIUM]","[PREMIUM]","[PREMIUM]","[PREMIUM]","[PREMIUM]",false,true,"657ca917bfcf8d7dd21ae28e","['5b32d5aebfe243001221f76e']","[PREMIUM]","[PREMIUM]"
"69c18a0bf4f7708e7569e810","2026-04-04 12:09:33.361","2026-04-17 12:43:31.647","69c18a0bf4f7708e7569e810","Luis J. Gomez","comedy","2026-06-27 19:00:00","2026-06-28 02:00:00","2026-06-28 02:00:00",false,false,false,"[PREMIUM]","[PREMIUM]","[PREMIUM]","[PREMIUM]","[PREMIUM]","[PREMIUM]",false,true,"68a6367e8027dc32ccabf811","['65b186394a7a60fc09b8fa4d']","[PREMIUM]","[PREMIUM]"
"69c18a0b935a6acbcb78130b","2026-04-04 12:09:33.361","2026-04-17 12:43:24.389","69c18a0b935a6acbcb78130b","Luis J. Gomez","comedy","2026-06-26 21:30:00","2026-06-27 04:30:00","2026-06-27 04:30:00",false,false,false,"[PREMIUM]","[PREMIUM]","[PREMIUM]","[PREMIUM]","[PREMIUM]","[PREMIUM]",false,true,"68a6367e8027dc32ccabf811","['65b186394a7a60fc09b8fa4d']","[PREMIUM]","[PREMIUM]"
"69bdb1d2f1efb9952a8aefbe","2026-04-04 12:09:33.361","2026-04-17 12:43:31.647","69bdb1d2f1efb9952a8aefbe","Major League Cricket (MI New York vs LA Knight Riders, Washington Freedom vs Texas Super Kings)","other","2026-06-27 14:30:00","2026-06-27 21:30:00","2026-06-27 22:30:00",false,false,false,"[PREMIUM]","[PREMIUM]","[PREMIUM]","[PREMIUM]","[PREMIUM]","[PREMIUM]",false,false,"533064c83bf3766e3a000001","['69c2b729935a6acbcb78aad2']","[PREMIUM]","[PREMIUM]"
"69bc60067be2ae9a662d9cde","2026-04-04 12:09:33.361","2026-04-17 12:43:31.647","69bc60067be2ae9a662d9cde","Champions of Magic","theater","2026-06-27 14:00:00","2026-06-27 19:00:00","2026-06-27 20:30:00",false,false,false,"[PREMIUM]","[PREMIUM]","[PREMIUM]","[PREMIUM]","[PREMIUM]","[PREMIUM]",false,false,"6830fabc8612a351d76a89ed","['5b1ece9906355f0013a0ced2']","[PREMIUM]","[PREMIUM]"
"69bc600630d8b3c3f26d3b5d","2026-04-04 12:09:33.361","2026-04-17 12:43:31.647","69bc600630d8b3c3f26d3b5d","Champions of Magic","theater","2026-06-27 19:30:00","2026-06-28 00:30:00","2026-06-28 02:00:00",false,false,false,"[PREMIUM]","[PREMIUM]","[PREMIUM]","[PREMIUM]","[PREMIUM]","[PREMIUM]",false,false,"6830fabc8612a351d76a89ed","['5b1ece9906355f0013a0ced2']","[PREMIUM]","[PREMIUM]"
"69bb5bffac433b403bbd6be7","2026-04-04 12:09:33.361","2026-04-17 12:43:31.647","69bb5bffac433b403bbd6be7","Worm","music","2026-06-27 19:00:00","2026-06-27 23:00:00","2026-06-28 00:30:00",false,false,false,"[PREMIUM]","[PREMIUM]","[PREMIUM]","[PREMIUM]","[PREMIUM]","[PREMIUM]",false,false,"57e2d68950575d33c8a36751","['69bdb45868f2df933b4fb4c7']","[PREMIUM]","[PREMIUM]"
"69bb27320a7364864a3e28e6","2026-04-04 12:09:33.361","2026-04-17 12:43:31.647","69bb27320a7364864a3e28e6","MrBallen","talk","2026-06-27 19:00:00","2026-06-28 02:00:00","2026-06-28 02:00:00",false,false,false,"[PREMIUM]","[PREMIUM]","[PREMIUM]","[PREMIUM]","[PREMIUM]","[PREMIUM]",false,false,"56413668f80c416283000002","['667edb92311ae28804a4b079']","[PREMIUM]","[PREMIUM]"
"69bb0fe625edbfcc34d09054","2026-04-04 12:09:33.361","2026-04-17 12:43:31.647","69bb0fe625edbfcc34d09054","Bill Engvall","comedy","2026-06-27 19:30:00","2026-06-27 23:30:00","2026-06-28 01:00:00",false,false,false,"[PREMIUM]","[PREMIUM]","[PREMIUM]","[PREMIUM]","[PREMIUM]","[PREMIUM]",false,false,"58c0ac5dcde6626ebe294b80","['6284640d3722d600019a6bbd']","[PREMIUM]","[PREMIUM]"
"69bb0ce911a3e437f5239dec","2026-04-04 12:09:33.361","2026-04-17 12:43:24.389","69bb0ce911a3e437f5239dec","Davide De Pierro","talk","2026-06-26 19:30:00","2026-06-27 01:30:00","2026-06-27 03:00:00",false,false,false,"[PREMIUM]","[PREMIUM]","[PREMIUM]","[PREMIUM]","[PREMIUM]","[PREMIUM]",false,false,"57e2fbc650575d33c8a4df07","['69bda1249adb9d7bf6218be1']","[PREMIUM]","[PREMIUM]"
"69bb0a00d6f660f4971c868f","2026-04-04 12:09:33.361","2026-04-17 12:43:31.647","69bb0a00d6f660f4971c868f","Lyle Lovett","music","2026-06-27 19:30:00","2026-06-27 23:30:00","2026-06-28 00:30:00",false,false,false,"[PREMIUM]","[PREMIUM]","[PREMIUM]","[PREMIUM]","[PREMIUM]","[PREMIUM]",false,true,"67e3125adf8b62997c5dfa0f","['5952e69725f2c578f06ac181']","[PREMIUM]","[PREMIUM]"
"69baec841d445cb651bb822c","2026-04-04 12:09:33.361","2026-04-17 12:43:31.647","69baec841d445cb651bb822c","Edmonton Elks - Game Changers: A Women's Training Camp","cfl","2026-06-27 16:00:00","2026-06-27 22:00:00","2026-06-27 23:30:00",false,false,false,"[PREMIUM]","[PREMIUM]","[PREMIUM]","[PREMIUM]","[PREMIUM]","[PREMIUM]",false,false,"56058307f80c412b8a000001","['55f85659f80c414b2a000006']","[PREMIUM]","[PREMIUM]"
"69ba2783654d22b8ce266b38","2026-04-04 12:09:33.361","2026-04-17 12:43:31.647","69ba2783654d22b8ce266b38","Singfeld! A Musical About Nothing!","theater","2026-06-27 18:30:00","2026-06-27 22:30:00","2026-06-27 22:30:00",false,false,false,"[PREMIUM]","[PREMIUM]","[PREMIUM]","[PREMIUM]","[PREMIUM]","[PREMIUM]",false,true,"65cd5385955808d4bfc69eef","['66393ed0fff012364fc37e72']","[PREMIUM]","[PREMIUM]"
"69b9f680a06b075d9f762186","2026-04-04 12:09:33.361","2026-04-17 12:43:31.647","69b9f680a06b075d9f762186","A Taste of Ireland","theater","2026-06-27 19:30:00","2026-06-27 23:30:00","2026-06-27 23:30:00",false,false,false,"[PREMIUM]","[PREMIUM]","[PREMIUM]","[PREMIUM]","[PREMIUM]","[PREMIUM]",false,true,"6543e040a79b06cec52ae5c7","['66db61794bb0e9043d39f417']","[PREMIUM]","[PREMIUM]"
"69b9d879adb7c4b16b688ad6","2026-04-04 12:09:33.361","2026-04-17 12:43:31.647","69b9d879adb7c4b16b688ad6","Galantis (21+ Event)","music","2026-06-27 15:00:00","2026-06-27 22:00:00","2026-06-27 23:30:00",false,false,false,"[PREMIUM]","[PREMIUM]","[PREMIUM]","[PREMIUM]","[PREMIUM]","[PREMIUM]",false,false,"613286ce8faa5d0001d0a079","['5b8ff1baf258640012302148']","[PREMIUM]","[PREMIUM]"
"69b9d2edd40a28f4c61a88cb","2026-04-04 12:09:33.361","2026-04-17 12:43:31.647","69b9d2edd40a28f4c61a88cb","Beaumont Renegades at Nashville Kats","afl","2026-06-27 16:00:00","2026-06-27 21:00:00","2026-06-27 21:00:00",false,false,false,"[PREMIUM]","[PREMIUM]","[PREMIUM]","[PREMIUM]","[PREMIUM]","[PREMIUM]",false,false,"654d3f4e4ad06d3bed86a9df","['6685a14d3fcfca03571bb5a2','69a08270126f733c4d4c2684']","[PREMIUM]","[PREMIUM]"
"69b9bb78ab234a66be367f3e","2026-04-04 12:09:33.361","2026-04-17 12:43:31.647","69b9bb78ab234a66be367f3e","G Love and Special Sauce","music","2026-06-27 19:30:00","2026-06-27 23:30:00","2026-06-28 00:30:00",false,false,false,"[PREMIUM]","[PREMIUM]","[PREMIUM]","[PREMIUM]","[PREMIUM]","[PREMIUM]",false,true,"6659f68930160fb957504c8b","['582caf14f80c41587d4b8178']","[PREMIUM]","[PREMIUM]"
"69b9bb21a65d18dee680fc8e","2026-04-04 12:09:33.361","2026-04-17 12:43:31.647","69b9bb21a65d18dee680fc8e","Jinjer","music","2026-06-27 18:00:00","2026-06-27 23:00:00","2026-06-28 00:30:00",false,false,false,"[PREMIUM]","[PREMIUM]","[PREMIUM]","[PREMIUM]","[PREMIUM]","[PREMIUM]",false,false,"57d9ebde50575d33c87a6d43","['5cc0a95ed2d46600162a63e2']","[PREMIUM]","[PREMIUM]"
"69b8c10c3cd207a9e0fb9abd","2026-04-04 12:09:33.361","2026-04-17 12:43:24.389","69b8c10c3cd207a9e0fb9abd","Nick Thune","comedy","2026-06-26 21:30:00","2026-06-27 01:30:00","2026-06-27 03:00:00",false,false,false,"[PREMIUM]","[PREMIUM]","[PREMIUM]","[PREMIUM]","[PREMIUM]","[PREMIUM]",false,true,"660dde72efbd395c20ea31a7","['641a1f830476c000015c9e3b']","[PREMIUM]","[PREMIUM]"
"69b8c10c06e97a98274913d4","2026-04-04 12:09:33.361","2026-04-17 12:43:31.647","69b8c10c06e97a98274913d4","Nick Thune","comedy","2026-06-27 19:00:00","2026-06-27 23:00:00","2026-06-28 00:30:00",false,false,false,"[PREMIUM]","[PREMIUM]","[PREMIUM]","[PREMIUM]","[PREMIUM]","[PREMIUM]",false,true,"660dde72efbd395c20ea31a7","['641a1f830476c000015c9e3b']","[PREMIUM]","[PREMIUM]"
"69b8850e9561b1f113ca1364","2026-04-04 12:09:33.361","2026-04-17 12:43:31.647","69b8850e9561b1f113ca1364","Gladys Knight","music","2026-06-27 19:30:00","2026-06-27 23:30:00","2026-06-28 01:00:00",false,false,false,"[PREMIUM]","[PREMIUM]","[PREMIUM]","[PREMIUM]","[PREMIUM]","[PREMIUM]",false,true,"654d3e983c428638cb9008ef","['5b2bfe414b7c570013e936c4']","[PREMIUM]","[PREMIUM]"
"69b86bcb508fc3211bb06ddb","2026-04-04 12:09:33.361","2026-04-17 12:43:31.647","69b86bcb508fc3211bb06ddb","Dierks Bentley","music","2026-06-27 18:00:00","2026-06-28 01:00:00","2026-06-28 02:00:00",false,false,false,"[PREMIUM]","[PREMIUM]","[PREMIUM]","[PREMIUM]","[PREMIUM]","[PREMIUM]",false,false,"57c09126f80c412d743f40b8","['57928f30f80c41558f19e51c']","[PREMIUM]","[PREMIUM]"
"69b869753419f949878b8340","2026-04-04 12:09:33.361","2026-04-17 12:43:31.647","69b869753419f949878b8340","Anthony Rodia","comedy","2026-06-27 18:30:00","2026-06-27 22:30:00","2026-06-28 00:00:00",false,false,false,"[PREMIUM]","[PREMIUM]","[PREMIUM]","[PREMIUM]","[PREMIUM]","[PREMIUM]",false,true,"658f454f9538aba58c16b7d2","['632e28208f7750000177aeda']","[PREMIUM]","[PREMIUM]"
"69b71abcf618125728ac261a","2026-04-04 12:09:33.361","2026-04-17 12:43:24.389","69b71abcf618125728ac261a","San Diego County Fair - General Fair Admission","music","2026-06-27 11:00:00","2026-06-27 18:00:00","2026-06-27 19:30:00",false,false,false,"[PREMIUM]","[PREMIUM]","[PREMIUM]","[PREMIUM]","[PREMIUM]","[PREMIUM]",false,false,"595ffc8c9da0d48c0d3377ba","['623cfb7c963b0300012ed147']","[PREMIUM]","[PREMIUM]"
"69b37616f31bb70b91ec6bc4","2026-04-04 12:09:33.361","2026-04-17 12:43:31.647","69b37616f31bb70b91ec6bc4","Freestyle Festival - Lisa Lisa and Stevie B","music","2026-06-27 18:00:00","2026-06-28 01:00:00","2026-06-28 01:00:00",false,false,false,"[PREMIUM]","[PREMIUM]","[PREMIUM]","[PREMIUM]","[PREMIUM]","[PREMIUM]",false,false,"57d8b1f050575d33c8737920","['675362e8c13d18db087dd256']","[PREMIUM]","[PREMIUM]"
"69b35e611c5ac5494b24f6c2","2026-04-04 12:09:33.361","2026-04-17 12:43:31.647","69b35e611c5ac5494b24f6c2","Scarface","music","2026-06-27 19:30:00","2026-06-28 02:30:00","2026-06-28 04:00:00",false,false,false,"[PREMIUM]","[PREMIUM]","[PREMIUM]","[PREMIUM]","[PREMIUM]","[PREMIUM]",false,true,"5e1e020e2339df003dcafbcc","['628462efdddfaa0001325242']","[PREMIUM]","[PREMIUM]"
"69b2d6c0ae233af9a520fdbd","2026-04-04 12:09:33.361","2026-04-17 12:43:31.647","69b2d6c0ae233af9a520fdbd","Pussycat Dolls","music","2026-06-27 18:30:00","2026-06-27 22:30:00","2026-06-27 22:30:00",false,false,false,"[PREMIUM]","[PREMIUM]","[PREMIUM]","[PREMIUM]","[PREMIUM]","[PREMIUM]",false,false,"5893d1e4cde6626ebe5f4c27","['69b2cb7941fec3aa6671751e']","[PREMIUM]","[PREMIUM]"
"69b2b319e74b9315c9289ede","2026-04-04 12:09:33.361","2026-04-17 12:43:31.647","69b2b319e74b9315c9289ede","Jamie Allan's Amaze","theater","2026-06-27 14:00:00","2026-06-27 18:00:00","2026-06-27 18:00:00",false,false,false,"[PREMIUM]","[PREMIUM]","[PREMIUM]","[PREMIUM]","[PREMIUM]","[PREMIUM]",false,true,"69c3fc95993d6c319e4b6760","['69c3f13fdfb17ce91fac9693']","[PREMIUM]","[PREMIUM]"
"69b2091a91726f16749bc41e","2026-04-04 12:09:33.361","2026-04-17 12:43:31.647","69b2091a91726f16749bc41e","Circles Around the Sun","music","2026-06-27 19:30:00","2026-06-28 01:30:00","2026-06-28 03:00:00",false,false,false,"[PREMIUM]","[PREMIUM]","[PREMIUM]","[PREMIUM]","[PREMIUM]","[PREMIUM]",false,true,"643065a12ec62f0001a80590","['622a802b9873bd0001499343']","[PREMIUM]","[PREMIUM]"
"69b20906ac4e315ac7579210","2026-04-04 12:09:33.361","2026-04-17 12:43:31.647","69b20906ac4e315ac7579210","AJR","music","2026-06-27 18:30:00","2026-06-28 00:30:00","2026-06-28 01:30:00",false,false,false,"[PREMIUM]","[PREMIUM]","[PREMIUM]","[PREMIUM]","[PREMIUM]","[PREMIUM]",false,false,"65f23603885a87c384c6ff13","['5a46c51725f2c57ea7e7601f']","[PREMIUM]","[PREMIUM]"
"69b1f083173fc39137e888a3","2026-04-04 12:09:33.361","2026-04-17 12:43:24.389","69b1f083173fc39137e888a3","2026 Day Trip Festival - Saturday","music","2026-06-27 13:00:00","2026-06-27 20:00:00","2026-06-27 21:30:00",false,false,false,"[PREMIUM]","[PREMIUM]","[PREMIUM]","[PREMIUM]","[PREMIUM]","[PREMIUM]",false,true,"5c6f1b9d10267b001557734c","['62b38b67b65a2600017df532']","[PREMIUM]","[PREMIUM]"
"69b1eb92303d3cdb1c8db310","2026-04-04 12:09:33.361","2026-04-17 12:43:31.647","69b1eb92303d3cdb1c8db310","2026 Ladyland Festival","music","2026-06-27 19:00:00","2026-06-27 23:00:00","2026-06-27 23:00:00",false,false,false,"[PREMIUM]","[PREMIUM]","[PREMIUM]","[PREMIUM]","[PREMIUM]","[PREMIUM]",false,false,"662182d679c75d9e5234f242","['67fff54fc4a18a2f1a198fb5']","[PREMIUM]","[PREMIUM]"
"69b1e91fe74b9315c9284df2","2026-04-04 12:09:33.361","2026-04-17 12:43:24.389","69b1e91fe74b9315c9284df2","Luenell","comedy","2026-06-26 21:45:00","2026-06-27 04:45:00","2026-06-27 06:15:00",false,false,false,"[PREMIUM]","[PREMIUM]","[PREMIUM]","[PREMIUM]","[PREMIUM]","[PREMIUM]",false,false,"612fe6167ac1e20001aab906","['61e71a42a63e20000170b094']","[PREMIUM]","[PREMIUM]"
"69b1e91f08a502d7d9ea9459","2026-04-04 12:09:33.361","2026-04-17 12:43:31.647","69b1e91f08a502d7d9ea9459","Luenell","comedy","2026-06-27 19:00:00","2026-06-28 02:00:00","2026-06-28 03:30:00",false,false,false,"[PREMIUM]","[PREMIUM]","[PREMIUM]","[PREMIUM]","[PREMIUM]","[PREMIUM]",false,false,"612fe6167ac1e20001aab906","['61e71a42a63e20000170b094']","[PREMIUM]","[PREMIUM]"
"69b10f0d92d72b6ad1450187","2026-04-04 12:09:33.361","2026-04-17 12:43:31.647","69b10f0d92d72b6ad1450187","The Great Canadian Bash","music","2026-06-27 16:30:00","2026-06-27 23:30:00","2026-06-28 00:30:00",false,false,false,"[PREMIUM]","[PREMIUM]","[PREMIUM]","[PREMIUM]","[PREMIUM]","[PREMIUM]",false,true,"5d14f668cd9b6e00179c1202","['5982692525f2c51a1ac02f2d']","[PREMIUM]","[PREMIUM]"
"69b00d02c366515e76cc43f7","2026-04-04 12:09:33.361","2026-04-17 12:43:31.647","69b00d02c366515e76cc43f7","Wynonna Judd and Melissa Etheridge","music","2026-06-27 19:00:00","2026-06-27 23:00:00","2026-06-27 23:00:00",false,false,false,"[PREMIUM]","[PREMIUM]","[PREMIUM]","[PREMIUM]","[PREMIUM]","[PREMIUM]",false,false,"66c8e3408a63ddc77e1d0f0b","['64e3d7fc379b720001c48ff3']","[PREMIUM]","[PREMIUM]"
"69af3196368c3bc8f166db81","2026-04-04 12:09:33.361","2026-04-17 12:43:31.647","69af3196368c3bc8f166db81","Marlon Wayans","comedy","2026-06-27 19:00:00","2026-06-28 00:00:00","2026-06-28 01:30:00",false,false,false,"[PREMIUM]","[PREMIUM]","[PREMIUM]","[PREMIUM]","[PREMIUM]","[PREMIUM]",false,true,"658f43e7432036f82783467b","['5e6297faee3831003c9d4b9f']","[PREMIUM]","[PREMIUM]"
"69af31962128dbcdc99c8779","2026-04-04 12:09:33.361","2026-04-17 12:43:24.389","69af31962128dbcdc99c8779","Marlon Wayans","comedy","2026-06-26 21:30:00","2026-06-27 02:30:00","2026-06-27 04:00:00",false,false,false,"[PREMIUM]","[PREMIUM]","[PREMIUM]","[PREMIUM]","[PREMIUM]","[PREMIUM]",false,true,"658f43e7432036f82783467b","['5e6297faee3831003c9d4b9f']","[PREMIUM]","[PREMIUM]"
"69abc8a7f001331aa965b61f","2026-04-04 12:09:33.361","2026-04-17 12:43:31.647","69abc8a7f001331aa965b61f","TobyMac","music","2026-06-27 19:00:00","2026-06-27 23:00:00","2026-06-28 00:00:00",false,false,false,"[PREMIUM]","[PREMIUM]","[PREMIUM]","[PREMIUM]","[PREMIUM]","[PREMIUM]",false,false,"6372bb6bbd36010001a0ef5b","['580a99e3f80c4139e4d504ea']","[PREMIUM]","[PREMIUM]"
"69aa20f31637bef6860b4543","2026-04-04 12:09:33.361","2026-04-17 12:43:31.647","69aa20f31637bef6860b4543","Hairball","music","2026-06-27 18:45:00","2026-06-27 23:45:00","2026-06-27 23:45:00",false,false,false,"[PREMIUM]","[PREMIUM]","[PREMIUM]","[PREMIUM]","[PREMIUM]","[PREMIUM]",false,false,"62d8378c26bbd00001471161","['677c1b9f50a3ae0179be08c4']","[PREMIUM]","[PREMIUM]"
"69a90b58bc9b167d76b43432","2026-04-04 12:09:33.361","2026-04-17 12:43:31.647","69a90b58bc9b167d76b43432","Michael Brun","music","2026-06-27 19:00:00","2026-06-27 23:00:00","2026-06-28 00:30:00",false,false,false,"[PREMIUM]","[PREMIUM]","[PREMIUM]","[PREMIUM]","[PREMIUM]","[PREMIUM]",false,false,"658f41a820ed1afcd309bf65","['6217f9b3939ede0001eee8a1']","[PREMIUM]","[PREMIUM]"
"69a8cdfa83df48998d8e1086","2026-04-04 12:09:33.361","2026-04-17 12:43:31.647","69a8cdfa83df48998d8e1086","Kes The Band","music","2026-06-27 19:00:00","2026-06-27 23:00:00","2026-06-28 00:30:00",false,false,false,"[PREMIUM]","[PREMIUM]","[PREMIUM]","[PREMIUM]","[PREMIUM]","[PREMIUM]",false,false,"58c33427cde6626ebe4173ed","['62d99f19383b9a0001dc3202']","[PREMIUM]","[PREMIUM]"
"69a8cce1ebc683c5b65c9de9","2026-04-04 12:09:33.361","2026-04-17 12:43:24.389","69a8cce1ebc683c5b65c9de9","Ian Fidance","comedy","2026-06-26 21:45:00","2026-06-27 02:45:00","2026-06-27 02:45:00",false,false,false,"[PREMIUM]","[PREMIUM]","[PREMIUM]","[PREMIUM]","[PREMIUM]","[PREMIUM]",false,true,"68a635eb379e8fdc72a39a97","['650c88095336f50001a4d1e2']","[PREMIUM]","[PREMIUM]"
"69a8cce14fb3ecf6c453ee98","2026-04-04 12:09:33.361","2026-04-17 12:43:31.647","69a8cce14fb3ecf6c453ee98","Ian Fidance","comedy","2026-06-27 19:00:00","2026-06-28 00:00:00","2026-06-28 00:00:00",false,false,false,"[PREMIUM]","[PREMIUM]","[PREMIUM]","[PREMIUM]","[PREMIUM]","[PREMIUM]",false,true,"68a635eb379e8fdc72a39a97","['650c88095336f50001a4d1e2']","[PREMIUM]","[PREMIUM]"
"69a7ea4508a0102ac9b2c650","2026-04-04 12:09:33.361","2026-04-17 12:43:31.647","69a7ea4508a0102ac9b2c650","J Roddy Walston","music","2026-06-27 18:00:00","2026-06-28 00:00:00","2026-06-28 01:30:00",false,false,false,"[PREMIUM]","[PREMIUM]","[PREMIUM]","[PREMIUM]","[PREMIUM]","[PREMIUM]",false,true,"643065a12ec62f0001a80590","['5b2bfc44bdaf450013cc3317']","[PREMIUM]","[PREMIUM]"
"69a78203f73da4430e14b751","2026-04-04 12:09:33.361","2026-04-17 12:43:31.647","69a78203f73da4430e14b751","Buckethead","music","2026-06-27 18:30:00","2026-06-28 01:30:00","2026-06-28 02:30:00",false,false,false,"[PREMIUM]","[PREMIUM]","[PREMIUM]","[PREMIUM]","[PREMIUM]","[PREMIUM]",false,false,"58b60c97cde6626ebede29fd","['5a45698625f2c505c792db30']","[PREMIUM]","[PREMIUM]"
"69a77d625356d98c39167f1c","2026-04-04 12:09:33.361","2026-04-17 12:43:31.647","69a77d625356d98c39167f1c","Killswitch Engage","music","2026-06-27 18:30:00","2026-06-28 01:30:00","2026-06-28 02:30:00",false,false,false,"[PREMIUM]","[PREMIUM]","[PREMIUM]","[PREMIUM]","[PREMIUM]","[PREMIUM]",false,false,"564a8584f80c413ce4000001","['59e8f28425f2c542d43dadc5']","[PREMIUM]","[PREMIUM]"
"69a77c908f90e02eb2c8e520","2026-04-04 12:09:33.361","2026-04-17 12:43:31.647","69a77c908f90e02eb2c8e520","Charley Crockett","music","2026-06-27 19:30:00","2026-06-28 00:30:00","2026-06-28 02:00:00",false,false,false,"[PREMIUM]","[PREMIUM]","[PREMIUM]","[PREMIUM]","[PREMIUM]","[PREMIUM]",false,true,"68373e1c790d61f3e6765c0d","['60e8a03f2e31c8000133be46']","[PREMIUM]","[PREMIUM]"
"69a77baf6f818dcd91427f1b","2026-04-04 12:09:33.361","2026-04-17 12:43:31.647","69a77baf6f818dcd91427f1b","Rhiannon Giddens","music","2026-06-27 18:00:00","2026-06-28 01:00:00","2026-06-28 01:00:00",false,false,false,"[PREMIUM]","[PREMIUM]","[PREMIUM]","[PREMIUM]","[PREMIUM]","[PREMIUM]",false,false,"58c09909cde6626ebe285bf4","['64de29082582070001669cb1']","[PREMIUM]","[PREMIUM]"
"69a77a3c4eb14ca0b58b7342","2026-04-04 12:09:33.361","2026-04-17 12:43:31.647","69a77a3c4eb14ca0b58b7342","Summer Jam - Ashanti, Trey Songz, Twista","music","2026-06-27 19:00:00","2026-06-28 02:00:00","2026-06-28 03:00:00",false,false,false,"[PREMIUM]","[PREMIUM]","[PREMIUM]","[PREMIUM]","[PREMIUM]","[PREMIUM]",false,false,"63eec9d877a1150001c310a4","['56f0bee6f80c41117f000002']","[PREMIUM]","[PREMIUM]"
"69a779f810ba19cc5da40ad8","2026-04-04 12:09:33.361","2026-04-17 12:43:31.647","69a779f810ba19cc5da40ad8","The Guess Who","music","2026-06-27 19:30:00","2026-06-27 23:30:00","2026-06-27 23:30:00",false,false,false,"[PREMIUM]","[PREMIUM]","[PREMIUM]","[PREMIUM]","[PREMIUM]","[PREMIUM]",false,false,"5787f0caf80c4170e02eda8c","['64d507a2525aec00010fccc3']","[PREMIUM]","[PREMIUM]"
"69a64b582dfb6298b6d230a8","2026-04-04 12:09:33.361","2026-04-17 12:43:31.647","69a64b582dfb6298b6d230a8","Gorgon City","music","2026-06-27 17:00:00","2026-06-27 22:00:00","2026-06-27 23:30:00",false,false,false,"[PREMIUM]","[PREMIUM]","[PREMIUM]","[PREMIUM]","[PREMIUM]","[PREMIUM]",false,false,"56f175c3f80c417931000001","['5b5f58f5056d4e0013f5aa38']","[PREMIUM]","[PREMIUM]"
"69a64699e7dbe44e696b52e3","2026-04-04 12:09:33.361","2026-04-17 12:43:31.647","69a64699e7dbe44e696b52e3","Christopher Cross","music","2026-06-27 19:30:00","2026-06-27 23:30:00","2026-06-28 00:30:00",false,false,false,"[PREMIUM]","[PREMIUM]","[PREMIUM]","[PREMIUM]","[PREMIUM]","[PREMIUM]",false,true,"69cffd6c845fab1f04dffb02","['5a31b34725f2c5218aced5f8']","[PREMIUM]","[PREMIUM]"
"69a60d3ee49872bc1844f76b","2026-04-04 12:09:33.361","2026-04-17 12:43:31.647","69a60d3ee49872bc1844f76b","Widespread Panic","music","2026-06-27 19:00:00","2026-06-28 01:00:00","2026-06-28 02:00:00",false,false,false,"[PREMIUM]","[PREMIUM]","[PREMIUM]","[PREMIUM]","[PREMIUM]","[PREMIUM]",false,false,"56038372f80c41109a000001","['5afda89a2479b000153d0be4']","[PREMIUM]","[PREMIUM]"
"69a60befb30731ab40cf9361","2026-04-04 12:09:33.361","2026-04-17 12:43:31.647","69a60befb30731ab40cf9361","Hank Williams Jr","music","2026-06-27 18:30:00","2026-06-27 22:30:00","2026-06-27 23:30:00",false,false,false,"[PREMIUM]","[PREMIUM]","[PREMIUM]","[PREMIUM]","[PREMIUM]","[PREMIUM]",false,false,"5a1c8b7eb050620012ae0c08","['579fc695f80c41718668edc2']","[PREMIUM]","[PREMIUM]"
"69a60bc38f90e02eb2c860e4","2026-04-04 12:09:33.361","2026-04-17 12:43:31.647","69a60bc38f90e02eb2c860e4","Kittie","music","2026-06-27 19:30:00","2026-06-27 23:30:00","2026-06-27 23:30:00",false,false,false,"[PREMIUM]","[PREMIUM]","[PREMIUM]","[PREMIUM]","[PREMIUM]","[PREMIUM]",false,true,"5a29bedfa45907001026a358","['662a9ba200d00d7268875afe']","[PREMIUM]","[PREMIUM]"
"69a52f568ced943f160f5463","2026-04-04 12:09:33.361","2026-04-17 12:43:31.647","69a52f568ced943f160f5463","The Beach Boys - San Diego Symphony Orchestra","music","2026-06-27 19:30:00","2026-06-28 02:30:00","2026-06-28 03:30:00",false,false,false,"[PREMIUM]","[PREMIUM]","[PREMIUM]","[PREMIUM]","[PREMIUM]","[PREMIUM]",false,false,"61b29b679533ce000197c50a","['580a99e4f80c4139e4d504eb']","[PREMIUM]","[PREMIUM]"
"69a2414e752a9666b28d9487","2026-04-04 12:09:33.361","2026-04-17 12:43:31.647","69a2414e752a9666b28d9487","Bruce Bruce","comedy","2026-06-27 19:00:00","2026-06-27 23:00:00","2026-06-28 00:30:00",false,false,false,"[PREMIUM]","[PREMIUM]","[PREMIUM]","[PREMIUM]","[PREMIUM]","[PREMIUM]",false,true,"648cd846348f230001edaf66","['61b3e3cb9386eb0001d7335f']","[PREMIUM]","[PREMIUM]"
"69a236e28ced943f160eae62","2026-04-04 12:09:33.361","2026-04-17 12:43:31.647","69a236e28ced943f160eae62","Ben Bankas","comedy","2026-06-27 19:00:00","2026-06-27 23:00:00","2026-06-27 23:00:00",false,false,false,"[PREMIUM]","[PREMIUM]","[PREMIUM]","[PREMIUM]","[PREMIUM]","[PREMIUM]",false,true,"66bbd7347b254ce9631bdfe7","['679290fa48bd9bea43ba3081']","[PREMIUM]","[PREMIUM]"
"69a202702afe2d2966a0991f","2026-04-04 12:09:33.361","2026-04-17 12:43:31.647","69a202702afe2d2966a0991f","Spyro Gyra","music","2026-06-27 19:30:00","2026-06-27 23:30:00","2026-06-27 23:30:00",false,false,false,"[PREMIUM]","[PREMIUM]","[PREMIUM]","[PREMIUM]","[PREMIUM]","[PREMIUM]",false,true,"66b150da45fbf61865ed2d06","['67b60806cf5ec65d048a910a']","[PREMIUM]","[PREMIUM]"
"69a1016236dcc7524b60ab11","2026-04-04 12:09:33.361","2026-04-17 12:43:31.647","69a1016236dcc7524b60ab11","Stephen Sanchez","music","2026-06-27 19:00:00","2026-06-28 01:00:00","2026-06-28 02:30:00",false,false,false,"[PREMIUM]","[PREMIUM]","[PREMIUM]","[PREMIUM]","[PREMIUM]","[PREMIUM]",false,false,"644869a57801bc000133e548","['6387e9ea25917c000150f6b2']","[PREMIUM]","[PREMIUM]"
"699fcfd639648dd7d1903b0f","2026-04-04 12:09:33.361","2026-04-17 12:43:31.647","699fcfd639648dd7d1903b0f","Maz Jobrani","comedy","2026-06-27 19:00:00","2026-06-27 23:00:00","2026-06-28 00:30:00",false,false,false,"[PREMIUM]","[PREMIUM]","[PREMIUM]","[PREMIUM]","[PREMIUM]","[PREMIUM]",false,true,"66202c837350c193b34b1392","['638e4db9b11494000149ac86']","[PREMIUM]","[PREMIUM]"
"699fcfd60df839f908797cba","2026-04-04 12:09:33.361","2026-04-17 12:43:24.389","699fcfd60df839f908797cba","Maz Jobrani","comedy","2026-06-26 21:30:00","2026-06-27 01:30:00","2026-06-27 03:00:00",false,false,false,"[PREMIUM]","[PREMIUM]","[PREMIUM]","[PREMIUM]","[PREMIUM]","[PREMIUM]",false,true,"66202c837350c193b34b1392","['638e4db9b11494000149ac86']","[PREMIUM]","[PREMIUM]"
"699fcc940df839f908797bd6","2026-04-04 12:09:33.361","2026-04-17 12:43:31.647","699fcc940df839f908797bd6","Ziggy Marley","music","2026-06-27 19:00:00","2026-06-28 01:00:00","2026-06-28 02:30:00",false,false,false,"[PREMIUM]","[PREMIUM]","[PREMIUM]","[PREMIUM]","[PREMIUM]","[PREMIUM]",false,true,"6813af4c45129a1a3977d71c","['5afdb279efa01b0016b921d0']","[PREMIUM]","[PREMIUM]"
"699fc8fc8eb2bf440d3b0be1","2026-04-04 12:09:33.361","2026-04-17 12:43:31.647","699fc8fc8eb2bf440d3b0be1","Sistas Who Kill","talk","2026-06-27 18:00:00","2026-06-27 22:00:00","2026-06-27 22:00:00",false,false,false,"[PREMIUM]","[PREMIUM]","[PREMIUM]","[PREMIUM]","[PREMIUM]","[PREMIUM]",false,false,"56b39e31f80c410494000001","['69a1eeecf5ed06b6ebc8f6dc']","[PREMIUM]","[PREMIUM]"
"699f92d96cb6a16446d26d82","2026-04-04 12:09:33.361","2026-04-17 12:43:24.389","699f92d96cb6a16446d26d82","Jurassic Quest","theater","2026-06-27 00:00:00","2026-06-27 07:00:00","2026-06-27 07:00:00",false,true,false,"[PREMIUM]","[PREMIUM]","[PREMIUM]","[PREMIUM]","[PREMIUM]","[PREMIUM]",false,false,"6931eadd9e5359c2c76c19c4","['650c90d6974b7800010d3cfe']","[PREMIUM]","[PREMIUM]"
"699f77345cec0370db523db5","2026-04-04 12:09:33.361","2026-04-17 12:43:31.647","699f77345cec0370db523db5","Philadelphia Orchestra - The Wizard of Oz in Concert","music","2026-06-27 19:30:00","2026-06-27 23:30:00","2026-06-27 23:30:00",false,false,false,"[PREMIUM]","[PREMIUM]","[PREMIUM]","[PREMIUM]","[PREMIUM]","[PREMIUM]",false,false,"6778772fee86fcaefb9daa22","['65f289e1241dd00f1d22086a']","[PREMIUM]","[PREMIUM]"
"699eec0e01b977230663dcb4","2026-04-04 12:09:33.361","2026-04-17 12:43:31.647","699eec0e01b977230663dcb4","Akaash Singh","comedy","2026-06-27 18:30:00","2026-06-28 04:30:00","2026-06-28 04:30:00",false,false,false,"[PREMIUM]","[PREMIUM]","[PREMIUM]","[PREMIUM]","[PREMIUM]","[PREMIUM]",false,true,"5b772a321107e000127b1105","['6527f81073e1670baacb1369']","[PREMIUM]","[PREMIUM]"
"699e5c18c58814b45bc6a2bd","2026-04-04 12:09:33.361","2026-04-17 12:43:31.647","699e5c18c58814b45bc6a2bd","The Ocean Blue","music","2026-06-27 19:00:00","2026-06-27 23:00:00","2026-06-27 23:00:00",false,false,false,"[PREMIUM]","[PREMIUM]","[PREMIUM]","[PREMIUM]","[PREMIUM]","[PREMIUM]",false,false,"660348ef70aae9c5f41b6914","['6647bc96cb4f8a02ec0ca378']","[PREMIUM]","[PREMIUM]"
"699e136c15e13cab1a99f267","2026-04-04 12:09:33.361","2026-04-17 12:43:31.647","699e136c15e13cab1a99f267","Rufus Du Sol","music","2026-06-27 19:30:00","2026-06-27 23:30:00","2026-06-28 00:30:00",false,false,false,"[PREMIUM]","[PREMIUM]","[PREMIUM]","[PREMIUM]","[PREMIUM]","[PREMIUM]",false,false,"5309739c3bf376115d000002","['57fa7e96f80c411ade31c31f']","[PREMIUM]","[PREMIUM]"
"699dcee493ba9599794ecf1c","2026-04-04 12:09:33.361","2026-04-17 12:43:31.647","699dcee493ba9599794ecf1c","Darius Rucker","music","2026-06-27 16:30:00","2026-06-27 20:30:00","2026-06-27 22:00:00",false,false,false,"[PREMIUM]","[PREMIUM]","[PREMIUM]","[PREMIUM]","[PREMIUM]","[PREMIUM]",false,false,"57912accf80c415c6acc8cfa","['60edfb3b18dbd10001deaa99']","[PREMIUM]","[PREMIUM]"
"699d63611cd40bb0bd7ad661","2026-04-04 12:09:33.361","2026-04-17 12:43:24.389","699d63611cd40bb0bd7ad661","Solid Sound Music and Arts Festival - Saturday","music","2026-06-27 00:00:00","2026-06-27 04:00:00","2026-06-27 04:00:00",false,true,false,"[PREMIUM]","[PREMIUM]","[PREMIUM]","[PREMIUM]","[PREMIUM]","[PREMIUM]",false,true,"689659ebb5495caa5394de68","['699dfdf93f93b5ce15bdaecf']","[PREMIUM]","[PREMIUM]"
"699cd837ff6e4049829ca8bc","2026-04-04 12:09:33.361","2026-04-17 12:43:31.647","699cd837ff6e4049829ca8bc","Chicago","music","2026-06-27 19:00:00","2026-06-27 23:00:00","2026-06-28 00:00:00",false,false,false,"[PREMIUM]","[PREMIUM]","[PREMIUM]","[PREMIUM]","[PREMIUM]","[PREMIUM]",false,true,"69c45204ef3183430df1c271","['586c8fdef80c417bcb64600d']","[PREMIUM]","[PREMIUM]"
"699cd43806ea5069618750cd","2026-04-04 12:09:33.361","2026-04-17 12:43:31.647","699cd43806ea5069618750cd","Bret Michaels","music","2026-06-27 19:30:00","2026-06-27 23:30:00","2026-06-28 01:00:00",false,false,false,"[PREMIUM]","[PREMIUM]","[PREMIUM]","[PREMIUM]","[PREMIUM]","[PREMIUM]",false,true,"67e3125ba2665db1ef52e222","['638e4393dce4e600011dee82']","[PREMIUM]","[PREMIUM]"
"699cd2bda649fb28b47c87d0","2026-04-04 12:09:33.361","2026-04-17 12:43:24.389","699cd2bda649fb28b47c87d0","Cyrille Aimee","music","2026-06-26 20:30:00","2026-06-27 00:30:00","2026-06-27 02:00:00",false,false,false,"[PREMIUM]","[PREMIUM]","[PREMIUM]","[PREMIUM]","[PREMIUM]","[PREMIUM]",false,true,"65fe09690c368400736e58e0","['5afcba3d35e23800140c82d5']","[PREMIUM]","[PREMIUM]"
"699cd2bd87e76d0416495e1d","2026-04-04 12:09:33.361","2026-04-17 12:43:24.389","699cd2bd87e76d0416495e1d","Cyrille Aimee","music","2026-06-26 22:30:00","2026-06-27 02:30:00","2026-06-27 04:00:00",false,false,false,"[PREMIUM]","[PREMIUM]","[PREMIUM]","[PREMIUM]","[PREMIUM]","[PREMIUM]",false,true,"65fe09690c368400736e58e0","['5afcba3d35e23800140c82d5']","[PREMIUM]","[PREMIUM]"
"699a6756c0897df3481da351","2026-04-04 12:09:33.361","2026-04-17 12:43:24.389","699a6756c0897df3481da351","TBD at Charlotte Checkers (Calder Cup Finals - Home Game 4) (Date TBD) (If Necessary)","ahl","2026-06-27 00:00:00","2026-06-27 04:00:00","2026-06-27 05:00:00",true,true,true,"[PREMIUM]","[PREMIUM]","[PREMIUM]","[PREMIUM]","[PREMIUM]","[PREMIUM]",false,false,"58b1e1ddcde6626ebeb0cec3","['59b03f8325f2c56d90640264','5a99e2126311820014498a01']","[PREMIUM]","[PREMIUM]"
"699a5161fb071635321deacf","2026-04-04 12:09:33.361","2026-04-17 12:43:31.647","699a5161fb071635321deacf","Marcus D Wiley","comedy","2026-06-27 18:30:00","2026-06-27 23:30:00","2026-06-27 23:30:00",false,false,false,"[PREMIUM]","[PREMIUM]","[PREMIUM]","[PREMIUM]","[PREMIUM]","[PREMIUM]",false,true,"64418ed31da1df00012fd55d","['67f565b9df82e6f69c9728f5']","[PREMIUM]","[PREMIUM]"
"699a4ca1423776b8e63e63b2","2026-04-04 12:09:33.361","2026-04-17 12:43:24.389","699a4ca1423776b8e63e63b2","Zainab Johnson","comedy","2026-06-26 21:30:00","2026-06-27 04:30:00","2026-06-27 04:30:00",false,false,false,"[PREMIUM]","[PREMIUM]","[PREMIUM]","[PREMIUM]","[PREMIUM]","[PREMIUM]",false,true,"62a27115317ffd00014aa536","['6605c12e5daed76bd6d4458b']","[PREMIUM]","[PREMIUM]"
"699a4ca120560580a7e7ed9f","2026-04-04 12:09:33.361","2026-04-17 12:43:31.647","699a4ca120560580a7e7ed9f","Zainab Johnson","comedy","2026-06-27 18:30:00","2026-06-28 01:30:00","2026-06-28 01:30:00",false,false,false,"[PREMIUM]","[PREMIUM]","[PREMIUM]","[PREMIUM]","[PREMIUM]","[PREMIUM]",false,true,"62a27115317ffd00014aa536","['6605c12e5daed76bd6d4458b']","[PREMIUM]","[PREMIUM]"
"699a310dadf65bfad23eb726","2026-04-04 12:09:33.361","2026-04-17 12:43:31.647","699a310dadf65bfad23eb726","Zarna Garg","comedy","2026-06-27 19:00:00","2026-06-28 00:00:00","2026-06-28 00:00:00",false,false,false,"[PREMIUM]","[PREMIUM]","[PREMIUM]","[PREMIUM]","[PREMIUM]","[PREMIUM]",false,true,"63d45545ca768d00010f30d0","['64cd7d0edd46ff0001d98f08']","[PREMIUM]","[PREMIUM]"
"699a3007c0897df3481d8d49","2026-04-04 12:09:33.361","2026-04-17 12:43:31.647","699a3007c0897df3481d8d49","Charlotte Crown at Jacksonville Waves","other","2026-06-27 16:00:00","2026-06-27 20:00:00","2026-06-27 20:30:00",false,false,false,"[PREMIUM]","[PREMIUM]","[PREMIUM]","[PREMIUM]","[PREMIUM]","[PREMIUM]",false,false,"56e1e5d9f80c416f7e000001","['69d937ad0357dc4518f12108','69d93a00b1dc44beefed43ac']","[PREMIUM]","[PREMIUM]"
"699a30067dd684d8e34bf88b","2026-04-04 12:09:33.361","2026-04-17 12:43:31.647","699a30067dd684d8e34bf88b","Greensboro Groove at Savannah Steel","other","2026-06-27 16:00:00","2026-06-27 20:00:00","2026-06-27 20:30:00",false,false,false,"[PREMIUM]","[PREMIUM]","[PREMIUM]","[PREMIUM]","[PREMIUM]","[PREMIUM]",false,false,"63bc7d8f7beef60001824d58","['69d939519260fedf0a0578be','69d938b3aec5a78f14ce91d0']","[PREMIUM]","[PREMIUM]"
"69988eb28218a08ba6a4195c","2026-04-04 12:09:33.361","2026-04-17 12:43:31.647","69988eb28218a08ba6a4195c","Death of a Salesman","theater","2026-06-27 14:00:00","2026-06-27 18:00:00","2026-06-27 18:00:00",false,false,false,"[PREMIUM]","[PREMIUM]","[PREMIUM]","[PREMIUM]","[PREMIUM]","[PREMIUM]",false,false,"5a9ecf64ea5962001400e38f","['6994a9470aa7af9fadb7baf3']","[PREMIUM]","[PREMIUM]"
"69981a41f42e2651a98aea36","2026-04-04 12:09:33.361","2026-04-17 12:43:31.647","69981a41f42e2651a98aea36","DeRay Davis","comedy","2026-06-27 19:00:00","2026-06-28 00:00:00","2026-06-28 01:30:00",false,false,false,"[PREMIUM]","[PREMIUM]","[PREMIUM]","[PREMIUM]","[PREMIUM]","[PREMIUM]",false,true,"637bebee9c7f1e00019cc4be","['5e20f4997b9e7c0039cc0f28']","[PREMIUM]","[PREMIUM]"
"69981a410609d53ad9ce9df8","2026-04-04 12:09:33.361","2026-04-17 12:43:24.389","69981a410609d53ad9ce9df8","DeRay Davis","comedy","2026-06-26 21:45:00","2026-06-27 02:45:00","2026-06-27 04:15:00",false,false,false,"[PREMIUM]","[PREMIUM]","[PREMIUM]","[PREMIUM]","[PREMIUM]","[PREMIUM]",false,true,"637bebee9c7f1e00019cc4be","['5e20f4997b9e7c0039cc0f28']","[PREMIUM]","[PREMIUM]"
"69977599fda7968790adbb03","2026-04-04 12:09:33.361","2026-04-17 12:43:31.647","69977599fda7968790adbb03","The Bouncing Souls Stoked For The Summer","music","2026-06-27 17:00:00","2026-06-27 21:00:00","2026-06-27 22:30:00",false,false,false,"[PREMIUM]","[PREMIUM]","[PREMIUM]","[PREMIUM]","[PREMIUM]","[PREMIUM]",false,false,"5e2a322b4514610039ceaceb","['5d72e90a297a25003793ef3f']","[PREMIUM]","[PREMIUM]"
"699774919f34aac385bd5172","2026-04-04 12:09:33.361","2026-04-17 12:43:31.647","699774919f34aac385bd5172","Philadelphia Orchestra - The Wizard of Oz in Concert","music","2026-06-27 14:00:00","2026-06-27 18:00:00","2026-06-27 18:00:00",false,false,false,"[PREMIUM]","[PREMIUM]","[PREMIUM]","[PREMIUM]","[PREMIUM]","[PREMIUM]",false,false,"6778772fee86fcaefb9daa22","['65f289e1241dd00f1d22086a']","[PREMIUM]","[PREMIUM]"
"699771947340e52b2c218b55","2026-04-04 12:09:33.361","2026-04-17 12:43:31.647","699771947340e52b2c218b55","moe.","music","2026-06-27 19:00:00","2026-06-28 01:00:00","2026-06-28 02:00:00",false,false,false,"[PREMIUM]","[PREMIUM]","[PREMIUM]","[PREMIUM]","[PREMIUM]","[PREMIUM]",false,true,"67e3124b8a533eebfb2123a1","['5952e69925f2c578f06ac197']","[PREMIUM]","[PREMIUM]"
"6996ff94704cc105feead44a","2026-04-04 12:09:33.361","2026-04-17 12:43:24.389","6996ff94704cc105feead44a","The Magic of Eric Eaton (21+ Event)","comedy","2026-06-27 00:00:00","2026-06-27 04:00:00","2026-06-27 04:00:00",false,true,false,"[PREMIUM]","[PREMIUM]","[PREMIUM]","[PREMIUM]","[PREMIUM]","[PREMIUM]",false,false,"6621841168236e0da4997685","['65d7cef6dd60bdb549fadaf9']","[PREMIUM]","[PREMIUM]"
"699679dcc0897df3481bdb4a","2026-04-04 12:09:33.361","2026-04-17 12:43:31.647","699679dcc0897df3481bdb4a","Adele Givens","comedy","2026-06-27 18:00:00","2026-06-27 22:00:00","2026-06-27 23:30:00",false,false,false,"[PREMIUM]","[PREMIUM]","[PREMIUM]","[PREMIUM]","[PREMIUM]","[PREMIUM]",false,true,"63c883c8ab09a60001d76f76","['6434782fbd4d550001ea6bd4']","[PREMIUM]","[PREMIUM]"
"699679dc9830442aca067f8e","2026-04-04 12:09:33.361","2026-04-17 12:43:24.389","699679dc9830442aca067f8e","Adele Givens","comedy","2026-06-26 21:45:00","2026-06-27 01:45:00","2026-06-27 03:15:00",false,false,false,"[PREMIUM]","[PREMIUM]","[PREMIUM]","[PREMIUM]","[PREMIUM]","[PREMIUM]",false,true,"63c883c8ab09a60001d76f76","['6434782fbd4d550001ea6bd4']","[PREMIUM]","[PREMIUM]"
"6996739120560580a7e62e60","2026-04-04 12:09:33.361","2026-04-17 12:43:31.647","6996739120560580a7e62e60","Ralph Barbosa","comedy","2026-06-27 19:00:00","2026-06-28 01:00:00","2026-06-28 02:30:00",false,false,false,"[PREMIUM]","[PREMIUM]","[PREMIUM]","[PREMIUM]","[PREMIUM]","[PREMIUM]",false,false,"678af1ee9a6590225ca73a08","['64077234f18f310001833076']","[PREMIUM]","[PREMIUM]"
"69963fa3ad3deb02d34df071","2026-04-04 12:09:33.361","2026-04-17 12:43:31.647","69963fa3ad3deb02d34df071","RX Bandits","music","2026-06-27 18:30:00","2026-06-28 01:30:00","2026-06-28 03:00:00",false,false,false,"[PREMIUM]","[PREMIUM]","[PREMIUM]","[PREMIUM]","[PREMIUM]","[PREMIUM]",false,false,"57d9ebde50575d33c87a6d45","['6233adcc4cd77c0001c5c386']","[PREMIUM]","[PREMIUM]"
"69950bf20aa7af9fadb7eb26","2026-04-04 12:09:33.361","2026-04-17 12:43:31.647","69950bf20aa7af9fadb7eb26","Santana and The Doobie Brothers","music","2026-06-27 19:00:00","2026-06-27 23:00:00","2026-06-28 00:00:00",false,false,false,"[PREMIUM]","[PREMIUM]","[PREMIUM]","[PREMIUM]","[PREMIUM]","[PREMIUM]",false,false,"5b731df9e100890012e8730c","['569fdf93f80c4107cf000004','5b5f5964aa4124001364f1c2']","[PREMIUM]","[PREMIUM]"
"69950b032794a218c19f46e6","2026-04-04 12:09:33.361","2026-04-17 12:43:31.647","69950b032794a218c19f46e6","Augustana and Phantom Planet","music","2026-06-27 19:00:00","2026-06-28 02:00:00","2026-06-28 03:30:00",false,false,false,"[PREMIUM]","[PREMIUM]","[PREMIUM]","[PREMIUM]","[PREMIUM]","[PREMIUM]",false,false,"634db8d576f0420001dc7c93","['5d56d00db163af0037df044a']","[PREMIUM]","[PREMIUM]"
"69950ad00777d4e3760adf7a","2026-04-04 12:09:33.361","2026-04-17 12:43:31.647","69950ad00777d4e3760adf7a","Bulls Bands and Barrels Summer Jam - Saturday","music","2026-06-27 17:30:00","2026-06-27 22:30:00","2026-06-27 22:30:00",false,false,false,"[PREMIUM]","[PREMIUM]","[PREMIUM]","[PREMIUM]","[PREMIUM]","[PREMIUM]",false,false,"65ca6da6276c847beda97437","['673fc300d89d998bc4444b88']","[PREMIUM]","[PREMIUM]"
"69950983000c2abcff7b5b56","2026-04-04 12:09:33.361","2026-04-17 12:43:31.647","69950983000c2abcff7b5b56","Young the Giant","music","2026-06-27 18:30:00","2026-06-27 23:30:00","2026-06-28 00:30:00",false,false,false,"[PREMIUM]","[PREMIUM]","[PREMIUM]","[PREMIUM]","[PREMIUM]","[PREMIUM]",false,false,"57c09127f80c412d743f40ba","['57ad40cdf80c4116d2893fe5']","[PREMIUM]","[PREMIUM]"
"69940c1399ed9d5e096ca56e","2026-04-04 12:09:33.361","2026-04-17 12:43:24.389","69940c1399ed9d5e096ca56e","Bubba Dub (21+ Event)","comedy","2026-06-26 21:30:00","2026-06-27 01:30:00","2026-06-27 01:30:00",false,false,false,"[PREMIUM]","[PREMIUM]","[PREMIUM]","[PREMIUM]","[PREMIUM]","[PREMIUM]",false,true,"63e3f7f3c15a660001d13efc","['667db2ecc921d7503b4d6f8b']","[PREMIUM]","[PREMIUM]"
"69940aba1b197e9232dde9ca","2026-04-04 12:09:33.361","2026-04-17 12:43:31.647","69940aba1b197e9232dde9ca","Radel Ortiz","comedy","2026-06-27 18:30:00","2026-06-27 22:30:00","2026-06-27 22:30:00",false,false,false,"[PREMIUM]","[PREMIUM]","[PREMIUM]","[PREMIUM]","[PREMIUM]","[PREMIUM]",false,true,"630e81dbff97930001bcff27","['664b9bdebe116758cec4183d']","[PREMIUM]","[PREMIUM]"
"699407457ab1e1e45c806be1","2026-04-04 12:09:33.361","2026-04-17 12:43:24.389","699407457ab1e1e45c806be1","Sommore (21+ Event)","comedy","2026-06-26 21:45:00","2026-06-27 01:45:00","2026-06-27 03:15:00",false,false,false,"[PREMIUM]","[PREMIUM]","[PREMIUM]","[PREMIUM]","[PREMIUM]","[PREMIUM]",false,true,"63c87971044d22000160e516","['5c8fe30cc621c90017a2d3ce']","[PREMIUM]","[PREMIUM]"
"69940745092daa0a063c23ec","2026-04-04 12:09:33.361","2026-04-17 12:43:31.647","69940745092daa0a063c23ec","Sommore","comedy","2026-06-27 18:30:00","2026-06-27 22:30:00","2026-06-28 00:00:00",false,false,false,"[PREMIUM]","[PREMIUM]","[PREMIUM]","[PREMIUM]","[PREMIUM]","[PREMIUM]",false,true,"63c87971044d22000160e516","['5c8fe30cc621c90017a2d3ce']","[PREMIUM]","[PREMIUM]"
"69939919c220bd198027156b","2026-04-04 12:09:33.361","2026-04-17 12:43:31.647","69939919c220bd198027156b","Bubba Dub","comedy","2026-06-27 18:30:00","2026-06-27 22:30:00","2026-06-27 22:30:00",false,false,false,"[PREMIUM]","[PREMIUM]","[PREMIUM]","[PREMIUM]","[PREMIUM]","[PREMIUM]",false,true,"6621841168236e0da4997685","['667db2ecc921d7503b4d6f8b']","[PREMIUM]","[PREMIUM]"
"6993432ca47b9bd459c1c6a7","2026-04-04 12:09:33.361","2026-04-17 12:43:31.647","6993432ca47b9bd459c1c6a7","Heathers - The Musical","theater","2026-06-27 14:00:00","2026-06-27 18:00:00","2026-06-27 18:00:00",false,false,false,"[PREMIUM]","[PREMIUM]","[PREMIUM]","[PREMIUM]","[PREMIUM]","[PREMIUM]",false,false,"5a74ba8ebf2ea1000ff1a72e","['67ec653f9bad3060039b0712']","[PREMIUM]","[PREMIUM]"
"6993432c54a565ac679c6ca7","2026-04-04 12:09:33.361","2026-04-17 12:43:31.647","6993432c54a565ac679c6ca7","Heathers - The Musical","theater","2026-06-27 19:30:00","2026-06-27 23:30:00","2026-06-27 23:30:00",false,false,false,"[PREMIUM]","[PREMIUM]","[PREMIUM]","[PREMIUM]","[PREMIUM]","[PREMIUM]",false,true,"5a74ba8ebf2ea1000ff1a72e","['67ec653f9bad3060039b0712']","[PREMIUM]","[PREMIUM]"
"6992b7d4628b97eb947453ff","2026-04-04 12:09:33.361","2026-04-17 12:43:24.389","6992b7d4628b97eb947453ff","Tony Roberts","comedy","2026-06-26 21:45:00","2026-06-27 01:45:00","2026-06-27 03:15:00",false,false,false,"[PREMIUM]","[PREMIUM]","[PREMIUM]","[PREMIUM]","[PREMIUM]","[PREMIUM]",false,true,"658f44cfef3afe32713d739a","['62448c5ad858e20001f61813']","[PREMIUM]","[PREMIUM]"
"6992b7d40b3853550948d492","2026-04-04 12:09:33.361","2026-04-17 12:43:31.647","6992b7d40b3853550948d492","Tony Roberts","comedy","2026-06-27 18:30:00","2026-06-27 22:30:00","2026-06-28 00:00:00",false,false,false,"[PREMIUM]","[PREMIUM]","[PREMIUM]","[PREMIUM]","[PREMIUM]","[PREMIUM]",false,true,"658f44cfef3afe32713d739a","['62448c5ad858e20001f61813']","[PREMIUM]","[PREMIUM]"
"6990bbc15e5133a8809a1bae","2026-04-04 12:09:33.361","2026-04-17 12:43:31.647","6990bbc15e5133a8809a1bae","Lil Duval","comedy","2026-06-27 18:00:00","2026-06-27 22:00:00","2026-06-27 22:00:00",false,false,false,"[PREMIUM]","[PREMIUM]","[PREMIUM]","[PREMIUM]","[PREMIUM]","[PREMIUM]",false,true,"63e3f44b8335320001d29195","['6491f8fd9e6c540001929583']","[PREMIUM]","[PREMIUM]"
"698fdb7c9fb689df8973a86c","2026-04-04 12:09:33.361","2026-04-17 12:43:31.647","698fdb7c9fb689df8973a86c","Goldfinger","music","2026-06-27 16:00:00","2026-06-27 21:00:00","2026-06-27 22:30:00",false,false,false,"[PREMIUM]","[PREMIUM]","[PREMIUM]","[PREMIUM]","[PREMIUM]","[PREMIUM]",false,false,"57eabf5acde6626ebe3a4ae9","['63348f995f60bc000170765f']","[PREMIUM]","[PREMIUM]"
"698f6cc1d51849a0fce50c42","2026-04-04 12:09:33.361","2026-04-17 12:43:31.647","698f6cc1d51849a0fce50c42","Steve Byrne","comedy","2026-06-27 19:00:00","2026-06-28 02:00:00","2026-06-28 03:30:00",false,false,false,"[PREMIUM]","[PREMIUM]","[PREMIUM]","[PREMIUM]","[PREMIUM]","[PREMIUM]",false,true,"63d454a2b6b21d00012b0562","['617b2e370ffdf90001e6d8d7']","[PREMIUM]","[PREMIUM]"
"698e05615994a58525c835dc","2026-04-04 12:09:33.361","2026-04-17 12:43:31.647","698e05615994a58525c835dc","Hilary Duff","music","2026-06-27 19:00:00","2026-06-28 00:00:00","2026-06-28 00:00:00",false,false,false,"[PREMIUM]","[PREMIUM]","[PREMIUM]","[PREMIUM]","[PREMIUM]","[PREMIUM]",false,false,"57881985f80c417d6dd45d99","['691268e239cbc0905ca39d63']","[PREMIUM]","[PREMIUM]"
"698d5393feb964d9c2c5d363","2026-04-04 12:09:33.361","2026-04-17 12:43:24.389","698d5393feb964d9c2c5d363","A Raisin in the Sun","theater","2026-06-26 19:30:00","2026-06-27 02:30:00","2026-06-27 03:30:00",false,false,false,"[PREMIUM]","[PREMIUM]","[PREMIUM]","[PREMIUM]","[PREMIUM]","[PREMIUM]",false,false,"67e4618ebdcf27059b240957","['5a611a5225f2c558ebe0d9f4']","[PREMIUM]","[PREMIUM]"
"698cb1ee6b71925119a2d065","2026-04-04 12:09:33.361","2026-04-17 12:43:31.647","698cb1ee6b71925119a2d065","Ben Schwartz","comedy","2026-06-27 19:00:00","2026-06-28 01:00:00","2026-06-28 02:30:00",false,false,false,"[PREMIUM]","[PREMIUM]","[PREMIUM]","[PREMIUM]","[PREMIUM]","[PREMIUM]",false,false,"5a0a099927e1a60013db1220","['624484bdfd4063000160ad05']","[PREMIUM]","[PREMIUM]"
"698bd27ac8966c2404d28b24","2026-04-04 12:09:33.361","2026-04-17 12:43:31.647","698bd27ac8966c2404d28b24","Gabriel Iglesias","comedy","2026-06-27 18:00:00","2026-06-28 00:00:00","2026-06-28 01:00:00",false,false,false,"[PREMIUM]","[PREMIUM]","[PREMIUM]","[PREMIUM]","[PREMIUM]","[PREMIUM]",false,false,"67ae8c068ff7484ba59a98bc","['59024aadf80c41545bf69f79']","[PREMIUM]","[PREMIUM]"
"698bd15bcf115771df02cafc","2026-04-04 12:09:33.361","2026-04-17 12:43:31.647","698bd15bcf115771df02cafc","Riverdance 30 - The New Generation","theater","2026-06-27 14:00:00","2026-06-27 18:00:00","2026-06-27 18:00:00",false,false,false,"[PREMIUM]","[PREMIUM]","[PREMIUM]","[PREMIUM]","[PREMIUM]","[PREMIUM]",false,false,"57b39ea3f80c411b89b0b835","['660edf87e888bc2ee59205ca']","[PREMIUM]","[PREMIUM]"
"698bce26e8742c44367a3c9e","2026-04-04 12:09:33.361","2026-04-17 12:43:31.647","698bce26e8742c44367a3c9e","2026 Palm Tree Music Festival - Saturday","music","2026-06-27 15:00:00","2026-06-27 19:00:00","2026-06-28 00:00:00",false,false,false,"[PREMIUM]","[PREMIUM]","[PREMIUM]","[PREMIUM]","[PREMIUM]","[PREMIUM]",false,true,"67e3123ffb7a857ce694076c","['66048e1bed22864113f946f8']","[PREMIUM]","[PREMIUM]"
"698a437dfab4446daa66a974","2026-04-04 12:09:33.361","2026-04-17 12:43:31.647","698a437dfab4446daa66a974","Ryan Hamilton","comedy","2026-06-27 18:00:00","2026-06-27 22:00:00","2026-06-27 23:30:00",false,false,false,"[PREMIUM]","[PREMIUM]","[PREMIUM]","[PREMIUM]","[PREMIUM]","[PREMIUM]",false,true,"676210bd6f35776e7958c72f","['62fecf180f1bfa00012c740d']","[PREMIUM]","[PREMIUM]"
"698a437dacc25169a9c384ce","2026-04-04 12:09:33.361","2026-04-17 12:43:24.389","698a437dacc25169a9c384ce","Ryan Hamilton","comedy","2026-06-26 21:30:00","2026-06-27 01:30:00","2026-06-27 03:00:00",false,false,false,"[PREMIUM]","[PREMIUM]","[PREMIUM]","[PREMIUM]","[PREMIUM]","[PREMIUM]",false,true,"676210bd6f35776e7958c72f","['62fecf180f1bfa00012c740d']","[PREMIUM]","[PREMIUM]"
"698a409facc25169a9c383d5","2026-04-04 12:09:33.361","2026-04-17 12:43:31.647","698a409facc25169a9c383d5","Edwin McCain","music","2026-06-27 19:30:00","2026-06-28 00:30:00","2026-06-28 00:30:00",false,false,false,"[PREMIUM]","[PREMIUM]","[PREMIUM]","[PREMIUM]","[PREMIUM]","[PREMIUM]",false,true,"67e3124159d557a32af058c3","['67803ab80ec9a64723c0a785']","[PREMIUM]","[PREMIUM]"
"6988d83a0afa4af1bdef9b06","2026-04-04 12:09:33.361","2026-04-17 12:43:24.389","6988d83a0afa4af1bdef9b06","Somebody to Love - Queen Tribute","comedy","2026-06-26 19:30:00","2026-06-26 23:30:00","2026-06-26 23:30:00",false,false,false,"[PREMIUM]","[PREMIUM]","[PREMIUM]","[PREMIUM]","[PREMIUM]","[PREMIUM]",false,false,"6830f94b7d310e85095493cd","['64bad0747a071e0001708fef']","[PREMIUM]","[PREMIUM]"
"6988d3ce5ddf5d655aafef77","2026-04-04 12:09:33.361","2026-04-17 12:43:31.647","6988d3ce5ddf5d655aafef77","Robyn","music","2026-06-27 18:30:00","2026-06-27 22:30:00","2026-06-28 00:00:00",false,false,false,"[PREMIUM]","[PREMIUM]","[PREMIUM]","[PREMIUM]","[PREMIUM]","[PREMIUM]",false,false,"677ef073927ba56a57bcbee3","['5c0ef085d743fd0015069186']","[PREMIUM]","[PREMIUM]"
"69858df133408fc4c7045cef","2026-04-04 12:09:33.361","2026-04-17 12:43:31.647","69858df133408fc4c7045cef","Moulin Rouge","theater","2026-06-27 14:00:00","2026-06-27 18:00:00","2026-06-27 19:30:00",false,false,false,"[PREMIUM]","[PREMIUM]","[PREMIUM]","[PREMIUM]","[PREMIUM]","[PREMIUM]",false,false,"58237ceecde6626ebe51114f","['645a7e2034171a0001a810d1']","[PREMIUM]","[PREMIUM]"
"6983ff22045508f2c14b3006","2026-04-04 12:09:33.361","2026-04-17 12:43:31.647","6983ff22045508f2c14b3006","The Wallflowers","music","2026-06-27 19:00:00","2026-06-28 01:00:00","2026-06-28 02:30:00",false,false,false,"[PREMIUM]","[PREMIUM]","[PREMIUM]","[PREMIUM]","[PREMIUM]","[PREMIUM]",false,true,"67e312543d30140f80c0e456","['625607a9c838970001f768d1']","[PREMIUM]","[PREMIUM]"
"6983fe77ab36ff2d9947fb89","2026-04-04 12:09:33.361","2026-04-17 12:43:31.647","6983fe77ab36ff2d9947fb89","The Bacon Brothers","music","2026-06-27 19:30:00","2026-06-28 02:30:00","2026-06-28 04:00:00",false,false,false,"[PREMIUM]","[PREMIUM]","[PREMIUM]","[PREMIUM]","[PREMIUM]","[PREMIUM]",false,true,"67e31259ba6d226a637f81f1","['61e1d3bde904ec0001197abe']","[PREMIUM]","[PREMIUM]"
"6983fcf9d78ba50e0f0382ed","2026-04-04 12:09:33.361","2026-04-17 12:43:24.389","6983fcf9d78ba50e0f0382ed","Premier Lacrosse League","lax","2026-06-27 13:00:00","2026-06-27 20:00:00","2026-06-27 20:45:00",false,false,false,"[PREMIUM]","[PREMIUM]","[PREMIUM]","[PREMIUM]","[PREMIUM]","[PREMIUM]",false,false,"5b23f6562c797c00121aebfc","['5cedbe2799c23b001a396b9c']","[PREMIUM]","[PREMIUM]"
"6983fcf9330458dfbff1cdba","2026-04-04 12:09:33.361","2026-04-17 12:43:24.389","6983fcf9330458dfbff1cdba","Premier Lacrosse League - 2 Day Pass (6/27 - 6/28)","lax","2026-06-27 11:00:00","2026-06-27 18:00:00","2026-06-27 18:45:00",false,false,false,"[PREMIUM]","[PREMIUM]","[PREMIUM]","[PREMIUM]","[PREMIUM]","[PREMIUM]",false,false,"5b23f6562c797c00121aebfc","['5cedbe2799c23b001a396b9c']","[PREMIUM]","[PREMIUM]"
"6983fcf92a9dbab7b0ebdf44","2026-04-04 12:09:33.361","2026-04-17 12:43:31.647","6983fcf92a9dbab7b0ebdf44","Premier Lacrosse League","lax","2026-06-27 17:30:00","2026-06-28 00:30:00","2026-06-28 01:15:00",false,false,false,"[PREMIUM]","[PREMIUM]","[PREMIUM]","[PREMIUM]","[PREMIUM]","[PREMIUM]",false,false,"5b23f6562c797c00121aebfc","['5cedbe2799c23b001a396b9c']","[PREMIUM]","[PREMIUM]"
"698242a1b5efed5f38ddba25","2026-04-04 12:09:33.361","2026-04-17 12:43:31.647","698242a1b5efed5f38ddba25","Paul Simon","music","2026-06-27 19:30:00","2026-06-27 23:30:00","2026-06-28 00:30:00",false,false,false,"[PREMIUM]","[PREMIUM]","[PREMIUM]","[PREMIUM]","[PREMIUM]","[PREMIUM]",false,false,"65f4ca64a9c3f9ed3e462dd1","['58d18a6af80c413e86dc50ee']","[PREMIUM]","[PREMIUM]"
"69822706be953fbf7109f2b9","2026-04-04 12:09:33.361","2026-04-17 12:43:31.647","69822706be953fbf7109f2b9","Don Toliver","music","2026-06-27 19:30:00","2026-06-28 02:30:00","2026-06-28 04:00:00",false,false,false,"[PREMIUM]","[PREMIUM]","[PREMIUM]","[PREMIUM]","[PREMIUM]","[PREMIUM]",false,false,"52618c753bf3760b9c000006","['61253442329f88000129f5bd']","[PREMIUM]","[PREMIUM]"
"69817d0c2c9adb7c2f98de08","2026-04-04 12:09:33.361","2026-04-17 12:43:31.647","69817d0c2c9adb7c2f98de08","Marc Maron","comedy","2026-06-27 18:00:00","2026-06-28 01:00:00","2026-06-28 02:00:00",false,false,false,"[PREMIUM]","[PREMIUM]","[PREMIUM]","[PREMIUM]","[PREMIUM]","[PREMIUM]",false,true,"648cd95a348f230001edaf67","['58a7935cf80c41494ff7ce4d']","[PREMIUM]","[PREMIUM]"
"69817c9cbf19d8accbd3439f","2026-04-04 12:09:33.361","2026-04-17 12:43:31.647","69817c9cbf19d8accbd3439f","Godsmack","music","2026-06-27 19:00:00","2026-06-27 23:00:00","2026-06-28 00:30:00",false,false,false,"[PREMIUM]","[PREMIUM]","[PREMIUM]","[PREMIUM]","[PREMIUM]","[PREMIUM]",false,false,"57631caef80c41449a7c440e","['5b196c4b530ed50013153f7a']","[PREMIUM]","[PREMIUM]"
"6981773c659a83e325276d14","2026-04-04 12:09:33.361","2026-04-17 12:43:31.647","6981773c659a83e325276d14","Mesquite Championship Rodeo","pbr","2026-06-27 19:30:00","2026-06-28 00:30:00","2026-06-28 00:30:00",false,false,false,"[PREMIUM]","[PREMIUM]","[PREMIUM]","[PREMIUM]","[PREMIUM]","[PREMIUM]",false,false,"67e31256710d76ba046db87e","['67ed44b5f253088deef2d5e0']","[PREMIUM]","[PREMIUM]"
"6980ee4aba34654e3dc911ca","2026-04-04 12:09:33.361","2026-04-17 12:43:31.647","6980ee4aba34654e3dc911ca","Chicago - The Musical","theater","2026-06-27 14:30:00","2026-06-27 18:30:00","2026-06-27 19:30:00",false,false,false,"[PREMIUM]","[PREMIUM]","[PREMIUM]","[PREMIUM]","[PREMIUM]","[PREMIUM]",false,false,"5a6a60a14804dd000f5e3bb4","['5a611a5225f2c558ebe0d9f4']","[PREMIUM]","[PREMIUM]"
"697fef3f49b595cd18563b67","2026-04-04 12:09:33.361","2026-04-17 12:43:31.647","697fef3f49b595cd18563b67","Mo Lowda and the Humble","music","2026-06-27 18:00:00","2026-06-27 22:00:00","2026-06-27 23:30:00",false,false,false,"[PREMIUM]","[PREMIUM]","[PREMIUM]","[PREMIUM]","[PREMIUM]","[PREMIUM]",false,true,"66202a06e253cde1260250b2","['5e21f609e6c808003b128c17']","[PREMIUM]","[PREMIUM]"
"697fee43433dfd3e9407fcea","2026-04-04 12:09:33.361","2026-04-17 12:43:31.647","697fee43433dfd3e9407fcea","Dublins Irish Tenors and The Celtic Ladies","music","2026-06-27 14:00:00","2026-06-27 19:00:00","2026-06-27 19:00:00",false,false,false,"[PREMIUM]","[PREMIUM]","[PREMIUM]","[PREMIUM]","[PREMIUM]","[PREMIUM]",false,false,"67e45e346e485480c5b61131","['66998495261e5b8d46780f5a']","[PREMIUM]","[PREMIUM]"
"697c148a3f6d8925edd1c15f","2026-04-04 12:09:33.361","2026-04-17 12:43:31.647","697c148a3f6d8925edd1c15f","& Juliet","theater","2026-06-27 14:00:00","2026-06-27 18:00:00","2026-06-27 18:00:00",false,false,false,"[PREMIUM]","[PREMIUM]","[PREMIUM]","[PREMIUM]","[PREMIUM]","[PREMIUM]",false,false,"6619b40b5ea49b643d5f9e30","['648b490a85ab3300016fc5df']","[PREMIUM]","[PREMIUM]"
"697c148a2ad371010bde6c40","2026-04-04 12:09:33.361","2026-04-17 12:43:31.647","697c148a2ad371010bde6c40","& Juliet","theater","2026-06-27 19:30:00","2026-06-27 23:30:00","2026-06-27 23:30:00",false,false,false,"[PREMIUM]","[PREMIUM]","[PREMIUM]","[PREMIUM]","[PREMIUM]","[PREMIUM]",false,false,"6619b40b5ea49b643d5f9e30","['648b490a85ab3300016fc5df']","[PREMIUM]","[PREMIUM]"
"697938f3b0ffea01d206d345","2026-04-04 12:09:33.361","2026-04-17 12:43:31.647","697938f3b0ffea01d206d345","Dillstradamus B2B Flosstradamus","music","2026-06-27 19:30:00","2026-06-28 02:30:00","2026-06-28 04:00:00",false,false,false,"[PREMIUM]","[PREMIUM]","[PREMIUM]","[PREMIUM]","[PREMIUM]","[PREMIUM]",false,false,"56345e97f80c413454000001","['5bfdb3f96754a2001665e771']","[PREMIUM]","[PREMIUM]"
"69791e0d9a608901b6cf8f8c","2026-04-04 12:09:33.361","2026-04-17 12:43:31.647","69791e0d9a608901b6cf8f8c","America","music","2026-06-27 19:00:00","2026-06-28 00:00:00","2026-06-28 01:30:00",false,false,false,"[PREMIUM]","[PREMIUM]","[PREMIUM]","[PREMIUM]","[PREMIUM]","[PREMIUM]",false,false,"56392625f80c41167e000002","['5d71f4c0774e660038d6976b']","[PREMIUM]","[PREMIUM]"
"697900ae4009225bc0c85a74","2026-04-04 12:09:33.361","2026-04-17 12:43:31.647","697900ae4009225bc0c85a74","Dave Matthews Band","music","2026-06-27 19:30:00","2026-06-28 02:30:00","2026-06-28 03:30:00",false,false,false,"[PREMIUM]","[PREMIUM]","[PREMIUM]","[PREMIUM]","[PREMIUM]","[PREMIUM]",false,false,"587eacfccde6626ebe1a44f0","['588fda3af80c415143de9792']","[PREMIUM]","[PREMIUM]"
"6978ca4ec3dc78b182079bdd","2026-04-04 12:09:33.361","2026-04-17 12:43:31.647","6978ca4ec3dc78b182079bdd","Just in Time","theater","2026-06-27 14:00:00","2026-06-27 18:00:00","2026-06-27 18:00:00",false,false,false,"[PREMIUM]","[PREMIUM]","[PREMIUM]","[PREMIUM]","[PREMIUM]","[PREMIUM]",false,true,"6628123b0eba398f8d469990","['677d98cbe0e587b1d3ee9d7e']","[PREMIUM]","[PREMIUM]"
"6977ebd3480c90147c0d2a9a","2026-04-04 12:09:33.361","2026-04-17 12:43:31.647","6977ebd3480c90147c0d2a9a","Goose","music","2026-06-27 19:00:00","2026-06-27 23:00:00","2026-06-28 00:30:00",false,false,false,"[PREMIUM]","[PREMIUM]","[PREMIUM]","[PREMIUM]","[PREMIUM]","[PREMIUM]",false,false,"5a3af43009574700104f66cb","['613a3c84fa51a100016350ac']","[PREMIUM]","[PREMIUM]"
"6977e9e63f72de18e227a9a9","2026-04-04 12:09:33.361","2026-04-17 12:43:31.647","6977e9e63f72de18e227a9a9","Lionel Richie with Earth Wind and Fire","music","2026-06-27 19:30:00","2026-06-27 23:30:00","2026-06-28 00:30:00",false,false,false,"[PREMIUM]","[PREMIUM]","[PREMIUM]","[PREMIUM]","[PREMIUM]","[PREMIUM]",false,false,"54da9fc164f962089b000004","['58503298f80c416f65722aa2','58fe991af80c4134f0630852']","[PREMIUM]","[PREMIUM]"
"6977cdd6f01d46ca24c52db4","2026-04-04 12:09:33.361","2026-04-17 12:43:24.389","6977cdd6f01d46ca24c52db4","Beautiful - The Carole King Musical","theater","2026-06-27 13:00:00","2026-06-27 17:00:00","2026-06-27 18:00:00",false,false,false,"[PREMIUM]","[PREMIUM]","[PREMIUM]","[PREMIUM]","[PREMIUM]","[PREMIUM]",false,true,"658b6bd16c495a188b655dce","['585b0620f80c417e513d21b5']","[PREMIUM]","[PREMIUM]"
"6977cdd6523fb562cea9b654","2026-04-04 12:09:33.361","2026-04-17 12:43:31.647","6977cdd6523fb562cea9b654","Beautiful - The Carole King Musical","theater","2026-06-27 18:00:00","2026-06-27 22:00:00","2026-06-27 23:00:00",false,false,false,"[PREMIUM]","[PREMIUM]","[PREMIUM]","[PREMIUM]","[PREMIUM]","[PREMIUM]",false,true,"658b6bd16c495a188b655dce","['585b0620f80c417e513d21b5']","[PREMIUM]","[PREMIUM]"
"6977b53a480c90147c0d163d","2026-04-04 12:09:33.361","2026-04-17 12:43:31.647","6977b53a480c90147c0d163d","Harry Styles","music","2026-06-27 17:00:00","2026-06-27 21:00:00","2026-06-27 22:00:00",false,false,false,"[PREMIUM]","[PREMIUM]","[PREMIUM]","[PREMIUM]","[PREMIUM]","[PREMIUM]",false,false,"631bc3a9453fbb00011cd54f","['5907a9ddf80c410d5002b70d']","[PREMIUM]","[PREMIUM]"
"6977a96ad749b0d44a5facec","2026-04-04 12:09:33.361","2026-04-17 12:43:31.647","6977a96ad749b0d44a5facec","Kid Cudi","music","2026-06-27 18:30:00","2026-06-28 01:30:00","2026-06-28 02:30:00",false,false,false,"[PREMIUM]","[PREMIUM]","[PREMIUM]","[PREMIUM]","[PREMIUM]","[PREMIUM]",false,false,"56d73da8f80c416b41000001","['564e28f8f80c415960000002']","[PREMIUM]","[PREMIUM]"
"6973dbe3f90879b2824384e2","2026-04-04 12:09:33.361","2026-04-17 12:43:31.647","6973dbe3f90879b2824384e2","Iration and Tribal Seeds","music","2026-06-27 18:30:00","2026-06-28 01:30:00","2026-06-28 02:30:00",false,false,false,"[PREMIUM]","[PREMIUM]","[PREMIUM]","[PREMIUM]","[PREMIUM]","[PREMIUM]",false,false,"5e41b2fa3a4508003bee75eb","['582cbd4ff80c41575eaf8e8a']","[PREMIUM]","[PREMIUM]"
"6972c7b5d42617e0fbe7bf28","2026-04-04 12:09:33.361","2026-04-17 12:43:31.647","6972c7b5d42617e0fbe7bf28","Ian Munsick","music","2026-06-27 18:00:00","2026-06-28 00:00:00","2026-06-28 01:30:00",false,false,false,"[PREMIUM]","[PREMIUM]","[PREMIUM]","[PREMIUM]","[PREMIUM]","[PREMIUM]",false,true,"689666b346f3fbd64496adb9","['63890425b396380001f2bb73']","[PREMIUM]","[PREMIUM]"
"6972be0d033a26fe975dd980","2026-04-04 12:09:33.361","2026-04-17 12:43:24.389","6972be0d033a26fe975dd980","Amir K","comedy","2026-06-26 21:45:00","2026-06-27 04:45:00","2026-06-27 06:15:00",false,false,false,"[PREMIUM]","[PREMIUM]","[PREMIUM]","[PREMIUM]","[PREMIUM]","[PREMIUM]",false,false,"615f24603f8dfc0001507a90","['6206f379ba90dd0001d87055']","[PREMIUM]","[PREMIUM]"
"69718fc43a80f25326b2a577","2026-04-04 12:09:33.361","2026-04-17 12:43:31.647","69718fc43a80f25326b2a577","Crown Legacy FC at Atlanta United 2","usl","2026-06-27 19:00:00","2026-06-27 23:00:00","2026-06-28 00:30:00",false,false,false,"[PREMIUM]","[PREMIUM]","[PREMIUM]","[PREMIUM]","[PREMIUM]","[PREMIUM]",false,true,"69263f80865482b9ce9aba12","['5a946a7dd5b2150013f63f17','642cb91647673b0001cc4526']","[PREMIUM]","[PREMIUM]"
"69718e237c3ad2d4cc439d67","2026-04-04 12:09:33.361","2026-04-17 12:43:24.389","69718e237c3ad2d4cc439d67","San Jose Earthquakes II at Portland Timbers 2","mils","2026-06-27 13:00:00","2026-06-27 20:00:00","2026-06-27 21:30:00",false,false,false,"[PREMIUM]","[PREMIUM]","[PREMIUM]","[PREMIUM]","[PREMIUM]","[PREMIUM]",false,false,"542f261e3bf37665b8000001","['5a94592425f2c54fdef92ecc','6238d7bf2ad6760001a19068']","[PREMIUM]","[PREMIUM]"
"69718da9de0409e5e4a11816","2026-04-04 12:09:33.361","2026-04-17 12:43:31.647","69718da9de0409e5e4a11816","Atlanta Dream at Seattle Storm","wnba","2026-06-27 18:00:00","2026-06-28 01:00:00","2026-06-28 01:45:00",false,false,false,"[PREMIUM]","[PREMIUM]","[PREMIUM]","[PREMIUM]","[PREMIUM]","[PREMIUM]",false,false,"5605e88bf80c416833000001","['59321f2a25f2c5142b9c19f6','596e68be25f2c5255b19e016']","[PREMIUM]","[PREMIUM]"
"69718d8f97f71f961acf1016","2026-04-04 12:09:33.361","2026-04-17 12:43:31.647","69718d8f97f71f961acf1016","Tacoma Defiance at Minnesota United FC 2","mils","2026-06-27 19:00:00","2026-06-28 00:00:00","2026-06-28 01:30:00",false,false,false,"[PREMIUM]","[PREMIUM]","[PREMIUM]","[PREMIUM]","[PREMIUM]","[PREMIUM]",false,false,"556cc2d14678da7a65000002","['623258e77bbae0000119100e','5ced973751253f00166f9e04']","[PREMIUM]","[PREMIUM]"
"69718cea0249fcb747dcdc1d","2026-04-04 12:09:33.361","2026-04-17 12:43:31.647","69718cea0249fcb747dcdc1d","Phoenix Mercury at Toronto Tempo","wnba","2026-06-27 14:00:00","2026-06-27 18:00:00","2026-06-27 19:30:00",false,false,false,"[PREMIUM]","[PREMIUM]","[PREMIUM]","[PREMIUM]","[PREMIUM]","[PREMIUM]",false,false,"5500dc9c64f9625d61000001","['6908f2110fd927c0268255fe','5967f08325f2c52b597fb024']","[PREMIUM]","[PREMIUM]"
"69718c9ea643408dc359c2be","2026-04-04 12:09:33.361","2026-04-17 12:43:24.389","69718c9ea643408dc359c2be","The Magic of Eric Eaton","comedy","2026-06-26 21:45:00","2026-06-27 01:45:00","2026-06-27 01:45:00",false,false,false,"[PREMIUM]","[PREMIUM]","[PREMIUM]","[PREMIUM]","[PREMIUM]","[PREMIUM]",false,true,"6621841168236e0da4997685","['65d7cef6dd60bdb549fadaf9']","[PREMIUM]","[PREMIUM]"
"69718bc47b979bb8f42a1893","2026-04-04 12:09:33.361","2026-04-17 12:43:31.647","69718bc47b979bb8f42a1893","Real Monarchs at Ventura County FC","mils","2026-06-27 16:00:00","2026-06-27 23:00:00","2026-06-27 23:00:00",false,false,false,"[PREMIUM]","[PREMIUM]","[PREMIUM]","[PREMIUM]","[PREMIUM]","[PREMIUM]",false,true,"69727b8fc73adf4104623f24","['667b26564c0cd5d792e6dd7f','5a94592425f2c54fdef92ec4']","[PREMIUM]","[PREMIUM]"
"69716e20115c2f3572ea196c","2026-04-04 12:09:33.361","2026-04-17 12:43:31.647","69716e20115c2f3572ea196c","Les Claypool - Claypool Gold","music","2026-06-27 19:00:00","2026-06-28 01:00:00","2026-06-28 02:30:00",false,false,false,"[PREMIUM]","[PREMIUM]","[PREMIUM]","[PREMIUM]","[PREMIUM]","[PREMIUM]",false,false,"646e5ed7480a740001d695c4","['63dd83c38b3a6900016dd8a1']","[PREMIUM]","[PREMIUM]"
"697156aff87aabcb40384a37","2026-04-04 12:09:33.361","2026-04-17 12:43:24.389","697156aff87aabcb40384a37","Alfred Robles","comedy","2026-06-26 21:30:00","2026-06-27 03:30:00","2026-06-27 03:30:00",false,false,false,"[PREMIUM]","[PREMIUM]","[PREMIUM]","[PREMIUM]","[PREMIUM]","[PREMIUM]",false,true,"67465c3f3652539b2c31c708","['65aa9c28418ee45ba736ca3c']","[PREMIUM]","[PREMIUM]"
"697156afe162f3c64d7ecc61","2026-04-04 12:09:33.361","2026-04-17 12:43:31.647","697156afe162f3c64d7ecc61","Alfred Robles","comedy","2026-06-27 18:30:00","2026-06-28 00:30:00","2026-06-28 00:30:00",false,false,false,"[PREMIUM]","[PREMIUM]","[PREMIUM]","[PREMIUM]","[PREMIUM]","[PREMIUM]",false,true,"67465c3f3652539b2c31c708","['65aa9c28418ee45ba736ca3c']","[PREMIUM]","[PREMIUM]"
"6971555d115c2f3572ea12af","2026-04-04 12:09:33.361","2026-04-17 12:43:31.647","6971555d115c2f3572ea12af","Pensacola Blue Wahoos at Chattanooga Lookouts","milb","2026-06-27 19:59:00","2026-06-27 23:59:00","2026-06-27 23:59:00",false,false,false,"[PREMIUM]","[PREMIUM]","[PREMIUM]","[PREMIUM]","[PREMIUM]","[PREMIUM]",false,false,"65396658f7f339c2d176e639","['649b6e6118b111000144344d','648ca25abbc0b10001f7dda5']","[PREMIUM]","[PREMIUM]"
"6971547851037f9784a443ea","2026-04-04 12:09:33.361","2026-04-17 12:43:31.647","6971547851037f9784a443ea","Beaches The Musical","theater","2026-06-27 14:00:00","2026-06-27 18:00:00","2026-06-27 18:00:00",false,false,false,"[PREMIUM]","[PREMIUM]","[PREMIUM]","[PREMIUM]","[PREMIUM]","[PREMIUM]",false,true,"5a6a6d8c87425e000fa260b6","['69c54b5e96907d16db3a70bb']","[PREMIUM]","[PREMIUM]"
"69703e2b3c60b069430b0eed","2026-04-04 12:09:33.361","2026-04-17 12:43:31.647","69703e2b3c60b069430b0eed","The Play That Goes Wrong","theater","2026-06-27 14:00:00","2026-06-27 18:00:00","2026-06-27 19:30:00",false,false,false,"[PREMIUM]","[PREMIUM]","[PREMIUM]","[PREMIUM]","[PREMIUM]","[PREMIUM]",false,false,"5a74ba8ebf2ea1000ff1a72e","['5a9db6206b71ed001376a8c0']","[PREMIUM]","[PREMIUM]"
"6970386597f71f961acea85d","2026-04-04 12:09:33.361","2026-04-17 12:43:24.389","6970386597f71f961acea85d","Bacon Brothers","music","2026-06-26 21:30:00","2026-06-27 04:30:00","2026-06-27 06:00:00",false,false,false,"[PREMIUM]","[PREMIUM]","[PREMIUM]","[PREMIUM]","[PREMIUM]","[PREMIUM]",false,true,"5e4ea839490b29003a8e51fd","['61e1d3bde904ec0001197abe']","[PREMIUM]","[PREMIUM]"
"6970375db325e6b6fbe490ea","2026-04-04 12:09:33.361","2026-04-17 12:43:31.647","6970375db325e6b6fbe490ea","Les Claypool - Claypool Gold","music","2026-06-27 19:00:00","2026-06-28 01:00:00","2026-06-28 02:00:00",false,false,false,"[PREMIUM]","[PREMIUM]","[PREMIUM]","[PREMIUM]","[PREMIUM]","[PREMIUM]",false,false,"646e5ed7480a740001d695c4","['58d9f25ef80c411e4bfafe47']","[PREMIUM]","[PREMIUM]"
"696fe9cf476a948626610a50","2026-04-04 12:09:33.361","2026-04-17 12:43:31.647","696fe9cf476a948626610a50","Ali Siddiq","comedy","2026-06-27 19:00:00","2026-06-28 00:00:00","2026-06-28 01:30:00",false,false,false,"[PREMIUM]","[PREMIUM]","[PREMIUM]","[PREMIUM]","[PREMIUM]","[PREMIUM]",false,true,"64066e4ac24bd4000173c865","['62058d3b4bf77600017915f2']","[PREMIUM]","[PREMIUM]"
"696fac963c60b069430ad468","2026-04-04 12:09:33.361","2026-04-17 12:43:31.647","696fac963c60b069430ad468","ASAP Rocky","music","2026-06-27 19:30:00","2026-06-28 02:30:00","2026-06-28 03:30:00",false,false,false,"[PREMIUM]","[PREMIUM]","[PREMIUM]","[PREMIUM]","[PREMIUM]","[PREMIUM]",false,false,"55d51982f80c41210c000002","['56392627f80c41167e000006']","[PREMIUM]","[PREMIUM]"
"696f7598434e2bfaf6491f78","2026-04-04 12:09:33.361","2026-04-17 12:43:31.647","696f7598434e2bfaf6491f78","Hello, Dolly","theater","2026-06-27 14:00:00","2026-06-27 18:00:00","2026-06-27 19:00:00",false,false,false,"[PREMIUM]","[PREMIUM]","[PREMIUM]","[PREMIUM]","[PREMIUM]","[PREMIUM]",false,false,"6841f307599456f1f55cfe3e","['582366c1f80c4135c844f8d2']","[PREMIUM]","[PREMIUM]"
"696d6072b5b35c3fb6a08508","2026-04-04 12:09:33.361","2026-04-17 12:43:24.389","696d6072b5b35c3fb6a08508","Subtronics","music","2026-06-27 11:00:00","2026-06-27 18:00:00","2026-06-27 19:30:00",false,false,false,"[PREMIUM]","[PREMIUM]","[PREMIUM]","[PREMIUM]","[PREMIUM]","[PREMIUM]",false,true,"60d612ff80ec48000131fa73","['5da4d515e57e7a0037a9c9cf']","[PREMIUM]","[PREMIUM]"
"696d5c47e7a08c2cfeff1db8","2026-04-04 12:09:33.361","2026-04-17 12:43:31.647","696d5c47e7a08c2cfeff1db8","Kelsy Karter and the Heroines","music","2026-06-27 19:00:00","2026-06-28 01:00:00","2026-06-28 02:30:00",false,false,false,"[PREMIUM]","[PREMIUM]","[PREMIUM]","[PREMIUM]","[PREMIUM]","[PREMIUM]",false,true,"5a20531c1a3204000fbdd8e4","['61fc53e7d7c091000152d89f']","[PREMIUM]","[PREMIUM]"
"696a84c6657eb32d012fc75c","2026-04-04 12:09:33.361","2026-04-17 12:43:24.389","696a84c6657eb32d012fc75c","Zedd","music","2026-06-26 22:30:00","2026-06-27 05:30:00","2026-06-27 06:30:00",false,false,false,"[PREMIUM]","[PREMIUM]","[PREMIUM]","[PREMIUM]","[PREMIUM]","[PREMIUM]",false,false,"65ab170dc542b45e7ed43b82","['5601e96bf80c412207000002']","[PREMIUM]","[PREMIUM]"
"6969a5493598c3d9a5cd193b","2026-04-04 12:09:33.361","2026-04-17 12:43:31.647","6969a5493598c3d9a5cd193b","San Antonio Gunslingers at Vegas Knight Hawks","afl","2026-06-27 18:00:00","2026-06-28 01:00:00","2026-06-28 02:30:00",false,false,false,"[PREMIUM]","[PREMIUM]","[PREMIUM]","[PREMIUM]","[PREMIUM]","[PREMIUM]",false,false,"62fbf509f54c6400011a8b5d","['6259fd72178cb3000148a458','656f892091ab4518fd82d8f7']","[PREMIUM]","[PREMIUM]"
"696989ab87e97adf56f9842e","2026-04-04 12:09:33.361","2026-04-17 12:43:31.647","696989ab87e97adf56f9842e","Death Becomes Her","theater","2026-06-27 14:00:00","2026-06-27 18:00:00","2026-06-27 18:00:00",false,false,false,"[PREMIUM]","[PREMIUM]","[PREMIUM]","[PREMIUM]","[PREMIUM]","[PREMIUM]",false,false,"64a70a819960a6000111ddd3","['65c3fbc090f4009660ceb094']","[PREMIUM]","[PREMIUM]"
"6969885e4c220ad1ec04d8cc","2026-04-04 12:09:33.361","2026-04-17 12:43:31.647","6969885e4c220ad1ec04d8cc","2026 Rock The Country - Saturday (Kid Rock, Treaty Oak Revival, Chris Janson)","music","2026-06-27 14:30:00","2026-06-27 19:30:00","2026-06-27 19:30:00",false,false,false,"[PREMIUM]","[PREMIUM]","[PREMIUM]","[PREMIUM]","[PREMIUM]","[PREMIUM]",false,true,"67901debd58eb89e2c51665b","['656e2e421f796cbd84f001f3','59f75fb625f2c57d5eeccaf9','64eb74cdfb38af0001ba4dfb','5d71ed9123bc070037d825c0']","[PREMIUM]","[PREMIUM]"
"69696d872b2f117f02c3a84e","2026-04-04 12:09:33.361","2026-04-17 12:43:31.647","69696d872b2f117f02c3a84e","Fishers Freight at Green Bay Blizzard","afl","2026-06-27 16:00:00","2026-06-27 21:00:00","2026-06-27 22:30:00",false,false,false,"[PREMIUM]","[PREMIUM]","[PREMIUM]","[PREMIUM]","[PREMIUM]","[PREMIUM]",false,false,"57d8b1f050575d33c8737912","['5e504c1701cb900038d8f55f','6733994d962031e51e7592c1']","[PREMIUM]","[PREMIUM]"
"69696af1d11cc13582568809","2026-04-04 12:09:33.361","2026-04-17 12:43:31.647","69696af1d11cc13582568809","Mojo Brookzz - Dyon Brooks","comedy","2026-06-27 19:00:00","2026-06-28 02:00:00","2026-06-28 02:00:00",false,false,false,"[PREMIUM]","[PREMIUM]","[PREMIUM]","[PREMIUM]","[PREMIUM]","[PREMIUM]",false,true,"6140f70d57ef78000189b752","['6605a5b4faf109389583d7ea']","[PREMIUM]","[PREMIUM]"
"69696af18e7737253e2b4749","2026-04-04 12:09:33.361","2026-04-17 12:43:24.389","69696af18e7737253e2b4749","Mojo Brookzz - Dyon Brooks","comedy","2026-06-26 21:45:00","2026-06-27 04:45:00","2026-06-27 04:45:00",false,false,false,"[PREMIUM]","[PREMIUM]","[PREMIUM]","[PREMIUM]","[PREMIUM]","[PREMIUM]",false,true,"6140f70d57ef78000189b752","['6605a5b4faf109389583d7ea']","[PREMIUM]","[PREMIUM]"
"69692e9be9cbacd2ca947061","2026-04-04 12:09:33.361","2026-04-17 12:43:31.647","69692e9be9cbacd2ca947061","Chris Stapleton","music","2026-06-27 19:30:00","2026-06-27 23:30:00","2026-06-28 00:30:00",false,false,false,"[PREMIUM]","[PREMIUM]","[PREMIUM]","[PREMIUM]","[PREMIUM]","[PREMIUM]",false,false,"61130896fa646800010d8248","['5703e807f80c415b80000002']","[PREMIUM]","[PREMIUM]"
"696831e5f9a3822e4cea7882","2026-04-04 12:09:33.361","2026-04-17 12:43:31.647","696831e5f9a3822e4cea7882","Rene Vaca","comedy","2026-06-27 19:00:00","2026-06-28 02:00:00","2026-06-28 03:30:00",false,false,false,"[PREMIUM]","[PREMIUM]","[PREMIUM]","[PREMIUM]","[PREMIUM]","[PREMIUM]",false,false,"61c4fceb6a1d8d0001d14b6b","['63bde797bd32d600017a7c34']","[PREMIUM]","[PREMIUM]"
"6967e34ffdaa505f164069f9","2026-04-04 12:09:33.361","2026-04-17 12:43:31.647","6967e34ffdaa505f164069f9","Summer of Soul","music","2026-06-27 19:30:00","2026-06-28 02:30:00","2026-06-28 02:30:00",false,false,false,"[PREMIUM]","[PREMIUM]","[PREMIUM]","[PREMIUM]","[PREMIUM]","[PREMIUM]",false,true,"67e31239ea08bd8ee026f685","['65b293340d356327c127c16f']","[PREMIUM]","[PREMIUM]"
"6967e341a1852c2070b8202a","2026-04-04 12:09:33.361","2026-04-17 12:43:31.647","6967e341a1852c2070b8202a","Kam Patterson","comedy","2026-06-27 18:00:00","2026-06-27 23:00:00","2026-06-27 23:00:00",false,false,false,"[PREMIUM]","[PREMIUM]","[PREMIUM]","[PREMIUM]","[PREMIUM]","[PREMIUM]",false,true,"64f0f8f2e2b35d00016720b4","['65d7a1c164f4a0913e5fae28']","[PREMIUM]","[PREMIUM]"
"6967e34159780209a2321ddd","2026-04-04 12:09:33.361","2026-04-17 12:43:24.389","6967e34159780209a2321ddd","Kam Patterson","comedy","2026-06-26 21:45:00","2026-06-27 02:45:00","2026-06-27 02:45:00",false,false,false,"[PREMIUM]","[PREMIUM]","[PREMIUM]","[PREMIUM]","[PREMIUM]","[PREMIUM]",false,true,"64f0f8f2e2b35d00016720b4","['65d7a1c164f4a0913e5fae28']","[PREMIUM]","[PREMIUM]"
"6967e28bf75af13115b6ebc3","2026-04-04 12:09:33.361","2026-04-17 12:43:24.389","6967e28bf75af13115b6ebc3","2026 Rock The Country - 2 Day Pass (6/27 - 6/28) (Kid Rock, Treaty Oak Revival, Brantley Gilbert)","music","2026-06-27 11:59:00","2026-06-27 16:59:00","2026-06-27 16:59:00",false,false,false,"[PREMIUM]","[PREMIUM]","[PREMIUM]","[PREMIUM]","[PREMIUM]","[PREMIUM]",false,true,"67901debd58eb89e2c51665b","['656e2e421f796cbd84f001f3','59f75fb625f2c57d5eeccaf9','64eb74cdfb38af0001ba4dfb','579fc66ef80c41718668edbc']","[PREMIUM]","[PREMIUM]"
"6967e123dddd4e6d338b906f","2026-04-04 12:09:33.361","2026-04-17 12:43:24.389","6967e123dddd4e6d338b906f","2026 NHL Draft","nhl","2026-06-27 00:00:00","2026-06-27 04:00:00","2026-06-27 04:00:00",false,true,false,"[PREMIUM]","[PREMIUM]","[PREMIUM]","[PREMIUM]","[PREMIUM]","[PREMIUM]",false,false,"5596e33da2e3a926a3000001","['649b271400dd4500016e0aee']","[PREMIUM]","[PREMIUM]"
"696688258f9889e1384f1600","2026-04-04 12:09:33.361","2026-04-17 12:43:31.647","696688258f9889e1384f1600","The Roots","music","2026-06-27 19:00:00","2026-06-28 02:00:00","2026-06-28 03:00:00",false,false,false,"[PREMIUM]","[PREMIUM]","[PREMIUM]","[PREMIUM]","[PREMIUM]","[PREMIUM]",false,false,"560da52df80c410ffa000001","['5952e69425f2c578f06ac16f']","[PREMIUM]","[PREMIUM]"
"69667fc208952e059f56fb49","2026-04-04 12:09:33.361","2026-04-17 12:43:31.647","69667fc208952e059f56fb49","James Taylor and His All-Star Band","music","2026-06-27 19:30:00","2026-06-27 23:30:00","2026-06-28 00:30:00",false,false,false,"[PREMIUM]","[PREMIUM]","[PREMIUM]","[PREMIUM]","[PREMIUM]","[PREMIUM]",false,false,"616877a2f9a1b30001401f24","['5774cd91f80c41750da33a9b']","[PREMIUM]","[PREMIUM]"
"69657371e14fdfec64c83294","2026-04-04 12:09:33.361","2026-04-17 12:43:31.647","69657371e14fdfec64c83294","Titanique","theater","2026-06-27 15:00:00","2026-06-27 19:00:00","2026-06-27 19:00:00",false,false,false,"[PREMIUM]","[PREMIUM]","[PREMIUM]","[PREMIUM]","[PREMIUM]","[PREMIUM]",false,false,"5ac649c9f5c17b001430f6fc","['664d073358cacf465c222213']","[PREMIUM]","[PREMIUM]"
"696565d67dc61e61297f3acd","2026-04-04 12:09:33.361","2026-04-17 12:43:24.389","696565d67dc61e61297f3acd","Damon Wayans Jr","comedy","2026-06-26 21:45:00","2026-06-27 02:45:00","2026-06-27 04:15:00",false,false,false,"[PREMIUM]","[PREMIUM]","[PREMIUM]","[PREMIUM]","[PREMIUM]","[PREMIUM]",false,true,"649c71513a10f70001ea34dc","['6228fcac5a53720001ca94b0']","[PREMIUM]","[PREMIUM]"
"696565d66c809f429e07039e","2026-04-04 12:09:33.361","2026-04-17 12:43:31.647","696565d66c809f429e07039e","Damon Wayans Jr","comedy","2026-06-27 18:30:00","2026-06-27 23:30:00","2026-06-28 01:00:00",false,false,false,"[PREMIUM]","[PREMIUM]","[PREMIUM]","[PREMIUM]","[PREMIUM]","[PREMIUM]",false,true,"649c71513a10f70001ea34dc","['6228fcac5a53720001ca94b0']","[PREMIUM]","[PREMIUM]"
"696563e99384c7e568d58974","2026-04-04 12:09:33.361","2026-04-17 12:43:31.647","696563e99384c7e568d58974","Kinky Boots","theater","2026-06-27 19:00:00","2026-06-28 00:00:00","2026-06-28 01:00:00",false,false,false,"[PREMIUM]","[PREMIUM]","[PREMIUM]","[PREMIUM]","[PREMIUM]","[PREMIUM]",false,true,"694468dba4ea0546bec8214f","['58237d77f80c4116abfa0cab']","[PREMIUM]","[PREMIUM]"
"696560dee0a25ace3ef7fb0b","2026-04-04 12:09:33.361","2026-04-17 12:43:31.647","696560dee0a25ace3ef7fb0b","Vince Gill","music","2026-06-27 19:30:00","2026-06-27 23:30:00","2026-06-28 01:00:00",false,false,false,"[PREMIUM]","[PREMIUM]","[PREMIUM]","[PREMIUM]","[PREMIUM]","[PREMIUM]",false,false,"5a1c93d1a63a350012b1cebd","['5b47d6ff5996010012ef3b4c']","[PREMIUM]","[PREMIUM]"
"695fdfd55a70588e3052c5ea","2026-04-04 12:09:33.361","2026-04-17 12:43:24.389","695fdfd55a70588e3052c5ea","Ian Asher (21+ Event)","music","2026-06-26 22:30:00","2026-06-27 05:30:00","2026-06-27 05:30:00",false,false,false,"[PREMIUM]","[PREMIUM]","[PREMIUM]","[PREMIUM]","[PREMIUM]","[PREMIUM]",false,true,"61c3aa61f6e0f10001a5c4a2","['66034776dead64f0a00b1639']","[PREMIUM]","[PREMIUM]"
"695d90d0b6d92c5111f8f7d3","2026-04-04 12:09:33.361","2026-04-17 12:43:31.647","695d90d0b6d92c5111f8f7d3","Spite","music","2026-06-27 19:00:00","2026-06-28 02:00:00","2026-06-28 03:30:00",false,false,false,"[PREMIUM]","[PREMIUM]","[PREMIUM]","[PREMIUM]","[PREMIUM]","[PREMIUM]",false,true,"61c39edc7cacb4000136ab77","['5dfbcfd0e47f44003ae199f9']","[PREMIUM]","[PREMIUM]"
"695d90685a70588e305208be","2026-04-04 12:09:33.361","2026-04-17 12:43:31.647","695d90685a70588e305208be","The Prince Experience","music","2026-06-27 19:00:00","2026-06-28 00:00:00","2026-06-28 00:00:00",false,false,false,"[PREMIUM]","[PREMIUM]","[PREMIUM]","[PREMIUM]","[PREMIUM]","[PREMIUM]",false,true,"6744fd4fe02046d30c20d664","['65ce967790c7851aa7560041']","[PREMIUM]","[PREMIUM]"
"695c739feb182fc341c93cc7","2026-04-04 12:09:33.361","2026-04-17 12:43:24.389","695c739feb182fc341c93cc7","Monolord","music","2026-06-26 21:30:00","2026-06-27 04:30:00","2026-06-27 06:00:00",false,false,false,"[PREMIUM]","[PREMIUM]","[PREMIUM]","[PREMIUM]","[PREMIUM]","[PREMIUM]",false,true,"5e4eb9c2077d740038fcfdfb","['5b0ec4ae9c85b10014fda659']","[PREMIUM]","[PREMIUM]"
"695843c4424b34426c4b1dfd","2026-04-04 12:09:33.361","2026-04-17 12:43:31.647","695843c4424b34426c4b1dfd","Steven Ho (21+ Event)","comedy","2026-06-27 18:30:00","2026-06-27 23:30:00","2026-06-27 23:30:00",false,false,false,"[PREMIUM]","[PREMIUM]","[PREMIUM]","[PREMIUM]","[PREMIUM]","[PREMIUM]",false,true,"64839a6ba80e350001a6975e","['65dfed77aab3de23cc10ac4b']","[PREMIUM]","[PREMIUM]"
"69582a46f7c597ee5ffd74ae","2026-04-04 12:09:33.361","2026-04-17 12:43:31.647","69582a46f7c597ee5ffd74ae","Joe Machi","comedy","2026-06-27 18:00:00","2026-06-27 22:00:00","2026-06-27 22:00:00",false,false,false,"[PREMIUM]","[PREMIUM]","[PREMIUM]","[PREMIUM]","[PREMIUM]","[PREMIUM]",false,true,"677eefefd349fa1ac7899fee","['662ac1ca644b3090772edcdf']","[PREMIUM]","[PREMIUM]"
"69582a46abbebfc9e69ab743","2026-04-04 12:09:33.361","2026-04-17 12:43:24.389","69582a46abbebfc9e69ab743","Joe Machi","comedy","2026-06-26 21:30:00","2026-06-27 01:30:00","2026-06-27 01:30:00",false,false,false,"[PREMIUM]","[PREMIUM]","[PREMIUM]","[PREMIUM]","[PREMIUM]","[PREMIUM]",false,true,"677eefefd349fa1ac7899fee","['662ac1ca644b3090772edcdf']","[PREMIUM]","[PREMIUM]"
"6955d976d451471c14755149","2026-04-04 12:09:33.361","2026-04-17 12:43:31.647","6955d976d451471c14755149","JR De Guzman","comedy","2026-06-27 19:00:00","2026-06-28 02:00:00","2026-06-28 03:30:00",false,false,false,"[PREMIUM]","[PREMIUM]","[PREMIUM]","[PREMIUM]","[PREMIUM]","[PREMIUM]",false,false,"5e4eba0a0314bd003c689d18","['622a81b3a75ce80001398edf']","[PREMIUM]","[PREMIUM]"
"694d3440519b878570098ee0","2026-04-04 12:09:33.361","2026-04-17 12:43:24.389","694d3440519b878570098ee0","St Louis Symphony - Beethoven X Coldplay","theater","2026-06-26 19:30:00","2026-06-27 00:30:00","2026-06-27 00:30:00",false,false,false,"[PREMIUM]","[PREMIUM]","[PREMIUM]","[PREMIUM]","[PREMIUM]","[PREMIUM]",false,true,"69d01296dbd7efa2ae706f05","['652eb5ca374460fe1c2bf916']","[PREMIUM]","[PREMIUM]"
"694c9f8b611bc79deb1d690a","2026-04-04 12:09:33.361","2026-04-17 12:43:31.647","694c9f8b611bc79deb1d690a","Jeff Dye","comedy","2026-06-27 18:00:00","2026-06-28 01:00:00","2026-06-28 02:30:00",false,false,false,"[PREMIUM]","[PREMIUM]","[PREMIUM]","[PREMIUM]","[PREMIUM]","[PREMIUM]",false,true,"616f3f4f87a55a000100b284","['5dfd06c32141cc00376d5fe1']","[PREMIUM]","[PREMIUM]"
"694c9f8b0a0e559e5ee27b04","2026-04-04 12:09:33.361","2026-04-17 12:43:24.389","694c9f8b0a0e559e5ee27b04","Jeff Dye","comedy","2026-06-26 21:30:00","2026-06-27 04:30:00","2026-06-27 06:00:00",false,false,false,"[PREMIUM]","[PREMIUM]","[PREMIUM]","[PREMIUM]","[PREMIUM]","[PREMIUM]",false,true,"616f3f4f87a55a000100b284","['5dfd06c32141cc00376d5fe1']","[PREMIUM]","[PREMIUM]"
"694c69f57057eb8c414e2246","2026-04-04 12:09:33.361","2026-04-17 12:43:31.647","694c69f57057eb8c414e2246","Tiffany Haddish","comedy","2026-06-27 19:00:00","2026-06-28 00:00:00","2026-06-28 01:30:00",false,false,false,"[PREMIUM]","[PREMIUM]","[PREMIUM]","[PREMIUM]","[PREMIUM]","[PREMIUM]",false,false,"58c0990acde6626ebe285bfb","['63bc72745a2a1200018d36a1']","[PREMIUM]","[PREMIUM]"
"694c69f517d99c16c9e02ea6","2026-04-04 12:09:33.361","2026-04-17 12:43:24.389","694c69f517d99c16c9e02ea6","Tiffany Haddish","comedy","2026-06-26 21:45:00","2026-06-27 02:45:00","2026-06-27 04:15:00",false,false,false,"[PREMIUM]","[PREMIUM]","[PREMIUM]","[PREMIUM]","[PREMIUM]","[PREMIUM]",false,false,"58c0990acde6626ebe285bfb","['63bc72745a2a1200018d36a1']","[PREMIUM]","[PREMIUM]"
"694c665e58141d6d29c74868","2026-04-04 12:09:33.361","2026-04-17 12:43:31.647","694c665e58141d6d29c74868","Zoso - The Ultimate Led Zeppelin Experience","music","2026-06-27 19:30:00","2026-06-27 23:30:00","2026-06-28 00:30:00",false,false,false,"[PREMIUM]","[PREMIUM]","[PREMIUM]","[PREMIUM]","[PREMIUM]","[PREMIUM]",false,true,"67e312527d068cc688938748","['5813a505f80c41315d885f19']","[PREMIUM]","[PREMIUM]"
"694b6c6d5f3311458d100c82","2026-04-04 12:09:33.361","2026-04-17 12:43:31.647","694b6c6d5f3311458d100c82","Operation Mincemeat - A New Musical","theater","2026-06-27 14:00:00","2026-06-27 18:00:00","2026-06-27 18:00:00",false,false,false,"[PREMIUM]","[PREMIUM]","[PREMIUM]","[PREMIUM]","[PREMIUM]","[PREMIUM]",false,false,"5ad8dd1783f680001326334a","['6781631bffa72984ff900e44']","[PREMIUM]","[PREMIUM]"
"694b6c6d07ab084b0306efe4","2026-04-04 12:09:33.361","2026-04-17 12:43:31.647","694b6c6d07ab084b0306efe4","Operation Mincemeat - A New Musical","theater","2026-06-27 19:30:00","2026-06-27 23:30:00","2026-06-27 23:30:00",false,false,false,"[PREMIUM]","[PREMIUM]","[PREMIUM]","[PREMIUM]","[PREMIUM]","[PREMIUM]",false,false,"5ad8dd1783f680001326334a","['6781631bffa72984ff900e44']","[PREMIUM]","[PREMIUM]"
"694a09e6ae65704f4b4c0772","2026-04-04 12:09:33.361","2026-04-17 12:43:31.647","694a09e6ae65704f4b4c0772","Lee Greenwood","music","2026-06-27 19:30:00","2026-06-28 00:30:00","2026-06-28 00:30:00",false,false,false,"[PREMIUM]","[PREMIUM]","[PREMIUM]","[PREMIUM]","[PREMIUM]","[PREMIUM]",false,true,"67e3123aba6d226a637f81b9","['69499a0ebca870b1f2e33c49']","[PREMIUM]","[PREMIUM]"
"694a0487ae65704f4b4c055b","2026-04-04 12:09:33.361","2026-04-17 12:43:31.647","694a0487ae65704f4b4c055b","Comedy Cellar","comedy","2026-06-27 19:00:00","2026-06-28 02:00:00","2026-06-28 02:00:00",false,false,false,"[PREMIUM]","[PREMIUM]","[PREMIUM]","[PREMIUM]","[PREMIUM]","[PREMIUM]",false,false,"6660a94b5cd8bd812ba27b93","['6753306351c78e490f37014e']","[PREMIUM]","[PREMIUM]"
"694a048386bcbb99dd40fe28","2026-04-04 12:09:33.361","2026-04-17 12:43:24.389","694a048386bcbb99dd40fe28","Comedy Cellar (18+ Event)","comedy","2026-06-26 21:30:00","2026-06-27 04:30:00","2026-06-27 04:30:00",false,false,false,"[PREMIUM]","[PREMIUM]","[PREMIUM]","[PREMIUM]","[PREMIUM]","[PREMIUM]",false,true,"6660a94b5cd8bd812ba27b93","['6753306351c78e490f37014e']","[PREMIUM]","[PREMIUM]"
"6949eaf87227c7287a3fb4ed","2026-04-04 12:09:33.361","2026-04-17 12:43:24.389","6949eaf87227c7287a3fb4ed","Great Falls Voyagers at Ogden Raptors","milb","2026-06-27 00:00:00","2026-06-27 06:00:00","2026-06-27 07:30:00",false,true,false,"[PREMIUM]","[PREMIUM]","[PREMIUM]","[PREMIUM]","[PREMIUM]","[PREMIUM]",false,true,"69987b619830442aca074498","['60ca6d3df9cb5400010bee17','60ca6d86435a58000175440c']","[PREMIUM]","[PREMIUM]"
"6949e863763887dbc8dd886b","2026-04-04 12:09:33.361","2026-04-17 12:43:24.389","6949e863763887dbc8dd886b","Yuba Sutter High Wheelers at Oakland Ballers","milb","2026-06-27 00:00:00","2026-06-27 07:00:00","2026-06-27 07:00:00",false,true,false,"[PREMIUM]","[PREMIUM]","[PREMIUM]","[PREMIUM]","[PREMIUM]","[PREMIUM]",false,false,"66722929afb413dc9c996f0f","['667473678abf66a3a97f5709','66747513b36f70f95092b5a2']","[PREMIUM]","[PREMIUM]"
"6949e60e88dce79e0fd5f2e2","2026-04-04 12:09:33.361","2026-04-17 12:43:31.647","6949e60e88dce79e0fd5f2e2","& Juliet","theater","2026-06-27 14:00:00","2026-06-27 18:00:00","2026-06-27 18:00:00",false,false,false,"[PREMIUM]","[PREMIUM]","[PREMIUM]","[PREMIUM]","[PREMIUM]","[PREMIUM]",false,false,"5ad8d9a1c8260e0013d1e79f","['648b490a85ab3300016fc5df']","[PREMIUM]","[PREMIUM]"
"69459e33acbfac53da99a7cf","2026-04-04 12:09:33.361","2026-04-17 12:43:31.647","69459e33acbfac53da99a7cf","RedPocket Mobiles at Glacier Range Riders","milb","2026-06-27 19:05:00","2026-06-28 01:05:00","2026-06-28 02:35:00",false,false,false,"[PREMIUM]","[PREMIUM]","[PREMIUM]","[PREMIUM]","[PREMIUM]","[PREMIUM]",false,false,"6949a5a4db99ca20eef0dcf2","['64221e9fe1e7fe0001e4964c','5a99e2126311820014498a01']","[PREMIUM]","[PREMIUM]"
"6944d8e44512f0ebc2f681d0","2026-04-04 12:09:33.361","2026-04-17 12:43:31.647","6944d8e44512f0ebc2f681d0","Tape Face","music","2026-06-27 19:30:00","2026-06-28 02:30:00","2026-06-28 03:30:00",false,false,false,"[PREMIUM]","[PREMIUM]","[PREMIUM]","[PREMIUM]","[PREMIUM]","[PREMIUM]",false,true,"66d76e8256b831368f5a8151","['5a13715c25f2c55e95e137c6']","[PREMIUM]","[PREMIUM]"
"6944b82b8c562e768f4331ab","2026-04-04 12:09:33.361","2026-04-17 12:43:31.647","6944b82b8c562e768f4331ab","Martin Amini","comedy","2026-06-27 19:00:00","2026-06-28 01:00:00","2026-06-28 01:00:00",false,false,false,"[PREMIUM]","[PREMIUM]","[PREMIUM]","[PREMIUM]","[PREMIUM]","[PREMIUM]",false,true,"649c6fe08a52ed00016ca5d0","['6493b6eac470c0000115d7ad']","[PREMIUM]","[PREMIUM]"
"69447deefb8b3484b070e237","2026-04-04 12:09:33.361","2026-04-17 12:43:31.647","69447deefb8b3484b070e237","Sheryl Underwood","comedy","2026-06-27 19:00:00","2026-06-27 23:00:00","2026-06-27 23:00:00",false,false,false,"[PREMIUM]","[PREMIUM]","[PREMIUM]","[PREMIUM]","[PREMIUM]","[PREMIUM]",false,true,"6572537fa9fbb664339de6e2","['65b2a4c6cd76b3ba482f4ec9']","[PREMIUM]","[PREMIUM]"
"69447dee6442803aa1bcaad6","2026-04-04 12:09:33.361","2026-04-17 12:43:24.389","69447dee6442803aa1bcaad6","Sheryl Underwood","comedy","2026-06-26 21:30:00","2026-06-27 01:30:00","2026-06-27 01:30:00",false,false,false,"[PREMIUM]","[PREMIUM]","[PREMIUM]","[PREMIUM]","[PREMIUM]","[PREMIUM]",false,true,"6572537fa9fbb664339de6e2","['65b2a4c6cd76b3ba482f4ec9']","[PREMIUM]","[PREMIUM]"
"6941fd8ee7ff7a511e12e207","2026-04-04 12:09:33.361","2026-04-17 12:43:31.647","6941fd8ee7ff7a511e12e207","Diana Krall","music","2026-06-27 19:30:00","2026-06-28 02:30:00","2026-06-28 03:30:00",false,false,false,"[PREMIUM]","[PREMIUM]","[PREMIUM]","[PREMIUM]","[PREMIUM]","[PREMIUM]",false,true,"669982064c573ce512ef39d8","['58a7935ef80c41494ff7ce51']","[PREMIUM]","[PREMIUM]"
"6941e020d9ed86bc99393e1a","2026-04-04 12:09:33.361","2026-04-17 12:43:31.647","6941e020d9ed86bc99393e1a","Stuff You Should Know","theater","2026-06-27 19:00:00","2026-06-27 23:00:00","2026-06-27 23:00:00",false,false,false,"[PREMIUM]","[PREMIUM]","[PREMIUM]","[PREMIUM]","[PREMIUM]","[PREMIUM]",false,false,"57b5de9df80c41264bb99859","['65e26313e67804f0356c6a58']","[PREMIUM]","[PREMIUM]"
"6941de66d32b3bd0603f3022","2026-04-04 12:09:33.361","2026-04-17 12:43:31.647","6941de66d32b3bd0603f3022","Eric Eaton","comedy","2026-06-27 18:30:00","2026-06-27 22:30:00","2026-06-27 22:30:00",false,false,false,"[PREMIUM]","[PREMIUM]","[PREMIUM]","[PREMIUM]","[PREMIUM]","[PREMIUM]",false,false,"63e3f7f3c15a660001d13efc","['65d7cef6dd60bdb549fadaf9']","[PREMIUM]","[PREMIUM]"
"6941a47cff7217803369368a","2026-04-04 12:09:33.361","2026-04-17 12:43:24.389","6941a47cff7217803369368a","Chris D'Elia","comedy","2026-06-26 21:30:00","2026-06-27 01:30:00","2026-06-27 03:00:00",false,false,false,"[PREMIUM]","[PREMIUM]","[PREMIUM]","[PREMIUM]","[PREMIUM]","[PREMIUM]",false,true,"615f25afee5027000111ee99","['5be9f663d50b5b0014a030b6']","[PREMIUM]","[PREMIUM]"
"6941a47cd35159144f376c03","2026-04-04 12:09:33.361","2026-04-17 12:43:31.647","6941a47cd35159144f376c03","Chris D'Elia","comedy","2026-06-27 18:30:00","2026-06-27 22:30:00","2026-06-28 00:00:00",false,false,false,"[PREMIUM]","[PREMIUM]","[PREMIUM]","[PREMIUM]","[PREMIUM]","[PREMIUM]",false,true,"615f25afee5027000111ee99","['5be9f663d50b5b0014a030b6']","[PREMIUM]","[PREMIUM]"
"69408e5c4d10aa62a057df33","2026-04-04 12:09:33.361","2026-04-17 12:43:31.647","69408e5c4d10aa62a057df33","Albany Firebirds at Kentucky Barrels","afl","2026-06-27 18:00:00","2026-06-27 22:00:00","2026-06-27 23:30:00",false,false,false,"[PREMIUM]","[PREMIUM]","[PREMIUM]","[PREMIUM]","[PREMIUM]","[PREMIUM]",false,false,"59dbbb9850e1a50001eb6f34","['69a06abf691e51dd746a9104','662332f96a8edbef12bde77a']","[PREMIUM]","[PREMIUM]"
"69408c9125faa5fc16e578d1","2026-04-04 12:09:33.361","2026-04-17 12:43:31.647","69408c9125faa5fc16e578d1","Michigan Arsenal at Washington Wolfpack","afl","2026-06-27 18:00:00","2026-06-28 01:00:00","2026-06-28 01:00:00",false,false,false,"[PREMIUM]","[PREMIUM]","[PREMIUM]","[PREMIUM]","[PREMIUM]","[PREMIUM]",false,false,"5d79098011c5990037e852f5","['6622d64911360444d0faf5e4','69a082ec023730afdc0c1893']","[PREMIUM]","[PREMIUM]"
"69408c87386892e5e47cd4d5","2026-04-04 12:09:33.361","2026-04-17 12:43:31.647","69408c87386892e5e47cd4d5","Seattle Symphony - Indiana Jones and the Raiders of the Lost Ark Live in Concert","music","2026-06-27 14:00:00","2026-06-27 21:00:00","2026-06-27 21:00:00",false,false,false,"[PREMIUM]","[PREMIUM]","[PREMIUM]","[PREMIUM]","[PREMIUM]","[PREMIUM]",false,true,"65d543f474c4e010b2b07d6a","['65e9d805185d0883d3740ac4']","[PREMIUM]","[PREMIUM]"
"69408ac147db4bd081b0111e","2026-04-04 12:09:33.361","2026-04-17 12:43:31.647","69408ac147db4bd081b0111e","Sesame Street Live! - Elmo's Got The Moves","theater","2026-06-27 14:00:00","2026-06-27 19:00:00","2026-06-27 20:00:00",false,false,false,"[PREMIUM]","[PREMIUM]","[PREMIUM]","[PREMIUM]","[PREMIUM]","[PREMIUM]",false,false,"615745f80d99bc0001f4a1b9","['5a5fb5eb25f2c506480c578b']","[PREMIUM]","[PREMIUM]"
"69408ab025faa5fc16e5788b","2026-04-04 12:09:33.361","2026-04-17 12:43:24.389","69408ab025faa5fc16e5788b","Craig Robinson","comedy","2026-06-26 21:45:00","2026-06-27 02:45:00","2026-06-27 04:15:00",false,false,false,"[PREMIUM]","[PREMIUM]","[PREMIUM]","[PREMIUM]","[PREMIUM]","[PREMIUM]",false,true,"612fe8b23799c8000180addd","['5e3318cc0e09b2003838108f']","[PREMIUM]","[PREMIUM]"
"69408ab025faa5fc16e5788a","2026-04-04 12:09:33.361","2026-04-17 12:43:31.647","69408ab025faa5fc16e5788a","Craig Robinson","comedy","2026-06-27 19:00:00","2026-06-28 00:00:00","2026-06-28 01:30:00",false,false,false,"[PREMIUM]","[PREMIUM]","[PREMIUM]","[PREMIUM]","[PREMIUM]","[PREMIUM]",false,true,"612fe8b23799c8000180addd","['5e3318cc0e09b2003838108f']","[PREMIUM]","[PREMIUM]"
"693cea9748de0b1d9c290052","2026-04-04 12:09:33.361","2026-04-17 12:43:24.389","693cea9748de0b1d9c290052","Godfrey","comedy","2026-06-26 21:45:00","2026-06-27 01:45:00","2026-06-27 03:15:00",false,false,false,"[PREMIUM]","[PREMIUM]","[PREMIUM]","[PREMIUM]","[PREMIUM]","[PREMIUM]",false,false,"630e837b236b5800011fa742","['5dbca19603be540038bb42f8']","[PREMIUM]","[PREMIUM]"
"693cea973dd7619bd20afde5","2026-04-04 12:09:33.361","2026-04-17 12:43:31.647","693cea973dd7619bd20afde5","Godfrey","comedy","2026-06-27 18:30:00","2026-06-27 22:30:00","2026-06-28 00:00:00",false,false,false,"[PREMIUM]","[PREMIUM]","[PREMIUM]","[PREMIUM]","[PREMIUM]","[PREMIUM]",false,false,"630e837b236b5800011fa742","['5dbca19603be540038bb42f8']","[PREMIUM]","[PREMIUM]"
"693a32a89e5359c2c76efacf","2026-04-04 12:09:33.361","2026-04-17 12:43:31.647","693a32a89e5359c2c76efacf","Awakening","theater","2026-06-27 18:30:00","2026-06-28 01:30:00","2026-06-28 01:30:00",false,false,false,"[PREMIUM]","[PREMIUM]","[PREMIUM]","[PREMIUM]","[PREMIUM]","[PREMIUM]",false,true,"669ecefc5f434ad30b9d025a","['66db69274a7c7d5ae0775026']","[PREMIUM]","[PREMIUM]"
"6939d83feba93b296eaef8aa","2026-04-04 12:09:33.361","2026-04-17 12:43:24.389","6939d83feba93b296eaef8aa","Daniel Tosh","comedy","2026-06-26 22:00:00","2026-06-27 02:00:00","2026-06-27 03:00:00",false,false,false,"[PREMIUM]","[PREMIUM]","[PREMIUM]","[PREMIUM]","[PREMIUM]","[PREMIUM]",false,false,"58c33428cde6626ebe417419","['58a4a611f80c414b42efcca1']","[PREMIUM]","[PREMIUM]"
"6938dc569e5359c2c76e7dee","2026-04-04 12:09:33.361","2026-04-17 12:43:31.647","6938dc569e5359c2c76e7dee","Calgary Stampeders at BC Lions","cfl","2026-06-27 16:00:00","2026-06-27 23:00:00","2026-06-28 00:30:00",false,false,false,"[PREMIUM]","[PREMIUM]","[PREMIUM]","[PREMIUM]","[PREMIUM]","[PREMIUM]",false,false,"55423f8b78fea53bb6000002","['55773910a2e3a90a3c000004','55789295a2e3a90287000003']","[PREMIUM]","[PREMIUM]"
"6937709770284c5078acf9a3","2026-04-04 12:09:33.361","2026-04-17 12:43:24.389","6937709770284c5078acf9a3","Bee Gees Gold","music","2026-06-26 20:00:00","2026-06-27 01:00:00","2026-06-27 01:00:00",false,false,false,"[PREMIUM]","[PREMIUM]","[PREMIUM]","[PREMIUM]","[PREMIUM]","[PREMIUM]",false,false,"6841f3a2dd7f596452b91a16","['677d6e48636da64b649204f9']","[PREMIUM]","[PREMIUM]"
"69373bca70284c5078ace559","2026-04-04 12:09:33.361","2026-04-17 12:43:24.389","69373bca70284c5078ace559","2026 Day Trip Festival - Multiday Pass (06/27 - 06/28) (21+ Event)","music","2026-06-27 11:59:00","2026-06-27 18:59:00","2026-06-27 20:29:00",false,false,false,"[PREMIUM]","[PREMIUM]","[PREMIUM]","[PREMIUM]","[PREMIUM]","[PREMIUM]",false,false,"5c6f1b9d10267b001557734c","['62b38b67b65a2600017df532']","[PREMIUM]","[PREMIUM]"
"69373421e369caae3f3bee0f","2026-04-04 12:09:33.361","2026-04-17 12:43:31.647","69373421e369caae3f3bee0f","Ibrahim Maalouf","music","2026-06-27 19:00:00","2026-06-27 23:00:00","2026-06-27 23:00:00",false,false,false,"[PREMIUM]","[PREMIUM]","[PREMIUM]","[PREMIUM]","[PREMIUM]","[PREMIUM]",false,false,"57a4dbe2f80c41746dca2312","['651ec9399e9517a7ece3b6b1']","[PREMIUM]","[PREMIUM]"
"69360279cba2f285be868c58","2026-04-04 12:09:33.361","2026-04-17 12:43:31.647","69360279cba2f285be868c58","Buena Vista Social Club - Musical","theater","2026-06-27 19:30:00","2026-06-27 23:30:00","2026-06-27 23:30:00",false,false,false,"[PREMIUM]","[PREMIUM]","[PREMIUM]","[PREMIUM]","[PREMIUM]","[PREMIUM]",false,false,"5a9ed26fea5962001400e390","['65382927aad4c6b877117594']","[PREMIUM]","[PREMIUM]"
"693602790ea15e782aef70c0","2026-04-04 12:09:33.361","2026-04-17 12:43:31.647","693602790ea15e782aef70c0","Buena Vista Social Club - Musical","theater","2026-06-27 14:00:00","2026-06-27 18:00:00","2026-06-27 18:00:00",false,false,false,"[PREMIUM]","[PREMIUM]","[PREMIUM]","[PREMIUM]","[PREMIUM]","[PREMIUM]",false,false,"5a9ed26fea5962001400e390","['65382927aad4c6b877117594']","[PREMIUM]","[PREMIUM]"
"6931f3075c52bbb3188ace7b","2026-04-04 12:09:33.361","2026-04-17 12:43:24.389","6931f3075c52bbb3188ace7b","Country Drive Live Music Festival - Saturday (Koe Wetzel)","music","2026-06-27 00:00:00","2026-06-27 05:00:00","2026-06-27 05:00:00",false,true,false,"[PREMIUM]","[PREMIUM]","[PREMIUM]","[PREMIUM]","[PREMIUM]","[PREMIUM]",false,true,"69371d34cd07d4e1c49cb10e","['693718400ea15e782aefdb9c']","[PREMIUM]","[PREMIUM]"
"69304df118f9847235516642","2026-04-04 12:09:33.361","2026-04-17 12:43:31.647","69304df118f9847235516642","Monolord","music","2026-06-27 19:00:00","2026-06-28 02:00:00","2026-06-28 03:30:00",false,false,false,"[PREMIUM]","[PREMIUM]","[PREMIUM]","[PREMIUM]","[PREMIUM]","[PREMIUM]",false,false,"57e1769b50575d33c89bacda","['5b0ec4ae9c85b10014fda659']","[PREMIUM]","[PREMIUM]"
"692f88e1fea89c7798efaa34","2026-04-04 12:09:33.361","2026-04-17 12:43:31.647","692f88e1fea89c7798efaa34","New Mexico Chupacabras at Arizona Rattlers","afl","2026-06-27 18:00:00","2026-06-28 01:00:00","2026-06-28 02:30:00",false,false,false,"[PREMIUM]","[PREMIUM]","[PREMIUM]","[PREMIUM]","[PREMIUM]","[PREMIUM]",false,false,"542da6dd3bf376781a000001","['5500a1eb64f9627802000002','6931ec81051595248f83a0ae']","[PREMIUM]","[PREMIUM]"
"692f529cf7c27e8df35b28c5","2026-04-04 12:09:33.361","2026-04-17 12:43:31.647","692f529cf7c27e8df35b28c5","The Dead South","music","2026-06-27 19:30:00","2026-06-28 00:30:00","2026-06-28 02:00:00",false,false,false,"[PREMIUM]","[PREMIUM]","[PREMIUM]","[PREMIUM]","[PREMIUM]","[PREMIUM]",false,true,"661ef90010ce96b2ea715d6b","['5b1ec6b34c577f00145262ab']","[PREMIUM]","[PREMIUM]"
"692e5493147d9630f05fa8e7","2026-04-04 12:09:33.361","2026-04-17 12:43:31.647","692e5493147d9630f05fa8e7","The Weeknd","music","2026-06-27 18:30:00","2026-06-27 16:30:00","2026-06-27 17:30:00",false,false,false,"[PREMIUM]","[PREMIUM]","[PREMIUM]","[PREMIUM]","[PREMIUM]","[PREMIUM]",false,false,"63221a75221c48000199c979","['560b1002f80c4155a2000006']","[PREMIUM]","[PREMIUM]"
"692e38406b44a784d3107370","2026-04-04 12:09:33.361","2026-04-17 12:43:31.647","692e38406b44a784d3107370","Atsuko Okatsuka (18+ Event)","comedy","2026-06-27 19:00:00","2026-06-28 02:00:00","2026-06-28 03:30:00",false,false,false,"[PREMIUM]","[PREMIUM]","[PREMIUM]","[PREMIUM]","[PREMIUM]","[PREMIUM]",false,false,"67d49e7811fa27e2f056429f","['646cfd354449f90001c7b5ff']","[PREMIUM]","[PREMIUM]"
"692df8e419b8f53a99c28f3f","2026-04-04 12:09:33.361","2026-04-17 12:43:31.647","692df8e419b8f53a99c28f3f","Evanescence","music","2026-06-27 19:00:00","2026-06-27 23:00:00","2026-06-28 00:00:00",false,false,false,"[PREMIUM]","[PREMIUM]","[PREMIUM]","[PREMIUM]","[PREMIUM]","[PREMIUM]",false,false,"57aa6b9af80c415e66ed6c49","['57d2639bf80c410f51d89395']","[PREMIUM]","[PREMIUM]"
"692cc2f86b44a784d3100769","2026-04-04 12:09:33.361","2026-04-17 12:43:31.647","692cc2f86b44a784d3100769","DL Hughley","comedy","2026-06-27 19:00:00","2026-06-28 01:00:00","2026-06-28 02:30:00",false,false,false,"[PREMIUM]","[PREMIUM]","[PREMIUM]","[PREMIUM]","[PREMIUM]","[PREMIUM]",false,true,"648a14e200dd850001082cc9","['622fc286459d3e00011d76da']","[PREMIUM]","[PREMIUM]"
"692cc2f8644fc01a58d1c834","2026-04-04 12:09:33.361","2026-04-17 12:43:24.389","692cc2f8644fc01a58d1c834","DL Hughley","comedy","2026-06-26 21:30:00","2026-06-27 03:30:00","2026-06-27 05:00:00",false,false,false,"[PREMIUM]","[PREMIUM]","[PREMIUM]","[PREMIUM]","[PREMIUM]","[PREMIUM]",false,true,"648a14e200dd850001082cc9","['622fc286459d3e00011d76da']","[PREMIUM]","[PREMIUM]"
"6927f3a1c0c7f1288528c1a1","2026-04-04 12:09:33.361","2026-04-17 12:43:31.647","6927f3a1c0c7f1288528c1a1","PRCA Championship Rodeo - Saturday","pbr","2026-06-27 17:00:00","2026-06-27 22:00:00","2026-06-27 23:30:00",false,false,false,"[PREMIUM]","[PREMIUM]","[PREMIUM]","[PREMIUM]","[PREMIUM]","[PREMIUM]",false,true,"6977ba009757e256a586515a","['636af099c28a7b00017e4c31']","[PREMIUM]","[PREMIUM]"
"6927696819b8f53a99c0c818","2026-04-04 12:09:33.361","2026-04-17 12:43:24.389","6927696819b8f53a99c0c818","American Flat Track","mls","2026-06-26 23:50:00","2026-06-27 03:50:00","2026-06-27 04:35:00",false,false,false,"[PREMIUM]","[PREMIUM]","[PREMIUM]","[PREMIUM]","[PREMIUM]","[PREMIUM]",false,true,"683a38ea9d35f9ba86846d36","['53c03a473bf37612c4000008']","[PREMIUM]","[PREMIUM]"
"6925fbf6ae46922abf56b291","2026-04-04 12:09:33.361","2026-04-17 12:43:24.389","6925fbf6ae46922abf56b291","Orny Adams","comedy","2026-06-26 21:30:00","2026-06-27 04:30:00","2026-06-27 06:00:00",false,false,false,"[PREMIUM]","[PREMIUM]","[PREMIUM]","[PREMIUM]","[PREMIUM]","[PREMIUM]",false,true,"63e6a8b18d0aad0001987d37","['63ebbc24cd53b300014543b3']","[PREMIUM]","[PREMIUM]"
"6925fbf6230b438ae83e8314","2026-04-04 12:09:33.361","2026-04-17 12:43:31.647","6925fbf6230b438ae83e8314","Orny Adams","comedy","2026-06-27 19:30:00","2026-06-28 02:30:00","2026-06-28 04:00:00",false,false,false,"[PREMIUM]","[PREMIUM]","[PREMIUM]","[PREMIUM]","[PREMIUM]","[PREMIUM]",false,true,"63e6a8b18d0aad0001987d37","['63ebbc24cd53b300014543b3']","[PREMIUM]","[PREMIUM]"
"6925f9869586b57d52a5f54e","2026-04-04 12:09:33.361","2026-04-17 12:43:31.647","6925f9869586b57d52a5f54e","Suffs","theater","2026-06-27 14:00:00","2026-06-27 18:00:00","2026-06-27 18:00:00",false,false,false,"[PREMIUM]","[PREMIUM]","[PREMIUM]","[PREMIUM]","[PREMIUM]","[PREMIUM]",false,true,"65c68a4a6fbcd3d7c8b25f4a","['65a6e48d083acd359102533f']","[PREMIUM]","[PREMIUM]"
"6925f9865c1fedaeb31f8259","2026-04-04 12:09:33.361","2026-04-17 12:43:31.647","6925f9865c1fedaeb31f8259","Suffs","theater","2026-06-27 19:30:00","2026-06-27 23:30:00","2026-06-27 23:30:00",false,false,false,"[PREMIUM]","[PREMIUM]","[PREMIUM]","[PREMIUM]","[PREMIUM]","[PREMIUM]",false,true,"65c68a4a6fbcd3d7c8b25f4a","['65a6e48d083acd359102533f']","[PREMIUM]","[PREMIUM]"
"6925f68f9586b57d52a5f4a5","2026-04-04 12:09:33.361","2026-04-17 12:43:31.647","6925f68f9586b57d52a5f4a5","The Book Of Mormon","theater","2026-06-27 19:00:00","2026-06-27 23:00:00","2026-06-28 00:00:00",false,false,false,"[PREMIUM]","[PREMIUM]","[PREMIUM]","[PREMIUM]","[PREMIUM]","[PREMIUM]",false,false,"5824f160cde6626ebe564cd3","['582525dff80c4177c17c7aa6']","[PREMIUM]","[PREMIUM]"
"6925de05732367cd66e66400","2026-04-04 12:09:33.361","2026-04-17 12:43:24.389","6925de05732367cd66e66400","2026 Electric Forest - Saturday","music","2026-06-27 00:00:00","2026-06-27 05:00:00","2026-06-27 05:00:00",false,true,false,"[PREMIUM]","[PREMIUM]","[PREMIUM]","[PREMIUM]","[PREMIUM]","[PREMIUM]",false,true,"6938633a090104153e7b0b20","['6938625dbfa347a92286fcfe']","[PREMIUM]","[PREMIUM]"
"6925dca581bc53d4bd771072","2026-04-04 12:09:33.361","2026-04-17 12:43:31.647","6925dca581bc53d4bd771072","The Book Of Mormon","theater","2026-06-27 14:00:00","2026-06-27 18:00:00","2026-06-27 19:00:00",false,false,false,"[PREMIUM]","[PREMIUM]","[PREMIUM]","[PREMIUM]","[PREMIUM]","[PREMIUM]",false,false,"5824f160cde6626ebe564cd3","['582525dff80c4177c17c7aa6']","[PREMIUM]","[PREMIUM]"
"6925d957ff224e8bcf7bd3df","2026-04-04 12:09:33.361","2026-04-17 12:43:31.647","6925d957ff224e8bcf7bd3df","Distant Worlds - Music from Final Fantasy","music","2026-06-27 19:30:00","2026-06-28 01:30:00","2026-06-28 03:00:00",false,false,false,"[PREMIUM]","[PREMIUM]","[PREMIUM]","[PREMIUM]","[PREMIUM]","[PREMIUM]",false,false,"6622fcb56e2086ac6791cd7b","['6320b8a3b0f78400011dc783']","[PREMIUM]","[PREMIUM]"
"691ff40afd421c0b425f41d8","2026-04-04 12:09:33.361","2026-04-17 12:43:24.389","691ff40afd421c0b425f41d8","DCI - Drum Corps International","music","2026-06-27 00:00:00","2026-06-27 06:00:00","2026-06-27 06:00:00",false,true,false,"[PREMIUM]","[PREMIUM]","[PREMIUM]","[PREMIUM]","[PREMIUM]","[PREMIUM]",false,false,"594c51499da0d48c0d6ed80d","['66b551b5ac64149ee3bf9a4f']","[PREMIUM]","[PREMIUM]"
"691f6279230b438ae83c8359","2026-04-04 12:09:33.361","2026-04-17 12:43:31.647","691f6279230b438ae83c8359","Lily Allen","music","2026-06-27 18:00:00","2026-06-27 17:00:00","2026-06-27 18:30:00",false,false,false,"[PREMIUM]","[PREMIUM]","[PREMIUM]","[PREMIUM]","[PREMIUM]","[PREMIUM]",false,false,"677728a859b7a0bc3ee85169","['5b19517c897aa80014c66aac']","[PREMIUM]","[PREMIUM]"
"691cdad1bb6cdd2db1fc6c70","2026-04-04 12:09:33.361","2026-04-17 12:43:31.647","691cdad1bb6cdd2db1fc6c70","Daniel Tosh","comedy","2026-06-27 19:00:00","2026-06-27 23:00:00","2026-06-28 00:00:00",false,false,false,"[PREMIUM]","[PREMIUM]","[PREMIUM]","[PREMIUM]","[PREMIUM]","[PREMIUM]",false,false,"5ae8c5ca4854e100149d3dcf","['58a4a611f80c414b42efcca1']","[PREMIUM]","[PREMIUM]"
"691cc391bb6cdd2db1fc6333","2026-04-04 12:09:33.361","2026-04-17 12:43:24.389","691cc391bb6cdd2db1fc6333","Anthony Jeselnik","comedy","2026-06-26 21:30:00","2026-06-27 04:30:00","2026-06-27 06:00:00",false,false,false,"[PREMIUM]","[PREMIUM]","[PREMIUM]","[PREMIUM]","[PREMIUM]","[PREMIUM]",false,true,"61c36b84f343d10001739e43","['5b4f7def7f8de800125c1aa5']","[PREMIUM]","[PREMIUM]"
"691cc391553e36f03ef5e35d","2026-04-04 12:09:33.361","2026-04-17 12:43:31.647","691cc391553e36f03ef5e35d","Anthony Jeselnik","comedy","2026-06-27 19:00:00","2026-06-28 02:00:00","2026-06-28 03:30:00",false,false,false,"[PREMIUM]","[PREMIUM]","[PREMIUM]","[PREMIUM]","[PREMIUM]","[PREMIUM]",false,true,"61c36b84f343d10001739e43","['5b4f7def7f8de800125c1aa5']","[PREMIUM]","[PREMIUM]"
"691cbb33d2dc0c5ca2019f91","2026-04-04 12:09:33.361","2026-04-17 12:43:31.647","691cbb33d2dc0c5ca2019f91","Harry Potter and the Cursed Child","theater","2026-06-27 14:00:00","2026-06-27 18:00:00","2026-06-27 19:00:00",false,false,false,"[PREMIUM]","[PREMIUM]","[PREMIUM]","[PREMIUM]","[PREMIUM]","[PREMIUM]",false,false,"5824b86dcde6626ebe549930","['5a3c554825f2c51d4ed4e8d2']","[PREMIUM]","[PREMIUM]"
"691bf810a4dd1089d31cb736","2026-04-04 12:09:33.361","2026-04-17 12:43:31.647","691bf810a4dd1089d31cb736","American Ballet Theatre - Onegin","theater","2026-06-27 19:30:00","2026-06-27 23:30:00","2026-06-27 23:30:00",false,false,false,"[PREMIUM]","[PREMIUM]","[PREMIUM]","[PREMIUM]","[PREMIUM]","[PREMIUM]",false,true,"5a6a64a96fb556000f44b979","['65b18e16b8bc00f4bbeb65d5']","[PREMIUM]","[PREMIUM]"
"691bf810732367cd66e2edc2","2026-04-04 12:09:33.361","2026-04-17 12:43:24.389","691bf810732367cd66e2edc2","American Ballet Theatre - Onegin","theater","2026-06-27 14:00:00","2026-06-27 18:00:00","2026-06-27 18:00:00",false,false,false,"[PREMIUM]","[PREMIUM]","[PREMIUM]","[PREMIUM]","[PREMIUM]","[PREMIUM]",false,true,"5a6a64a96fb556000f44b979","['65b18e16b8bc00f4bbeb65d5']","[PREMIUM]","[PREMIUM]"
"6917ccc99cb77011ee042b51","2026-04-04 12:09:33.361","2026-04-17 12:43:31.647","6917ccc99cb77011ee042b51","Dude Perfect","comedy","2026-06-27 19:00:00","2026-06-27 23:00:00","2026-06-28 00:30:00",false,false,false,"[PREMIUM]","[PREMIUM]","[PREMIUM]","[PREMIUM]","[PREMIUM]","[PREMIUM]",false,false,"654418672ad03464421c70b1","['5cc71c0470eeb700134d546f']","[PREMIUM]","[PREMIUM]"
"6917b3f9f2dfb3a7886844ec","2026-04-04 12:09:33.361","2026-04-17 12:43:31.647","6917b3f9f2dfb3a7886844ec","Alex Warren","music","2026-06-27 19:30:00","2026-06-27 23:30:00","2026-06-27 23:30:00",false,false,false,"[PREMIUM]","[PREMIUM]","[PREMIUM]","[PREMIUM]","[PREMIUM]","[PREMIUM]",false,false,"574e193ef80c414b8b000001","['64f27763cb66920001b4f548']","[PREMIUM]","[PREMIUM]"
"6917823e65198793904be0cd","2026-04-04 12:09:33.361","2026-04-17 12:43:31.647","6917823e65198793904be0cd","Parker McCollum","music","2026-06-27 19:30:00","2026-06-28 02:30:00","2026-06-28 04:00:00",false,false,false,"[PREMIUM]","[PREMIUM]","[PREMIUM]","[PREMIUM]","[PREMIUM]","[PREMIUM]",false,false,"5da62380b2b6a50039e1a362","['60d256ff9eeeb0000118f2e5']","[PREMIUM]","[PREMIUM]"
"691333bfb6e0d5cde168f98a","2026-04-04 12:09:33.361","2026-04-17 12:43:24.389","691333bfb6e0d5cde168f98a","The Wizard of Oz at Sphere","theater","2026-06-27 11:00:00","2026-06-27 18:00:00","2026-06-27 18:00:00",false,false,false,"[PREMIUM]","[PREMIUM]","[PREMIUM]","[PREMIUM]","[PREMIUM]","[PREMIUM]",false,false,"6448453e2c18960001831a9c","['6849f523c4e12a7114f9e67e']","[PREMIUM]","[PREMIUM]"
"691333bdca5db5755e8a399b","2026-04-04 12:09:33.361","2026-04-17 12:43:24.389","691333bdca5db5755e8a399b","The Wizard of Oz at Sphere","theater","2026-06-27 14:00:00","2026-06-27 21:00:00","2026-06-27 21:00:00",false,false,false,"[PREMIUM]","[PREMIUM]","[PREMIUM]","[PREMIUM]","[PREMIUM]","[PREMIUM]",false,false,"6448453e2c18960001831a9c","['6849f523c4e12a7114f9e67e']","[PREMIUM]","[PREMIUM]"
"69129e0908641b191d833ccb","2026-04-04 12:09:33.361","2026-04-17 12:43:24.389","69129e0908641b191d833ccb","Wicked","theater","2026-06-27 14:00:00","2026-06-27 18:00:00","2026-06-27 19:00:00",false,false,false,"[PREMIUM]","[PREMIUM]","[PREMIUM]","[PREMIUM]","[PREMIUM]","[PREMIUM]",false,false,"5a6a6f6e84d4fb000ec1ce32","['5822480df80c4152d5486cd5']","[PREMIUM]","[PREMIUM]"
"691284e740d72d470bbd6504","2026-04-04 12:09:33.361","2026-04-17 12:43:31.647","691284e740d72d470bbd6504","Stockyards Championship Rodeo","pbr","2026-06-27 19:30:00","2026-06-28 00:30:00","2026-06-28 02:00:00",false,false,false,"[PREMIUM]","[PREMIUM]","[PREMIUM]","[PREMIUM]","[PREMIUM]","[PREMIUM]",false,false,"644977b2de0c2d0001065614","['6449a6e95f31680001721f3f']","[PREMIUM]","[PREMIUM]"
"691284e735efe14a0913198b","2026-04-04 12:09:33.361","2026-04-17 12:43:24.389","691284e735efe14a0913198b","Stockyards Championship Rodeo","pbr","2026-06-27 13:30:00","2026-06-27 18:30:00","2026-06-27 20:00:00",false,false,false,"[PREMIUM]","[PREMIUM]","[PREMIUM]","[PREMIUM]","[PREMIUM]","[PREMIUM]",false,false,"644977b2de0c2d0001065614","['6449a6e95f31680001721f3f']","[PREMIUM]","[PREMIUM]"
"69126cc18a45743ad243f6c4","2026-04-04 12:09:33.361","2026-04-17 12:43:31.647","69126cc18a45743ad243f6c4","Bonnie Raitt","music","2026-06-27 19:30:00","2026-06-28 00:30:00","2026-06-28 01:30:00",false,false,false,"[PREMIUM]","[PREMIUM]","[PREMIUM]","[PREMIUM]","[PREMIUM]","[PREMIUM]",false,true,"69a1cc39923aaf5f877a2e2d","['57c8b419f80c411efb81dc78']","[PREMIUM]","[PREMIUM]"
"6912516908641b191d832a39","2026-04-04 12:09:33.361","2026-04-17 12:43:31.647","6912516908641b191d832a39","2026 Summerfest - Russell Dickerson","music","2026-06-27 19:00:00","2026-06-28 00:00:00","2026-06-28 01:30:00",false,false,false,"[PREMIUM]","[PREMIUM]","[PREMIUM]","[PREMIUM]","[PREMIUM]","[PREMIUM]",false,false,"6377e62ae0d6a900011dfd08","['6192acc0002d1b0001a4d9cb','58f64fd7f80c41448a3f0f20']","[PREMIUM]","[PREMIUM]"
"691237691dade6b9f4dce83e","2026-04-04 12:09:33.361","2026-04-17 12:43:31.647","691237691dade6b9f4dce83e","Foo Fighters","music","2026-06-27 17:00:00","2026-06-27 16:00:00","2026-06-27 17:00:00",false,false,false,"[PREMIUM]","[PREMIUM]","[PREMIUM]","[PREMIUM]","[PREMIUM]","[PREMIUM]",false,false,"68224845638a2cb1b4e024d6","['56047cb2f80c411756000002']","[PREMIUM]","[PREMIUM]"
"6910fca195fd4fdcee9d38c5","2026-04-04 12:09:33.361","2026-04-17 12:43:31.647","6910fca195fd4fdcee9d38c5","Michael Blackson","music","2026-06-27 19:00:00","2026-06-28 00:00:00","2026-06-28 01:30:00",false,false,false,"[PREMIUM]","[PREMIUM]","[PREMIUM]","[PREMIUM]","[PREMIUM]","[PREMIUM]",false,true,"649c71513a10f70001ea34dc","['5afcb4162479b000153d0b4f']","[PREMIUM]","[PREMIUM]"
"690f3a57741a1e280c90b5bd","2026-04-04 12:09:33.361","2026-04-17 12:43:31.647","690f3a57741a1e280c90b5bd","Laugh Factory","comedy","2026-06-27 19:30:00","2026-06-28 02:30:00","2026-06-28 02:30:00",false,false,false,"[PREMIUM]","[PREMIUM]","[PREMIUM]","[PREMIUM]","[PREMIUM]","[PREMIUM]",false,false,"61e072c5ee02da00019d6dae","['658c6eed71b106d7496c0a41']","[PREMIUM]","[PREMIUM]"
"690f3a56741a1e280c90b5bc","2026-04-04 12:09:33.361","2026-04-17 12:43:24.389","690f3a56741a1e280c90b5bc","Laugh Factory","comedy","2026-06-26 21:30:00","2026-06-27 04:30:00","2026-06-27 04:30:00",false,false,false,"[PREMIUM]","[PREMIUM]","[PREMIUM]","[PREMIUM]","[PREMIUM]","[PREMIUM]",false,false,"61e072c5ee02da00019d6dae","['658c6eed71b106d7496c0a41']","[PREMIUM]","[PREMIUM]"
"690e5706c4b7b979ee3809ca","2026-04-04 12:09:33.361","2026-04-17 12:43:31.647","690e5706c4b7b979ee3809ca","Jack Johnson","music","2026-06-27 19:30:00","2026-06-27 23:30:00","2026-06-28 00:30:00",false,false,false,"[PREMIUM]","[PREMIUM]","[PREMIUM]","[PREMIUM]","[PREMIUM]","[PREMIUM]",false,false,"56e83d02f80c412964000001","['58a48d29f80c412774a77327']","[PREMIUM]","[PREMIUM]"
"690cecc66bc219b2e5ce451d","2026-04-04 12:09:33.361","2026-04-17 12:43:31.647","690cecc66bc219b2e5ce451d","Journey","music","2026-06-27 19:30:00","2026-06-28 00:30:00","2026-06-28 01:30:00",false,false,false,"[PREMIUM]","[PREMIUM]","[PREMIUM]","[PREMIUM]","[PREMIUM]","[PREMIUM]",false,false,"588a807ccde6626ebe4253b5","['56eb070df80c417f84000002']","[PREMIUM]","[PREMIUM]"
"6909851d3f89fc54e0512f55","2026-04-04 12:09:33.361","2026-04-17 12:43:31.647","6909851d3f89fc54e0512f55","The Outsiders","theater","2026-06-27 19:30:00","2026-06-27 23:30:00","2026-06-27 23:30:00",false,false,false,"[PREMIUM]","[PREMIUM]","[PREMIUM]","[PREMIUM]","[PREMIUM]","[PREMIUM]",false,false,"5aa17788eefc470013edb1e6","['6542d2a8fdd787335382edb0']","[PREMIUM]","[PREMIUM]"
"690934e024426e01192b634e","2026-04-04 12:09:33.361","2026-04-17 12:43:24.389","690934e024426e01192b634e","Three Dog Night","music","2026-06-27 13:00:00","2026-06-27 17:00:00","2026-06-27 18:30:00",false,false,false,"[PREMIUM]","[PREMIUM]","[PREMIUM]","[PREMIUM]","[PREMIUM]","[PREMIUM]",false,true,"68027bc1dc59a1512c18ebee","['5d71f18655e8ea00384187bf']","[PREMIUM]","[PREMIUM]"
"69092c271da962714a846611","2026-04-04 12:09:33.361","2026-04-17 12:43:31.647","69092c271da962714a846611","Absinthe","theater","2026-06-27 19:00:00","2026-06-28 02:00:00","2026-06-28 02:00:00",false,false,false,"[PREMIUM]","[PREMIUM]","[PREMIUM]","[PREMIUM]","[PREMIUM]","[PREMIUM]",false,true,"65d8fe81d0d2f45c501287f9","['6578ebab25c7ed9b1537da10']","[PREMIUM]","[PREMIUM]"
"690918371da962714a845d2f","2026-04-04 12:09:33.361","2026-04-17 12:43:31.647","690918371da962714a845d2f","Soul Of Motown","music","2026-06-27 19:30:00","2026-06-28 02:30:00","2026-06-28 02:30:00",false,false,false,"[PREMIUM]","[PREMIUM]","[PREMIUM]","[PREMIUM]","[PREMIUM]","[PREMIUM]",false,false,"63bc985189e7820001307e16","['656e3e53078a1ec1ef3e160d']","[PREMIUM]","[PREMIUM]"
"690917cc395aa528b31af023","2026-04-04 12:09:33.361","2026-04-17 12:43:24.389","690917cc395aa528b31af023","Absinthe","theater","2026-06-26 23:00:00","2026-06-27 06:00:00","2026-06-27 06:00:00",false,false,false,"[PREMIUM]","[PREMIUM]","[PREMIUM]","[PREMIUM]","[PREMIUM]","[PREMIUM]",false,true,"65d8fe81d0d2f45c501287f9","['6578ebab25c7ed9b1537da10']","[PREMIUM]","[PREMIUM]"
"69090fa8af848a0aa51fac2f","2026-04-04 12:09:33.361","2026-04-17 12:43:31.647","69090fa8af848a0aa51fac2f","Stranger Things - The First Shadow","theater","2026-06-27 19:00:00","2026-06-27 23:00:00","2026-06-27 23:00:00",false,false,false,"[PREMIUM]","[PREMIUM]","[PREMIUM]","[PREMIUM]","[PREMIUM]","[PREMIUM]",false,false,"5ac64c8bf366c100132cd377","['66e8acd5c5363c88f1edd060']","[PREMIUM]","[PREMIUM]"
"6908f6cbd566dd7a5564092b","2026-04-04 12:09:33.361","2026-04-17 12:43:31.647","6908f6cbd566dd7a5564092b","Come From Away","theater","2026-06-27 19:30:00","2026-06-28 02:30:00","2026-06-28 04:00:00",false,false,false,"[PREMIUM]","[PREMIUM]","[PREMIUM]","[PREMIUM]","[PREMIUM]","[PREMIUM]",false,false,"6819079b5bcaa2501c870423","['5a9db15b4dbc9800136211f5']","[PREMIUM]","[PREMIUM]"
"6908f6cb0fc1da7738c51dc7","2026-04-04 12:09:33.361","2026-04-17 12:43:24.389","6908f6cb0fc1da7738c51dc7","Come From Away","theater","2026-06-27 13:30:00","2026-06-27 20:30:00","2026-06-27 22:00:00",false,false,false,"[PREMIUM]","[PREMIUM]","[PREMIUM]","[PREMIUM]","[PREMIUM]","[PREMIUM]",false,false,"6819079b5bcaa2501c870423","['5a9db15b4dbc9800136211f5']","[PREMIUM]","[PREMIUM]"
"6908f3c5af848a0aa51f843b","2026-04-04 12:09:33.361","2026-04-17 12:43:24.389","6908f3c5af848a0aa51f843b","The King Comes Home - Elvis Tribute","music","2026-06-27 14:00:00","2026-06-27 21:00:00","2026-06-27 21:00:00",false,false,false,"[PREMIUM]","[PREMIUM]","[PREMIUM]","[PREMIUM]","[PREMIUM]","[PREMIUM]",false,false,"63bc985189e7820001307e16","['681d173abfce51d4c661f28e']","[PREMIUM]","[PREMIUM]"
"6908f373dc7b575c2495a1f2","2026-04-04 12:09:33.361","2026-04-17 12:43:31.647","6908f373dc7b575c2495a1f2","The Magic of Jen Kramer","other","2026-06-27 17:00:00","2026-06-28 00:00:00","2026-06-28 00:00:00",false,false,false,"[PREMIUM]","[PREMIUM]","[PREMIUM]","[PREMIUM]","[PREMIUM]","[PREMIUM]",false,false,"63bc985189e7820001307e16","['656e45f51c89e60d2de45e33']","[PREMIUM]","[PREMIUM]"
"6908f1f4d09c5738139b1f70","2026-04-04 12:09:33.361","2026-04-17 12:43:24.389","6908f1f4d09c5738139b1f70","Stranger Things - The First Shadow","theater","2026-06-27 13:00:00","2026-06-27 17:00:00","2026-06-27 17:00:00",false,false,false,"[PREMIUM]","[PREMIUM]","[PREMIUM]","[PREMIUM]","[PREMIUM]","[PREMIUM]",false,false,"5ac64c8bf366c100132cd377","['66e8acd5c5363c88f1edd060']","[PREMIUM]","[PREMIUM]"
"6908cc96395aa528b31aa0ba","2026-04-04 12:09:33.361","2026-04-17 12:43:31.647","6908cc96395aa528b31aa0ba","Morgan Wallen","music","2026-06-27 17:30:00","2026-06-27 21:30:00","2026-06-27 23:00:00",false,false,false,"[PREMIUM]","[PREMIUM]","[PREMIUM]","[PREMIUM]","[PREMIUM]","[PREMIUM]",false,false,"575f3037f80c417f55087e0c","['5da4d608e7bd850038e3108d']","[PREMIUM]","[PREMIUM]"
"6903edc939c80e3b6d219af5","2026-04-04 12:09:33.361","2026-04-17 12:43:24.389","6903edc939c80e3b6d219af5","USA Gymnastics Championship","gymnastics","2026-06-27 00:00:00","2026-06-27 05:00:00","2026-06-27 06:30:00",false,true,false,"[PREMIUM]","[PREMIUM]","[PREMIUM]","[PREMIUM]","[PREMIUM]","[PREMIUM]",false,false,"58119eb5cde6626ebe0f6914","['5b73068534a149001331bbf0']","[PREMIUM]","[PREMIUM]"
"69029586356fae1fb632514e","2026-04-04 12:09:33.361","2026-04-17 12:43:31.647","69029586356fae1fb632514e","Hamilton","theater","2026-06-27 19:00:00","2026-06-27 23:00:00","2026-06-27 22:45:00",false,false,false,"[PREMIUM]","[PREMIUM]","[PREMIUM]","[PREMIUM]","[PREMIUM]","[PREMIUM]",false,false,"56d77ed8f80c4170dc000003","['5823759df80c415625c237a0']","[PREMIUM]","[PREMIUM]"
"69029584c8d0c367708279ca","2026-04-04 12:09:33.361","2026-04-17 12:43:24.389","69029584c8d0c367708279ca","Hamilton","theater","2026-06-27 13:00:00","2026-06-27 17:00:00","2026-06-27 16:45:00",false,false,false,"[PREMIUM]","[PREMIUM]","[PREMIUM]","[PREMIUM]","[PREMIUM]","[PREMIUM]",false,false,"56d77ed8f80c4170dc000003","['5823759df80c415625c237a0']","[PREMIUM]","[PREMIUM]"
"6902655dd37809246688de92","2026-04-04 12:09:33.361","2026-04-17 12:43:24.389","6902655dd37809246688de92","Ralph Harris","comedy","2026-06-26 20:00:00","2026-06-27 03:00:00","2026-06-27 03:00:00",false,false,false,"[PREMIUM]","[PREMIUM]","[PREMIUM]","[PREMIUM]","[PREMIUM]","[PREMIUM]",false,true,"65b813c7b5cdf824f709a2f1","['6712f25e16fc38743edbaea4']","[PREMIUM]","[PREMIUM]"
"6901855693bd90cf7c7376d1","2026-04-04 12:09:33.361","2026-04-17 12:43:24.389","6901855693bd90cf7c7376d1","2026 DICK'S Sporting Goods Open - Saturday","pga","2026-06-27 08:00:00","2026-06-27 12:00:00","2026-06-27 12:00:00",false,false,false,"[PREMIUM]","[PREMIUM]","[PREMIUM]","[PREMIUM]","[PREMIUM]","[PREMIUM]",false,false,"65ca6d1d8c7c20b7fc21ca13","['666a1414e2099af440704a03']","[PREMIUM]","[PREMIUM]"
"68fff584ecd7b554b3172a01","2026-04-04 12:09:33.361","2026-04-17 12:43:24.389","68fff584ecd7b554b3172a01","The Outsiders","theater","2026-06-27 14:00:00","2026-06-27 18:00:00","2026-06-27 18:00:00",false,false,false,"[PREMIUM]","[PREMIUM]","[PREMIUM]","[PREMIUM]","[PREMIUM]","[PREMIUM]",false,false,"5aa17788eefc470013edb1e6","['6542d2a8fdd787335382edb0']","[PREMIUM]","[PREMIUM]"
"68fc1b22ecd7b554b3164f84","2026-04-04 12:09:33.361","2026-04-17 12:43:31.647","68fc1b22ecd7b554b3164f84","Wayne Newton","music","2026-06-27 19:00:00","2026-06-28 02:00:00","2026-06-28 02:00:00",false,false,false,"[PREMIUM]","[PREMIUM]","[PREMIUM]","[PREMIUM]","[PREMIUM]","[PREMIUM]",false,false,"64011f5f35ef8e000125b353","['64ef934f3f169500014f9812']","[PREMIUM]","[PREMIUM]"
"68faadf2f84edf29a2f62bd6","2026-04-04 12:09:33.361","2026-04-17 12:43:31.647","68faadf2f84edf29a2f62bd6","Grand Ole Opry","music","2026-06-27 19:00:00","2026-06-28 00:00:00","2026-06-28 00:00:00",false,false,false,"[PREMIUM]","[PREMIUM]","[PREMIUM]","[PREMIUM]","[PREMIUM]","[PREMIUM]",false,false,"61afb7b2b044210001765879","['64b6c9b2492ae800019f8726']","[PREMIUM]","[PREMIUM]"
"68f960cf829b9b8ed0417d2d","2026-04-04 12:09:33.361","2026-04-17 12:43:31.647","68f960cf829b9b8ed0417d2d","Chicago Dogs at Lincoln Saltdogs","milb","2026-06-27 18:05:00","2026-06-27 23:05:00","2026-06-27 23:05:00",false,false,false,"[PREMIUM]","[PREMIUM]","[PREMIUM]","[PREMIUM]","[PREMIUM]","[PREMIUM]",false,false,"591413cf49850a61e4740cb0","['667d9608f491b3dd5f0f7095','667d98e8ecf433a191b7bcdd']","[PREMIUM]","[PREMIUM]"
"68f87988a1df084bdd67fa91","2026-04-04 12:09:33.361","2026-04-17 12:43:31.647","68f87988a1df084bdd67fa91","Kane County Cougars at Sioux Falls Canaries","milb","2026-06-27 17:35:00","2026-06-27 22:35:00","2026-06-27 22:35:00",false,false,false,"[PREMIUM]","[PREMIUM]","[PREMIUM]","[PREMIUM]","[PREMIUM]","[PREMIUM]",false,false,"65ce6a4b1c4be019c9dd2bb4","['667d97310de323cd0e45c17b','5a94795cf089fe00137b0c06']","[PREMIUM]","[PREMIUM]"
"68f860e8cfa405ebabb89ed5","2026-04-04 12:09:33.361","2026-04-17 12:43:31.647","68f860e8cfa405ebabb89ed5","Fargo-Moorhead RedHawks at Winnipeg Goldeyes","milb","2026-06-27 18:00:00","2026-06-27 23:00:00","2026-06-27 23:00:00",false,false,false,"[PREMIUM]","[PREMIUM]","[PREMIUM]","[PREMIUM]","[PREMIUM]","[PREMIUM]",false,true,"545d4ace3bf3762bdb000001","['667d999492afeef5c7450292','64407b351da1df00012fd548']","[PREMIUM]","[PREMIUM]"
"68f3fb6a0d6dafb582d70bd1","2026-04-04 12:09:33.361","2026-04-17 12:43:24.389","68f3fb6a0d6dafb582d70bd1","The Outsiders","theater","2026-06-27 14:00:00","2026-06-27 18:00:00","2026-06-27 18:00:00",false,false,false,"[PREMIUM]","[PREMIUM]","[PREMIUM]","[PREMIUM]","[PREMIUM]","[PREMIUM]",false,false,"5ad8dbbee5ba620013159b21","['6542d2a8fdd787335382edb0']","[PREMIUM]","[PREMIUM]"
"68f2c3b7367ff2509c7f45ba","2026-04-04 12:09:33.361","2026-04-17 12:43:24.389","68f2c3b7367ff2509c7f45ba","Trenton Thunder at West Virginia Black Bears","milb","2026-06-27 00:00:00","2026-06-27 04:00:00","2026-06-27 04:00:00",false,true,false,"[PREMIUM]","[PREMIUM]","[PREMIUM]","[PREMIUM]","[PREMIUM]","[PREMIUM]",false,false,"668f0e8608f6704e611cccf4","['6939efafd00f2fbef8bf1625','6939f1b55c52bbb3188d89c9']","[PREMIUM]","[PREMIUM]"
"68f2c3b3d49c230645b6a07e","2026-04-04 12:09:33.361","2026-04-17 12:43:24.389","68f2c3b3d49c230645b6a07e","Mahoning Valley Scrappers at State College Spikes","milb","2026-06-27 00:00:00","2026-06-27 04:00:00","2026-06-27 04:00:00",false,true,false,"[PREMIUM]","[PREMIUM]","[PREMIUM]","[PREMIUM]","[PREMIUM]","[PREMIUM]",false,false,"677c38a337f50f5d9d3e9c3e","['6939ee8c4ca0378b0029b4b0','6939ecf4d10fb49e8d4c7637']","[PREMIUM]","[PREMIUM]"
"68f2af5926a2501c5d8d9792","2026-04-04 12:09:33.361","2026-04-17 12:43:31.647","68f2af5926a2501c5d8d9792","Jim Jefferies","comedy","2026-06-27 19:00:00","2026-06-27 23:00:00","2026-06-28 00:00:00",false,false,false,"[PREMIUM]","[PREMIUM]","[PREMIUM]","[PREMIUM]","[PREMIUM]","[PREMIUM]",false,false,"64235825aa42dc0001cfba9b","['580a99e8f80c4139e4d504ee']","[PREMIUM]","[PREMIUM]"
"68f04117a1df084bdd642d37","2026-04-04 12:09:33.361","2026-04-17 12:43:24.389","68f04117a1df084bdd642d37","Water For Elephants","theater","2026-06-27 14:00:00","2026-06-27 19:00:00","2026-06-27 19:00:00",false,false,false,"[PREMIUM]","[PREMIUM]","[PREMIUM]","[PREMIUM]","[PREMIUM]","[PREMIUM]",false,false,"6543d9624820c1fccb717213","['653ac12fb4486ce2383d9f7a']","[PREMIUM]","[PREMIUM]"
"68f0411719b105fbcd471ffd","2026-04-04 12:09:33.361","2026-04-17 12:43:31.647","68f0411719b105fbcd471ffd","Water For Elephants","theater","2026-06-27 19:30:00","2026-06-28 00:30:00","2026-06-28 00:30:00",false,false,false,"[PREMIUM]","[PREMIUM]","[PREMIUM]","[PREMIUM]","[PREMIUM]","[PREMIUM]",false,false,"6543d9624820c1fccb717213","['653ac12fb4486ce2383d9f7a']","[PREMIUM]","[PREMIUM]"
"68ef2870f3a8afd8fe70ab44","2026-04-04 12:09:33.361","2026-04-17 12:43:24.389","68ef2870f3a8afd8fe70ab44","The Great Gatsby","theater","2026-06-27 14:00:00","2026-06-27 18:00:00","2026-06-27 18:00:00",false,false,false,"[PREMIUM]","[PREMIUM]","[PREMIUM]","[PREMIUM]","[PREMIUM]","[PREMIUM]",false,false,"5825256ccde6626ebe5710e4","['65b977c239e21fd436bbe2e8']","[PREMIUM]","[PREMIUM]"
"68eee8e49043c144ad354572","2026-04-04 12:09:33.361","2026-04-17 12:43:24.389","68eee8e49043c144ad354572","The Lost Boys","theater","2026-06-27 14:00:00","2026-06-27 18:00:00","2026-06-27 18:00:00",false,false,false,"[PREMIUM]","[PREMIUM]","[PREMIUM]","[PREMIUM]","[PREMIUM]","[PREMIUM]",false,true,"67f99229c6ae74fe10d87f17","['6994ae176c2c887fdff0f989']","[PREMIUM]","[PREMIUM]"
"68eed6524cc0681037ce17e6","2026-04-04 12:09:33.361","2026-04-17 12:43:31.647","68eed6524cc0681037ce17e6","David","theater","2026-06-27 15:30:00","2026-06-27 20:30:00","2026-06-27 20:30:00",false,false,false,"[PREMIUM]","[PREMIUM]","[PREMIUM]","[PREMIUM]","[PREMIUM]","[PREMIUM]",false,false,"67ae894622430c8efd16b166","['67b52c0742115155aa84be95']","[PREMIUM]","[PREMIUM]"
"68eed6516fb30e4f66fa7446","2026-04-04 12:09:33.361","2026-04-17 12:43:24.389","68eed6516fb30e4f66fa7446","David","theater","2026-06-27 11:30:00","2026-06-27 16:30:00","2026-06-27 16:30:00",false,false,false,"[PREMIUM]","[PREMIUM]","[PREMIUM]","[PREMIUM]","[PREMIUM]","[PREMIUM]",false,false,"67ae894622430c8efd16b166","['67b52c0742115155aa84be95']","[PREMIUM]","[PREMIUM]"
"68eecffc4b8cf1f55d1438d0","2026-04-04 12:09:33.361","2026-04-17 12:43:31.647","68eecffc4b8cf1f55d1438d0","Cirque du Soleil Mystere","theater","2026-06-27 18:00:00","2026-06-28 01:00:00","2026-06-28 02:30:00",false,false,false,"[PREMIUM]","[PREMIUM]","[PREMIUM]","[PREMIUM]","[PREMIUM]","[PREMIUM]",false,true,"65d54598ac5c06aebc3ffd1a","['63bc788bc2c409000116670e']","[PREMIUM]","[PREMIUM]"
"68eeb45bc748b502a50d9971","2026-04-04 12:09:33.361","2026-04-17 12:43:24.389","68eeb45bc748b502a50d9971","Cats - The Jellicle Ball","theater","2026-06-27 14:00:00","2026-06-27 18:00:00","2026-06-27 19:30:00",false,false,false,"[PREMIUM]","[PREMIUM]","[PREMIUM]","[PREMIUM]","[PREMIUM]","[PREMIUM]",false,false,"5a9ed0d3aade21001363cda7","['5a99a153ccb7ce0014f78794']","[PREMIUM]","[PREMIUM]"
"68ed7e94d49c230645b3c70a","2026-04-04 12:09:33.361","2026-04-17 12:43:24.389","68ed7e94d49c230645b3c70a","Stockyards Championship Rodeo","pbr","2026-06-27 09:30:00","2026-06-27 14:30:00","2026-06-27 16:00:00",false,false,false,"[PREMIUM]","[PREMIUM]","[PREMIUM]","[PREMIUM]","[PREMIUM]","[PREMIUM]",false,false,"644977b2de0c2d0001065614","['6449a6e95f31680001721f3f']","[PREMIUM]","[PREMIUM]"
"68ed48b1431236a0b641176c","2026-04-04 12:09:33.361","2026-04-17 12:43:31.647","68ed48b1431236a0b641176c","2026 Summerfest - Post Malone","music","2026-06-27 19:00:00","2026-06-28 00:00:00","2026-06-28 01:00:00",false,false,false,"[PREMIUM]","[PREMIUM]","[PREMIUM]","[PREMIUM]","[PREMIUM]","[PREMIUM]",false,false,"5776e249f80c413137f38b7e","['57c73f6af80c411f0d14867c','58f64fd7f80c41448a3f0f20']","[PREMIUM]","[PREMIUM]"
"68ead8b379e10c34c9e72c87","2026-04-04 12:09:33.361","2026-04-17 12:43:31.647","68ead8b379e10c34c9e72c87","Colin Cloud","other","2026-06-27 18:00:00","2026-06-28 01:00:00","2026-06-28 01:00:00",false,false,false,"[PREMIUM]","[PREMIUM]","[PREMIUM]","[PREMIUM]","[PREMIUM]","[PREMIUM]",false,false,"65f200855af108e82a8c4c7a","['6633cd9c782a3e17d4960275']","[PREMIUM]","[PREMIUM]"
"68e9be0e53e03daed089e423","2026-04-04 12:09:33.361","2026-04-17 12:43:24.389","68e9be0e53e03daed089e423","Loco Beach Coconuts at Texas Tailgaters","other","2026-06-27 00:00:00","2026-06-27 05:00:00","2026-06-27 05:00:00",false,true,false,"[PREMIUM]","[PREMIUM]","[PREMIUM]","[PREMIUM]","[PREMIUM]","[PREMIUM]",false,false,"5c9027f7ba5146001525fe13","['6700333a471aeef2c231c58a','68f17e68076c1efcc0fd4d5a']","[PREMIUM]","[PREMIUM]"
"68e9a25fec301e58d6ed37e8","2026-04-04 12:09:33.361","2026-04-17 12:43:31.647","68e9a25fec301e58d6ed37e8","Savannah Bananas at Party Animals","other","2026-06-27 17:00:00","2026-06-28 00:00:00","2026-06-28 01:30:00",false,false,false,"[PREMIUM]","[PREMIUM]","[PREMIUM]","[PREMIUM]","[PREMIUM]","[PREMIUM]",false,false,"55810035a2e3a93087000001","['6361a792f191f10001d6aad6','6361a6f8fb012800014ddd8e']","[PREMIUM]","[PREMIUM]"
"68e98ceeee174d68b1850aba","2026-04-04 12:09:33.361","2026-04-17 12:43:31.647","68e98ceeee174d68b1850aba","The Firefighters at Indianapolis Clowns","other","2026-06-27 19:00:00","2026-06-28 00:00:00","2026-06-28 00:00:00",false,false,false,"[PREMIUM]","[PREMIUM]","[PREMIUM]","[PREMIUM]","[PREMIUM]","[PREMIUM]",false,false,"6441c6eeb42f840001463db5","['68f180c20d6dafb582d5a408','6526c334d8b39fcc8ed5622a']","[PREMIUM]","[PREMIUM]"
"68e8fbb14a32a26b1afeda52","2026-04-04 12:09:33.361","2026-04-17 12:43:31.647","68e8fbb14a32a26b1afeda52","MJ Live - Michael Jackson Tribute Show","music","2026-06-27 19:00:00","2026-06-28 02:00:00","2026-06-28 02:00:00",false,false,false,"[PREMIUM]","[PREMIUM]","[PREMIUM]","[PREMIUM]","[PREMIUM]","[PREMIUM]",false,true,"676f3ef81c9f99c67660f467","['665f3aec7032d92a83b67766']","[PREMIUM]","[PREMIUM]"
"68e73704681fbf7f7067cce9","2026-04-04 12:09:33.361","2026-04-17 12:43:24.389","68e73704681fbf7f7067cce9","Lake Erie Crushers at Mississippi Mud Monsters","milb","2026-06-27 00:00:00","2026-06-27 05:00:00","2026-06-27 05:00:00",false,true,false,"[PREMIUM]","[PREMIUM]","[PREMIUM]","[PREMIUM]","[PREMIUM]","[PREMIUM]",false,false,"66db7cf03df735f1aaf3f651","['69431c83c35207f2db169808','67214a4b426d76eda87f7a61']","[PREMIUM]","[PREMIUM]"
"68e70769367ff2509c7a1b9e","2026-04-04 12:09:33.361","2026-04-17 12:43:24.389","68e70769367ff2509c7a1b9e","Sussex County Miners at Trois-Rivieres Aigles","milb","2026-06-27 00:00:00","2026-06-27 04:00:00","2026-06-27 04:00:00",false,true,false,"[PREMIUM]","[PREMIUM]","[PREMIUM]","[PREMIUM]","[PREMIUM]","[PREMIUM]",false,false,"64e686c008104900015adb4d","['64dcf003e532140001b84a92','6633f4ac99a4542f6629d4a2']","[PREMIUM]","[PREMIUM]"
"68e6cc530d92bb0dc75cce08","2026-04-04 12:09:33.361","2026-04-17 12:43:24.389","68e6cc530d92bb0dc75cce08","Joliet Slammers at Washington Wild Things","milb","2026-06-27 00:00:00","2026-06-27 04:00:00","2026-06-27 04:00:00",false,true,false,"[PREMIUM]","[PREMIUM]","[PREMIUM]","[PREMIUM]","[PREMIUM]","[PREMIUM]",false,false,"67e594e63d30140f80c0f797","['6724fa3fd798e0f554ccebb9','6937518ca485725dfe8d0a99']","[PREMIUM]","[PREMIUM]"
"68e6c7cd5d5df93149b19aca","2026-04-04 12:09:33.361","2026-04-17 12:43:31.647","68e6c7cd5d5df93149b19aca","Washington Wild Things at Schaumburg Boomers","milb","2026-06-27 18:30:00","2026-06-27 23:30:00","2026-06-27 23:30:00",false,false,false,"[PREMIUM]","[PREMIUM]","[PREMIUM]","[PREMIUM]","[PREMIUM]","[PREMIUM]",false,false,"67e312563d30140f80c0e458","['69431a0968752892781d204e','6724fa3fd798e0f554ccebb9']","[PREMIUM]","[PREMIUM]"
"68e6abf1ccea9881e7a84fb6","2026-04-04 12:09:33.361","2026-04-17 12:43:31.647","68e6abf1ccea9881e7a84fb6","Six the Musical","theater","2026-06-27 15:00:00","2026-06-27 19:00:00","2026-06-27 20:30:00",false,false,false,"[PREMIUM]","[PREMIUM]","[PREMIUM]","[PREMIUM]","[PREMIUM]","[PREMIUM]",false,false,"5a9ed1883d72840013fdb247","['641a21f065ff5c00019e582a']","[PREMIUM]","[PREMIUM]"
"68e698945151094a426791cb","2026-04-04 12:09:33.361","2026-04-17 12:43:31.647","68e698945151094a426791cb","Alan Jackson","music","2026-06-27 17:30:00","2026-06-27 22:30:00","2026-06-28 00:00:00",false,false,false,"[PREMIUM]","[PREMIUM]","[PREMIUM]","[PREMIUM]","[PREMIUM]","[PREMIUM]",false,false,"55ae9c43f80c4105fb000001","['5cf7ec3566544100195f9190']","[PREMIUM]","[PREMIUM]"
"68e5e8343203454f287840b9","2026-04-04 12:09:33.361","2026-04-17 12:43:31.647","68e5e8343203454f287840b9","Schaumburg Boomers at Tri-City ValleyCats","milb","2026-06-27 18:30:00","2026-06-27 22:30:00","2026-06-27 22:30:00",false,false,false,"[PREMIUM]","[PREMIUM]","[PREMIUM]","[PREMIUM]","[PREMIUM]","[PREMIUM]",false,false,"68963db4b5495caa5394cac7","['64ecd8b4fb38af0001ba4e19','69431a0968752892781d204e']","[PREMIUM]","[PREMIUM]"
"68e5e6a89d506fcf6183e39b","2026-04-04 12:09:33.361","2026-04-17 12:43:24.389","68e5e6a89d506fcf6183e39b","New York Boulders at Quebec Capitales","milb","2026-06-27 00:00:00","2026-06-27 04:00:00","2026-06-27 04:00:00",false,true,false,"[PREMIUM]","[PREMIUM]","[PREMIUM]","[PREMIUM]","[PREMIUM]","[PREMIUM]",false,false,"64daa765520ab900019f7873","['64e974b671f3bd0001b201ba','6633f44470de9efa69d61129']","[PREMIUM]","[PREMIUM]"
"68e5964fd02d09ff2cf3b2db","2026-04-04 12:09:33.361","2026-04-17 12:43:31.647","68e5964fd02d09ff2cf3b2db","Last Podcast On The Left","comedy","2026-06-27 18:00:00","2026-06-27 22:00:00","2026-06-27 23:30:00",false,false,false,"[PREMIUM]","[PREMIUM]","[PREMIUM]","[PREMIUM]","[PREMIUM]","[PREMIUM]",false,false,"5dbc4c242bcda30038d90872","['60edf7c9458d2c0001b15de8']","[PREMIUM]","[PREMIUM]"
"68e53c2a63baf9c85fd6f387","2026-04-04 12:09:33.361","2026-04-17 12:43:31.647","68e53c2a63baf9c85fd6f387","Hardy","music","2026-06-27 19:00:00","2026-06-27 23:00:00","2026-06-28 00:30:00",false,false,false,"[PREMIUM]","[PREMIUM]","[PREMIUM]","[PREMIUM]","[PREMIUM]","[PREMIUM]",false,false,"57631cadf80c41449a7c440d","['5d77ded8fa4b6b0038b5b866']","[PREMIUM]","[PREMIUM]"
"68e1311a3203454f2876a21f","2026-04-04 12:09:33.361","2026-04-17 12:43:24.389","68e1311a3203454f2876a21f","Hadestown","theater","2026-06-27 14:00:00","2026-06-27 18:00:00","2026-06-27 19:30:00",false,false,false,"[PREMIUM]","[PREMIUM]","[PREMIUM]","[PREMIUM]","[PREMIUM]","[PREMIUM]",false,false,"5997347a9da0d48c0d33a3a1","['5cd4713c51c17b0014fd5005']","[PREMIUM]","[PREMIUM]"
"68df3adf42f87a3bfb8a64b4","2026-04-04 12:09:33.361","2026-04-17 12:43:31.647","68df3adf42f87a3bfb8a64b4","Colorado Symphony Orchestra - Distant Worlds: music from FINAL FANTASY","music","2026-06-27 19:30:00","2026-06-28 01:30:00","2026-06-28 01:30:00",false,false,false,"[PREMIUM]","[PREMIUM]","[PREMIUM]","[PREMIUM]","[PREMIUM]","[PREMIUM]",false,false,"6622fcb56e2086ac6791cd7b","['664e535b9859c1b2edc16fe9']","[PREMIUM]","[PREMIUM]"
"68df031dde1d2017ee628dce","2026-04-04 12:09:33.361","2026-04-17 12:43:31.647","68df031dde1d2017ee628dce","Colorado Symphony Orchestra: Distant Worlds Music from Final Fantasy","music","2026-06-27 19:30:00","2026-06-28 01:30:00","2026-06-28 01:30:00",false,false,false,"[PREMIUM]","[PREMIUM]","[PREMIUM]","[PREMIUM]","[PREMIUM]","[PREMIUM]",false,true,"6622fcb56e2086ac6791cd7b","['664e535b9859c1b2edc16fe9']","[PREMIUM]","[PREMIUM]"
"68ddcdacb85139ff4c1c7c70","2026-04-04 12:09:33.361","2026-04-17 12:43:31.647","68ddcdacb85139ff4c1c7c70","Menopause the Musical","theater","2026-06-27 16:00:00","2026-06-27 23:00:00","2026-06-27 23:00:00",false,false,false,"[PREMIUM]","[PREMIUM]","[PREMIUM]","[PREMIUM]","[PREMIUM]","[PREMIUM]",false,true,"65f200855af108e82a8c4c7a","['65fdd5da0d1693a2ca558692']","[PREMIUM]","[PREMIUM]"
"68dd50a800fe30f26b52d466","2026-04-04 12:09:33.361","2026-04-17 12:43:31.647","68dd50a800fe30f26b52d466","Louis Tomlinson","music","2026-06-27 19:00:00","2026-06-28 00:00:00","2026-06-28 01:30:00",false,false,false,"[PREMIUM]","[PREMIUM]","[PREMIUM]","[PREMIUM]","[PREMIUM]","[PREMIUM]",false,false,"5819092ccde6626ebe2ad260","['5db85451717387003a447e37']","[PREMIUM]","[PREMIUM]"
"68db17349acc37658fff948e","2026-04-04 12:09:33.361","2026-04-17 12:43:31.647","68db17349acc37658fff948e","Monty Python's Spamalot","theater","2026-06-27 19:30:00","2026-06-27 23:30:00","2026-06-27 23:30:00",false,false,false,"[PREMIUM]","[PREMIUM]","[PREMIUM]","[PREMIUM]","[PREMIUM]","[PREMIUM]",false,true,"6737d42db215f4ca6612427d","['6595965e78e96408baaedd59']","[PREMIUM]","[PREMIUM]"
"68daea606c7ceaec86ac0de5","2026-04-04 12:09:33.361","2026-04-17 12:43:31.647","68daea606c7ceaec86ac0de5","Josh Gates","theater","2026-06-27 19:30:00","2026-06-28 02:30:00","2026-06-28 02:30:00",false,false,false,"[PREMIUM]","[PREMIUM]","[PREMIUM]","[PREMIUM]","[PREMIUM]","[PREMIUM]",false,false,"59b848e23d4a400001188f5b","['64dba02abf18690001c8004a']","[PREMIUM]","[PREMIUM]"
"68d944e75a4c936ee6e76ef2","2026-04-04 12:09:33.361","2026-04-17 12:43:24.389","68d944e75a4c936ee6e76ef2","Anastasia - Musical","theater","2026-06-27 14:00:00","2026-06-27 21:00:00","2026-06-27 22:30:00",false,false,false,"[PREMIUM]","[PREMIUM]","[PREMIUM]","[PREMIUM]","[PREMIUM]","[PREMIUM]",false,true,"67e3123dc46809dea4b32d8e","['5a9db553fc70f90015178aca']","[PREMIUM]","[PREMIUM]"
"68d357e17acde2a1b5649e6e","2026-04-04 12:09:33.361","2026-04-17 12:43:31.647","68d357e17acde2a1b5649e6e","Cirque du Soleil Mad Apple (18+ Event)","music","2026-06-27 19:00:00","2026-06-28 02:00:00","2026-06-28 03:30:00",false,false,false,"[PREMIUM]","[PREMIUM]","[PREMIUM]","[PREMIUM]","[PREMIUM]","[PREMIUM]",false,false,"568dac45f80c4173b2000001","['62c761ea089594000195d327']","[PREMIUM]","[PREMIUM]"
"68d3556f8964ed638bf82d0f","2026-04-04 12:09:33.361","2026-04-17 12:43:31.647","68d3556f8964ed638bf82d0f","Tommy Davidson (18+ Event)","comedy","2026-06-27 19:00:00","2026-06-28 00:00:00","2026-06-28 01:30:00",false,false,false,"[PREMIUM]","[PREMIUM]","[PREMIUM]","[PREMIUM]","[PREMIUM]","[PREMIUM]",false,true,"637beb419e732c00013b277d","['61aa846c5e87290001fb6b44']","[PREMIUM]","[PREMIUM]"
"68d307d88d0db404e1600b4f","2026-04-04 12:09:33.361","2026-04-17 12:43:24.389","68d307d88d0db404e1600b4f","Mrs Doubtfire","theater","2026-06-27 14:00:00","2026-06-27 18:00:00","2026-06-27 18:00:00",false,false,false,"[PREMIUM]","[PREMIUM]","[PREMIUM]","[PREMIUM]","[PREMIUM]","[PREMIUM]",false,false,"65ea68223323f06cbe36f75c","['652ef7a7e0a6d7050f878e9e']","[PREMIUM]","[PREMIUM]"
"68d307d8640d0259cbf7ffc5","2026-04-04 12:09:33.361","2026-04-17 12:43:31.647","68d307d8640d0259cbf7ffc5","Mrs Doubtfire","theater","2026-06-27 19:30:00","2026-06-27 23:30:00","2026-06-27 23:30:00",false,false,false,"[PREMIUM]","[PREMIUM]","[PREMIUM]","[PREMIUM]","[PREMIUM]","[PREMIUM]",false,false,"65ea68223323f06cbe36f75c","['652ef7a7e0a6d7050f878e9e']","[PREMIUM]","[PREMIUM]"
"68d2cfc8fb11549d25ce8810","2026-04-04 12:09:33.361","2026-04-17 12:43:31.647","68d2cfc8fb11549d25ce8810","Cirque du Soleil KA","theater","2026-06-27 16:30:00","2026-06-27 23:30:00","2026-06-28 00:00:00",false,false,false,"[PREMIUM]","[PREMIUM]","[PREMIUM]","[PREMIUM]","[PREMIUM]","[PREMIUM]",false,false,"62cdd6c24e408a00016016cb","['62c758fed5d13700012454ba']","[PREMIUM]","[PREMIUM]"
"68d2cfb4427d0861e6f13320","2026-04-04 12:09:33.361","2026-04-17 12:43:31.647","68d2cfb4427d0861e6f13320","Cirque du Soleil O","theater","2026-06-27 18:30:00","2026-06-28 01:30:00","2026-06-28 02:30:00",false,false,false,"[PREMIUM]","[PREMIUM]","[PREMIUM]","[PREMIUM]","[PREMIUM]","[PREMIUM]",false,false,"568d94b2f80c417330000001","['568d94bef80c417330000008']","[PREMIUM]","[PREMIUM]"
"68d2aef3a0c796abc7411402","2026-04-04 12:09:33.361","2026-04-17 12:43:31.647","68d2aef3a0c796abc7411402","Blue Man Group","theater","2026-06-27 17:00:00","2026-06-28 00:00:00","2026-06-28 01:00:00",false,false,false,"[PREMIUM]","[PREMIUM]","[PREMIUM]","[PREMIUM]","[PREMIUM]","[PREMIUM]",false,false,"62cc6fe874f0f100012e52f6","['59d6a31925f2c554ce10100a']","[PREMIUM]","[PREMIUM]"
"68d2aea5eb55e4355bbfd2db","2026-04-04 12:09:33.361","2026-04-17 12:43:31.647","68d2aea5eb55e4355bbfd2db","Cirque du Soleil: Michael Jackson ONE","theater","2026-06-27 18:30:00","2026-06-28 01:30:00","2026-06-28 01:30:00",false,false,false,"[PREMIUM]","[PREMIUM]","[PREMIUM]","[PREMIUM]","[PREMIUM]","[PREMIUM]",false,false,"62cdd7543283f30001154846","['65497e9b7655e1ea632d87b4']","[PREMIUM]","[PREMIUM]"
"68d2aea23e8252b72c3dbafb","2026-04-04 12:09:33.361","2026-04-17 12:43:31.647","68d2aea23e8252b72c3dbafb","Cirque du Soleil: KA","theater","2026-06-27 19:00:00","2026-06-28 02:00:00","2026-06-28 02:00:00",false,false,false,"[PREMIUM]","[PREMIUM]","[PREMIUM]","[PREMIUM]","[PREMIUM]","[PREMIUM]",false,false,"62cdd6c24e408a00016016cb","['65497e9b7655e1ea632d87b4']","[PREMIUM]","[PREMIUM]"
"68d1b059abeb38f8074843b5","2026-04-04 12:09:33.361","2026-04-17 12:43:24.389","68d1b059abeb38f8074843b5","The Lion King","theater","2026-06-27 14:00:00","2026-06-27 18:00:00","2026-06-27 19:00:00",false,false,false,"[PREMIUM]","[PREMIUM]","[PREMIUM]","[PREMIUM]","[PREMIUM]","[PREMIUM]",false,false,"5824bfc2cde6626ebe54af66","['5824bdb4f80c41531c0e9a2f']","[PREMIUM]","[PREMIUM]"
"68d19505d7eb63666f75bce5","2026-04-04 12:09:33.361","2026-04-17 12:43:31.647","68d19505d7eb63666f75bce5","Take That","music","2026-06-27 17:00:00","2026-06-27 16:00:00","2026-06-27 16:00:00",false,false,false,"[PREMIUM]","[PREMIUM]","[PREMIUM]","[PREMIUM]","[PREMIUM]","[PREMIUM]",false,true,"686600f506a8823a75587a1c","['69b483fff618125728ab291c']","[PREMIUM]","[PREMIUM]"
"68cd6f894edcf9fb23b1f57a","2026-04-04 12:09:33.361","2026-04-17 12:43:24.389","68cd6f894edcf9fb23b1f57a","Aladdin","theater","2026-06-27 14:00:00","2026-06-27 18:00:00","2026-06-27 19:00:00",false,false,false,"[PREMIUM]","[PREMIUM]","[PREMIUM]","[PREMIUM]","[PREMIUM]","[PREMIUM]",false,false,"5824ec61cde6626ebe562239","['5824e09bf80c4177ff0df05e']","[PREMIUM]","[PREMIUM]"
"68cca94bd48e75b0d65028a5","2026-04-04 12:09:33.361","2026-04-17 12:43:31.647","68cca94bd48e75b0d65028a5","Oh Mary","theater","2026-06-27 17:00:00","2026-06-27 21:00:00","2026-06-27 21:00:00",false,false,false,"[PREMIUM]","[PREMIUM]","[PREMIUM]","[PREMIUM]","[PREMIUM]","[PREMIUM]",false,false,"5ac67bcbd03fa4001318a3a8","['663a800860301e272fa2c5ca']","[PREMIUM]","[PREMIUM]"
"68cc8caff611d19d2753f51c","2026-04-04 12:09:33.361","2026-04-17 12:43:31.647","68cc8caff611d19d2753f51c","Piff the Magic Dragon","theater","2026-06-27 19:00:00","2026-06-28 02:00:00","2026-06-28 02:00:00",false,false,false,"[PREMIUM]","[PREMIUM]","[PREMIUM]","[PREMIUM]","[PREMIUM]","[PREMIUM]",false,true,"64011f5f35ef8e000125b353","['65281e8c817075bfb76e707e']","[PREMIUM]","[PREMIUM]"
"68cc3204a396d3b43e3b5494","2026-04-04 12:09:33.361","2026-04-17 12:43:31.647","68cc3204a396d3b43e3b5494","Ed Sheeran","music","2026-06-27 17:30:00","2026-06-27 22:30:00","2026-06-27 23:30:00",false,false,false,"[PREMIUM]","[PREMIUM]","[PREMIUM]","[PREMIUM]","[PREMIUM]","[PREMIUM]",false,false,"53dd5ae63bf3762174000001","['58c07bc0f80c413b14f13c65']","[PREMIUM]","[PREMIUM]"
"68cb7322c5c78ab56a24dc3b","2026-04-04 12:09:33.361","2026-04-17 12:43:31.647","68cb7322c5c78ab56a24dc3b","Machine Gun Kelly","music","2026-06-27 19:00:00","2026-06-28 01:00:00","2026-06-28 02:00:00",false,false,false,"[PREMIUM]","[PREMIUM]","[PREMIUM]","[PREMIUM]","[PREMIUM]","[PREMIUM]",false,false,"5e01411e9e3fac00388ef107","['57d2fd59f80c410f22b2ac69']","[PREMIUM]","[PREMIUM]"
"68cb1f537e7c046379645fde","2026-04-04 12:09:33.361","2026-04-17 12:43:24.389","68cb1f537e7c046379645fde","Chico Bean (18+ Event)","comedy","2026-06-26 21:45:00","2026-06-27 02:45:00","2026-06-27 02:45:00",false,false,false,"[PREMIUM]","[PREMIUM]","[PREMIUM]","[PREMIUM]","[PREMIUM]","[PREMIUM]",false,false,"669ecfd439f57b18b555afa4","['647a2b409432c800017dea60']","[PREMIUM]","[PREMIUM]"
"68cb1f5281368bef039e4666","2026-04-04 12:09:33.361","2026-04-17 12:43:31.647","68cb1f5281368bef039e4666","Chico Bean (18+ Event)","comedy","2026-06-27 19:00:00","2026-06-28 00:00:00","2026-06-28 00:00:00",false,false,false,"[PREMIUM]","[PREMIUM]","[PREMIUM]","[PREMIUM]","[PREMIUM]","[PREMIUM]",false,false,"669ecfd439f57b18b555afa4","['647a2b409432c800017dea60']","[PREMIUM]","[PREMIUM]"
"68cb183797037947fb572ebb","2026-04-04 12:09:33.361","2026-04-17 12:43:31.647","68cb183797037947fb572ebb","Jim Hensons Fraggle Rock Live","theater","2026-06-27 16:00:00","2026-06-27 20:00:00","2026-06-27 20:00:00",false,false,false,"[PREMIUM]","[PREMIUM]","[PREMIUM]","[PREMIUM]","[PREMIUM]","[PREMIUM]",false,false,"5a0a0cc527e1a60013db1221","['672a69ddefcb38c8165f419c']","[PREMIUM]","[PREMIUM]"
"68cb18364f47a7969849df75","2026-04-04 12:09:33.361","2026-04-17 12:43:24.389","68cb18364f47a7969849df75","Jim Hensons Fraggle Rock Live","theater","2026-06-27 11:00:00","2026-06-27 15:00:00","2026-06-27 15:00:00",false,false,false,"[PREMIUM]","[PREMIUM]","[PREMIUM]","[PREMIUM]","[PREMIUM]","[PREMIUM]",false,true,"5a0a0cc527e1a60013db1221","['672a69ddefcb38c8165f419c']","[PREMIUM]","[PREMIUM]"
"68c52fef5370e5840814ed9c","2026-04-04 12:09:33.361","2026-04-17 12:43:31.647","68c52fef5370e5840814ed9c","Joshua - The Musical","theater","2026-06-27 19:00:00","2026-06-27 23:00:00","2026-06-28 00:00:00",false,false,false,"[PREMIUM]","[PREMIUM]","[PREMIUM]","[PREMIUM]","[PREMIUM]","[PREMIUM]",false,false,"67cb5894be94b93e0280041b","['582b5ed6f80c413ec3020028']","[PREMIUM]","[PREMIUM]"
"68c44813db967444714087b6","2026-04-04 12:09:33.361","2026-04-17 12:43:24.389","68c44813db967444714087b6","British Summer Time - Garth Brooks","music","2026-06-27 14:00:00","2026-06-27 13:00:00","2026-06-27 13:00:00",false,false,false,"[PREMIUM]","[PREMIUM]","[PREMIUM]","[PREMIUM]","[PREMIUM]","[PREMIUM]",false,false,"67aa7e2cee97e23f865f0e52","['67b5286a1ce1a0dc7e50245b']","[PREMIUM]","[PREMIUM]"
"68c1d29215ff2cffe9bec0b9","2026-04-04 12:09:33.361","2026-04-17 12:43:31.647","68c1d29215ff2cffe9bec0b9","Maybe Happy Ending","theater","2026-06-27 19:00:00","2026-06-27 23:00:00","2026-06-27 23:00:00",false,false,false,"[PREMIUM]","[PREMIUM]","[PREMIUM]","[PREMIUM]","[PREMIUM]","[PREMIUM]",false,true,"5ad8daf5fd8c160012a41dc9","['66709c22510c1cf7ec8b43de']","[PREMIUM]","[PREMIUM]"
"68c1d291fe5e9b008db48f8c","2026-04-04 12:09:33.361","2026-04-17 12:43:24.389","68c1d291fe5e9b008db48f8c","Maybe Happy Ending","theater","2026-06-27 14:00:00","2026-06-27 18:00:00","2026-06-27 18:00:00",false,false,false,"[PREMIUM]","[PREMIUM]","[PREMIUM]","[PREMIUM]","[PREMIUM]","[PREMIUM]",false,true,"5ad8daf5fd8c160012a41dc9","['66709c22510c1cf7ec8b43de']","[PREMIUM]","[PREMIUM]"
"68ba82aa3d7245ab7efe39ce","2026-04-04 12:09:33.361","2026-04-17 12:43:31.647","68ba82aa3d7245ab7efe39ce","Wilson Warbirds at Fredericksburg Nationals","milb","2026-06-27 18:35:00","2026-06-27 22:35:00","2026-06-27 22:35:00",false,false,false,"[PREMIUM]","[PREMIUM]","[PREMIUM]","[PREMIUM]","[PREMIUM]","[PREMIUM]",false,false,"651f041a0b73664130bc8919","['6526c5f1434c0c07a0ead2a9','68c04ad2e13a7ddbd5931a3e']","[PREMIUM]","[PREMIUM]"
"68ba6b169c69670da065c4e0","2026-04-04 12:09:33.361","2026-04-17 12:43:31.647","68ba6b169c69670da065c4e0","Augusta GreenJackets at Charleston RiverDogs","milb","2026-06-27 18:05:00","2026-06-27 22:05:00","2026-06-27 22:05:00",false,false,false,"[PREMIUM]","[PREMIUM]","[PREMIUM]","[PREMIUM]","[PREMIUM]","[PREMIUM]",false,false,"65fb48b41f449ffccd5c1a55","['6536d97485521b19a95f8a12','6538094d1bfda6ed2abe0c4b']","[PREMIUM]","[PREMIUM]"
"68ba67dc002f0d23783f8758","2026-04-04 12:09:33.361","2026-04-17 12:43:31.647","68ba67dc002f0d23783f8758","Myrtle Beach Pelicans at Salem RidgeYaks","milb","2026-06-27 18:35:00","2026-06-27 22:35:00","2026-06-27 22:35:00",false,false,false,"[PREMIUM]","[PREMIUM]","[PREMIUM]","[PREMIUM]","[PREMIUM]","[PREMIUM]",false,false,"69baf86eab234a66be36f975","['6526e2a8af2d4acc0dbfc14f','65380b073dd0a7f313d399f7']","[PREMIUM]","[PREMIUM]"
"68ba0f6f54a3db22cbfad518","2026-04-04 12:09:33.361","2026-04-17 12:43:31.647","68ba0f6f54a3db22cbfad518","Delmarva Shorebirds at Fayetteville Woodpeckers","milb","2026-06-27 19:05:00","2026-06-27 23:05:00","2026-06-27 23:05:00",false,false,false,"[PREMIUM]","[PREMIUM]","[PREMIUM]","[PREMIUM]","[PREMIUM]","[PREMIUM]",false,false,"652f11c112c382968b73a589","['6526da83146c5be0aefd9aaf','6526d8ae1489e533b138183d']","[PREMIUM]","[PREMIUM]"
"68b9f7131f9fae0dab6a6d48","2026-04-04 12:09:33.361","2026-04-17 12:43:31.647","68b9f7131f9fae0dab6a6d48","Hill City Howlers at Hickory Crawdads","milb","2026-06-27 19:00:00","2026-06-27 23:00:00","2026-06-28 00:30:00",false,false,false,"[PREMIUM]","[PREMIUM]","[PREMIUM]","[PREMIUM]","[PREMIUM]","[PREMIUM]",false,false,"66c65ec8c92e998273ce8ef5","['63f663e63b787b0001b4ffbd','6526dd7debf3d7db61c0d2ef']","[PREMIUM]","[PREMIUM]"
"68b9d998745e67256d4240c3","2026-04-04 12:09:33.361","2026-04-17 12:43:31.647","68b9d998745e67256d4240c3","Columbia Fireflies at Kannapolis Cannon Ballers","milb","2026-06-27 19:00:00","2026-06-27 23:00:00","2026-06-27 23:00:00",false,false,false,"[PREMIUM]","[PREMIUM]","[PREMIUM]","[PREMIUM]","[PREMIUM]","[PREMIUM]",false,false,"6581ca50997d1533453da82e","['6526ddf462da68c78d1e4869','65380a7a00e46b86c0454bad']","[PREMIUM]","[PREMIUM]"
"68b8a32d4e63b254e1d65c6e","2026-04-04 12:09:33.361","2026-04-17 12:43:31.647","68b8a32d4e63b254e1d65c6e","Cirque du Soleil Auana","other","2026-06-27 17:30:00","2026-06-28 03:30:00","2026-06-28 03:30:00",false,false,false,"[PREMIUM]","[PREMIUM]","[PREMIUM]","[PREMIUM]","[PREMIUM]","[PREMIUM]",false,false,"67ae89d27a17130550b17e6b","['67b52d992a9080dfc5e5d3a7']","[PREMIUM]","[PREMIUM]"
"68b8a30082e6bd5831df7dec","2026-04-04 12:09:33.361","2026-04-17 12:43:31.647","68b8a30082e6bd5831df7dec","Nate Bargatze","comedy","2026-06-27 19:00:00","2026-06-28 02:00:00","2026-06-28 03:30:00",false,false,false,"[PREMIUM]","[PREMIUM]","[PREMIUM]","[PREMIUM]","[PREMIUM]","[PREMIUM]",false,false,"544706453bf3763a01000001","['5ca67e811842260019e6da97']","[PREMIUM]","[PREMIUM]"
"68b719663ab091a86f670609","2026-04-04 12:09:33.361","2026-04-17 12:43:24.389","68b719663ab091a86f670609","LIV Golf Lousiana - Friday","pga","2026-06-26 23:59:00","2026-06-27 04:59:00","2026-06-27 06:29:00",false,true,false,"[PREMIUM]","[PREMIUM]","[PREMIUM]","[PREMIUM]","[PREMIUM]","[PREMIUM]",false,true,"6986520011c0eb3938f95105","['62a8ab7d6cd0220001d4cf45']","[PREMIUM]","[PREMIUM]"
"68b65be8e480f3af6f83090e","2026-04-04 12:09:33.361","2026-04-17 12:43:31.647","68b65be8e480f3af6f83090e","Popovich Comedy Pet Theater","comedy","2026-06-27 14:30:00","2026-06-27 21:30:00","2026-06-27 21:30:00",false,false,false,"[PREMIUM]","[PREMIUM]","[PREMIUM]","[PREMIUM]","[PREMIUM]","[PREMIUM]",false,true,"65c68eea463851cc713158ae","['66103916f01dc732f83759c9']","[PREMIUM]","[PREMIUM]"
"68b65be8da86e5fdbffc49ef","2026-04-04 12:09:33.361","2026-04-17 12:43:31.647","68b65be8da86e5fdbffc49ef","The Mentalist (16+ Event)","theater","2026-06-27 19:30:00","2026-06-28 02:30:00","2026-06-28 02:30:00",false,false,false,"[PREMIUM]","[PREMIUM]","[PREMIUM]","[PREMIUM]","[PREMIUM]","[PREMIUM]",false,false,"65c68eea463851cc713158ae","['66103866817f6b034052f785']","[PREMIUM]","[PREMIUM]"
"68b65be7c1bb39c8dd3416c6","2026-04-04 12:09:33.361","2026-04-17 12:43:31.647","68b65be7c1bb39c8dd3416c6","Carpenters Legacy","theater","2026-06-27 17:00:00","2026-06-28 00:00:00","2026-06-28 00:00:00",false,false,false,"[PREMIUM]","[PREMIUM]","[PREMIUM]","[PREMIUM]","[PREMIUM]","[PREMIUM]",false,true,"65c68eea463851cc713158ae","['661015a133a2d4cfd9833a8f']","[PREMIUM]","[PREMIUM]"
"68b65be700c58ac6bbe6ccfe","2026-04-04 12:09:33.361","2026-04-17 12:43:31.647","68b65be700c58ac6bbe6ccfe","Piano Man","music","2026-06-27 18:30:00","2026-06-28 01:30:00","2026-06-28 01:30:00",false,false,false,"[PREMIUM]","[PREMIUM]","[PREMIUM]","[PREMIUM]","[PREMIUM]","[PREMIUM]",false,true,"65c68eea463851cc713158ae","['660f02917e3f1fb9dc807bbe']","[PREMIUM]","[PREMIUM]"
"68b1f11474f138f33a9d733d","2026-04-04 12:09:33.361","2026-04-17 12:43:24.389","68b1f11474f138f33a9d733d","Fantasy (18+ Event)","theater","2026-06-26 22:30:00","2026-06-27 05:30:00","2026-06-27 05:30:00",false,false,false,"[PREMIUM]","[PREMIUM]","[PREMIUM]","[PREMIUM]","[PREMIUM]","[PREMIUM]",false,false,"62cc6fe874f0f100012e52f6","['662ac3b2876d6eae6a56fe32']","[PREMIUM]","[PREMIUM]"
"68b0dc458687b27743c7d04b","2026-04-04 12:09:33.361","2026-04-17 12:43:24.389","68b0dc458687b27743c7d04b","NHRA Summit Nationals - Friday","auto","2026-06-26 23:59:00","2026-06-27 03:59:00","2026-06-27 03:59:00",false,true,false,"[PREMIUM]","[PREMIUM]","[PREMIUM]","[PREMIUM]","[PREMIUM]","[PREMIUM]",false,false,"667209eeee9c8d652e53b8c3","['6504872fb9c40100013dba20']","[PREMIUM]","[PREMIUM]"
"68b09d9ef87028dd5503d984","2026-04-04 12:09:33.361","2026-04-17 12:43:31.647","68b09d9ef87028dd5503d984","Tampa Tarpons at Dunedin Blue Jays","milb","2026-06-27 18:30:00","2026-06-27 22:30:00","2026-06-28 00:00:00",false,false,false,"[PREMIUM]","[PREMIUM]","[PREMIUM]","[PREMIUM]","[PREMIUM]","[PREMIUM]",false,false,"568d94b3f80c417330000006","['619839f4a95144000140d7b4','61982ea5275b0b0001af0f4d']","[PREMIUM]","[PREMIUM]"
"68afa8af630aca517177741f","2026-04-04 12:09:33.361","2026-04-17 12:43:31.647","68afa8af630aca517177741f","St. Lucie Mets at Fort Myers Mighty Mussels","milb","2026-06-27 18:05:00","2026-06-27 22:05:00","2026-06-27 23:35:00",false,false,false,"[PREMIUM]","[PREMIUM]","[PREMIUM]","[PREMIUM]","[PREMIUM]","[PREMIUM]",false,false,"56943212f80c4119e7000001","['61983b570675f0000151de45','61983a965469f500014ad799']","[PREMIUM]","[PREMIUM]"
"68afa6af3edac2b884b8dc73","2026-04-04 12:09:33.361","2026-04-17 12:43:31.647","68afa6af3edac2b884b8dc73","Bradenton Marauders at Palm Beach Cardinals","milb","2026-06-27 18:00:00","2026-06-27 22:00:00","2026-06-27 23:30:00",false,false,false,"[PREMIUM]","[PREMIUM]","[PREMIUM]","[PREMIUM]","[PREMIUM]","[PREMIUM]",false,false,"56953b7bf80c415f8e000001","['61983acded8d730001e27708','61983bd86a5b8300011a9785']","[PREMIUM]","[PREMIUM]"
"68afa19bbbe8a1f1686b71d1","2026-04-04 12:09:33.361","2026-04-17 12:43:31.647","68afa19bbbe8a1f1686b71d1","Winston-Salem Dash at Hub City Spartanburgers","milb","2026-06-27 16:35:00","2026-06-27 20:35:00","2026-06-27 20:35:00",false,false,false,"[PREMIUM]","[PREMIUM]","[PREMIUM]","[PREMIUM]","[PREMIUM]","[PREMIUM]",false,false,"68b0aeec18105099c9bf653d","['66d204b8e5351494a31f3719','63f664880207300001b1d23f']","[PREMIUM]","[PREMIUM]"
"68af854c7ac25ed1de5cad5f","2026-04-04 12:09:33.361","2026-04-17 12:43:31.647","68af854c7ac25ed1de5cad5f","Wichita Wind Surge at Midland RockHounds","milb","2026-06-27 19:00:00","2026-06-28 00:00:00","2026-06-28 01:30:00",false,false,false,"[PREMIUM]","[PREMIUM]","[PREMIUM]","[PREMIUM]","[PREMIUM]","[PREMIUM]",false,false,"652f109db2756925af4c50d8","['61afeeb674b2950001144fd6','5dbc9757caf80d00370e2645']","[PREMIUM]","[PREMIUM]"
"68af71262a5f2a35418d4f94","2026-04-04 12:09:33.361","2026-04-17 12:43:31.647","68af71262a5f2a35418d4f94","Binghamton Rumble Ponies at Erie SeaWolves","milb","2026-06-27 18:05:00","2026-06-27 22:05:00","2026-06-27 22:05:00",false,false,false,"[PREMIUM]","[PREMIUM]","[PREMIUM]","[PREMIUM]","[PREMIUM]","[PREMIUM]",false,false,"64b6e32c9852a00001fcb4fc","['6495ea5bcd9898000130e252','6495e61150545000013c6c3a']","[PREMIUM]","[PREMIUM]"
"68af6f3e8f863e886de02f71","2026-04-04 12:09:33.361","2026-04-17 12:43:31.647","68af6f3e8f863e886de02f71","Pensacola Blue Wahoos at Chattanooga Lookouts","milb","2026-06-27 18:30:00","2026-06-27 22:30:00","2026-06-27 22:30:00",false,false,false,"[PREMIUM]","[PREMIUM]","[PREMIUM]","[PREMIUM]","[PREMIUM]","[PREMIUM]",false,false,"65396658f7f339c2d176e639","['649b6e6118b111000144344d','648ca25abbc0b10001f7dda5']","[PREMIUM]","[PREMIUM]"
"68af6df85a8fe92ebf9af1d2","2026-04-04 12:09:33.361","2026-04-17 12:43:31.647","68af6df85a8fe92ebf9af1d2","Tri-City Dust Devils at Spokane Indians","milb","2026-06-27 19:05:00","2026-06-28 02:05:00","2026-06-28 03:35:00",false,false,false,"[PREMIUM]","[PREMIUM]","[PREMIUM]","[PREMIUM]","[PREMIUM]","[PREMIUM]",false,false,"67a687e3ba4c3c97f08e3c98","['5d13d29c1a4d09001cb828a1','5d13d3bc9025d8001c65e9d0']","[PREMIUM]","[PREMIUM]"
"68af6db0515a42e3057fe3f1","2026-04-04 12:09:33.361","2026-04-17 12:43:31.647","68af6db0515a42e3057fe3f1","Somerset Patriots at New Hampshire Fisher Cats","milb","2026-06-27 18:03:00","2026-06-27 22:03:00","2026-06-27 22:03:00",false,false,false,"[PREMIUM]","[PREMIUM]","[PREMIUM]","[PREMIUM]","[PREMIUM]","[PREMIUM]",true,false,"66db7c94fedabbac75fbe94a","['64e6610ad2410200017fd951','6495eaff7405510001af8b99']","[PREMIUM]","[PREMIUM]"
"68af6d7cf81960799e89094d","2026-04-04 12:09:33.361","2026-04-17 12:43:31.647","68af6d7cf81960799e89094d","Frederick Keys at Wilmington Blue Rocks","milb","2026-06-27 18:05:00","2026-06-27 22:05:00","2026-06-27 23:35:00",false,false,false,"[PREMIUM]","[PREMIUM]","[PREMIUM]","[PREMIUM]","[PREMIUM]","[PREMIUM]",false,false,"689e73910a9ae361a121a734","['63f666d19a621000017a6117','689f472d2cfccc82740d8d6b']","[PREMIUM]","[PREMIUM]"
"68af6d30a87c28317e966b27","2026-04-04 12:09:33.361","2026-04-17 12:43:31.647","68af6d30a87c28317e966b27","Asheville Tourists at Greenville Drive","milb","2026-06-27 18:45:00","2026-06-27 22:45:00","2026-06-28 00:15:00",false,false,false,"[PREMIUM]","[PREMIUM]","[PREMIUM]","[PREMIUM]","[PREMIUM]","[PREMIUM]",false,false,"6470edd02cd4e000010f9248","['63f664ca81159a0001585090','63f662caac5b140001aa985a']","[PREMIUM]","[PREMIUM]"
"68af69810322779c79d27bb5","2026-04-04 12:09:33.361","2026-04-17 12:43:31.647","68af69810322779c79d27bb5","Greensboro Grasshoppers at Rome Emperors","milb","2026-06-27 18:45:00","2026-06-27 22:45:00","2026-06-27 22:45:00",false,false,false,"[PREMIUM]","[PREMIUM]","[PREMIUM]","[PREMIUM]","[PREMIUM]","[PREMIUM]",false,false,"65ca6ca370bdbe6f1e397a37","['66d1efdfd521c5d92ed18843','63f667234f65be0001a637fd']","[PREMIUM]","[PREMIUM]"
"68af67d5c814c51f4f8df1af","2026-04-04 12:09:33.361","2026-04-17 12:43:31.647","68af67d5c814c51f4f8df1af","Harrisburg Senators at Chesapeake Baysox","milb","2026-06-27 18:35:00","2026-06-27 22:35:00","2026-06-27 22:35:00",false,false,false,"[PREMIUM]","[PREMIUM]","[PREMIUM]","[PREMIUM]","[PREMIUM]","[PREMIUM]",false,false,"655ea8ec11278a11d001d01c","['6495e9dba4dfb10001da0511','6495e738c3a2c5000165210c']","[PREMIUM]","[PREMIUM]"
"68af5add0322779c79d27482","2026-04-04 12:09:33.361","2026-04-17 12:43:31.647","68af5add0322779c79d27482","Cincinnati Reds at Pittsburgh Pirates","mlb","2026-06-27 16:05:00","2026-06-27 20:05:00","2026-06-27 20:35:00",false,false,false,"[PREMIUM]","[PREMIUM]","[PREMIUM]","[PREMIUM]","[PREMIUM]","[PREMIUM]",false,false,"538526c321efd33afb000002","['539619563bf37601f600000f','53beec053bf376503f000005']","[PREMIUM]","[PREMIUM]"
"68af5a6cc95bdeed8553f022","2026-04-04 12:09:33.361","2026-04-17 12:43:31.647","68af5a6cc95bdeed8553f022","Los Angeles Dodgers at San Diego Padres","mlb","2026-06-27 17:40:00","2026-06-28 00:40:00","2026-06-28 01:40:00",false,false,false,"[PREMIUM]","[PREMIUM]","[PREMIUM]","[PREMIUM]","[PREMIUM]","[PREMIUM]",false,false,"53692f0a3bf3760f90000001","['539619543bf37601f600000b','5333e12b3bf3763503000002']","[PREMIUM]","[PREMIUM]"
"68af5a58504ca5fba8a2b3a0","2026-04-04 12:09:33.361","2026-04-17 12:43:31.647","68af5a58504ca5fba8a2b3a0","Washington Nationals at Baltimore Orioles (Gunnar Henderson Bobblehead Giveaway)","mlb","2026-06-27 19:05:00","2026-06-27 23:05:00","2026-06-28 00:05:00",false,false,false,"[PREMIUM]","[PREMIUM]","[PREMIUM]","[PREMIUM]","[PREMIUM]","[PREMIUM]",false,false,"53bb068c3bf37624c3000004","['53bb06963bf37624c3000008','539619533bf37601f6000005']","[PREMIUM]","[PREMIUM]"
"68af5a018f863e886de024ab","2026-04-04 12:09:33.361","2026-04-17 12:43:31.647","68af5a018f863e886de024ab","Colorado Rockies at Minnesota Twins","mlb","2026-06-27 18:10:00","2026-06-27 23:10:00","2026-06-28 00:40:00",false,false,false,"[PREMIUM]","[PREMIUM]","[PREMIUM]","[PREMIUM]","[PREMIUM]","[PREMIUM]",false,false,"538526c321efd33afb000005","['539619553bf37601f600000d','53acb8aa3bf376023700000d']","[PREMIUM]","[PREMIUM]"
"68af5991ec76d2757005381a","2026-04-04 12:09:33.361","2026-04-17 12:43:24.389","68af5991ec76d2757005381a","New York Yankees at Boston Red Sox","mlb","2026-06-27 13:10:00","2026-06-27 17:10:00","2026-06-27 17:40:00",false,false,false,"[PREMIUM]","[PREMIUM]","[PREMIUM]","[PREMIUM]","[PREMIUM]","[PREMIUM]",true,false,"5362ccf73bf37627c6000001","['537151673bf3762108000002','5373d2f03bf37640fe000002']","[PREMIUM]","[PREMIUM]"
"68af5869c2578edd67b47586","2026-04-04 12:09:33.361","2026-04-17 12:43:31.647","68af5869c2578edd67b47586","Kansas City Royals at Chicago White Sox (Americas 250th Homage T-Shirt Giveaway)","mlb","2026-06-27 15:10:00","2026-06-27 20:10:00","2026-06-27 21:10:00",false,false,false,"[PREMIUM]","[PREMIUM]","[PREMIUM]","[PREMIUM]","[PREMIUM]","[PREMIUM]",false,false,"5362ccf73bf37627c6000004","['5363eacd3bf3766593000002','539619543bf37601f6000009']","[PREMIUM]","[PREMIUM]"
"68af56b9ec76d2757005377f","2026-04-04 12:09:33.361","2026-04-17 12:43:31.647","68af56b9ec76d2757005377f","Great Lakes Loons at Lansing Lugnuts","milb","2026-06-27 19:05:00","2026-06-27 23:05:00","2026-06-28 00:35:00",false,false,false,"[PREMIUM]","[PREMIUM]","[PREMIUM]","[PREMIUM]","[PREMIUM]","[PREMIUM]",false,false,"642b6d3bd802680001356532","['5a9478cae43ec900139f21f1','5a94765b416f6600135aaaa3']","[PREMIUM]","[PREMIUM]"
"68af56a96d6358b08448fb4e","2026-04-04 12:09:33.361","2026-04-17 12:43:24.389","68af56a96d6358b08448fb4e","Houston Astros at Detroit Tigers","mlb","2026-06-27 13:10:00","2026-06-27 17:10:00","2026-06-27 17:40:00",false,false,false,"[PREMIUM]","[PREMIUM]","[PREMIUM]","[PREMIUM]","[PREMIUM]","[PREMIUM]",false,false,"53c03a3b3bf37612c4000002","['53c03a423bf37612c4000006','53b30c2b3bf37646fb000004']","[PREMIUM]","[PREMIUM]"
"68af5547f81960799e88fe40","2026-04-04 12:09:33.361","2026-04-17 12:43:31.647","68af5547f81960799e88fe40","Athletics at Los Angeles Angels","mlb","2026-06-27 18:38:00","2026-06-28 01:38:00","2026-06-28 02:38:00",false,false,false,"[PREMIUM]","[PREMIUM]","[PREMIUM]","[PREMIUM]","[PREMIUM]","[PREMIUM]",false,false,"533d97153bf3766542000001","['533d97163bf3766542000004','533064c83bf3766e3a000005']","[PREMIUM]","[PREMIUM]"
"68af55125a8fe92ebf9ae5ff","2026-04-04 12:09:33.361","2026-04-17 12:43:31.647","68af55125a8fe92ebf9ae5ff","Hudson Valley Renegades at Bowling Green Hot Rods","milb","2026-06-27 18:35:00","2026-06-27 23:35:00","2026-06-28 01:05:00",false,false,false,"[PREMIUM]","[PREMIUM]","[PREMIUM]","[PREMIUM]","[PREMIUM]","[PREMIUM]",false,false,"630652ee7aac260001865ef5","['5a947177e43ec900139f21ef','6504c1677c18170001e782d6']","[PREMIUM]","[PREMIUM]"
"68af53f6d0162bf797c0fbc9","2026-04-04 12:09:33.361","2026-04-17 12:43:31.647","68af53f6d0162bf797c0fbc9","Atlanta Braves at San Francisco Giants (Rafael Devers Bobblehead Giveaway)","mlb","2026-06-27 18:05:00","2026-06-28 01:05:00","2026-06-28 02:35:00",false,false,false,"[PREMIUM]","[PREMIUM]","[PREMIUM]","[PREMIUM]","[PREMIUM]","[PREMIUM]",false,false,"52618c753bf3760b9c000004","['5333a2773bf3767900000003','53acb8a23bf3760237000009']","[PREMIUM]","[PREMIUM]"
"68af53cc247244404743fad9","2026-04-04 12:09:33.361","2026-04-17 12:43:31.647","68af53cc247244404743fad9","Chicago Cubs at Milwaukee Brewers","mlb","2026-06-27 18:10:00","2026-06-27 23:10:00","2026-06-28 00:10:00",false,false,false,"[PREMIUM]","[PREMIUM]","[PREMIUM]","[PREMIUM]","[PREMIUM]","[PREMIUM]",false,false,"538526c321efd33afb000003","['539619523bf37601f6000003','5363eacd3bf3766593000004']","[PREMIUM]","[PREMIUM]"
"68af529574310d5e52b011b2","2026-04-04 12:09:33.361","2026-04-17 12:43:31.647","68af529574310d5e52b011b2","Philadelphia Phillies at New York Mets","mlb","2026-06-27 16:10:00","2026-06-27 20:10:00","2026-06-27 21:10:00",false,false,false,"[PREMIUM]","[PREMIUM]","[PREMIUM]","[PREMIUM]","[PREMIUM]","[PREMIUM]",false,false,"5362ccf73bf37627c6000002","['536454803bf3763374000002','539619533bf37601f6000007']","[PREMIUM]","[PREMIUM]"
"68af527fbf6276ee588dd790","2026-04-04 12:09:33.361","2026-04-17 12:43:31.647","68af527fbf6276ee588dd790","Fort Wayne Tincaps at Lake County Captains","milb","2026-06-27 19:00:00","2026-06-27 23:00:00","2026-06-28 00:30:00",false,false,false,"[PREMIUM]","[PREMIUM]","[PREMIUM]","[PREMIUM]","[PREMIUM]","[PREMIUM]",false,false,"67d0ccef978952a39918f464","['5a9472cbeabe900013b42fe0','5a9474798c7d5900130ba569']","[PREMIUM]","[PREMIUM]"
"68af526b3edac2b884b8bf59","2026-04-04 12:09:33.361","2026-04-17 12:43:31.647","68af526b3edac2b884b8bf59","Seattle Mariners at Cleveland Guardians (Tanner Bibee City Connect Jersey Giveaway)","mlb","2026-06-27 19:10:00","2026-06-27 23:10:00","2026-06-27 23:25:00",false,false,false,"[PREMIUM]","[PREMIUM]","[PREMIUM]","[PREMIUM]","[PREMIUM]","[PREMIUM]",false,false,"53beec013bf376503f000002","['53beec093bf376503f000007','539619563bf37601f6000011']","[PREMIUM]","[PREMIUM]"
"68af4f69561870a68b98923e","2026-04-04 12:09:33.361","2026-04-17 12:43:31.647","68af4f69561870a68b98923e","Texas Rangers at Toronto Blue Jays","mlb","2026-06-27 15:07:00","2026-06-27 19:07:00","2026-06-27 20:07:00",false,false,false,"[PREMIUM]","[PREMIUM]","[PREMIUM]","[PREMIUM]","[PREMIUM]","[PREMIUM]",false,false,"55116f6864f9625eb3000001","['55116f7064f9625eb3000003','53bb068f3bf37624c3000006']","[PREMIUM]","[PREMIUM]"
"68af4f2d247244404743f942","2026-04-04 12:09:33.361","2026-04-17 12:43:31.647","68af4f2d247244404743f942","Arizona Diamondbacks at Tampa Bay Rays","mlb","2026-06-27 18:10:00","2026-06-27 22:10:00","2026-06-27 23:40:00",false,false,false,"[PREMIUM]","[PREMIUM]","[PREMIUM]","[PREMIUM]","[PREMIUM]","[PREMIUM]",false,false,"54dcf29564f9620805000003","['54dcf2bb64f9620805000007','539619573bf37601f6000013']","[PREMIUM]","[PREMIUM]"
"68af4b6d60f33e20f906b6a9","2026-04-04 12:09:33.361","2026-04-17 12:43:31.647","68af4b6d60f33e20f906b6a9","Northwest Arkansas Naturals at Springfield Cardinals","milb","2026-06-27 18:35:00","2026-06-27 23:35:00","2026-06-28 01:05:00",false,false,false,"[PREMIUM]","[PREMIUM]","[PREMIUM]","[PREMIUM]","[PREMIUM]","[PREMIUM]",false,false,"64f7b20310522a0001930224","['61afee551cc40700010eb2d2','62560b563d80e100010d9af1']","[PREMIUM]","[PREMIUM]"
"68ae3a719a67ff5905e61461","2026-04-04 12:09:33.361","2026-04-17 12:43:31.647","68ae3a719a67ff5905e61461","Miami Marlins at St. Louis Cardinals","mlb","2026-06-27 18:15:00","2026-06-27 23:15:00","2026-06-28 00:45:00",false,false,false,"[PREMIUM]","[PREMIUM]","[PREMIUM]","[PREMIUM]","[PREMIUM]","[PREMIUM]",false,false,"54b5ab3b3bf3763f85000001","['54b5ab583bf3763f85000003','53acb8a63bf376023700000b']","[PREMIUM]","[PREMIUM]"
"68ad1da69a67ff5905e59576","2026-04-04 12:09:33.361","2026-04-17 12:43:31.647","68ad1da69a67ff5905e59576","Biloxi Shuckers at Montgomery Biscuits","milb","2026-06-27 18:05:00","2026-06-27 23:05:00","2026-06-27 23:05:00",false,false,false,"[PREMIUM]","[PREMIUM]","[PREMIUM]","[PREMIUM]","[PREMIUM]","[PREMIUM]",false,false,"6482430522d4410001beaa9b","['6488b0129e46740001738dab','648ca2113da3700001663531']","[PREMIUM]","[PREMIUM]"
"68ad1cba40367597bb1de358","2026-04-04 12:09:33.361","2026-04-17 12:43:31.647","68ad1cba40367597bb1de358","Toledo Mud Hens at Worcester Red Sox","milb","2026-06-27 16:05:00","2026-06-27 20:05:00","2026-06-27 21:35:00",false,false,false,"[PREMIUM]","[PREMIUM]","[PREMIUM]","[PREMIUM]","[PREMIUM]","[PREMIUM]",false,false,"641205448e326200015076d2","['5a70bb4625f2c537d4449b4c','5a70bb4625f2c537d4449b50']","[PREMIUM]","[PREMIUM]"
"68ad1c356286d655b3521fe5","2026-04-04 12:09:33.361","2026-04-17 12:43:31.647","68ad1c356286d655b3521fe5","Stockton Ports at Rancho Cucamonga Quakes","milb","2026-06-27 18:30:00","2026-06-28 01:30:00","2026-06-28 03:00:00",false,false,false,"[PREMIUM]","[PREMIUM]","[PREMIUM]","[PREMIUM]","[PREMIUM]","[PREMIUM]",false,false,"6539683930dd2d0b024d7c29","['6442d196385d0100011a8014','6442cc5b02b75b0001c2b2c8']","[PREMIUM]","[PREMIUM]"
"68ad1b4549316002d9d630e2","2026-04-04 12:09:33.361","2026-04-17 12:43:31.647","68ad1b4549316002d9d630e2","Salt Lake Bees at Albuquerque Isotopes","milb","2026-06-27 18:35:00","2026-06-28 00:35:00","2026-06-28 02:05:00",false,false,false,"[PREMIUM]","[PREMIUM]","[PREMIUM]","[PREMIUM]","[PREMIUM]","[PREMIUM]",false,false,"58ba076dcde6626ebe0be5ea","['58ba07f6f80c415aad18c9b3','54f6486664f9625908000006']","[PREMIUM]","[PREMIUM]"
"68ad064122884d28cd786d86","2026-04-04 12:09:33.361","2026-04-17 12:43:31.647","68ad064122884d28cd786d86","Fresno Grizzlies at Lake Elsinore Storm","milb","2026-06-27 18:45:00","2026-06-28 01:45:00","2026-06-28 03:15:00",false,false,false,"[PREMIUM]","[PREMIUM]","[PREMIUM]","[PREMIUM]","[PREMIUM]","[PREMIUM]",false,false,"64efb64aa56dd50001d5d02c","['6442d0306235ac0001d487d2','59271ce225f2c52ed80f33e4']","[PREMIUM]","[PREMIUM]"
"68ace8a340367597bb1da925","2026-04-04 12:09:33.361","2026-04-17 12:43:31.647","68ace8a340367597bb1da925","San Jose Giants at Inland Empire 66ers","milb","2026-06-27 18:35:00","2026-06-28 01:35:00","2026-06-28 03:05:00",false,false,false,"[PREMIUM]","[PREMIUM]","[PREMIUM]","[PREMIUM]","[PREMIUM]","[PREMIUM]",false,false,"6578f02aa71af6c413306ba3","['6442d11451af6700016e906c','6442cb3d385d0100011a8012']","[PREMIUM]","[PREMIUM]"
"68ab5a552bb06c314ce11170","2026-04-04 12:09:33.361","2026-04-17 12:43:24.389","68ab5a552bb06c314ce11170","MJ - The Musical","theater","2026-06-27 14:00:00","2026-06-27 18:00:00","2026-06-27 18:00:00",false,false,false,"[PREMIUM]","[PREMIUM]","[PREMIUM]","[PREMIUM]","[PREMIUM]","[PREMIUM]",false,false,"64a7067be62cf3000132fc45","['64a70e94c6014c0001601832']","[PREMIUM]","[PREMIUM]"
"68aa7edc9e67e4c9dcc65074","2026-04-04 12:09:33.361","2026-04-17 12:43:24.389","68aa7edc9e67e4c9dcc65074","Les Miserables","theater","2026-06-27 14:00:00","2026-06-27 18:00:00","2026-06-27 19:30:00",false,false,false,"[PREMIUM]","[PREMIUM]","[PREMIUM]","[PREMIUM]","[PREMIUM]","[PREMIUM]",false,false,"58216ec1cde6626ebe4ad94a","['5a997c61266a5f0012e626fe']","[PREMIUM]","[PREMIUM]"
"68a79fdb3fc7c9fbd8804874","2026-04-04 12:09:33.361","2026-04-17 12:43:31.647","68a79fdb3fc7c9fbd8804874","2026 Nebraskaland Days Festival - Saturday (Zach Top, Diamond Rio, Cole Goodwin)","music","2026-06-27 19:00:00","2026-06-28 00:00:00","2026-06-28 00:00:00",false,false,false,"[PREMIUM]","[PREMIUM]","[PREMIUM]","[PREMIUM]","[PREMIUM]","[PREMIUM]",false,false,"61c11e936a1d8d0001d14b36","['698b8e8f2e74d538d5422cd9']","[PREMIUM]","[PREMIUM]"
"68a789ec22a4a2c27ebec49c","2026-04-04 12:09:33.361","2026-04-17 12:43:31.647","68a789ec22a4a2c27ebec49c","Vancouver Canadians at Hillsboro Hops","milb","2026-06-27 17:03:00","2026-06-28 00:03:00","2026-06-28 01:33:00",false,false,false,"[PREMIUM]","[PREMIUM]","[PREMIUM]","[PREMIUM]","[PREMIUM]","[PREMIUM]",false,false,"67e7230b6465e468922271e2","['5d13d31f510933001b7db69c','5d129bd0c519f8001ad01b4b']","[PREMIUM]","[PREMIUM]"
"68a6a96a252babbf2c5c9ef1","2026-04-04 12:09:33.361","2026-04-17 12:43:31.647","68a6a96a252babbf2c5c9ef1","Jersey Shore BlueClaws at Brooklyn Cyclones","milb","2026-06-27 18:00:00","2026-06-27 22:00:00","2026-06-27 22:00:00",false,false,false,"[PREMIUM]","[PREMIUM]","[PREMIUM]","[PREMIUM]","[PREMIUM]","[PREMIUM]",false,false,"65456bdadf78e79df4af83b2","['64d156a0407b990001a489c7','653c17d086be748601b6e045']","[PREMIUM]","[PREMIUM]"
"68a66ad120180644c0e735ca","2026-04-04 12:09:33.361","2026-04-17 12:43:31.647","68a66ad120180644c0e735ca","Scranton Wilkes Barre RailRiders at Indianapolis Indians","milb","2026-06-27 19:05:00","2026-06-27 23:05:00","2026-06-28 00:35:00",false,false,false,"[PREMIUM]","[PREMIUM]","[PREMIUM]","[PREMIUM]","[PREMIUM]","[PREMIUM]",false,false,"54eba92e64f96251e1000002","['54eba93a64f96251e1000004','5a70bb4625f2c537d4449b46']","[PREMIUM]","[PREMIUM]"
"68a4df96d375b78ec2eb7f52","2026-04-04 12:09:33.361","2026-04-17 12:43:31.647","68a4df96d375b78ec2eb7f52","West Side Story","theater","2026-06-27 19:30:00","2026-06-27 23:30:00","2026-06-27 23:30:00",false,false,false,"[PREMIUM]","[PREMIUM]","[PREMIUM]","[PREMIUM]","[PREMIUM]","[PREMIUM]",false,true,"65ea67c03e78d6f248e0540a","['653150695190d41efce1fad5']","[PREMIUM]","[PREMIUM]"
"68a4df96a0f672b157368378","2026-04-04 12:09:33.361","2026-04-17 12:43:24.389","68a4df96a0f672b157368378","West Side Story","theater","2026-06-27 13:30:00","2026-06-27 17:30:00","2026-06-27 17:30:00",false,false,false,"[PREMIUM]","[PREMIUM]","[PREMIUM]","[PREMIUM]","[PREMIUM]","[PREMIUM]",false,true,"65ea67c03e78d6f248e0540a","['653150695190d41efce1fad5']","[PREMIUM]","[PREMIUM]"
"68a4ad2c819c2779e2baa4ae","2026-04-04 12:09:33.361","2026-04-17 12:43:31.647","68a4ad2c819c2779e2baa4ae","An R-Rated Magic Show (18+ Event)","theater","2026-06-27 19:00:00","2026-06-28 02:00:00","2026-06-28 02:00:00",false,false,false,"[PREMIUM]","[PREMIUM]","[PREMIUM]","[PREMIUM]","[PREMIUM]","[PREMIUM]",false,true,"65c68eea463851cc713158ae","['685db84db2d4b6f1e88fdfdb']","[PREMIUM]","[PREMIUM]"
"68a2099aa4d817eebbdbceae","2026-04-04 12:09:33.361","2026-04-17 12:43:24.389","68a2099aa4d817eebbdbceae","Two Strangers (Carry a Cake Across New York)","theater","2026-06-27 14:00:00","2026-06-27 18:00:00","2026-06-27 18:00:00",false,false,false,"[PREMIUM]","[PREMIUM]","[PREMIUM]","[PREMIUM]","[PREMIUM]","[PREMIUM]",false,true,"5a9ed01a593d25001363a6fe","['696163a0bf44c3a09453a60f']","[PREMIUM]","[PREMIUM]"
"68a2099a2cfccc827410d6ec","2026-04-04 12:09:33.361","2026-04-17 12:43:31.647","68a2099a2cfccc827410d6ec","Two Strangers (Carry a Cake Across New York)","theater","2026-06-27 19:30:00","2026-06-27 23:30:00","2026-06-27 23:30:00",false,false,false,"[PREMIUM]","[PREMIUM]","[PREMIUM]","[PREMIUM]","[PREMIUM]","[PREMIUM]",false,true,"5a9ed01a593d25001363a6fe","['696163a0bf44c3a09453a60f']","[PREMIUM]","[PREMIUM]"
"68a09651580d8123aa4dade0","2026-04-04 12:09:33.361","2026-04-17 12:43:31.647","68a09651580d8123aa4dade0","Las Vegas Aviators at Sacramento River Cats","milb","2026-06-27 18:37:00","2026-06-28 01:37:00","2026-06-28 03:07:00",false,false,false,"[PREMIUM]","[PREMIUM]","[PREMIUM]","[PREMIUM]","[PREMIUM]","[PREMIUM]",false,false,"55313d1878fea568e6000001","['55313d1c78fea568e6000003','569fd710f80c416348000006']","[PREMIUM]","[PREMIUM]"
"689fd519ee6b8ca111eb4738","2026-04-04 12:09:33.361","2026-04-17 12:43:31.647","689fd519ee6b8ca111eb4738","Jupiter Hammerheads at Clearwater Threshers","milb","2026-06-27 18:30:00","2026-06-27 22:30:00","2026-06-28 00:00:00",false,false,false,"[PREMIUM]","[PREMIUM]","[PREMIUM]","[PREMIUM]","[PREMIUM]","[PREMIUM]",false,false,"568d94b3f80c417330000002","['61982d0856dcff0001a27d2c','619c366b80ca5b0001ebab39']","[PREMIUM]","[PREMIUM]"
"689cf28b01a59af966b0b4a7","2026-04-04 12:09:33.361","2026-04-17 12:43:31.647","689cf28b01a59af966b0b4a7","West Michigan Whitecaps at Dayton Dragons","milb","2026-06-27 19:05:00","2026-06-27 23:05:00","2026-06-28 00:35:00",false,false,false,"[PREMIUM]","[PREMIUM]","[PREMIUM]","[PREMIUM]","[PREMIUM]","[PREMIUM]",false,false,"55423f8a78fea53bb6000001","['55423f8f78fea53bb6000004','5a9476eab9c7450014e70e86']","[PREMIUM]","[PREMIUM]"
"689cdfb167ecb059215fa80b","2026-04-04 12:09:33.361","2026-04-17 12:43:31.647","689cdfb167ecb059215fa80b","Round Rock Express at Tacoma Rainiers","milb","2026-06-27 18:05:00","2026-06-28 01:05:00","2026-06-28 02:35:00",false,false,false,"[PREMIUM]","[PREMIUM]","[PREMIUM]","[PREMIUM]","[PREMIUM]","[PREMIUM]",false,false,"5aa02146af2d0e0012970af9","['59271ce225f2c52ed80f33e2','59271ce225f2c52ed80f33e3']","[PREMIUM]","[PREMIUM]"
"689cdf7e337eefad2a05609c","2026-04-04 12:09:33.361","2026-04-17 12:43:31.647","689cdf7e337eefad2a05609c","Quad Cities River Bandits at South Bend Cubs","milb","2026-06-27 19:05:00","2026-06-28 00:05:00","2026-06-28 01:35:00",false,false,false,"[PREMIUM]","[PREMIUM]","[PREMIUM]","[PREMIUM]","[PREMIUM]","[PREMIUM]",false,false,"67201ea5fe0cb992657cb1f9","['5a9473c9ccb7ce0014f785b1','60947cfced516a00011b29ea']","[PREMIUM]","[PREMIUM]"
"689cde997208875d2b89d0a8","2026-04-04 12:09:33.361","2026-04-17 12:43:31.647","689cde997208875d2b89d0a8","Lakeland Flying Tigers at Daytona Tortugas","milb","2026-06-27 18:35:00","2026-06-27 22:35:00","2026-06-28 00:05:00",false,false,false,"[PREMIUM]","[PREMIUM]","[PREMIUM]","[PREMIUM]","[PREMIUM]","[PREMIUM]",false,true,"697ba059e701b00e3b1fa795","['61983b845414ea000162d4cf','61983a5105eed90001738aa8']","[PREMIUM]","[PREMIUM]"
"689cda355bdf0ea7d4479e1e","2026-04-04 12:09:33.361","2026-04-17 12:43:31.647","689cda355bdf0ea7d4479e1e","St Paul Saints at Louisville Bats","milb","2026-06-27 17:05:00","2026-06-27 21:05:00","2026-06-27 22:35:00",false,false,false,"[PREMIUM]","[PREMIUM]","[PREMIUM]","[PREMIUM]","[PREMIUM]","[PREMIUM]",false,false,"5d080ae7b0c2f400141d909a","['5a70bb4625f2c537d4449b4e','60947caf3769070001350026']","[PREMIUM]","[PREMIUM]"
"689cda0bb9803685aee7a372","2026-04-04 12:09:33.361","2026-04-17 12:43:31.647","689cda0bb9803685aee7a372","Rochester Red Wings at Charlotte Knights","milb","2026-06-27 18:05:00","2026-06-27 22:05:00","2026-06-27 22:50:00",false,false,false,"[PREMIUM]","[PREMIUM]","[PREMIUM]","[PREMIUM]","[PREMIUM]","[PREMIUM]",false,false,"54fde39964f9622fa4000001","['54fde3a364f9622fa4000003','5a70bb4625f2c537d4449b54']","[PREMIUM]","[PREMIUM]"
"689cd86301a59af966b09a11","2026-04-04 12:09:33.361","2026-04-17 12:43:31.647","689cd86301a59af966b09a11","Jabbawockeez","theater","2026-06-27 17:30:00","2026-06-28 00:30:00","2026-06-28 00:30:00",false,false,false,"[PREMIUM]","[PREMIUM]","[PREMIUM]","[PREMIUM]","[PREMIUM]","[PREMIUM]",false,true,"65d922171e8767f8399758d2","['6577a8fd467ba3b6407738c9']","[PREMIUM]","[PREMIUM]"
"689cd7af321cb2df5f856cc3","2026-04-04 12:09:33.361","2026-04-17 12:43:31.647","689cd7af321cb2df5f856cc3","Memphis Redbirds at Jacksonville Jumbo Shrimp","milb","2026-06-27 18:35:00","2026-06-27 22:35:00","2026-06-28 00:05:00",false,false,false,"[PREMIUM]","[PREMIUM]","[PREMIUM]","[PREMIUM]","[PREMIUM]","[PREMIUM]",false,false,"5577681aa2e3a9121c000001","['60947c4c6a7fb300017f1313','59271ce225f2c52ed80f33e8']","[PREMIUM]","[PREMIUM]"
"689cd66c4bb415d6126f1618","2026-04-04 12:09:33.361","2026-04-17 12:43:31.647","689cd66c4bb415d6126f1618","Columbus Clippers at Omaha Storm Chasers","milb","2026-06-27 18:05:00","2026-06-27 23:05:00","2026-06-28 00:35:00",false,false,false,"[PREMIUM]","[PREMIUM]","[PREMIUM]","[PREMIUM]","[PREMIUM]","[PREMIUM]",false,false,"59dd1e21323bb70001d308fb","['59271ce225f2c52ed80f33e5','5541317578fea5028e000004']","[PREMIUM]","[PREMIUM]"
"689ac7a33327c9a18874f2e1","2026-04-04 12:09:33.361","2026-04-17 12:43:31.647","689ac7a33327c9a18874f2e1","Akron RubberDucks at Richmond Flying Squirrels","milb","2026-06-27 19:05:00","2026-06-27 23:05:00","2026-06-27 23:05:00",false,false,false,"[PREMIUM]","[PREMIUM]","[PREMIUM]","[PREMIUM]","[PREMIUM]","[PREMIUM]",false,false,"6502203057c1a3000118f107","['6495e7d2813d730001f89cdf','6494721ae201e20001d02452']","[PREMIUM]","[PREMIUM]"
"689aadbe323953f5df6c8717","2026-04-04 12:09:33.361","2026-04-17 12:43:31.647","689aadbe323953f5df6c8717","Peoria Chiefs at Beloit Sky Carp","milb","2026-06-27 18:35:00","2026-06-27 23:35:00","2026-06-28 01:05:00",false,false,false,"[PREMIUM]","[PREMIUM]","[PREMIUM]","[PREMIUM]","[PREMIUM]","[PREMIUM]",false,false,"656f7623a5a409770b1b5ee4","['632a2daecc5e310001f95535','5a9475c1eabe900013b42fe2']","[PREMIUM]","[PREMIUM]"
"689a71feb3108c79ea9f9bf2","2026-04-04 12:09:33.361","2026-04-17 12:43:31.647","689a71feb3108c79ea9f9bf2","Durham Bulls at Norfolk Tides","milb","2026-06-27 18:35:00","2026-06-27 22:35:00","2026-06-27 23:20:00",false,false,false,"[PREMIUM]","[PREMIUM]","[PREMIUM]","[PREMIUM]","[PREMIUM]","[PREMIUM]",false,false,"5d0823c580e9dc001ac7ee75","['5a70bb4625f2c537d4449b42','5a70bb4625f2c537d4449b4a']","[PREMIUM]","[PREMIUM]"
"689a569ac5bf26f13b6ec69a","2026-04-04 12:09:33.361","2026-04-17 12:43:31.647","689a569ac5bf26f13b6ec69a","Syracuse Mets at Lehigh Valley IronPigs","milb","2026-06-27 18:35:00","2026-06-27 22:35:00","2026-06-28 00:05:00",false,false,false,"[PREMIUM]","[PREMIUM]","[PREMIUM]","[PREMIUM]","[PREMIUM]","[PREMIUM]",false,false,"61f8570050a0a90001bac11d","['5a70bb4625f2c537d4449b3c','5a70bb4625f2c537d4449b40']","[PREMIUM]","[PREMIUM]"
"689a563e12c56c00cebb1cbf","2026-04-04 12:09:33.361","2026-04-17 12:43:31.647","689a563e12c56c00cebb1cbf","Frisco Roughriders at Amarillo Sod Poodles","milb","2026-06-27 19:05:00","2026-06-28 00:05:00","2026-06-28 01:35:00",false,false,false,"[PREMIUM]","[PREMIUM]","[PREMIUM]","[PREMIUM]","[PREMIUM]","[PREMIUM]",false,false,"6529be73cc9d716112c63ed9","['622a228765b53e0001ef71d7','61afee125ea45500018b1806']","[PREMIUM]","[PREMIUM]"
"68967d2292fcf9275cc5c423","2026-04-04 12:09:33.361","2026-04-17 12:43:24.389","68967d2292fcf9275cc5c423","Dear Evan Hansen","theater","2026-06-27 14:00:00","2026-06-27 21:00:00","2026-06-27 22:00:00",false,false,false,"[PREMIUM]","[PREMIUM]","[PREMIUM]","[PREMIUM]","[PREMIUM]","[PREMIUM]",false,false,"6620523eb74b4a3bca61dd40","['5a5e3f8d25f2c56862a9baa5']","[PREMIUM]","[PREMIUM]"
"689584b8ef1d468d8776f155","2026-04-04 12:09:33.361","2026-04-17 12:43:31.647","689584b8ef1d468d8776f155","Oklahoma City Comets at Reno Aces","milb","2026-06-27 18:35:00","2026-06-28 01:35:00","2026-06-28 03:05:00",false,false,false,"[PREMIUM]","[PREMIUM]","[PREMIUM]","[PREMIUM]","[PREMIUM]","[PREMIUM]",false,false,"61e07f25c8875600014e18ab","['59271ce225f2c52ed80f33e9','5a70bb4625f2c537d4449b3e']","[PREMIUM]","[PREMIUM]"
"689542dccceeb6b668604380","2026-04-04 12:09:33.361","2026-04-17 12:43:24.389","689542dccceeb6b668604380","Everett Aquasox at Eugene Emeralds","milb","2026-06-27 12:05:00","2026-06-27 19:05:00","2026-06-27 20:35:00",false,false,false,"[PREMIUM]","[PREMIUM]","[PREMIUM]","[PREMIUM]","[PREMIUM]","[PREMIUM]",false,false,"64497686e2c787000187c429","['5dbc96f76ec5f3003887f2aa','5d13d380023e55001c0926a3']","[PREMIUM]","[PREMIUM]"
"6893b9b3493bf35c434043c0","2026-04-04 12:09:33.361","2026-04-17 12:43:31.647","6893b9b3493bf35c434043c0","Buffalo Bisons at Iowa Cubs","milb","2026-06-27 18:08:00","2026-06-27 23:08:00","2026-06-28 00:38:00",false,false,false,"[PREMIUM]","[PREMIUM]","[PREMIUM]","[PREMIUM]","[PREMIUM]","[PREMIUM]",false,false,"5aa01f755501d90012f6ebba","['59271ce225f2c52ed80f33e7','5a70bb4625f2c537d4449b52']","[PREMIUM]","[PREMIUM]"
"689119e51afd8b8ab7a64fe0","2026-04-04 12:09:33.361","2026-04-17 12:43:31.647","689119e51afd8b8ab7a64fe0","Reading Fightin Phils at Altoona Curve","milb","2026-06-27 18:30:00","2026-06-27 22:30:00","2026-06-27 22:30:00",false,false,false,"[PREMIUM]","[PREMIUM]","[PREMIUM]","[PREMIUM]","[PREMIUM]","[PREMIUM]",false,false,"653967ae17b636bed5a5d5b0","['6495e92fd43fdc0001a15b29','64e6624db747070001f18009']","[PREMIUM]","[PREMIUM]"
"688faff11f7c0f30e1581d36","2026-04-04 12:09:33.361","2026-04-17 12:43:31.647","688faff11f7c0f30e1581d36","The Music Man","theater","2026-06-27 15:00:00","2026-06-27 20:00:00","2026-06-27 21:30:00",false,false,false,"[PREMIUM]","[PREMIUM]","[PREMIUM]","[PREMIUM]","[PREMIUM]","[PREMIUM]",false,false,"67ae8e8d7c4b342dc2ebf1c5","['5d28dc6e40d0020037d71644']","[PREMIUM]","[PREMIUM]"
"688c10b6d69634e46dc5386f","2026-04-04 12:09:33.361","2026-04-17 12:43:31.647","688c10b6d69634e46dc5386f","San Antonio Missions at Arkansas Travelers","milb","2026-06-27 18:05:00","2026-06-27 23:05:00","2026-06-28 00:35:00",false,false,false,"[PREMIUM]","[PREMIUM]","[PREMIUM]","[PREMIUM]","[PREMIUM]","[PREMIUM]",false,false,"64efb743730df900014d397e","['61afee842a17320001abd1ac','61afee551cc40700010eb2d2']","[PREMIUM]","[PREMIUM]"
"688bf0d3b2853c1b91c7c5d9","2026-04-04 12:09:33.361","2026-04-17 12:43:31.647","688bf0d3b2853c1b91c7c5d9","Cedar Rapids Kernels at Wisconsin Timber Rattlers","milb","2026-06-27 18:40:00","2026-06-27 23:40:00","2026-06-28 01:10:00",false,false,false,"[PREMIUM]","[PREMIUM]","[PREMIUM]","[PREMIUM]","[PREMIUM]","[PREMIUM]",false,false,"64f7b27a608f6100015b43f7","['632a2d73fe63820001721044','5a947520c535ab00127d6db1']","[PREMIUM]","[PREMIUM]"
"6889665989053677beab560f","2026-04-04 12:09:33.361","2026-04-17 12:43:31.647","6889665989053677beab560f","El Paso Chihuahuas at Sugar Land Space Cowboys","milb","2026-06-27 19:05:00","2026-06-28 00:05:00","2026-06-28 01:35:00",false,false,false,"[PREMIUM]","[PREMIUM]","[PREMIUM]","[PREMIUM]","[PREMIUM]","[PREMIUM]",false,false,"64c31c3319b42b000128eaf9","['60947baf3059ac000114ae9f','59271ce225f2c52ed80f33e6']","[PREMIUM]","[PREMIUM]"
"688912697b758cd08c90c9ed","2026-04-04 12:09:33.361","2026-04-17 12:43:31.647","688912697b758cd08c90c9ed","Portland Sea Dogs at Hartford Yard Goats","milb","2026-06-27 18:10:00","2026-06-27 22:10:00","2026-06-27 22:10:00",false,false,false,"[PREMIUM]","[PREMIUM]","[PREMIUM]","[PREMIUM]","[PREMIUM]","[PREMIUM]",false,false,"653965a438dcecde21e0eaa4","['64b70f9db0c58900018113b4','64ee553dcbffa600017a2232']","[PREMIUM]","[PREMIUM]"
"68859391cf745ce2d2029f78","2026-04-04 12:09:33.361","2026-04-17 12:43:31.647","68859391cf745ce2d2029f78","Magic Mike Live (18+ Event)","theater","2026-06-27 19:30:00","2026-06-28 02:30:00","2026-06-28 02:30:00",false,false,false,"[PREMIUM]","[PREMIUM]","[PREMIUM]","[PREMIUM]","[PREMIUM]","[PREMIUM]",false,true,"6206d648e796af000145ae1b","['65b02b7c0a38821a8a84966d']","[PREMIUM]","[PREMIUM]"
"688593915001fb5f31d8fcaa","2026-04-04 12:09:33.361","2026-04-17 12:43:24.389","688593915001fb5f31d8fcaa","Magic Mike Live (18+ Event)","theater","2026-06-26 22:00:00","2026-06-27 05:00:00","2026-06-27 05:00:00",false,false,false,"[PREMIUM]","[PREMIUM]","[PREMIUM]","[PREMIUM]","[PREMIUM]","[PREMIUM]",false,true,"6206d648e796af000145ae1b","['65b02b7c0a38821a8a84966d']","[PREMIUM]","[PREMIUM]"
"687ebc1b0dce3d48d2262ad6","2026-04-04 12:09:33.361","2026-04-17 12:43:31.647","687ebc1b0dce3d48d2262ad6","Elektra - San Francisco Opera","theater","2026-06-27 19:30:00","2026-06-28 02:30:00","2026-06-28 02:30:00",false,false,false,"[PREMIUM]","[PREMIUM]","[PREMIUM]","[PREMIUM]","[PREMIUM]","[PREMIUM]",false,true,"5bfefed002b95300169776ff","['658c73e447f8d310a00f4aa2']","[PREMIUM]","[PREMIUM]"
"6879b79ba3aedb3f8188c87f","2026-04-04 12:09:33.361","2026-04-17 12:43:31.647","6879b79ba3aedb3f8188c87f","Pittsburgh Symphony Orchestra - The Lord of the Rings The Two Towers","music","2026-06-27 19:00:00","2026-06-27 23:00:00","2026-06-27 23:00:00",false,false,false,"[PREMIUM]","[PREMIUM]","[PREMIUM]","[PREMIUM]","[PREMIUM]","[PREMIUM]",false,true,"5a6fb870e1b525000edfa50d","['66c79c2c86c7899e733adb6a']","[PREMIUM]","[PREMIUM]"
"687992c24479298d6afb2c69","2026-04-04 12:09:33.361","2026-04-17 12:43:24.389","687992c24479298d6afb2c69","Country Stampede - Saturday","music","2026-06-27 00:00:00","2026-06-27 05:00:00","2026-06-27 05:00:00",false,true,false,"[PREMIUM]","[PREMIUM]","[PREMIUM]","[PREMIUM]","[PREMIUM]","[PREMIUM]",false,false,"5792b3acf80c410b5129fe41","['66fc75f14690d37064701174']","[PREMIUM]","[PREMIUM]"
"6877989155048b046445543d","2026-04-04 12:09:33.361","2026-04-17 12:43:31.647","6877989155048b046445543d","Mat Franco","other","2026-06-27 19:00:00","2026-06-28 02:00:00","2026-06-28 02:00:00",false,false,false,"[PREMIUM]","[PREMIUM]","[PREMIUM]","[PREMIUM]","[PREMIUM]","[PREMIUM]",false,false,"67880c6a3ad0702b6b6569be","['678ad9f09acc8cbe50ed7025']","[PREMIUM]","[PREMIUM]"
"686ff00998da5a70b644c65d","2026-04-04 12:09:33.361","2026-04-17 12:43:24.389","686ff00998da5a70b644c65d","Les Miserables","theater","2026-06-27 14:00:00","2026-06-27 18:00:00","2026-06-27 19:30:00",false,false,false,"[PREMIUM]","[PREMIUM]","[PREMIUM]","[PREMIUM]","[PREMIUM]","[PREMIUM]",false,false,"681989e626f7a695e09c3df9","['5a997c61266a5f0012e626fe']","[PREMIUM]","[PREMIUM]"
"686ed4ebd6e02d6191410dcf","2026-04-04 12:09:33.361","2026-04-17 12:43:24.389","686ed4ebd6e02d6191410dcf","Hoofbeat Country Fest - Saturday (Jason Aldean, Tucker Wetmore, Neal McCoy)","music","2026-06-27 12:00:00","2026-06-27 17:00:00","2026-06-27 17:00:00",false,false,false,"[PREMIUM]","[PREMIUM]","[PREMIUM]","[PREMIUM]","[PREMIUM]","[PREMIUM]",false,true,"67e31258b872dae5b2e770e1","['67be31baff933e091ef6b658']","[PREMIUM]","[PREMIUM]"
"68670948bb39449467856606","2026-04-04 12:09:33.361","2026-04-17 12:43:31.647","68670948bb39449467856606","Les Miserables","theater","2026-06-27 19:30:00","2026-06-27 23:30:00","2026-06-28 01:00:00",false,false,false,"[PREMIUM]","[PREMIUM]","[PREMIUM]","[PREMIUM]","[PREMIUM]","[PREMIUM]",false,false,"681989e626f7a695e09c3df9","['5a997c61266a5f0012e626fe']","[PREMIUM]","[PREMIUM]"
"6864604cbb3944946785010e","2026-04-04 12:09:33.361","2026-04-17 12:43:24.389","6864604cbb3944946785010e","Reno Rodeo","pbr","2026-06-27 00:00:00","2026-06-27 07:00:00","2026-06-27 08:30:00",false,true,false,"[PREMIUM]","[PREMIUM]","[PREMIUM]","[PREMIUM]","[PREMIUM]","[PREMIUM]",false,false,"61e082c1113da000017a7a00","['6334a9394a75d1000181ef8e']","[PREMIUM]","[PREMIUM]"
"68642dfd27f445c013dc04b8","2026-04-04 12:09:33.361","2026-04-17 12:43:31.647","68642dfd27f445c013dc04b8","Rock of Ages","theater","2026-06-27 19:30:00","2026-06-28 00:30:00","2026-06-28 02:00:00",false,false,false,"[PREMIUM]","[PREMIUM]","[PREMIUM]","[PREMIUM]","[PREMIUM]","[PREMIUM]",false,true,"67e312413d30140f80c0e434","['5a9db45c6900da0014856291']","[PREMIUM]","[PREMIUM]"
"68642dfd0a3ccd829c64a726","2026-04-04 12:09:33.361","2026-04-17 12:43:24.389","68642dfd0a3ccd829c64a726","Rock of Ages","theater","2026-06-27 14:00:00","2026-06-27 19:00:00","2026-06-27 20:30:00",false,false,false,"[PREMIUM]","[PREMIUM]","[PREMIUM]","[PREMIUM]","[PREMIUM]","[PREMIUM]",false,true,"67e312413d30140f80c0e434","['5a9db45c6900da0014856291']","[PREMIUM]","[PREMIUM]"
"685c40774a30250c022cb605","2026-04-04 12:09:33.361","2026-04-17 12:43:24.389","685c40774a30250c022cb605","Beyond Wonderland 2 Day Pass (6/27-6/28) (18+ Event)","music","2026-06-27 11:59:00","2026-06-27 18:59:00","2026-06-27 20:29:00",false,false,false,"[PREMIUM]","[PREMIUM]","[PREMIUM]","[PREMIUM]","[PREMIUM]","[PREMIUM]",false,false,"56d091e9f80c4126b4000002","['5e16020b3042ee00354c8d85']","[PREMIUM]","[PREMIUM]"
"685af3a84883def5d8a10856","2026-04-04 12:09:33.361","2026-04-17 12:43:31.647","685af3a84883def5d8a10856","Dracula A Feminist Revenge Fantasy Really","theater","2026-06-27 15:00:00","2026-06-27 22:00:00","2026-06-27 22:00:00",false,false,false,"[PREMIUM]","[PREMIUM]","[PREMIUM]","[PREMIUM]","[PREMIUM]","[PREMIUM]",false,true,"68ace06628449cb0983207af","['67b8f15ebf28ab3b2494fbd4']","[PREMIUM]","[PREMIUM]"
"685aef27d6c42a3b8b37a06d","2026-04-04 12:09:33.361","2026-04-17 12:43:24.389","685aef27d6c42a3b8b37a06d","2026 Travelers Championship - Saturday","pga","2026-06-27 08:00:00","2026-06-27 12:00:00","2026-06-27 13:30:00",false,false,false,"[PREMIUM]","[PREMIUM]","[PREMIUM]","[PREMIUM]","[PREMIUM]","[PREMIUM]",false,false,"5c5a2df73356db00161a8a26","['5c5a02a3963daa0016788b42']","[PREMIUM]","[PREMIUM]"
"684c7333f9d31050139f69ad","2026-04-04 12:09:33.361","2026-04-17 12:43:31.647","684c7333f9d31050139f69ad","Beautiful - The Carole King Musical","theater","2026-06-27 19:30:00","2026-06-27 23:30:00","2026-06-28 00:30:00",false,false,false,"[PREMIUM]","[PREMIUM]","[PREMIUM]","[PREMIUM]","[PREMIUM]","[PREMIUM]",false,false,"67e5cec8d6660de23d89f926","['585b0620f80c417e513d21b5']","[PREMIUM]","[PREMIUM]"
"684c7333b7be91411ae58215","2026-04-04 12:09:33.361","2026-04-17 12:43:31.647","684c7333b7be91411ae58215","Beautiful - The Carole King Musical","theater","2026-06-27 14:30:00","2026-06-27 18:30:00","2026-06-27 19:30:00",false,false,false,"[PREMIUM]","[PREMIUM]","[PREMIUM]","[PREMIUM]","[PREMIUM]","[PREMIUM]",false,false,"67e5cec8d6660de23d89f926","['585b0620f80c417e513d21b5']","[PREMIUM]","[PREMIUM]"
"684726f962388aa74f0410ba","2026-04-04 12:09:33.361","2026-04-17 12:43:24.389","684726f962388aa74f0410ba","Thunder from Down Under (18+ Event)","theater","2026-06-26 22:00:00","2026-06-27 05:00:00","2026-06-27 05:00:00",false,false,false,"[PREMIUM]","[PREMIUM]","[PREMIUM]","[PREMIUM]","[PREMIUM]","[PREMIUM]",false,true,"65d8fe08918ba89d7821b4e0","['656f9bad6932c99c6691bcab']","[PREMIUM]","[PREMIUM]"
"6838ad04e8dec3cad5c8949a","2026-04-04 12:09:33.361","2026-04-17 12:43:24.389","6838ad04e8dec3cad5c8949a","Mamma Mia!","theater","2026-06-27 14:00:00","2026-06-27 21:00:00","2026-06-27 22:00:00",false,false,false,"[PREMIUM]","[PREMIUM]","[PREMIUM]","[PREMIUM]","[PREMIUM]","[PREMIUM]",false,false,"5834da8ccde6626ebe9402e6","['58224033f80c414dba690e8c']","[PREMIUM]","[PREMIUM]"
"6837569a275dc6cce414c26b","2026-04-04 12:09:33.361","2026-04-17 12:43:31.647","6837569a275dc6cce414c26b","Bill Bellamy (21+ Event) (Rescheduled from 10/25/2025)","comedy","2026-06-27 19:00:00","2026-06-28 02:00:00","2026-06-28 03:30:00",false,false,false,"[PREMIUM]","[PREMIUM]","[PREMIUM]","[PREMIUM]","[PREMIUM]","[PREMIUM]",false,true,"65725423a9fbb664339de6e4","['6216d078b0f6c40001e982ff']","[PREMIUM]","[PREMIUM]"
"68320f46dac4f2e495dce683","2026-04-04 12:09:33.361","2026-04-17 12:43:31.647","68320f46dac4f2e495dce683","Moulin Rouge","theater","2026-06-27 19:30:00","2026-06-27 23:30:00","2026-06-28 01:00:00",false,false,false,"[PREMIUM]","[PREMIUM]","[PREMIUM]","[PREMIUM]","[PREMIUM]","[PREMIUM]",false,false,"5a0a0cc527e1a60013db1221","['645a7e2034171a0001a810d1']","[PREMIUM]","[PREMIUM]"
"68320f455bcb08eadbc97c94","2026-04-04 12:09:33.361","2026-04-17 12:43:24.389","68320f455bcb08eadbc97c94","Moulin Rouge","theater","2026-06-27 13:30:00","2026-06-27 17:30:00","2026-06-27 19:00:00",false,false,false,"[PREMIUM]","[PREMIUM]","[PREMIUM]","[PREMIUM]","[PREMIUM]","[PREMIUM]",false,false,"5a0a0cc527e1a60013db1221","['645a7e2034171a0001a810d1']","[PREMIUM]","[PREMIUM]"
"68320f3379361ee37a423c19","2026-04-04 12:09:33.361","2026-04-17 12:43:31.647","68320f3379361ee37a423c19","Bluey Returns","theater","2026-06-27 18:00:00","2026-06-27 22:00:00","2026-06-27 23:30:00",false,false,false,"[PREMIUM]","[PREMIUM]","[PREMIUM]","[PREMIUM]","[PREMIUM]","[PREMIUM]",false,false,"5a0a0cc527e1a60013db1221","['62bf6b2a38841200017dc9b3']","[PREMIUM]","[PREMIUM]"
"68320f32aa1ad7fc29249f29","2026-04-04 12:09:33.361","2026-04-17 12:43:31.647","68320f32aa1ad7fc29249f29","Bluey Returns","theater","2026-06-27 15:00:00","2026-06-27 19:00:00","2026-06-27 20:30:00",false,false,false,"[PREMIUM]","[PREMIUM]","[PREMIUM]","[PREMIUM]","[PREMIUM]","[PREMIUM]",false,false,"5a0a0cc527e1a60013db1221","['62bf6b2a38841200017dc9b3']","[PREMIUM]","[PREMIUM]"
"6830c34cd13dea31fb222afd","2026-04-04 12:09:33.361","2026-04-17 12:43:24.389","6830c34cd13dea31fb222afd","Monty Python Spamalot","theater","2026-06-27 14:00:00","2026-06-27 18:00:00","2026-06-27 18:00:00",false,false,false,"[PREMIUM]","[PREMIUM]","[PREMIUM]","[PREMIUM]","[PREMIUM]","[PREMIUM]",false,true,"6737d42db215f4ca6612427d","['6595965e78e96408baaedd59']","[PREMIUM]","[PREMIUM]"
"682e1e9a79f0dd1da71b7d69","2026-04-04 12:09:33.361","2026-04-17 12:43:24.389","682e1e9a79f0dd1da71b7d69","New York City Ballet - Concerto Barocco: Allegro Brillante (Program B)","theater","2026-06-27 14:00:00","2026-06-27 21:00:00","2026-06-27 22:00:00",false,false,false,"[PREMIUM]","[PREMIUM]","[PREMIUM]","[PREMIUM]","[PREMIUM]","[PREMIUM]",false,true,"5834da8ccde6626ebe9402e2","['5823db1bf80c41614144b023']","[PREMIUM]","[PREMIUM]"
"682e1e9a1132ae53666051bf","2026-04-04 12:09:33.361","2026-04-17 12:43:31.647","682e1e9a1132ae53666051bf","New York City Ballet - Concerto Barocco: Allegro Brillante (Program B)","theater","2026-06-27 19:30:00","2026-06-28 02:30:00","2026-06-28 03:30:00",false,false,false,"[PREMIUM]","[PREMIUM]","[PREMIUM]","[PREMIUM]","[PREMIUM]","[PREMIUM]",false,true,"5834da8ccde6626ebe9402e2","['5823db1bf80c41614144b023']","[PREMIUM]","[PREMIUM]"
"6824e7555025dcb59d1e98da","2026-04-04 12:09:33.361","2026-04-17 12:43:31.647","6824e7555025dcb59d1e98da","Kings Kaleidoscope (Rescheduled from 11/22/2025)","music","2026-06-27 20:00:00","2026-06-28 03:00:00","2026-06-28 04:30:00",false,false,false,"[PREMIUM]","[PREMIUM]","[PREMIUM]","[PREMIUM]","[PREMIUM]","[PREMIUM]",false,false,"57d1e89250575d33c8544daf","['621584bc73b08f00014cff02']","[PREMIUM]","[PREMIUM]"
"681a59653c556343fef14af7","2026-04-04 12:09:33.361","2026-04-17 12:43:31.647","681a59653c556343fef14af7","Bad Bunny","music","2026-06-27 18:00:00","2026-06-27 17:00:00","2026-06-27 18:00:00",false,false,false,"[PREMIUM]","[PREMIUM]","[PREMIUM]","[PREMIUM]","[PREMIUM]","[PREMIUM]",false,false,"63179d24b8ef970001c41a5a","['5a611a5825f2c558ebe0da0e']","[PREMIUM]","[PREMIUM]"
"681664d6e866569163217de8","2026-04-04 12:09:33.361","2026-04-17 12:43:31.647","681664d6e866569163217de8","Shin Lim","theater","2026-06-27 19:30:00","2026-06-28 02:30:00","2026-06-28 04:00:00",false,false,false,"[PREMIUM]","[PREMIUM]","[PREMIUM]","[PREMIUM]","[PREMIUM]","[PREMIUM]",false,false,"67a403b65cd7461baeafd0f8","['5d39e21b2ddd7500374d5dac']","[PREMIUM]","[PREMIUM]"
"67ed7ed683784f13f32abc50","2026-04-04 12:09:33.361","2026-04-17 12:43:31.647","67ed7ed683784f13f32abc50","Natalia Lafourcade (Rescheduled from 9/17/2025)","music","2026-06-27 20:00:00","2026-06-28 03:00:00","2026-06-28 04:30:00",false,false,false,"[PREMIUM]","[PREMIUM]","[PREMIUM]","[PREMIUM]","[PREMIUM]","[PREMIUM]",false,false,"59b82b880bbfd30001e5e940","['5d828c2359637d00380d5ea5']","[PREMIUM]","[PREMIUM]"
"67e706e5a3136ae7cb88b844","2026-04-04 12:09:33.361","2026-04-17 12:43:31.647","67e706e5a3136ae7cb88b844","Six the Musical","theater","2026-06-27 19:30:00","2026-06-28 00:30:00","2026-06-28 02:00:00",false,false,false,"[PREMIUM]","[PREMIUM]","[PREMIUM]","[PREMIUM]","[PREMIUM]","[PREMIUM]",false,false,"66886e266722f4b5b385110d","['641a21f065ff5c00019e582a']","[PREMIUM]","[PREMIUM]"
"67e706e57409e345206160b5","2026-04-04 12:09:33.361","2026-04-17 12:43:24.389","67e706e57409e345206160b5","Six the Musical","theater","2026-06-27 14:00:00","2026-06-27 19:00:00","2026-06-27 20:30:00",false,false,false,"[PREMIUM]","[PREMIUM]","[PREMIUM]","[PREMIUM]","[PREMIUM]","[PREMIUM]",false,false,"66886e266722f4b5b385110d","['641a21f065ff5c00019e582a']","[PREMIUM]","[PREMIUM]"
"67e6e867e67341f4f086880f","2026-04-04 12:09:33.361","2026-04-17 12:43:31.647","67e6e867e67341f4f086880f","Dear Evan Hansen","theater","2026-06-27 19:30:00","2026-06-28 02:30:00","2026-06-28 03:30:00",false,false,false,"[PREMIUM]","[PREMIUM]","[PREMIUM]","[PREMIUM]","[PREMIUM]","[PREMIUM]",false,false,"6620523eb74b4a3bca61dd40","['5a5e3f8d25f2c56862a9baa5']","[PREMIUM]","[PREMIUM]"
"67e598e4144da4e43c71206c","2026-04-04 12:09:33.361","2026-04-17 12:43:31.647","67e598e4144da4e43c71206c","San Francisco Symphony - Deneve Conducts Saint-Saens Organ Symphony","music","2026-06-27 19:30:00","2026-06-28 02:30:00","2026-06-28 02:30:00",false,false,false,"[PREMIUM]","[PREMIUM]","[PREMIUM]","[PREMIUM]","[PREMIUM]","[PREMIUM]",false,false,"58b8c1c4cde6626ebe09ace0","['6542a73bdc596fb3d3535aad']","[PREMIUM]","[PREMIUM]"
"67e1a3b1f57d9fa6edf1977f","2026-04-04 12:09:33.361","2026-04-17 12:43:24.389","67e1a3b1f57d9fa6edf1977f","Beetlejuice - The Musical","theater","2026-06-27 14:00:00","2026-06-27 18:00:00","2026-06-27 19:30:00",false,false,false,"[PREMIUM]","[PREMIUM]","[PREMIUM]","[PREMIUM]","[PREMIUM]","[PREMIUM]",false,false,"664fbbe84437b9b5b6896aa8","['5d28ded112ed26003bc2ff38']","[PREMIUM]","[PREMIUM]"
"67e1a3b171a13844cbb0cc51","2026-04-04 12:09:33.361","2026-04-17 12:43:31.647","67e1a3b171a13844cbb0cc51","Beetlejuice - The Musical","theater","2026-06-27 20:00:00","2026-06-28 00:00:00","2026-06-28 01:30:00",false,false,false,"[PREMIUM]","[PREMIUM]","[PREMIUM]","[PREMIUM]","[PREMIUM]","[PREMIUM]",false,false,"664fbbe84437b9b5b6896aa8","['5d28ded112ed26003bc2ff38']","[PREMIUM]","[PREMIUM]"
"67df1b68b3004220b8736a73","2026-04-04 12:09:33.361","2026-04-17 12:43:31.647","67df1b68b3004220b8736a73","Disneys Mary Poppins - Musical","theater","2026-06-27 19:30:00","2026-06-28 01:30:00","2026-06-28 01:30:00",false,false,false,"[PREMIUM]","[PREMIUM]","[PREMIUM]","[PREMIUM]","[PREMIUM]","[PREMIUM]",false,true,"68ae16283efaa7538b7274d1","['65ebf4c27c69294d073bd6b1']","[PREMIUM]","[PREMIUM]"
"67db144c1f9098a5c9dac513","2026-04-04 12:09:33.361","2026-04-17 12:43:31.647","67db144c1f9098a5c9dac513","The Church (Rescheduled from 8/2/2025)","music","2026-06-27 20:00:00","2026-06-28 00:00:00","2026-06-28 01:00:00",false,false,false,"[PREMIUM]","[PREMIUM]","[PREMIUM]","[PREMIUM]","[PREMIUM]","[PREMIUM]",false,true,"67e3124fba6d226a637f81dd","['59b3189425f2c53fa02a9607']","[PREMIUM]","[PREMIUM]"
"67d242f1978952a3991905ac","2026-04-04 12:09:33.361","2026-04-17 12:43:31.647","67d242f1978952a3991905ac","Chicago Symphony Orchestra - Star Wars A New Hope in Concert","music","2026-06-27 19:30:00","2026-06-28 00:30:00","2026-06-28 00:30:00",false,false,false,"[PREMIUM]","[PREMIUM]","[PREMIUM]","[PREMIUM]","[PREMIUM]","[PREMIUM]",false,false,"663d480609d3e770f4773f9e","['663e25fa1cd1b0ad90c88cbc']","[PREMIUM]","[PREMIUM]"
"67d20891fd11b46eacf21a48","2026-04-04 12:09:33.361","2026-04-17 12:43:31.647","67d20891fd11b46eacf21a48","Star Wars - The Return of the Jedi in Concert","music","2026-06-27 19:30:00","2026-06-27 23:30:00","2026-06-27 23:30:00",false,false,false,"[PREMIUM]","[PREMIUM]","[PREMIUM]","[PREMIUM]","[PREMIUM]","[PREMIUM]",false,false,"5dfbfc49834c0b003a4fa5af","['65691f0dc609424d761c1e17']","[PREMIUM]","[PREMIUM]"
"67d0baf4f07d2ab3f701c466","2026-04-04 12:09:33.361","2026-04-17 12:43:24.389","67d0baf4f07d2ab3f701c466","Wicked","theater","2026-06-27 14:00:00","2026-06-27 19:00:00","2026-06-27 20:00:00",false,false,false,"[PREMIUM]","[PREMIUM]","[PREMIUM]","[PREMIUM]","[PREMIUM]","[PREMIUM]",false,false,"5ad8d6c083f6800013263348","['5822480df80c4152d5486cd5']","[PREMIUM]","[PREMIUM]"
"67d0baf4cdd72c5b979d9aad","2026-04-04 12:09:33.361","2026-04-17 12:43:31.647","67d0baf4cdd72c5b979d9aad","Wicked","theater","2026-06-27 19:30:00","2026-06-28 00:30:00","2026-06-28 01:30:00",false,false,false,"[PREMIUM]","[PREMIUM]","[PREMIUM]","[PREMIUM]","[PREMIUM]","[PREMIUM]",false,false,"5ad8d6c083f6800013263348","['5822480df80c4152d5486cd5']","[PREMIUM]","[PREMIUM]"
"67c6493c2d283ad79b5acd8c","2026-04-04 12:09:33.361","2026-04-17 12:43:24.389","67c6493c2d283ad79b5acd8c","& Juliet","theater","2026-06-27 14:00:00","2026-06-27 19:00:00","2026-06-27 19:00:00",false,false,false,"[PREMIUM]","[PREMIUM]","[PREMIUM]","[PREMIUM]","[PREMIUM]","[PREMIUM]",false,false,"5cf835df5790800018e39b85","['648b490a85ab3300016fc5df']","[PREMIUM]","[PREMIUM]"
"67c6493b8af063390521606d","2026-04-04 12:09:33.361","2026-04-17 12:43:31.647","67c6493b8af063390521606d","& Juliet","theater","2026-06-27 19:30:00","2026-06-28 00:30:00","2026-06-28 00:30:00",false,false,false,"[PREMIUM]","[PREMIUM]","[PREMIUM]","[PREMIUM]","[PREMIUM]","[PREMIUM]",false,false,"5cf835df5790800018e39b85","['648b490a85ab3300016fc5df']","[PREMIUM]","[PREMIUM]"
"67c15c0ec1fb487abd5f18fd","2026-04-04 12:09:33.361","2026-04-17 12:43:31.647","67c15c0ec1fb487abd5f18fd","The Great Gatsby Musical","theater","2026-06-27 19:30:00","2026-06-27 23:30:00","2026-06-27 23:30:00",false,false,false,"[PREMIUM]","[PREMIUM]","[PREMIUM]","[PREMIUM]","[PREMIUM]","[PREMIUM]",false,false,"67a68780dd25e6e19e4968c3","['65b977c239e21fd436bbe2e8']","[PREMIUM]","[PREMIUM]"
"67c15c0e2f8807f500ec0aea","2026-04-04 12:09:33.361","2026-04-17 12:43:24.389","67c15c0e2f8807f500ec0aea","The Great Gatsby Musical","theater","2026-06-27 13:30:00","2026-06-27 17:30:00","2026-06-27 17:30:00",false,false,false,"[PREMIUM]","[PREMIUM]","[PREMIUM]","[PREMIUM]","[PREMIUM]","[PREMIUM]",false,false,"67a68780dd25e6e19e4968c3","['65b977c239e21fd436bbe2e8']","[PREMIUM]","[PREMIUM]"
"67bfdc75216a29d3c89755cb","2026-04-04 12:09:33.361","2026-04-17 12:43:31.647","67bfdc75216a29d3c89755cb","The Phantom of the Opera","theater","2026-06-27 20:00:00","2026-06-28 03:00:00","2026-06-28 04:00:00",false,false,false,"[PREMIUM]","[PREMIUM]","[PREMIUM]","[PREMIUM]","[PREMIUM]","[PREMIUM]",false,false,"5834da8ccde6626ebe9402e5","['582be311f80c41556b3043e2']","[PREMIUM]","[PREMIUM]"
"67bfdc7448e7a71cf621a3e5","2026-04-04 12:09:33.361","2026-04-17 12:43:24.389","67bfdc7448e7a71cf621a3e5","The Phantom of the Opera","theater","2026-06-27 14:00:00","2026-06-27 21:00:00","2026-06-27 22:00:00",false,false,false,"[PREMIUM]","[PREMIUM]","[PREMIUM]","[PREMIUM]","[PREMIUM]","[PREMIUM]",false,false,"5834da8ccde6626ebe9402e5","['582be311f80c41556b3043e2']","[PREMIUM]","[PREMIUM]"
"67bf96dae7020344501d8d5e","2026-04-04 12:09:33.361","2026-04-17 12:43:24.389","67bf96dae7020344501d8d5e","Jagged Little Pill","theater","2026-06-27 13:00:00","2026-06-27 17:00:00","2026-06-27 17:00:00",false,false,false,"[PREMIUM]","[PREMIUM]","[PREMIUM]","[PREMIUM]","[PREMIUM]","[PREMIUM]",false,false,"5ac3a83912b2b00014732ed2","['6529b8606cca7de684a0c6a5']","[PREMIUM]","[PREMIUM]"
"67bf96da1d28b49c9fedc099","2026-04-04 12:09:33.361","2026-04-17 12:43:31.647","67bf96da1d28b49c9fedc099","Jagged Little Pill","theater","2026-06-27 19:30:00","2026-06-27 23:30:00","2026-06-27 23:30:00",false,false,false,"[PREMIUM]","[PREMIUM]","[PREMIUM]","[PREMIUM]","[PREMIUM]","[PREMIUM]",false,false,"5ac3a83912b2b00014732ed2","['6529b8606cca7de684a0c6a5']","[PREMIUM]","[PREMIUM]"
"67be6956a04d9f16a1530295","2026-04-04 12:09:33.361","2026-04-17 12:43:31.647","67be6956a04d9f16a1530295","Beauty and The Beast","theater","2026-06-27 19:30:00","2026-06-28 02:30:00","2026-06-28 03:30:00",false,false,false,"[PREMIUM]","[PREMIUM]","[PREMIUM]","[PREMIUM]","[PREMIUM]","[PREMIUM]",false,false,"585d824ccde6626ebed36dc9","['5a5e3f8d25f2c56862a9baa9']","[PREMIUM]","[PREMIUM]"
"67be69561d28b49c9fedbeb9","2026-04-04 12:09:33.361","2026-04-17 12:43:24.389","67be69561d28b49c9fedbeb9","Beauty and The Beast","theater","2026-06-27 14:00:00","2026-06-27 21:00:00","2026-06-27 22:00:00",false,false,false,"[PREMIUM]","[PREMIUM]","[PREMIUM]","[PREMIUM]","[PREMIUM]","[PREMIUM]",false,false,"585d824ccde6626ebed36dc9","['5a5e3f8d25f2c56862a9baa9']","[PREMIUM]","[PREMIUM]"
"67b62285eb34ec19c1337fdd","2026-04-04 12:09:33.361","2026-04-17 12:43:31.647","67b62285eb34ec19c1337fdd","The Notebook - The Musical","theater","2026-06-27 19:30:00","2026-06-28 00:30:00","2026-06-28 00:30:00",false,false,false,"[PREMIUM]","[PREMIUM]","[PREMIUM]","[PREMIUM]","[PREMIUM]","[PREMIUM]",false,false,"5cf827d88594990016bc69e7","['651b196b9576c27b8066d76d']","[PREMIUM]","[PREMIUM]"
"67b6228564394e13a86eb67d","2026-04-04 12:09:33.361","2026-04-17 12:43:24.389","67b6228564394e13a86eb67d","The Notebook - The Musical","theater","2026-06-27 13:30:00","2026-06-27 18:30:00","2026-06-27 18:30:00",false,false,false,"[PREMIUM]","[PREMIUM]","[PREMIUM]","[PREMIUM]","[PREMIUM]","[PREMIUM]",false,false,"5cf827d88594990016bc69e7","['651b196b9576c27b8066d76d']","[PREMIUM]","[PREMIUM]"
"67b3c098cabc1fb9557e3aee","2026-04-04 12:09:33.361","2026-04-17 12:43:31.647","67b3c098cabc1fb9557e3aee","Alicia Keys Hells Kitchen","theater","2026-06-27 19:30:00","2026-06-28 02:30:00","2026-06-28 02:30:00",false,false,false,"[PREMIUM]","[PREMIUM]","[PREMIUM]","[PREMIUM]","[PREMIUM]","[PREMIUM]",false,false,"5a0a1076d183b3001008f820","['65552d957dd8c8433d96c872']","[PREMIUM]","[PREMIUM]"
"67b3c0987403a392f17aad39","2026-04-04 12:09:33.361","2026-04-17 12:43:24.389","67b3c0987403a392f17aad39","Alicia Keys Hells Kitchen","theater","2026-06-27 14:00:00","2026-06-27 21:00:00","2026-06-27 21:00:00",false,false,false,"[PREMIUM]","[PREMIUM]","[PREMIUM]","[PREMIUM]","[PREMIUM]","[PREMIUM]",false,false,"5a0a1076d183b3001008f820","['65552d957dd8c8433d96c872']","[PREMIUM]","[PREMIUM]"
"67abd953d8e9f1fad00062af","2026-04-04 12:09:33.361","2026-04-17 12:43:31.647","67abd953d8e9f1fad00062af","Hamilton","theater","2026-06-27 20:00:00","2026-06-28 01:00:00","2026-06-28 00:45:00",false,false,false,"[PREMIUM]","[PREMIUM]","[PREMIUM]","[PREMIUM]","[PREMIUM]","[PREMIUM]",false,false,"5ac6a68c12b2b00014732f72","['5823759df80c415625c237a0']","[PREMIUM]","[PREMIUM]"
"67abd9538ff7484ba59a94ce","2026-04-04 12:09:33.361","2026-04-17 12:43:24.389","67abd9538ff7484ba59a94ce","Hamilton","theater","2026-06-27 14:00:00","2026-06-27 19:00:00","2026-06-27 18:45:00",false,false,false,"[PREMIUM]","[PREMIUM]","[PREMIUM]","[PREMIUM]","[PREMIUM]","[PREMIUM]",false,false,"5ac6a68c12b2b00014732f72","['5823759df80c415625c237a0']","[PREMIUM]","[PREMIUM]"
"67a29be2a48bab583ed4ac31","2026-04-04 12:09:33.361","2026-04-17 12:43:31.647","67a29be2a48bab583ed4ac31","Little Shop of Horrors","theater","2026-06-27 20:00:00","2026-06-28 00:00:00","2026-06-28 00:00:00",false,false,false,"[PREMIUM]","[PREMIUM]","[PREMIUM]","[PREMIUM]","[PREMIUM]","[PREMIUM]",false,false,"65972d337bd2c22d70ba800b","['659737b6b2295ec66ef02bbd']","[PREMIUM]","[PREMIUM]"
"67a29be2046c942b641e3e44","2026-04-04 12:09:33.361","2026-04-17 12:43:24.389","67a29be2046c942b641e3e44","Little Shop of Horrors","theater","2026-06-27 14:00:00","2026-06-27 18:00:00","2026-06-27 18:00:00",false,false,false,"[PREMIUM]","[PREMIUM]","[PREMIUM]","[PREMIUM]","[PREMIUM]","[PREMIUM]",false,false,"65972d337bd2c22d70ba800b","['659737b6b2295ec66ef02bbd']","[PREMIUM]","[PREMIUM]"
"679c6c5dd739ac240c65998b","2026-04-04 12:09:33.361","2026-04-17 12:43:31.647","679c6c5dd739ac240c65998b","The Lion King","theater","2026-06-27 19:30:00","2026-06-27 23:30:00","2026-06-28 00:30:00",false,false,false,"[PREMIUM]","[PREMIUM]","[PREMIUM]","[PREMIUM]","[PREMIUM]","[PREMIUM]",false,false,"5aa01d2e1ff15600124b6309","['5824bdb4f80c41531c0e9a2f']","[PREMIUM]","[PREMIUM]"
"679c6c5da59b342f5def873b","2026-04-04 12:09:33.361","2026-04-17 12:43:24.389","679c6c5da59b342f5def873b","The Lion King","theater","2026-06-27 14:00:00","2026-06-27 18:00:00","2026-06-27 19:00:00",false,false,false,"[PREMIUM]","[PREMIUM]","[PREMIUM]","[PREMIUM]","[PREMIUM]","[PREMIUM]",false,false,"5aa01d2e1ff15600124b6309","['5824bdb4f80c41531c0e9a2f']","[PREMIUM]","[PREMIUM]"
"67995e5fbb4a3cd3bf13923c","2026-04-04 12:09:33.361","2026-04-17 12:43:24.389","67995e5fbb4a3cd3bf13923c","A Beautiful Noise","theater","2026-06-27 14:00:00","2026-06-27 18:00:00","2026-06-27 18:00:00",false,false,false,"[PREMIUM]","[PREMIUM]","[PREMIUM]","[PREMIUM]","[PREMIUM]","[PREMIUM]",false,false,"5aa1768117bce40013fc4cc1","['648b54be4babd10001693588']","[PREMIUM]","[PREMIUM]"
"67995e5f35067fe7942f8882","2026-04-04 12:09:33.361","2026-04-17 12:43:31.647","67995e5f35067fe7942f8882","A Beautiful Noise","theater","2026-06-27 20:00:00","2026-06-28 00:00:00","2026-06-28 00:00:00",false,false,false,"[PREMIUM]","[PREMIUM]","[PREMIUM]","[PREMIUM]","[PREMIUM]","[PREMIUM]",false,false,"5aa1768117bce40013fc4cc1","['648b54be4babd10001693588']","[PREMIUM]","[PREMIUM]"
"67946698ccfa2f2e72398877","2026-04-04 12:09:33.361","2026-04-17 12:43:31.647","67946698ccfa2f2e72398877","Clue - Live On Stage","theater","2026-06-27 19:30:00","2026-06-28 00:30:00","2026-06-28 00:30:00",false,false,false,"[PREMIUM]","[PREMIUM]","[PREMIUM]","[PREMIUM]","[PREMIUM]","[PREMIUM]",false,false,"642b6be543cf2d000163848e","['65cd0b4ee73bc045ffba6a18']","[PREMIUM]","[PREMIUM]"
"679466986695fe071cdc83a2","2026-04-04 12:09:33.361","2026-04-17 12:43:24.389","679466986695fe071cdc83a2","Clue - Live On Stage","theater","2026-06-27 13:30:00","2026-06-27 18:30:00","2026-06-27 18:30:00",false,false,false,"[PREMIUM]","[PREMIUM]","[PREMIUM]","[PREMIUM]","[PREMIUM]","[PREMIUM]",false,false,"642b6be543cf2d000163848e","['65cd0b4ee73bc045ffba6a18']","[PREMIUM]","[PREMIUM]"
"66b1381b45fbf61865ed2cdf","2026-04-04 12:09:33.361","2026-04-17 12:43:31.647","66b1381b45fbf61865ed2cdf","FIFA World Cup: Colombia vs Portugal - Match 71 (Group K)","soccer","2026-06-27 19:30:00","2026-06-27 23:30:00","2026-06-27 23:30:00",false,false,false,"[PREMIUM]","[PREMIUM]","[PREMIUM]","[PREMIUM]","[PREMIUM]","[PREMIUM]",false,false,"54230c8c3bf3761a04000003","['66f70bca07991b85a6c55ad9','5b3bdf7ea6100c00139f993f','5d405e7efbdb180035930e74']","[PREMIUM]","[PREMIUM]"
"66ac2bf6b082f2f98b4808b4","2026-04-04 12:09:33.361","2026-04-17 12:43:31.647","66ac2bf6b082f2f98b4808b4","FIFA World Cup: Panama vs England - Match 67 (Group L)","soccer","2026-06-27 17:00:00","2026-06-27 21:00:00","2026-06-27 21:00:00",false,false,false,"[PREMIUM]","[PREMIUM]","[PREMIUM]","[PREMIUM]","[PREMIUM]","[PREMIUM]",false,false,"53dd34723bf37618a7000003","['66f70bca07991b85a6c55ad9','59d5140d25f2c561ff29da7a','5c51fc745a5de800188728bf']","[PREMIUM]","[PREMIUM]"
"66aa98edf1184968a9707320","2026-04-04 12:09:33.361","2026-04-17 12:43:31.647","66aa98edf1184968a9707320","FIFA World Cup: Congo DR vs Uzbekistan - Match 72 (Group K)","soccer","2026-06-27 19:30:00","2026-06-27 23:30:00","2026-06-27 23:30:00",false,false,false,"[PREMIUM]","[PREMIUM]","[PREMIUM]","[PREMIUM]","[PREMIUM]","[PREMIUM]",false,false,"58f667fd49850a61e42b0f22","['66f70bca07991b85a6c55ad9','649e08e7eb7c0700017d21da','69cc5e1fb1922ef658af16b4']","[PREMIUM]","[PREMIUM]"
"66a7e9b016885b26c912c873","2026-04-04 12:09:33.361","2026-04-17 12:43:31.647","66a7e9b016885b26c912c873","FIFA World Cup: Croatia vs Ghana - Match 68 (Group L)","soccer","2026-06-27 17:00:00","2026-06-27 21:00:00","2026-06-27 21:00:00",false,false,false,"[PREMIUM]","[PREMIUM]","[PREMIUM]","[PREMIUM]","[PREMIUM]","[PREMIUM]",false,false,"53fe55083bf3760f89000001","['66f70bca07991b85a6c55ad9','592348e7f80c4167a3179eef','5930563b25f2c55e53c6f9f2']","[PREMIUM]","[PREMIUM]"
"69cfcc65fc69a177cae52e7d","2026-04-04 12:09:33.361","2026-04-17 12:43:24.389","69cfcc65fc69a177cae52e7d","Jay Pharoah (21+ Event)","comedy","2026-06-26 19:00:00","2026-06-26 23:00:00","2026-06-27 00:30:00",false,false,false,"[PREMIUM]","[PREMIUM]","[PREMIUM]","[PREMIUM]","[PREMIUM]","[PREMIUM]",false,true,"66c9196b8347927d88766d52","['5e1cd8c1a71fd2003b36d405']","[PREMIUM]","[PREMIUM]"
"69d00a1f78d1fa103256fc54","2026-04-04 12:09:33.361","2026-04-17 12:43:31.647","69d00a1f78d1fa103256fc54","Earlybirds Club","music","2026-06-27 18:00:00","2026-06-27 22:00:00","2026-06-27 22:00:00",false,false,false,"[PREMIUM]","[PREMIUM]","[PREMIUM]","[PREMIUM]","[PREMIUM]","[PREMIUM]",false,false,"57e16af750575d33c89b402e","['695345d87d32ad72026729ff']","[PREMIUM]","[PREMIUM]"
"69cfcc6578895fac6fbb5c70","2026-04-04 12:09:33.361","2026-04-17 12:43:31.647","69cfcc6578895fac6fbb5c70","Jay Pharoah (21+ Event)","comedy","2026-06-27 18:30:00","2026-06-27 22:30:00","2026-06-28 00:00:00",false,false,false,"[PREMIUM]","[PREMIUM]","[PREMIUM]","[PREMIUM]","[PREMIUM]","[PREMIUM]",false,true,"66c9196b8347927d88766d52","['5e1cd8c1a71fd2003b36d405']","[PREMIUM]","[PREMIUM]"
"69cfcc65a44f792f7a6d1603","2026-04-04 12:09:33.361","2026-04-17 12:43:24.389","69cfcc65a44f792f7a6d1603","Jay Pharoah (21+ Event)","comedy","2026-06-26 21:45:00","2026-06-27 01:45:00","2026-06-27 03:15:00",false,false,false,"[PREMIUM]","[PREMIUM]","[PREMIUM]","[PREMIUM]","[PREMIUM]","[PREMIUM]",false,true,"66c9196b8347927d88766d52","['5e1cd8c1a71fd2003b36d405']","[PREMIUM]","[PREMIUM]"
"69a661d7239e210c88e4efc3","2026-04-04 12:09:14.125","2026-04-17 12:43:13.742","69a661d7239e210c88e4efc3","Punch Brothers","music","2026-06-24 20:00:00","2026-06-25 01:00:00","2026-06-25 02:30:00",false,false,false,"[PREMIUM]","[PREMIUM]","[PREMIUM]","[PREMIUM]","[PREMIUM]","[PREMIUM]",false,true,"69d01296dbd7efa2ae706f05","['5a99838dccb7ce0014f78791']","[PREMIUM]","[PREMIUM]"
"693605af090104153e7a3096","2026-04-04 12:09:14.125","2026-04-17 12:43:24.389","693605af090104153e7a3096","Hiromis Sonicwonder","music","2026-06-25 19:30:00","2026-06-26 01:30:00","2026-06-26 03:00:00",false,false,false,"[PREMIUM]","[PREMIUM]","[PREMIUM]","[PREMIUM]","[PREMIUM]","[PREMIUM]",false,true,"69d0413fdca705abb79b9f4b","['5cdaf9041573fa0017121510']","[PREMIUM]","[PREMIUM]"
"69d0253fead8a324910151af","2026-04-04 12:09:04.331","2026-04-17 12:43:03.534","69d0253fead8a324910151af","Del Amitri","music","2026-06-21 18:30:00","2026-06-21 22:30:00","2026-06-22 00:00:00",false,false,false,"[PREMIUM]","[PREMIUM]","[PREMIUM]","[PREMIUM]","[PREMIUM]","[PREMIUM]",false,true,"643079aeaf2a9a0001d3d49e","['620ac5041eba860001115ecf']","[PREMIUM]","[PREMIUM]"
"69ceb564a019126573a60d26","2026-04-04 12:08:55.372","2026-04-10 08:10:22.336","69ceb564a019126573a60d26","UniverSoul Circus","other","2026-06-19 23:59:00","2026-06-20 03:59:00","2026-06-20 03:59:00",false,false,false,"[PREMIUM]","[PREMIUM]","[PREMIUM]","[PREMIUM]","[PREMIUM]","[PREMIUM]",false,false,"58127f1ecde6626ebe12395e","['657b7f2c2dff7aad4d16c184']","[PREMIUM]","[PREMIUM]"
"699f960115e0b51e93168adf","2026-04-04 12:08:55.372","2026-04-17 12:42:54.587","699f960115e0b51e93168adf","Patton Oswalt","comedy","2026-06-19 20:00:00","2026-06-20 00:00:00","2026-06-20 01:30:00",false,false,false,"[PREMIUM]","[PREMIUM]","[PREMIUM]","[PREMIUM]","[PREMIUM]","[PREMIUM]",false,true,"69cffd6c845fab1f04dffb02","['5cbf726503831f0017bfd1a6']","[PREMIUM]","[PREMIUM]"
"6952cc478ce7810921240698","2026-04-04 12:08:55.372","2026-04-17 12:42:54.587","6952cc478ce7810921240698","Portland Hearts of Pine at Westchester SC","usl","2026-06-19 23:59:00","2026-06-20 03:59:00","2026-06-20 03:59:00",false,true,false,"[PREMIUM]","[PREMIUM]","[PREMIUM]","[PREMIUM]","[PREMIUM]","[PREMIUM]",false,true,"69cfe1c31d042e480bf91cad","['676b09ef91e572c35fc3a048','676b0bb615b869c28f72a28d']","[PREMIUM]","[PREMIUM]"
"69d074ffb6cb53c13591cb95","2026-04-04 12:08:55.372","2026-04-17 12:42:54.587","69d074ffb6cb53c13591cb95","Adam Hunter","comedy","2026-06-20 19:30:00","2026-06-21 01:30:00","2026-06-21 01:30:00",false,false,false,"[PREMIUM]","[PREMIUM]","[PREMIUM]","[PREMIUM]","[PREMIUM]","[PREMIUM]",false,true,"648a14e200dd850001082cc9","['65283ab6051055550e27c26c']","[PREMIUM]","[PREMIUM]"
"69d09091b6cb53c13591d65e","2026-04-04 12:08:55.372","2026-04-17 12:42:54.587","69d09091b6cb53c13591d65e","J Boog","music","2026-06-19 21:00:00","2026-06-20 04:00:00","2026-06-20 05:00:00",false,false,false,"[PREMIUM]","[PREMIUM]","[PREMIUM]","[PREMIUM]","[PREMIUM]","[PREMIUM]",false,true,"630e7ce9c643860001a64793","['582cbd51f80c41575eaf8e8c']","[PREMIUM]","[PREMIUM]"
"69d00bcaf495b33e3e49cbb7","2026-04-04 12:08:55.372","2026-04-17 12:42:54.587","69d00bcaf495b33e3e49cbb7","Del Amitri","music","2026-06-20 19:00:00","2026-06-20 23:00:00","2026-06-21 00:30:00",false,false,false,"[PREMIUM]","[PREMIUM]","[PREMIUM]","[PREMIUM]","[PREMIUM]","[PREMIUM]",false,true,"634dbbd876f0420001dc7c95","['620ac5041eba860001115ecf']","[PREMIUM]","[PREMIUM]"
"69ceeb53b7cba5340184cd78","2026-04-04 12:08:45.268","2026-04-17 12:42:54.587","69ceeb53b7cba5340184cd78","Shrek - The Musical","theater","2026-06-19 19:00:00","2026-06-20 02:00:00","2026-06-20 02:00:00",false,false,false,"[PREMIUM]","[PREMIUM]","[PREMIUM]","[PREMIUM]","[PREMIUM]","[PREMIUM]",false,false,"66fc48b514050a7474d516f0","['652eb95c24a6b867fca918e9']","[PREMIUM]","[PREMIUM]"
"69d074fff4d76236ad16c06e","2026-04-04 12:08:45.268","2026-04-17 12:42:54.587","69d074fff4d76236ad16c06e","Adam Hunter","comedy","2026-06-19 19:30:00","2026-06-20 01:30:00","2026-06-20 01:30:00",false,false,false,"[PREMIUM]","[PREMIUM]","[PREMIUM]","[PREMIUM]","[PREMIUM]","[PREMIUM]",false,true,"648a14e200dd850001082cc9","['65283ab6051055550e27c26c']","[PREMIUM]","[PREMIUM]"
"69d021ec2d0a0b0dc7d02917","2026-04-04 12:08:45.268","2026-04-17 12:42:44.847","69d021ec2d0a0b0dc7d02917","Adam Hunter (21+ Event)","comedy","2026-06-18 19:00:00","2026-06-18 23:00:00","2026-06-18 23:00:00",false,false,false,"[PREMIUM]","[PREMIUM]","[PREMIUM]","[PREMIUM]","[PREMIUM]","[PREMIUM]",false,true,"658f454f9538aba58c16b7d2","['65283ab6051055550e27c26c']","[PREMIUM]","[PREMIUM]"
"69cfef1ccd3363ef99f54e3c","2026-04-04 12:08:45.268","2026-04-17 12:42:44.847","69cfef1ccd3363ef99f54e3c","The Bones of JR Jones","music","2026-06-17 20:00:00","2026-06-18 00:00:00","2026-06-18 00:00:00",false,false,false,"[PREMIUM]","[PREMIUM]","[PREMIUM]","[PREMIUM]","[PREMIUM]","[PREMIUM]",false,false,"59f77dea6bb673000e542d90","['67be0bba2fb2716607e8f84c']","[PREMIUM]","[PREMIUM]"
"69d03c5524f8d4f84ffa6d39","2026-04-04 12:08:45.268","2026-04-17 12:42:44.847","69d03c5524f8d4f84ffa6d39","Shawn Colvin","music","2026-06-18 19:30:00","2026-06-18 23:30:00","2026-06-19 01:00:00",false,false,false,"[PREMIUM]","[PREMIUM]","[PREMIUM]","[PREMIUM]","[PREMIUM]","[PREMIUM]",false,true,"684748ebc7fc6901a886fc90","['6318fe8bb8ef970001c41a76']","[PREMIUM]","[PREMIUM]"
"69a780a81b86b94afecaa349","2026-04-04 12:08:36.726","2026-04-17 12:42:34.585","69a780a81b86b94afecaa349","James McMurtry and the Martial Law Review","music","2026-06-16 21:00:00","2026-06-17 02:00:00","2026-06-17 03:30:00",false,false,false,"[PREMIUM]","[PREMIUM]","[PREMIUM]","[PREMIUM]","[PREMIUM]","[PREMIUM]",false,true,"69d026cf24f8d4f84ffa64cd","['63346e155f60bc0001707656']","[PREMIUM]","[PREMIUM]"
"6997c618be2cf85ba9ba37cf","2026-04-04 12:08:36.726","2026-04-17 12:42:44.847","6997c618be2cf85ba9ba37cf","Kenny Mason","music","2026-06-17 20:00:00","2026-06-18 00:00:00","2026-06-18 00:00:00",false,false,false,"[PREMIUM]","[PREMIUM]","[PREMIUM]","[PREMIUM]","[PREMIUM]","[PREMIUM]",false,true,"69d023b285b81a090e43d985","['65bbd96ba8f6b6ad7170f3f3']","[PREMIUM]","[PREMIUM]"
"6952cc4736109095cef095ce","2026-04-04 12:08:36.726","2026-04-17 12:42:34.585","6952cc4736109095cef095ce","Greenville Triumph SC at Westchester SC","usl","2026-06-14 23:59:00","2026-06-15 03:59:00","2026-06-15 03:59:00",false,true,false,"[PREMIUM]","[PREMIUM]","[PREMIUM]","[PREMIUM]","[PREMIUM]","[PREMIUM]",false,true,"69cfe1c31d042e480bf91cad","['676b09ef91e572c35fc3a048','63bf42264094440001a34358']","[PREMIUM]","[PREMIUM]"
"69cfcee5a44f792f7a6d16ec","2026-04-04 12:08:36.726","2026-04-17 12:42:34.585","69cfcee5a44f792f7a6d16ec","Adam Hunter (21+ Event)","comedy","2026-06-17 19:00:00","2026-06-17 23:00:00","2026-06-17 23:00:00",false,false,false,"[PREMIUM]","[PREMIUM]","[PREMIUM]","[PREMIUM]","[PREMIUM]","[PREMIUM]",false,true,"676210bd6f35776e7958c72f","['65283ab6051055550e27c26c']","[PREMIUM]","[PREMIUM]"
"69d041c09e2b7290dbb14881","2026-04-04 12:08:36.726","2026-04-17 12:42:34.585","69d041c09e2b7290dbb14881","Dorian Electra","music","2026-06-14 20:00:00","2026-06-15 03:00:00","2026-06-15 04:30:00",false,false,false,"[PREMIUM]","[PREMIUM]","[PREMIUM]","[PREMIUM]","[PREMIUM]","[PREMIUM]",false,true,"5b3fa5cea6100c00139f99d1","['611422ceed6cf50001e14654']","[PREMIUM]","[PREMIUM]"
"69ceeb525d09322cd79a2934","2026-04-04 12:08:27.128","2026-04-17 12:42:19.123","69ceeb525d09322cd79a2934","MC Chris","music","2026-06-13 19:00:00","2026-06-14 02:00:00","2026-06-14 03:00:00",false,false,false,"[PREMIUM]","[PREMIUM]","[PREMIUM]","[PREMIUM]","[PREMIUM]","[PREMIUM]",false,false,"57e16d3950575d33c89b50cb","['5a944c0225f2c56600db1637']","[PREMIUM]","[PREMIUM]"
"69d07bdec8aa3431a46811ac","2026-04-04 12:08:27.128","2026-04-17 12:42:19.123","69d07bdec8aa3431a46811ac","Surf Trash","music","2026-06-13 18:30:00","2026-06-14 01:30:00","2026-06-14 01:30:00",false,false,false,"[PREMIUM]","[PREMIUM]","[PREMIUM]","[PREMIUM]","[PREMIUM]","[PREMIUM]",false,true,"61e9f380d7c091000152d7c4","['661960b7f050462bab35d714']","[PREMIUM]","[PREMIUM]"
"69cfb4631b42652105242e6c","2026-04-04 12:08:27.128","2026-04-17 12:42:19.123","69cfb4631b42652105242e6c","Hardwell (21+ Event)","music","2026-06-14 14:00:00","2026-06-14 21:00:00","2026-06-14 22:00:00",false,false,false,"[PREMIUM]","[PREMIUM]","[PREMIUM]","[PREMIUM]","[PREMIUM]","[PREMIUM]",false,false,"613286ce8faa5d0001d0a079","['56426600f80c4121a8000004']","[PREMIUM]","[PREMIUM]"
"69d0b49fead8a32491017ef2","2026-04-04 12:08:27.128","2026-04-17 12:42:34.585","69d0b49fead8a32491017ef2","Vacations","music","2026-06-14 19:30:00","2026-06-15 00:30:00","2026-06-15 02:00:00",false,false,false,"[PREMIUM]","[PREMIUM]","[PREMIUM]","[PREMIUM]","[PREMIUM]","[PREMIUM]",false,true,"62a271bb04da2800013fcf3e","['6189999f5193d80001aca726']","[PREMIUM]","[PREMIUM]"
"69ceeb53a501fd8f28450cdb","2026-04-04 12:08:14.821","2026-04-17 12:42:08.136","69ceeb53a501fd8f28450cdb","Shrek - The Musical","theater","2026-06-12 19:00:00","2026-06-13 02:00:00","2026-06-13 02:00:00",false,false,false,"[PREMIUM]","[PREMIUM]","[PREMIUM]","[PREMIUM]","[PREMIUM]","[PREMIUM]",false,false,"66fc48b514050a7474d516f0","['652eb95c24a6b867fca918e9']","[PREMIUM]","[PREMIUM]"
"69cf41c23e4c3043594ac7d3","2026-04-04 12:08:14.821","2026-04-17 12:42:08.136","69cf41c23e4c3043594ac7d3","Whitmer Thomas","comedy","2026-06-12 19:30:00","2026-06-12 23:30:00","2026-06-13 01:00:00",false,false,false,"[PREMIUM]","[PREMIUM]","[PREMIUM]","[PREMIUM]","[PREMIUM]","[PREMIUM]",false,false,"57bf665ff80c4103a4c914a3","['62eaca7975a27c00010865b1']","[PREMIUM]","[PREMIUM]"
"69d020a6060750a20aadf194","2026-04-04 12:08:14.821","2026-04-17 12:42:08.136","69d020a6060750a20aadf194","ATLiens (21+ Event)","music","2026-06-13 15:00:00","2026-06-13 22:00:00","2026-06-13 22:00:00",false,false,false,"[PREMIUM]","[PREMIUM]","[PREMIUM]","[PREMIUM]","[PREMIUM]","[PREMIUM]",false,false,"613286ce8faa5d0001d0a079","['667daf2c5b66be05c4b06328']","[PREMIUM]","[PREMIUM]"
"69d026bbb5e48aa3ffab51e5","2026-04-04 12:08:14.821","2026-04-17 12:42:08.136","69d026bbb5e48aa3ffab51e5","Jeff Foxworthy","comedy","2026-06-12 20:00:00","2026-06-13 00:00:00","2026-06-13 01:30:00",false,false,false,"[PREMIUM]","[PREMIUM]","[PREMIUM]","[PREMIUM]","[PREMIUM]","[PREMIUM]",false,true,"6737d496410db8ca1a7d37d4","['5b6b58cf34a149001331ba7f']","[PREMIUM]","[PREMIUM]"
"69d059722c549c165e0b63c1","2026-04-04 12:08:14.821","2026-04-17 12:42:08.136","69d059722c549c165e0b63c1","Bleeding Through","music","2026-06-12 19:00:00","2026-06-13 02:00:00","2026-06-13 02:00:00",false,false,false,"[PREMIUM]","[PREMIUM]","[PREMIUM]","[PREMIUM]","[PREMIUM]","[PREMIUM]",false,true,"5a45450bf4698100129a89de","['64c98b7f8c73dd000142dceb']","[PREMIUM]","[PREMIUM]"
"69ced41f432cb764113e8ff7","2026-04-04 12:08:05.227","2026-04-17 12:41:53.907","69ced41f432cb764113e8ff7","Judy Collins","music","2026-06-11 19:30:00","2026-06-11 23:30:00","2026-06-12 01:00:00",false,false,false,"[PREMIUM]","[PREMIUM]","[PREMIUM]","[PREMIUM]","[PREMIUM]","[PREMIUM]",false,false,"66b2832e951c37209c99e6fb","['62b1e9fd9022160001dce703']","[PREMIUM]","[PREMIUM]"
"699265ea5e5133a8809a9c08","2026-04-04 12:08:05.227","2026-04-17 12:41:53.907","699265ea5e5133a8809a9c08","Kenny Mason","music","2026-06-10 20:00:00","2026-06-11 01:00:00","2026-06-11 01:00:00",false,false,false,"[PREMIUM]","[PREMIUM]","[PREMIUM]","[PREMIUM]","[PREMIUM]","[PREMIUM]",false,true,"69d026cf24f8d4f84ffa64cd","['65bbd96ba8f6b6ad7170f3f3']","[PREMIUM]","[PREMIUM]"
"697a910606608fa2eb95e7d4","2026-04-04 12:08:05.227","2026-04-17 12:41:42.512","697a910606608fa2eb95e7d4","Ben Folds","music","2026-06-09 20:00:00","2026-06-10 00:00:00","2026-06-10 01:00:00",false,false,false,"[PREMIUM]","[PREMIUM]","[PREMIUM]","[PREMIUM]","[PREMIUM]","[PREMIUM]",false,true,"69cffd6c845fab1f04dffb02","['5943155f25f2c514f0b9dd92']","[PREMIUM]","[PREMIUM]"
"6952cc4736b0cb2091d5f08a","2026-04-04 12:08:05.227","2026-04-17 12:41:53.907","6952cc4736b0cb2091d5f08a","Fort Wayne FC at Westchester SC","usl","2026-06-10 23:59:00","2026-06-11 03:59:00","2026-06-11 03:59:00",false,true,false,"[PREMIUM]","[PREMIUM]","[PREMIUM]","[PREMIUM]","[PREMIUM]","[PREMIUM]",false,true,"69cfe1c31d042e480bf91cad","['676b09ef91e572c35fc3a048','69457dca186ec9b33fa14e3a']","[PREMIUM]","[PREMIUM]"
"69cfb018c0210b9ee3fc3dfc","2026-04-04 12:08:05.227","2026-04-17 12:41:53.907","69cfb018c0210b9ee3fc3dfc","Tommy Prine","music","2026-06-10 20:00:00","2026-06-11 00:00:00","2026-06-11 00:00:00",false,false,false,"[PREMIUM]","[PREMIUM]","[PREMIUM]","[PREMIUM]","[PREMIUM]","[PREMIUM]",false,true,"5af475337d91ee0013bfb2cb","['64e50fe9163ed700011f308d']","[PREMIUM]","[PREMIUM]"
"69d078de2d0a0b0dc7d04830","2026-04-04 12:08:05.227","2026-04-17 12:41:53.907","69d078de2d0a0b0dc7d04830","Hardwell (21+ Event)","music","2026-06-10 23:00:00","2026-06-11 03:00:00","2026-06-11 04:00:00",false,false,false,"[PREMIUM]","[PREMIUM]","[PREMIUM]","[PREMIUM]","[PREMIUM]","[PREMIUM]",false,false,"61d4ca2b18b2df0001996ec4","['56426600f80c4121a8000004']","[PREMIUM]","[PREMIUM]"
"69cf0d48e1b4dc371c92576e","2026-04-04 12:07:52.397","2026-04-17 12:41:31.198","69cf0d48e1b4dc371c92576e","Sadie Jean","music","2026-06-06 20:00:00","2026-06-07 01:00:00","2026-06-07 01:00:00",false,false,false,"[PREMIUM]","[PREMIUM]","[PREMIUM]","[PREMIUM]","[PREMIUM]","[PREMIUM]",false,false,"57c61b85f80c4132e4199031","['65f28cd15e7bd4717a27db17']","[PREMIUM]","[PREMIUM]"
"6967e0fd8fe77dd66ba083f7","2026-04-04 12:07:52.397","2026-04-17 12:41:42.512","6967e0fd8fe77dd66ba083f7","Lane 8","music","2026-06-07 16:00:00","2026-06-07 22:00:00","2026-06-07 23:00:00",false,false,false,"[PREMIUM]","[PREMIUM]","[PREMIUM]","[PREMIUM]","[PREMIUM]","[PREMIUM]",false,true,"69d00d165221f5a5458aa94b","['59fa0d4225f2c5042d091edc']","[PREMIUM]","[PREMIUM]"
"6925f5becdcc919648bcac20","2026-04-04 12:07:52.397","2026-04-17 12:41:42.512","6925f5becdcc919648bcac20","Satsang","music","2026-06-07 20:00:00","2026-06-08 01:00:00","2026-06-08 02:30:00",false,false,false,"[PREMIUM]","[PREMIUM]","[PREMIUM]","[PREMIUM]","[PREMIUM]","[PREMIUM]",false,true,"69d026cf24f8d4f84ffa64cd","['6283dda5eac48600011de38b']","[PREMIUM]","[PREMIUM]"
"69d05cb2c8aa3431a46805e5","2026-04-04 12:07:52.397","2026-04-17 12:41:42.512","69d05cb2c8aa3431a46805e5","Vacations","music","2026-06-08 20:00:00","2026-06-09 01:00:00","2026-06-09 02:30:00",false,false,false,"[PREMIUM]","[PREMIUM]","[PREMIUM]","[PREMIUM]","[PREMIUM]","[PREMIUM]",false,true,"61e9f4ad8e648a000188c9eb","['6189999f5193d80001aca726']","[PREMIUM]","[PREMIUM]"
"699e61488218a08ba6a699b6","2026-04-04 12:07:43.917","2026-04-17 12:41:31.198","699e61488218a08ba6a699b6","The Marshall Tucker Band","music","2026-06-06 20:00:00","2026-06-07 03:00:00","2026-06-07 04:30:00",false,false,false,"[PREMIUM]","[PREMIUM]","[PREMIUM]","[PREMIUM]","[PREMIUM]","[PREMIUM]",false,true,"69d00fcc594751fe4f1bdae1","['6196c3c492cc3a00014d5507']","[PREMIUM]","[PREMIUM]"
"69d05ede5221f5a5458acb2a","2026-04-04 12:07:43.917","2026-04-17 12:41:31.198","69d05ede5221f5a5458acb2a","Collin Raye","music","2026-06-06 19:00:00","2026-06-07 02:00:00","2026-06-07 02:00:00",false,false,false,"[PREMIUM]","[PREMIUM]","[PREMIUM]","[PREMIUM]","[PREMIUM]","[PREMIUM]",false,true,"6849d2dc19a8496ad1d18b9e","['67ddd79feba353ab1f8f847a']","[PREMIUM]","[PREMIUM]"
"69d02048a85fd6fbee9eee3a","2026-04-04 12:07:43.917","2026-04-17 12:41:17.729","69d02048a85fd6fbee9eee3a","Cozy Worldwide (21+ Event)","music","2026-06-05 21:00:00","2026-06-06 01:00:00","2026-06-06 01:00:00",false,false,false,"[PREMIUM]","[PREMIUM]","[PREMIUM]","[PREMIUM]","[PREMIUM]","[PREMIUM]",false,false,"57ab8b29f80c411f8fdebfe5","['664cce23b618ea75a2eb1bbb']","[PREMIUM]","[PREMIUM]"
"69d0608830837ee70ec87907","2026-04-04 12:07:43.917","2026-04-17 12:41:17.729","69d0608830837ee70ec87907","Raul Midon","music","2026-06-05 21:30:00","2026-06-06 01:30:00","2026-06-06 01:30:00",false,false,false,"[PREMIUM]","[PREMIUM]","[PREMIUM]","[PREMIUM]","[PREMIUM]","[PREMIUM]",false,true,"65fb5fcda3b32f82a0b19148","['688a8e6d8226f4e9a9713d76']","[PREMIUM]","[PREMIUM]"
"69cfb448a44f792f7a6d0f13","2026-04-04 12:07:43.917","2026-04-17 12:41:31.198","69cfb448a44f792f7a6d0f13","Earlybirds Club","music","2026-06-06 18:00:00","2026-06-06 22:00:00","2026-06-06 22:00:00",false,false,false,"[PREMIUM]","[PREMIUM]","[PREMIUM]","[PREMIUM]","[PREMIUM]","[PREMIUM]",false,false,"57e16d3850575d33c89b5082","['695345d87d32ad72026729ff']","[PREMIUM]","[PREMIUM]"
"69ce0fab3895765ee7f75544","2026-04-04 12:07:34.698","2026-04-10 08:08:49.628","69ce0fab3895765ee7f75544","Jake Shimabukuro","music","2026-06-04 19:00:00","2026-06-04 23:00:00","2026-06-04 23:00:00",false,false,false,"[PREMIUM]","[PREMIUM]","[PREMIUM]","[PREMIUM]","[PREMIUM]","[PREMIUM]",false,false,"543ec2693bf3766621000004","['64e663ead2410200017fd953']","[PREMIUM]","[PREMIUM]"
"69c35d08df74fac18ee329fd","2026-04-04 12:07:34.698","2026-04-17 12:41:04.550","69c35d08df74fac18ee329fd","Robert Earl Keen","music","2026-06-03 20:00:00","2026-06-04 00:00:00","2026-06-04 01:30:00",false,false,false,"[PREMIUM]","[PREMIUM]","[PREMIUM]","[PREMIUM]","[PREMIUM]","[PREMIUM]",false,true,"69cffd6c845fab1f04dffb02","['5b7c3edbf3ad8a0012d1f911']","[PREMIUM]","[PREMIUM]"
"690a84e70fc1da7738c59fdf","2026-04-04 12:07:34.698","2026-04-17 12:41:17.729","690a84e70fc1da7738c59fdf","Ben Rector","music","2026-06-05 19:30:00","2026-06-06 00:30:00","2026-06-06 01:30:00",false,false,false,"[PREMIUM]","[PREMIUM]","[PREMIUM]","[PREMIUM]","[PREMIUM]","[PREMIUM]",false,true,"69d01296dbd7efa2ae706f05","['57a241a2f80c415fc39f2e9c']","[PREMIUM]","[PREMIUM]"
"69d02773f092e1864b3db062","2026-04-04 12:07:34.698","2026-04-17 12:41:17.729","69d02773f092e1864b3db062","Moonshine Bandits","music","2026-06-05 19:00:00","2026-06-05 23:00:00","2026-06-05 23:00:00",false,false,false,"[PREMIUM]","[PREMIUM]","[PREMIUM]","[PREMIUM]","[PREMIUM]","[PREMIUM]",false,false,"57d1e15d50575d33c8542f33","['66144d4dd51f6c996536712c']","[PREMIUM]","[PREMIUM]"
"69d020618b028f849e06a1c4","2026-04-04 12:07:34.698","2026-04-17 12:41:04.550","69d020618b028f849e06a1c4","Shawn Colvin","music","2026-06-03 20:00:00","2026-06-04 01:00:00","2026-06-04 02:30:00",false,false,false,"[PREMIUM]","[PREMIUM]","[PREMIUM]","[PREMIUM]","[PREMIUM]","[PREMIUM]",false,true,"658f463a8a5d430ea7cca239","['6318fe8bb8ef970001c41a76']","[PREMIUM]","[PREMIUM]"
"69d0608865ccef912feb35f1","2026-04-04 12:07:34.698","2026-04-17 12:41:17.729","69d0608865ccef912feb35f1","Raul Midon","music","2026-06-05 19:00:00","2026-06-05 23:00:00","2026-06-05 23:00:00",false,false,false,"[PREMIUM]","[PREMIUM]","[PREMIUM]","[PREMIUM]","[PREMIUM]","[PREMIUM]",false,true,"65fb5fcda3b32f82a0b19148","['688a8e6d8226f4e9a9713d76']","[PREMIUM]","[PREMIUM]"
"69c4635671b6453989ca5071","2026-04-04 12:07:26.437","2026-04-17 12:40:53.262","69c4635671b6453989ca5071","Joshua Slone","music","2026-06-01 19:30:00","2026-06-02 00:30:00","2026-06-02 00:30:00",false,false,false,"[PREMIUM]","[PREMIUM]","[PREMIUM]","[PREMIUM]","[PREMIUM]","[PREMIUM]",false,true,"69d015882241e0731cab9db2","['69811f132c9adb7c2f98c58e']","[PREMIUM]","[PREMIUM]"
"69d0406eead8a32491015caa","2026-04-04 12:07:26.437","2026-04-17 12:41:04.550","69d0406eead8a32491015caa","Sadie Jean","music","2026-06-02 20:00:00","2026-06-03 00:00:00","2026-06-03 00:00:00",false,false,false,"[PREMIUM]","[PREMIUM]","[PREMIUM]","[PREMIUM]","[PREMIUM]","[PREMIUM]",false,true,"5ae9e3281bacc50013566e95","['65f28cd15e7bd4717a27db17']","[PREMIUM]","[PREMIUM]"
"69d0912a8b028f849e06cbb2","2026-04-04 12:07:26.437","2026-04-17 12:40:53.262","69d0912a8b028f849e06cbb2","Anubhav Singh Bassi","comedy","2026-05-31 20:00:00","2026-06-01 03:00:00","2026-06-01 03:00:00",false,false,false,"[PREMIUM]","[PREMIUM]","[PREMIUM]","[PREMIUM]","[PREMIUM]","[PREMIUM]",false,false,"58b0c605cde6626ebeabff24","['66f1e8752f0120b82ea67869']","[PREMIUM]","[PREMIUM]"
"69d0589239501228557c33b5","2026-04-04 12:07:26.437","2026-04-17 12:41:04.550","69d0589239501228557c33b5","Vacations","music","2026-06-02 19:00:00","2026-06-03 02:00:00","2026-06-03 03:30:00",false,false,false,"[PREMIUM]","[PREMIUM]","[PREMIUM]","[PREMIUM]","[PREMIUM]","[PREMIUM]",false,false,"57bf665ff80c4103a4c914a1","['6189999f5193d80001aca726']","[PREMIUM]","[PREMIUM]"
"6952cc471e3f16404b5fb92c","2026-04-04 12:07:18.309","2026-04-17 12:40:53.262","6952cc471e3f16404b5fb92c","South Georgia Tormenta FC at Westchester SC","usl","2026-05-30 23:59:00","2026-05-31 03:59:00","2026-05-31 03:59:00",false,true,false,"[PREMIUM]","[PREMIUM]","[PREMIUM]","[PREMIUM]","[PREMIUM]","[PREMIUM]",false,true,"69cfe1c31d042e480bf91cad","['676b09ef91e572c35fc3a048','62683c4ce168d30001c0982b']","[PREMIUM]","[PREMIUM]"
"68ed5fc66fb30e4f66f9b612","2026-04-04 12:07:08.608","2026-04-17 12:40:27.390","68ed5fc66fb30e4f66f9b612","Lorrie Morgan","music","2026-05-29 19:30:00","2026-05-29 23:30:00","2026-05-29 23:30:00",false,false,false,"[PREMIUM]","[PREMIUM]","[PREMIUM]","[PREMIUM]","[PREMIUM]","[PREMIUM]",false,true,"69d00b35b6cb53c13591a159","['66353d70888611dceb4442a9']","[PREMIUM]","[PREMIUM]"
"69d0984230837ee70ec88c0a","2026-04-04 12:07:08.608","2026-04-17 12:40:38.285","69d0984230837ee70ec88c0a","Malaa","music","2026-05-29 23:00:00","2026-05-30 04:00:00","2026-05-30 05:30:00",false,false,false,"[PREMIUM]","[PREMIUM]","[PREMIUM]","[PREMIUM]","[PREMIUM]","[PREMIUM]",false,true,"5890c905cde6626ebe525b25","['633b647e460e2000019cf0f3']","[PREMIUM]","[PREMIUM]"
"69b2afaa44be5dd4efa8c6fb","2026-04-04 12:06:56.632","2026-04-17 12:40:27.390","69b2afaa44be5dd4efa8c6fb","Steven Ho","comedy","2026-05-28 20:00:00","2026-05-29 02:00:00","2026-05-29 02:00:00",false,false,false,"[PREMIUM]","[PREMIUM]","[PREMIUM]","[PREMIUM]","[PREMIUM]","[PREMIUM]",false,true,"69d0413fdca705abb79b9f4b","['65dfed77aab3de23cc10ac4b']","[PREMIUM]","[PREMIUM]"
"69d02048860f17877a9cd8a4","2026-04-04 12:06:56.632","2026-04-17 12:40:27.390","69d02048860f17877a9cd8a4","Adam Hunter (21+ Event)","comedy","2026-05-28 19:00:00","2026-05-28 23:00:00","2026-05-28 23:00:00",false,false,false,"[PREMIUM]","[PREMIUM]","[PREMIUM]","[PREMIUM]","[PREMIUM]","[PREMIUM]",false,true,"66c9196b8347927d88766d52","['65283ab6051055550e27c26c']","[PREMIUM]","[PREMIUM]"
"68d324a2e5b0602c3f022701","2026-04-04 12:06:47.278","2026-04-18 17:37:42.975","68d324a2e5b0602c3f022701","Iron Maiden","music","2026-05-26 19:00:00","2026-05-26 23:00:00","2026-05-27 00:00:00",false,false,false,"[PREMIUM]","[PREMIUM]","[PREMIUM]","[PREMIUM]","[PREMIUM]","[PREMIUM]",false,true,"69d021ef9e2b7290dbb13aff","['56cf265ef80c416584000003']","[PREMIUM]","[PREMIUM]"
"69d05b08dbd7efa2ae708c9a","2026-04-04 12:06:47.278","2026-04-18 17:37:31.180","69d05b08dbd7efa2ae708c9a","Chris Lorenzo","music","2026-05-24 22:00:00","2026-05-25 05:00:00","2026-05-25 06:30:00",false,false,false,"[PREMIUM]","[PREMIUM]","[PREMIUM]","[PREMIUM]","[PREMIUM]","[PREMIUM]",false,true,"616f3fdd628672000182bad8","['5d71ee12774e660038d69767']","[PREMIUM]","[PREMIUM]"
"69d05ce18b028f849e06b85b","2026-04-04 12:06:47.278","2026-04-18 17:37:31.180","69d05ce18b028f849e06b85b","ACC Baseball Championship - Championship Game","cbs","2026-05-24 12:00:00","2026-05-24 16:00:00","2026-05-24 17:30:00",false,false,false,"[PREMIUM]","[PREMIUM]","[PREMIUM]","[PREMIUM]","[PREMIUM]","[PREMIUM]",false,false,"54fde39964f9622fa4000001","['61c2600a1b1c1300011a3bd0']","[PREMIUM]","[PREMIUM]"
"69ceed4f68101056ec42536d","2026-04-04 12:06:38.016","2026-04-18 17:37:14.948","69ceed4f68101056ec42536d","Emo Nite","music","2026-05-22 21:00:00","2026-05-23 01:00:00","2026-05-23 01:00:00",false,false,false,"[PREMIUM]","[PREMIUM]","[PREMIUM]","[PREMIUM]","[PREMIUM]","[PREMIUM]",false,false,"5e4eaaa4490b29003a8e51fe","['65ce998d07a5794f79181c42']","[PREMIUM]","[PREMIUM]"
"69d05ce101b756e3d5c2a772","2026-04-04 12:06:38.016","2026-04-18 17:37:14.948","69d05ce101b756e3d5c2a772","ACC Baseball Championship - Semifinals","cbs","2026-05-23 13:00:00","2026-05-23 17:00:00","2026-05-23 18:30:00",false,false,false,"[PREMIUM]","[PREMIUM]","[PREMIUM]","[PREMIUM]","[PREMIUM]","[PREMIUM]",false,false,"54fde39964f9622fa4000001","['61c2600a1b1c1300011a3bd0']","[PREMIUM]","[PREMIUM]"
"69d05ce12241e0731cabba6f","2026-04-04 12:06:38.016","2026-04-18 17:37:14.948","69d05ce12241e0731cabba6f","ACC Baseball Championship - Semifinals","cbs","2026-05-23 17:00:00","2026-05-23 21:00:00","2026-05-23 22:30:00",false,false,false,"[PREMIUM]","[PREMIUM]","[PREMIUM]","[PREMIUM]","[PREMIUM]","[PREMIUM]",false,false,"54fde39964f9622fa4000001","['61c2600a1b1c1300011a3bd0']","[PREMIUM]","[PREMIUM]"
"69ceeb52670e5d2863f2c360","2026-04-04 12:06:08.248","2026-04-18 17:36:50.443","69ceeb52670e5d2863f2c360","Electric Six (21+ Event)","music","2026-05-17 20:00:00","2026-05-18 03:00:00","2026-05-18 04:30:00",false,false,false,"[PREMIUM]","[PREMIUM]","[PREMIUM]","[PREMIUM]","[PREMIUM]","[PREMIUM]",false,false,"62d0a6f7c5a57e0001e35643","['5ca681040b94030015ded73e']","[PREMIUM]","[PREMIUM]"
"69addbedd393eb123ea9d882","2026-04-04 12:06:08.248","2026-04-18 17:36:50.443","69addbedd393eb123ea9d882","Whose Live Anyway?","comedy","2026-05-18 19:30:00","2026-05-18 23:30:00","2026-05-18 23:30:00",false,false,false,"[PREMIUM]","[PREMIUM]","[PREMIUM]","[PREMIUM]","[PREMIUM]","[PREMIUM]",false,true,"69d03e78dbd7efa2ae708352","['65283bc0951a2018d31e973e']","[PREMIUM]","[PREMIUM]"
"69a646c819928e4e8504f6d9","2026-04-04 12:06:08.248","2026-04-18 17:37:00.038","69a646c819928e4e8504f6d9","Black Stone Cherry","music","2026-05-20 19:00:00","2026-05-21 01:00:00","2026-05-21 01:00:00",false,false,false,"[PREMIUM]","[PREMIUM]","[PREMIUM]","[PREMIUM]","[PREMIUM]","[PREMIUM]",false,true,"69d03fb76f60e457cfb226a7","['663e7129a61126d21f127048']","[PREMIUM]","[PREMIUM]"
"698ab32d4f70ab10851dc3a7","2026-04-04 12:06:08.248","2026-04-18 17:36:50.443","698ab32d4f70ab10851dc3a7","Teen Suicide","music","2026-05-19 20:00:00","2026-05-20 01:00:00","2026-05-20 01:00:00",false,false,false,"[PREMIUM]","[PREMIUM]","[PREMIUM]","[PREMIUM]","[PREMIUM]","[PREMIUM]",false,true,"69d026cf24f8d4f84ffa64cd","['65c40c7990f4009660ceb0bb']","[PREMIUM]","[PREMIUM]"
"69ceeb5848e3962ab8981b7e","2026-04-04 12:05:55.090","2026-04-18 17:36:32.358","69ceeb5848e3962ab8981b7e","Dying Fetus and Biohazard - Sonic Temple After Party","music","2026-05-16 21:00:00","2026-05-17 01:00:00","2026-05-17 02:30:00",false,false,false,"[PREMIUM]","[PREMIUM]","[PREMIUM]","[PREMIUM]","[PREMIUM]","[PREMIUM]",false,true,"5a958ffbf089fe00137b0c36","['5b354106e2213e0013539bb9']","[PREMIUM]","[PREMIUM]"
"69c5e917037c06f251b60261","2026-04-04 12:05:55.090","2026-04-18 17:36:50.443","69c5e917037c06f251b60261","Whitey Morgan and the 78's","music","2026-05-17 19:00:00","2026-05-18 02:00:00","2026-05-18 03:30:00",false,false,false,"[PREMIUM]","[PREMIUM]","[PREMIUM]","[PREMIUM]","[PREMIUM]","[PREMIUM]",false,true,"5e4eb9c2077d740038fcfdfb","['5b75c674e5a37a0013cd4a97']","[PREMIUM]","[PREMIUM]"
"69a780a819928e4e85056632","2026-04-04 12:05:55.090","2026-04-18 17:36:32.358","69a780a819928e4e85056632","House Party with Pagu","music","2026-05-16 21:00:00","2026-05-17 02:00:00","2026-05-17 02:00:00",false,false,false,"[PREMIUM]","[PREMIUM]","[PREMIUM]","[PREMIUM]","[PREMIUM]","[PREMIUM]",false,true,"69d026cf24f8d4f84ffa64cd","['65cfee6f7fbb8725efad13b9']","[PREMIUM]","[PREMIUM]"
"69cef2d668101056ec42557b","2026-04-04 12:05:46.536","2026-04-18 17:36:14.911","69cef2d668101056ec42557b","Emo Night Brooklyn","music","2026-05-15 20:00:00","2026-05-16 00:00:00","2026-05-16 00:00:00",false,false,false,"[PREMIUM]","[PREMIUM]","[PREMIUM]","[PREMIUM]","[PREMIUM]","[PREMIUM]",false,false,"5e4ea8f6077d740038fcfdfa","['65ce998d07a5794f79181c42']","[PREMIUM]","[PREMIUM]"
"6984043820925e00825b7f7d","2026-04-04 12:05:46.536","2026-04-18 17:36:14.911","6984043820925e00825b7f7d","Piff the Magic Dragon","theater","2026-05-15 20:00:00","2026-05-16 00:00:00","2026-05-16 00:00:00",false,false,false,"[PREMIUM]","[PREMIUM]","[PREMIUM]","[PREMIUM]","[PREMIUM]","[PREMIUM]",false,true,"69cffd6c845fab1f04dffb02","['65281e8c817075bfb76e707e']","[PREMIUM]","[PREMIUM]"
"6952cc4771ad530885d6f805","2026-04-04 12:05:46.536","2026-04-18 17:36:14.911","6952cc4771ad530885d6f805","New York Cosmos at Westchester SC","usl","2026-05-15 23:59:00","2026-05-16 03:59:00","2026-05-16 03:59:00",false,true,false,"[PREMIUM]","[PREMIUM]","[PREMIUM]","[PREMIUM]","[PREMIUM]","[PREMIUM]",false,true,"69cfe1c31d042e480bf91cad","['676b09ef91e572c35fc3a048','6944828bf921d5c03e338fba']","[PREMIUM]","[PREMIUM]"
"6880f4fc1ffa0bc4997f4cf5","2026-04-04 12:05:36.642","2026-04-18 17:35:56.291","6880f4fc1ffa0bc4997f4cf5","St Louis Symphony - Isata Kanneh-Mason","theater","2026-05-14 19:30:00","2026-05-15 00:30:00","2026-05-15 00:30:00",false,false,false,"[PREMIUM]","[PREMIUM]","[PREMIUM]","[PREMIUM]","[PREMIUM]","[PREMIUM]",false,true,"69d01296dbd7efa2ae706f05","['652eb5ca374460fe1c2bf916']","[PREMIUM]","[PREMIUM]"
"69cef2c2b7cba5340184d0cd","2026-04-04 12:05:26.864","2026-04-18 17:35:46.718","69cef2c2b7cba5340184d0cd","Robyn Hitchcock","music","2026-05-13 20:00:00","2026-05-14 03:00:00","2026-05-14 04:30:00",false,false,false,"[PREMIUM]","[PREMIUM]","[PREMIUM]","[PREMIUM]","[PREMIUM]","[PREMIUM]",false,true,"67e3124dfb7a857ce6940788","['5e18c65166a55a003869942a']","[PREMIUM]","[PREMIUM]"
"69d043d328fca67d004588a5","2026-04-04 12:05:26.864","2026-04-18 17:35:46.718","69d043d328fca67d004588a5","Make Them Suffer","music","2026-05-13 19:30:00","2026-05-14 00:30:00","2026-05-14 00:30:00",false,false,false,"[PREMIUM]","[PREMIUM]","[PREMIUM]","[PREMIUM]","[PREMIUM]","[PREMIUM]",false,true,"5a849fabe0f747001300578a","['67522f83d6097355f63f38ef']","[PREMIUM]","[PREMIUM]"
"6880f4fc80beba12c5f84486","2026-04-04 12:05:10.959","2026-04-18 17:35:33.224","6880f4fc80beba12c5f84486","St Louis Symphony - Daphnis and Chloe","theater","2026-05-10 15:00:00","2026-05-10 20:00:00","2026-05-10 20:00:00",false,false,false,"[PREMIUM]","[PREMIUM]","[PREMIUM]","[PREMIUM]","[PREMIUM]","[PREMIUM]",false,true,"69d01296dbd7efa2ae706f05","['652eb5ca374460fe1c2bf916']","[PREMIUM]","[PREMIUM]"
"69d0b52265ccef912feb4e1b","2026-04-04 12:05:10.959","2026-04-18 17:35:21.878","69d0b52265ccef912feb4e1b","Afroman","music","2026-05-09 20:00:00","2026-05-10 00:00:00","2026-05-10 00:00:00",false,false,false,"[PREMIUM]","[PREMIUM]","[PREMIUM]","[PREMIUM]","[PREMIUM]","[PREMIUM]",false,false,"6164bd71678ae70001e9a978","['66708352a70705f50f8e7b24']","[PREMIUM]","[PREMIUM]"
"6985535afae371db6d8f6974","2026-04-04 12:05:02.289","2026-04-18 17:35:21.878","6985535afae371db6d8f6974","George Birge - Saturday","music","2026-05-09 20:00:00","2026-05-10 01:00:00","2026-05-10 01:00:00",false,false,false,"[PREMIUM]","[PREMIUM]","[PREMIUM]","[PREMIUM]","[PREMIUM]","[PREMIUM]",false,true,"69d03c602c549c165e0b5a22","['68d41fb5ea4c63b0d9da95a7']","[PREMIUM]","[PREMIUM]"
"6967e0ea8f67a390cc7949eb","2026-04-04 12:05:02.289","2026-04-18 17:35:12.925","6967e0ea8f67a390cc7949eb","2026 Boots In The Park - Saturday","music","2026-05-09 12:00:00","2026-05-09 19:00:00","2026-05-10 00:00:00",false,false,false,"[PREMIUM]","[PREMIUM]","[PREMIUM]","[PREMIUM]","[PREMIUM]","[PREMIUM]",false,true,"69d002d2085d13be2a5a8e06","['6448096a9ff03f0001c8dfae']","[PREMIUM]","[PREMIUM]"
"692783653804c70383d7a188","2026-04-04 12:05:02.289","2026-04-18 17:35:12.925","692783653804c70383d7a188","Cirque Du Soleil Echo","theater","2026-05-09 12:00:00","2026-05-09 17:00:00","2026-05-09 17:00:00",false,false,false,"[PREMIUM]","[PREMIUM]","[PREMIUM]","[PREMIUM]","[PREMIUM]","[PREMIUM]",false,true,"69cfff095e4e42926dad5978","['66e8ac0980a0445148be911b']","[PREMIUM]","[PREMIUM]"
"69278363c0c7f1288528a40f","2026-04-04 12:05:02.289","2026-04-18 17:35:21.878","69278363c0c7f1288528a40f","Cirque Du Soleil Echo","theater","2026-05-09 15:30:00","2026-05-09 20:30:00","2026-05-09 20:30:00",false,false,false,"[PREMIUM]","[PREMIUM]","[PREMIUM]","[PREMIUM]","[PREMIUM]","[PREMIUM]",false,true,"69cfff095e4e42926dad5978","['66e8ac0980a0445148be911b']","[PREMIUM]","[PREMIUM]"
"68804790fee3f551b3bb3470","2026-04-04 12:05:02.289","2026-04-18 17:35:21.878","68804790fee3f551b3bb3470","St Louis Symphony - Ravels Daphnis and Chloe","theater","2026-05-09 19:30:00","2026-05-10 00:30:00","2026-05-10 00:30:00",false,false,false,"[PREMIUM]","[PREMIUM]","[PREMIUM]","[PREMIUM]","[PREMIUM]","[PREMIUM]",false,true,"69d01296dbd7efa2ae706f05","['652eb5ca374460fe1c2bf916']","[PREMIUM]","[PREMIUM]"
"69d0932aa85fd6fbee9f17fd","2026-04-04 12:05:02.289","2026-04-18 17:35:21.878","69d0932aa85fd6fbee9f17fd","Louisville Bats at Nashville Sounds","milb","2026-05-09 19:15:00","2026-05-10 00:15:00","2026-05-10 01:00:00",false,false,false,"[PREMIUM]","[PREMIUM]","[PREMIUM]","[PREMIUM]","[PREMIUM]","[PREMIUM]",false,false,"5551542a78fea550d8000001","['5551542f78fea550d8000003','5a70bb4625f2c537d4449b4e']","[PREMIUM]","[PREMIUM]"
"6995e928d04dbbe831f901e5","2026-04-04 12:04:54.362","2026-04-18 17:35:12.925","6995e928d04dbbe831f901e5","Gino Vannelli","music","2026-05-08 20:00:00","2026-05-09 00:00:00","2026-05-09 00:00:00",false,false,false,"[PREMIUM]","[PREMIUM]","[PREMIUM]","[PREMIUM]","[PREMIUM]","[PREMIUM]",false,true,"69cffd6c845fab1f04dffb02","['67be2e91d726702011b81503']","[PREMIUM]","[PREMIUM]"
"6985535ab815d7db291904a7","2026-04-04 12:04:54.362","2026-04-18 17:35:12.925","6985535ab815d7db291904a7","George Birge - Friday","music","2026-05-08 20:00:00","2026-05-09 01:00:00","2026-05-09 01:00:00",false,false,false,"[PREMIUM]","[PREMIUM]","[PREMIUM]","[PREMIUM]","[PREMIUM]","[PREMIUM]",false,true,"69d03c602c549c165e0b5a22","['68d41fb5ea4c63b0d9da95a7']","[PREMIUM]","[PREMIUM]"
"696d5fd9e7a08c2cfeff1e3b","2026-04-04 12:04:54.362","2026-04-18 17:35:12.925","696d5fd9e7a08c2cfeff1e3b","Michael Blaustein","comedy","2026-05-08 22:00:00","2026-05-09 05:00:00","2026-05-09 05:00:00",false,false,false,"[PREMIUM]","[PREMIUM]","[PREMIUM]","[PREMIUM]","[PREMIUM]","[PREMIUM]",false,true,"69d044bc30837ee70ec86ffe","['6489e912c7892100012a0fed']","[PREMIUM]","[PREMIUM]"
"6927836487e1417cd3e3d4a4","2026-04-04 12:04:54.362","2026-04-18 17:35:01.545","6927836487e1417cd3e3d4a4","Cirque Du Soleil Echo","theater","2026-05-08 15:30:00","2026-05-08 20:30:00","2026-05-08 20:30:00",false,false,false,"[PREMIUM]","[PREMIUM]","[PREMIUM]","[PREMIUM]","[PREMIUM]","[PREMIUM]",false,true,"69cfff095e4e42926dad5978","['66e8ac0980a0445148be911b']","[PREMIUM]","[PREMIUM]"
"6927836382123b4c7ce49df2","2026-04-04 12:04:54.362","2026-04-18 17:35:12.925","6927836382123b4c7ce49df2","Cirque du Soleil Echo","theater","2026-05-08 19:00:00","2026-05-09 00:00:00","2026-05-09 00:00:00",false,false,false,"[PREMIUM]","[PREMIUM]","[PREMIUM]","[PREMIUM]","[PREMIUM]","[PREMIUM]",false,true,"69cfff095e4e42926dad5978","['66e8ac0980a0445148be911b']","[PREMIUM]","[PREMIUM]"
"6880f4fc05fb25e4529cd432","2026-04-04 12:04:54.362","2026-04-18 17:35:12.925","6880f4fc05fb25e4529cd432","St Louis Symphony - Daphnis and Chloe","theater","2026-05-08 19:30:00","2026-05-09 00:30:00","2026-05-09 00:30:00",false,false,false,"[PREMIUM]","[PREMIUM]","[PREMIUM]","[PREMIUM]","[PREMIUM]","[PREMIUM]",false,true,"69d01296dbd7efa2ae706f05","['652eb5ca374460fe1c2bf916']","[PREMIUM]","[PREMIUM]"
"69cef2f1cd3363ef99f4fdce","2026-04-04 12:04:39.102","2026-04-18 17:35:01.545","69cef2f1cd3363ef99f4fdce","Frankie and The Witch Fingers","music","2026-05-06 20:00:00","2026-05-07 01:00:00","2026-05-07 01:00:00",false,false,false,"[PREMIUM]","[PREMIUM]","[PREMIUM]","[PREMIUM]","[PREMIUM]","[PREMIUM]",false,false,"5a94a639ccb7ce0014f785b8","['64f7a188906c2200011ab53b']","[PREMIUM]","[PREMIUM]"
"69b9d410eaf997e38276154f","2026-04-04 12:04:39.102","2026-04-18 17:34:48.512","69b9d410eaf997e38276154f","Tech N9ne and E40","music","2026-05-06 18:00:00","2026-05-07 01:00:00","2026-05-07 02:00:00",false,false,false,"[PREMIUM]","[PREMIUM]","[PREMIUM]","[PREMIUM]","[PREMIUM]","[PREMIUM]",false,true,"69d004ffb5e48aa3ffab3e95","['57ae3dbef80c412ea9056722']","[PREMIUM]","[PREMIUM]"
"692783662270cd2118a807be","2026-04-04 12:04:39.102","2026-04-18 17:35:01.545","692783662270cd2118a807be","Cirque Du Soleil Echo","theater","2026-05-06 19:00:00","2026-05-07 00:00:00","2026-05-07 00:00:00",false,false,false,"[PREMIUM]","[PREMIUM]","[PREMIUM]","[PREMIUM]","[PREMIUM]","[PREMIUM]",false,true,"69cfff095e4e42926dad5978","['66e8ac0980a0445148be911b']","[PREMIUM]","[PREMIUM]"
"69278363661c08081a7aaae2","2026-04-04 12:04:39.102","2026-04-18 17:35:01.545","69278363661c08081a7aaae2","Cirque Du Soleil Echo","theater","2026-05-07 19:00:00","2026-05-08 00:00:00","2026-05-08 00:00:00",false,false,false,"[PREMIUM]","[PREMIUM]","[PREMIUM]","[PREMIUM]","[PREMIUM]","[PREMIUM]",false,true,"69cfff095e4e42926dad5978","['66e8ac0980a0445148be911b']","[PREMIUM]","[PREMIUM]"
"69cf2ad15d09322cd79a3fd9","2026-04-04 12:04:39.102","2026-04-18 17:35:01.545","69cf2ad15d09322cd79a3fd9","Josh Turner","music","2026-05-07 19:30:00","2026-05-07 23:30:00","2026-05-08 01:00:00",false,false,false,"[PREMIUM]","[PREMIUM]","[PREMIUM]","[PREMIUM]","[PREMIUM]","[PREMIUM]",false,false,"66b2832e951c37209c99e6fb","['5d7a75f68898eb0036c7fa62']","[PREMIUM]","[PREMIUM]"
"69ceeb5cb7cba5340184cd79","2026-04-04 12:04:24.761","2026-04-18 17:34:48.512","69ceeb5cb7cba5340184cd79","Liz Cooper","music","2026-05-05 19:00:00","2026-05-05 23:00:00","2026-05-06 00:30:00",false,false,false,"[PREMIUM]","[PREMIUM]","[PREMIUM]","[PREMIUM]","[PREMIUM]","[PREMIUM]",false,false,"5a958ffbf089fe00137b0c36","['6109ba5a19db4b0001fd6011']","[PREMIUM]","[PREMIUM]"
"69a77d203a4c005f9b74c622","2026-04-04 12:04:24.761","2026-04-18 17:34:48.512","69a77d203a4c005f9b74c622","Gatecreeper","music","2026-05-05 19:00:00","2026-05-06 00:00:00","2026-05-06 00:00:00",false,false,false,"[PREMIUM]","[PREMIUM]","[PREMIUM]","[PREMIUM]","[PREMIUM]","[PREMIUM]",false,true,"69d026cf24f8d4f84ffa64cd","['66074145a4835cf040711724']","[PREMIUM]","[PREMIUM]"
"695fe10f7ee44d13f328561c","2026-04-04 12:04:24.761","2026-04-18 17:34:48.512","695fe10f7ee44d13f328561c","Toast - The Best of Bread","music","2026-05-05 19:30:00","2026-05-05 23:30:00","2026-05-05 23:30:00",false,false,false,"[PREMIUM]","[PREMIUM]","[PREMIUM]","[PREMIUM]","[PREMIUM]","[PREMIUM]",false,true,"69d00b35b6cb53c13591a159","['6896423d62783a8b1d1cfd99']","[PREMIUM]","[PREMIUM]"
"6908f6323f89fc54e050e6c0","2026-04-04 12:04:24.761","2026-04-18 17:34:48.512","6908f6323f89fc54e050e6c0","Tauren Wells","music","2026-05-05 19:00:00","2026-05-05 23:00:00","2026-05-06 00:30:00",false,false,false,"[PREMIUM]","[PREMIUM]","[PREMIUM]","[PREMIUM]","[PREMIUM]","[PREMIUM]",false,true,"69cffa5e8af2fdc5853f9d86","['5d71f331d630d5003a40ba52']","[PREMIUM]","[PREMIUM]"
"69cf2786caadd23c093701b4","2026-04-04 12:04:12.497","2026-04-18 17:34:35.745","69cf2786caadd23c093701b4","Pup - The Band","music","2026-05-02 20:00:00","2026-05-03 03:00:00","2026-05-03 04:30:00",false,false,false,"[PREMIUM]","[PREMIUM]","[PREMIUM]","[PREMIUM]","[PREMIUM]","[PREMIUM]",false,false,"61c39edc7cacb4000136ab77","['5d8291884eed2d00382e6f7d']","[PREMIUM]","[PREMIUM]"
"69bb44d1132374e2bd71a361","2026-04-04 12:04:12.497","2026-04-18 17:34:35.745","69bb44d1132374e2bd71a361","Sam Grisman Project","music","2026-05-03 19:00:00","2026-05-03 23:00:00","2026-05-03 23:00:00",false,false,false,"[PREMIUM]","[PREMIUM]","[PREMIUM]","[PREMIUM]","[PREMIUM]","[PREMIUM]",false,true,"69d03e78dbd7efa2ae708352","['66301e153956b00b223d6951']","[PREMIUM]","[PREMIUM]"
"696832cdfb9b3312dfd8b2ae","2026-04-04 12:04:12.497","2026-04-18 17:34:21.254","696832cdfb9b3312dfd8b2ae","Skizzy Mars","music","2026-05-02 20:00:00","2026-05-03 01:00:00","2026-05-03 02:00:00",false,false,false,"[PREMIUM]","[PREMIUM]","[PREMIUM]","[PREMIUM]","[PREMIUM]","[PREMIUM]",false,true,"69d026cf24f8d4f84ffa64cd","['5a7b9aaa25f2c50ca4ae9c47']","[PREMIUM]","[PREMIUM]"
"69278365ae46922abf573002","2026-04-04 12:04:12.497","2026-04-18 17:34:35.745","69278365ae46922abf573002","Cirque Du Soleil Echo","theater","2026-05-03 13:00:00","2026-05-03 18:00:00","2026-05-03 18:00:00",false,false,false,"[PREMIUM]","[PREMIUM]","[PREMIUM]","[PREMIUM]","[PREMIUM]","[PREMIUM]",false,true,"69cfff095e4e42926dad5978","['66e8ac0980a0445148be911b']","[PREMIUM]","[PREMIUM]"
"69278363661c08081a7aaae3","2026-04-04 12:04:12.497","2026-04-18 17:34:35.745","69278363661c08081a7aaae3","Cirque Du Soleil Echo","theater","2026-05-03 16:30:00","2026-05-03 21:30:00","2026-05-03 21:30:00",false,false,false,"[PREMIUM]","[PREMIUM]","[PREMIUM]","[PREMIUM]","[PREMIUM]","[PREMIUM]",false,true,"69cfff095e4e42926dad5978","['66e8ac0980a0445148be911b']","[PREMIUM]","[PREMIUM]"
"68eeea9660ffcf7e5d03f70e","2026-04-04 12:04:12.497","2026-04-18 17:34:21.254","68eeea9660ffcf7e5d03f70e","Dry Cleaning (Rescheduled from 1/27)","music","2026-05-02 20:00:00","2026-05-03 00:00:00","2026-05-03 01:30:00",false,false,false,"[PREMIUM]","[PREMIUM]","[PREMIUM]","[PREMIUM]","[PREMIUM]","[PREMIUM]",false,true,"69d021ef9e2b7290dbb13aff","['61899cae0d6c3800019ff6b5']","[PREMIUM]","[PREMIUM]"
"6880f4fc1772c73e2b325c64","2026-04-04 12:04:12.497","2026-04-18 17:34:35.745","6880f4fc1772c73e2b325c64","St Louis Symphony - Marvel Infinity Saga in Concert","theater","2026-05-03 14:00:00","2026-05-03 19:00:00","2026-05-03 19:00:00",false,false,false,"[PREMIUM]","[PREMIUM]","[PREMIUM]","[PREMIUM]","[PREMIUM]","[PREMIUM]",false,true,"69d01296dbd7efa2ae706f05","['652eb5ca374460fe1c2bf916']","[PREMIUM]","[PREMIUM]"
"69d093cb46045f67dc49911f","2026-04-04 12:04:12.497","2026-04-18 17:34:35.745","69d093cb46045f67dc49911f","Bubba Dub (21+ Event)","comedy","2026-05-02 21:30:00","2026-05-03 02:30:00","2026-05-03 02:30:00",false,false,false,"[PREMIUM]","[PREMIUM]","[PREMIUM]","[PREMIUM]","[PREMIUM]","[PREMIUM]",false,true,"637beb419e732c00013b277d","['667db2ecc921d7503b4d6f8b']","[PREMIUM]","[PREMIUM]"
"698d5451df95cb17ad5cbc0a","2026-04-04 12:04:01.910","2026-04-18 17:34:21.254","698d5451df95cb17ad5cbc0a","Lowertown","music","2026-05-02 19:30:00","2026-05-02 23:30:00","2026-05-02 23:30:00",false,false,false,"[PREMIUM]","[PREMIUM]","[PREMIUM]","[PREMIUM]","[PREMIUM]","[PREMIUM]",false,true,"69d023b285b81a090e43d985","['67588227ff84f38aced3d02e']","[PREMIUM]","[PREMIUM]"
"6981778a59b29dccb6dead70","2026-04-04 12:04:01.910","2026-04-18 17:34:21.254","6981778a59b29dccb6dead70","Story Pirates","theater","2026-05-02 12:00:00","2026-05-02 16:00:00","2026-05-02 16:00:00",false,false,false,"[PREMIUM]","[PREMIUM]","[PREMIUM]","[PREMIUM]","[PREMIUM]","[PREMIUM]",false,true,"69cffd6c845fab1f04dffb02","['6494cf2901957d0001523be3']","[PREMIUM]","[PREMIUM]"
"6967e101a1852c2070b81f69","2026-04-04 12:04:01.910","2026-04-18 17:34:21.254","6967e101a1852c2070b81f69","Felipe Esparza","comedy","2026-05-02 19:00:00","2026-05-02 23:00:00","2026-05-03 00:30:00",false,false,false,"[PREMIUM]","[PREMIUM]","[PREMIUM]","[PREMIUM]","[PREMIUM]","[PREMIUM]",false,true,"69cffd6c845fab1f04dffb02","['5afcb78a2479b000153d0b51']","[PREMIUM]","[PREMIUM]"
"692783646d18fb6a95e3e877","2026-04-04 12:04:01.910","2026-04-18 17:34:21.254","692783646d18fb6a95e3e877","Cirque Du Soleil Echo","theater","2026-05-02 12:00:00","2026-05-02 17:00:00","2026-05-02 17:00:00",false,false,false,"[PREMIUM]","[PREMIUM]","[PREMIUM]","[PREMIUM]","[PREMIUM]","[PREMIUM]",false,true,"69cfff095e4e42926dad5978","['66e8ac0980a0445148be911b']","[PREMIUM]","[PREMIUM]"
"692783639586b57d52a67234","2026-04-04 12:04:01.910","2026-04-18 17:34:21.254","692783639586b57d52a67234","Cirque Du Soleil Echo","theater","2026-05-02 15:30:00","2026-05-02 20:30:00","2026-05-02 20:30:00",false,false,false,"[PREMIUM]","[PREMIUM]","[PREMIUM]","[PREMIUM]","[PREMIUM]","[PREMIUM]",false,true,"69cfff095e4e42926dad5978","['66e8ac0980a0445148be911b']","[PREMIUM]","[PREMIUM]"
"69278363286eadad92959fb1","2026-04-04 12:04:01.910","2026-04-18 17:34:21.254","69278363286eadad92959fb1","Cirque Du Soleil Echo","theater","2026-05-02 19:00:00","2026-05-03 00:00:00","2026-05-03 00:00:00",false,false,false,"[PREMIUM]","[PREMIUM]","[PREMIUM]","[PREMIUM]","[PREMIUM]","[PREMIUM]",false,true,"69cfff095e4e42926dad5978","['66e8ac0980a0445148be911b']","[PREMIUM]","[PREMIUM]"
"691ba429f761b34c088f62d5","2026-04-04 12:04:01.910","2026-04-18 17:34:21.254","691ba429f761b34c088f62d5","Shrek - The Musical","theater","2026-05-02 14:00:00","2026-05-02 21:00:00","2026-05-02 21:00:00",false,false,false,"[PREMIUM]","[PREMIUM]","[PREMIUM]","[PREMIUM]","[PREMIUM]","[PREMIUM]",false,true,"69d044bc30837ee70ec86ffe","['652eb95c24a6b867fca918e9']","[PREMIUM]","[PREMIUM]"
"687b1efe167a5ed1e5cd10a6","2026-04-04 12:04:01.910","2026-04-18 17:34:21.254","687b1efe167a5ed1e5cd10a6","St Louis Symphony Orchestra - Marvel Infinity Saga","theater","2026-05-02 19:00:00","2026-05-03 00:00:00","2026-05-03 00:00:00",false,false,false,"[PREMIUM]","[PREMIUM]","[PREMIUM]","[PREMIUM]","[PREMIUM]","[PREMIUM]",false,true,"69d01296dbd7efa2ae706f05","['652eb5ca374460fe1c2bf916']","[PREMIUM]","[PREMIUM]"
"69d093cb233fb2f97d74f24e","2026-04-04 12:04:01.910","2026-04-18 17:34:21.254","69d093cb233fb2f97d74f24e","Bubba Dub (21+ Event)","comedy","2026-05-02 19:00:00","2026-05-03 00:00:00","2026-05-03 00:00:00",false,false,false,"[PREMIUM]","[PREMIUM]","[PREMIUM]","[PREMIUM]","[PREMIUM]","[PREMIUM]",false,true,"637beb419e732c00013b277d","['667db2ecc921d7503b4d6f8b']","[PREMIUM]","[PREMIUM]"
"69d093cb30837ee70ec88b3c","2026-04-04 12:04:01.910","2026-04-18 17:34:08.875","69d093cb30837ee70ec88b3c","Bubba Dub","comedy","2026-05-01 21:30:00","2026-05-02 02:30:00","2026-05-02 02:30:00",false,false,false,"[PREMIUM]","[PREMIUM]","[PREMIUM]","[PREMIUM]","[PREMIUM]","[PREMIUM]",false,true,"637beb419e732c00013b277d","['667db2ecc921d7503b4d6f8b']","[PREMIUM]","[PREMIUM]"
"69d004ff24f8d4f84ffa5165","2026-04-04 12:04:01.910","2026-04-18 17:34:21.254","69d004ff24f8d4f84ffa5165","Sunset Blvd - The Golden Age of 1980s Music","theater","2026-05-02 19:00:00","2026-05-03 00:00:00","2026-05-03 00:00:00",false,false,false,"[PREMIUM]","[PREMIUM]","[PREMIUM]","[PREMIUM]","[PREMIUM]","[PREMIUM]",false,true,"687fe15d1373f4484eb34d96","['660b12be5a339153ccbe15c6']","[PREMIUM]","[PREMIUM]"
"69cf2905845fab1f04dfb550","2026-04-04 12:03:53.350","2026-04-18 17:34:08.875","69cf2905845fab1f04dfb550","Buena Vista Social Club","theater","2026-05-01 19:00:00","2026-05-02 02:00:00","2026-05-02 02:00:00",false,false,false,"[PREMIUM]","[PREMIUM]","[PREMIUM]","[PREMIUM]","[PREMIUM]","[PREMIUM]",false,false,"57eade5ecde6626ebe3ba5e6","['65382927aad4c6b877117594']","[PREMIUM]","[PREMIUM]"
"69408fca386892e5e47cd5ea","2026-04-04 12:03:53.350","2026-04-18 17:33:52.631","69408fca386892e5e47cd5ea","Jim Breuer","comedy","2026-04-30 20:00:00","2026-05-01 00:00:00","2026-05-01 01:30:00",false,false,false,"[PREMIUM]","[PREMIUM]","[PREMIUM]","[PREMIUM]","[PREMIUM]","[PREMIUM]",false,true,"69cffd6c845fab1f04dffb02","['5d4b0fa556c059003678552f']","[PREMIUM]","[PREMIUM]"
"69278363cdcc919648bd2aa8","2026-04-04 12:03:53.350","2026-04-18 17:34:08.875","69278363cdcc919648bd2aa8","Cirque du Soleil Echo","theater","2026-05-01 19:00:00","2026-05-02 00:00:00","2026-05-02 00:00:00",false,false,false,"[PREMIUM]","[PREMIUM]","[PREMIUM]","[PREMIUM]","[PREMIUM]","[PREMIUM]",false,true,"69cfff095e4e42926dad5978","['66e8ac0980a0445148be911b']","[PREMIUM]","[PREMIUM]"
"687b1efe3d0fe2ac26fd734f","2026-04-04 12:03:53.350","2026-04-18 17:34:08.875","687b1efe3d0fe2ac26fd734f","St Louis Symphony Orchestra - Marvel Infinity Saga","theater","2026-05-01 19:00:00","2026-05-02 00:00:00","2026-05-02 00:00:00",false,false,false,"[PREMIUM]","[PREMIUM]","[PREMIUM]","[PREMIUM]","[PREMIUM]","[PREMIUM]",false,true,"69d01296dbd7efa2ae706f05","['652eb5ca374460fe1c2bf916']","[PREMIUM]","[PREMIUM]"
"69d0608820fb4988cad0fc6f","2026-04-04 12:03:53.350","2026-04-18 17:33:52.631","69d0608820fb4988cad0fc6f","Delfeayo Marsalis","music","2026-04-30 21:30:00","2026-05-01 01:30:00","2026-05-01 01:30:00",false,false,false,"[PREMIUM]","[PREMIUM]","[PREMIUM]","[PREMIUM]","[PREMIUM]","[PREMIUM]",false,true,"65fb5fcda3b32f82a0b19148","['666b230ca70705f50f8e748f']","[PREMIUM]","[PREMIUM]"
"69d00a6186013183eab5a88e","2026-04-04 12:03:53.350","2026-04-18 17:33:52.631","69d00a6186013183eab5a88e","Adult. (21+ Event)","music","2026-04-30 20:30:00","2026-05-01 03:30:00","2026-05-01 05:00:00",false,false,false,"[PREMIUM]","[PREMIUM]","[PREMIUM]","[PREMIUM]","[PREMIUM]","[PREMIUM]",false,false,"5a43d398f7f0e90012bd74b6","['5b85743db2c1e2001348ed2b']","[PREMIUM]","[PREMIUM]"
"69d093cb24f8d4f84ffa8b83","2026-04-04 12:03:53.350","2026-04-18 17:33:52.631","69d093cb24f8d4f84ffa8b83","Bubba Dub","comedy","2026-04-30 19:30:00","2026-05-01 00:30:00","2026-05-01 00:30:00",false,false,false,"[PREMIUM]","[PREMIUM]","[PREMIUM]","[PREMIUM]","[PREMIUM]","[PREMIUM]",false,true,"637beb419e732c00013b277d","['667db2ecc921d7503b4d6f8b']","[PREMIUM]","[PREMIUM]"
"69d093cb6f60e457cfb24373","2026-04-04 12:03:53.350","2026-04-18 17:34:08.875","69d093cb6f60e457cfb24373","Bubba Dub","comedy","2026-05-01 19:00:00","2026-05-02 00:00:00","2026-05-02 00:00:00",false,false,false,"[PREMIUM]","[PREMIUM]","[PREMIUM]","[PREMIUM]","[PREMIUM]","[PREMIUM]",false,true,"637beb419e732c00013b277d","['667db2ecc921d7503b4d6f8b']","[PREMIUM]","[PREMIUM]"
"6985534024dc22ac176d0fc9","2026-04-04 12:03:42.303","2026-04-18 17:33:52.631","6985534024dc22ac176d0fc9","The Lemon Twigs","music","2026-04-29 20:00:00","2026-04-30 01:00:00","2026-04-30 02:30:00",false,false,false,"[PREMIUM]","[PREMIUM]","[PREMIUM]","[PREMIUM]","[PREMIUM]","[PREMIUM]",false,true,"69d026cf24f8d4f84ffa64cd","['5b85afcb81ac6e001366aae7']","[PREMIUM]","[PREMIUM]"
"69278366a7aaf51b32ec4957","2026-04-04 12:03:42.303","2026-04-18 17:33:40.876","69278366a7aaf51b32ec4957","Cirque Du Soleil Echo","theater","2026-04-29 19:00:00","2026-04-30 00:00:00","2026-04-30 00:00:00",false,false,false,"[PREMIUM]","[PREMIUM]","[PREMIUM]","[PREMIUM]","[PREMIUM]","[PREMIUM]",false,true,"69cfff095e4e42926dad5978","['66e8ac0980a0445148be911b']","[PREMIUM]","[PREMIUM]"
"692783656d18fb6a95e3e879","2026-04-04 12:03:42.303","2026-04-18 17:33:52.631","692783656d18fb6a95e3e879","Cirque Du Soleil Echo","theater","2026-04-30 19:00:00","2026-05-01 00:00:00","2026-05-01 00:00:00",false,false,false,"[PREMIUM]","[PREMIUM]","[PREMIUM]","[PREMIUM]","[PREMIUM]","[PREMIUM]",false,true,"69cfff095e4e42926dad5978","['66e8ac0980a0445148be911b']","[PREMIUM]","[PREMIUM]"
"691d2ebb7ce51284b7621f5f","2026-04-04 12:03:42.303","2026-04-18 17:33:52.631","691d2ebb7ce51284b7621f5f","UpDating","comedy","2026-04-30 19:00:00","2026-04-30 23:00:00","2026-04-30 23:00:00",false,false,false,"[PREMIUM]","[PREMIUM]","[PREMIUM]","[PREMIUM]","[PREMIUM]","[PREMIUM]",false,true,"69d03e78dbd7efa2ae708352","['6793fa3b163a99a8ce496389']","[PREMIUM]","[PREMIUM]"
"69d06088c50b7af54bd3c3ef","2026-04-04 12:03:42.303","2026-04-18 17:33:52.631","69d06088c50b7af54bd3c3ef","Delfeayo Marsalis","music","2026-04-30 19:00:00","2026-04-30 23:00:00","2026-04-30 23:00:00",false,false,false,"[PREMIUM]","[PREMIUM]","[PREMIUM]","[PREMIUM]","[PREMIUM]","[PREMIUM]",false,true,"65fb5fcda3b32f82a0b19148","['666b230ca70705f50f8e748f']","[PREMIUM]","[PREMIUM]"
"69278364be38d64ce7bf89bd","2026-04-04 12:03:33.640","2026-04-18 17:33:28.478","69278364be38d64ce7bf89bd","Cirque du Soleil Echo","theater","2026-04-26 16:30:00","2026-04-26 21:30:00","2026-04-26 21:30:00",false,false,false,"[PREMIUM]","[PREMIUM]","[PREMIUM]","[PREMIUM]","[PREMIUM]","[PREMIUM]",false,true,"69cfff095e4e42926dad5978","['66e8ac0980a0445148be911b']","[PREMIUM]","[PREMIUM]"
"68ed81a24a4f096ed53df1c3","2026-04-04 12:03:33.640","2026-04-18 17:33:40.876","68ed81a24a4f096ed53df1c3","Mae Martin","comedy","2026-04-27 19:00:00","2026-04-28 01:00:00","2026-04-28 01:00:00",false,false,false,"[PREMIUM]","[PREMIUM]","[PREMIUM]","[PREMIUM]","[PREMIUM]","[PREMIUM]",false,true,"69d0413fdca705abb79b9f4b","['68f174c6ee174d68b1885ebb']","[PREMIUM]","[PREMIUM]"
"69d079dc50410319c7661488","2026-04-04 12:03:33.640","2026-04-18 17:33:40.876","69d079dc50410319c7661488","Nimesh Patel","comedy","2026-04-28 18:30:00","2026-04-28 23:30:00","2026-04-29 01:00:00",false,false,false,"[PREMIUM]","[PREMIUM]","[PREMIUM]","[PREMIUM]","[PREMIUM]","[PREMIUM]",false,true,"68a635eb379e8fdc72a39a97","['62b9db3efc61f700018ed9f4']","[PREMIUM]","[PREMIUM]"
"69cf070064a0f16d7e20b25c","2026-04-04 12:03:21.931","2026-04-18 17:33:18.662","69cf070064a0f16d7e20b25c","Night Moves - The Ultimate Bob Seger Tribute Band","music","2026-04-25 19:30:00","2026-04-25 23:30:00","2026-04-25 23:30:00",false,false,false,"[PREMIUM]","[PREMIUM]","[PREMIUM]","[PREMIUM]","[PREMIUM]","[PREMIUM]",false,true,"67e31248d065930b822dfa16","['68487ee97267f3507fe86702']","[PREMIUM]","[PREMIUM]"
"6952cc4707ab084b0308a4bd","2026-04-04 12:03:21.931","2026-04-18 17:33:28.478","6952cc4707ab084b0308a4bd","Portland Hearts of Pine at Westchester SC","usl","2026-04-25 23:59:00","2026-04-26 03:59:00","2026-04-26 03:59:00",false,true,false,"[PREMIUM]","[PREMIUM]","[PREMIUM]","[PREMIUM]","[PREMIUM]","[PREMIUM]",false,true,"69cfe1c31d042e480bf91cad","['676b09ef91e572c35fc3a048','676b0bb615b869c28f72a28d']","[PREMIUM]","[PREMIUM]"
"6941c0ffe80a98768ed9f7c7","2026-04-04 12:03:21.931","2026-04-18 17:33:28.478","6941c0ffe80a98768ed9f7c7","Trace Adkins","music","2026-04-25 20:00:00","2026-04-26 01:00:00","2026-04-26 02:30:00",false,false,false,"[PREMIUM]","[PREMIUM]","[PREMIUM]","[PREMIUM]","[PREMIUM]","[PREMIUM]",false,true,"69d03c602c549c165e0b5a22","['624db30e979ea20001d78432']","[PREMIUM]","[PREMIUM]"
"69278363cdcc919648bd2aa9","2026-04-04 12:03:21.931","2026-04-18 17:33:28.478","69278363cdcc919648bd2aa9","Cirque du Soleil Echo","theater","2026-04-26 13:00:00","2026-04-26 18:00:00","2026-04-26 18:00:00",false,false,false,"[PREMIUM]","[PREMIUM]","[PREMIUM]","[PREMIUM]","[PREMIUM]","[PREMIUM]",false,true,"69cfff095e4e42926dad5978","['66e8ac0980a0445148be911b']","[PREMIUM]","[PREMIUM]"
"6880f4fcb897a2c4dcedfeb5","2026-04-04 12:03:21.931","2026-04-18 17:33:18.662","6880f4fcb897a2c4dcedfeb5","St Louis Symphony - Coplands Third","theater","2026-04-25 19:30:00","2026-04-26 00:30:00","2026-04-26 00:30:00",false,false,false,"[PREMIUM]","[PREMIUM]","[PREMIUM]","[PREMIUM]","[PREMIUM]","[PREMIUM]",false,true,"69d01296dbd7efa2ae706f05","['652eb5ca374460fe1c2bf916']","[PREMIUM]","[PREMIUM]"
"69421583c37bf3f207cff7ff","2026-04-04 12:03:12.750","2026-04-18 17:33:09.412","69421583c37bf3f207cff7ff","Trace Adkins","music","2026-04-24 20:00:00","2026-04-25 01:00:00","2026-04-25 02:30:00",false,false,false,"[PREMIUM]","[PREMIUM]","[PREMIUM]","[PREMIUM]","[PREMIUM]","[PREMIUM]",false,true,"69d03c602c549c165e0b5a22","['624db30e979ea20001d78432']","[PREMIUM]","[PREMIUM]"
"69360197090104153e7a2e94","2026-04-04 12:03:12.750","2026-04-18 17:33:09.412","69360197090104153e7a2e94","Leith Ross","music","2026-04-24 20:00:00","2026-04-25 02:00:00","2026-04-25 03:30:00",false,false,false,"[PREMIUM]","[PREMIUM]","[PREMIUM]","[PREMIUM]","[PREMIUM]","[PREMIUM]",false,true,"69d0413fdca705abb79b9f4b","['63ec0ab11675ef00011d35e6']","[PREMIUM]","[PREMIUM]"
"69278365815c4bdf2891e10c","2026-04-04 12:03:12.750","2026-04-18 17:33:18.662","69278365815c4bdf2891e10c","Cirque du Soleil Echo","theater","2026-04-25 15:30:00","2026-04-25 20:30:00","2026-04-25 20:30:00",false,false,false,"[PREMIUM]","[PREMIUM]","[PREMIUM]","[PREMIUM]","[PREMIUM]","[PREMIUM]",false,true,"69cfff095e4e42926dad5978","['66e8ac0980a0445148be911b']","[PREMIUM]","[PREMIUM]"
"692783642270cd2118a807bc","2026-04-04 12:03:12.750","2026-04-18 17:33:18.662","692783642270cd2118a807bc","Cirque du Soleil Echo","theater","2026-04-25 19:00:00","2026-04-26 00:00:00","2026-04-26 00:00:00",false,false,false,"[PREMIUM]","[PREMIUM]","[PREMIUM]","[PREMIUM]","[PREMIUM]","[PREMIUM]",false,true,"69cfff095e4e42926dad5978","['66e8ac0980a0445148be911b']","[PREMIUM]","[PREMIUM]"
"692783631790a2e73dce28d1","2026-04-04 12:03:12.750","2026-04-18 17:33:18.662","692783631790a2e73dce28d1","Cirque Du Soleil Echo","theater","2026-04-25 12:00:00","2026-04-25 17:00:00","2026-04-25 17:00:00",false,false,false,"[PREMIUM]","[PREMIUM]","[PREMIUM]","[PREMIUM]","[PREMIUM]","[PREMIUM]",false,true,"69cfff095e4e42926dad5978","['66e8ac0980a0445148be911b']","[PREMIUM]","[PREMIUM]"
"68c9057f868a6b28b6ecd247","2026-04-04 12:03:12.750","2026-04-18 17:33:18.662","68c9057f868a6b28b6ecd247","Shrek - The Musical","theater","2026-04-25 14:00:00","2026-04-25 21:00:00","2026-04-25 21:00:00",false,false,false,"[PREMIUM]","[PREMIUM]","[PREMIUM]","[PREMIUM]","[PREMIUM]","[PREMIUM]",false,true,"69d044bc30837ee70ec86ffe","['652eb95c24a6b867fca918e9']","[PREMIUM]","[PREMIUM]"
"69a77d1f19928e4e85056534","2026-04-04 12:03:02.449","2026-04-18 17:32:57.622","69a77d1f19928e4e85056534","Howie Day","music","2026-04-23 19:00:00","2026-04-24 00:00:00","2026-04-24 00:00:00",false,false,false,"[PREMIUM]","[PREMIUM]","[PREMIUM]","[PREMIUM]","[PREMIUM]","[PREMIUM]",false,true,"69d026cf24f8d4f84ffa64cd","['65f0cba844ba24eb76e43bda']","[PREMIUM]","[PREMIUM]"
"6931f237630a7e319f7d9895","2026-04-04 12:03:02.449","2026-04-18 17:33:09.412","6931f237630a7e319f7d9895","Snow Tha Product","music","2026-04-24 19:00:00","2026-04-25 01:00:00","2026-04-25 02:00:00",false,false,false,"[PREMIUM]","[PREMIUM]","[PREMIUM]","[PREMIUM]","[PREMIUM]","[PREMIUM]",false,true,"69d03fb76f60e457cfb226a7","['59a88b0425f2c51f66b12f44']","[PREMIUM]","[PREMIUM]"
"692783669d995599d27b2029","2026-04-04 12:03:02.449","2026-04-18 17:33:09.412","692783669d995599d27b2029","Cirque du Soleil Echo","theater","2026-04-24 19:00:00","2026-04-25 00:00:00","2026-04-25 00:00:00",false,false,false,"[PREMIUM]","[PREMIUM]","[PREMIUM]","[PREMIUM]","[PREMIUM]","[PREMIUM]",false,true,"69cfff095e4e42926dad5978","['66e8ac0980a0445148be911b']","[PREMIUM]","[PREMIUM]"
"692783634ad9bed851b2c4b8","2026-04-04 12:03:02.449","2026-04-18 17:32:57.622","692783634ad9bed851b2c4b8","Cirque Du Soleil Echo","theater","2026-04-23 19:00:00","2026-04-24 00:00:00","2026-04-24 00:00:00",false,false,false,"[PREMIUM]","[PREMIUM]","[PREMIUM]","[PREMIUM]","[PREMIUM]","[PREMIUM]",false,true,"69cfff095e4e42926dad5978","['66e8ac0980a0445148be911b']","[PREMIUM]","[PREMIUM]"
"68f994ffc61a9a9cc87932a9","2026-04-04 12:03:02.449","2026-04-18 17:32:57.622","68f994ffc61a9a9cc87932a9","Glass Tiger","music","2026-04-23 20:00:00","2026-04-24 00:00:00","2026-04-24 00:00:00",false,false,false,"[PREMIUM]","[PREMIUM]","[PREMIUM]","[PREMIUM]","[PREMIUM]","[PREMIUM]",false,true,"69d0429c9e2b7290dbb148c7","['677eb417adadf3ca98111920']","[PREMIUM]","[PREMIUM]"
"68c9057ff5993c50c42c4601","2026-04-04 12:03:02.449","2026-04-18 17:32:57.622","68c9057ff5993c50c42c4601","Shrek - The Musical","theater","2026-04-23 19:30:00","2026-04-24 02:30:00","2026-04-24 02:30:00",false,false,false,"[PREMIUM]","[PREMIUM]","[PREMIUM]","[PREMIUM]","[PREMIUM]","[PREMIUM]",false,true,"69d044bc30837ee70ec86ffe","['652eb95c24a6b867fca918e9']","[PREMIUM]","[PREMIUM]"
"6880f4fbc7b28103393f2372","2026-04-04 12:03:02.449","2026-04-18 17:33:09.412","6880f4fbc7b28103393f2372","St Louis Symphony - Coplands Third","theater","2026-04-24 10:30:00","2026-04-24 15:30:00","2026-04-24 15:30:00",false,false,false,"[PREMIUM]","[PREMIUM]","[PREMIUM]","[PREMIUM]","[PREMIUM]","[PREMIUM]",false,true,"69d01296dbd7efa2ae706f05","['652eb5ca374460fe1c2bf916']","[PREMIUM]","[PREMIUM]"
"69cfb38f5d09322cd79a57a6","2026-04-04 12:03:02.449","2026-04-18 17:32:57.622","69cfb38f5d09322cd79a57a6","Tonight At the Improv","comedy","2026-04-23 21:30:00","2026-04-24 04:30:00","2026-04-24 04:30:00",false,false,false,"[PREMIUM]","[PREMIUM]","[PREMIUM]","[PREMIUM]","[PREMIUM]","[PREMIUM]",false,false,"61c39b25ad04e000018c24ae","['661749b5fcc53ff64e381858']","[PREMIUM]","[PREMIUM]"
"693afa2f630a7e319f80ad6e","2026-04-04 12:02:39.424","2026-04-18 17:32:48.354","693afa2f630a7e319f80ad6e","Dance With The Dead (18+ Event)","music","2026-04-21 20:00:00","2026-04-22 01:00:00","2026-04-22 02:30:00",false,false,false,"[PREMIUM]","[PREMIUM]","[PREMIUM]","[PREMIUM]","[PREMIUM]","[PREMIUM]",false,true,"69d026cf24f8d4f84ffa64cd","['5b47735e73438b0013db9a45']","[PREMIUM]","[PREMIUM]"
"69278364cdcc919648bd2aaa","2026-04-04 12:02:39.424","2026-04-18 17:32:48.354","69278364cdcc919648bd2aaa","Cirque Du Soleil Echo","theater","2026-04-22 19:00:00","2026-04-23 00:00:00","2026-04-23 00:00:00",false,false,false,"[PREMIUM]","[PREMIUM]","[PREMIUM]","[PREMIUM]","[PREMIUM]","[PREMIUM]",false,true,"69cfff095e4e42926dad5978","['66e8ac0980a0445148be911b']","[PREMIUM]","[PREMIUM]"
"69af6a46133cbfe850ea6dda","2026-04-04 12:02:04.441","2026-04-18 17:32:48.354","69af6a46133cbfe850ea6dda","Terri Clark","music","2026-04-19 20:00:00","2026-04-20 00:00:00","2026-04-20 00:00:00",false,false,false,"[PREMIUM]","[PREMIUM]","[PREMIUM]","[PREMIUM]","[PREMIUM]","[PREMIUM]",false,true,"69cffd6c845fab1f04dffb02","['662199b1b7ce63aea0f5fd1d']","[PREMIUM]","[PREMIUM]"
"692f86ed4ca0378b002645fb","2026-04-04 12:02:04.441","2026-04-18 17:32:48.354","692f86ed4ca0378b002645fb","Dance With The Dead","music","2026-04-21 12:00:00","2026-04-21 17:00:00","2026-04-21 18:30:00",false,false,false,"[PREMIUM]","[PREMIUM]","[PREMIUM]","[PREMIUM]","[PREMIUM]","[PREMIUM]",false,true,"69d026cf24f8d4f84ffa64cd","['5b47735e73438b0013db9a45']","[PREMIUM]","[PREMIUM]"
"692783663804c70383d7a189","2026-04-04 12:02:04.441","2026-04-18 17:32:30.351","692783663804c70383d7a189","Cirque Du Soleil Echo","theater","2026-04-19 16:30:00","2026-04-19 21:30:00","2026-04-19 21:30:00",false,false,false,"[PREMIUM]","[PREMIUM]","[PREMIUM]","[PREMIUM]","[PREMIUM]","[PREMIUM]",false,true,"69cfff095e4e42926dad5978","['66e8ac0980a0445148be911b']","[PREMIUM]","[PREMIUM]"
"6880f4fb414c9b34279bbc61","2026-04-04 12:02:04.441","2026-04-18 17:32:30.351","6880f4fb414c9b34279bbc61","St Louis Symphony - Mysticism and Wonder","theater","2026-04-19 15:00:00","2026-04-19 20:00:00","2026-04-19 20:00:00",false,false,false,"[PREMIUM]","[PREMIUM]","[PREMIUM]","[PREMIUM]","[PREMIUM]","[PREMIUM]",false,true,"69d01296dbd7efa2ae706f05","['652eb5ca374460fe1c2bf916']","[PREMIUM]","[PREMIUM]"
"698d545279f79b67c00d33cf","2026-04-04 12:01:45.453","2026-04-18 17:32:30.351","698d545279f79b67c00d33cf","UpDating","comedy","2026-04-18 20:00:00","2026-04-19 02:00:00","2026-04-19 02:00:00",false,false,false,"[PREMIUM]","[PREMIUM]","[PREMIUM]","[PREMIUM]","[PREMIUM]","[PREMIUM]",false,true,"69d0413fdca705abb79b9f4b","['6793fa3b163a99a8ce496389']","[PREMIUM]","[PREMIUM]"
"69278364ea4297b8774bba3f","2026-04-04 12:01:45.453","2026-04-18 17:32:30.351","69278364ea4297b8774bba3f","Cirque Du Soleil Echo","theater","2026-04-19 13:00:00","2026-04-19 18:00:00","2026-04-19 18:00:00",false,false,false,"[PREMIUM]","[PREMIUM]","[PREMIUM]","[PREMIUM]","[PREMIUM]","[PREMIUM]",false,true,"69cfff095e4e42926dad5978","['66e8ac0980a0445148be911b']","[PREMIUM]","[PREMIUM]"
"692783642270cd2118a807bb","2026-04-04 12:01:45.453","2026-04-18 17:32:15.826","692783642270cd2118a807bb","Cirque Du Soleil Echo","theater","2026-04-18 19:00:00","2026-04-19 00:00:00","2026-04-19 00:00:00",false,false,false,"[PREMIUM]","[PREMIUM]","[PREMIUM]","[PREMIUM]","[PREMIUM]","[PREMIUM]",false,true,"69cfff095e4e42926dad5978","['66e8ac0980a0445148be911b']","[PREMIUM]","[PREMIUM]"
"690cec9979ecc8af2db4c1b3","2026-04-04 12:01:45.453","2026-04-18 17:32:15.826","690cec9979ecc8af2db4c1b3","Michael Carbonaro: Wonderboy","comedy","2026-04-18 19:00:00","2026-04-18 23:00:00","2026-04-19 00:00:00",false,false,false,"[PREMIUM]","[PREMIUM]","[PREMIUM]","[PREMIUM]","[PREMIUM]","[PREMIUM]",false,true,"69cffd6c845fab1f04dffb02","['59d807bd25f2c514bb1d2240']","[PREMIUM]","[PREMIUM]"
"68c90580d88b049db7c8e976","2026-04-04 12:01:45.453","2026-04-18 17:32:30.351","68c90580d88b049db7c8e976","Shrek - The Musical","theater","2026-04-19 14:00:00","2026-04-19 21:00:00","2026-04-19 21:00:00",false,false,false,"[PREMIUM]","[PREMIUM]","[PREMIUM]","[PREMIUM]","[PREMIUM]","[PREMIUM]",false,true,"69d044bc30837ee70ec86ffe","['652eb95c24a6b867fca918e9']","[PREMIUM]","[PREMIUM]"
"6880f4fc0de6df29812f6aa6","2026-04-04 12:01:45.453","2026-04-18 17:32:15.826","6880f4fc0de6df29812f6aa6","St Louis Symphony - Mysticism and Wonder","theater","2026-04-18 19:30:00","2026-04-19 00:30:00","2026-04-19 00:30:00",false,false,false,"[PREMIUM]","[PREMIUM]","[PREMIUM]","[PREMIUM]","[PREMIUM]","[PREMIUM]",false,true,"69d01296dbd7efa2ae706f05","['652eb5ca374460fe1c2bf916']","[PREMIUM]","[PREMIUM]"
"691e43d6a7aaf51b32e96483","2026-04-04 12:01:18.834","2026-04-17 12:34:50.735","691e43d6a7aaf51b32e96483","Wolves of Glendale","music","2026-04-17 20:00:00","2026-04-18 01:00:00","2026-04-18 01:00:00",false,false,false,"[PREMIUM]","[PREMIUM]","[PREMIUM]","[PREMIUM]","[PREMIUM]","[PREMIUM]",false,true,"69d026cf24f8d4f84ffa64cd","['6682ccd45054da18a5da6b75']","[PREMIUM]","[PREMIUM]"
"6927836319b8f53a99c0cf99","2026-04-04 12:01:18.834","2026-04-17 12:35:05.884","6927836319b8f53a99c0cf99","Cirque du Soleil Echo","theater","2026-04-18 12:00:00","2026-04-18 17:00:00","2026-04-18 17:00:00",false,false,false,"[PREMIUM]","[PREMIUM]","[PREMIUM]","[PREMIUM]","[PREMIUM]","[PREMIUM]",false,true,"69cfff095e4e42926dad5978","['66e8ac0980a0445148be911b']","[PREMIUM]","[PREMIUM]"
"6927836319b8f53a99c0cf98","2026-04-04 12:01:18.834","2026-04-18 17:32:15.826","6927836319b8f53a99c0cf98","Cirque du Soleil Echo","theater","2026-04-18 15:30:00","2026-04-18 20:30:00","2026-04-18 20:30:00",false,false,false,"[PREMIUM]","[PREMIUM]","[PREMIUM]","[PREMIUM]","[PREMIUM]","[PREMIUM]",false,true,"69cfff095e4e42926dad5978","['66e8ac0980a0445148be911b']","[PREMIUM]","[PREMIUM]"
"69d0278150410319c765f6f3","2026-04-04 12:01:18.834","2026-04-17 12:35:05.884","69d0278150410319c765f6f3","Legally Blonde","theater","2026-04-18 13:00:00","2026-04-18 17:00:00","2026-04-18 17:00:00",false,false,false,"[PREMIUM]","[PREMIUM]","[PREMIUM]","[PREMIUM]","[PREMIUM]","[PREMIUM]",false,true,"68474b07f77b354c6789345d","['67f95ce4017a3cc9ca100362']","[PREMIUM]","[PREMIUM]"
"6915d58460edbb9f54da609c","2026-04-04 12:00:46.218","2026-04-17 12:34:50.735","6915d58460edbb9f54da609c","Dan Soder","comedy","2026-04-17 19:00:00","2026-04-17 23:00:00","2026-04-18 00:30:00",false,false,false,"[PREMIUM]","[PREMIUM]","[PREMIUM]","[PREMIUM]","[PREMIUM]","[PREMIUM]",false,true,"69cffd6c845fab1f04dffb02","['637808f454f07800013bcded']","[PREMIUM]","[PREMIUM]"
"6927836647c1f3cf237bd5d5","2026-04-04 12:00:46.218","2026-04-16 09:00:26.388","6927836647c1f3cf237bd5d5","Cirque du Soleil Echo","theater","2026-04-16 19:00:00","2026-04-17 00:00:00","2026-04-17 00:00:00",false,false,false,"[PREMIUM]","[PREMIUM]","[PREMIUM]","[PREMIUM]","[PREMIUM]","[PREMIUM]",false,true,"69cfff095e4e42926dad5978","['66e8ac0980a0445148be911b']","[PREMIUM]","[PREMIUM]"
"692783642270cd2118a807bd","2026-04-04 12:00:46.218","2026-04-17 12:34:50.735","692783642270cd2118a807bd","Cirque du Soleil Echo","theater","2026-04-17 19:00:00","2026-04-18 00:00:00","2026-04-18 00:00:00",false,false,false,"[PREMIUM]","[PREMIUM]","[PREMIUM]","[PREMIUM]","[PREMIUM]","[PREMIUM]",false,true,"69cfff095e4e42926dad5978","['66e8ac0980a0445148be911b']","[PREMIUM]","[PREMIUM]"
"69d004c7594751fe4f1bd4a4","2026-04-04 12:00:46.218","2026-04-16 09:00:26.388","69d004c7594751fe4f1bd4a4","Battle of the Bands","music","2026-04-16 19:00:00","2026-04-17 02:00:00","2026-04-17 03:30:00",false,false,false,"[PREMIUM]","[PREMIUM]","[PREMIUM]","[PREMIUM]","[PREMIUM]","[PREMIUM]",false,false,"57bf665ff80c4103a4c914a1","['5d729098f324c000399287b0']","[PREMIUM]","[PREMIUM]"
"69d00bc820fb4988cad0d8c7","2026-04-04 12:00:46.218","2026-04-16 09:00:26.388","69d00bc820fb4988cad0d8c7","Quinn XCII","music","2026-04-16 20:00:00","2026-04-17 00:00:00","2026-04-17 01:00:00",false,false,false,"[PREMIUM]","[PREMIUM]","[PREMIUM]","[PREMIUM]","[PREMIUM]","[PREMIUM]",false,false,"57bf665ff80c4103a4c914a2","['597118a325f2c51e0bbc09d5']","[PREMIUM]","[PREMIUM]"
"69d02781c8aa3431a467f28b","2026-04-04 12:00:46.218","2026-04-17 12:34:50.735","69d02781c8aa3431a467f28b","Legally Blonde","theater","2026-04-17 19:00:00","2026-04-17 23:00:00","2026-04-17 23:00:00",false,false,false,"[PREMIUM]","[PREMIUM]","[PREMIUM]","[PREMIUM]","[PREMIUM]","[PREMIUM]",false,true,"68474b07f77b354c6789345d","['67f95ce4017a3cc9ca100362']","[PREMIUM]","[PREMIUM]"
"69d0442286013183eab5c2fb","2026-04-04 12:00:46.218","2026-04-16 09:00:26.388","69d0442286013183eab5c2fb","Afroman","music","2026-04-16 19:00:00","2026-04-17 02:00:00","2026-04-17 02:00:00",false,false,false,"[PREMIUM]","[PREMIUM]","[PREMIUM]","[PREMIUM]","[PREMIUM]","[PREMIUM]",false,true,"67e3124aad10474862d4a175","['66708352a70705f50f8e7b24']","[PREMIUM]","[PREMIUM]"
"692783659586b57d52a67235","2026-04-04 12:00:23.960","2026-04-14 00:42:20.734","692783659586b57d52a67235","Cirque Du Soleil Echo","theater","2026-04-15 19:00:00","2026-04-16 00:00:00","2026-04-16 00:00:00",false,false,false,"[PREMIUM]","[PREMIUM]","[PREMIUM]","[PREMIUM]","[PREMIUM]","[PREMIUM]",false,true,"69cfff095e4e42926dad5978","['66e8ac0980a0445148be911b']","[PREMIUM]","[PREMIUM]"
"69ced10934830f2c4a849547","2026-04-04 12:00:23.960","2026-04-15 04:37:24.115","69ced10934830f2c4a849547","US Open Cup Round of 32 - Phoenix Rising FC at San Jose Earthquakes","mls","2026-04-15 19:00:00","2026-04-16 02:00:00","2026-04-16 02:45:00",false,false,false,"[PREMIUM]","[PREMIUM]","[PREMIUM]","[PREMIUM]","[PREMIUM]","[PREMIUM]",true,false,"54b089da3bf3766905000001","['54de9b5764f9627a3a000006','5a94592425f2c54fdef92ec2','6615a6c7722c8ef3305d0720']","[PREMIUM]","[PREMIUM]"
"69cecef71f9f7bd5f5bdb0cb","2026-04-04 12:00:23.960","2026-04-14 00:42:20.734","69cecef71f9f7bd5f5bdb0cb","US Open Cup Round of 32 - Union Omaha at Colorado Rapids","mls","2026-04-14 19:30:00","2026-04-15 01:30:00","2026-04-15 02:15:00",false,false,false,"[PREMIUM]","[PREMIUM]","[PREMIUM]","[PREMIUM]","[PREMIUM]","[PREMIUM]",false,false,"53acb8a23bf3760237000007","['53acb8ae3bf3760237000015','62545f6189ae340001138e11']","[PREMIUM]","[PREMIUM]"
"69ceb9cd788adee1abb723b7","2026-04-04 12:00:23.960","2026-04-15 04:37:24.115","69ceb9cd788adee1abb723b7","US Open Cup Round of 32 - Columbus Crew at Richmond Kickers","usl","2026-04-15 19:30:00","2026-04-15 23:30:00","2026-04-16 01:00:00",false,false,false,"[PREMIUM]","[PREMIUM]","[PREMIUM]","[PREMIUM]","[PREMIUM]","[PREMIUM]",false,false,"64bb1475c53d3300011579bb","['5a946b0a4c97ef00127ecfb6','53c03a473bf37612c4000008','6615a6c7722c8ef3305d0720']","[PREMIUM]","[PREMIUM]"
"69ceb8eb02bd94470d3fcefd","2026-04-04 12:00:23.960","2026-04-15 04:37:24.115","69ceb8eb02bd94470d3fcefd","US Open Cup Round of 32 - Pittsburgh Riverhounds SC at New York Red Bulls","mls","2026-04-15 19:30:00","2026-04-15 23:30:00","2026-04-16 00:15:00",false,false,false,"[PREMIUM]","[PREMIUM]","[PREMIUM]","[PREMIUM]","[PREMIUM]","[PREMIUM]",true,false,"538794ad21efd360b1000004","['539619573bf37601f6000019','5a946c292f2bf70013c558c7','6615a6c7722c8ef3305d0720']","[PREMIUM]","[PREMIUM]"
"69ceb8a469a019862445e85e","2026-04-04 12:00:23.960","2026-04-15 04:37:24.115","69ceb8a469a019862445e85e","US Open Cup Round of 32 - Charlotte Independence at Charlotte FC","mls","2026-04-15 19:30:00","2026-04-15 23:30:00","2026-04-16 01:00:00",false,false,false,"[PREMIUM]","[PREMIUM]","[PREMIUM]","[PREMIUM]","[PREMIUM]","[PREMIUM]",false,false,"5d07f7ebdaa171001876e16f","['6196de818ec6a50001dfc08b','592f25a025f2c55561ccb6e3','6615a6c7722c8ef3305d0720']","[PREMIUM]","[PREMIUM]"
"69ceb5aec92f319280e864b3","2026-04-04 12:00:23.960","2026-04-14 00:42:20.734","69ceb5aec92f319280e864b3","US Open Cup Round of 32 - Chicago Fire at Detroit City FC","usl","2026-04-14 19:30:00","2026-04-14 23:30:00","2026-04-15 01:00:00",false,false,false,"[PREMIUM]","[PREMIUM]","[PREMIUM]","[PREMIUM]","[PREMIUM]","[PREMIUM]",true,false,"61f863e7ed1c1600010f57b6","['61df5342234fdb0001b18aed','539619573bf37601f6000017','6615a6c7722c8ef3305d0720']","[PREMIUM]","[PREMIUM]"
"69ceb59b788adee1abb7209f","2026-04-04 12:00:23.960","2026-04-15 04:37:24.115","69ceb59b788adee1abb7209f","US Open Cup Round of 32 - El Paso Locomotive at Houston Dynamo","mls","2026-04-15 19:00:00","2026-04-16 00:00:00","2026-04-16 00:45:00",false,false,false,"[PREMIUM]","[PREMIUM]","[PREMIUM]","[PREMIUM]","[PREMIUM]","[PREMIUM]",true,false,"53beec013bf376503f000003","['53beec0d3bf376503f000009','5c9029fc1c9b2c0018230e2a','6615a6c7722c8ef3305d0720']","[PREMIUM]","[PREMIUM]"
"6880f4fc280dc10129ee73cd","2026-04-04 12:00:23.960","2026-04-15 04:37:24.115","6880f4fc280dc10129ee73cd","St Louis Symphony - Tower of Power","theater","2026-04-15 19:30:00","2026-04-16 00:30:00","2026-04-16 00:30:00",false,false,false,"[PREMIUM]","[PREMIUM]","[PREMIUM]","[PREMIUM]","[PREMIUM]","[PREMIUM]",false,true,"69d01296dbd7efa2ae706f05","['652eb5ca374460fe1c2bf916']","[PREMIUM]","[PREMIUM]"
"691480cc7feddb20fde1152d","2026-04-04 12:00:23.960","2026-04-16 09:00:26.388","691480cc7feddb20fde1152d","Black Flag","music","2026-04-16 19:00:00","2026-04-17 01:00:00","2026-04-17 02:30:00",false,false,false,"[PREMIUM]","[PREMIUM]","[PREMIUM]","[PREMIUM]","[PREMIUM]","[PREMIUM]",false,true,"69d0253a76ba681c92e89b28","['5c8ff82f1c9b2c0018230e23']","[PREMIUM]","[PREMIUM]"
"69ceb42369a019862445e4c2","2026-04-04 12:00:23.960","2026-04-14 00:42:20.734","69ceb42369a019862445e4c2","US Open Cup Round of 32 - New York City FC at Westchester SC","usl","2026-04-14 19:30:00","2026-04-14 23:30:00","2026-04-14 23:30:00",false,false,false,"[PREMIUM]","[PREMIUM]","[PREMIUM]","[PREMIUM]","[PREMIUM]","[PREMIUM]",false,true,"69cfe1c31d042e480bf91cad","['676b09ef91e572c35fc3a048','54d411ec64f96206c6000002','6615a6c7722c8ef3305d0720']","[PREMIUM]","[PREMIUM]"
"69ceb3b902bd94470d3fcab7","2026-04-04 12:00:23.960","2026-04-15 04:37:24.115","69ceb3b902bd94470d3fcab7","US Open Cup Round of 32 - Atlanta United at Chattanooga FC","mils","2026-04-15 19:30:00","2026-04-15 23:30:00","2026-04-15 23:30:00",false,false,false,"[PREMIUM]","[PREMIUM]","[PREMIUM]","[PREMIUM]","[PREMIUM]","[PREMIUM]",false,true,"69726b4e4e4fb730c101dbaa","['65fdae2791c70456413be2d9','5876a270f80c416b93eed779','6615a6c7722c8ef3305d0720']","[PREMIUM]","[PREMIUM]"
"69718b99be133370aa2153a1","2026-04-04 12:00:23.960","2026-04-14 00:42:20.734","69718b99be133370aa2153a1","Billie Marten","music","2026-04-14 20:00:00","2026-04-15 01:00:00","2026-04-15 02:30:00",false,false,false,"[PREMIUM]","[PREMIUM]","[PREMIUM]","[PREMIUM]","[PREMIUM]","[PREMIUM]",false,true,"69d026cf24f8d4f84ffa64cd","['620d842a5d7bf80001899dc9']","[PREMIUM]","[PREMIUM]"
"693326abb411e556be759319","2026-04-04 12:00:23.960","2026-04-14 00:42:20.734","693326abb411e556be759319","Queen - It's a Kinda Magic","music","2026-04-14 20:00:00","2026-04-15 00:00:00","2026-04-15 01:00:00",false,false,false,"[PREMIUM]","[PREMIUM]","[PREMIUM]","[PREMIUM]","[PREMIUM]","[PREMIUM]",false,true,"69d0429c9e2b7290dbb148c7","['588fda3cf80c415143de9793']","[PREMIUM]","[PREMIUM]"
"69cfb38f78895fac6fbb5522","2026-04-04 12:00:23.960","2026-04-14 00:42:20.734","69cfb38f78895fac6fbb5522","Tonight At the Improv","comedy","2026-04-14 21:30:00","2026-04-15 04:30:00","2026-04-15 04:30:00",false,false,false,"[PREMIUM]","[PREMIUM]","[PREMIUM]","[PREMIUM]","[PREMIUM]","[PREMIUM]",false,false,"61c39b25ad04e000018c24ae","['661749b5fcc53ff64e381858']","[PREMIUM]","[PREMIUM]"
"69d00ab99e2b7290dbb12e57","2026-04-04 12:00:23.960","2026-04-14 00:42:20.734","69d00ab99e2b7290dbb12e57","Quinn XCII","music","2026-04-14 21:00:00","2026-04-15 01:00:00","2026-04-15 02:00:00",false,false,false,"[PREMIUM]","[PREMIUM]","[PREMIUM]","[PREMIUM]","[PREMIUM]","[PREMIUM]",false,false,"57eade5ecde6626ebe3ba5e8","['597118a325f2c51e0bbc09d5']","[PREMIUM]","[PREMIUM]"
"69d0253e81b99013329e3da2","2026-04-04 12:00:23.960","2026-04-15 04:37:24.115","69d0253e81b99013329e3da2","Quinn XCII","music","2026-04-15 21:00:00","2026-04-16 01:00:00","2026-04-16 02:00:00",false,false,false,"[PREMIUM]","[PREMIUM]","[PREMIUM]","[PREMIUM]","[PREMIUM]","[PREMIUM]",false,true,"5a949e52ccb7ce0014f785b7","['597118a325f2c51e0bbc09d5']","[PREMIUM]","[PREMIUM]"
"69ced14122be820f7abe01a1","2026-04-04 12:00:00.666","2026-04-14 00:42:20.734","69ced14122be820f7abe01a1","US Open Cup Round of 32 - Minnesota United at Sacramento Republic FC","usl","2026-04-14 19:00:00","2026-04-15 02:00:00","2026-04-15 03:30:00",false,false,false,"[PREMIUM]","[PREMIUM]","[PREMIUM]","[PREMIUM]","[PREMIUM]","[PREMIUM]",false,false,"556dc83ad01e657b96000002","['556dc83e4678da5834000002','587f28d2f80c4102e8040c0f','6615a6c7722c8ef3305d0720']","[PREMIUM]","[PREMIUM]"
"699fcfe9d79cffe1521768a2","2026-04-04 12:00:00.666","2026-04-14 00:42:20.734","699fcfe9d79cffe1521768a2","Sun O)))","music","2026-04-13 20:00:00","2026-04-14 00:00:00","2026-04-14 01:30:00",false,false,false,"[PREMIUM]","[PREMIUM]","[PREMIUM]","[PREMIUM]","[PREMIUM]","[PREMIUM]",false,true,"69d021ef9e2b7290dbb13aff","['63584bcd625e6a00017bde88']","[PREMIUM]","[PREMIUM]"
"69cecef1eecde848e54d999b","2026-04-04 12:00:00.666","2026-04-14 00:42:20.734","69cecef1eecde848e54d999b","US Open Cup Round of 32 - Sporting Kansas City at Colorado Springs Switchbacks FC","usl","2026-04-14 18:00:00","2026-04-15 00:00:00","2026-04-15 01:30:00",false,false,false,"[PREMIUM]","[PREMIUM]","[PREMIUM]","[PREMIUM]","[PREMIUM]","[PREMIUM]",true,false,"61ef27ca5a268300013f7672","['5a946fdd2f2bf70013c558c9','53c03a473bf37612c400000a']","[PREMIUM]","[PREMIUM]"
"6927836319b8f53a99c0cf97","2026-04-04 12:00:00.666","2026-04-12 18:10:12.956","6927836319b8f53a99c0cf97","Cirque du Soleil Echo","theater","2026-04-12 16:30:00","2026-04-12 21:30:00","2026-04-12 21:30:00",false,false,false,"[PREMIUM]","[PREMIUM]","[PREMIUM]","[PREMIUM]","[PREMIUM]","[PREMIUM]",false,true,"69cfff095e4e42926dad5978","['66e8ac0980a0445148be911b']","[PREMIUM]","[PREMIUM]"
"6880f4fc1d89f326c2ee2c20","2026-04-04 12:00:00.666","2026-04-12 18:10:12.956","6880f4fc1d89f326c2ee2c20","St Louis Symphony - Mahlers Fifth","theater","2026-04-12 15:00:00","2026-04-12 20:00:00","2026-04-12 20:00:00",false,false,false,"[PREMIUM]","[PREMIUM]","[PREMIUM]","[PREMIUM]","[PREMIUM]","[PREMIUM]",false,true,"69d01296dbd7efa2ae706f05","['652eb5ca374460fe1c2bf916']","[PREMIUM]","[PREMIUM]"
"69ceb576eecde848e54d898e","2026-04-04 12:00:00.666","2026-04-14 00:42:20.734","69ceb576eecde848e54d898e","US Open Cup Round of 32 - Austin FC at Louisville City FC","usl","2026-04-14 19:00:00","2026-04-14 23:00:00","2026-04-15 00:30:00",false,false,false,"[PREMIUM]","[PREMIUM]","[PREMIUM]","[PREMIUM]","[PREMIUM]","[PREMIUM]",true,false,"6192fe2db1cf980001d914ab","['592f1e4f25f2c51a7397b400','60787124a9130d00012bd1c1','6615a6c7722c8ef3305d0720']","[PREMIUM]","[PREMIUM]"
"69c1a254c66e1a41166dfc77","2026-04-04 12:00:00.666","2026-04-12 18:10:12.956","69c1a254c66e1a41166dfc77","TBD at Windsor Spitfires (Rescheduled from 4/13/26)","echl","2026-04-12 16:05:00","2026-04-12 20:05:00","2026-04-12 20:05:00",false,false,false,"[PREMIUM]","[PREMIUM]","[PREMIUM]","[PREMIUM]","[PREMIUM]","[PREMIUM]",false,true,"69c45f97e980968c8e5e13fc","['65523b8fc76c5b8d10cb3dca','65523e29d2efabf7d021ad29']","[PREMIUM]","[PREMIUM]"
"67f95fefa65fa25451ee8fb5","2026-04-04 11:59:52.652","2026-04-12 18:10:12.956","67f95fefa65fa25451ee8fb5","2026 Country Thunder Arizona - Sunday (Brooks and Dunn)","music","2026-04-12 12:00:00","2026-04-12 19:00:00","2026-04-12 22:00:00",false,false,false,"[PREMIUM]","[PREMIUM]","[PREMIUM]","[PREMIUM]","[PREMIUM]","[PREMIUM]",false,true,"69d000d9a85fd6fbee9edb7c","['61b78a5b48030d0001c67941','5e20aa979f9ec4003c373787']","[PREMIUM]","[PREMIUM]"
"6927836341abedc2fc6fdfa8","2026-04-04 11:59:52.652","2026-04-11 12:24:11.955","6927836341abedc2fc6fdfa8","Cirque du Soleil Echo","theater","2026-04-11 19:00:00","2026-04-12 00:00:00","2026-04-12 00:00:00",false,false,false,"[PREMIUM]","[PREMIUM]","[PREMIUM]","[PREMIUM]","[PREMIUM]","[PREMIUM]",false,true,"69cfff095e4e42926dad5978","['66e8ac0980a0445148be911b']","[PREMIUM]","[PREMIUM]"
"6930a9cc051595248f833fad","2026-04-04 11:59:52.652","2026-04-11 12:24:29.293","6930a9cc051595248f833fad","Vir Das","comedy","2026-04-11 20:00:00","2026-04-12 00:00:00","2026-04-12 01:30:00",false,false,false,"[PREMIUM]","[PREMIUM]","[PREMIUM]","[PREMIUM]","[PREMIUM]","[PREMIUM]",false,true,"69cffd6c845fab1f04dffb02","['61b3e1ba645181000192a463']","[PREMIUM]","[PREMIUM]"
"6880f4fb05fb25e4529cd42e","2026-04-04 11:59:52.652","2026-04-11 12:24:11.955","6880f4fb05fb25e4529cd42e","St Louis Symphony - Mahlers Fifth","theater","2026-04-11 19:30:00","2026-04-12 00:30:00","2026-04-12 00:30:00",false,false,false,"[PREMIUM]","[PREMIUM]","[PREMIUM]","[PREMIUM]","[PREMIUM]","[PREMIUM]",false,true,"69d01296dbd7efa2ae706f05","['652eb5ca374460fe1c2bf916']","[PREMIUM]","[PREMIUM]"
"6927836313272883b8983dba","2026-04-04 11:59:52.652","2026-04-11 12:24:29.293","6927836313272883b8983dba","Cirque du Soleil Echo","theater","2026-04-12 13:00:00","2026-04-12 18:00:00","2026-04-12 18:00:00",false,false,false,"[PREMIUM]","[PREMIUM]","[PREMIUM]","[PREMIUM]","[PREMIUM]","[PREMIUM]",false,true,"69cfff095e4e42926dad5978","['66e8ac0980a0445148be911b']","[PREMIUM]","[PREMIUM]"
"69278365661c08081a7aaae4","2026-04-04 11:59:43.781","2026-04-11 12:24:11.955","69278365661c08081a7aaae4","Cirque du Soleil Echo","theater","2026-04-11 15:30:00","2026-04-11 20:30:00","2026-04-11 20:30:00",false,false,false,"[PREMIUM]","[PREMIUM]","[PREMIUM]","[PREMIUM]","[PREMIUM]","[PREMIUM]",false,true,"69cfff095e4e42926dad5978","['66e8ac0980a0445148be911b']","[PREMIUM]","[PREMIUM]"
"699a33bd15e13cab1a9881ce","2026-04-04 11:59:43.781","2026-04-10 08:01:33.050","699a33bd15e13cab1a9881ce","Black Flag","music","2026-04-10 20:00:00","2026-04-11 02:00:00","2026-04-11 03:30:00",false,false,false,"[PREMIUM]","[PREMIUM]","[PREMIUM]","[PREMIUM]","[PREMIUM]","[PREMIUM]",false,true,"69d0253a76ba681c92e89b28","['5c8ff82f1c9b2c0018230e23']","[PREMIUM]","[PREMIUM]"
"67f95fe98e4fe14ebcfb2564","2026-04-04 11:59:43.781","2026-04-11 12:24:11.955","67f95fe98e4fe14ebcfb2564","2026 Country Thunder Arizona - Saturday (Zach Top)","music","2026-04-11 12:00:00","2026-04-11 19:00:00","2026-04-11 22:00:00",false,false,false,"[PREMIUM]","[PREMIUM]","[PREMIUM]","[PREMIUM]","[PREMIUM]","[PREMIUM]",false,true,"69d000d9a85fd6fbee9edb7c","['61b78a5b48030d0001c67941','66981a13328a8fec39b90cd2']","[PREMIUM]","[PREMIUM]"
"69cf5ece8b6c148251e07469","2026-04-04 11:59:43.781","2026-04-10 08:01:33.050","69cf5ece8b6c148251e07469","Debi Tirar Mas Fiestas (18+ Event)","music","2026-04-10 21:00:00","2026-04-11 01:00:00","2026-04-11 01:00:00",false,false,false,"[PREMIUM]","[PREMIUM]","[PREMIUM]","[PREMIUM]","[PREMIUM]","[PREMIUM]",false,false,"61d4d8d9f3968300016477cf","['67900dc3344906932dcc7aa3']","[PREMIUM]","[PREMIUM]"
"69d02064c50b7af54bd3ac2f","2026-04-04 11:59:43.781","2026-04-10 08:01:40.612","69d02064c50b7af54bd3ac2f","DJ Lex","music","2026-04-10 22:00:00","2026-04-11 03:00:00","2026-04-11 03:00:00",false,false,false,"[PREMIUM]","[PREMIUM]","[PREMIUM]","[PREMIUM]","[PREMIUM]","[PREMIUM]",false,true,"5a453543cdbe230011e20667","['68c337a8bb6915759bbac0e1']","[PREMIUM]","[PREMIUM]"
"691dbdf84f7e31ad7262d833","2026-04-04 11:59:27.652","2026-04-10 08:01:33.050","691dbdf84f7e31ad7262d833","Here Come the Mummies","music","2026-04-10 19:30:00","2026-04-10 23:30:00","2026-04-11 01:00:00",false,false,false,"[PREMIUM]","[PREMIUM]","[PREMIUM]","[PREMIUM]","[PREMIUM]","[PREMIUM]",false,true,"69d00b35b6cb53c13591a159","['5d77e025b479030039b65746']","[PREMIUM]","[PREMIUM]"
"6880f4fb4dc1a727ec0b2370","2026-04-04 11:59:27.652","2026-04-10 08:01:33.050","6880f4fb4dc1a727ec0b2370","St Louis Symphony - Mahlers Fifth","theater","2026-04-10 19:30:00","2026-04-11 00:30:00","2026-04-11 00:30:00",false,false,false,"[PREMIUM]","[PREMIUM]","[PREMIUM]","[PREMIUM]","[PREMIUM]","[PREMIUM]",false,true,"69d01296dbd7efa2ae706f05","['652eb5ca374460fe1c2bf916']","[PREMIUM]","[PREMIUM]"
"6849cf582bad9e0f50df0109","2026-04-04 11:59:27.652","2026-04-10 08:01:33.050","6849cf582bad9e0f50df0109","Mark Chesnutt (Rescheduled from 10/23/2025)","music","2026-04-10 19:30:00","2026-04-10 23:30:00","2026-04-10 23:30:00",false,false,false,"[PREMIUM]","[PREMIUM]","[PREMIUM]","[PREMIUM]","[PREMIUM]","[PREMIUM]",false,true,"67e3124d8d77898b41c1a463","['665f6f79482ebfcf8498982f']","[PREMIUM]","[PREMIUM]"
"69278365ff224e8bcf7c5d30","2026-04-04 11:59:27.652","2026-04-09 03:53:21.902","69278365ff224e8bcf7c5d30","Cirque Du Soleil Echo","theater","2026-04-09 19:30:00","2026-04-10 00:30:00","2026-04-10 00:30:00",false,false,false,"[PREMIUM]","[PREMIUM]","[PREMIUM]","[PREMIUM]","[PREMIUM]","[PREMIUM]",false,true,"69cfff095e4e42926dad5978","['66e8ac0980a0445148be911b']","[PREMIUM]","[PREMIUM]"
"6927836541abedc2fc6fdfa9","2026-04-04 11:59:27.652","2026-04-10 08:01:33.050","6927836541abedc2fc6fdfa9","Cirque Du Soleil Echo","theater","2026-04-10 19:00:00","2026-04-11 00:00:00","2026-04-11 00:00:00",false,false,false,"[PREMIUM]","[PREMIUM]","[PREMIUM]","[PREMIUM]","[PREMIUM]","[PREMIUM]",false,true,"69cfff095e4e42926dad5978","['66e8ac0980a0445148be911b']","[PREMIUM]","[PREMIUM]"
"67f95feacfaa1119afec0da3","2026-04-04 11:59:27.652","2026-04-10 08:01:33.050","67f95feacfaa1119afec0da3","2026 Country Thunder Arizona - Friday (Lainey Wilson)","music","2026-04-10 12:00:00","2026-04-10 19:00:00","2026-04-10 22:00:00",false,false,false,"[PREMIUM]","[PREMIUM]","[PREMIUM]","[PREMIUM]","[PREMIUM]","[PREMIUM]",false,true,"69d000d9a85fd6fbee9edb7c","['61b78a5b48030d0001c67941','636012253b1f1400014956e3']","[PREMIUM]","[PREMIUM]"
"69963d0f55ed566acc780089","2026-04-04 11:59:07.435","2026-04-09 03:53:21.902","69963d0f55ed566acc780089","2026 Country Thunder Arizona - Thursday (Gavin Adcock)","music","2026-04-09 12:00:00","2026-04-09 19:00:00","2026-04-09 22:00:00",false,false,false,"[PREMIUM]","[PREMIUM]","[PREMIUM]","[PREMIUM]","[PREMIUM]","[PREMIUM]",false,true,"69d000d9a85fd6fbee9edb7c","['61b78a5b48030d0001c67941','65a959fd511ed387961d8b40']","[PREMIUM]","[PREMIUM]"
"6952cc47e6ba2671033eede6","2026-04-04 11:59:07.435","2026-04-09 03:53:21.902","6952cc47e6ba2671033eede6","Sarasota Paradise at Westchester SC","usl","2026-04-08 23:59:00","2026-04-09 03:59:00","2026-04-09 03:59:00",false,true,false,"[PREMIUM]","[PREMIUM]","[PREMIUM]","[PREMIUM]","[PREMIUM]","[PREMIUM]",false,true,"69cfe1c31d042e480bf91cad","['676b09ef91e572c35fc3a048','69447ae0467f55d0c18aea78']","[PREMIUM]","[PREMIUM]"
"691798b33fcd512fd3c2ddd3","2026-04-04 11:59:07.435","2026-04-09 03:53:21.902","691798b33fcd512fd3c2ddd3","Colin Mochrie","comedy","2026-04-09 19:00:00","2026-04-09 23:00:00","2026-04-10 00:30:00",false,false,false,"[PREMIUM]","[PREMIUM]","[PREMIUM]","[PREMIUM]","[PREMIUM]","[PREMIUM]",false,true,"69cffd6c845fab1f04dffb02","['5dbc9f5803be540038bb42f6']","[PREMIUM]","[PREMIUM]"
"68f95a9d26a2501c5d904f1c","2026-04-04 11:59:07.435","2026-04-09 03:53:21.902","68f95a9d26a2501c5d904f1c","Stavros Halkias","comedy","2026-04-09 19:00:00","2026-04-09 23:00:00","2026-04-10 00:30:00",false,false,false,"[PREMIUM]","[PREMIUM]","[PREMIUM]","[PREMIUM]","[PREMIUM]","[PREMIUM]",false,true,"69d03e78dbd7efa2ae708352","['6351bd8de393ea000100c751']","[PREMIUM]","[PREMIUM]"
"67f96239239f4e6819d3a93a","2026-04-04 11:59:07.435","2026-04-09 03:53:21.902","67f96239239f4e6819d3a93a","2026 Country Thunder Arizona - 4 Day Pass (4/9 - 4/12) (Gavin Adcock, Lainey Wilson, Zach Top, Brooks and Dunn)","music","2026-04-09 10:59:00","2026-04-09 17:59:00","2026-04-09 20:59:00",false,false,false,"[PREMIUM]","[PREMIUM]","[PREMIUM]","[PREMIUM]","[PREMIUM]","[PREMIUM]",false,true,"69d000d9a85fd6fbee9edb7c","['61b78a5b48030d0001c67941','65a959fd511ed387961d8b40']","[PREMIUM]","[PREMIUM]"
"69d0433a860f17877a9ce6c5","2026-04-04 11:59:07.435","2026-04-08 00:03:35.589","69d0433a860f17877a9ce6c5","Afroman","music","2026-04-08 18:00:00","2026-04-08 22:00:00","2026-04-08 22:00:00",false,false,false,"[PREMIUM]","[PREMIUM]","[PREMIUM]","[PREMIUM]","[PREMIUM]","[PREMIUM]",false,true,"67e31246212b3c9fae47ad3d","['66708352a70705f50f8e7b24']","[PREMIUM]","[PREMIUM]"
"691b8b7ac1e08f1f61217ed4","2026-04-04 11:58:59.463","2026-04-05 16:17:08.650","691b8b7ac1e08f1f61217ed4","Perfume Genius (duo)","music","2026-04-06 00:00:00","2026-04-06 04:00:00","2026-04-06 05:30:00",false,true,false,"[PREMIUM]","[PREMIUM]","[PREMIUM]","[PREMIUM]","[PREMIUM]","[PREMIUM]",false,true,"69d021ef9e2b7290dbb13aff","['61958b5e13d0a0000113ced7']","[PREMIUM]","[PREMIUM]"
"6952cc479d1abc7ee22a8512","2026-04-04 11:58:59.463","2026-04-04 11:58:59.463","6952cc479d1abc7ee22a8512","Corpus Christi FC at Westchester SC","usl","2026-04-04 23:59:00","2026-04-05 03:59:00","2026-04-05 03:59:00",false,true,false,"[PREMIUM]","[PREMIUM]","[PREMIUM]","[PREMIUM]","[PREMIUM]","[PREMIUM]",false,true,"69cfe1c31d042e480bf91cad","['676b09ef91e572c35fc3a048','69441d2e033fe7e0ee990d61']","[PREMIUM]","[PREMIUM]"
"6949e96d6c89923a21e3d0bd","2026-04-04 11:58:48.459","2026-04-04 11:58:48.459","6949e96d6c89923a21e3d0bd","Depths of Wikipedia","talk","2026-04-04 19:00:00","2026-04-04 23:00:00","2026-04-04 23:00:00",false,false,false,"[PREMIUM]","[PREMIUM]","[PREMIUM]","[PREMIUM]","[PREMIUM]","[PREMIUM]",false,true,"69d021ef9e2b7290dbb13aff","['6966d67a59780209a231c217']","[PREMIUM]","[PREMIUM]"
"6941a75bc37bf3f207cfccf1","2026-04-04 11:58:48.459","2026-04-04 11:58:48.459","6941a75bc37bf3f207cfccf1","Ryan Caraveo","music","2026-04-04 20:00:00","2026-04-05 01:00:00","2026-04-05 02:00:00",false,false,false,"[PREMIUM]","[PREMIUM]","[PREMIUM]","[PREMIUM]","[PREMIUM]","[PREMIUM]",false,true,"69d026cf24f8d4f84ffa64cd","['5a611a5925f2c558ebe0da18']","[PREMIUM]","[PREMIUM]"
